sdate,line_t,line_tmq,line_tvza,line_tvaa,line_tm2,line_QFDNB,line_tm_buf
735235,152,0,619,10064,1,0,1
735236,374,0,3364,9787,1,0,1
735237,273,0,5244,9475,1,0,1
735238,308,0,5036,-7186,1,0,1
735239,283,0,3150,-7454,1,0,1
735240,104,0,395,-8123,1,0,1
735241,78,0,2550,9838,1,0,1
735242,177,0,4712,9585,1,0,1
735243,92,0,5496,-7114,1,0,1
735244,26,2,3867,-7370,1,0,1
735245,62,0,1378,-7661,1,0,1
735246,63,0,1638,9932,1,0,1
735247,93,0,4100,9634,1,0,1
735248,65535,255,5716,9387,0,0,0
735249,126,0,4488,-7306,1,0,1
735250,71,0,2304,-7527,1,0,1
735251,224,0,642,10010,1,0,1
735252,65535,255,3377,9776,0,0,0
735253,65535,255,5250,9463,0,0,0
735254,65535,255,5035,-7222,0,0,0
735255,308,0,3150,-7548,1,0,1
735256,65535,255,395,-7788,0,0,0
735257,87,0,2545,9789,1,0,1
735258,116,0,4709,9556,1,0,1
735259,214,0,5502,-7084,1,0,1
735260,250,0,3884,-7436,1,0,1
735261,65535,255,1405,-7779,0,0,0
735262,140,0,1605,10098,1,0,1
735263,65535,255,4077,9688,0,0,0
735264,71,0,5699,9351,1,0,1
735265,215,0,4511,-7258,1,0,1
735266,31,2,2340,-7648,1,0,1
735267,65535,255,604,9680,0,0,0
735268,586,2,3346,9734,1,0,1
735269,65535,255,5228,9447,0,0,0
735270,379,2,5053,-7216,1,0,1
735271,65535,255,3177,-7544,0,0,0
735272,133,0,435,-7863,1,0,1
735273,289,0,2505,9805,1,0,1
735274,65535,255,4683,9578,0,0,0
735275,133,0,5517,-7103,1,0,1
735276,201,0,3906,-7357,1,0,1
735277,88,0,1440,-7657,1,0,1
735278,353,0,1573,9937,1,0,1
735279,191,0,4051,9634,1,0,1
735280,190,0,5680,9391,1,0,1
735281,17,0,4532,-7328,1,0,1
735282,65535,255,2370,-7590,0,0,0
735283,343,0,562,10421,1,0,1
735284,211,0,3319,9719,1,0,1
735285,98,0,5209,9476,1,0,1
735286,122,0,5067,-7218,1,0,1
735287,312,0,3204,-7559,1,0,1
735288,88,0,471,-8067,1,0,1
735289,155,0,2480,9846,1,0,1
735290,133,0,4664,9587,1,0,1
735291,172,0,5530,-7108,1,0,1
735292,65535,255,3925,-7354,0,0,0
735293,65535,255,1468,-7633,0,0,0
735294,65535,255,1540,9877,0,0,0
735295,81,0,4025,9724,1,0,1
735296,273,0,5666,9371,1,0,1
735297,93,0,4549,-7294,1,0,1
735298,65535,255,2400,-7508,0,0,0
735299,182,0,527,9945,1,0,1
735300,90,0,3288,9788,1,0,1
735301,108,0,5193,9475,1,0,1
735302,138,0,5082,-7163,1,0,1
735303,333,0,3227,-7450,1,0,1
735304,65535,255,504,-7988,0,0,0
735305,75,0,2446,9888,1,0,1
735306,94,0,4645,9614,1,0,1
735307,143,0,5541,-7064,1,0,1
735308,65535,255,3948,-7410,0,0,0
735309,65535,255,1502,-7827,0,0,0
735310,96,0,1507,10116,1,0,1
735311,65535,255,4006,9698,0,0,0
735312,65535,255,5654,9365,0,0,0
735313,230,0,4566,-7291,1,0,1
735314,418,0,2424,-7531,1,0,1
735315,65535,255,498,10204,0,0,0
735316,158,0,3266,9838,1,0,1
735317,115,0,5180,9513,1,0,1
735318,136,0,5096,-7211,1,0,1
735319,143,0,3245,-7553,1,0,1
735320,65535,255,528,-8033,0,0,0
735321,102,0,2426,9865,1,0,1
735322,65535,255,4631,9618,0,0,0
735323,78,0,5550,-7075,1,0,1
735324,65535,255,3963,-7436,0,0,0
735325,65,0,1518,-7609,1,0,1
735326,118,0,1490,9922,1,0,1
735327,130,0,3995,9649,1,0,1
735328,0,0,0,0,0,0,0
735329,137,0,4576,-7276,1,0,1
735330,234,0,2440,-7518,1,0,1
735331,73,0,486,10210,1,0,1
735332,245,0,3257,9859,1,0,1
735333,65535,255,5172,9477,0,0,0
735334,266,0,5101,-7158,1,0,1
735335,108,0,3258,-7484,1,0,1
735336,159,0,540,-7721,1,0,1
735337,174,0,2416,9813,1,0,1
735338,65535,255,4624,9607,0,0,0
735339,175,0,5558,-7078,1,0,1
735340,65535,255,3966,-7347,0,0,0
735341,65535,255,1534,-7736,0,0,0
735342,65535,255,1479,10102,0,0,0
735343,84,0,3987,9724,1,0,1
735344,238,0,5643,9395,1,0,1
735345,184,0,4579,-7270,1,0,1
735346,146,0,2444,-7530,1,0,1
735347,90,0,481,10416,1,0,1
735348,110,0,3256,9755,1,0,1
735349,180,0,5173,9485,1,0,1
735350,152,0,5107,-7204,1,0,1
735351,65535,255,3258,-7428,0,0,0
735352,90,0,541,-7478,1,0,1
735353,50,2,2421,9801,1,0,1
735354,161,0,4627,9607,1,0,1
735355,65535,255,5558,-7087,0,0,0
735356,65535,255,3970,-7376,0,0,0
735357,170,0,1532,-7698,1,0,1
735358,321,0,1485,9924,1,0,1
735359,141,0,3994,9679,1,0,1
735360,65535,255,5647,9377,0,0,0
735361,253,0,4579,-7257,1,0,1
735362,65535,255,2439,-7531,0,0,0
735363,199,0,489,9532,1,0,1
735364,83,0,3261,9803,1,0,1
735365,123,0,5176,9526,1,0,1
735366,65535,255,5104,-7174,0,0,0
735367,112,0,3253,-7542,1,0,0
735368,65535,255,529,-7410,0,0,0
735369,76,0,2431,9813,1,0,1
735370,65535,255,4634,9631,0,0,0
735371,65535,255,5552,-7054,0,0,0
735372,65535,255,3962,-7437,0,0,0
735373,230,0,1518,-7738,1,0,1
735374,114,0,1501,9857,1,0,1
735375,114,0,4005,9678,1,0,1
735376,65535,255,5654,9389,0,0,0
735377,147,0,4569,-7284,1,0,1
735378,65535,255,2424,-7623,0,0,0
735379,65535,255,504,10208,0,0,0
735380,65535,255,3278,9763,0,0,0
735381,65535,255,5187,9513,0,0,0
735382,65535,255,5092,-7176,0,0,0
735383,65535,255,3235,-7421,0,0,0
735384,98,0,511,-7722,1,0,1
735385,112,0,2445,9915,1,0,1
735386,120,0,4647,9592,1,0,1
735387,108,0,6069,9280,1,0,1
735388,106,0,3944,-7432,1,0,1
735389,0,0,0,0,0,0,0
735390,65535,255,1523,9922,0,0,0
735391,65535,255,4020,9712,0,0,0
735392,65535,255,5664,9414,0,0,0
735393,65535,255,4555,-7330,0,0,0
735394,65535,255,2400,-7547,0,0,0
735395,65535,255,539,9888,0,0,0
735396,250,0,3301,9732,1,0,1
735397,65535,255,5201,9511,0,0,0
735398,90,0,6431,9172,1,0,1
735399,143,2,3213,-7442,1,0,1
735400,65535,255,476,-7994,0,0,0
735401,65535,255,2471,9921,0,0,0
735402,0,0,0,0,0,0,0
735403,65535,255,6078,9309,0,0,0
735404,65535,255,3921,-7384,0,0,0
735405,0,0,0,0,0,0,0
735406,65535,255,1556,9836,0,0,0
735407,65535,255,4044,9694,0,0,0
735408,124,0,5677,9411,1,0,0
735409,65535,255,4532,-7333,0,0,0
735410,65535,255,2365,-7563,0,0,0
735411,244,0,573,10072,1,0,1
735412,106,0,3329,9784,1,0,0
735413,65535,255,5219,9461,0,0,0
735414,82,0,6441,9200,1,0,1
735415,65535,255,3182,-7533,0,0,0
735416,65535,255,435,-7635,0,0,0
735417,86,0,2505,9933,1,0,1
735418,65535,255,4686,9620,0,0,0
735419,159,0,6093,9305,1,0,1
735420,135,0,3891,-7388,1,0,1
735421,65535,255,1418,-7682,0,0,0
735422,65535,255,1600,9917,0,0,0
735423,65535,255,4070,9726,0,0,0
735424,0,0,0,0,0,0,0
735425,65535,255,4505,-7288,0,0,0
735426,296,0,2331,-7689,1,0,1
735427,65535,255,620,9799,0,0,0
735428,65535,255,3360,9744,0,0,0
735429,65535,255,5240,9447,0,0,0
735430,65535,255,5033,-7215,0,0,0
735431,298,0,3146,-7528,1,0,1
735432,65535,255,395,-7455,0,0,0
735433,65535,255,2540,9904,0,0,0
735434,283,0,4703,9605,1,0,0
735435,213,0,5498,-7111,1,0,1
735436,87,0,3877,-7351,1,0,1
735437,65535,255,1401,-7540,0,0,0
735438,246,0,1605,10101,1,0,1
735439,318,0,4074,9675,1,0,1
735440,65535,255,5696,9402,0,0,0
735441,108,0,4509,-7319,1,0,0
735442,208,0,2336,-7539,1,0,1
735443,65535,255,602,10014,0,0,0
735444,65535,255,3346,9773,0,0,0
735445,65535,255,5228,9459,0,0,0
735446,297,0,5048,-7216,1,0,1
735447,65535,255,3173,-7534,0,0,0
735448,167,0,430,-7636,1,0,1
735449,127,0,2510,9933,1,0,1
735450,65535,255,4686,9568,0,0,0
735451,65535,255,5510,-7062,0,0,0
735452,65535,255,3899,-7394,0,0,0
735453,65535,255,1435,-7727,0,0,0
735454,175,0,1578,9960,1,0,1
735455,147,0,4059,9634,1,0,1
735456,83,0,5685,9382,1,0,1
735457,65535,255,4525,-7303,0,0,0
735458,65535,255,2361,-7523,0,0,0
735459,65535,255,573,10012,0,0,0
735460,203,0,3324,9785,1,0,1
735461,65535,255,5216,9472,0,0,0
735462,152,2,5062,-7156,1,0,1
735463,65535,255,3191,-7435,0,0,0
735464,80,0,459,-8144,1,0,1
735465,82,0,2490,9846,1,0,1
735466,65535,255,4673,9593,0,0,0
735467,222,0,5524,-7113,1,0,1
735468,0,0,0,0,0,0,0
735469,306,0,1457,-7701,1,0,1
735470,82,0,1556,9962,1,0,1
735471,134,0,4043,9644,1,0,1
735472,65535,255,5677,9398,0,0,0
735473,0,0,0,0,0,0,0
735474,65535,255,2380,-7615,0,0,0
735475,65535,255,552,10348,0,0,0
735476,40,2,3315,9731,1,0,1
735477,68,0,5210,9453,1,0,1
735478,115,0,5072,-7221,1,0,1
735479,125,0,3205,-7466,1,0,0
735480,65535,255,477,-8133,0,0,0
735481,65535,255,2475,9874,0,0,0
735482,65535,255,4663,9613,0,0,0
735483,65535,255,5529,-7067,0,0,0
735484,65535,255,3928,-7419,0,0,0
735485,65535,255,1469,-7521,0,0,0
735486,65535,255,1546,9837,0,0,0
735487,215,0,4032,9726,1,0,1
735488,191,0,5672,9381,1,0,1
735489,65535,255,4545,-7325,0,0,0
735490,65535,255,2390,-7613,0,0,0
735491,370,0,546,9649,1,0,1
735492,65535,255,3305,9751,0,0,0
735493,0,0,0,0,0,0,0
735494,0,0,0,0,0,0,0
735495,65535,255,3213,-7489,0,0,0
735496,65535,255,482,-7650,0,0,0
735497,65535,255,2471,9798,0,0,0
735498,65535,255,4660,9590,0,0,0
735499,0,0,0,0,0,0,0
735500,95,0,3932,-7418,1,0,1
735501,163,0,1474,-7544,1,0,1
735502,257,0,1540,9879,1,0,1
735503,89,0,4032,9646,1,0,1
735504,122,0,5669,9409,1,0,1
735505,162,0,4545,-7275,1,0,1
735506,148,0,2390,-7521,1,0,0
735507,65535,255,538,10320,0,0,0
735508,331,0,3306,9723,1,0,1
735509,340,0,5204,9465,1,0,1
735510,179,0,5076,-7173,1,0,1
735511,229,0,3213,-7508,1,0,1
735512,83,0,476,-7926,1,0,1
735513,150,0,2475,9875,1,0,1
735514,65535,255,4663,9564,0,0,0
735515,158,0,5532,-7097,1,0,1
735516,65535,255,3925,-7382,0,0,0
735517,132,0,1469,-7833,1,0,1
735518,159,0,1545,9858,1,0,1
735519,65535,255,4036,9653,0,0,0
735520,65535,255,5673,9397,0,0,0
735521,111,0,4542,-7306,1,0,1
735522,393,0,2385,-7613,1,0,1
735523,251,0,556,9895,1,0,1
735524,144,0,3310,9826,1,0,1
735525,65535,255,5208,9454,0,0,0
735526,385,0,5067,-7174,1,0,1
735527,65535,255,3200,-7529,0,0,0
735528,125,0,465,-8214,1,0,1
735529,48,2,2485,9950,1,0,1
735530,114,0,4670,9595,1,0,1
735531,127,0,5522,-7081,1,0,1
735532,367,0,3914,-7368,1,0,1
735533,201,0,1452,-7861,1,0,1
735534,65535,255,1567,9941,0,0,0
735535,125,0,4048,9688,1,0,1
735536,299,0,5680,9388,1,0,1
735537,270,0,4525,-7277,1,0,1
735538,165,2,2360,-7589,1,0,1
735539,121,2,579,9901,1,0,1
735540,274,2,3329,9802,1,0,1
735541,231,0,5219,9478,1,0,1
735542,65535,255,5054,-7213,0,0,0
735543,90,0,3177,-7483,1,0,1
735544,346,0,436,-8089,1,0,1
735545,116,0,2510,9947,1,0,1
735546,65535,255,4687,9610,0,0,0
735547,339,0,5507,-7106,1,0,1
735548,140,0,3891,-7438,1,0,0
735549,138,0,1418,-7750,1,0,1
735550,104,0,1600,9918,1,0,1
735551,65535,255,4070,9706,0,0,0
735552,301,0,5695,9408,1,0,1
735553,65535,255,4505,-7324,0,0,0
735554,324,0,2326,-7523,1,0,1
735555,200,0,620,9855,1,0,1
735556,124,0,3365,9727,1,0,1
735557,142,0,5239,9505,1,0,1
735558,320,0,5034,-7185,1,0,1
735559,97,0,3151,-7515,1,0,1
735560,163,0,408,-8274,1,0,1
735561,0,0,0,0,0,0,0
735562,87,0,4696,9620,1,0,1
735563,111,0,5502,-7107,1,0,1
735564,97,0,3884,-7431,1,0,1
735565,80,0,1412,-7727,1,0,1
735566,135,0,1600,9858,1,0,1
735567,220,0,4066,9678,1,0,1
735568,101,0,5690,9392,1,0,1
735569,317,0,4512,-7285,1,0,1
735570,158,0,2346,-7631,1,0,1
735571,349,0,590,10241,1,0,1
735572,65535,255,3337,9777,0,0,0
735573,270,0,5224,9468,1,0,1
735574,133,0,5053,-7187,1,0,1
735575,65535,255,3177,-7453,0,0,0
735576,371,0,441,-8010,1,0,1
735577,367,0,2500,9951,1,0,1
735578,182,0,4681,9582,1,0,1
735579,244,0,5514,-7058,1,0,1
735580,382,0,3906,-7369,1,0,1
735581,233,0,1440,-7607,1,0,1
735582,321,0,1571,9893,1,0,0
735583,65535,255,4051,9688,0,0,0
735584,134,0,5682,9408,1,0,1
735585,341,0,4529,-7331,1,0,1
735586,113,0,2365,-7560,1,0,1
735587,240,0,567,10130,1,0,1
735588,274,0,3324,9788,1,0,1
735589,65535,255,5216,9469,0,0,0
735590,334,0,5061,-7148,1,0,1
735591,199,0,3195,-7557,1,0,1
735592,192,0,459,-7856,1,0,1
735593,81,0,2490,9798,1,0,1
735594,275,0,4673,9566,1,0,1
735595,266,0,5522,-7089,1,0,1
735596,113,0,3917,-7448,1,0,1
735597,120,0,1452,-7539,1,0,1
735598,105,2,1562,10015,1,0,0
735599,63,0,4047,9704,1,0,1
735600,339,0,5680,9359,1,0,1
735601,65535,255,4532,-7275,0,0,0
735602,262,0,2375,-7693,1,0,1
735603,58,0,568,9898,1,0,1
735604,142,2,3319,9779,1,0,1
735605,57,2,5213,9475,1,0,0
735606,322,0,5064,-7163,1,0,1
735607,65535,255,3195,-7461,0,0,0
735608,271,0,460,-7354,1,0,1
735609,251,0,2490,9926,1,0,1
735610,63,2,4677,9548,1,0,1
735611,307,0,5524,-7088,1,0,1
735612,134,0,3914,-7344,1,0,1
735613,286,0,1452,-7653,1,0,1
735614,168,0,1567,9964,1,0,1
735615,180,0,4051,9660,1,0,1
735616,242,0,5682,9413,1,0,1
735617,65535,255,4528,-7269,0,0,0
735618,125,0,2365,-7493,1,0,1
735619,381,0,573,10073,1,0,1
735620,94,0,3328,9825,1,0,1
735621,81,0,5219,9490,1,0,1
735622,65535,255,5061,-7169,0,0,0
735623,80,0,3191,-7442,1,0,1
735624,328,0,453,-8076,1,0,1
735625,242,0,2495,9823,1,0,1
735626,65535,255,4676,9572,0,0,0
735627,235,0,5522,-7093,1,0,1
735628,288,0,3912,-7403,1,0,1
735629,137,0,1446,-7538,1,0,1
735630,8,0,1567,10132,1,0,1
735631,46,0,4051,9697,1,0,1
735632,65535,255,5682,9385,0,0,0
735633,145,0,4528,-7269,1,0,1
735634,0,0,0,0,0,0,0
735635,264,0,567,10073,1,0,1
735636,65535,255,3324,9798,0,0,0
735637,65535,255,5216,9485,0,0,0
735638,325,0,5061,-7174,1,0,0
735639,399,0,3190,-7480,1,0,1
735640,113,0,448,-7416,1,0,1
735641,198,0,2495,9938,1,0,1
735642,135,0,4680,9554,1,0,1
735643,160,0,5517,-7094,1,0,1
735644,129,0,3906,-7345,1,0,1
735645,102,0,1440,-7653,1,0,1
735646,65535,255,1572,9964,0,0,0
735647,65535,255,4055,9660,0,0,0
735648,96,0,5685,9412,1,0,1
735649,70,0,4522,-7270,1,0,1
735650,107,0,2356,-7493,1,0,1
735651,65535,255,579,10130,0,0,0
735652,26,2,3333,9834,1,0,1
735653,16,0,5222,9520,1,0,1
735654,83,0,5054,-7227,1,0,1
735655,148,0,3177,-7452,1,0,1
735656,123,0,430,-7400,1,0,1
735657,65535,255,2510,9941,0,0,0
735658,65535,255,4686,9588,0,0,0
735659,181,0,5507,-7063,1,0,1
735660,127,0,3892,-7444,1,0,1
735661,65535,255,1417,-7677,0,0,0
735662,175,0,1595,10065,1,0,1
735663,259,0,4070,9715,1,0,1
735664,203,0,5695,9397,1,0,1
735665,65535,255,4505,-7278,0,0,0
735666,113,0,2331,-7563,1,0,1
735667,125,0,615,9749,1,0,1
735668,72,0,3355,9813,1,0,1
735669,0,0,0,0,0,0,0
735670,665,2,5033,-7167,1,0,1
735671,231,0,3151,-7455,1,0,1
735672,165,0,410,-7386,1,0,1
735673,84,0,2525,9897,1,0,1
735674,120,0,4693,9622,1,0,0
735675,101,0,5503,-7064,1,0,1
735676,65535,255,3891,-7421,0,0,0
735677,323,0,1422,-7747,1,0,1
735678,296,0,1589,9848,1,0,1
735679,271,0,4059,9717,1,0,1
735680,206,0,5685,9381,1,0,1
735681,225,0,4522,-7318,1,0,1
735682,123,0,2361,-7600,1,0,1
735683,235,0,575,9670,1,0,1
735684,88,0,3324,9771,1,0,1
735685,65535,255,5214,9486,0,0,0
735686,192,0,5062,-7188,1,0,1
735687,90,0,3200,-7536,1,0,1
735688,0,0,0,0,0,0,0
735689,248,0,2480,9902,1,0,1
735690,75,0,4667,9557,1,0,1
735691,201,2,5528,-7108,1,0,0
735692,157,0,3921,-7401,1,0,1
735693,123,0,1469,-7541,1,0,1
735694,352,0,1539,9946,1,0,1
735695,186,0,4029,9679,1,0,1
735696,90,0,5668,9376,1,0,1
735697,65535,255,4546,-7258,0,0,0
735698,65535,255,2395,-7502,0,0,0
735699,65535,255,533,10324,0,0,0
735700,65535,255,3293,9756,0,0,0
735701,132,0,5196,9500,1,0,1
735702,213,0,5081,-7198,1,0,1
735703,65535,255,3222,-7484,0,0,0
735704,65535,255,499,-7978,0,0,0
735705,65535,255,2451,9919,0,0,0
735706,65535,255,4648,9590,0,0,0
735707,65535,255,5540,-7078,0,0,0
735708,65535,255,3944,-7376,0,0,0
735709,296,0,1496,-7562,1,0,1
735710,154,0,1517,10034,1,0,1
735711,100,0,4013,9740,1,0,1
735712,122,0,5657,9396,1,0,1
735713,65535,255,4559,-7243,0,0,0
735714,65535,255,2415,-7541,0,0,0
735715,65535,255,516,9822,0,0,0
735716,65535,255,3280,9830,0,0,0
735717,224,0,5187,9492,1,0,1
735718,285,0,5090,-7151,1,0,1
735719,111,0,3235,-7540,1,0,1
735720,276,0,511,-7522,1,0,1
735721,90,0,2441,9881,1,0,1
735722,256,0,4641,9585,1,0,1
735723,120,0,5545,-7090,1,0,1
735724,123,2,3951,-7419,1,0,1
735725,116,2,1507,-7756,1,0,1
735726,69,0,1507,9927,1,0,1
735727,65535,255,4009,9726,0,0,0
735728,65535,255,5655,9395,0,0,0
735729,0,0,0,0,0,0,0
735730,65535,255,2419,-7606,0,0,0
735731,92,0,510,10273,1,0,1
735732,120,0,3279,9805,1,0,1
735733,120,0,5188,9477,1,0,1
735734,95,0,5090,-7151,1,0,0
735735,65535,255,3240,-7558,0,0,0
735736,100,0,510,-7780,1,0,1
735737,65535,255,2441,9973,0,0,0
735738,125,0,4644,9568,1,0,1
735739,161,0,5544,-7072,1,0,1
735740,89,0,3947,-7412,1,0,1
735741,113,0,1501,-7780,1,0,0
735742,65535,255,1512,10012,0,0,0
735743,65535,255,4014,9660,0,0,0
735744,88,0,5660,9397,1,0,1
735745,108,0,4562,-7324,1,0,1
735746,235,0,2414,-7580,1,0,1
735747,196,0,515,10271,1,0,1
735748,137,0,3283,9823,1,0,1
735749,65535,255,5193,9496,0,0,0
735750,65535,255,6425,9175,0,0,0
735751,86,2,3226,-7474,1,0,1
735752,78,0,500,-7384,1,0,1
735753,65535,255,2456,9906,0,0,0
735754,65535,255,4650,9625,0,0,0
735755,65535,255,6069,9316,0,0,0
735756,250,0,3940,-7420,1,0,1
735757,65535,255,1485,-7826,0,0,0
735758,53,0,1528,10097,1,0,1
735759,65535,255,4024,9694,0,0,0
735760,65535,255,5665,9400,0,0,0
735761,65535,255,6742,9081,0,0,1
735762,65535,255,2395,-7490,0,0,0
735763,83,0,538,9956,1,0,1
735764,104,0,3301,9793,1,0,1
735765,65535,255,5202,9484,0,0,0
735766,65535,255,6431,9173,0,0,0
735767,148,0,3213,-7494,1,0,0
735768,119,0,476,-7572,1,0,1
735769,65535,255,2471,9968,0,0,0
735770,65535,255,4664,9570,0,0,0
735771,65535,255,6076,9286,0,0,0
735772,65535,255,3921,-7371,0,0,0
735773,65535,255,1463,-7719,0,0,0
735774,65535,255,1550,10030,0,0,0
735775,65535,255,4040,9678,0,0,0
735776,181,0,5675,9390,1,0,1
735777,65535,255,6748,9085,0,0,1
735778,85,0,2370,-7518,1,0,1
735779,65535,255,562,10135,0,0,0
735780,65535,255,3319,9837,0,0,0
735781,65535,255,5213,9513,0,0,0
735782,65535,255,6437,9167,0,0,0
735783,173,2,3195,-7545,1,0,1
735784,65535,255,459,-7425,0,0,0
735785,157,0,2485,9851,1,0,1
735786,65535,255,4671,9563,0,0,0
735787,65535,255,6080,9313,0,0,0
735788,65535,255,3914,-7365,0,0,0
735789,65535,255,1452,-7536,0,0,0
735790,102,0,1556,10048,1,0,1
735791,65535,255,4042,9678,0,0,0
735792,145,0,5676,9366,1,0,1
735793,65535,255,4532,-7254,0,0,0
735794,65535,255,2375,-7571,0,0,0
735795,65535,255,562,9959,0,0,0
735796,65535,255,3316,9735,0,0,0
735797,44,0,5208,9508,1,0,1
735798,233,0,5065,-7166,1,0,1
735799,65535,255,3198,-7523,0,0,0
735800,65535,255,464,-7711,0,0,0
735801,0,0,0,0,0,0,0
735802,0,0,0,0,0,0,0
735803,65535,255,5525,-7099,0,0,0
735804,261,0,3918,-7438,1,0,1
735805,165,0,1457,-7788,1,0,1
735806,213,0,1556,9946,1,0,1
735807,103,0,4040,9721,1,0,1
735808,82,0,5674,9384,1,0,1
735809,65535,255,4532,-7247,0,0,0
735810,0,0,0,0,0,0,0
735811,88,0,557,9776,1,0,1
735812,126,2,3320,9723,1,0,1
735813,86,0,5213,9511,1,0,1
735814,65535,255,5056,-7191,0,0,0
735815,188,0,3177,-7472,1,0,1
735816,104,2,431,-8326,1,0,0
735817,169,0,2525,9846,1,0,1
735818,65535,255,4703,9579,0,0,0
735819,0,0,0,0,0,0,0
735820,65535,255,3875,-7444,0,0,0
735821,238,0,1401,-7775,1,0,1
735822,433,2,1611,9879,1,0,0
735823,65535,255,4078,9677,0,0,0
735824,112,0,5697,9386,1,0,1
735825,122,0,4505,-7267,1,0,1
735826,151,0,2336,-7577,1,0,1
735827,65535,255,608,9963,0,0,0
735828,65535,255,3351,9720,0,0,0
735829,242,0,5231,9487,1,0,1
735830,293,0,5047,-7219,1,0,1
735831,65535,255,3168,-7493,0,0,0
735832,65535,255,430,-8173,0,0,0
735833,65535,255,2515,9902,0,0,0
735834,65535,255,4689,9617,0,0,0
735835,109,0,5512,-7109,1,0,1
735836,372,0,3899,-7436,1,0,1
735837,65535,255,1429,-7748,0,0,0
735838,65535,255,1584,9900,0,0,0
735839,65535,255,4059,9695,0,0,0
735840,65535,255,5687,9403,0,0,0
735841,65535,255,4525,-7301,0,0,0
735842,65535,255,2360,-7669,0,0,0
735843,0,0,0,0,0,0,0
735844,65535,255,3328,9806,0,0,0
735845,211,0,5219,9469,1,0,1
735846,65535,255,5061,-7206,0,0,0
735847,65535,255,3190,-7490,0,0,0
735848,0,0,0,0,0,0,0
735849,337,0,2495,9810,1,0,1
735850,80,0,4680,9554,1,0,1
735851,133,0,5519,-7066,1,0,1
735852,65535,255,-32768,-32768,0,65535,1
735853,65535,255,1463,-7861,0,0,0
735854,65535,255,1551,9898,0,0,0
735855,153,0,4040,9673,1,0,0
735856,65535,255,5674,9370,0,0,0
735857,65535,255,4542,-7333,0,0,0
735858,0,0,0,0,0,0,0
735859,89,0,550,10311,1,0,1
735860,101,0,3315,9758,1,0,1
735861,65535,255,5210,9498,0,0,0
735862,65535,255,5073,-7223,0,0,0
735863,65535,255,3204,-7483,0,0,0
735864,0,0,0,0,0,0,0
735865,65535,255,2480,9923,0,0,0
735866,144,0,4670,9581,1,0,1
735867,65535,255,5527,-7073,0,0,0
735868,0,0,0,0,0,0,0
735869,65535,255,1457,-7633,0,0,0
735870,124,0,1556,10088,1,0,1
735871,65535,255,4048,9636,0,0,0
735872,65535,255,5677,9375,0,0,0
735873,82,2,4539,-7265,1,0,1
735874,195,2,2385,-7589,1,0,1
735875,65535,255,550,10072,0,0,0
735876,231,0,3306,9759,1,0,1
735877,153,0,5202,9520,1,0,1
735878,105,0,5078,-7185,1,0,1
735879,65535,255,3217,-7452,0,0,0
735880,174,0,488,-8057,1,0,1
735881,0,0,0,0,0,0,0
735882,128,0,4654,9573,1,0,0
735883,65535,255,5539,-7083,0,0,0
735884,259,0,3944,-7417,1,0,1
735885,66,2,1496,-7763,1,0,1
735886,69,0,1518,9965,1,0,1
735887,65535,255,6858,-6638,0,0,1
735888,257,0,5653,9369,1,0,1
735889,217,0,4569,-7278,1,0,1
735890,65535,255,2424,-7655,0,0,0
735891,214,2,510,10456,1,0,1
735892,65535,255,3279,9832,0,0,0
735893,174,0,5190,9491,1,0,1
735894,65535,255,5085,-7173,0,0,0
735895,65535,255,3222,-7447,0,0,0
735896,65535,255,494,-8126,0,0,0
735897,65535,255,2465,9830,0,0,0
735898,74,0,4660,9578,1,0,1
735899,179,0,5532,-7108,1,0,1
735900,65535,255,3921,-7352,0,0,0
735901,65535,255,1458,-7616,0,0,0
735902,0,0,0,0,0,0,0
735903,88,0,4043,9681,1,0,1
735904,127,0,5675,9396,1,0,1
735905,236,0,4539,-7307,1,0,1
735906,54,2,2381,-7687,1,0,1
735907,70,0,558,9589,1,0,1
735908,66,0,3310,9837,1,0,1
735909,65535,255,5207,9483,0,0,0
735910,246,0,5071,-7159,1,0,1
735911,72,0,3209,-7553,1,0,1
735912,63,0,470,-7653,1,0,1
735913,180,0,2475,9932,1,0,1
735914,62,0,4663,9619,1,0,1
735915,0,0,0,0,0,0,0
735916,132,0,3937,-7384,1,0,1
735917,65535,255,1485,-7708,0,0,0
735918,194,0,1523,9954,1,0,1
735919,89,0,4021,9644,1,0,1
735920,269,0,5660,9395,1,0,1
735921,180,0,4559,-7332,1,0,1
735922,76,0,2415,-7608,1,0,1
735923,196,0,516,10514,1,0,1
735924,144,0,3284,9724,1,0,1
735925,65535,255,5188,9452,0,0,0
735926,244,0,5093,-7227,1,0,1
735927,121,0,3236,-7440,1,0,1
735928,167,2,515,-7790,1,0,0
735929,0,0,0,0,0,0,0
735930,65535,255,4638,9547,0,0,0
735931,140,2,5550,-7095,1,0,1
735932,65535,255,3955,-7366,0,0,0
735933,77,0,1512,-7748,1,0,1
735934,232,0,1496,10087,1,0,1
735935,38,2,4003,9712,1,0,1
735936,112,0,5651,9384,1,0,1
735937,162,0,4571,-7299,1,0,1
735938,281,0,2435,-7684,1,0,1
735939,65535,255,492,10134,0,0,0
735940,70,0,3268,9772,1,0,1
735941,106,0,5179,9459,1,0,1
735942,65535,255,5098,-7179,0,0,0
735943,75,0,3249,-7495,1,0,1
735944,91,0,528,-7855,1,0,1
735945,120,0,2426,9882,1,0,1
735946,120,0,4635,9554,1,0,1
735947,65535,255,5553,-7092,0,0,0
735948,112,0,3963,-7439,1,0,1
735949,68,0,1517,-7683,1,0,1
735950,115,0,1491,10089,1,0,1
735951,208,0,4002,9632,1,0,1
735952,378,0,5649,9369,1,0,1
735953,247,0,4576,-7323,1,0,1
735954,54,0,2434,-7696,1,0,1
735955,77,0,493,10468,1,0,1
735956,61,0,3270,9783,1,0,0
735957,156,0,5181,9458,1,0,1
735958,102,0,5098,-7189,1,0,1
735959,146,0,3244,-7438,1,0,1
735960,65535,255,522,-7794,0,0,0
735961,228,0,2436,9920,1,0,1
735962,87,0,4638,9596,1,0,1
735963,67,0,5550,-7099,1,0,1
735964,225,0,3955,-7432,1,0,1
735965,228,0,1507,-7748,1,0,1
735966,71,0,1512,9913,1,0,1
735967,235,0,4010,9705,1,0,1
735968,65535,255,5657,9411,0,0,0
735969,281,0,4565,-7337,1,0,1
735970,70,0,2414,-7555,1,0,1
735971,146,0,516,9874,1,0,1
735972,172,0,3288,9743,1,0,1
735973,212,0,5193,9513,1,0,1
735974,91,0,5087,-7192,1,0,1
735975,137,0,3226,-7469,1,0,1
735976,87,0,500,-8192,1,0,0
735977,180,0,2461,9827,1,0,1
735978,98,0,4657,9569,1,0,1
735979,131,2,5539,-7097,1,0,1
735980,86,0,3936,-7443,1,0,1
735981,65535,255,1480,-7862,0,0,0
735982,155,0,1539,10061,1,0,1
735983,94,0,4036,9665,1,0,1
735984,65535,255,5674,9398,0,0,0
735985,237,0,4545,-7328,1,0,1
735986,55,0,2384,-7571,1,0,1
735987,49,2,556,10182,1,0,0
735988,65535,255,3314,9797,0,0,0
735989,169,0,5212,9479,1,0,1
735990,115,0,5069,-7169,1,0,1
735991,65535,255,3199,-7443,0,0,0
735992,65535,255,459,-8157,0,0,0
735993,149,0,2495,9850,1,0,1
735994,68,0,4680,9589,1,0,1
735995,173,0,5521,-7119,1,0,1
735996,160,0,3906,-7380,1,0,1
735997,65535,255,1434,-7689,0,0,0
735998,181,0,1583,9951,1,0,1
735999,115,0,4066,9646,1,0,1
736000,61,0,5692,9386,1,0,1
736001,70,0,4525,-7307,1,0,1
736002,227,0,2355,-7533,1,0,1
736003,139,0,585,10062,1,0,1
736004,106,0,3333,9785,1,0,1
736005,65535,255,5222,9473,0,0,0
736006,121,0,5061,-7161,1,0,1
736007,76,0,3190,-7444,1,0,1
736008,65535,255,454,-8233,0,0,0
736009,159,0,2495,9875,1,0,1
736010,68,0,4677,9607,1,0,1
736011,201,0,5521,-7060,1,0,1
736012,72,0,3913,-7408,1,0,1
736013,73,0,1452,-7803,1,0,1
736014,65535,255,1561,10058,0,0,0
736015,29,0,4047,9685,1,0,1
736016,194,0,5680,9357,1,0,1
736017,146,0,4535,-7286,1,0,1
736018,231,0,2375,-7504,1,0,1
736019,91,2,561,10064,3,0,1
736020,80,0,3315,9815,3,0,1
736021,244,0,5210,9500,1,0,1
736022,65535,255,5070,-7205,0,0,0
736023,226,0,3204,-7538,1,0,1
736024,111,0,464,-8010,1,0,1
736025,65535,255,2481,9851,0,0,0
736026,220,0,4667,9610,1,0,1
736027,65535,255,5527,-7076,0,0,0
736028,109,0,3921,-7444,1,0,1
736029,70,0,1457,-7617,1,0,1
736030,102,0,1550,9954,1,0,1
736031,154,0,4040,9665,1,0,1
736032,235,0,5675,9354,1,0,1
736033,167,0,4539,-7297,1,0,1
736034,210,0,2380,-7570,1,0,1
736035,77,0,552,10332,1,0,1
736036,65535,255,3310,9760,0,0,0
736037,149,0,5208,9480,1,0,1
736038,65535,255,5070,-7194,0,0,0
736039,65535,255,3204,-7547,0,0,0
736040,65535,255,471,-8216,0,0,0
736041,88,2,2481,9929,1,0,1
736042,192,0,4667,9568,1,0,1
736043,148,0,5527,-7125,1,0,1
736044,237,0,3921,-7429,1,0,1
736045,185,0,1457,-7617,1,0,1
736046,98,0,1556,9996,1,0,1
736047,202,0,4040,9701,1,0,1
736048,89,0,5676,9385,1,0,1
736049,238,0,4535,-7260,1,0,1
736050,65535,255,2375,-7517,0,0,0
736051,64,0,562,10418,1,0,1
736052,65535,255,3320,9768,0,0,0
736053,65535,255,5211,9500,0,0,0
736054,65535,255,5067,-7231,0,0,0
736055,65535,255,3195,-7490,0,0,0
736056,39,2,453,-8015,1,0,1
736057,65535,255,2490,9927,0,0,0
736058,65535,255,4677,9585,0,0,0
736059,139,0,5520,-7081,1,0,1
736060,89,0,3906,-7379,1,0,1
736061,101,0,1441,-7577,1,0,1
736062,178,0,1573,9973,1,0,1
736063,82,0,4055,9706,1,0,1
736064,65535,255,5685,9401,0,0,0
736065,65535,255,4525,-7305,0,0,0
736066,65535,255,2355,-7666,0,0,0
736067,249,0,585,10286,1,0,1
736068,65535,255,3338,9776,0,0,0
736069,101,0,5227,9452,1,0,1
736070,203,0,5053,-7181,1,0,1
736071,65535,255,3175,-7535,0,0,0
736072,65535,255,423,-7721,0,0,0
736073,66,0,2520,9911,1,0,1
736074,86,0,4696,9593,1,0,1
736075,208,0,5507,-7099,1,0,1
736076,81,0,3887,-7434,1,0,1
736077,62,0,1412,-7785,1,0,1
736078,138,0,1605,9929,1,0,1
736079,240,0,4078,9717,1,0,1
736080,65535,255,5702,9357,0,0,0
736081,86,2,4501,-7260,1,0,0
736082,89,0,2326,-7603,1,0,1
736083,81,0,625,10219,1,0,1
736084,238,0,3369,9790,1,0,1
736085,65535,255,5245,9448,0,0,0
736086,89,0,5036,-7185,1,0,1
736087,242,0,3155,-7583,1,0,1
736088,47,0,400,-7631,1,0,1
736089,65535,255,2535,9884,0,0,0
736090,65535,255,4703,9575,0,0,0
736091,141,0,5504,-7076,1,0,1
736092,0,0,0,0,0,0,0
736093,65535,255,1412,-7619,0,0,0
736094,65535,255,1594,10094,0,0,0
736095,65535,255,4070,9654,0,0,0
736096,237,0,5694,9377,1,0,1
736097,65535,255,4518,-7276,0,0,0
736098,65535,255,2350,-7627,0,0,0
736099,101,0,591,10285,1,0,1
736100,85,0,3342,9795,1,0,1
736101,65535,255,5227,9462,0,0,0
736102,65535,255,5058,-7212,0,0,0
736103,60,0,3181,-7501,1,0,1
736104,65535,255,443,-7273,0,0,0
736105,78,0,2505,9850,1,0,1
736106,110,0,4683,9579,1,0,1
736107,94,0,6090,9275,1,0,1
736108,103,0,3910,-7430,1,0,1
736109,95,0,1446,-7803,1,0,1
736110,124,0,1567,9995,1,0,1
736111,65535,255,4055,9635,0,0,0
736112,0,0,0,0,0,0,0
736113,106,0,4534,-7292,1,0,1
736114,143,0,2375,-7690,1,0,1
736115,65535,255,569,9712,0,0,0
736116,65535,255,3324,9713,0,0,0
736117,74,0,5213,9506,1,0,1
736118,65535,255,6438,9177,0,0,0
736119,68,0,3203,-7470,1,0,1
736120,56,0,466,-8290,1,0,1
736121,42,0,2485,9852,1,0,1
736122,178,0,4670,9587,1,0,1
736123,98,0,6082,9281,1,0,1
736124,65535,255,3925,-7372,0,0,0
736125,65535,255,1463,-7571,0,0,0
736126,67,0,1551,9807,1,0,1
736127,145,0,4036,9696,1,0,1
736128,180,0,5675,9355,1,0,1
736129,65535,255,6747,9074,0,0,1
736130,153,0,2390,-7661,1,0,1
736131,85,0,552,9645,1,0,1
736132,52,0,3310,9733,1,0,1
736133,65535,255,5206,9457,0,0,0
736134,177,0,6432,9193,1,0,1
736135,65535,255,3217,-7535,0,0,0
736136,200,0,481,-7724,1,0,1
736137,65535,255,2471,9777,0,0,0
736138,65535,255,4661,9565,0,0,0
736139,65535,255,6076,9275,0,0,0
736140,65535,255,3932,-7345,0,0,0
736141,65535,255,1474,-7618,0,0,0
736142,65535,255,1540,9892,0,0,0
736143,82,0,4030,9670,1,0,1
736144,65535,255,5668,9382,0,0,0
736145,81,0,4549,-7319,1,0,1
736146,139,0,2395,-7581,1,0,1
736147,223,0,533,10379,1,0,1
736148,153,0,3298,9793,1,0,1
736149,143,0,5199,9514,1,0,1
736150,135,0,6429,9190,1,0,1
736151,152,0,3222,-7544,1,0,1
736152,130,0,487,-7929,1,0,1
736153,107,0,2466,9828,1,0,1
736154,65535,255,4654,9595,0,0,0
736155,57,0,6072,9300,1,0,1
736156,159,0,3936,-7403,1,0,1
736157,65535,255,1480,-7816,0,0,0
736158,65535,255,1529,10107,0,0,0
736159,96,2,4025,9704,1,0,1
736160,65535,255,5665,9370,0,0,0
736161,65535,255,4552,-7306,0,0,0
736162,65535,255,2400,-7567,0,0,0
736163,65535,255,533,10377,0,0,0
736164,65535,255,3297,9716,0,0,0
736165,88,0,5200,9452,1,0,1
736166,65535,255,5079,-7181,0,0,0
736167,149,2,3217,-7449,1,0,1
736168,65535,255,489,-7318,0,0,0
736169,146,0,2461,9932,1,0,1
736170,65535,255,4655,9559,0,0,0
736171,114,2,5535,-7105,1,0,1
736172,65535,255,3933,-7374,0,0,0
736173,65535,255,1479,-7750,0,0,0
736174,65535,255,1534,10064,0,0,0
736175,65535,255,4025,9697,0,0,0
736176,156,0,5668,9370,1,0,0
736177,65535,255,4549,-7319,0,0,0
736178,65535,255,2395,-7607,0,0,0
736179,164,0,540,9638,1,0,1
736180,51,0,3302,9762,1,0,1
736181,76,0,5199,9478,1,0,1
736182,141,0,5076,-7186,1,0,1
736183,87,0,3213,-7525,1,0,1
736184,177,0,482,-7932,1,0,1
736185,68,0,2471,9866,1,0,1
736186,172,0,4658,9602,1,0,1
736187,161,0,5532,-7091,1,0,1
736188,95,0,3925,-7360,1,0,1
736189,124,2,1468,-7729,1,0,0
736190,103,0,1540,10083,1,0,1
736191,100,0,4033,9710,1,0,1
736192,65535,255,5670,9383,0,0,0
736193,92,0,4542,-7339,1,0,0
736194,65535,255,2385,-7675,0,0,0
736195,158,0,550,10005,1,0,1
736196,86,0,3306,9836,1,0,1
736197,207,0,5208,9446,1,0,1
736198,65535,255,5070,-7161,0,0,0
736199,65535,255,3204,-7489,0,0,0
736200,65535,255,470,-7723,0,0,0
736201,65535,255,2481,9840,0,0,0
736202,206,0,4667,9617,1,0,1
736203,106,0,5525,-7093,1,0,1
736204,192,0,3917,-7369,1,0,1
736205,119,0,1457,-7800,1,0,1
736206,65535,255,1562,9828,0,0,0
736207,65535,255,4048,9636,0,0,0
736208,65535,255,5680,9403,0,0,0
736209,151,0,4532,-7291,1,0,1
736210,106,0,2370,-7584,1,0,1
736211,65535,255,574,9718,0,0,0
736212,65535,255,3324,9788,0,0,0
736213,216,0,5216,9506,1,0,1
736214,204,0,5064,-7231,1,0,1
736215,65535,255,3190,-7481,0,0,0
736216,65535,255,446,-7793,0,0,0
736217,65535,255,2500,9864,0,0,0
736218,194,0,4683,9544,1,0,1
736219,143,0,5519,-7113,1,0,1
736220,130,2,3905,-7415,1,0,1
736221,94,0,1434,-7593,1,0,1
736222,160,0,1584,9994,1,0,1
736223,91,0,4062,9699,1,0,1
736224,65535,255,5692,9388,0,0,0
736225,151,0,4518,-7268,1,0,1
736226,112,0,2350,-7545,1,0,1
736227,102,0,598,9674,1,0,1
736228,132,0,3346,9795,1,0,1
736229,146,2,5233,9456,1,0,1
736230,65535,255,5052,-7162,0,0,0
736231,65535,255,3177,-7464,0,0,0
736232,195,0,436,-8100,1,0,1
736233,65535,255,2515,9823,0,0,0
736234,0,0,0,0,0,0,0
736235,65535,255,5516,-7098,0,0,0
736236,65535,255,3906,-7454,0,0,0
736237,65535,255,1434,-7572,0,0,0
736238,131,0,1584,9828,1,0,1
736239,90,0,4059,9706,1,0,1
736240,65535,255,5690,9360,0,0,0
736241,109,0,4528,-7275,1,0,1
736242,152,0,2365,-7692,1,0,1
736243,65535,255,579,9833,0,0,0
736244,173,0,3333,9758,1,0,1
736245,186,0,5221,9463,1,0,1
736246,250,0,5064,-7237,1,0,1
736247,65535,255,3191,-7477,0,0,0
736248,92,0,453,-8161,1,0,1
736249,170,0,2495,9863,1,0,1
736250,65535,255,4680,9602,0,0,0
736251,127,0,5521,-7091,1,0,1
736252,96,0,3913,-7400,1,0,1
736253,99,0,1451,-7801,1,0,1
736254,65535,255,1567,10057,0,0,0
736255,183,2,4051,9685,1,0,1
736256,94,0,5682,9353,1,0,1
736257,65535,255,4534,-7279,0,0,0
736258,65535,255,2370,-7542,0,0,0
736259,65535,255,567,10062,0,0,0
736260,233,0,3319,9806,1,0,1
736261,65535,255,5213,9496,0,0,0
736262,65535,255,5067,-7200,0,0,0
736263,267,0,3199,-7528,1,0,1
736264,65535,255,458,-7941,0,0,0
736265,111,0,2490,9838,1,0,1
736266,266,0,4673,9603,1,0,1
736267,258,0,5524,-7067,1,0,1
736268,65535,255,3917,-7429,0,0,0
736269,107,0,1452,-7548,1,0,1
736270,182,0,1562,9890,1,0,1
736271,121,0,4048,9635,1,0,1
736272,65535,255,5678,9403,0,0,0
736273,0,0,0,0,0,0,0
736274,65535,255,2375,-7636,0,0,0
736275,65535,255,557,10305,0,0,0
736276,65535,255,3315,9807,0,0,0
736277,65535,255,5211,9471,0,0,0
736278,65535,255,5070,-7224,0,0,0
736279,65535,255,3204,-7537,0,0,0
736280,188,2,470,-7581,1,0,0
736281,65535,255,2475,9904,0,0,0
736282,65535,255,4664,9605,0,0,0
736283,65535,255,5530,-7119,0,0,0
736284,135,0,3925,-7360,1,0,1
736285,65535,255,1468,-7596,0,0,0
736286,65535,255,1546,9807,0,0,0
736287,65535,255,4029,9689,0,0,0
736288,65535,255,5668,9377,0,0,0
736289,65535,255,4546,-7254,0,0,0
736290,65535,255,2395,-7607,0,0,0
736291,65535,255,533,10377,0,0,0
736292,65535,255,3297,9828,0,0,0
736293,161,0,5197,9494,3,0,0
736294,65535,255,5078,-7175,0,0,0
736295,65535,255,3218,-7467,0,0,0
736296,65535,255,494,-8262,0,0,0
736297,223,0,2461,9868,1,0,1
736298,65535,255,4652,9595,0,0,0
736299,112,0,5538,-7117,1,0,1
736300,121,0,3936,-7380,1,0,1
736301,85,0,1485,-7683,1,0,1
736302,54,0,1529,9935,1,0,1
736303,200,0,4022,9632,1,0,1
736304,65535,255,5661,9385,0,0,0
736305,65535,255,4553,-7318,0,0,0
736306,65535,255,2404,-7566,0,0,0
736307,125,0,521,10258,1,0,1
736308,83,0,3289,9830,1,0,1
736309,166,2,5191,9501,1,0,1
736310,63,0,5082,-7194,1,0,1
736311,65535,255,3226,-7504,0,0,0
736312,81,0,499,-7658,1,0,1
736313,65535,255,2451,9960,0,0,0
736314,159,0,4648,9555,1,0,1
736315,186,0,5540,-7098,1,0,1
736316,198,0,3940,-7350,1,0,1
736317,65535,255,1490,-7638,0,0,0
736318,140,0,1523,9936,1,0,1
736319,65535,255,4018,9640,0,0,0
736320,65535,255,5661,9399,0,0,0
736321,65535,255,4555,-7255,0,0,0
736322,65535,255,2410,-7657,0,0,0
736323,65535,255,528,9753,0,0,0
736324,65535,255,3288,9774,0,0,0
736325,195,0,5193,9480,1,0,1
736326,164,0,5084,-7183,1,0,0
736327,96,0,3226,-7504,1,0,1
736328,51,0,493,-7723,1,0,1
736329,186,0,2456,9792,1,0,1
736330,102,0,4651,9585,1,0,1
736331,65535,255,5537,-7057,0,0,0
736332,91,0,3940,-7416,1,0,1
736333,190,0,1486,-7630,1,0,1
736334,204,0,1529,9851,1,0,1
736335,199,0,4023,9668,1,0,1
736336,195,0,5665,9394,1,0,1
736337,181,0,4552,-7256,1,0,1
736338,119,0,2404,-7684,1,0,1
736339,203,0,533,10006,1,0,1
736340,166,0,3298,9821,1,0,1
736341,68,0,5199,9510,1,0,1
736342,276,0,5081,-7221,1,0,1
736343,115,0,3217,-7439,1,0,1
736344,141,0,483,-7311,1,0,1
736345,170,2,2466,9945,1,0,1
736346,87,0,4660,9572,1,0,1
736347,326,0,5534,-7122,1,0,1
736348,65535,255,3932,-7410,0,0,0
736349,65535,255,1469,-7551,0,0,0
736350,65535,255,1545,9894,0,0,0
736351,296,0,4036,9654,1,0,1
736352,263,0,5673,9378,1,0,1
736353,120,0,4545,-7294,1,0,1
736354,296,0,2385,-7567,1,0,1
736355,113,0,556,9845,1,0,1
736356,65535,255,3315,9762,0,0,0
736357,163,0,5210,9488,1,0,1
736358,65535,255,5072,-7202,0,0,0
736359,89,0,3203,-7565,1,0,1
736360,166,0,466,-7225,1,0,1
736361,135,0,2485,9956,1,0,1
736362,228,0,4673,9582,1,0,1
736363,65535,255,5526,-7061,0,0,0
736364,65535,255,3917,-7443,0,0,0
736365,153,0,1451,-7661,1,0,1
736366,101,0,1567,10039,1,0,1
736367,181,0,4050,9710,1,0,1
736368,175,0,5684,9386,1,0,1
736369,92,0,4528,-7260,1,0,1
736370,65535,255,2365,-7516,0,0,0
736371,81,0,580,10349,1,0,1
736372,65535,255,3333,9751,0,0,0
736373,237,0,5224,9491,1,0,1
736374,281,0,5058,-7215,1,0,1
736375,287,0,3181,-7452,1,0,1
736376,102,0,435,-7568,1,0,1
736377,128,0,2515,9825,1,0,1
736378,65535,255,4692,9537,0,0,0
736379,192,0,5514,-7104,1,0,1
736380,233,0,3894,-7408,1,0,1
736381,65535,255,1418,-7569,0,0,0
736382,184,0,1600,9993,1,0,1
736383,323,0,4074,9699,1,0,1
736384,170,0,5697,9388,1,0,1
736385,212,0,4511,-7337,1,0,1
736386,171,0,2336,-7626,1,0,1
736387,65535,255,615,9686,0,0,0
736388,286,0,3355,9748,1,0,1
736389,65535,255,5236,9468,0,0,0
736390,264,0,5044,-7166,1,0,1
736391,65535,255,3158,-7473,0,0,0
736392,144,0,407,-7470,1,0,1
736393,65535,255,2530,9963,0,0,0
736394,229,0,4703,9565,1,0,1
736395,121,0,5502,-7111,1,0,1
736396,227,0,3880,-7381,1,0,1
736397,153,0,1401,-7784,1,0,1
736398,92,0,1616,10073,1,0,1
736399,120,0,4085,9704,1,0,1
736400,263,0,5705,9372,1,0,1
736401,85,0,4501,-7320,1,0,1
736402,231,0,2320,-7600,1,0,1
736403,65535,255,627,9692,0,0,0
736404,210,0,3369,9765,1,0,1
736405,65535,255,5245,9481,0,0,0
736406,194,0,5033,-7188,1,0,1
736407,128,0,3145,-7523,1,0,1
736408,65535,255,389,-7966,0,0,0
736409,215,0,2550,9860,1,0,1
736410,65535,255,4714,9558,0,0,0
736411,280,0,5492,-7086,1,0,1
736412,212,0,3864,-7376,1,0,1
736413,116,0,1378,-7690,1,0,1
736414,225,0,1634,10091,1,0,1
736415,350,0,4093,9624,1,0,1
736416,266,0,5709,9355,1,0,1
736417,65535,255,4494,-7295,0,0,0
736418,127,0,2315,-7615,1,0,1
736419,126,0,632,9954,1,0,1
736420,65535,255,3369,9712,0,0,0
736421,65535,255,5241,9471,0,0,0
736422,65535,255,5035,-7192,0,0,0
736423,133,0,3155,-7580,1,0,1
736424,115,0,401,-7467,1,0,1
736425,65535,255,2535,9837,0,0,0
736426,181,0,4703,9542,1,0,1
736427,356,0,5502,-7110,1,0,1
736428,116,0,3883,-7424,1,0,1
736429,302,0,1406,-7664,1,0,1
736430,142,0,1600,10095,1,0,1
736431,65535,255,4075,9634,0,0,0
736432,118,0,5696,9352,1,0,1
736433,332,0,4511,-7323,1,0,1
736434,142,0,2341,-7692,1,0,1
736435,65535,255,597,10342,0,0,0
736436,197,0,3347,9777,1,0,1
736437,192,0,5225,9497,1,0,1
736438,124,0,5048,-7164,1,0,1
736439,65535,255,3172,-7451,0,0,0
736440,173,0,429,-7791,1,0,1
736441,353,0,2510,9902,1,0,1
736442,65535,255,4687,9580,0,0,0
736443,165,0,5512,-7076,1,0,1
736444,176,0,3898,-7377,1,0,1
736445,65535,255,1429,-7545,0,0,0
736446,65535,255,1578,10017,0,0,0
736447,65535,255,4055,9724,0,0,0
736448,65535,255,5686,9384,0,0,0
736449,187,0,4525,-7321,1,0,1
736450,65535,255,2361,-7702,0,0,0
736451,65535,255,580,10466,0,0,0
736452,65535,255,3329,9808,0,0,0
736453,186,0,5219,9461,1,0,1
736454,65535,255,5059,-7198,0,0,0
736455,134,0,3186,-7459,1,0,1
736456,394,0,447,-7941,1,0,1
736457,219,0,2495,9930,1,0,1
736458,136,0,4677,9600,1,0,1
736459,240,0,5519,-7101,1,0,1
736460,139,2,3909,-7427,1,0,1
736461,0,0,0,0,0,0,0
736462,241,0,1567,9873,1,0,1
736463,0,0,0,0,0,0,0
736464,65535,255,5680,9401,0,0,0
736465,79,0,4532,-7307,1,0,1
736466,116,0,2375,-7700,1,0,1
736467,225,0,570,9599,1,0,1
736468,268,0,3319,9828,1,0,1
736469,356,0,5216,9478,1,0,1
736470,65535,255,5067,-7222,0,0,0
736471,0,0,0,0,0,0,0
736472,0,0,0,0,0,0,0
736473,0,0,0,0,0,0,0
736474,65535,255,4674,9565,0,0,0
736475,65535,255,6085,9263,0,0,0
736476,65535,255,3917,-7403,0,0,0
736477,210,0,1457,-7683,1,0,1
736478,127,0,1562,9872,1,0,1
736479,205,0,4044,9697,1,0,1
736480,65535,255,5680,9406,0,0,0
736481,65535,255,4538,-7325,0,0,0
736482,65535,255,2375,-7541,0,0,0
736483,65535,255,562,9887,0,0,0
736484,65535,255,3320,9735,0,0,0
736485,149,0,5213,9509,1,0,1
736486,65,0,6438,9176,1,0,1
736487,0,0,0,0,0,0,0
736488,65535,255,464,-8005,0,0,0
736489,150,0,2491,9791,1,0,1
736490,65535,255,4673,9548,0,0,0
736491,226,0,6082,9287,1,0,1
736492,133,0,3920,-7388,1,0,1
736493,65535,255,1456,-7682,0,0,0
736494,65535,255,1562,9873,0,0,0
736495,200,0,4043,9705,1,0,1
736496,203,0,5678,9379,1,0,1
736497,65535,255,6752,9066,0,0,0
736498,283,0,2380,-7581,1,0,1
736499,187,0,562,10187,1,0,1
736500,65535,255,3319,9791,0,0,0
736501,65535,255,5213,9468,0,0,0
736502,65535,255,6439,9201,0,0,0
736503,0,0,0,0,0,0,0
736504,229,0,458,-7576,1,0,0
736505,291,0,2485,9919,1,0,1
736506,226,0,4673,9613,1,0,1
736507,65535,255,6084,9299,0,0,0
736508,65535,255,3916,-7374,0,0,0
736509,65535,255,1451,-7637,0,0,0
736510,65535,255,1562,9852,0,0,0
736511,65535,255,4048,9704,0,0,0
736512,172,0,5680,9352,1,0,1
736513,65535,255,4535,-7257,0,0,0
736514,154,2,2375,-7620,1,0,1
736515,187,2,568,10355,1,0,0
736516,175,0,3319,9828,1,0,1
736517,149,0,5216,9488,1,0,1
736518,65535,255,5064,-7165,0,0,0
736519,65535,255,3195,-7439,0,0,0
736520,118,0,458,-8080,1,0,1
736521,169,0,2495,9816,1,0,1
736522,65535,255,4677,9570,0,0,0
736523,210,0,5522,-7096,1,0,1
736524,65535,255,3913,-7448,0,0,0
736525,65535,255,1446,-7654,0,0,0
736526,65535,255,1567,10102,0,0,0
736527,65535,255,4052,9681,0,0,0
736528,108,0,5681,9409,1,0,1
736529,0,0,0,0,0,0,0
736530,65535,255,2365,-7607,0,0,0
736531,65535,255,574,10356,0,0,0
736532,120,0,3329,9827,1,0,1
736533,65535,255,5219,9498,0,0,0
736534,65535,255,5058,-7182,0,0,0
736535,65535,255,3186,-7468,0,0,0
736536,246,0,443,-7193,1,0,1
736537,142,0,2500,9879,1,0,1
736538,65535,255,4680,9605,0,0,0
736539,153,0,5515,-7098,1,0,1
736540,65535,255,3902,-7383,0,0,0
736541,107,0,1434,-7707,1,0,1
736542,65535,255,1578,9955,0,0,0
736543,65535,255,4059,9637,0,0,0
736544,332,0,5688,9386,1,0,1
736545,235,0,4518,-7315,1,0,1
736546,65535,255,2350,-7555,0,0,0
736547,65535,255,591,10121,0,0,0
736548,65535,255,3338,9807,0,0,0
736549,543,0,5225,9486,1,0,1
736550,347,0,5050,-7173,1,0,1
736551,141,0,3173,-7460,1,0,1
736552,65535,255,426,-7173,0,0,0
736553,213,2,2515,9890,1,0,0
736554,310,2,4690,9615,1,0,0
736555,65535,255,6094,9289,0,0,0
736556,0,0,0,0,0,0,0
736557,201,0,1418,-7519,1,0,1
736558,65535,255,1600,9848,0,0,0
736559,0,0,0,0,0,0,0
736560,65535,255,5696,9362,0,0,0
736561,65535,255,4508,-7292,0,0,0
736562,243,0,2331,-7503,1,0,1
736563,352,0,608,10008,1,0,1
736564,264,0,3351,9787,1,0,1
736565,65535,255,5234,9484,0,0,0
736566,210,0,5039,-7174,1,0,1
736567,117,0,3159,-7472,1,0,1
736568,125,0,407,-7304,1,0,1
736569,270,0,2535,9925,1,0,1
736570,341,0,4703,9543,1,0,1
736571,65535,255,5499,-7083,0,0,0
736572,366,0,3876,-7448,1,0,1
736573,65535,255,1395,-7567,0,0,0
736574,65535,255,1622,9871,0,0,0
736575,65535,255,4087,9665,0,0,0
736576,65535,255,5705,9382,0,0,0
736577,65535,255,4497,-7325,0,0,0
736578,282,0,2315,-7599,1,0,1
736579,65535,255,632,10375,0,0,0
736580,220,0,3374,9730,1,0,0
736581,606,0,5251,9451,1,0,1
736582,65535,255,5029,-7230,0,0,0
736583,65535,255,3137,-7435,0,0,0
736584,245,0,383,-7977,1,0,1
736585,130,0,2559,9898,1,0,1
736586,276,0,4723,9534,1,0,1
736587,300,0,5489,-7076,1,0,0
736588,226,0,3864,-7442,1,0,0
736589,65535,255,1378,-7568,0,0,0
736590,65535,255,1628,9871,0,0,0
736591,313,0,4093,9626,1,0,1
736592,657,0,5707,9391,1,0,1
736593,65535,255,4501,-7337,0,0,0
736594,123,0,2325,-7626,1,0,1
736595,65535,255,621,9744,0,0,0
736596,65535,255,3360,9768,0,0,0
736597,106,0,5239,9479,1,0,0
736598,65535,255,5041,-7174,0,0,0
736599,196,0,3163,-7490,1,0,1
736600,238,0,412,-7630,1,0,1
736601,235,0,2525,9801,1,0,1
736602,0,0,0,0,0,0,0
736603,322,0,5514,-7078,1,0,1
736604,65535,255,3902,-7371,0,0,0
736605,292,0,1435,-7792,1,0,1
736606,65535,255,1578,9953,0,0,0
736607,565,2,4058,9701,1,0,0
736608,200,0,5685,9394,1,0,1
736609,0,0,0,0,0,0,0
736610,248,0,2370,-7609,1,0,1
736611,372,0,568,10007,1,0,1
736612,370,0,3324,9723,1,0,1
736613,428,0,5216,9486,1,0,1
736614,65535,255,5069,-7224,0,0,0
736615,243,0,3199,-7488,1,0,1
736616,517,0,464,-8148,1,0,1
736617,168,0,2481,9969,1,0,1
736618,65535,255,4670,9611,0,0,0
736619,336,0,5531,-7100,1,0,0
736620,65535,255,3924,-7426,0,0,0
736621,65535,255,1468,-7705,0,0,0
736622,65535,255,1551,9830,0,0,0
736623,65535,255,4036,9668,0,0,0
736624,65535,255,5672,9379,0,0,0
736625,65535,255,4548,-7269,0,0,0
736626,353,0,2394,-7593,1,0,1
736627,200,0,539,10006,1,0,1
736628,65535,255,3302,9735,0,0,0
736629,65535,255,5199,9500,0,0,0
736630,321,0,5080,-7163,1,0,1
736631,65535,255,3221,-7542,0,0,0
736632,262,0,493,-7523,1,0,1
736633,65535,255,2461,9856,0,0,0
736634,366,0,4654,9573,1,0,1
736635,587,0,5539,-7079,1,0,1
736636,528,0,3940,-7394,1,0,1
736637,65535,255,1490,-7638,0,0,0
736638,65535,255,1518,10131,0,0,0
736639,208,0,4018,9663,1,0,1
736640,65535,255,5660,9382,0,0,0
736641,290,0,4558,-7285,1,0,1
736642,560,0,2414,-7643,1,0,1
736643,65535,255,516,10323,0,0,0
736644,65535,255,3284,9794,0,0,0
736645,300,0,5188,9461,1,0,1
736646,65535,255,5092,-7207,0,0,0
736647,65535,255,3235,-7492,0,0,0
736648,472,0,512,-8242,1,0,1
736649,241,0,2442,9820,1,0,1
736650,65535,255,4642,9558,0,0,0
736651,65535,255,5547,-7072,0,0,0
736652,65535,255,3951,-7392,0,0,0
736653,65535,255,1506,-7658,0,0,0
736654,65535,255,1508,9831,0,0,0
736655,65535,255,4006,9679,0,0,0
736656,1319,1,5653,9402,1,0,1
736657,222,0,4569,-7319,1,0,1
736658,377,0,2424,-7523,1,0,1
736659,65535,255,505,9808,0,0,0
736660,323,0,3271,9730,1,0,1
736661,651,0,5180,9509,1,0,1
736662,323,0,5096,-7180,1,0,1
736663,65535,255,3244,-7453,0,0,0
736664,666,0,523,-8043,1,0,1
736665,405,0,2432,9794,1,0,1
736666,588,0,4636,9552,1,0,1
736667,221,2,5550,-7071,1,0,1
736668,245,0,3958,-7397,1,0,1
736669,989,0,1512,-7700,1,0,1
736670,174,0,1496,9896,1,0,1
736671,65535,255,3999,9710,0,0,0
736672,379,0,5649,9375,1,0,1
736673,219,0,4569,-7257,1,0,1
736674,748,0,2429,-7614,1,0,1
736675,65535,255,493,10338,0,0,0
736676,782,0,3266,9816,1,0,0
736677,435,0,5177,9479,1,0,1
736678,363,0,5096,-7153,1,0,1
736679,321,0,3249,-7556,1,0,1
736680,296,0,527,-7789,1,0,1
736681,542,0,2427,9965,1,0,1
736682,363,0,4632,9595,1,0,1
736683,65535,255,5550,-7070,0,0,0
736684,0,0,0,0,0,0,0
736685,65535,255,1518,-7635,0,0,0
736686,258,0,1497,9831,1,0,1
736687,65535,255,3999,9703,0,0,0
736688,65535,255,5648,9382,0,0,0
736689,65535,255,4569,-7263,0,0,0
736690,636,0,2429,-7640,1,0,1
736691,335,0,494,10541,1,0,1
736692,660,0,3266,9844,1,0,1
736693,503,0,5179,9500,1,0,1
736694,587,0,5095,-7184,1,0,1
736695,293,0,3244,-7471,1,0,1
736696,65535,255,524,-7373,0,0,0
736697,271,0,2432,9860,1,0,1
736698,65535,255,4635,9595,0,0,0
736699,65535,255,5549,-7099,0,0,0
736700,65535,255,3955,-7368,0,0,0
736701,65535,255,1512,-7656,0,0,0
736702,65535,255,1502,9874,0,0,0
736703,438,0,4002,9725,1,0,1
736704,333,0,5653,9367,1,0,1
736705,247,0,4569,-7288,1,0,1
736706,345,0,2424,-7508,1,0,1
736707,285,0,504,9808,1,0,1
736708,724,0,3275,9759,1,0,1
736709,233,0,5185,9459,1,0,1
736710,65535,255,5095,-7226,0,0,1
736711,179,0,3240,-7557,1,0,1
736712,318,0,516,-7852,1,0,1
736713,65535,255,2441,9795,0,0,0
736714,221,0,4645,9564,1,0,1
736715,611,0,5547,-7099,1,0,1
736716,231,0,3951,-7346,1,0,1
736717,406,0,1501,-7592,1,0,1
736718,258,0,1513,9853,1,0,1
736719,375,0,4013,9717,1,0,1
736720,65535,255,5660,9366,0,0,0
736721,291,0,4562,-7289,1,0,1
736722,65535,255,2414,-7510,0,0,0
736723,65535,255,521,9944,0,0,0
736724,127,0,3288,9776,1,0,1
736725,232,0,5193,9473,1,0,1
736726,400,0,5087,-7166,1,0,1
736727,228,0,3230,-7453,1,0,1
736728,191,0,500,-7827,1,0,1
736729,65535,255,2456,9884,0,0,0
736730,281,0,4651,9611,1,0,1
736731,285,0,5541,-7064,1,0,1
736732,0,0,0,0,0,0,0
736733,224,0,1490,-7812,1,0,0
736734,390,0,1529,10089,1,0,1
736735,284,0,4025,9686,1,0,1
736736,1656,1,5670,9355,1,0,1
736737,360,0,4551,-7278,1,0,1
736738,524,0,2398,-7660,1,0,1
736739,422,0,539,9947,1,0,1
736740,293,0,3301,9784,1,0,1
736741,65535,255,5204,9481,0,0,0
736742,531,0,5078,-7173,1,0,1
736743,609,0,3212,-7475,1,0,0
736744,65535,255,477,-7375,0,0,0
736745,142,0,2475,9921,1,0,1
736746,65535,255,4667,9543,0,0,0
736747,314,0,5531,-7089,1,0,1
736748,211,0,3928,-7453,1,0,1
736749,212,0,1462,-7590,1,0,1
736750,743,0,1557,9895,1,0,1
736751,384,0,4043,9636,1,0,1
736752,392,0,5677,9390,1,0,1
736753,65535,255,4538,-7330,0,0,0
736754,65535,255,2375,-7606,0,0,0
736755,560,0,568,9738,1,0,1
736756,470,0,3324,9735,1,0,1
736757,383,0,5216,9458,1,0,1
736758,65535,255,5063,-7155,0,0,0
736759,212,0,3190,-7448,1,0,1
736760,875,0,448,-7275,1,0,1
736761,258,0,2495,9919,1,0,1
736762,1231,1,4684,9546,1,0,1
736763,517,0,5519,-7091,1,0,1
736764,65535,255,3902,-7346,0,0,0
736765,65535,255,1434,-7661,0,0,0
736766,699,0,1584,9956,1,0,1
736767,361,0,4063,9652,1,0,1
736768,862,0,5690,9409,1,0,1
736769,278,0,4518,-7265,1,0,1
736770,268,0,2351,-7689,1,0,1
736771,461,0,597,10008,1,0,1
736772,387,0,3346,9807,1,0,1
736773,0,0,0,0,0,0,0
736774,146,0,5047,-7204,1,0,1
736775,301,0,3168,-7548,1,0,1
736776,65535,255,418,-8028,0,0,0
736777,65535,255,2525,9865,0,0,0
736778,65535,255,4700,9614,0,0,0
736779,65535,255,5502,-7077,0,0,0
736780,1667,0,3880,-7453,1,0,1
736781,271,0,1400,-7614,1,0,1
736782,65535,255,1617,9953,0,0,0
736783,65535,255,4082,9692,0,0,0
736784,65535,255,5700,9388,0,0,0
736785,318,0,4501,-7267,1,0,1
736786,515,0,2326,-7555,1,0,1
736787,433,0,621,9743,1,0,1
736788,65535,255,3356,9815,0,0,0
736789,65535,255,5237,9454,0,0,0
736790,487,0,5039,-7184,1,0,1
736791,65535,255,3159,-7558,0,0,0
736792,0,0,0,0,0,0,0
736793,65535,255,2530,9827,0,0,0
736794,65535,255,4700,9538,0,0,0
736795,65535,255,5502,-7113,0,0,0
736796,312,0,3884,-7429,1,0,1
736797,839,1,1406,-7709,1,0,1
736798,378,0,1605,9906,1,0,1
736799,539,0,4074,9650,1,0,1
736800,65535,255,5696,9367,0,0,0
736801,599,0,4508,-7341,1,0,1
736802,313,0,2335,-7515,1,0,1
736803,65535,255,610,9629,0,0,0
736804,248,0,3347,9807,1,0,1
736805,422,0,5231,9455,1,0,1
736806,367,0,5044,-7188,1,0,1
736807,360,0,3164,-7485,1,0,1
736808,65535,255,418,-7635,0,0,0
736809,309,0,2520,9878,1,0,1
736810,469,0,4694,9569,1,0,1
736811,521,0,5504,-7071,1,0,1
736812,264,0,3887,-7369,1,0,1
736813,385,0,1412,-7553,1,0,1
736814,548,0,1600,9995,1,0,1
736815,762,0,4071,9723,1,0,1
736816,236,0,5694,9381,1,0,1
736817,65535,255,4512,-7322,0,0,0
736818,65535,255,2341,-7703,0,0,0
736819,363,0,603,10312,1,0,1
736820,351,0,3347,9807,1,0,1
736821,456,0,5231,9461,1,0,1
736822,65535,255,5044,-7199,0,0,0
736823,403,0,3163,-7460,1,0,1
736824,65535,255,418,-7951,0,0,0
736825,344,0,2520,9941,1,0,1
736826,316,0,4693,9604,1,0,1
736827,394,0,5507,-7103,1,0,1
736828,295,0,3887,-7429,1,0,1
736829,65535,255,1412,-7732,0,0,0
736830,65535,255,1600,9894,0,0,0
736831,857,1,4074,9694,1,0,1
736832,418,0,5695,9399,1,0,1
736833,385,0,4511,-7309,1,0,1
736834,406,0,2341,-7690,1,0,1
736835,326,0,603,10448,1,0,1
736836,65535,255,3351,9816,0,0,0
736837,65535,255,5233,9471,0,0,0
736838,1423,0,5044,-7215,1,0,1
736839,714,0,3163,-7499,1,0,1
736840,295,0,419,-8346,1,0,1
736841,464,0,2530,9814,1,0,1
736842,290,0,4700,9551,1,0,1
736843,65535,255,6102,9255,0,0,0
736844,65535,255,3883,-7377,0,0,0
736845,830,0,1406,-7613,1,0,1
736846,362,0,1606,10098,1,0,1
736847,65535,255,4078,9665,0,0,0
736848,337,0,5700,9385,1,0,1
736849,333,0,4507,-7291,1,0,1
736850,65535,255,2330,-7677,0,0,0
736851,0,0,0,0,0,0,0
736852,65535,255,3360,9824,0,0,0
736853,372,0,5239,9474,1,0,1
736854,888,0,6457,9179,1,0,1
736855,464,0,3158,-7529,1,0,1
736856,1063,0,401,-7377,1,0,1
736857,65535,255,2540,9876,0,0,0
736858,65535,255,4706,9585,0,0,0
736859,564,0,6106,9276,1,0,1
736860,65535,255,3879,-7430,0,0,0
736861,418,0,1400,-7781,1,0,1
736862,377,0,1617,9953,1,0,1
736863,65535,255,4085,9729,0,0,0
736864,65535,255,5707,9361,0,0,0
736865,364,0,4500,-7261,1,0,1
736866,65535,255,2320,-7612,0,0,0
736867,0,0,0,0,0,0,0
736868,65535,255,3369,9786,0,0,0
736869,65535,255,5248,9463,0,0,0
736870,678,0,6461,9196,1,0,1
736871,405,0,3145,-7511,1,0,1
736872,417,0,390,-7285,1,0,1
736873,65535,255,2549,9876,0,0,0
736874,65535,255,4715,9589,0,0,0
736875,203,0,6112,9282,1,0,1
736876,65535,255,3867,-7448,0,0,0
736877,333,0,1384,-7832,1,0,1
736878,65535,255,1633,10013,0,0,0
736879,65535,255,4101,9640,0,0,0
736880,65535,255,5714,9382,0,0,0
736881,65535,255,4491,-7294,0,0,0
736882,65535,255,2305,-7684,0,0,0
736883,65535,255,650,9704,0,0,0
736884,65535,255,3386,9713,0,0,0
736885,65535,255,5256,9497,0,0,0
736886,869,0,5023,-7176,1,0,1
736887,886,0,3127,-7444,1,0,1
736888,331,0,371,-8062,1,0,1
736889,65535,255,2570,9798,0,0,0
736890,65535,255,4725,9558,0,0,0
736891,65535,255,5484,-7080,0,0,0
736892,262,0,3851,-7411,1,0,0
736893,65535,255,1360,-7762,0,0,0
736894,595,0,1655,9969,1,0,1
736895,313,0,4112,9624,1,0,1
736896,65535,255,5718,9394,0,0,0
736897,65535,255,4481,-7339,0,0,0
736898,65535,255,2294,-7657,0,0,0
736899,0,0,0,0,0,0,0
736900,65535,255,3386,9792,0,0,0
736901,65535,255,5254,9492,0,0,0
736902,65535,255,5023,-7192,0,0,0
736903,65535,255,3132,-7532,0,0,0
736904,65535,255,377,-8057,0,0,0
736905,518,0,2555,9862,1,0,1
736906,980,0,4716,9607,1,0,1
736907,65535,255,5491,-7078,0,0,0
736908,391,0,3868,-7455,1,0,1
736909,65535,255,1383,-7639,0,0,0
736910,371,0,1627,9973,1,0,1
736911,65535,255,4089,9671,0,0,0
736912,65535,255,5706,9356,0,0,0
736913,631,0,4494,-7293,1,0,1
736914,65535,255,2315,-7555,0,0,0
736915,65535,255,627,10380,0,0,0
736916,65535,255,3365,9732,0,0,0
736917,65535,255,5240,9465,0,0,0
736918,65535,255,5036,-7167,0,0,0
736919,65535,255,3154,-7490,0,0,0
736920,65535,255,406,-7709,0,0,0
736921,65535,255,2535,9826,0,0,0
736922,502,0,4700,9603,1,0,1
736923,1378,1,5499,-7072,1,0,1
736924,304,0,3884,-7444,1,0,0
736925,65535,255,1406,-7637,0,0,0
736926,285,0,1600,9976,1,0,1
736927,65535,255,4075,9680,0,0,0
736928,0,0,0,0,0,0,0
736929,65535,255,4508,-7309,0,0,0
736930,65535,255,2335,-7595,0,0,0
736931,65535,255,604,9682,0,0,0
736932,65535,255,3347,9771,0,0,0
736933,0,0,0,0,0,0,0
736934,0,0,0,0,0,0,0
736935,65535,255,3168,-7459,0,0,0
736936,65535,255,424,-7478,0,0,0
736937,65535,255,2516,9791,0,0,0
736938,450,0,4687,9594,1,0,1
736939,65535,255,5509,-7065,0,0,0
736940,277,0,3899,-7441,1,0,1
736941,349,0,1428,-7659,1,0,1
736942,65535,255,1584,10019,0,0,0
736943,65535,255,4059,9697,0,0,0
736944,442,0,5688,9374,1,0,1
736945,465,0,4522,-7331,1,0,1
736946,65535,255,2355,-7660,0,0,0
736947,65535,255,585,10010,0,0,0
736948,559,0,3333,9837,1,0,1
736949,860,0,5222,9453,1,0,1
736950,65535,255,5056,-7164,0,0,0
736951,65535,255,3186,-7505,0,0,0
736952,65535,255,446,-7936,0,0,0
736953,525,0,2501,9881,1,0,0
736954,637,0,4681,9548,1,0,1
736955,1273,0,5517,-7108,1,0,1
736956,664,0,3906,-7403,1,0,1
736957,338,0,1440,-7543,1,0,1
736958,538,0,1573,9937,1,0,1
736959,422,0,4052,9677,1,0,1
736960,641,0,5683,9371,1,0,1
736961,507,2,4528,-7330,1,0,1
736962,288,2,2370,-7672,1,0,0
736963,65535,255,573,10125,0,0,0
736964,328,0,3324,9718,1,0,1
736965,1198,0,5217,9475,1,0,1
736966,521,0,5072,-7192,1,0,1
736967,0,0,0,0,0,0,0
736968,65535,255,475,-7864,0,0,0
736969,202,2,2471,9932,1,0,0
736970,65535,255,4661,9601,0,0,0
736971,508,0,5534,-7100,1,0,1
736972,447,0,3932,-7425,1,0,1
736973,325,0,1473,-7728,1,0,1
736974,65535,255,1540,9872,0,0,0
736975,65535,255,4029,9690,0,0,0
736976,65535,255,5667,9403,0,0,0
736977,0,0,0,0,0,0,0
736978,308,0,2404,-7685,1,0,1
736979,404,0,532,9955,1,0,1
736980,376,0,3293,9821,1,0,1
736981,65535,255,5196,9475,0,0,0
736982,65535,255,5086,-7220,0,0,0
736983,65535,255,3226,-7514,0,0,0
736984,65535,255,494,-7320,0,0,0
736985,0,0,0,0,0,0,0
736986,65535,255,4651,9568,0,0,0
736987,65535,255,5542,-7079,0,0,0
736988,65535,255,3943,-7401,0,0,0
736989,65535,255,1495,-7681,0,0,0
736990,65535,255,1518,9851,0,0,0
736991,675,0,4018,9692,1,0,1
736992,560,0,5660,9405,1,0,1
736993,305,2,4565,-7321,1,0,0
736994,65535,255,2414,-7525,0,0,0
736995,65535,255,516,9812,0,0,0
736996,613,0,3284,9728,1,0,1
736997,582,0,5187,9508,1,0,1
736998,935,0,5092,-7182,1,0,1
736999,398,0,3239,-7445,1,0,1
737000,350,0,516,-7982,1,0,1
737001,256,0,2446,9780,1,0,1
737002,436,0,4645,9545,1,0,1
737003,292,0,5546,-7068,1,0,1
737004,292,0,3954,-7391,1,0,1
737005,65535,255,1506,-7679,0,0,0
737006,398,0,1507,9873,1,0,1
737007,404,0,4010,9709,1,0,1
737008,550,0,5655,9383,1,0,1
737009,312,0,4565,-7253,1,0,1
737010,487,0,2424,-7602,1,0,1
737011,456,0,504,10264,1,0,1
737012,685,0,3275,9805,1,0,1
737013,531,0,5185,9473,1,0,1
737014,320,0,5095,-7150,1,0,0
737015,664,0,3244,-7557,1,0,1
737016,565,0,516,-7790,1,0,1
737017,1014,0,2436,9963,1,0,1
737018,778,0,4639,9589,1,0,1
737019,429,0,5550,-7067,1,0,1
737020,606,0,3955,-7398,1,0,1
737021,316,0,1512,-7722,1,0,1
737022,461,0,1502,9940,1,0,1
737023,520,0,4003,9732,1,0,1
737024,388,0,5654,9371,1,0,1
737025,453,0,4569,-7289,1,0,1
737026,390,0,2430,-7693,1,0,1
737027,440,0,505,9742,1,0,1
737028,448,0,3275,9739,1,0,1
737029,714,0,5183,9494,1,0,1
737030,449,0,5095,-7211,1,0,1
737031,385,0,3244,-7519,1,0,1
737032,395,0,516,-7596,1,0,1
737033,495,0,2436,9937,1,0,1
737034,65535,255,4639,9605,0,0,0
737035,543,0,5547,-7072,1,0,1
737036,834,0,3951,-7413,1,0,1
737037,540,0,1506,-7788,1,0,1
737038,652,0,1507,10026,1,0,1
737039,65535,255,4010,9658,0,0,0
737040,982,0,5654,9397,1,0,1
737041,448,0,4566,-7332,1,0,1
737042,65535,255,2419,-7589,0,0,0
737043,65535,255,510,10327,0,0,0
737044,416,0,3275,9824,1,0,1
737045,756,0,5186,9498,1,0,1
737046,572,0,5090,-7186,1,0,1
737047,548,0,3235,-7491,1,0,1
737048,104,0,505,-7397,1,0,1
737049,237,0,2446,9910,1,0,1
737050,483,0,4642,9623,1,0,1
737051,65535,255,5543,-7068,0,0,0
737052,65535,255,3944,-7414,0,0,0
737053,65535,255,1496,-7811,0,0,0
737054,65535,255,1518,10068,0,0,0
737055,445,0,4014,9679,1,0,1
737056,463,0,5659,9415,1,0,1
737057,391,0,4555,-7265,1,0,1
737058,65535,255,2410,-7669,0,0,0
737059,342,0,522,9754,1,0,1
737060,379,0,3289,9747,1,0,1
737061,903,1,5194,9461,1,0,1
737062,614,0,5081,-7160,1,0,1
737063,65535,255,3221,-7426,0,0,0
737064,314,0,493,-8125,1,0,1
737065,393,0,2456,9845,1,0,1
737066,65535,255,4651,9598,0,0,0
737067,65535,255,5535,-7056,0,0,0
737068,395,0,3936,-7400,1,0,1
737069,468,0,1479,-7791,1,0,1
737070,171,0,1534,10045,1,0,1
737071,364,0,4025,9678,1,0,1
737072,459,0,5667,9383,1,0,1
737073,258,0,4548,-7272,1,0,1
737074,401,0,2395,-7697,1,0,1
737075,65535,255,545,9886,0,0,0
737076,333,0,3302,9784,1,0,1
737077,441,0,5202,9481,1,0,1
737078,425,0,5072,-7179,1,0,1
737079,394,0,3208,-7484,1,0,1
737080,177,2,470,-7510,1,0,1
737081,65535,255,2476,9946,0,0,0
737082,442,0,4668,9555,1,0,1
737083,435,0,5529,-7094,1,0,1
737084,402,0,3921,-7351,1,0,1
737085,303,0,1457,-7660,1,0,1
737086,331,0,1556,9937,1,0,1
737087,65535,255,4044,9647,0,0,0
737088,485,0,5678,9402,1,0,1
737089,0,0,0,0,0,0,0
737090,381,0,2370,-7500,1,0,1
737091,378,0,568,10066,1,0,1
737092,545,0,3324,9810,1,0,1
737093,358,0,5216,9499,1,0,1
737094,563,0,5061,-7201,1,0,1
737095,391,0,3190,-7535,1,0,1
737096,367,0,446,-7865,1,0,1
737097,291,0,2501,9829,1,0,1
737098,354,0,4683,9594,1,0,1
737099,307,0,5516,-7060,1,0,1
737100,273,0,3905,-7419,1,0,1
737101,336,0,1433,-7792,1,0,1
737102,326,0,1584,9832,1,0,1
737103,466,0,4063,9724,1,0,1
737104,330,0,5692,9368,1,0,1
737105,348,0,4518,-7309,1,0,1
737106,208,0,2345,-7569,1,0,1
737107,298,0,598,10396,1,0,1
737108,266,0,3351,9732,1,0,1
737109,65535,255,5233,9455,0,0,0
737110,65535,255,5047,-7158,0,0,0
737111,65535,255,3163,-7470,0,0,0
737112,306,2,413,-7392,1,0,1
737113,172,0,2530,9952,1,0,1
737114,273,0,4703,9567,1,0,1
737115,338,0,5503,-7114,1,0,1
737116,226,0,3883,-7393,1,0,1
737117,65535,255,1400,-7806,0,0,0
737118,147,0,1617,10115,1,0,1
737119,327,0,4085,9714,1,0,1
737120,294,0,5704,9397,1,0,1
737121,237,0,4500,-7274,1,0,1
737122,0,0,0,0,0,0,0
737123,298,0,621,9690,1,0,1
737124,65535,255,3360,9796,0,0,0
737125,65535,255,5240,9481,0,0,0
737126,360,0,5042,-7185,1,0,1
737127,265,0,3159,-7501,1,0,1
737128,314,0,412,-8034,1,0,1
737129,275,0,2530,9914,1,0,1
737130,139,0,4699,9580,1,0,1
737131,179,0,5506,-7063,1,0,1
737132,169,0,3889,-7424,1,0,1
737133,65535,255,1411,-7756,0,0,0
737134,142,0,1606,9831,1,0,1
737135,0,0,0,0,0,0,0
737136,37,0,5698,9362,1,0,1
737137,282,0,4514,-7328,1,0,1
737138,65535,255,2340,-7677,0,0,0
737139,311,0,603,10228,1,0,1
737140,65535,255,3347,9752,0,0,0
737141,467,0,5231,9496,1,0,1
737142,438,0,5050,-7224,1,0,1
737143,419,0,3172,-7479,1,0,1
737144,314,0,429,-7947,1,0,1
737145,65535,255,2515,9904,0,0,0
737146,65535,255,4690,9575,0,0,0
737147,65535,255,5511,-7070,0,0,0
737148,65535,255,3894,-7353,0,0,0
737149,207,0,1428,-7823,1,0,1
737150,271,0,1590,9914,1,0,1
737151,65535,255,4063,9681,0,0,0
737152,65535,255,5691,9382,0,0,0
737153,213,0,4518,-7264,1,0,1
737154,65535,255,2350,-7554,0,0,0
737155,307,0,592,9731,1,0,1
737156,271,0,3338,9817,1,0,1
737157,386,0,5225,9462,1,0,1
737158,304,0,5053,-7187,1,0,1
737159,236,0,3179,-7516,1,0,1
737160,283,0,435,-7560,1,0,1
737161,292,0,2506,9854,1,0,1
737162,0,0,0,0,0,0,0
737163,109,2,5511,-7056,1,0,1
737164,309,0,3898,-7366,1,0,1
737165,252,0,1434,-7799,1,0,1
737166,195,0,1584,9894,1,0,1
737167,65535,255,4059,9689,0,0,0
737168,65535,255,5686,9388,0,0,1
737169,65535,255,4521,-7282,0,0,0
737170,65535,255,2355,-7607,0,0,0
737171,65535,255,585,10066,0,0,0
737172,65535,255,3334,9734,0,0,0
737173,299,0,5220,9493,1,0,1
737174,302,0,5055,-7225,1,0,1
737175,305,0,3181,-7516,1,0,1
737176,294,0,440,-7912,1,0,1
737177,278,0,2506,9804,1,0,1
737178,289,0,4683,9545,1,0,1
737179,65535,255,5514,-7118,0,0,0
737180,65535,255,3902,-7448,0,0,0
737181,65535,255,1434,-7776,0,0,0
737182,334,0,1579,9894,1,0,1
737183,65535,255,4059,9689,0,0,0
737184,178,0,5686,9397,1,0,0
737185,65535,255,4521,-7295,0,0,0
737186,65535,255,2355,-7660,0,0,0
737187,65535,255,586,10292,0,0,0
737188,225,0,3333,9781,1,0,1
737189,223,0,5223,9447,1,0,0
737190,0,0,0,0,0,0,0
737191,65535,255,3177,-7439,0,0,0
737192,65535,255,435,-7790,0,0,0
737193,65535,255,2506,9918,0,0,0
737194,65535,255,4684,9600,0,0,1
737195,65535,255,5512,-7096,0,0,0
737196,65535,255,3898,-7427,0,0,0
737197,65535,255,1428,-7730,0,0,0
737198,286,0,1584,9874,1,0,1
737199,65535,255,4063,9688,0,0,0
737200,65535,255,5688,9401,0,0,0
737201,65535,255,4518,-7308,0,0,0
737202,164,0,2350,-7688,1,0,1
737203,285,0,592,9698,1,0,1
737204,253,0,3338,9827,1,0,1
737205,272,0,5225,9477,1,0,1
737206,255,0,5053,-7223,1,0,1
737207,239,0,3172,-7517,1,0,1
737208,136,0,425,-7244,1,0,1
737209,148,0,2515,9841,1,0,1
737210,214,0,4690,9564,1,0,1
737211,246,0,6096,9262,1,0,1
737212,65535,255,3894,-7397,0,0,0
737213,205,0,1417,-7660,1,0,1
737214,65535,255,1595,9853,0,0,0
737215,230,0,4070,9688,1,0,1
737216,181,0,5695,9400,1,0,1
737217,65535,255,4514,-7315,0,0,0
737218,65535,255,2340,-7501,0,0,0
737219,65535,255,603,9789,0,0,0
737220,65535,255,3351,9715,0,0,0
737221,224,0,5234,9497,1,0,1
737222,65535,255,6452,9166,0,0,0
737223,65535,255,3167,-7559,0,0,0
737224,97,0,411,-7789,1,0,1
737225,186,0,2525,9941,1,0,1
737226,65535,255,4700,9616,0,0,0
737227,65535,255,6102,9297,0,0,0
737228,175,0,3883,-7354,1,0,1
737229,232,2,1406,-7566,1,0,1
737230,332,0,1606,10077,1,0,1
737231,259,0,4082,9665,1,0,1
737232,65535,255,5702,9389,0,0,0
737233,231,0,4504,-7304,1,0,1
737234,238,0,2327,-7615,1,0,1
737235,65535,255,621,9796,0,0,0
737236,230,0,3365,9723,1,0,1
737237,193,0,5242,9505,1,0,1
737238,219,0,6459,9171,1,0,1
737239,248,0,3150,-7451,1,0,1
737240,65535,255,394,-8042,0,0,0
737241,65535,255,2545,9789,0,0,0
737242,212,0,4712,9555,1,0,0
737243,65535,255,6110,9260,0,0,0
737244,237,0,3871,-7401,1,0,1
737245,315,0,1388,-7710,1,0,1
737246,253,0,1628,9913,1,0,1
737247,65535,255,4093,9721,0,0,0
737248,65535,255,5712,9365,0,0,0
737249,243,0,4493,-7268,1,0,0
737250,65535,255,2309,-7641,0,0,0
737251,0,0,0,0,0,0,0
737252,65535,255,3381,9820,0,0,0
737253,65535,255,5253,9483,0,0,0
737254,65535,255,5026,-7183,0,0,0
737255,253,0,3136,-7570,1,0,1
737256,65535,255,371,-7882,0,0,0
737257,125,2,2564,9801,1,0,0
737258,65535,255,4725,9541,0,0,0
737259,65535,255,5488,-7093,0,0,0
737260,65535,255,3859,-7372,0,0,0
737261,65535,255,1372,-7784,0,0,0
737262,231,0,1639,9907,1,0,1
737263,95,2,4101,9619,1,0,0
737264,65535,255,5713,9396,0,0,0
737265,65535,255,4490,-7262,0,0,0
737266,184,0,2305,-7514,1,0,1
737267,65535,255,637,10217,0,0,0
737268,256,0,3378,9722,1,0,0
737269,213,0,5251,9462,1,0,1
737270,232,0,5029,-7175,1,0,1
737271,188,0,3141,-7511,1,0,1
737272,209,0,389,-7961,1,0,1
737273,220,0,2550,9875,1,0,1
737274,257,0,4713,9543,1,0,1
737275,296,0,5496,-7096,1,0,1
737276,65535,255,3871,-7378,0,0,0
737277,65535,255,1395,-7828,0,0,0
737278,65535,255,1623,9851,0,0,0
737279,65535,255,4089,9642,0,0,0
737280,258,0,5704,9377,1,0,1
737281,183,0,4498,-7286,1,0,1
737282,65535,255,2320,-7568,0,0,0
737283,65535,255,628,9640,0,0,0
737284,65535,255,3365,9768,0,0,0
737285,65535,255,5240,9495,0,0,0
737286,290,0,5038,-7210,1,0,1
737287,65535,255,3154,-7442,0,0,0
737288,65535,255,402,-7295,0,0,0
737289,65535,255,2535,9789,0,0,0
737290,65535,255,4700,9597,0,0,0
737291,65535,255,5502,-7071,0,0,0
737292,254,0,3880,-7372,1,0,1
737293,65535,255,1406,-7732,0,0,0
737294,65535,255,1606,10096,0,0,1
737295,261,0,4076,9680,1,0,1
737296,439,0,5698,9403,1,0,1
737297,65535,255,4504,-7278,0,0,0
737298,65535,255,2330,-7554,0,0,0
737299,65535,255,614,9803,0,0,0
737300,278,0,3351,9779,1,0,1
737301,65535,255,5231,9502,0,0,0
737302,633,2,5045,-7218,1,0,1
737303,325,0,3163,-7449,1,0,1
737304,65535,255,417,-7551,0,0,0
737305,221,0,2526,9827,1,0,1
737306,373,0,4694,9618,1,0,1
737307,65535,255,5504,-7097,0,0,0
737308,255,0,3887,-7383,1,0,1
737309,326,0,1415,-7737,1,0,1
737310,116,0,1601,9914,1,0,1
737311,311,0,4071,9673,1,0,1
737312,592,0,5693,9369,1,0,1
737313,65535,255,4512,-7333,0,0,0
737314,259,0,2341,-7688,1,0,1
737315,154,2,602,10174,1,0,1
737316,65535,255,3347,9734,0,0,0
737317,65535,255,5229,9482,0,0,0
737318,65535,255,5047,-7207,0,0,0
737319,303,0,3168,-7439,1,0,1
737320,143,0,424,-7476,1,0,1
737321,167,0,2521,9828,1,0,1
737322,267,2,4693,9553,1,0,0
737323,251,0,5507,-7101,1,0,1
737324,398,0,3891,-7404,1,0,1
737325,190,0,1417,-7588,1,0,1
737326,198,0,1595,9997,1,0,1
737327,204,0,4067,9710,1,0,1
737328,65535,255,5693,9396,0,0,0
737329,249,0,4511,-7276,1,0,1
737330,268,0,2360,-7584,1,0,0
737331,262,0,574,10061,1,0,1
737332,251,0,3329,9759,1,0,1
737333,724,0,5220,9444,1,0,1
737334,268,0,5061,-7189,1,0,1
737335,251,0,3190,-7460,1,0,1
737336,226,0,452,-8082,1,0,1
737337,312,0,2496,9801,1,0,1
737338,292,0,4677,9550,1,0,1
737339,341,0,5522,-7071,1,0,1
737340,312,0,3913,-7391,1,0,1
737341,65535,255,1451,-7662,0,0,0
737342,263,0,1562,9849,1,0,1
737343,286,0,4044,9695,1,0,1
737344,650,0,5678,9409,1,0,1
737345,383,0,4538,-7332,1,0,1
737346,397,0,2375,-7555,1,0,1
737347,65535,255,557,9945,0,0,0
737348,65535,255,3315,9752,0,0,0
737349,359,0,5211,9446,1,0,1
737350,402,0,5072,-7202,1,0,1
737351,65535,255,3203,-7488,0,0,0
737352,208,0,466,-7222,1,0,1
737353,65535,255,2481,9853,0,0,0
737354,304,0,4667,9582,1,0,1
737355,391,0,5529,-7101,1,0,1
737356,276,0,3924,-7448,1,0,1
737357,305,0,1468,-7861,1,0,1
737358,580,0,1545,10062,1,0,1
737359,485,0,4040,9660,1,0,1
737360,651,0,5675,9392,1,0,1
737361,651,0,4545,-7313,1,0,1
737362,453,0,2390,-7686,1,0,1
737363,491,0,546,10489,1,0,1
737364,575,0,3306,9810,1,0,1
737365,443,0,5205,9458,1,0,1
737366,452,0,5078,-7200,1,0,1
737367,65535,255,3217,-7467,0,0,0
737368,292,2,487,-7995,1,0,0
737369,459,0,2466,9959,1,0,1
737370,528,0,4658,9614,1,0,1
737371,65535,255,5539,-7112,0,0,0
737372,416,0,3939,-7446,1,0,1
737373,459,0,1484,-7792,1,0,1
737374,65535,255,1529,9937,0,0,0
737375,418,0,4025,9713,1,0,1
737376,380,0,5665,9403,1,0,1
737377,519,2,4558,-7328,1,0,0
737378,65535,255,2404,-7525,0,0,0
737379,655,0,528,9755,1,0,1
737380,65535,255,3290,9779,0,0,0
737381,65535,255,5193,9491,0,0,0
737382,749,0,5086,-7157,1,0,1
737383,515,0,3230,-7541,1,0,1
737384,65535,255,505,-7529,0,0,0
737385,759,0,2451,9883,1,0,1
737386,65535,255,4648,9586,0,0,0
737387,420,0,5544,-7092,1,0,1
737388,463,0,3946,-7422,1,0,1
737389,542,0,1501,-7746,1,0,1
737390,65535,255,1513,9917,0,0,0
737391,341,0,4014,9708,1,0,1
737392,491,0,5658,9400,1,0,1
737393,570,0,4565,-7339,1,0,1
737394,547,0,2419,-7563,1,0,1
737395,65535,255,510,9940,0,0,0
737396,65535,255,3280,9748,0,0,0
737397,495,0,5185,9519,1,0,1
737398,348,2,5092,-7186,1,0,1
737399,65535,255,3239,-7463,0,0,0
737400,557,0,516,-8043,1,0,1
737401,574,0,2442,9794,1,0,1
737402,559,0,4642,9546,1,0,1
737403,492,0,5547,-7068,1,0,1
737404,65535,255,3954,-7391,0,0,0
737405,529,0,1506,-7658,1,0,1
737406,542,0,1508,9852,1,0,1
737407,638,0,4006,9694,1,0,1
737408,644,0,5653,9411,1,0,1
737409,456,0,4569,-7332,1,0,1
737410,508,0,2424,-7562,1,0,1
737411,553,0,504,10070,1,0,1
737412,369,0,3275,9767,1,0,1
737413,600,0,5183,9453,1,0,1
737414,65535,255,5095,-7206,0,0,0
737415,65535,255,3244,-7500,0,0,0
737416,654,0,517,-7403,1,0,1
737417,608,0,2436,9872,1,0,1
737418,65535,255,4639,9588,0,0,0
737419,724,0,5549,-7103,1,0,1
737420,417,0,3953,-7397,1,0,1
737421,578,0,1507,-7576,1,0,1
737422,629,0,1502,10070,1,0,1
737423,821,0,4003,9659,1,0,1
737424,633,0,5651,9394,1,0,1
737425,476,0,4569,-7313,1,0,1
737426,355,0,2424,-7523,1,0,1
737427,65535,255,504,9939,0,0,0
737428,473,0,3271,9759,1,0,1
737429,491,0,5182,9460,1,0,1
737430,558,0,5095,-7210,1,0,1
737431,366,0,3240,-7510,1,0,1
737432,463,0,516,-7466,1,0,1
737433,511,2,2437,9899,1,0,1
737434,382,0,4639,9607,1,0,1
737435,65535,255,5545,-7058,0,0,0
737436,452,0,3951,-7368,1,0,1
737437,518,2,1506,-7635,1,0,1
737438,65535,255,1507,9852,0,0,0
737439,375,0,4007,9702,1,0,1
737440,65535,255,5653,9377,0,0,0
737441,789,0,4566,-7264,1,0,1
737442,494,0,2424,-7640,1,0,1
737443,65535,255,505,10465,0,0,0
737444,65535,255,3275,9843,0,0,0
737445,550,0,5185,9499,1,0,1
737446,0,0,0,0,0,0,0
737447,519,0,3235,-7491,1,0,1
737448,464,0,511,-7400,1,0,1
737449,65535,255,2441,9885,0,0,0
737450,542,0,4642,9606,1,0,1
737451,65535,255,5542,-7054,0,0,0
737452,546,0,3947,-7376,1,0,1
737453,65535,255,1501,-7678,0,0,0
737454,424,0,1513,9896,1,0,1
737455,65535,255,4010,9731,0,0,0
737456,518,0,5658,9370,1,0,1
737457,620,0,4562,-7307,1,0,1
737458,65535,255,2414,-7523,0,0,0
737459,444,0,516,9942,1,0,1
737460,505,0,3284,9777,1,0,1
737461,32,2,5190,9468,1,0,1
737462,548,0,5084,-7150,1,0,1
737463,65535,255,3231,-7568,0,0,0
737464,451,0,498,-7920,1,0,1
737465,65535,255,2456,9807,0,0,0
737466,367,0,4651,9569,1,0,1
737467,65535,255,5540,-7100,0,0,0
737468,387,0,3939,-7348,1,0,1
737469,65535,255,1484,-7592,0,0,0
737470,855,0,1530,9832,1,0,1
737471,551,0,4021,9715,1,0,1
737472,648,0,5665,9364,1,0,1
737473,65535,255,4551,-7291,0,0,0
737474,65535,255,2400,-7510,0,0,0
737475,592,0,533,9881,1,0,1
737476,458,0,3297,9766,1,0,1
737477,444,0,5202,9466,1,0,1
737478,65535,255,5078,-7156,0,0,0
737479,65535,255,3217,-7426,0,0,0
737480,65535,255,482,-8132,0,0,0
737481,65535,255,2471,9844,0,0,0
737482,65535,255,4661,9591,0,0,0
737483,468,0,5533,-7117,1,0,1
737484,270,0,3928,-7379,1,0,1
737485,65535,255,1468,-7726,0,0,0
737486,65535,255,1545,9980,0,0,0
737487,338,0,4036,9655,1,0,1
737488,65535,255,5675,9399,0,0,0
737489,716,0,4543,-7318,1,0,1
737490,504,0,2384,-7618,1,0,1
737491,348,0,557,10198,1,0,1
737492,65535,255,3316,9727,0,0,0
737493,346,0,5211,9469,1,0,1
737494,299,0,5069,-7216,1,0,1
737495,498,0,3199,-7553,1,0,1
737496,771,0,458,-8006,1,0,1
737497,493,0,2490,9830,1,0,1
737498,646,0,4677,9589,1,0,1
737499,551,0,5524,-7118,1,0,1
737500,539,0,3912,-7388,1,0,1
737501,65535,255,1445,-7751,0,0,0
737502,375,0,1573,10018,1,0,1
737503,0,0,0,0,0,0,0
737504,724,0,5685,9401,1,0,1
737505,460,0,4524,-7264,1,0,1
737506,570,0,2360,-7674,1,0,1
737507,487,0,586,9840,1,0,1
737508,563,0,3337,9771,1,0,1
737509,65535,255,5225,9477,0,0,0
737510,491,0,5055,-7171,1,0,1
737511,65535,255,3176,-7479,0,0,0
737512,508,0,430,-7405,1,0,1
737513,630,0,2515,9941,1,0,1
737514,458,0,4693,9551,1,0,1
737515,623,0,5511,-7098,1,0,1
737516,486,0,3890,-7354,1,0,1
737517,535,0,1417,-7661,1,0,1
737518,316,0,1600,9953,1,0,1
737519,584,0,4074,9657,1,0,1
737520,471,0,5697,9407,1,0,1
737521,453,0,4508,-7260,1,0,1
737522,348,0,2330,-7678,1,0,1
737523,0,0,0,0,0,0,0
737524,457,0,3360,9796,1,0,1
737525,65535,255,5242,9484,0,0,0
737526,564,0,5038,-7196,1,0,1
737527,65535,255,3159,-7549,0,0,0
737528,65535,255,413,-8274,0,0,1
737529,606,0,2530,9927,1,0,1
737530,65535,255,4700,9568,0,0,0
737531,65535,255,5504,-7117,0,0,0
737532,65535,255,3887,-7414,0,0,0
737533,65535,255,1412,-7566,0,0,0
737534,65535,255,1601,9934,0,0,0
737535,65535,255,4074,9672,0,0,0
737536,373,0,5696,9363,1,0,1
737537,571,0,4514,-7315,1,0,1
737538,65535,255,2345,-7622,0,0,0
737539,65535,255,597,9900,0,0,0
737540,65535,255,3342,9817,0,0,0
737541,0,0,0,0,0,0,0
737542,65535,255,5050,-7158,0,0,0
737543,65535,255,3177,-7488,0,0,0
737544,459,0,435,-7793,1,0,1
737545,619,0,2510,9866,1,0,1
737546,470,0,4687,9540,1,0,1
737547,65535,255,5514,-7101,0,0,0
737548,65535,255,3898,-7397,0,0,0
737549,65535,255,1429,-7519,0,0,0
737550,489,0,1579,9915,1,0,1
737551,665,0,4056,9675,1,0,1
737552,65535,255,5686,9370,0,0,0
737553,492,0,4525,-7325,1,0,1
737554,552,0,2360,-7673,1,0,1
737555,65535,255,573,10124,0,0,0
737556,370,0,3329,9716,1,0,1
737557,487,0,5217,9473,1,0,1
737558,387,0,5059,-7191,1,0,1
737559,65535,255,3190,-7563,0,0,0
737560,342,0,448,-7272,1,0,1
737561,526,0,2496,9779,1,0,1
737562,65535,255,4674,9602,0,0,0
737563,65535,255,5519,-7081,0,0,0
737564,577,0,3909,-7365,1,0,1
737565,649,0,1451,-7820,1,0,1
737566,725,0,1562,9875,1,0,1
737567,442,0,4045,9662,1,0,1
737568,65535,255,5679,9367,0,0,0
737569,662,0,4535,-7329,1,0,1
737570,65535,255,2375,-7685,0,0,0
737571,65535,255,562,10243,0,0,0
737572,497,0,3316,9746,1,0,1
737573,65535,255,5211,9485,0,0,0
737574,65535,255,5067,-7215,0,0,0
737575,564,0,3199,-7456,1,0,1
737576,65535,255,464,-7718,0,0,0
737577,471,0,2481,9857,1,0,1
737578,65535,255,4671,9549,0,0,0
737579,738,0,6079,9294,1,0,1
737580,65535,255,3921,-7430,0,0,0
737581,65535,255,1457,-7657,0,0,0
737582,65535,255,1551,10086,0,0,0
737583,475,2,4037,9708,1,0,0
737584,691,0,5673,9413,1,0,1
737585,709,0,4542,-7303,1,0,1
737586,403,0,2384,-7631,1,0,1
737587,423,0,551,10067,1,0,1
737588,430,0,3311,9728,1,0,1
737589,724,0,5205,9481,1,0,1
737590,523,0,6433,9193,1,0,1
737591,65535,255,3207,-7454,0,0,0
737592,65535,255,469,-7789,0,0,0
737593,483,0,2476,9883,1,0,1
737594,366,0,4665,9563,1,0,1
737595,65535,255,6077,9307,0,0,0
737596,302,0,3924,-7341,1,0,1
737597,449,0,1468,-7768,1,0,1
737598,65535,255,1546,9854,0,0,0
737599,258,0,4037,9664,1,0,1
737600,289,0,5673,9373,1,0,1
737601,381,0,4542,-7254,1,0,1
737602,65535,255,2389,-7537,0,0,0
737603,65535,255,546,9644,0,0,0
737604,65535,255,3306,9813,0,0,0
737605,628,0,5205,9456,1,0,1
737606,1191,0,6432,9176,1,0,1
737607,535,2,3213,-7569,1,0,0
737608,461,0,475,-7509,1,0,1
737609,406,0,2476,9845,1,0,1
737610,65535,255,4664,9551,0,0,0
737611,65535,255,6078,9299,0,0,0
737612,65535,255,3928,-7451,0,0,0
737613,65535,255,1473,-7747,0,0,0
737614,65535,255,1546,9854,0,0,0
737615,65535,255,4032,9671,0,0,0
737616,563,0,5670,9383,1,0,1
737617,380,0,4545,-7266,1,0,1
737618,65535,255,2389,-7577,0,0,0
737619,65535,255,545,9886,0,0,0
737620,573,0,3303,9802,1,0,1
737621,65535,255,5205,9477,0,0,0
737622,65535,255,5077,-7212,0,0,0
737623,65535,255,3212,-7473,0,0,0
737624,65535,255,481,-7990,0,0,0
737625,65535,255,2471,9934,0,0,0
737626,65535,255,4662,9597,0,0,0
737627,65535,255,5533,-7092,0,0,0
737628,65535,255,3928,-7400,0,0,0
737629,648,0,1473,-7634,1,0,1
737630,65535,255,1541,10085,0,0,0
737631,541,0,4034,9641,1,0,1
737632,710,0,5671,9364,1,0,1
737633,339,0,4545,-7280,1,0,1
737634,65535,255,2389,-7537,0,0,0
737635,65535,255,547,9699,0,0,0
737636,440,0,3307,9839,1,0,1
737637,65535,255,5205,9471,0,0,0
737638,65535,255,5074,-7208,0,0,0
737639,474,0,3211,-7473,1,0,1
737640,0,0,0,0,0,0,0
737641,65535,255,2471,9946,0,0,0
737642,65535,255,4665,9603,0,0,0
737643,65535,255,5531,-7101,0,0,0
737644,486,0,3927,-7422,1,0,1
737645,65535,255,1467,-7701,0,0,0
737646,65535,255,1547,9830,0,0,0
737647,65535,255,4037,9669,0,0,0
737648,65535,255,5674,9385,0,0,0
737649,310,0,4541,-7279,1,0,1
737650,65535,255,2384,-7616,0,0,0
737651,467,0,551,10123,1,0,1
737652,65535,255,3312,9755,0,0,0
737653,685,0,5206,9511,1,0,1
737654,774,0,5071,-7172,1,0,1
737655,432,0,3207,-7559,1,0,1
737656,65535,255,469,-7572,0,0,0
737657,242,0,2481,9882,1,0,1
737658,65535,255,4668,9578,0,0,0
737659,625,0,5528,-7079,1,0,1
737660,65535,255,3920,-7393,0,0,0
737661,557,0,1462,-7633,1,0,1
737662,495,0,1552,10125,1,0,0
737663,530,0,4041,9661,1,0,1
737664,513,0,5676,9381,1,0,1
737665,682,0,4538,-7279,1,0,1
737666,512,0,2379,-7617,1,0,1
737667,523,0,557,10179,1,0,1
737668,420,0,3316,9764,1,0,1
737669,539,0,5210,9495,1,0,1
737670,567,0,5066,-7183,1,0,1
737671,293,0,3194,-7436,1,0,1
737672,453,0,457,-7855,1,0,1
737673,428,0,2486,9932,1,0,1
737674,453,0,4672,9607,1,0,1
737675,567,0,5523,-7107,1,0,0
737676,268,0,3912,-7439,1,0,1
737677,0,0,0,0,0,0,0
737678,377,0,1563,9956,1,0,1
737679,65535,255,4049,9718,0,0,0
737680,65535,255,5680,9374,0,0,0
737681,65535,255,4530,-7336,0,0,0
737682,419,0,2364,-7551,1,0,1
737683,1150,0,575,9889,1,0,1
737684,65535,255,3326,9735,0,0,0
737685,368,0,5218,9504,1,0,1
737686,467,0,5058,-7174,1,0,1
737687,65535,255,3185,-7428,0,0,0
737688,12533,1,446,-7858,1,0,1
737689,604,0,2502,9943,1,0,1
737690,592,0,4682,9618,1,0,1
737691,667,0,5516,-7118,1,0,1
737692,939,0,3901,-7351,1,0,1
737693,5889,0,1433,-7540,1,0,1
737694,3755,0,1563,10057,1,0,1
737695,952,0,4045,9657,1,0,1
737696,397,0,5921,-7011,1,0,1
737697,364,0,4534,-7302,1,0,1
737698,403,0,2377,-7634,1,0,1
737699,398,0,564,9765,1,0,1
737700,354,0,3317,9722,1,0,1
737701,65535,255,5209,9507,0,0,0
737702,494,0,5068,-7182,1,0,1
737703,65535,255,3198,-7459,0,0,0
737704,415,2,469,-8137,1,0,1
737705,691,0,2482,9814,1,0,1
737706,65535,255,4669,9568,0,0,0
737707,65535,255,5528,-7088,0,0,0
737708,65535,255,3924,-7426,0,0,0
737709,65535,255,1462,-7798,0,0,0
737710,65535,255,1552,9995,0,0,0
737711,336,0,4038,9644,1,0,1
737712,475,0,5674,9382,1,0,1
737713,65535,255,4541,-7301,0,0,1
737714,65535,255,2384,-7500,0,0,0
737715,65535,255,552,9819,0,0,0
737716,320,0,3311,9743,1,0,1
737717,267,0,5205,9457,1,0,1
737718,603,0,5075,-7207,1,0,1
737719,271,0,3208,-7506,1,0,1
737720,400,0,476,-7515,1,0,1
737721,429,0,2471,9918,1,0,1
737722,610,0,4664,9618,1,0,1
737723,533,0,5532,-7059,1,0,1
737724,530,0,3928,-7388,1,0,1
737725,277,2,1467,-7705,1,0,1
737726,1026,0,1546,9935,1,0,1
737727,406,0,4037,9624,1,0,1
737728,356,0,5673,9379,1,0,1
737729,0,0,0,0,0,0,0
737730,0,0,0,0,0,0,0
737731,65535,255,545,10066,0,0,0
737732,375,0,3306,9791,1,0,1
737733,488,0,5205,9479,1,0,1
737734,65535,255,5075,-7165,0,0,0
737735,346,0,3212,-7439,1,0,1
737736,443,0,482,-8132,1,0,1
737737,215,0,2476,9842,1,0,1
737738,65535,255,4664,9589,0,0,0
737739,574,0,5534,-7117,1,0,1
737740,65535,255,3928,-7373,0,0,0
737741,65535,255,1468,-7683,0,0,0
737742,497,0,1546,9936,1,0,1
737743,492,0,4037,9631,1,0,1
737744,65535,255,5673,9384,0,0,0
737745,65535,255,4545,-7319,0,0,0
737746,517,0,2389,-7566,1,0,1
737747,517,0,545,10249,1,0,1
737748,483,0,3306,9819,1,0,1
737749,65535,255,5208,9499,0,0,0
737750,65535,255,5072,-7190,0,0,0
737751,65535,255,3208,-7496,0,0,0
737752,65535,255,470,-7579,0,0,0
737753,560,0,2476,9945,1,0,1
737754,65535,255,4670,9553,0,0,0
737755,65535,255,5529,-7091,0,0,0
737756,484,0,3924,-7455,1,0,1
737757,468,0,1463,-7590,1,0,1
737758,65535,255,1557,9872,0,0,0
737759,65535,255,4040,9726,0,0,0
737760,485,0,5677,9379,1,0,1
737761,617,0,4537,-7320,1,0,1
737762,477,0,2379,-7580,1,0,1
737763,452,0,557,10364,1,0,1
737764,429,0,3318,9750,1,0,1
737765,574,0,5212,9475,1,0,1
737766,497,0,5069,-7217,1,0,1
737767,65535,255,3199,-7554,0,0,0
737768,269,0,458,-8009,1,0,1
737769,410,0,2491,9841,1,0,1
737770,537,0,4674,9600,1,0,1
737771,316,0,5521,-7060,1,0,1
737772,438,0,3913,-7412,1,0,1
737773,437,0,1451,-7844,1,0,1
737774,65535,255,1568,10123,0,0,0
737775,706,0,4052,9703,1,0,0
737776,710,0,5683,9369,1,0,0
737777,548,0,4528,-7308,1,0,0
737778,549,0,2365,-7568,1,0,0
737779,447,0,574,10296,1,0,1
737780,527,0,3333,9714,1,0,1
737781,65535,255,5222,9445,0,0,0
737782,65535,255,5058,-7225,0,0,0
737783,65535,255,3182,-7474,0,0,0
737784,65535,255,442,-8318,0,0,0
737785,237,0,2506,9890,1,0,1
737786,383,0,4687,9533,1,0,1
737787,346,0,5514,-7084,1,0,1
737788,570,0,3898,-7458,1,0,1
737789,352,0,1429,-7615,1,0,1
737790,454,0,1589,9933,1,0,1
737791,65535,255,4067,9650,0,0,0
737792,438,0,5690,9403,1,0,1
737793,404,0,4514,-7267,1,0,1
737794,379,0,2345,-7691,1,0,1
737795,65535,255,597,10007,0,0,0
737796,65535,255,3347,9805,0,0,0
737797,65535,255,5231,9500,0,0,0
737798,0,0,0,0,0,0,0
737799,65535,255,3163,-7510,0,0,0
737800,564,0,411,-7800,1,0,1
737801,65535,255,2531,9814,0,0,0
737802,635,0,4700,9596,1,0,1
737803,347,0,5501,-7060,1,0,1
737804,391,0,3879,-7424,1,0,1
737805,416,0,1401,-7547,1,0,1
737806,65535,255,1617,9874,0,0,0
737807,385,0,4083,9634,1,0,1
737808,520,0,5703,9400,1,0,1
737809,495,0,4497,-7264,1,0,1
737810,416,0,2320,-7698,1,0,1
737811,344,0,626,10069,1,0,1
737812,335,0,3369,9811,1,0,1
737813,65535,255,5246,9447,0,0,0
737814,304,0,5032,-7171,1,0,1
737815,357,0,3150,-7532,1,0,1
737816,65535,255,401,-8295,0,0,0
737817,253,2,2536,9951,1,0,1
737818,65535,255,4703,9596,0,0,1
737819,339,0,5499,-7079,1,0,1
737820,376,0,3879,-7372,1,0,1
737821,446,0,1406,-7856,1,0,1
737822,65535,255,1612,9914,0,0,0
737823,322,0,4079,9678,1,0,1
737824,65535,255,5698,9380,0,0,0
737825,233,0,4504,-7257,1,0,1
737826,273,0,2335,-7530,1,0,1
737827,65535,255,610,9636,0,0,0
737828,620,0,3351,9797,1,0,1
737829,383,0,5234,9445,1,0,1
737830,290,0,5044,-7169,1,0,1
737831,371,0,3168,-7539,1,0,1
737832,323,0,421,-7428,1,0,1
737833,305,0,2521,9791,1,0,1
737834,65535,255,4690,9611,0,0,0
737835,65535,255,5509,-7098,0,0,0
737836,65535,255,3894,-7399,0,0,0
737837,593,0,1423,-7594,3,0,0
737838,554,0,1590,10039,1,0,1
737839,317,0,4063,9724,1,0,1
737840,240,0,5691,9374,1,0,1
737841,65535,255,4517,-7304,0,0,0
737842,254,0,2350,-7650,1,0,1
737843,348,0,591,10182,1,0,1
737844,328,0,3338,9744,1,0,1
737845,28,2,5225,9498,1,0,1
737846,200,0,5055,-7229,1,0,1
737847,65535,255,3180,-7499,0,0,0
737848,301,2,441,-8102,1,0,1
737849,261,2,2506,9944,1,0,1
737850,65535,255,4684,9600,0,0,0
737851,340,0,5516,-7088,1,0,1
737852,65535,255,3902,-7398,0,0,0
737853,394,0,1434,-7593,1,0,1
737854,381,0,1573,10041,1,0,1
737855,288,0,4055,9707,1,0,1
737856,280,0,5685,9369,1,0,1
737857,65535,255,4528,-7320,0,0,0
737858,65535,255,2365,-7688,0,0,0
737859,363,0,574,10361,1,0,1
737860,498,0,3329,9782,1,0,1
737861,220,0,5220,9514,1,0,1
737862,429,0,5061,-7171,1,0,1
737863,422,0,3190,-7546,1,0,1
737864,352,0,447,-7357,1,0,1
737865,416,0,2496,9831,1,0,1
737866,248,0,4681,9548,1,0,1
737867,384,0,5521,-7071,1,0,1
737868,386,0,3910,-7397,1,0,1
737869,155,0,1446,-7799,1,0,1
737870,65535,255,1567,9917,0,0,0
737871,275,0,4052,9697,1,0,1
737872,241,0,5683,9397,1,0,1
737873,394,0,4531,-7300,1,0,1
737874,65535,255,2370,-7647,0,0,0
737875,65535,255,568,10245,0,0,0
737876,322,0,3324,9764,1,0,1
737877,434,0,5217,9515,1,0,1
737878,65535,255,5063,-7175,0,0,0
737879,432,0,3194,-7563,1,0,1
737880,416,2,452,-7575,1,0,0
737881,65535,255,2490,9869,0,0,0
737882,378,0,4677,9572,1,0,1
737883,450,0,5524,-7076,1,0,1
737884,560,0,3913,-7388,1,0,1
737885,309,0,1451,-7592,1,0,1
737886,337,0,1563,10084,1,0,1
737887,366,0,4048,9647,1,0,1
737888,363,0,5681,9371,1,0,1
737889,65535,255,4531,-7263,0,0,0
737890,268,0,2370,-7580,1,0,1
737891,370,0,568,10011,1,0,1
737892,558,0,3324,9745,1,0,1
737893,418,0,5214,9505,1,0,1
737894,65535,255,5064,-7170,0,0,0
737895,436,0,3194,-7563,1,0,1
737896,65535,255,452,-7575,0,0,0
737897,65535,255,2491,9894,0,0,0
737898,453,0,4677,9589,1,0,1
737899,65535,255,5521,-7091,0,0,0
737900,456,0,3913,-7418,1,0,1
737901,607,0,1445,-7728,1,0,1
737902,438,0,1568,9875,1,0,1
737903,539,0,4052,9698,1,0,1
737904,399,0,5681,9403,1,0,1
737905,341,2,4531,-7319,1,0,1
737906,65535,255,2365,-7500,0,0,0
737907,374,0,575,9724,1,0,1
737908,455,0,3326,9806,1,0,1
737909,423,0,5217,9489,1,0,1
737910,251,0,5058,-7155,1,0,1
737911,319,0,3190,-7545,1,0,1
737912,382,0,446,-7571,1,0,1
737913,331,0,2496,9907,1,0,1
737914,0,0,0,0,0,0,0
737915,65535,255,5519,-7104,0,0,0
737916,279,0,3905,-7442,1,0,1
737917,0,0,0,0,0,0,0
737918,0,0,0,0,0,0,0
737919,65535,255,4058,9672,0,0,0
737920,345,0,5686,9366,1,0,1
737921,65535,255,4521,-7270,0,0,0
737922,449,0,2355,-7621,1,0,1
737923,558,0,580,10239,1,0,1
737924,65535,255,3334,9800,0,0,0
737925,377,0,5223,9468,1,0,1
737926,65535,255,5055,-7222,0,0,0
737927,389,2,3181,-7526,1,0,1
737928,314,0,435,-7412,1,0,1
737929,501,0,2511,9892,1,0,1
737930,375,0,4687,9594,1,0,1
737931,278,0,5511,-7105,1,0,1
737932,65535,255,3898,-7457,0,0,0
737933,65535,255,1426,-7706,0,0,0
737934,469,0,1590,10059,1,0,1
737935,65535,255,4067,9652,0,0,0
737936,462,0,5691,9387,1,0,1
737937,65535,255,4514,-7302,0,0,0
737938,418,0,2344,-7666,1,0,1
737939,388,0,604,9794,1,0,1
737940,467,0,3347,9724,1,0,1
737941,65535,255,5231,9512,0,0,0
737942,230,0,5044,-7188,1,0,1
737943,213,0,3163,-7470,1,0,1
737944,451,0,419,-8349,1,0,1
737945,426,0,2525,9842,1,0,1
737946,65535,255,4697,9581,0,0,0
737947,428,0,6101,9277,1,0,1
737948,65535,255,3883,-7444,0,0,0
737949,384,0,1406,-7852,1,0,1
737950,65535,255,1606,10057,0,0,0
737951,65535,255,4079,9658,0,0,0
737952,65535,255,5701,9394,0,0,0
737953,65535,255,4504,-7316,0,0,0
737954,295,0,2325,-7528,1,0,0
737955,332,0,620,9960,1,0,1
737956,483,0,3365,9769,1,0,1
737957,633,0,5243,9459,1,0,1
737958,65535,255,6457,9197,0,0,0
737959,383,2,3150,-7530,1,0,0
737960,65535,255,394,-7544,0,0,0
737961,618,0,2545,9939,1,0,1
737962,65535,255,4712,9543,0,0,0
737963,503,2,6108,9255,1,0,1
737964,65535,255,3867,-7394,0,0,0
737965,65535,255,1383,-7711,0,0,0
737966,65535,255,1633,9933,0,0,0
737967,65535,255,4093,9670,0,0,0
737968,314,0,5710,9365,1,0,1
737969,65535,255,4494,-7318,0,0,0
737970,65535,255,2314,-7641,0,0,0
737971,65535,255,632,9960,0,0,0
737972,65535,255,3370,9831,0,0,0
737973,65535,255,5245,9454,0,0,0
737974,65535,255,5035,-7169,0,0,0
737975,65535,255,3148,-7509,0,0,0
737976,65535,255,394,-8045,0,0,0
737977,65535,255,2540,9889,0,0,0
737978,282,0,4710,9556,1,0,1
737979,258,0,6107,9292,1,0,1
737980,65535,255,3875,-7416,0,0,0
737981,65535,255,1395,-7592,0,0,0
737982,65535,255,1617,9975,0,0,0
737983,0,0,0,0,0,0,0
737984,65535,255,5703,9380,0,0,0
737985,309,0,4504,-7342,1,0,1
737986,516,0,2330,-7706,1,0,1
737987,348,0,615,10228,1,0,1
737988,65535,255,3361,9740,0,0,0
737989,65535,255,5237,9485,0,0,0
737990,302,0,5043,-7200,1,0,1
737991,327,0,3161,-7572,1,0,1
737992,65535,255,412,-7305,0,0,0
737993,423,0,2531,9801,1,0,1
737994,408,0,4700,9608,1,0,1
737995,526,0,5505,-7086,1,0,1
737996,376,0,3886,-7369,1,0,1
737997,65535,255,1411,-7826,0,0,0
737998,65535,255,1601,9871,0,0,0
737999,65535,255,4075,9657,0,0,0
738000,225,0,5699,9362,1,0,1
738001,249,0,4513,-7328,1,0,1
738002,421,0,2339,-7676,1,0,1
738003,400,0,603,10171,1,0,1
738004,65535,255,3352,9732,0,0,0
738005,395,0,5234,9481,1,0,1
738006,65535,255,5048,-7203,0,0,0
738007,65535,255,3167,-7430,0,0,0
738008,391,0,423,-7474,1,0,1
738009,497,0,2521,9827,1,0,1
738010,389,0,4694,9572,1,0,1
738011,65535,255,5510,-7102,0,0,0
738012,65535,255,3893,-7398,0,0,0
738013,483,0,1422,-7565,1,0,1
738014,390,0,1590,9996,1,0,1
738015,65535,255,4067,9702,0,0,0
738016,309,0,5693,9390,1,0,1
738017,0,0,0,0,0,0,0
738018,65535,255,2344,-7554,0,0,0
738019,0,0,0,0,0,0,0
738020,65535,255,3344,9806,0,0,0
738021,65535,255,5229,9446,0,0,0
738022,65535,255,5051,-7172,0,0,0
738023,510,0,3175,-7535,1,0,1
738024,769,0,435,-8318,1,0,1
738025,65535,255,2512,9933,0,0,0
738026,65535,255,4688,9599,0,0,0
738027,571,0,5513,-7087,1,0,1
738028,447,2,3897,-7382,1,0,0
738029,65535,255,1423,-7518,0,0,0
738030,661,0,1585,9955,1,0,1
738031,362,0,4064,9695,1,0,1
738032,65535,255,5689,9391,0,0,0
738033,65535,255,4517,-7277,0,0,0
738034,578,0,2349,-7580,1,0,1
738035,65535,255,592,9840,0,0,0
738036,296,0,3339,9827,1,0,1
738037,353,0,5227,9461,1,0,1
738038,563,0,5052,-7192,1,0,1
738039,65535,255,3176,-7478,0,0,0
738040,468,0,434,-7556,1,0,1
738041,623,0,2511,9853,1,0,1
738042,603,0,4688,9551,1,0,1
738043,1152,1,5513,-7124,1,0,1
738044,65535,255,3897,-7448,0,0,0
738045,65535,255,1427,-7752,0,0,0
738046,570,0,1585,9852,1,0,1
738047,65535,255,4064,9666,0,0,0
738048,0,0,0,0,0,0,0
738049,619,0,4517,-7257,1,0,1
738050,484,0,2349,-7540,1,0,1
738051,491,0,594,9728,1,0,1
738052,678,0,3339,9826,1,0,1
738053,404,0,5227,9462,1,0,1
738054,65535,255,5052,-7196,0,0,0
738055,280,0,3172,-7438,1,0,1
738056,390,0,428,-7710,1,0,1
738057,65535,255,2512,9891,0,0,0
738058,433,0,6568,-6752,1,0,1
738059,735,0,5520,-7099,1,0,1
738060,65535,255,3909,-7451,0,0,1
738061,474,0,1445,-7595,1,0,1
738062,0,0,0,0,0,0,0
738063,739,0,4049,9679,1,0,1
738064,65535,255,5680,9407,0,0,0
738065,637,0,4530,-7341,1,0,1
738066,629,0,2369,-7597,1,0,1
738067,475,0,570,10292,1,0,1
738068,734,0,3321,9825,1,0,1
738069,738,0,5213,9491,1,0,1
738070,65535,255,5063,-7178,0,0,0
738071,547,0,3193,-7460,1,0,1
738072,65535,255,459,-8297,0,0,0
738073,553,0,2492,9865,1,0,1
738074,65535,255,4672,9598,0,0,0
738075,1064,1,5523,-7120,1,0,1
738076,589,0,3912,-7377,1,0,1
738077,65535,255,1450,-7684,0,0,0
738078,560,0,1563,9933,1,0,1
738079,65535,255,4050,9629,0,0,0
738080,541,0,5680,9381,1,0,1
738081,826,0,4533,-7314,1,0,1
738082,285,0,2369,-7543,1,0,1
738083,764,0,563,10121,1,0,1
738084,423,0,3321,9807,1,0,1
738085,651,0,5213,9486,1,0,1
738086,779,0,5064,-7178,1,0,1
738087,988,0,3194,-7478,1,0,1
738088,255,2,453,-7289,1,0,1
738089,65535,255,2491,9905,0,0,0
738090,805,0,4675,9586,1,0,1
738091,979,0,5521,-7074,1,0,1
738092,65535,255,3913,-7428,0,0,0
738093,372,0,1451,-7846,1,0,1
738094,65535,255,1563,10102,0,0,0
738095,65535,255,4048,9696,0,0,0
738096,65535,255,5683,9358,0,0,0
738097,966,0,4531,-7290,1,0,1
738098,280,0,2365,-7503,1,0,1
738099,65535,255,574,10009,0,0,0
738100,561,0,3324,9799,1,0,1
738101,974,0,5216,9492,1,0,1
738102,946,1,5060,-7188,1,0,1
738103,481,0,3190,-7499,1,0,1
738104,871,0,446,-7646,1,0,1
738105,664,0,2500,9799,1,0,1
738106,356,0,4681,9569,1,0,0
738107,300,0,5518,-7108,1,0,1
738108,65535,255,3905,-7377,0,0,0
738109,543,0,1439,-7733,1,0,1
738110,439,0,1578,10017,1,0,1
738111,65535,255,4060,9673,0,0,0
738112,0,0,0,0,0,0,0
738113,65535,255,4524,-7279,0,0,0
738114,351,0,2355,-7503,1,0,1
738115,0,0,0,0,0,0,0
738116,65535,255,3338,9825,0,0,0
738117,581,0,5225,9506,1,0,1
738118,65535,255,5055,-7210,0,0,0
738119,65535,255,3181,-7558,0,0,0
738120,65535,255,435,-8176,0,0,0
738121,532,0,2515,9877,1,0,1
738122,824,0,4691,9574,1,0,1
738123,65535,255,5511,-7082,0,0,0
738124,641,0,3898,-7459,1,0,1
738125,65535,255,1423,-7641,0,0,0
738126,65535,255,1595,9975,0,0,0
738127,637,0,4071,9664,1,0,1
738128,1321,1,5698,9352,1,0,1
738129,513,0,4514,-7286,1,0,1
738130,65535,255,2340,-7544,0,0,0
738131,639,0,603,10285,1,0,1
738132,813,0,3356,9722,1,0,1
738133,65535,255,5237,9458,0,0,0
738134,715,0,5044,-7165,1,0,1
738135,252,0,3158,-7473,1,0,1
738136,737,0,412,-8039,1,0,1
738137,65535,255,2530,9939,0,0,0
738138,424,0,4700,9596,1,0,1
738139,794,0,5506,-7092,1,0,1
738140,296,0,3886,-7401,1,0,1
738141,910,0,1411,-7641,1,0,1
738142,977,0,1600,10097,1,0,1
738143,617,0,4075,9642,1,0,1
738144,1409,0,5695,9366,1,0,1
738145,199,0,4514,-7342,1,0,1
738146,623,0,2345,-7544,1,0,1
738147,65535,255,598,9789,0,0,0
738148,1200,0,3342,9843,1,0,1
738149,851,0,5228,9475,1,0,1
738150,923,0,5052,-7215,1,0,1
738151,411,0,3176,-7481,1,0,1
738152,65535,255,429,-8107,0,0,0
738153,65535,255,2512,9921,0,0,0
738154,889,0,4687,9616,1,0,1
738155,458,0,5514,-7107,1,0,1
738156,226,2,3898,-7436,1,0,1
738157,418,0,1428,-7757,1,0,1
738158,640,0,1584,9894,1,0,1
738159,510,0,4059,9695,1,0,0
738160,1483,0,5688,9400,1,0,1
738161,65535,255,4521,-7302,0,0,0
738162,863,0,2360,-7676,1,0,1
738163,650,0,580,10352,1,0,1
738164,935,0,3333,9799,1,0,1
738165,493,0,5223,9456,1,0,1
738166,65535,255,5058,-7198,0,0,0
738167,643,0,3185,-7459,1,0,1
738168,742,0,446,-8016,1,0,1
738169,454,0,2501,9956,1,0,1
738170,803,0,4681,9617,1,0,1
738171,630,0,5518,-7110,1,0,1
738172,862,0,3907,-7449,1,0,1
738173,596,0,1441,-7801,1,0,1
738174,65535,255,1572,9958,0,0,0
738175,635,0,4050,9718,1,0,1
738176,65535,255,5683,9383,0,0,0
738177,810,0,4529,-7332,1,0,1
738178,298,0,2361,-7527,1,0,1
738179,646,0,573,9837,1,0,1
738180,0,0,0,0,0,0,0
738181,792,0,5216,9493,1,0,1
738182,625,0,5060,-7160,1,0,1
738183,65535,255,3191,-7544,0,0,0
738184,982,0,448,-7570,1,0,1
738185,1182,0,2494,9893,1,0,1
738186,65535,255,4676,9589,0,0,0
738187,1628,0,5518,-7095,1,0,1
738188,642,0,3911,-7419,1,0,1
738189,555,0,1446,-7729,1,0,1
738190,694,0,1566,9895,1,0,1
738191,303,0,4050,9704,1,0,1
738192,902,0,5679,9400,1,0,1
738193,542,0,4529,-7331,1,0,1
738194,657,0,2366,-7540,1,0,1
738195,645,0,573,9893,1,0,1
738196,789,0,3323,9736,1,0,1
738197,638,0,5213,9504,1,0,1
738198,371,0,5060,-7175,1,0,1
738199,65535,255,3191,-7428,0,0,0
738200,65535,255,453,-7863,0,0,0
738201,924,0,2495,9957,1,0,1
738202,365,0,4676,9619,1,0,1
738203,882,0,5519,-7103,1,0,1
738204,499,0,3906,-7359,1,0,1
738205,704,0,1441,-7566,1,0,1
738206,715,0,1566,10083,1,0,1
738207,65535,255,4051,9654,0,0,0
738208,65535,255,5682,9384,0,0,0
738209,65535,255,4529,-7300,0,0,0
738210,65535,255,2366,-7687,0,0,0
738211,65535,255,574,9661,0,0,0
738212,809,0,3325,9810,1,0,1
738213,65535,255,5218,9494,0,0,0
738214,65535,255,5059,-7165,0,0,0
738215,65535,255,3189,-7533,0,0,0
738216,403,0,447,-7861,1,0,1
738217,143,2,2495,9957,1,0,1
738218,88,2,4679,9584,1,0,1
738219,310,0,5518,-7059,1,0,1
738220,65535,255,3906,-7381,0,0,0
738221,530,0,1440,-7634,1,0,1
738222,545,0,1578,9852,1,0,1
738223,456,0,4054,9697,1,0,1
738224,371,0,5686,9381,1,0,1
738225,65535,255,4525,-7344,0,0,0
738226,65535,255,2361,-7580,0,0,0
738227,65535,255,579,10124,0,0,1
738228,65535,255,3332,9791,0,0,0
738229,65535,255,5224,9462,0,0,0
738230,629,0,5056,-7222,1,0,1
738231,65535,255,3182,-7535,0,0,0
738232,65535,255,436,-7561,0,0,0
738233,65535,255,2509,9918,0,0,0
738234,65535,255,4686,9617,0,0,0
738235,689,0,5514,-7072,1,0,1
738236,413,0,3899,-7374,1,0,1
738237,818,0,1429,-7660,1,0,1
738238,525,0,1589,9874,1,0,1
738239,331,0,4066,9710,1,0,1
738240,0,0,0,0,0,0,0
738241,65535,255,4518,-7270,0,0,0
738242,65535,255,2350,-7648,0,0,0
738243,65535,255,597,9983,0,0,0
738244,682,0,3346,9749,1,0,1
738245,443,0,5230,9502,1,0,1
738246,65535,255,5047,-7187,0,0,1
738247,65535,255,3168,-7479,0,0,0
738248,65535,255,420,-7234,0,0,0
738249,751,0,2524,9878,1,0,1
738250,639,0,4696,9599,1,0,1
738251,542,0,5507,-7121,1,0,1
738252,864,0,3887,-7376,1,0,1
738253,586,0,1412,-7661,1,0,1
738254,513,0,1605,9915,1,0,1
738255,494,0,4078,9691,1,0,1
738256,308,0,5702,9372,1,0,1
738257,65535,255,4505,-7297,0,0,0
738258,363,0,2326,-7499,1,0,1
738259,864,0,620,9957,1,0,1
738260,613,0,3364,9769,1,0,1
738261,364,0,5244,9464,1,0,1
738262,749,0,5038,-7233,1,0,1
738263,708,0,3155,-7567,1,0,1
738264,398,0,395,-8045,1,0,1
738265,65535,255,2544,9826,0,0,0
738266,65535,255,4712,9578,0,0,0
738267,65535,255,5496,-7109,0,0,0
738268,65535,255,3867,-7364,0,0,0
738269,864,0,1383,-7665,1,0,1
738270,65535,255,1634,9913,0,0,0
738271,65535,255,4097,9634,0,0,0
738272,65535,255,5713,9386,0,0,0
738273,704,0,4490,-7320,1,0,1
738274,729,0,2304,-7572,1,0,1
738275,65535,255,644,10218,0,0,0
738276,812,0,3382,9713,1,0,1
738277,461,0,5254,9452,1,0,1
738278,468,0,5029,-7235,1,0,1
738279,567,0,3140,-7463,1,0,0
738280,564,0,383,-7450,1,0,1
738281,793,0,2550,9788,1,0,1
738282,321,2,4713,9584,1,0,1
738283,521,0,5495,-7123,1,0,1
738284,65535,255,3871,-7425,0,0,0
738285,65535,255,1389,-7566,0,0,0
738286,369,0,1623,9914,1,0,1
738287,560,0,4086,9657,1,0,1
738288,205,2,5706,9348,1,0,1
738289,65535,255,4501,-7286,0,0,0
738290,107,2,2325,-7556,1,0,0
738291,0,0,0,0,0,0,0
738292,496,0,3361,9751,1,0,1
738293,752,0,5237,9480,1,0,1
738294,466,0,5041,-7188,1,0,1
738295,65535,255,3158,-7539,0,0,0
738296,539,0,412,-8199,1,0,1
738297,437,0,2526,9904,1,0,1
738298,65535,255,4697,9557,0,0,0
738299,732,0,5506,-7111,1,0,0
738300,406,0,3887,-7399,1,0,1
738301,65535,255,1413,-7613,0,0,0
738302,279,0,1601,9895,1,0,1
738303,1110,0,4071,9659,1,0,1
738304,65535,255,5693,9355,0,0,0
738305,65535,255,4514,-7302,0,0,0
738306,581,0,2345,-7595,1,0,1
738307,550,0,598,9791,1,0,1
738308,65535,255,3342,9799,0,0,0
738309,65535,255,5226,9508,0,0,0
738310,1221,0,6446,9203,1,0,1
738311,166,2,3172,-7459,1,0,1
738312,726,0,435,-7567,1,0,1
738313,65535,255,2511,9830,0,0,0
738314,352,2,4684,9612,1,0,1
738315,410,2,6091,9271,1,0,1
738316,65535,255,3898,-7367,0,0,0
738317,676,0,1434,-7801,1,0,1
738318,397,0,1584,9835,1,0,1
738319,65535,255,4059,9643,0,0,0
738320,65535,255,5686,9397,0,0,0
738321,65535,255,4524,-7251,0,0,0
738322,0,0,0,0,0,0,0
738323,65535,255,574,10012,0,0,0
738324,65535,255,3325,9820,0,0,0
738325,590,0,5214,9511,1,0,1
738326,842,0,6438,9199,1,0,1
738327,246,0,3190,-7429,1,0,1
738328,468,0,454,-7284,1,0,1
738329,65535,255,2486,9945,0,0,0
738330,65535,255,4671,9568,0,0,0
738331,0,0,0,0,0,0,0
738332,65535,255,3917,-7401,0,0,0
738333,288,0,1457,-7842,1,0,0
738334,296,0,1557,9855,1,0,0
738335,65535,255,4041,9635,0,0,0
738336,65535,255,5673,9404,0,0,0
738337,242,0,4538,-7267,1,0,1
738338,435,0,2385,-7512,1,0,1
738339,65535,255,550,10252,0,0,0
738340,65535,255,3307,9729,0,0,0
738341,735,0,5206,9466,1,0,1
738342,65535,255,5073,-7172,0,0,0
738343,65535,255,3212,-7512,0,0,0
738344,65535,255,481,-7928,0,0,0
738345,65535,255,2471,9859,0,0,0
738346,623,2,4658,9603,1,0,1
738347,65535,255,5534,-7095,0,0,0
738348,0,0,0,0,0,0,0
738349,317,0,1479,-7790,1,0,1
738350,65535,255,1535,9990,0,0,0
738351,547,0,4025,9719,1,0,1
738352,65535,255,5665,9402,0,0,0
738353,65535,255,4551,-7271,0,0,0
738354,0,0,0,0,0,0,0
738355,65535,255,529,10378,0,0,0
738356,65535,255,3294,9748,0,0,0
738357,65535,255,5194,9478,0,0,1
738358,65535,255,5085,-7190,0,0,0
738359,65535,255,3229,-7547,0,0,0
738360,658,0,499,-8249,1,0,1
738361,462,0,2452,9937,1,0,1
738362,65535,255,4649,9576,0,0,0
738363,65535,255,5541,-7053,0,0,0
738364,65535,255,3946,-7427,0,0,0
738365,65535,255,1495,-7634,0,0,0
738366,65535,255,1519,10003,0,0,0
738367,65535,255,4014,9695,0,0,0
738368,65535,255,5659,9380,0,0,0
738369,814,0,4561,-7250,1,0,0
738370,65535,255,2416,-7632,0,0,0
738371,0,0,0,0,0,0,0
738372,0,0,0,0,0,0,0
738373,65535,255,5189,-7632,0,0,0
738374,65535,255,5091,-7194,0,0,0
738375,378,0,3238,-7545,1,0,1
738376,65535,255,511,-7545,0,0,0
738377,379,0,2439,-7545,1,0,1
738378,287,0,4642,9596,1,0,1
738379,65535,255,5548,-7074,0,0,0
738380,316,0,3953,-7352,1,0,1
738381,340,2,1511,-7761,1,0,1
738382,65535,255,1509,9809,0,0,0
738383,65535,255,4007,9638,0,0,0
738384,65535,255,5651,9407,0,0,0
738385,396,0,4571,-7304,1,0,1
738386,65535,255,2428,-7625,0,0,0
738387,65535,255,500,9933,0,0,0
738388,660,0,3272,9845,1,0,1
738389,485,0,5183,9460,1,0,1
738390,65535,255,5097,-7182,0,0,0
738391,65535,255,3247,-7544,0,0,0
738392,65535,255,525,-7659,0,0,0
738393,65535,255,2432,9965,0,0,0
738394,457,0,4636,9596,1,0,1
738395,522,0,5553,-7078,1,0,1
738396,65535,255,3957,-7365,0,0,0
738397,65535,255,1517,-7365,0,0,0
738398,0,0,0,0,0,0,0
738399,534,0,4000,-7365,1,0,1
738400,419,0,5649,-7365,1,0,1
738401,371,0,4572,-7365,1,0,1
738402,0,0,0,0,0,0,0
738403,65535,255,494,-7365,0,0,0
738404,0,0,0,0,0,0,0
738405,813,0,5178,-7365,1,0,1
738406,65535,255,5099,-7365,0,0,0
738407,491,0,3252,-7365,1,0,1
738408,469,0,532,-7365,1,0,1
738409,498,2,2428,-7365,1,0,1
738410,65535,255,4632,-7365,0,0,0
738411,65535,255,5554,-7365,0,0,0
738412,65535,255,3961,-7365,0,0,0
738413,65535,255,1522,-7365,0,0,0
738414,65535,255,1492,-7365,0,0,0
738415,210,0,3996,-7365,1,0,0
738416,65535,255,5647,-7365,0,0,1
738417,0,0,0,0,0,0,0
738418,65535,255,2433,-7365,0,0,0
738419,346,0,495,-7365,1,0,1
738420,613,0,3263,-7365,1,0,1
738421,65535,255,5178,-7365,0,0,0
738422,65535,255,5100,-7365,0,0,0
738423,65535,255,3247,-7365,0,0,0
738424,65535,255,527,-7365,0,0,0
738425,65535,255,2427,-7365,0,0,0
738426,65535,255,4633,-7365,0,0,0
738427,65535,255,5551,-7365,0,0,0
738428,65535,255,3957,-7365,0,0,0
738429,258,0,1516,-7365,1,0,1
738430,65535,255,1498,-7365,0,0,0
738431,65535,255,4000,-7365,0,0,0
738432,0,0,0,0,0,0,0
738433,0,0,0,0,0,0,0
738434,0,0,0,0,0,0,0
738435,240,0,500,-7365,1,0,1
738436,406,0,3272,-7365,1,0,1
738437,65535,255,5181,-7365,0,0,0
738438,298,2,5094,-7365,1,0,1
738439,918,0,3243,-7365,1,0,1
738440,494,0,521,-7365,1,0,1
738441,65535,255,2438,-7365,0,0,0
738442,65535,255,4640,-7365,0,0,0
738443,65535,255,5549,-7365,0,0,0
738444,562,0,3955,-7365,1,0,1
738445,493,0,1511,-7365,1,0,1
738446,496,0,1492,-7365,1,0,1
738447,932,0,3997,-7365,1,0,1
738448,454,0,5646,-7365,1,0,1
738449,509,0,4575,-7365,1,0,1
738450,146,2,2438,-7365,1,0,1
738451,725,0,481,-7365,1,0,1
738452,642,0,3253,-7365,1,0,1
738453,287,0,5169,-7365,1,0,1
738454,65535,255,5106,-7365,0,0,0
738455,657,0,3266,-7365,1,0,1
738456,593,0,556,-7365,1,0,1
738457,65535,255,2402,-7365,0,0,0
738458,267,0,4615,-7365,1,0,1
738459,65535,255,5565,-7365,0,0,0
738460,416,0,3985,-7365,1,0,1
738461,65535,255,1555,-7365,0,0,0
738462,65535,255,1457,-7365,0,0,0
738463,65535,255,3973,-7365,0,0,0
738464,65535,255,5629,-7365,0,0,0
738465,65535,255,4596,-7365,0,0,0
738466,0,0,0,0,0,0,0
738467,1149,0,446,-7365,1,0,1
738468,612,0,3225,-7365,1,0,1
738469,155,0,5151,-7365,1,0,1
738470,595,0,5126,-7365,1,0,1
738471,744,0,3293,-7365,1,0,1
738472,223,0,585,-7365,1,0,1
738473,405,0,2376,-7365,1,0,1
738474,65535,255,4598,-7365,0,0,0
738475,408,0,5580,-7365,1,0,1
738476,417,0,4003,-7365,1,0,1
738477,632,0,1583,-7365,1,0,1
738478,65535,255,-32768,-7365,0,65535,1
738479,65535,255,3947,-7365,0,0,0
738480,65535,255,5615,-7365,0,0,0
738481,245,0,4616,-7365,1,0,1
738482,606,0,2498,-7365,1,0,1
738483,708,0,420,-7365,1,0,1
738484,65535,255,3208,-7365,0,0,0
738485,65535,255,5142,-7365,0,0,1
738486,505,0,5135,-7365,1,0,1
738487,65535,255,3302,-7365,0,0,0
738488,436,0,598,-7365,1,0,1
738489,500,2,2368,-7365,1,0,1
738490,718,0,4597,-7365,1,0,1
738491,65535,255,5580,-7365,0,0,0
738492,509,0,3999,-7365,1,0,1
738493,237,0,1572,-7365,1,0,1
738494,421,0,1440,-7365,1,0,1
738495,65535,255,3965,-7365,0,0,0
738496,594,0,5628,-7365,1,0,1
738497,355,0,4602,-7365,1,0,1
738498,65535,255,2473,-7365,0,0,0
738499,65535,255,455,-7365,0,0,0
738500,65535,255,3235,-7365,0,0,0
738501,326,0,5159,-7365,1,0,1
738502,616,0,5117,-7365,1,0,1
738503,540,0,3279,-7365,1,0,1
738504,327,0,562,-7365,1,0,1
738505,343,0,2402,-7365,1,0,1
738506,984,0,4618,-7365,1,0,1
738507,641,0,5565,-7365,1,0,1
738508,217,0,3977,-7365,1,0,1
738509,326,0,1539,-7365,1,0,1
738510,508,0,1474,-7365,1,0,1
738511,65535,255,3987,-7365,0,0,0
738512,479,0,5643,-7365,1,0,1
738513,65535,255,4582,-7365,0,0,0
738514,753,0,2443,-7365,1,0,1
738515,590,0,488,-7365,1,0,1
738516,549,0,3261,-7365,1,0,1
738517,758,0,5178,-7365,1,0,1
738518,908,0,5100,-7365,1,0,1
738519,790,0,3248,-7365,1,0,1
738520,654,0,523,-7365,1,0,1
738521,585,0,2437,-7365,1,0,1
