sdate,line_t,line_tmq,line_tvza,line_tvaa,line_tm2,line_QFDNB,line_tm_buf
735235,0,0,0,0,0,0,0
735236,761,1,5543,9372,1,0,1
735237,386,2,4437,-7207,1,0,1
735238,349,2,2331,-7615,1,0,1
735239,65535,255,511,9719,0,0,0
735240,65535,255,3194,9763,0,0,0
735241,65535,255,5080,9467,0,0,0
735242,1119,0,4960,-7150,1,0,1
735243,65535,255,3124,-7481,0,0,0
735244,441,0,470,-7740,1,0,1
735245,490,0,2387,9821,1,0,1
735246,130,2,4546,9589,1,0,1
735247,65535,255,5408,-7029,0,0,0
735248,65535,255,3815,-7289,0,0,0
735249,65535,255,1418,-7558,0,0,0
735250,0,0,0,0,0,0,0
735251,65535,255,3923,9669,0,0,0
735252,65535,255,5553,9402,0,0,0
735253,65535,255,4430,-7240,0,0,0
735254,65535,255,2320,-7464,0,0,0
735255,1260,0,510,9977,1,0,1
735256,65535,255,3194,9811,0,0,0
735257,318,0,5077,9488,1,0,1
735258,329,0,4961,-7079,1,0,1
735259,651,0,3132,-7508,1,0,1
735260,65535,255,487,-7874,0,0,0
735261,420,0,2367,9836,1,0,1
735262,511,0,4529,9593,1,0,1
735263,65535,255,5422,-7020,0,0,0
735264,65535,255,3836,-7278,0,0,0
735265,65535,255,1452,-7511,0,0,0
735266,504,0,1452,9858,1,0,1
735267,82,2,3893,9741,1,0,1
735268,65535,255,5533,9379,0,0,0
735269,65535,255,4454,-7217,0,0,0
735270,65535,255,2351,-7436,0,0,0
735271,65535,255,469,9898,0,0,0
735272,223,0,3163,9806,1,0,1
735273,65535,255,5057,9492,0,0,0
735274,65535,255,4979,-7091,0,0,0
735275,145,0,3155,-7388,1,0,0
735276,0,0,0,0,0,0,0
735277,65535,255,2331,9907,0,0,0
735278,482,0,4505,9634,1,0,0
735279,65535,255,5434,-6987,0,0,0
735280,437,0,3860,-7343,1,0,0
735281,703,2,1491,-7754,1,0,0
735282,65535,255,1411,10118,0,0,0
735283,65535,255,3869,9714,0,0,0
735284,332,0,5518,9369,1,0,0
735285,65535,255,4471,-7212,0,0,0
735286,65535,255,2381,-7433,0,0,0
735287,291,1,440,9962,1,0,1
735288,65535,255,3136,9829,0,0,0
735289,65535,255,5039,9507,0,0,0
735290,65535,255,4994,-7103,0,0,0
735291,66,2,3177,-7403,1,0,0
735292,65535,255,558,-8151,0,0,0
735293,65535,255,2306,9896,0,0,0
735294,65535,255,4486,9625,0,0,0
735295,65535,255,5447,-6975,0,0,0
735296,65535,255,3880,-7317,0,0,1
735297,65535,255,1518,-7640,0,0,0
735298,65535,255,1383,9979,0,0,0
735299,65535,255,3845,9663,0,0,0
735300,65535,255,5501,9405,0,0,0
735301,65535,255,4489,-7252,0,0,0
735302,1989,0,2410,-7509,1,0,1
735303,1745,0,405,10360,1,0,1
735304,65535,255,3109,9863,0,0,0
735305,65535,255,5021,9527,0,0,0
735306,95,2,5009,-7126,1,0,1
735307,65535,255,3204,-7457,0,0,0
735308,65535,255,586,-7618,0,0,0
735309,415,2,2274,10014,1,0,0
735310,919,0,4465,9591,1,0,1
735311,248,0,5459,-7009,1,0,1
735312,65535,255,3899,-7298,0,0,0
735313,1090,0,1545,-7617,1,0,1
735314,1279,0,1355,10005,1,0,1
735315,65535,255,3825,9682,0,0,0
735316,353,0,5488,9427,1,0,1
735317,1056,0,4502,-7199,1,0,1
735318,65535,255,2430,-7624,0,0,0
735319,65535,255,383,9856,0,0,0
735320,206,2,3092,9826,1,0,1
735321,65535,255,5009,9514,0,0,0
735322,819,0,5021,-7123,1,0,1
735323,65535,255,3222,-7464,0,0,0
735324,884,0,609,-7783,1,0,1
735325,65535,255,2258,9858,0,0,0
735326,53,2,4455,9631,1,0,1
735327,65535,255,5467,-6992,0,0,0
735328,488,0,3913,-7341,1,0,1
735329,65535,255,1562,-7531,0,0,0
735330,73,0,1344,9933,1,0,1
735331,123,0,3817,9676,1,0,1
735332,71,0,5483,9433,1,0,1
735333,65535,255,4512,-7216,0,0,0
735334,65535,255,2439,-7479,0,0,0
735335,65535,255,365,10477,0,0,0
735336,65535,255,3083,9758,0,0,0
735337,65535,255,5003,9488,0,0,0
735338,562,0,5027,-7111,1,0,1
735339,547,0,3231,-7463,1,0,1
735340,682,0,621,-7889,1,0,1
735341,65535,255,2248,9931,0,0,0
735342,265,0,4451,9575,1,0,1
735343,65535,255,5472,-6963,0,0,0
735344,65535,255,3918,-7340,0,0,0
735345,578,0,1567,-7489,1,0,1
735346,65535,255,1338,9932,0,0,1
735347,65535,255,3813,9693,0,0,0
735348,65535,255,5483,9378,0,0,0
735349,65535,255,4514,-7243,0,0,0
735350,96,2,2445,-7583,1,0,1
735351,848,1,365,9937,1,0,1
735352,469,1,3078,9880,1,0,1
735353,65535,255,5005,9472,0,0,0
735354,65535,255,5030,-7106,0,0,0
735355,266,0,3231,-7473,1,0,1
735356,659,0,622,-8050,1,0,1
735357,174,0,2252,9989,1,0,1
735358,115,0,4454,9613,1,0,1
735359,696,0,5474,-7004,1,0,1
735360,65535,255,3918,-7303,0,0,0
735361,565,0,1568,-7761,1,0,1
735362,253,2,1344,9909,1,0,0
735363,65535,255,3817,9700,0,0,0
735364,65535,255,5487,9392,0,0,0
735365,65535,255,4512,-7191,0,0,0
735366,65535,255,2439,-7493,0,0,0
735367,1198,0,378,9504,1,0,1
735368,65535,255,3086,9847,0,0,0
735369,177,0,5011,9477,1,0,1
735370,65535,255,5024,-7118,0,0,0
735371,443,0,3222,-7369,1,0,1
735372,55,0,604,-7624,1,0,1
735373,657,2,2263,9902,1,0,1
735374,65535,255,4461,9593,0,0,0
735375,117,0,5907,9329,1,0,1
735376,65535,255,3906,-7313,0,0,0
735377,60,0,1546,-7511,1,0,1
735378,65535,255,1355,10081,0,0,0
735379,65535,255,3828,9769,0,0,0
735380,65535,255,5494,9408,0,0,0
735381,434,1,6594,9113,1,0,1
735382,107,0,2420,-7482,1,0,1
735383,65535,255,400,9707,0,0,0
735384,65535,255,3104,9894,0,0,0
735385,624,2,5020,9507,1,0,1
735386,741,1,6275,9212,1,0,1
735387,65535,255,-32768,-32768,0,65535,1
735388,65535,255,581,-7449,0,0,0
735389,767,0,2284,9900,1,0,0
735390,41,0,4478,9603,1,0,1
735391,65535,255,5916,9277,0,0,0
735392,65535,255,6885,8996,0,0,0
735393,65535,255,1523,-7662,0,0,0
735394,26,0,1389,9909,1,0,1
735395,426,0,3849,9727,1,0,1
735396,0,0,0,0,0,0,0
735397,65535,255,6602,9106,0,0,0
735398,65535,255,-32768,-32768,0,65535,1
735399,65535,255,428,9886,0,0,0
735400,189,0,3131,9763,1,0,1
735401,530,0,5036,9531,1,0,1
735402,65535,255,6285,9179,0,0,0
735403,65535,255,-32768,-32768,0,65535,1
735404,65535,255,552,-7977,0,0,0
735405,625,0,2316,9812,1,0,1
735406,548,0,4496,9575,1,0,1
735407,647,0,5928,9294,1,0,1
735408,65535,255,6893,8990,0,0,0
735409,518,0,1490,-7643,1,0,1
735410,740,0,1417,9931,1,0,1
735411,65535,255,3873,9746,0,0,0
735412,65535,255,5524,9374,0,0,0
735413,65535,255,6614,9071,0,0,0
735414,65535,255,2365,-7581,0,0,0
735415,65535,255,464,10469,0,0,0
735416,133,0,3158,9867,1,0,0
735417,65535,255,5054,9510,0,0,0
735418,65535,255,6299,9171,0,0,0
735419,65535,255,-32768,-32768,0,65535,1
735420,509,0,511,-7999,1,0,1
735421,65535,255,2352,9839,0,0,0
735422,497,0,4520,9589,1,0,1
735423,428,0,5944,9281,1,0,1
735424,65535,255,6905,8960,0,0,1
735425,65535,255,1450,-7708,0,0,0
735426,646,2,1456,10113,1,0,1
735427,65535,255,3901,9703,0,0,0
735428,65535,255,5539,9420,0,0,0
735429,65535,255,6626,9060,0,0,0
735430,427,0,2326,-7545,1,0,1
735431,1467,0,504,10375,1,0,1
735432,223,0,3190,9784,1,0,1
735433,65535,255,5075,9459,0,0,0
735434,230,0,6309,9190,1,0,0
735435,129,0,3124,-7420,1,0,1
735436,65535,255,489,-8219,0,0,0
735437,58,2,2367,9878,1,0,1
735438,65535,255,4526,9600,0,0,0
735439,540,1,5418,-7018,1,0,1
735440,65535,255,3837,-7370,0,0,0
735441,65535,255,1452,-7762,0,0,0
735442,280,0,1451,10068,1,0,1
735443,65535,255,3894,9674,0,0,0
735444,83,2,5534,9403,1,0,1
735445,380,0,4448,-7241,1,0,1
735446,65535,255,2346,-7462,0,0,0
735447,65535,255,475,9907,0,0,0
735448,65535,255,3167,9788,0,0,0
735449,0,0,0,0,0,0,0
735450,65535,255,4977,-7139,0,0,0
735451,193,0,3151,-7465,1,0,1
735452,543,0,516,-7548,1,0,1
735453,249,0,2337,9977,1,0,1
735454,65535,255,4509,9631,0,0,0
735455,0,0,0,0,0,0,0
735456,517,0,3856,-7335,1,0,1
735457,555,0,1480,-7689,1,0,1
735458,924,0,1423,10025,1,0,1
735459,0,0,0,0,0,0,0
735460,65535,255,5521,9407,0,0,0
735461,664,0,4465,-7250,1,0,1
735462,315,0,2371,-7499,1,0,1
735463,229,0,452,10187,1,0,1
735464,65535,255,3145,9849,0,0,0
735465,65535,255,5047,9508,0,0,0
735466,499,0,4988,-7104,1,0,1
735467,142,2,3168,-7414,1,0,1
735468,507,0,541,-7309,1,0,0
735469,65535,255,2321,9938,0,0,0
735470,830,0,4495,9644,1,0,1
735471,694,0,5442,-6994,1,0,1
735472,65535,255,3872,-7356,0,0,0
735473,65535,255,1502,-7773,0,0,0
735474,183,0,1406,10146,1,0,1
735475,65535,255,3861,9725,0,0,0
735476,65535,255,5515,9376,0,0,0
735477,121,2,4474,-7223,1,0,1
735478,65535,255,2385,-7458,0,0,0
735479,65535,255,434,10115,0,0,0
735480,707,2,3131,9842,1,0,1
735481,65535,255,5038,9515,0,0,0
735482,222,2,4997,-7123,1,0,1
735483,230,0,3182,-7451,1,0,1
735484,52,0,551,-7677,1,0,1
735485,65535,255,2311,9814,0,0,0
735486,229,0,4491,9601,1,0,1
735487,65535,255,5446,-6969,0,0,0
735488,390,0,3880,-7324,1,0,1
735489,65535,255,1512,-7727,0,0,0
735490,65535,255,1394,10124,0,0,0
735491,65535,255,3856,9727,0,0,0
735492,961,0,5510,9382,1,0,1
735493,0,0,0,0,0,0,0
735494,452,0,2395,-7523,1,0,1
735495,1356,0,424,10585,1,0,1
735496,80,2,3131,9764,1,0,1
735497,28,2,5038,9483,1,0,1
735498,65535,255,4999,-7095,0,0,0
735499,65535,255,3186,-7421,0,0,0
735500,252,0,557,-7557,1,0,1
735501,238,0,2305,9828,1,0,1
735502,331,0,4488,9615,1,0,1
735503,65535,255,5449,-6987,0,0,0
735504,65535,255,3880,-7368,0,0,0
735505,531,0,1512,-7532,1,0,1
735506,628,0,1394,9957,1,0,1
735507,65535,255,3857,9688,0,0,0
735508,222,0,5510,9412,1,0,1
735509,582,0,4481,-7228,1,0,1
735510,724,0,2395,-7522,1,0,1
735511,416,2,430,9954,1,0,0
735512,65535,255,3131,9794,0,0,0
735513,65535,255,5035,9511,0,0,1
735514,65535,255,4999,-7133,0,0,0
735515,65535,255,3182,-7353,0,0,0
735516,158,0,553,-7257,1,0,1
735517,65535,255,2305,9983,0,0,0
735518,65535,255,4492,9602,0,0,0
735519,217,0,5444,-6987,1,0,1
735520,65535,255,3873,-7297,0,0,0
735521,27,0,1501,-7620,1,0,1
735522,608,2,1400,10100,1,0,1
735523,38,2,3861,9750,1,0,1
735524,65535,255,5513,9410,0,0,0
735525,65535,255,4471,-7210,0,0,0
735526,206,0,2380,-7497,1,0,1
735527,1377,1,442,9519,1,0,0
735528,46,2,3140,9832,1,0,1
735529,463,0,5042,9536,1,0,1
735530,393,0,4988,-7091,1,0,1
735531,180,0,3169,-7451,1,0,1
735532,319,0,540,-8043,1,0,1
735533,431,0,2321,9981,1,0,1
735534,65535,255,4499,9613,0,0,0
735535,44,2,5434,-7008,1,0,1
735536,526,1,3861,-7318,1,0,0
735537,0,0,0,0,0,0,0
735538,614,0,1423,10003,1,0,1
735539,0,0,0,0,0,0,0
735540,200,0,5524,9416,1,0,1
735541,65535,255,4458,-7231,0,0,0
735542,311,0,2361,-7592,1,0,1
735543,28,0,469,10258,1,0,1
735544,65535,255,3163,9789,0,0,0
735545,65535,255,5057,9528,0,0,0
735546,709,0,4973,-7099,1,0,1
735547,358,0,3146,-7493,1,0,0
735548,65535,255,506,-7477,0,0,0
735549,37,0,2352,9908,1,0,1
735550,65535,255,4520,9597,0,0,0
735551,883,0,5420,-7011,1,0,1
735552,642,0,3836,-7345,1,0,1
735553,306,0,1446,-7624,1,0,1
735554,65535,255,1463,9886,0,0,0
735555,188,0,3901,9720,1,0,1
735556,65535,255,5541,9422,0,0,0
735557,837,0,4435,-7260,1,0,1
735558,651,0,2326,-7530,1,0,1
735559,652,0,504,9918,1,0,1
735560,0,0,0,0,0,0,0
735561,65535,255,5069,9504,0,0,0
735562,906,0,4964,-7145,1,0,1
735563,236,0,3133,-7426,1,0,1
735564,65535,255,494,-8004,0,0,0
735565,0,0,0,0,0,0,0
735566,65535,255,4520,9635,0,0,0
735567,65535,255,5421,-7030,0,0,0
735568,174,0,3841,-7366,1,0,1
735569,65535,255,1463,-7668,0,0,0
735570,65535,255,1446,9886,0,0,0
735571,65535,255,3885,9716,0,0,0
735572,289,0,5529,9411,1,0,1
735573,65535,255,4451,-7231,0,0,0
735574,65535,255,2356,-7619,0,0,0
735575,65535,255,470,10539,0,0,0
735576,65535,255,3158,9849,0,0,0
735577,65535,255,5054,9491,0,0,0
735578,483,0,4979,-7088,1,0,1
735579,1144,0,3159,-7452,1,0,1
735580,588,0,523,-7355,1,0,1
735581,65535,255,2332,9911,0,0,0
735582,0,0,0,0,0,0,0
735583,65535,255,5434,-7027,0,0,0
735584,896,0,3857,-7263,1,0,0
735585,842,0,1485,-7783,1,0,0
735586,65535,255,1422,10098,0,0,0
735587,869,0,3873,9687,1,0,0
735588,0,0,0,0,0,0,0
735589,65535,255,4465,-7254,0,0,0
735590,0,0,0,0,0,0,0
735591,0,0,0,0,0,0,0
735592,65535,255,3145,9822,0,0,0
735593,49,2,5048,9493,1,0,1
735594,65535,255,4988,-7080,0,0,0
735595,1073,0,3168,-7363,1,0,1
735596,640,0,540,-7917,1,0,1
735597,65535,255,2327,9842,0,0,0
735598,65535,255,4502,9602,0,0,0
735599,276,0,5437,-7002,1,0,1
735600,428,0,3864,-7292,1,0,1
735601,65535,255,1490,-7575,0,0,0
735602,65535,255,1417,9910,0,0,0
735603,1015,0,3869,9765,1,0,0
735604,110,0,5520,9401,1,0,0
735605,65535,255,4467,-7253,0,0,0
735606,511,2,2375,-7510,1,0,1
735607,1454,0,446,10414,1,0,1
735608,65535,255,3145,9881,0,0,0
735609,55,2,5047,9542,1,0,1
735610,65535,255,4987,-7093,0,0,0
735611,65535,255,3168,-7426,0,0,0
735612,98,2,534,-7982,1,0,1
735613,0,0,0,0,0,0,0
735614,493,0,4502,9639,1,0,1
735615,65535,255,5436,-6997,0,0,0
735616,65535,255,3863,-7349,0,0,0
735617,65535,255,1485,-7531,0,0,0
735618,65535,255,1423,9934,0,0,0
735619,531,0,3877,9664,1,0,0
735620,65535,255,5522,9419,0,0,0
735621,65535,255,4464,-7178,0,0,0
735622,1548,0,2370,-7537,1,0,1
735623,2487,1,452,10336,1,0,1
735624,65535,255,3149,9842,0,0,0
735625,205,0,5050,9504,1,0,0
735626,65535,255,4985,-7091,0,0,0
735627,65535,255,3164,-7373,0,0,0
735628,65535,255,534,-7981,0,0,0
735629,37,0,2332,9856,1,0,1
735630,65535,255,4505,9602,0,0,0
735631,0,0,0,0,0,0,0
735632,0,0,0,0,0,0,0
735633,0,0,0,0,0,0,0
735634,424,0,1423,9888,3,0,0
735635,0,0,0,0,0,0,0
735636,65535,255,5520,9410,0,0,0
735637,1428,0,4464,-7165,3,0,0
735638,929,0,2370,-7536,3,0,0
735639,65535,255,452,10557,0,0,0
735640,65535,255,3154,9744,0,0,0
735641,419,0,5049,9515,3,0,0
735642,661,0,4982,-7069,3,0,0
735643,0,0,0,0,0,0,0
735644,65535,255,529,-8049,0,0,0
735645,965,1,2332,9899,3,0,0
735646,65535,255,4506,9639,0,0,0
735647,232,0,5431,-6997,3,0,0
735648,65535,255,3855,-7369,0,0,0
735649,554,0,1474,-7531,3,0,0
735650,1568,1,1429,9934,1,0,0
735651,0,0,0,0,0,0,0
735652,127,0,5526,9422,1,0,1
735653,65535,255,4454,-7198,0,0,0
735654,65535,255,2356,-7444,0,0,0
735655,1318,0,469,10190,1,0,0
735656,1043,0,3158,9880,1,0,1
735657,1056,0,5057,9471,1,0,1
735658,1898,0,4973,-7092,1,0,1
735659,1116,0,3146,-7433,1,0,1
735660,0,0,0,0,0,0,0
735661,0,0,0,0,0,0,0
735662,690,0,4519,9608,1,0,1
735663,65535,255,5421,-7029,0,0,0
735664,860,0,3836,-7335,1,0,1
735665,47,0,1446,-7506,1,0,1
735666,497,2,1457,10002,1,0,1
735667,65535,255,3901,9722,0,0,0
735668,65535,255,5539,9401,0,0,0
735669,424,0,4435,-7201,1,0,1
735670,0,0,0,0,0,0,0
735671,65535,255,504,9788,0,0,0
735672,904,1,3181,9789,1,0,1
735673,65535,255,5069,9485,0,0,0
735674,704,1,4965,-7083,1,0,1
735675,65535,255,3138,-7374,0,0,0
735676,721,1,506,-8192,1,0,1
735677,569,0,2348,9925,1,0,1
735678,0,0,0,0,0,0,0
735679,65535,255,5426,-6998,0,0,0
735680,47,2,3849,-7379,1,0,1
735681,65535,255,1474,-7530,0,0,0
735682,148,0,1428,9935,1,0,1
735683,1024,0,3873,9673,1,0,1
735684,65535,255,5519,9424,0,0,0
735685,240,0,4462,-7202,1,0,1
735686,0,0,0,0,0,0,0
735687,65535,255,446,10268,0,0,0
735688,65535,255,3138,9817,0,0,0
735689,65535,255,5042,9479,0,0,0
735690,307,2,4991,-7098,1,0,1
735691,65535,255,3177,-7447,0,0,0
735692,414,0,551,-7853,1,0,1
735693,65535,255,2306,9915,0,0,0
735694,65535,255,4489,9574,0,0,0
735695,643,0,5444,-6965,1,0,1
735696,65535,255,3880,-7349,0,0,0
735697,65535,255,1512,-7550,0,0,0
735698,65535,255,1389,10033,0,0,0
735699,53,2,3849,9739,1,0,1
735700,65535,255,5503,9410,0,0,0
735701,65535,255,4485,-7204,0,0,0
735702,584,0,2405,-7505,1,0,1
735703,1259,0,413,9642,1,0,1
735704,65535,255,3114,9858,0,0,0
735705,65535,255,5027,9477,0,0,0
735706,571,0,5006,-7117,1,0,1
735707,49,2,3195,-7367,1,0,1
735708,65535,255,580,-7559,0,0,0
735709,235,0,2284,9904,1,0,1
735710,69,2,4475,9589,1,0,1
735711,517,0,5457,-6994,1,0,1
735712,506,0,3895,-7309,1,0,0
735713,65535,255,1535,-7506,0,0,0
735714,801,0,1366,10084,1,0,1
735715,65535,255,3834,9733,0,0,0
735716,65535,255,5498,9380,0,0,0
735717,498,0,4495,-7190,1,0,1
735718,65535,255,2420,-7516,0,0,0
735719,65535,255,399,10041,0,0,0
735720,65535,255,3104,9781,0,0,0
735721,65535,255,5020,9533,0,0,0
735722,91,0,5012,-7110,1,0,1
735723,65535,255,3208,-7375,0,0,0
735724,65535,255,591,-7783,0,0,0
735725,600,0,2274,9991,1,0,1
735726,147,0,4468,9653,1,0,1
735727,0,0,0,0,0,0,0
735728,65535,255,3899,-7301,0,0,0
735729,0,0,0,0,0,0,0
735730,65535,255,1361,10183,0,0,0
735731,461,0,3833,9711,1,0,1
735732,390,0,5495,9422,1,0,1
735733,65535,255,4495,-7164,0,0,0
735734,65535,255,2420,-7503,0,0,0
735735,159,0,400,10040,1,0,1
735736,65535,255,3105,9810,0,0,0
735737,328,0,5020,9485,1,0,1
735738,143,0,6275,9210,1,0,0
735739,414,0,3209,-7481,1,0,0
735740,471,0,586,-7673,1,0,1
735741,65535,255,2279,10004,0,0,0
735742,65535,255,4471,9610,0,0,0
735743,65535,255,5912,9304,0,0,0
735744,65535,255,6882,9002,0,0,0
735745,233,0,1535,-7763,1,0,1
735746,65535,255,1372,10105,0,0,0
735747,65535,255,3841,9694,0,0,0
735748,62,0,5500,9426,1,0,1
735749,65535,255,6597,9116,0,0,0
735750,65535,255,2410,-7556,0,0,0
735751,1467,0,406,10610,1,0,1
735752,280,0,3113,9888,1,0,1
735753,40,0,5027,9537,1,0,1
735754,467,2,6278,9194,1,0,1
735755,65535,255,-32768,-32768,0,65535,1
735756,516,0,574,-7673,1,0,1
735757,584,0,2289,10017,1,0,1
735758,65,0,4482,9588,1,0,1
735759,65535,255,5919,9289,0,0,0
735760,65535,255,6886,8973,0,0,0
735761,0,0,0,0,0,0,0
735762,0,0,0,0,0,0,0
735763,65535,255,3849,9752,0,0,0
735764,65535,255,5508,9405,0,0,0
735765,491,0,6602,9107,1,0,1
735766,65535,255,-32768,-32768,0,65535,0
735767,193,0,424,10669,1,0,0
735768,65535,255,3131,9758,0,0,0
735769,0,0,0,0,0,0,0
735770,681,2,6284,9214,1,0,1
735771,65535,255,-32768,-32768,0,65535,1
735772,144,0,548,-7515,1,0,1
735773,440,0,2310,9944,1,0,1
735774,65535,255,4492,9643,0,0,0
735775,813,0,5926,9279,1,0,1
735776,65535,255,6893,8967,0,0,0
735777,65535,255,-32768,-32768,0,65535,0
735778,607,0,1411,9961,1,0,1
735779,223,0,3870,9674,1,0,1
735780,72,0,5518,9425,1,0,1
735781,65535,255,6610,9074,0,0,0
735782,65535,255,-32768,-32768,0,65535,1
735783,65535,255,452,10122,0,0,0
735784,65535,255,3145,9776,0,0,0
735785,195,0,5042,9529,1,0,0
735786,65535,255,6289,9203,0,0,0
735787,65535,255,-32768,-32768,0,65535,1
735788,65535,255,534,-7421,0,0,0
735789,128,0,2321,9887,1,0,0
735790,65535,255,4499,9592,0,0,0
735791,65535,255,5926,9314,0,0,0
735792,65535,255,6893,8985,0,0,1
735793,65535,255,1490,-7551,0,0,0
735794,65535,255,1411,10126,0,0,0
735795,65535,255,3866,9675,0,0,0
735796,65535,255,5516,9394,0,0,0
735797,65535,255,6607,9078,0,0,0
735798,448,1,2380,-7560,1,0,1
735799,65535,255,440,10270,0,0,0
735800,65535,255,3140,9805,0,0,0
735801,297,0,5040,9505,1,0,1
735802,217,0,6288,9190,1,0,1
735803,135,0,3168,-7399,1,0,1
735804,65535,255,546,-7971,0,0,0
735805,65535,255,2316,10027,0,0,0
735806,99,0,4495,9661,1,0,1
735807,459,0,5926,9316,1,0,1
735808,65535,255,3864,-7298,0,0,0
735809,97,0,1491,-7507,1,0,1
735810,65535,255,1406,10127,0,0,0
735811,311,0,3857,9767,1,0,1
735812,65535,255,5516,9383,0,0,0
735813,65535,255,4465,-7216,0,0,0
735814,65535,255,2366,-7605,0,0,0
735815,65535,255,465,10615,0,0,0
735816,392,0,3163,9878,1,0,1
735817,65535,255,5063,9516,0,0,0
735818,322,0,4964,-7112,1,0,1
735819,0,0,0,0,0,0,0
735820,487,0,482,-7355,1,0,1
735821,233,0,2373,9813,1,0,1
735822,129,0,4529,9646,1,0,0
735823,65535,255,5415,-7031,0,0,0
735824,65535,255,3832,-7360,0,0,0
735825,257,0,1446,-7623,1,0,1
735826,65535,255,1457,10146,0,0,0
735827,106,0,3898,9684,1,0,1
735828,65535,255,5536,9387,0,0,0
735829,501,0,4444,-7188,1,0,1
735830,495,0,2346,-7486,1,0,1
735831,65535,255,482,9772,0,0,0
735832,356,0,3167,9878,1,0,1
735833,65535,255,5060,9496,0,0,0
735834,65535,255,4973,-7142,0,0,0
735835,65535,255,3146,-7424,0,0,0
735836,190,0,511,-7994,1,0,1
735837,408,0,2342,10007,1,0,0
735838,461,0,4512,9643,1,0,1
735839,580,2,5428,-6975,1,0,1
735840,208,0,3850,-7333,1,0,1
735841,91,0,1474,-7731,1,0,1
735842,65535,255,1434,9957,0,0,0
735843,65535,255,3877,9741,0,0,0
735844,132,0,5525,9427,1,0,1
735845,270,2,4461,-7254,1,0,0
735846,483,0,2366,-7444,1,0,1
735847,1264,0,459,9613,1,0,1
735848,65535,255,3149,9881,0,0,0
735849,65535,255,5050,9509,0,0,0
735850,516,0,4985,-7080,1,0,1
735851,65535,255,3164,-7479,0,0,0
735852,185,2,528,-7484,1,0,0
735853,65535,255,2310,9995,0,0,0
735854,38,2,4495,9612,1,0,1
735855,117,2,5444,-6999,1,0,1
735856,89,2,3872,-7288,1,0,1
735857,544,0,1507,-7707,1,0,1
735858,65535,255,1406,9859,0,0,0
735859,28,2,3865,9677,1,0,1
735860,252,0,5515,9375,1,0,1
735861,662,0,4477,-7261,1,0,1
735862,519,0,2390,-7618,1,0,1
735863,267,0,435,10342,1,0,1
735864,193,2,3140,9781,1,0,1
735865,564,0,5041,9519,1,0,1
735866,542,0,4994,-7077,1,0,1
735867,65535,255,3177,-7443,0,0,0
735868,0,0,0,0,0,0,0
735869,130,0,2321,9840,1,0,1
735870,471,0,4496,9611,1,0,1
735871,65535,255,5441,-6971,0,0,0
735872,65535,255,3868,-7334,0,0,0
735873,65535,255,1501,-7578,0,0,0
735874,65535,255,1400,10170,0,0,0
735875,130,0,3861,9693,1,0,1
735876,65535,255,5510,9404,0,0,0
735877,193,0,4481,-7223,1,0,0
735878,589,0,2400,-7603,1,0,1
735879,65535,255,418,10591,0,0,0
735880,65535,255,3123,9852,0,0,0
735881,0,0,0,0,0,0,0
735882,537,0,5006,-7095,1,0,1
735883,0,0,0,0,0,0,0
735884,45,2,574,-7734,1,0,1
735885,135,0,2284,9999,1,0,1
735886,65535,255,4472,9654,0,0,0
735887,65535,255,5459,-6985,0,0,0
735888,65535,255,3910,-7333,0,0,0
735889,65535,255,1550,-7623,0,0,0
735890,153,0,1361,9877,1,0,1
735891,65535,255,3829,9731,0,0,0
735892,65535,255,5495,9412,0,0,0
735893,65535,255,4495,-7195,0,0,0
735894,65535,255,2415,-7554,0,0,0
735895,65535,255,405,10441,0,0,0
735896,52,2,3118,9857,1,0,1
735897,480,0,5029,9505,1,0,0
735898,65535,255,5000,-7107,0,0,0
735899,65535,255,3186,-7398,0,0,0
735900,174,0,559,-8159,1,0,1
735901,65535,255,2310,9891,0,0,0
735902,65535,255,4495,9625,0,0,0
735903,65535,255,5442,-6995,0,0,0
735904,0,0,0,0,0,0,0
735905,65535,255,1502,-7561,0,0,0
735906,1004,1,1400,10163,1,0,1
735907,242,0,3861,9688,1,0,1
735908,65535,255,5513,9403,0,0,0
735909,65535,255,4475,-7229,0,0,0
735910,65535,255,2391,-7623,0,0,0
735911,541,0,434,9763,1,0,1
735912,65535,255,3131,9875,0,0,0
735913,508,0,5035,9509,1,0,1
735914,655,0,4997,-7097,1,0,1
735915,0,0,0,0,0,0,0
735916,683,1,575,-7917,1,0,1
735917,65535,255,2290,9847,0,0,0
735918,689,0,4475,9599,1,0,1
735919,395,0,5458,-7033,1,0,1
735920,0,0,0,0,0,0,0
735921,371,2,1535,-7606,1,0,1
735922,108,0,1372,9947,1,0,1
735923,65535,255,3837,9663,0,0,0
735924,166,2,5495,9411,1,0,0
735925,32,0,4495,-7180,1,0,1
735926,65535,255,2424,-7569,0,0,0
735927,169,0,396,9521,1,0,1
735928,65535,255,3101,9786,0,0,0
735929,0,0,0,0,0,0,0
735930,56,2,5018,-7107,1,0,1
735931,65535,255,3218,-7437,0,0,0
735932,814,0,603,-7632,1,0,1
735933,65535,255,2269,9834,0,0,0
735934,65535,255,4458,9621,0,0,0
735935,65535,255,5467,-6998,0,0,0
735936,65535,255,3910,-7270,0,0,0
735937,313,0,1556,-7605,1,0,1
735938,87,2,1349,10048,1,0,1
735939,0,0,0,0,0,0,0
735940,65535,255,5488,9390,0,0,0
735941,65535,255,4509,-7177,0,0,0
735942,0,0,0,0,0,0,0
735943,65535,255,376,10196,0,0,0
735944,182,0,3087,9857,1,0,1
735945,65535,255,5009,9467,0,0,0
735946,65535,255,5024,-7106,0,0,0
735947,224,0,3227,-7473,1,0,1
735948,21,2,610,-8067,1,0,1
735949,65535,255,2258,9993,0,0,0
735950,65535,255,4458,9615,0,0,0
735951,65535,255,5472,-7010,0,0,0
735952,65535,255,3914,-7321,0,0,0
735953,55,2,1556,-7499,1,0,1
735954,65535,255,1344,10023,0,0,1
735955,256,2,3821,9745,1,0,1
735956,65535,255,5488,9423,0,0,0
735957,65535,255,4508,-7245,0,0,0
735958,0,0,0,0,0,0,0
735959,1792,0,377,10546,1,0,1
735960,758,0,3091,9827,1,0,1
735961,65535,255,5015,9471,0,0,0
735962,855,0,5024,-7133,1,0,1
735963,202,0,3217,-7408,1,0,1
735964,49,2,598,-7910,1,0,1
735965,65535,255,2269,10006,0,0,0
735966,65535,255,4465,9646,0,0,0
735967,0,0,0,0,0,0,0
735968,0,0,0,0,0,0,0
735969,185,0,1540,-7498,1,0,0
735970,123,0,1366,10095,1,0,1
735971,65535,255,3837,9665,0,0,0
735972,43,2,5500,9393,1,0,1
735973,65535,255,4498,-7223,0,0,0
735974,896,1,2420,-7609,1,0,0
735975,84,2,407,10680,1,0,1
735976,65535,255,3113,9874,0,0,0
735977,65535,255,5026,9513,0,0,0
735978,65535,255,5008,-7104,0,0,0
735979,65535,255,3195,-7382,0,0,0
735980,2221,0,575,-7917,1,0,1
735981,173,0,2300,9833,1,0,1
735982,558,0,4485,9586,1,0,1
735983,65535,255,5454,-7019,0,0,0
735984,359,0,3884,-7378,1,0,1
735985,65535,255,1513,-7780,0,0,0
735986,65535,255,1400,10114,0,0,0
735987,559,0,3860,9693,1,0,1
735988,65535,255,5515,9418,0,0,0
735989,797,0,4475,-7207,3,0,0
735990,65535,255,2385,-7534,0,0,0
735991,65535,255,440,10332,0,0,0
735992,776,2,3144,9859,3,0,0
735993,777,0,5047,9514,3,0,0
735994,65535,255,4990,-7114,0,0,0
735995,65535,255,3168,-7424,0,0,0
735996,1825,1,529,-7372,3,0,0
735997,65535,255,2337,9940,0,0,0
735998,1106,1,4512,9594,3,0,0
735999,824,1,5433,-7001,3,0,0
736000,65535,255,3852,-7291,0,0,0
736001,886,0,1474,-7543,3,0,0
736002,65535,255,1435,9851,0,0,0
736003,0,0,0,0,0,0,0
736004,65535,255,5526,9369,0,0,0
736005,65535,255,4464,-7209,0,0,0
736006,65535,255,2370,-7629,0,0,0
736007,65535,255,458,9744,0,0,0
736008,65535,255,3149,9781,0,0,0
736009,106,0,5051,9481,3,0,0
736010,65535,255,4988,-7081,0,0,0
736011,695,2,3168,-7375,3,0,0
736012,65535,255,540,-8053,0,0,0
736013,65535,255,2326,9886,0,0,0
736014,65535,255,4499,9628,0,0,0
736015,1456,0,5442,-6989,3,0,0
736016,293,0,3868,-7350,3,0,0
736017,65535,255,1496,-7761,0,0,0
736018,1654,2,1406,10137,3,0,0
736019,364,0,3865,9731,3,0,0
736020,65535,255,5518,9380,0,0,0
736021,65535,255,4474,-7239,0,0,0
736022,1231,0,2385,-7507,1,0,0
736023,1863,1,434,10412,1,0,0
736024,1218,1,3136,9734,1,0,0
736025,65535,255,5042,9467,0,0,0
736026,622,0,4994,-7079,1,0,0
736027,0,0,0,0,0,0,0
736028,0,0,0,0,0,0,0
736029,476,0,2310,9986,1,0,0
736030,613,1,4492,9586,1,0,0
736031,829,0,5444,-6984,1,0,0
736032,65535,255,3872,-7334,0,0,0
736033,611,1,1507,-7781,1,0,0
736034,65535,255,1407,9851,0,0,0
736035,393,0,3861,9654,1,0,0
736036,742,0,5511,9418,1,0,0
736037,0,0,0,0,0,0,0
736038,65535,255,2385,-7468,0,0,0
736039,168,0,435,10410,1,0,0
736040,0,0,0,0,0,0,0
736041,369,2,5039,9489,1,0,0
736042,105,0,4994,-7122,1,0,1
736043,88,2,3177,-7489,1,0,1
736044,65535,255,552,-8107,0,0,0
736045,65535,255,2311,9972,0,0,0
736046,880,0,4492,9592,1,0,0
736047,485,0,5442,-6988,1,0,0
736048,698,0,3873,-7380,1,0,0
736049,65535,255,1496,-7629,0,0,0
736050,0,0,0,0,0,0,0
736051,65535,255,3861,9755,0,0,0
736052,286,0,5516,9417,1,0,1
736053,706,0,4471,-7226,1,0,1
736054,481,0,2380,-7547,1,0,1
736055,65535,255,447,9812,0,0,0
736056,672,0,3140,9870,1,0,1
736057,0,0,0,0,0,0,0
736058,0,0,0,0,0,0,0
736059,211,0,3164,-7374,1,0,1
736060,65535,255,534,-7561,0,0,0
736061,65535,255,2326,9887,0,0,0
736062,65535,255,4506,9577,0,0,0
736063,65535,255,5434,-6990,0,0,0
736064,65535,255,3856,-7290,0,0,0
736065,65535,255,1479,-7763,0,0,0
736066,577,0,1428,9945,1,0,1
736067,135,0,3881,9721,1,0,1
736068,65535,255,5526,9411,0,0,0
736069,614,0,4458,-7241,1,0,1
736070,643,0,2361,-7603,1,0,1
736071,65535,255,469,10386,0,0,0
736072,47,2,3167,9818,1,0,1
736073,34,0,5063,9469,1,0,1
736074,0,0,0,0,0,0,0
736075,65535,255,3141,-7406,0,0,0
736076,46,0,499,-7947,1,0,1
736077,468,0,2357,9866,1,0,1
736078,415,0,4526,9556,1,0,1
736079,150,0,5420,-6989,1,0,1
736080,65535,255,3836,-7316,0,0,0
736081,65535,255,1446,-7564,0,0,0
736082,65535,255,1466,9966,0,0,0
736083,65535,255,3908,9709,0,0,0
736084,65535,255,5546,9416,0,0,0
736085,65535,255,4434,-7195,0,0,0
736086,65535,255,2326,-7512,0,0,0
736087,167,0,504,9842,1,0,0
736088,323,0,3185,9739,1,0,1
736089,400,0,5071,9499,1,0,1
736090,65535,255,4967,-7155,0,0,0
736091,210,0,3137,-7436,1,0,1
736092,111,0,500,-8146,1,0,1
736093,65535,255,2358,9817,0,0,0
736094,65535,255,4522,9556,0,0,0
736095,72,2,5425,-6978,1,0,1
736096,65535,255,3844,-7291,0,0,1
736097,65535,255,1467,-7741,0,0,1
736098,290,0,1439,10062,1,0,1
736099,98,0,3889,9659,1,0,1
736100,65535,255,5531,9383,0,0,0
736101,290,2,4457,-7203,1,0,1
736102,65535,255,2360,-7562,0,0,0
736103,65535,255,463,10322,0,0,0
736104,291,0,3158,9820,1,0,1
736105,65535,255,5056,9482,0,0,0
736106,65535,255,6297,9202,0,0,0
736107,36,0,3163,-7462,1,0,1
736108,237,0,529,-7370,1,0,1
736109,0,0,0,0,0,0,0
736110,65535,255,4506,9621,0,0,0
736111,65535,255,5934,9297,0,0,0
736112,65535,255,6896,8969,0,0,0
736113,303,0,1491,-7476,1,0,1
736114,65535,255,1412,10137,0,0,0
736115,349,1,3869,9693,1,0,1
736116,0,0,0,0,0,0,0
736117,0,0,0,0,0,0,0
736118,65535,255,-32768,-32768,0,65535,1
736119,65535,255,440,9959,0,0,0
736120,65535,255,3140,9793,0,0,0
736121,65535,255,5044,9474,0,0,0
736122,290,0,6289,9201,1,0,1
736123,65535,255,-32768,-32768,0,65535,1
736124,65535,255,551,-7623,0,0,0
736125,174,0,2310,9973,1,0,1
736126,65535,255,4495,9561,0,0,0
736127,65535,255,5926,9263,0,0,0
736128,65535,255,6891,8974,0,0,0
736129,65535,255,-32768,-32768,0,65535,1
736130,65535,255,1394,10068,0,0,0
736131,65535,255,3857,9680,0,0,0
736132,328,0,5510,9415,1,0,1
736133,65535,255,6605,9057,0,0,0
736134,0,0,0,0,0,0,0
736135,65535,255,423,10421,0,0,0
736136,65535,255,3127,9874,0,0,0
736137,65535,255,5033,9524,0,0,0
736138,65535,255,6283,9187,0,0,0
736139,65535,255,-32768,-32768,0,65535,1
736140,165,0,563,-7565,1,0,1
736141,65535,255,2300,10003,0,0,0
736142,321,0,4485,9575,1,0,1
736143,65535,255,5921,9284,0,0,0
736144,65535,255,6887,8966,0,0,0
736145,264,0,1515,-7551,1,0,1
736146,65535,255,1389,9900,0,0,0
736147,280,0,3849,9737,1,0,1
736148,65535,255,5505,9398,0,0,0
736149,65535,255,6601,9102,0,0,0
736150,467,2,2405,-7530,1,0,1
736151,114,0,417,10506,1,0,1
736152,176,0,3121,9767,1,0,1
736153,231,0,5029,9493,1,0,1
736154,65535,255,6280,9203,0,0,0
736155,65535,255,3194,-7459,0,0,0
736156,80,0,569,-7975,1,0,1
736157,219,0,2295,9891,1,0,1
736158,65535,255,4479,9639,0,0,0
736159,617,0,5918,9261,1,0,1
736160,65535,255,3888,-7367,0,0,0
736161,65535,255,1518,-7497,0,0,0
736162,795,0,1384,9876,1,0,1
736163,65535,255,3846,9738,0,0,0
736164,65535,255,5503,9403,0,0,0
736165,65535,255,4485,-7179,0,0,0
736166,434,2,2405,-7582,1,0,0
736167,1151,0,418,9633,1,0,1
736168,534,0,3118,9796,1,0,1
736169,621,2,5027,9498,1,0,1
736170,229,0,5003,-7119,1,0,1
736171,65535,255,3195,-7456,0,0,0
736172,267,2,568,-7741,1,0,1
736173,459,0,2295,9849,1,0,1
736174,39,2,4482,9626,1,0,1
736175,137,2,5450,-6994,1,0,1
736176,143,2,3884,-7375,1,0,1
736177,566,0,1518,-7519,1,0,1
736178,65535,255,1389,9926,0,0,0
736179,536,0,3850,9665,1,0,1
736180,561,0,5504,9421,1,0,1
736181,181,0,4481,-7210,1,0,1
736182,168,2,2395,-7451,1,0,1
736183,65535,255,423,10269,0,0,0
736184,119,2,3123,9874,1,0,1
736185,65535,255,5034,9469,0,0,0
736186,692,0,5000,-7092,1,0,1
736187,247,0,3186,-7419,1,0,1
736188,65535,255,557,-7564,0,0,0
736189,30,0,2306,9834,1,0,1
736190,475,0,4485,9619,1,0,1
736191,65535,255,5447,-6995,0,0,0
736192,420,2,3878,-7329,1,0,1
736193,66,0,1507,-7605,1,0,1
736194,65535,255,1394,10021,0,0,1
736195,244,0,3857,9710,1,0,1
736196,65535,255,5511,9383,0,0,0
736197,65535,255,4478,-7261,0,0,0
736198,65535,255,2390,-7584,0,0,0
736199,65535,255,434,9879,0,0,1
736200,65535,255,3131,9844,0,0,0
736201,54,0,5040,9507,1,0,1
736202,465,0,4994,-7083,1,0,1
736203,571,0,3177,-7420,1,0,1
736204,302,0,545,-7623,1,0,1
736205,604,0,2316,9861,1,0,1
736206,65535,255,4495,9643,0,0,0
736207,65535,255,5441,-7016,0,0,0
736208,372,0,3868,-7310,1,0,1
736209,407,0,1496,-7737,1,0,1
736210,171,0,1418,9854,1,0,1
736211,65535,255,3873,9662,0,0,0
736212,583,0,5520,9365,1,0,1
736213,350,0,4467,-7238,1,0,1
736214,505,0,2375,-7546,1,0,1
736215,29,2,458,9817,1,0,1
736216,451,0,3149,9851,1,0,1
736217,127,2,5054,9461,1,0,1
736218,65535,255,4985,-7096,0,0,0
736219,60,0,3159,-7452,1,0,1
736220,65535,255,522,-7935,0,0,0
736221,370,2,2337,9943,1,0,1
736222,590,0,4512,9591,1,0,1
736223,97,0,5430,-6985,1,0,1
736224,139,0,3852,-7365,1,0,1
736225,131,0,1468,-7653,1,0,1
736226,75,0,1440,10156,1,0,1
736227,531,0,3890,9652,1,0,1
736228,693,0,5533,9360,1,0,1
736229,65535,255,4454,-7241,0,0,0
736230,305,0,2351,-7577,1,0,1
736231,515,0,476,9690,1,0,1
736232,39,2,3167,9769,1,0,0
736233,65535,255,5059,9464,0,0,0
736234,229,0,4981,-7142,1,0,1
736235,543,0,3159,-7463,1,0,1
736236,65535,255,516,-7553,0,0,0
736237,0,0,0,0,0,0,0
736238,65535,255,4512,9558,0,0,0
736239,65535,255,5435,-7000,0,0,0
736240,65535,255,3860,-7359,0,0,0
736241,65535,255,1485,-7762,0,0,0
736242,65535,255,1423,10110,0,0,0
736243,528,0,3877,9699,1,0,1
736244,449,0,5524,9372,1,0,0
736245,621,0,4467,-7196,1,0,1
736246,65535,255,2375,-7601,0,0,0
736247,90,0,459,9602,1,0,1
736248,65535,255,3149,9772,0,0,0
736249,427,0,5050,9472,1,0,1
736250,65535,255,4987,-7075,0,0,0
736251,193,0,3168,-7390,1,0,1
736252,441,0,540,-7989,1,0,1
736253,68,0,2327,9887,1,0,1
736254,351,0,4502,9623,1,0,1
736255,303,0,5441,-6984,1,0,1
736256,197,0,3868,-7342,1,0,1
736257,65535,255,1496,-7760,0,0,0
736258,65535,255,1411,10136,0,0,0
736259,65535,255,3869,9724,0,0,0
736260,148,0,5520,9376,1,0,1
736261,65535,255,4471,-7232,0,0,0
736262,65535,255,2380,-7493,0,0,0
736263,1670,1,440,10335,1,0,1
736264,243,0,3141,9849,1,0,1
736265,65535,255,5045,9492,0,0,0
736266,65535,255,4992,-7116,0,0,0
736267,254,0,3173,-7373,1,0,1
736268,504,0,547,-8169,1,0,1
736269,0,0,0,0,0,0,0
736270,385,0,4499,9567,1,0,1
736271,592,1,5443,-7025,1,0,1
736272,346,0,3868,-7303,1,0,1
736273,223,0,1495,-7672,1,0,1
736274,65535,255,1412,10041,0,0,0
736275,356,0,3865,9662,1,0,1
736276,179,0,5516,9386,1,0,1
736277,509,0,4474,-7212,1,0,1
736278,65535,255,2385,-7599,0,0,0
736279,65535,255,435,10563,0,0,0
736280,65535,255,3131,9863,0,0,0
736281,65535,255,5036,9502,0,0,0
736282,605,0,4997,-7088,1,0,1
736283,65535,255,3184,-7459,0,0,0
736284,65535,255,557,-7744,0,0,0
736285,570,0,2300,10004,1,0,1
736286,394,0,4486,9563,1,0,1
736287,65535,255,5449,-6999,0,0,0
736288,65535,255,3880,-7346,0,0,0
736289,375,0,1518,-7690,1,0,1
736290,65535,255,1389,9997,0,0,0
736291,65535,255,3850,9657,0,0,0
736292,473,0,5503,9394,1,0,1
736293,443,0,4485,-7234,1,0,1
736294,65535,255,2400,-7464,0,0,0
736295,156,0,417,9873,1,0,1
736296,65535,255,3118,9796,0,0,0
736297,65535,255,5028,9482,0,0,0
736298,65535,255,5003,-7075,0,0,0
736299,57,2,3196,-7504,1,0,1
736300,0,0,0,0,0,0,0
736301,65535,255,2290,9821,0,0,0
736302,162,0,4476,9596,1,0,1
736303,197,0,5455,-7030,1,0,1
736304,349,0,3888,-7284,1,0,1
736305,65535,255,1528,-7560,0,0,0
736306,65535,255,1378,9901,0,0,0
736307,65535,255,3837,9752,0,0,0
736308,65535,255,5499,9391,0,0,0
736309,65535,255,4491,-7239,0,0,0
736310,296,2,2410,-7489,1,0,0
736311,65535,255,405,10190,0,0,0
736312,0,0,0,0,0,0,0
736313,65535,255,5021,9516,0,0,0
736314,65535,255,5009,-7122,0,0,0
736315,65535,255,3200,-7445,0,0,0
736316,65535,255,580,-7568,0,0,0
736317,99,2,2285,10005,1,0,1
736318,125,0,4475,9584,1,0,1
736319,65535,255,5458,-7029,0,0,0
736320,0,0,0,0,0,0,0
736321,65535,255,1528,-7645,0,0,0
736322,65535,255,1372,10023,0,0,0
736323,65535,255,3841,9690,0,0,0
736324,0,0,0,0,0,0,0
736325,65535,255,4492,-7208,0,0,0
736326,422,0,2410,-7450,1,0,1
736327,65535,255,405,10109,0,0,0
736328,65535,255,3114,9847,0,0,0
736329,65535,255,5024,9527,0,0,0
736330,65535,255,5009,-7144,0,0,0
736331,110,2,3200,-7503,1,0,1
736332,32,2,575,-8028,1,0,1
736333,163,0,2289,9921,1,0,1
736334,65535,255,4478,9606,0,0,0
736335,37,0,5454,-7016,1,0,1
736336,286,0,3888,-7292,1,0,1
736337,111,0,1523,-7646,1,0,0
736338,65535,255,1383,10047,0,0,0
736339,0,0,0,0,0,0,0
736340,65535,255,5505,9377,0,0,0
736341,512,0,4488,-7246,1,0,1
736342,65535,255,2405,-7542,0,0,0
736343,65535,255,426,9486,0,0,0
736344,65535,255,3122,9786,0,0,0
736345,0,0,0,0,0,0,0
736346,103,0,5002,-7124,1,0,1
736347,65535,255,3191,-7485,0,0,0
736348,314,0,563,-7976,1,0,1
736349,186,0,2305,9920,1,0,1
736350,65535,255,4489,9570,0,0,0
736351,642,2,5451,-7030,1,0,1
736352,0,0,0,0,0,0,0
736353,65535,255,1512,-7755,0,0,0
736354,65535,255,1401,9854,0,0,0
736355,65535,255,3861,9657,0,0,0
736356,142,0,5515,9421,1,0,1
736357,532,2,4477,-7210,1,0,1
736358,65535,255,2385,-7478,0,0,0
736359,1240,1,435,10490,1,0,1
736360,0,0,0,0,0,0,0
736361,65535,255,5044,9502,0,0,0
736362,67,0,4993,-7131,1,0,1
736363,65535,255,3177,-7506,0,0,0
736364,65535,255,541,-7252,0,0,0
736365,65535,255,2321,9988,0,0,0
736366,1383,0,4501,9606,1,0,0
736367,997,0,5441,-6991,1,0,0
736368,65535,255,3864,-7292,0,0,0
736369,65535,255,1485,-7650,0,0,0
736370,65535,255,1422,10113,0,0,0
736371,687,0,3877,9748,1,0,0
736372,480,0,5525,9414,1,0,0
736373,65535,255,4464,-7213,0,0,0
736374,1131,0,2365,-7493,1,0,0
736375,287,0,471,9545,1,0,1
736376,0,0,0,0,0,0,0
736377,26,2,5059,9531,1,0,1
736378,105,2,4978,-7085,1,0,1
736379,89,2,3150,-7433,1,0,1
736380,65535,255,510,-7873,0,0,0
736381,65535,255,2352,9928,0,0,0
736382,65535,255,4522,9584,0,0,0
736383,114,2,5424,-6985,1,0,1
736384,65535,255,3843,-7371,0,0,0
736385,65535,255,1457,-7584,0,0,0
736386,65535,255,1457,9970,0,0,0
736387,49,2,3901,9676,1,0,1
736388,65535,255,5539,9420,0,0,0
736389,70,2,4443,-7197,1,0,1
736390,65535,255,2341,-7617,0,0,0
736391,65535,255,492,9906,0,0,0
736392,30,0,3181,9829,1,0,1
736393,65535,255,5068,9513,0,0,0
736394,281,0,4966,-7126,1,0,1
736395,65535,255,3133,-7474,0,0,0
736396,34,0,487,-7817,1,0,1
736397,454,0,2367,9859,1,0,1
736398,404,2,4529,9626,1,0,0
736399,0,0,0,0,0,0,0
736400,0,0,0,0,0,0,0
736401,630,0,1440,-7516,1,0,1
736402,65535,255,1468,9924,0,0,0
736403,65535,255,3908,9667,0,0,0
736404,65535,255,5544,9402,0,0,0
736405,65535,255,4434,-7205,0,0,0
736406,65535,255,2321,-7454,0,0,0
736407,38,2,509,10235,1,0,1
736408,327,0,3194,9784,1,0,1
736409,306,0,5080,9463,1,0,1
736410,65535,255,4955,-7084,0,0,0
736411,227,0,3115,-7407,1,0,1
736412,65535,255,464,-7461,0,0,0
736413,65535,255,2387,9818,0,0,0
736414,65535,255,4543,9567,0,0,0
736415,472,0,5409,-7041,1,0,1
736416,65535,255,3820,-7362,0,0,0
736417,0,0,0,0,0,0,0
736418,65535,255,1474,10083,0,0,0
736419,220,0,3909,9749,1,0,1
736420,65535,255,5544,9418,0,0,0
736421,65535,255,4434,-7224,0,0,0
736422,65535,255,2326,-7551,0,0,0
736423,65535,255,498,9906,0,0,0
736424,357,0,3181,9855,3,0,0
736425,65535,255,5069,9486,0,0,0
736426,700,0,4964,-7125,3,0,0
736427,0,0,0,0,0,0,0
736428,65535,255,494,-7475,0,0,0
736429,22,0,2363,9873,1,0,1
736430,561,0,4523,9565,1,0,1
736431,65535,255,5420,-6998,0,0,0
736432,65535,255,3840,-7374,0,0,0
736433,332,0,1457,-7653,1,0,1
736434,65535,255,1448,10044,0,0,0
736435,595,0,3890,9676,1,0,1
736436,374,0,5531,9380,1,0,1
736437,51,2,4447,-7183,1,0,1
736438,415,0,2351,-7467,1,0,1
736439,65535,255,477,9551,0,0,0
736440,577,0,3164,9754,1,0,1
736441,76,2,5057,9510,1,0,1
736442,65535,255,4976,-7124,0,0,0
736443,65535,255,3150,-7441,0,0,0
736444,46,2,517,-8064,1,0,1
736445,65535,255,2337,10000,0,0,0
736446,65535,255,4509,9636,0,0,0
736447,178,0,5431,-7030,1,0,1
736448,65535,255,3856,-7364,0,0,0
736449,65535,255,1479,-7628,0,0,0
736450,547,0,1428,9868,1,0,1
736451,87,0,3878,9694,1,0,1
736452,65535,255,5523,9396,0,0,0
736453,65535,255,4461,-7206,0,0,0
736454,65535,255,2365,-7545,0,0,0
736455,65535,255,457,10037,0,0,0
736456,110,2,3154,9765,1,0,0
736457,65535,255,5048,9524,0,0,0
736458,65535,255,4985,-7093,0,0,0
736459,27,0,3164,-7487,1,0,1
736460,552,0,534,-7431,1,0,1
736461,313,0,2327,9890,1,0,1
736462,159,0,4502,9594,1,0,1
736463,312,0,5933,9268,1,0,1
736464,65535,255,3864,-7331,0,0,0
736465,172,0,1490,-7582,1,0,0
736466,65535,255,1412,10163,0,0,1
736467,65535,255,3869,9688,0,0,0
736468,65535,255,5518,9398,0,0,0
736469,65535,255,4468,-7223,0,0,0
736470,412,0,2380,-7597,1,0,1
736471,65535,255,446,10407,0,0,0
736472,65535,255,3145,9825,0,0,0
736473,54,2,5048,9481,1,0,1
736474,65535,255,6292,9195,0,0,0
736475,65535,255,3172,-7437,0,0,0
736476,65535,255,546,-8163,0,0,0
736477,65535,255,2321,9850,0,0,0
736478,384,0,4499,9582,1,0,0
736479,302,0,5930,9269,1,0,1
736480,65535,255,6894,8991,0,0,0
736481,65535,255,1495,-7626,0,0,0
736482,426,0,1412,9880,1,0,1
736483,65535,255,3865,9727,0,0,0
736484,65535,255,5518,9426,0,0,0
736485,501,2,6609,9081,1,0,1
736486,65535,255,2380,-7490,0,0,0
736487,65535,255,441,9883,0,0,0
736488,65535,255,3140,9777,0,0,0
736489,191,0,5044,9536,1,0,1
736490,103,0,6292,9184,1,0,1
736491,65535,255,-32768,-32768,0,65535,1
736492,126,2,546,-8043,1,0,1
736493,65535,255,2322,9836,0,0,0
736494,257,0,4499,9583,1,0,1
736495,579,0,5930,9273,1,0,1
736496,65535,255,6895,8994,0,0,0
736497,65535,255,1501,-7669,0,0,0
736498,65535,255,1412,9951,0,0,0
736499,360,0,3865,9758,1,0,1
736500,548,0,5518,9380,1,0,1
736501,586,0,6610,9075,1,0,1
736502,65535,255,-32768,-32768,0,65535,1
736503,1414,1,441,10487,1,0,1
736504,656,0,3140,9855,1,0,1
736505,484,0,5045,9503,1,0,1
736506,489,0,6292,9165,1,0,1
736507,65535,255,-32768,-32768,0,65535,1
736508,27,2,539,-7862,1,0,1
736509,65535,255,2321,9850,0,0,0
736510,65535,255,4499,9576,0,0,0
736511,721,0,5930,9269,1,0,1
736512,65535,255,6895,8976,0,0,0
736513,65535,255,1496,-7713,0,0,0
736514,632,0,1412,10022,1,0,1
736515,34,0,3872,9661,1,0,0
736516,65535,255,5520,9393,0,0,0
736517,430,0,6611,9089,1,0,1
736518,368,0,2376,-7437,1,0,1
736519,65535,255,453,9744,0,0,0
736520,65535,255,3149,9766,0,0,0
736521,65535,255,5047,9479,0,0,0
736522,131,0,6293,9195,1,0,1
736523,118,0,3168,-7457,1,0,1
736524,485,0,535,-7433,1,0,1
736525,203,0,2327,9946,1,0,1
736526,53,0,4502,9644,1,0,1
736527,123,0,5933,9317,1,0,1
736528,65535,255,3860,-7332,0,0,0
736529,146,0,1484,-7668,1,0,1
736530,65535,255,1423,9973,0,0,0
736531,22,2,3878,9656,1,0,1
736532,218,0,5524,9392,1,0,1
736533,61,0,4461,-7242,1,0,1
736534,262,0,2365,-7464,1,0,1
736535,1132,1,458,9968,1,0,1
736536,222,0,3154,9804,1,0,1
736537,338,1,5051,9485,1,0,1
736538,79,0,4979,-7083,1,0,1
736539,99,0,3155,-7362,1,0,1
736540,65535,255,522,-7930,0,0,0
736541,176,0,2337,9848,1,0,1
736542,65535,255,4510,9599,0,0,0
736543,65535,255,5431,-7030,0,0,0
736544,65535,255,3852,-7286,0,0,0
736545,126,0,1468,-7538,1,0,1
736546,762,0,1435,9879,1,0,1
736547,522,0,3882,9741,1,0,1
736548,58,0,5529,9382,1,0,1
736549,552,0,4454,-7225,1,0,1
736550,127,0,2351,-7439,1,0,1
736551,114,0,475,9900,1,0,1
736552,65535,255,3163,9803,0,0,0
736553,382,0,5058,9489,1,0,1
736554,303,0,4973,-7090,1,0,0
736555,65535,255,3146,-7382,0,0,0
736556,65535,255,506,-7353,0,0,0
736557,576,0,2348,9943,1,0,1
736558,401,0,4518,9586,1,0,1
736559,65535,255,5423,-7003,0,0,0
736560,65535,255,3840,-7365,0,0,0
736561,421,0,1457,-7789,1,0,1
736562,147,0,1452,10155,1,0,1
736563,557,0,3894,9723,1,0,1
736564,65535,255,5536,9371,0,0,0
736565,28,2,4440,-7221,1,0,1
736566,254,0,2336,-7440,1,0,1
736567,65535,255,492,9971,0,0,0
736568,65535,255,3181,9820,0,0,0
736569,205,0,5069,9503,1,0,1
736570,168,0,4964,-7108,1,0,0
736571,65,0,3128,-7424,1,0,1
736572,27,0,482,-7400,1,0,1
736573,65535,255,2368,9967,0,0,0
736574,65535,255,4533,9571,0,0,0
736575,581,0,5415,-7015,1,0,1
736576,65535,255,3824,-7275,0,0,0
736577,558,0,1435,-7560,1,0,1
736578,65535,255,1474,9925,0,0,0
736579,52,2,3913,9660,1,0,1
736580,397,0,5546,9410,1,0,1
736581,65535,255,4429,-7235,0,0,0
736582,65535,255,2315,-7579,0,0,0
736583,65535,255,523,9663,0,0,0
736584,65535,255,3203,9788,0,0,0
736585,30,0,5086,9490,1,0,1
736586,91,0,4949,-7101,1,0,1
736587,71,0,3110,-7475,1,0,1
736588,203,0,464,-7815,1,0,1
736589,22,2,2387,9859,1,0,1
736590,65535,255,4539,9619,0,0,0
736591,65535,255,5409,-6978,0,0,0
736592,0,0,0,0,0,0,0
736593,65535,255,1435,-7770,0,0,0
736594,65535,255,1469,10153,0,0,0
736595,65535,255,3905,9737,0,0,0
736596,118,0,5544,9388,1,0,1
736597,65535,255,4440,-7246,0,0,0
736598,21,2,2335,-7535,1,0,1
736599,732,1,488,10585,1,0,1
736600,65535,255,3181,9773,0,0,0
736601,65535,255,5068,9483,0,0,0
736602,65535,255,4972,-7095,0,0,0
736603,65535,255,3154,-7452,0,0,0
736604,65535,255,522,-8062,0,0,0
736605,65535,255,2337,9985,0,0,0
736606,65535,255,4509,9623,0,0,0
736607,65535,255,5435,-7012,0,0,0
736608,162,0,3860,-7326,1,0,1
736609,402,0,1485,-7519,1,0,1
736610,661,0,1417,10042,1,0,1
736611,257,0,3873,9748,1,0,1
736612,65535,255,5521,9428,0,0,0
736613,90,0,4470,-7244,1,0,1
736614,17,0,2380,-7612,1,0,1
736615,65535,255,440,10336,0,0,0
736616,331,2,3141,9794,1,0,1
736617,370,2,5041,9534,1,0,1
736618,294,1,4996,-7098,1,0,1
736619,33,2,3181,-7496,1,0,1
736620,65535,255,551,-7443,0,0,0
736621,65535,255,2311,9877,0,0,0
736622,297,1,4492,9576,1,0,1
736623,299,0,5449,-6985,1,0,1
736624,65535,255,3880,-7293,0,0,0
736625,65535,255,1518,-7796,0,0,0
736626,65535,255,1389,10022,0,0,0
736627,65535,255,3853,9751,0,0,0
736628,103,0,5508,9407,1,0,1
736629,270,0,4488,-7259,1,0,1
736630,459,0,2404,-7450,1,0,1
736631,65535,255,420,9477,0,0,0
736632,65535,255,3118,9857,0,0,0
736633,65535,255,5030,9489,0,0,0
736634,65535,255,5008,-7144,0,0,0
736635,142,0,3199,-7435,1,0,1
736636,326,2,581,-8082,1,0,0
736637,145,0,2290,9822,1,0,1
736638,46,2,4479,9566,1,0,1
736639,616,0,5459,-6982,1,0,1
736640,65535,255,3895,-7297,0,0,0
736641,231,0,1534,-7495,1,0,1
736642,709,0,1366,10074,1,0,1
736643,371,2,3837,9661,1,0,0
736644,65535,255,5498,9383,0,0,0
736645,605,0,4498,-7206,1,0,1
736646,99,0,2419,-7552,1,0,1
736647,65535,255,394,10195,0,0,0
736648,642,0,3101,9810,1,0,1
736649,65535,255,5018,9469,0,0,0
736650,65535,255,5017,-7130,0,0,1
736651,605,0,3213,-7414,1,0,1
736652,569,0,598,-8015,1,0,1
736653,136,0,2275,9824,1,0,1
736654,65535,255,4465,9574,0,0,1
736655,65535,255,5464,-6994,0,0,0
736656,65535,255,3902,-7325,0,0,0
736657,65535,255,1550,-7599,0,0,0
736658,65535,255,1356,9853,0,0,0
736659,65535,255,3825,9717,0,0,0
736660,65535,255,5489,9422,0,0,0
736661,65535,255,4503,-7236,0,0,0
736662,402,0,2430,-7486,1,0,1
736663,65535,255,383,9851,0,0,0
736664,65535,255,3092,9772,0,0,0
736665,65535,255,5009,9536,0,0,0
736666,36,0,5018,-7124,1,0,1
736667,65535,255,3217,-7412,0,0,0
736668,55,0,604,-8064,1,0,1
736669,65535,255,2264,9854,0,0,0
736670,137,0,4459,9588,1,0,1
736671,65535,255,5467,-7011,0,0,0
736672,65535,255,3910,-7361,0,0,0
736673,401,0,1556,-7704,1,0,1
736674,158,0,1349,10003,1,0,1
736675,467,0,3818,9732,1,0,1
736676,65535,255,5486,9386,0,0,0
736677,410,0,4505,-7222,1,0,1
736678,65535,255,2434,-7615,0,0,0
736679,224,0,385,9423,1,0,1
736680,177,0,3087,9892,1,0,1
736681,0,0,0,0,0,0,0
736682,0,0,0,0,0,0,0
736683,65535,255,3218,-7402,0,0,0
736684,65535,255,610,-8061,0,0,0
736685,65535,255,2258,10026,0,0,0
736686,0,0,0,0,0,0,0
736687,65535,255,5467,-7006,0,0,0
736688,65535,255,3910,-7353,0,0,0
736689,224,0,1556,-7725,1,0,1
736690,293,0,1349,10027,1,0,1
736691,65535,255,3822,9671,0,0,0
736692,65535,255,5486,9401,0,0,0
736693,0,0,0,0,0,0,0
736694,166,0,2429,-7472,1,0,1
736695,314,0,383,9941,1,0,1
736696,65535,255,3092,9802,0,0,0
736697,61,0,5012,9482,1,0,1
736698,61,2,5018,-7075,1,0,1
736699,65535,255,3218,-7498,0,0,0
736700,65535,255,603,-7790,0,0,0
736701,65535,255,2265,9946,0,0,0
736702,65535,255,4462,9582,0,0,0
736703,960,1,5467,-7015,1,0,0
736704,461,2,3904,-7333,1,0,0
736705,235,0,1545,-7499,1,0,0
736706,65535,255,1355,10151,0,0,0
736707,65535,255,3829,9710,0,0,0
736708,390,2,5491,9428,1,0,1
736709,360,1,4501,-7191,1,0,1
736710,65535,255,2424,-7577,0,0,0
736711,114,0,390,10705,1,0,1
736712,119,0,3100,9851,1,0,1
736713,65535,255,5018,9530,0,0,0
736714,65535,255,5017,-7129,0,0,0
736715,293,1,3213,-7451,1,0,1
736716,65535,255,592,-7569,0,0,0
736717,65535,255,2274,9982,0,0,0
736718,65535,255,4472,9568,0,0,0
736719,0,0,0,0,0,0,0
736720,65535,255,3902,-7370,0,0,0
736721,65535,255,1536,-7620,0,0,0
736722,564,0,1366,10149,1,0,1
736723,483,0,3837,9717,1,0,1
736724,362,0,5500,9382,1,0,1
736725,65535,255,4494,-7211,0,0,0
736726,19,0,2414,-7631,1,0,1
736727,65535,255,407,9707,0,0,0
736728,65535,255,6996,-6431,0,0,1
736729,132,0,5027,9485,1,0,1
736730,148,0,5008,-7088,1,0,0
736731,65535,255,3199,-7386,0,0,0
736732,65535,255,575,-8085,0,0,0
736733,65535,255,2290,9909,0,0,0
736734,65535,255,4478,9637,0,0,0
736735,65535,255,5454,-6991,0,0,0
736736,160,0,3887,-7349,3,0,0
736737,65535,255,1523,-7751,0,0,0
736738,284,1,1389,10120,3,0,0
736739,65535,255,3853,9715,0,0,0
736740,539,2,5510,9365,3,0,0
736741,65535,255,4484,-7213,0,0,0
736742,65535,255,2396,-7483,0,0,0
736743,1600,1,423,9879,1,0,0
736744,834,1,3127,9818,1,0,0
736745,140,0,5038,9500,1,0,1
736746,265,0,4999,-7106,1,0,1
736747,603,0,3185,-7425,1,0,1
736748,65535,255,551,-7438,0,0,0
736749,293,0,2311,9977,1,0,1
736750,95,2,4495,9578,1,0,1
736751,65535,255,5446,-7020,0,0,0
736752,65535,255,3871,-7283,0,0,0
736753,152,0,1496,-7580,1,0,1
736754,591,0,1411,9952,1,0,1
736755,0,0,0,0,0,0,0
736756,65535,255,5518,9413,0,0,0
736757,116,0,4467,-7185,1,0,1
736758,39,2,2375,-7597,1,0,1
736759,170,0,453,9746,1,0,1
736760,557,0,3149,9796,1,0,1
736761,65535,255,5051,9492,0,0,0
736762,65535,255,4984,-7109,0,0,0
736763,468,0,3163,-7428,1,0,1
736764,0,0,0,0,0,0,0
736765,65535,255,2337,10002,0,0,0
736766,77,2,4513,9593,1,0,1
736767,587,0,5431,-7013,1,0,1
736768,0,0,0,0,0,0,0
736769,261,0,1468,-7693,1,0,0
736770,255,0,1440,10088,1,0,0
736771,65535,255,3889,9717,0,0,0
736772,530,0,5534,9372,1,0,0
736773,65535,255,4450,-7238,0,0,0
736774,70,2,2345,-7506,1,0,1
736775,65535,255,481,10382,0,0,0
736776,142,0,3177,9744,1,0,1
736777,888,0,5066,9468,1,0,1
736778,234,2,4966,-7085,1,0,0
736779,65535,255,3132,-7403,0,0,0
736780,172,0,488,-7335,1,0,1
736781,65535,255,2367,9981,0,0,0
736782,65535,255,4530,9590,0,0,0
736783,65535,255,5414,-7009,0,0,0
736784,184,0,3828,-7312,1,0,1
736785,0,0,0,0,0,0,0
736786,65535,255,1463,9971,0,0,0
736787,65535,255,3901,9722,0,0,0
736788,206,0,5539,9403,1,0,1
736789,65535,255,4440,-7208,0,0,0
736790,65535,255,2336,-7520,0,0,0
736791,65535,255,494,9773,0,0,0
736792,65535,255,3177,9860,0,0,0
736793,65535,255,5067,9484,0,0,0
736794,685,0,4967,-7123,1,0,1
736795,65535,255,3132,-7373,0,0,0
736796,65535,255,493,-7540,0,0,0
736797,497,0,2358,9889,1,0,1
736798,290,0,4523,9579,1,0,1
736799,80,2,5417,-6979,1,0,1
736800,525,0,3836,-7290,1,0,1
736801,67,2,1451,-7720,1,0,1
736802,65535,255,1452,9904,0,0,0
736803,65535,255,3894,9701,0,0,0
736804,410,0,5534,9395,1,0,1
736805,65535,255,4444,-7201,0,0,0
736806,65535,255,2340,-7520,0,0,0
736807,65535,255,487,9905,0,0,0
736808,653,0,3172,9756,1,0,1
736809,142,0,5063,9500,1,0,1
736810,0,0,0,0,0,0,0
736811,65535,255,3141,-7421,0,0,0
736812,130,2,499,-7942,1,0,0
736813,233,0,2353,9984,1,0,1
736814,0,0,0,0,0,0,0
736815,515,0,5423,-7026,1,0,1
736816,39,2,3840,-7357,1,0,0
736817,65535,255,1457,-7627,0,0,0
736818,358,0,1450,9897,1,0,1
736819,57,2,3894,9693,1,0,1
736820,0,0,0,0,0,0,0
736821,65535,255,4447,-7206,0,0,0
736822,65535,255,2345,-7546,0,0,0
736823,65535,255,481,10109,0,0,0
736824,625,0,3172,9774,1,0,1
736825,65535,255,5064,9526,0,0,0
736826,65535,255,4970,-7095,0,0,0
736827,297,0,3141,-7489,1,0,1
736828,65535,255,499,-7475,0,0,0
736829,65535,255,2358,9889,0,0,0
736830,65535,255,4523,9592,0,0,0
736831,674,0,5945,9270,1,0,1
736832,65535,255,3839,-7325,0,0,0
736833,524,0,1457,-7558,1,0,1
736834,65535,255,1451,10157,0,0,0
736835,35,0,3898,9686,1,0,1
736836,359,0,5536,9395,1,0,1
736837,65535,255,6622,9083,0,0,0
736838,65535,255,2340,-7573,0,0,0
736839,0,0,0,0,0,0,0
736840,0,0,0,0,0,0,0
736841,65535,255,5069,9468,0,0,0
736842,65535,255,6306,9189,0,0,0
736843,113,2,3136,-7411,1,0,1
736844,65535,255,493,-8010,0,0,0
736845,125,0,2362,9822,1,0,1
736846,65535,255,4530,9560,0,0,0
736847,65535,255,5948,9314,0,0,0
736848,65535,255,6907,8978,0,0,1
736849,92,0,1446,-7513,1,0,1
736850,350,1,1457,10110,1,0,1
736851,65535,255,3905,9678,0,0,0
736852,65535,255,5541,9395,0,0,0
736853,65535,255,6627,9085,0,0,0
736854,65535,255,-32768,-32768,0,65535,1
736855,65535,255,499,10439,0,0,0
736856,322,0,3185,9841,1,0,1
736857,266,1,5074,9488,1,0,1
736858,365,1,6310,9206,1,0,1
736859,65535,255,-32768,-32768,0,65535,1
736860,65535,255,482,-7332,0,0,0
736861,307,0,2372,9902,1,0,1
736862,65535,255,4536,9609,0,0,0
736863,65535,255,5954,9285,0,0,0
736864,65535,255,6912,8958,0,0,0
736865,202,0,1440,-7745,1,0,0
736866,65535,255,1474,9994,0,0,0
736867,486,0,3912,9674,1,0,1
736868,164,0,5549,9379,1,0,1
736869,65535,255,6630,9074,0,0,0
736870,65535,255,-32768,-32768,0,65535,0
736871,65535,255,510,10368,0,0,0
736872,104,0,3198,9839,1,0,0
736873,206,0,5083,9487,1,0,1
736874,65535,255,6315,9194,0,0,0
736875,65535,255,-32768,-32768,0,65535,1
736876,65535,255,470,-7462,0,0,0
736877,52,0,2387,9940,1,0,1
736878,249,0,4543,9626,1,0,1
736879,65535,255,5959,9299,0,0,0
736880,65535,255,6916,8969,0,0,1
736881,68,0,1418,-7489,1,0,1
736882,386,2,1485,10128,1,0,1
736883,65535,255,3924,9690,0,0,0
736884,65535,255,5553,9410,0,0,0
736885,295,0,6636,9063,1,0,1
736886,249,0,2304,-7453,1,0,1
736887,65535,255,534,9858,0,0,0
736888,147,0,3212,9770,1,0,1
736889,65535,255,5092,9459,0,0,0
736890,65535,255,6322,9187,0,0,0
736891,65535,255,3100,-7426,0,0,0
736892,261,0,451,-7777,1,0,1
736893,65535,255,2402,9885,0,0,0
736894,312,2,4553,9606,1,0,0
736895,65535,255,5966,9289,0,0,0
736896,230,1,3804,-7339,1,0,1
736897,247,0,1406,-7774,1,0,1
736898,65535,255,1500,9933,0,0,0
736899,65535,255,3928,9749,0,0,0
736900,65535,255,5556,9400,0,0,0
736901,65535,255,4420,-7268,0,0,0
736902,119,0,2304,-7578,1,0,1
736903,65535,255,528,9795,0,0,0
736904,534,0,3204,9809,1,0,1
736905,0,0,0,0,0,0,0
736906,482,0,4951,-7120,1,0,1
736907,180,0,3114,-7473,1,0,1
736908,504,0,470,-7883,1,0,1
736909,335,0,2382,9887,1,0,1
736910,65535,255,4537,9646,0,0,0
736911,65535,255,5409,-7005,0,0,0
736912,65535,255,3820,-7274,0,0,0
736913,35,2,1428,-7606,1,0,1
736914,65535,255,1474,10017,0,0,0
736915,65535,255,3909,9700,0,0,0
736916,390,0,5544,9371,1,0,1
736917,306,0,4434,-7233,1,0,1
736918,127,0,2326,-7506,1,0,1
736919,65535,255,499,10509,0,0,0
736920,65535,255,3186,9773,0,0,0
736921,124,0,5070,9494,1,0,1
736922,65535,255,4964,-7106,0,0,0
736923,264,0,3133,-7451,1,0,1
736924,259,0,493,-7810,1,0,1
736925,65535,255,2363,9876,0,0,0
736926,65535,255,4523,9642,0,0,0
736927,420,0,5420,-7006,1,0,0
736928,330,0,3836,-7286,1,0,1
736929,49,0,1451,-7650,1,0,1
736930,65535,255,1451,10088,0,0,0
736931,88,0,3894,9725,1,0,1
736932,657,0,5532,9392,1,0,1
736933,184,0,4447,-7262,1,0,1
736934,461,0,2350,-7585,1,0,1
736935,1408,0,475,10248,1,0,1
736936,65535,255,3168,9736,0,0,0
736937,65535,255,5061,9480,0,0,0
736938,269,0,4973,-7098,1,0,1
736939,420,0,3150,-7438,1,0,1
736940,52,0,510,-7740,1,0,1
736941,65535,255,2343,9877,0,0,0
736942,41,2,4513,9621,1,0,1
736943,274,0,5428,-7018,1,0,1
736944,124,0,3848,-7308,1,0,1
736945,65535,255,1474,-7713,0,0,0
736946,565,0,1429,10143,1,0,1
736947,395,0,3880,9706,1,0,1
736948,561,0,5524,9417,1,0,1
736949,256,0,4458,-7210,1,0,1
736950,73,2,2360,-7490,1,0,1
736951,933,1,459,10547,1,0,1
736952,399,0,3154,9787,1,0,1
736953,65535,255,5052,9509,0,0,0
736954,65535,255,4981,-7140,0,0,0
736955,65535,255,3159,-7369,0,0,0
736956,65535,255,529,-7362,0,0,0
736957,65535,255,2333,9809,0,0,0
736958,65535,255,4506,9627,0,0,0
736959,65535,255,5436,-7002,0,0,0
736960,35,0,3860,-7291,1,0,1
736961,44,2,1485,-7711,1,0,0
736962,513,0,1421,9981,1,0,1
736963,482,0,3874,9659,1,0,1
736964,65535,255,5521,9424,0,0,0
736965,60,0,4464,-7233,1,0,1
736966,66,2,2370,-7542,1,0,0
736967,0,0,0,0,0,0,0
736968,65535,255,3132,9766,0,0,0
736969,433,0,5036,9519,1,0,1
736970,358,0,4999,-7092,1,0,1
736971,525,0,3190,-7485,1,0,1
736972,546,0,563,-7447,1,0,1
736973,65535,255,2300,9891,0,0,0
736974,65535,255,4486,9589,0,0,0
736975,65535,255,5451,-7003,0,0,0
736976,490,0,3887,-7329,1,0,1
736977,0,0,0,0,0,0,0
736978,95,0,1383,10168,1,0,1
736979,27,2,3849,9689,1,0,1
736980,65535,255,5505,9400,0,0,0
736981,440,0,4491,-7220,1,0,1
736982,65535,255,2409,-7594,0,0,0
736983,65535,255,406,10435,0,0,0
736984,65535,255,3114,9828,0,0,0
736985,334,0,5027,9478,1,0,1
736986,213,0,5011,-7138,1,0,1
736987,229,0,3203,-7435,1,0,1
736988,542,0,587,-8135,1,0,1
736989,330,0,2285,9851,1,0,1
736990,65535,255,4475,9579,0,0,0
736991,128,2,5461,-7000,1,0,0
736992,65535,255,3898,-7334,0,0,0
736993,65535,255,1539,-7601,0,0,0
736994,65535,255,1367,9853,0,0,0
736995,64,0,3837,9715,1,0,1
736996,629,0,5495,9420,1,0,1
736997,65535,255,4501,-7262,0,0,0
736998,65535,255,2419,-7475,0,0,0
736999,447,0,395,9858,1,0,1
737000,65535,255,3105,9770,0,0,1
737001,0,0,0,0,0,0,0
737002,65535,255,5017,-7120,0,0,0
737003,65535,255,3213,-7404,0,0,0
737004,65535,255,597,-8013,0,0,0
737005,65535,255,2274,9838,0,0,0
737006,25,2,4468,9587,1,0,1
737007,65535,255,5466,-7007,0,0,0
737008,356,0,3906,-7355,1,0,1
737009,65535,255,1551,-7706,0,0,0
737010,65,2,1361,9977,1,0,1
737011,159,0,3829,9763,1,0,1
737012,245,0,5493,9385,1,0,0
737013,65535,255,4501,-7218,0,0,0
737014,65535,255,2429,-7603,0,0,0
737015,65535,255,388,9830,0,0,0
737016,37,0,3096,9890,1,0,1
737017,234,0,5015,9519,1,0,1
737018,65535,255,5020,-7108,0,0,0
737019,561,0,3217,-7403,1,0,1
737020,86,0,598,-8015,1,0,1
737021,65535,255,2269,9853,0,0,0
737022,27,0,4465,9600,1,0,1
737023,796,0,5467,-7025,1,0,1
737024,24,0,3902,-7273,1,0,1
737025,65535,255,1545,-7473,0,0,0
737026,38,0,1355,10150,1,0,0
737027,37,0,3829,9701,1,0,1
737028,65535,255,5491,9422,0,0,0
737029,224,2,4501,-7179,1,0,1
737030,65535,255,2429,-7538,0,0,0
737031,20,2,388,10451,1,0,1
737032,65535,255,3096,9861,0,0,0
737033,65535,255,5015,9508,0,0,0
737034,0,0,0,0,0,0,0
737035,65535,255,3213,-7403,0,0,0
737036,141,0,599,-8125,1,0,1
737037,506,2,2269,9882,1,0,1
737038,65535,255,4465,9619,0,0,0
737039,65535,255,5462,-6971,0,0,0
737040,65535,255,3902,-7310,0,0,0
737041,0,0,0,0,0,0,0
737042,65535,255,1361,9929,0,0,0
737043,65535,255,3829,9764,0,0,0
737044,140,0,5493,9394,1,0,1
737045,65535,255,4498,-7242,0,0,0
737046,426,0,2419,-7473,1,0,1
737047,65535,255,394,10028,0,0,0
737048,680,2,3101,9821,1,0,1
737049,65535,255,5018,9497,0,0,0
737050,459,0,5012,-7097,1,0,1
737051,65535,255,3204,-7395,0,0,0
737052,65535,255,587,-8133,0,0,0
737053,271,0,2280,9895,1,0,1
737054,65535,255,4469,9631,0,0,0
737055,626,0,5457,-6985,1,0,1
737056,764,0,3895,-7333,1,0,1
737057,800,0,1534,-7707,1,0,1
737058,577,0,1372,10050,1,0,1
737059,873,1,3837,9693,1,0,1
737060,175,0,5499,9425,1,0,1
737061,216,0,4488,-7193,1,0,1
737062,312,0,2410,-7592,1,0,1
737063,65535,255,413,9552,0,0,0
737064,65535,255,3114,9770,0,0,0
737065,65535,255,5028,9468,0,0,0
737066,84,2,5002,-7078,1,0,0
737067,1389,1,3195,-7357,1,0,0
737068,65535,255,574,-7970,0,0,0
737069,65535,255,2295,9880,0,0,0
737070,988,0,4479,9623,3,0,0
737071,95,2,5449,-6983,3,0,0
737072,65535,255,3884,-7342,0,0,0
737073,65535,255,1518,-7731,0,0,0
737074,459,2,1389,10096,1,0,1
737075,65535,255,3853,9714,0,0,0
737076,65535,255,5509,9369,0,0,0
737077,65535,255,4481,-7213,0,0,0
737078,65535,255,2390,-7435,0,0,0
737079,1298,0,429,9959,1,0,1
737080,65535,255,3132,9827,0,0,0
737081,65535,255,5036,9505,0,0,0
737082,0,0,0,0,0,0,0
737083,65535,255,3181,-7436,0,0,0
737084,21,0,545,-7560,1,0,1
737085,648,0,2311,10005,1,0,1
737086,282,0,4495,9589,1,0,1
737087,615,0,5444,-7034,1,0,1
737088,65535,255,3868,-7307,0,0,0
737089,0,0,0,0,0,0,0
737090,65535,255,1412,10140,0,0,0
737091,335,0,3869,9727,1,0,1
737092,0,0,0,0,0,0,0
737093,0,0,0,0,0,0,0
737094,241,0,2370,-7491,1,0,1
737095,0,0,0,0,0,0,0
737096,65535,255,3150,9884,0,0,1
737097,108,2,5052,9506,1,0,1
737098,177,0,4983,-7126,1,0,1
737099,65535,255,3159,-7361,0,0,0
737100,40,0,523,-8120,1,0,1
737101,0,0,0,0,0,0,0
737102,0,0,0,0,0,0,0
737103,65535,255,5430,-7011,0,0,0
737104,26,0,3848,-7279,1,0,1
737105,65535,255,1468,-7494,0,0,0
737106,65535,255,1446,9880,0,0,0
737107,0,0,0,0,0,0,0
737108,596,0,5533,9405,1,0,1
737109,65535,255,4450,-7181,0,0,0
737110,58,0,2345,-7601,1,0,1
737111,65535,255,487,9839,0,0,0
737112,438,0,3176,9812,1,0,1
737113,65535,255,5068,9509,0,0,0
737114,65535,255,4969,-7124,0,0,0
737115,65535,255,3136,-7471,0,0,0
737116,0,0,0,0,0,0,0
737117,65535,255,2368,9874,0,0,0
737118,138,0,4533,9633,1,0,1
737119,65535,255,5416,-7000,0,0,0
737120,65535,255,3831,-7336,0,0,0
737121,0,0,0,0,0,0,0
737122,65535,255,1468,9993,0,0,0
737123,65535,255,3905,9715,0,0,0
737124,65535,255,5541,9394,0,0,0
737125,65535,255,4440,-7190,0,0,0
737126,65535,255,2336,-7453,0,0,0
737127,65535,255,493,10511,0,0,0
737128,65535,255,3181,9802,0,0,0
737129,65535,255,5068,9525,0,0,0
737130,745,0,4969,-7092,1,0,1
737131,34,0,3136,-7422,1,0,1
737132,65535,255,499,-7810,0,0,0
737133,1034,2,2357,9929,1,0,0
737134,65535,255,4523,9586,0,0,0
737135,65,0,5422,-6984,1,0,0
737136,65535,255,3841,-7335,0,0,0
737137,352,0,1457,-7673,1,0,1
737138,748,0,1448,10026,1,0,0
737139,717,0,3894,9670,1,0,0
737140,0,0,0,0,0,0,0
737141,65535,255,4450,-7257,0,0,0
737142,290,0,2351,-7613,1,0,1
737143,751,2,475,10316,1,0,1
737144,65535,255,3167,9775,0,0,0
737145,279,0,5060,9517,1,0,1
737146,76,2,4972,-7085,1,0,1
737147,0,0,0,0,0,0,0
737148,44,2,510,-7936,1,0,1
737149,65535,255,2343,9959,0,0,0
737150,170,0,4516,9606,1,0,1
737151,65535,255,5428,-7001,0,0,0
737152,65535,255,3848,-7301,0,0,0
737153,65535,255,1468,-7781,0,0,0
737154,103,2,1440,9973,1,0,0
737155,88,2,3886,9718,1,0,1
737156,47,2,5529,9406,1,0,1
737157,65535,255,4454,-7211,0,0,0
737158,65535,255,2355,-7531,0,0,0
737159,77,0,470,9900,1,0,1
737160,65535,255,3159,9869,0,0,0
737161,572,0,5054,9491,1,0,1
737162,65535,255,4979,-7136,0,0,0
737163,390,2,3154,-7399,1,0,1
737164,65535,255,516,-7740,0,0,0
737165,65535,255,2337,9946,0,0,0
737166,0,0,0,0,0,0,0
737167,65535,255,5430,-7004,0,0,0
737168,401,2,3852,-7316,1,0,0
737169,65535,255,1474,-7493,0,0,0
737170,513,2,1429,10044,1,0,1
737171,445,2,3878,9758,1,0,1
737172,179,0,5525,9396,1,0,1
737173,310,0,4457,-7255,1,0,1
737174,46,2,2361,-7637,1,0,1
737175,65535,255,465,10538,0,0,0
737176,65535,255,3154,9825,0,0,0
737177,34,2,5055,9470,1,0,1
737178,65535,255,4979,-7119,0,0,0
737179,506,0,3155,-7370,1,0,1
737180,644,0,522,-7615,1,0,1
737181,65535,255,2338,9919,0,0,0
737182,65535,255,4510,9601,0,0,0
737183,0,0,0,0,0,0,0
737184,65535,255,3852,-7324,0,0,0
737185,65535,255,1474,-7537,0,0,0
737186,0,0,0,0,0,0,0
737187,65535,255,3882,9664,0,0,0
737188,76,0,5527,9379,1,0,1
737189,48,2,4454,-7192,1,0,1
737190,65535,255,2360,-7504,0,0,0
737191,1446,0,464,9895,1,0,1
737192,566,0,3159,9747,1,0,1
737193,65535,255,5055,9513,0,0,0
737194,65535,255,4976,-7087,0,0,0
737195,65535,255,3155,-7477,0,0,0
737196,65535,255,516,-7419,0,0,0
737197,0,0,0,0,0,0,0
737198,65535,255,4513,9594,0,0,0
737199,65535,255,5938,9268,0,0,0
737200,65535,255,3848,-7332,0,0,0
737201,118,0,1468,-7582,1,0,1
737202,419,0,1435,10160,1,0,1
737203,65535,255,3886,9687,0,0,0
737204,81,0,5529,9402,1,0,1
737205,509,0,6617,9084,1,0,1
737206,65535,255,2355,-7598,0,0,0
737207,0,0,0,0,0,0,0
737208,65535,255,3167,9834,0,0,0
737209,217,0,5061,9480,1,0,1
737210,173,0,6301,9198,1,0,1
737211,195,0,3145,-7429,1,0,1
737212,260,0,511,-8128,1,0,1
737213,65535,255,2353,9850,0,0,0
737214,133,0,4520,9581,1,0,1
737215,65535,255,5944,9263,0,0,0
737216,65535,255,6904,8986,0,0,0
737217,65535,255,1457,-7581,0,0,0
737218,65535,255,1452,9835,0,0,0
737219,65535,255,3894,9709,0,0,0
737220,93,0,5536,9414,1,0,1
737221,65535,255,6622,9100,0,0,0
737222,0,0,0,0,0,0,0
737223,1034,0,488,9703,1,0,1
737224,65535,255,3177,9745,0,0,0
737225,65535,255,5069,9521,0,0,0
737226,65535,255,6308,9170,0,0,0
737227,65535,255,-32768,-32768,0,65535,1
737228,210,0,493,-7741,1,0,1
737229,65535,255,2362,9983,0,0,0
737230,0,0,0,0,0,0,0
737231,532,0,5948,9314,1,0,1
737232,65535,255,6909,8978,0,0,1
737233,471,0,1446,-7536,1,0,1
737234,65535,255,1463,10178,0,0,0
737235,65535,255,3905,9708,0,0,0
737236,65535,255,5544,9416,0,0,0
737237,261,0,6628,9074,1,0,1
737238,65535,255,-32768,-32768,0,65535,0
737239,65535,255,504,9914,0,0,0
737240,42,2,3195,9772,1,0,1
737241,65535,255,5078,9487,0,0,0
737242,549,0,6313,9183,1,0,1
737243,65535,255,-32768,-32768,0,65535,1
737244,155,2,476,-8161,1,0,1
737245,128,2,2383,9861,1,0,1
737246,279,0,4540,9596,1,0,1
737247,582,0,5957,9284,1,0,1
737248,65535,255,6914,8958,0,0,1
737249,251,0,1429,-7769,1,0,1
737250,65,2,1484,10036,1,0,1
737251,347,0,3920,9669,1,0,1
737252,65535,255,5554,9396,0,0,0
737253,547,0,6634,9086,1,0,1
737254,65535,255,2310,-7634,0,0,0
737255,468,0,529,9669,1,0,1
737256,0,0,0,0,0,0,0
737257,167,0,5088,9527,1,0,1
737258,65535,255,6321,9180,0,0,0
737259,65535,255,3110,-7504,0,0,0
737260,50,0,460,-8248,1,0,1
737261,65535,255,2392,9965,0,0,1
737262,370,0,4547,9588,1,0,1
737263,0,0,0,0,0,0,0
737264,65535,255,3815,-7345,0,0,0
737265,65535,255,1418,-7491,0,0,0
737266,65535,255,1486,9927,0,0,0
737267,65535,255,3920,9676,0,0,0
737268,234,0,5552,9365,1,0,1
737269,65535,255,4427,-7228,0,0,0
737270,168,0,2315,-7507,1,0,1
737271,627,0,517,9873,1,0,1
737272,29,2,3199,9800,1,0,1
737273,114,0,5080,9508,1,0,1
737274,472,0,4957,-7135,1,0,1
737275,253,0,3123,-7511,1,0,0
737276,240,0,477,-7774,1,0,1
737277,589,0,2373,9981,1,0,1
737278,154,0,4536,9596,1,0,1
737279,97,0,5411,-6980,1,0,1
737280,187,0,3828,-7366,1,0,1
737281,65535,255,1434,-7558,0,0,0
737282,340,0,1468,10016,1,0,1
737283,65535,255,3909,9715,0,0,0
737284,65535,255,5542,9385,0,0,0
737285,65535,255,4437,-7264,0,0,0
737286,65535,255,2331,-7601,0,0,0
737287,65535,255,498,10039,0,0,0
737288,478,0,3181,9870,1,0,1
737289,83,0,5072,9473,1,0,1
737290,65535,255,4963,-7095,0,0,0
737291,65535,255,3132,-7450,0,0,0
737292,209,2,493,-7873,1,0,1
737293,65535,255,2363,9915,0,0,0
737294,65535,255,4527,9573,0,0,0
737295,497,0,5419,-7016,1,0,1
737296,341,0,3835,-7349,1,0,1
737297,96,0,1446,-7511,1,0,1
737298,82,0,1457,9995,1,0,1
737299,204,0,3898,9709,1,0,1
737300,65535,255,5537,9386,0,0,0
737301,240,0,4442,-7237,1,0,1
737302,65535,255,2341,-7626,0,0,0
737303,65535,255,487,10174,0,0,1
737304,65535,255,3177,9745,0,0,0
737305,65535,255,5064,9490,0,0,0
737306,893,1,4969,-7121,1,0,1
737307,65535,255,3141,-7497,0,0,0
737308,298,0,502,-7571,1,0,1
737309,158,0,2353,9997,1,0,1
737310,65535,255,4520,9618,0,0,0
737311,0,0,0,0,0,0,0
737312,0,0,0,0,0,0,0
737313,0,0,0,0,0,0,0
737314,49,2,1452,9835,1,0,1
737315,65535,255,3894,9671,0,0,0
737316,65535,255,5535,9364,0,0,0
737317,65535,255,4447,-7243,0,0,0
737318,50,0,2346,-7585,1,0,1
737319,501,0,481,10038,1,0,1
737320,65535,255,3170,9803,0,0,0
737321,65535,255,5061,9486,0,0,0
737322,65535,255,4972,-7120,0,0,0
737323,65535,255,3145,-7487,0,0,1
737324,65535,255,505,-7347,0,0,0
737325,65535,255,2354,9823,0,0,0
737326,65535,255,4516,9638,0,0,0
737327,594,0,5425,-7023,1,0,1
737328,0,0,0,0,0,0,0
737329,65535,255,1457,-7510,0,0,0
737330,65535,255,1446,10020,0,0,0
737331,65535,255,3874,9747,0,0,0
737332,33,2,5524,9367,1,0,1
737333,564,0,4464,-7182,1,0,1
737334,65535,255,2370,-7506,0,0,0
737335,65535,255,452,10032,0,0,0
737336,65535,255,3146,9783,0,0,0
737337,65535,255,5047,9488,0,0,0
737338,65,2,4987,-7122,1,0,1
737339,30,0,3168,-7411,1,0,1
737340,65535,255,540,-8049,0,0,0
737341,65535,255,2322,9833,0,0,0
737342,65535,255,4499,9574,0,0,0
737343,377,0,5441,-7000,1,0,1
737344,65535,255,3868,-7340,0,0,0
737345,65535,255,1495,-7626,0,0,0
737346,0,0,0,0,0,0,0
737347,58,0,3865,9733,1,0,1
737348,408,0,5517,9360,1,0,1
737349,65535,255,4474,-7180,0,0,0
737350,64,0,2385,-7532,1,0,1
737351,1239,0,435,10182,1,0,1
737352,198,0,3136,9814,1,0,1
737353,65535,255,5042,9480,0,0,0
737354,65535,255,4996,-7136,0,0,0
737355,224,0,3181,-7467,1,0,1
737356,65535,255,551,-7502,0,0,0
737357,65535,255,2311,9947,0,0,0
737358,101,2,4492,9632,1,0,1
737359,163,2,5446,-6976,1,0,1
737360,65535,255,3875,-7308,0,0,0
737361,65535,255,1506,-7560,0,0,1
737362,65535,255,1395,10165,0,0,0
737363,302,0,3857,9681,1,0,1
737364,82,2,5511,9394,1,0,1
737365,65535,255,4481,-7209,0,0,0
737366,0,0,0,0,0,0,0
737367,65535,255,423,10108,0,0,0
737368,24,0,3127,9777,1,0,1
737369,0,0,0,0,0,0,0
737370,65535,255,5005,-7101,0,0,0
737371,72,0,3194,-7474,1,0,1
737372,183,0,568,-7565,1,0,1
737373,205,0,2295,9921,1,0,1
737374,65535,255,4482,9609,0,0,0
737375,202,0,5456,-7015,1,0,1
737376,131,0,3890,-7350,1,0,1
737377,0,0,0,0,0,0,0
737378,65535,255,1378,9878,0,0,0
737379,65535,255,3841,9715,0,0,0
737380,65535,255,5501,9415,0,0,0
737381,254,0,4494,-7244,1,0,1
737382,52,2,2414,-7632,1,0,0
737383,65535,255,401,10689,0,0,0
737384,65535,255,3109,9858,0,0,0
737385,190,0,5024,9495,1,0,1
737386,134,0,5011,-7072,1,0,1
737387,534,2,3208,-7462,1,0,1
737388,572,2,586,-7399,1,0,1
737389,65535,255,2279,9895,0,0,0
737390,65535,255,4472,9598,0,0,0
737391,65535,255,5461,-7013,0,0,0
737392,65535,255,3902,-7355,0,0,0
737393,65535,255,1539,-7664,0,0,0
737394,20,2,1367,9927,1,0,1
737395,65535,255,3833,9732,0,0,0
737396,65535,255,5493,9431,0,0,0
737397,51,2,4497,-7174,1,0,0
737398,114,2,2424,-7500,1,0,1
737399,57,0,394,9944,1,0,1
737400,65535,255,3101,9780,0,0,0
737401,65535,255,5015,9541,0,0,0
737402,65535,255,5017,-7119,0,0,0
737403,270,0,3213,-7404,1,0,1
737404,65535,255,598,-8014,0,0,0
737405,75,0,2275,9824,1,0,1
737406,65535,255,4466,9575,0,0,0
737407,65535,255,5464,-7002,0,0,0
737408,65535,255,3906,-7339,0,0,0
737409,0,0,0,0,0,0,0
737410,65535,255,1355,9903,0,0,0
737411,65535,255,3825,9741,0,0,0
737412,65535,255,5490,9382,0,0,0
737413,159,0,4501,-7192,1,0,1
737414,453,2,2429,-7551,1,0,1
737415,65535,255,382,10284,0,0,0
737416,65535,255,3096,9831,0,0,0
737417,754,1,5013,9487,1,0,1
737418,65535,255,5017,-7075,0,0,0
737419,476,2,3217,-7479,1,0,1
737420,192,0,597,-7571,1,0,1
737421,65535,255,2269,9954,0,0,0
737422,0,0,0,0,0,0,0
737423,236,0,5464,-6979,1,0,1
737424,29,2,3902,-7310,1,0,1
737425,503,0,1550,-7577,1,0,1
737426,65535,255,1356,9854,0,0,0
737427,142,0,3826,9725,1,0,1
737428,65535,255,5489,9432,0,0,0
737429,65535,255,4501,-7185,0,0,0
737430,65535,255,2429,-7550,0,0,0
737431,1441,0,383,10371,1,0,1
737432,86,0,3096,9841,1,0,1
737433,65535,255,5013,9498,0,0,0
737434,65535,255,5015,-7086,0,0,0
737435,507,0,3213,-7355,1,0,1
737436,411,0,597,-7792,1,0,1
737437,66,0,2269,10025,1,0,1
737438,0,0,0,0,0,0,0
737439,65535,255,5464,-7006,0,0,0
737440,217,0,3902,-7354,1,0,1
737441,146,0,1545,-7726,1,0,1
737442,51,0,1361,10026,1,0,1
737443,65535,255,3830,9670,0,0,0
737444,65535,255,5491,9400,0,0,0
737445,65535,255,4498,-7247,0,0,0
737446,43,0,2419,-7472,3,0,0
737447,451,2,394,10115,3,0,0
737448,678,2,3101,9821,3,0,0
737449,65535,255,5018,9492,0,0,0
737450,43,0,5012,-7087,1,0,1
737451,653,2,3209,-7365,1,0,1
737452,65535,255,591,-7848,0,0,0
737453,65535,255,2280,9825,0,0,0
737454,65535,255,4469,9587,0,0,0
737455,65535,255,5459,-7017,0,0,0
737456,383,2,3895,-7279,1,0,1
737457,341,2,1534,-7472,1,0,1
737458,309,0,1369,10041,1,0,1
737459,65535,255,3837,9724,0,0,0
737460,65535,255,5497,9381,0,0,0
737461,46,2,4491,-7205,1,0,0
737462,229,0,2414,-7591,1,0,1
737463,65535,255,408,9464,0,0,0
737464,65535,255,3114,9751,0,0,0
737465,39,0,5024,9540,1,0,1
737466,194,0,5008,-7136,1,0,1
737467,65535,255,3199,-7462,0,0,0
737468,117,2,574,-7566,1,0,0
737469,65535,255,2290,9980,0,0,0
737470,65535,255,4479,9567,0,0,0
737471,0,0,0,0,0,0,0
737472,65535,255,3891,-7371,0,0,0
737473,800,1,1528,-7792,1,0,1
737474,65535,255,1384,10145,0,0,0
737475,150,0,3849,9715,1,0,0
737476,291,2,5505,9416,1,0,1
737477,65535,255,4484,-7200,0,0,0
737478,58,0,2400,-7606,1,0,0
737479,65535,255,425,9564,0,0,0
737480,0,0,0,0,0,0,0
737481,73,0,5036,9467,1,0,1
737482,55,0,4999,-7073,1,0,1
737483,494,2,3190,-7502,1,0,1
737484,65535,255,556,-7858,0,0,0
737485,801,0,2306,9837,1,0,1
737486,65535,255,4489,9603,0,0,0
737487,65535,255,5446,-6965,0,0,0
737488,65535,255,3875,-7313,0,0,0
737489,1337,0,1506,-7624,1,0,0
737490,65535,255,1406,9975,0,0,0
737491,191,0,3865,9667,1,0,0
737492,428,0,5516,9409,1,0,0
737493,1244,0,4474,-7182,1,0,0
737494,65535,255,2384,-7555,0,0,0
737495,65535,255,441,10560,0,0,0
737496,495,0,3145,9738,1,0,0
737497,231,0,5046,9500,1,0,0
737498,65535,255,4990,-7146,0,0,0
737499,65535,255,3172,-7495,0,0,0
737500,38,2,533,-7863,1,0,1
737501,702,0,2327,9850,1,0,1
737502,93,2,4506,9613,1,0,1
737503,81,2,5435,-6976,1,0,1
737504,337,0,3860,-7331,1,0,1
737505,65535,255,1479,-7691,0,0,0
737506,65535,255,1429,10067,0,0,0
737507,65535,255,3881,9703,0,0,0
737508,353,0,5528,9379,1,0,1
737509,65535,255,4457,-7205,0,0,0
737510,106,2,2360,-7638,1,0,1
737511,1407,0,470,9896,1,0,1
737512,391,0,3163,9824,1,0,1
737513,0,0,0,0,0,0,0
737514,65535,255,4975,-7116,0,0,0
737515,65535,255,3149,-7440,0,0,0
737516,144,2,504,-7545,1,0,0
737517,92,0,2355,9901,1,0,1
737518,65535,255,4523,9592,0,0,0
737519,497,0,5425,-7036,1,0,1
737520,0,0,0,0,0,0,0
737521,65535,255,1451,-7696,0,0,0
737522,693,0,1457,10063,1,0,1
737523,0,0,0,0,0,0,0
737524,65535,255,5542,9371,0,0,0
737525,65535,255,4437,-7221,0,0,0
737526,32,2,2330,-7575,1,0,1
737527,283,0,499,9843,1,0,1
737528,65535,255,3181,9840,0,0,0
737529,65535,255,5069,9530,0,0,0
737530,65535,255,4966,-7131,0,0,0
737531,428,0,3136,-7393,1,0,1
737532,47,2,493,-7475,1,0,1
737533,65535,255,2358,9822,0,0,0
737534,65535,255,4523,9623,0,0,0
737535,65535,255,5422,-7002,0,0,0
737536,65535,255,3840,-7279,0,0,0
737537,65535,255,1457,-7650,0,0,0
737538,65535,255,1446,10111,0,0,0
737539,65535,255,3890,9748,0,0,0
737540,120,2,5532,9410,1,0,1
737541,0,0,0,0,0,0,0
737542,65535,255,2350,-7464,0,0,0
737543,1118,0,469,10392,1,0,1
737544,287,0,3163,9775,1,0,1
737545,65535,255,5058,9502,0,0,0
737546,65535,255,4978,-7131,0,0,0
737547,65535,255,3151,-7394,0,0,0
737548,65535,255,517,-7294,0,0,0
737549,65535,255,2339,9959,0,0,0
737550,0,0,0,0,0,0,0
737551,65535,255,5431,-6999,0,0,0
737552,44,0,3852,-7292,1,0,1
737553,65535,255,1479,-7692,0,0,0
737554,484,0,1424,10098,1,0,1
737555,0,0,0,0,0,0,0
737556,65535,255,5521,9416,0,0,0
737557,0,0,0,0,0,0,0
737558,108,0,2370,-7543,1,0,1
737559,65535,255,458,9822,0,0,0
737560,65535,255,3145,9856,0,0,0
737561,65535,255,5049,9465,0,0,0
737562,390,0,4985,-7102,1,0,1
737563,65535,255,3168,-7465,0,0,0
737564,65535,255,534,-8050,0,0,0
737565,65535,255,2322,9962,0,0,0
737566,278,0,4499,9602,1,0,1
737567,97,0,5929,9298,1,0,1
737568,65535,255,3864,-7283,0,0,0
737569,367,0,1495,-7688,1,0,1
737570,474,0,1412,9963,1,0,1
737571,65535,255,3866,9667,0,0,0
737572,179,0,5517,9368,1,0,1
737573,65535,255,6607,9101,0,0,1
737574,65535,255,2380,-7595,0,0,0
737575,65535,255,440,10111,0,0,0
737576,65535,255,3141,9749,0,0,0
737577,65535,255,5040,9500,0,0,0
737578,65535,255,6287,9194,0,0,0
737579,65535,255,-32768,-32768,0,65535,1
737580,213,0,545,-7557,1,0,1
737581,65535,255,2316,9865,0,0,0
737582,65535,255,4496,9566,0,0,0
737583,65535,255,5924,9300,0,0,0
737584,65535,255,6890,8979,0,0,1
737585,44,0,1501,-7601,1,0,1
737586,85,0,1401,10120,1,0,1
737587,65535,255,3858,9761,0,0,0
737588,172,0,5511,9429,1,0,1
737589,0,0,0,0,0,0,0
737590,65535,255,-32768,-32768,0,65535,0
737591,22,2,435,10110,1,0,1
737592,0,0,0,0,0,0,0
737593,65535,255,5039,9506,0,0,1
737594,0,0,0,0,0,0,0
737595,65535,255,-32768,-32768,0,65535,1
737596,65535,255,551,-7739,0,0,1
737597,0,0,0,0,0,0,0
737598,381,0,4489,9592,1,0,1
737599,458,1,5922,9321,1,0,1
737600,65535,255,6890,8973,0,0,1
737601,368,0,1512,-7751,1,0,1
737602,467,1,1395,9929,1,0,1
737603,65535,255,3857,9707,0,0,0
737604,161,0,5511,9397,1,0,0
737605,65535,255,6604,9076,0,0,0
737606,421,0,2394,-7513,1,0,1
737607,1048,0,430,9729,1,0,1
737608,65535,255,3127,9869,0,0,0
737609,379,0,5036,9485,1,0,1
737610,403,0,6285,9192,1,0,1
737611,65535,255,-32768,-32768,0,65535,1
737612,65535,255,556,-7677,0,0,0
737613,65535,255,2306,9922,0,0,0
737614,65535,255,4489,9592,0,0,0
737615,177,0,5922,9326,1,0,1
737616,65535,255,6889,8977,0,0,1
737617,80,2,1512,-7794,1,0,1
737618,65535,255,1395,9977,0,0,0
737619,377,0,3854,9731,1,0,1
737620,505,0,5508,9415,1,0,0
737621,487,0,6605,9089,1,0,1
737622,65535,255,2394,-7579,0,0,0
737623,65535,255,429,10188,0,0,0
737624,65535,255,3128,9779,0,0,0
737625,65535,255,5036,9522,0,0,0
737626,65535,255,4998,-7089,0,0,0
737627,65535,255,3185,-7472,0,0,0
737628,65535,255,558,-7257,0,0,0
737629,65535,255,2307,9836,0,0,0
737630,65535,255,4488,9589,0,0,0
737631,65535,255,5447,-6973,0,0,0
737632,365,0,3879,-7267,1,0,1
737633,65535,255,1511,-7707,0,0,0
737634,556,0,1396,9903,1,0,1
737635,62,0,3858,9713,1,0,1
737636,65535,255,5511,9410,0,0,0
737637,370,0,4480,-7225,1,0,1
737638,65535,255,2394,-7566,0,0,0
737639,540,0,429,10180,1,0,1
737640,130,0,3132,9778,1,0,1
737641,65535,255,5037,9527,0,0,0
737642,397,0,4998,-7094,1,0,1
737643,286,0,3185,-7482,1,0,1
737644,343,0,557,-7434,1,0,0
737645,65535,255,2306,9878,0,0,0
737646,398,0,4490,9578,1,0,1
737647,65535,255,5445,-6991,0,0,0
737648,125,0,3875,-7304,1,0,1
737649,350,0,1506,-7491,1,0,1
737650,65535,255,1401,10046,0,0,0
737651,65535,255,3858,9760,0,0,0
737652,65535,255,5514,9368,0,0,0
737653,113,2,4473,-7175,1,0,0
737654,65535,255,2384,-7473,0,0,0
737655,65535,255,437,9647,0,0,0
737656,65535,255,3132,9876,0,0,0
737657,35,2,5040,9499,1,0,1
737658,65535,255,4993,-7092,0,0,0
737659,23,2,3176,-7444,1,0,1
737660,65535,255,552,-8154,0,0,0
737661,40,2,2317,9821,1,0,1
737662,348,0,4494,9564,1,0,1
737663,421,0,5443,-6982,1,0,1
737664,368,0,3871,-7289,1,0,1
737665,65535,255,1496,-7544,0,0,0
737666,65535,255,1407,10045,0,0,0
737667,125,0,3862,9749,1,0,1
737668,76,0,5517,9371,1,0,1
737669,498,0,4470,-7182,1,0,1
737670,0,0,0,0,0,0,0
737671,20,0,447,9882,1,0,1
737672,65535,255,3142,9748,0,0,0
737673,238,0,5043,9515,1,0,1
737674,65535,255,4987,-7096,0,0,0
737675,65535,255,3172,-7493,0,0,0
737676,422,0,539,-7548,1,0,1
737677,234,2,2322,9919,1,0,0
737678,65535,255,4500,9608,0,0,0
737679,65535,255,5437,-7021,0,0,0
737680,261,0,3863,-7359,1,0,1
737681,27,2,1484,-7666,1,0,1
737682,11,2,1424,9925,1,0,1
737683,65535,255,3875,9727,0,0,0
737684,65535,255,5520,9426,0,0,0
737685,463,2,4464,-7259,1,0,1
737686,65535,255,2364,-7462,0,0,0
737687,1058,1,460,9742,1,0,1
737688,97,0,3156,9746,1,0,1
737689,39,2,5052,9519,1,0,1
737690,410,0,4981,-7102,1,0,1
737691,32,2,3154,-7369,1,0,1
737692,65535,255,521,-7733,0,0,0
737693,59,0,2338,9973,1,0,1
737694,28,0,4511,9644,1,0,1
737695,199,0,5438,-6978,1,0,1
737696,26,0,3863,-7302,1,0,1
737697,388,0,1495,-7538,1,0,1
737698,600,0,1407,10160,1,0,1
737699,65535,255,3867,9700,0,0,0
737700,0,0,0,0,0,0,0
737701,65535,255,4473,-7255,0,0,0
737702,65535,255,2384,-7478,0,0,0
737703,16,0,442,9950,1,0,1
737704,85,0,3138,9783,1,0,1
737705,65535,255,5041,9463,0,0,0
737706,65535,255,4995,-7136,0,0,0
737707,65535,255,3181,-7438,0,0,0
737708,65535,255,551,-7376,0,0,0
737709,65535,255,2312,9916,0,0,0
737710,65535,255,4490,9618,0,0,0
737711,65535,255,5444,-7018,0,0,0
737712,271,2,3875,-7285,1,0,1
737713,296,2,1506,-7517,1,0,1
737714,540,2,1396,10162,1,0,1
737715,65535,255,3859,9710,0,0,0
737716,202,2,5510,9425,1,0,1
737717,326,2,4478,-7178,1,0,1
737718,16,2,2389,-7530,1,0,1
737719,65535,255,429,10264,0,0,0
737720,65535,255,3127,9845,0,0,0
737721,65535,255,5036,9503,0,0,0
737722,383,2,4999,-7092,1,0,1
737723,65535,255,3182,-7379,0,0,0
737724,65535,255,557,-7977,0,0,0
737725,65535,255,2306,9849,0,0,0
737726,65535,255,4489,9595,0,0,0
737727,61,0,5449,-7026,1,0,1
737728,65535,255,3879,-7278,0,0,0
737729,0,0,0,0,0,0,0
737730,65535,255,1396,9877,0,0,0
737731,530,0,3853,9736,1,0,1
737732,170,0,5511,9375,1,0,1
737733,250,0,4480,-7215,1,0,1
737734,112,2,2395,-7622,1,0,0
737735,65535,255,430,9722,0,0,0
737736,613,0,3127,9776,1,0,1
737737,65535,255,5036,9471,0,0,0
737738,461,0,4999,-7086,1,0,1
737739,39,2,3186,-7495,1,0,1
737740,65535,255,556,-7799,0,0,0
737741,0,0,0,0,0,0,0
737742,518,0,4489,9589,1,0,1
737743,65535,255,5449,-7026,0,0,0
737744,45,2,3876,-7284,1,0,1
737745,65535,255,1506,-7559,0,0,0
737746,111,0,1401,9878,1,0,1
737747,65535,255,3857,9751,0,0,0
737748,65535,255,5513,9390,0,0,0
737749,65535,255,4480,-7241,0,0,0
737750,159,0,2390,-7477,1,0,1
737751,65535,255,429,10109,0,0,0
737752,583,2,3132,9836,1,0,1
737753,65535,255,5039,9508,0,0,0
737754,103,0,4996,-7113,1,0,1
737755,274,0,3181,-7428,1,0,1
737756,394,0,551,-7440,1,0,1
737757,65535,255,2311,9975,0,0,0
737758,134,0,4496,9570,1,0,1
737759,470,0,5446,-7013,1,0,1
737760,172,0,3871,-7276,1,0,1
737761,65535,255,1501,-7538,0,0,0
737762,65535,255,1407,9902,0,0,0
737763,254,0,3865,9730,1,0,0
737764,65535,255,5516,9398,0,0,0
737765,536,0,4474,-7260,1,0,1
737766,41,0,2379,-7544,1,0,1
737767,1058,1,442,10560,1,0,1
737768,0,0,0,0,0,0,0
737769,65535,255,5046,9464,0,0,0
737770,65535,255,4987,-7077,0,0,0
737771,160,0,3168,-7371,1,0,0
737772,451,2,540,-8047,1,0,0
737773,0,0,0,0,0,0,0
737774,65535,255,4503,9637,0,0,0
737775,65535,255,5438,-7001,0,0,0
737776,0,0,0,0,0,0,0
737777,65535,255,1484,-7495,0,0,0
737778,282,0,1424,9878,1,0,0
737779,539,2,3873,9757,1,0,1
737780,85,0,5524,9401,1,0,1
737781,575,0,4464,-7268,1,0,1
737782,223,0,2365,-7558,1,0,1
737783,896,0,466,9537,1,0,1
737784,166,0,3159,9774,1,0,1
737785,65535,255,5054,9484,0,0,0
737786,65535,255,4978,-7100,0,0,0
737787,365,0,3155,-7410,1,0,1
737788,282,2,516,-7420,1,0,1
737789,0,0,0,0,0,0,0
737790,65535,255,4516,9585,0,0,0
737791,65535,255,5428,-7036,0,0,0
737792,65535,255,3848,-7310,0,0,0
737793,0,0,0,0,0,0,0
737794,65535,255,1440,10087,0,0,0
737795,65535,255,3890,9715,0,0,0
737796,88,2,5534,9376,1,0,1
737797,96,2,4447,-7239,1,0,1
737798,65535,255,2345,-7507,0,0,0
737799,187,0,487,10107,1,0,1
737800,65535,255,3172,9860,0,0,0
737801,65535,255,5066,9530,0,0,0
737802,65535,255,4966,-7152,0,0,0
737803,65535,255,3133,-7410,0,0,0
737804,65535,255,493,-8153,0,0,0
737805,65535,255,2362,9941,0,0,0
737806,65535,255,4530,9565,0,0,0
737807,489,0,5417,-7024,1,0,1
737808,0,0,0,0,0,0,0
737809,65535,255,1440,-7679,0,0,0
737810,65535,255,1469,10086,0,0,0
737811,183,0,3909,9721,1,0,1
737812,65535,255,5545,9383,0,0,0
737813,52,0,4430,-7205,1,0,1
737814,65535,255,2326,-7495,0,0,0
737815,65535,255,507,9590,0,0,0
737816,65535,255,3186,9829,0,0,0
737817,132,2,5076,9455,1,0,0
737818,65535,255,4960,-7093,0,0,0
737819,65535,255,3127,-7454,0,0,0
737820,36,0,488,-8089,1,0,1
737821,298,2,2363,9982,1,0,1
737822,65535,255,4527,9610,0,0,0
737823,65535,255,5419,-7005,0,0,0
737824,478,0,3836,-7305,1,0,1
737825,65535,255,1451,-7768,0,0,0
737826,65535,255,1457,9950,0,0,0
737827,0,0,0,0,0,0,0
737828,65535,255,5537,9394,0,0,0
737829,209,0,4444,-7196,1,0,1
737830,65535,255,2340,-7482,0,0,0
737831,0,0,0,0,0,0,0
737832,65535,255,3172,9832,0,0,0
737833,65535,255,5064,9464,0,0,0
737834,0,0,0,0,0,0,0
737835,58,2,3146,-7490,1,0,1
737836,90,2,506,-7292,1,0,1
737837,65535,255,2348,9824,0,0,0
737838,28,0,4516,9649,1,0,1
737839,65535,255,5428,-7031,0,0,0
737840,65535,255,3847,-7357,0,0,0
737841,154,0,1468,-7606,1,0,1
737842,256,0,1435,10139,1,0,1
737843,299,0,3886,9657,1,0,1
737844,501,0,5529,9365,1,0,1
737845,474,0,4457,-7256,1,0,1
737846,0,0,0,0,0,0,0
737847,65535,255,464,10401,0,0,0
737848,0,0,0,0,0,0,0
737849,65535,255,5054,9529,0,0,0
737850,611,0,4981,-7094,1,0,1
737851,255,0,3158,-7470,1,0,1
737852,65535,255,523,-7875,0,0,0
737853,65535,255,2338,9822,0,0,0
737854,65535,255,4506,9645,0,0,0
737855,411,0,5435,-7034,1,0,1
737856,389,0,3859,-7364,1,0,1
737857,65535,255,1479,-7628,0,0,0
737858,187,0,1424,10187,1,0,1
737859,65535,255,3878,9681,0,0,0
737860,65535,255,5524,9380,0,0,0
737861,62,2,4460,-7186,1,0,1
737862,65535,255,2370,-7478,0,0,0
737863,65535,255,460,9613,0,0,0
737864,222,0,3150,9855,1,0,1
737865,65535,255,5052,9482,0,0,0
737866,419,0,4987,-7130,1,0,1
737867,65535,255,3163,-7391,0,0,0
737868,222,0,533,-7748,1,0,1
737869,65535,255,2327,9948,0,0,0
737870,0,0,0,0,0,0,0
737871,65535,255,5438,-7009,0,0,0
737872,279,0,3863,-7332,1,0,1
737873,65535,255,1490,-7541,0,0,0
737874,64,2,1418,10117,1,0,1
737875,65535,255,3874,9658,0,0,0
737876,136,0,5521,9376,1,0,1
737877,65535,255,4467,-7178,0,0,0
737878,473,0,2375,-7477,1,0,1
737879,0,0,0,0,0,0,0
737880,65535,255,3146,9875,0,0,0
737881,65535,255,5048,9493,0,0,0
737882,65535,255,4990,-7151,0,0,0
737883,65535,255,3168,-7438,0,0,0
737884,91,2,540,-8051,1,0,1
737885,65535,255,2326,9847,0,0,0
737886,65535,255,4500,9609,0,0,0
737887,335,0,5438,-6974,1,0,1
737888,65535,255,3863,-7277,0,0,0
737889,0,0,0,0,0,0,0
737890,85,2,1418,10000,1,0,1
737891,480,0,3870,9744,1,0,1
737892,248,0,5519,9406,1,0,1
737893,34,2,4467,-7266,1,0,1
737894,0,0,0,0,0,0,0
737895,40,2,454,9679,1,0,1
737896,65535,255,3145,9876,0,0,0
737897,63,0,5049,9503,1,0,1
737898,487,0,4987,-7075,1,0,1
737899,65535,255,3168,-7466,0,0,0
737900,230,0,534,-7311,1,0,1
737901,65535,255,2328,9878,0,0,0
737902,287,0,4503,9589,1,0,1
737903,652,0,5438,-7004,1,0,1
737904,481,0,3863,-7331,1,0,1
737905,0,0,0,0,0,0,0
737906,450,0,1423,9880,1,0,1
737907,65535,255,3874,9705,0,0,0
737908,54,2,5522,9409,1,0,0
737909,65535,255,4464,-7241,0,0,0
737910,90,0,2370,-7637,1,0,1
737911,65535,255,458,9809,0,0,0
737912,65535,255,3150,9865,0,0,0
737913,65535,255,5049,9503,0,0,0
737914,65535,255,4981,-7081,0,0,0
737915,65535,255,3163,-7487,0,0,0
737916,412,1,528,-7494,1,0,1
737917,337,0,2332,9935,1,0,1
737918,65535,255,4506,9621,0,0,0
737919,323,0,5433,-7028,1,0,1
737920,65535,255,3855,-7375,0,0,0
737921,410,1,1479,-7759,1,0,1
737922,468,1,1429,10022,1,0,1
737923,322,0,3881,9660,1,0,1
737924,111,0,5527,9384,1,0,0
737925,368,1,4457,-7211,1,0,1
737926,65535,255,2360,-7585,0,0,0
737927,65535,255,464,10469,0,0,0
737928,65535,255,3159,9844,0,0,0
737929,0,0,0,0,0,0,0
737930,65535,255,6298,9173,0,0,0
737931,65535,255,3150,-7488,0,0,0
737932,40,0,510,-7615,1,0,1
737933,506,0,2343,9960,1,0,1
737934,65535,255,4516,9637,0,0,0
737935,98,0,5941,9308,1,0,1
737936,49,0,3844,-7294,1,0,1
737937,417,0,1462,-7536,1,0,1
737938,65535,255,1441,10161,0,0,0
737939,373,2,3890,9703,1,0,1
737940,65535,255,5532,9419,0,0,0
737941,65535,255,6620,9089,0,0,0
737942,380,0,2345,-7493,1,0,1
737943,65535,255,481,10044,0,0,1
737944,520,0,3172,9804,1,0,1
737945,65535,255,5067,9474,0,0,0
737946,458,0,6304,9199,1,0,1
737947,0,0,0,0,0,0,0
737948,65535,255,493,-7477,0,0,0
737949,36,2,2363,9943,1,0,1
737950,34,2,4527,9636,1,0,1
737951,65535,255,5947,9307,0,0,0
737952,65535,255,6907,8979,0,0,0
737953,65535,255,1445,-7558,0,0,0
737954,65535,255,1464,9858,0,0,0
737955,65535,255,3906,9730,0,0,0
737956,343,0,5542,9367,1,0,1
737957,65535,255,6627,9068,0,0,0
737958,65535,255,-32768,-32768,0,65535,1
737959,111,0,505,10441,1,0,1
737960,164,0,3191,9859,1,0,1
737961,143,0,5078,9509,1,0,1
737962,294,0,6313,9172,1,0,1
737963,65535,255,-32768,-32768,0,65535,1
737964,65535,255,476,-8093,0,0,0
737965,65535,255,2382,9861,0,0,0
737966,65535,255,4540,9602,0,0,0
737967,350,0,5958,9267,1,0,1
737968,65535,255,6912,8970,0,0,0
737969,129,0,1428,-7677,1,0,1
737970,543,0,1474,10131,1,0,1
737971,65535,255,3913,9745,0,0,0
737972,65535,255,5547,9416,0,0,0
737973,65535,255,6628,9081,0,0,0
737974,65535,255,2320,-7493,0,0,0
737975,65535,255,505,10576,0,0,0
737976,65535,255,3190,9801,0,0,0
737977,65535,255,5077,9514,0,0,0
737978,65535,255,6311,9202,0,0,0
737979,65535,255,3123,-7383,0,0,0
737980,65535,255,482,-7402,0,0,0
737981,250,0,2373,9835,1,0,1
737982,33,2,4533,9635,1,0,1
737983,65535,255,5951,9278,0,0,0
737984,65535,255,3831,-7303,0,0,0
737985,65535,255,1445,-7744,0,0,0
737986,327,0,1464,9882,1,0,1
737987,65535,255,3905,9678,0,0,0
737988,254,0,5542,9367,1,0,1
737989,65535,255,4442,-7246,0,0,0
737990,512,0,2339,-7573,1,0,1
737991,343,2,493,9973,1,0,1
737992,65535,255,3182,9869,0,0,0
737993,463,0,5070,9473,1,0,1
737994,65535,255,4968,-7106,0,0,0
737995,65535,255,3140,-7470,0,0,0
737996,65535,255,499,-8070,0,0,0
737997,337,0,2358,9969,1,0,1
737998,65535,255,4523,9604,0,0,0
737999,50,2,5421,-6993,1,0,1
738000,182,0,3839,-7279,1,0,1
738001,65535,255,1456,-7672,0,0,0
738002,65535,255,1449,10048,0,0,0
738003,65535,255,3898,9663,0,0,0
738004,103,0,5537,9363,1,0,1
738005,65535,255,4449,-7243,0,0,0
738006,31,2,2344,-7573,1,0,1
738007,0,0,0,0,0,0,0
738008,555,0,3168,9880,1,0,1
738009,65535,255,5064,9484,0,0,0
738010,65535,255,4974,-7116,0,0,0
738011,65535,255,3145,-7497,0,0,0
738012,169,0,505,-7281,1,0,1
738013,54,2,2354,9822,1,0,1
738014,205,0,4517,9636,1,0,1
738015,65535,255,5426,-7015,0,0,0
738016,388,0,3847,-7324,1,0,1
738017,276,0,1462,-7466,1,0,1
738018,370,0,1441,9995,1,0,1
738019,65535,255,3890,9717,0,0,0
738020,65535,255,5532,9400,0,0,0
738021,65535,255,4453,-7199,0,0,0
738022,25,0,2349,-7491,1,0,1
738023,1135,0,479,9550,1,0,1
738024,65535,255,3164,9833,0,0,0
738025,65535,255,5060,9482,0,0,0
738026,99,0,4974,-7098,1,0,1
738027,45,2,3149,-7469,1,0,0
738028,315,0,516,-8124,1,0,1
738029,156,0,2344,10000,1,0,1
738030,65535,255,4514,9624,0,0,0
738031,65535,255,5429,-7015,0,0,0
738032,65535,255,3847,-7324,0,0,0
738033,307,0,1467,-7492,1,0,1
738034,694,2,1435,9995,1,0,1
738035,15,2,3887,9733,1,0,1
738036,65535,255,5530,9410,0,0,0
738037,65535,255,4453,-7217,0,0,0
738038,65535,255,2354,-7530,0,0,0
738039,65535,255,470,9896,0,0,0
738040,505,2,3159,9883,1,0,1
738041,49,2,5059,9490,1,0,1
738042,65535,255,4977,-7135,0,0,0
738043,65535,255,3149,-7390,0,0,0
738044,65535,255,515,-7673,0,0,0
738045,65535,255,2344,9917,0,0,0
738046,157,0,4514,9587,1,0,1
738047,157,0,5427,-6990,1,0,1
738048,65535,255,3847,-7292,0,0,0
738049,91,0,1467,-7758,1,0,1
738050,81,0,1441,9950,1,0,1
738051,97,0,3887,9717,1,0,1
738052,65535,255,5528,9406,0,0,0
738053,531,0,4453,-7217,1,0,1
738054,328,2,2354,-7543,1,0,0
738055,1246,0,471,9967,1,0,1
738056,418,0,3165,9746,1,0,1
738057,77,0,5059,9506,1,0,1
738058,162,0,4973,-7135,1,0,1
738059,455,0,3167,-7460,1,0,1
738060,65535,255,533,-7492,0,0,0
738061,65535,255,2328,9957,0,0,0
738062,116,0,4500,9641,1,0,1
738063,35,2,5435,-6989,1,0,1
738064,0,0,0,0,0,0,0
738065,289,0,1489,-7650,1,0,1
738066,69,0,1419,9970,1,0,0
738067,393,0,3870,9659,1,0,1
738068,36,2,5520,9390,1,0,1
738069,65535,255,4466,-7232,0,0,0
738070,327,0,2374,-7453,1,0,1
738071,65535,255,448,9882,0,0,0
738072,48,2,3146,9793,1,0,1
738073,73,0,5047,9478,1,0,1
738074,113,0,4986,-7078,1,0,1
738075,253,0,3171,-7499,1,0,0
738076,65535,255,538,-7862,0,0,0
738077,65535,255,2323,9833,0,0,0
738078,81,0,4500,9592,1,0,1
738079,65535,255,5440,-7026,0,0,0
738080,29,0,3863,-7286,1,0,1
738081,65535,255,1489,-7539,0,0,0
738082,545,0,1414,9876,1,0,1
738083,389,0,3867,9740,1,0,1
738084,368,2,5518,9382,1,0,0
738085,65535,255,4469,-7224,0,0,0
738086,95,0,2374,-7452,1,0,0
738087,65535,255,446,9964,0,0,0
738088,65535,255,3146,9814,0,0,0
738089,65535,255,5045,9496,0,0,0
738090,65535,255,4987,-7100,0,0,0
738091,65535,255,3168,-7402,0,0,0
738092,65535,255,536,-7595,0,0,0
738093,0,0,0,0,0,0,0
738094,161,0,4499,9644,1,0,0
738095,773,1,5438,-6996,1,0,1
738096,237,0,3863,-7356,1,0,1
738097,199,0,1490,-7782,1,0,1
738098,65535,255,1418,10161,0,0,0
738099,65535,255,3874,9724,0,0,0
738100,350,0,5521,9373,1,0,1
738101,65535,255,4467,-7225,0,0,0
738102,91,0,2370,-7467,1,0,1
738103,1014,1,452,10110,1,0,1
738104,246,0,3150,9843,1,0,1
738105,65,0,5051,9517,1,0,1
738106,26,2,4984,-7133,1,0,1
738107,65535,255,3163,-7470,0,0,0
738108,65535,255,527,-7743,0,0,0
738109,49,0,2338,9834,1,0,1
738110,49,0,4509,9611,1,0,1
738111,65535,255,5435,-6978,0,0,0
738112,65535,255,3855,-7342,0,0,0
738113,65535,255,1479,-7762,0,0,0
738114,418,0,1429,10136,1,0,1
738115,0,0,0,0,0,0,0
738116,251,0,5528,9382,1,0,1
738117,489,0,4460,-7244,1,0,1
738118,65535,255,2360,-7521,0,0,0
738119,19,0,471,10532,1,0,1
738120,65535,255,3164,9754,0,0,0
738121,65535,255,5060,9478,0,0,0
738122,395,2,4978,-7091,1,0,1
738123,65535,255,3150,-7413,0,0,0
738124,331,0,510,-7424,1,0,1
738125,65535,255,2348,9996,0,0,0
738126,65535,255,4520,9591,0,0,0
738127,293,0,5427,-7020,1,0,1
738128,35,2,3843,-7336,1,0,1
738129,65535,255,1462,-7767,0,0,0
738130,65535,255,1448,10077,0,0,0
738131,65535,255,3894,9754,0,0,0
738132,351,2,5536,9403,1,0,1
738133,65535,255,4443,-7178,0,0,0
738134,112,0,2340,-7604,1,0,1
738135,65535,255,493,9908,0,0,0
738136,188,0,3181,9781,1,0,1
738137,75,0,5069,9524,1,0,1
738138,65535,255,4969,-7092,0,0,0
738139,194,0,3141,-7473,1,0,1
738140,289,0,500,-7217,1,0,1
738141,65535,255,2358,9834,0,0,0
738142,0,0,0,0,0,0,0
738143,65535,255,5424,-6974,0,0,0
738144,65535,255,3843,-7358,0,0,0
738145,65535,255,1462,-7721,0,0,0
738146,882,0,1446,9926,1,0,0
738147,65535,255,3890,9716,0,0,0
738148,752,0,5532,9409,1,0,0
738149,65535,255,4453,-7226,0,0,0
738150,0,0,0,0,0,0,0
738151,65535,255,476,10249,0,0,0
738152,551,1,3163,9794,1,0,1
738153,233,0,5058,9509,1,0,1
738154,65535,255,4978,-7106,0,0,0
738155,65535,255,3155,-7508,0,0,0
738156,65535,255,516,-7552,0,0,0
738157,94,0,2343,9903,1,0,1
738158,65535,255,4513,9599,0,0,0
738159,107,0,5430,-7007,1,0,0
738160,65535,255,3851,-7326,0,0,0
738161,65535,255,1473,-7562,0,0,0
738162,65535,255,1429,10138,0,0,0
738163,220,0,3882,9672,1,0,1
738164,51,0,5527,9387,1,0,1
738165,517,0,4460,-7200,1,0,1
738166,268,0,2365,-7532,1,0,1
738167,450,0,458,10043,1,0,1
738168,498,0,3154,9776,1,0,1
738169,65535,255,5052,9529,0,0,0
738170,303,2,4982,-7104,1,0,1
738171,65535,255,3163,-7481,0,0,0
738172,65535,255,523,-7618,0,0,0
738173,66,0,2331,9933,1,0,1
738174,65535,255,4505,9613,0,0,0
738175,417,0,5434,-7019,1,0,1
738176,65535,255,3861,-7354,0,0,0
738177,65535,255,1485,-7648,0,0,0
738178,65535,255,1423,9881,0,0,0
738179,258,0,3872,9719,1,0,1
738180,193,0,5521,9416,1,0,1
738181,562,0,4465,-7248,1,0,1
738182,93,0,2368,-7480,1,0,1
738183,65535,255,459,9533,0,0,0
738184,323,0,3149,9864,1,0,1
738185,512,0,5048,9498,1,0,1
738186,214,0,4983,-7076,1,0,1
738187,308,0,3165,-7466,1,0,1
738188,245,0,530,-7368,1,0,0
738189,383,0,2326,9892,1,0,0
738190,65535,255,4502,9595,0,0,0
738191,78,2,5435,-7009,1,0,1
738192,296,0,3861,-7346,1,0,0
738193,191,0,1486,-7648,1,0,1
738194,65535,255,1422,9904,0,0,0
738195,2666,2,3869,9727,3,0,0
738196,556,2,5517,9422,3,0,0
738197,715,0,4465,-7260,3,0,0
738198,65535,255,2371,-7476,0,0,0
738199,1224,0,452,9815,3,0,0
738200,65535,255,3149,9748,0,0,0
738201,65535,255,5048,9525,0,0,0
738202,65535,255,4986,-7102,0,0,0
738203,65535,255,3164,-7369,0,0,0
738204,776,0,534,-7801,1,0,1
738205,65535,255,2326,9989,0,0,0
738206,65535,255,4502,9645,0,0,0
738207,65535,255,5434,-6980,0,0,0
738208,970,0,3861,-7299,1,0,1
738209,822,0,1486,-7515,1,0,1
738210,742,0,1417,10140,1,0,1
738211,420,0,3873,9688,1,0,1
738212,253,0,5520,9408,1,0,0
738213,631,0,4465,-7240,1,0,1
738214,122,2,2366,-7436,1,0,1
738215,653,0,458,9678,1,0,1
738216,0,0,0,0,0,0,0
738217,51,2,5050,9524,1,0,0
738218,65535,255,4982,-7109,0,0,0
738219,65535,255,3160,-7389,0,0,0
738220,65535,255,528,-7926,0,0,0
738221,502,0,2332,9822,1,0,1
738222,65535,255,4508,9576,0,0,0
738223,276,0,5434,-7004,1,0,1
738224,65535,255,3857,-7347,0,0,0
738225,242,0,1480,-7669,1,0,1
738226,65535,255,1428,9951,0,0,0
738227,469,2,3877,9758,1,0,1
738228,74,0,5527,9375,1,0,1
738229,65535,255,4458,-7204,0,0,0
738230,29,2,2361,-7583,1,0,1
738231,684,0,463,10469,1,0,1
738232,169,0,3158,9863,1,0,1
738233,89,0,5057,9507,1,0,1
738234,65535,255,4979,-7098,0,0,0
738235,37,0,3151,-7370,1,0,1
738236,197,0,517,-7866,1,0,1
738237,21,2,2347,9823,1,0,1
738238,161,0,4515,9582,1,0,1
738239,473,0,5430,-7010,1,0,1
738240,65535,255,3848,-7363,0,0,0
738241,65535,255,1469,-7759,0,0,0
738242,412,0,1439,10067,1,0,1
738243,65535,255,3893,9679,0,0,0
738244,65535,255,5533,9406,0,0,0
738245,149,0,4451,-7250,1,0,1
738246,65535,255,2346,-7477,0,0,0
738247,0,0,0,0,0,0,0
738248,596,2,3171,9814,1,0,1
738249,333,0,5065,9485,1,0,1
738250,174,0,4970,-7078,1,0,1
738251,65535,255,3142,-7508,0,0,1
738252,65535,255,499,-7808,0,0,0
738253,70,0,2362,9822,1,0,1
738254,219,0,4526,9586,1,0,1
738255,386,0,5422,-7021,1,0,1
738256,65535,255,3836,-7355,0,0,1
738257,160,0,1446,-7489,1,0,1
738258,65535,255,1462,10155,0,0,0
738259,65535,255,3905,9716,0,0,1
738260,65535,255,5543,9363,0,0,0
738261,65535,255,4437,-7195,0,0,0
738262,65535,255,2331,-7600,0,0,0
738263,65535,255,506,9584,0,0,0
738264,65535,255,3194,9753,0,0,0
738265,30,0,5080,9461,1,0,1
738266,539,0,4961,-7145,1,0,1
738267,140,0,3123,-7481,1,0,1
738268,400,0,476,-7674,1,0,1
738269,316,0,2383,9807,1,0,1
738270,28,2,4543,9589,1,0,1
738271,0,0,0,0,0,0,0
738272,59,2,3815,-7284,1,0,1
738273,515,0,1422,-7561,1,0,1
738274,65535,255,1491,9906,0,0,0
738275,65535,255,3924,9727,0,0,0
738276,65535,255,5555,9360,0,0,0
738277,65535,255,4423,-7217,0,0,0
738278,65535,255,2309,-7467,0,0,0
738279,65535,255,516,10304,0,0,0
738280,65535,255,3200,9743,0,0,0
738281,65535,255,5080,9476,0,0,0
738282,65535,255,4954,-7093,0,0,0
738283,36,2,3118,-7424,1,0,1
738284,65535,255,475,-7609,0,0,0
738285,297,0,2378,9835,1,0,1
738286,65535,255,4537,9621,0,0,0
738287,65535,255,5414,-6994,0,0,0
738288,109,0,3828,-7382,1,0,1
738289,494,0,1440,-7583,1,0,1
738290,27,0,1468,10018,1,0,1
738291,65535,255,3905,9708,0,0,0
738292,75,0,5542,9381,1,0,1
738293,228,0,4440,-7246,1,0,1
738294,118,0,2335,-7561,1,0,1
738295,65535,255,493,9778,0,0,0
738296,464,0,3177,9823,1,0,1
738297,88,0,5066,9526,1,0,1
738298,65535,255,6305,9204,0,0,0
738299,65535,255,3137,-7382,0,0,0
738300,312,0,499,-7349,1,0,0
738301,146,0,2357,9875,1,0,1
738302,65535,255,4520,9618,0,0,0
738303,65535,255,5945,9262,0,0,0
738304,0,0,0,0,0,0,0
738305,0,0,0,0,0,0,0
738306,65535,255,1446,10066,0,0,0
738307,65535,255,3890,9733,0,0,0
738308,388,0,5530,9397,1,0,1
738309,65535,255,6618,9067,0,0,0
738310,65535,255,2354,-7614,0,0,0
738311,65535,255,470,10253,0,0,0
738312,219,0,3164,9747,1,0,1
738313,103,0,5058,9486,1,0,0
738314,449,0,6297,9180,1,0,1
738315,65535,255,-32768,-32768,0,65535,1
738316,65535,255,516,-8062,0,0,0
738317,300,0,2338,9961,1,0,1
738318,130,0,4510,9594,1,0,1
738319,65535,255,5936,9310,0,0,0
738320,65535,255,6898,8982,0,0,1
738321,108,0,1478,-7750,1,0,1
738322,65535,255,1430,9859,0,0,0
738323,110,0,3876,9684,1,0,1
738324,166,0,5522,9413,1,0,0
738325,531,0,6611,9069,1,0,1
738326,65535,255,-32768,-32768,0,65535,0
738327,65535,255,452,10114,0,0,0
738328,65535,255,3145,9866,0,0,1
738329,261,0,5044,9502,1,0,0
738330,65535,255,6290,9212,0,0,0
738331,65535,255,-32768,-32768,0,65535,1
738332,125,0,539,-7434,1,0,1
738333,65535,255,2317,10007,0,0,0
738334,68,2,4496,9604,1,0,1
738335,65535,255,5925,9313,0,0,0
738336,65535,255,6891,8977,0,0,1
738337,289,0,1501,-7515,1,0,1
738338,65535,255,1401,9931,0,0,0
738339,65535,255,3858,9684,0,0,0
738340,65535,255,5510,9381,0,0,0
738341,65535,255,6605,9089,0,0,0
738342,65535,255,2390,-7513,0,0,0
738343,523,0,426,10351,1,0,1
738344,306,0,3128,9790,1,0,1
738345,233,0,5033,9507,1,0,1
738346,65535,255,6283,9189,0,0,0
738347,65535,255,3190,-7491,0,0,0
738348,60,0,563,-8091,1,0,1
738349,65535,255,2301,9966,0,0,0
738350,65535,255,4483,9587,0,0,0
738351,65535,255,5918,9307,0,0,0
738352,302,2,3887,-7348,1,0,0
738353,65535,255,1518,-7515,0,0,0
738354,65535,255,1385,9952,0,0,0
738355,61,2,3846,9693,1,0,1
738356,65535,255,5505,9375,0,0,0
738357,315,0,4490,-7242,1,0,1
738358,65535,255,2408,-7564,0,0,0
738359,25,2,414,9774,1,0,1
738360,65535,255,3115,9840,0,0,0
738361,65,0,5025,9535,1,0,1
738362,65535,255,5008,-7075,0,0,0
738363,65535,255,3203,-7411,0,0,0
738364,0,0,0,0,0,0,0
738365,0,0,0,0,0,0,0
738366,0,0,0,0,0,0,0
738367,0,0,0,0,0,0,0
738368,0,0,0,0,0,0,0
738369,0,0,0,0,0,0,0
738370,0,0,0,0,0,0,0
738371,0,0,0,0,0,0,0
738372,0,0,0,0,0,0,0
738373,0,0,0,0,0,0,0
738374,0,0,0,0,0,0,0
738375,0,0,0,0,0,0,0
738376,0,0,0,0,0,0,0
738377,0,0,0,0,0,0,0
738378,0,0,0,0,0,0,0
738379,0,0,0,0,0,0,0
738380,0,0,0,0,0,0,0
738381,0,0,0,0,0,0,0
738382,0,0,0,0,0,0,0
738383,0,0,0,0,0,0,0
738384,0,0,0,0,0,0,0
738385,0,0,0,0,0,0,0
738386,0,0,0,0,0,0,0
738387,0,0,0,0,0,0,0
738388,0,0,0,0,0,0,0
738389,0,0,0,0,0,0,0
738390,0,0,0,0,0,0,0
738391,0,0,0,0,0,0,0
738392,0,0,0,0,0,0,0
738393,0,0,0,0,0,0,0
738394,0,0,0,0,0,0,0
738395,0,0,0,0,0,0,0
738396,0,0,0,0,0,0,0
738397,65535,255,2264,9969,0,0,0
738398,65535,255,4460,9603,0,0,0
738399,65535,255,5468,-6994,0,0,0
738400,0,0,0,0,0,0,0
738401,65535,255,1555,-7722,0,0,0
738402,316,0,1351,9856,1,0,1
738403,280,0,3822,9681,1,0,1
738404,33,0,5490,9379,1,0,1
738405,65535,255,4507,-7169,0,0,0
738406,225,0,2435,-7503,1,0,1
738407,168,0,378,10375,1,0,1
738408,65535,255,3089,9784,0,0,0
738409,65535,255,5010,9517,0,0,0
738410,462,0,5022,-7076,1,0,1
738411,39,0,3220,-7428,1,0,1
738412,65535,255,608,-7838,0,0,0
738413,65535,255,2259,9956,0,0,0
738414,65535,255,4457,9604,0,0,0
738415,65535,255,5468,-6999,0,0,0
738416,86,0,3912,-7305,1,0,1
738417,65535,255,1560,-7783,0,0,0
738418,65535,255,1345,9955,0,0,0
738419,652,2,3818,9720,1,0,1
738420,74,0,5487,9407,1,0,1
738421,454,2,4507,-7212,1,0,1
738422,57,0,2433,-7533,1,0,1
738423,508,2,378,9848,1,0,1
738424,175,0,3088,9884,1,0,1
738425,65535,255,5011,9495,0,0,0
738426,787,1,5023,-7141,1,0,1
738427,65535,255,3221,-7409,0,0,0
738428,419,2,607,-7786,1,0,1
738429,65535,255,2260,9942,0,0,0
738430,34,0,4460,9610,1,0,1
738431,84,0,5465,-7009,1,0,1
738432,509,0,3909,-7328,1,0,1
738433,0,0,0,0,0,0,0
738434,65535,255,1351,10078,0,0,0
738435,339,0,3822,9767,1,0,1
738436,234,0,5487,9417,1,0,1
738437,188,0,4500,-7169,1,0,1
738438,65535,255,2428,-7456,0,0,0
738439,65535,255,392,9433,0,0,0
738440,65535,255,3093,9854,0,0,0
738441,204,2,5014,9484,1,0,1
738442,104,0,5016,-7137,1,0,1
738443,267,0,3212,-7391,1,0,1
738444,388,2,602,-7951,1,0,1
738445,65535,255,2265,9842,0,0,0
738446,65535,255,4460,9591,0,0,0
738447,65535,255,5468,-7011,0,0,0
738448,441,0,3913,-7365,1,0,1
738449,155,0,1560,-7741,1,0,1
738450,65535,255,1339,10056,0,0,0
738451,116,0,3815,9676,1,0,1
738452,65535,255,5481,9406,0,0,0
738453,212,0,4515,-7248,1,0,1
738454,65535,255,2449,-7480,0,0,0
738455,65535,255,360,9939,0,0,0
738456,65535,255,3069,9809,0,0,0
738457,65535,255,4997,9483,0,0,0
738458,67,2,5033,-7078,1,0,1
738459,65535,255,3240,-7360,0,0,0
738460,65535,255,637,-7785,0,0,0
738461,225,0,2230,9901,1,0,1
738462,196,0,4436,9590,1,0,1
738463,439,0,5484,-7016,1,0,1
738464,484,0,3936,-7272,1,0,1
738465,334,2,1594,-7510,1,0,1
738466,32,0,1305,10216,1,0,1
738467,23,0,3790,9736,1,0,1
738468,65535,255,5463,9430,0,0,0
738469,407,0,4535,-7212,1,0,1
738470,65535,255,2479,-7425,0,0,0
738471,0,0,0,0,0,0,0
738472,0,0,0,0,0,0,0
738473,283,0,4980,9487,1,0,1
738474,307,0,5050,-7086,1,0,1
738475,65535,255,3266,-7383,0,0,0
738476,42,2,667,-8027,1,0,1
738477,32,2,2206,9908,1,0,1
738478,65535,255,4418,9632,0,0,0
738479,65535,255,5501,-6962,0,0,0
738480,173,0,3962,-7331,1,0,1
738481,65535,255,1630,-7624,0,0,0
738482,65535,255,1277,9853,0,0,0
738483,65535,255,3770,9662,0,0,0
738484,95,2,5455,9426,1,0,1
738485,172,0,4548,-7227,1,0,1
738486,65535,255,2493,-7505,0,0,0
738487,65535,255,309,10867,0,0,0
738488,657,0,3036,9798,1,0,1
738489,65535,255,4976,9511,0,0,0
738490,117,0,5052,-7059,1,0,1
738491,65535,255,3266,-7379,0,0,0
738492,65535,255,667,-7485,0,0,0
738493,446,0,2207,9971,1,0,1
738494,65535,255,4425,9620,0,0,0
738495,65535,255,5493,-7005,0,0,0
738496,65535,255,3943,-7290,0,0,0
738497,65535,255,1605,-7698,0,0,0
738498,0,0,0,0,0,0,0
738499,65535,255,3789,9778,0,0,0
738500,248,2,5468,9428,1,0,1
738501,0,0,0,0,0,0,0
738502,65535,255,2468,-7546,0,0,0
738503,274,2,343,9637,1,0,1
738504,65535,255,3059,9846,0,0,0
738505,65535,255,4994,9545,0,0,1
738506,65535,255,5038,-7098,0,0,0
738507,65535,255,3243,-7458,0,0,0
738508,65535,255,632,-7946,0,0,0
738509,65535,255,2242,9957,0,0,0
738510,22,2,4449,9596,1,0,1
738511,593,0,5479,-6990,1,0,1
738512,65535,255,3920,-7279,0,0,0
738513,418,0,1572,-7682,1,0,1
738514,65535,255,1333,10181,0,0,0
738515,65535,255,3817,9665,0,0,0
738516,65535,255,5486,9438,0,0,0
738517,114,0,4511,-7253,1,0,1
738518,65535,255,2439,-7603,0,0,0
738519,65535,255,377,10205,0,0,0
738520,65535,255,3097,9762,0,0,0
738521,65535,255,5015,9509,0,0,0
