sdate,line_t,line_tmq,line_tvza,line_tvaa,line_tm2,line_QFDNB,line_tm_buf
735235,150,0,3078,9817,1,0,1
735236,65535,255,4931,9489,0,0,0
735237,292,2,4776,-7060,1,0,1
735238,112,0,2967,-7408,1,0,1
735239,34,0,423,-7602,1,0,1
735240,181,0,2298,9946,1,0,1
735241,65535,255,4401,9607,0,0,0
735242,65535,255,5227,-6916,0,0,0
735243,65535,255,3648,-7310,0,0,0
735244,65535,255,1328,-7411,0,0,0
735245,140,0,1440,10225,1,0,1
735246,65535,255,3793,9767,0,0,0
735247,65535,255,5408,9389,0,0,0
735248,65535,255,4241,-7135,0,0,0
735249,120,2,2173,-7360,1,0,0
735250,35,0,533,10530,1,0,1
735251,191,0,3097,9843,1,0,1
735252,87,0,4940,9542,1,0,1
735253,65535,255,4770,-7015,0,0,0
735254,65535,255,2957,-7335,0,0,0
735255,105,0,420,-7746,1,0,1
735256,65535,255,2300,9942,0,0,0
735257,65535,255,4397,9652,0,0,0
735258,65535,255,5228,-6912,0,0,0
735259,69,0,3656,-7220,3,0,1
735260,65535,255,1344,-7535,0,0,0
735261,116,0,1423,9971,1,0,1
735262,65535,255,3775,9711,0,0,0
735263,65535,255,5392,9408,0,0,0
735264,65535,255,4263,-7144,0,0,0
735265,65535,255,2205,-7386,0,0,0
735266,241,2,492,10095,1,0,0
735267,65535,255,3064,9850,0,0,0
735268,78,0,4919,9514,1,0,1
735269,65535,255,4789,-6993,0,0,0
735270,65535,255,2990,-7299,0,0,0
735271,147,0,460,-8107,1,0,1
735272,196,2,2263,9946,1,0,1
735273,88,0,4374,9657,1,0,1
735274,132,0,5245,-6879,1,0,1
735275,74,0,3680,-7247,1,0,1
735276,65535,255,1378,-7653,0,0,0
735277,65535,255,1389,10118,0,0,0
735278,307,2,3749,9727,3,0,0
735279,335,0,5374,9423,1,0,1
735280,89,0,4281,-7099,1,0,1
735281,65535,255,2236,-7528,0,0,0
735282,214,0,465,9738,1,0,1
735283,65535,255,3040,9823,0,0,0
735284,104,0,4901,9502,1,0,1
735285,93,0,4803,-6988,1,0,1
735286,65535,255,3009,-7306,0,0,0
735287,65535,255,488,-8078,0,0,0
735288,65535,255,2237,9979,0,0,0
735289,0,0,0,0,0,0,0
735290,65535,255,5257,-6896,0,0,0
735291,65535,255,3696,-7268,0,0,0
735292,93,0,1407,-7647,1,0,1
735293,65535,255,1361,10098,0,0,0
735294,65535,255,3729,9714,0,0,0
735295,127,0,5361,9430,1,0,1
735296,161,0,4296,-7086,1,0,1
735297,133,0,2263,-7452,1,0,1
735298,65535,255,428,10477,0,0,0
735299,0,0,0,0,0,0,0
735300,65535,255,4881,9545,0,0,0
735301,65535,255,4818,-7030,0,0,0
735302,147,0,3037,-7363,1,0,1
735303,72,0,517,-7415,1,0,0
735304,65535,255,2211,10027,0,0,0
735305,65535,255,4335,9599,0,0,0
735306,65535,255,5270,-6911,0,0,0
735307,65535,255,3716,-7184,0,0,0
735308,346,0,1429,-7457,1,0,1
735309,376,0,1333,9926,1,0,1
735310,65535,255,3705,9790,0,0,0
735311,65535,255,5347,9410,0,0,0
735312,443,0,4314,-7165,1,0,1
735313,65535,255,2284,-7448,0,0,0
735314,392,0,400,10581,1,0,1
735315,168,0,2990,9845,1,0,1
735316,65535,255,4869,9528,0,0,0
735317,65535,255,4830,-6976,0,0,0
735318,65535,255,3052,-7289,0,0,0
735319,65535,255,541,-8037,0,0,0
735320,65535,255,2189,9971,0,0,0
735321,65535,255,4320,9682,0,0,0
735322,65535,255,5281,-6908,0,0,0
735323,65535,255,3728,-7189,0,0,0
735324,86,0,1452,-7501,1,0,1
735325,65535,255,1316,10027,0,0,0
735326,65535,255,3693,9712,0,0,0
735327,149,0,5336,9446,1,0,1
735328,65535,255,4325,-7123,0,0,0
735329,65535,255,2300,-7376,0,0,0
735330,65535,255,382,10345,0,0,0
735331,65535,255,2978,9926,0,0,0
735332,65535,255,4861,9520,0,0,0
735333,65535,255,4839,-6991,0,0,0
735334,127,0,3062,-7329,1,0,0
735335,332,0,551,-7490,1,0,1
735336,65535,255,2180,9854,0,0,0
735337,226,0,4313,9650,1,0,1
735338,349,0,5285,-6897,1,0,1
735339,123,0,3740,-7180,1,0,1
735340,65535,255,1458,-7547,0,0,0
735341,65535,255,1304,10131,0,0,0
735342,126,0,3689,9762,1,0,1
735343,247,0,5336,9413,1,0,1
735344,65535,255,4328,-7089,0,0,0
735345,65535,255,2306,-7424,0,0,0
735346,65535,255,382,10255,0,0,0
735347,65535,255,2976,9850,0,0,0
735348,65535,255,4862,9506,0,0,0
735349,92,0,4841,-7018,1,0,1
735350,65535,255,3070,-7407,0,0,0
735351,0,0,0,0,0,0,0
735352,65535,255,2179,10018,0,0,0
735353,65535,255,4316,9631,0,0,0
735354,65535,255,5288,-6887,0,0,0
735355,65535,255,3740,-7188,0,0,0
735356,115,0,1463,-7593,1,0,1
735357,336,0,1304,10234,1,0,0
735358,65535,255,3690,9752,0,0,0
735359,351,0,5338,9452,1,0,1
735360,65535,255,4332,-7155,0,0,0
735361,204,0,2305,-7516,1,0,1
735362,271,0,388,10175,1,0,1
735363,324,0,2984,9790,1,0,1
735364,65535,255,4865,9522,0,0,0
735365,147,0,6121,9204,1,0,1
735366,328,0,3061,-7329,1,0,1
735367,405,0,545,-7731,1,0,1
735368,55,0,2189,9972,1,0,1
735369,65535,255,4323,9623,0,0,0
735370,65535,255,5757,9309,0,0,0
735371,65535,255,6736,8972,0,0,0
735372,53,2,1446,-7406,1,0,1
735373,65535,255,1315,10055,0,0,0
735374,65535,255,3700,9777,0,0,0
735375,65535,255,5346,9441,0,0,0
735376,308,0,6449,9098,1,0,1
735377,65535,255,-32768,-32768,0,65535,1
735378,65535,255,400,10592,0,0,0
735379,65535,255,2997,9873,0,0,0
735380,103,0,4877,9492,1,0,1
735381,75,0,6129,9191,1,0,1
735382,0,0,0,0,0,0,0
735383,65535,255,-32768,-32768,0,65535,0
735384,65535,255,2205,10029,0,0,0
735385,88,0,4334,9661,1,0,1
735386,65535,255,5766,9309,0,0,0
735387,65535,255,6743,8954,0,0,1
735388,65535,255,-32768,-32768,0,65535,1
735389,65535,255,-32768,-32768,0,65535,1
735390,397,0,3716,9790,1,0,1
735391,168,0,5357,9391,1,0,1
735392,65535,255,6457,9059,0,0,0
735393,0,0,0,0,0,0,0
735394,65535,255,-32768,-32768,0,65535,1
735395,65535,255,3016,9807,0,0,0
735396,83,0,4888,9556,1,0,1
735397,225,0,6138,9184,1,0,1
735398,65535,255,7005,8864,0,0,1
735399,65535,255,-32768,-32768,0,65535,1
735400,65535,255,-32768,-32768,0,0,1
735401,265,0,4353,9591,1,0,1
735402,216,0,5778,9331,1,0,1
735403,65535,255,6750,8976,0,0,1
735404,0,0,0,0,0,0,0
735405,65535,255,-32768,-32768,0,65535,0
735406,105,0,3741,9746,1,0,1
735407,65535,255,5371,9439,0,0,0
735408,192,0,6466,9084,1,0,1
735409,0,0,0,0,0,0,0
735410,65535,255,-32768,-32768,0,65535,1
735411,189,0,3044,9834,1,0,0
735412,163,0,4907,9491,1,0,0
735413,65535,255,6149,9202,0,0,0
735414,65535,255,7015,8838,0,0,1
735415,65535,255,-32768,-32768,0,65535,1
735416,62,0,2263,9977,1,0,1
735417,87,0,4374,9659,1,0,1
735418,219,0,5791,9318,1,0,0
735419,65535,255,6760,8971,0,0,1
735420,65535,255,-32768,-32768,0,65535,1
735421,170,0,1406,9927,1,0,1
735422,65535,255,3765,9774,0,0,0
735423,65535,255,5387,9386,0,0,0
735424,275,0,6478,9072,1,0,1
735425,65535,255,-32768,-32768,0,65535,1
735426,65535,255,500,10460,0,0,0
735427,138,0,3077,9830,1,0,1
735428,65535,255,4925,9552,0,0,0
735429,285,0,6162,9190,1,0,1
735430,65535,255,7025,8833,0,0,1
735431,173,0,419,-7205,1,0,1
735432,65535,255,2295,9916,0,0,0
735433,65535,255,4395,9623,0,0,0
735434,65535,255,5804,9293,0,0,0
735435,65535,255,6767,8949,0,0,1
735436,94,0,1339,-7660,3,0,1
735437,264,0,1423,10068,1,0,1
735438,65535,255,3777,9685,0,0,0
735439,65535,255,5390,9405,0,0,0
735440,186,0,6478,9083,1,0,1
735441,165,0,2205,-7546,1,0,1
735442,65535,255,500,9635,0,0,0
735443,65535,255,3069,9769,0,0,0
735444,317,0,4919,9549,1,0,1
735445,186,0,6156,9185,1,0,1
735446,457,2,2981,-7329,1,0,1
735447,91,0,454,-8116,3,0,1
735448,185,0,2269,9919,1,0,1
735449,126,0,4378,9632,1,0,1
735450,312,0,5794,9305,1,0,1
735451,237,0,3669,-7191,1,0,1
735452,287,0,1367,-7434,1,0,1
735453,65535,255,1395,10239,0,0,0
735454,65535,255,3757,9752,0,0,0
735455,65535,255,5379,9389,0,0,0
735456,215,0,4274,-7099,1,0,1
735457,363,0,2226,-7499,1,0,1
735458,348,0,470,10591,1,0,1
735459,409,0,3045,9927,1,0,1
735460,65535,255,4904,9547,0,0,0
735461,65535,255,4796,-7029,0,0,0
735462,236,0,3004,-7358,1,0,1
735463,344,0,471,-7326,1,0,1
735464,74,0,2247,9994,1,0,1
735465,331,0,4363,9641,1,0,1
735466,330,0,5251,-6896,1,0,0
735467,65535,255,3688,-7276,0,0,0
735468,191,0,1390,-7698,1,0,1
735469,65535,255,1377,10170,0,0,0
735470,136,0,3741,9739,1,0,1
735471,133,0,5370,9411,1,0,1
735472,120,0,4288,-7110,1,0,1
735473,28,2,2247,-7539,1,0,1
735474,140,0,453,9806,1,0,1
735475,228,0,3030,9837,1,0,1
735476,65535,255,4898,9510,0,0,0
735477,353,0,4806,-6998,1,0,1
735478,168,0,3018,-7314,1,0,1
735479,65535,255,490,-7135,0,0,0
735480,342,0,2237,9995,1,0,1
735481,101,0,4356,9609,1,0,1
735482,305,0,5259,-6909,1,0,1
735483,65535,255,3696,-7196,0,0,0
735484,193,0,1401,-7457,1,0,1
735485,65535,255,1366,9953,0,0,0
735486,153,0,3734,9740,1,0,1
735487,69,2,5365,9422,1,0,1
735488,166,0,4295,-7082,1,0,0
735489,248,0,2257,-7509,1,0,1
735490,65535,255,441,9722,0,0,0
735491,385,0,3026,9838,1,0,1
735492,65535,255,4894,9517,0,0,0
735493,191,0,4812,-7014,1,0,1
735494,65535,255,3023,-7365,0,0,0
735495,78,0,499,-7542,1,0,0
735496,56,2,2232,9867,1,0,1
735497,333,0,4352,9645,1,0,1
735498,332,0,5261,-6883,1,0,1
735499,65535,255,3704,-7273,0,0,0
735500,104,0,1407,-7409,1,0,1
735501,340,0,1361,9953,1,0,1
735502,65535,255,3733,9693,0,0,0
735503,134,0,5365,9437,1,0,1
735504,65535,255,4295,-7115,0,0,0
735505,65535,255,2258,-7380,0,0,0
735506,65535,255,440,10323,0,0,0
735507,65535,255,3023,9839,0,0,0
735508,65535,255,4895,9495,0,0,0
735509,65535,255,4812,-7002,0,0,0
735510,65535,255,3023,-7354,0,0,0
735511,65535,255,493,-7674,0,0,0
735512,65535,255,2232,9910,0,0,0
735513,65535,255,4353,9672,0,0,0
735514,65535,255,5261,-6912,0,0,0
735515,65535,255,3700,-7217,0,0,0
735516,225,0,1401,-7647,1,0,1
735517,107,2,1361,10223,1,0,0
735518,65535,255,3732,9805,0,0,0
735519,65535,255,5365,9437,0,0,0
735520,155,2,4292,-7122,1,0,1
735521,65535,255,2247,-7423,0,0,0
735522,204,0,450,10083,1,0,1
735523,67,2,3030,9848,1,0,1
735524,250,0,4898,9549,1,0,1
735525,65535,255,4803,-6980,0,0,0
735526,186,0,3014,-7334,1,0,1
735527,65535,255,482,-7677,0,0,0
735528,65535,255,2242,9953,0,0,0
735529,65535,255,4360,9604,0,0,0
735530,65535,255,5251,-6875,0,0,0
735531,270,0,3688,-7299,1,0,1
735532,65535,255,1390,-7552,0,0,0
735533,68,2,1378,10196,1,0,1
735534,65535,255,3745,9691,0,0,0
735535,65535,255,5374,9381,0,0,0
735536,195,0,4281,-7170,1,0,1
735537,169,0,2231,-7555,1,0,1
735538,65535,255,469,10381,0,0,0
735539,65535,255,3045,9836,0,0,0
735540,65535,255,4907,9553,0,0,0
735541,65535,255,4790,-7000,0,0,0
735542,137,2,2991,-7400,1,0,0
735543,162,0,460,-7171,1,0,1
735544,65535,255,2269,9892,0,0,0
735545,92,0,4378,9589,1,0,1
735546,65535,255,5237,-6877,0,0,0
735547,65535,255,3664,-7198,0,0,0
735548,65535,255,1362,-7727,0,0,0
735549,84,0,1411,10047,1,0,1
735550,45,0,3765,9783,1,0,1
735551,78,0,5388,9378,1,0,1
735552,65535,255,4256,-7087,0,0,0
735553,65535,255,2199,-7413,0,0,0
735554,65535,255,504,9972,0,0,0
735555,65535,255,3078,9800,0,0,0
735556,304,0,4928,9548,1,0,0
735557,0,0,0,0,0,0,0
735558,65535,255,2962,-7393,0,0,0
735559,65535,255,426,-7054,0,0,0
735560,65535,255,2295,9876,0,0,0
735561,65535,255,4391,9599,0,0,0
735562,65535,255,5228,-6925,0,0,0
735563,456,2,3656,-7296,1,0,1
735564,92,0,1344,-7607,1,0,1
735565,196,0,1417,9929,1,0,1
735566,69,0,3769,9735,1,0,1
735567,409,0,5388,9422,1,0,1
735568,65535,255,4260,-7126,0,0,0
735569,224,0,2210,-7499,1,0,1
735570,65535,255,486,10237,0,0,0
735571,224,0,3059,9834,1,0,1
735572,353,0,4913,9540,1,0,1
735573,266,0,4787,-7017,1,0,1
735574,63,0,2986,-7284,1,0,1
735575,149,0,458,-7676,1,0,1
735576,51,0,2263,10008,1,0,1
735577,65535,255,4371,9662,0,0,0
735578,61,0,5242,-6875,1,0,1
735579,65,0,3676,-7187,1,0,1
735580,206,0,1377,-7634,1,0,1
735581,78,0,1389,10123,1,0,1
735582,418,2,3753,9707,1,0,1
735583,93,0,5376,9411,1,0,1
735584,385,2,4277,-7143,1,0,1
735585,247,0,2230,-7539,1,0,1
735586,111,0,471,9679,1,0,1
735587,65535,255,3045,9785,0,0,0
735588,65535,255,4904,9555,0,0,0
735589,65535,255,4797,-7026,0,0,0
735590,81,0,3005,-7344,1,0,1
735591,65535,255,472,-7183,0,0,0
735592,65535,255,2253,9967,0,0,0
735593,65535,255,4364,9658,0,0,0
735594,65535,255,5250,-6874,0,0,0
735595,124,0,3688,-7234,1,0,1
735596,65535,255,1384,-7552,0,0,0
735597,65535,255,1383,10003,0,0,0
735598,84,0,3745,9702,1,0,1
735599,352,2,5373,9417,1,0,1
735600,266,0,4284,-7161,1,0,1
735601,65535,255,2236,-7422,0,0,0
735602,124,2,457,10243,1,0,1
735603,0,0,0,0,0,0,0
735604,65535,255,4904,9539,0,0,0
735605,65535,255,4799,-7026,0,0,0
735606,293,2,3004,-7365,1,0,0
735607,221,2,476,-7466,1,0,0
735608,65535,255,2248,10054,0,0,0
735609,65535,255,4363,9612,0,0,0
735610,65535,255,5253,-6928,0,0,0
735611,142,0,3688,-7218,1,0,1
735612,65535,255,1384,-7575,0,0,0
735613,180,0,1383,10076,1,0,0
735614,342,2,3749,9732,1,0,1
735615,65535,255,5376,9419,0,0,0
735616,65535,255,4280,-7128,0,0,0
735617,206,0,2231,-7379,1,0,0
735618,65535,255,463,10245,0,0,0
735619,65535,255,3045,9910,0,0,0
735620,65535,255,4907,9561,0,0,0
735621,65535,255,4796,-7050,0,0,0
735622,65535,255,3000,-7387,0,0,0
735623,55,0,471,-7394,1,0,1
735624,356,0,2253,10010,1,0,1
735625,430,0,4367,9678,1,0,0
735626,295,2,5248,-6884,1,0,1
735627,98,0,3684,-7242,1,0,1
735628,65535,255,1384,-7576,0,0,0
735629,65535,255,1389,10027,0,0,0
735630,258,0,3753,9685,1,0,1
735631,114,0,5376,9413,1,0,1
735632,65535,255,4281,-7155,0,0,0
735633,65535,255,2231,-7393,0,0,0
735634,65535,255,463,10172,0,0,0
735635,65535,255,3045,9920,0,0,0
735636,223,0,4907,9555,1,0,1
735637,65535,255,4797,-7037,0,0,0
735638,218,0,3000,-7386,1,0,1
735639,65535,255,470,-7604,0,0,0
735640,65535,255,2255,9957,0,0,0
735641,237,0,4367,9625,3,0,1
735642,190,0,5246,-6903,1,0,1
735643,65535,255,3680,-7226,0,0,0
735644,178,0,1378,-7599,1,0,1
735645,263,0,1389,10100,1,0,0
735646,65535,255,3753,9732,0,0,0
735647,65535,255,5379,9396,0,0,0
735648,65535,255,4274,-7123,0,0,0
735649,65535,255,2221,-7380,0,0,0
735650,169,0,474,10241,1,0,1
735651,65535,255,3049,9909,0,0,0
735652,429,0,4910,9565,1,0,1
735653,117,0,4790,-6975,1,0,1
735654,195,2,2990,-7303,1,0,1
735655,342,0,454,-7235,1,0,1
735656,65535,255,2269,10037,0,0,0
735657,65535,255,4377,9623,0,0,0
735658,65535,255,5236,-6876,0,0,0
735659,65535,255,3668,-7284,0,0,0
735660,65535,255,1356,-7455,0,0,0
735661,65535,255,1411,10050,0,0,0
735662,65535,255,3769,9745,0,0,0
735663,65535,255,5390,9404,0,0,0
735664,74,2,4255,-7085,1,0,1
735665,178,0,2200,-7418,1,0,1
735666,90,0,504,10368,1,0,1
735667,114,0,3073,9813,1,0,1
735668,303,0,4925,9535,1,0,1
735669,65535,255,4773,-7047,0,0,0
735670,124,0,2962,-7328,1,0,1
735671,144,0,426,-7052,1,0,1
735672,387,0,2290,9977,1,0,1
735673,166,0,4388,9672,1,0,1
735674,90,0,5228,-6888,1,0,1
735675,114,0,3660,-7269,1,0,1
735676,175,0,1356,-7726,1,0,1
735677,65535,255,1406,10217,0,0,0
735678,314,0,3761,9771,1,0,1
735679,304,0,5382,9401,1,0,1
735680,65535,255,4267,-7149,0,0,0
735681,65535,255,2221,-7423,0,0,0
735682,65535,255,475,10451,0,0,0
735683,65535,255,3050,9786,0,0,0
735684,65535,255,4905,9501,0,0,0
735685,65535,255,4793,-6996,0,0,0
735686,331,0,3000,-7343,1,0,1
735687,353,0,476,-7532,1,0,1
735688,65535,255,2248,9883,0,0,0
735689,65535,255,4357,9661,0,0,0
735690,299,2,5251,-6901,1,0,0
735691,65535,255,3692,-7191,0,0,0
735692,65535,255,1395,-7596,0,0,0
735693,65535,255,1366,10176,0,0,0
735694,65535,255,3733,9791,0,0,0
735695,65535,255,5363,9435,0,0,0
735696,96,0,4292,-7118,1,0,1
735697,65535,255,2252,-7433,0,0,0
735698,243,0,436,9641,1,0,1
735699,330,0,3016,9874,1,0,1
735700,416,0,4886,9566,1,0,1
735701,65535,255,4815,-6997,0,0,0
735702,65535,255,3028,-7380,0,0,0
735703,81,0,511,-7992,3,0,1
735704,343,0,2216,10046,1,0,1
735705,65,2,4342,9651,1,0,1
735706,95,0,5267,-6912,1,0,1
735707,145,0,3712,-7244,1,0,1
735708,65535,255,1424,-7452,0,0,0
735709,135,0,1338,10132,1,0,0
735710,0,0,0,0,0,0,0
735711,65535,255,5353,9422,0,0,0
735712,65535,255,4306,-7075,0,0,0
735713,180,0,2274,-7388,1,0,1
735714,65535,255,418,9702,0,0,0
735715,163,0,3002,9918,1,0,1
735716,65535,255,4878,9524,0,0,0
735717,65535,255,4824,-6973,0,0,0
735718,95,2,3042,-7378,1,0,1
735719,65535,255,524,-7222,0,0,0
735720,200,0,2205,9917,1,0,1
735721,65535,255,4335,9612,0,0,0
735722,149,0,5765,9299,1,0,0
735723,245,0,3720,-7250,1,0,1
735724,295,0,1429,-7545,1,0,1
735725,197,2,1333,9907,1,0,1
735726,65535,255,3709,9748,0,0,0
735727,173,0,5349,9440,1,0,1
735728,65535,255,6451,9105,0,0,0
735729,131,0,2278,-7402,1,0,1
735730,104,0,411,9937,1,0,1
735731,86,0,3002,9814,1,0,1
735732,229,0,4877,9569,1,0,1
735733,448,0,6130,9199,1,0,1
735734,65535,255,7000,8881,0,0,1
735735,99,0,524,-7226,1,0,1
735736,93,0,2205,9946,1,0,1
735737,102,0,4334,9646,1,0,1
735738,65535,255,5766,9314,0,0,0
735739,65535,255,6741,8969,0,0,0
735740,65535,255,-32768,-32768,0,65535,0
735741,226,0,1338,9908,1,0,0
735742,65535,255,3712,9772,0,0,0
735743,259,0,5355,9390,1,0,1
735744,65535,255,6453,9076,0,0,0
735745,0,0,0,0,0,0,0
735746,65535,255,-32768,-32768,0,65535,0
735747,65535,255,3012,9802,0,0,0
735748,65535,255,4880,9568,0,0,0
735749,65535,255,6133,9206,0,0,0
735750,0,0,0,0,0,0,0
735751,65535,255,-32768,-32768,0,65535,0
735752,65535,255,-32768,-32768,0,65535,0
735753,65535,255,4342,9611,0,0,0
735754,65535,255,5771,9295,0,0,0
735755,65535,255,6744,8961,0,0,0
735756,0,0,0,0,0,0,0
735757,65535,255,-32768,-32768,0,65535,1
735758,102,0,3721,9786,1,0,1
735759,361,0,5360,9408,1,0,1
735760,275,0,6457,9096,1,0,1
735761,0,0,0,0,0,0,0
735762,65535,255,-32768,-32768,0,65535,1
735763,65535,255,-32768,-32768,0,65535,0
735764,128,0,4889,9544,1,0,1
735765,65535,255,6139,9196,0,0,0
735766,0,0,0,0,0,0,0
735767,0,0,0,0,0,0,0
735768,65535,255,-32768,-32768,0,65535,0
735769,307,0,4353,9636,1,0,1
735770,372,0,5778,9318,1,0,1
735771,65535,255,6749,8981,0,0,1
735772,0,0,0,0,0,0,0
735773,0,0,0,0,0,0,0
735774,152,2,3737,9752,1,0,0
735775,65535,255,5371,9391,0,0,0
735776,65535,255,6465,9090,0,0,0
735777,0,0,0,0,0,0,0
735778,0,0,0,0,0,0,0
735779,65535,255,-32768,-32768,0,65535,0
735780,488,0,4901,9569,1,0,1
735781,65535,255,6147,9212,0,0,0
735782,0,0,0,0,0,0,0
735783,65535,255,-32768,-32768,0,65535,1
735784,65535,255,-32768,-32768,0,65535,0
735785,65535,255,4364,9607,0,0,0
735786,163,0,5782,9335,1,0,1
735787,65535,255,6752,8973,0,0,0
735788,65535,255,-32768,-32768,0,65535,0
735789,65535,255,-32768,-32768,0,65535,1
735790,65535,255,3741,9799,0,0,0
735791,69,2,5371,9387,1,0,1
735792,65535,255,6466,9061,0,0,0
735793,65535,255,-32768,-32768,0,65535,1
735794,65535,255,-32768,-32768,0,65535,0
735795,65535,255,3039,9814,0,0,0
735796,124,0,4899,9536,1,0,1
735797,87,2,6143,9196,1,0,1
735798,65535,255,7010,8851,0,0,1
735799,173,0,476,-7394,1,0,1
735800,65535,255,2242,9956,0,0,0
735801,67,2,4360,9634,1,0,1
735802,65535,255,5781,9292,0,0,0
735803,65535,255,6750,8971,0,0,0
735804,65535,255,1389,-7597,0,0,0
735805,65535,255,1378,9957,0,0,0
735806,65535,255,3741,9767,0,0,0
735807,344,2,5369,9444,1,0,0
735808,65535,255,6464,9104,0,0,0
735809,277,2,2236,-7391,1,0,1
735810,67,0,458,9814,1,0,1
735811,70,0,3026,9829,1,0,1
735812,65535,255,4898,9490,0,0,0
735813,65535,255,6145,9199,0,0,0
735814,65535,255,3000,-7376,0,0,0
735815,149,0,460,-7243,1,0,1
735816,86,0,2269,9950,1,0,1
735817,181,0,4381,9647,1,0,1
735818,65535,255,5800,9310,0,0,0
735819,65535,255,3652,-7207,0,0,0
735820,65535,255,1339,-7705,0,0,0
735821,65535,255,1429,10000,0,0,0
735822,65535,255,3777,9750,0,0,0
735823,445,2,5393,9426,1,0,1
735824,65535,255,4252,-7127,0,0,0
735825,107,0,2199,-7471,1,0,1
735826,86,0,504,10035,1,0,1
735827,341,2,3074,9792,1,0,1
735828,539,2,4922,9534,1,0,1
735829,189,0,4780,-6972,1,0,1
735830,65535,255,2976,-7359,0,0,0
735831,65535,255,448,-8044,0,0,0
735832,65535,255,2276,9985,0,0,0
735833,65535,255,4381,9673,0,0,0
735834,65535,255,5238,-6901,0,0,0
735835,205,0,3668,-7293,1,0,1
735836,65535,255,1361,-7628,0,0,0
735837,65535,255,1406,9954,0,0,0
735838,65535,255,3761,9746,0,0,0
735839,445,0,5382,9429,1,0,1
735840,65535,255,4270,-7137,0,0,0
735841,149,0,2220,-7526,1,0,1
735842,65535,255,475,10448,0,0,0
735843,82,0,3054,9856,1,0,1
735844,83,0,4910,9493,1,0,1
735845,110,0,4793,-7033,1,0,1
735846,65535,255,2995,-7325,0,0,0
735847,307,2,465,-7958,1,0,0
735848,65535,255,2253,10026,0,0,0
735849,65535,255,4369,9632,0,0,0
735850,65535,255,5247,-6874,0,0,0
735851,65535,255,3683,-7210,0,0,0
735852,65535,255,1379,-7407,0,0,0
735853,65535,255,1367,10221,0,0,0
735854,65535,255,3737,9683,0,0,0
735855,95,0,5368,9444,1,0,1
735856,128,0,4291,-7144,1,0,1
735857,65535,255,2252,-7483,0,0,0
735858,65535,255,446,9946,0,0,0
735859,65535,255,3030,9908,0,0,0
735860,65535,255,4898,9503,0,0,0
735861,65535,255,4808,-7022,0,0,0
735862,65535,255,3015,-7357,0,0,0
735863,70,0,489,-7271,1,0,1
735864,57,0,2242,9878,1,0,1
735865,65535,255,4357,9640,0,0,0
735866,65535,255,5256,-6889,0,0,0
735867,65535,255,3696,-7284,0,0,0
735868,322,0,1395,-7554,1,0,1
735869,113,0,1372,9952,1,0,1
735870,198,0,3740,9738,1,0,1
735871,248,0,5371,9415,1,0,1
735872,65535,255,4288,-7098,0,0,0
735873,65535,255,2246,-7439,0,0,0
735874,214,0,446,10019,1,0,1
735875,65535,255,3030,9804,0,0,0
735876,65535,255,4895,9548,0,0,0
735877,65535,255,4811,-7004,0,0,0
735878,65535,255,3023,-7283,0,0,0
735879,65535,255,505,-7675,0,0,0
735880,65535,255,2221,10026,0,0,0
735881,315,0,4345,9672,1,0,0
735882,65535,255,5267,-6888,0,0,0
735883,65535,255,3712,-7232,0,0,0
735884,65535,255,1423,-7505,0,0,0
735885,65535,255,1344,9903,0,0,0
735886,149,0,3713,9758,1,0,0
735887,65535,255,5352,9448,0,0,0
735888,65535,255,4325,-7156,0,0,0
735889,65535,255,2294,-7369,0,0,0
735890,65535,255,401,9669,0,0,0
735891,65535,255,2998,9781,0,0,0
735892,125,0,4874,9547,1,0,1
735893,65535,255,4827,-7028,0,0,0
735894,395,0,3043,-7337,1,0,1
735895,279,0,524,-8124,1,0,1
735896,235,0,2216,9919,1,0,1
735897,65535,255,4342,9633,0,0,0
735898,65535,255,5264,-6887,0,0,0
735899,65535,255,3704,-7208,0,0,0
735900,65535,255,1407,-7487,0,0,0
735901,360,0,1366,9947,1,0,1
735902,287,0,3737,9788,1,0,1
735903,140,0,5368,9429,1,0,1
735904,65535,255,4292,-7169,0,0,0
735905,255,0,2248,-7373,1,0,1
735906,214,0,448,9644,1,0,0
735907,65535,255,3027,9880,0,0,0
735908,65535,255,4895,9531,0,0,0
735909,65535,255,4810,-6993,0,0,0
735910,321,0,3019,-7424,1,0,1
735911,188,0,494,-7549,1,0,1
735912,65535,255,2232,10004,0,0,1
735913,65535,255,4349,9665,0,0,0
735914,65535,255,5259,-6876,0,0,0
735915,65535,255,3700,-7216,0,0,0
735916,65535,255,1418,-7492,0,0,0
735917,65,2,1344,9918,1,0,1
735918,65535,255,3713,9779,0,0,0
735919,200,0,5352,9399,1,0,0
735920,65535,255,4311,-7143,0,0,0
735921,131,0,2279,-7389,1,0,1
735922,322,0,411,10160,1,0,1
735923,65535,255,2998,9871,0,0,0
735924,97,0,4872,9531,1,0,1
735925,65535,255,4830,-7026,0,0,0
735926,65535,255,3052,-7372,0,0,0
735927,65535,255,534,-7556,0,0,0
735928,65535,255,2195,9858,0,0,0
735929,65535,255,4324,9632,0,0,1
735930,65535,255,5280,-6875,0,0,0
735931,65535,255,3732,-7263,0,0,0
735932,65535,255,1452,-7719,0,0,0
735933,0,0,0,0,0,0,0
735934,65535,255,3695,9720,0,0,0
735935,65535,255,5339,9431,0,0,0
735936,65535,255,4324,-7113,0,0,0
735937,65535,255,2300,-7372,0,0,0
735938,65535,255,388,10415,0,0,0
735939,65535,255,2984,9779,0,0,0
735940,65535,255,4866,9506,0,0,0
735941,278,0,4838,-7024,1,0,0
735942,65535,255,3066,-7399,0,0,0
735943,45,2,551,-7980,1,0,1
735944,65535,255,2184,9963,0,0,0
735945,221,0,4317,9600,1,0,1
735946,65535,255,5285,-6874,0,0,0
735947,65535,255,3740,-7286,0,0,0
735948,65535,255,1457,-7511,0,0,0
735949,65535,255,1304,10148,0,0,0
735950,45,0,3693,9783,1,0,1
735951,145,0,5338,9437,1,0,1
735952,70,0,4328,-7146,1,0,1
735953,198,0,2305,-7512,1,0,1
735954,65535,255,388,10162,0,0,0
735955,65535,255,2983,9801,0,0,0
735956,363,0,4865,9540,1,0,1
735957,65535,255,4838,-6991,0,0,0
735958,177,0,3061,-7390,1,0,1
735959,78,0,547,-7197,1,0,1
735960,230,0,2190,9888,1,0,1
735961,81,0,4324,9593,1,0,1
735962,58,0,5283,-6889,1,0,1
735963,204,0,3732,-7224,1,0,1
735964,279,0,1446,-7442,1,0,1
735965,64,0,1321,10145,1,0,1
735966,81,0,3705,9694,1,0,1
735967,65535,255,5346,9402,0,0,0
735968,55,0,4320,-7121,1,0,1
735969,160,0,2289,-7500,1,0,1
735970,257,0,405,10407,1,0,1
735971,268,0,2998,9862,1,0,0
735972,65535,255,4877,9499,0,0,0
735973,65535,255,4829,-7054,0,0,0
735974,65535,255,3046,-7382,0,0,0
735975,65535,255,523,-7301,0,0,0
735976,42,0,2210,9945,1,0,1
735977,389,2,4338,9644,1,0,1
735978,65535,255,5274,-6940,0,0,0
735979,360,2,3716,-7202,1,0,1
735980,65535,255,1424,-7419,0,0,0
735981,65535,255,1344,10216,0,0,0
735982,277,0,3725,9739,1,0,1
735983,65535,255,5360,9437,0,0,0
735984,65535,255,4303,-7091,0,0,0
735985,69,0,2262,-7461,1,0,1
735986,65535,255,434,10390,0,0,0
735987,288,0,3025,9890,1,0,1
735988,82,0,4897,9522,3,0,1
735989,231,0,4811,-7008,1,0,1
735990,275,0,3018,-7314,1,0,1
735991,65535,255,488,-8023,0,0,0
735992,64,0,2242,9913,1,0,1
735993,65535,255,4363,9639,0,0,0
735994,608,2,5255,-6879,1,0,1
735995,173,0,3691,-7230,1,0,0
735996,372,0,1384,-7565,1,0,1
735997,360,0,1389,10014,1,0,1
735998,204,0,3757,9687,1,0,1
735999,65535,255,5381,9418,0,0,0
736000,65535,255,4277,-7136,0,0,0
736001,65535,255,2231,-7566,0,0,0
736002,65535,255,476,9810,0,0,0
736003,65535,255,3049,9814,0,0,0
736004,64,0,4910,9487,1,0,1
736005,123,0,4803,-7056,1,0,1
736006,70,0,3004,-7409,3,0,1
736007,62,0,476,-7686,3,0,1
736008,65535,255,2253,9868,0,0,0
736009,65535,255,4364,9619,0,0,0
736010,65535,255,5256,-6935,0,0,0
736011,65535,255,3692,-7213,0,0,0
736012,65535,255,1389,-7515,0,0,0
736013,87,0,1378,9991,1,0,1
736014,163,0,3745,9689,1,0,1
736015,90,0,5371,9421,1,0,1
736016,262,0,4292,-7186,1,0,1
736017,65535,255,2247,-7491,0,0,0
736018,222,0,450,10066,1,0,1
736019,65535,255,3035,9795,0,0,0
736020,65535,255,4898,9495,0,0,0
736021,95,0,4809,-6991,1,0,1
736022,65535,255,3018,-7313,0,0,0
736023,65535,255,489,-7209,0,0,0
736024,65535,255,2237,10015,0,0,0
736025,321,0,4356,9601,1,0,1
736026,88,0,5261,-6928,1,0,1
736027,65535,255,3700,-7220,0,0,0
736028,155,0,1401,-7609,1,0,0
736029,67,0,1366,10138,1,0,1
736030,55,0,3733,9754,1,0,1
736031,547,2,5366,9402,1,0,1
736032,65535,255,4295,-7171,0,0,0
736033,112,0,2252,-7490,1,0,1
736034,65535,255,447,9790,0,0,0
736035,326,0,3026,9859,1,0,1
736036,377,0,4893,9540,1,0,1
736037,65535,255,4812,-7051,0,0,0
736038,65535,255,3018,-7281,0,0,0
736039,65535,255,495,-7149,0,0,0
736040,65535,255,2232,10045,0,0,0
736041,65535,255,4353,9628,0,0,0
736042,65535,255,5259,-6884,0,0,0
736043,65535,255,3700,-7300,0,0,0
736044,65535,255,1401,-7514,0,0,0
736045,65535,255,1366,10113,0,0,0
736046,65535,255,3733,9762,0,0,0
736047,65535,255,5366,9417,0,0,0
736048,0,0,0,0,0,0,0
736049,65535,255,2247,-7376,0,0,0
736050,170,0,446,10531,1,0,1
736051,257,0,3031,9827,1,0,1
736052,414,0,4895,9539,1,0,1
736053,228,0,4805,-7046,1,0,1
736054,54,0,3014,-7334,1,0,1
736055,61,0,482,-7686,1,0,1
736056,420,0,2242,9971,1,0,1
736057,384,0,4360,9614,1,0,1
736058,65535,255,5254,-6890,0,0,0
736059,65535,255,3688,-7197,0,0,0
736060,199,0,1390,-7683,1,0,0
736061,376,0,1383,9966,1,0,1
736062,184,0,3745,9737,1,0,1
736063,449,2,5374,9415,1,0,1
736064,188,0,4281,-7120,1,0,1
736065,302,0,2231,-7464,1,0,1
736066,397,0,469,10016,1,0,1
736067,395,0,3050,9783,1,0,1
736068,65535,255,4910,9525,0,0,0
736069,134,0,4793,-6992,1,0,1
736070,65535,255,2995,-7379,0,0,0
736071,0,0,0,0,0,0,0
736072,65535,255,2269,9882,0,0,0
736073,65535,255,4378,9592,0,0,0
736074,152,0,5239,-6888,1,0,1
736075,407,0,3668,-7224,1,0,1
736076,71,0,1356,-7418,1,0,1
736077,159,0,1412,10155,1,0,1
736078,131,0,3769,9701,1,0,1
736079,65535,255,5390,9406,0,0,0
736080,65535,255,4259,-7138,0,0,0
736081,65535,255,2204,-7540,0,0,0
736082,65535,255,505,10615,0,0,0
736083,65535,255,3078,9903,0,0,0
736084,65535,255,4931,9527,0,0,0
736085,0,0,0,0,0,0,0
736086,65535,255,2967,-7340,0,0,0
736087,0,0,0,0,0,0,0
736088,0,0,0,0,0,0,0
736089,65535,255,4391,9654,0,0,0
736090,252,0,5802,9299,1,0,1
736091,67,0,3664,-7274,1,0,1
736092,87,0,1355,-7566,1,0,1
736093,90,0,1412,9895,1,0,1
736094,180,0,3768,9733,1,0,1
736095,65535,255,5387,9422,0,0,0
736096,275,0,6476,9087,1,0,1
736097,65535,255,2220,-7538,0,0,0
736098,261,0,481,10504,1,0,1
736099,65535,255,3054,9876,0,0,0
736100,65535,255,4916,9503,0,0,0
736101,280,0,6153,9199,1,0,1
736102,65535,255,7017,8839,0,0,1
736103,65535,255,466,-7185,0,0,0
736104,65535,255,2258,9927,0,0,0
736105,65535,255,4371,9626,0,0,0
736106,65535,255,5790,9290,0,0,0
736107,65535,255,6757,8949,0,0,1
736108,65535,255,-32768,-32768,0,65535,0
736109,65535,255,1383,10064,0,0,0
736110,65535,255,3749,9682,0,0,0
736111,252,0,5376,9401,1,0,1
736112,155,0,6469,9079,1,0,1
736113,65535,255,-32768,-32768,0,65535,1
736114,65535,255,-32768,-32768,0,65535,1
736115,246,0,3037,9849,1,0,1
736116,65535,255,4901,9539,0,0,0
736117,65535,255,6146,9177,0,0,0
736118,65535,255,7010,8863,0,0,1
736119,65535,255,-32768,-32768,0,65535,1
736120,65535,255,-32768,-32768,0,65535,1
736121,108,0,4360,9615,1,0,1
736122,65535,255,5781,9293,0,0,0
736123,0,0,0,0,0,0,0
736124,0,0,0,0,0,0,0
736125,65535,255,-32768,-32768,0,65535,1
736126,368,0,3732,9732,1,0,1
736127,324,2,5365,9438,1,0,0
736128,65535,255,6462,9057,0,0,0
736129,0,0,0,0,0,0,0
736130,65535,255,-32768,-32768,0,65535,1
736131,65535,255,-32768,-32768,0,65535,1
736132,65535,255,4892,9542,0,0,0
736133,154,0,6139,9183,1,0,1
736134,65535,255,7006,8832,0,0,0
736135,65535,255,-32768,-32768,0,65535,1
736136,65535,255,-32768,-32768,0,65535,1
736137,303,0,4346,9635,1,0,1
736138,65535,255,5776,9272,0,0,0
736139,65535,255,6747,8944,0,0,1
736140,0,0,0,0,0,0,0
736141,65535,255,-32768,-32768,0,65535,1
736142,160,2,3725,9749,1,0,1
736143,65535,255,5360,9381,0,0,0
736144,65535,255,6459,9076,0,0,0
736145,0,0,0,0,0,0,0
736146,65535,255,-32768,-32768,0,65535,1
736147,183,0,3016,9851,1,0,1
736148,302,0,4886,9521,1,0,1
736149,65535,255,6137,9176,0,0,0
736150,65535,255,7002,8851,0,0,1
736151,65535,255,-32768,-32768,0,65535,1
736152,284,0,2216,10019,1,0,1
736153,172,0,4342,9592,1,0,1
736154,303,0,5771,9291,1,0,1
736155,65535,255,6745,8960,0,0,1
736156,65535,255,-32768,-32768,0,65535,1
736157,79,0,1349,9993,1,0,1
736158,388,0,3721,9701,1,0,1
736159,135,0,5355,9430,1,0,1
736160,206,0,6456,9062,1,0,1
736161,65535,255,-32768,-32768,0,65535,1
736162,65535,255,424,9851,0,0,0
736163,315,0,3012,9852,1,0,1
736164,360,0,4884,9527,1,0,1
736165,294,0,6134,9185,1,0,1
736166,65535,255,7001,8839,0,0,1
736167,121,0,510,-7616,1,0,1
736168,118,2,2216,9874,1,0,1
736169,65535,255,4342,9645,0,0,0
736170,225,2,5770,9325,1,0,0
736171,65535,255,6743,8941,0,0,1
736172,90,0,1419,-7394,1,0,1
736173,291,0,1350,9920,1,0,1
736174,74,0,3722,9676,1,0,1
736175,65535,255,5355,9424,0,0,0
736176,185,0,6457,9062,1,0,1
736177,65535,255,2263,-7545,0,0,0
736178,338,0,428,10009,1,0,1
736179,218,0,3012,9883,1,0,1
736180,239,0,4884,9543,1,0,1
736181,187,0,4818,-7054,1,0,1
736182,65535,255,3029,-7322,0,0,0
736183,353,0,506,-8141,1,0,1
736184,376,0,2221,10004,1,0,1
736185,65535,255,4346,9604,0,0,0
736186,65535,255,5264,-6935,0,0,0
736187,65535,255,3704,-7249,0,0,0
736188,190,0,1412,-7701,1,0,1
736189,128,0,1355,9936,1,0,1
736190,233,0,3727,9735,1,0,1
736191,275,0,5360,9429,1,0,1
736192,65535,255,4296,-7109,0,0,0
736193,351,0,2252,-7373,1,0,1
736194,217,2,440,10315,1,0,1
736195,65535,255,3026,9777,0,0,0
736196,206,0,4893,9497,1,0,1
736197,65535,255,4812,-7010,0,0,0
736198,200,2,3023,-7373,1,0,0
736199,65535,255,493,-7749,0,0,0
736200,65535,255,2232,9945,0,0,0
736201,114,0,4357,9582,1,0,1
736202,404,0,5259,-6931,1,0,1
736203,350,2,3696,-7243,1,0,1
736204,302,0,1400,-7724,1,0,1
736205,146,0,1373,9919,1,0,1
736206,240,0,3741,9699,1,0,1
736207,187,0,5371,9373,1,0,1
736208,65535,255,4288,-7145,0,0,0
736209,65535,255,2241,-7462,0,0,0
736210,65535,255,459,9730,0,0,0
736211,202,0,3035,9869,1,0,1
736212,65535,255,4901,9551,0,0,0
736213,65535,255,4802,-6984,0,0,0
736214,175,0,3009,-7344,1,0,1
736215,335,0,475,-7683,1,0,1
736216,158,2,2253,9928,1,0,0
736217,65535,255,4368,9587,0,0,0
736218,65535,255,5250,-6939,0,0,0
736219,65535,255,3683,-7269,0,0,0
736220,65535,255,1378,-7465,0,0,0
736221,65535,255,1389,10064,0,0,0
736222,65535,255,3757,9760,0,0,0
736223,65535,255,5381,9415,0,0,0
736224,65535,255,4273,-7107,0,0,0
736225,222,2,2220,-7405,1,0,0
736226,178,0,476,10649,1,0,1
736227,106,0,3059,9846,1,0,1
736228,67,0,4916,9548,1,0,1
736229,65535,255,4789,-6993,0,0,0
736230,65535,255,2990,-7367,0,0,0
736231,195,0,458,-7688,1,0,1
736232,149,0,2266,9917,1,0,1
736233,80,0,4377,9598,1,0,1
736234,65535,255,5247,-6912,0,0,0
736235,65535,255,3680,-7288,0,0,0
736236,65535,255,1378,-7709,0,0,0
736237,191,0,1389,10158,1,0,1
736238,65535,255,3756,9727,0,0,0
736239,65535,255,5379,9402,0,0,0
736240,65535,255,4280,-7094,0,0,0
736241,65535,255,2236,-7493,0,0,0
736242,65535,255,465,10586,0,0,0
736243,65535,255,3050,9773,0,0,0
736244,65535,255,4908,9508,0,0,0
736245,65535,255,4802,-7044,0,0,0
736246,65535,255,3008,-7387,0,0,0
736247,65535,255,476,-7616,0,0,0
736248,134,0,2251,9904,1,0,1
736249,250,2,4367,9613,1,0,0
736250,65535,255,5255,-6929,0,0,0
736251,65535,255,3692,-7205,0,0,0
736252,65535,255,1390,-7515,0,0,0
736253,65535,255,1378,9992,0,0,0
736254,65535,255,3745,9682,0,0,0
736255,65535,255,5373,9421,0,0,0
736256,122,0,4291,-7179,1,0,1
736257,65535,255,2246,-7476,0,0,0
736258,65535,255,453,10672,0,0,0
736259,181,0,3035,9796,1,0,1
736260,369,0,4901,9495,1,0,1
736261,332,0,4805,-6991,1,0,1
736262,133,0,3014,-7303,1,0,1
736263,86,0,484,-7134,1,0,1
736264,305,0,2242,10000,1,0,1
736265,65535,255,4360,9595,0,0,0
736266,65535,255,5258,-6923,0,0,0
736267,65535,255,3692,-7212,0,0,0
736268,65535,255,1395,-7561,0,0,0
736269,325,0,1372,10089,1,0,1
736270,89,0,3741,9729,1,0,1
736271,65535,255,5371,9382,0,0,0
736272,150,0,4291,-7145,1,0,1
736273,102,0,2247,-7419,1,0,1
736274,85,0,452,10454,1,0,1
736275,161,0,3031,9880,1,0,1
736276,313,0,4898,9512,1,0,1
736277,140,0,4809,-6999,1,0,1
736278,66,0,3018,-7395,1,0,1
736279,65535,255,494,-7415,0,0,0
736280,103,0,2232,9974,1,0,1
736281,244,0,4349,9657,1,0,1
736282,65535,255,5259,-6895,0,0,0
736283,65535,255,3700,-7202,0,0,0
736284,65535,255,1407,-7440,0,0,0
736285,65535,255,1355,10216,0,0,0
736286,65535,255,3725,9733,0,0,0
736287,65535,255,5361,9438,0,0,0
736288,65535,255,4299,-7119,0,0,0
736289,65535,255,2262,-7445,0,0,0
736290,411,2,429,10316,1,0,1
736291,65535,255,3012,9872,0,0,0
736292,72,0,4884,9515,1,0,1
736293,65535,255,4818,-6997,0,0,0
736294,151,0,3033,-7289,1,0,1
736295,138,0,511,-7875,1,0,1
736296,384,2,2216,9888,1,0,1
736297,65535,255,4339,9626,0,0,0
736298,169,0,5267,-6929,1,0,1
736299,388,2,3712,-7200,1,0,1
736300,199,0,1424,-7464,1,0,1
736301,65535,255,1345,9896,0,0,0
736302,65535,255,3714,9775,0,0,0
736303,65535,255,5353,9392,0,0,0
736304,65535,255,4307,-7134,0,0,0
736305,65535,255,2269,-7358,0,0,0
736306,65535,255,418,9924,0,0,0
736307,65535,255,3007,9842,0,0,0
736308,65535,255,4878,9512,0,0,0
736309,65535,255,4821,-6996,0,0,0
736310,93,0,3038,-7308,1,0,1
736311,80,2,524,-8121,1,0,0
736312,65535,255,2211,9963,0,0,0
736313,216,0,4335,9666,1,0,1
736314,65535,255,5269,-6893,0,0,0
736315,70,0,3716,-7271,1,0,1
736316,65535,255,1429,-7720,0,0,0
736317,109,0,1333,10196,1,0,1
736318,128,0,3713,9759,1,0,1
736319,65535,255,5352,9392,0,0,0
736320,222,0,4310,-7146,1,0,1
736321,65535,255,2273,-7414,0,0,0
736322,65535,255,417,10322,0,0,0
736323,65535,255,3002,9917,0,0,0
736324,154,0,4877,9556,1,0,1
736325,376,2,4824,-7057,1,0,1
736326,222,0,3040,-7355,1,0,1
736327,163,0,523,-7994,1,0,1
736328,57,0,2211,9948,1,0,1
736329,65535,255,4338,9673,0,0,0
736330,65535,255,5269,-6908,0,0,0
736331,65535,255,3716,-7191,0,0,0
736332,65535,255,1423,-7511,0,0,0
736333,0,0,0,0,0,0,0
736334,65535,255,3717,9719,0,0,0
736335,65535,255,5355,9373,0,0,0
736336,65535,255,4306,-7133,0,0,0
736337,49,0,2268,-7400,1,0,1
736338,65535,255,423,10400,0,0,0
736339,65535,255,3017,9779,0,0,0
736340,65535,255,4886,9489,0,0,0
736341,236,0,4817,-6997,1,0,1
736342,302,0,3032,-7340,1,0,1
736343,273,0,505,-7482,1,0,1
736344,186,0,2222,9860,1,0,1
736345,65535,255,4345,9639,0,0,0
736346,80,0,5266,-6890,1,0,1
736347,126,0,3712,-7295,1,0,1
736348,65535,255,1412,-7487,0,0,0
736349,326,0,1355,10045,1,0,1
736350,359,0,3729,9734,1,0,1
736351,104,0,5365,9386,1,0,1
736352,65535,255,4298,-7161,0,0,0
736353,76,0,2257,-7473,1,0,1
736354,192,0,441,9712,1,0,1
736355,106,0,3026,9852,1,0,1
736356,363,0,4895,9543,1,0,1
736357,65535,255,4811,-7055,0,0,0
736358,65535,255,3018,-7300,0,0,0
736359,259,0,488,-7275,1,0,1
736360,65535,255,2238,10014,0,0,0
736361,65535,255,4360,9636,0,0,0
736362,65535,255,5258,-6897,0,0,0
736363,65535,255,3696,-7186,0,0,0
736364,51,0,1395,-7559,1,0,1
736365,65535,255,1378,10164,0,0,0
736366,65535,255,3745,9779,0,0,0
736367,65535,255,5375,9422,0,0,0
736368,138,0,4284,-7111,1,0,1
736369,111,0,2236,-7389,1,0,1
736370,65535,255,464,10518,0,0,0
736371,56,0,3050,9817,1,0,1
736372,65535,255,4909,9529,0,0,0
736373,226,0,4799,-7053,1,0,1
736374,65535,255,2999,-7302,0,0,0
736375,65535,255,465,-7396,0,0,0
736376,65535,255,2264,9885,0,0,0
736377,65535,255,4374,9645,0,0,0
736378,65535,255,5247,-6925,0,0,0
736379,191,0,3675,-7253,1,0,1
736380,123,0,1367,-7417,1,0,1
736381,166,0,1406,10040,1,0,1
736382,65535,255,3765,9752,0,0,0
736383,65535,255,5390,9414,0,0,0
736384,65535,255,4266,-7107,0,0,0
736385,65535,255,2210,-7376,0,0,0
736386,108,0,492,10160,1,0,1
736387,65535,255,3068,9886,0,0,0
736388,0,0,0,0,0,0,0
736389,65535,255,4786,-7044,0,0,0
736390,139,0,2980,-7409,1,0,1
736391,122,0,441,-7835,1,0,1
736392,66,0,2285,9911,1,0,1
736393,141,0,4388,9657,1,0,1
736394,65535,255,5236,-6892,0,0,0
736395,65535,255,3663,-7288,0,0,0
736396,65535,255,1344,-7415,0,0,0
736397,91,0,1423,9944,1,0,1
736398,160,0,3778,9687,1,0,1
736399,198,2,5395,9427,1,0,0
736400,179,0,4255,-7102,3,0,1
736401,65535,255,2194,-7554,0,0,0
736402,65535,255,510,10031,0,0,0
736403,65535,255,3078,9874,0,0,0
736404,65535,255,4931,9546,0,0,0
736405,65535,255,4774,-7052,0,0,0
736406,65535,255,2967,-7433,0,0,0
736407,94,0,425,-8153,1,0,1
736408,171,0,2300,9994,1,0,1
736409,80,0,4401,9597,1,0,1
736410,211,0,5225,-6935,1,0,1
736411,232,0,3644,-7241,1,0,1
736412,65535,255,1327,-7691,0,0,0
736413,191,0,1441,10118,1,0,1
736414,65535,255,3790,9756,0,0,0
736415,243,0,5401,9416,1,0,1
736416,65535,255,4245,-7104,0,0,0
736417,65535,255,2184,-7393,0,0,0
736418,126,0,517,10606,1,0,1
736419,65535,255,3083,9853,0,0,0
736420,65535,255,4931,9475,0,0,0
736421,65535,255,4774,-6994,0,0,0
736422,65535,255,2967,-7369,0,0,0
736423,65535,255,430,-7991,0,0,0
736424,65535,255,2285,10025,0,0,0
736425,65535,255,4388,9637,0,0,0
736426,173,2,5231,-6902,1,0,1
736427,202,0,3656,-7223,1,0,1
736428,141,2,1350,-7736,1,0,1
736429,65535,255,1418,9992,0,0,0
736430,106,0,3770,9744,1,0,1
736431,116,0,5388,9414,1,0,1
736432,117,0,4263,-7114,1,0,1
736433,65535,255,2210,-7434,0,0,0
736434,46,0,493,9826,1,0,1
736435,136,0,3059,9909,1,0,1
736436,65535,255,4917,9505,0,0,0
736437,65535,255,4787,-7037,0,0,0
736438,97,0,2985,-7303,1,0,1
736439,65535,255,452,-7609,0,0,0
736440,65535,255,2267,9927,0,0,0
736441,65535,255,4374,9666,0,0,0
736442,65535,255,5243,-6934,0,0,0
736443,65535,255,3676,-7276,0,0,0
736444,170,0,1367,-7561,1,0,1
736445,186,0,1395,10186,1,0,1
736446,70,0,3757,9706,1,0,1
736447,232,0,5380,9402,1,0,1
736448,65535,255,4274,-7105,0,0,0
736449,191,0,2225,-7431,1,0,1
736450,65535,255,470,9880,0,0,0
736451,65535,255,3048,9832,0,0,0
736452,191,0,4907,9524,1,0,1
736453,183,0,4798,-7034,1,0,1
736454,134,0,2999,-7363,1,0,1
736455,186,0,471,-8102,1,0,1
736456,203,0,2253,9859,1,0,1
736457,65535,255,4366,9604,0,0,0
736458,65535,255,5786,9315,0,0,0
736459,65535,255,3684,-7186,0,0,0
736460,0,0,0,0,0,0,0
736461,65535,255,1383,10018,0,0,0
736462,65535,255,3745,9780,0,0,0
736463,65535,255,5374,9374,0,0,0
736464,65535,255,6467,9054,0,0,0
736465,185,0,2236,-7388,1,0,1
736466,65535,255,459,9731,0,0,0
736467,65535,255,3037,9860,0,0,0
736468,65535,255,4901,9526,0,0,0
736469,65535,255,6147,9160,0,0,0
736470,65535,255,7011,8845,0,0,1
736471,151,0,482,-7338,1,0,1
736472,157,0,2248,9946,1,0,1
736473,65535,255,4363,9626,0,0,0
736474,49,0,5785,9286,1,0,1
736475,65535,255,6754,8941,0,0,1
736476,65535,255,-32768,-32768,0,65535,1
736477,91,0,1378,9947,1,0,1
736478,214,0,3741,9765,1,0,0
736479,154,0,5371,9407,1,0,1
736480,65535,255,6467,9054,0,0,0
736481,0,0,0,0,0,0,0
736482,65535,255,-32768,-32768,0,65535,0
736483,65535,255,3036,9810,0,0,0
736484,65535,255,4898,9560,0,0,0
736485,65535,255,6145,9184,0,0,0
736486,65535,255,7010,8866,0,0,1
736487,65535,255,-32768,-32768,0,65535,0
736488,65535,255,-32768,-32768,0,65535,0
736489,65535,255,4360,9592,0,0,0
736490,65535,255,5783,9270,0,0,0
736491,65535,255,6752,8980,0,0,1
736492,65535,255,-32768,-32768,0,65535,0
736493,65535,255,-32768,-32768,0,65535,0
736494,65535,255,3741,9757,0,0,0
736495,65535,255,5370,9400,0,0,0
736496,196,0,6466,9059,1,0,0
736497,0,0,0,0,0,0,0
736498,65535,255,-32768,-32768,0,65535,0
736499,65535,255,-32768,-32768,0,65535,1
736500,65535,255,4900,9499,0,0,0
736501,208,0,6144,9208,1,0,1
736502,0,0,0,0,0,0,0
736503,65535,255,-32768,-32768,0,65535,1
736504,65535,255,-32768,-32768,0,65535,1
736505,210,0,4360,9658,1,0,1
736506,65535,255,5783,9312,0,0,0
736507,65535,255,6754,8967,0,0,1
736508,65535,255,-32768,-32768,0,65535,1
736509,65535,255,-32768,-32768,0,0,1
736510,201,0,3741,9749,1,0,0
736511,190,2,5372,9408,1,0,1
736512,236,0,6468,9061,1,0,1
736513,0,0,0,0,0,0,0
736514,65535,255,-32768,-32768,0,65535,1
736515,152,2,3040,9871,1,0,0
736516,166,0,4901,9515,1,0,1
736517,239,0,6148,9164,1,0,1
736518,65535,255,7011,8854,0,0,1
736519,65535,255,-32768,-32768,0,65535,0
736520,85,0,2252,9843,1,0,1
736521,239,2,4364,9604,1,0,0
736522,189,0,5786,9281,1,0,0
736523,65535,255,6754,8947,0,0,0
736524,65535,255,-32768,-32768,0,65535,0
736525,157,0,1377,10116,1,0,1
736526,73,0,3745,9709,1,0,1
736527,87,0,5374,9424,1,0,1
736528,221,0,6469,9063,1,0,1
736529,65535,255,-32768,-32768,0,65535,1
736530,203,0,463,10234,1,0,1
736531,186,0,3045,9871,1,0,1
736532,65535,255,4907,9519,0,0,0
736533,65535,255,6150,9167,0,0,0
736534,65535,255,7013,8858,0,0,0
736535,135,0,470,-7963,1,0,1
736536,184,0,2258,9901,1,0,1
736537,122,0,4368,9629,1,0,1
736538,65535,255,5789,9305,0,0,0
736539,77,0,3680,-7203,1,0,1
736540,163,0,1373,-7487,1,0,1
736541,110,0,1395,9923,1,0,0
736542,65535,255,3753,9779,0,0,0
736543,65535,255,5380,9393,0,0,0
736544,65535,255,4274,-7131,0,0,0
736545,65535,255,2224,-7496,0,0,0
736546,65535,255,476,9884,0,0,0
736547,65535,255,3054,9828,0,0,0
736548,167,0,4914,9501,1,0,1
736549,136,0,4790,-6983,1,0,1
736550,177,0,2990,-7421,1,0,1
736551,157,0,459,-7898,1,0,1
736552,81,2,2269,9886,1,0,0
736553,214,2,4375,9634,1,0,0
736554,65535,255,5239,-6939,0,0,0
736555,176,0,3668,-7220,1,0,1
736556,83,0,1361,-7635,1,0,1
736557,99,0,1406,10089,1,0,1
736558,238,0,3765,9722,1,0,1
736559,103,0,5385,9436,1,0,1
736560,170,0,4263,-7099,1,0,1
736561,65535,255,2210,-7506,0,0,0
736562,65535,255,500,9691,0,0,0
736563,65535,255,3069,9795,0,0,0
736564,153,0,4922,9489,1,0,1
736565,191,0,4780,-7052,1,0,1
736566,80,0,2976,-7430,1,0,1
736567,71,0,435,-7910,1,0,1
736568,65535,255,2285,9913,0,0,0
736569,65535,255,4388,9645,0,0,0
736570,187,0,5231,-6881,1,0,1
736571,215,0,3656,-7254,1,0,1
736572,65535,255,1344,-7662,0,0,0
736573,65535,255,1423,10133,0,0,0
736574,83,0,3781,9735,1,0,1
736575,209,0,5399,9379,1,0,1
736576,65535,255,4248,-7122,0,0,0
736577,65535,255,2189,-7574,0,0,0
736578,102,0,516,10033,1,0,0
736579,109,0,3087,9864,1,0,1
736580,65535,255,4934,9530,0,0,0
736581,65535,255,4770,-7023,0,0,0
736582,65535,255,2957,-7369,0,0,0
736583,96,0,412,-7524,1,0,1
736584,181,0,2311,9868,1,0,1
736585,161,2,4405,9629,1,0,1
736586,189,0,5220,-6920,1,0,1
736587,125,0,3640,-7192,1,0,1
736588,65535,255,1322,-7491,0,0,0
736589,65535,255,1445,10014,0,0,0
736590,156,0,3789,9703,1,0,1
736591,65535,255,5401,9432,0,0,0
736592,65535,255,4248,-7095,0,0,0
736593,159,0,2188,-7538,1,0,0
736594,65535,255,516,9904,0,0,0
736595,65535,255,3078,9846,0,0,0
736596,65535,255,4928,9526,0,0,0
736597,65535,255,4780,-7020,0,0,0
736598,119,0,2976,-7366,1,0,1
736599,108,0,435,-7606,1,0,1
736600,65535,255,2285,9885,0,0,0
736601,197,0,4387,9646,1,0,1
736602,200,0,5239,-6884,1,0,1
736603,65535,255,3679,-7286,0,0,0
736604,175,2,1372,-7562,1,0,1
736605,157,0,1389,10209,1,0,0
736606,194,0,3757,9697,1,0,1
736607,205,0,5379,9387,1,0,1
736608,167,0,4284,-7178,1,0,1
736609,65535,255,2236,-7561,0,0,0
736610,136,2,458,10522,1,0,0
736611,65535,255,3040,9849,0,0,0
736612,65535,255,4904,9474,0,0,0
736613,124,0,4805,-7007,1,0,1
736614,65535,255,3014,-7416,0,0,0
736615,68,0,483,-7269,1,0,1
736616,0,0,0,0,0,0,0
736617,65535,255,4360,9596,0,0,0
736618,94,0,5260,-6877,1,0,1
736619,59,0,3699,-7193,1,0,0
736620,0,0,0,0,0,0,0
736621,65535,255,1361,9995,0,0,0
736622,65535,255,3733,9757,0,0,0
736623,65535,255,5365,9430,0,0,0
736624,65535,255,4302,-7147,0,0,0
736625,162,0,2263,-7530,1,0,0
736626,65535,255,429,10394,0,0,0
736627,65535,255,3021,9841,0,0,0
736628,65535,255,4889,9477,0,0,0
736629,65535,255,4820,-7019,0,0,0
736630,65535,255,3032,-7287,0,0,0
736631,65535,255,510,-7613,0,0,0
736632,65535,255,2216,9991,0,0,0
736633,97,0,4342,9640,1,0,1
736634,224,0,5271,-6922,1,0,1
736635,65535,255,3715,-7270,0,0,0
736636,65535,255,1428,-7579,0,0,0
736637,160,0,1345,9921,1,0,1
736638,65535,255,3717,9744,0,0,0
736639,0,0,0,0,0,0,0
736640,65535,255,4313,-7151,0,0,0
736641,174,0,2278,-7554,1,0,1
736642,102,0,412,10647,1,0,1
736643,97,0,3002,9886,3,0,1
736644,78,0,4878,9508,1,0,1
736645,65535,255,4828,-7020,0,0,0
736646,60,0,3047,-7368,1,0,1
736647,65535,255,530,-7176,0,0,0
736648,65535,255,2200,9906,0,0,0
736649,65535,255,4331,9615,0,0,0
736650,65535,255,5277,-6905,0,0,0
736651,65535,255,3728,-7251,0,0,0
736652,65535,255,1440,-7554,0,0,1
736653,65535,255,1328,9897,0,0,0
736654,65535,255,3701,9747,0,0,0
736655,65535,255,5344,9435,0,0,0
736656,65535,255,4321,-7169,0,0,0
736657,0,0,0,0,0,0,0
736658,0,0,0,0,0,0,0
736659,0,0,0,0,0,0,0
736660,65535,255,4869,9548,0,0,0
736661,211,0,4833,-7020,1,0,1
736662,65535,255,3056,-7314,0,0,0
736663,65535,255,540,-7858,0,0,0
736664,68,0,2190,9849,1,0,1
736665,204,0,4325,9597,1,0,1
736666,232,0,5280,-6899,1,0,1
736667,65535,255,3732,-7250,0,0,0
736668,65535,255,1451,-7553,0,0,0
736669,65535,255,1316,9948,0,0,0
736670,153,0,3694,9772,1,0,1
736671,96,0,5340,9412,1,0,1
736672,65,0,4321,-7095,1,0,1
736673,59,0,2294,-7466,1,0,1
736674,88,0,388,10339,1,0,1
736675,111,0,2984,9868,1,0,1
736676,65535,255,4866,9511,0,0,0
736677,65535,255,4833,-6986,0,0,0
736678,65535,255,3062,-7416,0,0,0
736679,65535,255,545,-7553,0,0,0
736680,65535,255,2185,10027,0,0,0
736681,140,0,4317,9678,3,0,1
736682,231,0,5280,-6888,1,0,1
736683,65535,255,3732,-7242,0,0,0
736684,65535,255,1452,-7553,0,0,0
736685,65535,255,1312,10155,0,0,0
736686,126,0,3694,9748,1,0,1
736687,208,0,5339,9446,1,0,1
736688,65535,255,4321,-7095,0,0,0
736689,65535,255,2294,-7480,0,0,0
736690,68,0,388,10421,1,0,1
736691,75,0,2984,9890,1,0,1
736692,172,0,4866,9527,1,0,1
736693,61,0,4833,-7002,1,0,1
736694,65535,255,3057,-7303,0,0,0
736695,56,0,545,-7919,1,0,1
736696,187,0,2190,9893,1,0,1
736697,65535,255,4324,9624,0,0,0
736698,73,0,5280,-6927,1,0,1
736699,176,0,3728,-7194,1,0,1
736700,75,0,1446,-7437,1,0,1
736701,183,0,1317,10180,1,0,1
736702,100,0,3697,9756,1,0,1
736703,108,0,5344,9391,1,0,1
736704,134,0,4321,-7108,1,0,1
736705,65535,255,2294,-7522,0,0,0
736706,65535,255,403,9507,0,0,0
736707,65535,255,2994,9784,0,0,0
736708,65535,255,4868,9561,0,0,0
736709,227,0,4832,-7042,1,0,1
736710,77,0,3052,-7375,1,0,1
736711,213,0,534,-7490,1,0,1
736712,65535,255,2195,10026,0,0,0
736713,65535,255,4330,9619,0,0,0
736714,225,0,5277,-6904,3,0,1
736715,190,0,3728,-7282,1,0,1
736716,214,0,1441,-7715,1,0,1
736717,208,0,1327,10175,1,0,1
736718,199,2,3709,9739,1,0,0
736719,130,0,5349,9445,1,0,1
736720,65535,255,4313,-7103,0,0,0
736721,65535,255,2283,-7524,0,0,0
736722,65535,255,414,9525,0,0,0
736723,65535,255,3002,9794,0,0,0
736724,65535,255,4880,9495,0,0,0
736725,65535,255,4826,-7038,0,0,0
736726,164,0,3042,-7418,1,0,0
736727,65535,255,522,-7740,0,0,0
736728,65535,255,2211,9863,0,0,0
736729,65535,255,4338,9623,0,0,0
736730,65535,255,5272,-6886,0,0,0
736731,65535,255,3716,-7220,0,0,0
736732,65535,255,1423,-7554,0,0,0
736733,143,0,1344,10022,1,0,1
736734,65535,255,3721,9697,0,0,0
736735,65535,255,5357,9424,0,0,0
736736,65535,255,4305,-7078,0,0,0
736737,65535,255,2268,-7483,0,0,0
736738,65535,255,430,10629,0,0,0
736739,65535,255,3021,9781,0,0,0
736740,65535,255,4891,9485,0,0,0
736741,100,0,4817,-7025,1,0,1
736742,84,0,3032,-7420,1,0,1
736743,141,0,505,-7874,1,0,1
736744,150,0,2232,9904,1,0,1
736745,65535,255,4352,9647,0,0,0
736746,65535,255,5263,-6879,0,0,0
736747,65535,255,3703,-7254,0,0,0
736748,92,0,1406,-7651,1,0,1
736749,65535,255,1367,10143,0,0,0
736750,65535,255,3737,9743,0,0,0
736751,151,0,5371,9382,1,0,1
736752,79,0,4291,-7127,1,0,1
736753,65535,255,2246,-7371,0,0,0
736754,65535,255,452,10092,0,0,0
736755,76,0,3035,9873,1,0,1
736756,211,0,4901,9538,1,0,1
736757,65535,255,4805,-7031,0,0,0
736758,65535,255,3009,-7382,0,0,0
736759,166,0,476,-7680,1,0,1
736760,136,2,2253,9874,1,0,1
736761,153,0,4368,9637,1,0,1
736762,221,0,5250,-6877,1,0,1
736763,210,0,3683,-7258,1,0,1
736764,200,0,1378,-7705,1,0,1
736765,64,0,1389,10188,1,0,1
736766,65535,255,3753,9764,0,0,0
736767,212,0,5382,9399,1,0,1
736768,109,0,4273,-7157,1,0,1
736769,224,0,2220,-7446,1,0,0
736770,159,0,481,10506,1,0,1
736771,184,0,3059,9787,3,0,1
736772,65535,255,4919,9490,0,0,0
736773,65535,255,4786,-6989,0,0,0
736774,127,0,2985,-7312,1,0,1
736775,65535,255,448,-7165,0,0,0
736776,65535,255,2274,10015,0,0,0
736777,189,2,4385,9608,1,0,0
736778,65535,255,5236,-6935,0,0,0
736779,65535,255,3660,-7229,0,0,0
736780,65535,255,1350,-7635,0,0,0
736781,65535,255,1423,10157,0,0,0
736782,199,0,3778,9760,1,0,1
736783,224,0,5396,9385,1,0,1
736784,62,0,4255,-7167,1,0,1
736785,157,0,2199,-7551,1,0,1
736786,65535,255,504,10291,0,0,0
736787,65535,255,3074,9816,0,0,0
736788,87,0,4925,9532,1,0,1
736789,182,0,4780,-7065,1,0,1
736790,65535,255,2971,-7345,0,0,0
736791,65535,255,435,-7833,0,0,0
736792,65,0,2285,9998,1,0,1
736793,125,0,4385,9633,1,0,1
736794,207,0,5233,-6905,1,0,1
736795,108,0,3660,-7221,3,0,1
736796,192,0,1350,-7744,1,0,1
736797,203,0,1417,10041,1,0,1
736798,195,0,3769,9761,1,0,1
736799,138,0,5388,9426,1,0,1
736800,65535,255,4259,-7132,0,0,0
736801,77,0,2205,-7476,1,0,1
736802,94,0,493,10030,1,0,1
736803,157,0,3069,9786,1,0,1
736804,240,0,4920,9528,1,0,1
736805,102,0,4783,-7059,1,0,1
736806,159,0,2981,-7354,1,0,1
736807,161,0,447,-7976,1,0,1
736808,63,0,2275,10029,1,0,1
736809,65535,255,4382,9653,0,0,0
736810,95,2,5237,-6924,1,0,0
736811,65535,255,3664,-7268,0,0,0
736812,65535,255,1355,-7535,0,0,0
736813,65535,255,1412,10208,0,0,0
736814,213,0,3769,9706,1,0,1
736815,65535,255,5388,9397,0,0,0
736816,65535,255,4263,-7098,0,0,0
736817,81,0,2210,-7417,1,0,1
736818,65535,255,493,9895,0,0,0
736819,65535,255,3064,9815,0,0,0
736820,120,0,4920,9523,1,0,1
736821,65535,255,6157,9183,0,0,0
736822,40,0,2980,-7364,1,0,1
736823,65535,255,448,-8124,0,0,0
736824,65535,255,2280,9858,0,0,0
736825,65535,255,4385,9583,0,0,0
736826,65535,255,5796,9318,0,0,0
736827,65535,255,6764,8960,0,0,0
736828,51,0,1355,-7708,1,0,0
736829,65535,255,1412,10042,0,0,1
736830,90,0,3769,9778,1,0,1
736831,185,0,5390,9373,1,0,1
736832,173,0,6479,9051,1,0,1
736833,0,0,0,0,0,0,0
736834,65535,255,494,9760,0,0,0
736835,65535,255,3064,9910,0,0,0
736836,198,0,4922,9523,1,0,1
736837,238,0,6160,9162,1,0,1
736838,65535,255,7022,8841,0,0,1
736839,66,0,442,-7156,1,0,1
736840,65535,255,2285,9914,0,0,0
736841,65535,255,4388,9615,0,0,0
736842,65535,255,5802,9279,0,0,0
736843,65535,255,6766,8955,0,0,0
736844,65535,255,-32768,-32768,0,65535,1
736845,147,0,1418,9931,1,0,1
736846,239,0,3773,9738,1,0,1
736847,213,2,5393,9426,1,0,1
736848,136,0,6481,9090,1,0,1
736849,0,0,0,0,0,0,0
736850,65535,255,-32768,-32768,0,0,1
736851,197,0,3073,9909,1,0,1
736852,65535,255,4928,9522,0,0,0
736853,265,0,6164,9158,1,0,1
736854,65535,255,7024,8846,0,0,1
736855,0,0,0,0,0,0,0
736856,65535,255,-32768,-32768,0,65535,1
736857,129,0,4394,9639,1,0,1
736858,65535,255,5807,9299,0,0,0
736859,65535,255,6769,8950,0,0,1
736860,0,0,0,0,0,0,0
736861,65535,255,-32768,-32768,0,65535,1
736862,65535,255,3782,9742,0,0,0
736863,65535,255,5400,9390,0,0,0
736864,65535,255,6486,9067,0,0,0
736865,0,0,0,0,0,0,0
736866,65535,255,-32768,-32768,0,65535,1
736867,156,2,3087,9855,1,0,0
736868,122,0,4934,9499,1,0,1
736869,198,0,6168,9206,1,0,1
736870,65535,255,-32768,-32768,0,65535,1
736871,65535,255,-32768,-32768,0,65535,0
736872,65535,255,-32768,-32768,0,65535,1
736873,193,2,4401,9638,1,0,0
736874,65535,255,5812,9297,0,0,0
736875,65535,255,6774,8954,0,0,0
736876,65535,255,-32768,-32768,0,65535,1
736877,65535,255,-32768,-32768,0,65535,1
736878,194,0,3793,9695,1,0,1
736879,235,0,5406,9408,1,0,1
736880,148,0,6491,9083,1,0,1
736881,65535,255,-32768,-32768,0,65535,1
736882,65535,255,-32768,-32768,0,0,0
736883,145,0,3098,9832,1,0,1
736884,139,0,4943,9535,1,0,1
736885,65535,255,6174,9173,0,0,0
736886,65535,255,-32768,-32768,0,65535,1
736887,65535,255,-32768,-32768,0,65535,1
736888,171,0,2322,9855,1,0,1
736889,194,0,4415,9597,1,0,1
736890,65535,255,5819,9274,0,0,0
736891,65535,255,6778,8936,0,0,1
736892,65535,255,-32768,-32768,0,65535,1
736893,65535,255,1463,10015,0,0,0
736894,65535,255,3804,9699,0,0,0
736895,213,0,5414,9396,1,0,1
736896,65535,255,6494,9064,0,0,0
736897,165,0,2163,-7541,1,0,0
736898,170,0,545,9976,1,0,1
736899,89,0,3105,9862,1,0,1
736900,165,0,4943,9535,1,0,0
736901,158,0,6175,9195,1,0,1
736902,224,2,2947,-7412,1,0,1
736903,65535,255,406,-7928,0,0,0
736904,110,0,2311,9940,1,0,1
736905,95,0,4408,9585,1,0,1
736906,182,0,5813,9283,1,0,1
736907,65535,255,3641,-7235,0,0,0
736908,124,2,1327,-7513,1,0,0
736909,110,0,1440,10062,1,0,1
736910,184,0,3790,9735,1,0,1
736911,65535,255,5402,9385,0,0,0
736912,112,0,4248,-7141,1,0,1
736913,65535,255,2184,-7421,0,0,0
736914,65535,255,516,10481,0,0,0
736915,65535,255,3083,9797,0,0,0
736916,65535,255,4932,9505,0,0,0
736917,102,0,4773,-7002,1,0,1
736918,65535,255,2967,-7355,0,0,0
736919,86,0,429,-7526,1,0,1
736920,100,0,2290,9885,1,0,1
736921,255,0,4388,9653,3,0,0
736922,161,0,5231,-6894,1,0,1
736923,65535,255,3660,-7301,0,0,0
736924,66,0,1344,-7486,1,0,1
736925,80,0,1418,10042,1,0,1
736926,65535,255,3769,9730,0,0,0
736927,172,0,5391,9388,1,0,1
736928,214,0,4259,-7152,1,0,1
736929,58,0,2204,-7446,1,0,1
736930,123,0,494,9962,1,0,1
736931,108,0,3064,9829,1,0,1
736932,120,0,4920,9524,1,0,1
736933,142,2,4783,-7029,1,0,1
736934,168,0,2986,-7415,3,0,1
736935,132,2,448,-7237,1,0,0
736936,181,0,2269,10059,1,0,1
736937,65535,255,4378,9636,0,0,0
736938,65535,255,5239,-6881,0,0,0
736939,205,0,3672,-7290,1,0,1
736940,65535,255,1367,-7486,0,0,0
736941,72,0,1400,10043,1,0,1
736942,65535,255,3757,9734,0,0,0
736943,65535,255,5382,9395,0,0,0
736944,65535,255,4273,-7162,0,0,0
736945,196,0,2220,-7503,1,0,1
736946,65535,255,476,9886,0,0,0
736947,65535,255,3050,9882,0,0,0
736948,65535,255,4908,9546,0,0,0
736949,80,0,4793,-6980,1,0,1
736950,65535,255,2995,-7330,0,0,0
736951,102,0,464,-7535,1,0,1
736952,65535,255,2259,9903,0,0,0
736953,72,0,4368,9672,1,0,1
736954,179,0,5248,-6920,1,0,1
736955,212,0,3680,-7232,1,0,1
736956,65535,255,1378,-7702,0,0,0
736957,89,0,1390,9925,1,0,1
736958,95,0,3749,9703,1,0,1
736959,226,0,5377,9382,1,0,1
736960,161,0,4281,-7154,1,0,1
736961,65535,255,2230,-7486,0,0,0
736962,65535,255,464,9879,0,0,0
736963,203,2,3040,9894,1,0,0
736964,65535,255,4907,9483,0,0,0
736965,65535,255,4799,-7002,0,0,0
736966,200,0,3004,-7380,1,0,1
736967,65535,255,500,-8013,0,0,0
736968,65535,255,2232,9859,0,0,0
736969,65535,255,4351,9622,0,0,0
736970,65535,255,5264,-6871,0,0,0
736971,65535,255,3704,-7185,0,0,0
736972,190,0,1412,-7700,1,0,1
736973,65535,255,1355,10019,0,0,0
736974,65535,255,3725,9774,0,0,0
736975,101,0,5360,9405,1,0,1
736976,82,0,4306,-7174,1,0,1
736977,149,0,2267,-7386,1,0,1
736978,65535,255,430,9700,0,0,0
736979,213,0,3012,9926,1,0,1
736980,65535,255,4883,9528,0,0,0
736981,173,0,4823,-6985,1,0,1
736982,184,0,3037,-7401,1,0,1
736983,114,0,517,-7295,1,0,1
736984,88,0,2211,9934,1,0,1
736985,191,0,4338,9627,1,0,1
736986,135,0,5274,-6912,1,0,1
736987,191,0,3719,-7270,1,0,1
736988,65535,255,1428,-7579,0,0,0
736989,65535,255,1339,9946,0,0,0
736990,65535,255,3713,9761,0,0,0
736991,162,0,5352,9443,1,0,1
736992,180,0,4316,-7154,1,0,1
736993,120,0,2278,-7399,1,0,0
736994,103,0,412,9842,1,0,1
736995,131,0,3002,9792,1,0,1
736996,182,0,4874,9553,1,0,1
736997,65535,255,4829,-7017,0,0,0
736998,113,0,3051,-7305,1,0,1
736999,65535,255,534,-7862,0,0,0
737000,65535,255,2200,9886,0,0,0
737001,65535,255,4331,9596,0,0,0
737002,174,0,5279,-6895,1,0,1
737003,65535,255,3727,-7244,0,0,0
737004,65535,255,1440,-7555,0,0,0
737005,65535,255,1327,9922,0,0,0
737006,65535,255,3705,9762,0,0,0
737007,65535,255,5346,9422,0,0,0
737008,65535,255,4317,-7091,0,0,0
737009,36,2,2288,-7454,1,0,1
737010,42,0,400,10249,1,0,1
737011,65535,255,2993,9856,0,0,0
737012,65,0,4871,9504,1,0,1
737013,65535,255,4832,-6977,0,0,0
737014,195,0,3056,-7407,1,0,1
737015,131,0,539,-7552,1,0,1
737016,62,0,2195,10010,1,0,1
737017,177,0,4324,9677,1,0,1
737018,65535,255,5280,-6885,0,0,0
737019,86,0,3732,-7235,1,0,1
737020,182,0,1445,-7553,1,0,1
737021,65535,255,1322,9947,0,0,0
737022,65535,255,3701,9779,0,0,0
737023,122,0,5344,9387,1,0,1
737024,65535,255,4320,-7116,0,0,0
737025,85,0,2294,-7523,1,0,1
737026,175,0,400,9828,1,0,1
737027,65535,255,2991,9830,0,0,0
737028,65535,255,4869,9549,0,0,0
737029,198,0,4832,-7031,1,0,1
737030,175,0,3051,-7356,1,0,1
737031,65535,255,534,-7305,0,0,0
737032,87,0,2195,9966,1,0,1
737033,219,0,4327,9663,1,0,0
737034,110,0,5277,-6880,1,0,1
737035,215,0,3728,-7242,3,0,1
737036,194,0,1440,-7576,1,0,1
737037,65535,255,1322,9998,0,0,0
737038,137,0,3702,9766,1,0,1
737039,114,0,5345,9406,1,0,1
737040,0,0,0,0,0,0,0
737041,294,2,2284,-7396,1,0,0
737042,303,0,405,10085,1,0,0
737043,65535,255,2993,9856,0,0,0
737044,65535,255,4872,9515,0,0,0
737045,65535,255,4827,-6999,0,0,0
737046,271,0,3047,-7304,3,0,1
737047,115,0,528,-7989,3,0,1
737048,173,0,2201,9921,3,0,1
737049,119,0,4331,9643,3,0,1
737050,140,0,5272,-6871,3,0,1
737051,65535,255,3720,-7227,0,0,0
737052,65535,255,1434,-7577,0,0,0
737053,171,0,1333,10023,3,0,1
737054,104,0,3710,9690,3,0,1
737055,65535,255,5350,9420,0,0,0
737056,0,0,0,0,0,0,0
737057,65535,255,2278,-7453,0,0,0
737058,96,0,412,10489,1,0,1
737059,0,0,0,0,0,0,0
737060,237,0,4878,9553,1,0,1
737061,65535,255,4824,-7038,0,0,0
737062,184,0,3037,-7388,1,0,1
737063,65535,255,516,-7549,0,0,0
737064,65535,255,2211,10068,0,0,0
737065,65535,255,4339,9609,0,0,0
737066,65535,255,5267,-6926,0,0,0
737067,65535,255,3712,-7205,0,0,0
737068,65535,255,1417,-7508,0,0,0
737069,65535,255,1350,9972,0,0,0
737070,65535,255,3722,9680,0,0,0
737071,134,0,5358,9418,1,0,1
737072,65535,255,4302,-7158,0,0,0
737073,108,0,2262,-7470,1,0,1
737074,166,0,430,10628,1,0,1
737075,65535,255,3022,9781,0,0,0
737076,65535,255,4890,9479,0,0,0
737077,65535,255,4812,-6984,0,0,0
737078,122,0,3023,-7370,1,0,1
737079,183,0,499,-7944,1,0,1
737080,59,0,2232,9918,1,0,1
737081,108,0,4353,9652,3,0,1
737082,233,0,5258,-6889,1,0,1
737083,81,0,3700,-7263,1,0,1
737084,82,0,1401,-7701,1,0,1
737085,213,0,1367,10217,1,0,1
737086,0,0,0,0,0,0,0
737087,65535,255,5369,9396,0,0,0
737088,74,0,4288,-7148,1,0,1
737089,65535,255,2241,-7415,0,0,0
737090,135,0,453,10675,1,0,1
737091,65535,255,3041,9799,0,0,0
737092,0,0,0,0,0,0,0
737093,65535,255,4802,-6992,0,0,0
737094,65535,255,3004,-7309,0,0,1
737095,57,0,472,-7118,1,0,1
737096,65535,255,2253,9989,0,0,0
737097,65535,255,4371,9591,0,0,0
737098,65535,255,5250,-6916,0,0,0
737099,193,0,3679,-7202,1,0,1
737100,125,2,1378,-7535,1,0,1
737101,65535,255,1395,10043,0,0,0
737102,132,0,3757,9715,1,0,1
737103,132,0,5383,9402,1,0,1
737104,54,0,4273,-7117,1,0,1
737105,65535,255,2220,-7533,0,0,0
737106,134,0,482,9889,1,0,1
737107,65535,255,3059,9848,0,0,0
737108,65535,255,4919,9529,0,0,0
737109,65535,255,4786,-7030,0,0,0
737110,65535,255,2985,-7386,0,0,0
737111,65535,255,447,-7757,0,0,0
737112,65535,255,2280,9900,0,0,0
737113,65535,255,4388,9652,0,0,0
737114,65535,255,5236,-6895,0,0,0
737115,65535,255,3663,-7294,0,0,0
737116,65535,255,1344,-7438,0,0,0
737117,65535,255,1423,9969,0,0,0
737118,65535,255,3781,9696,0,0,0
737119,137,0,5398,9434,1,0,1
737120,65535,255,4255,-7188,0,0,0
737121,356,2,2199,-7566,1,0,1
737122,65535,255,510,10354,0,0,0
737123,65535,255,3078,9806,0,0,0
737124,65535,255,4928,9527,0,0,0
737125,65535,255,4780,-7049,0,0,0
737126,65535,255,2971,-7303,0,0,0
737127,156,0,435,-7454,1,0,1
737128,154,0,2284,9914,1,0,1
737129,65535,255,4391,9582,0,0,0
737130,65535,255,5236,-6935,0,0,0
737131,65535,255,3663,-7269,0,0,0
737132,177,0,1349,-7487,1,0,1
737133,122,0,1412,10112,1,0,1
737134,65535,255,3769,9777,0,0,0
737135,138,2,5390,9431,1,0,0
737136,65535,255,4266,-7131,0,0,0
737137,65535,255,2209,-7461,0,0,0
737138,65535,255,493,9893,0,0,0
737139,65535,255,3064,9900,0,0,0
737140,65535,255,4919,9496,0,0,0
737141,65535,255,4786,-7024,0,0,0
737142,136,0,2985,-7427,1,0,1
737143,177,0,448,-7239,1,0,1
737144,65535,255,2274,9872,0,0,0
737145,187,0,4380,9605,1,0,1
737146,146,0,5242,-6933,1,0,1
737147,237,0,3671,-7275,1,0,1
737148,65535,255,1367,-7510,0,0,0
737149,204,0,1401,10162,1,0,0
737150,78,0,3761,9696,1,0,1
737151,65535,255,5385,9374,0,0,0
737152,65535,255,4269,-7157,0,0,0
737153,65535,255,2220,-7533,0,0,0
737154,65535,255,481,10299,0,0,0
737155,65535,255,3054,9809,0,0,0
737156,90,0,4913,9536,1,0,1
737157,65535,255,4789,-6977,0,0,0
737158,65535,255,2990,-7363,0,0,0
737159,65535,255,459,-7967,0,0,0
737160,65535,255,2264,10031,0,0,0
737161,65535,255,4371,9649,0,0,0
737162,65535,255,5245,-6916,0,0,0
737163,65535,255,3676,-7250,0,0,0
737164,65535,255,1372,-7461,0,0,0
737165,65535,255,1395,10115,0,0,0
737166,201,2,3754,9771,1,0,0
737167,150,0,5380,9375,1,0,1
737168,222,0,4274,-7170,1,0,1
737169,72,0,2226,-7560,1,0,1
737170,158,0,476,10509,1,0,1
737171,94,0,3050,9850,1,0,1
737172,136,0,4911,9481,1,0,1
737173,155,0,4793,-7016,1,0,1
737174,153,0,2995,-7363,1,0,0
737175,169,0,464,-7464,1,0,1
737176,193,0,2259,9945,1,0,1
737177,214,0,4372,9617,1,0,1
737178,65535,255,5245,-6896,0,0,0
737179,163,0,3675,-7225,3,0,1
737180,147,0,1373,-7412,1,0,1
737181,142,0,1395,10092,1,0,1
737182,65535,255,3754,9788,0,0,0
737183,65535,255,5380,9375,0,0,0
737184,65535,255,4273,-7176,0,0,0
737185,65535,255,2220,-7372,0,0,0
737186,65535,255,477,9609,0,0,0
737187,65535,255,3050,9892,0,0,0
737188,65535,255,4911,9503,0,0,0
737189,65535,255,6151,9199,0,0,0
737190,65535,255,2995,-7341,0,0,0
737191,143,0,464,-7962,1,0,1
737192,126,0,2258,10046,1,0,1
737193,65535,255,4372,9669,0,0,0
737194,0,0,0,0,0,0,0
737195,65535,255,6758,8956,0,0,0
737196,65535,255,1372,-7679,0,0,0
737197,65535,255,1401,10019,0,0,0
737198,65535,255,3757,9772,0,0,0
737199,285,2,5382,9387,1,0,0
737200,65535,255,6473,9050,0,0,0
737201,65535,255,-32768,-32768,0,65535,1
737202,65535,255,482,9753,0,0,0
737203,65535,255,3056,9867,0,0,0
737204,65535,255,4914,9525,0,0,0
737205,156,0,6154,9160,1,0,1
737206,65535,255,7017,8846,0,0,1
737207,65535,255,-32768,-32768,0,65535,0
737208,65535,255,2269,9945,0,0,0
737209,65535,255,4378,9629,0,0,0
737210,65535,255,5796,9289,0,0,0
737211,65535,255,6762,8943,0,0,0
737212,65535,255,-32768,-32768,0,65535,1
737213,65535,255,-32768,-32768,0,65535,0
737214,65535,255,3765,9755,0,0,0
737215,65535,255,5387,9411,0,0,0
737216,65535,255,6478,9049,0,0,0
737217,0,0,0,0,0,0,0
737218,65535,255,-32768,-32768,0,65535,0
737219,65535,255,3069,9787,0,0,0
737220,190,0,4919,9546,1,0,1
737221,270,0,6160,9177,1,0,1
737222,65535,255,7021,8860,0,0,1
737223,65535,255,-32768,-32768,0,65535,1
737224,65535,255,-32768,-32768,0,65535,0
737225,65535,255,4388,9603,0,0,0
737226,250,0,5800,9322,1,0,1
737227,65535,255,6766,8970,0,0,0
737228,0,0,0,0,0,0,0
737229,65535,255,-32768,-32768,0,65535,1
737230,115,0,3777,9721,1,0,0
737231,246,0,5393,9421,1,0,1
737232,65535,255,6481,9094,0,0,0
737233,0,0,0,0,0,0,0
737234,65535,255,-32768,-32768,0,65535,0
737235,65535,255,3078,9775,0,0,0
737236,65535,255,4928,9544,0,0,0
737237,65535,255,6166,9179,0,0,0
737238,65535,255,-32768,-32768,0,256,1
737239,65535,255,-32768,-32768,0,65535,0
737240,65535,255,-32768,-32768,0,65535,0
737241,99,0,4398,9594,1,0,1
737242,152,0,5810,9272,1,0,1
737243,65535,255,6771,8955,0,0,1
737244,65535,255,-32768,-32768,0,65535,0
737245,65535,255,-32768,-32768,0,65535,0
737246,65535,255,3789,9775,0,0,0
737247,102,0,5403,9385,1,0,1
737248,65535,255,6489,9070,0,0,0
737249,65535,255,-32768,-32768,0,65535,1
737250,65535,255,-32768,-32768,0,65535,1
737251,65535,255,3092,9884,0,0,0
737252,195,0,4940,9520,1,0,1
737253,140,0,6174,9162,1,0,0
737254,65535,255,-32768,-32768,0,65535,1
737255,118,2,406,-7599,1,0,1
737256,65535,255,2311,10038,0,0,0
737257,65535,255,4411,9579,0,0,0
737258,120,0,5817,9266,1,0,1
737259,65535,255,6776,8969,0,0,1
737260,65535,255,1315,-7639,0,0,0
737261,65535,255,1451,10176,0,0,0
737262,137,0,3797,9781,1,0,1
737263,200,2,5406,9422,1,0,0
737264,238,0,6491,9065,1,0,1
737265,65535,255,2178,-7568,0,0,0
737266,198,0,527,10217,1,0,1
737267,101,0,3094,9808,1,0,1
737268,65535,255,4941,9492,0,0,0
737269,65535,255,6171,9170,0,0,0
737270,183,0,2957,-7357,1,0,1
737271,73,0,412,-7600,1,0,1
737272,80,0,2306,9912,1,0,1
737273,65535,255,4402,9611,0,0,0
737274,123,0,5810,9289,1,0,1
737275,65535,255,3647,-7214,0,0,0
737276,65535,255,1333,-7636,0,0,0
737277,65535,255,1434,10203,0,0,0
737278,135,0,3784,9715,1,0,1
737279,65535,255,5399,9429,0,0,0
737280,122,0,4251,-7113,1,0,1
737281,118,0,2189,-7389,1,0,1
737282,197,0,511,10482,1,0,1
737283,70,0,3083,9806,1,0,1
737284,171,0,4928,9517,1,0,1
737285,65535,255,4776,-7030,0,0,0
737286,65535,255,2971,-7418,0,0,0
737287,65535,255,431,-8214,0,0,0
737288,178,0,2290,10027,1,0,1
737289,65535,255,4392,9627,0,0,0
737290,190,0,5230,-6884,1,0,1
737291,101,0,3660,-7292,1,0,1
737292,108,2,1344,-7511,1,0,1
737293,65535,255,1418,10111,0,0,0
737294,85,0,3773,9761,1,0,1
737295,205,0,5391,9416,1,0,1
737296,192,0,4255,-7098,1,0,1
737297,65535,255,2199,-7358,0,0,0
737298,91,0,498,10358,1,0,1
737299,122,0,3069,9807,1,0,1
737300,85,0,4923,9518,1,0,1
737301,172,0,4780,-7035,1,0,1
737302,193,0,2976,-7437,1,0,1
737303,65535,255,443,-7154,0,0,0
737304,131,0,2280,9976,1,0,0
737305,65535,255,4382,9648,0,0,0
737306,175,0,5233,-6903,1,0,1
737307,100,0,3664,-7202,1,0,1
737308,65535,255,1355,-7633,0,0,0
737309,134,0,1411,9975,1,0,1
737310,96,0,3770,9691,1,0,1
737311,111,0,5388,9374,1,0,1
737312,65535,255,4263,-7151,0,0,0
737313,65535,255,2209,-7488,0,0,0
737314,190,0,493,9961,1,0,1
737315,83,0,3064,9901,1,0,1
737316,131,2,4920,9491,1,0,1
737317,116,0,4783,-7011,1,0,1
737318,174,0,2980,-7405,1,0,1
737319,65535,255,448,-8119,0,0,0
737320,65535,255,2274,10044,0,0,0
737321,65535,255,4379,9642,0,0,0
737322,106,0,5236,-6902,1,0,1
737323,144,0,3667,-7209,1,0,1
737324,103,0,1361,-7681,1,0,1
737325,65535,255,1407,9946,0,0,0
737326,204,0,3766,9723,1,0,1
737327,98,0,5385,9394,1,0,1
737328,65535,255,4264,-7138,0,0,0
737329,65535,255,2213,-7502,0,0,0
737330,135,0,487,10435,1,0,1
737331,46,0,3046,9836,1,0,1
737332,104,0,4905,9484,1,0,1
737333,170,0,4799,-7036,1,0,1
737334,65535,255,3004,-7333,0,0,0
737335,141,0,476,-8028,1,0,1
737336,86,0,2249,9870,1,0,1
737337,181,0,4364,9601,1,0,1
737338,195,0,5253,-6898,1,0,1
737339,65535,255,3691,-7251,0,0,0
737340,66,0,1389,-7536,1,0,1
737341,65535,255,1379,9919,0,0,0
737342,156,0,3741,9755,1,0,1
737343,65535,255,5369,9415,0,0,0
737344,65535,255,4291,-7177,0,0,0
737345,65535,255,2246,-7417,0,0,0
737346,135,0,452,10012,1,0,1
737347,129,0,3031,9818,1,0,1
737348,65535,255,4899,9480,0,0,0
737349,65535,255,4808,-7033,0,0,0
737350,65535,255,3018,-7342,0,0,0
737351,65535,255,494,-8148,0,0,0
737352,150,0,2237,9916,1,0,1
737353,132,0,4353,9624,1,0,1
737354,117,0,5260,-6921,1,0,1
737355,65535,255,3703,-7297,0,0,0
737356,45,0,1406,-7701,1,0,1
737357,65535,255,1361,10117,0,0,0
737358,65535,255,3733,9701,0,0,0
737359,65535,255,5366,9414,0,0,0
737360,65535,255,4295,-7149,0,0,0
737361,65535,255,2252,-7373,0,0,0
737362,65535,255,442,9711,0,0,0
737363,65535,255,3022,9914,0,0,0
737364,0,0,0,0,0,0,0
737365,65535,255,4816,-7048,0,0,0
737366,65535,255,3027,-7361,0,0,0
737367,65535,255,505,-8071,0,0,0
737368,65535,255,2227,9859,0,0,0
737369,65535,255,4349,9585,0,0,0
737370,65535,255,5266,-6880,0,0,0
737371,65535,255,3711,-7207,0,0,0
737372,65535,255,1421,-7626,0,0,0
737373,65535,255,1344,10095,0,0,0
737374,65535,255,3721,9778,0,0,0
737375,65535,255,5358,9388,0,0,0
737376,65535,255,4305,-7093,0,0,0
737377,0,0,0,0,0,0,0
737378,77,0,418,9926,1,0,1
737379,65535,255,3008,9791,0,0,0
737380,65535,255,4880,9546,0,0,0
737381,65535,255,4826,-7001,0,0,0
737382,150,0,3045,-7393,1,0,0
737383,172,0,522,-7550,1,0,1
737384,65535,255,2206,9978,0,0,0
737385,158,0,4335,9648,1,0,1
737386,65535,255,5274,-6931,0,0,0
737387,65535,255,3723,-7292,0,0,0
737388,65535,255,1434,-7671,0,0,0
737389,65535,255,1333,10022,0,0,0
737390,65535,255,3709,9786,0,0,0
737391,76,0,5352,9380,3,0,1
737392,68,0,4313,-7091,1,0,1
737393,65535,255,2283,-7440,0,0,0
737394,0,0,0,0,0,0,0
737395,65535,255,2998,9824,0,0,0
737396,177,0,4874,9546,1,0,1
737397,105,0,4832,-7027,1,0,1
737398,50,0,3051,-7325,1,0,1
737399,177,0,534,-7986,1,0,1
737400,65535,255,2201,9862,0,0,0
737401,65535,255,4328,9596,0,0,0
737402,65,0,5277,-6895,1,0,1
737403,59,0,3727,-7243,1,0,1
737404,76,0,1440,-7530,1,0,1
737405,56,0,1328,9897,1,0,1
737406,112,0,3701,9755,1,0,1
737407,65535,255,5344,9440,0,0,0
737408,65535,255,4317,-7083,0,0,0
737409,133,0,2289,-7425,1,0,1
737410,0,0,0,0,0,0,0
737411,65535,255,2993,9825,0,0,0
737412,65535,255,4872,9487,0,0,0
737413,65535,255,4832,-7042,0,0,0
737414,65535,255,3056,-7365,0,0,0
737415,65535,255,535,-7243,0,0,0
737416,0,0,0,0,0,0,0
737417,154,0,4324,9638,1,0,1
737418,65535,255,5280,-6928,0,0,0
737419,56,0,3728,-7179,1,0,1
737420,183,0,1446,-7738,1,0,1
737421,59,0,1321,10124,1,0,1
737422,143,0,3701,9707,1,0,1
737423,65535,255,5342,9416,0,0,0
737424,65535,255,4321,-7155,0,0,0
737425,65535,255,2289,-7368,0,0,0
737426,171,0,401,9835,1,0,1
737427,134,0,2993,9804,1,0,1
737428,186,0,4869,9566,1,0,1
737429,67,0,4833,-7036,1,0,1
737430,51,0,3051,-7355,1,0,1
737431,40,0,535,-7243,1,0,1
737432,143,0,2195,9952,3,0,1
737433,65535,255,4324,9644,0,0,0
737434,170,0,5277,-6865,1,0,1
737435,53,0,3727,-7202,1,0,1
737436,161,0,1440,-7460,1,0,1
737437,189,0,1322,10251,1,0,1
737438,65535,255,3702,9747,0,0,0
737439,169,0,5345,9445,1,0,1
737440,136,0,4317,-7095,3,0,1
737441,67,0,2289,-7467,1,0,1
737442,57,0,400,10413,1,0,1
737443,73,0,2993,9889,1,0,1
737444,65535,255,4872,9526,0,0,0
737445,65535,255,4829,-7003,0,0,0
737446,205,0,3047,-7304,1,0,1
737447,59,0,534,-8048,1,0,1
737448,65535,255,2201,9922,0,0,0
737449,65535,255,4328,9637,0,0,0
737450,147,0,5275,-6860,3,0,0
737451,100,0,3724,-7203,1,0,1
737452,65535,255,1435,-7461,0,0,0
737453,65535,255,1333,9898,0,0,0
737454,98,0,3705,9763,3,0,1
737455,65535,255,5350,9381,0,0,0
737456,65535,255,4314,-7116,0,0,0
737457,65535,255,2278,-7524,0,0,0
737458,65535,255,413,9684,0,0,0
737459,65535,255,3003,9804,0,0,0
737460,79,2,4878,9481,1,0,1
737461,100,0,4827,-7049,1,0,1
737462,208,0,3042,-7397,1,0,1
737463,91,0,522,-7549,3,0,1
737464,94,0,2206,10039,3,0,1
737465,0,0,0,0,0,0,0
737466,0,0,0,0,0,0,0
737467,80,2,3716,-7284,3,0,1
737468,96,0,1429,-7718,1,0,1
737469,95,0,1339,10172,1,0,1
737470,136,0,3717,9738,1,0,1
737471,103,0,5355,9443,1,0,1
737472,128,0,4306,-7104,1,0,1
737473,127,0,2268,-7512,3,0,1
737474,160,0,429,9821,3,0,1
737475,68,0,3017,9781,1,0,1
737476,148,0,4886,9541,1,0,1
737477,223,0,4817,-7050,1,0,1
737478,157,0,3032,-7399,1,0,1
737479,151,0,504,-7610,1,0,1
737480,205,0,2222,10066,1,0,0
737481,141,0,4349,9607,1,0,1
737482,186,0,5263,-6922,1,0,1
737483,105,0,3703,-7190,1,0,1
737484,135,0,1406,-7461,1,0,1
737485,176,0,1361,9923,1,0,1
737486,105,0,3729,9784,1,0,1
737487,192,0,5366,9403,1,0,1
737488,65535,255,4295,-7153,0,0,0
737489,65535,255,2252,-7399,0,0,0
737490,193,0,446,10240,3,0,1
737491,65535,255,3031,9884,0,0,0
737492,65535,255,4898,9533,0,0,0
737493,74,0,4808,-7019,1,0,1
737494,65535,255,3013,-7350,0,0,0
737495,57,0,482,-7337,1,0,1
737496,71,0,2242,10019,1,0,1
737497,82,0,4364,9591,1,0,1
737498,86,0,5255,-6915,1,0,1
737499,95,0,3687,-7185,3,0,1
737500,65535,255,1389,-7462,0,0,0
737501,65535,255,1384,9948,0,0,0
737502,136,0,3745,9797,1,0,1
737503,108,0,5377,9410,1,0,1
737504,65535,255,4280,-7169,0,0,0
737505,128,0,2231,-7445,3,0,1
737506,79,0,470,10444,3,0,1
737507,170,0,3051,9859,1,0,1
737508,201,0,4911,9525,1,0,1
737509,107,0,4796,-7051,1,0,1
737510,65,0,2994,-7416,1,0,1
737511,205,0,458,-7895,1,0,1
737512,113,0,2269,9901,1,0,1
737513,103,0,4378,9648,3,0,1
737514,108,0,5241,-6883,3,0,1
737515,174,0,3671,-7267,3,0,1
737516,207,0,1361,-7732,1,0,1
737517,117,0,1407,10208,1,0,1
737518,65535,255,3769,9769,0,0,0
737519,65535,255,5390,9402,0,0,0
737520,178,0,4262,-7159,1,0,1
737521,65535,255,2204,-7433,0,0,0
737522,65535,255,499,10425,0,0,0
737523,165,2,3079,9774,1,0,1
737524,189,0,4928,9483,1,0,1
737525,160,2,4777,-7027,1,0,0
737526,65535,255,2971,-7398,0,0,0
737527,65535,255,435,-7987,0,0,0
737528,65535,255,2285,9971,0,0,0
737529,65535,255,4391,9601,0,0,0
737530,147,0,5236,-6935,1,0,1
737531,125,0,3663,-7252,1,0,1
737532,140,0,1356,-7758,1,0,1
737533,141,0,1418,9947,1,0,0
737534,144,0,3770,9706,1,0,1
737535,161,0,5390,9378,1,0,1
737536,65535,255,4262,-7145,0,0,0
737537,0,0,0,0,0,0,0
737538,0,0,0,0,0,0,0
737539,83,0,3064,9859,3,0,0
737540,65535,255,4916,9546,0,0,0
737541,65535,255,4789,-7057,0,0,0
737542,103,0,2985,-7312,1,0,1
737543,50,0,453,-7390,1,0,1
737544,196,0,2269,9887,1,0,1
737545,75,0,4375,9661,1,0,1
737546,65535,255,5242,-6912,0,0,0
737547,116,0,3675,-7217,1,0,1
737548,65535,255,1372,-7681,0,0,0
737549,65535,255,1396,9900,0,0,0
737550,65535,255,3758,9700,0,0,0
737551,99,0,5380,9376,1,0,1
737552,132,0,4277,-7149,1,0,1
737553,0,0,0,0,0,0,0
737554,65535,255,470,9884,0,0,0
737555,65535,255,3045,9893,0,0,0
737556,93,0,4908,9482,1,0,1
737557,65535,255,6148,9172,0,0,0
737558,65535,255,3004,-7372,0,0,0
737559,78,0,476,-7887,1,0,1
737560,65535,255,2248,9990,0,0,0
737561,103,0,4365,9618,1,0,1
737562,65535,255,5784,9326,0,0,0
737563,0,0,0,0,0,0,0
737564,65535,255,1383,-7581,0,0,0
737565,65535,255,1378,10190,0,0,0
737566,65535,255,3742,9761,0,0,0
737567,65535,255,5372,9440,0,0,0
737568,237,0,6465,9088,1,0,1
737569,65535,255,-32768,-32768,0,65535,1
737570,65535,255,459,9874,0,0,0
737571,65535,255,3036,9904,0,0,0
737572,65535,255,4899,9495,0,0,0
737573,65535,255,6144,9182,0,0,0
737574,65535,255,7008,8850,0,0,1
737575,65535,255,-32768,-32768,0,65535,1
737576,129,0,2239,9978,1,0,1
737577,208,0,4357,9660,1,0,1
737578,162,0,5780,9288,3,0,1
737579,65535,255,6751,8979,0,0,1
737580,65535,255,-32768,-32768,0,0,1
737581,65535,255,-32768,-32768,0,65535,1
737582,94,0,3738,9743,1,0,1
737583,182,2,5366,9413,1,0,0
737584,173,0,6464,9068,1,0,1
737585,0,0,0,0,0,0,0
737586,65535,255,-32768,-32768,0,65535,0
737587,148,0,3026,9875,1,0,1
737588,65535,255,4895,9482,0,0,0
737589,217,0,6142,9175,1,0,1
737590,65535,255,7007,8845,0,0,1
737591,0,0,0,0,0,0,0
737592,65535,255,-32768,-32768,0,0,1
737593,74,0,4353,9661,1,0,1
737594,110,0,5779,9293,1,0,1
737595,65535,255,6748,8987,0,0,1
737596,0,0,0,0,0,0,0
737597,65535,255,-32768,-32768,0,65535,0
737598,116,0,3729,9785,1,0,1
737599,133,0,5363,9438,1,0,1
737600,65535,255,6462,9090,0,0,0
737601,0,0,0,0,0,0,0
737602,65535,255,-32768,-32768,0,65535,0
737603,107,0,3026,9792,1,0,1
737604,161,0,4892,9530,1,0,1
737605,212,0,6140,9211,1,0,1
737606,65535,255,7006,8854,0,0,1
737607,65535,255,-32768,-32768,0,65535,1
737608,65535,255,2232,10007,0,0,0
737609,160,0,4350,9642,1,0,1
737610,65535,255,5777,9282,0,0,0
737611,65535,255,6748,8977,0,0,1
737612,65535,255,-32768,-32768,0,65535,1
737613,83,0,1361,10072,1,0,0
737614,65535,255,3729,9777,0,0,0
737615,65535,255,5363,9438,0,0,0
737616,245,0,6461,9094,1,0,1
737617,65535,255,-32768,-32768,0,65535,1
737618,83,0,435,10320,1,0,1
737619,79,0,3021,9824,1,0,1
737620,65535,255,4892,9552,0,0,0
737621,65535,255,6139,9168,0,0,0
737622,65535,255,7007,8846,0,0,1
737623,85,0,500,-7148,1,0,1
737624,118,0,2233,9875,3,0,1
737625,65535,255,4353,9598,0,0,0
737626,65535,255,5777,9315,0,0,0
737627,65535,255,6748,8954,0,0,0
737628,104,0,1411,-7623,1,0,1
737629,65535,255,1362,9946,0,0,0
737630,120,0,3729,9736,1,0,1
737631,65535,255,5364,9418,0,0,0
737632,177,0,6462,9079,1,0,1
737633,174,0,2256,-7483,1,0,1
737634,65535,255,441,10085,0,0,0
737635,179,0,3027,9801,1,0,1
737636,215,0,4893,9540,1,0,1
737637,201,0,6142,9163,1,0,1
737638,178,0,3022,-7388,1,0,1
737639,65535,255,494,-7134,0,0,0
737640,138,0,2233,9875,1,0,1
737641,65535,255,4354,9587,0,0,0
737642,65535,255,5777,9319,0,0,0
737643,171,2,3699,-7189,1,0,1
737644,65535,255,1405,-7672,0,0,0
737645,65535,255,1362,9995,0,0,0
737646,161,0,3730,9768,1,0,1
737647,235,2,5364,9437,1,0,0
737648,125,2,4294,-7152,1,0,1
737649,139,0,2256,-7554,1,0,1
737650,65535,255,441,10535,0,0,0
737651,128,0,3027,9863,3,0,1
737652,106,0,4896,9489,1,0,1
737653,65535,255,4811,-7028,0,0,0
737654,136,0,3017,-7306,1,0,1
737655,249,0,492,-7736,1,0,0
737656,161,0,2233,10005,1,0,1
737657,65535,255,4354,9646,0,0,0
737658,65535,255,5257,-6927,0,0,0
737659,65535,255,3699,-7278,0,0,0
737660,157,0,1399,-7577,1,0,1
737661,148,0,1368,9921,1,0,1
737662,212,0,3738,9743,3,0,1
737663,221,0,5367,9426,1,0,1
737664,65535,255,4291,-7146,0,0,0
737665,65535,255,2246,-7541,0,0,0
737666,130,0,447,10529,1,0,1
737667,84,0,3032,9862,1,0,1
737668,65535,255,4900,9494,0,0,1
737669,149,0,4805,-7035,1,0,1
737670,177,2,3008,-7328,1,0,0
737671,83,0,481,-7877,1,0,1
737672,65535,255,2244,10047,0,0,1
737673,65535,255,4358,9672,0,0,0
737674,132,2,5252,-6870,1,0,1
737675,194,0,3687,-7199,1,0,0
737676,65535,255,1389,-7723,0,0,0
737677,203,0,1379,10091,1,0,1
737678,190,2,3744,9745,1,0,0
737679,65535,255,5373,9387,0,0,0
737680,191,0,4280,-7100,1,0,1
737681,66,0,2235,-7442,1,0,1
737682,172,0,464,10084,1,0,1
737683,65535,255,3046,9820,0,0,0
737684,174,0,4905,9559,1,0,1
737685,179,0,4795,-7020,1,0,1
737686,65535,255,2999,-7307,0,0,0
737687,65535,255,469,-7810,0,0,0
737688,65535,255,2254,10045,0,0,0
737689,65535,255,4369,9638,0,0,0
737690,65535,255,5244,-6880,0,0,0
737691,65535,255,3679,-7216,0,0,0
737692,155,0,1371,-7435,1,0,1
737693,170,0,1390,10186,1,0,1
737694,65535,255,3754,9716,0,0,0
737695,65535,255,5370,9416,0,0,0
737696,65535,255,4287,-7151,0,0,0
737697,65535,255,2244,-7500,0,0,0
737698,65535,255,455,9715,0,0,0
737699,94,0,3037,9775,1,0,1
737700,65535,255,4897,9545,0,0,0
737701,219,0,4805,-7018,1,0,1
737702,192,0,3013,-7310,1,0,1
737703,161,0,492,-7944,1,0,1
737704,174,0,2239,9870,1,0,1
737705,65535,255,4355,9609,0,0,0
737706,205,0,5257,-6911,1,0,1
737707,65535,255,3698,-7273,0,0,0
737708,65535,255,1405,-7652,0,0,0
737709,90,0,1362,10039,1,0,1
737710,150,0,3735,9683,1,0,1
737711,202,0,5364,9404,1,0,1
737712,65535,255,4294,-7135,0,0,0
737713,65535,255,2256,-7559,0,0,0
737714,160,0,443,9707,1,0,0
737715,191,0,3028,9787,1,0,1
737716,65535,255,4891,9553,0,0,0
737717,65535,255,4811,-7032,0,0,0
737718,65535,255,3023,-7352,0,0,0
737719,65535,255,500,-7150,0,0,0
737720,65535,255,2227,9945,0,0,0
737721,65535,255,4350,9651,0,0,0
737722,65535,255,5261,-6871,0,0,0
737723,65535,255,3703,-7217,0,0,0
737724,179,0,1406,-7512,1,0,1
737725,56,0,1361,9921,1,0,1
737726,65535,255,3729,9773,0,0,0
737727,65535,255,5364,9390,0,0,0
737728,65535,255,4299,-7128,0,0,0
737729,65535,255,2257,-7557,0,0,0
737730,65535,255,435,9858,0,0,0
737731,65535,255,3021,9821,0,0,0
737732,65535,255,4892,9493,0,0,0
737733,65535,255,4814,-6995,0,0,0
737734,65535,255,3027,-7412,0,0,0
737735,85,0,498,-7679,1,0,0
737736,81,2,2233,9844,1,0,1
737737,65535,255,4349,9612,0,0,0
737738,213,0,5263,-6924,1,0,1
737739,65535,255,3704,-7184,0,0,0
737740,65535,255,1406,-7440,0,0,0
737741,65535,255,1362,9872,0,0,0
737742,54,0,3729,9766,1,0,1
737743,204,0,5366,9391,1,0,1
737744,65535,255,4298,-7128,0,0,0
737745,65535,255,2257,-7465,0,0,1
737746,65535,255,441,9937,0,0,0
737747,65535,255,3026,9842,0,0,0
737748,65535,255,4895,9510,0,0,0
737749,65535,255,4811,-6993,0,0,0
737750,65535,255,3023,-7298,0,0,0
737751,65535,255,500,-8075,0,0,0
737752,0,0,0,0,0,0,0
737753,65535,255,4353,9658,0,0,0
737754,65535,255,5260,-6886,0,0,0
737755,65535,255,3699,-7264,0,0,0
737756,65535,255,1401,-7677,0,0,0
737757,65535,255,1366,10142,0,0,0
737758,197,0,3737,9741,1,0,1
737759,132,0,5369,9376,1,0,1
737760,65535,255,4291,-7121,0,0,0
737761,65535,255,2252,-7573,0,0,0
737762,65535,255,447,9939,0,0,0
737763,65535,255,3031,9851,0,0,0
737764,205,0,4898,9521,1,0,1
737765,90,0,4808,-7010,1,0,1
737766,65535,255,3013,-7341,0,0,0
737767,65535,255,482,-7335,0,0,0
737768,65535,255,2242,10032,0,0,0
737769,146,0,4361,9604,1,0,1
737770,227,0,5255,-6926,1,0,1
737771,65535,255,3692,-7201,0,0,0
737772,65535,255,1389,-7535,0,0,0
737773,65535,255,1378,10019,0,0,0
737774,88,0,3745,9700,1,0,1
737775,65535,255,5374,9433,0,0,0
737776,0,0,0,0,0,0,0
737777,65535,255,2236,-7532,0,0,0
737778,65535,255,464,9804,0,0,0
737779,65535,255,3045,9839,0,0,0
737780,65535,255,4908,9518,0,0,0
737781,65535,255,4799,-7017,0,0,0
737782,207,0,2999,-7364,1,0,1
737783,84,0,464,-7465,1,0,1
737784,102,0,2259,9884,1,0,1
737785,59,0,4371,9623,1,0,1
737786,65535,255,5245,-6898,0,0,0
737787,157,0,3675,-7244,1,0,1
737788,127,0,1372,-7658,1,0,1
737789,65535,255,1395,10161,0,0,0
737790,94,0,3757,9754,3,0,1
737791,115,0,5382,9392,1,0,1
737792,141,0,4270,-7153,1,0,1
737793,65535,255,2215,-7433,0,0,0
737794,140,0,482,10503,1,0,1
737795,170,0,3064,9785,1,0,1
737796,86,0,4920,9488,1,0,1
737797,65535,255,4786,-6991,0,0,0
737798,65535,255,2980,-7324,0,0,0
737799,51,0,447,-8050,1,0,1
737800,65535,255,2280,9970,0,0,0
737801,91,0,4386,9582,1,0,1
737802,108,0,5233,-6916,1,0,1
737803,66,0,3659,-7199,1,0,1
737804,103,0,1349,-7541,1,0,1
737805,65,0,1423,10065,3,0,1
737806,73,0,3778,9728,3,0,1
737807,113,0,5394,9381,3,0,1
737808,65535,255,4255,-7143,0,0,0
737809,143,0,2194,-7422,1,0,1
737810,65535,255,510,10425,0,0,0
737811,65535,255,3083,9785,0,0,0
737812,175,2,4932,9497,1,0,1
737813,162,0,4773,-7058,3,0,1
737814,65535,255,2961,-7327,0,0,0
737815,65535,255,423,-7690,0,0,0
737816,159,0,2295,9955,3,0,1
737817,134,0,4396,9606,1,0,1
737818,65535,255,5227,-6876,0,0,0
737819,77,2,3656,-7296,1,0,1
737820,95,0,1343,-7566,1,0,1
737821,65535,255,1418,10207,0,0,0
737822,65535,255,3778,9688,0,0,0
737823,65535,255,5394,9376,0,0,0
737824,181,0,4259,-7162,1,0,1
737825,65535,255,2204,-7523,0,0,0
737826,184,0,498,10233,1,0,1
737827,123,0,3070,9796,1,0,1
737828,173,0,4920,9528,1,0,1
737829,202,0,4783,-7055,1,0,1
737830,162,0,2980,-7325,3,0,1
737831,0,0,0,0,0,0,0
737832,82,0,2275,9958,1,0,1
737833,127,0,4382,9615,1,0,1
737834,155,0,5239,-6884,1,0,1
737835,183,0,3667,-7197,1,0,1
737836,121,0,1361,-7662,1,0,1
737837,79,0,1407,9925,1,0,1
737838,65535,255,3762,9723,0,0,0
737839,127,0,5385,9403,1,0,1
737840,124,0,4270,-7099,1,0,1
737841,113,0,2220,-7404,1,0,1
737842,186,0,483,9689,1,0,1
737843,97,0,3055,9881,1,0,1
737844,65535,255,4914,9491,0,0,0
737845,99,0,4792,-7018,1,0,1
737846,65535,255,2995,-7437,0,0,0
737847,70,0,458,-7329,1,0,1
737848,56,0,2264,9903,1,0,1
737849,67,0,4375,9591,1,0,1
737850,65535,255,5244,-6873,0,0,0
737851,65535,255,3680,-7307,0,0,0
737852,105,0,1377,-7610,1,0,1
737853,65535,255,1390,9901,0,0,0
737854,115,0,3753,9725,1,0,1
737855,103,0,5377,9405,1,0,1
737856,65535,255,4277,-7104,0,0,0
737857,183,0,2230,-7432,1,0,1
737858,148,0,471,9820,1,0,1
737859,65535,255,3045,9914,0,0,0
737860,161,0,4908,9509,1,0,1
737861,80,0,4799,-7040,1,0,1
737862,108,0,3003,-7311,1,0,1
737863,65535,255,469,-7685,0,0,0
737864,195,0,2253,9990,1,0,1
737865,65535,255,4368,9631,0,0,0
737866,65535,255,5252,-6906,0,0,0
737867,199,0,3687,-7241,1,0,1
737868,77,0,1383,-7440,1,0,1
737869,65,0,1384,10119,1,0,1
737870,136,0,3747,9743,3,0,1
737871,173,0,5374,9381,1,0,1
737872,65535,255,4284,-7176,0,0,0
737873,65535,255,2236,-7373,0,0,0
737874,65535,255,461,10243,0,0,0
737875,118,0,3040,9883,1,0,1
737876,65535,255,4905,9499,0,0,0
737877,65535,255,4802,-7038,0,0,0
737878,65535,255,3008,-7319,0,0,0
737879,65535,255,475,-7750,0,0,0
737880,65535,255,2248,10004,0,0,0
737881,65535,255,4364,9645,0,0,0
737882,65535,255,5255,-6924,0,0,0
737883,160,0,3691,-7273,1,0,1
737884,66,0,1389,-7559,1,0,1
737885,158,0,1379,9900,1,0,1
737886,218,0,3745,9734,1,0,1
737887,115,0,5374,9416,1,0,1
737888,204,0,4284,-7135,1,0,1
737889,97,0,2241,-7502,1,0,1
737890,84,0,458,10315,1,0,1
737891,198,0,3041,9842,1,0,1
737892,115,0,4905,9478,1,0,1
737893,82,0,4802,-7020,1,0,1
737894,65535,255,3008,-7299,0,0,0
737895,65535,255,475,-7684,0,0,0
737896,65535,255,2248,10005,0,0,0
737897,85,0,4364,9652,1,0,1
737898,213,0,5252,-6934,1,0,1
737899,65535,255,3691,-7297,0,0,0
737900,65535,255,1389,-7655,0,0,0
737901,65535,255,1384,9998,0,0,0
737902,0,0,0,0,0,0,0
737903,65535,255,5375,9414,0,0,0
737904,164,0,4284,-7181,1,0,1
737905,133,0,2236,-7400,1,0,1
737906,96,0,465,9813,1,0,1
737907,126,0,3046,9779,1,0,1
737908,65535,255,4905,9538,0,0,0
737909,65535,255,4799,-6998,0,0,0
737910,65535,255,3004,-7434,0,0,0
737911,65535,255,470,-7542,0,0,0
737912,65535,255,2253,9990,0,0,0
737913,65535,255,4368,9658,0,0,0
737914,232,0,5787,9308,1,0,1
737915,65535,255,3680,-7185,0,0,0
737916,178,0,1378,-7729,1,0,1
737917,65535,255,1389,10094,0,0,0
737918,65535,255,3754,9686,0,0,0
737919,65535,255,5377,9401,0,0,0
737920,227,0,6472,9075,1,0,1
737921,65535,255,2225,-7503,0,0,0
737922,0,0,0,0,0,0,0
737923,65535,255,3050,9872,0,0,1
737924,65535,255,4911,9504,0,0,0
737925,191,0,6152,9210,1,0,1
737926,65535,255,7015,8841,0,0,0
737927,65535,255,459,-7324,0,0,0
737928,65535,255,2264,9960,0,0,0
737929,91,0,4375,9642,1,0,1
737930,65535,255,5791,9303,0,0,0
737931,65535,255,6759,8959,0,0,1
737932,65535,255,-32768,-32768,0,65535,1
737933,196,0,1401,10140,1,0,1
737934,65535,255,3762,9708,0,0,0
737935,133,0,5383,9414,1,0,1
737936,248,0,6475,9089,1,0,1
737937,65535,255,-32768,-32768,0,65535,1
737938,65535,255,488,9758,0,0,0
737939,76,0,3065,9777,1,0,1
737940,65535,255,4917,9546,0,0,0
737941,211,0,6157,9182,1,0,0
737942,65535,255,7019,8843,0,0,1
737943,65535,255,-32768,-32768,0,65535,1
737944,105,0,2280,9887,1,0,0
737945,114,0,4385,9616,1,0,1
737946,65535,255,5799,9292,0,0,0
737947,65535,255,6764,8951,0,0,0
737948,65535,255,-32768,-32768,0,65535,1
737949,65535,255,-32768,-32768,0,65535,0
737950,65535,255,3774,9698,0,0,0
737951,65535,255,5394,9416,0,0,0
737952,210,0,6481,9090,1,0,0
737953,0,0,0,0,0,0,0
737954,65535,255,-32768,-32768,0,65535,0
737955,65535,255,3078,9806,0,0,0
737956,65535,255,4929,9483,0,0,0
737957,65535,255,6165,9199,0,0,0
737958,0,0,0,0,0,0,0
737959,65535,255,-32768,-32768,0,65535,0
737960,65535,255,-32768,-32768,0,65535,1
737961,51,0,4399,9657,1,0,1
737962,160,0,5808,9320,1,0,1
737963,65535,255,6771,8974,0,0,1
737964,0,0,0,0,0,0,0
737965,65535,255,-32768,-32768,0,65535,1
737966,222,0,3790,9782,1,0,1
737967,162,2,5404,9375,1,0,1
737968,65535,255,6488,9088,0,0,0
737969,0,0,0,0,0,0,0
737970,65535,255,-32768,-32768,0,65535,1
737971,65535,255,3087,9865,0,0,0
737972,179,2,4933,9508,1,0,1
737973,212,0,6169,9159,1,0,1
737974,0,0,0,0,0,0,0
737975,65535,255,-32768,-32768,0,65535,1
737976,89,0,2296,9914,1,0,1
737977,209,0,4398,9581,1,0,1
737978,168,0,5806,9299,1,0,1
737979,65535,255,6768,8979,0,0,1
737980,65535,255,-32768,-32768,0,65535,0
737981,96,0,1430,9948,1,0,1
737982,73,0,3781,9713,1,0,1
737983,65535,255,5396,9387,0,0,0
737984,65535,255,6483,9064,0,0,0
737985,65535,255,-32768,-32768,0,65535,1
737986,65535,255,504,10031,0,0,0
737987,65535,255,3073,9909,0,0,0
737988,124,0,4929,9495,1,0,1
737989,209,0,6163,9180,1,0,1
737990,65535,255,7024,8846,0,0,1
737991,98,0,435,-8061,1,0,1
737992,109,0,2285,10013,1,0,1
737993,147,0,4388,9627,1,0,1
737994,158,2,5803,9265,1,0,1
737995,65535,255,6766,8956,0,0,1
737996,65535,255,1349,-7585,0,0,0
737997,110,0,1412,10183,1,0,1
737998,65535,255,3772,9706,0,0,0
737999,200,0,5390,9414,1,0,1
738000,248,0,6479,9087,1,0,1
738001,122,0,2209,-7461,1,0,1
738002,120,0,494,9823,1,0,1
738003,108,0,3064,9889,1,0,1
738004,236,0,4923,9489,1,0,1
738005,133,0,4785,-7006,1,0,0
738006,173,0,2984,-7395,1,0,1
738007,65535,255,446,-8046,0,0,0
738008,145,0,2275,10028,1,0,1
738009,211,0,4382,9641,1,0,1
738010,138,0,5238,-6898,1,0,1
738011,71,0,3667,-7204,1,0,1
738012,181,0,1360,-7682,1,0,1
738013,147,0,1407,9923,1,0,1
738014,177,0,3766,9714,1,0,0
738015,207,0,5386,9393,1,0,1
738016,65535,255,4269,-7178,0,0,0
738017,134,0,2219,-7561,1,0,1
738018,148,0,482,10366,1,0,1
738019,197,0,3060,9807,1,0,1
738020,65535,255,4917,9535,0,0,0
738021,65535,255,4789,-7057,0,0,0
738022,142,0,2989,-7331,3,0,1
738023,65535,255,451,-7674,0,0,0
738024,161,0,2270,9958,1,0,1
738025,211,0,4379,9609,1,0,1
738026,65535,255,5240,-6877,0,0,0
738027,65535,255,3675,-7306,0,0,0
738028,185,0,1365,-7607,1,0,1
738029,127,0,1402,10025,1,0,1
738030,83,0,3762,9699,1,0,1
738031,224,0,5384,9389,1,0,1
738032,65535,255,4272,-7177,0,0,0
738033,65535,255,2219,-7561,0,0,0
738034,65535,255,482,10435,0,0,0
738035,151,0,3056,9829,1,0,1
738036,65535,255,4914,9541,0,0,0
738037,150,0,4788,-6982,1,0,0
738038,104,0,2989,-7363,1,0,1
738039,137,0,458,-7965,1,0,1
738040,199,0,2264,10031,1,0,1
738041,65535,255,4376,9642,0,0,0
738042,194,0,5240,-6913,1,0,1
738043,143,0,3674,-7241,1,0,1
738044,73,0,1366,-7412,1,0,1
738045,65535,255,1401,10065,0,0,0
738046,194,0,3758,9779,1,0,1
738047,213,0,5381,9437,1,0,1
738048,184,0,4268,-7150,1,0,1
738049,184,0,2219,-7516,1,0,1
738050,174,2,482,10230,1,0,1
738051,165,0,3056,9809,1,0,1
738052,144,0,4915,9535,1,0,1
738053,65535,255,4789,-6981,0,0,0
738054,65535,255,2989,-7372,0,0,0
738055,65535,255,458,-8035,0,0,0
738056,65535,255,2265,10059,0,0,0
738057,65535,255,4376,9661,0,0,0
738058,65535,255,5241,-6927,0,0,0
738059,65535,255,3687,-7284,0,0,0
738060,151,0,1388,-7705,1,0,1
738061,68,0,1379,10112,1,0,1
738062,138,0,3747,9713,1,0,1
738063,192,0,5373,9425,1,0,1
738064,153,0,4283,-7172,1,0,1
738065,65535,255,2235,-7418,0,0,0
738066,0,0,0,0,0,0,0
738067,65535,255,3037,9857,0,0,0
738068,110,0,4903,9512,1,0,1
738069,65535,255,4802,-6989,0,0,0
738070,57,0,3008,-7281,1,0,1
738071,65535,255,480,-7885,0,0,0
738072,145,0,2244,9885,1,0,1
738073,138,0,4362,9621,1,0,1
738074,101,0,5255,-6927,1,0,1
738075,94,0,3691,-7195,1,0,1
738076,182,0,1388,-7464,1,0,1
738077,99,0,1380,9895,1,0,1
738078,149,2,3743,9770,1,0,0
738079,65535,255,5370,9388,0,0,0
738080,65535,255,4287,-7131,0,0,0
738081,196,0,2241,-7575,1,0,1
738082,136,0,460,9871,1,0,1
738083,65535,255,3037,9828,0,0,0
738084,65535,255,4900,9502,0,0,0
738085,0,0,0,0,0,0,0
738086,65535,255,3009,-7327,0,0,0
738087,65535,255,481,-7891,0,0,0
738088,65535,255,2243,9901,0,0,0
738089,65535,255,4361,9636,0,0,0
738090,65535,255,5253,-6869,0,0,0
738091,65535,255,3691,-7235,0,0,0
738092,69,0,1389,-7586,1,0,1
738093,65535,255,1378,10068,0,0,0
738094,65535,255,3746,9708,0,0,0
738095,186,0,5372,9433,3,0,1
738096,156,0,4284,-7091,1,0,1
738097,65535,255,2236,-7506,0,0,0
738098,65535,255,466,9598,0,0,0
738099,65535,255,3041,9798,0,0,0
738100,142,0,4905,9491,1,0,1
738101,191,0,4799,-6984,1,0,0
738102,187,0,3004,-7291,1,0,1
738103,65535,255,476,-8032,0,0,0
738104,62,0,2253,9944,1,0,1
738105,157,0,4364,9669,1,0,1
738106,159,0,5250,-6899,1,0,1
738107,65535,255,3687,-7292,0,0,0
738108,65535,255,1378,-7417,0,0,0
738109,72,0,1390,9898,1,0,1
738110,200,0,3750,9795,1,0,0
738111,65535,255,5380,9412,0,0,0
738112,100,0,4280,-7172,1,0,1
738113,65535,255,2230,-7477,0,0,0
738114,106,0,471,10516,3,0,1
738115,65535,255,3055,9807,0,0,0
738116,200,0,4913,9500,1,0,1
738117,80,0,4795,-6996,1,0,1
738118,77,0,2994,-7324,1,0,1
738119,65535,255,459,-7326,0,0,0
738120,213,0,2264,10044,1,0,1
738121,217,0,4378,9614,1,0,1
738122,208,0,5244,-6940,1,0,1
738123,159,0,3675,-7237,1,0,0
738124,65535,255,1366,-7662,0,0,0
738125,138,0,1401,10185,1,0,1
738126,65535,255,3765,9761,0,0,0
738127,65535,255,5387,9401,0,0,0
738128,65535,255,4269,-7167,0,0,0
738129,65535,255,2214,-7478,0,0,0
738130,65535,255,495,9694,0,0,0
738131,65535,255,3069,9826,0,0,0
738132,65535,255,4923,9521,0,0,0
738133,65535,255,4786,-7026,0,0,0
738134,65535,255,2980,-7389,0,0,0
738135,65535,255,441,-7835,0,0,0
738136,200,0,2285,9884,1,0,1
738137,65535,255,4388,9587,0,0,0
738138,146,0,5237,-6911,1,0,1
738139,61,0,3667,-7302,1,0,1
738140,90,2,1355,-7636,1,0,1
738141,65535,255,1412,9946,0,0,0
738142,65535,255,3770,9737,0,0,0
738143,145,0,5387,9416,1,0,0
738144,65535,255,4266,-7126,0,0,0
738145,65535,255,2214,-7478,0,0,0
738146,65535,255,487,10097,0,0,0
738147,65535,255,3065,9806,0,0,0
738148,65535,255,4917,9539,0,0,0
738149,74,2,4789,-6991,1,0,0
738150,65535,255,2989,-7397,0,0,0
738151,166,0,454,-7174,1,0,1
738152,211,0,2269,9901,1,0,1
738153,65535,255,4378,9596,0,0,0
738154,65535,255,5244,-6884,0,0,0
738155,65535,255,3675,-7204,0,0,0
738156,62,0,1372,-7731,1,0,1
738157,65535,255,1395,10067,0,0,0
738158,65535,255,3757,9787,0,0,0
738159,65535,255,5383,9373,0,0,0
738160,65535,255,4276,-7178,0,0,0
738161,65535,255,2225,-7374,0,0,0
738162,65535,255,477,9679,0,0,0
738163,76,0,3050,9901,1,0,1
738164,142,2,4911,9513,1,0,1
738165,65535,255,4796,-7057,0,0,0
738166,65535,255,2999,-7364,0,0,0
738167,119,0,471,-8107,1,0,1
738168,201,0,2259,9873,3,0,1
738169,160,0,4369,9590,3,0,1
738170,173,0,5247,-6882,3,0,1
738171,65535,255,3679,-7211,0,0,0
738172,100,0,1380,-7619,1,0,1
738173,89,0,1388,10092,1,0,1
738174,111,0,3751,9722,1,0,1
738175,232,0,5376,9390,1,0,1
738176,135,0,4278,-7096,3,0,1
738177,65535,255,2232,-7431,0,0,0
738178,65535,255,463,10022,0,0,0
738179,65535,255,3044,9800,0,0,0
738180,142,0,4904,9548,1,0,1
738181,65535,255,4797,-7010,0,0,0
738182,122,0,3001,-7331,1,0,1
738183,65535,255,471,-7610,0,0,0
738184,65535,255,2252,9989,0,0,0
738185,65535,255,4363,9651,0,0,0
738186,109,0,5249,-6931,3,0,1
738187,65535,255,3685,-7297,0,0,0
738188,65535,255,1385,-7655,0,0,0
738189,144,0,1383,10021,1,0,1
738190,65535,255,3745,9781,0,0,0
738191,65535,255,5374,9381,0,0,0
738192,65535,255,4282,-7088,0,0,0
738193,65535,255,2237,-7429,0,0,0
738194,65535,255,463,10022,0,0,0
738195,65535,255,3040,9810,0,0,0
738196,102,0,4901,9554,1,0,1
738197,65535,255,4800,-7020,0,0,0
738198,163,0,3005,-7308,1,0,1
738199,65535,255,476,-7816,0,0,0
738200,65535,255,2247,10048,0,0,0
738201,104,0,4364,9625,1,0,1
738202,65535,255,5249,-6880,0,0,0
738203,61,0,3685,-7216,1,0,1
738204,65535,255,1385,-7437,0,0,0
738205,80,0,1383,10189,3,0,1
738206,65535,255,3744,9718,0,0,0
738207,174,0,5373,9420,1,0,1
738208,65535,255,4281,-7148,0,0,0
738209,65535,255,2237,-7574,0,0,0
738210,174,0,465,9667,1,0,1
738211,192,0,3041,9885,1,0,1
738212,101,0,4904,9532,1,0,1
738213,196,0,4797,-7003,1,0,1
738214,65535,255,3001,-7277,0,0,0
738215,65535,255,470,-7680,0,0,0
738216,47,0,2253,10033,1,0,1
738217,92,0,4367,9628,1,0,1
738218,65535,255,5248,-6885,0,0,0
738219,167,0,3684,-7232,1,0,0
738220,65535,255,1379,-7510,0,0,0
738221,65535,255,1389,9900,0,0,0
738222,65535,255,3748,9749,0,0,0
738223,222,0,5376,9417,1,0,1
738224,65535,255,4278,-7085,0,0,0
738225,136,0,2231,-7443,1,0,1
738226,0,0,0,0,0,0,0
738227,101,0,3049,9840,1,0,1
738228,190,0,4909,9498,1,0,1
738229,124,0,4797,-7055,1,0,1
738230,75,0,2995,-7383,1,0,1
738231,179,0,459,-7388,1,0,1
738232,57,0,2263,9974,1,0,1
738233,65535,255,4374,9656,0,0,0
738234,65535,255,5245,-6871,0,0,0
738235,190,0,3676,-7217,1,0,1
738236,186,0,1367,-7485,1,0,1
738237,65535,255,1401,9900,0,0,0
738238,124,0,3760,9756,1,0,1
738239,129,0,5384,9375,1,0,1
738240,81,0,4270,-7096,1,0,1
738241,152,0,2221,-7488,1,0,1
738242,65535,255,481,10439,0,0,0
738243,167,0,3058,9901,1,0,1
738244,135,0,4918,9530,1,0,1
738245,90,0,4787,-7006,1,0,1
738246,158,0,2985,-7310,1,0,1
738247,184,0,448,-8048,1,0,1
738248,96,0,2279,9901,1,0,1
738249,99,0,4384,9628,1,0,1
738250,65535,255,5239,-6934,0,0,0
738251,134,0,3664,-7195,1,0,1
738252,131,0,1356,-7437,1,0,1
738253,192,2,1418,9900,1,0,1
738254,92,0,3773,9762,1,0,1
738255,108,2,5392,9383,1,0,1
738256,65535,255,4259,-7118,0,0,0
738257,65535,255,2205,-7534,0,0,0
738258,65535,255,506,9705,0,0,0
738259,168,0,3078,9797,1,0,1
738260,145,0,4931,9478,1,0,1
738261,65535,255,4777,-7047,0,0,0
738262,65535,255,2971,-7386,0,0,0
738263,65535,255,424,-7523,0,0,0
738264,65535,255,2295,10040,0,0,0
738265,65535,255,4398,9595,0,0,0
738266,65535,255,5227,-6911,0,0,0
738267,65535,255,3652,-7302,0,0,0
738268,80,0,1328,-7386,1,0,1
738269,159,0,1437,10101,1,0,1
738270,128,0,3789,9759,1,0,1
738271,236,0,5404,9389,1,0,1
738272,65535,255,4243,-7129,0,0,0
738273,65535,255,2178,-7531,0,0,0
738274,65535,255,533,9977,0,0,0
738275,65535,255,3096,9844,0,0,0
738276,65535,255,4943,9491,0,0,0
738277,65535,255,4763,-6988,0,0,0
738278,65535,255,2952,-7316,0,0,0
738279,65535,255,412,-7283,0,0,0
738280,122,0,2306,9900,1,0,1
738281,132,0,4402,9631,1,0,0
738282,110,2,5809,9284,1,0,1
738283,79,0,3647,-7272,1,0,1
738284,65535,255,1333,-7414,0,0,0
738285,65535,255,1435,9971,0,0,0
738286,65535,255,3786,9704,0,0,0
738287,65535,255,5399,9372,0,0,0
738288,157,0,6484,9082,1,0,1
738289,103,0,2194,-7405,1,0,0
738290,195,0,511,10488,1,0,1
738291,82,0,3079,9797,1,0,1
738292,157,2,4929,9511,1,0,1
738293,65535,255,6163,9183,0,0,0
738294,65535,255,7022,8841,0,0,1
738295,197,0,435,-7911,1,0,1
738296,185,0,2285,9958,1,0,1
738297,65535,255,4389,9590,0,0,0
738298,65535,255,5799,9301,0,0,0
738299,65535,255,6764,8980,0,0,0
738300,65535,255,-32768,-32768,0,65535,0
738301,80,0,1413,9902,1,0,1
738302,73,0,3770,9691,1,0,1
738303,65535,255,5388,9392,0,0,1
738304,119,0,6477,9081,1,0,1
738305,65535,255,-32768,-32768,0,65535,1
738306,65535,255,-32768,-32768,0,65535,0
738307,65535,255,3060,9830,0,0,0
738308,205,0,4917,9535,1,0,1
738309,65535,255,6155,9202,0,0,0
738310,65535,255,7016,8859,0,0,0
738311,65535,255,-32768,-32768,0,65535,0
738312,200,0,2268,9916,1,0,0
738313,96,0,4375,9643,1,0,1
738314,65535,255,5792,9277,0,0,0
738315,0,0,0,0,0,0,0
738316,65535,255,-32768,-32768,0,65535,1
738317,65535,255,-32768,-32768,0,65535,1
738318,202,2,3754,9789,1,0,0
738319,170,0,5380,9429,1,0,1
738320,109,0,6472,9065,1,0,1
738321,0,0,0,0,0,0,0
738322,65535,255,-32768,-32768,0,65535,1
738323,65535,255,3045,9893,0,0,0
738324,65535,255,4905,9555,0,0,0
738325,189,0,6146,9208,1,0,1
738326,65535,255,7012,8861,0,0,0
738327,65535,255,-32768,-32768,0,65535,0
738328,65535,255,-32768,-32768,0,65535,1
738329,65535,255,4361,9613,0,0,0
738330,188,0,5783,9313,1,0,1
738331,65535,255,6751,8985,0,0,1
738332,65535,255,-32768,-32768,0,65535,1
738333,65535,255,-32768,-32768,0,65535,1
738334,189,0,3740,9725,1,0,0
738335,65535,255,5367,9433,0,0,0
738336,65535,255,6463,9072,0,0,0
738337,0,0,0,0,0,0,0
738338,65535,255,-32768,-32768,0,65535,1
738339,65535,255,3027,9868,0,0,0
738340,65535,255,4893,9497,0,0,0
738341,65535,255,6140,9172,0,0,0
738342,65535,255,7007,8833,0,0,0
738343,65535,255,-32768,-32768,0,65535,0
738344,65535,255,2232,9907,0,0,0
738345,65535,255,4350,9669,0,0,0
738346,100,0,5774,9286,1,0,1
738347,65535,255,6747,8968,0,0,1
738348,65535,255,-32768,-32768,0,65535,1
738349,167,0,1356,10196,1,0,1
738350,65535,255,3725,9786,0,0,0
738351,65535,255,5358,9420,0,0,0
738352,65535,255,6458,9067,0,0,0
738353,65535,255,-32768,-32768,0,65535,1
738354,65535,255,424,10320,0,0,0
738355,161,0,3013,9782,1,0,1
738356,165,0,4885,9503,1,0,1
738357,65535,255,6134,9181,0,0,0
738358,65535,255,7002,8841,0,0,1
738359,88,0,515,-7863,1,0,1
738360,143,0,2212,9965,1,0,1
738361,232,0,4339,9603,1,0,1
738362,65535,255,5768,9309,0,0,0
738363,65535,255,6742,8989,0,0,0
738364,65535,255,1428,-7412,0,0,0
738365,65535,255,1339,9998,0,0,0
738366,213,0,3714,9730,1,0,1
738367,65535,255,5353,9392,0,0,0
738368,65535,255,4312,-7168,0,0,0
738369,65535,255,2283,-7508,0,0,0
738370,65535,255,413,10002,0,0,0
738371,93,0,2999,9910,1,0,1
738372,0,0,0,0,0,0,0
738373,65535,255,4829,-7013,0,0,0
738374,79,0,3051,-7384,1,0,1
738375,117,2,533,-7918,1,0,1
738376,59,0,2201,9996,1,0,0
738377,143,0,4332,9618,1,0,1
738378,91,0,5276,-6878,3,0,1
738379,214,0,3727,-7296,1,0,1
738380,55,0,1439,-7527,1,0,1
738381,65535,255,1322,10151,0,0,0
738382,137,0,3702,9780,1,0,1
738383,174,0,5347,9427,1,0,1
738384,160,0,4320,-7120,1,0,1
738385,96,0,2288,-7423,1,0,1
738386,82,0,403,9505,1,0,1
738387,65535,255,2994,9858,0,0,0
738388,65535,255,4870,9556,0,0,0
738389,202,0,4834,-6984,1,0,0
738390,65535,255,3055,-7352,0,0,0
738391,195,0,538,-7792,1,0,1
738392,65535,255,2191,9968,0,0,0
738393,65535,255,4325,9606,0,0,0
738394,135,0,5281,-6876,3,0,1
738395,140,0,3734,-7281,1,0,1
738396,65535,255,1450,-7550,0,0,0
738397,68,0,1317,10176,1,0,1
738398,89,0,3698,9798,1,0,1
738399,65535,255,5343,9443,0,0,0
738400,207,0,4323,-7146,1,0,0
738401,176,0,2298,-7491,1,0,0
738402,65535,255,395,9914,0,0,0
738403,65535,255,2985,9923,0,0,0
738404,65535,255,4867,9507,0,0,0
738405,65535,255,4837,-7028,0,0,0
738406,65535,255,3060,-7279,0,0,0
738407,65535,255,545,-7364,0,0,0
738408,65535,255,2191,9880,0,0,0
738409,65535,255,4321,9680,0,0,0
738410,65535,255,5281,-6857,0,0,0
738411,164,0,3735,-7271,1,0,1
738412,110,0,1450,-7504,1,0,1
738413,166,2,1311,10152,1,0,0
738414,65535,255,3694,9799,0,0,0
738415,65535,255,5340,9448,0,0,0
738416,203,0,4323,-7158,1,0,1
738417,65535,255,2298,-7533,0,0,0
738418,65535,255,389,10248,0,0,0
738419,71,0,2985,9807,1,0,1
738420,96,0,4867,9535,1,0,1
738421,209,0,4834,-6983,1,0,1
738422,65535,255,3060,-7361,0,0,0
738423,121,0,544,-7911,1,0,1
738424,117,0,2186,10028,1,0,1
738425,65535,255,4322,9647,0,0,0
738426,99,0,5281,-6915,1,0,1
738427,144,0,3734,-7254,1,0,1
738428,146,0,1450,-7479,1,0,1
738429,202,0,1317,10153,1,0,1
738430,65535,255,3695,9799,0,0,0
738431,65535,255,5342,9415,0,0,0
738432,164,0,4320,-7101,1,0,0
738433,65535,255,2288,-7364,0,0,0
738434,65535,255,396,10667,0,0,0
738435,65535,255,2989,9871,0,0,0
738436,170,0,4871,9491,1,0,1
738437,162,0,4831,-7028,1,0,1
738438,65535,255,3050,-7300,0,0,0
738439,65535,255,538,-7609,0,0,0
738440,202,0,2196,9983,1,0,1
738441,101,0,4326,9633,1,0,1
738442,116,0,5276,-6911,1,0,1
738443,65535,255,3726,-7255,0,0,0
738444,87,0,1444,-7596,1,0,1
738445,87,0,1317,10001,1,0,1
738446,166,0,3695,9799,1,0,1
738447,234,0,5341,9400,1,0,1
738448,173,0,4323,-7124,1,0,1
738449,95,0,2299,-7533,1,0,1
738450,65535,255,393,9491,0,0,0
738451,154,0,2977,9881,1,0,1
738452,113,0,4857,9550,1,0,1
738453,65535,255,4841,-7025,0,0,0
738454,65535,255,3070,-7339,0,0,0
738455,140,0,564,-7203,1,0,1
738456,65535,255,2169,9945,0,0,0
738457,167,0,4306,9651,1,0,1
738458,65535,255,5290,-6867,0,0,0
738459,65535,255,3751,-7218,0,0,0
738460,65535,255,1479,-7525,0,0,0
738461,65535,255,1283,9954,0,0,0
738462,152,0,3670,9797,1,0,1
738463,65535,255,5324,9401,0,0,0
738464,111,2,4346,-7139,1,0,0
738465,92,0,2326,-7375,1,0,1
738466,62,0,354,9899,1,0,1
738467,190,0,2951,9846,1,0,1
738468,117,0,4842,9510,1,0,1
738469,65535,255,4859,-6992,0,0,0
738470,65535,255,3096,-7295,0,0,0
738471,65535,255,598,-7946,0,0,0
738472,65535,255,2143,9933,0,0,0
738473,210,0,4288,9656,1,0,1
738474,65535,255,5306,-6877,0,0,0
738475,65535,255,3771,-7246,0,0,0
738476,65535,255,1506,-7630,0,0,0
738477,65535,255,1259,10113,0,0,0
738478,65535,255,3654,9720,0,0,0
738479,65535,255,5304,9391,0,0,0
738480,65535,255,4368,-7130,0,0,0
738481,65535,255,2360,-7500,0,0,0
738482,65535,255,320,9659,0,0,0
738483,65535,255,2927,9877,0,0,0
738484,191,0,4827,9552,1,0,1
738485,65535,255,4870,-6979,0,0,0
738486,85,0,3114,-7318,1,0,1
738487,65535,255,609,-7456,0,0,0
738488,182,0,2133,9868,1,0,1
738489,65535,255,4280,9652,0,0,0
738490,92,0,5311,-6907,1,0,1
738491,192,0,3775,-7212,1,0,1
738492,65535,255,1506,-7635,0,0,0
738493,189,0,1260,10240,1,0,1
738494,65535,255,3657,9803,0,0,0
738495,65535,255,5318,9437,0,0,0
738496,107,0,4356,-7129,1,0,1
738497,123,0,2340,-7434,1,0,1
738498,0,0,0,0,0,0,0
738499,65535,255,2950,9852,0,0,0
738500,65535,255,4845,9549,0,0,0
738501,276,2,4858,-6983,3,0,0
738502,217,0,3092,-7340,1,0,0
738503,282,0,579,-7677,3,0,1
738504,91,0,2158,9926,3,0,1
738505,65535,255,4301,9596,0,0,0
738506,168,0,5298,-6866,3,0,1
738507,143,0,3755,-7271,3,0,1
738508,65535,255,1473,-7486,0,0,0
738509,134,0,1293,10079,1,0,1
738510,65,0,3681,9759,1,0,1
738511,65535,255,5333,9419,0,0,0
738512,65535,255,4335,-7114,0,0,0
738513,65535,255,2309,-7409,0,0,0
738514,134,0,384,9678,1,0,1
738515,65535,255,2979,9859,0,0,0
738516,65535,255,4863,9557,0,0,0
738517,144,0,4841,-7002,1,0,1
738518,65535,255,3065,-7384,0,0,0
738519,145,2,546,-8042,1,0,0
738520,65535,255,2190,10041,0,0,0
738521,55,0,4324,9644,1,0,1
