sdate,line_t,line_tmq,line_tvza,line_tvaa,line_tm2,line_QFDNB,line_tm_buf
735235,65535,255,4017,9705,0,0,0
735236,65535,255,5628,9351,0,0,0
735237,65535,255,4380,-7292,0,0,0
735238,1115,1,2220,-7572,3,0,0
735239,65535,255,649,10396,0,0,0
735240,65535,255,3320,9726,0,0,0
735241,1138,0,5170,9441,1,0,1
735242,1169,0,4912,-7135,1,0,1
735243,742,2,3032,-7457,1,0,0
735244,1016,0,332,-7354,1,0,1
735245,1321,0,2519,9957,1,0,1
735246,64,2,4648,9561,1,0,1
735247,65535,255,5370,-7019,0,0,0
735248,65535,255,3743,-7386,0,0,0
735249,65535,255,1294,-7750,0,0,0
735250,0,0,0,0,0,0,0
735251,65535,255,4036,9637,0,0,0
735252,65535,255,5634,9381,0,0,0
735253,65535,255,4369,-7223,0,0,0
735254,65535,255,2215,-7631,0,0,0
735255,65535,255,655,9785,0,0,1
735256,65535,255,3319,9764,0,0,0
735257,65535,255,5168,9462,0,0,1
735258,1223,1,4915,-7151,1,0,1
735259,1540,0,3042,-7476,1,0,1
735260,65535,255,349,-7467,0,0,0
735261,1105,1,2500,9973,1,0,1
735262,65535,255,4631,9563,0,0,1
735263,65535,255,5384,-7015,0,0,1
735264,65535,255,3768,-7374,0,0,0
735265,65535,255,1333,-7796,0,0,0
735266,1258,0,1589,10103,1,0,1
735267,65535,255,4006,9699,0,0,1
735268,65535,255,5615,9359,0,0,0
735269,65535,255,4394,-7200,0,0,1
735270,0,0,0,0,0,0,0
735271,65535,255,616,9716,0,0,0
735272,1631,0,3288,9759,1,0,1
735273,65535,255,5148,9466,0,0,0
735274,65535,255,4934,-7163,0,0,0
735275,4474,0,3070,-7511,3,0,0
735276,0,0,0,0,0,0,0
735277,2204,0,2471,9849,1,0,0
735278,2316,0,4607,9604,1,0,0
735279,65535,255,5398,-7054,0,0,0
735280,1703,0,3788,-7323,1,0,0
735281,1255,2,1367,-7668,1,0,0
735282,65535,255,1556,10003,0,0,0
735283,65535,255,3984,9681,0,0,0
735284,65535,255,5598,9378,0,0,0
735285,65535,255,4410,-7196,0,0,0
735286,65535,255,2278,-7606,0,0,0
735287,65535,255,586,9757,0,0,1
735288,65535,255,3261,9781,0,0,0
735289,65535,255,5131,9485,0,0,0
735290,65535,255,4947,-7123,0,0,1
735291,65535,255,3093,-7527,0,0,1
735292,65535,255,424,-7908,0,0,0
735293,65535,255,2442,9839,0,0,1
735294,65535,255,4587,9595,0,0,0
735295,65535,255,5412,-7041,0,0,0
735296,347,2,3808,-7289,1,0,1
735297,65535,255,1395,-7544,0,0,0
735298,65535,255,1529,9878,0,0,0
735299,1225,0,3957,9744,1,0,1
735300,65535,255,5582,9385,0,0,0
735301,65535,255,4431,-7242,0,0,0
735302,2419,0,2300,-7462,1,0,1
735303,1429,0,550,10040,1,0,1
735304,65535,255,3234,9814,0,0,0
735305,65535,255,5111,9500,0,0,0
735306,353,2,4961,-7117,1,0,1
735307,1189,0,3115,-7425,1,0,1
735308,946,2,455,-7237,1,0,0
735309,1226,0,2411,9947,1,0,1
735310,1408,0,4571,9561,1,0,1
735311,1876,0,5423,-7019,1,0,1
735312,65535,255,3828,-7394,0,0,0
735313,65535,255,1423,-7520,0,0,0
735314,65535,255,1502,9900,0,0,0
735315,65535,255,3943,9651,0,0,0
735316,65535,255,5572,9406,0,0,1
735317,65535,255,4444,-7284,0,0,1
735318,65535,255,2326,-7571,0,0,0
735319,65535,255,528,9663,0,0,0
735320,1122,0,3216,9778,1,0,1
735321,65535,255,5103,9486,0,0,0
735322,65535,255,4973,-7114,0,0,1
735323,65535,255,3132,-7432,0,0,0
735324,65535,255,470,-7466,0,0,1
735325,65535,255,2394,9888,0,0,1
735326,975,0,4557,9601,1,0,1
735327,65535,255,5431,-6988,0,0,1
735328,674,0,3844,-7352,1,0,1
735329,65535,255,1441,-7798,0,0,0
735330,65535,255,1486,9858,0,0,0
735331,1299,0,3929,9698,1,0,1
735332,846,0,5564,9408,1,0,1
735333,65535,255,4451,-7200,0,0,0
735334,65535,255,2341,-7650,0,0,0
735335,65535,255,509,10101,0,0,0
735336,65535,255,3207,9866,0,0,0
735337,42,2,5097,9467,1,0,1
735338,1399,2,4979,-7102,1,0,1
735339,0,0,0,0,0,0,0
735340,1238,0,481,-7678,1,0,1
735341,65535,255,2387,9858,0,0,0
735342,1470,0,4553,9639,1,0,1
735343,343,2,5436,-7030,1,0,1
735344,65535,255,3848,-7313,0,0,0
735345,65535,255,1452,-7749,0,0,1
735346,65535,255,1480,9831,0,0,0
735347,65535,255,3927,9654,0,0,0
735348,65535,255,5564,9397,0,0,0
735349,65535,255,4457,-7237,0,0,1
735350,1481,0,2341,-7528,1,0,1
735351,4490,1,510,9715,1,0,1
735352,65535,255,3207,9828,0,0,1
735353,65535,255,5096,9530,0,0,0
735354,65535,255,4982,-7097,0,0,1
735355,65535,255,3146,-7440,0,0,1
735356,1315,0,482,-7886,1,0,1
735357,65535,255,2387,9925,0,0,1
735358,2733,0,4556,9584,1,0,1
735359,65535,255,5436,-6996,0,0,1
735360,65535,255,3846,-7352,0,0,0
735361,65535,255,1446,-7682,0,0,0
735362,65535,255,1481,10035,0,0,0
735363,65535,255,3934,9668,0,0,0
735364,65535,255,5571,9371,0,0,0
735365,65535,255,4454,-7276,0,0,0
735366,65535,255,2336,-7650,0,0,0
735367,8381,0,515,10426,1,0,1
735368,1471,0,3216,9798,1,0,1
735369,1848,0,5102,9529,1,0,1
735370,65535,255,4978,-7108,0,0,0
735371,1736,0,3137,-7491,1,0,1
735372,65535,255,472,-7261,0,0,0
735373,65535,255,2401,9844,0,0,0
735374,65535,255,4566,9564,0,0,0
735375,1429,0,5981,9309,1,0,1
735376,65535,255,3836,-7292,0,0,0
735377,65535,255,1429,-7777,0,0,0
735378,0,0,0,0,0,0,0
735379,65535,255,3945,9726,0,0,0
735380,671,2,5576,9420,1,0,0
735381,65535,255,6656,9099,0,0,1
735382,65535,255,2321,-7642,0,0,1
735383,65535,255,534,10537,0,0,0
735384,65535,255,3229,9844,0,0,0
735385,65535,255,5113,9485,0,0,1
735386,65535,255,6344,9197,0,0,1
735387,65535,255,3119,-7444,0,0,1
735388,65535,255,448,-8198,0,0,0
735389,814,2,2421,9829,1,0,1
735390,2324,0,4580,9573,1,0,1
735391,65535,255,5993,9262,0,0,0
735392,65535,255,6942,8983,0,0,0
735393,65535,255,1401,-7568,0,0,1
735394,5247,0,1523,10159,1,0,1
735395,983,0,3964,9693,1,0,1
735396,0,0,0,0,0,0,0
735397,65535,255,6664,9092,0,0,1
735398,2985,0,2294,-7646,1,0,1
735399,65535,255,569,9636,0,0,0
735400,1978,0,3253,9824,1,0,1
735401,65535,255,5128,9508,0,0,0
735402,1646,2,6353,9165,1,0,1
735403,65535,255,-32768,-32768,0,65535,1
735404,65535,255,412,-7675,0,0,0
735405,1355,0,2451,9969,1,0,1
735406,65535,255,4599,9591,0,0,1
735407,1366,0,6003,9287,1,0,1
735408,65535,255,6951,8980,0,0,0
735409,65535,255,1367,-7544,0,0,0
735410,65535,255,1562,9837,0,0,1
735411,65535,255,3987,9712,0,0,0
735412,65535,255,5605,9354,0,0,0
735413,65535,255,6676,9058,0,0,0
735414,65535,255,2257,-7523,0,0,0
735415,65535,255,602,10152,0,0,0
735416,65535,255,3284,9818,0,0,1
735417,65535,255,5145,9483,0,0,0
735418,65535,255,6366,9154,0,0,0
735419,65535,255,3061,-7503,0,0,1
735420,1870,0,371,-7667,1,0,1
735421,1212,0,2485,9990,1,0,1
735422,1495,0,4621,9560,1,0,1
735423,1381,0,6018,9266,1,0,1
735424,65535,255,3764,-7357,0,0,0
735425,65535,255,1327,-7720,0,0,0
735426,65535,255,1600,10021,0,0,0
735427,65535,255,4014,9663,0,0,0
735428,65535,255,5620,9400,0,0,0
735429,1167,0,4377,-7264,1,0,0
735430,781,0,2220,-7483,1,0,1
735431,12343,0,648,10095,1,0,1
735432,925,0,3316,9738,1,0,1
735433,1305,0,5165,9515,1,0,1
735434,65535,255,4910,-7111,0,0,0
735435,1815,0,3038,-7441,1,0,1
735436,65535,255,349,-7952,0,0,0
735437,65535,255,2501,9810,0,0,0
735438,65535,255,4629,9571,0,0,0
735439,65535,255,5380,-7009,0,0,0
735440,65535,255,3760,-7350,0,0,0
735441,65535,255,1327,-7671,0,0,0
735442,65535,255,1595,9961,0,0,1
735443,65535,255,4007,9643,0,0,1
735444,1705,0,5615,9383,1,0,1
735445,65535,255,4387,-7224,0,0,1
735446,65535,255,2242,-7625,0,0,0
735447,65535,255,621,9724,0,0,0
735448,65535,255,3293,9741,0,0,0
735449,0,0,0,0,0,0,0
735450,65535,255,4928,-7129,0,0,0
735451,2131,0,3061,-7431,1,0,1
735452,2008,0,380,-7058,1,0,1
735453,1472,0,2476,9901,1,0,1
735454,65535,255,4610,9624,0,0,0
735455,0,0,0,0,0,0,0
735456,1110,0,3780,-7315,1,0,1
735457,8460,0,1356,-7594,1,0,1
735458,7911,0,1567,9921,1,0,1
735459,65535,255,3989,9699,0,0,0
735460,65535,255,5605,9386,0,0,0
735461,943,0,4404,-7240,1,0,1
735462,65535,255,2265,-7561,0,0,0
735463,8858,0,591,9930,1,0,1
735464,65535,255,3270,9801,0,0,0
735465,65535,255,5137,9485,0,0,0
735466,65535,255,4940,-7094,0,0,1
735467,65535,255,3079,-7403,0,0,1
735468,65535,255,407,-8078,0,0,1
735469,65535,255,2456,9879,0,0,1
735470,1527,0,4600,9613,1,0,1
735471,65535,255,5405,-7041,0,0,1
735472,65535,255,3796,-7336,0,0,0
735473,65535,255,1378,-7690,0,0,0
735474,65535,255,1545,10028,0,0,0
735475,65535,255,3976,9684,0,0,0
735476,65535,255,5597,9357,0,0,0
735477,65535,255,4417,-7206,0,0,0
735478,65535,255,2284,-7619,0,0,0
735479,65535,255,580,9814,0,0,0
735480,65535,255,3261,9793,0,0,0
735481,65535,255,5130,9493,0,0,0
735482,1509,0,4948,-7109,1,0,0
735483,1449,0,3092,-7417,1,0,1
735484,1646,0,419,-7280,1,0,1
735485,65535,255,2441,9971,0,0,0
735486,1717,0,4593,9572,1,0,1
735487,65535,255,5411,-7036,0,0,0
735488,655,0,3808,-7303,1,0,1
735489,975,0,1389,-7640,1,0,1
735490,65535,255,1539,10008,0,0,0
735491,65535,255,3972,9693,0,0,0
735492,1904,0,5594,9362,1,0,1
735493,65535,255,4423,-7224,0,0,0
735494,1533,0,2289,-7462,1,0,1
735495,65535,255,567,10159,0,0,1
735496,65535,255,3252,9870,0,0,1
735497,65535,255,5130,9457,0,0,1
735498,65535,255,4954,-7167,0,0,0
735499,65535,255,3096,-7387,0,0,0
735500,65535,255,426,-7205,0,0,1
735501,65535,255,2440,9972,0,0,1
735502,1041,0,4590,9585,1,0,1
735503,65535,255,5414,-7053,0,0,0
735504,65535,255,3808,-7342,0,0,0
735505,778,0,1395,-7807,1,0,1
735506,65535,255,1540,9860,0,0,1
735507,65535,255,3972,9649,0,0,0
735508,1094,0,5591,9417,1,0,1
735509,900,0,4420,-7217,1,0,1
735510,952,0,2289,-7462,1,0,1
735511,1560,0,567,10276,1,0,1
735512,65535,255,3257,9747,0,0,0
735513,65535,255,5128,9484,0,0,0
735514,65535,255,4952,-7123,0,0,0
735515,65535,255,3097,-7475,0,0,0
735516,65535,255,418,-7988,0,0,0
735517,65535,255,2441,9920,0,0,0
735518,65535,255,4594,9572,0,0,0
735519,65535,255,5409,-7054,0,0,0
735520,1005,0,3804,-7358,1,0,1
735521,677,0,1384,-7520,1,0,1
735522,65535,255,1545,9986,0,0,1
735523,65535,255,3976,9707,0,0,1
735524,65535,255,5597,9389,0,0,0
735525,65535,255,4414,-7205,0,0,0
735526,65535,255,2276,-7562,0,0,1
735527,65535,255,579,10328,0,0,1
735528,65535,255,3266,9784,0,0,1
735529,65535,255,5134,9513,0,0,1
735530,65535,255,4943,-7163,0,0,0
735531,1533,0,3079,-7418,1,0,1
735532,65535,255,400,-7753,0,0,1
735533,846,0,2456,9918,1,0,1
735534,65535,255,4604,9583,0,0,0
735535,65535,255,5399,-6999,0,0,1
735536,1815,0,3784,-7290,1,0,1
735537,0,0,0,0,0,0,0
735538,65535,255,1567,9922,0,0,0
735539,0,0,0,0,0,0,0
735540,65535,255,5605,9396,0,0,0
735541,65535,255,4397,-7220,0,0,0
735542,1312,0,2252,-7535,1,0,1
735543,1555,0,608,9938,1,0,0
735544,65535,255,3289,9743,0,0,0
735545,693,2,5148,9505,1,0,0
735546,741,0,4928,-7171,1,0,1
735547,1537,0,3056,-7460,1,0,1
735548,65535,255,374,-8372,0,0,0
735549,749,0,2486,9838,1,0,1
735550,0,0,0,0,0,0,0
735551,1169,0,5382,-7003,1,0,1
735552,65535,255,3760,-7324,0,0,1
735553,65535,255,1322,-7519,0,0,1
735554,65535,255,1600,10104,0,0,0
735555,65535,255,4014,9680,0,0,0
735556,65535,255,5623,9396,0,0,0
735557,65535,255,4374,-7243,0,0,1
735558,65535,255,2215,-7481,0,0,1
735559,65535,255,650,9740,0,0,0
735560,65535,255,3307,9844,0,0,0
735561,65535,255,5160,9477,0,0,0
735562,65535,255,4916,-7135,0,0,1
735563,65535,255,3042,-7390,0,0,1
735564,65535,255,360,-7659,0,0,0
735565,0,0,0,0,0,0,0
735566,65535,255,4622,9605,0,0,0
735567,65535,255,5382,-7021,0,0,0
735568,963,0,3768,-7346,1,0,1
735569,65535,255,1339,-7568,0,0,0
735570,65535,255,1584,10129,0,0,0
735571,65535,255,3999,9675,0,0,0
735572,1094,0,5610,9391,1,0,1
735573,65535,255,4394,-7214,0,0,0
735574,65535,255,2252,-7563,0,0,0
735575,65535,255,608,10153,0,0,0
735576,65535,255,3284,9801,0,0,0
735577,65535,255,5146,9465,0,0,0
735578,719,0,4934,-7137,1,0,1
735579,1051,0,3070,-7418,1,0,1
735580,65535,255,390,-8177,0,0,1
735581,1952,0,2471,9840,1,0,1
735582,0,0,0,0,0,0,0
735583,65535,255,5396,-7018,0,0,0
735584,65535,255,3788,-7366,0,0,1
735585,65535,255,1361,-7714,0,0,0
735586,65535,255,1561,9986,0,0,0
735587,1626,0,3987,9648,1,0,1
735588,65535,255,5602,9389,0,0,0
735589,65535,255,4407,-7237,0,0,0
735590,0,0,0,0,0,0,0
735591,0,0,0,0,0,0,0
735592,65535,255,3275,9774,0,0,0
735593,1321,0,5139,9467,1,0,1
735594,65535,255,4942,-7156,0,0,0
735595,65535,255,3083,-7485,0,0,1
735596,2107,0,400,-7586,1,0,1
735597,0,0,0,0,0,0,0
735598,1348,2,4604,9572,1,0,1
735599,1085,2,5400,-7026,1,0,0
735600,705,0,3796,-7389,1,0,1
735601,65535,255,1367,-7504,0,0,0
735602,65535,255,1556,10050,0,0,0
735603,3126,0,3983,9730,1,0,0
735604,2301,0,5602,9376,1,0,0
735605,65535,255,4410,-7236,0,0,0
735606,65535,255,2268,-7461,0,0,0
735607,1400,0,591,10101,1,0,1
735608,65535,255,3270,9832,0,0,0
735609,1749,0,5139,9514,1,0,1
735610,0,0,0,0,0,0,0
735611,65535,255,3083,-7466,0,0,0
735612,65535,255,401,-7751,0,0,1
735613,0,0,0,0,0,0,0
735614,847,0,4604,9609,1,0,0
735615,65535,255,5400,-6992,0,0,0
735616,65535,255,3792,-7358,0,0,0
735617,65535,255,1367,-7810,0,0,0
735618,65535,255,1566,9927,0,0,0
735619,65535,255,3987,9744,0,0,1
735620,65535,255,5604,9398,0,0,0
735621,65535,255,4407,-7262,0,0,0
735622,65535,255,2263,-7490,0,0,0
735623,1469,0,596,10045,1,0,0
735624,65535,255,3275,9794,0,0,0
735625,1913,0,5142,9477,1,0,1
735626,65535,255,4940,-7168,0,0,0
735627,65535,255,3079,-7496,0,0,0
735628,65535,255,395,-7665,0,0,0
735629,1598,0,2463,9916,1,0,1
735630,0,0,0,0,0,0,0
735631,65535,255,5398,-7021,0,0,0
735632,0,0,0,0,0,0,0
735633,0,0,0,0,0,0,0
735634,1883,0,1562,10134,3,0,0
735635,0,0,0,0,0,0,0
735636,498,2,5604,9389,3,0,0
735637,65535,255,4407,-7249,0,0,0
735638,2350,0,2262,-7490,1,0,0
735639,65535,255,596,10156,0,0,0
735640,65535,255,3274,9851,0,0,0
735641,65535,255,5139,9519,0,0,0
735642,1916,0,4937,-7141,1,0,0
735643,0,0,0,0,0,0,0
735644,65535,255,395,-7752,0,0,0
735645,65535,255,2471,9842,0,0,0
735646,65535,255,4607,9609,0,0,0
735647,65535,255,5393,-6993,0,0,1
735648,65535,255,3784,-7351,0,0,0
735649,65535,255,1356,-7787,0,0,1
735650,65535,255,1571,9907,0,0,1
735651,65535,255,3991,9751,0,0,0
735652,65535,255,5607,9398,0,0,1
735653,65535,255,4397,-7283,0,0,0
735654,65535,255,2252,-7605,0,0,0
735655,1551,0,614,9940,1,0,1
735656,1929,0,3288,9830,1,0,1
735657,1438,0,5148,9505,1,0,1
735658,1427,0,4928,-7164,1,0,1
735659,1326,0,3056,-7397,1,0,1
735660,65535,255,373,-7310,0,0,0
735661,0,0,0,0,0,0,0
735662,1866,0,4621,9625,1,0,1
735663,65535,255,5382,-7024,0,0,0
735664,912,0,3764,-7314,1,0,1
735665,1996,2,1327,-7768,1,0,1
735666,1150,0,1600,9903,1,0,1
735667,65535,255,4014,9682,0,0,0
735668,0,0,0,0,0,0,0
735669,65535,255,4377,-7286,0,0,0
735670,65535,255,2221,-7668,0,0,0
735671,65535,255,644,10459,0,0,0
735672,65535,255,3306,9753,0,0,1
735673,65535,255,5160,9464,0,0,0
735674,65535,255,4916,-7155,0,0,1
735675,65535,255,3052,-7500,0,0,0
735676,65535,255,366,-7931,0,0,1
735677,1036,0,2485,9853,1,0,1
735678,65535,255,4614,9620,0,0,0
735679,1449,0,5388,-6997,1,0,1
735680,65535,255,3776,-7351,0,0,1
735681,65535,255,1356,-7787,0,0,0
735682,65535,255,1571,9938,0,0,1
735683,1179,0,3987,9752,1,0,1
735684,65535,255,5603,9403,0,0,0
735685,1020,0,4407,-7286,1,0,1
735686,65535,255,2268,-7617,0,0,0
735687,65535,255,591,9991,0,0,0
735688,65535,255,3266,9843,0,0,0
735689,134,2,5133,9469,1,0,1
735690,868,0,4944,-7128,1,0,1
735691,65535,255,3088,-7414,0,0,0
735692,1729,0,413,-7509,1,0,1
735693,65535,255,2446,9857,0,0,0
735694,57,2,4588,9613,1,0,0
735695,935,0,5409,-7032,1,0,1
735696,0,0,0,0,0,0,0
735697,65535,255,1396,-7827,0,0,0
735698,65535,255,1529,9949,0,0,0
735699,65535,255,3961,9698,0,0,1
735700,65535,255,5587,9389,0,0,0
735701,65535,255,4424,-7188,0,0,0
735702,65535,255,2300,-7458,0,0,1
735703,65535,255,551,10465,0,0,1
735704,65535,255,3239,9809,0,0,0
735705,65535,255,5117,9509,0,0,0
735706,65535,255,4958,-7107,0,0,1
735707,65535,255,3110,-7490,0,0,1
735708,65535,255,443,-7150,0,0,0
735709,1478,0,2422,9834,1,0,1
735710,1662,0,4577,9560,1,0,1
735711,65535,255,5420,-6986,0,0,0
735712,65535,255,3820,-7289,0,0,0
735713,790,0,1418,-7775,1,0,1
735714,1855,0,1512,9971,1,0,1
735715,850,2,3950,9744,1,0,1
735716,65535,255,5579,9387,0,0,0
735717,1517,0,4437,-7273,1,0,1
735718,65535,255,2310,-7471,0,0,0
735719,65535,255,540,9739,0,0,0
735720,65535,255,3232,9787,0,0,0
735721,65535,255,5111,9511,0,0,0
735722,1392,0,4966,-7095,1,0,1
735723,65535,255,3123,-7497,0,0,0
735724,696,2,453,-7526,1,0,0
735725,1147,0,2411,9927,1,0,1
735726,897,0,4569,9623,1,0,1
735727,65535,255,5425,-7042,0,0,0
735728,65535,255,3829,-7313,0,0,0
735729,0,0,0,0,0,0,0
735730,65535,255,1507,10058,0,0,0
735731,65535,255,3949,9671,0,0,1
735732,65535,255,5579,9401,0,0,0
735733,65535,255,4441,-7248,0,0,0
735734,65535,255,2315,-7477,0,0,0
735735,65535,255,539,9800,0,0,0
735736,65535,255,3235,9763,0,0,0
735737,65535,255,5112,9484,0,0,1
735738,65535,255,6341,9192,0,0,0
735739,65535,255,3119,-7449,0,0,0
735740,782,0,454,-7384,1,0,1
735741,65535,255,2416,9939,0,0,0
735742,65535,255,4573,9635,0,0,0
735743,65535,255,5986,9317,0,0,0
735744,65535,255,6940,8989,0,0,0
735745,1196,2,1412,-7681,1,0,1
735746,65535,255,1512,9991,0,0,0
735747,65535,255,3957,9662,0,0,0
735748,810,0,5581,9401,1,0,1
735749,65535,255,6659,9103,0,0,0
735750,65535,255,2304,-7512,0,0,0
735751,906,0,550,10226,1,0,1
735752,1336,0,3238,9838,1,0,1
735753,786,0,5116,9510,1,0,1
735754,65535,255,6346,9179,0,0,0
735755,65535,255,-32768,-32768,0,65535,1
735756,65535,255,437,-7293,0,0,0
735757,867,0,2426,9951,1,0,1
735758,1380,0,4584,9559,1,0,1
735759,65535,255,5993,9270,0,0,0
735760,65535,255,6943,8960,0,0,0
735761,65535,255,1395,-7466,0,0,0
735762,0,0,0,0,0,0,0
735763,0,0,0,0,0,0,0
735764,65535,255,5589,9385,0,0,0
735765,65535,255,6665,9093,0,0,1
735766,65535,255,-32768,-32768,0,65535,0
735767,65535,255,568,10223,0,0,0
735768,65535,255,3252,9865,0,0,0
735769,0,0,0,0,0,0,0
735770,1247,0,6352,9199,1,0,1
735771,65535,255,-32768,-32768,0,65535,1
735772,829,0,418,-7984,1,0,1
735773,909,0,2446,9884,1,0,1
735774,1021,0,4594,9631,1,0,1
735775,495,0,6000,9260,1,0,1
735776,65535,255,6950,8957,0,0,0
735777,65535,255,1373,-7466,0,0,0
735778,1947,0,1557,9863,1,0,1
735779,1238,0,3981,9701,1,0,1
735780,1233,0,5600,9401,1,0,1
735781,65535,255,6672,9061,0,0,1
735782,65535,255,2268,-7516,0,0,0
735783,65535,255,591,9881,0,0,0
735784,853,0,3271,9739,1,0,1
735785,65535,255,5137,9500,0,0,0
735786,65535,255,6356,9181,0,0,0
735787,65535,255,-32768,-32768,0,65535,1
735788,65535,255,408,-8238,0,0,0
735789,65535,255,2456,9818,0,0,0
735790,65535,255,4601,9563,0,0,0
735791,65535,255,6002,9312,0,0,0
735792,65535,255,6950,8975,0,0,1
735793,65535,255,1373,-7807,0,0,0
735794,65535,255,1550,10032,0,0,0
735795,65535,255,3978,9685,0,0,0
735796,65535,255,5598,9369,0,0,0
735797,65535,255,6669,9065,0,0,0
735798,65535,255,2273,-7515,0,0,0
735799,65535,255,585,9933,0,0,0
735800,65535,255,3266,9759,0,0,0
735801,65535,255,5131,9522,0,0,0
735802,635,0,4943,-7115,1,0,1
735803,1283,0,3084,-7486,1,0,1
735804,65535,255,406,-7665,0,0,0
735805,65535,255,2451,9948,0,0,0
735806,1379,0,4597,9624,1,0,0
735807,65535,255,5401,-7047,0,0,0
735808,65535,255,3796,-7401,0,0,0
735809,1245,0,1373,-7783,1,0,1
735810,1206,0,1551,10011,1,0,0
735811,1103,0,3972,9731,1,0,1
735812,65535,255,5597,9363,0,0,0
735813,65535,255,4404,-7205,0,0,0
735814,65535,255,2262,-7562,0,0,0
735815,65535,255,608,10263,0,0,0
735816,789,2,3288,9829,1,0,1
735817,65535,255,5154,9489,0,0,0
735818,1564,0,4916,-7097,1,0,1
735819,0,0,0,0,0,0,0
735820,801,0,348,-8019,1,0,1
735821,724,0,2501,9965,1,0,1
735822,1109,0,4631,9616,1,0,1
735823,65535,255,5377,-7022,0,0,0
735824,65535,255,3760,-7339,0,0,0
735825,1533,0,1322,-7518,1,0,1
735826,648,0,1594,10066,1,0,1
735827,1096,0,4011,9645,1,0,1
735828,65535,255,5618,9367,0,0,0
735829,862,0,4387,-7273,1,0,1
735830,778,0,2242,-7666,1,0,1
735831,701,0,621,10473,1,0,1
735832,929,0,3293,9829,1,0,1
735833,65535,255,5154,9474,0,0,0
735834,65535,255,4925,-7133,0,0,0
735835,65535,255,3056,-7388,0,0,0
735836,736,0,377,-7751,1,0,1
735837,1174,0,2481,9942,1,0,1
735838,988,0,4614,9613,1,0,1
735839,1123,0,5392,-7028,1,0,1
735840,918,0,3779,-7360,1,0,1
735841,980,0,1350,-7641,1,0,1
735842,65535,255,1573,9861,0,0,0
735843,65535,255,3995,9698,0,0,0
735844,65535,255,5607,9406,0,0,0
735845,906,2,4403,-7238,1,0,0
735846,1082,0,2263,-7619,1,0,1
735847,1066,0,597,10378,1,0,1
735848,65535,255,3275,9831,0,0,0
735849,65535,255,5142,9482,0,0,0
735850,980,0,4940,-7157,1,0,1
735851,65535,255,3074,-7447,0,0,0
735852,1046,0,400,-7846,1,0,0
735853,65535,255,2446,9931,0,0,0
735854,1283,0,4597,9582,1,0,1
735855,65535,255,5408,-7031,0,0,0
735856,1120,0,3803,-7383,1,0,1
735857,773,0,1384,-7618,1,0,1
735858,65535,255,1545,10112,0,0,0
735859,643,0,3976,9639,1,0,1
735860,1277,0,5599,9355,1,0,1
735861,65535,255,4416,-7245,0,0,0
735862,859,0,2283,-7578,1,0,1
735863,466,2,579,10040,1,0,1
735864,706,2,3265,9744,1,0,0
735865,894,0,5133,9496,1,0,1
735866,839,0,4948,-7153,1,0,1
735867,65535,255,3088,-7409,0,0,0
735868,0,0,0,0,0,0,0
735869,848,0,2451,9994,1,0,1
735870,1308,0,4600,9625,1,0,1
735871,65535,255,5405,-7033,0,0,0
735872,65535,255,3796,-7314,0,0,0
735873,65535,255,1379,-7473,0,0,0
735874,65535,255,1545,10069,0,0,0
735875,965,0,3976,9661,1,0,1
735876,301,2,5594,9383,1,0,0
735877,65535,255,4424,-7206,0,0,0
735878,819,0,2294,-7561,1,0,1
735879,1618,0,562,10158,1,0,0
735880,65535,255,3248,9803,0,0,0
735881,0,0,0,0,0,0,0
735882,1116,0,4961,-7166,1,0,1
735883,65535,255,3110,-7475,0,0,0
735884,760,0,442,-7452,1,0,1
735885,1398,0,2421,9921,1,0,1
735886,111,2,4576,9623,1,0,1
735887,1277,0,5422,-7053,1,0,1
735888,65535,255,3840,-7313,0,0,0
735889,65535,255,1429,-7527,0,0,0
735890,962,0,1496,10137,1,0,1
735891,65535,255,3946,9697,0,0,0
735892,65535,255,5579,9413,0,0,0
735893,65535,255,4441,-7278,0,0,0
735894,65535,255,2310,-7509,0,0,0
735895,65535,255,549,10098,0,0,0
735896,65535,255,3243,9808,0,0,1
735897,981,0,5122,9483,1,0,1
735898,65535,255,4955,-7138,0,0,0
735899,881,0,3102,-7522,1,0,1
735900,1386,0,418,-7920,1,0,1
735901,65535,255,2451,9834,0,0,0
735902,65535,255,4597,9595,0,0,0
735903,65535,255,5407,-7062,0,0,0
735904,0,0,0,0,0,0,0
735905,65535,255,1379,-7817,0,0,0
735906,1300,0,1545,10042,1,0,1
735907,1103,0,3976,9656,1,0,1
735908,0,0,0,0,0,0,0
735909,65535,255,4418,-7218,0,0,0
735910,65535,255,2284,-7568,0,0,0
735911,2331,1,573,10267,1,0,1
735912,65535,255,3257,9825,0,0,0
735913,1124,0,5128,9487,1,0,1
735914,936,0,4952,-7173,1,0,1
735915,0,0,0,0,0,0,0
735916,821,0,435,-7687,1,0,1
735917,65535,255,2428,9909,0,0,0
735918,1729,0,4580,9569,1,0,1
735919,885,0,5421,-7030,1,0,1
735920,0,0,0,0,0,0,0
735921,65535,255,1413,-7506,0,0,0
735922,857,0,1512,9870,1,0,1
735923,65535,255,3950,9733,0,0,0
735924,65535,255,5577,9386,0,0,0
735925,1036,0,4441,-7263,1,0,1
735926,65535,255,2315,-7526,0,0,0
735927,65535,255,533,10404,0,0,0
735928,65535,255,3225,9739,0,0,0
735929,0,0,0,0,0,0,0
735930,350,0,4972,-7154,1,0,1
735931,65535,255,3128,-7404,0,0,0
735932,1140,0,465,-7333,1,0,1
735933,65535,255,2402,9979,0,0,0
735934,65535,255,4563,9591,0,0,0
735935,65535,255,5431,-7041,0,0,0
735936,65535,255,3840,-7363,0,0,0
735937,781,0,1435,-7507,1,0,1
735938,1471,0,1490,9937,1,0,1
735939,65535,255,3935,9688,0,0,0
735940,65535,255,5572,9370,0,0,0
735941,65535,255,4451,-7260,0,0,0
735942,65535,255,2331,-7580,0,0,0
735943,65535,255,516,9901,0,0,0
735944,65535,255,3212,9818,0,0,1
735945,1475,0,5100,9499,1,0,1
735946,65535,255,4979,-7142,0,0,0
735947,1205,0,3137,-7441,1,0,1
735948,1213,0,476,-7829,1,0,1
735949,65535,255,2397,9927,0,0,0
735950,65535,255,4560,9586,0,0,0
735951,65535,255,5433,-7002,0,0,0
735952,1177,2,3840,-7293,1,0,0
735953,65535,255,1440,-7739,0,0,0
735954,65535,255,1491,9915,0,0,0
735955,412,2,3938,9702,1,0,1
735956,65535,255,5571,9398,0,0,0
735957,65535,255,4451,-7229,0,0,0
735958,0,0,0,0,0,0,0
735959,834,0,521,10156,1,0,1
735960,1103,0,3221,9778,1,0,1
735961,228,2,5107,9458,1,0,0
735962,65535,255,4975,-7119,0,0,0
735963,1124,0,3132,-7530,1,0,1
735964,862,0,464,-7690,1,0,1
735965,1284,0,2406,9939,1,0,1
735966,65535,255,4570,9615,0,0,0
735967,0,0,0,0,0,0,0
735968,0,0,0,0,0,0,0
735969,65535,255,1423,-7741,0,0,0
735970,1308,0,1507,9979,1,0,1
735971,2395,1,3953,9650,1,0,1
735972,1573,0,5581,9369,1,0,1
735973,65535,255,4437,-7212,0,0,0
735974,1954,1,2310,-7569,1,0,1
735975,1572,0,544,10276,1,0,0
735976,65535,255,3239,9824,0,0,0
735977,65535,255,5119,9485,0,0,0
735978,669,0,4963,-7176,1,0,0
735979,65535,255,3110,-7504,0,0,1
735980,973,0,435,-7687,1,0,1
735981,1224,0,2431,9976,1,0,1
735982,65535,255,4590,9557,0,0,0
735983,65535,255,5414,-7012,0,0,0
735984,870,0,3811,-7359,1,0,0
735985,65535,255,1389,-7698,0,0,0
735986,65535,255,1540,9998,0,0,0
735987,1214,0,3976,9653,1,0,1
735988,0,0,0,0,0,0,0
735989,2232,0,4417,-7260,1,0,0
735990,65535,255,2278,-7487,0,0,0
735991,65535,255,585,10033,0,0,0
735992,65535,255,3270,9810,0,0,0
735993,3561,1,5142,9486,3,0,0
735994,65535,255,4942,-7104,0,0,0
735995,65535,255,3074,-7390,0,0,0
735996,2320,0,396,-8180,3,0,0
735997,0,0,0,0,0,0,0
735998,3315,1,4614,9614,3,0,0
735999,65535,255,5397,-7068,0,0,0
736000,65535,255,3784,-7387,0,0,0
736001,2205,0,1356,-7801,3,0,0
736002,65535,255,1573,10099,0,0,0
736003,0,0,0,0,0,0,0
736004,65535,255,5610,9349,0,0,0
736005,65535,255,4407,-7294,0,0,0
736006,65535,255,2263,-7574,0,0,0
736007,65535,255,598,10476,0,0,0
736008,65535,255,3279,9744,0,0,0
736009,65535,255,5142,9455,0,0,0
736010,65535,255,4943,-7158,0,0,0
736011,3069,0,3083,-7487,3,0,0
736012,65535,255,400,-7764,0,0,0
736013,65535,255,2461,9830,0,0,0
736014,65535,255,4604,9598,0,0,0
736015,2275,0,5406,-7051,3,0,0
736016,2715,0,3796,-7322,3,0,0
736017,65535,255,1372,-7675,0,0,0
736018,65535,255,1551,10039,0,0,0
736019,2236,0,3979,9689,3,0,0
736020,65535,255,5599,9360,0,0,0
736021,0,0,0,0,0,0,0
736022,1429,0,2284,-7670,1,0,0
736023,1931,0,579,10091,1,0,0
736024,1987,0,3261,9840,1,0,0
736025,65535,255,5133,9465,0,0,0
736026,2022,0,4949,-7156,3,0,0
736027,0,0,0,0,0,0,0
736028,0,0,0,0,0,0,0
736029,1913,0,2446,9909,1,0,0
736030,2121,0,4598,9556,1,0,0
736031,1450,0,5409,-7035,1,0,0
736032,1769,0,3800,-7313,1,0,0
736033,1029,0,1384,-7698,1,0,0
736034,65535,255,1545,10104,0,0,0
736035,1107,0,3972,9735,1,0,1
736036,1606,0,5594,9393,1,0,1
736037,0,0,0,0,0,0,0
736038,764,2,2284,-7628,1,0,1
736039,888,0,573,10091,1,0,1
736040,0,0,0,0,0,0,0
736041,1837,0,5131,9463,1,0,1
736042,1999,0,4946,-7107,1,0,1
736043,1197,2,3088,-7456,1,0,1
736044,622,2,412,-7843,1,0,1
736045,1639,0,2451,9896,1,0,1
736046,1232,0,4597,9568,1,0,1
736047,65535,255,5406,-7050,0,0,0
736048,770,0,3800,-7360,1,0,1
736049,65535,255,1373,-7528,0,0,0
736050,0,0,0,0,0,0,0
736051,65535,255,3976,9719,0,0,0
736052,65535,255,5597,9397,0,0,0
736053,65535,255,4411,-7210,0,0,0
736054,65535,255,2273,-7487,0,0,0
736055,65535,255,592,9643,0,0,0
736056,1546,0,3270,9820,1,0,1
736057,0,0,0,0,0,0,0
736058,65535,255,4940,-7119,0,0,0
736059,989,0,3079,-7497,1,0,1
736060,1424,0,397,-7096,1,0,1
736061,65535,255,2466,9830,0,0,0
736062,65535,255,4608,9548,0,0,0
736063,165,2,5398,-7052,1,0,0
736064,65535,255,3784,-7386,0,0,0
736065,65535,255,1356,-7676,0,0,0
736066,998,0,1573,9870,1,0,1
736067,1560,0,3995,9687,1,0,1
736068,65535,255,5608,9390,0,0,0
736069,1151,0,4397,-7224,1,0,1
736070,1057,0,2252,-7560,1,0,1
736071,65535,255,614,10088,0,0,0
736072,1352,0,3293,9771,1,0,1
736073,1771,0,5154,9443,1,0,1
736074,0,0,0,0,0,0,0
736075,65535,255,3056,-7532,0,0,0
736076,858,0,366,-7673,1,0,1
736077,890,0,2490,9943,1,0,1
736078,1422,0,4626,9575,1,0,1
736079,1123,0,5384,-7056,1,0,1
736080,65535,255,3763,-7413,0,0,0
736081,65535,255,1322,-7831,0,0,0
736082,65535,255,1606,10073,0,0,0
736083,1265,0,4021,9669,1,0,1
736084,864,0,5627,9395,1,0,0
736085,65535,255,4377,-7279,0,0,0
736086,956,0,2225,-7657,1,0,1
736087,747,0,645,9676,1,0,0
736088,1477,0,3311,9835,1,0,1
736089,1328,0,5162,9478,1,0,1
736090,0,0,0,0,0,0,0
736091,1637,0,3046,-7399,1,0,1
736092,1486,0,360,-7856,1,0,1
736093,65535,255,2490,9969,0,0,0
736094,65535,255,4624,9599,0,0,0
736095,937,0,5389,-7045,1,0,1
736096,65535,255,3775,-7387,0,0,0
736097,65535,255,1344,-7727,0,0,1
736098,1364,0,1584,9954,1,0,1
736099,884,0,3999,9722,1,0,1
736100,65535,255,5612,9363,0,0,0
736101,65535,255,4400,-7287,0,0,0
736102,65535,255,2257,-7502,0,0,0
736103,285,2,608,10036,1,0,1
736104,586,0,3284,9782,1,0,1
736105,65535,255,5147,9456,0,0,0
736106,65535,255,6365,9187,0,0,0
736107,924,0,3074,-7428,1,0,1
736108,1238,0,396,-8264,1,0,1
736109,65535,255,2466,9856,0,0,0
736110,65535,255,4607,9591,0,0,0
736111,65535,255,6008,9278,0,0,0
736112,65535,255,6953,8956,0,0,0
736113,857,0,1372,-7747,1,0,1
736114,977,0,1556,10019,1,0,1
736115,906,0,3984,9660,1,0,1
736116,65535,255,5601,9393,0,0,0
736117,0,0,0,0,0,0,0
736118,65535,255,2278,-7656,0,0,0
736119,1355,0,586,9754,1,0,0
736120,65535,255,3266,9756,0,0,0
736121,65535,255,5136,9453,0,0,0
736122,1302,0,6357,9186,1,0,1
736123,65535,255,-32768,-32768,0,65535,1
736124,65535,255,414,-7199,0,0,0
736125,1075,0,2446,9910,1,0,1
736126,1156,0,4594,9625,1,0,0
736127,65535,255,6001,9248,0,0,0
736128,65535,255,6948,8965,0,0,0
736129,65535,255,1389,-7648,0,0,0
736130,65535,255,1540,9957,0,0,0
736131,65535,255,3972,9648,0,0,0
736132,1250,0,5594,9394,1,0,1
736133,65535,255,6668,9045,0,0,1
736134,65535,255,-32768,-32768,0,65535,1
736135,65535,255,567,10092,0,0,0
736136,65535,255,3252,9824,0,0,0
736137,1228,0,5125,9501,1,0,1
736138,65535,255,6351,9169,0,0,0
736139,65535,255,-32768,-32768,0,65535,1
736140,1813,0,432,-7144,1,0,1
736141,65535,255,2436,9924,0,0,0
736142,890,0,4587,9546,1,0,1
736143,65535,255,5995,9266,0,0,0
736144,65535,255,6945,8957,0,0,0
736145,299,2,1402,-7822,1,0,1
736146,65535,255,1530,10050,0,0,0
736147,1080,0,3965,9730,1,0,1
736148,65535,255,5589,9378,0,0,0
736149,65535,255,6663,9088,0,0,0
736150,1596,0,2294,-7469,1,0,1
736151,571,0,556,10156,1,0,1
736152,803,0,3243,9844,1,0,1
736153,1111,0,5122,9517,1,0,1
736154,65535,255,6348,9188,0,0,0
736155,65535,255,3106,-7473,0,0,0
736156,911,0,435,-7759,1,0,1
736157,826,0,2431,9834,1,0,1
736158,65535,255,4584,9608,0,0,0
736159,1203,0,5992,9277,1,0,1
736160,65535,255,3816,-7349,0,0,0
736161,65535,255,1401,-7766,0,0,0
736162,881,0,1523,10131,1,0,1
736163,65535,255,3961,9723,0,0,0
736164,65535,255,5587,9382,0,0,0
736165,65535,255,4427,-7262,0,0,0
736166,65535,255,2300,-7539,0,0,0
736167,1252,0,557,10452,1,0,1
736168,1324,0,3248,9758,1,0,1
736169,388,0,5120,9476,1,0,0
736170,1857,0,4955,-7104,1,0,1
736171,65535,255,3106,-7423,0,0,0
736172,65535,255,430,-7373,0,0,0
736173,1185,0,2432,9878,1,0,1
736174,1544,0,4584,9590,1,0,1
736175,853,0,5415,-7061,1,0,1
736176,844,0,3812,-7349,1,0,1
736177,1469,0,1395,-7790,1,0,1
736178,1510,0,1535,9830,1,0,1
736179,1197,0,3964,9666,1,0,1
736180,1248,0,5587,9400,1,0,1
736181,1153,0,4424,-7294,1,0,1
736182,1785,0,2294,-7625,1,0,1
736183,65535,255,562,9917,0,0,0
736184,2137,0,3248,9834,1,0,1
736185,65535,255,5124,9478,0,0,0
736186,1936,0,4955,-7164,1,0,1
736187,65535,255,3097,-7385,0,0,0
736188,65535,255,425,-7214,0,0,0
736189,2731,0,2437,9977,1,0,1
736190,1544,0,4591,9589,1,0,1
736191,650,0,5412,-7062,1,0,0
736192,65535,255,3804,-7366,0,0,0
736193,1049,0,1384,-7504,1,0,1
736194,2676,0,1540,9936,1,0,1
736195,1189,0,3973,9677,1,0,0
736196,1368,0,5595,9363,1,0,0
736197,867,2,4417,-7245,1,0,1
736198,65535,255,2284,-7541,0,0,0
736199,714,2,581,9693,1,0,1
736200,773,2,3261,9804,1,0,1
736201,1400,0,5131,9510,1,0,1
736202,1058,0,4948,-7155,1,0,1
736203,1696,0,3089,-7441,1,0,1
736204,2551,0,408,-7192,1,0,1
736205,1648,0,2456,9793,1,0,1
736206,689,0,4601,9612,1,0,0
736207,65535,255,5403,-7011,0,0,0
736208,1337,0,3796,-7407,1,0,1
736209,1276,0,1372,-7648,1,0,1
736210,65535,255,1556,10103,0,0,0
736211,65535,255,3985,9686,0,0,0
736212,1441,0,5602,9396,1,0,1
736213,1493,0,4407,-7221,1,0,1
736214,2249,0,2267,-7500,1,0,1
736215,2123,0,597,10271,1,0,1
736216,1230,0,3279,9802,1,0,1
736217,65535,255,5142,9495,0,0,0
736218,65535,255,4939,-7168,0,0,0
736219,1454,0,3070,-7418,1,0,1
736220,65535,255,389,-7676,0,0,0
736221,1231,0,2476,9882,1,0,1
736222,580,0,4614,9561,1,0,1
736223,2133,0,5395,-7052,1,0,1
736224,1030,0,3779,-7370,1,0,1
736225,1477,0,1344,-7552,1,0,1
736226,1632,2,1583,10037,1,0,1
736227,65535,255,4002,9732,0,0,0
736228,1191,0,5615,9378,1,0,1
736229,65535,255,4393,-7231,0,0,0
736230,1491,0,2241,-7531,1,0,1
736231,2576,0,614,10411,1,0,1
736232,1531,0,3293,9723,1,0,1
736233,0,0,0,0,0,0,0
736234,1666,0,4933,-7127,1,0,1
736235,1933,0,3069,-7429,1,0,1
736236,2538,0,386,-7073,1,0,0
736237,0,0,0,0,0,0,0
736238,1037,0,4614,9599,1,0,1
736239,65535,255,5400,-7067,0,0,0
736240,65535,255,3787,-7339,0,0,0
736241,65535,255,1360,-7676,0,0,0
736242,1174,0,1567,9995,1,0,1
736243,1573,0,3995,9665,1,0,1
736244,1714,0,5607,9400,1,0,1
736245,941,0,4410,-7280,1,0,1
736246,65535,255,2267,-7545,0,0,0
736247,1301,0,597,10367,1,0,1
736248,65535,255,3279,9726,0,0,0
736249,1054,0,5142,9451,1,0,1
736250,65535,255,4942,-7152,0,0,0
736251,938,0,3083,-7487,1,0,1
736252,1037,0,400,-7761,1,0,1
736253,943,0,2461,9818,1,0,1
736254,1110,0,4604,9592,1,0,1
736255,950,0,5406,-7051,1,0,1
736256,1031,0,3795,-7321,1,0,1
736257,65535,255,1372,-7675,0,0,0
736258,65535,255,1556,10018,0,0,0
736259,65535,255,3983,9690,0,0,0
736260,1352,0,5602,9356,1,0,1
736261,65535,255,4413,-7221,0,0,0
736262,65535,255,2278,-7656,0,0,0
736263,940,0,585,10036,1,0,1
736264,747,0,3266,9831,1,0,1
736265,65535,255,5136,9514,0,0,0
736266,65535,255,4946,-7145,0,0,0
736267,907,0,3088,-7495,1,0,1
736268,2316,0,406,-7925,1,0,1
736269,0,0,0,0,0,0,0
736270,890,0,4601,9565,1,0,1
736271,1448,0,5403,-7017,1,0,1
736272,1638,0,3796,-7399,1,0,1
736273,65535,255,1372,-7576,0,0,0
736274,282,2,1551,9955,1,0,0
736275,1237,0,3980,9742,1,0,1
736276,1622,0,5600,9366,1,0,1
736277,1254,0,4415,-7248,1,0,1
736278,65535,255,2278,-7542,0,0,0
736279,65535,255,579,10206,0,0,0
736280,65535,255,3257,9814,0,0,0
736281,836,0,5129,9479,1,0,0
736282,1156,0,4952,-7165,1,0,1
736283,65535,255,3097,-7474,0,0,0
736284,65535,255,424,-7450,0,0,0
736285,1490,0,2441,9937,1,0,1
736286,1300,0,4587,9610,1,0,1
736287,0,0,0,0,0,0,0
736288,65535,255,3808,-7318,0,0,0
736289,3298,0,1395,-7599,1,0,1
736290,65535,255,1529,9893,0,0,0
736291,65535,255,3962,9738,0,0,0
736292,1612,0,5588,9373,1,0,1
736293,1764,0,4427,-7224,1,0,1
736294,2086,0,2299,-7624,1,0,0
736295,930,0,564,9683,1,0,1
736296,0,0,0,0,0,0,0
736297,65535,255,5120,9455,0,0,0
736298,65535,255,4958,-7152,0,0,0
736299,1262,0,3106,-7472,1,0,1
736300,0,0,0,0,0,0,0
736301,65535,255,2426,9978,0,0,0
736302,1490,0,4581,9566,1,0,1
736303,1952,0,5417,-7022,1,0,1
736304,1836,0,3820,-7387,1,0,1
736305,65535,255,1407,-7836,0,0,0
736306,0,0,0,0,0,0,0
736307,65535,255,3954,9717,0,0,0
736308,65535,255,5583,9370,0,0,0
736309,65535,255,4431,-7229,0,0,0
736310,65535,255,2305,-7651,0,0,0
736311,569,2,551,9915,1,0,0
736312,0,0,0,0,0,0,0
736313,65535,255,5115,9493,0,0,0
736314,1641,0,4961,-7112,1,0,1
736315,65535,255,3110,-7412,0,0,0
736316,65535,255,443,-7232,0,0,0
736317,65535,255,2422,9940,0,0,0
736318,1492,0,4577,9555,1,0,1
736319,65535,255,5420,-7026,0,0,0
736320,65535,255,3820,-7402,0,0,0
736321,65535,255,1406,-7550,0,0,0
736322,65535,255,1518,9916,0,0,0
736323,65535,255,3958,9658,0,0,0
736324,0,0,0,0,0,0,0
736325,65535,255,4432,-7233,0,0,0
736326,1340,0,2305,-7608,1,0,1
736327,65535,255,551,9853,0,0,0
736328,256,2,3239,9808,1,0,1
736329,65535,255,5117,9503,0,0,0
736330,65535,255,4960,-7134,0,0,0
736331,1295,0,3110,-7471,1,0,1
736332,1709,0,441,-7757,1,0,1
736333,883,0,2426,9862,1,0,1
736334,1460,0,4580,9623,1,0,1
736335,1295,0,5416,-7012,1,0,1
736336,1209,0,3819,-7386,1,0,1
736337,1225,0,1400,-7551,1,0,1
736338,65535,255,1523,9960,0,0,0
736339,0,0,0,0,0,0,0
736340,110,2,5589,9356,1,0,0
736341,1383,0,4426,-7230,1,0,1
736342,65535,255,2294,-7482,0,0,0
736343,65535,255,562,10330,0,0,0
736344,386,2,3252,9749,1,0,1
736345,0,0,0,0,0,0,0
736346,983,0,4956,-7114,1,0,1
736347,65535,255,3101,-7453,0,0,0
736348,1358,0,429,-7759,1,0,1
736349,2040,0,2441,9861,1,0,1
736350,65535,255,4591,9594,0,0,0
736351,1283,0,5413,-7023,1,0,1
736352,0,0,0,0,0,0,0
736353,65535,255,1389,-7671,0,0,0
736354,65535,255,1540,10107,0,0,0
736355,65535,255,3976,9737,0,0,0
736356,65535,255,5596,9400,0,0,0
736357,1463,0,4418,-7250,1,0,1
736358,65535,255,2283,-7653,0,0,0
736359,65535,255,579,10149,0,0,0
736360,65535,255,3266,9729,0,0,0
736361,65535,255,5136,9475,0,0,0
736362,1240,0,4945,-7122,1,0,1
736363,65535,255,3087,-7474,0,0,0
736364,65535,255,406,-8005,0,0,0
736365,65535,255,2461,9923,0,0,0
736366,2687,0,4607,9576,1,0,1
736367,2223,0,5403,-7059,1,0,1
736368,65535,255,3791,-7367,0,0,0
736369,1497,2,1361,-7550,1,0,1
736370,65535,255,1567,9998,0,0,0
736371,1366,0,3991,9713,1,0,1
736372,2761,0,5609,9388,1,0,1
736373,65535,255,4406,-7297,0,0,0
736374,1733,0,2262,-7671,1,0,1
736375,65535,255,609,10310,0,0,0
736376,0,0,0,0,0,0,0
736377,1129,0,5150,9503,1,0,1
736378,1281,0,4933,-7157,1,0,1
736379,1648,0,3061,-7396,1,0,1
736380,65535,255,371,-7492,0,0,0
736381,851,0,2485,9869,1,0,1
736382,65535,255,4624,9560,0,0,0
736383,65535,255,5389,-7053,0,0,0
736384,65535,255,3767,-7370,0,0,0
736385,65535,255,1333,-7476,0,0,0
736386,65535,255,1595,9873,0,0,0
736387,1091,0,4014,9644,1,0,1
736388,65535,255,5620,9399,0,0,0
736389,1076,0,4386,-7282,1,0,1
736390,787,0,2236,-7574,1,0,1
736391,65535,255,638,9726,0,0,0
736392,1179,0,3306,9781,1,0,1
736393,843,2,5162,9485,1,0,1
736394,673,0,4918,-7116,1,0,1
736395,65535,255,3047,-7438,0,0,0
736396,1374,0,354,-7385,1,0,0
736397,65535,255,2506,9804,0,0,0
736398,615,2,4632,9596,1,0,0
736399,65535,255,5379,-7064,0,0,0
736400,0,0,0,0,0,0,0
736401,1424,0,1316,-7804,1,0,1
736402,65535,255,1612,9852,0,0,0
736403,65535,255,4025,9635,0,0,0
736404,65535,255,5626,9402,0,0,0
736405,519,2,4377,-7290,1,0,0
736406,627,0,2220,-7619,1,0,1
736407,1472,0,655,9937,1,0,1
736408,65535,255,3320,9835,0,0,0
736409,1242,0,5171,9442,1,0,1
736410,65535,255,4907,-7162,0,0,0
736411,1469,0,3027,-7534,1,0,1
736412,65535,255,333,-7621,0,0,0
736413,65535,255,2521,9954,0,0,0
736414,202,2,4645,9540,1,0,1
736415,428,2,5371,-7032,1,0,1
736416,1399,0,3744,-7334,1,0,1
736417,0,0,0,0,0,0,0
736418,1040,0,1617,9973,1,0,1
736419,1033,0,4022,9715,1,0,1
736420,65535,255,5626,9397,0,0,0
736421,65535,255,4373,-7206,0,0,0
736422,65535,255,2220,-7488,0,0,0
736423,65535,255,645,9729,0,0,0
736424,1025,0,3307,9828,1,0,1
736425,65535,255,5163,9459,0,0,0
736426,1298,0,4916,-7115,1,0,1
736427,0,0,0,0,0,0,0
736428,65535,255,361,-8313,0,0,0
736429,893,0,2496,9805,1,0,1
736430,1355,0,4625,9578,1,0,1
736431,65535,255,5382,-7038,0,0,0
736432,65535,255,3768,-7354,0,0,0
736433,938,0,1333,-7551,1,0,1
736434,878,0,1589,10078,1,0,1
736435,1797,0,4007,9637,1,0,1
736436,1173,0,5613,9360,1,0,1
736437,1646,0,4390,-7261,1,0,1
736438,991,0,2247,-7629,1,0,1
736439,65535,255,615,10308,0,0,0
736440,1268,0,3289,9833,1,0,1
736441,1068,0,5149,9483,1,0,1
736442,65535,255,4928,-7145,0,0,0
736443,65535,255,3061,-7405,0,0,0
736444,795,0,383,-7760,1,0,1
736445,65535,255,2476,9935,0,0,0
736446,65535,255,4612,9606,0,0,0
736447,1283,0,5393,-7021,1,0,1
736448,1543,0,3780,-7336,1,0,1
736449,65535,255,1356,-7525,0,0,0
736450,65535,255,1567,10082,0,0,0
736451,1048,0,3992,9655,1,0,1
736452,65535,255,5605,9372,0,0,0
736453,65535,255,4403,-7290,0,0,0
736454,65535,255,2262,-7484,0,0,0
736455,65535,255,603,9818,0,0,0
736456,65535,255,3280,9719,0,0,0
736457,65535,255,5143,9495,0,0,0
736458,65535,255,4940,-7165,0,0,0
736459,1390,0,3074,-7455,1,0,1
736460,1603,0,402,-8253,1,0,1
736461,1349,0,2466,9833,1,0,1
736462,941,0,4605,9564,1,0,1
736463,1115,0,5400,-7013,1,0,1
736464,65535,255,3791,-7303,0,0,0
736465,65535,255,1369,-7623,0,0,0
736466,1156,0,1556,10064,1,0,1
736467,65535,255,3984,9656,0,0,0
736468,65535,255,5602,9377,0,0,0
736469,65535,255,4410,-7206,0,0,0
736470,843,0,2273,-7540,1,0,1
736471,65535,255,591,10093,0,0,0
736472,65535,255,3270,9787,0,0,0
736473,1250,0,5139,9455,1,0,1
736474,65535,255,6359,9181,0,0,0
736475,65535,255,3083,-7403,0,0,0
736476,65535,255,406,-7920,0,0,0
736477,932,0,2456,9836,1,0,1
736478,65535,255,4604,9553,0,0,0
736479,702,0,6004,9250,1,0,1
736480,65535,255,6952,8978,0,0,0
736481,65535,255,1372,-7525,0,0,0
736482,1487,0,1551,10127,1,0,1
736483,858,0,3980,9686,1,0,1
736484,65535,255,5599,9406,0,0,0
736485,65535,255,6672,9060,0,0,0
736486,0,0,0,0,0,0,0
736487,65535,255,587,9699,0,0,0
736488,1073,2,3271,9730,1,0,1
736489,1231,0,5136,9512,1,0,1
736490,1708,0,6359,9166,1,0,1
736491,65535,255,-32768,-32768,0,65535,1
736492,792,0,411,-7757,1,0,1
736493,689,0,2451,9990,1,0,1
736494,913,0,4600,9553,1,0,1
736495,65535,255,6004,9254,0,0,0
736496,65535,255,6952,8955,0,0,1
736497,65535,255,1378,-7574,0,0,0
736498,65535,255,1556,9875,0,0,0
736499,930,0,3981,9719,1,0,1
736500,1619,0,5602,9355,1,0,1
736501,65535,255,6672,9062,0,0,1
736502,1540,0,2273,-7525,1,0,1
736503,963,0,585,10152,1,0,0
736504,1204,0,3270,9815,1,0,1
736505,1456,0,5139,9481,1,0,1
736506,969,0,6359,9148,1,0,1
736507,65535,255,-32768,-32768,0,65535,1
736508,886,0,406,-7512,1,0,1
736509,65535,255,2456,9951,0,0,0
736510,65535,255,4604,9546,0,0,0
736511,1392,0,6007,9253,1,0,1
736512,65535,255,6952,8962,0,0,0
736513,65535,255,1372,-7622,0,0,0
736514,1036,0,1557,9916,1,0,1
736515,1106,0,3982,9740,1,0,1
736516,65535,255,5602,9373,0,0,0
736517,65535,255,6673,9075,0,0,1
736518,1088,0,2272,-7596,1,0,1
736519,65535,255,592,10487,0,0,0
736520,65535,255,3275,9730,0,0,0
736521,65535,255,5140,9517,0,0,0
736522,1316,0,6360,9176,1,0,1
736523,747,0,3079,-7424,1,0,1
736524,65535,255,402,-8334,0,0,0
736525,769,0,2461,9886,1,0,1
736526,65535,255,4604,9614,0,0,0
736527,1317,0,6007,9297,1,0,1
736528,65535,255,3786,-7310,0,0,0
736529,65535,255,1362,-7552,0,0,0
736530,65535,255,1568,9874,0,0,0
736531,884,0,3988,9737,1,0,1
736532,924,0,5605,9372,1,0,1
736533,771,0,4403,-7225,1,0,1
736534,1081,0,2262,-7627,1,0,1
736535,933,0,604,9765,1,0,1
736536,1340,0,3279,9757,1,0,1
736537,774,0,5143,9464,1,0,1
736538,1585,0,4934,-7155,1,0,1
736539,939,0,3070,-7485,1,0,1
736540,65535,255,389,-7586,0,0,0
736541,1043,0,2471,9958,1,0,1
736542,65535,255,4612,9569,0,0,0
736543,65535,255,5393,-7025,0,0,0
736544,65535,255,3780,-7383,0,0,0
736545,1251,0,1350,-7822,1,0,1
736546,913,0,1573,10124,1,0,1
736547,990,0,3995,9706,1,0,1
736548,826,0,5611,9362,1,0,1
736549,946,0,4393,-7208,1,0,1
736550,1596,0,2246,-7600,1,0,1
736551,762,0,616,9716,1,0,1
736552,65535,255,3288,9756,0,0,0
736553,65535,255,5152,9462,0,0,0
736554,65535,255,4925,-7162,0,0,0
736555,65535,255,3056,-7508,0,0,0
736556,65535,255,372,-8203,0,0,0
736557,65535,255,2486,9883,0,0,1
736558,65535,255,4622,9617,0,0,0
736559,65535,255,5387,-7065,0,0,0
736560,65535,255,3768,-7345,0,0,0
736561,752,0,1332,-7724,1,0,1
736562,1256,0,1595,10037,1,0,1
736563,934,0,4010,9689,1,0,1
736564,65535,255,5618,9351,0,0,0
736565,875,0,4383,-7217,1,0,1
736566,1378,0,2231,-7602,1,0,1
736567,65535,255,638,9778,0,0,0
736568,65535,255,3307,9773,0,0,0
736569,1195,0,5163,9475,1,0,1
736570,1191,0,4916,-7181,1,0,1
736571,1164,0,3038,-7440,1,0,1
736572,1237,0,350,-8329,1,0,1
736573,862,0,2506,9906,1,0,1
736574,65535,255,4635,9541,0,0,0
736575,864,0,5374,-7011,1,0,1
736576,65535,255,3751,-7379,0,0,0
736577,1855,0,1311,-7829,1,0,1
736578,65535,255,1617,9833,0,0,0
736579,203,2,4025,9730,1,0,1
736580,65535,255,5631,9384,0,0,0
736581,65535,255,4370,-7257,0,0,0
736582,65535,255,2209,-7517,0,0,0
736583,65535,255,661,10338,0,0,0
736584,65535,255,3329,9742,0,0,0
736585,1559,0,5177,9463,1,0,1
736586,1104,0,4904,-7177,1,0,1
736587,735,0,3023,-7440,1,0,1
736588,2069,0,325,-7350,1,0,1
736589,905,0,2521,9791,1,0,1
736590,891,0,4641,9589,1,0,1
736591,65535,255,5373,-7045,0,0,0
736592,65535,255,3751,-7316,0,0,0
736593,65535,255,1310,-7677,0,0,0
736594,65535,255,1611,10036,0,0,0
736595,65535,255,4021,9702,0,0,0
736596,1149,0,5625,9368,1,0,1
736597,65535,255,4383,-7235,0,0,0
736598,1074,0,2230,-7471,1,0,1
736599,726,0,631,10249,1,0,1
736600,65535,255,3307,9727,0,0,0
736601,65535,255,5159,9462,0,0,0
736602,65535,255,4924,-7167,0,0,1
736603,65535,255,3065,-7418,0,0,0
736604,65535,255,383,-7762,0,0,0
736605,65535,255,2475,9921,0,0,0
736606,65535,255,4614,9592,0,0,0
736607,65535,255,5397,-7008,0,0,0
736608,895,0,3787,-7305,1,0,1
736609,741,0,1366,-7795,1,0,1
736610,718,0,1562,9956,1,0,1
736611,1131,0,3987,9713,1,0,1
736612,65535,255,5602,9403,0,0,0
736613,1014,0,4413,-7227,1,0,1
736614,645,0,2278,-7555,1,0,1
736615,65535,255,585,10038,0,0,0
736616,697,0,3266,9757,1,0,1
736617,929,0,5133,9511,1,0,1
736618,895,0,4951,-7175,1,0,1
736619,963,0,3092,-7463,1,0,1
736620,65535,255,419,-8232,0,0,0
736621,65535,255,2447,9808,0,0,0
736622,819,0,4594,9546,1,0,1
736623,1422,0,5413,-7052,1,0,1
736624,65535,255,3811,-7395,0,0,0
736625,65535,255,1394,-7717,0,0,0
736626,65535,255,1535,9916,0,0,0
736627,65535,255,3965,9709,0,0,0
736628,893,0,5589,9411,1,0,1
736629,1104,0,4430,-7242,1,0,1
736630,1345,0,2299,-7609,1,0,1
736631,65535,255,556,10334,0,0,0
736632,65535,255,3243,9808,0,0,0
736633,65535,255,5122,9467,0,0,0
736634,65535,255,4963,-7134,0,0,0
736635,1162,0,3110,-7402,1,0,1
736636,65535,255,441,-7834,0,0,0
736637,990,0,2421,9968,1,0,1
736638,744,0,4577,9630,1,0,1
736639,1389,0,5422,-7049,1,0,1
736640,65535,255,3824,-7401,0,0,0
736641,756,0,1417,-7762,1,0,1
736642,999,0,1512,9983,1,0,1
736643,65535,255,3950,9741,0,0,0
736644,65535,255,5580,9363,0,0,0
736645,960,0,4440,-7290,1,0,1
736646,1141,0,2315,-7508,1,0,1
736647,65535,255,539,9913,0,0,0
736648,1055,0,3230,9762,1,0,1
736649,65535,255,5108,9527,0,0,0
736650,65535,255,4969,-7121,0,0,0
736651,634,0,3124,-7380,1,0,1
736652,1929,0,458,-7757,1,0,1
736653,1494,0,2407,9970,1,0,1
736654,305,0,4568,9603,1,0,1
736655,1034,0,5426,-7028,1,0,0
736656,1030,0,3832,-7305,1,0,1
736657,65535,255,1424,-7501,0,0,0
736658,65535,255,1496,10093,0,0,0
736659,65535,255,3943,9676,0,0,0
736660,65535,255,5572,9397,0,0,0
736661,1250,0,4444,-7244,1,0,0
736662,1286,0,2326,-7646,1,0,1
736663,65535,255,529,9659,0,0,0
736664,65535,255,3221,9739,0,0,0
736665,65535,255,5103,9513,0,0,0
736666,1039,0,4973,-7114,1,0,1
736667,1403,0,3128,-7378,1,0,1
736668,951,0,470,-7823,1,0,1
736669,65535,255,2397,9998,0,0,0
736670,1144,0,4564,9558,1,0,1
736671,65535,255,5428,-7008,0,0,0
736672,65535,255,3836,-7335,0,0,0
736673,1104,0,1434,-7618,1,0,1
736674,1197,0,1491,9898,1,0,1
736675,1144,0,3935,9736,1,0,1
736676,0,0,0,0,0,0,0
736677,771,0,4448,-7205,1,0,1
736678,65535,255,2331,-7561,0,0,0
736679,1014,0,522,10353,1,0,1
736680,897,0,3213,9841,1,0,1
736681,0,0,0,0,0,0,0
736682,0,0,0,0,0,0,0
736683,65535,255,3133,-7525,0,0,0
736684,65535,255,469,-7823,0,0,0
736685,65535,255,2397,9945,0,0,0
736686,0,0,0,0,0,0,0
736687,821,0,5430,-6997,1,0,1
736688,65535,255,3836,-7335,0,0,0
736689,682,0,1434,-7641,1,0,1
736690,886,0,1491,9941,1,0,1
736691,70,2,3935,9752,1,0,0
736692,1014,0,5570,9380,1,0,1
736693,65535,255,4447,-7230,0,0,0
736694,597,0,2331,-7642,1,0,1
736695,1584,0,529,9724,1,0,1
736696,65535,255,3221,9755,0,0,0
736697,769,0,5103,9457,1,0,1
736698,65535,255,4972,-7151,0,0,0
736699,413,0,3132,-7466,1,0,1
736700,1205,0,465,-7469,3,0,0
736701,65535,255,2402,9958,0,0,0
736702,65535,255,4567,9552,0,0,0
736703,65535,255,5428,-7007,0,0,0
736704,1854,0,3836,-7358,3,0,0
736705,1813,0,1429,-7735,3,0,0
736706,65535,255,1496,10029,0,0,0
736707,65535,255,3943,9677,0,0,0
736708,65535,255,5574,9407,0,0,0
736709,1249,0,4444,-7275,1,0,1
736710,65535,255,2320,-7520,0,0,0
736711,1667,0,533,10220,1,0,1
736712,65535,255,3226,9841,0,0,0
736713,66,2,5108,9508,1,0,0
736714,218,2,4969,-7120,1,0,1
736715,1196,0,3123,-7418,1,0,1
736716,372,0,455,-7171,1,0,0
736717,65535,255,2411,9918,0,0,0
736718,44,2,4570,9633,1,0,0
736719,0,0,0,0,0,0,0
736720,65535,255,3827,-7352,0,0,0
736721,65535,255,1417,-7713,0,0,0
736722,65535,255,1512,10049,0,0,0
736723,1169,0,3954,9684,1,0,1
736724,1437,0,5582,9415,1,0,1
736725,870,0,4437,-7212,1,0,1
736726,1328,0,2309,-7577,1,0,1
736727,65535,255,546,10522,0,0,0
736728,65535,255,6985,-6458,0,0,1
736729,1329,0,5120,9459,1,0,1
736730,1674,0,4963,-7159,1,0,1
736731,65535,255,3114,-7498,0,0,0
736732,65535,255,441,-7832,0,0,0
736733,65535,255,2431,9837,0,0,0
736734,65535,255,4584,9606,0,0,0
736735,65535,255,5419,-7057,0,0,0
736736,2804,1,3815,-7330,3,0,0
736737,1339,0,1400,-7668,3,0,0
736738,0,0,0,0,0,0,0
736739,65535,255,3968,9674,0,0,0
736740,1997,0,5591,9400,3,0,0
736741,1210,0,4426,-7196,3,0,0
736742,1466,0,2294,-7594,1,0,0
736743,1377,0,569,9690,1,0,1
736744,1827,0,3257,9770,1,0,1
736745,1633,0,5130,9473,1,0,1
736746,65535,255,4951,-7122,0,0,0
736747,796,0,3097,-7391,1,0,1
736748,65535,255,419,-8232,0,0,0
736749,617,0,2446,9914,1,0,1
736750,725,0,4597,9548,1,0,1
736751,288,2,5408,-7012,1,0,1
736752,65535,255,3803,-7387,0,0,0
736753,1750,0,1373,-7475,1,0,1
736754,1541,0,1557,9855,1,0,1
736755,0,0,0,0,0,0,0
736756,65535,255,5602,9392,0,0,0
736757,691,0,4413,-7268,1,0,1
736758,65535,255,2267,-7540,0,0,0
736759,2131,0,592,10430,1,0,1
736760,712,0,3275,9749,1,0,1
736761,65535,255,5142,9470,0,0,0
736762,65535,255,4938,-7167,0,0,0
736763,788,0,3074,-7394,1,0,1
736764,0,0,0,0,0,0,0
736765,1820,0,2471,9937,1,0,1
736766,1585,0,4614,9564,1,0,1
736767,1159,0,5395,-7029,1,0,1
736768,0,0,0,0,0,0,0
736769,2291,0,1343,-7598,1,0,1
736770,2508,1,1584,9978,1,0,1
736771,65535,255,4003,9676,0,0,0
736772,1855,0,5615,9352,1,0,1
736773,65535,255,4390,-7221,0,0,0
736774,1578,0,2241,-7672,1,0,1
736775,65535,255,626,10092,0,0,1
736776,903,0,3297,9850,1,0,1
736777,1436,0,5160,9446,1,0,1
736778,65535,255,4921,-7162,0,0,0
736779,65535,255,3047,-7519,0,0,0
736780,1420,0,355,-8225,1,0,1
736781,96,2,2501,9920,1,0,0
736782,210,2,4632,9561,1,0,1
736783,65535,255,5376,-7004,0,0,0
736784,883,0,3759,-7416,1,0,1
736785,0,0,0,0,0,0,0
736786,65535,255,1606,9874,0,0,0
736787,65535,255,4014,9682,0,0,0
736788,65535,255,5621,9382,0,0,0
736789,65535,255,4383,-7292,0,0,0
736790,70,2,2226,-7472,1,0,0
736791,0,0,0,0,0,0,0
736792,574,0,3302,9821,1,0,1
736793,65535,255,5160,9456,0,0,0
736794,1514,0,4916,-7113,1,0,1
736795,65535,255,3047,-7488,0,0,0
736796,1378,0,357,-7012,1,0,0
736797,1222,0,2496,9819,1,0,1
736798,865,0,4626,9550,1,0,1
736799,1249,0,5382,-7046,1,0,1
736800,1246,0,3764,-7369,1,0,1
736801,1366,0,1327,-7624,1,0,1
736802,65535,255,1595,10141,0,0,0
736803,65535,255,4007,9668,0,0,0
736804,1006,0,5616,9375,1,0,1
736805,69,2,4387,-7285,1,0,1
736806,0,0,0,0,0,0,0
736807,65535,255,628,9669,0,0,0
736808,65535,255,3298,9840,0,0,0
736809,1058,0,5154,9473,1,0,1
736810,0,0,0,0,0,0,0
736811,65535,255,3051,-7394,0,0,0
736812,393,2,366,-7668,1,0,0
736813,444,2,2491,9922,1,0,1
736814,0,0,0,0,0,0,0
736815,65535,255,5384,-7017,0,0,0
736816,65535,255,3767,-7336,0,0,0
736817,65535,255,1333,-7523,0,0,0
736818,65535,255,1589,10081,0,0,0
736819,65535,255,4007,9654,0,0,0
736820,0,0,0,0,0,0,0
736821,65535,255,4390,-7291,0,0,0
736822,911,0,2236,-7499,1,0,0
736823,1457,0,627,9827,1,0,0
736824,65535,255,3298,9728,0,0,0
736825,65535,255,5154,9499,0,0,0
736826,65535,255,4922,-7172,0,0,0
736827,1229,0,3051,-7456,1,0,1
736828,65535,255,368,-8389,0,0,0
736829,65535,255,2491,9833,0,0,0
736830,65535,255,4625,9562,0,0,0
736831,1496,0,6021,9251,1,0,1
736832,65535,255,3767,-7304,0,0,0
736833,1502,0,1333,-7793,1,0,1
736834,65535,255,1595,10039,0,0,0
736835,1324,0,4010,9647,1,0,1
736836,1079,0,5618,9375,1,0,1
736837,65535,255,4387,-7243,0,0,0
736838,65535,255,2236,-7527,0,0,0
736839,0,0,0,0,0,0,0
736840,0,0,0,0,0,0,0
736841,65535,255,5160,9447,0,0,0
736842,65535,255,6373,9174,0,0,0
736843,65535,255,3051,-7528,0,0,0
736844,65535,255,360,-7664,0,0,0
736845,65535,255,2496,9947,0,0,0
736846,65535,255,4628,9623,0,0,0
736847,65535,255,6023,9295,0,0,0
736848,65535,255,6964,8965,0,0,1
736849,1553,0,1327,-7774,1,0,1
736850,931,0,1600,10018,1,0,1
736851,0,0,0,0,0,0,0
736852,65535,255,5623,9374,0,0,0
736853,65535,255,6688,9070,0,0,0
736854,539,0,2230,-7543,1,0,1
736855,65535,255,637,10143,0,0,0
736856,1156,0,3311,9793,1,0,1
736857,972,0,5165,9467,1,0,1
736858,944,0,6379,9191,1,0,1
736859,65535,255,-32768,-32768,0,65535,1
736860,65535,255,349,-8324,0,0,0
736861,1245,0,2511,9844,1,0,1
736862,65535,255,4638,9579,0,0,0
736863,43,2,6028,9266,1,0,0
736864,65535,255,6969,8946,0,0,0
736865,65535,255,1315,-7650,0,0,0
736866,65535,255,1617,9915,0,0,0
736867,1109,0,4025,9725,1,0,1
736868,1152,0,5631,9359,1,0,1
736869,65535,255,6693,9060,0,0,0
736870,65535,255,2215,-7514,0,0,0
736871,1546,0,655,10040,1,0,1
736872,972,2,3324,9791,1,0,1
736873,1103,0,5174,9465,1,0,1
736874,1189,2,6383,9184,1,0,0
736875,65535,255,-32768,-32768,0,65535,1
736876,65535,255,337,-8120,0,0,0
736877,781,0,2520,9868,1,0,1
736878,1112,0,4645,9596,1,0,1
736879,65535,255,6033,9284,0,0,0
736880,65535,255,6973,8959,0,0,1
736881,1379,0,1299,-7753,1,0,1
736882,1392,0,1632,10020,1,0,1
736883,65535,255,4038,9654,0,0,0
736884,661,0,5635,9385,1,0,1
736885,65535,255,6697,9068,0,0,1
736886,1113,0,2199,-7633,1,0,1
736887,65535,255,673,9782,0,0,0
736888,1084,0,3338,9724,1,0,1
736889,65535,255,5179,9510,0,0,0
736890,65535,255,6389,9169,0,0,0
736891,65535,255,3013,-7417,0,0,0
736892,1763,0,313,-8072,1,0,1
736893,1207,0,2540,9829,1,0,1
736894,427,0,4655,9576,1,0,0
736895,65535,255,6040,9274,0,0,0
736896,1038,0,3727,-7318,1,0,1
736897,1535,0,1281,-7678,1,0,1
736898,634,0,1639,10074,1,0,1
736899,65535,255,4041,9715,0,0,0
736900,65535,255,5638,9380,0,0,0
736901,65535,255,4359,-7251,0,0,0
736902,797,0,2199,-7530,1,0,1
736903,65535,255,667,10387,0,0,0
736904,65535,255,3329,9762,0,0,0
736905,65535,255,5174,9485,0,0,0
736906,927,0,4903,-7110,1,0,1
736907,1285,0,3023,-7438,1,0,1
736908,1745,0,331,-7456,1,0,1
736909,1072,0,2521,9830,1,0,1
736910,65535,255,4639,9615,0,0,0
736911,65535,255,5372,-7043,0,0,0
736912,65535,255,3747,-7378,0,0,0
736913,1474,0,1305,-7497,1,0,1
736914,65535,255,1617,9935,0,0,0
736915,65535,255,4021,9667,0,0,0
736916,1307,0,5626,9351,1,0,1
736917,1166,0,4373,-7216,1,0,1
736918,923,0,2221,-7510,1,0,1
736919,65535,255,643,10196,0,0,0
736920,65535,255,3312,9727,0,0,0
736921,740,0,5161,9467,1,0,1
736922,65535,255,4918,-7172,0,0,0
736923,65535,255,3042,-7415,0,0,0
736924,1593,0,354,-7384,1,0,1
736925,65535,255,2496,9820,0,0,0
736926,65535,255,4625,9612,0,0,0
736927,790,0,5382,-7002,1,0,1
736928,1116,0,3763,-7383,1,0,1
736929,593,0,1333,-7548,1,0,1
736930,65535,255,1589,9978,0,0,0
736931,1111,0,4007,9691,1,0,1
736932,1021,0,5616,9371,1,0,1
736933,657,0,4390,-7245,1,0,1
736934,892,0,2241,-7541,1,0,1
736935,1584,0,620,9986,1,0,1
736936,0,0,0,0,0,0,0
736937,65535,255,5151,9454,0,0,0
736938,934,0,4928,-7170,1,0,1
736939,704,0,3061,-7402,1,0,1
736940,1730,0,378,-7404,1,0,1
736941,65535,255,2481,9821,0,0,0
736942,949,0,4615,9620,1,0,1
736943,966,0,5390,-7010,1,0,1
736944,728,0,3780,-7404,1,0,1
736945,65535,255,1349,-7621,0,0,0
736946,1458,0,1573,10064,1,0,1
736947,918,0,3992,9730,1,0,1
736948,1268,0,5608,9396,1,0,1
736949,672,0,4399,-7277,1,0,1
736950,65535,255,2257,-7653,0,0,0
736951,1382,0,602,10206,1,0,1
736952,65535,255,3280,9750,0,0,1
736953,65535,255,5143,9487,0,0,0
736954,787,0,4936,-7125,1,0,1
736955,65535,255,3074,-7492,0,0,0
736956,65535,255,396,-8259,0,0,0
736957,65535,255,2466,9965,0,0,0
736958,65535,255,4608,9597,0,0,0
736959,65535,255,5395,-6998,0,0,0
736960,65535,255,3787,-7395,0,0,0
736961,65535,255,1361,-7619,0,0,0
736962,934,0,1562,10087,1,0,1
736963,1211,0,3988,9739,1,0,1
736964,65535,255,5602,9407,0,0,0
736965,870,0,4406,-7216,1,0,1
736966,65535,255,2268,-7495,0,0,0
736967,0,0,0,0,0,0,0
736968,65535,255,3257,9731,0,0,0
736969,948,0,5128,9496,1,0,1
736970,978,0,4954,-7163,1,0,1
736971,750,0,3101,-7453,1,0,1
736972,65535,255,430,-8222,0,0,0
736973,566,0,2437,9821,1,0,0
736974,65535,255,4591,9565,0,0,0
736975,65535,255,5413,-6998,0,0,0
736976,65535,255,3812,-7309,0,0,0
736977,0,0,0,0,0,0,0
736978,65535,255,1523,10045,0,0,0
736979,651,0,3962,9650,1,0,1
736980,65535,255,5587,9379,0,0,0
736981,1319,0,4430,-7204,1,0,1
736982,335,0,2304,-7538,1,0,1
736983,65535,255,550,10095,0,0,1
736984,65535,255,3239,9780,0,0,0
736985,822,0,5120,9457,1,0,1
736986,570,0,4966,-7128,1,0,1
736987,993,0,3114,-7401,1,0,1
736988,65535,255,446,-7906,0,0,0
736989,584,0,2418,9937,1,0,1
736990,577,0,4577,9550,1,0,1
736991,65535,255,5422,-7002,0,0,0
736992,65535,255,3827,-7306,0,0,0
736993,65535,255,1417,-7502,0,0,0
736994,65535,255,1507,10113,0,0,0
736995,766,0,3950,9682,1,0,1
736996,1048,0,5579,9400,1,0,1
736997,65535,255,4443,-7246,0,0,0
736998,65535,255,2320,-7647,0,0,0
736999,2473,1,541,9605,1,0,1
737000,65535,255,3229,9745,0,0,0
737001,65535,255,5111,9511,0,0,1
737002,65535,255,4969,-7110,0,0,0
737003,65535,255,3126,-7472,0,0,0
737004,65535,255,458,-7827,0,0,0
737005,65535,255,2407,9996,0,0,0
737006,787,0,4570,9557,1,0,0
737007,65535,255,5427,-7004,0,0,0
737008,1312,0,3831,-7329,1,0,1
737009,1345,0,1423,-7620,1,0,1
737010,1030,0,1502,9897,1,0,1
737011,65535,255,3942,9728,0,0,0
737012,65535,255,5577,9364,0,0,0
737013,65535,255,4444,-7201,0,0,0
737014,65535,255,2325,-7562,0,0,0
737015,65535,255,527,10286,0,0,0
737016,613,0,3221,9840,1,0,0
737017,1161,0,5108,9496,1,0,1
737018,65535,255,4972,-7098,0,0,0
737019,785,2,3132,-7516,1,0,0
737020,1848,0,464,-7827,1,0,1
737021,65535,255,2406,9851,0,0,0
737022,65535,255,4567,9570,0,0,0
737023,1167,0,5428,-7018,1,0,1
737024,893,0,3836,-7367,1,0,1
737025,65535,255,1428,-7736,0,0,0
737026,65535,255,1496,10028,0,0,0
737027,974,0,3943,9669,1,0,1
737028,981,0,5574,9401,1,0,1
737029,699,0,4447,-7263,1,0,1
737030,65535,255,2320,-7493,0,0,0
737031,988,0,527,10034,1,0,1
737032,65535,255,3221,9812,0,0,0
737033,65535,255,5109,9486,0,0,0
737034,0,0,0,0,0,0,0
737035,65535,255,3128,-7525,0,0,0
737036,2104,1,458,-7898,1,0,1
737037,632,0,2407,9825,1,0,0
737038,65535,255,4567,9589,0,0,0
737039,65535,255,5425,-7037,0,0,0
737040,65535,255,3830,-7363,0,0,0
737041,65535,255,1423,-7502,0,0,0
737042,65535,255,1508,9832,0,0,0
737043,65535,255,3943,9728,0,0,0
737044,2481,0,5577,9369,3,0,0
737045,65535,255,4440,-7226,0,0,0
737046,2358,0,2315,-7633,1,0,0
737047,65535,255,540,9791,0,0,0
737048,65535,255,3231,9772,0,0,0
737049,65535,255,5112,9470,0,0,0
737050,1180,0,4967,-7169,1,0,1
737051,65535,255,3119,-7517,0,0,0
737052,65535,255,452,-7901,0,0,0
737053,705,0,2417,9838,1,0,1
737054,65535,255,4574,9600,0,0,0
737055,65535,255,5423,-7052,0,0,0
737056,622,0,3824,-7313,1,0,1
737057,1454,0,1412,-7619,1,0,1
737058,865,0,1512,9962,1,0,1
737059,1536,0,3954,9653,1,0,1
737060,2272,0,5582,9400,1,0,1
737061,2082,0,4434,-7271,1,0,1
737062,1945,0,2304,-7536,1,0,1
737063,2933,0,551,10336,1,0,1
737064,65535,255,3241,9806,0,0,0
737065,65535,255,5118,9491,0,0,0
737066,1281,0,4960,-7149,1,0,0
737067,3242,0,3106,-7479,1,0,0
737068,457,0,435,-7681,1,0,0
737069,452,0,2432,9811,1,0,0
737070,1825,0,4584,9593,3,0,0
737071,1235,0,5414,-7049,3,0,0
737072,65535,255,3811,-7315,0,0,0
737073,65535,255,1395,-7644,0,0,0
737074,1529,0,1534,10001,1,0,1
737075,600,2,3965,9674,1,0,0
737076,269,2,5590,9396,1,0,1
737077,65535,255,4420,-7197,0,0,0
737078,462,2,2289,-7608,1,0,0
737079,2310,0,575,9751,1,0,1
737080,65535,255,3257,9779,0,0,0
737081,65535,255,5128,9483,0,0,0
737082,0,0,0,0,0,0,0
737083,65535,255,3092,-7412,0,0,0
737084,1605,0,414,-7197,1,0,1
737085,1652,0,2451,9939,1,0,1
737086,1030,0,4598,9560,1,0,1
737087,824,0,5406,-7027,1,0,1
737088,65535,255,3800,-7410,0,0,0
737089,0,0,0,0,0,0,0
737090,65535,255,1556,10022,0,0,0
737091,1931,0,3984,9686,1,0,1
737092,65535,255,5603,9360,0,0,0
737093,65535,255,4407,-7219,0,0,0
737094,1848,0,2268,-7653,1,0,1
737095,65535,255,597,10038,0,0,0
737096,147,2,3275,9834,1,0,1
737097,973,0,5142,9511,1,0,1
737098,65535,255,4936,-7143,0,0,0
737099,65535,255,3074,-7484,0,0,0
737100,1395,0,389,-7842,1,0,1
737101,0,0,0,0,0,0,0
737102,0,0,0,0,0,0,0
737103,65535,255,5392,-7002,0,0,0
737104,940,0,3779,-7374,1,0,1
737105,574,2,1349,-7746,1,0,0
737106,65535,255,1584,10122,0,0,0
737107,0,0,0,0,0,0,0
737108,662,0,5615,9384,1,0,1
737109,65535,255,4393,-7266,0,0,0
737110,936,0,2241,-7542,1,0,1
737111,65535,255,630,9969,0,0,0
737112,704,0,3302,9774,1,0,1
737113,51,2,5159,9483,1,0,1
737114,258,0,4921,-7114,1,0,1
737115,65535,255,3046,-7437,0,0,0
737116,65535,255,354,-7481,0,0,0
737117,65535,255,2505,9818,0,0,0
737118,1450,0,4635,9603,1,0,1
737119,65535,255,5381,-7067,0,0,0
737120,65535,255,3755,-7307,0,0,0
737121,0,0,0,0,0,0,0
737122,65535,255,1611,9894,0,0,0
737123,65535,255,4021,9681,0,0,0
737124,65535,255,5625,9373,0,0,0
737125,65535,255,4383,-7273,0,0,0
737126,65535,255,2230,-7616,0,0,0
737127,65535,255,637,10143,0,0,0
737128,65535,255,3307,9755,0,0,0
737129,1414,0,5162,9497,1,0,1
737130,1096,0,4921,-7151,1,0,1
737131,553,0,3051,-7384,1,0,1
737132,65535,255,360,-7483,0,0,0
737133,1930,0,2496,9870,1,0,1
737134,65535,255,4628,9562,0,0,0
737135,1253,0,5386,-7050,1,0,1
737136,814,0,3771,-7367,1,0,1
737137,1614,0,1332,-7573,1,0,1
737138,1059,0,1589,10081,1,0,1
737139,1690,0,4011,9632,1,0,1
737140,0,0,0,0,0,0,0
737141,65535,255,4393,-7239,0,0,0
737142,1271,0,2241,-7571,1,0,1
737143,65535,255,620,9983,0,0,0
737144,776,0,3293,9738,1,0,1
737145,65535,255,5151,9489,0,0,0
737146,1101,0,4927,-7149,1,0,1
737147,0,0,0,0,0,0,0
737148,761,0,377,-7581,1,0,1
737149,65535,255,2481,9898,0,0,0
737150,1050,0,4618,9576,1,0,1
737151,65535,255,5391,-7045,0,0,0
737152,0,0,0,0,0,0,0
737153,1286,0,1344,-7696,1,0,0
737154,237,2,1579,9875,1,0,1
737155,1005,0,3999,9685,1,0,1
737156,1012,0,5611,9385,1,0,1
737157,65535,255,4397,-7295,0,0,0
737158,65535,255,2252,-7468,0,0,0
737159,1993,0,616,9663,1,0,1
737160,65535,255,3284,9833,0,0,0
737161,1088,0,5149,9469,1,0,1
737162,65535,255,4930,-7127,0,0,0
737163,1073,2,3065,-7524,1,0,1
737164,1385,2,383,-7409,1,0,1
737165,65535,255,2476,9872,0,0,0
737166,0,0,0,0,0,0,0
737167,562,2,5392,-7011,1,0,1
737168,1064,0,3779,-7356,1,0,1
737169,65535,255,1350,-7769,0,0,0
737170,1205,0,1573,9937,1,0,1
737171,589,0,3992,9715,1,0,1
737172,936,0,5605,9409,1,0,1
737173,784,0,4400,-7237,1,0,1
737174,65535,255,2257,-7582,0,0,0
737175,65535,255,602,10150,0,0,0
737176,65535,255,3284,9777,0,0,0
737177,1149,0,5144,9481,1,0,1
737178,421,0,4931,-7104,1,0,1
737179,1174,0,3065,-7493,1,0,0
737180,2092,0,384,-7239,1,0,1
737181,871,0,2476,9860,1,0,0
737182,65535,255,4612,9571,0,0,0
737183,0,0,0,0,0,0,0
737184,0,0,0,0,0,0,0
737185,65535,255,1355,-7818,0,0,0
737186,0,0,0,0,0,0,0
737187,65535,255,3993,9714,0,0,0
737188,961,0,5608,9359,1,0,1
737189,803,0,4400,-7269,1,0,1
737190,65535,255,2253,-7511,0,0,0
737191,1506,0,610,9713,1,0,1
737192,65535,255,3285,9852,0,0,0
737193,122,2,5146,9491,1,0,1
737194,521,2,4930,-7159,1,0,1
737195,65535,255,3065,-7444,0,0,0
737196,65535,255,384,-8275,0,0,0
737197,0,0,0,0,0,0,0
737198,65535,255,4615,9564,0,0,0
737199,65535,255,6014,9253,0,0,0
737200,65535,255,3775,-7303,0,0,0
737201,1431,0,1347,-7633,1,0,1
737202,1141,0,1579,10062,1,0,1
737203,65535,255,3999,9655,0,0,0
737204,663,0,5610,9377,1,0,1
737205,65535,255,6679,9071,0,0,1
737206,1293,0,2246,-7540,1,0,1
737207,65535,255,614,10094,0,0,0
737208,65535,255,3293,9786,0,0,0
737209,65535,255,5152,9454,0,0,0
737210,977,0,6368,9179,1,0,1
737211,1267,0,3056,-7393,1,0,1
737212,758,0,371,-7933,1,0,1
737213,1045,0,2486,9957,1,0,1
737214,873,0,4622,9551,1,0,1
737215,65535,255,6019,9248,0,0,0
737216,65535,255,6961,8976,0,0,0
737217,65535,255,1333,-7473,0,0,0
737218,1397,0,1589,10081,1,0,1
737219,649,2,4007,9669,1,0,1
737220,934,0,5618,9394,1,0,1
737221,65535,255,6684,9085,0,0,1
737222,0,0,0,0,0,0,0
737223,1658,0,626,10409,1,0,1
737224,65535,255,3302,9850,0,0,0
737225,954,0,5159,9494,1,0,1
737226,65535,255,6375,9156,0,0,0
737227,65535,255,-32768,-32768,0,65535,1
737228,2093,0,354,-7381,1,0,1
737229,65535,255,2501,9921,0,0,0
737230,65535,255,4628,9618,0,0,0
737231,65535,255,6023,9295,0,0,0
737232,65535,255,6966,8965,0,0,0
737233,729,0,1327,-7824,1,0,1
737234,65535,255,1606,10058,0,0,0
737235,65535,255,4022,9667,0,0,0
737236,65535,255,5625,9393,0,0,0
737237,65535,255,6690,9064,0,0,1
737238,65535,255,2225,-7645,0,0,0
737239,65535,255,651,9685,0,0,0
737240,1114,0,3320,9727,1,0,1
737241,65535,255,5168,9513,0,0,0
737242,1090,0,6381,9169,1,0,1
737243,845,0,3036,-7515,1,0,1
737244,65535,255,342,-7856,0,0,0
737245,413,0,2515,9806,1,0,0
737246,860,0,4642,9567,1,0,1
737247,735,0,6031,9265,1,0,1
737248,966,0,3747,-7355,1,0,1
737249,1330,0,1304,-7676,1,0,1
737250,1115,0,1627,9955,1,0,1
737251,1525,0,4037,9629,1,0,1
737252,469,2,5636,9372,1,0,0
737253,916,0,4366,-7211,1,0,1
737254,1166,0,2204,-7589,1,0,1
737255,65535,255,667,10339,0,0,0
737256,65535,255,3333,9845,0,0,0
737257,983,0,5179,9500,1,0,1
737258,1005,0,4900,-7122,1,0,1
737259,65535,255,3018,-7470,0,0,0
737260,1701,0,319,-7964,1,0,1
737261,1156,0,2530,9905,1,0,1
737262,1000,0,4648,9559,1,0,1
737263,65535,255,5367,-7035,0,0,0
737264,65535,255,3743,-7323,0,0,0
737265,65535,255,1298,-7753,0,0,0
737266,613,0,1629,9833,1,0,1
737267,65535,255,4033,9643,0,0,0
737268,863,0,5634,9345,1,0,1
737269,65535,255,4366,-7211,0,0,0
737270,65535,255,2209,-7477,0,0,0
737271,829,0,655,10240,1,0,1
737272,1149,0,3325,9754,1,0,1
737273,933,0,5171,9486,1,0,1
737274,65535,255,4909,-7120,0,0,0
737275,940,0,3032,-7478,1,0,1
737276,1734,0,342,-8046,1,0,1
737277,850,0,2511,9920,1,0,1
737278,1390,0,4639,9567,1,0,1
737279,1212,0,5376,-7047,1,0,1
737280,65535,255,3751,-7346,0,0,0
737281,65535,255,1316,-7850,0,0,0
737282,1397,0,1612,9915,1,0,1
737283,65535,255,4022,9674,0,0,0
737284,65535,255,5626,9364,0,0,0
737285,65535,255,4376,-7247,0,0,0
737286,65535,255,2225,-7556,0,0,0
737287,65535,255,644,9832,0,0,0
737288,620,0,3307,9821,1,0,1
737289,739,0,5163,9446,1,0,0
737290,65535,255,4918,-7172,0,0,0
737291,65535,255,3042,-7414,0,0,0
737292,521,2,354,-7565,1,0,1
737293,65535,255,2501,9857,0,0,0
737294,65535,255,4629,9550,0,0,0
737295,808,0,5381,-7031,1,0,1
737296,1030,0,3759,-7328,1,0,1
737297,1325,0,1327,-7798,1,0,1
737298,1171,0,1601,9895,1,0,1
737299,65535,255,4011,9676,0,0,0
737300,65535,255,5619,9366,0,0,0
737301,1108,0,4383,-7252,1,0,1
737302,65535,255,2236,-7570,0,0,0
737303,1516,0,632,9933,1,0,0
737304,65535,255,3298,9850,0,0,0
737305,65535,255,5157,9463,0,0,0
737306,65535,255,4921,-7105,0,0,0
737307,65535,255,3051,-7464,0,0,0
737308,1714,0,365,-8023,1,0,1
737309,65535,255,2491,9935,0,0,0
737310,65535,255,4622,9588,0,0,0
737311,0,0,0,0,0,0,0
737312,0,0,0,0,0,0,0
737313,0,0,0,0,0,0,0
737314,73,2,1589,10081,1,0,0
737315,65535,255,4005,9663,0,0,0
737316,65535,255,5614,9372,0,0,0
737317,891,0,4386,-7232,1,0,1
737318,65535,255,2241,-7526,0,0,0
737319,1516,0,627,9826,1,0,1
737320,65535,255,3293,9832,0,0,0
737321,65535,255,5155,9464,0,0,0
737322,700,0,4924,-7110,1,0,1
737323,819,0,3056,-7474,1,0,1
737324,65535,255,372,-8197,0,0,0
737325,65535,255,2486,9973,0,0,0
737326,65535,255,4618,9607,0,0,0
737327,1186,0,5385,-7015,1,0,1
737328,65535,255,3768,-7310,0,0,0
737329,65535,255,1338,-7771,0,0,0
737330,65535,255,1590,9917,0,0,0
737331,65535,255,3988,9711,0,0,0
737332,978,0,5606,9347,1,0,1
737333,940,0,4407,-7265,1,0,1
737334,65535,255,2264,-7540,0,0,0
737335,65535,255,598,9757,0,0,0
737336,65535,255,3276,9736,0,0,0
737337,77,2,5137,9514,1,0,0
737338,670,0,4942,-7111,1,0,1
737339,897,0,3083,-7534,1,0,1
737340,65535,255,406,-7758,0,0,0
737341,65535,255,2456,9974,0,0,0
737342,65535,255,4601,9544,0,0,0
737343,65535,255,5403,-7051,0,0,0
737344,1011,2,3795,-7311,1,0,1
737345,65535,255,1372,-7526,0,0,0
737346,65535,255,1551,10146,0,0,0
737347,980,0,3980,9699,1,0,1
737348,908,0,5598,9392,1,0,1
737349,65535,255,4416,-7264,0,0,0
737350,65535,255,2278,-7470,0,0,0
737351,1607,0,580,9920,1,0,1
737352,768,0,3261,9767,1,0,1
737353,65535,255,5134,9459,0,0,0
737354,65535,255,4948,-7143,0,0,0
737355,1176,0,3092,-7434,1,0,1
737356,65535,255,416,-7614,0,0,0
737357,65535,255,2446,9886,0,0,0
737358,1078,0,4594,9602,1,0,1
737359,1055,0,5411,-7043,1,0,1
737360,65535,255,3807,-7404,0,0,0
737361,446,0,1389,-7825,1,0,1
737362,65535,255,1540,10065,0,0,0
737363,981,0,3973,9649,1,0,1
737364,1092,0,5595,9373,1,0,1
737365,65535,255,4427,-7287,0,0,0
737366,0,0,0,0,0,0,0
737367,65535,255,569,9801,0,0,0
737368,1118,0,3253,9731,1,0,1
737369,0,0,0,0,0,0,0
737370,226,2,4960,-7173,1,0,1
737371,795,0,3105,-7472,1,0,1
737372,65535,255,437,-7225,0,0,0
737373,992,0,2431,9861,1,0,1
737374,65535,255,4584,9579,0,0,0
737375,1151,0,5419,-7011,1,0,1
737376,1096,0,3819,-7331,1,0,1
737377,0,0,0,0,0,0,0
737378,65535,255,1518,10133,0,0,0
737379,0,0,0,0,0,0,0
737380,65535,255,5584,9389,0,0,0
737381,773,2,4437,-7228,1,0,1
737382,1304,0,2309,-7579,1,0,1
737383,65535,255,545,10279,0,0,0
737384,65535,255,3235,9809,0,0,0
737385,1177,0,5117,9469,1,0,1
737386,1088,0,4966,-7149,1,0,1
737387,1316,0,3118,-7430,1,0,1
737388,2038,0,453,-8122,1,0,1
737389,65535,255,2417,9824,0,0,0
737390,65535,255,4574,9569,0,0,0
737391,65535,255,5425,-7005,0,0,0
737392,65535,255,3827,-7329,0,0,0
737393,1301,0,1417,-7572,1,0,1
737394,830,0,1506,9904,1,0,1
737395,801,0,3946,9698,1,0,1
737396,0,0,0,0,0,0,0
737397,65535,255,4444,-7258,0,0,0
737398,905,2,2320,-7562,1,0,0
737399,923,0,534,9726,1,0,1
737400,1186,0,3231,9734,1,0,1
737401,65535,255,5108,9512,0,0,0
737402,731,0,4972,-7109,1,0,1
737403,1104,0,3127,-7508,1,0,1
737404,1831,0,458,-7755,1,0,1
737405,962,0,2407,9983,1,0,1
737406,65535,255,4569,9574,0,0,0
737407,65535,255,5427,-6994,0,0,0
737408,961,0,3831,-7320,1,0,1
737409,0,0,0,0,0,0,0
737410,65535,255,1500,9960,0,0,0
737411,65535,255,3943,9706,0,0,0
737412,65535,255,5575,9415,0,0,0
737413,781,0,4447,-7275,1,0,1
737414,1268,0,2320,-7493,1,0,1
737415,65535,255,527,9972,0,0,0
737416,65535,255,3221,9783,0,0,0
737417,973,0,5106,9461,1,0,1
737418,65535,255,4972,-7147,0,0,0
737419,894,0,3128,-7447,1,0,1
737420,1658,0,466,-7187,1,0,1
737421,65535,255,2402,9892,0,0,0
737422,0,0,0,0,0,0,0
737423,817,0,5427,-7046,1,0,1
737424,65535,255,3835,-7378,0,0,0
737425,1115,0,1429,-7720,1,0,1
737426,65535,255,1496,10094,0,0,0
737427,637,0,3939,9685,1,0,1
737428,0,0,0,0,0,0,0
737429,317,2,4444,-7269,1,0,1
737430,65535,255,2320,-7493,0,0,0
737431,1087,0,528,10034,1,0,1
737432,799,0,3221,9793,1,0,1
737433,65535,255,5106,9471,0,0,0
737434,65535,255,4972,-7162,0,0,0
737435,65535,255,3128,-7476,0,0,0
737436,1936,0,458,-7539,1,0,1
737437,1434,0,2407,9944,1,0,1
737438,65535,255,4566,9585,0,0,0
737439,410,2,5425,-6998,1,0,1
737440,1010,0,3831,-7335,1,0,1
737441,1341,0,1423,-7641,1,0,0
737442,1109,0,1502,9941,1,0,1
737443,65535,255,3943,9751,0,0,0
737444,825,0,5575,9379,1,0,0
737445,65535,255,4441,-7231,0,0,0
737446,1469,0,2320,-7632,1,0,1
737447,1075,0,534,9850,1,0,1
737448,65535,255,3226,9773,0,0,1
737449,0,0,0,0,0,0,0
737450,815,0,4969,-7157,1,0,1
737451,1253,0,3123,-7477,1,0,1
737452,65535,255,452,-7534,0,0,0
737453,65535,255,2412,9970,0,0,0
737454,479,0,4574,9558,1,0,1
737455,65535,255,5422,-7013,0,0,0
737456,920,0,3828,-7359,1,0,1
737457,1410,0,1418,-7736,1,0,1
737458,963,0,1507,10093,1,0,1
737459,65535,255,3950,9691,0,0,0
737460,974,0,5580,9415,1,0,1
737461,921,0,4437,-7283,1,0,1
737462,863,0,2310,-7549,1,0,1
737463,65535,255,545,10340,0,0,0
737464,0,0,0,0,0,0,0
737465,1286,0,5117,9511,1,0,1
737466,790,0,4963,-7126,1,0,1
737467,65535,255,3109,-7430,0,0,0
737468,65535,255,442,-7231,0,0,0
737469,65535,255,2427,9916,0,0,0
737470,65535,255,4580,9631,0,0,0
737471,65535,255,5417,-7000,0,0,0
737472,65535,255,3815,-7345,0,0,0
737473,1642,0,1400,-7714,1,0,1
737474,65535,255,1523,10026,0,0,0
737475,1457,0,3961,9675,1,0,1
737476,1347,0,5587,9414,1,0,1
737477,65535,255,4427,-7284,0,0,0
737478,0,0,0,0,0,0,0
737479,65535,255,562,10391,0,0,0
737480,0,0,0,0,0,0,0
737481,65535,255,5125,9505,0,0,0
737482,1131,0,4954,-7145,1,0,1
737483,65535,255,3101,-7470,0,0,0
737484,65535,255,423,-7522,0,0,0
737485,1423,2,2442,9993,1,0,0
737486,65535,255,4594,9573,0,0,0
737487,65535,255,5411,-7035,0,0,0
737488,65535,255,3806,-7397,0,0,0
737489,2202,0,1384,-7525,3,0,0
737490,65535,255,1546,9876,0,0,0
737491,1985,0,3977,9706,3,0,0
737492,2065,0,5600,9388,1,0,0
737493,1488,0,4416,-7255,1,0,1
737494,65535,255,2278,-7496,0,0,0
737495,65535,255,585,10207,0,0,0
737496,838,0,3266,9845,1,0,1
737497,964,0,5137,9518,1,0,1
737498,65535,255,4942,-7136,0,0,0
737499,65535,255,3083,-7462,0,0,0
737500,1407,0,400,-7589,1,0,1
737501,1163,0,2466,9796,1,0,0
737502,1143,0,4608,9583,1,0,1
737503,1151,0,5400,-7043,1,0,1
737504,860,0,3787,-7302,1,0,1
737505,65535,255,1355,-7597,0,0,0
737506,65535,255,1573,9958,0,0,0
737507,65535,255,3995,9663,0,0,0
737508,1120,0,5610,9408,1,0,1
737509,0,0,0,0,0,0,0
737510,1600,0,2251,-7583,1,0,1
737511,1196,0,616,9715,1,0,1
737512,1237,0,3293,9775,1,0,1
737513,0,0,0,0,0,0,0
737514,65535,255,4927,-7106,0,0,0
737515,65535,255,3055,-7405,0,0,0
737516,1989,0,367,-7124,1,0,1
737517,576,0,2486,9947,1,0,1
737518,65535,255,4625,9568,0,0,0
737519,1099,0,5386,-7031,1,0,1
737520,0,0,0,0,0,0,0
737521,65535,255,1327,-7598,0,0,0
737522,886,0,1600,9976,1,0,1
737523,65535,255,4018,9674,0,0,0
737524,65535,255,5626,9350,0,0,0
737525,921,0,4379,-7204,1,0,1
737526,65535,255,2225,-7514,0,0,0
737527,1362,2,641,10054,1,0,1
737528,65535,255,3306,9792,0,0,0
737529,65535,255,5159,9503,0,0,0
737530,65535,255,4918,-7146,0,0,0
737531,755,0,3051,-7518,1,0,1
737532,65535,255,366,-8235,0,0,0
737533,933,0,2491,9973,1,0,1
737534,65535,255,4625,9593,0,0,0
737535,65535,255,5387,-7065,0,0,0
737536,65535,255,3767,-7376,0,0,0
737537,1043,0,1332,-7549,1,0,1
737538,65535,255,1590,10019,0,0,0
737539,65535,255,4003,9713,0,0,0
737540,1036,0,5613,9389,1,0,1
737541,65535,255,4393,-7283,0,0,0
737542,65535,255,2246,-7628,0,0,0
737543,65535,255,614,10092,0,0,0
737544,657,0,3289,9729,1,0,1
737545,65535,255,5149,9480,0,0,0
737546,65535,255,4930,-7121,0,0,1
737547,65535,255,3065,-7484,0,0,0
737548,362,2,383,-8186,1,0,1
737549,65535,255,2471,9950,0,0,0
737550,0,0,0,0,0,0,0
737551,65535,255,5393,-7034,0,0,0
737552,768,0,3784,-7389,1,0,1
737553,65535,255,1355,-7597,0,0,0
737554,1245,0,1568,10063,1,0,1
737555,65535,255,3988,9738,0,0,0
737556,65535,255,5603,9405,0,0,0
737557,0,0,0,0,0,0,0
737558,234,0,2262,-7496,1,0,1
737559,265,0,596,9967,1,0,1
737560,65535,255,3275,9806,0,0,0
737561,65535,255,5138,9489,0,0,0
737562,1105,0,4939,-7173,1,0,1
737563,65535,255,3079,-7432,0,0,0
737564,65535,255,400,-7757,0,0,0
737565,65535,255,2462,9900,0,0,0
737566,747,0,4601,9573,1,0,1
737567,1174,0,6003,9304,1,0,1
737568,65535,255,3792,-7379,0,0,0
737569,403,0,1372,-7595,1,0,1
737570,881,0,1551,10087,1,0,1
737571,65535,255,3979,9689,0,0,0
737572,65535,255,5598,9386,0,0,0
737573,65535,255,6670,9086,0,0,1
737574,65535,255,2273,-7552,0,0,0
737575,65535,255,586,9868,0,0,0
737576,65535,255,3262,9855,0,0,0
737577,65535,255,5135,9473,0,0,0
737578,65535,255,6355,9180,0,0,0
737579,762,0,3087,-7500,1,0,1
737580,1895,0,409,-7107,1,0,1
737581,65535,255,2452,9811,0,0,0
737582,65535,255,4594,9629,0,0,0
737583,65535,255,6001,9280,0,0,0
737584,65535,255,6947,8973,0,0,1
737585,1440,0,1378,-7498,1,0,1
737586,1216,0,1546,10003,1,0,1
737587,65535,255,3973,9725,0,0,0
737588,1235,0,5595,9408,1,0,1
737589,0,0,0,0,0,0,0
737590,65535,255,2283,-7536,0,0,0
737591,953,0,574,9870,1,0,1
737592,65535,255,3257,9856,0,0,0
737593,305,0,5131,9479,1,0,0
737594,0,0,0,0,0,0,0
737595,65535,255,-32768,-32768,0,65535,1
737596,65535,255,418,-7439,0,0,0
737597,65535,255,2446,9863,0,0,0
737598,65535,255,4595,9562,0,0,0
737599,944,0,5998,9306,1,0,1
737600,65535,255,6947,8960,0,0,0
737601,65535,255,1389,-7666,0,0,0
737602,65535,255,1540,9864,0,0,0
737603,1016,0,3973,9674,1,0,0
737604,65535,255,5592,9377,0,0,0
737605,65535,255,6667,9062,0,0,1
737606,617,0,2288,-7465,1,0,1
737607,1244,0,569,10504,1,0,1
737608,65535,255,3257,9819,0,0,0
737609,786,0,5129,9464,1,0,1
737610,745,0,6353,9174,1,0,1
737611,1177,0,3096,-7509,1,0,1
737612,65535,255,424,-7284,0,0,0
737613,65535,255,2442,9851,0,0,0
737614,65535,255,4591,9563,0,0,0
737615,1187,0,5997,9306,1,0,1
737616,65535,255,3811,-7400,0,0,0
737617,1201,0,1389,-7715,1,0,1
737618,65535,255,1540,9898,0,0,0
737619,65535,255,3969,9697,0,0,0
737620,1039,0,5593,9393,1,0,1
737621,65535,255,4423,-7214,0,0,0
737622,65535,255,2288,-7536,0,0,0
737623,65535,255,568,9922,0,0,0
737624,65535,255,3258,9732,0,0,0
737625,267,0,5129,9499,1,0,1
737626,1082,0,4953,-7160,1,0,0
737627,65535,255,3100,-7439,0,0,0
737628,65535,255,423,-7985,0,0,0
737629,65535,255,2442,9979,0,0,0
737630,65535,255,4591,9623,0,0,0
737631,65535,255,5413,-7039,0,0,0
737632,919,0,3806,-7369,1,0,1
737633,65535,255,1388,-7618,0,0,0
737634,991,0,1538,9982,1,0,1
737635,65535,255,3970,9681,0,0,0
737636,772,0,5593,9385,1,0,1
737637,987,0,4419,-7208,1,0,1
737638,65535,255,2288,-7521,0,0,0
737639,1443,0,575,9917,1,0,1
737640,848,2,3258,9732,1,0,1
737641,65535,255,5129,9499,0,0,0
737642,890,0,4953,-7165,1,0,1
737643,65535,255,3095,-7449,0,0,0
737644,1523,0,424,-8218,1,0,1
737645,65535,255,2447,9809,0,0,0
737646,1099,0,4595,9555,1,0,1
737647,947,0,5410,-7058,1,0,1
737648,869,0,3807,-7400,1,0,1
737649,614,0,1388,-7737,1,0,1
737650,65535,255,1541,9959,0,0,0
737651,65535,255,3973,9724,0,0,0
737652,65535,255,5594,9371,0,0,0
737653,886,0,4419,-7253,1,0,1
737654,65535,255,2283,-7634,0,0,0
737655,65535,255,575,10379,0,0,0
737656,666,0,3258,9826,1,0,1
737657,968,0,5132,9473,1,0,1
737658,1126,0,4947,-7139,1,0,1
737659,65535,255,3091,-7410,0,0,0
737660,65535,255,417,-7908,0,0,0
737661,928,0,2447,9978,1,0,1
737662,1082,0,4595,9628,1,0,1
737663,1132,0,5405,-7049,1,0,1
737664,1011,0,3798,-7394,1,0,1
737665,65535,255,1377,-7715,0,0,0
737666,65535,255,1552,9937,0,0,0
737667,1153,0,3977,9724,1,0,1
737668,1022,0,5599,9351,1,0,1
737669,938,0,4412,-7266,1,0,1
737670,65535,255,2276,-7607,0,0,0
737671,1361,0,588,9639,1,0,1
737672,65535,255,3267,9854,0,0,0
737673,1105,0,5135,9492,1,0,1
737674,65535,255,4942,-7167,0,0,0
737675,65535,255,3082,-7461,0,0,0
737676,1276,0,402,-7086,1,0,1
737677,65535,255,2457,9860,0,0,0
737678,65535,255,4603,9578,0,0,0
737679,65535,255,5400,-7012,0,0,0
737680,65535,255,3790,-7339,0,0,0
737681,1948,0,1366,-7569,1,0,1
737682,3055,1,1562,9908,1,0,1
737683,65535,255,3989,9693,0,0,0
737684,65535,255,5604,9401,0,0,0
737685,1273,0,4403,-7243,1,0,1
737686,65535,255,2261,-7637,0,0,0
737687,6239,1,599,10477,1,0,1
737688,1311,0,3276,9852,1,0,1
737689,1271,0,5144,9496,1,0,1
737690,757,0,4936,-7174,1,0,1
737691,1075,0,3069,-7482,1,0,1
737692,65535,255,382,-7399,0,0,0
737693,2179,0,2472,9910,1,0,1
737694,1225,0,4613,9613,1,0,1
737695,1057,0,5402,-7045,1,0,1
737696,890,2,3795,-7398,1,0,0
737697,1533,0,1371,-7817,1,0,1
737698,65535,255,1552,10060,0,0,0
737699,160,2,3981,9668,1,0,1
737700,65535,255,5597,9393,0,0,0
737701,65535,255,4413,-7245,0,0,0
737702,65535,255,2277,-7640,0,0,0
737703,1231,0,582,9688,1,0,1
737704,1298,0,3263,9737,1,0,1
737705,65535,255,5131,9476,0,0,0
737706,65535,255,4947,-7127,0,0,0
737707,65535,255,3091,-7404,0,0,0
737708,65535,255,417,-8150,0,0,0
737709,65535,255,2447,9845,0,0,0
737710,65535,255,4596,9588,0,0,0
737711,65535,255,5407,-7033,0,0,0
737712,65535,255,3802,-7388,0,0,0
737713,1518,0,1383,-7790,1,0,1
737714,1244,0,1541,10061,1,0,1
737715,65535,255,3974,9677,0,0,0
737716,1305,0,5594,9404,1,0,1
737717,1040,0,4420,-7262,1,0,1
737718,1300,0,2283,-7482,1,0,1
737719,65535,255,574,9977,0,0,0
737720,65535,255,3257,9796,0,0,0
737721,65535,255,5128,9475,0,0,0
737722,729,0,4954,-7169,1,0,1
737723,65535,255,3096,-7502,0,0,0
737724,65535,255,423,-7678,0,0,0
737725,65535,255,2442,9961,0,0,0
737726,65535,255,4591,9565,0,0,0
737727,65535,255,5411,-7018,0,0,1
737728,65535,255,3807,-7373,0,0,0
737729,0,0,0,0,0,0,0
737730,65535,255,1535,10129,0,0,0
737731,1043,0,3969,9701,1,0,1
737732,1252,0,5595,9355,1,0,1
737733,708,0,4423,-7198,1,0,1
737734,65535,255,2288,-7582,0,0,0
737735,65535,255,568,10443,0,0,0
737736,1042,0,3257,9730,1,0,1
737737,65535,255,5128,9445,0,0,0
737738,1088,0,4954,-7141,1,0,1
737739,1238,0,3096,-7463,1,0,1
737740,65535,255,424,-7443,0,0,0
737741,0,0,0,0,0,0,0
737742,1243,0,4594,9565,1,0,1
737743,65535,255,5411,-7018,0,0,0
737744,984,0,3807,-7380,1,0,1
737745,1498,0,1389,-7814,1,0,1
737746,1431,0,1540,10129,1,0,1
737747,65535,255,3972,9716,0,0,0
737748,65535,255,5594,9369,0,0,0
737749,65535,255,4420,-7224,0,0,0
737750,879,0,2288,-7639,1,0,1
737751,65535,255,574,9862,0,0,0
737752,65535,255,3261,9797,0,0,0
737753,65535,255,5131,9486,0,0,0
737754,830,0,4948,-7103,1,0,1
737755,917,0,3092,-7394,1,0,1
737756,65535,255,419,-8312,0,0,0
737757,65535,255,2452,9912,0,0,0
737758,1167,0,4598,9566,1,0,1
737759,65535,255,5408,-7009,0,0,0
737760,745,0,3803,-7373,1,0,1
737761,65535,255,1378,-7816,0,0,0
737762,65535,255,1546,10149,0,0,0
737763,2207,0,3980,9722,1,0,1
737764,65535,255,5600,9377,0,0,0
737765,1398,0,4413,-7244,1,0,1
737766,1201,0,2272,-7483,1,0,1
737767,2675,1,585,10206,1,0,1
737768,0,0,0,0,0,0,0
737769,65535,255,5138,9496,0,0,0
737770,65535,255,4942,-7148,0,0,0
737771,1586,0,3083,-7483,1,0,1
737772,65535,255,400,-7840,0,0,0
737773,0,0,0,0,0,0,0
737774,502,0,4605,9608,1,0,1
737775,65535,255,5402,-7063,0,0,0
737776,0,0,0,0,0,0,0
737777,65535,255,1366,-7769,0,0,0
737778,1759,0,1562,10104,1,0,1
737779,2043,0,3991,9721,1,0,1
737780,2352,0,5607,9376,1,0,1
737781,1129,0,4403,-7252,1,0,1
737782,1045,0,2257,-7512,1,0,1
737783,5158,0,603,10313,1,0,1
737784,1232,0,3284,9729,1,0,1
737785,65535,255,5149,9457,0,0,0
737786,65535,255,4933,-7172,0,0,0
737787,968,0,3067,-7483,1,0,1
737788,2172,2,384,-8276,1,0,0
737789,0,0,0,0,0,0,0
737790,272,2,4618,9556,1,0,1
737791,65535,255,5389,-7027,0,0,0
737792,65535,255,3775,-7415,0,0,0
737793,65535,255,1344,-7599,0,0,0
737794,65535,255,1584,9976,0,0,0
737795,65535,255,4003,9682,0,0,0
737796,1096,0,5616,9356,1,0,0
737797,902,0,4389,-7222,1,0,1
737798,65535,255,2238,-7545,0,0,0
737799,2484,0,627,9879,1,0,1
737800,1256,0,3302,9811,1,0,0
737801,333,2,5157,9508,1,0,1
737802,0,0,0,0,0,0,0
737803,65535,255,3046,-7490,0,0,0
737804,65535,255,353,-7954,0,0,0
737805,161,2,2500,9869,1,0,0
737806,65535,255,4631,9574,0,0,0
737807,859,2,5379,-7015,1,0,1
737808,65535,255,3759,-7402,0,0,0
737809,747,2,1315,-7578,1,0,0
737810,1779,0,1612,9977,1,0,1
737811,1373,0,4022,9680,1,0,1
737812,1807,0,5628,9358,1,0,1
737813,1372,2,4373,-7289,1,0,1
737814,65535,255,2220,-7662,0,0,0
737815,4507,0,644,10302,1,0,1
737816,880,0,3316,9782,1,0,1
737817,971,0,5163,9512,1,0,1
737818,65535,255,4915,-7165,0,0,0
737819,65535,255,3037,-7428,0,0,1
737820,1818,0,353,-7766,1,0,1
737821,1086,2,2501,9908,1,0,0
737822,65535,255,4629,9585,0,0,0
737823,65535,255,5381,-7068,0,0,0
737824,1182,0,3763,-7402,1,0,1
737825,65535,255,1327,-7702,0,0,0
737826,65535,255,1601,9855,0,0,0
737827,0,0,0,0,0,0,0
737828,65535,255,5619,9374,0,0,0
737829,1263,0,4386,-7280,1,0,1
737830,2446,0,2241,-7659,1,0,1
737831,0,0,0,0,0,0,0
737832,65535,255,3298,9794,0,0,0
737833,65535,255,5154,9519,0,0,0
737834,0,0,0,0,0,0,0
737835,1021,0,3056,-7457,1,0,1
737836,1372,0,371,-8123,1,0,1
737837,65535,255,2481,9974,0,0,0
737838,1307,0,4618,9618,1,0,1
737839,1167,2,5389,-7026,1,0,1
737840,65535,255,3775,-7336,0,0,0
737841,65535,255,1344,-7501,0,0,0
737842,3355,0,1579,10022,1,0,1
737843,940,0,3996,9736,1,0,1
737844,1082,0,5610,9373,1,0,1
737845,1291,0,4396,-7240,1,0,1
737846,0,0,0,0,0,0,0
737847,65535,255,609,10098,0,0,0
737848,0,0,0,0,0,0,0
737849,65535,255,5146,9506,0,0,0
737850,1202,0,4933,-7166,1,0,0
737851,1561,0,3069,-7436,1,0,1
737852,1780,2,388,-8022,1,0,1
737853,65535,255,2471,9964,0,0,0
737854,65535,255,4612,9614,0,0,0
737855,1204,0,5397,-7026,1,0,1
737856,862,0,3787,-7343,1,0,1
737857,65535,255,1355,-7526,0,0,0
737858,1304,0,1568,10065,1,0,1
737859,65535,255,3992,9642,0,0,0
737860,65535,255,5608,9359,0,0,0
737861,65535,255,4406,-7269,0,0,0
737862,1722,0,2267,-7640,1,0,0
737863,0,0,0,0,0,0,0
737864,1271,0,3275,9807,1,0,1
737865,65535,255,5143,9455,0,0,0
737866,1187,0,4939,-7120,1,0,1
737867,65535,255,3078,-7514,0,0,0
737868,1641,0,395,-7347,1,0,1
737869,65535,255,2461,9875,0,0,0
737870,0,0,0,0,0,0,0
737871,65535,255,5400,-7005,0,0,0
737872,1159,0,3791,-7303,1,0,1
737873,65535,255,1366,-7819,0,0,0
737874,636,0,1562,10002,1,0,1
737875,247,2,3984,9739,1,0,1
737876,65535,255,5605,9356,0,0,0
737877,65535,255,4409,-7262,0,0,0
737878,860,0,2272,-7639,1,0,1
737879,0,0,0,0,0,0,0
737880,318,2,3270,9826,1,0,1
737881,152,2,5140,9471,1,0,1
737882,468,2,4942,-7136,1,0,1
737883,65535,255,3078,-7403,0,0,0
737884,474,2,400,-7843,1,0,0
737885,298,2,2457,9953,1,0,1
737886,179,2,4604,9622,1,0,1
737887,930,0,5403,-7042,1,0,1
737888,65535,255,3791,-7380,0,0,0
737889,0,0,0,0,0,0,0
737890,1235,0,1563,9898,1,0,1
737891,1121,0,3984,9710,1,0,1
737892,1189,0,5603,9410,1,0,1
737893,1162,0,4409,-7249,1,0,1
737894,0,0,0,0,0,0,0
737895,1227,0,592,10375,1,0,1
737896,65535,255,3270,9826,0,0,0
737897,1258,0,5140,9476,1,0,1
737898,1236,0,4941,-7148,1,0,1
737899,65535,255,3078,-7432,0,0,0
737900,1753,0,400,-8172,1,0,1
737901,65535,255,2462,9810,0,0,0
737902,942,0,4605,9560,1,0,1
737903,951,0,5400,-6995,1,0,1
737904,1283,0,3787,-7310,1,0,1
737905,0,0,0,0,0,0,0
737906,1073,0,1563,10086,1,0,1
737907,65535,255,3988,9665,0,0,0
737908,40,2,5605,9387,1,0,1
737909,65535,255,4406,-7224,0,0,0
737910,1302,0,2262,-7583,1,0,1
737911,0,0,0,0,0,0,0
737912,65535,255,3275,9816,0,0,0
737913,65535,255,5143,9475,0,0,0
737914,65535,255,4936,-7159,0,0,0
737915,65535,255,3074,-7453,0,0,0
737916,4200,1,391,-7210,1,0,1
737917,1466,0,2471,9862,1,0,1
737918,739,0,4608,9591,1,0,1
737919,1158,0,5395,-7024,1,0,1
737920,65535,255,3783,-7357,0,0,0
737921,7821,1,1355,-7671,1,0,1
737922,1248,0,1573,9918,1,0,1
737923,65535,255,3992,9730,0,0,0
737924,1351,0,5608,9364,1,0,1
737925,1210,0,4400,-7295,1,0,1
737926,65535,255,2251,-7526,0,0,0
737927,65535,255,609,10095,0,0,0
737928,65535,255,3284,9796,0,0,0
737929,0,0,0,0,0,0,0
737930,65535,255,4930,-7154,0,0,0
737931,65535,255,3060,-7455,0,0,0
737932,2036,0,379,-7149,1,0,1
737933,1262,0,2481,9886,1,0,1
737934,65535,255,4618,9607,0,0,0
737935,1021,0,6014,9289,1,0,1
737936,366,2,3771,-7398,1,0,1
737937,668,2,1344,-7797,1,0,1
737938,1793,2,1584,10062,1,0,0
737939,65535,255,4007,9669,0,0,0
737940,237,2,5614,9395,1,0,1
737941,65535,255,6682,9062,0,0,0
737942,65535,255,2241,-7657,0,0,0
737943,5743,1,627,9831,1,0,1
737944,1161,0,3298,9757,1,0,1
737945,503,0,5158,9452,1,0,0
737946,65535,255,6372,9184,0,0,0
737947,0,0,0,0,0,0,0
737948,65535,255,361,-8400,0,0,0
737949,559,0,2496,9872,1,0,1
737950,1319,0,4629,9605,1,0,1
737951,608,0,6021,9287,1,0,0
737952,65535,255,6964,8966,0,0,0
737953,65535,255,1321,-7821,0,0,0
737954,65535,255,1606,10100,0,0,0
737955,65535,255,4018,9690,0,0,0
737956,1428,0,5625,9373,1,0,1
737957,65535,255,6688,9055,0,0,0
737958,1623,0,2219,-7514,1,0,1
737959,1666,0,649,10094,1,0,1
737960,65535,255,3316,9811,0,0,0
737961,1328,0,5168,9487,1,0,1
737962,886,0,6380,9154,1,0,1
737963,65535,255,-32768,-32768,0,65535,1
737964,65535,255,336,-7760,0,0,0
737965,65535,255,2521,9806,0,0,0
737966,65535,255,4642,9573,0,0,0
737967,1239,0,6032,9252,1,0,1
737968,65535,255,6969,8960,0,0,0
737969,2350,0,1304,-7575,1,0,1
737970,2726,0,1617,10037,1,0,1
737971,65535,255,4025,9718,0,0,0
737972,65535,255,5629,9396,0,0,0
737973,65535,255,6691,9067,0,0,0
737974,2152,0,2220,-7660,1,0,0
737975,65535,255,649,10199,0,0,0
737976,65535,255,3316,9755,0,0,0
737977,65535,255,5168,9492,0,0,0
737978,1064,0,6379,9183,1,0,1
737979,65535,255,3037,-7509,0,0,0
737980,65535,255,350,-8424,0,0,0
737981,1032,0,2505,9973,1,0,1
737982,1132,0,4635,9604,1,0,1
737983,65535,255,6025,9259,0,0,0
737984,1231,0,3759,-7401,1,0,1
737985,65535,255,1321,-7650,0,0,0
737986,2749,0,1601,10122,1,0,1
737987,65535,255,4018,9639,0,0,0
737988,1073,0,5623,9347,1,0,1
737989,828,0,4382,-7228,1,0,0
737990,1101,0,2229,-7513,1,0,1
737991,65535,255,640,9727,0,0,0
737992,65535,255,3307,9820,0,0,0
737993,911,0,5160,9451,1,0,1
737994,1173,0,4920,-7179,1,0,1
737995,65535,255,3050,-7435,0,0,0
737996,1653,2,359,-7754,1,0,1
737997,1275,0,2496,9908,1,0,1
737998,65535,255,4626,9574,0,0,1
737999,65535,255,5386,-7055,0,0,0
738000,1144,0,3766,-7375,1,0,1
738001,65535,255,1331,-7572,0,0,0
738002,65535,255,1590,10059,0,0,0
738003,65535,255,4008,9714,0,0,0
738004,1198,0,5618,9371,1,0,1
738005,65535,255,4389,-7227,0,0,0
738006,1053,0,2240,-7512,1,0,1
738007,65535,255,628,9772,0,0,0
738008,1168,0,3299,9831,1,0,1
738009,364,2,5157,9457,1,0,1
738010,65535,255,4926,-7106,0,0,0
738011,65535,255,3055,-7465,0,0,0
738012,2021,0,371,-8108,1,0,1
738013,1030,0,2486,9960,1,0,1
738014,1024,0,4619,9606,1,0,1
738015,799,0,5388,-7010,1,0,1
738016,605,0,3774,-7303,1,0,0
738017,3970,1,1343,-7746,1,0,1
738018,2832,0,1585,9895,1,0,1
738019,65535,255,4004,9683,0,0,0
738020,65535,255,5614,9381,0,0,0
738021,65535,255,4395,-7284,0,0,0
738022,1930,0,2251,-7655,1,0,1
738023,4353,0,615,10306,1,0,1
738024,65535,255,3290,9785,0,0,0
738025,65535,255,5149,9516,0,0,0
738026,1126,0,4929,-7171,1,0,1
738027,65535,255,3059,-7434,0,0,0
738028,2288,0,376,-7930,1,0,1
738029,1245,0,2482,9935,1,0,1
738030,964,0,4616,9594,1,0,1
738031,65535,255,5391,-7006,0,0,0
738032,65535,255,3774,-7302,0,0,0
738033,949,0,1348,-7744,1,0,1
738034,2913,0,1580,9914,1,0,1
738035,1110,0,4000,9692,1,0,1
738036,0,0,0,0,0,0,0
738037,65535,255,4392,-7200,0,0,0
738038,65535,255,2245,-7482,0,0,0
738039,4656,0,617,9715,1,0,1
738040,1157,0,3289,9832,1,0,1
738041,1293,0,5150,9469,1,0,1
738042,65535,255,4930,-7121,0,0,0
738043,65535,255,3064,-7513,0,0,0
738044,65535,255,377,-7224,0,0,0
738045,65535,255,2478,9846,0,0,0
738046,1153,0,4616,9558,1,0,1
738047,65535,255,5391,-7058,0,0,0
738048,65535,255,3779,-7389,0,0,0
738049,2912,0,1348,-7670,1,0,1
738050,1522,0,1580,9854,1,0,1
738051,659,0,4000,9677,1,0,1
738052,65535,255,5612,9381,0,0,0
738053,1200,0,4392,-7222,1,0,1
738054,1077,0,2245,-7496,1,0,0
738055,4228,0,617,9768,1,0,1
738056,1203,0,3290,9851,1,0,1
738057,774,0,5150,9480,1,0,1
738058,1067,0,4926,-7142,1,0,1
738059,954,0,3077,-7426,1,0,1
738060,65535,255,399,-7918,0,0,0
738061,65535,255,2462,9895,0,0,0
738062,268,2,4602,9611,1,0,0
738063,65535,255,5400,-7055,0,0,0
738064,65535,255,3790,-7305,0,0,0
738065,5450,1,1365,-7551,1,0,1
738066,1169,0,1564,9871,1,0,1
738067,1258,0,3985,9726,1,0,1
738068,1205,0,5602,9370,1,0,1
738069,65535,255,4409,-7221,0,0,0
738070,1553,0,2272,-7612,1,0,1
738071,65535,255,594,9697,0,0,0
738072,1199,0,3272,9746,1,0,1
738073,1418,0,5139,9457,1,0,1
738074,65535,255,4941,-7149,0,0,0
738075,1093,0,3082,-7466,1,0,1
738076,65535,255,405,-7510,0,0,0
738077,65535,255,2458,9973,0,0,0
738078,957,0,4603,9563,1,0,1
738079,1096,0,5402,-7021,1,0,1
738080,970,0,3794,-7382,1,0,1
738081,65535,255,1371,-7819,0,0,0
738082,564,0,1553,10104,1,0,1
738083,825,0,3981,9706,1,0,1
738084,65535,255,5601,9362,0,0,0
738085,65535,255,4409,-7214,0,0,0
738086,65535,255,2272,-7613,0,0,0
738087,65535,255,592,9759,0,0,0
738088,65535,255,3271,9766,0,0,0
738089,65535,255,5137,9469,0,0,0
738090,65535,255,4942,-7171,0,0,0
738091,65535,255,3083,-7525,0,0,0
738092,65535,255,400,-8009,0,0,0
738093,0,0,0,0,0,0,0
738094,65535,255,4605,9613,0,0,0
738095,1092,0,5403,-7064,1,0,1
738096,65535,255,3791,-7336,0,0,0
738097,65535,255,1366,-7698,0,0,0
738098,65535,255,1562,10041,0,0,0
738099,65535,255,3988,9691,0,0,0
738100,1029,0,5606,9352,1,0,1
738101,65535,255,4406,-7208,0,0,0
738102,1391,0,2267,-7627,1,0,1
738103,65535,255,598,9872,0,0,0
738104,1232,0,3275,9804,1,0,1
738105,1239,0,5143,9494,1,0,1
738106,687,0,4939,-7117,1,0,1
738107,65535,255,3074,-7436,0,0,0
738108,65535,255,389,-7418,0,0,0
738109,1622,0,2466,9988,1,0,1
738110,1161,0,4612,9581,1,0,1
738111,65535,255,5397,-7046,0,0,0
738112,1126,0,3783,-7313,1,0,1
738113,1284,0,1354,-7650,1,0,1
738114,1453,0,1573,10040,1,0,1
738115,65535,255,3995,9690,0,0,0
738116,839,0,5610,9362,1,0,1
738117,65535,255,4399,-7228,0,0,0
738118,65535,255,2251,-7472,0,0,0
738119,922,0,608,10148,1,0,1
738120,65535,255,3289,9819,0,0,0
738121,65535,255,5151,9452,0,0,0
738122,656,0,4932,-7162,1,0,1
738123,65535,255,3065,-7527,0,0,0
738124,1831,0,378,-8288,1,0,1
738125,65535,255,2486,9934,0,0,0
738126,65535,255,4622,9561,0,0,0
738127,1306,0,5389,-7038,1,0,1
738128,1079,0,3771,-7307,1,0,1
738129,65535,255,1338,-7676,0,0,0
738130,65535,255,1590,10059,0,0,0
738131,65535,255,4010,9711,0,0,0
738132,1626,0,5621,9382,1,0,1
738133,65535,255,4389,-7261,0,0,0
738134,2159,0,2235,-7559,1,0,1
738135,387,2,639,9727,1,0,1
738136,1024,0,3307,9735,1,0,1
738137,1212,0,5160,9502,1,0,1
738138,735,2,4924,-7164,1,0,1
738139,65535,255,3051,-7438,0,0,0
738140,1420,0,366,-8038,1,0,1
738141,1679,0,2491,9985,1,0,1
738142,65535,255,4625,9592,0,0,0
738143,2916,0,5386,-7038,3,0,0
738144,2279,0,3771,-7370,3,0,0
738145,65535,255,1338,-7627,0,0,0
738146,2467,2,1590,9833,1,0,0
738147,65535,255,4007,9681,0,0,0
738148,687,0,5615,9388,1,0,0
738149,65535,255,4392,-7209,0,0,0
738150,0,0,0,0,0,0,0
738151,65535,255,615,9985,0,0,0
738152,1360,0,3293,9747,1,0,1
738153,65535,255,5151,9509,0,0,0
738154,797,0,4933,-7177,1,0,0
738155,65535,255,3065,-7476,0,0,0
738156,65535,255,379,-7062,0,0,0
738157,1327,0,2476,9846,1,0,1
738158,65535,255,4615,9569,0,0,0
738159,65535,255,5393,-7023,0,0,0
738160,65535,255,3779,-7305,0,0,0
738161,65535,255,1355,-7822,0,0,0
738162,65535,255,1573,10021,0,0,0
738163,65535,255,3996,9640,0,0,0
738164,1274,0,5608,9367,1,0,1
738165,916,0,4403,-7283,1,0,1
738166,1145,2,2257,-7484,1,0,0
738167,65535,255,604,9823,0,0,0
738168,807,0,3280,9729,1,0,1
738169,65535,255,5143,9501,0,0,1
738170,65535,255,4936,-7176,0,0,0
738171,752,2,3074,-7474,1,0,1
738172,65535,255,392,-7167,0,0,0
738173,958,0,2470,9860,1,0,1
738174,65535,255,4607,9583,0,0,0
738175,1324,0,5396,-7010,1,0,1
738176,65535,255,3784,-7335,0,0,0
738177,65535,255,1362,-7549,0,0,0
738178,65535,255,1561,10127,0,0,0
738179,818,0,3987,9678,1,0,0
738180,1394,0,5604,9395,1,0,1
738181,1213,0,4404,-7231,1,0,1
738182,65535,255,2263,-7597,0,0,0
738183,65535,255,596,10318,0,0,0
738184,1705,0,3274,9815,1,0,0
738185,2050,0,5139,9476,1,0,1
738186,1864,0,4938,-7148,1,0,1
738187,1860,0,3075,-7433,1,0,1
738188,65535,255,396,-8174,0,0,0
738189,447,0,2465,9822,1,0,1
738190,295,0,4604,9566,1,0,1
738191,613,0,5399,-7004,1,0,1
738192,65535,255,3788,-7325,0,0,0
738193,1064,0,1362,-7549,1,0,1
738194,65535,255,1556,10148,0,0,0
738195,2671,0,3987,9686,3,0,0
738196,65535,255,5602,9401,0,0,0
738197,2373,0,4405,-7243,3,0,0
738198,65535,255,2269,-7638,0,0,0
738199,4020,0,592,10266,1,0,0
738200,65535,255,3270,9854,0,0,0
738201,233,2,5139,9497,1,0,1
738202,65535,255,4941,-7179,0,0,0
738203,65535,255,3080,-7493,0,0,0
738204,1504,0,396,-7419,1,0,1
738205,65535,255,2460,9925,0,0,0
738206,65535,255,4604,9615,0,0,0
738207,909,2,5399,-7043,1,0,1
738208,2093,0,3788,-7396,1,0,1
738209,2953,0,1368,-7791,1,0,0
738210,2332,0,1561,10043,1,0,1
738211,1104,0,3987,9657,1,0,1
738212,65535,255,5604,9387,0,0,0
738213,1338,0,4404,-7224,1,0,1
738214,1513,0,2263,-7610,1,0,1
738215,0,0,0,0,0,0,0
738216,0,0,0,0,0,0,0
738217,1242,0,5142,9497,1,0,1
738218,760,0,4937,-7128,1,0,0
738219,1334,0,3075,-7513,1,0,1
738220,65535,255,389,-7668,0,0,0
738221,1874,0,2466,9963,1,0,1
738222,1345,0,4611,9546,1,0,1
738223,1258,0,5396,-7018,1,0,1
738224,65535,255,3784,-7318,0,0,0
738225,1578,0,1356,-7573,1,0,1
738226,1048,2,1572,9855,1,0,1
738227,1207,0,3994,9714,1,0,1
738228,1305,0,5609,9355,1,0,1
738229,65535,255,4400,-7288,0,0,0
738230,1390,0,2257,-7525,1,0,1
738231,65535,255,607,10149,0,0,0
738232,65535,255,3283,9815,0,0,0
738233,65535,255,5147,9480,0,0,0
738234,65535,255,4934,-7170,0,0,0
738235,1270,0,3066,-7494,1,0,1
738236,2215,0,378,-7580,1,0,1
738237,1163,0,2475,9962,1,0,1
738238,1141,0,4617,9552,1,0,1
738239,65535,255,5390,-7001,0,0,0
738240,65535,255,3776,-7343,0,0,0
738241,65535,255,1344,-7670,0,0,0
738242,2505,0,1583,9958,1,0,1
738243,995,0,4006,9641,1,0,1
738244,65535,255,5614,9386,0,0,0
738245,981,0,4393,-7232,1,0,1
738246,65535,255,2247,-7655,0,0,0
738247,0,0,0,0,0,0,0
738248,1194,0,3301,9766,1,0,1
738249,65535,255,5159,9463,0,0,0
738250,1203,0,4925,-7154,1,0,1
738251,65535,255,3051,-7475,0,0,0
738252,2015,0,361,-7481,1,0,1
738253,1414,0,2495,9960,1,0,1
738254,267,0,4631,9556,1,0,1
738255,986,2,5384,-7012,1,0,1
738256,1118,2,3764,-7367,1,0,1
738257,65535,255,1327,-7748,0,0,0
738258,65535,255,1605,10059,0,0,0
738259,65535,255,4017,9682,0,0,0
738260,65535,255,5625,9375,0,0,0
738261,65535,255,4380,-7280,0,0,0
738262,65535,255,2220,-7542,0,0,0
738263,151,2,643,10298,1,0,1
738264,65535,255,3316,9812,0,0,0
738265,65535,255,5168,9491,0,0,0
738266,1018,0,4913,-7135,1,0,1
738267,1291,0,3032,-7447,1,0,1
738268,619,0,338,-7267,1,0,0
738269,1627,0,2515,9958,1,0,1
738270,1270,0,4645,9560,1,0,1
738271,65535,255,5370,-7020,0,0,0
738272,885,0,3747,-7379,1,0,1
738273,65535,255,1299,-7832,0,0,0
738274,65535,255,1630,10035,0,0,0
738275,65535,255,4037,9723,0,0,0
738276,65535,255,5635,9363,0,0,0
738277,65535,255,4366,-7301,0,0,0
738278,65535,255,2209,-7633,0,0,0
738279,65535,255,661,10043,0,0,0
738280,65535,255,3325,9847,0,0,0
738281,65535,255,5174,9449,0,0,0
738282,262,2,4909,-7164,1,0,1
738283,65535,255,3032,-7452,0,0,0
738284,65535,255,339,-7079,0,0,0
738285,1334,0,2511,9983,1,0,1
738286,65535,255,4635,9592,0,0,0
738287,65535,255,5376,-7062,0,0,0
738288,1102,0,3755,-7361,1,0,1
738289,3176,0,1316,-7633,1,0,1
738290,1246,0,1612,9915,1,0,1
738291,1118,0,4018,9668,1,0,1
738292,65535,255,5624,9360,0,0,0
738293,1095,0,4379,-7235,1,0,1
738294,1590,0,2230,-7500,1,0,1
738295,65535,255,633,10409,0,0,0
738296,574,0,3302,9775,1,0,1
738297,1080,0,5157,9499,1,0,1
738298,65535,255,6372,9189,0,0,0
738299,65535,255,3051,-7507,0,0,0
738300,1982,0,366,-8301,1,0,1
738301,65535,255,2491,9949,0,0,0
738302,1081,0,4622,9587,1,0,1
738303,65535,255,6017,9275,0,0,0
738304,65535,255,3767,-7367,0,0,0
738305,65535,255,1338,-7499,0,0,0
738306,65535,255,1584,9980,0,0,0
738307,65535,255,4003,9699,0,0,0
738308,970,0,5613,9376,1,0,0
738309,65535,255,6679,9052,0,0,0
738310,0,0,0,0,0,0,0
738311,65535,255,615,9987,0,0,0
738312,1045,2,3285,9853,1,0,0
738313,1248,0,5149,9465,1,0,1
738314,1285,0,6367,9166,1,0,1
738315,65535,255,-32768,-32768,0,65535,1
738316,65535,255,382,-7845,0,0,0
738317,1211,0,2476,9899,1,0,1
738318,1241,0,4612,9565,1,0,1
738319,65535,255,6010,9291,0,0,0
738320,65535,255,6955,8960,0,0,1
738321,1278,0,1355,-7720,1,0,1
738322,65535,255,1568,10107,0,0,0
738323,1031,0,3988,9731,1,0,1
738324,1215,0,5603,9393,1,0,1
738325,65535,255,6673,9057,0,0,1
738326,65535,255,2267,-7583,0,0,0
738327,65535,255,592,9818,0,0,0
738328,1105,0,3271,9817,1,0,1
738329,513,0,5138,9513,1,0,1
738330,65535,255,6357,9194,0,0,0
738331,65535,255,-32768,-32768,0,65535,1
738332,276,0,407,-8248,1,0,1
738333,65535,255,2452,9941,0,0,0
738334,468,0,4598,9575,1,0,0
738335,65535,255,6001,9293,0,0,0
738336,65535,255,6949,8958,0,0,1
738337,779,0,1383,-7766,1,0,1
738338,65535,255,1546,9857,0,0,0
738339,65535,255,3974,9645,0,0,0
738340,65535,255,5593,9413,0,0,0
738341,65535,255,6666,9076,0,0,0
738342,65535,255,2283,-7465,0,0,0
738343,2675,0,568,10272,1,0,1
738344,887,0,3253,9753,1,0,1
738345,645,0,5126,9480,1,0,1
738346,65535,255,6351,9175,0,0,0
738347,579,2,3100,-7469,1,0,0
738348,2500,0,429,-7912,1,0,1
738349,65535,255,2437,9904,0,0,0
738350,65535,255,4588,9558,0,0,0
738351,65535,255,5994,9287,0,0,0
738352,65535,255,3811,-7329,0,0,0
738353,1180,2,1400,-7762,1,0,0
738354,993,2,1525,9855,1,0,0
738355,65535,255,3962,9653,0,0,0
738356,65535,255,5586,9355,0,0,0
738357,65535,255,4429,-7232,0,0,0
738358,65535,255,2303,-7506,0,0,0
738359,1661,0,552,10518,1,0,1
738360,65535,255,3240,9791,0,0,0
738361,1105,0,5118,9507,1,0,1
738362,65535,255,4962,-7152,0,0,0
738363,65535,255,3114,-7406,0,0,0
738364,0,0,0,0,0,0,0
738365,0,0,0,0,0,0,0
738366,0,0,0,0,0,0,0
738367,0,0,0,0,0,0,0
738368,0,0,0,0,0,0,0
738369,0,0,0,0,0,0,0
738370,0,0,0,0,0,0,0
738371,0,0,0,0,0,0,0
738372,0,0,0,0,0,0,0
738373,0,0,0,0,0,0,0
738374,0,0,0,0,0,0,0
738375,0,0,0,0,0,0,0
738376,0,0,0,0,0,0,0
738377,0,0,0,0,0,0,0
738378,0,0,0,0,0,0,0
738379,0,0,0,0,0,0,0
738380,0,0,0,0,0,0,0
738381,0,0,0,0,0,0,0
738382,0,0,0,0,0,0,0
738383,0,0,0,0,0,0,0
738384,0,0,0,0,0,0,0
738385,0,0,0,0,0,0,0
738386,0,0,0,0,0,0,0
738387,0,0,0,0,0,0,0
738388,0,0,0,0,0,0,0
738389,0,0,0,0,0,0,0
738390,0,0,0,0,0,0,0
738391,0,0,0,0,0,0,0
738392,0,0,0,0,0,0,0
738393,0,0,0,0,0,0,0
738394,0,0,0,0,0,0,0
738395,0,0,0,0,0,0,0
738396,0,0,0,0,0,0,0
738397,65535,255,2398,9893,0,0,0
738398,65535,255,4565,9573,0,0,0
738399,0,0,0,0,0,0,0
738400,0,0,0,0,0,0,0
738401,65535,255,1433,-7638,0,0,0
738402,2137,0,1487,10117,1,0,1
738403,1372,0,3940,9642,1,0,1
738404,1156,2,5573,9358,1,0,1
738405,693,2,4449,-7253,1,0,0
738406,1303,0,2329,-7585,1,0,1
738407,1615,0,522,10035,1,0,1
738408,65535,255,3218,9737,0,0,0
738409,65535,255,5101,9494,0,0,0
738410,1138,0,4977,-7149,1,0,1
738411,1122,0,3135,-7394,1,0,1
738412,1388,2,474,-7608,1,0,0
738413,65535,255,2398,9880,0,0,0
738414,65535,255,4561,9574,0,0,0
738415,65535,255,5431,-6990,0,0,0
738416,65535,255,3841,-7385,0,0,0
738417,65535,255,1439,-7706,0,0,0
738418,65535,255,1492,9856,0,0,0
738419,1289,0,3936,9679,1,0,1
738420,1209,0,5571,9382,1,0,1
738421,694,0,4450,-7195,1,0,1
738422,65535,255,2330,-7477,0,0,0
738423,889,0,525,9591,1,0,0
738424,729,0,3213,9834,1,0,1
738425,65535,255,5102,9469,0,0,0
738426,1306,0,4974,-7127,1,0,1
738427,952,0,3133,-7448,1,0,1
738428,1537,0,469,-7469,1,0,1
738429,65535,255,2398,9881,0,0,0
738430,1113,0,4562,9580,1,0,1
738431,1068,0,5429,-7000,1,0,1
738432,1039,0,3835,-7301,1,0,1
738433,65535,255,1433,-7799,0,0,0
738434,65535,255,1492,9965,0,0,0
738435,65535,255,3940,9731,0,0,1
738436,1330,0,5571,9419,1,0,1
738437,804,0,4446,-7252,1,0,1
738438,65535,255,2324,-7614,0,0,0
738439,65535,255,529,10350,0,0,0
738440,65535,255,3223,9804,0,0,0
738441,65535,255,5108,9458,0,0,0
738442,796,0,4971,-7127,1,0,1
738443,1058,0,3127,-7512,1,0,1
738444,65535,255,462,-7750,0,0,0
738445,65535,255,2398,9987,0,0,0
738446,65535,255,4562,9562,0,0,0
738447,667,0,5429,-7004,1,0,1
738448,1140,0,3839,-7347,1,0,1
738449,65535,255,1439,-7659,0,0,0
738450,65535,255,1481,9944,0,0,0
738451,924,0,3926,9704,1,0,1
738452,65535,255,5562,9385,0,0,0
738453,1072,0,4457,-7231,1,0,1
738454,65535,255,2345,-7636,0,0,0
738455,65535,255,500,9710,0,0,0
738456,65535,255,3199,9762,0,0,0
738457,65535,255,5089,9458,0,0,0
738458,65535,255,4991,-7150,0,0,0
738459,65535,255,3159,-7469,0,0,1
738460,65535,255,504,-7555,0,0,0
738461,740,0,2363,9967,1,0,1
738462,920,0,4540,9560,1,0,1
738463,1240,0,5446,-7013,1,0,1
738464,640,0,3868,-7365,1,0,1
738465,2750,0,1479,-7766,1,0,1
738466,2435,0,1446,10086,1,0,1
738467,1197,0,3905,9694,1,0,1
738468,65535,255,5547,9422,0,0,0
738469,957,0,4477,-7196,1,0,1
738470,65535,255,2374,-7579,0,0,0
738471,65535,255,469,9992,0,0,0
738472,65535,255,3172,9755,0,0,0
738473,645,0,5072,9466,1,0,1
738474,1298,0,5005,-7157,1,0,1
738475,65535,255,3181,-7504,0,0,0
738476,1699,0,533,-7811,1,0,1
738477,1261,0,2343,9834,1,0,1
738478,65535,255,4523,9602,0,0,0
738479,65535,255,5466,-7028,0,0,0
738480,1262,0,3890,-7314,1,0,1
738481,65535,255,1512,-7700,0,0,0
738482,65535,255,1418,10132,0,0,0
738483,65535,255,3886,9745,0,0,0
738484,1208,0,5539,9405,1,0,1
738485,1227,0,4491,-7211,1,0,1
738486,65535,255,2389,-7463,0,0,0
738487,1647,0,452,10324,1,0,1
738488,65535,255,3164,9751,0,0,0
738489,1140,0,5069,9488,1,0,1
738490,1337,0,5008,-7135,1,0,1
738491,65535,255,3186,-7499,0,0,0
738492,65535,255,534,-8127,0,0,0
738493,985,0,2348,9965,1,0,1
738494,65535,255,4530,9590,0,0,0
738495,65535,255,5455,-6998,0,0,0
738496,65535,255,3876,-7392,0,0,0
738497,2758,0,1484,-7617,1,0,1
738498,0,0,0,0,0,0,0
738499,65535,255,3905,9734,0,0,0
738500,487,2,5551,9407,1,0,1
738501,0,0,0,0,0,0,0
738502,65535,255,2365,-7491,0,0,0
738503,1794,0,482,10583,1,0,1
738504,1106,0,3190,9797,1,0,1
738505,65535,255,5086,9517,0,0,0
738506,0,0,0,0,0,0,0
738507,65535,255,3158,-7425,0,0,0
738508,65535,255,498,-7689,0,0,0
738509,65535,255,2377,9882,0,0,0
738510,1221,0,4550,9567,1,0,1
738511,1117,0,5442,-7040,1,0,1
738512,65535,255,3851,-7373,0,0,0
738513,6216,1,1451,-7594,1,0,1
738514,65535,255,1480,10077,0,0,0
738515,65535,255,3931,9745,0,0,0
738516,65535,255,5567,9413,0,0,1
738517,1225,0,4453,-7238,1,0,1
738518,65535,255,2335,-7562,0,0,0
738519,65535,255,522,9911,0,0,0
738520,65535,255,3219,9807,0,0,0
738521,65535,255,5109,9481,0,0,0
