sdate,line_t,line_tmq,line_tvza,line_tvaa,line_tm2,line_QFDNB,line_tm_buf
735235,65535,255,4634,9559,0,0,0
735236,0,0,0,0,0,0,0
735237,65535,255,3872,-7395,0,0,0
735238,209,0,1429,-7780,1,0,1
735239,307,0,1551,10053,1,0,1
735240,65535,255,4017,9674,0,0,0
735241,363,2,5643,9413,1,0,0
735242,256,0,4482,-7283,1,0,1
735243,176,0,2331,-7587,1,0,1
735244,136,0,580,10422,1,0,1
735245,65535,255,3306,9724,0,0,0
735246,33,2,5185,9481,1,0,0
735247,65535,255,5008,-7181,0,0,0
735248,65535,255,3136,-7505,0,0,0
735249,65535,255,418,-7694,0,0,0
735250,0,0,0,0,0,0,0
735251,0,0,0,0,0,0,0
735252,65535,255,5469,-7072,0,0,0
735253,230,0,3860,-7391,1,0,1
735254,122,0,1412,-7523,1,0,1
735255,185,0,1557,10056,1,0,1
735256,65535,255,4017,9704,0,0,0
735257,279,1,5642,9359,1,0,1
735258,288,0,4485,-7237,1,0,1
735259,287,0,2341,-7613,1,0,1
735260,623,2,559,10182,1,0,1
735261,276,0,3288,9726,1,0,1
735262,295,0,5171,9489,1,0,1
735263,65535,255,5023,-7177,0,0,0
735264,65535,255,3168,-7491,0,0,0
735265,0,0,0,0,0,0,0
735266,247,1,2446,9959,1,0,1
735267,202,0,4624,9555,1,0,1
735268,65535,255,5484,-7054,0,0,0
735269,166,0,3887,-7406,1,0,1
735270,65535,255,1458,-7843,0,0,0
735271,65535,255,1517,10124,0,0,0
735272,299,0,3987,9709,3,0,0
735273,65535,255,5625,9367,0,0,0
735274,65535,255,4508,-7251,0,0,0
735275,750,0,2375,-7661,3,0,0
735276,65535,255,521,9828,0,0,0
735277,347,2,3257,9786,3,0,0
735278,65535,255,5151,9482,0,0,0
735279,526,2,5039,-7136,1,0,0
735280,425,0,3191,-7430,1,0,0
735281,65535,255,500,-8231,0,0,0
735282,65535,255,2416,9897,0,0,0
735283,428,0,4601,9632,1,0,1
735284,342,0,5499,-7041,1,0,1
735285,481,0,3910,-7402,1,0,1
735286,191,0,1485,-7834,1,0,1
735287,329,0,1485,10151,1,0,1
735288,0,0,0,0,0,0,0
735289,65535,255,5610,9380,0,0,0
735290,65535,255,4526,-7266,0,0,0
735291,65535,255,2395,-7473,0,0,0
735292,65535,255,492,9817,0,0,0
735293,0,0,0,0,0,0,0
735294,65535,255,5134,9470,0,0,0
735295,65535,255,5054,-7122,0,0,0
735296,65535,255,3218,-7541,0,0,0
735297,65535,255,528,-7893,0,0,0
735298,381,0,2387,9821,1,0,1
735299,0,0,0,0,0,0,0
735300,65535,255,5513,-7078,0,0,0
735301,65535,255,3929,-7332,0,0,0
735302,220,0,1518,-7611,1,0,1
735303,186,0,1457,9909,1,0,1
735304,65535,255,3939,9753,0,0,0
735305,65535,255,5595,9392,0,0,0
735306,258,0,4543,-7293,1,0,1
735307,65535,255,2425,-7549,0,0,0
735308,138,0,458,10306,1,0,1
735309,125,0,3203,9851,1,0,1
735310,137,0,5117,9520,1,0,1
735311,157,0,5068,-7182,1,0,1
735312,65535,255,3240,-7518,0,0,0
735313,196,0,562,-7822,1,0,0
735314,296,0,2363,9837,1,0,1
735315,400,0,4563,9608,1,0,1
735316,422,0,5523,-7029,1,0,1
735317,119,0,3944,-7381,1,0,1
735318,65535,255,1540,-7801,0,0,0
735319,65535,255,1428,10144,0,0,0
735320,311,0,3923,9719,1,0,1
735321,214,0,5585,9381,1,0,1
735322,65535,255,4556,-7290,0,0,0
735323,112,0,2444,-7559,1,0,1
735324,157,0,435,10545,1,0,1
735325,65535,255,3190,9746,0,0,0
735326,346,0,5108,9475,1,0,1
735327,419,0,5079,-7143,1,0,1
735328,65535,255,3253,-7459,0,0,1
735329,65535,255,575,-7592,0,0,0
735330,284,0,2348,9798,1,0,1
735331,200,0,4556,9603,1,0,1
735332,65535,255,5530,-7032,0,0,0
735333,65535,255,3959,-7401,0,0,0
735334,65535,255,1551,-7567,0,0,0
735335,0,0,0,0,0,0,0
735336,0,0,0,0,0,0,0
735337,30,2,5579,9416,1,0,1
735338,65535,255,4563,-7277,0,0,0
735339,0,0,0,0,0,0,0
735340,65535,255,430,9548,0,0,0
735341,65535,255,3180,9796,0,0,0
735342,263,0,5102,9508,1,0,1
735343,65535,255,5083,-7169,0,0,0
735344,65535,255,3258,-7420,0,0,0
735345,271,0,586,-7479,1,0,1
735346,182,0,2342,9883,1,0,1
735347,65535,255,4553,9611,0,0,0
735348,179,0,5532,-7050,1,0,1
735349,65535,255,3959,-7334,0,0,0
735350,65535,255,1556,-7735,0,0,0
735351,208,0,1411,10149,1,0,1
735352,302,0,3915,9758,1,0,1
735353,65535,255,5581,9420,0,0,0
735354,154,0,4566,-7271,1,0,1
735355,206,0,2459,-7571,1,0,1
735356,114,0,429,9705,1,0,1
735357,228,0,3180,9836,1,0,1
735358,165,0,5107,9462,1,0,1
735359,196,0,5084,-7153,1,0,1
735360,65535,255,3258,-7525,0,0,0
735361,241,2,582,-7310,1,0,1
735362,65535,255,2347,10001,0,0,0
735363,65535,255,4559,9623,0,0,0
735364,239,0,5532,-7068,1,0,1
735365,65535,255,3955,-7379,0,0,0
735366,65535,255,1551,-7567,0,0,0
735367,188,0,1422,10030,1,0,1
735368,372,0,3923,9742,1,0,1
735369,135,0,5586,9419,1,0,1
735370,65535,255,4559,-7284,0,0,0
735371,156,0,2449,-7637,1,0,1
735372,65535,255,440,10316,0,0,0
735373,65535,255,3193,9777,0,0,0
735374,65535,255,5113,9523,0,0,0
735375,278,0,5078,-7149,1,0,1
735376,65535,255,3249,-7536,0,0,0
735377,65535,255,563,-7528,0,0,0
735378,65535,255,2367,9865,0,0,0
735379,65535,255,4570,9578,0,0,0
735380,65535,255,6003,9292,0,0,0
735381,254,0,3943,-7358,1,0,1
735382,0,0,0,0,0,0,0
735383,65535,255,1445,10073,0,0,0
735384,98,0,3942,9651,1,0,1
735385,234,0,5596,9380,1,0,1
735386,65535,255,6684,9075,0,0,1
735387,172,0,2429,-7574,1,0,1
735388,65535,255,463,10092,0,0,0
735389,65535,255,3212,9774,0,0,0
735390,65535,255,5125,9530,0,0,0
735391,65535,255,6368,9183,0,0,0
735392,0,0,0,0,0,0,0
735393,65535,255,534,-7952,0,0,0
735394,160,0,2386,9982,1,0,1
735395,65535,255,4583,9637,0,0,0
735396,65535,255,6013,9311,0,0,0
735397,65535,255,6971,8983,0,0,1
735398,222,2,1501,-7569,1,0,1
735399,65535,255,1473,10114,0,0,0
735400,163,0,3961,9677,1,0,1
735401,367,0,5607,9400,1,0,1
735402,65535,255,6691,9095,0,0,1
735403,161,0,2396,-7521,1,0,1
735404,65535,255,500,9626,0,0,0
735405,193,0,3239,9792,1,0,1
735406,256,0,5142,9511,1,0,1
735407,65535,255,6380,9172,0,0,0
735408,206,0,3195,-7418,1,0,1
735409,65535,255,499,-7903,0,0,0
735410,65535,255,2421,9817,0,0,0
735411,65535,255,4607,9559,0,0,0
735412,65535,255,6027,9266,0,0,0
735413,65535,255,3899,-7388,0,0,0
735414,299,0,1468,-7725,1,0,1
735415,65535,255,1512,9953,0,0,0
735416,65535,255,3984,9712,0,0,0
735417,65535,255,5625,9382,0,0,0
735418,65535,255,6702,9084,0,0,0
735419,65535,255,2366,-7662,0,0,0
735420,150,0,540,9656,1,0,1
735421,274,2,3271,9739,1,0,0
735422,127,0,5163,9522,1,0,1
735423,246,0,6393,9186,1,0,1
735424,158,0,3164,-7471,1,0,1
735425,65535,255,454,-7261,0,0,0
735426,65535,255,2456,9908,0,0,0
735427,65535,255,4628,9617,0,0,0
735428,65535,255,6042,9306,0,0,0
735429,65535,255,3865,-7363,0,0,0
735430,198,0,1423,-7663,1,0,1
735431,178,0,1551,9930,1,0,1
735432,99,0,4014,9684,1,0,1
735433,193,0,5638,9406,1,0,1
735434,118,0,4482,-7292,1,0,1
735435,65535,255,2336,-7490,0,0,0
735436,65535,255,562,9851,0,0,0
735437,65535,255,3283,9756,0,0,0
735438,65535,255,5171,9449,0,0,0
735439,213,0,5018,-7171,1,0,1
735440,65535,255,3159,-7461,0,0,0
735441,65535,255,457,-7753,0,0,0
735442,199,0,2451,9870,1,0,1
735443,65535,255,4625,9599,0,0,0
735444,65535,255,5482,-7076,0,0,0
735445,252,0,3881,-7316,1,0,1
735446,240,0,1447,-7521,1,0,1
735447,65535,255,1523,10103,0,0,0
735448,65535,255,3991,9688,0,0,0
735449,0,0,0,0,0,0,0
735450,65535,255,4501,-7306,0,0,0
735451,144,0,2366,-7554,1,0,1
735452,65535,255,526,10212,0,0,0
735453,65535,255,3261,9825,0,0,0
735454,65535,255,5154,9494,0,0,0
735455,0,0,0,0,0,0,0
735456,142,0,3182,-7420,1,0,1
735457,74,0,488,-8040,1,0,1
735458,65535,255,2426,9846,0,0,0
735459,0,0,0,0,0,0,0
735460,65535,255,5495,-7077,0,0,0
735461,98,0,3899,-7328,1,0,1
735462,202,0,1474,-7592,1,0,1
735463,84,0,1502,9867,1,0,1
735464,0,0,0,0,0,0,0
735465,65535,255,5617,9380,0,0,0
735466,239,0,4518,-7273,1,0,1
735467,65535,255,2385,-7486,0,0,0
735468,182,0,504,9958,1,0,1
735469,65535,255,3243,9799,0,0,0
735470,207,0,5144,9491,1,0,1
735471,329,0,5048,-7144,1,0,1
735472,65535,255,3204,-7437,0,0,0
735473,65535,255,507,-7247,0,0,0
735474,188,0,2406,9914,1,0,1
735475,65535,255,4597,9635,0,0,0
735476,65535,255,5504,-7047,0,0,0
735477,115,0,3914,-7408,1,0,1
735478,65535,255,1491,-7504,0,0,0
735479,65535,255,1485,9824,0,0,0
735480,65535,255,3964,9736,0,0,0
735481,332,0,5609,9387,1,0,1
735482,248,0,4528,-7289,1,0,1
735483,163,0,2400,-7550,1,0,1
735484,90,0,492,10357,1,0,1
735485,65535,255,3231,9785,0,0,0
735486,262,0,5137,9490,1,0,1
735487,65535,255,5054,-7146,0,0,0
735488,247,0,3213,-7406,1,0,1
735489,65535,255,523,-8149,0,0,0
735490,65535,255,2401,9902,0,0,0
735491,252,0,4591,9608,1,0,1
735492,176,0,5509,-7056,1,0,1
735493,157,0,3921,-7317,1,0,0
735494,267,0,1501,-7634,1,0,1
735495,151,0,1473,9956,1,0,1
735496,125,0,3960,9671,1,0,1
735497,212,0,5606,9409,1,0,1
735498,176,0,4532,-7257,1,0,0
735499,65535,255,2405,-7510,0,0,0
735500,148,0,486,10296,1,0,1
735501,227,0,3229,9770,1,0,1
735502,207,0,5136,9462,1,0,1
735503,65535,255,5056,-7137,0,0,0
735504,116,0,3213,-7454,1,0,1
735505,103,0,523,-7578,1,0,1
735506,98,0,2401,9810,1,0,1
735507,177,0,4590,9606,1,0,1
735508,159,0,5507,-7042,1,0,1
735509,146,0,3921,-7414,1,0,1
735510,140,0,1501,-7612,1,0,1
735511,65535,255,1473,10002,0,0,1
735512,65535,255,3960,9701,0,0,0
735513,44,2,5609,9378,1,0,1
735514,65535,255,4528,-7301,0,0,0
735515,148,2,2405,-7615,1,0,1
735516,65535,255,492,9888,0,0,0
735517,65535,255,3229,9840,0,0,0
735518,65535,255,5136,9510,0,0,0
735519,65535,255,5050,-7137,0,0,0
735520,215,0,3209,-7473,1,0,1
735521,224,0,516,-7831,1,0,1
735522,133,0,2406,9888,1,0,1
735523,0,0,0,0,0,0,0
735524,65535,255,5502,-7031,0,0,0
735525,155,0,3914,-7392,1,0,0
735526,160,0,1485,-7590,1,0,1
735527,134,0,1485,10023,1,0,1
735528,134,0,3968,9722,1,0,1
735529,65535,255,5612,9405,0,0,0
735530,207,0,4518,-7253,1,0,1
735531,153,0,2385,-7551,1,0,1
735532,148,0,510,9701,1,0,1
735533,190,0,3243,9829,1,0,1
735534,65535,255,5148,9465,0,0,0
735535,177,0,5039,-7160,1,0,1
735536,65535,255,3191,-7543,0,0,0
735537,65535,255,494,-7432,0,0,0
735538,65535,255,2427,9834,0,0,0
735539,0,0,0,0,0,0,0
735540,65535,255,5490,-7022,0,0,0
735541,214,0,3895,-7404,1,0,1
735542,171,0,1463,-7726,1,0,1
735543,65535,255,1513,9869,0,0,0
735544,65535,255,3988,9690,0,0,0
735545,65535,255,5626,9397,0,0,0
735546,127,0,4498,-7262,1,0,1
735547,354,0,2361,-7607,1,0,1
735548,65535,255,538,10147,0,0,0
735549,65535,255,3270,9778,0,0,0
735550,65535,255,5162,9499,0,0,0
735551,222,0,5021,-7164,1,0,1
735552,74,0,3160,-7420,1,0,1
735553,73,0,452,-7843,1,0,1
735554,65535,255,2456,9961,0,0,0
735555,65535,255,4631,9630,0,0,0
735556,65535,255,5473,-7026,0,0,0
735557,239,0,3865,-7337,1,0,1
735558,166,0,1423,-7637,1,0,1
735559,65535,255,1545,10122,0,0,0
735560,0,0,0,0,0,0,0
735561,65535,255,5636,9373,0,0,0
735562,152,0,4486,-7254,1,0,1
735563,177,0,2346,-7500,1,0,1
735564,0,0,0,0,0,0,0
735565,0,0,0,0,0,0,0
735566,228,0,5162,9478,1,0,1
735567,0,0,0,0,0,0,0
735568,141,0,3169,-7449,1,0,1
735569,65535,255,470,-7979,0,0,0
735570,0,0,0,0,0,0,0
735571,65535,255,4618,9627,0,0,0
735572,65535,255,5485,-7086,0,0,0
735573,65535,255,3888,-7424,0,0,0
735574,65535,255,1457,-7772,0,0,0
735575,65535,255,1512,9956,0,0,0
735576,65535,255,3984,9735,0,0,0
735577,65535,255,5623,9363,0,0,0
735578,131,0,4505,-7223,1,0,1
735579,198,0,2370,-7552,1,0,1
735580,166,0,521,10027,1,0,1
735581,516,2,3252,9781,1,0,1
735582,0,0,0,0,0,0,0
735583,65535,255,5039,-7181,0,0,0
735584,65535,255,3191,-7474,0,0,0
735585,65535,255,495,-7300,0,0,0
735586,65535,255,2421,9888,0,0,0
735587,294,0,4604,9605,1,0,1
735588,0,0,0,0,0,0,0
735589,243,0,3903,-7332,1,0,1
735590,0,0,0,0,0,0,0
735591,0,0,0,0,0,0,0
735592,65535,255,3972,9715,0,0,0
735593,518,2,5617,9364,1,0,1
735594,65535,255,4515,-7246,0,0,0
735595,129,0,2385,-7630,1,0,1
735596,177,0,512,9571,1,0,1
735597,0,0,0,0,0,0,0
735598,234,0,5145,9504,1,0,1
735599,65535,255,5045,-7184,0,0,0
735600,359,0,3199,-7511,1,0,1
735601,65535,255,499,-7700,0,0,0
735602,65535,255,2416,9967,0,0,0
735603,650,2,4603,9575,3,0,0
735604,65535,255,5499,-7069,0,0,0
735605,65535,255,3906,-7324,0,0,0
735606,203,0,1479,-7611,1,0,1
735607,325,2,1496,9935,1,0,1
735608,65535,255,3976,9649,0,0,0
735609,65535,255,5617,9406,0,0,0
735610,0,0,0,0,0,0,0
735611,65535,255,2385,-7616,0,0,0
735612,292,0,510,9700,1,0,1
735613,0,0,0,0,0,0,0
735614,177,0,5148,9483,1,0,1
735615,65535,255,5042,-7147,0,0,0
735616,179,0,3195,-7464,1,0,1
735617,65535,255,493,-7565,0,0,0
735618,65535,255,2423,9924,0,0,0
735619,338,0,4607,9593,3,0,0
735620,65535,255,5494,-7020,0,0,0
735621,65535,255,3902,-7362,0,0,0
735622,65535,255,1474,-7655,0,0,0
735623,962,1,1501,9914,3,0,0
735624,65535,255,3975,9737,0,0,0
735625,461,2,5620,9373,3,0,0
735626,691,2,4515,-7258,3,0,0
735627,532,2,2385,-7656,3,0,0
735628,65535,255,517,9642,0,0,0
735629,339,2,3252,9744,3,0,0
735630,65535,255,5148,9511,0,0,0
735631,65535,255,5042,-7185,0,0,0
735632,65535,255,3195,-7502,0,0,0
735633,0,0,0,0,0,0,0
735634,272,0,2421,9968,3,0,0
735635,0,0,0,0,0,0,0
735636,65535,255,5496,-7074,0,0,0
735637,65535,255,3902,-7346,0,0,0
735638,437,2,1474,-7655,3,0,0
735639,320,0,1501,9958,3,0,0
735640,397,1,3980,9664,3,0,0
735641,531,2,5617,9410,3,0,0
735642,542,2,4512,-7227,3,0,0
735643,0,0,0,0,0,0,0
735644,65535,255,522,9711,0,0,0
735645,65535,255,3252,9773,0,0,0
735646,793,1,5150,9488,3,0,0
735647,383,0,5036,-7148,3,0,0
735648,65535,255,3186,-7464,0,0,0
735649,65535,255,488,-7563,0,0,0
735650,386,0,2428,9889,1,0,1
735651,65535,255,4611,9593,0,0,0
735652,374,1,5490,-7025,1,0,1
735653,214,0,3891,-7385,1,0,1
735654,65535,255,1460,-7652,0,0,0
735655,202,0,1518,9871,1,0,1
735656,0,0,0,0,0,0,0
735657,210,0,5625,9417,1,0,1
735658,167,0,4498,-7254,1,0,1
735659,223,0,2360,-7511,1,0,1
735660,137,2,539,10396,1,0,1
735661,0,0,0,0,0,0,0
735662,517,0,5162,9501,1,0,1
735663,65535,255,5025,-7182,0,0,0
735664,366,0,3164,-7418,1,0,1
735665,65535,255,459,-7481,0,0,0
735666,186,2,2456,9834,1,0,0
735667,173,0,4628,9632,1,0,0
735668,65535,255,5475,-7074,0,0,0
735669,65535,255,3869,-7382,0,0,0
735670,0,0,0,0,0,0,0
735671,65535,255,1545,10082,0,0,0
735672,130,0,4006,9696,1,0,0
735673,65535,255,5634,9361,0,0,0
735674,130,0,4489,-7243,1,0,1
735675,65535,255,2351,-7659,0,0,0
735676,195,0,545,9846,1,0,1
735677,149,0,3270,9790,1,0,1
735678,65535,255,5157,9491,0,0,0
735679,342,0,5030,-7148,1,0,1
735680,65535,255,3177,-7465,0,0,0
735681,148,0,482,-7561,1,0,1
735682,188,0,2426,9923,1,0,1
735683,131,0,4608,9593,1,0,1
735684,65535,255,5493,-7023,0,0,0
735685,230,0,3903,-7383,1,0,1
735686,65535,255,1475,-7500,0,0,0
735687,65535,255,1491,9872,0,0,0
735688,35,2,3969,9658,1,0,0
735689,65535,255,5610,9426,0,0,0
735690,275,0,4522,-7261,1,0,1
735691,156,0,2395,-7534,1,0,1
735692,65535,255,493,10497,0,0,0
735693,65535,255,3230,9786,0,0,0
735694,65535,255,5134,9512,0,0,0
735695,223,0,5053,-7174,1,0,1
735696,0,0,0,0,0,0,0
735697,65535,255,528,-7637,0,0,0
735698,113,0,2392,9853,1,0,1
735699,225,0,4584,9601,1,0,1
735700,65535,255,5510,-7023,0,0,0
735701,154,0,3925,-7394,1,0,0
735702,193,0,1512,-7607,1,0,1
735703,65535,255,1456,10076,0,0,0
735704,65535,255,3946,9743,0,0,0
735705,65535,255,5597,9425,0,0,0
735706,180,0,4539,-7283,1,0,1
735707,65535,255,2425,-7635,0,0,0
735708,0,0,0,0,0,0,0
735709,65535,255,3212,9779,0,0,0
735710,264,0,5122,9525,1,0,1
735711,114,0,5065,-7141,1,0,1
735712,227,0,3236,-7533,1,0,0
735713,252,0,551,-7523,1,0,1
735714,285,0,2372,9882,1,0,1
735715,65535,255,4573,9588,0,0,0
735716,65535,255,5520,-7053,0,0,0
735717,197,0,3940,-7369,1,0,1
735718,65535,255,1529,-7627,0,0,0
735719,65535,255,1445,10170,0,0,0
735720,65535,255,3938,9686,0,0,0
735721,191,2,5592,9399,1,0,0
735722,161,0,4545,-7276,1,0,1
735723,65535,255,2434,-7647,0,0,0
735724,314,0,453,10608,1,0,1
735725,279,0,3202,9847,1,0,1
735726,65535,255,5119,9495,0,0,0
735727,65535,255,5070,-7125,0,0,0
735728,65535,255,3240,-7523,0,0,0
735729,65535,255,557,-7643,0,0,0
735730,65535,255,2367,9936,0,0,0
735731,234,0,4569,9626,1,0,1
735732,65535,255,5520,-7021,0,0,0
735733,149,0,3940,-7339,1,0,1
735734,65535,255,1529,-7585,0,0,0
735735,65535,255,1445,9939,0,0,0
735736,65535,255,3938,9708,0,0,0
735737,65535,255,5591,9427,0,0,0
735738,315,0,4545,-7232,1,0,1
735739,174,0,2429,-7596,1,0,1
735740,70,2,457,10384,1,0,1
735741,65535,255,3207,9847,0,0,0
735742,65535,255,5122,9510,0,0,0
735743,65535,255,6365,9177,0,0,0
735744,65535,255,3231,-7448,0,0,0
735745,169,0,547,-7307,1,0,1
735746,122,0,2377,9882,1,0,1
735747,65535,255,4576,9618,0,0,0
735748,65535,255,6006,9309,0,0,0
735749,65535,255,3932,-7362,0,0,0
735750,132,0,1518,-7693,1,0,1
735751,97,0,1457,9961,1,0,1
735752,263,0,3946,9655,1,0,1
735753,209,0,5599,9402,1,0,1
735754,65535,255,6684,9109,0,0,0
735755,0,0,0,0,0,0,0
735756,65535,255,469,10375,0,0,0
735757,133,0,3216,9855,1,0,1
735758,157,0,5127,9519,1,0,1
735759,65535,255,6369,9194,0,0,0
735760,65535,255,-32768,-32768,0,65535,1
735761,65535,255,528,-7698,0,0,0
735762,0,0,0,0,0,0,0
735763,0,0,0,0,0,0,0
735764,65535,255,6013,9291,0,0,0
735765,65535,255,6971,8985,0,0,1
735766,205,0,1501,-7672,1,0,1
735767,65535,255,1473,9983,0,0,0
735768,65535,255,3961,9675,0,0,0
735769,198,0,5605,9419,1,0,1
735770,65535,255,6691,9077,0,0,1
735771,65535,255,2400,-7652,0,0,0
735772,155,0,492,9891,1,0,1
735773,155,0,3234,9805,1,0,1
735774,65535,255,5139,9501,0,0,0
735775,201,2,6378,9184,1,0,0
735776,65535,255,3200,-7490,0,0,0
735777,65535,255,505,-7700,0,0,0
735778,95,0,2417,9812,1,0,1
735779,270,0,4601,9602,1,0,1
735780,170,0,6023,9309,1,0,1
735781,65535,255,6977,8997,0,0,1
735782,65535,255,1474,-7697,0,0,0
735783,65535,255,1496,9850,0,0,0
735784,87,2,3972,9688,1,0,1
735785,216,0,5613,9394,1,0,1
735786,65535,255,6694,9085,0,0,1
735787,65535,255,2385,-7587,0,0,0
735788,65535,255,504,10093,0,0,0
735789,163,0,3244,9766,1,0,1
735790,65535,255,5143,9524,0,0,0
735791,255,0,6380,9172,1,0,1
735792,190,0,3197,-7464,1,0,1
735793,65535,255,505,-7632,0,0,0
735794,65535,255,2411,9905,0,0,0
735795,65535,255,4598,9602,0,0,0
735796,165,0,6020,9281,1,0,1
735797,65535,255,3907,-7396,0,0,0
735798,310,0,1485,-7697,1,0,1
735799,65535,255,1491,9872,0,0,0
735800,65535,255,3965,9711,0,0,0
735801,154,0,5610,9413,1,0,1
735802,225,0,4519,-7292,1,0,1
735803,65535,255,2390,-7481,0,0,1
735804,65535,255,505,9633,0,0,0
735805,65535,255,3239,9862,0,0,0
735806,65535,255,5142,9501,0,0,0
735807,65535,255,5045,-7129,0,0,0
735808,65535,255,3200,-7519,0,0,0
735809,111,0,505,-7504,1,0,1
735810,123,0,2411,9905,1,0,1
735811,110,0,4594,9576,1,0,1
735812,65535,255,5500,-7064,0,0,0
735813,65535,255,3903,-7407,0,0,0
735814,65535,255,1468,-7767,0,0,0
735815,215,2,1512,9999,1,0,1
735816,65535,255,3991,9646,0,0,0
735817,182,0,5630,9384,1,0,1
735818,108,0,4488,-7276,1,0,1
735819,0,0,0,0,0,0,0
735820,100,0,567,9917,1,0,1
735821,149,0,3286,9772,1,0,1
735822,159,0,5171,9488,1,0,1
735823,0,0,0,0,0,0,0
735824,65535,255,3159,-7439,0,0,0
735825,70,0,453,-7841,1,0,1
735826,240,0,2451,9937,1,0,1
735827,65535,255,4624,9601,0,0,0
735828,65535,255,5479,-7056,0,0,0
735829,284,0,3880,-7373,1,0,1
735830,151,0,1446,-7566,1,0,0
735831,114,0,1529,10084,1,0,1
735832,65535,255,3995,9646,0,0,0
735833,65535,255,5630,9370,0,0,0
735834,138,0,4498,-7230,1,0,1
735835,257,0,2360,-7512,1,0,1
735836,241,0,534,9716,1,0,1
735837,164,0,3261,9847,1,0,1
735838,203,0,5156,9486,1,0,1
735839,133,0,5033,-7193,1,0,0
735840,126,0,3181,-7466,1,0,1
735841,65535,255,483,-8178,0,0,0
735842,65535,255,2431,9809,0,0,0
735843,65535,255,4614,9555,0,0,0
735844,303,0,5492,-7029,1,0,1
735845,65535,255,3895,-7333,0,0,0
735846,158,0,1469,-7500,1,0,1
735847,178,0,1501,10044,1,0,1
735848,65535,255,3979,9649,0,0,0
735849,65535,255,5620,9378,0,0,0
735850,65535,255,4512,-7240,0,0,0
735851,65535,255,2380,-7590,0,0,0
735852,160,0,510,10156,1,0,1
735853,201,0,3234,9838,1,0,1
735854,65535,255,5142,9459,0,0,0
735855,65535,255,5050,-7145,0,0,0
735856,168,0,3208,-7504,1,0,1
735857,131,0,517,-8091,1,0,1
735858,65535,255,2406,9966,0,0,0
735859,141,0,4597,9597,1,0,1
735860,208,0,5504,-7049,1,0,1
735861,213,0,3913,-7342,1,0,1
735862,80,0,1491,-7789,1,0,1
735863,65535,255,1485,9911,0,0,0
735864,65535,255,3968,9691,0,0,0
735865,149,2,5614,9389,1,0,1
735866,65535,255,4522,-7236,0,0,0
735867,0,0,0,0,0,0,0
735868,0,0,0,0,0,0,0
735869,126,0,3243,9732,1,0,1
735870,155,0,5144,9495,1,0,1
735871,65535,255,5046,-7186,0,0,0
735872,65535,255,3200,-7409,0,0,0
735873,65535,255,510,-7769,0,0,0
735874,65535,255,2406,9940,0,0,0
735875,264,0,4593,9616,1,0,1
735876,65535,255,5507,-7075,0,0,0
735877,194,0,3921,-7414,1,0,1
735878,110,0,1501,-7765,1,0,1
735879,144,0,1468,9956,1,0,1
735880,65535,255,3953,9745,0,0,0
735881,0,0,0,0,0,0,0
735882,65535,255,4539,-7257,0,0,1
735883,0,0,0,0,0,0,0
735884,149,0,464,10448,1,0,1
735885,65535,255,3211,9842,0,0,0
735886,65535,255,5125,9494,0,0,0
735887,65535,255,5067,-7135,0,0,0
735888,65535,255,3249,-7409,0,0,0
735889,76,0,562,-7829,1,0,0
735890,153,0,2362,9980,1,0,1
735891,93,0,4573,9546,1,0,1
735892,65535,255,5520,-7045,0,0,1
735893,65535,255,3936,-7373,0,0,0
735894,65535,255,1518,-7682,0,0,0
735895,65535,255,1456,9929,0,0,0
735896,65535,255,3949,9740,0,0,0
735897,65535,255,5604,9377,0,0,0
735898,178,2,4532,-7270,1,0,1
735899,94,0,2401,-7524,1,0,1
735900,115,2,493,9815,1,0,1
735901,65535,255,3238,9775,0,0,0
735902,223,0,5142,9475,1,0,1
735903,106,0,5045,-7146,1,0,1
735904,65535,255,3204,-7548,0,0,0
735905,65535,255,511,-7645,0,0,0
735906,170,0,2406,9921,1,0,1
735907,136,0,4597,9610,1,0,1
735908,0,0,0,0,0,0,0
735909,0,0,0,0,0,0,0
735910,65535,255,1496,-7793,0,0,0
735911,154,0,1479,9995,1,0,1
735912,65535,255,3964,9642,0,0,0
735913,225,0,5607,9381,1,0,1
735914,261,0,4526,-7264,1,0,1
735915,0,0,0,0,0,0,0
735916,115,0,482,9598,1,0,1
735917,65535,255,3221,9734,0,0,0
735918,200,0,5128,9452,1,0,1
735919,65535,255,5066,-7187,0,0,0
735920,0,0,0,0,0,0,0
735921,65535,255,546,-7778,0,0,0
735922,201,0,2377,9814,1,0,1
735923,65535,255,4573,9585,0,0,0
735924,153,0,5520,-7086,1,0,1
735925,185,0,3940,-7354,1,0,1
735926,65535,255,1528,-7707,0,0,0
735927,65535,255,1440,10041,0,0,0
735928,65535,255,3935,9686,0,0,0
735929,0,0,0,0,0,0,0
735930,65535,255,4553,-7270,0,0,0
735931,235,0,2439,-7530,1,0,1
735932,128,0,446,10379,1,0,1
735933,65535,255,3199,9727,0,0,0
735934,65535,255,5114,9471,0,0,0
735935,65535,255,5076,-7148,0,0,0
735936,65535,255,3249,-7479,0,0,0
735937,113,0,569,-7774,1,0,1
735938,65535,255,2357,9856,0,0,0
735939,65535,255,4561,9600,0,0,0
735940,65535,255,5528,-7070,0,0,0
735941,65535,255,3951,-7360,0,0,0
735942,65535,255,1551,-7788,0,0,0
735943,65535,255,1429,9855,0,0,0
735944,65535,255,3924,9719,0,0,0
735945,260,0,5584,9414,1,0,1
735946,65535,255,4559,-7269,0,0,0
735947,65535,255,2449,-7569,0,0,0
735948,168,0,435,9704,1,0,1
735949,65535,255,3189,9835,0,0,0
735950,65535,255,5111,9461,0,0,0
735951,65535,255,5081,-7162,0,0,0
735952,65535,255,3253,-7545,0,0,0
735953,65535,255,569,-7483,0,0,0
735954,65535,255,2358,9843,0,0,0
735955,65535,255,4563,9557,0,0,0
735956,65535,255,5529,-7028,0,0,0
735957,0,0,0,0,0,0,0
735958,65535,255,1545,-7789,0,0,0
735959,161,0,1434,9949,1,0,1
735960,133,0,3931,9717,1,0,1
735961,204,2,5589,9418,1,0,1
735962,65535,255,4556,-7300,0,0,0
735963,262,0,2440,-7491,1,0,1
735964,65535,255,453,9571,0,0,0
735965,357,2,3198,9853,1,0,1
735966,215,0,5119,9491,1,0,1
735967,211,0,5072,-7128,1,0,1
735968,65535,255,3240,-7508,0,0,0
735969,65535,255,552,-7477,0,0,0
735970,177,0,2372,9882,1,0,1
735971,65535,255,4576,9592,0,0,0
735972,355,2,5522,-7071,1,0,1
735973,65535,255,3940,-7413,0,0,0
735974,424,2,1523,-7770,1,0,1
735975,232,0,1457,9994,1,0,1
735976,65535,255,3950,9641,0,0,0
735977,65535,255,5602,9379,0,0,0
735978,65535,255,4542,-7266,0,0,0
735979,225,0,2419,-7663,1,0,1
735980,109,0,482,9600,1,0,1
735981,199,0,3225,9726,1,0,1
735982,148,2,5136,9519,1,0,1
735983,221,2,5059,-7173,1,0,1
735984,65535,255,3217,-7464,0,0,0
735985,124,0,518,-7330,1,0,1
735986,0,0,0,0,0,0,0
735987,227,0,4597,9614,1,0,1
735988,65535,255,5504,-7026,0,0,0
735989,65535,255,3914,-7357,0,0,0
735990,65535,255,1484,-7645,0,0,0
735991,65535,255,1496,9902,0,0,0
735992,65535,255,3976,9668,0,0,0
735993,482,2,5619,9384,3,0,0
735994,65535,255,4518,-7283,0,0,0
735995,718,1,2380,-7509,3,0,0
735996,245,0,521,10013,3,0,0
735997,0,0,0,0,0,0,0
735998,317,1,5158,9489,3,0,0
735999,405,2,5035,-7151,3,0,0
736000,65535,255,3182,-7506,0,0,0
736001,471,2,482,-7576,3,0,0
736002,65535,255,2431,9954,0,0,0
736003,0,0,0,0,0,0,0
736004,0,0,0,0,0,0,0
736005,65535,255,3898,-7397,0,0,0
736006,243,0,1469,-7800,3,0,0
736007,240,0,1507,10075,3,0,0
736008,396,2,3980,9688,3,0,0
736009,377,2,5620,9352,3,0,0
736010,65535,255,4515,-7245,0,0,0
736011,365,2,2385,-7641,3,0,0
736012,0,0,0,0,0,0,0
736013,65535,255,3248,9771,0,0,0
736014,473,2,5148,9476,3,0,0
736015,489,2,5045,-7138,3,0,0
736016,431,2,3199,-7427,3,0,0
736017,0,0,0,0,0,0,0
736018,0,0,0,0,0,0,0
736019,639,2,4601,9545,3,0,0
736020,65535,255,5502,-7057,0,0,0
736021,0,0,0,0,0,0,0
736022,296,0,1485,-7600,3,0,0
736023,241,0,1490,9925,3,0,0
736024,346,0,3968,9653,3,0,0
736025,0,0,0,0,0,0,0
736026,322,0,4521,-7243,3,0,0
736027,0,0,0,0,0,0,0
736028,65535,255,498,10012,0,0,0
736029,307,0,3239,9829,3,0,0
736030,379,2,5139,9519,3,0,0
736031,65535,255,5050,-7199,0,0,0
736032,337,1,3204,-7416,1,0,1
736033,0,0,0,0,0,0,0
736034,0,0,0,0,0,0,0
736035,180,0,4597,9583,1,0,1
736036,207,0,5502,-7030,1,0,1
736037,0,0,0,0,0,0,0
736038,140,0,1491,-7534,1,0,1
736039,65535,255,1485,9925,0,0,0
736040,65535,255,3965,9668,0,0,0
736041,312,0,5610,9364,1,0,1
736042,284,0,4525,-7286,1,0,1
736043,0,0,0,0,0,0,0
736044,65535,255,499,9749,0,0,1
736045,142,0,3239,9820,1,0,1
736046,211,0,5142,9464,1,0,1
736047,65535,255,5048,-7132,0,0,0
736048,291,0,3204,-7474,1,0,1
736049,65535,255,505,-7842,0,0,0
736050,0,0,0,0,0,0,0
736051,65535,255,4601,9570,0,0,0
736052,65535,255,5500,-7025,0,0,0
736053,65535,255,3910,-7417,0,0,0
736054,157,0,1479,-7665,1,0,1
736055,135,0,1490,10100,1,0,1
736056,138,0,3977,9638,1,0,1
736057,0,0,0,0,0,0,0
736058,65535,255,4515,-7294,0,0,0
736059,65535,255,2380,-7654,0,0,0
736060,156,0,515,10270,1,0,1
736061,65535,255,3253,9771,0,0,0
736062,0,0,0,0,0,0,0
736063,65535,255,5039,-7137,0,0,0
736064,65535,255,3186,-7505,0,0,0
736065,65535,255,488,-8152,0,0,0
736066,271,0,2432,9811,1,0,1
736067,206,0,4614,9544,1,0,1
736068,65535,255,5492,-7096,0,0,0
736069,65535,255,3891,-7434,0,0,0
736070,65535,255,1457,-7759,0,0,0
736071,65535,255,1523,9923,0,0,0
736072,260,0,3991,9716,1,0,1
736073,65535,255,5629,9379,0,0,0
736074,0,0,0,0,0,0,0
736075,65535,255,2352,-7557,0,0,0
736076,120,0,552,9657,1,0,1
736077,65535,255,3277,9787,0,0,0
736078,204,0,5168,9493,1,0,1
736079,158,0,5021,-7136,1,0,1
736080,239,0,3164,-7537,1,0,1
736081,65535,255,447,-7633,0,0,0
736082,136,0,2465,9937,1,0,0
736083,247,0,4635,9597,1,0,1
736084,184,0,5474,-7100,1,0,0
736085,65535,255,3868,-7378,0,0,0
736086,240,0,1423,-7601,1,0,1
736087,183,0,1545,10091,1,0,0
736088,219,0,4010,9655,1,0,1
736089,138,0,5640,9372,1,0,1
736090,65535,255,4491,-7276,0,0,0
736091,99,0,2345,-7524,1,0,1
736092,65535,255,551,9838,0,0,0
736093,65535,255,3280,9721,0,0,0
736094,65535,255,5167,9499,0,0,0
736095,65535,255,5029,-7205,0,0,0
736096,65535,255,3177,-7506,0,0,0
736097,217,2,471,-7359,1,0,1
736098,197,2,2441,9863,1,0,1
736099,197,0,4621,9586,1,0,1
736100,65535,255,5489,-7060,0,0,0
736101,65535,255,3895,-7389,0,0,0
736102,187,0,1462,-7690,1,0,1
736103,65535,255,1518,9903,0,0,0
736104,101,0,3987,9718,1,0,1
736105,65535,255,5625,9357,0,0,0
736106,65535,255,4513,-7289,0,0,0
736107,100,0,2375,-7548,1,0,1
736108,171,0,515,10080,1,0,1
736109,237,0,3252,9790,1,0,1
736110,111,2,5153,9466,1,0,1
736111,65535,255,6384,9199,0,0,0
736112,198,2,3199,-7493,1,0,1
736113,202,0,500,-7445,1,0,1
736114,65535,255,2416,9905,0,0,0
736115,65535,255,4604,9614,0,0,0
736116,65535,255,6024,9300,0,0,0
736117,0,0,0,0,0,0,0
736118,65535,255,1485,-7577,0,0,0
736119,127,0,1490,10074,1,0,1
736120,130,0,3972,9698,1,0,1
736121,65535,255,5614,9383,0,0,0
736122,65535,255,6696,9064,0,0,1
736123,65535,255,2399,-7572,0,0,0
736124,65535,255,492,10283,0,0,0
736125,211,0,3234,9831,1,0,1
736126,157,0,5142,9499,1,0,1
736127,65535,255,6378,9168,0,0,0
736128,65535,255,3213,-7434,0,0,0
736129,217,2,523,-8154,1,0,1
736130,65535,255,2401,9868,0,0,0
736131,65535,255,4593,9604,0,0,1
736132,234,2,6017,9302,1,0,1
736133,65535,255,6973,8984,0,0,0
736134,65535,255,1501,-7663,0,0,0
736135,0,0,0,0,0,0,0
736136,65535,255,3961,9641,0,0,0
736137,175,0,5607,9393,1,0,1
736138,65535,255,6690,9101,0,0,0
736139,65535,255,2409,-7544,0,0,0
736140,265,0,481,10289,1,0,1
736141,65535,255,3225,9842,0,0,0
736142,122,0,5133,9511,1,0,1
736143,65535,255,6373,9188,0,0,0
736144,158,0,3222,-7489,1,0,1
736145,198,0,529,-7669,1,0,1
736146,65535,255,2393,9942,0,0,0
736147,153,0,4587,9574,1,0,1
736148,159,0,6013,9287,1,0,1
736149,0,0,0,0,0,0,0
736150,172,0,1507,-7641,1,0,1
736151,65535,255,1468,9949,0,0,0
736152,65535,255,3953,9656,0,0,0
736153,170,0,5602,9407,1,0,1
736154,141,0,4535,-7228,1,0,1
736155,127,0,2415,-7623,1,0,0
736156,65535,255,476,9666,0,0,0
736157,211,0,3221,9775,1,0,1
736158,65535,255,5131,9481,0,0,0
736159,65535,255,6370,9167,0,0,0
736160,65535,255,3222,-7461,0,0,0
736161,95,2,529,-7464,1,0,1
736162,281,0,2387,9975,1,0,1
736163,65535,255,4584,9574,0,0,0
736164,65535,255,5513,-7080,0,0,0
736165,65535,255,3925,-7354,0,0,0
736166,65535,255,1507,-7728,0,0,0
736167,187,0,1462,10064,1,0,1
736168,65535,255,3950,9701,0,0,0
736169,119,0,5603,9371,1,0,1
736170,207,0,4536,-7283,1,0,1
736171,75,0,2409,-7544,1,0,1
736172,65535,255,475,10430,0,0,0
736173,174,0,3221,9737,1,0,1
736174,257,0,5131,9471,1,0,1
736175,239,0,5057,-7144,1,0,1
736176,239,0,3218,-7461,1,0,1
736177,114,0,528,-7524,1,0,1
736178,186,0,2392,9789,1,0,1
736179,105,0,4587,9592,1,0,1
736180,65535,255,5508,-7031,0,0,0
736181,80,0,3921,-7391,1,0,1
736182,112,0,1502,-7511,1,0,1
736183,65535,255,1474,9881,0,0,0
736184,149,0,3958,9649,1,0,1
736185,65535,255,5603,9412,0,0,0
736186,168,0,4529,-7253,1,0,1
736187,65535,255,2405,-7504,0,0,0
736188,65535,255,487,10287,0,0,0
736189,187,0,3230,9727,1,0,1
736190,155,0,5137,9469,1,0,1
736191,208,0,5054,-7145,1,0,1
736192,65535,255,3208,-7482,0,0,0
736193,148,0,516,-7774,1,0,1
736194,264,0,2402,9855,1,0,1
736195,100,0,4594,9628,1,0,0
736196,341,0,5505,-7064,1,0,1
736197,65535,255,3914,-7341,0,0,0
736198,65535,255,1491,-7730,0,0,0
736199,140,2,1479,10130,1,0,0
736200,75,2,3965,9736,1,0,1
736201,186,0,5610,9401,1,0,1
736202,126,0,4522,-7242,1,0,1
736203,73,0,2390,-7493,1,0,1
736204,214,0,498,10351,1,0,1
736205,114,0,3244,9744,1,0,1
736206,65535,255,5145,9483,0,0,0
736207,65535,255,5047,-7167,0,0,0
736208,121,0,3199,-7531,1,0,1
736209,322,0,506,-8236,1,0,1
736210,217,0,2417,9958,1,0,1
736211,65535,255,4604,9590,0,0,0
736212,129,0,5496,-7039,1,0,1
736213,432,2,3906,-7431,1,0,1
736214,110,0,1474,-7665,1,0,1
736215,129,0,1501,10078,1,0,1
736216,140,0,3979,9734,1,0,1
736217,65535,255,5622,9408,0,0,0
736218,65535,255,4511,-7263,0,0,0
736219,167,0,2375,-7547,1,0,1
736220,65535,255,529,9641,0,0,0
736221,182,0,3261,9809,1,0,1
736222,191,0,5158,9469,1,0,1
736223,174,2,5035,-7132,1,0,1
736224,109,0,3181,-7475,1,0,1
736225,147,0,476,-7985,1,0,1
736226,65535,255,2441,9916,0,0,0
736227,65535,255,4621,9581,0,0,0
736228,65535,255,5486,-7037,0,0,0
736229,65535,255,3885,-7387,0,0,0
736230,65535,255,1446,-7736,0,0,0
736231,58,0,1523,10051,1,0,1
736232,65535,255,3995,9679,0,0,0
736233,65535,255,5627,9410,0,0,0
736234,125,0,4508,-7309,1,0,1
736235,207,0,2370,-7562,1,0,1
736236,65535,255,527,10267,0,0,0
736237,0,0,0,0,0,0,0
736238,65535,255,5159,9500,0,0,0
736239,0,0,0,0,0,0,0
736240,65535,255,3186,-7447,0,0,0
736241,65535,255,488,-7699,0,0,0
736242,65535,255,2431,9889,0,0,0
736243,164,0,4610,9618,1,0,1
736244,209,0,5496,-7036,1,0,0
736245,224,0,3902,-7381,1,0,1
736246,65535,255,1474,-7755,0,0,0
736247,65535,255,1501,10033,0,0,0
736248,271,0,3980,9682,1,0,1
736249,140,0,5620,9387,1,0,1
736250,65535,255,4518,-7238,0,0,0
736251,166,0,2385,-7640,1,0,1
736252,106,0,517,9695,1,0,1
736253,70,0,3252,9762,1,0,1
736254,102,0,5151,9471,1,0,1
736255,122,0,5044,-7133,1,0,1
736256,224,0,3199,-7426,1,0,1
736257,159,0,506,-8234,1,0,1
736258,127,2,2416,9905,1,0,1
736259,276,0,4604,9546,1,0,1
736260,260,0,5502,-7057,1,0,1
736261,130,0,3910,-7424,1,0,1
736262,0,0,0,0,0,0,0
736263,78,0,1496,9903,1,0,1
736264,65535,255,3972,9646,0,0,0
736265,65535,255,5614,9404,0,0,0
736266,65535,255,4518,-7231,0,0,0
736267,178,0,2390,-7652,1,0,1
736268,320,0,504,9885,1,0,1
736269,0,0,0,0,0,0,0
736270,0,0,0,0,0,0,0
736271,294,0,5047,-7178,1,0,1
736272,69,0,3199,-7522,1,0,1
736273,65535,255,505,-8037,0,0,1
736274,65535,255,2416,9865,0,0,0
736275,65535,255,4601,9583,0,0,0
736276,260,2,5502,-7065,1,0,1
736277,194,0,3914,-7400,1,0,1
736278,65535,255,1490,-7751,0,0,0
736279,65535,255,1485,9970,0,0,0
736280,65535,255,3963,9679,0,0,0
736281,147,0,5610,9374,1,0,1
736282,187,0,4525,-7254,1,0,1
736283,131,0,2400,-7624,1,0,1
736284,244,2,488,10489,1,0,1
736285,116,0,3230,9851,1,0,1
736286,187,2,5134,9500,1,0,1
736287,65535,255,5056,-7145,0,0,0
736288,65535,255,3213,-7424,0,0,0
736289,252,0,528,-8025,1,0,1
736290,65535,255,2392,9828,0,0,0
736291,161,0,4587,9586,1,0,1
736292,221,0,5510,-7071,1,0,1
736293,138,0,3924,-7414,1,0,1
736294,65535,255,1507,-7511,0,0,1
736295,184,0,1463,10132,1,0,1
736296,0,0,0,0,0,0,0
736297,0,0,0,0,0,0,0
736298,257,0,4536,-7239,1,0,1
736299,0,0,0,0,0,0,0
736300,0,0,0,0,0,0,0
736301,65535,255,3217,9728,0,0,0
736302,193,0,5125,9528,1,0,1
736303,326,0,5062,-7184,1,0,1
736304,169,0,3226,-7498,1,0,1
736305,65535,255,539,-7651,0,0,0
736306,65535,255,2377,9977,0,0,0
736307,177,2,4581,9568,1,0,1
736308,65535,255,5515,-7065,0,0,0
736309,65535,255,3929,-7316,0,0,0
736310,65535,255,1518,-7574,0,0,0
736311,65535,255,1457,9858,0,0,0
736312,0,0,0,0,0,0,0
736313,65535,255,5598,9386,0,0,0
736314,151,0,4539,-7288,1,0,1
736315,65535,255,2419,-7542,0,0,0
736316,65535,255,463,10299,0,0,0
736317,65535,255,3212,9854,0,0,0
736318,65535,255,5123,9519,0,0,0
736319,0,0,0,0,0,0,0
736320,0,0,0,0,0,0,0
736321,0,0,0,0,0,0,0
736322,65535,255,2382,9843,0,0,0
736323,65535,255,4577,9613,0,0,0
736324,0,0,0,0,0,0,0
736325,65535,255,3933,-7396,0,0,0
736326,65535,255,1515,-7687,0,0,0
736327,65535,255,1458,9836,0,0,0
736328,65535,255,3946,9740,0,0,0
736329,65535,255,5597,9396,0,0,0
736330,65535,255,4540,-7269,0,0,0
736331,263,0,2419,-7620,1,0,1
736332,215,0,470,9729,1,0,1
736333,176,0,3216,9787,1,0,1
736334,248,0,5128,9498,1,0,1
736335,138,0,5061,-7169,1,0,1
736336,152,0,3226,-7507,1,0,1
736337,106,0,533,-7896,1,0,1
736338,65535,255,2387,9870,0,0,0
736339,65535,255,4584,9631,0,0,0
736340,65535,255,5511,-7057,0,0,0
736341,247,0,3925,-7323,1,0,1
736342,105,0,1506,-7640,1,0,1
736343,65535,255,1468,10019,0,0,0
736344,108,2,3957,9694,1,0,1
736345,0,0,0,0,0,0,0
736346,270,0,4535,-7295,1,0,1
736347,216,0,2409,-7582,1,0,1
736348,366,0,488,9673,1,0,1
736349,304,0,3229,9795,1,0,1
736350,65535,255,5136,9507,0,0,0
736351,170,0,5055,-7185,1,0,1
736352,65535,255,3213,-7479,0,0,0
736353,65535,255,518,-7448,0,0,0
736354,726,1,2401,9961,3,0,0
736355,417,2,4597,9580,1,0,0
736356,0,0,0,0,0,0,0
736357,371,0,3917,-7399,1,0,1
736358,65535,255,1490,-7553,0,0,0
736359,155,0,1491,9949,1,0,1
736360,216,0,3972,9685,1,0,1
736361,65535,255,5617,9370,0,0,0
736362,206,0,4524,-7297,1,0,1
736363,65535,255,2390,-7625,0,0,0
736364,65535,255,510,9953,0,0,0
736365,0,0,0,0,0,0,0
736366,691,2,5150,9458,1,0,1
736367,387,0,5044,-7141,1,0,1
736368,65535,255,3194,-7482,0,0,0
736369,65535,255,493,-7910,0,0,0
736370,65535,255,2426,9892,0,0,0
736371,65535,255,4614,9565,0,0,0
736372,482,0,5496,-7093,1,0,1
736373,65535,255,3898,-7402,0,0,0
736374,344,2,1463,-7596,1,0,1
736375,65535,255,1512,10013,0,0,0
736376,0,0,0,0,0,0,0
736377,171,0,5627,9394,1,0,1
736378,108,0,4504,-7244,1,0,1
736379,248,0,2365,-7520,1,0,1
736380,65535,255,540,9977,0,0,0
736381,234,0,3270,9800,1,0,1
736382,65535,255,5164,9522,0,0,0
736383,65535,255,5026,-7133,0,0,0
736384,65535,255,3168,-7476,0,0,0
736385,65535,255,458,-7775,0,0,0
736386,65535,255,2456,9825,0,0,0
736387,283,0,4628,9599,1,0,1
736388,65535,255,5481,-7047,0,0,0
736389,234,0,3879,-7382,1,0,1
736390,149,0,1440,-7782,1,0,1
736391,65535,255,1540,10116,0,0,0
736392,209,2,4003,9717,1,0,1
736393,65535,255,5638,9383,0,0,0
736394,65535,255,4491,-7296,0,0,0
736395,65535,255,2345,-7562,0,0,0
736396,217,0,557,10498,1,0,1
736397,115,0,3288,9750,1,0,1
736398,239,2,5173,9474,1,0,1
736399,65535,255,5017,-7145,0,0,0
736400,0,0,0,0,0,0,0
736401,107,2,441,-7551,1,0,1
736402,65535,255,2471,9798,0,0,0
736403,65535,255,4638,9591,0,0,0
736404,65535,255,5471,-7029,0,0,0
736405,95,0,3864,-7392,1,0,1
736406,138,0,1420,-7645,1,0,1
736407,200,0,1556,9882,1,0,1
736408,258,0,4018,9649,1,0,0
736409,205,0,5644,9383,1,0,1
736410,65535,255,4478,-7248,0,0,0
736411,73,2,2321,-7480,1,0,1
736412,65535,255,579,10193,0,0,0
736413,99,0,3307,9720,1,0,1
736414,65535,255,5183,9504,0,0,0
736415,65535,255,5009,-7195,0,0,0
736416,138,0,3141,-7440,1,0,1
736417,65535,255,430,-7700,0,0,0
736418,95,0,2476,9875,1,0,0
736419,236,0,4639,9567,1,0,1
736420,65535,255,5472,-7093,0,0,0
736421,0,0,0,0,0,0,0
736422,65535,255,1423,-7667,0,0,0
736423,65535,255,1546,10115,0,0,0
736424,65535,255,4010,9643,0,0,0
736425,65535,255,5636,9361,0,0,0
736426,188,0,4488,-7290,1,0,1
736427,65535,255,2346,-7642,0,0,0
736428,109,0,556,10198,1,0,1
736429,173,0,3280,9751,1,0,1
736430,228,0,5165,9501,1,0,1
736431,65535,255,5024,-7197,0,0,0
736432,65535,255,3163,-7466,0,0,0
736433,138,0,464,-7917,1,0,1
736434,174,0,2446,9942,1,0,1
736435,155,0,4622,9600,1,0,1
736436,195,0,5484,-7053,1,0,1
736437,190,0,3884,-7358,1,0,1
736438,81,0,1446,-7526,1,0,1
736439,65535,255,1523,10012,0,0,0
736440,184,0,3991,9668,1,0,1
736441,223,0,5626,9377,1,0,1
736442,65535,255,4501,-7231,0,0,0
736443,65535,255,2365,-7519,0,0,0
736444,119,0,534,9710,1,0,1
736445,154,0,3262,9849,1,0,1
736446,65535,255,5157,9478,0,0,0
736447,65535,255,5036,-7183,0,0,0
736448,103,0,3181,-7444,1,0,1
736449,65535,255,487,-7909,0,0,0
736450,65535,255,2427,9945,0,0,0
736451,0,0,0,0,0,0,0
736452,65535,255,5494,-7069,0,0,0
736453,65535,255,3899,-7392,0,0,0
736454,65535,255,1468,-7663,0,0,0
736455,65535,255,1508,9816,0,0,0
736456,65535,255,3980,9677,0,0,0
736457,65535,255,5620,9388,0,0,0
736458,65535,255,4512,-7254,0,0,0
736459,123,0,2380,-7584,1,0,1
736460,127,0,515,10147,1,0,1
736461,86,0,3253,9765,1,0,1
736462,213,0,5148,9519,1,0,1
736463,65535,255,5041,-7155,0,0,0
736464,167,2,3195,-7404,1,0,0
736465,154,0,499,-7709,1,0,1
736466,248,0,2416,9933,1,0,1
736467,65535,255,4604,9610,0,0,0
736468,159,0,5499,-7077,1,0,1
736469,65535,255,3906,-7414,0,0,0
736470,128,0,1479,-7750,1,0,1
736471,65535,255,1496,9928,0,0,0
736472,167,0,3972,9723,1,0,1
736473,65535,255,5616,9374,0,0,0
736474,65535,255,4521,-7308,0,0,0
736475,118,0,2390,-7517,1,0,0
736476,65535,255,504,9885,0,0,0
736477,119,0,3248,9747,1,0,1
736478,204,0,5145,9517,1,0,1
736479,238,0,6380,9174,1,0,1
736480,65535,255,3199,-7413,0,0,0
736481,65535,255,504,-7838,0,0,0
736482,65535,255,2412,9974,0,0,0
736483,140,0,4602,9577,1,0,1
736484,65535,255,6024,9311,0,0,0
736485,65535,255,3909,-7346,0,0,0
736486,0,0,0,0,0,0,0
736487,65535,255,1491,10127,0,0,0
736488,65535,255,3972,9679,0,0,0
736489,279,0,5615,9403,1,0,1
736490,65535,255,6695,9099,0,0,0
736491,104,0,2390,-7477,1,0,1
736492,99,0,505,9690,1,0,1
736493,240,2,3243,9738,1,0,1
736494,258,0,5145,9517,1,0,1
736495,391,0,6380,9178,1,0,1
736496,218,0,3203,-7432,1,0,1
736497,65535,255,511,-8031,0,0,0
736498,65535,255,2417,9817,0,0,0
736499,201,0,4603,9571,1,0,1
736500,65535,255,6024,9268,0,0,0
736501,65535,255,6978,8977,0,0,1
736502,65535,255,1485,-7727,0,0,0
736503,65535,255,1490,9951,0,0,0
736504,115,0,3972,9723,1,0,1
736505,114,0,5617,9375,1,0,0
736506,65535,255,6696,9083,0,0,1
736507,87,0,2389,-7636,1,0,1
736508,99,0,505,10451,1,0,1
736509,65535,255,3244,9829,0,0,0
736510,65535,255,5145,9512,0,0,0
736511,201,0,6381,9174,1,0,1
736512,218,0,3199,-7442,1,0,1
736513,108,0,505,-8100,1,0,1
736514,0,0,0,0,0,0,0
736515,65535,255,4604,9586,0,0,0
736516,65535,255,6024,9283,0,0,0
736517,164,0,3906,-7428,1,0,1
736518,155,0,1480,-7838,1,0,1
736519,65535,255,1496,10082,0,0,0
736520,65535,255,3976,9678,0,0,0
736521,65535,255,5617,9407,0,0,0
736522,65535,255,4518,-7309,0,0,0
736523,65535,255,2385,-7544,0,0,0
736524,150,0,510,10146,1,0,1
736525,65535,255,3248,9813,0,0,0
736526,182,0,5148,9485,1,0,1
736527,65535,255,5041,-7133,0,0,0
736528,65535,255,3191,-7405,0,0,0
736529,218,0,492,-7962,1,0,1
736530,65535,255,2427,9815,0,0,0
736531,65535,255,4608,9579,0,0,0
736532,247,0,5495,-7072,1,0,1
736533,65535,255,3896,-7366,0,0,0
736534,167,0,1469,-7530,1,0,1
736535,103,0,1507,10144,1,0,1
736536,248,0,3980,9707,1,0,0
736537,100,0,5623,9360,1,0,1
736538,196,0,4508,-7242,1,0,1
736539,219,0,2375,-7637,1,0,1
736540,65535,255,529,9579,0,0,0
736541,149,0,3257,9736,1,0,1
736542,65535,255,5157,9452,0,0,0
736543,65535,255,5033,-7184,0,0,0
736544,65535,255,3181,-7501,0,0,0
736545,108,0,476,-7637,1,0,1
736546,104,0,2436,9971,1,0,1
736547,279,0,4615,9560,1,0,1
736548,65535,255,5487,-7056,0,0,0
736549,143,0,3887,-7416,1,0,1
736550,65535,255,1457,-7846,0,0,0
736551,180,0,1518,10121,1,0,1
736552,65535,255,3992,9705,0,0,0
736553,65535,255,5629,9359,0,0,0
736554,65535,255,4498,-7249,0,0,0
736555,116,0,2360,-7653,1,0,1
736556,129,0,539,10018,1,0,1
736557,104,0,3271,9810,1,0,1
736558,65535,255,5163,9492,0,0,0
736559,65535,255,5024,-7153,0,0,0
736560,65535,255,3164,-7446,0,0,0
736561,100,0,460,-7270,1,0,1
736562,117,0,2451,9917,1,0,1
736563,65535,255,4628,9550,0,0,0
736564,141,0,5479,-7049,1,0,0
736565,145,0,3876,-7404,1,0,1
736566,121,0,1435,-7852,1,0,1
736567,105,0,1540,10139,1,0,1
736568,238,0,4003,9718,1,0,1
736569,197,0,5636,9371,1,0,1
736570,184,0,4488,-7270,1,0,1
736571,65535,255,2336,-7507,0,0,0
736572,131,0,562,10080,1,0,1
736573,154,0,3288,9827,1,0,0
736574,65535,255,5174,9506,0,0,0
736575,168,2,5015,-7166,1,0,0
736576,65535,255,3150,-7486,0,0,0
736577,74,0,435,-7623,1,0,1
736578,65535,255,2476,9799,0,0,0
736579,65535,255,4642,9586,0,0,0
736580,161,2,5469,-7088,1,0,1
736581,209,0,3860,-7360,1,0,1
736582,112,0,1411,-7714,1,0,1
736583,65535,255,1562,10029,0,0,0
736584,65535,255,4025,9693,0,0,0
736585,138,0,5651,9363,1,0,1
736586,157,0,4471,-7267,1,0,1
736587,194,0,2320,-7577,1,0,1
736588,65535,255,581,10479,0,0,0
736589,158,0,3302,9741,1,0,1
736590,65535,255,5182,9464,0,0,0
736591,164,0,5011,-7175,1,0,1
736592,65535,255,3146,-7419,0,0,0
736593,65535,255,438,-7420,0,0,0
736594,65535,255,2466,9928,0,0,0
736595,124,0,4639,9556,1,0,1
736596,200,0,5476,-7063,1,0,1
736597,65535,255,3872,-7327,0,0,0
736598,161,0,1434,-7641,1,0,1
736599,126,0,1540,9991,1,0,1
736600,65535,255,4002,9675,0,0,0
736601,167,0,5635,9359,1,0,1
736602,65535,255,4498,-7256,0,0,0
736603,65535,255,2365,-7534,0,0,0
736604,65535,255,534,9709,0,0,0
736605,65535,255,3261,9838,0,0,0
736606,65535,255,5156,9467,0,0,0
736607,65535,255,5038,-7164,0,0,0
736608,148,0,3190,-7502,1,0,1
736609,127,0,493,-7508,1,0,1
736610,103,0,2426,9865,1,0,1
736611,65535,255,4607,9565,0,0,0
736612,65535,255,5498,-7029,0,0,0
736613,96,0,3906,-7319,1,0,1
736614,193,0,1485,-7774,1,0,1
736615,136,2,1490,9906,1,0,0
736616,65535,255,3972,9699,0,0,0
736617,186,0,5615,9402,1,0,1
736618,205,0,4524,-7266,1,0,1
736619,131,0,2400,-7597,1,0,1
736620,65535,255,492,10080,0,0,0
736621,88,0,3239,9756,1,0,1
736622,146,0,5139,9511,1,0,1
736623,196,0,5056,-7134,1,0,1
736624,65535,255,3217,-7508,0,0,0
736625,65535,255,523,-7329,0,0,0
736626,65535,255,2397,9842,0,0,0
736627,65535,255,4590,9562,0,0,0
736628,140,0,5511,-7034,1,0,1
736629,65535,255,3924,-7338,0,0,0
736630,0,0,0,0,0,0,0
736631,104,2,1463,10019,1,0,0
736632,65535,255,3949,9747,0,0,0
736633,65535,255,5602,9364,0,0,0
736634,65535,255,4538,-7222,0,0,0
736635,120,0,2419,-7515,1,0,1
736636,65535,255,470,9733,0,0,0
736637,148,2,3217,9720,1,0,1
736638,65535,255,5125,9504,0,0,0
736639,108,0,5064,-7131,1,0,1
736640,65535,255,3231,-7515,0,0,0
736641,95,0,546,-7469,1,0,1
736642,136,0,2377,9885,1,0,1
736643,65535,255,4577,9589,0,0,0
736644,65535,255,5519,-7059,0,0,0
736645,141,0,3940,-7387,1,0,1
736646,168,0,1528,-7680,1,0,1
736647,122,0,1446,9860,1,0,1
736648,83,0,3939,9705,1,0,1
736649,65535,255,5592,9412,0,0,0
736650,65535,255,4549,-7297,0,0,0
736651,318,2,2434,-7500,1,0,1
736652,128,0,453,9648,1,0,1
736653,87,0,3203,9722,1,0,1
736654,65535,255,5117,9506,0,0,0
736655,65535,255,5073,-7144,0,0,0
736656,117,0,3240,-7400,1,0,0
736657,237,0,563,-7771,1,0,1
736658,65535,255,2362,9954,0,0,0
736659,65535,255,4564,9629,0,0,0
736660,65535,255,5522,-7025,0,0,0
736661,230,2,3947,-7341,1,0,1
736662,153,0,1540,-7551,1,0,1
736663,0,0,0,0,0,0,0
736664,140,2,3928,9677,1,0,1
736665,65535,255,5585,9404,0,0,0
736666,148,0,4553,-7290,1,0,1
736667,104,2,2439,-7487,1,0,1
736668,161,2,441,9709,1,0,1
736669,65535,255,3195,9742,0,0,0
736670,153,0,5111,9523,1,0,1
736671,65535,255,5076,-7164,0,0,0
736672,65535,255,3248,-7445,0,0,0
736673,123,0,569,-8117,1,0,1
736674,148,0,2358,9834,1,0,1
736675,269,0,4560,9580,1,0,1
736676,0,0,0,0,0,0,0
736677,239,0,3952,-7406,1,0,1
736678,65535,255,1545,-7783,0,0,0
736679,65535,255,1429,10024,0,0,0
736680,180,0,3928,9648,1,0,1
736681,0,0,0,0,0,0,0
736682,0,0,0,0,0,0,0
736683,0,0,0,0,0,0,0
736684,112,0,441,9709,1,0,1
736685,65535,255,3190,9859,0,0,0
736686,0,0,0,0,0,0,0
736687,306,2,5076,-7158,1,0,1
736688,0,0,0,0,0,0,0
736689,151,2,569,-8118,1,0,1
736690,131,0,2358,9847,1,0,1
736691,65535,255,4564,9592,0,0,0
736692,193,0,5525,-7078,1,0,1
736693,0,0,0,0,0,0,0
736694,123,0,1540,-7551,1,0,1
736695,284,0,1429,10164,1,0,1
736696,65535,255,3927,9700,0,0,0
736697,0,0,0,0,0,0,0
736698,0,0,0,0,0,0,0
736699,65535,255,2444,-7602,0,0,0
736700,209,0,441,10538,1,0,1
736701,0,0,0,0,0,0,0
736702,65535,255,5114,9518,0,0,0
736703,989,1,5076,-7169,1,0,0
736704,658,2,3244,-7474,1,0,1
736705,65535,255,563,-7417,0,0,0
736706,65535,255,2362,9914,0,0,0
736707,65535,255,4566,9623,0,0,0
736708,65535,255,5522,-7034,0,0,0
736709,0,0,0,0,0,0,0
736710,65535,255,1534,-7720,0,0,0
736711,175,0,1440,9977,1,0,1
736712,65535,255,3935,9655,0,0,0
736713,65535,255,5592,9400,0,0,0
736714,227,0,4552,-7302,1,0,1
736715,65535,255,2434,-7551,0,0,0
736716,65535,255,452,10234,0,0,0
736717,65535,255,3203,9829,0,0,0
736718,65535,255,5119,9502,0,0,0
736719,65535,255,5070,-7160,0,0,0
736720,65535,255,3235,-7465,0,0,0
736721,65535,255,552,-7411,0,0,0
736722,65535,255,2372,9914,0,0,0
736723,65535,255,4576,9634,0,0,0
736724,65535,255,5519,-7044,0,0,0
736725,65535,255,3936,-7393,0,0,0
736726,112,0,1523,-7786,1,0,1
736727,65535,255,1451,10091,0,0,0
736728,65535,255,6822,-6623,0,0,0
736729,128,0,5600,9393,1,0,1
736730,167,0,4542,-7248,1,0,1
736731,65535,255,2424,-7657,0,0,0
736732,209,0,470,9804,1,0,0
736733,65535,255,3221,9779,0,0,0
736734,65535,255,5130,9479,0,0,0
736735,0,0,0,0,0,0,0
736736,379,0,3221,-7429,3,0,0
736737,65535,255,534,-8028,0,0,0
736738,0,0,0,0,0,0,0
736739,65535,255,4587,9627,0,0,0
736740,372,0,5511,-7046,3,0,0
736741,65535,255,3924,-7403,0,0,0
736742,372,1,1507,-7832,1,0,1
736743,321,0,1474,10133,1,0,1
736744,155,0,3961,9710,1,0,1
736745,65535,255,5610,9373,0,0,0
736746,269,0,4531,-7275,1,0,1
736747,75,0,2400,-7502,1,0,1
736748,0,0,0,0,0,0,0
736749,196,2,3234,9834,1,0,0
736750,126,2,5142,9508,1,0,1
736751,65535,255,5050,-7174,0,0,0
736752,114,2,3203,-7507,1,0,1
736753,121,0,504,-7773,1,0,1
736754,65535,255,2417,9804,0,0,0
736755,0,0,0,0,0,0,0
736756,65535,255,5499,-7049,0,0,0
736757,224,0,3906,-7368,1,0,1
736758,196,0,1479,-7749,1,0,1
736759,162,0,1496,10059,1,0,1
736760,134,0,3980,9700,1,0,1
736761,65535,255,5620,9366,0,0,0
736762,65535,255,4515,-7271,0,0,0
736763,138,0,2375,-7517,1,0,1
736764,0,0,0,0,0,0,0
736765,65535,255,3257,9851,0,0,0
736766,389,0,5156,9514,1,0,1
736767,416,0,5035,-7193,1,0,1
736768,0,0,0,0,0,0,0
736769,209,0,476,-8052,1,0,1
736770,203,0,2441,9880,1,0,1
736771,344,0,4619,9610,1,0,1
736772,277,0,5486,-7051,1,0,1
736773,65535,255,3887,-7423,0,0,0
736774,200,0,1446,-7594,1,0,1
736775,65535,255,1529,9927,0,0,0
736776,246,2,3999,9661,1,0,0
736777,126,0,5633,9403,1,0,1
736778,196,0,4491,-7250,1,0,1
736779,65535,255,2346,-7645,0,0,0
736780,65535,255,556,10081,0,0,0
736781,65535,255,3284,9837,0,0,0
736782,65535,255,5171,9504,0,0,0
736783,65535,255,5014,-7160,0,0,0
736784,135,0,3155,-7543,1,0,1
736785,0,0,0,0,0,0,0
736786,65535,255,2462,9813,0,0,0
736787,65535,255,4632,9567,0,0,0
736788,0,0,0,0,0,0,0
736789,65535,255,3872,-7396,0,0,0
736790,65535,255,1434,-7618,0,0,0
736791,0,0,0,0,0,0,0
736792,151,0,4003,9631,1,0,1
736793,208,0,5636,9358,1,0,0
736794,392,0,4491,-7293,1,0,1
736795,69,0,2346,-7640,1,0,1
736796,142,0,551,10202,1,0,1
736797,115,0,3280,9763,1,0,1
736798,216,0,5166,9513,1,0,1
736799,183,0,5021,-7133,1,0,1
736800,141,0,3164,-7483,1,0,1
736801,65535,255,459,-8133,0,0,1
736802,65535,255,2452,9982,0,0,0
736803,65535,255,4625,9620,0,0,0
736804,65535,255,5480,-7070,0,0,0
736805,65535,255,3880,-7386,0,0,0
736806,0,0,0,0,0,0,0
736807,65535,255,1529,10099,0,0,0
736808,65535,255,3999,9654,0,0,0
736809,290,0,5632,9373,1,0,1
736810,0,0,0,0,0,0,0
736811,65535,255,2350,-7505,0,0,0
736812,65535,255,552,9662,0,0,0
736813,65535,255,3275,9839,0,0,0
736814,0,0,0,0,0,0,0
736815,65535,255,5024,-7179,0,0,0
736816,49,2,3168,-7444,1,0,1
736817,65535,255,464,-7844,0,0,0
736818,65535,255,2446,9944,0,0,0
736819,195,0,4621,9609,1,0,1
736820,0,0,0,0,0,0,0
736821,65535,255,3880,-7394,0,0,0
736822,178,0,1445,-7663,1,0,1
736823,65535,255,1535,9842,0,0,0
736824,65535,255,3999,9684,0,0,0
736825,65535,255,5631,9391,0,0,0
736826,65535,255,4494,-7261,0,0,0
736827,65535,255,2350,-7599,0,0,0
736828,65535,255,544,10142,0,0,0
736829,124,0,3275,9773,1,0,1
736830,65535,255,5166,9494,0,0,0
736831,87,0,5023,-7152,1,0,1
736832,99,0,3165,-7488,1,0,1
736833,65535,255,464,-7633,0,0,0
736834,101,0,2451,9918,1,0,1
736835,65535,255,4625,9608,0,0,0
736836,65535,255,6040,9284,0,0,0
736837,65535,255,3879,-7402,0,0,0
736838,65535,255,1440,-7710,0,0,0
736839,0,0,0,0,0,0,0
736840,0,0,0,0,0,0,0
736841,65535,255,5635,9413,0,0,0
736842,249,0,4494,-7299,1,0,1
736843,134,2,2345,-7479,1,0,0
736844,0,0,0,0,0,0,0
736845,0,0,0,0,0,0,0
736846,65535,255,5170,9498,0,0,0
736847,198,0,6398,9160,1,0,1
736848,127,0,3163,-7522,1,0,1
736849,85,0,453,-7481,1,0,1
736850,97,0,2461,9904,1,0,1
736851,65535,255,4631,9601,0,0,0
736852,65535,255,6043,9284,0,0,0
736853,65535,255,3876,-7410,0,0,0
736854,219,0,1434,-7757,1,0,1
736855,65535,255,1546,9948,0,0,0
736856,122,0,4010,9734,1,0,1
736857,199,0,5641,9363,1,0,1
736858,65535,255,6715,9068,0,0,1
736859,267,0,2340,-7560,1,0,1
736860,65535,255,562,10080,0,0,0
736861,148,0,3292,9781,1,0,1
736862,181,0,5176,9456,1,0,1
736863,65535,255,6402,9188,0,0,0
736864,71,0,3154,-7455,1,0,1
736865,65535,255,442,-8223,0,0,0
736866,65535,255,2471,9839,0,0,0
736867,65535,255,4641,9576,0,0,0
736868,246,0,6050,9270,1,0,1
736869,65535,255,6997,8953,0,0,0
736870,65535,255,1417,-7689,0,0,0
736871,216,0,1562,9927,1,0,1
736872,84,0,4021,9725,1,0,1
736873,130,0,5648,9361,1,0,1
736874,65535,255,6718,9070,0,0,1
736875,170,0,2325,-7575,1,0,1
736876,65535,255,579,10195,0,0,0
736877,65535,255,3302,9798,0,0,0
736878,65535,255,5185,9475,0,0,0
736879,187,0,6407,9188,1,0,0
736880,119,0,3141,-7496,1,0,1
736881,65535,255,424,-7383,0,0,1
736882,65535,255,2487,9910,0,0,0
736883,0,0,0,0,0,0,0
736884,65535,255,6055,9297,0,0,0
736885,190,0,3852,-7321,1,0,1
736886,135,0,1401,-7499,1,0,1
736887,65535,255,1573,10092,0,0,0
736888,65535,255,4032,9679,0,0,0
736889,65535,255,5653,9405,0,0,0
736890,0,0,0,0,0,0,0
736891,65535,255,2310,-7507,0,0,0
736892,129,0,597,9911,1,0,1
736893,116,0,3320,9768,1,0,1
736894,132,0,5194,9457,1,0,1
736895,337,0,4999,-7184,1,0,1
736896,237,0,3123,-7419,1,0,1
736897,65535,255,408,-7125,0,0,0
736898,65535,255,2496,9939,0,0,0
736899,65535,255,4655,9567,0,0,0
736900,65535,255,5461,-7075,0,0,0
736901,65535,255,3847,-7344,0,0,0
736902,132,0,1400,-7714,1,0,1
736903,65535,255,1573,10071,0,0,0
736904,133,2,4025,9709,1,0,0
736905,0,0,0,0,0,0,0
736906,234,0,4474,-7290,1,0,1
736907,182,0,2320,-7575,1,0,1
736908,247,0,581,9765,1,0,1
736909,65535,255,3298,9770,0,0,0
736910,65535,255,5179,9486,0,0,0
736911,108,0,5009,-7155,1,0,1
736912,69,0,3146,-7485,1,0,1
736913,78,0,435,-7774,1,0,1
736914,0,0,0,0,0,0,0
736915,65535,255,4635,9619,0,0,0
736916,178,0,5472,-7044,1,0,1
736917,270,0,3868,-7426,1,0,1
736918,82,0,1423,-7594,1,0,0
736919,65535,255,1545,9970,0,0,0
736920,111,0,4007,9682,1,0,1
736921,175,0,5636,9363,1,0,1
736922,65535,255,4488,-7275,0,0,0
736923,162,0,2345,-7545,1,0,1
736924,241,0,552,10500,1,0,1
736925,65535,255,3280,9764,0,0,0
736926,65535,255,5166,9489,0,0,1
736927,248,0,5020,-7162,1,0,1
736928,120,0,3163,-7502,1,0,1
736929,173,0,464,-7914,1,0,1
736930,65535,255,2451,9880,0,0,0
736931,113,0,4626,9547,1,0,1
736932,188,0,5482,-7064,1,0,1
736933,112,0,3880,-7341,1,0,1
736934,114,0,1446,-7731,1,0,1
736935,65535,255,1524,9885,0,0,0
736936,0,0,0,0,0,0,0
736937,65535,255,5627,9390,0,0,0
736938,179,0,4501,-7259,1,0,1
736939,180,0,2360,-7531,1,0,1
736940,175,0,534,10457,1,0,1
736941,65535,255,3266,9765,0,0,0
736942,107,0,5157,9491,1,0,1
736943,266,0,5033,-7171,1,0,1
736944,65535,255,3182,-7528,0,0,0
736945,65535,255,482,-8185,0,0,0
736946,206,0,2432,9935,1,0,1
736947,72,0,4615,9574,1,0,1
736948,195,0,5490,-7021,1,0,1
736949,244,0,3894,-7398,1,0,1
736950,65535,255,1463,-7569,0,0,0
736951,264,0,1507,9974,1,0,1
736952,220,0,3980,9694,1,0,1
736953,205,0,5620,9381,1,0,1
736954,65535,255,4511,-7307,0,0,0
736955,65535,255,2375,-7648,0,0,0
736956,65535,255,516,10086,0,0,0
736957,65535,255,3255,9788,0,0,0
736958,65535,255,5151,9471,0,0,0
736959,65535,255,5038,-7153,0,0,0
736960,65535,255,3190,-7508,0,0,0
736961,130,0,494,-8107,1,0,1
736962,349,0,2422,9949,1,0,1
736963,207,0,4607,9588,1,0,1
736964,65535,255,5496,-7033,0,0,0
736965,183,2,3902,-7426,1,0,1
736966,65535,255,1474,-7659,0,0,0
736967,0,0,0,0,0,0,0
736968,65535,255,3965,9678,0,0,0
736969,331,0,5607,9389,1,0,1
736970,70,0,4528,-7253,1,0,1
736971,140,0,2404,-7596,1,0,1
736972,62,2,487,10083,1,0,1
736973,118,0,3230,9766,1,0,1
736974,65535,255,5133,9522,0,0,0
736975,172,0,5058,-7154,1,0,1
736976,65535,255,3217,-7403,0,0,0
736977,0,0,0,0,0,0,0
736978,65535,255,2387,9923,0,0,0
736979,163,0,4584,9606,1,0,1
736980,65535,255,5514,-7075,0,0,0
736981,244,0,3932,-7411,1,0,1
736982,106,0,1517,-7746,1,0,1
736983,57,2,1457,9927,1,0,1
736984,65535,255,3946,9725,0,0,0
736985,250,0,5600,9390,1,0,1
736986,378,0,4545,-7311,1,0,1
736987,142,0,2424,-7515,1,0,1
736988,139,0,464,9799,1,0,1
736989,202,0,3212,9739,1,0,1
736990,100,0,5125,9514,1,0,1
736991,320,0,5069,-7151,1,0,1
736992,65535,255,3235,-7410,0,0,0
736993,65535,255,550,-7773,0,0,0
736994,65535,255,2372,9965,0,0,0
736995,334,0,4573,9633,1,0,1
736996,242,0,5521,-7027,1,0,1
736997,0,0,0,0,0,0,0
736998,65535,255,1529,-7552,0,0,0
736999,171,0,1440,10115,1,0,1
737000,65535,255,3938,9675,0,0,0
737001,65535,255,5594,9402,0,0,0
737002,65535,255,4551,-7285,0,0,0
737003,243,0,2434,-7488,1,0,1
737004,65535,255,453,9717,0,0,0
737005,65535,255,3203,9741,0,0,0
737006,192,0,5117,9516,1,0,1
737007,65535,255,5072,-7160,0,0,0
737008,79,0,3239,-7438,1,0,1
737009,65535,255,563,-8063,0,0,0
737010,88,0,2367,9819,1,0,1
737011,0,0,0,0,0,0,0
737012,65535,255,5524,-7062,0,0,0
737013,65535,255,3947,-7408,0,0,0
737014,65535,255,1539,-7764,0,0,0
737015,65535,255,1434,10000,0,0,0
737016,83,0,3935,9646,1,0,1
737017,65535,255,5590,9390,0,0,0
737018,65535,255,4552,-7278,0,0,0
737019,65535,255,2439,-7474,0,0,0
737020,330,2,447,9716,1,0,1
737021,65535,255,3199,9742,0,0,0
737022,193,0,5114,9527,1,0,1
737023,190,0,5076,-7175,1,0,1
737024,280,0,3244,-7484,1,0,1
737025,65535,255,564,-7418,0,0,0
737026,65535,255,2362,9914,0,0,0
737027,65535,255,4567,9622,0,0,1
737028,277,2,5524,-7029,1,0,1
737029,182,0,3947,-7355,1,0,1
737030,65535,255,1534,-7657,0,0,0
737031,80,0,1440,9906,1,0,1
737032,65535,255,3931,9744,0,0,0
737033,252,0,5590,9381,1,0,1
737034,0,0,0,0,0,0,0
737035,65535,255,2434,-7473,0,0,0
737036,65535,255,453,9793,0,0,0
737037,281,0,3199,9771,1,0,1
737038,65535,255,5117,9465,0,0,0
737039,65535,255,5070,-7127,0,0,0
737040,65535,255,3240,-7532,0,0,0
737041,0,0,0,0,0,0,0
737042,65535,255,2368,9793,0,0,0
737043,65535,255,4571,9572,0,0,0
737044,330,0,5520,-7071,1,0,1
737045,949,0,3940,-7319,1,0,1
737046,65535,255,1529,-7551,0,0,0
737047,65535,255,1445,9867,0,0,0
737048,65535,255,3935,9721,0,0,0
737049,223,2,5593,9367,1,0,1
737050,203,0,4545,-7260,1,0,1
737051,65535,255,2428,-7636,0,0,0
737052,0,0,0,0,0,0,0
737053,253,2,3208,9780,1,0,1
737054,65535,255,5123,9474,0,0,0
737055,65535,255,5065,-7130,0,0,0
737056,65535,255,3231,-7418,0,0,0
737057,148,0,546,-8072,1,0,1
737058,173,0,2377,9859,1,0,1
737059,65535,255,4577,9609,0,0,0
737060,797,1,5514,-7031,1,0,1
737061,695,2,3932,-7372,1,0,1
737062,456,0,1517,-7722,1,0,1
737063,321,0,1457,10021,1,0,1
737064,65535,255,3946,9675,0,0,0
737065,65535,255,5598,9416,0,0,0
737066,648,2,4535,-7236,3,0,0
737067,680,2,2415,-7632,3,0,0
737068,65535,255,476,9668,0,0,0
737069,65535,255,3221,9759,0,0,0
737070,224,0,5131,9468,3,0,0
737071,65535,255,5056,-7131,0,0,0
737072,275,2,3217,-7420,1,0,1
737073,65535,255,529,-8146,0,0,0
737074,199,0,2392,9885,1,0,1
737075,65535,255,4587,9626,0,0,0
737076,65535,255,5507,-7046,0,0,0
737077,65535,255,3921,-7403,0,0,0
737078,169,0,1500,-7802,1,0,1
737079,327,0,1475,10142,1,0,1
737080,207,2,3961,9725,1,0,1
737081,65535,255,5610,9377,0,0,0
737082,0,0,0,0,0,0,0
737083,65535,255,2394,-7529,0,0,0
737084,120,2,498,10281,1,0,1
737085,123,0,3239,9853,1,0,1
737086,65535,255,5142,9523,0,0,0
737087,156,0,5047,-7190,1,0,1
737088,0,0,0,0,0,0,0
737089,0,0,0,0,0,0,0
737090,65535,255,2417,9908,0,0,0
737091,65535,255,4604,9579,0,0,0
737092,0,0,0,0,0,0,0
737093,65535,255,3906,-7428,0,0,0
737094,146,0,1473,-7573,1,0,1
737095,0,0,0,0,0,0,0
737096,184,0,3980,9649,1,0,1
737097,117,0,5622,9402,1,0,1
737098,277,0,4511,-7228,1,0,1
737099,65535,255,2375,-7637,0,0,0
737100,73,0,528,9768,1,0,1
737101,0,0,0,0,0,0,0
737102,0,0,0,0,0,0,0
737103,65535,255,5035,-7161,0,0,0
737104,380,0,3181,-7492,1,0,1
737105,65535,255,476,-7426,0,0,0
737106,65535,255,2442,9970,0,0,0
737107,0,0,0,0,0,0,0
737108,123,0,5486,-7084,1,0,1
737109,304,2,3883,-7364,1,0,0
737110,65535,255,1445,-7756,0,0,0
737111,65535,255,1534,10097,0,0,0
737112,65535,255,4002,9712,0,0,0
737113,65535,255,5635,9381,0,0,0
737114,107,2,4494,-7294,1,0,1
737115,65535,255,2345,-7574,0,0,0
737116,0,0,0,0,0,0,0
737117,65535,255,3288,9761,0,0,0
737118,121,0,5176,9481,1,0,1
737119,238,0,5017,-7154,1,0,1
737120,65535,255,3154,-7407,0,0,0
737121,0,0,0,0,0,0,0
737122,65535,255,2466,9826,0,0,0
737123,65535,255,4636,9599,0,0,0
737124,65535,255,5478,-7067,0,0,0
737125,118,0,3871,-7373,1,0,1
737126,65535,255,1429,-7502,0,0,0
737127,547,2,1540,9969,1,0,0
737128,65535,255,4006,9704,0,0,0
737129,228,2,5636,9390,1,0,1
737130,444,0,4494,-7237,1,0,1
737131,181,0,2350,-7505,1,0,1
737132,65535,255,552,10500,0,0,0
737133,139,0,3279,9791,1,0,1
737134,65535,255,5168,9518,0,0,0
737135,204,0,5026,-7131,1,0,1
737136,157,0,3167,-7483,1,0,1
737137,95,0,464,-7988,1,0,1
737138,131,0,2451,9944,1,0,1
737139,191,0,4625,9596,1,0,1
737140,0,0,0,0,0,0,0
737141,65535,255,3883,-7334,0,0,0
737142,65535,255,1451,-7777,0,0,0
737143,65535,255,1529,9906,0,0,0
737144,65535,255,3995,9684,0,0,0
737145,481,2,5628,9387,1,0,1
737146,320,0,4501,-7236,1,0,1
737147,0,0,0,0,0,0,0
737148,0,0,0,0,0,0,0
737149,65535,255,3266,9812,0,0,0
737150,275,0,5160,9458,1,0,0
737151,0,0,0,0,0,0,0
737152,0,0,0,0,0,0,0
737153,234,0,477,-7284,1,0,1
737154,96,0,2442,9815,1,0,0
737155,258,0,4615,9589,1,0,1
737156,0,0,0,0,0,0,0
737157,65535,255,3891,-7400,0,0,0
737158,65535,255,1457,-7640,0,0,0
737159,116,0,1513,10101,1,0,1
737160,65535,255,3988,9648,0,0,0
737161,225,0,5623,9366,1,0,1
737162,65535,255,4505,-7310,0,0,0
737163,65535,255,2366,-7552,0,0,0
737164,137,0,528,10459,1,0,1
737165,65535,255,3262,9803,0,0,0
737166,0,0,0,0,0,0,0
737167,65535,255,5032,-7155,0,0,0
737168,65535,255,3181,-7539,0,0,0
737169,65535,255,482,-7427,0,0,0
737170,123,0,2432,9855,1,0,1
737171,212,0,4612,9567,1,0,1
737172,256,0,5489,-7036,1,0,1
737173,146,0,3891,-7332,1,0,1
737174,128,0,1463,-7822,1,0,1
737175,65535,255,1513,9950,0,0,0
737176,65535,255,3984,9722,0,0,0
737177,65535,255,5621,9412,0,0,0
737178,65535,255,4505,-7284,0,0,0
737179,65535,255,2370,-7650,0,0,0
737180,65535,255,527,10333,0,0,0
737181,65535,255,3257,9794,0,0,0
737182,295,0,5154,9454,1,0,1
737183,65535,255,5033,-7155,0,0,0
737184,0,0,0,0,0,0,0
737185,65535,255,481,-7634,0,0,0
737186,0,0,0,0,0,0,0
737187,65535,255,4612,9592,0,0,0
737188,161,0,5489,-7054,1,0,1
737189,65535,255,3891,-7369,0,0,0
737190,66,0,1457,-7593,1,0,1
737191,108,0,1513,10124,1,0,1
737192,65535,255,3984,9664,0,0,0
737193,65535,255,5623,9384,0,0,0
737194,65535,255,4504,-7247,0,0,0
737195,65535,255,2365,-7583,0,0,0
737196,0,0,0,0,0,0,0
737197,0,0,0,0,0,0,0
737198,0,0,0,0,0,0,0
737199,0,0,0,0,0,0,0
737200,65535,255,3177,-7417,0,0,0
737201,65535,255,475,-7702,0,0,0
737202,0,0,0,0,0,0,0
737203,55,0,4615,9610,1,0,0
737204,201,0,6032,9287,1,0,1
737205,110,0,3887,-7414,1,0,1
737206,323,0,1457,-7753,1,0,1
737207,70,0,1524,9927,1,0,1
737208,106,0,3991,9722,1,0,0
737209,156,0,5628,9356,1,0,1
737210,65535,255,4501,-7310,0,0,0
737211,169,0,2360,-7517,1,0,1
737212,98,0,539,9836,1,0,1
737213,65535,255,3271,9736,0,0,1
737214,65535,255,5163,9515,0,0,0
737215,65535,255,6393,9169,0,0,0
737216,65535,255,3169,-7466,0,0,0
737217,65535,255,464,-7771,0,0,0
737218,65535,255,2446,9945,0,0,0
737219,135,0,4625,9627,1,0,1
737220,235,0,6038,9301,1,0,1
737221,0,0,0,0,0,0,0
737222,0,0,0,0,0,0,0
737223,57,0,1535,10056,1,0,1
737224,179,2,4003,9662,1,0,1
737225,65535,255,5635,9387,0,0,0
737226,65535,255,6710,9086,0,0,1
737227,129,0,2350,-7639,1,0,1
737228,133,0,551,10443,1,0,1
737229,65535,255,3284,9838,0,0,0
737230,0,0,0,0,0,0,0
737231,65535,255,6398,9157,0,0,0
737232,65535,255,3163,-7522,0,0,0
737233,250,2,452,-7626,1,0,0
737234,0,0,0,0,0,0,0
737235,65535,255,4635,9619,0,0,0
737236,87,0,6046,9299,1,0,1
737237,93,0,3867,-7334,1,0,1
737238,65535,255,1423,-7547,0,0,0
737239,152,0,1551,10117,1,0,0
737240,255,0,4014,9682,1,0,1
737241,250,0,5643,9403,1,0,1
737242,65535,255,6716,9076,0,0,1
737243,140,0,2331,-7493,1,0,1
737244,65535,255,574,9851,0,0,0
737245,233,0,3297,9752,1,0,1
737246,65535,255,5181,9460,0,0,0
737247,65535,255,6404,9187,0,0,0
737248,108,0,3145,-7456,1,0,1
737249,119,0,437,-8305,1,0,1
737250,271,0,2481,9864,1,0,1
737251,158,0,4648,9592,1,0,1
737252,163,2,6052,9282,1,0,0
737253,132,0,3855,-7421,1,0,1
737254,80,0,1406,-7809,1,0,1
737255,82,0,1573,10030,1,0,1
737256,65535,255,4029,9658,0,0,0
737257,162,0,5653,9396,1,0,1
737258,163,0,4470,-7284,1,0,0
737259,65535,255,2314,-7617,0,0,0
737260,78,0,592,9855,1,0,1
737261,125,0,3306,9816,1,0,1
737262,65535,255,5187,9471,0,0,0
737263,65535,255,5008,-7198,0,0,0
737264,87,2,3136,-7418,1,0,1
737265,72,2,425,-7306,1,0,1
737266,68,0,2486,9787,1,0,1
737267,65535,255,4645,9598,0,0,0
737268,104,0,5466,-7037,1,0,1
737269,65535,255,3860,-7420,0,0,0
737270,65535,255,1411,-7618,0,0,0
737271,224,0,1562,10009,1,0,1
737272,121,0,4018,9696,1,0,1
737273,65535,255,5646,9379,0,0,0
737274,132,0,4481,-7301,1,0,1
737275,105,0,2330,-7614,1,0,1
737276,65535,255,574,9906,0,0,0
737277,84,0,3293,9827,1,0,1
737278,137,0,5177,9450,1,0,1
737279,142,0,5014,-7142,1,0,1
737280,119,0,3150,-7455,1,0,1
737281,65535,255,441,-7620,0,0,0
737282,122,0,2466,9839,1,0,1
737283,65535,255,4635,9606,0,0,0
737284,65535,255,5473,-7062,0,0,0
737285,65535,255,3868,-7341,0,0,0
737286,111,0,1428,-7756,1,0,1
737287,65535,255,1546,9884,0,0,0
737288,65535,255,4011,9638,0,0,0
737289,206,0,5637,9385,1,0,1
737290,0,0,0,0,0,0,0
737291,65535,255,2340,-7546,0,0,0
737292,65535,255,558,9604,0,0,0
737293,157,0,3280,9791,1,0,1
737294,65535,255,5169,9508,0,0,0
737295,200,0,5020,-7195,1,0,1
737296,65,0,3159,-7424,1,0,1
737297,58,0,453,-7478,1,0,1
737298,141,0,2457,9827,1,0,1
737299,65535,255,4625,9627,0,0,0
737300,140,0,5479,-7060,1,0,1
737301,117,0,3876,-7348,1,0,1
737302,221,0,1440,-7800,1,0,1
737303,65535,255,1535,9863,0,0,0
737304,65535,255,3999,9662,0,0,0
737305,147,0,5631,9360,1,0,1
737306,164,0,4494,-7285,1,0,1
737307,65535,255,2350,-7598,0,0,0
737308,94,0,545,9897,1,0,1
737309,249,2,3271,9849,1,0,0
737310,65535,255,5163,9464,0,0,0
737311,0,0,0,0,0,0,0
737312,0,0,0,0,0,0,0
737313,0,0,0,0,0,0,0
737314,65535,255,2447,9945,0,0,0
737315,39,2,4622,9591,1,0,1
737316,65535,255,5481,-7041,0,0,0
737317,101,2,3880,-7318,1,0,1
737318,221,0,1445,-7730,1,0,1
737319,168,0,1527,9941,1,0,1
737320,65535,255,3996,9648,0,0,0
737321,65535,255,5629,9361,0,0,0
737322,237,0,4498,-7291,1,0,1
737323,65535,255,2355,-7624,0,0,0
737324,65535,255,539,10019,0,0,0
737325,65535,255,3271,9728,0,0,0
737326,65535,255,5163,9485,0,0,0
737327,65535,255,5026,-7177,0,0,0
737328,0,0,0,0,0,0,0
737329,65535,255,464,-7487,0,0,0
737330,65535,255,2447,9842,0,0,0
737331,65535,255,4611,9564,0,0,0
737332,245,0,5494,-7043,1,0,1
737333,155,0,3898,-7364,1,0,1
737334,104,0,1473,-7598,1,0,1
737335,65535,255,1500,9941,0,0,0
737336,65535,255,3976,9690,0,0,0
737337,65535,255,5616,9405,0,0,0
737338,261,0,4518,-7292,1,0,1
737339,65535,255,2385,-7479,0,0,0
737340,65535,255,511,9691,0,0,0
737341,65535,255,3248,9725,0,0,0
737342,65535,255,5146,9509,0,0,0
737343,65535,255,5044,-7151,0,0,0
737344,65535,255,3199,-7415,0,0,0
737345,65535,255,504,-7905,0,0,0
737346,0,0,0,0,0,0,0
737347,81,0,4601,9547,1,0,1
737348,65535,255,5501,-7037,0,0,0
737349,65535,255,3913,-7362,0,0,0
737350,65535,255,1490,-7640,0,0,0
737351,181,0,1486,9860,1,0,0
737352,311,0,3965,9715,1,0,1
737353,65535,255,5613,9356,0,0,0
737354,265,0,4525,-7228,1,0,1
737355,196,0,2399,-7570,1,0,1
737356,65535,255,492,10214,0,0,0
737357,95,0,3235,9804,1,0,1
737358,220,0,5139,9480,1,0,1
737359,192,0,5052,-7132,1,0,1
737360,65535,255,3212,-7528,0,0,0
737361,127,0,516,-7646,1,0,1
737362,65535,255,2402,9934,0,0,0
737363,78,0,4594,9605,1,0,1
737364,115,0,5508,-7067,1,0,1
737365,65535,255,3921,-7390,0,0,0
737366,0,0,0,0,0,0,0
737367,65535,255,1475,9836,0,0,0
737368,150,0,3957,9687,1,0,1
737369,0,0,0,0,0,0,0
737370,72,2,4535,-7264,1,0,1
737371,145,0,2414,-7620,1,0,1
737372,65535,255,475,10293,0,0,0
737373,244,0,3221,9796,1,0,1
737374,65535,255,5131,9457,0,0,0
737375,131,0,5064,-7168,1,0,1
737376,117,0,3226,-7430,1,0,1
737377,0,0,0,0,0,0,0
737378,65535,255,2382,9964,0,0,0
737379,0,0,0,0,0,0,0
737380,65535,255,5517,-7046,0,0,0
737381,65535,255,3932,-7314,0,0,0
737382,0,0,0,0,0,0,0
737383,65535,255,1451,9998,0,0,0
737384,65535,255,3943,9748,0,0,0
737385,269,0,5597,9370,1,0,1
737386,288,0,4545,-7236,1,0,1
737387,254,0,2428,-7566,1,0,1
737388,65535,255,458,10013,0,0,0
737389,65535,255,3208,9769,0,0,0
737390,65535,255,5122,9513,0,0,0
737391,65535,255,5069,-7166,0,0,1
737392,65535,255,3235,-7438,0,0,0
737393,129,0,557,-7949,1,0,1
737394,198,0,2369,9913,1,0,1
737395,65535,255,4574,9553,0,0,0
737396,0,0,0,0,0,0,0
737397,65535,255,3943,-7356,0,0,0
737398,111,2,1528,-7594,1,0,1
737399,219,0,1441,10161,1,0,1
737400,163,0,3935,9683,1,0,1
737401,65535,255,5590,9404,0,0,0
737402,288,0,4552,-7290,1,0,1
737403,0,0,0,0,0,0,0
737404,110,0,453,9647,1,0,1
737405,113,0,3204,9722,1,0,1
737406,65535,255,5117,9511,0,0,0
737407,65535,255,5073,-7149,0,0,0
737408,120,2,3239,-7418,1,0,1
737409,0,0,0,0,0,0,0
737410,65535,255,2363,9957,0,0,0
737411,65535,255,4568,9554,0,0,0
737412,228,0,5524,-7043,1,0,0
737413,217,0,3947,-7370,1,0,1
737414,171,0,1539,-7656,1,0,1
737415,0,0,0,0,0,0,0
737416,65535,255,3931,9721,0,0,0
737417,228,0,5590,9363,1,0,1
737418,65535,255,4552,-7234,0,0,0
737419,162,0,2439,-7577,1,0,1
737420,184,0,446,10307,1,0,1
737421,65535,255,3195,9810,0,0,0
737422,65535,255,5114,9481,0,0,0
737423,150,0,5073,-7123,1,0,1
737424,295,0,3244,-7531,1,0,1
737425,65535,255,562,-7711,0,0,0
737426,65535,255,2358,9955,0,0,0
737427,0,0,0,0,0,0,0
737428,0,0,0,0,0,0,0
737429,132,0,3943,-7370,1,0,1
737430,65535,255,1534,-7657,0,0,0
737431,184,0,1435,9906,1,0,1
737432,92,0,3931,9729,1,0,1
737433,65535,255,5590,9368,0,0,0
737434,65535,255,4549,-7252,0,0,0
737435,255,0,2439,-7629,1,0,0
737436,126,0,447,10528,1,0,1
737437,140,0,3199,9858,1,0,1
737438,65535,255,5114,9507,0,0,0
737439,65535,255,5073,-7154,0,0,0
737440,146,0,3240,-7436,1,0,1
737441,301,0,563,-8123,1,0,1
737442,70,0,2368,9846,1,0,1
737443,65535,255,4567,9592,0,0,0
737444,65535,255,5523,-7079,0,0,0
737445,65535,255,3940,-7319,0,0,0
737446,65535,255,1528,-7550,0,0,0
737447,91,0,1446,9838,1,0,1
737448,208,0,3935,9721,1,0,1
737449,65535,255,5593,9362,0,0,0
737450,132,0,4545,-7247,1,0,1
737451,150,0,2429,-7629,1,0,1
737452,172,0,456,10068,1,0,1
737453,65535,255,3206,9755,0,0,0
737454,147,2,5120,9522,1,0,1
737455,65535,255,5067,-7170,0,0,0
737456,366,0,3235,-7475,1,0,1
737457,185,2,552,-7411,1,0,1
737458,65535,255,2372,9940,0,0,0
737459,231,2,4575,9616,1,0,1
737460,147,2,5517,-7044,1,0,1
737461,153,2,3936,-7386,1,0,1
737462,128,0,1523,-7743,1,0,1
737463,65535,255,1451,10022,0,0,0
737464,65535,255,3947,9661,0,0,0
737465,232,0,5597,9403,1,0,1
737466,174,0,4542,-7303,1,0,1
737467,0,0,0,0,0,0,0
737468,65535,255,470,10296,0,0,0
737469,65535,255,3216,9837,0,0,0
737470,65535,255,5128,9505,0,0,0
737471,65535,255,5061,-7161,0,0,0
737472,65535,255,3226,-7457,0,0,0
737473,124,0,535,-7336,1,0,1
737474,0,0,0,0,0,0,0
737475,181,0,4584,9627,1,0,1
737476,0,0,0,0,0,0,0
737477,65535,255,3925,-7387,0,0,0
737478,0,0,0,0,0,0,0
737479,0,0,0,0,0,0,0
737480,0,0,0,0,0,0,0
737481,308,0,5605,9415,1,0,1
737482,334,0,4531,-7231,1,0,1
737483,133,0,2404,-7607,1,0,1
737484,65535,255,488,9999,0,0,0
737485,65535,255,3235,9739,0,0,0
737486,65535,255,5139,9457,0,0,0
737487,231,2,5055,-7194,1,0,0
737488,65535,255,3212,-7535,0,0,0
737489,464,2,516,-7898,1,0,1
737490,221,0,2407,9818,1,0,1
737491,374,0,4597,9594,1,0,1
737492,65535,255,5504,-7088,0,0,0
737493,65535,255,3909,-7352,0,0,0
737494,65535,255,1484,-7660,0,0,0
737495,65535,255,1491,9973,0,0,0
737496,65535,255,3972,9657,0,0,0
737497,191,0,5617,9408,1,0,1
737498,130,2,4518,-7221,1,0,1
737499,65535,255,2384,-7609,0,0,0
737500,65535,255,517,9650,0,0,0
737501,212,0,3253,9747,1,0,1
737502,146,0,5153,9464,1,0,1
737503,205,0,5041,-7141,1,0,1
737504,210,0,3190,-7403,1,0,1
737505,65535,255,487,-8114,0,0,0
737506,199,0,2432,9868,1,0,0
737507,65535,255,4614,9616,0,0,0
737508,150,0,5491,-7037,1,0,1
737509,0,0,0,0,0,0,0
737510,281,0,1463,-7822,1,0,1
737511,94,0,1518,10122,1,0,1
737512,125,0,3991,9714,1,0,1
737513,0,0,0,0,0,0,0
737514,65535,255,4501,-7280,0,0,0
737515,65535,255,2360,-7532,0,0,0
737516,202,0,539,10266,1,0,1
737517,173,0,3275,9819,1,0,1
737518,65535,255,5167,9476,0,0,0
737519,345,2,5026,-7195,1,0,1
737520,65535,255,3168,-7541,0,0,0
737521,65535,255,458,-8063,0,0,0
737522,117,0,2461,9878,1,0,1
737523,65535,255,4631,9625,0,0,0
737524,65535,255,5476,-7045,0,0,0
737525,65535,255,3872,-7412,0,0,0
737526,189,0,1428,-7712,1,0,1
737527,65535,255,1540,10096,0,0,0
737528,65535,255,4007,9726,0,0,0
737529,65535,255,5636,9399,0,0,0
737530,65535,255,4491,-7231,0,0,0
737531,247,0,2350,-7680,1,0,1
737532,65535,255,550,10199,0,0,0
737533,65535,255,3280,9725,0,0,0
737534,65535,255,5166,9473,0,0,0
737535,65535,255,5023,-7152,0,0,0
737536,65535,255,3168,-7493,0,0,0
737537,119,0,464,-7985,1,0,1
737538,65535,255,2447,9905,0,0,0
737539,65535,255,4622,9565,0,0,0
737540,65535,255,5486,-7083,0,0,0
737541,0,0,0,0,0,0,0
737542,65535,255,1451,-7525,0,0,0
737543,0,0,0,0,0,0,0
737544,297,0,3988,9685,1,0,1
737545,65535,255,5626,9374,0,0,0
737546,65535,255,4504,-7303,0,0,0
737547,65535,255,2370,-7624,0,0,0
737548,65535,255,527,10019,0,0,0
737549,65535,255,3257,9860,0,0,0
737550,0,0,0,0,0,0,0
737551,141,2,5035,-7149,1,0,1
737552,325,0,3186,-7509,1,0,1
737553,65535,255,487,-8110,0,0,0
737554,140,0,2427,9934,1,0,1
737555,65535,255,4608,9586,0,0,0
737556,65535,255,5492,-7035,0,0,0
737557,0,0,0,0,0,0,0
737558,54,0,1473,-7661,1,0,0
737559,65535,255,1502,10103,0,0,0
737560,65535,255,3977,9738,0,0,0
737561,65535,255,5616,9413,0,0,0
737562,290,2,4515,-7264,1,0,1
737563,64,0,2380,-7555,1,0,1
737564,65535,255,517,9701,0,0,0
737565,65535,255,3248,9824,0,0,0
737566,65535,255,5146,9451,0,0,0
737567,271,2,5042,-7142,1,0,1
737568,65535,255,3195,-7498,0,0,0
737569,126,0,505,-8034,1,0,1
737570,268,2,2412,9949,1,0,1
737571,65535,255,4601,9594,0,0,0
737572,65535,255,6023,9260,0,0,0
737573,65535,255,3906,-7330,0,0,0
737574,65535,255,1484,-7747,0,0,0
737575,65535,255,1491,9842,0,0,0
737576,65535,255,3969,9666,0,0,0
737577,120,0,5613,9368,1,0,1
737578,65535,255,6693,9082,0,0,0
737579,187,0,2395,-7660,1,0,1
737580,110,0,498,10216,1,0,1
737581,171,0,3239,9759,1,0,0
737582,65535,255,5140,9499,0,0,0
737583,304,2,6376,9202,1,0,0
737584,191,2,3204,-7449,1,0,0
737585,235,0,516,-7771,1,0,1
737586,119,0,2407,9897,1,0,1
737587,65535,255,4594,9577,0,0,0
737588,149,0,6018,9314,1,0,1
737589,65535,255,6973,8973,0,0,0
737590,65535,255,1495,-7724,0,0,0
737591,166,0,1480,9840,1,0,1
737592,0,0,0,0,0,0,0
737593,65535,255,5611,9374,0,0,0
737594,65535,255,6693,9063,0,0,0
737595,65535,255,2399,-7487,0,0,0
737596,65535,255,488,10491,0,0,0
737597,65535,255,3235,9798,0,0,0
737598,180,0,5136,9525,1,0,1
737599,273,0,6375,9167,1,0,1
737600,148,0,3212,-7505,1,0,1
737601,65535,255,523,-8213,0,0,0
737602,65535,255,2401,9853,0,0,1
737603,215,0,4591,9627,1,0,1
737604,313,0,6016,9287,1,0,1
737605,65535,255,3921,-7387,0,0,0
737606,107,0,1495,-7615,1,0,1
737607,180,0,1474,10088,1,0,1
737608,65535,255,3961,9651,0,0,0
737609,65535,255,5610,9361,0,0,0
737610,65535,255,6691,9105,0,0,1
737611,104,2,2405,-7658,1,0,0
737612,65535,255,487,10356,0,0,0
737613,65535,255,3230,9788,0,0,0
737614,65535,255,5137,9525,0,0,0
737615,157,0,6376,9167,1,0,1
737616,156,0,3217,-7514,1,0,1
737617,124,0,523,-7328,1,0,1
737618,65535,255,2402,9819,0,0,0
737619,123,0,4594,9553,1,0,1
737620,336,0,6015,9304,1,0,1
737621,65535,255,3920,-7418,0,0,0
737622,65535,255,1500,-7723,0,0,0
737623,65535,255,1480,9862,0,0,0
737624,65535,255,3961,9688,0,0,0
737625,65535,255,5608,9392,0,0,0
737626,178,0,4531,-7249,1,0,1
737627,74,0,2403,-7565,1,0,1
737628,0,0,0,0,0,0,0
737629,65535,255,3231,9730,0,0,0
737630,65535,255,5137,9498,0,0,0
737631,220,0,5054,-7135,1,0,1
737632,165,0,3216,-7476,1,0,1
737633,66,0,522,-8081,1,0,1
737634,97,0,2399,9914,1,0,1
737635,210,0,4591,9632,1,0,1
737636,110,0,5508,-7082,1,0,1
737637,255,0,3920,-7416,1,0,1
737638,65535,255,1500,-7700,0,0,0
737639,65535,255,1481,9859,0,0,0
737640,699,0,3962,9688,1,0,1
737641,65535,255,5608,9396,0,0,0
737642,65535,255,4527,-7255,0,0,0
737643,65535,255,2403,-7591,0,0,0
737644,212,0,487,10078,1,0,1
737645,65535,255,3235,9758,0,0,0
737646,1809,0,5137,9514,1,0,1
737647,187,0,5052,-7141,1,0,1
737648,239,0,3212,-7524,1,0,1
737649,176,0,516,-7444,1,0,1
737650,65535,255,2403,9857,0,0,0
737651,65535,255,4595,9576,0,0,0
737652,65535,255,5505,-7045,0,0,0
737653,73,0,3913,-7350,1,0,1
737654,150,0,1489,-7547,1,0,0
737655,0,0,0,0,0,0,0
737656,793,1,3966,9636,1,0,1
737657,65535,255,5611,9368,0,0,0
737658,129,0,4524,-7224,1,0,1
737659,65535,255,2394,-7527,0,0,0
737660,65535,255,500,9813,0,0,0
737661,109,0,3240,9728,1,0,1
737662,236,0,5140,9503,1,0,1
737663,135,0,5046,-7132,1,0,1
737664,65535,255,3203,-7505,0,0,0
737665,65535,255,511,-7376,0,0,0
737666,65535,255,2413,9856,0,0,0
737667,1745,0,4599,9575,1,0,1
737668,65535,255,5501,-7046,0,0,0
737669,291,0,3909,-7366,1,0,1
737670,65535,255,1484,-7592,0,0,0
737671,55,2,1492,10103,1,0,1
737672,65535,255,3970,9665,0,0,0
737673,65535,255,5614,9386,0,0,0
737674,65535,255,4517,-7256,0,0,0
737675,55,2,2389,-7606,1,0,0
737676,147,0,505,10209,1,0,1
737677,65535,255,3245,9785,0,0,0
737678,393,0,5147,9461,1,0,1
737679,151,0,5041,-7174,1,0,1
737680,65535,255,3194,-7440,0,0,0
737681,169,0,498,-7964,1,0,1
737682,65535,255,2420,9873,0,0,0
737683,65535,255,4608,9555,0,0,0
737684,65535,255,5493,-7029,0,0,0
737685,146,0,3898,-7337,1,0,1
737686,124,0,1467,-7525,1,0,0
737687,238,0,1503,10080,1,0,1
737688,507,0,3981,9664,1,0,1
737689,2022,1,5619,9389,1,0,1
737690,105,0,4507,-7264,1,0,1
737691,163,0,2374,-7634,1,0,1
737692,65535,255,523,10458,0,0,0
737693,490,0,3258,9831,1,0,1
737694,2059,0,5155,9485,1,0,1
737695,252,0,5043,-7142,1,0,1
737696,175,0,3199,-7520,1,0,1
737697,176,0,504,-7573,1,0,1
737698,65535,255,2413,9931,0,0,0
737699,65535,255,4599,9621,0,0,0
737700,65535,255,5500,-7073,0,0,0
737701,65535,255,3909,-7333,0,0,0
737702,65535,255,1484,-7551,0,0,0
737703,79,0,1487,10122,1,0,1
737704,65535,255,3966,9690,0,0,0
737705,0,0,0,0,0,0,0
737706,65535,255,4524,-7303,0,0,0
737707,65535,255,2394,-7530,0,0,0
737708,65535,255,493,10009,0,0,0
737709,65535,255,3236,9783,0,0,0
737710,65535,255,5141,9468,0,0,0
737711,153,0,5052,-7191,1,0,1
737712,65535,255,3207,-7500,0,0,0
737713,141,0,515,-7512,1,0,1
737714,173,0,2403,9933,1,0,1
737715,1046,1,4592,9628,1,0,1
737716,266,0,5506,-7031,1,0,1
737717,259,0,3917,-7361,1,0,1
737718,123,0,1495,-7641,1,0,1
737719,65535,255,1480,9881,0,0,0
737720,65535,255,3961,9730,0,0,0
737721,65535,255,5608,9371,0,0,0
737722,185,0,4528,-7259,1,0,1
737723,123,0,2405,-7648,1,0,1
737724,65535,255,494,9612,0,0,0
737725,0,0,0,0,0,0,0
737726,236,0,5138,9496,1,0,1
737727,145,2,5056,-7180,1,0,1
737728,65535,255,3212,-7489,0,0,0
737729,0,0,0,0,0,0,0
737730,84,2,2397,9962,1,0,0
737731,119,0,4595,9555,1,0,1
737732,200,0,5509,-7052,1,0,1
737733,221,0,3920,-7405,1,0,1
737734,129,0,1501,-7792,1,0,1
737735,127,0,1474,10062,1,0,1
737736,151,0,3961,9686,1,0,1
737737,65535,255,5607,9418,0,0,0
737738,93,0,4528,-7227,1,0,1
737739,65535,255,2404,-7608,0,0,0
737740,0,0,0,0,0,0,0
737741,0,0,0,0,0,0,0
737742,2606,1,5136,9523,1,0,1
737743,65535,255,5056,-7180,0,0,0
737744,65535,255,3212,-7499,0,0,0
737745,113,0,516,-7647,1,0,1
737746,65535,255,2402,9975,0,0,0
737747,65535,255,4594,9569,0,0,0
737748,65535,255,5506,-7066,0,0,0
737749,65535,255,3918,-7365,0,0,0
737750,178,0,1495,-7552,1,0,1
737751,65535,255,1486,9839,0,0,0
737752,101,0,3965,9730,1,0,1
737753,0,0,0,0,0,0,0
737754,245,0,4528,-7283,1,0,1
737755,65535,255,2394,-7517,0,0,0
737756,65535,255,498,10149,0,0,0
737757,65535,255,3239,9832,0,0,0
737758,364,0,5142,9507,1,0,1
737759,136,2,5050,-7165,1,0,0
737760,65535,255,3203,-7489,0,0,0
737761,65535,255,510,-7581,0,0,0
737762,65535,255,2412,9987,0,0,0
737763,1180,2,4601,9573,1,0,0
737764,214,2,5504,-7076,1,0,1
737765,166,2,3909,-7340,1,0,0
737766,239,0,1484,-7662,1,0,1
737767,256,0,1491,9972,1,0,1
737768,0,0,0,0,0,0,0
737769,65535,255,5615,9412,0,0,0
737770,65535,255,4518,-7234,0,0,0
737771,273,0,2385,-7637,1,0,1
737772,0,0,0,0,0,0,0
737773,0,0,0,0,0,0,0
737774,65535,255,5148,9485,0,0,0
737775,474,0,5041,-7150,1,0,1
737776,0,0,0,0,0,0,0
737777,152,0,493,-7440,1,0,1
737778,304,0,2422,9959,1,0,1
737779,65535,255,4612,9571,0,0,0
737780,204,0,5494,-7078,1,0,1
737781,269,2,3898,-7348,1,0,1
737782,207,2,1468,-7686,1,0,1
737783,474,2,1507,10014,1,0,1
737784,996,0,3984,9684,1,0,1
737785,65535,255,5626,9360,0,0,0
737786,65535,255,4508,-7261,0,0,0
737787,112,2,2365,-7492,1,0,1
737788,65535,255,533,10144,0,0,0
737789,0,0,0,0,0,0,0
737790,65535,255,5157,9519,0,0,0
737791,296,0,5032,-7189,1,0,1
737792,278,0,3177,-7541,1,0,1
737793,0,0,0,0,0,0,0
737794,0,0,0,0,0,0,0
737795,65535,255,4622,9608,0,0,0
737796,65535,255,5484,-7053,0,0,0
737797,409,0,3883,-7433,1,0,1
737798,67,2,1440,-7596,1,0,1
737799,190,0,1535,9862,1,0,1
737800,0,0,0,0,0,0,0
737801,65535,255,5634,9399,0,0,0
737802,65535,255,4492,-7264,0,0,0
737803,65535,255,2345,-7629,0,0,0
737804,0,0,0,0,0,0,0
737805,65535,255,3284,9800,0,0,0
737806,65535,255,5171,9502,0,0,0
737807,204,0,5017,-7177,1,0,1
737808,0,0,0,0,0,0,0
737809,65535,255,446,-8007,0,0,0
737810,260,0,2466,9878,1,0,0
737811,1484,0,4637,9574,1,0,1
737812,247,0,5471,-7060,1,0,1
737813,65535,255,3863,-7383,0,0,0
737814,65535,255,1417,-7575,0,0,0
737815,136,2,1551,10012,1,0,1
737816,955,0,4011,9718,1,0,1
737817,1366,0,5639,9402,1,0,1
737818,65535,255,4484,-7252,0,0,0
737819,65535,255,2340,-7550,0,0,0
737820,97,0,564,9733,1,0,1
737821,65535,255,3285,9827,0,0,0
737822,65535,255,5172,9461,0,0,0
737823,65535,255,5020,-7154,0,0,0
737824,65535,255,3163,-7524,0,0,0
737825,65535,255,454,-7198,0,0,0
737826,0,0,0,0,0,0,0
737827,0,0,0,0,0,0,0
737828,0,0,0,0,0,0,0
737829,347,0,3880,-7381,1,0,1
737830,97,0,1440,-7551,1,0,1
737831,0,0,0,0,0,0,0
737832,65535,255,3996,9727,0,0,0
737833,65535,255,5631,9413,0,0,0
737834,0,0,0,0,0,0,0
737835,133,0,2360,-7587,1,0,1
737836,118,0,539,9964,1,0,1
737837,65535,255,3271,9726,0,0,0
737838,65535,255,5160,9489,0,0,0
737839,185,2,5032,-7184,1,0,1
737840,65535,255,3177,-7436,0,0,0
737841,65535,255,475,-7783,0,0,0
737842,335,0,2436,9908,1,0,1
737843,180,0,4618,9585,1,0,1
737844,218,0,5489,-7042,1,0,1
737845,65535,255,3890,-7334,0,0,0
737846,65535,255,1462,-7801,0,0,0
737847,63,2,1513,9930,1,0,1
737848,0,0,0,0,0,0,0
737849,1850,0,5623,9397,1,0,1
737850,196,0,4508,-7254,1,0,1
737851,116,0,2369,-7572,1,0,1
737852,65535,255,522,9900,0,0,0
737853,65535,255,3257,9748,0,0,0
737854,65535,255,5154,9490,0,0,0
737855,65535,255,5038,-7188,0,0,0
737856,65535,255,3185,-7453,0,0,0
737857,65535,255,492,-7848,0,0,0
737858,192,0,2427,9935,1,0,1
737859,164,0,4611,9598,1,0,1
737860,298,0,5496,-7058,1,0,1
737861,65535,255,3898,-7363,0,0,0
737862,147,0,1468,-7553,1,0,1
737863,0,0,0,0,0,0,0
737864,273,0,3977,9746,1,0,1
737865,65535,255,5620,9366,0,0,0
737866,118,0,4514,-7297,1,0,1
737867,65535,255,2385,-7677,0,0,0
737868,153,0,510,10412,1,0,1
737869,0,0,0,0,0,0,0
737870,0,0,0,0,0,0,0
737871,65535,255,5044,-7160,0,0,0
737872,65535,255,3194,-7404,0,0,0
737873,65535,255,498,-7644,0,0,0
737874,152,0,2422,9896,1,0,1
737875,65535,255,4608,9587,0,0,0
737876,188,0,5498,-7048,1,0,1
737877,65535,255,3905,-7360,0,0,0
737878,65535,255,1473,-7551,0,0,0
737879,0,0,0,0,0,0,0
737880,65535,255,3977,9642,0,0,0
737881,65535,255,5618,9367,0,0,0
737882,90,2,4514,-7222,1,0,1
737883,136,0,2384,-7517,1,0,1
737884,65535,255,511,9762,0,0,0
737885,65535,255,3248,9778,0,0,0
737886,65535,255,5149,9496,0,0,0
737887,65535,255,5044,-7163,0,0,0
737888,65535,255,3194,-7490,0,0,0
737889,0,0,0,0,0,0,0
737890,176,0,2422,9831,1,0,1
737891,65535,255,4605,9563,0,0,0
737892,117,0,5496,-7035,1,0,1
737893,185,0,3905,-7338,1,0,1
737894,0,0,0,0,0,0,0
737895,131,0,1496,10039,1,0,1
737896,65535,255,3977,9642,0,0,0
737897,1549,0,5618,9373,1,0,1
737898,201,0,4514,-7239,1,0,1
737899,0,0,0,0,0,0,0
737900,260,0,510,10021,1,0,1
737901,65535,255,3248,9758,0,0,0
737902,291,0,5148,9523,1,0,1
737903,160,0,5041,-7154,1,0,1
737904,65535,255,3190,-7412,0,0,0
737905,0,0,0,0,0,0,0
737906,194,0,2422,9948,1,0,1
737907,65535,255,4608,9623,0,0,0
737908,59,2,5496,-7084,1,0,1
737909,65535,255,3899,-7367,0,0,0
737910,253,0,1474,-7816,1,0,1
737911,0,0,0,0,0,0,0
737912,65535,255,3981,9635,0,0,0
737913,881,1,5621,9372,1,0,0
737914,65535,255,4511,-7246,0,0,0
737915,65535,255,2374,-7584,0,0,0
737916,88,0,522,10212,1,0,1
737917,68,0,3257,9794,1,0,1
737918,65535,255,5154,9465,0,0,0
737919,197,0,5038,-7181,1,0,1
737920,65535,255,3185,-7471,0,0,0
737921,165,0,486,-7954,1,0,1
737922,217,0,2432,9843,1,0,0
737923,122,0,4615,9580,1,0,1
737924,107,0,5489,-7059,1,0,1
737925,135,0,3891,-7400,1,0,1
737926,65535,255,1462,-7732,0,0,0
737927,65535,255,1513,9951,0,0,0
737928,65535,255,3984,9737,0,0,0
737929,65535,255,5626,9366,0,0,0
737930,102,0,4501,-7241,1,0,1
737931,65535,255,2365,-7598,0,0,0
737932,124,0,534,10270,1,0,1
737933,360,2,3267,9813,1,0,1
737934,65535,255,5160,9480,0,0,0
737935,189,2,5028,-7182,1,0,1
737936,65535,255,3172,-7512,0,0,0
737937,133,2,470,-7566,1,0,1
737938,65535,255,2446,9933,0,0,0
737939,65535,255,4622,9621,0,0,0
737940,65535,255,6036,9302,0,0,0
737941,65535,255,3879,-7342,0,0,0
737942,170,0,1445,-7571,1,0,1
737943,71,0,1536,9822,1,0,1
737944,1018,1,3999,9699,1,0,0
737945,65535,255,5632,9383,0,0,0
737946,65535,255,6709,9063,0,0,1
737947,0,0,0,0,0,0,0
737948,65535,255,551,10144,0,0,0
737949,476,0,3280,9802,1,0,1
737950,3569,1,5169,9478,1,0,1
737951,65535,255,6396,9173,0,0,0
737952,80,0,3158,-7523,1,0,1
737953,65535,255,452,-7633,0,0,0
737954,65535,255,2461,9957,0,0,0
737955,1212,1,4636,9546,1,0,1
737956,327,0,6045,9259,1,0,1
737957,65535,255,6992,8978,0,0,1
737958,73,0,1422,-7690,1,0,1
737959,230,0,1551,9949,1,0,1
737960,98,2,4014,9651,1,0,1
737961,65535,255,5644,9379,0,0,0
737962,65535,255,6716,9087,0,0,1
737963,65535,255,2330,-7670,0,0,0
737964,65535,255,581,9739,0,0,0
737965,117,0,3302,9743,1,0,1
737966,65535,255,5183,9449,0,0,0
737967,274,0,6405,9172,1,0,1
737968,142,0,3145,-7496,1,0,1
737969,65535,255,435,-8006,0,0,0
737970,143,0,2476,9917,1,0,1
737971,1368,0,4642,9570,1,0,1
737972,187,2,6049,9302,1,0,1
737973,65535,255,3863,-7398,0,0,0
737974,65535,255,1417,-7572,0,0,1
737975,65535,255,1556,9994,0,0,0
737976,65535,255,4014,9697,0,0,0
737977,65535,255,5644,9385,0,0,0
737978,65535,255,4484,-7314,0,0,0
737979,65535,255,2335,-7656,0,0,0
737980,65535,255,568,10143,0,0,0
737981,135,2,3293,9734,1,0,1
737982,65535,255,5174,9478,0,0,0
737983,131,2,5017,-7164,1,0,1
737984,126,2,3159,-7523,1,0,1
737985,65535,255,453,-8290,0,0,0
737986,112,2,2461,9970,1,0,1
737987,1415,0,4632,9596,1,0,1
737988,65535,255,5478,-7044,0,0,1
737989,65535,255,3871,-7319,0,0,0
737990,108,2,1433,-7710,1,0,1
737991,123,2,1541,10138,1,0,1
737992,627,2,4007,9638,1,0,1
737993,1045,0,5636,9377,1,0,1
737994,65535,255,4493,-7268,0,0,0
737995,65535,255,2349,-7572,0,0,0
737996,0,0,0,0,0,0,0
737997,139,0,3280,9828,1,0,1
737998,269,2,5169,9456,1,0,1
737999,65535,255,5025,-7141,0,0,0
738000,172,0,3167,-7493,1,0,1
738001,65535,255,463,-8057,0,0,0
738002,64,2,2452,9931,1,0,0
738003,65535,255,4625,9589,0,0,0
738004,132,0,5484,-7038,1,0,1
738005,65535,255,3881,-7407,0,0,0
738006,65535,255,1444,-7708,0,0,0
738007,0,0,0,0,0,0,0
738008,65535,255,3999,9647,0,0,0
738009,65535,255,5632,9360,0,0,0
738010,65535,255,4500,-7285,0,0,0
738011,65535,255,2359,-7611,0,0,0
738012,210,0,540,10017,1,0,1
738013,425,0,3272,9717,1,0,1
738014,1500,1,5163,9478,1,0,1
738015,175,0,5031,-7167,1,0,1
738016,65535,255,3174,-7517,0,0,0
738017,65535,255,470,-7419,0,0,0
738018,283,0,2442,9827,1,0,1
738019,65535,255,4621,9586,0,0,0
738020,180,0,5488,-7073,1,0,1
738021,65535,255,3886,-7384,0,0,0
738022,65535,255,1451,-7569,0,0,0
738023,60,0,1524,10013,1,0,1
738024,0,0,0,0,0,0,0
738025,65535,255,5627,9406,0,0,0
738026,179,0,4503,-7260,1,0,1
738027,65535,255,2364,-7570,0,0,0
738028,197,0,535,9832,1,0,1
738029,248,0,3263,9850,1,0,1
738030,65535,255,5161,9474,0,0,0
738031,216,0,5031,-7166,1,0,1
738032,65535,255,3180,-7549,0,0,0
738033,164,0,475,-7413,1,0,1
738034,215,0,2437,9830,1,0,1
738035,65535,255,4619,9547,0,0,0
738036,65535,255,5488,-7086,0,0,0
738037,65535,255,3890,-7406,0,0,0
738038,65535,255,1456,-7638,0,0,0
738039,92,0,1519,10121,1,0,1
738040,621,2,3989,9648,1,0,1
738041,65535,255,5627,9366,0,0,0
738042,185,0,4503,-7303,1,0,1
738043,63,0,2364,-7663,1,0,1
738044,65535,255,528,10330,0,0,0
738045,65535,255,3263,9784,0,0,0
738046,1253,1,5155,9521,1,0,1
738047,65535,255,5031,-7139,0,0,0
738048,65535,255,3176,-7510,0,0,0
738049,206,0,479,-7731,1,0,1
738050,65535,255,2438,9802,0,0,0
738051,439,2,4616,9629,1,0,1
738052,65535,255,5486,-7082,0,0,0
738053,148,0,3886,-7406,1,0,1
738054,207,0,1455,-7660,1,0,1
738055,114,0,1519,10143,1,0,1
738056,124,0,3993,9663,1,0,1
738057,276,0,5628,9375,1,0,1
738058,202,2,4500,-7229,1,0,1
738059,179,2,2378,-7560,1,0,1
738060,65535,255,511,10208,0,0,0
738061,65535,255,3250,9809,0,0,0
738062,65535,255,5150,9487,0,0,0
738063,196,0,5040,-7136,1,0,1
738064,0,0,0,0,0,0,0
738065,145,0,498,-7905,1,0,1
738066,65535,255,2423,9813,0,0,0
738067,201,0,4606,9577,1,0,1
738068,210,0,5498,-7065,1,0,1
738069,65535,255,3905,-7423,0,0,0
738070,90,0,1473,-7569,1,0,1
738071,65535,255,1497,10121,0,0,0
738072,322,1,3974,9698,1,0,1
738073,420,1,5617,9354,1,0,1
738074,225,0,4517,-7237,1,0,1
738075,65535,255,2383,-7611,0,0,0
738076,65535,255,507,10504,0,0,0
738077,53,2,3250,9725,1,0,0
738078,1450,0,5145,9495,1,0,1
738079,99,0,5044,-7178,1,0,1
738080,262,0,3198,-7501,1,0,1
738081,65535,255,498,-7574,0,0,0
738082,105,0,2418,9970,1,0,1
738083,1261,2,4603,9560,1,0,1
738084,182,2,5497,-7060,1,0,1
738085,65535,255,3904,-7415,0,0,0
738086,65535,255,1479,-7565,0,0,0
738087,65535,255,1497,10146,0,0,0
738088,65535,255,3973,9714,0,0,0
738089,256,2,5616,9369,1,0,0
738090,65535,255,4518,-7261,0,0,0
738091,65535,255,2384,-7638,0,0,0
738092,0,0,0,0,0,0,0
738093,0,0,0,0,0,0,0
738094,65535,255,5149,9483,0,0,0
738095,128,0,5041,-7146,1,0,1
738096,65535,255,3194,-7444,0,0,0
738097,142,0,494,-7306,1,0,1
738098,65535,255,2422,9919,0,0,0
738099,65535,255,4607,9562,0,0,0
738100,120,0,5496,-7052,1,0,1
738101,65535,255,3902,-7416,0,0,0
738102,215,0,1473,-7531,1,0,1
738103,168,0,1503,9841,1,0,1
738104,83,0,3980,9735,1,0,1
738105,65535,255,5620,9387,0,0,0
738106,152,0,4514,-7298,1,0,1
738107,0,0,0,0,0,0,0
738108,65535,255,517,10470,0,0,0
738109,394,0,3257,9736,1,0,1
738110,745,0,5154,9463,1,0,1
738111,128,2,5038,-7146,1,0,0
738112,140,0,3186,-7416,1,0,1
738113,255,0,488,-8254,1,0,1
738114,243,0,2431,9919,1,0,1
738115,1545,2,4615,9547,1,0,1
738116,153,2,5491,-7061,1,0,1
738117,0,0,0,0,0,0,0
738118,0,0,0,0,0,0,0
738119,151,0,1518,9970,1,0,1
738120,65535,255,3992,9668,0,0,0
738121,65535,255,5628,9374,0,0,0
738122,304,0,4504,-7256,1,0,1
738123,87,2,2360,-7481,1,0,1
738124,152,0,539,10143,1,0,1
738125,0,0,0,0,0,0,0
738126,1503,1,5164,9482,1,0,1
738127,65535,255,5029,-7197,0,0,1
738128,202,0,3172,-7407,1,0,1
738129,65535,255,469,-8047,0,0,0
738130,65535,255,2451,9930,0,0,0
738131,1001,1,4628,9563,1,0,1
738132,332,0,5483,-7081,1,0,1
738133,65535,255,3879,-7359,0,0,0
738134,163,0,1440,-7759,1,0,1
738135,65535,255,1540,10118,0,0,0
738136,151,2,4007,9688,1,0,1
738137,1307,2,5636,9393,1,0,1
738138,157,2,4494,-7251,1,0,1
738139,65535,255,2350,-7575,0,0,1
738140,170,0,551,9963,1,0,1
738141,65535,255,3280,9734,0,0,0
738142,65535,255,5165,9497,0,0,1
738143,65535,255,5029,-7202,0,0,0
738144,863,0,3172,-7484,1,0,1
738145,65535,255,470,-8128,0,0,0
738146,65535,255,2447,9788,0,0,0
738147,65535,255,4623,9593,0,0,0
738148,229,0,5486,-7085,1,0,1
738149,65535,255,3886,-7418,0,0,0
738150,65535,255,1451,-7734,0,0,0
738151,161,0,1524,9884,1,0,1
738152,821,0,3992,9698,1,0,1
738153,65535,255,5628,9400,0,0,0
738154,223,0,4504,-7268,1,0,1
738155,65535,255,2365,-7613,0,0,0
738156,65535,255,533,10210,0,0,0
738157,536,0,3262,9783,1,0,1
738158,65535,255,5159,9465,0,0,0
738159,65535,255,5035,-7156,0,0,0
738160,65535,255,3182,-7458,0,0,0
738161,163,0,481,-7641,1,0,1
738162,241,0,2432,9907,1,0,1
738163,1134,1,4612,9597,1,0,1
738164,221,0,5491,-7065,1,0,1
738165,112,2,3894,-7386,1,0,1
738166,79,0,1462,-7642,1,0,1
738167,70,0,1513,9822,1,0,1
738168,122,0,3984,9684,1,0,1
738169,638,0,5620,9397,1,0,1
738170,65535,255,4511,-7266,0,0,1
738171,196,2,2375,-7625,1,0,1
738172,65535,255,520,10277,0,0,0
738173,97,0,3256,9793,1,0,1
738174,65535,255,5153,9460,0,0,0
738175,227,0,5040,-7171,1,0,1
738176,0,0,0,0,0,0,0
738177,65535,255,494,-7975,0,0,0
738178,65535,255,2421,9974,0,0,0
738179,65535,255,4607,9609,0,0,0
738180,184,0,5493,-7043,1,0,1
738181,232,0,3899,-7324,1,0,1
738182,65535,255,1475,-7839,0,0,0
738183,65535,255,1500,10017,0,0,0
738184,315,0,3978,9638,1,0,1
738185,225,0,5619,9371,1,0,1
738186,202,0,4513,-7233,1,0,1
738187,171,0,2381,-7557,1,0,1
738188,65535,255,515,10020,0,0,0
738189,65535,255,3252,9766,0,0,0
738190,65535,255,5148,9493,0,0,0
738191,260,0,5040,-7160,3,0,0
738192,65535,255,3191,-7432,0,0,0
738193,186,0,494,-7906,1,0,1
738194,65535,255,2421,9974,0,0,0
738195,1191,0,4605,9588,3,0,0
738196,720,2,5495,-7030,3,0,0
738197,236,0,3900,-7338,3,0,0
738198,0,0,0,0,0,0,0
738199,65535,255,1501,10082,0,0,0
738200,217,2,3976,9665,3,0,0
738201,65535,255,5617,9390,0,0,0
738202,65535,255,4512,-7271,0,0,0
738203,65535,255,2381,-7648,0,0,0
738204,288,0,510,10474,1,0,1
738205,529,0,3247,9833,1,0,1
738206,65535,255,5147,9486,0,0,0
738207,65535,255,5039,-7127,0,0,0
738208,256,0,3191,-7519,3,0,0
738209,0,0,0,0,0,0,0
738210,341,0,2421,9908,1,0,1
738211,811,1,4607,9611,1,0,1
738212,352,0,5496,-7084,1,0,1
738213,65535,255,3899,-7316,0,0,0
738214,65535,255,1474,-7780,0,0,0
738215,0,0,0,0,0,0,0
738216,0,0,0,0,0,0,0
738217,1373,1,5620,9390,1,0,1
738218,164,0,4512,-7271,1,0,1
738219,65535,255,2381,-7662,0,0,0
738220,272,0,522,9637,1,0,1
738221,65535,255,3255,9743,0,0,0
738222,65535,255,5150,9512,0,0,0
738223,380,0,5039,-7154,1,0,1
738224,65535,255,3187,-7422,0,0,0
738225,144,0,488,-7973,1,0,1
738226,212,2,2431,9804,1,0,1
738227,65535,255,4614,9568,0,0,0
738228,256,0,5492,-7053,1,0,1
738229,222,0,3895,-7391,1,0,1
738230,65535,255,1463,-7730,0,0,0
738231,182,0,1512,9951,1,0,1
738232,65535,255,3987,9718,0,0,0
738233,65535,255,5624,9376,0,0,1
738234,65535,255,4505,-7259,0,0,0
738235,281,0,2371,-7649,1,0,1
738236,147,0,535,9585,1,0,1
738237,430,0,3266,9718,1,0,1
738238,354,0,5158,9516,1,0,1
738239,0,0,0,0,0,0,0
738240,65535,255,3177,-7452,0,0,0
738241,65535,255,477,-8257,0,0,0
738242,129,0,2445,9867,1,0,1
738243,1321,1,4620,9597,1,0,1
738244,170,0,5487,-7082,1,0,0
738245,129,0,3884,-7325,1,0,1
738246,65535,255,1446,-7547,0,0,0
738247,0,0,0,0,0,0,0
738248,65535,255,3998,9706,0,0,0
738249,443,0,5635,9360,1,0,1
738250,65535,255,4495,-7242,0,0,0
738251,273,0,2356,-7625,1,0,1
738252,204,0,545,10507,1,0,1
738253,459,0,3279,9726,1,0,1
738254,141,0,5170,9519,1,0,1
738255,242,0,5023,-7173,1,0,1
738256,65535,255,3164,-7473,0,0,0
738257,65535,255,453,-7406,0,0,0
738258,35,2,2461,9930,1,0,1
738259,65535,255,4634,9597,0,0,0
738260,175,0,5476,-7039,1,0,1
738261,65535,255,3872,-7379,0,0,0
738262,65535,255,1429,-7735,0,0,0
738263,65535,255,1550,10012,0,0,0
738264,65535,255,4013,9668,0,0,0
738265,65535,255,5642,9408,0,0,0
738266,173,0,4485,-7313,1,0,1
738267,102,0,2331,-7574,1,0,1
738268,117,0,574,10368,1,0,1
738269,231,0,3300,9774,1,0,1
738270,223,0,5182,9492,1,0,1
738271,0,0,0,0,0,0,0
738272,88,0,3141,-7497,1,0,1
738273,65535,255,423,-7622,0,0,0
738274,65535,255,2486,9885,0,0,0
738275,0,0,0,0,0,0,0
738276,65535,255,5463,-7033,0,0,0
738277,152,0,3855,-7399,1,0,1
738278,65535,255,1406,-7525,0,0,0
738279,0,0,0,0,0,0,0
738280,65535,255,4022,9659,0,0,0
738281,65535,255,5646,9352,0,0,0
738282,88,0,4477,-7253,1,0,1
738283,263,0,2330,-7507,1,0,1
738284,65535,255,574,10254,0,0,0
738285,99,0,3298,9734,1,0,1
738286,65535,255,5177,9471,0,0,0
738287,65535,255,5014,-7143,0,0,0
738288,65535,255,3154,-7465,0,0,0
738289,250,0,446,-7702,1,0,1
738290,181,0,2467,9840,1,0,1
738291,272,2,4632,9626,1,0,0
738292,65535,255,5476,-7053,0,0,0
738293,305,0,3872,-7326,1,0,1
738294,264,0,1434,-7688,1,0,1
738295,74,0,1540,10055,1,0,1
738296,590,0,4003,9720,1,0,1
738297,989,1,5634,9391,1,0,1
738298,160,0,4492,-7277,1,0,1
738299,78,2,2350,-7654,1,0,1
738300,65535,255,545,10084,0,0,0
738301,65535,255,3276,9825,0,0,1
738302,65535,255,5166,9463,0,0,0
738303,65535,255,6394,9169,0,0,0
738304,65535,255,3167,-7474,0,0,0
738305,0,0,0,0,0,0,0
738306,65535,255,2447,9868,0,0,0
738307,65535,255,4622,9548,0,0,0
738308,228,0,6034,9286,1,0,1
738309,65535,255,3887,-7363,0,0,0
738310,0,0,0,0,0,0,0
738311,65535,255,1518,9886,0,0,0
738312,1008,0,3988,9664,1,0,1
738313,299,0,5627,9361,1,0,1
738314,65535,255,6702,9095,0,0,0
738315,65535,255,2365,-7584,0,0,0
738316,65535,255,529,9772,0,0,0
738317,133,0,3262,9822,1,0,1
738318,65535,255,5154,9522,0,0,0
738319,65535,255,6386,9191,0,0,0
738320,72,0,3181,-7422,1,0,1
738321,65535,255,488,-7300,0,0,0
738322,65535,255,2427,9962,0,0,0
738323,1222,0,4608,9582,1,0,1
738324,334,0,6025,9300,1,0,1
738325,65535,255,6978,8996,0,0,1
738326,0,0,0,0,0,0,0
738327,102,0,1503,9844,1,0,1
738328,65535,255,3975,9683,0,0,0
738329,0,0,0,0,0,0,0
738330,65535,255,6696,9072,0,0,0
738331,225,0,2390,-7674,1,0,1
738332,65535,255,504,10090,0,0,0
738333,65535,255,3239,9845,0,0,0
738334,65535,255,5144,9452,0,0,0
738335,65535,255,6378,9180,0,0,0
738336,162,0,3204,-7439,1,0,1
738337,189,0,510,-7516,1,0,1
738338,65535,255,2408,9793,0,0,0
738339,65535,255,4595,9602,0,0,0
738340,52,2,6017,9298,1,0,0
738341,65535,255,3917,-7417,0,0,0
738342,162,0,1495,-7617,1,0,1
738343,210,0,1474,9999,1,0,1
738344,65535,255,3958,9698,0,0,0
738345,754,0,5606,9375,1,0,1
738346,65535,255,4531,-7298,0,0,0
738347,155,0,2409,-7606,1,0,1
738348,65535,255,482,9814,0,0,0
738349,65535,255,3226,9818,0,0,0
738350,65535,255,5131,9522,0,0,0
738351,65535,255,5058,-7137,0,0,0
738352,149,0,3221,-7428,1,0,1
738353,246,0,534,-7523,1,0,1
738354,65535,255,2388,9805,0,0,0
738355,65535,255,4581,9615,0,0,0
738356,65535,255,5513,-7049,0,0,0
738357,107,0,3928,-7320,1,0,1
738358,65535,255,1516,-7678,0,0,0
738359,241,0,1457,10092,1,0,1
738360,166,0,3947,9728,1,0,1
738361,1043,1,5598,9399,1,0,1
738362,0,0,0,0,0,0,0
738363,65535,255,2423,-7486,0,0,0
738364,0,0,0,0,0,0,0
738365,0,0,0,0,0,0,0
738366,0,0,0,0,0,0,0
738367,0,0,0,0,0,0,0
738368,0,0,0,0,0,0,0
738369,0,0,0,0,0,0,0
738370,0,0,0,0,0,0,0
738371,0,0,0,0,0,0,0
738372,0,0,0,0,0,0,0
738373,0,0,0,0,0,0,0
738374,0,0,0,0,0,0,0
738375,0,0,0,0,0,0,0
738376,0,0,0,0,0,0,0
738377,0,0,0,0,0,0,0
738378,0,0,0,0,0,0,0
738379,0,0,0,0,0,0,0
738380,0,0,0,0,0,0,0
738381,0,0,0,0,0,0,0
738382,0,0,0,0,0,0,0
738383,0,0,0,0,0,0,0
738384,0,0,0,0,0,0,0
738385,0,0,0,0,0,0,0
738386,0,0,0,0,0,0,0
738387,0,0,0,0,0,0,0
738388,0,0,0,0,0,0,0
738389,0,0,0,0,0,0,0
738390,0,0,0,0,0,0,0
738391,0,0,0,0,0,0,0
738392,0,0,0,0,0,0,0
738393,0,0,0,0,0,0,0
738394,0,0,0,0,0,0,0
738395,0,0,0,0,0,0,0
738396,0,0,0,0,0,0,0
738397,65535,255,3191,9822,0,0,0
738398,65535,255,5112,9516,0,0,0
738399,65535,255,5077,-7146,0,0,0
738400,0,0,0,0,0,0,0
738401,65535,255,574,-8108,0,0,0
738402,262,0,2353,9970,1,0,1
738403,65535,255,4561,9601,0,0,0
738404,65535,255,5528,-7053,0,0,0
738405,65535,255,3950,-7345,0,0,0
738406,152,0,1549,-7801,1,0,1
738407,103,0,1430,9908,1,0,1
738408,65535,255,3925,9687,0,0,0
738409,65535,255,5586,9384,0,0,0
738410,166,0,4557,-7231,1,0,1
738411,159,2,2448,-7509,1,0,1
738412,65535,255,437,9740,0,0,0
738413,111,2,3191,9812,1,0,0
738414,193,0,5109,9526,1,0,1
738415,65535,255,5077,-7150,0,0,0
738416,65535,255,3252,-7518,0,0,0
738417,65535,255,574,-7357,0,0,0
738418,281,0,2354,9810,1,0,1
738419,80,0,4562,9632,1,0,1
738420,187,0,5527,-7068,1,0,0
738421,165,0,3953,-7396,1,0,0
738422,83,0,1544,-7632,1,0,1
738423,65535,255,1424,10120,0,0,0
738424,593,2,3925,9650,1,0,1
738425,65535,255,5586,9366,0,0,0
738426,152,0,4555,-7220,1,0,1
738427,134,0,2443,-7482,1,0,1
738428,65535,255,437,10540,0,0,0
738429,65535,255,3191,9813,0,0,0
738430,836,1,5111,9488,1,0,1
738431,158,0,5075,-7161,1,0,1
738432,113,2,3243,-7404,1,0,1
738433,65535,255,567,-7589,0,0,0
738434,65535,255,2359,9876,0,0,0
738435,65535,255,4565,9576,0,0,0
738436,212,0,5523,-7044,1,0,1
738437,150,0,3946,-7345,1,0,1
738438,0,0,0,0,0,0,0
738439,65535,255,1435,10002,0,0,0
738440,65535,255,3929,9739,0,0,0
738441,1438,0,5586,9426,1,0,1
738442,166,0,4549,-7275,1,0,1
738443,147,0,2438,-7665,1,0,1
738444,146,0,449,9643,1,0,1
738445,221,0,3196,9735,1,0,1
738446,188,0,5110,9521,1,0,1
738447,266,0,5077,-7165,1,0,1
738448,164,0,3252,-7450,1,0,1
738449,162,0,579,-7992,1,0,1
738450,68,0,2349,9864,1,0,1
738451,183,0,4555,9602,1,0,1
738452,65535,255,5531,-7060,0,0,0
738453,69,0,3958,-7321,1,0,1
738454,65535,255,1561,-7547,0,0,0
738455,65535,255,1407,10173,0,0,0
738456,65535,255,3909,9706,0,0,0
738457,151,0,5572,9430,1,0,1
738458,65535,255,4572,-7233,0,0,0
738459,65535,255,2473,-7608,0,0,0
738460,65535,255,401,10588,0,0,0
738461,487,0,3159,9868,1,0,1
738462,65535,255,5089,9521,0,0,0
738463,135,0,5095,-7171,1,0,1
738464,65535,255,3280,-7475,0,0,0
738465,245,0,615,-7549,1,0,1
738466,230,0,2311,9939,1,0,1
738467,65535,255,4533,9645,0,0,0
738468,65535,255,5547,-7046,0,0,0
738469,134,2,3985,-7396,1,0,1
738470,65535,255,1600,-7791,0,0,0
738471,65535,255,1372,10108,0,0,0
738472,65535,255,3886,9703,0,0,0
738473,1271,0,5557,9429,1,0,1
738474,141,0,4589,-7248,1,0,1
738475,65535,255,2503,-7655,0,0,0
738476,72,0,378,9657,1,0,1
738477,65535,255,3141,9773,0,0,0
738478,1448,1,5077,9477,1,0,1
738479,65535,255,5118,-7129,0,0,0
738480,174,0,3311,-7411,1,0,1
738481,210,0,650,-7409,1,0,0
738482,65535,255,2285,9980,0,0,0
738483,156,0,4519,9594,1,0,1
738484,238,0,5559,-7035,1,0,1
738485,155,0,3999,-7415,1,0,1
738486,65535,255,1610,-7611,0,0,0
738487,286,0,1361,10008,1,0,0
738488,65535,255,3882,9698,0,0,0
738489,65535,255,5557,9383,0,0,0
738490,129,0,4592,-7216,1,0,1
738491,65535,255,2503,-7648,0,0,0
738492,65535,255,376,10093,0,0,0
738493,428,2,3145,9865,1,0,1
738494,387,2,5083,9471,1,0,1
738495,65535,255,5106,-7153,0,0,0
738496,65535,255,3289,-7507,0,0,0
738497,65535,255,620,-8034,0,0,0
738498,0,0,0,0,0,0,0
738499,65535,255,4537,9579,0,0,1
738500,65535,255,5546,-7034,0,0,0
738501,0,0,0,0,0,0,0
738502,65535,255,1582,-7655,0,0,0
738503,231,0,1390,10100,1,0,1
738504,245,0,3901,9741,1,0,1
738505,65535,255,5571,9408,0,0,0
738506,65535,255,4575,-7262,0,0,0
738507,65535,255,2473,-7548,0,0,0
738508,0,0,0,0,0,0,0
738509,65535,255,3172,9813,0,0,0
738510,1885,1,5100,9526,1,0,1
738511,367,0,5089,-7141,1,0,1
738512,65535,255,3266,-7490,0,0,0
738513,226,0,586,-7997,1,0,1
738514,0,0,0,0,0,0,0
738515,65535,255,4557,9588,0,0,0
738516,65535,255,5531,-7046,0,0,0
738517,186,0,3954,-7333,1,0,1
738518,65535,255,1550,-7762,0,0,0
738519,65535,255,1430,9861,0,0,0
738520,65535,255,3931,9676,0,0,0
738521,65535,255,5589,9377,0,0,0
