sdate,line_t,line_tmq,line_tvza,line_tvaa,line_tm2,line_QFDNB,line_tm_buf
735235,65535,255,2213,10320,0,0,0
735236,62,0,4466,10580,1,0,1
735237,245,0,5841,-8652,1,0,1
735238,347,0,4254,-8323,1,0,1
735239,254,0,1806,-7926,1,0,1
735240,180,0,1267,10062,1,0,1
735241,167,0,3827,10504,1,0,1
735242,65535,255,5497,10843,0,0,0
735243,65535,255,4860,-8455,0,0,0
735244,65535,255,2720,-8068,0,0,0
735245,65535,255,249,10493,0,0,0
735246,0,0,0,0,0,0,0
735247,239,0,5030,10732,1,0,1
735248,351,0,5377,-8499,1,0,1
735249,123,0,3527,-8185,1,0,1
735250,180,0,785,-7696,1,0,1
735251,172,0,2229,10323,1,0,1
735252,65535,255,4476,10582,0,0,0
735253,345,0,5834,-8647,1,0,1
735254,108,2,4251,-8316,1,0,1
735255,65535,255,1804,-8080,0,0,0
735256,173,0,1261,10346,1,0,1
735257,178,0,3823,10480,1,0,1
735258,65535,255,5493,10829,0,0,0
735259,65535,255,4867,-8428,0,0,0
735260,65535,255,2739,-8186,0,0,0
735261,155,0,221,9632,1,0,1
735262,150,0,3059,10367,1,0,1
735263,65535,255,5010,10696,0,0,0
735264,272,0,5397,-8531,1,0,1
735265,65535,255,3561,-8232,0,0,0
735266,313,0,831,-7993,1,0,0
735267,129,0,2193,10216,1,0,1
735268,167,0,4446,10641,1,0,1
735269,200,0,5851,-8629,1,0,1
735270,161,0,4277,-8319,1,0,1
735271,115,0,1844,-8147,1,0,1
735272,204,0,1216,10381,1,0,1
735273,157,0,3791,10484,1,0,1
735274,65535,255,5472,10835,0,0,0
735275,103,0,4891,-8444,1,0,1
735276,132,0,2773,-8235,1,0,1
735277,179,0,179,10435,1,0,1
735278,168,0,3026,10425,1,0,1
735279,65535,255,4989,10735,0,0,0
735280,182,0,5414,-8536,1,0,1
735281,166,0,3591,-8265,1,0,1
735282,115,0,872,-7806,1,0,1
735283,65535,255,2155,10390,0,0,0
735284,65535,255,4426,10625,0,0,0
735285,65535,255,5865,-8623,0,0,0
735286,65535,255,4301,-8378,0,0,0
735287,165,0,1878,-8149,1,0,1
735288,321,0,1188,9988,1,0,1
735289,65535,255,3767,10504,0,0,0
735290,65535,255,5456,10841,0,0,0
735291,65535,255,4909,-8446,0,0,0
735292,65535,255,2801,-8226,0,0,0
735293,65535,255,145,10059,0,0,0
735294,96,0,3002,10402,1,0,1
735295,177,0,4971,10716,1,0,1
735296,130,0,5432,-8548,1,0,1
735297,200,0,3616,-8265,1,0,1
735298,165,0,907,-8145,1,0,1
735299,134,0,2124,10281,1,0,1
735300,144,0,4405,10571,1,0,1
735301,160,0,5865,10887,1,0,1
735302,65535,255,4324,-8326,0,0,0
735303,155,0,1911,-7960,1,0,1
735304,65535,255,1147,10094,0,0,0
735305,163,0,3743,10524,1,0,1
735306,65535,255,5445,10791,0,0,0
735307,309,0,4929,-8477,1,0,1
735308,65535,255,2829,-8128,0,0,0
735309,140,0,116,8276,1,0,1
735310,65535,255,2978,10346,0,0,0
735311,277,0,4958,10697,1,0,1
735312,65535,255,5446,-8545,0,0,0
735313,65535,255,3641,-8267,0,0,0
735314,146,2,938,-7917,1,0,0
735315,65535,255,2097,10340,0,0,1
735316,321,0,4389,10606,1,0,1
735317,155,0,5854,10918,1,0,1
735318,65535,255,4341,-8388,0,0,0
735319,169,0,1939,-8152,1,0,1
735320,65535,255,1125,10030,0,0,0
735321,140,0,3726,10522,1,0,1
735322,147,0,5433,10797,1,0,1
735323,65535,255,4941,-8421,0,0,0
735324,154,0,2852,-8186,1,0,1
735325,65535,255,86,9994,0,0,0
735326,301,0,2959,10428,1,0,1
735327,193,0,4949,10668,1,0,1
735328,65535,255,5458,-8524,0,0,0
735329,164,0,3656,-8253,1,0,1
735330,157,0,959,-8210,1,0,1
735331,63,0,2082,10354,1,0,1
735332,176,0,4378,10630,1,0,1
735333,155,2,5847,10906,1,0,1
735334,336,0,4352,-8330,1,0,1
735335,172,2,1955,-8035,1,0,1
735336,65535,255,1108,10356,0,0,0
735337,65535,255,3718,10497,0,0,0
735338,86,2,5431,10797,1,0,0
735339,208,0,4950,-8420,1,0,1
735340,65535,255,2862,-8230,0,0,0
735341,155,0,84,12842,1,0,1
735342,92,2,2954,10364,1,0,1
735343,136,0,4943,10727,1,0,1
735344,155,0,5463,-8516,1,0,1
735345,65535,255,3664,-8245,0,0,0
735346,65535,255,965,-7726,0,0,0
735347,65535,255,2072,10371,0,0,0
735348,131,0,4378,10567,1,0,1
735349,65535,255,5847,10904,0,0,0
735350,301,0,4356,-8390,1,0,1
735351,65535,255,1955,-7969,0,0,0
735352,65535,255,1107,10267,0,0,0
735353,174,0,3718,10490,1,0,1
735354,134,0,5428,10797,1,0,1
735355,146,0,4950,-8436,1,0,1
735356,65535,255,2862,-8111,0,0,0
735357,65535,255,83,8806,0,0,0
735358,127,0,2949,10439,1,0,1
735359,159,0,4943,10694,1,0,0
735360,65535,255,5461,-8570,0,0,0
735361,135,0,3661,-8237,1,0,1
735362,218,0,959,-7724,1,0,1
735363,149,0,2082,10216,1,0,1
735364,65535,255,4378,10593,0,0,0
735365,65535,255,5847,10934,0,0,0
735366,65535,255,4349,-8349,0,0,0
735367,274,0,1950,-8152,1,0,1
735368,65535,255,1113,10208,0,0,0
735369,65535,255,3723,10499,0,0,0
735370,65535,255,5431,10812,0,0,0
735371,85,2,4944,-8462,1,0,1
735372,65535,255,2853,-8197,0,0,0
735373,65535,255,96,11055,0,0,0
735374,52,0,2959,10408,1,0,1
735375,114,0,4949,10691,1,0,1
735376,65535,255,5453,-8553,0,0,0
735377,158,0,3649,-8267,1,0,1
735378,245,0,941,-7930,1,0,1
735379,65535,255,2093,10341,0,0,1
735380,65535,255,4389,10563,0,0,0
735381,287,0,5854,10920,1,0,1
735382,65535,255,4338,-8348,0,0,0
735383,65535,255,1929,-8018,0,0,0
735384,227,0,1136,10327,1,0,1
735385,0,0,0,0,0,0,0
735386,65535,255,5442,10776,0,0,0
735387,79,2,4930,-8438,1,0,1
735388,30,0,2829,-8161,1,0,1
735389,65535,255,120,11725,0,0,0
735390,65535,255,2978,10421,0,0,0
735391,116,2,4961,10704,1,0,1
735392,65535,255,5438,-8524,0,0,0
735393,167,0,3626,-8229,1,0,1
735394,65535,255,914,-7847,0,0,0
735395,65535,255,2119,10252,0,0,0
735396,65535,255,4406,10636,0,0,0
735397,0,0,0,0,0,0,0
735398,65535,255,4316,-8344,0,0,0
735399,65535,255,1900,-7941,0,0,0
735400,139,0,1165,10386,1,0,1
735401,309,0,3759,10449,1,0,0
735402,65535,255,5453,10803,0,0,0
735403,111,0,4912,-8474,1,0,1
735404,104,0,2801,-8069,1,0,1
735405,140,0,150,10064,1,0,1
735406,265,0,3011,10363,1,0,1
735407,125,0,4980,10686,1,0,1
735408,201,0,5421,-8516,1,0,1
735409,65535,255,3599,-8262,0,0,0
735410,120,0,878,-7694,1,0,1
735411,63,0,2150,10286,1,0,1
735412,148,0,4426,10651,1,0,1
735413,65535,255,5863,-8634,0,0,0
735414,65535,255,4295,-8388,0,0,0
735415,65535,255,1861,-8077,0,0,1
735416,65535,255,1204,10218,0,0,0
735417,65535,255,3783,10539,0,0,0
735418,137,0,5472,10788,1,0,1
735419,65535,255,4888,-8464,0,0,0
735420,65535,255,2763,-8075,0,0,0
735421,124,0,191,10251,1,0,0
735422,73,0,3040,10398,1,0,1
735423,147,0,5001,10707,1,0,1
735424,229,0,5402,-8541,1,0,1
735425,248,0,3565,-8240,1,0,1
735426,186,0,831,-7994,1,0,0
735427,0,0,0,0,0,0,0
735428,65535,255,4453,10631,0,0,0
735429,65535,255,5844,-8621,0,0,0
735430,80,0,4265,-8377,1,0,1
735431,65535,255,1817,-8072,0,0,0
735432,105,0,1243,10249,1,0,1
735433,65535,255,3811,10543,0,0,0
735434,65535,255,5488,10788,0,0,0
735435,168,0,4876,-8456,1,0,1
735436,179,0,2749,-8221,1,0,1
735437,65535,255,209,9774,0,0,0
735438,65535,255,3054,10358,0,0,0
735439,169,0,5006,10686,1,0,1
735440,65535,255,5402,-8511,0,0,0
735441,287,0,3570,-8227,1,0,1
735442,65535,255,843,-7718,0,0,0
735443,65535,255,2182,10305,0,0,0
735444,65535,255,4446,10573,0,0,0
735445,139,0,5855,-8641,1,0,1
735446,65535,255,4283,-8299,0,0,0
735447,61,0,1855,-8129,1,0,1
735448,65535,255,1209,10300,0,0,0
735449,126,2,3788,10514,1,0,1
735450,65535,255,5474,10808,0,0,0
735451,65535,255,4893,-8403,0,0,0
735452,126,0,2777,-8133,1,0,1
735453,65535,255,178,11389,0,0,0
735454,0,0,0,0,0,0,0
735455,276,0,4991,10742,1,0,1
735456,214,0,5418,-8524,1,0,1
735457,65535,255,3595,-8303,0,0,0
735458,65535,255,872,-7691,0,0,0
735459,294,2,2155,10317,1,0,1
735460,65535,255,4429,10589,0,0,0
735461,205,0,5869,-8656,1,0,1
735462,65535,255,4301,-8335,0,0,0
735463,65535,255,1878,-7972,0,0,0
735464,221,0,1187,10103,1,0,1
735465,65535,255,3770,10522,0,0,0
735466,119,0,5463,10786,1,0,1
735467,65535,255,4911,-8467,0,0,0
735468,65535,255,2796,-8101,0,0,0
735469,151,0,153,11366,1,0,1
735470,65535,255,3006,10466,0,0,0
735471,65535,255,4981,10675,0,0,0
735472,245,0,5429,-8517,1,0,1
735473,65535,255,3612,-8212,0,0,0
735474,184,2,895,-7960,1,0,1
735475,65535,255,2140,10210,0,0,0
735476,65535,255,4415,10650,0,0,0
735477,65535,255,5870,10940,0,0,0
735478,386,0,4312,-8316,1,0,1
735479,219,0,1894,-7957,1,0,1
735480,65535,255,1170,10128,0,0,0
735481,0,0,0,0,0,0,0
735482,128,2,5455,10804,1,0,0
735483,256,0,4917,-8413,1,0,1
735484,130,0,2815,-8181,1,0,1
735485,65535,255,139,9587,0,0,0
735486,173,2,2997,10403,1,0,0
735487,65535,255,4970,10728,0,0,0
735488,111,0,5435,-8527,1,0,1
735489,65535,255,3620,-8205,0,0,0
735490,136,0,906,-7961,1,0,1
735491,374,0,2129,10223,1,0,1
735492,65535,255,4409,10567,0,0,0
735493,65535,255,5866,10893,0,0,0
735494,65535,255,4319,-8351,0,0,0
735495,65535,255,1905,-8062,0,0,0
735496,65535,255,1153,10328,0,0,0
735497,138,0,3751,10488,1,0,1
735498,65535,255,5450,10779,0,0,0
735499,224,0,4921,-8479,1,0,1
735500,65535,255,2820,-8159,0,0,0
735501,279,0,128,9530,1,0,1
735502,65535,255,2988,10423,0,0,0
735503,226,0,4965,10727,1,0,1
735504,173,0,5435,-8527,1,0,1
735505,171,0,3621,-8255,1,0,1
735506,65535,255,907,-7667,0,0,0
735507,0,0,0,0,0,0,0
735508,236,0,4405,10637,1,0,1
735509,152,2,5863,10904,1,0,1
735510,314,0,4320,-8344,1,0,1
735511,65535,255,1905,-8079,0,0,0
735512,65535,255,1155,10249,0,0,0
735513,65535,255,3751,10520,0,0,1
735514,145,2,5448,10808,1,0,0
735515,148,0,4918,-8440,1,0,1
735516,65535,255,2815,-8092,0,0,0
735517,133,0,138,8605,1,0,1
735518,175,0,2992,10393,1,0,1
735519,130,0,4967,10745,1,0,1
735520,202,0,5432,-8531,1,0,1
735521,125,0,3617,-8279,1,0,1
735522,65535,255,901,-7850,0,0,0
735523,65535,255,2129,10254,0,0,0
735524,160,0,4409,10600,1,0,1
735525,234,0,5867,10929,1,0,1
735526,257,0,4312,-8336,1,0,1
735527,65535,255,1894,-8095,0,0,0
735528,0,0,0,0,0,0,0
735529,65535,255,3755,10561,0,0,0
735530,65535,255,5453,10843,0,0,0
735531,545,2,4909,-8405,1,0,1
735532,108,0,2805,-8201,1,0,1
735533,112,0,155,8769,1,0,1
735534,65535,255,3007,10415,0,0,0
735535,65535,255,4977,10682,0,0,0
735536,65535,255,5424,-8563,0,0,0
735537,138,0,3603,-8235,1,0,1
735538,65535,255,884,-7733,0,0,0
735539,178,0,2145,10242,1,0,1
735540,65535,255,4423,10609,0,0,0
735541,227,0,5867,-8647,1,0,1
735542,244,0,4298,-8380,1,0,0
735543,236,0,1872,-7987,1,0,1
735544,153,0,1193,10386,1,0,1
735545,0,0,0,0,0,0,0
735546,34,2,5466,10815,1,0,1
735547,120,0,4897,-8436,1,0,1
735548,293,0,2777,-8143,1,0,1
735549,65535,255,180,10819,0,0,1
735550,65535,255,3030,10398,0,0,0
735551,65535,255,4995,10691,0,0,0
735552,65535,255,5407,-8516,0,0,1
735553,119,0,3578,-8300,1,0,1
735554,224,0,849,-8151,1,0,1
735555,229,0,2182,10218,1,0,1
735556,232,0,4446,10625,1,0,1
735557,65535,255,5850,-8608,0,0,0
735558,65535,255,4276,-8323,0,0,0
735559,65535,255,1845,-8091,0,0,0
735560,353,0,1221,10112,1,0,1
735561,65535,255,3795,10480,0,0,0
735562,65535,255,5477,10802,0,0,0
735563,303,0,4890,-8451,1,0,1
735564,260,0,2772,-8175,1,0,1
735565,65535,255,182,11181,0,0,0
735566,65535,255,3030,10409,0,0,0
735567,124,2,4991,10690,1,0,1
735568,370,0,5415,-8503,1,0,1
735569,65535,255,3595,-8275,0,0,0
735570,65535,255,871,-7993,0,0,0
735571,65535,255,2155,10379,0,0,0
735572,65535,255,4429,10585,0,0,0
735573,153,0,5869,-8633,1,0,1
735574,176,0,4301,-8373,1,0,1
735575,186,0,1877,-8005,1,0,1
735576,65535,255,1188,10049,0,0,0
735577,174,0,3771,10477,1,0,1
735578,65535,255,5460,10816,0,0,0
735579,211,0,4909,-8430,1,0,1
735580,65535,255,2800,-8099,0,0,0
735581,65535,255,150,10509,0,0,0
735582,65535,255,3006,10396,0,0,0
735583,65535,255,4979,10699,0,0,0
735584,65535,255,5431,-8529,0,0,0
735585,65535,255,3612,-8210,0,0,0
735586,65535,255,895,-7810,0,0,0
735587,224,0,2134,10347,1,0,1
735588,0,0,0,0,0,0,0
735589,0,0,0,0,0,0,0
735590,0,0,0,0,0,0,0
735591,120,0,1894,-7938,1,0,1
735592,201,0,1171,10017,1,0,1
735593,170,0,3758,10493,1,0,1
735594,65535,255,5452,10839,0,0,0
735595,397,0,4917,-8438,1,0,1
735596,65535,255,2815,-8212,0,0,0
735597,123,0,133,9805,1,0,1
735598,65535,255,2997,10394,0,0,0
735599,65535,255,4970,10714,0,0,0
735600,65535,255,5434,-8549,0,0,0
735601,173,0,3620,-8269,1,0,1
735602,65535,255,907,-8178,0,0,0
735603,104,0,2129,10302,1,0,1
735604,105,2,4409,10582,1,0,0
735605,65535,255,5868,10896,0,0,0
735606,180,0,4319,-8348,1,0,1
735607,261,0,1899,-8025,1,0,1
735608,151,0,1164,10244,1,0,1
735609,196,0,3756,10517,1,0,0
735610,65535,255,5452,10825,0,0,0
735611,283,0,4917,-8438,1,0,1
735612,214,0,2813,-8171,1,0,1
735613,65535,255,134,11049,0,0,0
735614,65535,255,2997,10458,0,0,0
735615,150,0,4973,10682,1,0,1
735616,65535,255,5432,-8529,0,0,0
735617,65535,255,3616,-8252,0,0,0
735618,109,0,901,-8216,1,0,0
735619,65535,255,2129,10333,0,0,0
735620,183,0,4412,10614,1,0,1
735621,205,0,5868,10909,1,0,1
735622,0,0,0,0,0,0,0
735623,65535,255,1894,-7972,0,0,0
735624,183,0,1171,10074,1,0,1
735625,102,0,3758,10507,1,0,1
735626,261,0,5450,10839,1,0,1
735627,65535,255,4915,-8443,0,0,0
735628,146,0,2810,-8211,1,0,1
735629,106,0,139,9820,1,0,1
735630,391,2,2997,10374,1,0,1
735631,136,0,4970,10704,1,0,1
735632,261,0,5432,-8539,1,0,1
735633,201,0,3616,-8243,1,0,1
735634,230,0,906,-8068,1,0,1
735635,128,0,2129,10318,1,0,1
735636,178,0,4409,10589,1,0,0
735637,312,0,5866,10897,1,0,1
735638,111,0,4316,-8348,1,0,1
735639,172,0,1900,-8024,1,0,1
735640,249,0,1164,10216,1,0,1
735641,322,0,3755,10563,1,0,1
735642,65535,255,5450,10820,0,0,0
735643,254,0,4915,-8432,1,0,1
735644,65535,255,2810,-8223,0,0,0
735645,65535,255,139,10544,0,0,0
735646,207,0,2997,10438,1,0,0
735647,65535,255,4970,10735,0,0,0
735648,65535,255,5427,-8523,0,0,0
735649,65535,255,3612,-8234,0,0,0
735650,65535,255,895,-8142,0,0,1
735651,65535,255,2135,10303,0,0,0
735652,65535,255,4416,10603,0,0,0
735653,194,0,5872,10919,1,0,1
735654,210,0,4305,-8299,1,0,1
735655,65535,255,1883,-7952,0,0,0
735656,177,0,1181,10191,1,0,1
735657,210,0,3766,10469,1,0,1
735658,111,2,5459,10842,1,0,1
735659,65535,255,4906,-8474,0,0,0
735660,65535,255,2791,-8176,0,0,0
735661,153,0,162,10487,1,0,1
735662,65535,255,3016,10482,0,0,0
735663,65535,255,4986,10707,0,0,0
735664,65535,255,5416,-8502,0,0,0
735665,174,0,3591,-8240,1,0,1
735666,169,0,866,-7684,1,0,1
735667,228,0,2164,10298,1,0,1
735668,65535,255,4436,10581,0,0,0
735669,65535,255,5858,-8621,0,0,0
735670,373,2,4284,-8329,1,0,1
735671,65535,255,1856,-8001,0,0,0
735672,65535,255,1204,10166,0,0,0
735673,65535,255,3779,10551,0,0,0
735674,65535,255,5467,10810,0,0,1
735675,65535,255,4900,-8412,0,0,0
735676,65535,255,2791,-8175,0,0,0
735677,289,0,157,9441,1,0,1
735678,177,0,3006,10397,1,0,1
735679,65535,255,4976,10727,0,0,1
735680,65535,255,5428,-8563,0,0,0
735681,161,0,3612,-8191,1,0,1
735682,322,0,901,-7921,1,0,1
735683,119,0,2129,10242,1,0,1
735684,0,0,0,0,0,0,0
735685,143,2,5864,10905,1,0,0
735686,156,0,4323,-8375,1,0,1
735687,216,2,1916,-8146,1,0,1
735688,211,2,1148,10099,1,0,1
735689,65535,255,3739,10553,0,0,0
735690,65535,255,5441,10829,0,0,0
735691,65535,255,4932,-8461,0,0,0
735692,135,2,2833,-8147,1,0,1
735693,65535,255,104,10031,0,0,0
735694,330,0,2968,10456,1,0,1
735695,101,0,4955,10701,1,0,1
735696,0,0,0,0,0,0,0
735697,0,0,0,0,0,0,0
735698,65535,255,948,-8208,0,0,0
735699,65535,255,2087,10406,0,0,0
735700,113,0,4385,10573,1,0,1
735701,282,0,5850,10918,1,0,1
735702,186,0,4348,-8318,1,0,1
735703,239,0,1949,-8063,1,0,1
735704,294,0,1114,10033,1,0,1
735705,184,0,3718,10447,1,0,1
735706,65535,255,5428,10783,0,0,0
735707,65535,255,4947,-8425,0,0,0
735708,65535,255,2862,-8117,0,0,0
735709,65535,255,75,10435,0,0,0
735710,65535,255,2950,10347,0,0,0
735711,65535,255,4940,10743,0,0,0
735712,65535,255,5463,-8548,0,0,0
735713,189,0,3665,-8225,1,0,1
735714,65535,255,965,-7791,0,0,0
735715,190,0,2071,10281,1,0,1
735716,275,0,4370,10642,1,0,1
735717,65535,255,5842,10912,0,0,0
735718,65535,255,4360,-8334,0,0,0
735719,147,2,1966,-8163,1,0,1
735720,65535,255,1097,10302,0,0,0
735721,65535,255,3706,10549,0,0,0
735722,65535,255,5422,10782,0,0,0
735723,65535,255,4956,-8443,0,0,0
735724,65535,255,2871,-8183,0,0,0
735725,85,0,81,6984,1,0,1
735726,315,0,2940,10453,1,0,1
735727,65535,255,4934,10731,0,0,0
735728,65535,255,5465,-8549,0,0,0
735729,65535,255,3668,-8241,0,0,0
735730,148,0,976,-7964,1,0,1
735731,203,0,2061,10390,1,0,1
735732,305,0,4368,10602,1,0,1
735733,65535,255,5840,10899,0,0,0
735734,65535,255,4359,-8327,0,0,0
735735,269,0,1965,-8034,1,0,1
735736,0,0,0,0,0,0,0
735737,65535,255,3707,10469,0,0,0
735738,136,0,5420,10824,1,0,1
735739,186,0,4953,-8421,1,0,1
735740,187,0,2867,-8161,1,0,1
735741,65535,255,78,7349,0,0,0
735742,238,2,2944,10369,1,0,1
735743,177,0,4938,10677,1,0,1
735744,65535,255,5461,-8516,0,0,0
735745,0,0,0,0,0,0,0
735746,268,0,965,-7826,1,0,1
735747,97,0,2071,10375,1,0,1
735748,189,0,4371,10610,1,0,1
735749,65535,255,5843,10909,0,0,0
735750,0,0,0,0,0,0,0
735751,77,2,1955,-8030,1,0,1
735752,65535,255,1108,10212,0,0,1
735753,139,2,3715,10551,1,0,1
735754,65535,255,5426,10802,0,0,0
735755,239,0,4945,-8408,1,0,1
735756,71,0,2857,-8149,1,0,1
735757,65535,255,86,8062,0,0,1
735758,212,0,2955,10349,1,0,1
735759,65535,255,4943,10695,0,0,0
735760,333,1,5454,-8537,1,0,1
735761,65535,255,3653,-8255,0,0,0
735762,65535,255,953,-8137,0,0,0
735763,65535,255,2087,10283,0,0,0
735764,65535,255,4382,10580,0,0,0
735765,65535,255,5850,10898,0,0,0
735766,140,0,4342,-8350,1,0,1
735767,65535,255,1933,-8044,0,0,0
735768,131,0,1125,10273,1,0,1
735769,65535,255,3731,10457,0,0,0
735770,65535,255,5434,10828,0,0,0
735771,228,0,4933,-8445,1,0,1
735772,65535,255,2834,-8080,0,0,0
735773,138,2,107,11596,1,0,1
735774,65535,255,2969,10467,0,0,0
735775,65535,255,4955,10681,0,0,0
735776,192,2,5443,-8530,1,0,1
735777,65535,255,3633,-8253,0,0,0
735778,65535,255,924,-8175,0,0,0
735779,192,0,2108,10316,1,0,1
735780,65535,255,4399,10608,0,0,0
735781,65535,255,5860,10917,0,0,0
735782,117,0,4327,-8341,1,0,1
735783,65535,255,1916,-8145,0,0,0
735784,65535,255,1148,10245,0,0,0
735785,65535,255,3743,10515,0,0,0
735786,65535,255,5442,10829,0,0,0
735787,287,0,4925,-8441,1,0,1
735788,108,0,2824,-8078,1,0,1
735789,65535,255,116,9480,0,0,0
735790,169,0,2975,10426,1,0,1
735791,65535,255,4959,10736,0,0,0
735792,279,0,5443,-8544,1,0,1
735793,192,0,3633,-8220,1,0,1
735794,65535,255,924,-7778,0,0,0
735795,65535,255,2108,10286,0,0,0
735796,65535,255,4395,10645,0,0,0
735797,65535,255,5857,10917,0,0,0
735798,53,0,4331,-8342,1,0,1
735799,116,0,1922,-8024,1,0,1
735800,65535,255,1136,10333,0,0,0
735801,79,0,3735,10553,1,0,1
735802,65535,255,5442,10786,0,0,0
735803,65535,255,4929,-8444,0,0,0
735804,246,2,2834,-8179,1,0,1
735805,65535,255,117,8029,0,0,0
735806,65535,255,2973,10447,0,0,0
735807,82,0,4958,10725,1,0,1
735808,65535,255,5445,-8540,0,0,0
735809,109,0,3637,-8220,1,0,0
735810,65535,255,929,-7816,0,0,0
735811,155,0,2115,10368,1,0,1
735812,132,0,4408,10613,1,0,1
735813,174,0,5871,10901,1,0,1
735814,143,0,4309,-8341,1,0,1
735815,193,0,1878,-7952,1,0,1
735816,65535,255,1199,9998,0,0,0
735817,65535,255,3787,10479,0,0,1
735818,65535,255,5474,10820,0,0,0
735819,0,0,0,0,0,0,0
735820,65535,255,2768,-8219,0,0,0
735821,134,0,194,9054,1,0,1
735822,150,0,3039,10431,1,0,1
735823,156,0,4997,10697,1,0,1
735824,65535,255,5409,-8501,0,0,1
735825,264,0,3586,-8257,1,0,1
735826,65535,255,860,-7876,0,0,0
735827,65535,255,2166,10305,0,0,0
735828,84,0,4435,10643,1,0,1
735829,65535,255,5863,-8606,0,0,0
735830,65535,255,4294,-8318,0,0,0
735831,144,0,1872,-8092,1,0,1
735832,232,0,1198,10136,1,0,1
735833,166,0,3779,10486,1,0,1
735834,65535,255,5466,10809,0,0,0
735835,65535,255,4905,-8463,0,0,0
735836,80,0,2791,-8210,1,0,1
735837,65535,255,166,8862,0,0,0
735838,65535,255,3011,10438,0,0,0
735839,170,0,4982,10711,1,0,1
735840,65535,255,5426,-8523,0,0,0
735841,116,0,3607,-8289,1,0,1
735842,65535,255,889,-8143,0,0,0
735843,110,2,2140,10212,1,0,1
735844,65535,255,4419,10615,0,0,1
735845,157,0,5873,10893,1,0,1
735846,150,0,4312,-8301,1,0,1
735847,65535,255,1894,-8094,0,0,0
735848,264,0,1170,10160,1,0,1
735849,252,0,3759,10507,1,0,1
735850,65535,255,5453,10834,0,0,0
735851,65535,255,4917,-8416,0,0,0
735852,65535,255,2810,-8122,0,0,1
735853,118,0,157,9430,1,0,1
735854,115,0,3011,10434,1,0,1
735855,121,0,4982,10685,1,0,1
735856,65535,255,5426,-8556,0,0,0
735857,65535,255,3603,-8212,0,0,0
735858,212,2,889,-8146,1,0,1
735859,65535,255,2145,10390,0,0,0
735860,166,0,4422,10562,1,0,1
735861,229,0,5871,-8611,1,0,0
735862,65535,255,4305,-8309,0,0,1
735863,205,0,1883,-8044,1,0,1
735864,175,0,1182,10017,1,0,1
735865,65535,255,3767,10560,0,0,0
735866,65535,255,5458,10836,0,0,0
735867,200,0,4905,-8412,1,0,1
735868,129,0,2796,-8079,1,0,1
735869,150,0,156,10492,1,0,1
735870,65535,255,3016,10352,0,0,0
735871,65535,255,4983,10735,0,0,0
735872,155,0,5424,-8564,1,0,1
735873,114,0,3603,-8254,1,0,1
735874,41,0,889,-7922,1,0,1
735875,185,0,2135,10344,1,0,1
735876,65535,255,4415,10574,0,0,0
735877,239,0,5869,10932,1,0,1
735878,65535,255,4316,-8371,0,0,0
735879,65535,255,1900,-8011,0,0,1
735880,65535,255,1159,10069,0,0,0
735881,65535,255,3747,10487,0,0,0
735882,214,0,5445,10839,1,0,1
735883,224,0,4924,-8426,1,0,1
735884,65535,255,2824,-8161,0,0,0
735885,65535,255,123,8477,0,0,0
735886,142,0,2973,10453,1,0,1
735887,100,0,4955,10730,1,0,1
735888,204,0,5429,-8538,1,0,1
735889,58,0,3607,-8227,1,0,1
735890,65535,255,889,-7854,0,0,0
735891,65535,255,2145,10340,0,0,0
735892,189,0,4422,10582,1,0,1
735893,65535,255,5867,-8654,0,0,0
735894,65535,255,4298,-8314,0,0,0
735895,65535,255,1872,-8153,0,0,0
735896,65535,255,1198,10351,0,0,0
735897,65535,255,3783,10463,0,0,0
735898,65535,255,5472,10816,0,0,0
735899,215,0,4888,-8426,1,0,1
735900,65535,255,2768,-8183,0,0,0
735901,67,2,198,9409,1,0,1
735902,149,0,3049,10362,1,0,1
735903,65535,255,5004,10679,0,0,0
735904,263,0,5403,-8543,1,0,1
735905,208,0,3574,-8273,1,0,1
735906,65535,255,842,-8040,0,0,0
735907,65535,255,2177,10388,0,0,0
735908,65535,255,4443,10598,0,0,0
735909,233,0,5856,-8651,1,0,1
735910,344,2,4280,-8304,1,0,1
735911,121,0,1850,-8116,1,0,1
735912,65535,255,1215,10241,0,0,0
735913,140,0,3791,10542,1,0,1
735914,300,0,5475,10784,1,0,1
735915,214,0,4891,-8464,1,0,1
735916,65535,255,2749,-8072,0,0,0
735917,65535,255,209,10400,0,0,0
735918,0,0,0,0,0,0,0
735919,91,0,5006,10730,1,0,1
735920,243,2,5405,-8570,1,0,1
735921,102,0,3574,-8311,1,0,1
735922,65535,255,843,-7768,0,0,0
735923,232,2,2177,10369,1,0,0
735924,193,2,4443,10619,1,0,0
735925,170,2,5857,-8625,1,0,1
735926,65535,255,4287,-8365,0,0,0
735927,111,0,1861,-8173,1,0,0
735928,245,0,1210,10071,1,0,1
735929,65535,255,3787,10530,0,0,0
735930,65535,255,5472,10802,0,0,0
735931,249,2,4896,-8424,1,0,1
735932,65535,255,2782,-8221,0,0,0
735933,199,0,175,10828,1,0,1
735934,65535,255,3027,10404,0,0,0
735935,65535,255,4991,10700,0,0,0
735936,65535,255,5418,-8563,0,0,0
735937,65535,255,3595,-8224,0,0,0
735938,65535,255,871,-8003,0,0,0
735939,65535,255,2155,10292,0,0,0
735940,65535,255,4429,10611,0,0,0
735941,65535,255,5868,-8636,0,0,0
735942,193,0,4301,-8338,1,0,0
735943,0,0,0,0,0,0,0
735944,224,0,1193,10347,1,0,1
735945,290,0,3779,10513,1,0,1
735946,250,0,5468,10811,1,0,1
735947,295,0,4905,-8459,1,0,1
735948,65535,255,2791,-8154,0,0,0
735949,185,0,162,10474,1,0,0
735950,143,2,3021,10333,1,0,1
735951,161,0,4988,10726,1,0,1
735952,223,0,5423,-8529,1,0,1
735953,159,0,3603,-8304,1,0,1
735954,244,0,877,-8044,1,0,1
735955,65535,255,2156,10367,0,0,0
735956,293,0,4432,10567,1,0,1
735957,65535,255,5868,-8627,0,0,0
735958,65535,255,4301,-8351,0,0,0
735959,141,0,1870,-8098,1,0,1
735960,173,0,1198,10319,1,0,1
735961,190,0,3783,10538,1,0,1
735962,94,0,5474,10775,1,0,1
735963,194,2,4899,-8435,1,0,1
735964,65535,255,2781,-8153,0,0,0
735965,204,0,176,11015,1,0,1
735966,65535,255,3030,10408,0,0,0
735967,65535,255,4997,10696,0,0,0
735968,65535,255,5415,-8523,0,0,0
735969,191,0,3588,-8270,1,0,1
735970,174,0,858,-7992,1,0,1
735971,0,0,0,0,0,0,0
735972,65535,255,4442,10633,0,0,0
735973,65535,255,5859,-8620,0,0,0
735974,129,0,4287,-8355,1,0,0
735975,127,0,1850,-7977,1,0,1
735976,65535,255,1221,10046,0,0,0
735977,65535,255,3799,10485,0,0,0
735978,65535,255,5482,10824,0,0,0
735979,218,0,4884,-8427,1,0,0
735980,65535,255,2758,-8161,0,0,1
735981,276,0,213,8980,1,0,1
735982,65535,255,3054,10473,0,0,0
735983,159,0,5010,10719,1,0,1
735984,65535,255,5400,-8532,0,0,0
735985,149,0,3565,-8308,1,0,1
735986,65535,255,820,-7676,0,0,0
735987,65535,255,2203,10299,0,0,0
735988,65535,255,4463,10574,0,0,0
735989,229,0,5843,-8651,1,0,1
735990,381,0,4257,-8317,1,0,1
735991,208,0,1812,-8043,1,0,1
735992,189,0,1260,10053,1,0,1
735993,152,0,3827,10490,1,0,1
735994,205,0,5497,10832,1,0,1
735995,65535,255,4860,-8451,0,0,0
735996,65535,255,2720,-8215,0,0,0
735997,206,0,249,10227,1,0,0
735998,65535,255,3087,10415,0,0,0
735999,197,0,5031,10725,1,0,1
736000,238,0,5380,-8569,1,0,1
736001,233,0,3535,-8287,1,0,1
736002,188,0,795,-8046,1,0,1
736003,150,0,2230,10288,1,0,1
736004,407,0,4477,10570,1,0,1
736005,196,0,5836,-8649,1,0,1
736006,65535,255,4250,-8322,0,0,0
736007,292,0,1801,-7932,1,0,1
736008,0,0,0,0,0,0,0
736009,65535,255,3824,10512,0,0,0
736010,65535,255,5497,10782,0,0,0
736011,65535,255,4864,-8473,0,0,0
736012,65535,255,2730,-8112,0,0,0
736013,65535,255,235,11075,0,0,0
736014,208,0,3068,10475,1,0,1
736015,65535,255,5019,10680,0,0,0
736016,65535,255,5391,-8532,0,0,0
736017,181,0,3552,-8247,1,0,1
736018,65535,255,820,-8122,0,0,0
736019,108,0,2208,10285,1,0,1
736020,321,0,4463,10580,1,0,1
736021,228,0,5843,-8636,1,0,1
736022,0,0,0,0,0,0,0
736023,65535,255,1822,-8098,0,0,0
736024,173,0,1244,10344,1,0,1
736025,65535,255,3811,10488,0,0,0
736026,103,0,5489,10795,1,0,1
736027,65535,255,4876,-8481,0,0,0
736028,65535,255,2744,-8159,0,0,0
736029,144,0,214,9773,1,0,1
736030,65535,255,3058,10413,0,0,0
736031,65535,255,5010,10744,0,0,0
736032,65535,255,5396,-8523,0,0,0
736033,203,0,3561,-8256,1,0,1
736034,179,0,826,-7755,1,0,1
736035,65535,255,2198,10372,0,0,0
736036,203,0,4456,10636,1,0,1
736037,155,0,5846,-8647,1,0,0
736038,65535,255,4269,-8352,0,0,0
736039,0,0,0,0,0,0,0
736040,65535,255,1245,10026,0,0,0
736041,142,0,3807,10527,1,0,1
736042,291,0,5487,10813,1,0,1
736043,65535,255,4876,-8453,0,0,0
736044,340,0,2744,-8125,1,0,1
736045,65535,255,220,9782,0,0,0
736046,65535,255,3059,10433,0,0,0
736047,108,2,5013,10685,1,0,1
736048,65535,255,5397,-8557,0,0,0
736049,139,2,3557,-8204,1,0,1
736050,112,2,819,-8121,1,0,0
736051,156,0,2203,10358,1,0,1
736052,254,0,4460,10643,1,0,1
736053,191,0,5844,-8623,1,0,1
736054,65535,255,4262,-8346,0,0,0
736055,65535,255,1817,-7989,0,0,0
736056,246,0,1249,10347,1,0,1
736057,187,0,3819,10529,1,0,1
736058,131,0,5492,10827,1,0,1
736059,65535,255,4867,-8438,0,0,0
736060,65535,255,2734,-8226,0,0,0
736061,65535,255,240,9259,0,0,0
736062,132,0,3073,10425,1,0,1
736063,267,0,5025,10692,1,0,1
736064,315,0,5385,-8506,1,0,0
736065,65535,255,3543,-8270,0,0,0
736066,92,0,802,-7917,1,0,1
736067,65535,255,2224,10317,0,0,0
736068,65535,255,4476,10652,0,0,0
736069,65535,255,5836,-8618,0,0,0
736070,0,0,0,0,0,0,0
736071,65535,255,1795,-8169,0,0,0
736072,65535,255,1278,10270,0,0,0
736073,65535,255,3839,10524,0,0,0
736074,359,0,5507,10836,1,0,1
736075,165,0,4851,-8431,1,0,1
736076,116,2,2705,-8142,1,0,0
736077,65535,255,268,10711,0,0,0
736078,65535,255,3100,10408,0,0,0
736079,65535,255,5042,10706,0,0,0
736080,65535,255,5371,-8532,0,0,0
736081,142,0,3517,-8215,1,0,1
736082,147,0,761,-7777,1,0,1
736083,150,0,2261,10320,1,0,1
736084,219,0,4500,10569,1,0,1
736085,65535,255,5821,-8632,0,0,0
736086,206,0,4228,-8365,1,0,1
736087,323,0,1767,-7925,1,0,1
736088,65535,255,1300,10323,0,0,0
736089,304,0,3851,10533,1,0,1
736090,144,0,5512,10841,1,0,1
736091,216,0,4848,-8419,1,0,1
736092,65535,255,2705,-8118,0,0,0
736093,65535,255,261,10218,0,0,0
736094,65535,255,3096,10358,0,0,0
736095,65535,255,5034,10720,0,0,0
736096,71,0,5382,-8567,1,0,0
736097,65535,255,3535,-8260,0,0,0
736098,65535,255,790,-7955,0,0,1
736099,78,0,2229,10376,1,0,1
736100,186,0,4476,10590,1,0,1
736101,178,0,5838,-8644,1,0,1
736102,65535,255,4251,-8343,0,0,0
736103,65535,255,1805,-8077,0,0,0
736104,65535,255,1261,10190,0,0,1
736105,65535,255,3827,10522,0,0,0
736106,65535,255,5494,10842,0,0,0
736107,155,0,4867,-8439,1,0,1
736108,65535,255,2734,-8180,0,0,0
736109,139,0,235,9239,1,0,1
736110,65535,255,3068,10466,0,0,0
736111,196,0,5016,10740,1,0,1
736112,65535,255,5394,-8565,0,0,0
736113,184,0,3556,-8271,1,0,1
736114,125,0,820,-8122,1,0,1
736115,65535,255,2203,10227,0,0,0
736116,65535,255,4459,10631,0,0,0
736117,65535,255,5846,-8616,0,0,0
736118,344,0,4268,-8357,1,0,0
736119,124,0,1828,-8007,1,0,1
736120,172,0,1238,10106,1,0,1
736121,65535,255,3807,10504,0,0,0
736122,65535,255,5483,10840,0,0,0
736123,65535,255,4878,-8446,0,0,0
736124,65535,255,2753,-8205,0,0,1
736125,130,0,209,9765,1,0,1
736126,168,0,3050,10371,1,0,1
736127,125,0,5004,10695,1,0,1
736128,188,0,5401,-8533,1,0,1
736129,160,0,3569,-8231,1,0,1
736130,65535,255,842,-7961,0,0,0
736131,65535,255,2185,10302,0,0,1
736132,65535,255,4446,10629,0,0,0
736133,297,0,5853,-8622,1,0,1
736134,94,0,4280,-8386,1,0,1
736135,142,0,1844,-8099,1,0,1
736136,173,0,1221,10294,1,0,1
736137,65535,255,3796,10455,0,0,0
736138,65535,255,5477,10816,0,0,0
736139,133,0,4885,-8426,1,0,1
736140,92,0,2768,-8195,1,0,1
736141,65535,255,191,9903,0,0,0
736142,182,0,3040,10390,1,0,1
736143,156,0,4998,10715,1,0,1
736144,300,0,5408,-8558,1,0,1
736145,167,0,3578,-8291,1,0,1
736146,347,0,849,-7688,1,0,0
736147,223,0,2171,10341,1,0,1
736148,65535,255,4440,10603,0,0,0
736149,65535,255,5856,-8610,0,0,0
736150,65535,255,4284,-8373,0,0,0
736151,102,0,1855,-8100,1,0,1
736152,261,0,1210,10321,1,0,1
736153,65535,255,3791,10478,0,0,0
736154,65535,255,5472,10839,0,0,0
736155,208,2,4891,-8460,1,0,1
736156,186,0,2768,-8093,1,0,1
736157,65535,255,188,11134,0,0,0
736158,92,0,3033,10401,1,0,1
736159,65535,255,4995,10688,0,0,0
736160,65535,255,5410,-8539,0,0,0
736161,60,0,3582,-8266,1,0,1
736162,159,0,857,-7863,1,0,1
736163,156,0,2172,10341,1,0,1
736164,315,0,4439,10609,1,0,1
736165,231,0,5857,-8623,1,0,1
736166,0,0,0,0,0,0,0
736167,150,0,1853,-8080,1,0,1
736168,187,0,1215,10103,1,0,1
736169,65535,255,3787,10533,0,0,0
736170,65535,255,5475,10806,0,0,0
736171,65535,255,4891,-8432,0,0,1
736172,131,0,2772,-8229,1,0,1
736173,148,0,186,10786,1,0,1
736174,65535,255,3035,10463,0,0,0
736175,220,0,4998,10683,1,0,1
736176,65535,255,5410,-8544,0,0,0
736177,65535,255,3582,-8283,0,0,0
736178,65535,255,848,-7765,0,0,0
736179,65535,255,2171,10401,0,0,1
736180,65535,255,4443,10641,0,0,0
736181,65535,255,5857,-8648,0,0,0
736182,67,0,4283,-8346,1,0,1
736183,105,0,1850,-8063,1,0,1
736184,65535,255,1215,10349,0,0,1
736185,186,0,3795,10503,1,0,1
736186,65535,255,5479,10788,0,0,0
736187,65535,255,4887,-8414,0,0,0
736188,121,0,2767,-8217,1,0,1
736189,65535,255,198,10750,0,0,0
736190,27,2,3044,10474,1,0,1
736191,323,0,5003,10694,1,0,1
736192,136,2,5407,-8562,1,0,0
736193,65535,255,3574,-8213,0,0,0
736194,133,0,842,-7999,1,0,1
736195,65535,255,2187,10269,0,0,0
736196,92,2,4449,10598,1,0,0
736197,191,0,5854,-8626,1,0,1
736198,65535,255,4275,-8317,0,0,0
736199,111,0,1839,-8009,1,0,1
736200,197,0,1232,10295,1,0,1
736201,65535,255,3807,10496,0,0,0
736202,65535,255,5487,10790,0,0,0
736203,149,0,4881,-8424,1,0,1
736204,65535,255,2751,-8172,0,0,0
736205,269,0,214,10277,1,0,1
736206,156,0,3058,10372,1,0,1
736207,65535,255,5012,10729,0,0,0
736208,65535,255,5398,-8522,0,0,0
736209,65535,255,3564,-8263,0,0,0
736210,65535,255,825,-7757,0,0,1
736211,112,0,2203,10198,1,0,1
736212,65535,255,4463,10575,0,0,0
736213,65535,255,5845,-8615,0,0,0
736214,65535,255,4265,-8309,0,0,1
736215,88,0,1816,-8006,1,0,1
736216,129,2,1249,10323,1,0,1
736217,158,0,3819,10514,1,0,1
736218,196,0,5494,10810,1,0,1
736219,175,0,4869,-8455,1,0,1
736220,283,0,2734,-8133,1,0,1
736221,65535,255,232,9950,0,0,0
736222,117,0,3073,10457,1,0,1
736223,65535,255,5024,10699,0,0,0
736224,66,2,5388,-8524,1,0,0
736225,303,0,3543,-8235,1,0,1
736226,65535,255,797,-7664,0,0,1
736227,182,0,2226,10331,1,0,1
736228,126,0,4476,10578,1,0,1
736229,107,0,5834,-8624,1,0,1
736230,130,0,4246,-8333,1,0,1
736231,205,0,1789,-7948,1,0,1
736232,83,0,1278,10060,1,0,1
736233,65535,255,3836,10492,0,0,0
736234,235,0,5502,10838,1,0,1
736235,65535,255,4857,-8443,0,0,0
736236,155,0,2720,-8215,1,0,0
736237,134,0,244,9950,1,0,1
736238,65535,255,3082,10375,0,0,0
736239,154,0,5025,10703,1,0,1
736240,65535,255,5385,-8545,0,0,0
736241,182,0,3543,-8253,1,0,1
736242,65535,255,802,-8082,0,0,0
736243,277,2,2219,10243,1,0,1
736244,125,0,4470,10638,1,0,1
736245,65535,255,5839,-8644,0,0,0
736246,200,0,4254,-8315,1,0,1
736247,65535,255,1811,-7933,0,0,0
736248,65535,255,1256,10056,0,0,0
736249,162,0,3819,10513,1,0,1
736250,114,0,5495,10782,1,0,1
736251,227,0,4870,-8473,1,0,1
736252,65535,255,2734,-8112,0,0,0
736253,65535,255,229,10767,0,0,0
736254,65535,255,3064,10475,0,0,0
736255,285,0,5016,10680,1,0,1
736256,65535,255,5394,-8532,0,0,0
736257,65535,255,3552,-8246,0,0,0
736258,65535,255,818,-8126,0,0,0
736259,112,0,2203,10285,1,0,0
736260,230,0,4460,10581,1,0,1
736261,159,0,5844,-8625,1,0,1
736262,156,0,4265,-8364,1,0,1
736263,157,0,1822,-8079,1,0,1
736264,88,0,1238,10321,1,0,1
736265,218,0,3812,10482,1,0,1
736266,143,0,5485,10837,1,0,1
736267,65535,255,4873,-8474,0,0,0
736268,180,0,2744,-8135,1,0,1
736269,65535,255,222,9337,0,0,0
736270,65535,255,3059,10382,0,0,0
736271,185,0,5010,10723,1,0,1
736272,65535,255,5394,-8536,0,0,0
736273,65535,255,3556,-8211,0,0,0
736274,65535,255,825,-7839,0,0,0
736275,85,2,2193,10343,1,0,1
736276,181,0,4453,10580,1,0,1
736277,65535,255,5849,-8642,0,0,0
736278,61,2,4272,-8392,1,0,1
736279,65535,255,1833,-8080,0,0,0
736280,187,0,1227,10186,1,0,1
736281,148,0,3799,10527,1,0,1
736282,65535,255,5480,10775,0,0,0
736283,216,2,4882,-8447,1,0,1
736284,65535,255,2763,-8206,0,0,0
736285,161,0,198,9570,1,0,1
736286,65535,255,3045,10350,0,0,0
736287,65535,255,5001,10678,0,0,0
736288,150,0,5407,-8515,1,0,1
736289,65535,255,3578,-8197,0,0,0
736290,118,0,848,-7766,1,0,1
736291,251,0,2172,10341,1,0,1
736292,134,0,4440,10591,1,0,1
736293,65535,255,5860,-8657,0,0,0
736294,200,0,4287,-8333,1,0,1
736295,65535,255,1856,-7939,0,0,0
736296,167,0,1210,10047,1,0,1
736297,212,0,3787,10494,1,0,1
736298,65535,255,5469,10839,0,0,0
736299,176,0,4893,-8448,1,0,1
736300,149,0,2777,-8229,1,0,0
736301,77,0,179,10260,1,0,1
736302,74,0,3030,10410,1,0,1
736303,184,0,4991,10720,1,0,1
736304,0,0,0,0,0,0,0
736305,65535,255,3590,-8283,0,0,0
736306,190,0,866,-7709,1,0,1
736307,133,0,2161,10326,1,0,1
736308,143,0,4432,10589,1,0,1
736309,124,0,5866,-8666,1,0,0
736310,65535,255,4297,-8354,0,0,0
736311,86,0,1872,-8030,1,0,1
736312,65535,255,1198,10239,0,0,0
736313,139,0,3780,10540,1,0,1
736314,155,0,5469,10814,1,0,1
736315,168,0,4902,-8427,1,0,1
736316,65535,255,2786,-8207,0,0,0
736317,176,0,168,10070,1,0,1
736318,186,0,3025,10410,1,0,1
736319,65535,255,4988,10730,0,0,0
736320,213,0,5420,-8551,1,0,1
736321,118,0,3594,-8207,1,0,1
736322,135,0,871,-7964,1,0,1
736323,65535,255,2161,10221,0,0,0
736324,65535,255,4432,10558,0,0,0
736325,65535,255,5868,-8654,0,0,0
736326,126,0,4297,-8347,1,0,1
736327,184,0,1871,-8047,1,0,1
736328,65535,255,1199,10295,0,0,0
736329,65535,255,3783,10470,0,0,0
736330,65535,255,5469,10834,0,0,0
736331,174,0,4902,-8471,1,0,1
736332,65535,255,2781,-8128,0,0,0
736333,65535,255,176,9125,0,0,0
736334,65535,255,3030,10390,0,0,0
736335,96,0,4994,10726,1,0,1
736336,65535,255,5418,-8542,0,0,0
736337,65535,255,3590,-8215,0,0,0
736338,65535,255,865,-8077,0,0,0
736339,317,0,2166,10282,1,0,1
736340,88,0,4436,10596,1,0,1
736341,288,0,5863,-8618,1,0,1
736342,65535,255,4293,-8353,0,0,0
736343,65535,255,1861,-7940,0,0,0
736344,160,0,1210,10157,1,0,1
736345,65535,255,3789,10488,0,0,0
736346,193,0,5474,10829,1,0,1
736347,65535,255,4896,-8464,0,0,0
736348,0,0,0,0,0,0,0
736349,65535,255,186,9540,0,0,0
736350,65535,255,3039,10412,0,0,0
736351,65535,255,4998,10708,0,0,0
736352,65535,255,5412,-8533,0,0,0
736353,65535,255,3581,-8273,0,0,0
736354,172,0,849,-7765,1,0,1
736355,0,0,0,0,0,0,0
736356,65535,255,4446,10576,0,0,0
736357,65535,255,5856,-8647,0,0,0
736358,65535,255,4283,-8378,0,0,0
736359,65535,255,1844,-8169,0,0,0
736360,210,0,1227,10132,1,0,1
736361,148,0,3801,10494,1,0,1
736362,65535,255,5482,10836,0,0,0
736363,65535,255,4884,-8479,0,0,0
736364,275,0,2753,-8180,1,0,0
736365,267,0,209,10403,1,0,1
736366,161,0,3054,10477,1,0,1
736367,65535,255,5010,10703,0,0,0
736368,65535,255,5399,-8528,0,0,0
736369,65535,255,3561,-8227,0,0,0
736370,166,0,826,-8199,1,0,1
736371,152,0,2198,10375,1,0,1
736372,202,0,4460,10646,1,0,1
736373,65535,255,5844,-8629,0,0,0
736374,166,2,4265,-8389,1,0,0
736375,65535,255,1817,-7950,0,0,0
736376,65535,255,1249,10243,0,0,0
736377,65535,255,3819,10484,0,0,0
736378,296,0,5495,10794,1,0,1
736379,65535,255,4863,-8437,0,0,0
736380,123,0,2730,-8110,1,0,1
736381,65535,255,238,9672,0,0,0
736382,65535,255,3078,10438,0,0,0
736383,65535,255,5025,10690,0,0,0
736384,65535,255,5381,-8542,0,0,0
736385,86,0,3535,-8189,1,0,1
736386,65535,255,796,-7829,0,0,0
736387,65535,255,2225,10407,0,0,0
736388,168,0,4473,10642,1,0,1
736389,65535,255,5832,-8641,0,0,0
736390,142,0,4244,-8325,1,0,1
736391,103,0,1795,-7983,1,0,0
736392,114,0,1272,10192,1,0,1
736393,65535,255,3831,10556,0,0,0
736394,65535,255,5503,10819,0,0,0
736395,65535,255,4852,-8440,0,0,0
736396,132,2,2710,-8070,1,0,0
736397,153,0,256,10739,1,0,1
736398,65535,255,3088,10479,0,0,0
736399,65535,255,5032,10686,0,0,0
736400,198,2,5375,-8545,1,0,1
736401,65535,255,3527,-8283,0,0,0
736402,65535,255,778,-7738,0,0,0
736403,65535,255,2240,10394,0,0,0
736404,185,0,4483,10638,1,0,0
736405,205,0,5825,-8643,1,0,1
736406,65535,255,4232,-8343,0,0,0
736407,65535,255,1778,-8036,0,0,0
736408,65535,255,1289,10299,0,0,0
736409,132,0,3848,10489,1,0,1
736410,101,0,5510,10810,1,0,1
736411,224,0,4840,-8404,1,0,1
736412,65535,255,2695,-8186,0,0,0
736413,65535,255,278,10221,0,0,0
736414,65535,255,3101,10490,0,0,0
736415,65535,255,5038,10720,0,0,1
736416,247,0,5369,-8515,1,0,1
736417,65535,255,3522,-8265,0,0,0
736418,65535,255,772,-7822,0,0,0
736419,172,0,2240,10264,1,0,1
736420,283,0,4483,10606,1,0,1
736421,65535,255,5827,-8639,0,0,0
736422,65535,255,4240,-8358,0,0,0
736423,278,0,1789,-8165,1,0,1
736424,65535,255,1278,10194,0,0,0
736425,65535,255,3836,10487,0,0,0
736426,80,0,5503,10801,1,0,1
736427,65535,255,4857,-8446,0,0,0
736428,194,0,2720,-8141,1,0,1
736429,65535,255,243,10224,0,0,0
736430,58,0,3080,10419,1,0,1
736431,151,2,5022,10728,1,0,1
736432,351,0,5385,-8527,1,0,1
736433,65535,255,3547,-8302,0,0,0
736434,65535,255,807,-8038,0,0,0
736435,65535,255,2214,10362,0,0,0
736436,65535,255,4466,10637,0,0,0
736437,189,0,5841,-8616,1,0,1
736438,65535,255,4261,-8327,0,0,0
736439,0,0,0,0,0,0,0
736440,65535,255,1249,10325,0,0,0
736441,65535,255,3815,10532,0,0,0
736442,65535,255,5489,10835,0,0,0
736443,148,0,4872,-8409,1,0,1
736444,127,0,2744,-8075,1,0,1
736445,153,0,221,9632,1,0,1
736446,160,0,3058,10467,1,0,1
736447,65535,255,5012,10720,0,0,0
736448,65535,255,5398,-8529,0,0,0
736449,102,0,3563,-8280,1,0,1
736450,65535,255,831,-8158,0,0,0
736451,175,0,2192,10405,1,0,1
736452,65535,255,4456,10595,0,0,1
736453,130,0,5852,-8640,1,0,1
736454,155,0,4275,-8376,1,0,1
736455,90,2,1833,-7988,1,0,1
736456,174,0,1227,10368,1,0,1
736457,193,2,3803,10561,1,0,1
736458,65535,255,5484,10787,0,0,0
736459,65535,255,4883,-8444,0,0,0
736460,95,0,2758,-8168,1,0,0
736461,65535,255,199,11077,0,0,0
736462,65535,255,3049,10414,0,0,0
736463,234,0,5006,10697,1,0,1
736464,193,0,5406,-8516,1,0,1
736465,135,0,3578,-8297,1,0,1
736466,65535,255,848,-8156,0,0,0
736467,134,0,2188,10198,1,0,0
736468,65535,255,4446,10606,0,0,0
736469,65535,255,5857,-8657,0,0,0
736470,65535,255,4283,-8309,0,0,0
736471,173,0,1850,-8097,1,0,1
736472,65535,255,1221,10188,0,0,0
736473,97,0,3795,10513,1,0,1
736474,65535,255,5479,10833,0,0,1
736475,65535,255,4887,-8423,0,0,0
736476,118,0,2767,-8135,1,0,1
736477,65535,255,192,10771,0,0,0
736478,84,0,3040,10404,1,0,1
736479,186,0,5000,10702,1,0,1
736480,190,0,5409,-8526,1,0,1
736481,183,0,3577,-8195,1,0,1
736482,289,0,848,-7684,1,0,1
736483,65535,255,2177,10285,0,0,0
736484,65535,255,4443,10650,0,0,0
736485,65535,255,5859,-8620,0,0,0
736486,65535,255,4286,-8364,0,0,0
736487,65535,255,1849,-7972,0,0,0
736488,168,0,1216,10023,1,0,1
736489,65535,255,3795,10474,0,0,0
736490,87,0,5477,10814,1,0,0
736491,108,0,4890,-8407,1,0,1
736492,94,0,2767,-8113,1,0,1
736493,111,0,186,10612,1,0,1
736494,121,0,3040,10404,1,0,1
736495,65535,255,4998,10702,0,0,0
736496,65535,255,5409,-8531,0,0,0
736497,0,0,0,0,0,0,0
736498,0,0,0,0,0,0,0
736499,65535,255,2172,10330,0,0,0
736500,65535,255,4443,10581,0,0,0
736501,65535,255,5857,-8645,0,0,0
736502,65535,255,4283,-8303,0,0,0
736503,150,0,1850,-8114,1,0,1
736504,141,0,1215,10269,1,0,1
736505,130,0,3791,10544,1,0,1
736506,87,0,5477,10791,1,0,1
736507,65535,255,4887,-8467,0,0,0
736508,163,0,2763,-8099,1,0,1
736509,65535,255,191,10080,0,0,0
736510,65535,255,3040,10383,0,0,0
736511,78,2,4998,10697,1,0,1
736512,65535,255,5407,-8531,0,0,0
736513,89,0,3573,-8219,1,0,1
736514,209,0,848,-7840,1,0,1
736515,65535,255,2177,10359,0,0,0
736516,65535,255,4443,10594,0,0,0
736517,65535,255,5855,-8658,0,0,0
736518,65535,255,4279,-8329,0,0,0
736519,97,0,1846,-7982,1,0,1
736520,65535,255,1219,10238,0,0,0
736521,65535,255,3796,10474,0,0,0
736522,65535,255,5478,10824,0,0,0
736523,65535,255,4882,-8422,0,0,0
736524,89,0,2758,-8169,1,0,1
736525,92,0,206,9111,1,0,1
736526,65535,255,3042,10425,0,0,0
736527,280,0,5002,10709,1,0,1
736528,65535,255,5402,-8511,0,0,0
736529,0,0,0,0,0,0,0
736530,0,0,0,0,0,0,0
736531,175,0,2182,10345,1,0,1
736532,65535,255,4450,10595,0,0,0
736533,65535,255,5851,-8661,0,0,0
736534,242,0,4272,-8335,1,0,1
736535,133,0,1833,-7969,1,0,1
736536,171,0,1233,10082,1,0,1
736537,65535,255,3803,10507,0,0,0
736538,70,0,5483,10848,1,0,1
736539,118,0,4878,-8455,1,0,1
736540,65535,255,2749,-8065,0,0,0
736541,65535,255,209,10402,0,0,0
736542,156,0,3054,10416,1,0,1
736543,65535,255,5007,10720,0,0,0
736544,106,0,5396,-8558,1,0,1
736545,235,0,3561,-8277,1,0,1
736546,83,0,831,-8196,1,0,1
736547,65535,255,2198,10288,0,0,0
736548,65535,255,4456,10571,0,0,0
736549,160,0,5846,-8651,1,0,1
736550,146,0,4265,-8326,1,0,1
736551,65535,255,1822,-7949,0,0,0
736552,142,0,1250,10084,1,0,1
736553,94,0,3815,10516,1,0,1
736554,88,0,5490,10781,1,0,1
736555,169,0,4869,-8469,1,0,1
736556,116,0,2739,-8155,1,0,1
736557,99,0,229,9213,1,0,1
736558,65535,255,3069,10346,0,0,0
736559,287,0,5019,10690,1,0,1
736560,65535,255,5391,-8537,0,0,0
736561,123,0,3547,-8250,1,0,1
736562,65535,255,807,-8119,0,0,0
736563,65535,255,2214,10261,0,0,0
736564,101,0,4470,10567,1,0,0
736565,111,0,5839,-8653,1,0,1
736566,65535,255,4254,-8332,0,0,1
736567,92,0,1805,-7983,1,0,1
736568,65535,255,1266,10168,0,0,0
736569,65535,255,3831,10542,0,0,0
736570,65535,255,5502,10806,0,0,0
736571,65535,255,4857,-8417,0,0,0
736572,65535,255,2720,-8175,0,0,0
736573,65535,255,250,9698,0,0,0
736574,65535,255,3087,10390,0,0,0
736575,65535,255,5030,10719,0,0,0
736576,118,0,5382,-8564,1,0,1
736577,66,2,3534,-8279,1,0,1
736578,185,0,784,-7782,1,0,1
736579,65535,255,2235,10380,0,0,0
736580,201,0,4483,10626,1,0,1
736581,65535,255,5828,-8631,0,0,0
736582,54,2,4235,-8308,1,0,1
736583,245,0,1778,-7923,1,0,0
736584,65535,255,1295,10120,0,0,0
736585,65535,255,3847,10537,0,0,0
736586,65535,255,5513,10804,0,0,0
736587,65535,255,4848,-8421,0,0,0
736588,176,0,2705,-8197,1,0,1
736589,65535,255,261,10095,0,0,0
736590,65535,255,3096,10421,0,0,0
736591,126,0,5034,10742,1,0,1
736592,65535,255,5379,-8510,0,0,0
736593,65535,255,3535,-8213,0,0,0
736594,65535,255,796,-7995,0,0,0
736595,89,0,2224,10248,1,0,1
736596,65535,255,4476,10575,0,0,0
736597,65535,255,5838,-8627,0,0,0
736598,65535,255,4257,-8359,0,0,0
736599,65535,255,1811,-8092,0,0,0
736600,143,0,1255,10352,1,0,1
736601,65535,255,3819,10494,0,0,0
736602,65535,255,5494,10786,0,0,0
736603,65535,255,4866,-8421,0,0,0
736604,173,0,2734,-8099,1,0,1
736605,65535,255,232,9658,0,0,0
736606,65535,255,3068,10457,0,0,0
736607,134,0,5015,10709,1,0,1
736608,130,0,5396,-8516,1,0,1
736609,65535,255,3560,-8270,0,0,0
736610,145,0,825,-7919,1,0,0
736611,65535,255,2198,10315,0,0,0
736612,0,0,0,0,0,0,0
736613,158,0,5850,-8626,1,0,1
736614,65535,255,4272,-8309,0,0,0
736615,148,0,1838,-8061,1,0,1
736616,204,0,1228,10078,1,0,1
736617,127,0,3799,10465,1,0,1
736618,65535,255,5480,10795,0,0,0
736619,74,0,4887,-8447,1,0,1
736620,65535,255,2767,-8159,0,0,0
736621,237,0,192,10769,1,0,1
736622,123,0,3040,10382,1,0,1
736623,65535,255,4998,10679,0,0,0
736624,65535,255,5412,-8567,0,0,0
736625,113,0,3586,-8248,1,0,1
736626,65535,255,859,-7845,0,0,0
736627,133,2,2167,10297,1,0,0
736628,0,0,0,0,0,0,0
736629,119,2,5862,-8609,1,0,1
736630,93,0,4294,-8326,1,0,1
736631,126,0,1866,-8134,1,0,1
736632,97,2,1193,10211,1,0,0
736633,65535,255,3775,10509,0,0,0
736634,161,0,5464,10829,1,0,1
736635,143,0,4899,-8410,1,0,1
736636,65535,255,2786,-8094,0,0,0
736637,152,2,162,10061,1,0,0
736638,237,0,3017,10348,1,0,1
736639,65535,255,4982,10694,0,0,0
736640,164,0,5423,-8564,1,0,0
736641,65535,255,3603,-8250,0,0,0
736642,65535,255,882,-7925,0,0,1
736643,65535,255,2140,10355,0,0,0
736644,160,0,4419,10576,1,0,1
736645,65535,255,5871,-8633,0,0,0
736646,65535,255,4309,-8374,0,0,0
736647,65535,255,1888,-8013,0,0,0
736648,204,0,1177,10039,1,0,1
736649,65535,255,3760,10476,0,0,0
736650,184,0,5454,10808,1,0,1
736651,65535,255,4915,-8478,0,0,0
736652,148,0,2805,-8085,1,0,1
736653,153,0,139,10047,1,0,1
736654,86,0,2998,10356,1,0,1
736655,65535,255,4974,10675,0,0,0
736656,65535,255,5431,-8570,0,0,0
736657,101,0,3616,-8285,1,0,1
736658,168,0,906,-8112,1,0,1
736659,74,2,2130,10203,1,0,1
736660,65535,255,4409,10619,0,0,0
736661,65535,255,5867,10905,0,0,0
736662,82,2,4319,-8336,1,0,0
736663,169,0,1902,-8068,1,0,1
736664,65535,255,1159,10381,0,0,0
736665,189,2,3752,10451,1,0,1
736666,261,0,5451,10803,1,0,1
736667,129,0,4920,-8479,1,0,1
736668,65535,255,2815,-8086,0,0,0
736669,0,0,0,0,0,0,0
736670,126,0,2988,10386,1,0,1
736671,65535,255,4968,10695,0,0,0
736672,65535,255,5437,-8528,0,0,0
736673,65535,255,3624,-8210,0,0,0
736674,65535,255,912,-7783,0,0,0
736675,318,2,2119,10324,1,0,1
736676,65535,255,4406,10581,0,0,0
736677,65535,255,5866,10880,0,0,0
736678,65535,255,4324,-8335,0,0,0
736679,310,2,1910,-8118,1,0,1
736680,65535,255,1154,10294,0,0,0
736681,163,0,3747,10538,1,0,1
736682,209,0,5447,10798,1,0,1
736683,65535,255,4926,-8479,0,0,0
736684,65535,255,2819,-8097,0,0,0
736685,146,0,128,9781,1,0,1
736686,149,0,2988,10376,1,0,1
736687,65535,255,4967,10695,0,0,0
736688,144,0,5439,-8533,1,0,1
736689,104,0,3628,-8219,1,0,1
736690,65535,255,917,-7894,0,0,0
736691,65535,255,2119,10385,0,0,0
736692,65535,255,4405,10606,0,0,0
736693,65535,255,5866,10905,0,0,0
736694,65535,255,4326,-8349,0,0,0
736695,65535,255,1910,-7997,0,0,0
736696,65535,255,1154,10092,0,0,1
736697,65535,255,3751,10515,0,0,0
736698,253,0,5453,10775,1,0,1
736699,65535,255,4926,-8457,0,0,0
736700,164,0,2824,-8241,1,0,1
736701,228,0,127,10313,1,0,1
736702,0,0,0,0,0,0,0
736703,65535,255,4970,10718,0,0,0
736704,65535,255,5439,-8551,0,0,0
736705,65535,255,3624,-8268,0,0,0
736706,65535,255,912,-8110,0,0,0
736707,65535,255,2124,10248,0,0,0
736708,233,0,4412,10556,1,0,1
736709,65535,255,5868,10919,0,0,0
736710,131,0,4322,-8315,1,0,1
736711,163,0,1905,-8153,1,0,0
736712,65535,255,1159,10382,0,0,0
736713,164,0,3759,10476,1,0,1
736714,65535,255,5455,10832,0,0,0
736715,65535,255,4919,-8439,0,0,0
736716,108,0,2814,-8218,1,0,1
736717,65535,255,139,10059,0,0,0
736718,65535,255,3002,10399,0,0,0
736719,104,0,4976,10714,1,0,1
736720,65535,255,5433,-8555,0,0,0
736721,65535,255,3616,-8275,0,0,0
736722,124,0,901,-8184,1,0,1
736723,137,0,2135,10295,1,0,1
736724,88,0,4419,10577,1,0,0
736725,65535,255,5873,10890,0,0,0
736726,65535,255,4311,-8333,0,0,0
736727,65535,255,1888,-7977,0,0,0
736728,147,0,1176,10126,1,0,1
736729,201,0,3767,10533,1,0,1
736730,65535,255,5460,10796,0,0,0
736731,65535,255,4910,-8438,0,0,0
736732,65535,255,2800,-8150,0,0,1
736733,248,0,161,8820,1,0,1
736734,65535,255,3012,10348,0,0,0
736735,65535,255,4982,10694,0,0,0
736736,154,0,5426,-8543,1,0,1
736737,65535,255,3603,-8257,0,0,0
736738,152,0,883,-8149,1,0,0
736739,65535,255,2151,10282,0,0,1
736740,216,0,4426,10572,1,0,1
736741,65535,255,5869,-8655,0,0,0
736742,133,0,4301,-8345,1,0,1
736743,65535,255,1871,-8009,0,0,0
736744,160,0,1193,10184,1,0,1
736745,65535,255,3779,10551,0,0,0
736746,255,0,5469,10808,1,0,1
736747,65535,255,4896,-8424,0,0,0
736748,173,0,2781,-8192,1,0,1
736749,65535,255,174,9882,0,0,0
736750,65535,255,3026,10403,0,0,0
736751,309,0,4991,10723,1,0,1
736752,112,0,5414,-8557,1,0,1
736753,236,0,3584,-8249,1,0,1
736754,115,0,859,-7843,1,0,1
736755,97,0,2172,10405,1,0,1
736756,65535,255,4440,10632,0,0,0
736757,183,0,5857,-8636,1,0,1
736758,103,2,4283,-8315,1,0,0
736759,92,0,1844,-7952,1,0,1
736760,290,0,1221,10106,1,0,1
736761,148,0,3796,10538,1,0,1
736762,320,0,5478,10802,1,0,1
736763,65535,255,4881,-8421,0,0,0
736764,151,0,2758,-8202,1,0,0
736765,65535,255,203,10079,0,0,0
736766,295,0,3050,10417,1,0,1
736767,150,0,5004,10737,1,0,0
736768,126,0,5397,-8514,1,0,1
736769,65535,255,3560,-8216,0,0,0
736770,105,0,825,-8036,1,0,1
736771,148,0,2198,10260,1,0,1
736772,322,1,4457,10572,1,0,1
736773,189,0,5844,-8645,1,0,1
736774,65535,255,4262,-8366,0,0,0
736775,65535,255,1817,-8093,0,0,0
736776,184,0,1250,10353,1,0,1
736777,94,0,3820,10495,1,0,1
736778,0,0,0,0,0,0,0
736779,65535,255,4864,-8401,0,0,0
736780,65535,255,2730,-8164,0,0,0
736781,132,0,238,9815,1,0,1
736782,73,0,3078,10410,1,0,1
736783,65535,255,5022,10687,0,0,0
736784,123,0,5386,-8564,1,0,1
736785,132,0,3544,-8223,1,0,1
736786,149,2,803,-7622,1,0,1
736787,140,0,2216,10315,1,0,1
736788,155,0,4467,10587,1,0,1
736789,124,0,5839,-8627,1,0,1
736790,118,0,4254,-8344,1,0,1
736791,99,0,1811,-8146,1,0,1
736792,160,0,1256,10167,1,0,1
736793,267,0,3820,10479,1,0,1
736794,46,0,5493,10801,1,0,1
736795,65535,255,4866,-8446,0,0,1
736796,65535,255,2734,-8153,0,0,1
736797,132,0,227,10525,1,0,1
736798,65535,255,3069,10358,0,0,0
736799,64,0,5016,10740,1,0,1
736800,65535,255,5393,-8541,0,0,0
736801,65535,255,3552,-8190,0,0,0
736802,191,0,819,-8158,1,0,1
736803,65535,255,2204,10407,0,0,0
736804,65535,255,4463,10586,0,0,0
736805,65535,255,5843,-8628,0,0,0
736806,65535,255,4265,-8352,0,0,0
736807,123,2,1820,-8098,1,0,0
736808,129,2,1244,10245,1,0,0
736809,65535,255,3815,10518,0,0,0
736810,65535,255,5490,10827,0,0,0
736811,147,2,4872,-8404,1,0,0
736812,65535,255,2741,-8134,0,0,0
736813,65535,255,222,9488,0,0,1
736814,65535,255,3063,10449,0,0,0
736815,65535,255,5013,10712,0,0,0
736816,82,0,5395,-8527,1,0,1
736817,205,0,3560,-8301,1,0,1
736818,133,0,825,-8116,1,0,1
736819,92,0,2203,10407,1,0,1
736820,65535,255,4460,10591,0,0,0
736821,65535,255,5847,-8641,0,0,0
736822,117,0,4268,-8373,1,0,1
736823,125,0,1822,-7984,1,0,1
736824,132,0,1244,10299,1,0,1
736825,170,0,3811,10564,1,0,1
736826,152,0,5489,10786,1,0,1
736827,65535,255,4874,-8446,0,0,0
736828,297,0,2743,-8164,1,0,1
736829,149,0,223,10981,1,0,1
736830,159,0,3063,10409,1,0,1
736831,65535,255,5015,10696,0,0,0
736832,0,0,0,0,0,0,0
736833,0,0,0,0,0,0,0
736834,107,0,819,-8115,1,0,1
736835,260,0,2203,10408,1,0,1
736836,322,0,4463,10599,1,0,1
736837,65535,255,5847,-8649,0,0,0
736838,65535,255,4264,-8298,0,0,0
736839,65535,255,1822,-8073,0,0,1
736840,65535,255,1250,10140,0,0,0
736841,83,0,3819,10495,1,0,1
736842,65535,255,5492,10819,0,0,0
736843,65535,255,4872,-8407,0,0,0
736844,65535,255,2739,-8096,0,0,0
736845,87,0,226,10236,1,0,1
736846,133,0,3068,10368,1,0,1
736847,65535,255,5019,10680,0,0,0
736848,65535,255,5392,-8502,0,0,0
736849,96,0,3552,-8283,1,0,1
736850,65535,255,813,-8076,0,0,0
736851,121,0,2209,10423,1,0,0
736852,65535,255,4467,10606,0,0,1
736853,172,0,5843,-8656,1,0,1
736854,65535,255,4257,-8310,0,0,0
736855,348,0,1811,-8109,1,0,1
736856,204,0,1255,10221,1,0,1
736857,174,0,3823,10527,1,0,1
736858,251,0,5495,10843,1,0,1
736859,153,0,4866,-8439,1,0,1
736860,65535,255,2729,-8175,0,0,0
736861,144,0,243,8994,1,0,1
736862,231,0,3078,10441,1,0,1
736863,65535,255,5022,10719,0,0,0
736864,278,0,5385,-8544,1,0,1
736865,126,0,3543,-8231,1,0,1
736866,108,0,801,-7868,1,0,1
736867,65535,255,2219,10351,0,0,0
736868,65535,255,4473,10582,0,0,0
736869,90,2,5836,-8642,1,0,1
736870,65535,255,4246,-8295,0,0,0
736871,94,0,1800,-8090,1,0,1
736872,65535,255,1272,10196,0,0,0
736873,65535,255,3832,10520,0,0,0
736874,65535,255,5501,10844,0,0,0
736875,218,0,4854,-8437,1,0,1
736876,133,0,2715,-8185,1,0,1
736877,141,0,258,9324,1,0,1
736878,165,0,3088,10472,1,0,1
736879,65535,255,5028,10737,0,0,0
736880,65535,255,5377,-8562,0,0,0
736881,119,0,3531,-8263,1,0,1
736882,65535,255,784,-8035,0,0,0
736883,103,0,2235,10425,1,0,1
736884,65535,255,4481,10615,0,0,0
736885,185,0,5827,-8606,1,0,1
736886,187,0,4236,-8334,1,0,1
736887,216,0,1778,-7922,1,0,1
736888,65535,255,1284,10405,0,0,0
736889,65535,255,3844,10468,0,0,0
736890,116,0,5508,10814,1,0,1
736891,122,0,4843,-8408,1,0,1
736892,65535,255,2695,-8125,0,0,0
736893,65535,255,274,10706,0,0,0
736894,65535,255,3101,10424,0,0,1
736895,100,2,5038,10718,1,0,1
736896,107,2,5367,-8502,1,0,0
736897,100,0,3518,-8201,1,0,1
736898,282,0,772,-7948,1,0,1
736899,79,0,2246,10253,1,0,1
736900,65535,255,4484,10578,0,0,0
736901,79,0,5825,-8597,1,0,1
736902,68,0,4236,-8368,1,0,1
736903,65535,255,1783,-8107,0,0,0
736904,0,0,0,0,0,0,0
736905,65535,255,3836,10506,0,0,0
736906,65535,255,5503,10795,0,0,0
736907,144,0,4852,-8410,1,0,1
736908,305,0,2715,-8186,1,0,1
736909,131,0,249,10226,1,0,1
736910,65535,255,3083,10442,0,0,0
736911,65535,255,5024,10715,0,0,0
736912,65535,255,5383,-8534,0,0,0
736913,135,0,3539,-8264,1,0,0
736914,65535,255,802,-7662,0,0,0
736915,189,0,2214,10380,1,0,1
736916,65535,255,4467,10632,0,0,0
736917,143,0,5839,-8639,1,0,1
736918,65535,255,4254,-8330,0,0,0
736919,65535,255,1811,-8036,0,0,0
736920,65535,255,1249,10301,0,0,0
736921,78,0,3820,10488,1,0,1
736922,161,0,5490,10812,1,0,1
736923,65535,255,4869,-8401,0,0,0
736924,227,0,2739,-8176,1,0,1
736925,92,0,220,10240,1,0,1
736926,117,0,3059,10450,1,0,1
736927,65535,255,5013,10680,0,0,0
736928,174,0,5396,-8541,1,0,1
736929,65535,255,3560,-8283,0,0,0
736930,127,0,825,-7794,1,0,1
736931,251,0,2197,10251,1,0,1
736932,65535,255,4455,10604,0,0,0
736933,65535,255,5849,-8630,0,0,0
736934,196,0,4272,-8373,1,0,1
736935,65535,255,1833,-7967,0,0,0
736936,108,0,1233,10245,1,0,1
736937,276,0,3804,10470,1,0,1
736938,163,0,5480,10832,1,0,1
736939,312,0,4881,-8414,1,0,1
736940,65535,255,2757,-8188,0,0,0
736941,65535,255,198,10413,0,0,0
736942,65535,255,3045,10469,0,0,0
736943,65535,255,5004,10695,0,0,0
736944,242,0,5406,-8557,1,0,1
736945,65535,255,3577,-8192,0,0,0
736946,65535,255,848,-8034,0,0,0
736947,158,0,2177,10303,1,0,1
736948,157,0,4443,10615,1,0,1
736949,65535,255,5857,-8634,0,0,0
736950,65535,255,4286,-8334,0,0,0
736951,65535,255,1855,-8076,0,0,0
736952,65535,255,1213,10214,0,0,0
736953,65535,255,3791,10531,0,0,0
736954,219,2,5475,10816,1,0,0
736955,176,0,4893,-8454,1,0,1
736956,65535,255,2771,-8133,0,0,1
736957,277,0,186,9719,1,0,0
736958,133,2,3030,10446,1,0,1
736959,65535,255,4995,10687,0,0,0
736960,65535,255,5414,-8558,0,0,0
736961,65535,255,3586,-8201,0,0,0
736962,65535,255,865,-8111,0,0,0
736963,119,0,2166,10346,1,0,1
736964,65535,255,4436,10639,0,0,0
736965,65535,255,5864,-8652,0,0,0
736966,65535,255,4293,-8375,0,0,0
736967,0,0,0,0,0,0,0
736968,177,0,1217,10277,1,0,1
736969,130,0,3792,10534,1,0,1
736970,116,0,5477,10789,1,0,1
736971,263,0,4893,-8447,1,0,1
736972,65535,255,2772,-8171,0,0,0
736973,65535,255,183,11162,0,0,0
736974,65535,255,3030,10412,0,0,0
736975,65535,255,4995,10699,0,0,0
736976,309,0,5414,-8514,1,0,1
736977,65535,255,3594,-8300,0,0,0
736978,122,0,871,-8114,1,0,1
736979,65535,255,2161,10213,0,0,0
736980,65535,255,4433,10603,0,0,0
736981,65535,255,5866,-8653,0,0,0
736982,176,0,4297,-8306,1,0,1
736983,65535,255,1871,-8082,0,0,0
736984,175,0,1193,10183,1,0,1
736985,150,0,3775,10509,1,0,1
736986,156,2,5464,10829,1,0,0
736987,203,0,4905,-8416,1,0,1
736988,65535,255,2790,-8128,0,0,0
736989,57,0,158,10899,1,0,1
736990,65535,255,3012,10399,0,0,1
736991,65535,255,4983,10697,0,0,0
736992,65535,255,5426,-8521,0,0,0
736993,65535,255,3607,-8310,0,0,0
736994,105,0,888,-8142,1,0,1
736995,65535,255,2146,10250,0,0,0
736996,65535,255,4419,10639,0,0,0
736997,65535,255,5873,10915,0,0,0
736998,275,0,4308,-8348,1,0,1
736999,65535,255,1888,-7961,0,0,0
737000,65535,255,1177,9983,0,0,0
737001,65535,255,3763,10469,0,0,0
737002,136,0,5456,10813,1,0,1
737003,150,0,4913,-8481,1,0,1
737004,65535,255,2805,-8107,0,0,0
737005,94,0,140,10767,1,0,1
737006,65535,255,3003,10398,0,0,0
737007,132,0,4974,10702,1,0,1
737008,137,0,5431,-8532,1,0,1
737009,65535,255,3612,-8209,0,0,0
737010,176,0,900,-7817,1,0,1
737011,169,0,2129,10340,1,0,1
737012,182,0,4413,10582,1,0,1
737013,289,0,5870,10881,1,0,1
737014,65535,255,4316,-8309,0,0,0
737015,99,0,1899,-8135,1,0,0
737016,65535,255,1165,10294,0,0,0
737017,104,0,3755,10536,1,0,1
737018,212,0,5453,10799,1,0,1
737019,65535,255,4918,-8478,0,0,0
737020,320,0,2810,-8096,1,0,1
737021,201,0,134,10785,1,0,1
737022,65535,255,2993,10419,0,0,0
737023,65535,255,4968,10718,0,0,0
737024,65535,255,5434,-8547,0,0,0
737025,65535,255,3620,-8251,0,0,0
737026,145,0,906,-8038,1,0,1
737027,327,0,2130,10203,1,0,1
737028,159,0,4409,10632,1,0,1
737029,65535,255,5867,10919,0,0,0
737030,65535,255,4319,-8376,0,0,0
737031,65535,255,1904,-8068,0,0,0
737032,65535,255,1159,10209,0,0,0
737033,135,0,3751,10547,1,0,1
737034,139,0,5451,10794,1,0,1
737035,205,0,4917,-8478,1,0,1
737036,65535,255,2810,-8107,0,0,0
737037,111,0,136,11270,1,0,1
737038,65535,255,2993,10450,0,0,0
737039,65535,255,4971,10740,0,0,0
737040,65535,255,5434,-8575,0,0,0
737041,65535,255,3620,-8301,0,0,0
737042,65535,255,901,-7742,0,0,0
737043,253,0,2130,10325,1,0,1
737044,323,0,4413,10589,1,0,1
737045,65535,255,5869,10898,0,0,0
737046,65535,255,4315,-8347,0,0,0
737047,0,0,0,0,0,0,0
737048,65535,255,1165,10123,0,0,0
737049,166,0,3759,10532,1,0,1
737050,123,0,5456,10790,1,0,1
737051,65535,255,4914,-8477,0,0,0
737052,65535,255,2805,-8117,0,0,0
737053,65535,255,144,11674,0,0,0
737054,159,0,3002,10473,1,0,1
737055,180,0,4977,10671,1,0,1
737056,0,0,0,0,0,0,0
737057,65535,255,3611,-8216,0,0,0
737058,65535,255,894,-7963,0,0,0
737059,135,0,2141,10206,1,0,1
737060,116,0,4419,10641,1,0,1
737061,65535,255,5873,10929,0,0,0
737062,65535,255,4308,-8306,0,0,0
737063,208,0,1888,-8169,1,0,1
737064,256,0,1183,9986,1,0,1
737065,79,0,3771,10502,1,0,1
737066,65535,255,5463,10795,0,0,0
737067,65535,255,4908,-8465,0,0,0
737068,65535,255,2795,-8104,0,0,0
737069,225,0,160,11313,1,0,1
737070,132,0,3016,10474,1,0,1
737071,0,0,0,0,0,0,0
737072,65535,255,5423,-8528,0,0,0
737073,65535,255,3599,-8239,0,0,0
737074,111,2,877,-8074,1,0,1
737075,252,0,2156,10253,1,0,1
737076,77,0,4432,10573,1,0,1
737077,230,0,5868,-8655,1,0,1
737078,114,0,4297,-8344,1,0,1
737079,65535,255,1866,-8009,0,0,0
737080,65535,255,1198,10213,0,0,0
737081,65535,255,3783,10559,0,0,0
737082,65535,255,5472,10818,0,0,0
737083,366,0,4895,-8429,1,0,1
737084,147,0,2777,-8215,1,0,1
737085,65535,255,180,10436,0,0,0
737086,65535,255,3035,10435,0,0,0
737087,238,0,4997,10740,1,0,1
737088,166,0,5412,-8516,1,0,1
737089,65535,255,3581,-8220,0,0,0
737090,164,0,854,-8153,1,0,1
737091,148,0,2177,10301,1,0,1
737092,103,0,4446,10595,1,0,1
737093,164,0,5856,-8609,1,0,1
737094,154,0,4283,-8376,1,0,1
737095,153,0,1844,-8113,1,0,1
737096,65535,255,1222,10380,0,0,0
737097,250,0,3803,10491,1,0,1
737098,65535,255,5484,10802,0,0,0
737099,0,0,0,0,0,0,0
737100,88,0,2753,-8144,1,0,1
737101,272,0,211,9294,1,0,1
737102,65535,255,3054,10376,0,0,0
737103,214,0,5010,10716,1,0,1
737104,65535,255,5398,-8552,0,0,0
737105,146,0,3564,-8285,1,0,1
737106,183,0,825,-7753,1,0,1
737107,139,0,2198,10392,1,0,1
737108,65535,255,4459,10635,0,0,0
737109,65535,255,5845,-8637,0,0,0
737110,149,0,4260,-8325,1,0,1
737111,167,0,1816,-7983,1,0,1
737112,0,0,0,0,0,0,0
737113,65535,255,3820,10543,0,0,0
737114,65535,255,5495,10828,0,0,0
737115,65535,255,4863,-8457,0,0,0
737116,97,0,2724,-8105,1,0,1
737117,300,0,248,9019,1,0,1
737118,79,0,3083,10359,1,0,1
737119,142,0,5025,10708,1,0,1
737120,65535,255,5382,-8510,0,0,0
737121,125,0,3543,-8257,1,0,1
737122,65535,255,802,-7745,0,0,0
737123,170,0,2219,10219,1,0,1
737124,219,0,4470,10587,1,0,1
737125,249,0,5838,-8623,1,0,1
737126,110,0,4253,-8330,1,0,1
737127,145,0,1811,-8074,1,0,1
737128,181,0,1262,10036,1,0,1
737129,139,0,3819,10557,1,0,1
737130,65535,255,5493,10837,0,0,0
737131,63,0,4866,-8401,1,0,1
737132,80,0,2739,-8211,1,0,1
737133,65535,255,229,11106,0,0,0
737134,129,0,3064,10387,1,0,1
737135,65535,255,5013,10744,0,0,0
737136,209,0,5393,-8541,1,0,1
737137,254,0,3554,-8245,1,0,1
737138,73,2,819,-8075,1,0,1
737139,148,0,2198,10349,1,0,1
737140,122,0,4457,10648,1,0,1
737141,155,2,5843,-8608,1,0,1
737142,65535,255,4265,-8298,0,0,0
737143,0,0,0,0,0,0,0
737144,137,0,1239,10379,1,0,1
737145,96,0,3808,10540,1,0,1
737146,65535,255,5483,10831,0,0,0
737147,65535,255,4875,-8413,0,0,0
737148,74,0,2749,-8222,1,0,1
737149,167,0,213,8987,1,0,0
737150,65535,255,3050,10407,0,0,0
737151,260,0,5008,10679,1,0,1
737152,65535,255,5399,-8562,0,0,0
737153,65535,255,3565,-8225,0,0,0
737154,88,0,831,-7675,1,0,1
737155,65535,255,2188,10214,0,0,0
737156,287,0,4450,10590,1,0,1
737157,186,0,5850,-8634,1,0,1
737158,65535,255,4272,-8353,0,0,0
737159,239,0,1839,-8166,1,0,1
737160,65535,255,1227,10218,0,0,0
737161,65535,255,3800,10500,0,0,0
737162,243,0,5480,10812,1,0,1
737163,65535,255,4881,-8465,0,0,0
737164,65535,255,2758,-8189,0,0,0
737165,65535,255,201,11241,0,0,1
737166,65535,255,3045,10396,0,0,0
737167,129,0,5001,10683,1,0,1
737168,65535,255,5404,-8567,0,0,0
737169,144,0,3573,-8243,1,0,1
737170,65535,255,842,-7799,0,0,0
737171,210,0,2182,10273,1,0,1
737172,237,0,4446,10628,1,0,1
737173,65535,255,5853,-8618,0,0,0
737174,110,2,4275,-8307,1,0,1
737175,150,0,1844,-8058,1,0,1
737176,120,0,1222,10080,1,0,1
737177,76,0,3800,10468,1,0,1
737178,119,0,5478,10798,1,0,0
737179,124,0,4884,-8454,1,0,1
737180,163,0,2762,-8178,1,0,1
737181,0,0,0,0,0,0,0
737182,102,0,3045,10406,1,0,1
737183,65535,255,5001,10688,0,0,0
737184,65535,255,5404,-8504,0,0,0
737185,114,0,3573,-8268,1,0,1
737186,149,0,842,-7956,1,0,0
737187,65535,255,2183,10347,0,0,0
737188,132,0,4446,10582,1,0,1
737189,65535,255,5854,-8625,0,0,0
737190,65535,255,4279,-8354,0,0,0
737191,65535,255,1839,-7932,0,0,0
737192,65535,255,1222,10326,0,0,0
737193,105,0,3799,10547,1,0,1
737194,65535,255,5480,10839,0,0,0
737195,118,0,4884,-8436,1,0,1
737196,124,2,2762,-8155,1,0,0
737197,51,0,199,10914,1,0,1
737198,119,2,3049,10397,1,0,1
737199,65535,255,5006,10694,0,0,0
737200,65535,255,5404,-8513,0,0,0
737201,65535,255,3573,-8293,0,0,0
737202,83,0,842,-8114,1,0,1
737203,65535,255,2188,10421,0,0,0
737204,65535,255,4453,10603,0,0,0
737205,142,0,5854,-8650,1,0,1
737206,162,0,4275,-8299,1,0,0
737207,144,0,1838,-8075,1,0,0
737208,65535,255,1232,10165,0,0,0
737209,65535,255,3803,10501,0,0,0
737210,213,0,5485,10827,1,0,1
737211,93,0,4881,-8414,1,0,1
737212,143,0,2753,-8120,1,0,1
737213,164,0,209,10561,1,0,1
737214,176,0,3055,10387,1,0,1
737215,84,0,5012,10690,1,0,1
737216,131,0,5398,-8517,1,0,1
737217,102,0,3563,-8281,1,0,1
737218,0,0,0,0,0,0,0
737219,65535,255,2198,10246,0,0,0
737220,96,0,4456,10629,1,0,1
737221,153,0,5847,-8610,1,0,1
737222,65535,255,4268,-8345,0,0,0
737223,65535,255,1822,-7928,0,0,1
737224,119,0,1244,10381,1,0,1
737225,123,0,3812,10532,1,0,1
737226,102,0,5490,10801,1,0,1
737227,65535,255,4874,-8468,0,0,0
737228,118,0,2739,-8071,1,0,1
737229,91,0,226,9943,1,0,1
737230,65535,255,3069,10358,0,0,0
737231,177,0,5017,10709,1,0,1
737232,65535,255,5392,-8506,0,0,0
737233,221,0,3552,-8291,1,0,1
737234,118,0,813,-8198,1,0,1
737235,113,0,2214,10234,1,0,1
737236,146,0,4467,10631,1,0,1
737237,65535,255,5840,-8613,0,0,0
737238,65535,255,4257,-8350,0,0,0
737239,222,0,1805,-7962,1,0,1
737240,152,0,1262,10036,1,0,0
737241,101,0,3828,10481,1,0,1
737242,217,0,5498,10817,1,0,1
737243,65535,255,4860,-8410,0,0,0
737244,65535,255,2724,-8127,0,0,0
737245,65535,255,245,10768,0,0,0
737246,65535,255,3083,10422,0,0,0
737247,116,0,5025,10720,1,0,0
737248,65535,255,5382,-8548,0,0,0
737249,102,0,3535,-8238,1,0,1
737250,65535,255,789,-7949,0,0,1
737251,65535,255,2230,10381,0,0,0
737252,65535,255,4477,10602,0,0,0
737253,65535,255,5830,-8625,0,0,0
737254,65535,255,4239,-8327,0,0,0
737255,65535,255,1786,-8064,0,0,0
737256,65535,255,1278,10354,0,0,0
737257,134,0,3838,10513,1,0,1
737258,139,0,5506,10809,1,0,1
737259,312,0,4848,-8436,1,0,1
737260,65535,255,2705,-8089,0,0,0
737261,145,0,265,9214,1,0,1
737262,65535,255,3092,10373,0,0,0
737263,138,0,5028,10726,1,0,1
737264,130,0,5377,-8508,1,0,1
737265,260,0,3530,-8228,1,0,1
737266,133,0,790,-8201,1,0,1
737267,65535,255,2230,10352,0,0,0
737268,174,0,4474,10633,1,0,1
737269,65535,255,5832,-8641,0,0,0
737270,155,0,4246,-8342,1,0,1
737271,65535,255,1800,-8071,0,0,0
737272,213,0,1267,10379,1,0,1
737273,93,0,3828,10520,1,0,1
737274,65535,255,5496,10807,0,0,0
737275,96,0,4860,-8432,1,0,1
737276,65535,255,2725,-8080,0,0,0
737277,92,2,242,9123,1,0,0
737278,65535,255,3074,10379,0,0,0
737279,65535,255,5020,10736,0,0,0
737280,130,0,5385,-8519,1,0,1
737281,101,0,3547,-8256,1,0,1
737282,65535,255,807,-7704,0,0,0
737283,65535,255,2209,10409,0,0,0
737284,73,2,4464,10656,1,0,1
737285,123,2,5839,-8614,1,0,1
737286,65535,255,4257,-8384,0,0,0
737287,228,0,1812,-7965,1,0,1
737288,65535,255,1250,10166,0,0,0
737289,65535,255,3816,10464,0,0,0
737290,65535,255,5488,10847,0,0,0
737291,65535,255,4866,-8400,0,0,1
737292,38,2,2739,-8197,1,0,1
737293,65535,255,222,10679,0,0,1
737294,114,0,3064,10347,1,0,1
737295,98,0,5013,10718,1,0,1
737296,178,0,5393,-8506,1,0,1
737297,189,0,3556,-8240,1,0,1
737298,113,0,819,-7668,1,0,1
737299,116,0,2198,10408,1,0,1
737300,142,0,4453,10639,1,0,1
737301,171,0,5846,-8602,1,0,1
737302,0,0,0,0,0,0,0
737303,114,0,1828,-7947,1,0,1
737304,130,0,1239,10245,1,0,1
737305,128,0,3808,10486,1,0,1
737306,150,0,5486,10795,1,0,1
737307,65535,255,4875,-8429,0,0,0
737308,65535,255,2748,-8085,0,0,0
737309,65535,255,217,9318,0,0,0
737310,257,0,3054,10408,1,0,1
737311,65535,255,5008,10715,0,0,1
737312,65535,255,5401,-8551,0,0,0
737313,135,0,3564,-8190,1,0,1
737314,65535,255,836,-8073,0,0,0
737315,65535,255,2193,10334,0,0,0
737316,118,0,4450,10635,1,0,1
737317,65535,255,5850,-8653,0,0,0
737318,84,0,4275,-8379,1,0,1
737319,197,0,1833,-7930,1,0,1
737320,65535,255,1233,10245,0,0,0
737321,65535,255,3804,10493,0,0,0
737322,199,0,5483,10800,1,0,1
737323,234,0,4881,-8441,1,0,1
737324,77,0,2753,-8130,1,0,1
737325,167,0,203,9915,1,0,1
737326,214,0,3049,10459,1,0,1
737327,135,0,5007,10706,1,0,1
737328,126,0,5403,-8508,1,0,1
737329,256,0,3568,-8249,1,0,1
737330,133,0,836,-7793,1,0,0
737331,132,0,2203,10301,1,0,0
737332,150,0,4460,10651,1,0,1
737333,159,0,5847,-8623,1,0,1
737334,65535,255,4268,-8362,0,0,0
737335,65535,255,1827,-7987,0,0,0
737336,102,0,1245,10027,1,0,1
737337,150,0,3811,10474,1,0,1
737338,160,0,5487,10814,1,0,1
737339,212,0,4878,-8422,1,0,1
737340,168,0,2753,-8100,1,0,1
737341,65535,255,209,10389,0,0,0
737342,92,0,3054,10393,1,0,1
737343,108,0,5007,10696,1,0,1
737344,144,0,5404,-8522,1,0,1
737345,91,0,3568,-8194,1,0,1
737346,289,0,837,-7680,1,0,1
737347,65535,255,2188,10285,0,0,0
737348,65535,255,4449,10633,0,0,0
737349,65535,255,5854,-8628,0,0,0
737350,65535,255,4279,-8377,0,0,0
737351,165,0,1844,-8044,1,0,1
737352,65535,255,1221,10159,0,0,0
737353,241,0,3799,10512,1,0,1
737354,333,0,5480,10841,1,0,1
737355,249,0,4886,-8441,1,0,1
737356,65535,255,2767,-8193,0,0,0
737357,146,0,193,9385,1,0,1
737358,65535,255,3043,10379,0,0,0
737359,166,0,5000,10681,1,0,0
737360,159,0,5410,-8534,1,0,1
737361,65535,255,3582,-8298,0,0,0
737362,230,0,854,-8115,1,0,1
737363,65535,255,2172,10418,0,0,0
737364,199,0,4440,10592,1,0,1
737365,65535,255,5861,-8643,0,0,0
737366,286,0,4290,-8379,1,0,1
737367,138,0,1860,-8010,1,0,1
737368,0,0,0,0,0,0,0
737369,65535,255,3787,10456,0,0,0
737370,110,0,5469,10797,1,0,0
737371,63,0,4898,-8459,1,0,1
737372,176,0,2786,-8194,1,0,1
737373,65535,255,173,8721,0,0,0
737374,137,0,3021,10442,1,0,1
737375,189,0,4986,10715,1,0,1
737376,65535,255,5420,-8530,0,0,0
737377,65535,255,3599,-8229,0,0,0
737378,65535,255,881,-8009,0,0,0
737379,65535,255,2151,10236,0,0,1
737380,96,0,4423,10621,1,0,1
737381,141,0,5871,-8662,1,0,1
737382,130,0,4305,-8320,1,0,1
737383,65535,255,1883,-8134,0,0,0
737384,65535,255,1182,10238,0,0,0
737385,65535,255,3768,10525,0,0,0
737386,65535,255,5460,10809,0,0,0
737387,65535,255,4908,-8432,0,0,0
737388,65535,255,2800,-8151,0,0,0
737389,164,0,149,11403,1,0,1
737390,65535,255,3007,10420,0,0,0
737391,65535,255,4977,10703,0,0,0
737392,65535,255,5428,-8526,0,0,0
737393,161,0,3611,-8221,1,0,1
737394,146,0,895,-7705,1,0,1
737395,65535,255,2135,10265,0,0,0
737396,163,0,4413,10645,1,0,1
737397,65535,255,5869,10915,0,0,0
737398,147,0,4312,-8355,1,0,1
737399,268,0,1893,-7961,1,0,1
737400,65535,255,1172,9982,0,0,0
737401,65535,255,3760,10460,0,0,0
737402,65535,255,5454,10809,0,0,0
737403,65535,255,4917,-8478,0,0,0
737404,65535,255,2809,-8085,0,0,0
737405,65535,255,134,10290,0,0,0
737406,65535,255,2998,10377,0,0,0
737407,65535,255,4971,10685,0,0,0
737408,65535,255,5432,-8517,0,0,0
737409,65535,255,3620,-8310,0,0,0
737410,112,0,907,-7672,1,0,1
737411,65535,255,2124,10279,0,0,0
737412,0,0,0,0,0,0,0
737413,111,0,5867,10927,1,0,1
737414,65535,255,4319,-8375,0,0,0
737415,65535,255,1905,-8031,0,0,0
737416,164,0,1159,10123,1,0,1
737417,150,0,3752,10507,1,0,1
737418,158,0,5448,10837,1,0,1
737419,198,0,4920,-8434,1,0,1
737420,111,0,2819,-8175,1,0,1
737421,0,0,0,0,0,0,0
737422,65535,255,2988,10471,0,0,0
737423,65535,255,4968,10729,0,0,0
737424,65535,255,5437,-8570,0,0,0
737425,131,0,3624,-8285,1,0,1
737426,65535,255,912,-8147,0,0,0
737427,105,0,2125,10248,1,0,1
737428,165,0,4405,10645,1,0,1
737429,65535,255,5864,10923,0,0,0
737430,65535,255,4323,-8375,0,0,0
737431,65535,255,1904,-8049,0,0,0
737432,227,2,1159,10152,1,0,1
737433,65535,255,3751,10524,0,0,0
737434,165,0,5451,10780,1,0,1
737435,65535,255,4920,-8456,0,0,0
737436,139,0,2819,-8230,1,0,1
737437,123,0,133,9792,1,0,1
737438,158,0,2992,10377,1,0,1
737439,117,0,4971,10696,1,0,1
737440,65535,255,5436,-8532,0,0,0
737441,65535,255,3620,-8217,0,0,0
737442,65535,255,906,-7891,0,0,0
737443,133,0,2124,10386,1,0,0
737444,168,0,4409,10607,1,0,1
737445,65535,255,5869,10902,0,0,0
737446,65535,255,4319,-8341,0,0,0
737447,124,0,1904,-8013,1,0,1
737448,100,0,1165,10152,1,0,1
737449,158,0,3755,10524,1,0,1
737450,65535,255,5456,10781,0,0,0
737451,65535,255,4920,-8461,0,0,0
737452,65535,255,2809,-8092,0,0,0
737453,67,0,140,10527,1,0,1
737454,145,0,2998,10409,1,0,1
737455,186,0,4973,10714,1,0,1
737456,228,0,5434,-8550,1,0,1
737457,104,0,3615,-8283,1,0,1
737458,159,0,901,-8184,1,0,1
737459,130,0,2135,10280,1,0,1
737460,65535,255,4416,10564,0,0,0
737461,162,0,5872,10909,1,0,1
737462,65535,255,4312,-8313,0,0,0
737463,65535,255,1894,-8169,0,0,0
737464,65535,255,1172,10318,0,0,0
737465,157,0,3767,10478,1,0,1
737466,190,0,5458,10829,1,0,1
737467,97,0,4914,-8438,1,0,1
737468,65535,255,2805,-8206,0,0,0
737469,153,0,151,9836,1,0,1
737470,65535,255,3012,10390,0,0,0
737471,88,0,4982,10710,1,0,1
737472,185,0,5428,-8549,1,0,1
737473,65535,255,3606,-8265,0,0,0
737474,180,0,889,-8149,1,0,1
737475,65535,255,2145,10267,0,0,0
737476,65535,255,4426,10566,0,0,0
737477,65535,255,5873,-8647,0,0,0
737478,65535,255,4304,-8318,0,0,0
737479,251,0,1877,-7922,1,0,1
737480,129,0,1194,10046,1,0,1
737481,65535,255,3775,10503,0,0,1
737482,185,0,5466,10801,1,0,1
737483,158,0,4905,-8464,1,0,1
737484,65535,255,2786,-8091,0,0,0
737485,121,0,170,11047,1,0,1
737486,159,0,3021,10455,1,0,1
737487,123,0,4989,10724,1,0,1
737488,65535,255,5417,-8512,0,0,0
737489,65535,255,3590,-8204,0,0,0
737490,85,0,865,-7920,1,0,1
737491,173,0,2161,10419,1,0,0
737492,119,0,4436,10632,1,0,1
737493,65535,255,5863,-8628,0,0,0
737494,65535,255,4290,-8337,0,0,0
737495,114,2,1860,-8149,1,0,1
737496,65535,255,1211,10270,0,0,0
737497,195,2,3791,10490,1,0,1
737498,245,0,5475,10842,1,0,1
737499,65535,255,4890,-8461,0,0,0
737500,147,0,2767,-8100,1,0,1
737501,65535,255,194,11108,0,0,0
737502,185,0,3040,10467,1,0,1
737503,65535,255,5001,10676,0,0,0
737504,65535,255,5406,-8525,0,0,0
737505,65535,255,3573,-8226,0,0,0
737506,65535,255,842,-8036,0,0,0
737507,65535,255,2188,10244,0,0,0
737508,65535,255,4450,10630,0,0,0
737509,183,0,5852,-8651,1,0,1
737510,166,0,4271,-8333,1,0,1
737511,65535,255,1833,-7986,0,0,0
737512,65535,255,1238,10192,0,0,0
737513,124,0,3808,10556,1,0,1
737514,81,0,5488,10813,1,0,1
737515,65535,255,4872,-8430,0,0,0
737516,229,0,2744,-8210,1,0,1
737517,200,0,221,10237,1,0,1
737518,65535,255,3064,10429,0,0,0
737519,132,0,5013,10739,1,0,1
737520,65535,255,5391,-8517,0,0,0
737521,348,0,3548,-8214,1,0,1
737522,273,0,807,-7994,1,0,1
737523,65535,255,2214,10248,0,0,0
737524,65535,255,4470,10586,0,0,0
737525,65535,255,5906,10909,0,0,0
737526,194,0,4254,-8371,1,0,1
737527,0,0,0,0,0,0,0
737528,149,0,1261,10089,1,0,1
737529,259,0,3820,10550,1,0,0
737530,65535,255,5491,10828,0,0,0
737531,65535,255,4869,-8457,0,0,0
737532,65535,255,2734,-8141,0,0,0
737533,76,0,226,9797,1,0,1
737534,80,0,3064,10429,1,0,1
737535,299,0,5012,10705,1,0,1
737536,65535,255,5396,-8541,0,0,0
737537,65535,255,3560,-8293,0,0,0
737538,65535,255,824,-7874,0,0,0
737539,107,0,2199,10260,1,0,1
737540,65535,255,4454,10591,0,0,0
737541,65535,255,5848,-8620,0,0,1
737542,65535,255,4268,-8319,0,0,0
737543,65535,255,1833,-8022,0,0,1
737544,140,0,1227,10326,1,0,1
737545,65535,255,3800,10508,0,0,0
737546,65535,255,5481,10807,0,0,0
737547,65535,255,4881,-8437,0,0,0
737548,65535,255,2757,-8110,0,0,0
737549,101,0,199,9415,1,0,1
737550,183,0,3045,10417,1,0,1
737551,65535,255,5002,10677,0,0,0
737552,65535,255,5407,-8548,0,0,0
737553,65535,255,3575,-8248,0,0,0
737554,65535,255,847,-7997,0,0,0
737555,65535,255,2177,10316,0,0,0
737556,65535,255,4440,10627,0,0,0
737557,65535,255,5857,-8644,0,0,0
737558,124,0,4286,-8362,1,0,1
737559,179,0,1855,-8148,1,0,0
737560,65535,255,1210,10133,0,0,0
737561,89,0,3788,10459,1,0,1
737562,191,0,5473,10785,1,0,1
737563,143,0,4893,-8416,1,0,1
737564,196,0,2774,-8148,1,0,1
737565,163,0,185,8812,1,0,1
737566,181,0,3031,10394,1,0,1
737567,120,0,4992,10720,1,0,1
737568,65535,255,5414,-8545,0,0,0
737569,65535,255,3588,-8252,0,0,0
737570,65535,255,865,-8072,0,0,0
737571,65535,255,2161,10345,0,0,0
737572,65535,255,4433,10644,0,0,0
737573,65535,255,5864,-8657,0,0,0
737574,109,2,4297,-8390,1,0,1
737575,65535,255,1866,-7972,0,0,0
737576,65535,255,1193,10298,0,0,0
737577,65535,255,3779,10513,0,0,0
737578,65535,255,5467,10814,0,0,0
737579,95,0,4902,-8462,1,0,1
737580,98,2,2786,-8158,1,0,1
737581,58,0,169,10660,1,0,1
737582,65535,255,3022,10341,0,0,0
737583,131,0,4986,10728,1,0,1
737584,136,2,5420,-8526,1,0,1
737585,65535,255,3598,-8288,0,0,0
737586,165,0,876,-7959,1,0,1
737587,65535,255,2151,10314,0,0,0
737588,65535,255,4426,10637,0,0,0
737589,65535,255,5870,-8658,0,0,0
737590,114,0,4304,-8391,1,0,1
737591,65535,255,1877,-7991,0,0,0
737592,65535,255,1188,10354,0,0,0
737593,65535,255,3771,10528,0,0,0
737594,132,0,5464,10827,1,0,1
737595,123,0,4907,-8479,1,0,1
737596,65535,255,2795,-8215,0,0,0
737597,126,0,167,9240,1,0,1
737598,100,0,3016,10403,1,0,1
737599,65535,255,4986,10680,0,0,0
737600,161,0,5425,-8561,1,0,1
737601,223,0,3603,-8221,1,0,1
737602,161,0,883,-7698,1,0,1
737603,253,0,2151,10209,1,0,1
737604,65535,255,4422,10598,0,0,0
737605,65535,255,5871,-8637,0,0,0
737606,94,0,4304,-8364,1,0,1
737607,170,0,1883,-8078,1,0,1
737608,237,0,1182,10242,1,0,1
737609,87,0,3771,10512,1,0,1
737610,155,0,5461,10817,1,0,1
737611,278,0,4908,-8468,1,0,1
737612,65535,255,2800,-8204,0,0,0
737613,65535,255,159,10203,0,0,0
737614,152,0,3012,10402,1,0,1
737615,65535,255,4983,10684,0,0,0
737616,185,2,5425,-8566,1,0,1
737617,65535,255,3602,-8247,0,0,0
737618,90,0,882,-7809,1,0,1
737619,149,0,2146,10269,1,0,1
737620,139,0,4422,10624,1,0,0
737621,65535,255,5873,-8655,0,0,0
737622,237,0,4306,-8353,1,0,0
737623,165,0,1882,-8027,1,0,1
737624,167,0,1184,10014,1,0,1
737625,123,0,3768,10551,1,0,1
737626,112,0,5463,10784,1,0,1
737627,255,0,4907,-8429,1,0,1
737628,65535,255,2794,-8124,0,0,0
737629,88,0,152,10255,1,0,1
737630,139,0,3013,10350,1,0,1
737631,65535,255,4981,10739,0,0,0
737632,65535,255,5424,-8546,0,0,0
737633,65535,255,3602,-8212,0,0,0
737634,65535,255,882,-7691,0,0,0
737635,65535,255,2147,10223,0,0,1
737636,138,0,4421,10611,1,0,1
737637,65535,255,5870,-8649,0,0,0
737638,43,2,4304,-8390,1,0,1
737639,65535,255,1882,-8007,0,0,0
737640,104,0,1183,10066,1,0,1
737641,65535,255,3769,10539,0,0,0
737642,167,2,5463,10784,1,0,0
737643,65535,255,4904,-8439,0,0,0
737644,65535,255,2795,-8146,0,0,0
737645,79,0,159,10878,1,0,1
737646,130,0,3013,10381,1,0,1
737647,65535,255,4984,10674,0,0,0
737648,65535,255,5422,-8565,0,0,0
737649,65535,255,3602,-8253,0,0,0
737650,65535,255,882,-7881,0,0,0
737651,101,0,2146,10313,1,0,1
737652,65535,255,4424,10650,0,0,0
737653,136,0,5868,-8615,1,0,1
737654,65535,255,4300,-8336,0,0,0
737655,65535,255,1876,-8146,0,0,0
737656,119,0,1188,10239,1,0,1
737657,65535,255,3772,10520,0,0,0
737658,65535,255,5463,10828,0,0,0
737659,65535,255,4901,-8412,0,0,0
737660,104,0,2785,-8100,1,0,1
737661,109,0,163,10044,1,0,1
737662,70,0,3022,10352,1,0,1
737663,167,0,4984,10745,1,0,1
737664,65535,255,5420,-8558,0,0,0
737665,186,0,3594,-8236,1,0,1
737666,154,0,870,-7838,1,0,1
737667,122,0,2157,10315,1,0,1
737668,65535,255,4427,10650,0,0,0
737669,80,2,5863,-8618,1,0,1
737670,65535,255,4296,-8348,0,0,0
737671,186,0,1867,-8012,1,0,1
737672,65535,255,1194,10324,0,0,0
737673,127,2,3780,10545,1,0,0
737674,65535,255,5467,10800,0,0,0
737675,165,0,4895,-8437,1,0,1
737676,65535,255,2781,-8166,0,0,0
737677,85,0,178,11356,1,0,1
737678,128,0,3026,10425,1,0,1
737679,236,0,4993,10703,1,0,1
737680,65535,255,5414,-8524,0,0,0
737681,148,0,3585,-8191,1,0,1
737682,65535,255,861,-7857,0,0,0
737683,65535,255,2168,10241,0,0,0
737684,220,0,4437,10627,1,0,1
737685,170,0,5858,-8608,1,0,1
737686,239,0,4286,-8333,1,0,1
737687,152,0,1858,-8087,1,0,1
737688,65535,255,1211,10324,0,0,0
737689,65535,255,3788,10554,0,0,0
737690,154,2,5476,10789,1,0,1
737691,120,0,4889,-8458,1,0,1
737692,154,0,2767,-8209,1,0,1
737693,133,0,194,9378,1,0,1
737694,212,0,3041,10479,1,0,1
737695,65535,255,5008,10745,0,0,0
737696,65535,255,5400,-8569,0,0,0
737697,71,2,3568,-8278,1,0,1
737698,120,0,835,-8113,1,0,1
737699,65535,255,2194,10211,0,0,0
737700,176,0,4450,10625,1,0,1
737701,65535,255,5851,-8609,0,0,0
737702,135,0,4278,-8350,1,0,1
737703,65535,255,1838,-7952,0,0,0
737704,65535,255,1228,10022,0,0,0
737705,65535,255,3800,10481,0,0,0
737706,138,0,5481,10822,1,0,1
737707,193,0,4886,-8422,1,0,1
737708,65535,255,2762,-8157,0,0,0
737709,208,0,204,8754,1,0,1
737710,65535,255,3041,10454,0,0,0
737711,65535,255,5001,10734,0,0,0
737712,65535,255,5408,-8565,0,0,0
737713,0,0,0,0,0,0,0
737714,136,0,853,-8152,1,0,1
737715,161,0,2178,10240,1,0,1
737716,65535,255,4443,10643,0,0,0
737717,227,0,5859,-8625,1,0,1
737718,65535,255,4286,-8378,0,0,0
737719,65535,255,1855,-8062,0,0,0
737720,192,0,1216,10213,1,0,1
737721,166,0,3791,10543,1,0,1
737722,116,0,5477,10794,1,0,1
737723,65535,255,4893,-8474,0,0,0
737724,65535,255,2771,-8103,0,0,0
737725,66,0,187,10784,1,0,1
737726,133,0,3035,10433,1,0,1
737727,110,0,4997,10728,1,0,1
737728,171,0,5414,-8562,1,0,1
737729,277,0,3585,-8298,1,0,1
737730,65535,255,854,-7689,0,0,0
737731,104,2,2172,10313,1,0,1
737732,65535,255,4439,10579,0,0,1
737733,65535,255,5861,-8655,0,0,0
737734,65535,255,4289,-8331,0,0,0
737735,65535,255,1855,-7955,0,0,0
737736,65535,255,1211,10047,0,0,0
737737,72,0,3788,10503,1,0,1
737738,65535,255,5474,10792,0,0,0
737739,191,0,4895,-8458,1,0,1
737740,65535,255,2772,-8080,0,0,0
737741,171,0,180,10622,1,0,1
737742,65535,255,3035,10423,0,0,1
737743,65535,255,4995,10733,0,0,0
737744,153,0,5415,-8572,1,0,1
737745,65535,255,3586,-8306,0,0,0
737746,65535,255,854,-7727,0,0,0
737747,106,0,2172,10343,1,0,1
737748,212,0,4440,10599,1,0,1
737749,179,0,5859,-8615,1,0,1
737750,177,0,4286,-8358,1,0,1
737751,240,0,1855,-8044,1,0,1
737752,219,0,1210,10241,1,0,1
737753,132,0,3788,10541,1,0,1
737754,65535,255,5475,10813,0,0,0
737755,249,0,4890,-8423,1,0,1
737756,175,0,2772,-8192,1,0,1
737757,65535,255,186,9719,0,0,0
737758,65535,255,3036,10392,0,0,0
737759,104,2,4998,10718,1,0,0
737760,65535,255,5409,-8561,0,0,0
737761,65535,255,3582,-8297,0,0,0
737762,184,0,848,-7725,1,0,1
737763,65535,255,2177,10359,0,0,0
737764,65535,255,4443,10612,0,0,0
737765,65535,255,5854,-8619,0,0,0
737766,65535,255,4283,-8390,0,0,0
737767,128,0,1849,-8132,1,0,0
737768,65535,255,1218,10252,0,0,0
737769,65535,255,3795,10498,0,0,0
737770,65535,255,5479,10808,0,0,0
737771,65535,255,4884,-8472,0,0,0
737772,106,0,2758,-8122,1,0,1
737773,0,0,0,0,0,0,0
737774,65535,255,3050,10343,0,0,0
737775,111,0,5004,10697,1,0,1
737776,82,0,5401,-8548,1,0,1
737777,65535,255,3569,-8278,0,0,0
737778,62,0,831,-7678,1,0,1
737779,65535,255,2188,10345,0,0,0
737780,90,2,4453,10614,1,0,1
737781,134,0,5848,-8622,1,0,1
737782,65535,255,4269,-8341,0,0,0
737783,229,0,1833,-8166,1,0,1
737784,65535,255,1239,10056,0,0,0
737785,65535,255,3807,10523,0,0,0
737786,166,0,5485,10794,1,0,1
737787,229,0,4872,-8409,1,0,1
737788,147,0,2743,-8177,1,0,1
737789,65535,255,220,9937,0,0,0
737790,114,0,3059,10407,1,0,1
737791,171,0,5013,10732,1,0,1
737792,132,0,5393,-8509,1,0,1
737793,187,0,3552,-8216,1,0,1
737794,65535,255,813,-8037,0,0,0
737795,65535,255,2209,10260,0,0,0
737796,65535,255,4467,10580,0,0,0
737797,65535,255,5840,-8602,0,0,0
737798,65535,255,6851,11227,0,0,1
737799,65535,255,1811,-8038,0,0,0
737800,132,0,1255,10276,1,0,1
737801,65535,255,3824,10471,0,0,0
737802,203,0,5496,10838,1,0,1
737803,129,0,4863,-8468,1,0,1
737804,146,0,2725,-8130,1,0,1
737805,65535,255,246,9427,0,0,0
737806,65535,255,3083,10380,0,0,0
737807,165,0,5025,10719,1,0,1
737808,166,0,5379,-8501,1,0,1
737809,65535,255,3534,-8214,0,0,0
737810,65535,255,789,-8040,0,0,0
737811,263,0,2236,10265,1,0,1
737812,0,0,0,0,0,0,0
737813,212,0,5831,-8626,1,0,1
737814,157,0,4242,-8337,1,0,1
737815,121,0,1794,-8111,1,0,1
737816,203,0,1273,10092,1,0,1
737817,65535,255,3832,10567,0,0,0
737818,65535,255,5500,10849,0,0,0
737819,117,0,4860,-8412,1,0,1
737820,143,0,2719,-8070,1,0,1
737821,65535,255,247,9299,0,0,0
737822,65535,255,3078,10421,0,0,0
737823,123,2,5023,10686,1,0,1
737824,264,0,5387,-8560,1,0,1
737825,130,0,3547,-8224,1,0,1
737826,197,0,808,-7674,1,0,1
737827,65535,255,2214,10288,0,0,0
737828,188,0,4467,10586,1,0,1
737829,65535,255,5842,-8628,0,0,0
737830,65535,255,4260,-8339,0,0,0
737831,65535,255,1816,-8131,0,0,0
737832,127,0,1250,10142,1,0,1
737833,133,0,3816,10471,1,0,1
737834,195,0,5491,10791,1,0,1
737835,65535,255,4872,-8437,0,0,0
737836,65535,255,2744,-8122,0,0,0
737837,159,0,220,10105,1,0,1
737838,233,0,3059,10480,1,0,1
737839,65535,255,5013,10722,0,0,0
737840,65535,255,5398,-8524,0,0,0
737841,98,0,3564,-8294,1,0,1
737842,198,0,830,-7999,1,0,1
737843,177,0,2193,10334,1,0,1
737844,65535,255,4453,10647,0,0,0
737845,65535,255,5849,-8604,0,0,0
737846,65535,255,4271,-8313,0,0,0
737847,88,0,1838,-8061,1,0,1
737848,65535,255,1233,10058,0,0,0
737849,65535,255,3804,10530,0,0,0
737850,107,0,5485,10785,1,0,1
737851,65535,255,4881,-8427,0,0,0
737852,65535,255,2757,-8112,0,0,0
737853,65535,255,203,10095,0,0,0
737854,0,0,0,0,0,0,0
737855,65535,255,5004,10726,0,0,0
737856,65535,255,5406,-8535,0,0,0
737857,180,0,3575,-8261,1,0,1
737858,142,0,848,-8119,1,0,1
737859,90,0,2182,10392,1,0,1
737860,169,0,4447,10577,1,0,1
737861,114,0,5856,-8622,1,0,1
737862,105,0,4282,-8342,1,0,1
737863,170,0,1849,-8150,1,0,1
737864,142,0,1221,10219,1,0,1
737865,263,0,3796,10499,1,0,1
737866,168,0,5478,10816,1,0,1
737867,175,0,4889,-8473,1,0,1
737868,65535,255,2767,-8214,0,0,0
737869,249,0,196,8903,1,0,1
737870,65535,255,3036,10426,0,0,0
737871,65535,255,4998,10699,0,0,0
737872,282,0,5409,-8511,1,0,1
737873,229,0,3581,-8279,1,0,1
737874,65535,255,853,-8000,0,0,0
737875,215,0,2172,10346,1,0,1
737876,65535,255,4440,10563,0,0,0
737877,65535,255,5859,-8623,0,0,0
737878,252,2,4286,-8342,1,0,1
737879,65535,255,1855,-8166,0,0,0
737880,193,2,1211,10272,1,0,1
737881,127,0,3788,10522,1,0,1
737882,0,0,0,0,0,0,0
737883,65535,255,4890,-8411,0,0,0
737884,65535,255,2772,-8101,0,0,0
737885,65535,255,186,10078,0,0,0
737886,125,0,3036,10343,1,0,1
737887,65535,255,4995,10741,0,0,1
737888,65535,255,5412,-8554,0,0,0
737889,298,0,3581,-8228,1,0,1
737890,66,0,853,-7803,1,0,1
737891,65535,255,2172,10288,0,0,0
737892,65535,255,4437,10639,0,0,0
737893,65535,255,5859,-8610,0,0,0
737894,115,0,4286,-8335,1,0,1
737895,237,0,1855,-8149,1,0,1
737896,65535,255,1210,10273,0,0,0
737897,181,0,3788,10530,1,0,1
737898,155,0,5473,10839,1,0,1
737899,65535,255,4890,-8428,0,0,0
737900,0,0,0,0,0,0,0
737901,99,0,187,10800,1,0,1
737902,145,0,3036,10395,1,0,1
737903,65535,255,4995,10693,0,0,0
737904,65535,255,5409,-8515,0,0,0
737905,171,0,3581,-8295,1,0,1
737906,0,0,0,0,0,0,0
737907,228,0,2178,10199,1,0,1
737908,296,0,4440,10608,1,0,1
737909,65535,255,5857,-8656,0,0,0
737910,65535,255,4282,-8314,0,0,0
737911,0,0,0,0,0,0,0
737912,65535,255,1216,10246,0,0,0
737913,127,0,3792,10531,1,0,1
737914,193,0,5476,10844,1,0,1
737915,65535,255,4887,-8438,0,0,0
737916,65535,255,2767,-8168,0,0,0
737917,114,0,198,8732,1,0,1
737918,65535,255,3041,10437,0,0,0
737919,65535,255,4998,10721,0,0,0
737920,181,0,5406,-8543,1,0,1
737921,164,0,3573,-8226,1,0,1
737922,65535,255,842,-7839,0,0,0
737923,65535,255,2182,10334,0,0,0
737924,128,0,4447,10578,1,0,1
737925,319,0,5852,-8638,1,0,1
737926,174,0,4277,-8359,1,0,1
737927,85,0,1838,-8076,1,0,1
737928,218,0,1227,10192,1,0,1
737929,153,2,3800,10524,1,0,1
737930,161,0,5480,10845,1,0,1
737931,65535,255,4881,-8443,0,0,0
737932,104,0,2757,-8189,1,0,1
737933,148,0,212,9150,1,0,1
737934,72,0,3050,10469,1,0,1
737935,205,0,5007,10739,1,0,1
737936,172,0,5401,-8566,1,0,1
737937,96,0,3564,-8276,1,0,1
737938,105,0,830,-8117,1,0,1
737939,124,0,2199,10217,1,0,1
737940,65,0,4457,10630,1,0,1
737941,65535,255,5847,-8615,0,0,0
737942,65535,255,4268,-8353,0,0,0
737943,83,0,1822,-7984,1,0,1
737944,65535,255,1245,10087,0,0,0
737945,65535,255,3812,10495,0,0,0
737946,65535,255,5488,10833,0,0,0
737947,65535,255,4872,-8429,0,0,1
737948,65535,255,2739,-8176,0,0,0
737949,176,0,229,9224,1,0,1
737950,165,0,3064,10471,1,0,1
737951,65535,255,5016,10746,0,0,0
737952,65535,255,5390,-8501,0,0,0
737953,65535,255,3552,-8300,0,0,0
737954,65535,255,812,-8120,0,0,0
737955,65535,255,2214,10278,0,0,0
737956,65535,255,4467,10657,0,0,0
737957,65535,255,5840,-8635,0,0,0
737958,124,0,4254,-8316,1,0,1
737959,243,0,1805,-8091,1,0,1
737960,103,0,1261,10248,1,0,1
737961,65535,255,3827,10552,0,0,0
737962,178,0,5501,10799,1,0,1
737963,65535,255,4860,-8411,0,0,0
737964,65535,255,2720,-8104,0,0,0
737965,157,0,250,10633,1,0,1
737966,65535,255,3083,10432,0,0,0
737967,85,0,5028,10683,1,0,1
737968,65535,255,5382,-8552,0,0,0
737969,153,0,3538,-8186,1,0,1
737970,169,0,795,-7993,1,0,1
737971,247,0,2225,10294,1,0,1
737972,181,0,4473,10614,1,0,0
737973,65535,255,5838,-8638,0,0,0
737974,65535,255,4253,-8343,0,0,0
737975,207,0,1805,-8091,1,0,1
737976,233,0,1268,10039,1,0,1
737977,237,0,3824,10543,1,0,1
737978,175,0,5498,10826,1,0,1
737979,156,0,4866,-8461,1,0,1
737980,200,0,2729,-8151,1,0,1
737981,65535,255,232,10093,0,0,0
737982,91,0,3069,10461,1,0,1
737983,65535,255,5019,10698,0,0,0
737984,65535,255,5390,-8545,0,0,0
737985,83,0,3551,-8215,1,0,0
737986,65535,255,813,-8159,0,0,1
737987,175,0,2209,10365,1,0,1
737988,125,0,4464,10650,1,0,1
737989,209,0,5842,-8632,1,0,1
737990,65535,255,4263,-8384,0,0,0
737991,276,0,1815,-7927,1,0,1
737992,64,0,1245,10220,1,0,1
737993,75,2,3817,10487,1,0,1
737994,65535,255,5491,10792,0,0,0
737995,65535,255,4870,-8428,0,0,0
737996,65535,255,2743,-8083,0,0,0
737997,102,0,224,9336,1,0,1
737998,17,2,3060,10409,1,0,0
737999,95,2,5012,10710,1,0,1
738000,65535,255,5397,-8550,0,0,0
738001,102,0,3559,-8189,1,0,1
738002,122,0,823,-8072,1,0,1
738003,65535,255,2199,10335,0,0,0
738004,225,0,4455,10642,1,0,1
738005,65535,255,5848,-8657,0,0,0
738006,102,0,4271,-8379,1,0,1
738007,65535,255,1826,-7947,0,0,0
738008,104,0,1234,10245,1,0,1
738009,65535,255,3805,10494,0,0,0
738010,65535,255,5484,10800,0,0,0
738011,65535,255,4877,-8440,0,0,0
738012,100,0,2752,-8120,1,0,1
738013,249,0,210,9765,1,0,1
738014,0,0,0,0,0,0,0
738015,65535,255,5005,10700,0,0,0
738016,95,0,5400,-8503,1,0,1
738017,107,0,3567,-8242,1,0,1
738018,65535,255,836,-7712,0,0,0
738019,65535,255,2189,10215,0,0,0
738020,65535,255,4451,10592,0,0,0
738021,65535,255,5851,-8628,0,0,0
738022,65535,255,4275,-8338,0,0,0
738023,65535,255,1837,-8110,0,0,0
738024,65535,255,1229,10108,0,0,0
738025,65535,255,3799,10480,0,0,0
738026,109,0,5480,10809,1,0,1
738027,180,0,4880,-8419,1,0,1
738028,100,0,2757,-8086,1,0,1
738029,125,0,206,9430,1,0,1
738030,121,0,3046,10437,1,0,1
738031,178,0,5002,10695,1,0,1
738032,283,2,5401,-8541,1,0,1
738033,128,0,3572,-8241,1,0,1
738034,177,0,842,-7717,1,0,1
738035,65535,255,2184,10229,0,0,0
738036,65535,255,4448,10604,0,0,0
738037,194,0,5852,-8637,1,0,1
738038,65535,255,4278,-8358,0,0,0
738039,127,0,1841,-8086,1,0,1
738040,220,0,1222,10218,1,0,1
738041,65535,255,3797,10500,0,0,0
738042,65535,255,5479,10809,0,0,0
738043,130,0,4883,-8463,1,0,1
738044,154,0,2761,-8177,1,0,1
738045,65535,255,200,10902,0,0,0
738046,65535,255,3046,10376,0,0,0
738047,65535,255,4999,10749,0,0,1
738048,221,2,5403,-8551,1,0,1
738049,149,0,3572,-8215,1,0,1
738050,65535,255,843,-7763,0,0,0
738051,232,2,2184,10200,1,0,1
738052,105,0,4447,10598,1,0,1
738053,65535,255,5853,-8636,0,0,0
738054,65535,255,4278,-8365,0,0,0
738055,65535,255,1838,-7930,0,0,0
738056,110,0,1222,10299,1,0,1
738057,65535,255,3796,10524,0,0,1
738058,65535,255,5478,10827,0,0,0
738059,65535,255,4874,-8427,0,0,0
738060,65535,255,2743,-8167,0,0,0
738061,133,0,219,9164,1,0,1
738062,164,0,3058,10395,1,0,1
738063,65535,255,5011,10676,0,0,0
738064,125,0,5398,-8515,1,0,1
738065,122,0,3559,-8192,1,0,1
738066,101,0,830,-7755,1,0,1
738067,147,0,2194,10345,1,0,1
738068,65535,255,4454,10588,0,0,0
738069,65535,255,5849,-8661,0,0,0
738070,65535,255,4271,-8335,0,0,0
738071,65535,255,1832,-7951,0,0,0
738072,65535,255,1234,10080,0,0,0
738073,65535,255,3809,10506,0,0,0
738074,65535,255,5483,10846,0,0,0
738075,199,0,4880,-8455,1,0,1
738076,145,0,2752,-8065,1,0,1
738077,65535,255,210,10394,0,0,0
738078,220,0,3055,10415,1,0,1
738079,65535,255,5008,10725,0,0,0
738080,0,0,0,0,0,0,0
738081,65535,255,3568,-8287,0,0,0
738082,188,0,831,-7636,1,0,1
738083,74,0,2193,10316,1,0,1
738084,65535,255,4454,10588,0,0,0
738085,99,0,5851,-8660,1,0,1
738086,65535,255,4275,-8341,0,0,0
738087,65535,255,1833,-7988,0,0,0
738088,65535,255,1233,10162,0,0,0
738089,123,0,3803,10537,1,0,1
738090,65535,255,5485,10797,0,0,0
738091,181,0,4880,-8406,1,0,1
738092,65535,255,2752,-8146,0,0,0
738093,65535,255,212,9152,0,0,0
738094,132,0,3055,10354,1,0,1
738095,65535,255,5010,10698,0,0,0
738096,65535,255,5403,-8541,0,0,0
738097,163,0,3568,-8263,1,0,1
738098,65535,255,836,-8159,0,0,0
738099,65535,255,2193,10287,0,0,0
738100,229,0,4457,10583,1,0,1
738101,123,0,5849,-8601,1,0,1
738102,248,0,4271,-8356,1,0,1
738103,133,0,1832,-8060,1,0,1
738104,190,0,1238,10272,1,0,1
738105,65535,255,3812,10460,0,0,0
738106,107,0,5488,10830,1,0,1
738107,65535,255,4877,-8449,0,0,0
738108,97,2,2748,-8078,1,0,1
738109,168,0,216,10863,1,0,1
738110,65535,255,3059,10468,0,0,0
738111,146,0,5013,10683,1,0,1
738112,215,0,5397,-8534,1,0,1
738113,65535,255,3559,-8252,0,0,0
738114,128,0,825,-8201,1,0,1
738115,117,0,2204,10318,1,0,1
738116,65535,255,4460,10596,0,0,0
738117,65535,255,5845,-8613,0,0,0
738118,65535,255,4264,-8388,0,0,0
738119,205,0,1822,-8150,1,0,1
738120,189,0,1251,10032,1,0,1
738121,155,0,3816,10523,1,0,1
738122,65535,255,5493,10799,0,0,0
738123,65535,255,4869,-8415,0,0,0
738124,65535,255,2738,-8201,0,0,0
738125,65535,255,232,10236,0,0,0
738126,153,0,3069,10439,1,0,1
738127,97,0,5019,10729,1,0,1
738128,190,0,5390,-8532,1,0,1
738129,65535,255,3547,-8259,0,0,0
738130,183,0,804,-7915,1,0,1
738131,65535,255,2220,10350,0,0,0
738132,65535,255,4470,10623,0,0,0
738133,116,0,5836,-8637,1,0,1
738134,65535,255,4249,-8326,0,0,0
738135,179,0,1800,-8002,1,0,1
738136,151,0,1267,10083,1,0,1
738137,65535,255,3824,10565,0,0,0
738138,180,0,5497,10813,1,0,1
738139,237,0,4863,-8430,1,0,1
738140,65535,255,2729,-8120,0,0,0
738141,65535,255,232,10235,0,0,0
738142,65535,255,3074,10347,0,0,0
738143,107,0,5019,10739,1,0,0
738144,209,0,5390,-8547,1,0,1
738145,191,0,3547,-8208,1,0,1
738146,65535,255,814,-7629,0,0,0
738147,65535,255,2209,10231,0,0,0
738148,65535,255,4464,10611,0,0,0
738149,65535,255,5843,-8650,0,0,0
738150,102,0,4264,-8388,1,0,1
738151,156,0,1822,-8022,1,0,1
738152,103,0,1245,10032,1,0,0
738153,117,0,3810,10491,1,0,1
738154,65535,255,5488,10790,0,0,0
738155,65535,255,4875,-8448,0,0,0
738156,65535,255,2748,-8167,0,0,0
738157,73,0,217,11006,1,0,1
738158,65535,255,3055,10397,0,0,0
738159,65535,255,5010,10689,0,0,0
738160,65535,255,5396,-8505,0,0,0
738161,65535,255,3564,-8279,0,0,0
738162,145,0,830,-7997,1,0,0
738163,203,0,2193,10363,1,0,1
738164,151,0,4454,10578,1,0,1
738165,133,0,5850,-8631,1,0,1
738166,65535,255,4272,-8368,0,0,0
738167,65535,255,1833,-7970,0,0,0
738168,224,0,1228,10381,1,0,1
738169,65535,255,3800,10563,0,0,0
738170,65535,255,5481,10788,0,0,0
738171,65535,255,4881,-8449,0,0,0
738172,138,2,2758,-8169,1,0,0
738173,170,2,201,11243,1,0,1
738174,98,0,3045,10425,1,0,1
738175,65535,255,5004,10703,0,0,0
738176,313,0,5402,-8521,1,0,1
738177,149,0,3572,-8269,1,0,1
738178,160,0,843,-8196,1,0,0
738179,133,0,2182,10226,1,0,1
738180,131,0,4446,10619,1,0,1
738181,65535,255,5855,-8663,0,0,0
738182,65535,255,4280,-8316,0,0,0
738183,65535,255,1845,-8115,0,0,0
738184,65535,255,1221,10216,0,0,0
738185,65535,255,3795,10521,0,0,0
738186,65535,255,5477,10837,0,0,0
738187,253,0,4885,-8423,1,0,1
738188,163,0,2763,-8135,1,0,1
738189,65535,255,192,10774,0,0,1
738190,108,0,3040,10404,1,0,1
738191,65535,255,5000,10697,0,0,0
738192,142,0,5407,-8521,1,0,1
738193,65535,255,3576,-8270,0,0,1
738194,65535,255,847,-8094,0,0,0
738195,133,0,2182,10242,1,0,1
738196,163,0,4442,10631,1,0,1
738197,91,0,5855,-8611,1,0,1
738198,65535,255,4284,-8336,0,0,0
738199,65535,255,1848,-8073,0,0,0
738200,234,0,1215,10356,1,0,1
738201,65535,255,3795,10560,0,0,0
738202,113,0,5479,10796,1,0,1
738203,168,2,4887,-8462,1,0,1
738204,144,0,2768,-8225,1,0,1
738205,101,0,197,9575,1,0,1
738206,264,2,3043,10377,1,0,1
738207,65535,255,5000,10746,0,0,0
738208,65535,255,5410,-8570,0,0,0
738209,65535,255,3578,-8270,0,0,0
738210,151,0,848,-8076,1,0,1
738211,220,0,2179,10284,1,0,1
738212,65535,255,4446,10613,0,0,0
738213,65535,255,5857,-8642,0,0,0
738214,105,0,4283,-8329,1,0,1
738215,65535,255,1847,-8072,0,0,0
738216,65535,255,1221,10352,0,0,0
738217,65535,255,3796,10499,0,0,0
738218,65535,255,5479,10801,0,0,0
738219,65535,255,4888,-8477,0,0,0
738220,65535,255,2763,-8089,0,0,0
738221,229,0,197,10245,1,0,1
738222,65535,255,3044,10383,0,0,0
738223,101,2,5006,10697,1,0,1
738224,74,0,5404,-8530,1,0,1
738225,184,0,3574,-8210,1,0,1
738226,143,0,843,-7799,1,0,1
738227,149,0,2186,10331,1,0,1
738228,65535,255,4449,10576,0,0,0
738229,110,0,5855,-8644,1,0,1
738230,65535,255,4276,-8301,0,0,0
738231,239,0,1839,-8111,1,0,1
738232,94,0,1226,10270,1,0,1
738233,180,0,3803,10554,1,0,1
738234,142,0,5484,10798,1,0,1
738235,65535,255,4881,-8476,0,0,0
738236,65535,255,2754,-8088,0,0,0
738237,65535,255,208,10402,0,0,0
738238,65535,255,3053,10406,0,0,0
738239,65535,255,5009,10710,0,0,0
738240,130,0,5401,-8544,1,0,1
738241,65535,255,3565,-8243,0,0,0
738242,154,0,831,-7994,1,0,1
738243,133,0,2197,10365,1,0,1
738244,117,0,4455,10622,1,0,1
738245,65535,255,5846,-8615,0,0,0
738246,97,0,4269,-8360,1,0,1
738247,135,0,1823,-8021,1,0,1
738248,136,0,1243,10165,1,0,1
738249,143,0,3815,10525,1,0,1
738250,65535,255,5492,10786,0,0,0
738251,126,0,4873,-8464,1,0,1
738252,80,2,2735,-8084,1,0,1
738253,65535,255,226,10525,0,0,0
738254,65535,255,3067,10419,0,0,0
738255,121,0,5018,10723,1,0,1
738256,65535,255,5391,-8556,0,0,0
738257,65535,255,3548,-8275,0,0,0
738258,69,0,808,-8200,1,0,1
738259,65535,255,2213,10262,0,0,0
738260,169,0,4466,10649,1,0,1
738261,65535,255,5839,-8644,0,0,1
738262,65535,255,4251,-8309,0,0,0
738263,103,0,1806,-8139,1,0,1
738264,65535,255,1266,10312,0,0,0
738265,65535,255,3831,10488,0,0,0
738266,65535,255,5500,10834,0,0,0
738267,65535,255,4858,-8445,0,0,0
738268,39,2,2718,-8142,1,0,1
738269,65535,255,250,10233,0,0,0
738270,65535,255,3088,10412,0,0,0
738271,109,0,5029,10727,1,0,1
738272,65535,255,5377,-8524,0,0,0
738273,146,0,3530,-8298,1,0,1
738274,107,0,778,-7696,1,0,1
738275,65535,255,2236,10339,0,0,0
738276,249,0,4480,10621,1,0,1
738277,195,0,5829,-8632,1,0,1
738278,86,0,4239,-8322,1,0,1
738279,65535,255,1789,-7998,0,0,0
738280,162,0,1272,10250,1,0,1
738281,65535,255,3832,10467,0,0,0
738282,166,2,5499,10844,1,0,1
738283,65535,255,4857,-8472,0,0,0
738284,65535,255,2720,-8152,0,0,0
738285,133,0,244,9832,1,0,1
738286,65535,255,3078,10422,0,0,0
738287,232,0,5020,10747,1,0,1
738288,140,0,5385,-8530,1,0,1
738289,100,0,3547,-8265,1,0,1
738290,65535,255,807,-7707,0,0,0
738291,143,0,2209,10395,1,0,1
738292,65535,255,4464,10650,0,0,0
738293,121,2,5841,-8652,1,0,1
738294,131,2,4261,-8359,1,0,1
738295,91,0,1817,-8129,1,0,1
738296,279,0,1251,10035,1,0,1
738297,159,0,3812,10542,1,0,1
738298,151,0,5488,10819,1,0,1
738299,65535,255,4872,-8452,0,0,0
738300,65535,255,2743,-8120,0,0,0
738301,124,0,216,9480,1,0,1
738302,143,0,3055,10409,1,0,0
738303,65535,255,5007,10745,0,0,0
738304,65535,255,5398,-8532,0,0,0
738305,188,0,3565,-8276,1,0,1
738306,247,0,830,-7796,1,0,1
738307,65535,255,2193,10217,0,0,0
738308,65535,255,4450,10579,0,0,0
738309,65535,255,5849,-8612,0,0,0
738310,65535,255,4271,-8299,0,0,0
738311,163,0,1838,-7969,1,0,1
738312,129,0,1227,10273,1,0,0
738313,65535,255,3800,10485,0,0,0
738314,211,0,5480,10790,1,0,1
738315,65535,255,4884,-8421,0,0,0
738316,65535,255,2759,-8126,0,0,0
738317,134,0,201,9302,1,0,0
738318,65535,255,3040,10376,0,0,0
738319,80,0,4998,10727,1,0,1
738320,65535,255,5406,-8505,0,0,0
738321,78,0,3577,-8218,1,0,1
738322,65535,255,853,-8075,0,0,0
738323,65535,255,2172,10288,0,0,0
738324,65535,255,4440,10602,0,0,0
738325,65535,255,5859,-8618,0,0,0
738326,252,0,4287,-8341,1,0,1
738327,146,0,1861,-7937,1,0,1
738328,204,0,1204,10162,1,0,1
738329,0,0,0,0,0,0,0
738330,65535,255,5470,10830,0,0,0
738331,65535,255,4899,-8456,0,0,0
738332,65535,255,2781,-8124,0,0,1
738333,65535,255,171,9108,0,0,0
738334,159,0,3021,10394,1,0,1
738335,146,0,4986,10735,1,0,1
738336,168,0,5419,-8518,1,0,1
738337,157,0,3598,-8246,1,0,0
738338,168,0,882,-8177,1,0,1
738339,65535,255,2151,10360,0,0,1
738340,152,0,4423,10637,1,0,1
738341,238,0,5870,-8642,1,0,1
738342,90,2,4304,-8350,1,0,1
738343,65535,255,1882,-8080,0,0,0
738344,170,0,1179,10217,1,0,1
738345,65535,255,3767,10520,0,0,0
738346,134,2,5459,10808,1,0,1
738347,65535,255,4911,-8436,0,0,0
738348,65535,255,2800,-8082,0,0,0
738349,65535,255,157,8581,0,0,0
738350,65535,255,3007,10381,0,0,0
738351,68,0,4976,10733,1,0,1
738352,65535,255,5431,-8519,0,0,0
738353,138,2,3615,-8248,1,0,1
738354,65535,255,900,-7701,0,0,0
738355,65535,255,2131,10403,0,0,0
738356,65535,255,4410,10637,0,0,0
738357,120,0,5870,10896,1,0,1
738358,133,0,4318,-8372,1,0,1
738359,65535,255,1904,-8166,0,0,0
738360,177,0,1161,10124,1,0,1
738361,65535,255,3754,10487,0,0,0
738362,65535,255,5452,10839,0,0,0
738363,65535,255,4921,-8474,0,0,0
738364,0,0,0,0,0,0,0
738365,0,0,0,0,0,0,0
738366,0,0,0,0,0,0,0
738367,0,0,0,0,0,0,0
738368,0,0,0,0,0,0,0
738369,0,0,0,0,0,0,0
738370,0,0,0,0,0,0,0
738371,0,0,0,0,0,0,0
738372,0,0,0,0,0,0,0
738373,86,2,5863,10895,1,0,1
738374,0,0,0,0,0,0,0
738375,0,0,0,0,0,0,0
738376,108,0,1143,10179,1,0,1
738377,165,2,3744,10469,1,0,0
738378,0,0,0,0,0,0,0
738379,0,0,0,0,0,0,0
738380,0,0,0,0,0,0,0
738381,0,0,0,0,0,0,0
738382,0,0,0,0,0,0,0
738383,0,0,0,0,0,0,0
738384,69,0,5444,-8535,1,0,1
738385,0,0,0,0,0,0,0
738386,0,0,0,0,0,0,0
738387,0,0,0,0,0,0,0
738388,0,0,0,0,0,0,0
738389,0,0,0,0,0,0,0
738390,0,0,0,0,0,0,0
738391,0,0,0,0,0,0,0
738392,0,0,0,0,0,0,0
738393,0,0,0,0,0,0,0
738394,0,0,0,0,0,0,0
738395,0,0,0,0,0,0,0
738396,0,0,0,0,0,0,0
738397,294,0,111,8204,1,0,1
738398,123,0,2970,10408,1,0,1
738399,65535,255,4954,10674,0,0,0
738400,142,0,5449,-8551,1,0,1
738401,65535,255,3640,-8201,0,0,0
738402,65535,255,940,-8105,0,0,0
738403,65535,255,2094,10370,0,0,0
738404,40,2,4390,10556,1,0,1
738405,65535,255,5854,10906,0,0,0
738406,77,2,4336,-8307,1,0,0
738407,78,2,1931,-8030,1,0,1
738408,65535,255,1127,10414,0,0,0
738409,65535,255,3728,10539,0,0,0
738410,65535,255,5435,10832,0,0,0
738411,65535,255,4937,-8483,0,0,0
738412,65535,255,2842,-8217,0,0,0
738413,231,0,111,7541,1,0,1
738414,170,0,2965,10408,1,0,1
738415,180,0,4951,10679,1,0,1
738416,65535,255,5449,-8561,0,0,0
738417,65535,255,3644,-8227,0,0,0
738418,65535,255,941,-7715,0,0,0
738419,65535,255,2094,10216,0,0,0
738420,159,0,4387,10594,1,0,1
738421,65535,255,5851,10935,0,0,0
738422,228,0,4340,-8354,1,0,1
738423,124,0,1937,-8167,1,0,0
738424,174,0,1126,10236,1,0,1
738425,154,0,3728,10507,1,0,1
738426,136,0,5435,10818,1,0,1
738427,0,0,0,0,0,0,0
738428,65535,255,2842,-8207,0,0,0
738429,65535,255,110,7533,0,0,0
738430,65535,255,2965,10408,0,0,0
738431,65535,255,4954,10691,0,0,0
738432,77,0,5450,-8574,1,0,1
738433,65535,255,3643,-8258,0,0,0
738434,128,0,940,-7893,1,0,1
738435,65535,255,2094,10309,0,0,0
738436,90,0,4390,10646,1,0,1
738437,65535,255,5856,10907,0,0,0
738438,65535,255,4336,-8320,0,0,0
738439,95,0,1931,-8115,1,0,1
738440,228,0,1132,10150,1,0,1
738441,223,0,3736,10493,1,0,1
738442,65535,255,5438,10819,0,0,0
738443,200,0,4934,-8438,1,0,0
738444,65535,255,2841,-8195,0,0,0
738445,185,0,102,8708,1,0,1
738446,149,0,2965,10346,1,0,1
738447,106,0,4950,10680,1,0,1
738448,197,0,5454,-8514,1,0,1
738449,65535,255,3656,-8308,0,0,0
738450,65535,255,958,-7757,0,0,0
738451,65535,255,2077,10308,0,0,0
738452,123,0,4375,10579,1,0,1
738453,65535,255,5845,10883,0,0,0
738454,227,0,4355,-8310,1,0,1
738455,203,0,1965,-8152,1,0,1
738456,65535,255,1092,10389,0,0,0
738457,129,0,3708,10473,1,0,1
738458,65535,255,5420,10824,0,0,0
738459,145,0,4958,-8427,1,0,1
738460,153,0,2880,-8179,1,0,1
738461,191,0,58,7630,1,0,1
738462,65535,255,2931,10352,0,0,0
738463,65535,255,4929,10692,0,0,0
738464,169,2,5475,-8532,1,0,1
738465,65535,255,3684,-8231,0,0,0
738466,65535,255,998,-7973,0,0,0
738467,65535,255,2046,10211,0,0,0
738468,114,0,4350,10641,1,0,1
738469,65535,255,5831,10922,0,0,0
738470,289,0,4382,-8393,1,0,1
738471,65535,255,1996,-8137,0,0,0
738472,65535,255,1058,10377,0,0,0
738473,65535,255,3683,10486,0,0,0
738474,65535,255,5407,10768,0,0,0
738475,65535,255,4979,-8452,0,0,1
738476,111,0,2908,-8245,1,0,1
738477,211,0,23,14358,1,0,1
738478,65535,255,2903,10445,0,0,0
738479,65535,255,4929,10666,0,0,0
738480,65535,255,5475,-8533,0,0,0
738481,93,0,3680,-8276,1,0,1
738482,65535,255,987,-7807,0,0,0
738483,65535,255,2057,10191,0,0,0
738484,65535,255,4364,10565,0,0,0
738485,65535,255,5840,10902,0,0,0
738486,203,0,4368,-8390,1,0,1
738487,140,0,1973,-8107,1,0,1
738488,193,0,1092,10171,1,0,1
738489,113,0,3707,10460,1,0,1
738490,202,0,5426,10772,1,0,1
738491,113,2,4956,-8491,1,0,0
738492,65535,255,2870,-8203,0,0,0
738493,166,2,73,11861,1,0,0
738494,94,0,2950,10339,1,0,1
738495,161,0,4940,10718,1,0,1
738496,65535,255,5462,-8570,0,0,0
738497,71,0,3660,-8249,1,0,1
738498,65535,255,959,-7729,0,0,0
738499,65535,255,2080,10282,0,0,0
738500,65535,255,4382,10570,0,0,0
738501,222,0,5850,10906,1,0,1
738502,142,0,4348,-8362,1,0,1
738503,65535,255,1943,-8003,0,0,0
738504,181,0,1120,10324,1,0,1
738505,154,0,3727,10512,1,0,1
738506,153,0,5436,10809,1,0,1
738507,257,0,4937,-8449,1,0,1
738508,159,0,2842,-8134,1,0,0
738509,103,0,105,9723,1,0,1
738510,153,0,2969,10459,1,0,1
738511,65535,255,4959,10700,0,0,0
738512,283,0,5447,-8573,1,0,1
738513,204,0,3636,-8237,1,0,1
738514,65535,255,923,-7715,0,0,0
738515,65535,255,2115,10201,0,0,0
738516,65535,255,4403,10580,0,0,0
738517,148,0,5864,10922,1,0,1
738518,221,0,4323,-8336,1,0,1
738519,123,0,1910,-8103,1,0,1
738520,218,0,1160,10095,1,0,1
738521,173,0,3756,10460,1,0,1
