sdate,line_t,line_tmq,line_tvza,line_tvaa,line_tm2,line_QFDNB,line_tm_buf
735235,211,0,2047,9947,1,0,1
735236,65535,255,4211,9655,0,0,0
735237,207,0,5309,-6851,1,0,1
735238,263,0,3792,-7208,1,0,0
735239,253,0,1556,-7524,1,0,1
735240,147,0,1180,9961,1,0,1
735241,227,2,3582,9806,1,0,1
735242,65535,255,5255,9408,0,0,0
735243,65535,255,4367,-7132,0,0,0
735244,65535,255,2375,-7395,0,0,0
735245,65535,255,271,10179,0,0,0
735246,282,0,2870,9883,1,0,1
735247,65535,255,4778,9531,0,0,0
735248,65535,255,4862,-6995,0,0,0
735249,65535,255,3119,-7323,0,0,0
735250,65535,255,644,-7751,0,0,0
735251,65535,255,2069,10059,0,0,0
735252,259,0,4225,9613,1,0,1
735253,65535,255,5304,-6891,0,0,0
735254,65535,255,3784,-7153,0,0,0
735255,65535,255,1554,-7562,0,0,0
735256,65535,255,1180,10187,0,0,0
735257,220,0,3581,9739,1,0,1
735258,144,0,5251,9445,1,0,0
735259,311,0,4370,-7067,1,0,1
735260,65535,255,2390,-7459,0,0,0
735261,218,0,249,10714,1,0,1
735262,65535,255,2851,9918,0,0,0
735263,137,0,4762,9547,1,0,0
735264,65535,255,4880,-7002,0,0,0
735265,65535,255,3146,-7328,0,0,0
735266,65535,255,685,-7402,0,0,0
735267,65535,255,2032,9997,0,0,0
735268,65535,255,4197,9686,0,0,0
735269,65535,255,5320,-6871,0,0,0
735270,65535,255,3812,-7250,0,0,0
735271,65535,255,1589,-7663,0,0,0
735272,65535,255,1146,10193,0,0,0
735273,158,2,3552,9743,1,0,1
735274,231,0,5231,9455,1,0,1
735275,196,0,4391,-7087,1,0,1
735276,65535,255,2420,-7520,0,0,0
735277,65535,255,223,9281,0,0,0
735278,475,2,2823,9823,3,0,0
735279,65535,255,4739,9592,0,0,0
735280,65535,255,4895,-6965,0,0,0
735281,65535,255,3168,-7276,0,0,0
735282,65535,255,720,-7916,0,0,0
735283,65535,255,2005,9952,0,0,0
735284,218,0,4175,9670,1,0,1
735285,65535,255,5331,-6868,0,0,0
735286,65535,255,3833,-7253,0,0,0
735287,65535,255,1614,-7566,0,0,0
735288,65535,255,1118,10258,0,0,0
735289,0,0,0,0,0,0,0
735290,65535,255,5217,9468,0,0,0
735291,377,0,4407,-7102,1,0,1
735292,65535,255,2441,-7373,0,0,0
735293,65535,255,194,9148,0,0,0
735294,171,0,2795,9804,1,0,1
735295,65535,255,4720,9579,0,0,0
735296,65535,255,4908,-6944,0,0,0
735297,209,0,3191,-7256,1,0,1
735298,175,0,748,-7639,1,0,1
735299,0,0,0,0,0,0,0
735300,65535,255,4154,9678,0,0,0
735301,65535,255,5343,-6825,0,0,0
735302,65535,255,3849,-7180,0,0,0
735303,65535,255,1639,-7472,0,0,0
735304,65535,255,1090,9900,0,0,0
735305,65535,255,3505,9794,0,0,0
735306,65535,255,5201,9456,0,0,0
735307,65535,255,4421,-7035,0,0,0
735308,341,0,2469,-7408,1,0,1
735309,375,0,156,10591,1,0,1
735310,65535,255,2771,9908,0,0,0
735311,65535,255,4704,9553,0,0,0
735312,184,0,4920,-6930,1,0,1
735313,229,2,3213,-7349,1,0,1
735314,172,0,772,-7677,1,0,1
735315,201,0,1952,9915,1,0,1
735316,65535,255,4139,9649,0,0,0
735317,65535,255,5356,-6855,0,0,0
735318,65535,255,3865,-7238,0,0,0
735319,65535,255,1667,-7667,0,0,0
735320,65535,255,1061,10241,0,0,0
735321,65535,255,3492,9779,0,0,0
735322,65535,255,5189,9481,0,0,0
735323,65535,255,4435,-7039,0,0,0
735324,65535,255,2484,-7431,0,0,0
735325,65535,255,142,11568,0,0,0
735326,65535,255,2754,9929,0,0,0
735327,65535,255,4694,9596,0,0,0
735328,230,0,4932,-6982,1,0,1
735329,65535,255,3227,-7333,0,0,0
735330,148,2,789,-7550,1,0,1
735331,65535,255,1936,10129,0,0,0
735332,233,2,4128,9650,1,0,1
735333,65535,255,5361,-6867,0,0,0
735334,221,0,3873,-7152,1,0,1
735335,202,0,1677,-7469,1,0,0
735336,65535,255,1055,10022,0,0,0
735337,129,0,3484,9729,1,0,1
735338,256,0,5186,9467,1,0,1
735339,282,0,4441,-7037,1,0,1
735340,65535,255,2494,-7455,0,0,0
735341,65535,255,138,8698,0,0,0
735342,336,0,2748,9878,1,0,1
735343,289,0,4694,9556,1,0,1
735344,65535,255,4934,-6959,0,0,0
735345,65535,255,3231,-7303,0,0,0
735346,65535,255,795,-7548,0,0,0
735347,65535,255,1935,9903,0,0,0
735348,224,0,4128,9672,1,0,1
735349,309,0,5363,-6819,1,0,1
735350,65535,255,3877,-7205,0,0,1
735351,0,0,0,0,0,0,0
735352,65535,255,1055,9942,0,0,0
735353,65535,255,3483,9843,0,0,0
735354,65535,255,5188,9462,0,0,0
735355,161,0,4441,-7038,1,0,1
735356,65535,255,2499,-7493,0,0,0
735357,134,0,133,9667,1,0,1
735358,65535,255,2752,9946,0,0,0
735359,277,0,4693,9604,1,0,1
735360,65535,255,5998,9253,0,0,0
735361,358,0,3227,-7276,1,0,1
735362,65535,255,789,-7467,0,0,0
735363,65535,255,1941,9893,0,0,0
735364,65535,255,4131,9694,0,0,0
735365,65535,255,5623,9312,0,0,0
735366,65535,255,6633,8996,0,0,0
735367,266,0,1672,-7548,1,0,1
735368,411,0,1061,10275,1,0,1
735369,197,0,3487,9833,1,0,1
735370,0,0,0,0,0,0,0
735371,65535,255,6337,9112,0,0,0
735372,65535,255,-32768,-32768,0,65535,0
735373,65535,255,149,9315,0,0,0
735374,65535,255,2761,9900,0,0,0
735375,65535,255,4703,9590,0,0,0
735376,295,0,6002,9256,1,0,1
735377,65535,255,6902,8911,0,0,0
735378,65535,255,-32768,-32768,0,65535,0
735379,65535,255,1957,10026,0,0,0
735380,265,0,4146,9656,1,0,1
735381,65535,255,5628,9366,0,0,0
735382,0,0,0,0,0,0,0
735383,65535,255,-32768,-32768,0,65535,0
735384,65535,255,-32768,-32768,0,65535,1
735385,65535,255,3504,9753,0,0,0
735386,65535,255,5202,9433,0,0,0
735387,65535,255,6343,9091,0,0,0
735388,65535,255,-32768,-32768,0,65535,0
735389,65535,255,-32768,-32768,0,65535,0
735390,65535,255,2780,9908,0,0,0
735391,65535,255,4718,9548,0,0,0
735392,65535,255,6014,9212,0,0,0
735393,0,0,0,0,0,0,0
735394,65535,255,-32768,-32768,0,65535,0
735395,65535,255,-32768,-32768,0,65535,1
735396,141,2,4164,9626,1,0,1
735397,312,0,5641,9357,1,0,1
735398,167,0,6646,8991,1,0,1
735399,65535,255,-32768,-32768,0,65535,1
735400,65535,255,-32768,-32768,0,65535,1
735401,65535,255,-32768,-32768,0,65535,1
735402,280,0,5217,9460,1,0,1
735403,160,0,6353,9116,1,0,1
735404,0,0,0,0,0,0,0
735405,65535,255,-32768,-32768,0,65535,1
735406,65535,255,-32768,-32768,0,65535,1
735407,218,0,4733,9589,1,0,1
735408,165,0,6025,9204,1,0,1
735409,0,0,0,0,0,0,0
735410,65535,255,-32768,-32768,0,65535,1
735411,65535,255,-32768,-32768,0,65535,1
735412,181,0,4182,9656,1,0,1
735413,65535,255,5655,9312,0,0,0
735414,65535,255,6655,9014,0,0,1
735415,65535,255,-32768,-32768,0,65535,1
735416,65535,255,-32768,-32768,0,65535,1
735417,122,0,3552,9745,1,0,1
735418,65535,255,5235,9445,0,0,0
735419,207,0,6364,9112,1,0,1
735420,65535,255,-32768,-32768,0,65535,1
735421,65535,255,-32768,-32768,0,65535,0
735422,65535,255,2842,9888,0,0,0
735423,65535,255,4756,9520,0,0,0
735424,301,0,6037,9228,1,0,1
735425,65535,255,6926,8884,0,0,0
735426,65535,255,-32768,-32768,0,65535,0
735427,241,0,2048,9871,1,0,1
735428,65535,255,4208,9624,0,0,0
735429,163,0,5670,9328,1,0,1
735430,65535,255,6667,9004,0,0,1
735431,65535,255,-32768,-32768,0,65535,1
735432,65535,255,1180,10133,0,0,0
735433,246,0,3577,9813,1,0,1
735434,157,0,5249,9411,1,0,1
735435,257,0,6373,9087,1,0,1
735436,65535,255,-32768,-32768,0,0,1
735437,214,0,259,9161,1,0,1
735438,65535,255,2851,9942,0,0,0
735439,320,0,4759,9549,1,0,0
735440,181,0,6039,9239,1,0,1
735441,65535,255,6926,8865,0,0,1
735442,312,0,679,-7841,1,0,1
735443,184,0,2038,9872,1,0,1
735444,65535,255,4197,9619,0,0,0
735445,330,0,5662,9359,1,0,1
735446,334,0,3805,-7148,1,0,1
735447,346,0,1579,-7665,1,0,1
735448,273,0,1152,10137,1,0,1
735449,127,0,3556,9711,1,0,1
735450,151,0,5235,9425,1,0,1
735451,184,0,4385,-7042,1,0,1
735452,441,0,2410,-7401,1,0,1
735453,65535,255,226,10036,0,0,0
735454,65535,255,2828,9857,0,0,0
735455,65535,255,4744,9548,0,0,0
735456,393,0,4887,-6965,1,0,1
735457,65535,255,3160,-7256,0,0,0
735458,298,0,708,-7735,1,0,1
735459,332,0,2011,10114,1,0,1
735460,65535,255,4182,9622,0,0,0
735461,244,0,5327,-6824,1,0,1
735462,344,0,3820,-7168,1,0,1
735463,419,0,1601,-7435,1,0,1
735464,182,0,1129,10288,1,0,1
735465,214,0,3539,9773,1,0,1
735466,65535,255,5223,9469,0,0,0
735467,468,0,4398,-7109,1,0,1
735468,147,0,2430,-7334,1,0,1
735469,312,0,209,9547,1,0,1
735470,65535,255,2813,9838,0,0,0
735471,65535,255,4733,9563,0,0,0
735472,65535,255,4901,-6973,0,0,0
735473,65535,255,3178,-7292,0,0,0
735474,311,0,726,-7840,1,0,1
735475,65535,255,1995,9972,0,0,0
735476,65535,255,4171,9679,0,0,0
735477,65535,255,5336,-6874,0,0,0
735478,65535,255,3832,-7135,0,0,0
735479,0,0,0,0,0,0,0
735480,367,0,1112,10293,1,0,1
735481,402,0,3530,9784,1,0,1
735482,224,0,5216,9481,1,0,1
735483,227,0,4407,-7031,1,0,1
735484,255,0,2444,-7410,1,0,1
735485,307,2,191,10698,1,0,1
735486,65535,255,2799,9940,0,0,0
735487,246,0,4729,9568,1,0,1
735488,195,2,4907,-6949,1,0,1
735489,65535,255,3186,-7262,0,0,0
735490,354,0,738,-7908,1,0,1
735491,422,0,1989,9973,1,0,1
735492,244,0,4167,9687,1,0,0
735493,336,0,5339,-6815,1,0,1
735494,65535,255,3840,-7173,0,0,0
735495,275,0,1627,-7514,1,0,0
735496,184,0,1107,10023,1,0,1
735497,65535,255,3526,9725,0,0,1
735498,65535,255,5216,9456,0,0,0
735499,287,0,4411,-7112,1,0,1
735500,206,0,2449,-7384,1,0,1
735501,282,0,185,10720,1,0,1
735502,284,0,2799,9952,1,0,1
735503,65535,255,4726,9586,0,0,0
735504,65535,255,4907,-6977,0,0,0
735505,65535,255,3187,-7329,0,0,0
735506,65535,255,737,-7594,0,0,0
735507,65535,255,1990,9877,0,0,0
735508,65535,255,4168,9660,0,0,0
735509,65535,255,5342,-6877,0,0,0
735510,65535,255,3840,-7172,0,0,0
735511,65535,255,1622,-7534,0,0,0
735512,65535,255,1112,10113,0,0,0
735513,65535,255,3526,9768,0,0,0
735514,65535,255,5217,9437,0,0,0
735515,65535,255,4407,-7062,0,0,0
735516,65535,255,2443,-7472,0,0,0
735517,65535,255,191,10005,0,0,0
735518,65535,255,2799,9929,0,0,1
735519,65535,255,4729,9586,0,0,0
735520,65535,255,4904,-6987,0,0,0
735521,65535,255,3182,-7358,0,0,0
735522,214,0,731,-7819,1,0,0
735523,65535,255,1995,9989,0,0,0
735524,187,0,4171,9650,1,0,1
735525,304,0,5334,-6859,1,0,1
735526,330,0,3828,-7158,1,0,1
735527,65535,255,1611,-7535,0,0,0
735528,65535,255,1124,10201,0,0,0
735529,65535,255,3534,9810,0,0,0
735530,65535,255,5223,9444,0,0,0
735531,65535,255,4401,-7126,0,0,0
735532,65535,255,2430,-7476,0,0,0
735533,65535,255,208,9868,0,0,0
735534,65535,255,2814,9950,0,0,0
735535,65535,255,4740,9519,0,0,0
735536,65535,255,4892,-6935,0,0,0
735537,65535,255,3165,-7293,0,0,0
735538,65535,255,708,-7640,0,0,0
735539,295,0,2016,9971,1,0,1
735540,65535,255,4186,9623,0,0,0
735541,65535,255,5323,-6876,0,0,0
735542,65535,255,3813,-7199,0,0,0
735543,65535,255,1584,-7392,0,0,0
735544,65535,255,1146,10082,0,0,0
735545,283,0,3552,9790,1,0,1
735546,65535,255,5235,9447,0,0,0
735547,65535,255,4378,-7048,0,0,0
735548,248,2,2400,-7348,1,0,1
735549,288,0,241,10662,1,0,1
735550,112,0,2842,9901,1,0,1
735551,213,0,4756,9516,1,0,1
735552,65535,255,4872,-6955,0,0,0
735553,65535,255,3137,-7355,0,0,0
735554,201,0,668,-7298,1,0,1
735555,65535,255,2048,9921,0,0,0
735556,65535,255,4211,9626,0,0,0
735557,65535,255,5303,-6858,0,0,0
735558,65535,255,3785,-7204,0,0,0
735559,65535,255,1552,-7372,0,0,0
735560,65535,255,1175,10050,0,0,0
735561,65535,255,3573,9778,0,0,0
735562,65535,255,5243,9440,0,0,0
735563,350,0,4371,-7126,1,0,1
735564,218,0,2396,-7494,1,0,1
735565,367,0,249,10457,1,0,1
735566,199,0,2842,9836,1,0,1
735567,182,0,4753,9563,1,0,1
735568,65535,255,4878,-6987,0,0,0
735569,206,0,3147,-7256,1,0,1
735570,65535,255,685,-7496,0,0,0
735571,349,0,2032,9970,1,0,1
735572,207,0,4194,9636,1,0,1
735573,298,0,5316,-6832,1,0,1
735574,298,0,3809,-7238,1,0,1
735575,360,0,1584,-7537,1,0,1
735576,229,0,1146,10006,1,0,1
735577,65535,255,3552,9748,0,0,0
735578,65535,255,5232,9438,0,0,0
735579,200,2,4387,-7039,1,0,1
735580,219,0,2415,-7360,1,0,1
735581,383,0,222,9440,1,0,1
735582,193,0,2819,9961,1,0,1
735583,192,0,4743,9555,1,0,1
735584,516,0,4890,-7000,1,0,1
735585,234,0,3164,-7302,1,0,1
735586,542,0,709,-7919,1,0,1
735587,65535,255,2011,9893,0,0,0
735588,65535,255,4182,9625,0,0,0
735589,65535,255,5326,-6826,0,0,0
735590,65535,255,3820,-7158,0,0,0
735591,65535,255,1601,-7392,0,0,0
735592,65535,255,1129,10232,0,0,0
735593,65535,255,3543,9741,0,0,0
735594,65535,255,5226,9445,0,0,0
735595,65535,255,4397,-7075,0,0,0
735596,65535,255,2430,-7475,0,0,0
735597,65535,255,209,10981,0,0,0
735598,166,0,2813,9940,1,0,1
735599,65535,255,4739,9556,0,0,0
735600,254,0,4895,-6927,1,0,1
735601,65535,255,3173,-7358,0,0,0
735602,65535,255,714,-7544,0,0,0
735603,0,0,0,0,0,0,0
735604,65535,255,4179,9715,0,0,0
735605,227,0,5328,-6821,1,0,1
735606,65535,255,3824,-7173,0,0,0
735607,65535,255,1606,-7473,0,0,0
735608,65535,255,1130,9936,0,0,0
735609,65535,255,3539,9819,0,0,0
735610,65535,255,5225,9426,0,0,0
735611,65535,255,4397,-7062,0,0,0
735612,65535,255,2430,-7474,0,0,0
735613,65535,255,218,9119,0,0,0
735614,65535,255,2818,9829,0,0,0
735615,0,0,0,0,0,0,0
735616,65535,255,4895,-6988,0,0,0
735617,65535,255,3168,-7329,0,0,0
735618,65535,255,708,-7497,0,0,0
735619,65535,255,2010,10086,0,0,0
735620,65535,255,4186,9632,0,0,0
735621,65535,255,5325,-6845,0,0,0
735622,65535,255,3820,-7189,0,0,0
735623,65535,255,1600,-7473,0,0,0
735624,409,0,1135,10319,1,0,1
735625,229,0,3547,9766,1,0,1
735626,65535,255,5228,9461,0,0,0
735627,65535,255,4394,-7082,0,0,0
735628,313,0,2425,-7488,1,0,1
735629,65535,255,216,11112,0,0,0
735630,65535,255,2818,9940,0,0,0
735631,56,0,4742,9557,1,0,1
735632,65535,255,4892,-6922,0,0,0
735633,65535,255,3169,-7339,0,0,0
735634,65535,255,708,-7451,0,0,0
735635,65535,255,2011,10118,0,0,0
735636,65535,255,4186,9625,0,0,0
735637,174,2,5326,-6831,1,0,1
735638,65535,255,3820,-7189,0,0,0
735639,65535,255,1600,-7514,0,0,0
735640,65535,255,1135,9996,0,0,0
735641,65535,255,3543,9827,0,0,0
735642,65535,255,5229,9430,0,0,0
735643,65535,255,4390,-7069,0,0,0
735644,65535,255,2420,-7488,0,0,0
735645,65535,255,224,9149,0,0,0
735646,65535,255,2828,9828,0,0,0
735647,65535,255,4744,9553,0,0,0
735648,65535,255,4890,-6988,0,0,0
735649,65535,255,3160,-7330,0,0,0
735650,65535,255,702,-7498,0,0,0
735651,65535,255,2021,10100,0,0,0
735652,65535,255,4189,9638,0,0,0
735653,241,0,5321,-6856,1,0,0
735654,379,0,3813,-7252,1,0,1
735655,278,0,1584,-7412,1,0,1
735656,65535,255,1152,9939,0,0,0
735657,65535,255,3556,9834,0,0,0
735658,65535,255,5237,9448,0,0,0
735659,65535,255,4381,-7116,0,0,0
735660,65535,255,2400,-7425,0,0,0
735661,65535,255,242,10382,0,0,0
735662,65535,255,2842,9849,0,0,0
735663,65535,255,4756,9548,0,0,0
735664,209,0,4875,-6953,1,0,0
735665,369,0,3138,-7314,1,0,1
735666,174,0,673,-7594,1,0,1
735667,205,0,2048,9938,1,0,1
735668,311,0,4204,9710,1,0,1
735669,65535,255,5305,-6850,0,0,0
735670,142,0,3789,-7146,1,0,1
735671,312,0,1552,-7370,1,0,1
735672,306,0,1175,10251,1,0,1
735673,221,0,3569,9764,1,0,1
735674,206,0,5243,9467,1,0,1
735675,204,0,4374,-7104,1,0,1
735676,227,0,2395,-7346,1,0,1
735677,65535,255,243,9920,0,0,0
735678,324,0,2837,9882,1,0,1
735679,65535,255,4749,9538,0,0,0
735680,0,0,0,0,0,0,0
735681,65535,255,3155,-7359,0,0,0
735682,65535,255,702,-7687,0,0,0
735683,129,0,2016,9893,1,0,1
735684,65535,255,4182,9667,0,0,0
735685,65535,255,5326,-6873,0,0,0
735686,236,0,3820,-7156,1,0,1
735687,199,0,1606,-7491,1,0,1
735688,65535,255,1123,10055,0,0,0
735689,195,0,3535,9744,1,0,1
735690,309,0,5217,9479,1,0,1
735691,309,0,4401,-7046,1,0,1
735692,65535,255,2440,-7484,0,0,0
735693,261,2,198,9680,1,0,0
735694,65535,255,2799,9910,0,0,0
735695,65535,255,4723,9584,0,0,0
735696,347,0,4905,-6984,1,0,1
735697,65535,255,3186,-7363,0,0,0
735698,226,0,743,-7857,1,0,1
735699,199,0,1979,10026,1,0,1
735700,341,0,4161,9637,1,0,1
735701,65535,255,5340,-6873,0,0,0
735702,65535,255,3844,-7183,0,0,0
735703,404,0,1633,-7648,1,0,1
735704,337,0,1096,9936,1,0,1
735705,298,0,3514,9739,1,0,1
735706,268,0,5205,9479,1,0,1
735707,362,0,4417,-7087,1,0,1
735708,65535,255,2459,-7416,0,0,0
735709,65535,255,170,9203,0,0,0
735710,65535,255,2780,9925,0,0,0
735711,65535,255,4713,9556,0,0,0
735712,294,0,4916,-6948,1,0,1
735713,65535,255,3204,-7332,0,0,1
735714,346,0,761,-7893,1,0,1
735715,324,0,1964,10114,1,0,1
735716,65535,255,4150,9694,0,0,0
735717,65535,255,5347,-6856,0,0,0
735718,65535,255,3857,-7188,0,0,0
735719,65535,255,1644,-7407,0,0,0
735720,343,0,1084,10121,1,0,1
735721,65535,255,3505,9818,0,0,0
735722,65535,255,5200,9479,0,0,0
735723,146,0,6341,9126,1,0,0
735724,298,0,2469,-7454,1,0,1
735725,312,0,162,10387,1,0,1
735726,65535,255,2776,9858,0,0,0
735727,236,0,4710,9588,1,0,1
735728,65535,255,6007,9230,0,0,0
735729,65535,255,6906,8880,0,0,1
735730,409,0,761,-7371,1,0,1
735731,231,0,1964,9946,1,0,1
735732,313,0,4150,9645,1,0,1
735733,388,0,5631,9374,1,0,1
735734,317,0,6639,9009,1,0,1
735735,65535,255,-32768,-32768,0,65535,1
735736,65535,255,1084,10213,0,0,0
735737,300,0,3509,9731,1,0,1
735738,243,0,5203,9438,1,0,0
735739,182,0,6343,9107,1,0,1
735740,65535,255,-32768,-32768,0,65535,1
735741,65535,255,-32768,-32768,0,65535,1
735742,65535,255,2781,9880,0,0,0
735743,156,0,4713,9523,1,0,1
735744,231,0,6009,9231,1,0,1
735745,0,0,0,0,0,0,0
735746,65535,255,-32768,-32768,0,65535,0
735747,65535,255,-32768,-32768,0,65535,1
735748,65535,255,4153,9646,0,0,0
735749,65535,255,5637,9314,0,0,0
735750,0,0,0,0,0,0,0
735751,65535,255,-32768,-32768,0,65535,0
735752,65535,255,-32768,-32768,0,65535,0
735753,269,0,3513,9817,1,0,1
735754,65535,255,5208,9438,0,0,0
735755,65535,255,6347,9099,0,0,0
735756,0,0,0,0,0,0,0
735757,65535,255,-32768,-32768,0,65535,0
735758,65535,255,-32768,-32768,0,65535,1
735759,289,0,4720,9550,1,0,1
735760,226,0,6014,9253,1,0,1
735761,0,0,0,0,0,0,0
735762,65535,255,-32768,-32768,0,65535,1
735763,65535,255,-32768,-32768,0,65535,0
735764,65535,255,-32768,-32768,0,65535,1
735765,65535,255,5641,9371,0,0,0
735766,0,0,0,0,0,0,0
735767,0,0,0,0,0,0,0
735768,65535,255,-32768,-32768,0,65535,0
735769,65535,255,-32768,-32768,0,0,0
735770,404,0,5217,9444,1,0,1
735771,65535,255,6352,9122,0,0,0
735772,0,0,0,0,0,0,0
735773,0,0,0,0,0,0,0
735774,65535,255,-32768,-32768,0,65535,0
735775,65535,255,4733,9530,0,0,0
735776,65535,255,6023,9246,0,0,0
735777,0,0,0,0,0,0,0
735778,0,0,0,0,0,0,0
735779,65535,255,-32768,-32768,0,65535,1
735780,189,0,4179,9641,1,0,1
735781,65535,255,5652,9323,0,0,0
735782,0,0,0,0,0,0,0
735783,65535,255,-32768,-32768,0,65535,1
735784,65535,255,-32768,-32768,0,65535,0
735785,65535,255,3539,9812,0,0,0
735786,228,0,5223,9463,1,0,1
735787,173,0,6356,9113,1,0,0
735788,0,0,0,0,0,0,0
735789,65535,255,-32768,-32768,0,65535,1
735790,415,0,2813,9931,1,0,1
735791,65535,255,4737,9523,0,0,0
735792,65535,255,6024,9213,0,0,0
735793,65535,255,6917,8884,0,0,0
735794,65535,255,-32768,-32768,0,65535,0
735795,128,0,2006,9880,1,0,1
735796,65535,255,4175,9710,0,0,0
735797,150,0,5648,9337,1,0,1
735798,186,0,6650,9000,1,0,1
735799,65535,255,-32768,-32768,0,65535,1
735800,65535,255,1124,10206,0,0,0
735801,65535,255,3535,9806,0,0,0
735802,65535,255,5220,9447,0,0,0
735803,65535,255,6354,9135,0,0,0
735804,65535,255,-32768,-32768,0,65535,0
735805,65535,255,203,10680,0,0,0
735806,65535,255,2809,9876,0,0,0
735807,65535,255,4733,9594,0,0,0
735808,65535,255,6024,9205,0,0,0
735809,65535,255,6916,8878,0,0,0
735810,65535,255,717,-7597,0,0,0
735811,65535,255,1990,9975,0,0,0
735812,164,0,4172,9647,1,0,1
735813,65535,255,5649,9317,0,0,0
735814,65535,255,3817,-7182,0,0,0
735815,172,0,1589,-7413,1,0,1
735816,65535,255,1152,10197,0,0,0
735817,222,0,3565,9729,1,0,1
735818,65535,255,5243,9430,0,0,0
735819,175,0,4367,-7056,1,0,1
735820,361,0,2381,-7349,1,0,1
735821,65535,255,262,10825,0,0,0
735822,169,0,2856,9856,1,0,1
735823,65535,255,4762,9568,0,0,0
735824,0,0,0,0,0,0,0
735825,261,0,3133,-7238,1,0,1
735826,406,0,674,-7396,1,0,1
735827,65535,255,2043,9906,0,0,0
735828,189,0,4200,9703,1,0,1
735829,65535,255,5313,-6854,0,0,0
735830,65535,255,3800,-7177,0,0,0
735831,65535,255,1579,-7661,0,0,0
735832,274,0,1157,9995,1,0,1
735833,65535,255,3560,9764,0,0,0
735834,65535,255,5237,9437,0,0,0
735835,350,0,4381,-7123,1,0,1
735836,65535,255,2410,-7504,0,0,0
735837,65535,255,232,10618,0,0,0
735838,120,2,2833,9849,1,0,1
735839,147,0,4749,9571,1,0,0
735840,333,0,4887,-7001,1,0,1
735841,65535,255,3155,-7273,0,0,0
735842,65535,255,702,-7639,0,0,0
735843,413,0,2021,10020,1,0,1
735844,248,0,4186,9658,1,0,1
735845,65535,255,5323,-6831,0,0,0
735846,65535,255,3816,-7143,0,0,0
735847,65535,255,1595,-7617,0,0,0
735848,65535,255,1141,9966,0,0,0
735849,65535,255,3548,9782,0,0,0
735850,65535,255,5228,9450,0,0,0
735851,152,0,4394,-7057,1,0,0
735852,65535,255,2424,-7397,0,0,0
735853,388,0,197,10015,1,0,1
735854,65535,255,2804,9938,0,0,0
735855,237,0,4729,9595,1,0,1
735856,262,0,4904,-7001,1,0,1
735857,65535,255,3182,-7245,0,0,0
735858,65535,255,732,-7324,0,0,0
735859,65535,255,1995,10100,0,0,0
735860,65535,255,4171,9664,0,0,0
735861,65535,255,5336,-6823,0,0,0
735862,65535,255,3836,-7222,0,0,0
735863,310,0,1617,-7435,1,0,1
735864,352,0,1118,10080,1,0,1
735865,65535,255,3534,9773,0,0,0
735866,285,0,5223,9433,1,0,1
735867,65535,255,4404,-7116,0,0,0
735868,65535,255,2440,-7464,0,0,0
735869,305,0,203,10669,1,0,1
735870,65535,255,2809,9837,0,0,0
735871,303,0,4735,9559,1,0,1
735872,194,0,4901,-6963,1,0,1
735873,65535,255,3182,-7370,0,0,0
735874,302,2,726,-7367,1,0,0
735875,65535,255,1995,9923,0,0,0
735876,65535,255,4168,9617,0,0,0
735877,196,0,5341,-6879,1,0,1
735878,65535,255,3844,-7235,0,0,0
735879,276,0,1628,-7535,1,0,0
735880,65535,255,1102,9872,0,0,0
735881,65535,255,3518,9759,0,0,0
735882,65535,255,5208,9462,0,0,0
735883,65535,255,4417,-7075,0,0,0
735884,65535,255,2464,-7434,0,0,0
735885,65535,255,167,10372,0,0,0
735886,65535,255,2781,9864,0,0,0
735887,65535,255,4710,9600,0,0,0
735888,65535,255,4931,-6924,0,0,0
735889,65535,255,3222,-7321,0,0,0
735890,369,0,778,-7899,1,0,1
735891,65535,255,1958,9885,0,0,0
735892,65535,255,4147,9614,0,0,0
735893,65535,255,5353,-6824,0,0,0
735894,283,0,3857,-7154,1,0,1
735895,537,0,1645,-7678,1,0,1
735896,220,0,1089,10139,1,0,1
735897,226,0,3517,9710,1,0,1
735898,65535,255,5211,9425,0,0,0
735899,65535,255,4411,-7056,0,0,0
735900,188,0,2450,-7429,1,0,1
735901,443,0,191,10692,1,0,1
735902,309,0,2804,9910,1,0,1
735903,230,0,4729,9590,1,0,1
735904,65535,255,4902,-6935,0,0,0
735905,335,0,3182,-7327,1,0,1
735906,207,0,732,-7874,1,0,1
735907,65535,255,1990,10111,0,0,0
735908,65535,255,4168,9700,0,0,0
735909,65535,255,5338,-6871,0,0,0
735910,65535,255,3837,-7219,0,0,0
735911,65535,255,1622,-7501,0,0,0
735912,65535,255,1108,10225,0,0,0
735913,65535,255,3526,9752,0,0,0
735914,65535,255,5214,9444,0,0,0
735915,65535,255,4408,-7063,0,0,0
735916,65535,255,2460,-7433,0,0,0
735917,65535,255,168,10561,0,0,0
735918,65535,255,2781,9897,0,0,0
735919,65535,255,4713,9535,0,0,0
735920,266,0,4920,-7001,1,0,1
735921,209,2,3209,-7337,1,0,1
735922,65535,255,767,-7474,0,0,0
735923,205,0,1958,10031,1,0,1
735924,261,0,4143,9707,1,0,1
735925,208,0,5353,-6823,1,0,1
735926,177,0,3865,-7180,1,0,1
735927,65535,255,1660,-7501,0,0,0
735928,65535,255,1067,10013,0,0,0
735929,65535,255,3494,9765,0,0,0
735930,65535,255,5192,9445,0,0,1
735931,65535,255,4438,-7099,0,0,0
735932,65535,255,2484,-7365,0,0,0
735933,0,0,0,0,0,0,0
735934,65535,255,2757,9924,0,0,0
735935,65535,255,4697,9574,0,0,0
735936,65535,255,4931,-6976,0,0,0
735937,65535,255,3227,-7324,0,0,0
735938,65535,255,790,-7607,0,0,1
735939,65535,255,1942,9898,0,0,0
735940,65535,255,4132,9668,0,0,0
735941,254,0,5361,-6820,1,0,1
735942,65535,255,3877,-7208,0,0,0
735943,160,0,1677,-7636,1,0,1
735944,65535,255,1055,10234,0,0,0
735945,130,0,3484,9797,1,0,1
735946,65535,255,5189,9436,0,0,0
735947,65535,255,4441,-7117,0,0,0
735948,65535,255,2494,-7440,0,0,0
735949,65535,255,136,8928,0,0,0
735950,65535,255,2753,9902,0,0,0
735951,255,2,4694,9587,1,0,1
735952,449,2,4934,-7008,1,0,1
735953,65535,255,3227,-7267,0,0,0
735954,65535,255,789,-7518,0,0,0
735955,65535,255,1942,9916,0,0,0
735956,65535,255,4131,9712,0,0,0
735957,65535,255,5363,-6868,0,0,0
735958,65535,255,3873,-7193,0,0,0
735959,65535,255,1672,-7402,0,0,0
735960,262,0,1061,10077,1,0,1
735961,65535,255,3492,9796,0,0,0
735962,65535,255,5194,9456,0,0,0
735963,269,0,4438,-7068,1,0,1
735964,394,0,2484,-7402,1,0,1
735965,381,0,146,9247,1,0,1
735966,300,0,2762,9958,1,0,1
735967,148,0,4706,9538,1,0,1
735968,238,0,4928,-6983,1,0,1
735969,284,0,3213,-7259,1,0,1
735970,277,0,771,-7602,1,0,1
735971,65535,255,1958,10016,0,0,0
735972,65535,255,4146,9660,0,0,0
735973,65535,255,5355,-6851,0,0,0
735974,65535,255,3860,-7188,0,0,0
735975,217,0,1649,-7422,1,0,1
735976,223,0,1084,10197,1,0,1
735977,322,0,3509,9725,1,0,1
735978,65535,255,5208,9427,0,0,0
735979,243,0,4424,-7051,1,0,1
735980,0,0,0,0,0,0,0
735981,65535,255,174,9785,0,0,0
735982,65535,255,2790,9841,0,0,0
735983,346,0,4722,9588,1,0,1
735984,65535,255,4913,-6959,0,0,0
735985,65535,255,3194,-7363,0,0,0
735986,65535,255,737,-7603,0,0,0
735987,65535,255,1990,10044,0,0,0
735988,262,0,4167,9698,1,0,1
735989,293,0,5341,-6884,1,0,1
735990,65535,255,3840,-7254,0,0,0
735991,65535,255,1616,-7646,0,0,0
735992,236,2,1123,10132,1,0,1
735993,65535,255,3539,9721,0,0,0
735994,65535,255,5225,9433,0,0,0
735995,324,0,4400,-7075,1,0,1
735996,184,0,2430,-7462,1,0,1
735997,528,0,216,11097,1,0,1
735998,144,0,2823,9937,1,0,1
735999,65535,255,4745,9560,0,0,0
736000,65535,255,4892,-6996,0,0,0
736001,65535,255,3164,-7305,0,0,0
736002,65535,255,709,-7980,0,0,0
736003,326,0,2016,9928,3,0,0
736004,602,0,4185,9653,3,0,0
736005,610,0,5331,-6853,3,0,0
736006,319,0,3828,-7209,3,0,0
736007,329,0,1606,-7547,3,0,0
736008,65535,255,1129,10013,0,0,0
736009,65535,255,3539,9824,0,0,0
736010,65535,255,5225,9423,0,0,0
736011,65535,255,4401,-7056,0,0,0
736012,65535,255,2434,-7447,0,0,0
736013,316,0,204,10987,1,0,1
736014,294,0,2809,9951,1,0,1
736015,236,0,4735,9568,1,0,1
736016,65535,255,4901,-6950,0,0,0
736017,65535,255,3178,-7254,0,0,0
736018,260,0,725,-7788,1,0,1
736019,65535,255,2000,9913,0,0,0
736020,65535,255,4171,9662,0,0,0
736021,65535,255,5339,-6870,0,0,0
736022,65535,255,3836,-7245,0,0,0
736023,65535,255,1617,-7403,0,0,0
736024,169,0,1113,10050,1,0,1
736025,65535,255,3526,9800,0,0,0
736026,202,0,5217,9420,1,0,1
736027,65535,255,4407,-7067,0,0,0
736028,65535,255,2445,-7497,0,0,0
736029,131,0,193,9308,1,0,1
736030,183,0,2799,9863,1,0,1
736031,226,0,4729,9540,1,0,1
736032,275,0,4904,-6937,1,0,1
736033,65535,255,3182,-7253,0,0,0
736034,65535,255,738,-7918,0,0,0
736035,305,0,1990,10011,1,0,1
736036,218,0,4165,9666,1,0,1
736037,65535,255,5339,-6844,0,0,0
736038,65535,255,3840,-7237,0,0,0
736039,65535,255,1623,-7383,0,0,0
736040,65535,255,1113,9924,0,0,0
736041,195,0,3526,9794,1,0,1
736042,168,0,5215,9451,1,0,1
736043,248,0,4407,-7129,1,0,0
736044,65535,255,2445,-7445,0,0,0
736045,65535,255,200,9175,0,0,0
736046,225,0,2804,9874,1,0,1
736047,65535,255,4730,9558,0,0,0
736048,65535,255,4904,-6970,0,0,0
736049,65535,255,3182,-7329,0,0,0
736050,65535,255,731,-7695,0,0,0
736051,282,0,1995,9962,1,0,1
736052,235,0,4169,9680,1,0,1
736053,0,0,0,0,0,0,0
736054,169,0,3832,-7153,1,0,1
736055,290,0,1611,-7545,1,0,1
736056,145,0,1118,10223,1,0,1
736057,258,0,3535,9817,1,0,1
736058,65535,255,5223,9455,0,0,0
736059,65535,255,4397,-7049,0,0,0
736060,183,0,2430,-7355,1,0,1
736061,261,0,209,10654,1,0,1
736062,364,0,2818,9839,1,0,1
736063,273,0,4739,9556,1,0,1
736064,365,0,4893,-6984,1,0,1
736065,189,0,3169,-7380,1,0,1
736066,143,0,709,-7323,1,0,1
736067,206,0,2017,9881,1,0,1
736068,65535,255,4186,9701,0,0,0
736069,65535,255,5326,-6862,0,0,0
736070,228,0,3816,-7186,1,0,1
736071,0,0,0,0,0,0,0
736072,108,2,1146,10042,1,0,1
736073,65535,255,3556,9788,0,0,0
736074,211,0,5237,9452,1,0,1
736075,167,0,4384,-7064,1,0,1
736076,269,0,2405,-7398,1,0,1
736077,295,0,244,9633,1,0,1
736078,252,0,2846,9819,1,0,1
736079,294,0,4759,9552,1,0,1
736080,65535,255,4877,-6999,0,0,0
736081,65535,255,3142,-7287,0,0,0
736082,65535,255,673,-7801,0,0,0
736083,240,0,2047,10083,1,0,1
736084,65535,255,4211,9697,0,0,0
736085,0,0,0,0,0,0,0
736086,241,0,3796,-7158,1,0,1
736087,65535,255,1567,-7592,0,0,0
736088,0,0,0,0,0,0,0
736089,65535,255,3569,9743,0,0,0
736090,65535,255,5246,9419,0,0,0
736091,209,0,6371,9080,1,0,1
736092,206,0,2405,-7477,1,0,1
736093,65535,255,237,10319,0,0,0
736094,65535,255,2842,9836,0,0,0
736095,217,0,4752,9565,1,0,1
736096,65535,255,6036,9213,0,0,0
736097,65535,255,6926,8858,0,0,0
736098,407,0,696,-7700,1,0,1
736099,65535,255,2021,10041,0,0,0
736100,65535,255,4189,9674,0,0,0
736101,65535,255,5659,9317,0,0,0
736102,65535,255,6657,8981,0,0,1
736103,65535,255,-32768,-32768,0,65535,0
736104,65535,255,1140,10159,0,0,0
736105,65535,255,3547,9733,0,0,0
736106,65535,255,5231,9413,0,0,0
736107,65535,255,6360,9085,0,0,0
736108,65535,255,-32768,-32768,0,0,0
736109,65535,255,-32768,-32768,0,65535,1
736110,65535,255,2814,9940,0,0,0
736111,65535,255,4739,9540,0,0,0
736112,65535,255,6027,9236,0,0,0
736113,65535,255,6918,8861,0,0,1
736114,65535,255,-32768,-32768,0,65535,1
736115,65535,255,-32768,-32768,0,65535,1
736116,65535,255,4176,9651,0,0,0
736117,221,0,5648,9352,1,0,1
736118,65535,255,6651,8991,0,0,1
736119,65535,255,-32768,-32768,0,65535,1
736120,65535,255,-32768,-32768,0,65535,1
736121,248,0,3530,9827,1,0,1
736122,162,0,5220,9411,1,0,1
736123,0,0,0,0,0,0,0
736124,0,0,0,0,0,0,0
736125,65535,255,-32768,-32768,0,65535,1
736126,65535,255,-32768,-32768,0,65535,0
736127,186,0,4726,9583,1,0,1
736128,0,0,0,0,0,0,0
736129,0,0,0,0,0,0,0
736130,0,0,0,0,0,0,0
736131,65535,255,-32768,-32768,0,65535,1
736132,65535,255,-32768,-32768,0,0,0
736133,65535,255,5641,9358,0,0,0
736134,0,0,0,0,0,0,0
736135,0,0,0,0,0,0,0
736136,65535,255,-32768,-32768,0,65535,1
736137,65535,255,-32768,-32768,0,65535,1
736138,65535,255,5211,9464,0,0,0
736139,65535,255,6348,9097,0,0,0
736140,0,0,0,0,0,0,0
736141,65535,255,-32768,-32768,0,65535,1
736142,65535,255,-32768,-32768,0,65535,1
736143,65535,255,4720,9520,0,0,0
736144,221,0,6014,9232,1,0,1
736145,0,0,0,0,0,0,0
736146,65535,255,-32768,-32768,0,65535,1
736147,65535,255,-32768,-32768,0,65535,1
736148,65535,255,4157,9687,0,0,0
736149,65535,255,5636,9346,0,0,0
736150,136,0,6643,8997,1,0,1
736151,65535,255,-32768,-32768,0,65535,1
736152,65535,255,-32768,-32768,0,65535,1
736153,199,0,3514,9795,1,0,1
736154,65535,255,5209,9408,0,0,1
736155,125,0,6346,9097,1,0,1
736156,65535,255,-32768,-32768,0,65535,1
736157,65535,255,-32768,-32768,0,65535,1
736158,204,2,2786,9954,1,0,1
736159,183,0,4717,9579,1,0,1
736160,210,0,6013,9216,1,0,1
736161,65535,255,6908,8862,0,0,1
736162,65535,255,-32768,-32768,0,65535,1
736163,256,0,1974,9999,1,0,0
736164,167,0,4153,9695,1,0,1
736165,281,0,5635,9359,1,0,1
736166,262,0,6642,9011,1,0,1
736167,65535,255,-32768,-32768,0,65535,1
736168,243,0,1095,10045,1,0,1
736169,65535,255,3514,9726,0,0,0
736170,65535,255,5206,9454,0,0,0
736171,217,2,6344,9110,1,0,1
736172,65535,255,2459,-7378,0,0,0
736173,336,0,174,10544,1,0,1
736174,249,0,2786,9934,1,0,1
736175,65535,255,4717,9573,0,0,0
736176,65535,255,6013,9216,0,0,0
736177,65535,255,3195,-7297,0,0,0
736178,65535,255,749,-7381,0,0,0
736179,312,0,1974,10048,1,0,1
736180,333,0,4157,9618,1,0,1
736181,186,0,5638,9309,1,0,1
736182,417,0,3845,-7234,1,0,1
736183,422,0,1633,-7681,1,0,1
736184,154,0,1096,10289,1,0,0
736185,250,0,3518,9803,1,0,1
736186,65535,255,5209,9428,0,0,0
736187,65535,255,4414,-7083,0,0,0
736188,268,0,2450,-7340,1,0,1
736189,211,0,179,10166,1,0,1
736190,65535,255,2795,9921,0,0,0
736191,156,0,4723,9572,1,0,1
736192,65535,255,4908,-6973,0,0,0
736193,65535,255,3187,-7327,0,0,0
736194,65535,255,737,-7557,0,0,0
736195,65535,255,1990,9884,0,0,0
736196,65535,255,4164,9665,0,0,0
736197,189,0,5340,-6886,1,0,1
736198,65535,255,3836,-7181,0,0,0
736199,165,0,1622,-7562,1,0,1
736200,65535,255,1112,10194,0,0,0
736201,131,2,3526,9784,1,0,0
736202,277,0,5218,9421,1,0,1
736203,280,0,4407,-7084,1,0,1
736204,256,0,2440,-7353,1,0,1
736205,320,0,197,10519,1,0,1
736206,133,0,2804,9953,1,0,1
736207,126,0,4733,9510,1,0,1
736208,263,0,4901,-7002,1,0,1
736209,65535,255,3178,-7387,0,0,0
736210,65535,255,726,-7921,0,0,0
736211,65535,255,2000,10028,0,0,0
736212,65535,255,4179,9622,0,0,0
736213,224,0,5334,-6864,1,0,1
736214,231,0,3828,-7160,1,0,1
736215,65535,255,1605,-7544,0,0,0
736216,163,0,1129,10161,1,0,0
736217,65535,255,3543,9791,0,0,0
736218,65535,255,5229,9429,0,0,0
736219,65535,255,4397,-7105,0,0,0
736220,65535,255,2424,-7420,0,0,0
736221,65535,255,225,8991,0,0,0
736222,65535,255,2828,9861,0,0,0
736223,0,0,0,0,0,0,0
736224,249,0,4889,-6973,1,0,1
736225,202,0,3159,-7342,1,0,1
736226,65535,255,702,-7792,0,0,0
736227,65535,255,2026,9993,0,0,0
736228,168,0,4196,9619,1,0,1
736229,65535,255,5323,-6867,0,0,0
736230,65535,255,3812,-7178,0,0,0
736231,305,0,1589,-7549,1,0,1
736232,278,0,1146,9984,1,0,1
736233,278,0,3551,9805,1,0,1
736234,65535,255,5234,9401,0,0,0
736235,65535,255,4394,-7120,0,0,0
736236,65535,255,2420,-7345,0,0,0
736237,65535,255,221,9575,0,0,0
736238,222,0,2828,9826,1,0,0
736239,65535,255,4745,9584,0,0,0
736240,65535,255,4895,-6957,0,0,0
736241,65535,255,3168,-7255,0,0,0
736242,65535,255,713,-7742,0,0,0
736243,65535,255,2011,9866,0,0,0
736244,65535,255,4182,9627,0,0,0
736245,65535,255,5333,-6837,0,0,0
736246,65535,255,3828,-7193,0,0,0
736247,65535,255,1606,-7526,0,0,0
736248,65535,255,1129,9984,0,0,0
736249,65535,255,3539,9816,0,0,0
736250,65535,255,5225,9419,0,0,0
736251,65535,255,4400,-7055,0,0,0
736252,65535,255,2434,-7447,0,0,0
736253,65535,255,203,10820,0,0,0
736254,65535,255,2814,9940,0,0,0
736255,65535,255,4736,9563,0,0,0
736256,65535,255,4901,-6944,0,0,0
736257,216,0,3177,-7244,1,0,1
736258,286,0,725,-7786,1,0,1
736259,313,0,2000,9914,1,0,1
736260,65535,255,4175,9656,0,0,0
736261,171,0,5336,-6865,1,0,1
736262,65535,255,3836,-7253,0,0,0
736263,65535,255,1611,-7382,0,0,0
736264,309,0,1118,10312,1,0,0
736265,65535,255,3534,9792,0,0,0
736266,65535,255,5222,9415,0,0,0
736267,101,0,4404,-7054,1,0,1
736268,189,0,2439,-7471,1,0,1
736269,322,0,207,9046,1,0,1
736270,187,0,2809,9830,1,0,1
736271,269,0,4733,9522,1,0,1
736272,65535,255,4904,-7003,0,0,0
736273,179,0,3182,-7358,1,0,1
736274,116,0,725,-7648,1,0,1
736275,161,0,1995,10043,1,0,1
736276,147,0,4172,9677,1,0,1
736277,292,0,5337,-6859,1,0,1
736278,65535,255,3836,-7198,0,0,0
736279,65535,255,1622,-7462,0,0,0
736280,136,0,1107,10255,1,0,1
736281,223,0,3526,9741,1,0,1
736282,65535,255,5214,9437,0,0,0
736283,65535,255,4411,-7051,0,0,0
736284,65535,255,2449,-7404,0,0,0
736285,65535,255,185,9817,0,0,0
736286,65535,255,2795,9831,0,0,0
736287,65535,255,4720,9584,0,0,0
736288,65535,255,4911,-6951,0,0,0
736289,65535,255,3196,-7375,0,0,0
736290,65535,255,748,-7556,0,0,0
736291,65535,255,1974,10031,0,0,0
736292,238,0,4157,9687,1,0,1
736293,65535,255,5345,-6875,0,0,0
736294,65535,255,3849,-7241,0,0,0
736295,245,0,1638,-7600,1,0,1
736296,429,0,1096,10075,1,0,1
736297,65535,255,3509,9831,0,0,0
736298,118,0,5207,9419,1,0,1
736299,276,0,4418,-7049,1,0,1
736300,301,0,2459,-7416,1,0,1
736301,233,0,167,10368,1,0,1
736302,65535,255,2781,9890,0,0,0
736303,65535,255,4714,9533,0,0,0
736304,65535,255,4917,-6993,0,0,0
736305,65535,255,3200,-7316,0,0,0
736306,272,2,755,-7336,1,0,1
736307,178,2,1969,9983,1,0,1
736308,65535,255,4150,9675,0,0,0
736309,248,2,5348,-6874,1,0,1
736310,65535,255,3854,-7197,0,0,0
736311,217,2,1650,-7677,1,0,0
736312,259,2,1085,10231,1,0,0
736313,153,2,3505,9754,1,0,1
736314,65535,255,5200,9462,0,0,0
736315,176,0,4425,-7105,1,0,1
736316,254,0,2464,-7351,1,0,1
736317,247,0,162,9757,1,0,1
736318,172,0,2776,9868,1,0,1
736319,65535,255,4711,9528,0,0,0
736320,65535,255,4919,-7003,0,0,0
736321,65535,255,3205,-7353,0,0,0
736322,65535,255,759,-7600,0,0,0
736323,65535,255,1964,10101,0,0,0
736324,65535,255,4150,9627,0,0,0
736325,261,0,5347,-6849,1,0,1
736326,144,0,3856,-7224,1,0,1
736327,232,0,1644,-7638,1,0,1
736328,125,0,1084,10200,1,0,1
736329,65535,255,3510,9771,0,0,0
736330,200,0,5203,9477,1,0,1
736331,65535,255,4421,-7042,0,0,0
736332,65535,255,2464,-7441,0,0,0
736333,65535,255,172,11519,0,0,0
736334,65535,255,2786,9811,0,0,0
736335,65535,255,4716,9539,0,0,0
736336,252,0,4916,-6993,1,0,1
736337,280,2,3199,-7344,1,0,1
736338,74,2,754,-7601,1,0,1
736339,65535,255,1975,9869,0,0,0
736340,65535,255,4157,9654,0,0,0
736341,65535,255,5347,-6874,0,0,0
736342,195,0,3848,-7155,1,0,1
736343,284,0,1633,-7479,1,0,1
736344,238,2,1101,10015,1,0,0
736345,306,0,3518,9727,1,0,1
736346,281,0,5211,9460,1,0,1
736347,230,0,4417,-7125,1,0,1
736348,303,0,2454,-7429,1,0,1
736349,65535,255,184,11443,0,0,0
736350,297,0,2795,9833,1,0,1
736351,227,0,4726,9526,1,0,1
736352,65535,255,4909,-6944,0,0,0
736353,188,0,3186,-7240,1,0,1
736354,351,0,737,-7916,1,0,1
736355,177,0,1990,9998,1,0,1
736356,236,0,4168,9672,1,0,1
736357,65535,255,5338,-6847,0,0,0
736358,65535,255,3840,-7242,0,0,0
736359,65535,255,1617,-7421,0,0,0
736360,65535,255,1118,9957,0,0,0
736361,65535,255,3534,9717,0,0,0
736362,65535,255,5223,9463,0,0,0
736363,65535,255,4404,-7040,0,0,0
736364,159,0,2439,-7470,1,0,1
736365,270,0,204,9527,1,0,1
736366,280,0,2813,9898,1,0,1
736367,65535,255,4739,9565,0,0,0
736368,65535,255,4898,-6975,0,0,0
736369,65535,255,3173,-7339,0,0,0
736370,65535,255,713,-7693,0,0,0
736371,210,0,2016,9948,1,0,1
736372,65535,255,4186,9705,0,0,0
736373,65535,255,5328,-6845,0,0,0
736374,65535,255,3824,-7253,0,0,0
736375,65535,255,1595,-7462,0,0,0
736376,65535,255,1140,10074,0,0,0
736377,65535,255,3551,9765,0,0,0
736378,295,0,5237,9419,1,0,1
736379,65535,255,4390,-7093,0,0,0
736380,298,0,2415,-7395,1,0,1
736381,397,0,235,11169,1,0,1
736382,163,0,2837,9850,1,0,0
736383,65535,255,4755,9556,0,0,0
736384,321,0,4883,-6973,1,0,1
736385,65535,255,3150,-7322,0,0,0
736386,229,0,685,-7458,1,0,1
736387,65535,255,2037,10056,0,0,0
736388,0,0,0,0,0,0,0
736389,65535,255,5317,-6839,0,0,0
736390,65535,255,3804,-7210,0,0,0
736391,221,0,1573,-7589,1,0,1
736392,65535,255,1163,10129,0,0,0
736393,257,0,3569,9745,1,0,1
736394,65535,255,5243,9463,0,0,0
736395,65535,255,4377,-7120,0,0,0
736396,65535,255,2395,-7397,0,0,0
736397,301,0,249,10578,1,0,1
736398,65535,255,2851,9936,0,0,0
736399,65535,255,4762,9572,0,0,0
736400,197,2,4874,-6964,1,0,1
736401,65535,255,3137,-7295,0,0,0
736402,65535,255,668,-7355,0,0,0
736403,65535,255,2053,10038,0,0,0
736404,282,0,4212,9618,1,0,1
736405,65535,255,5307,-6846,0,0,0
736406,65535,255,3792,-7227,0,0,0
736407,313,0,1557,-7675,1,0,1
736408,168,0,1180,10268,1,0,1
736409,417,0,3582,9803,1,0,1
736410,203,0,5255,9424,1,0,1
736411,65535,255,4363,-7078,0,0,0
736412,65535,255,2377,-7383,0,0,0
736413,237,0,272,10055,1,0,1
736414,166,0,2870,9857,1,0,1
736415,238,0,4772,9558,1,0,1
736416,306,0,4866,-6971,1,0,1
736417,65535,255,3128,-7345,0,0,0
736418,65535,255,661,-7804,0,0,0
736419,65535,255,2053,10006,0,0,0
736420,65535,255,4212,9631,0,0,0
736421,65535,255,5307,-6869,0,0,0
736422,65535,255,3792,-7180,0,0,0
736423,65535,255,1562,-7631,0,0,0
736424,65535,255,1175,9900,0,0,0
736425,65535,255,3570,9720,0,0,0
736426,65535,255,5244,9433,0,0,0
736427,65535,255,4374,-7069,0,0,0
736428,65535,255,2395,-7356,0,0,0
736429,65535,255,244,10859,0,0,0
736430,65535,255,2842,9850,0,0,0
736431,335,0,4753,9562,1,0,1
736432,296,0,4878,-6978,1,0,1
736433,270,2,3146,-7370,1,0,0
736434,188,0,690,-7849,1,0,1
736435,65535,255,2027,10089,0,0,0
736436,305,0,4194,9676,1,0,1
736437,65535,255,5318,-6837,0,0,0
736438,65535,255,3812,-7254,0,0,0
736439,290,0,1584,-7524,1,0,1
736440,469,0,1152,9987,1,0,1
736441,65535,255,3552,9757,0,0,0
736442,65535,255,5232,9425,0,0,0
736443,65535,255,4387,-7111,0,0,0
736444,65535,255,2415,-7472,0,0,0
736445,294,0,226,10035,1,0,1
736446,65535,255,2829,9796,0,0,0
736447,190,0,4743,9541,1,0,1
736448,65535,255,4889,-6964,0,0,0
736449,65535,255,3164,-7358,0,0,0
736450,65535,255,709,-7518,0,0,0
736451,65535,255,2015,9938,0,0,0
736452,65535,255,4183,9692,0,0,0
736453,303,0,5652,9321,1,0,1
736454,302,0,3820,-7174,1,0,1
736455,370,0,1600,-7664,1,0,0
736456,140,0,1135,9987,1,0,1
736457,361,0,3543,9776,1,0,1
736458,65535,255,5226,9442,0,0,0
736459,65535,255,6359,9098,0,0,0
736460,65535,255,2425,-7340,0,0,0
736461,65535,255,211,11126,0,0,0
736462,65535,255,2814,9898,0,0,0
736463,0,0,0,0,0,0,0
736464,65535,255,6026,9203,0,0,0
736465,65535,255,6917,8874,0,0,0
736466,65535,255,720,-7922,0,0,0
736467,215,0,2001,10066,1,0,1
736468,254,0,4175,9700,1,0,1
736469,65535,255,5649,9331,0,0,0
736470,65535,255,6651,9000,0,0,1
736471,65535,255,-32768,-32768,0,65535,1
736472,397,0,1123,10194,1,0,1
736473,199,0,3535,9801,1,0,1
736474,65535,255,5223,9408,0,0,0
736475,319,0,6356,9104,1,0,1
736476,65535,255,-32768,-32768,0,65535,0
736477,65535,255,-32768,-32768,0,65535,1
736478,266,0,2809,9877,1,0,1
736479,65535,255,4732,9597,0,0,0
736480,0,0,0,0,0,0,0
736481,0,0,0,0,0,0,0
736482,0,0,0,0,0,0,0
736483,65535,255,-32768,-32768,0,65535,0
736484,65535,255,4175,9632,0,0,0
736485,65535,255,5649,9359,0,0,0
736486,65535,255,6651,8995,0,0,1
736487,65535,255,-32768,-32768,0,65535,0
736488,65535,255,-32768,-32768,0,65535,1
736489,65535,255,3535,9795,0,0,0
736490,65535,255,5223,9464,0,0,0
736491,238,0,6355,9122,1,0,0
736492,0,0,0,0,0,0,0
736493,65535,255,-32768,-32768,0,65535,0
736494,65535,255,-32768,-32768,0,65535,0
736495,65535,255,4734,9552,0,0,0
736496,334,0,6023,9212,1,0,1
736497,0,0,0,0,0,0,0
736498,65535,255,-32768,-32768,0,65535,0
736499,65535,255,-32768,-32768,0,65535,1
736500,65535,255,4175,9665,0,0,0
736501,65535,255,5649,9314,0,0,0
736502,0,0,0,0,0,0,0
736503,0,0,0,0,0,0,0
736504,65535,255,-32768,-32768,0,65535,1
736505,65535,255,-32768,-32768,0,65535,1
736506,220,0,5223,9439,1,0,1
736507,284,0,6356,9107,1,0,1
736508,0,0,0,0,0,0,0
736509,65535,255,-32768,-32768,0,65535,0
736510,65535,255,-32768,-32768,0,65535,1
736511,65535,255,4736,9566,0,0,0
736512,187,0,6025,9211,1,0,1
736513,0,0,0,0,0,0,0
736514,65535,255,-32768,-32768,0,65535,1
736515,65535,255,-32768,-32768,0,65535,0
736516,259,0,4178,9687,1,0,1
736517,162,0,5651,9332,1,0,1
736518,65535,255,6654,8980,0,0,1
736519,65535,255,-32768,-32768,0,65535,1
736520,65535,255,-32768,-32768,0,65535,1
736521,243,0,3539,9803,1,0,1
736522,246,0,5224,9443,1,0,1
736523,132,0,6359,9080,1,0,0
736524,65535,255,-32768,-32768,0,65535,1
736525,65535,255,-32768,-32768,0,65535,1
736526,65535,255,2819,9798,0,0,0
736527,342,0,4736,9572,1,0,1
736528,233,0,6028,9198,1,0,1
736529,65535,255,6918,8884,0,0,1
736530,279,0,714,-7506,1,0,1
736531,363,0,2011,10029,1,0,1
736532,249,0,4183,9686,1,0,1
736533,65535,255,5652,9340,0,0,0
736534,65535,255,6654,8986,0,0,0
736535,65535,255,1600,-7624,0,0,0
736536,65535,255,1135,10105,0,0,0
736537,65535,255,3546,9740,0,0,0
736538,65535,255,5229,9426,0,0,0
736539,65535,255,6359,9102,0,0,0
736540,308,0,2420,-7432,1,0,1
736541,291,0,220,10477,1,0,1
736542,250,0,2823,9898,1,0,1
736543,65535,255,4743,9536,0,0,0
736544,65535,255,6029,9238,0,0,0
736545,65535,255,3160,-7310,0,0,0
736546,257,0,698,-7265,1,0,1
736547,65535,255,2022,9964,0,0,0
736548,280,0,4190,9664,1,0,1
736549,65535,255,5658,9325,0,0,0
736550,288,0,3813,-7229,1,0,1
736551,269,0,1589,-7605,1,0,1
736552,65535,255,1146,10075,0,0,0
736553,65535,255,3556,9706,0,0,0
736554,193,0,5235,9430,1,0,1
736555,351,0,4381,-7067,1,0,1
736556,212,0,2410,-7512,1,0,1
736557,160,0,241,9215,1,0,1
736558,158,0,2837,9810,1,0,1
736559,341,0,4752,9588,1,0,1
736560,65535,255,4880,-6961,0,0,0
736561,65535,255,3146,-7262,0,0,0
736562,233,0,685,-7848,1,0,1
736563,185,0,2037,9915,1,0,1
736564,205,0,4201,9648,1,0,1
736565,258,0,5312,-6856,1,0,1
736566,180,0,3800,-7224,1,0,1
736567,314,0,1567,-7608,1,0,1
736568,381,0,1169,10129,1,0,1
736569,190,0,3569,9730,1,0,1
736570,300,0,5243,9449,1,0,1
736571,329,0,4371,-7094,1,0,1
736572,65535,255,2390,-7528,0,0,0
736573,65535,255,257,9535,0,0,0
736574,208,0,2856,9838,1,0,1
736575,213,0,4766,9514,1,0,0
736576,233,0,4869,-6985,1,0,1
736577,280,0,3128,-7314,1,0,0
736578,65535,255,662,-7353,0,0,0
736579,303,0,2058,10023,1,0,1
736580,190,0,4215,9700,1,0,1
736581,272,0,5303,-6874,1,0,1
736582,202,2,3784,-7180,1,0,0
736583,277,0,1545,-7507,1,0,1
736584,65535,255,1192,10015,0,0,0
736585,172,0,3590,9710,1,0,1
736586,220,0,5258,9440,1,0,1
736587,244,0,4357,-7052,1,0,1
736588,65535,255,2371,-7439,0,0,0
736589,65535,255,273,10788,0,0,0
736590,65535,255,2866,9905,0,0,0
736591,65535,255,4768,9584,0,0,0
736592,65535,255,4868,-6963,0,0,0
736593,232,0,3132,-7284,1,0,1
736594,65535,255,666,-7783,0,0,0
736595,65535,255,2053,9992,0,0,0
736596,65535,255,4207,9695,0,0,0
736597,65535,255,5312,-6891,0,0,1
736598,181,0,3800,-7177,1,0,1
736599,65535,255,1572,-7524,0,0,0
736600,65535,255,1163,10045,0,0,0
736601,317,0,3569,9730,1,0,1
736602,194,0,5243,9455,1,0,0
736603,65535,255,4390,-7119,0,0,0
736604,299,0,2420,-7473,1,0,1
736605,65535,255,220,9876,0,0,0
736606,65535,255,2823,9951,0,0,0
736607,224,0,4743,9522,1,0,1
736608,256,0,4895,-6943,1,0,1
736609,187,2,3173,-7310,1,0,1
736610,65535,255,719,-7694,0,0,0
736611,209,0,2006,9995,1,0,1
736612,65535,255,4179,9636,0,0,0
736613,65535,255,5336,-6882,0,0,0
736614,65535,255,3832,-7213,0,0,0
736615,201,0,1616,-7420,1,0,1
736616,0,0,0,0,0,0,0
736617,0,0,0,0,0,0,0
736618,65535,255,5220,9453,0,0,0
736619,65535,255,4410,-7045,0,0,0
736620,0,0,0,0,0,0,0
736621,132,0,187,11057,1,0,1
736622,165,0,2800,9866,1,0,1
736623,65535,255,4726,9579,0,0,0
736624,235,0,4913,-7005,1,0,1
736625,253,0,3191,-7278,1,0,0
736626,65535,255,742,-7600,0,0,0
736627,65535,255,1979,9983,0,0,0
736628,65535,255,4160,9640,0,0,0
736629,65535,255,5347,-6816,0,0,0
736630,65535,255,3852,-7240,0,0,0
736631,65535,255,1638,-7519,0,0,0
736632,322,0,1090,10292,1,0,1
736633,164,0,3514,9719,1,0,1
736634,288,2,5209,9415,1,0,1
736635,65535,255,4424,-7105,0,0,0
736636,65535,255,2469,-7477,0,0,0
736637,141,2,168,10365,1,0,1
736638,65535,255,2781,9846,0,0,0
736639,65535,255,4713,9570,0,0,0
736640,65535,255,4922,-7007,0,0,0
736641,156,0,3209,-7294,1,0,1
736642,65535,255,766,-7729,0,0,0
736643,193,0,1958,10053,1,0,1
736644,65535,255,4146,9677,0,0,0
736645,338,0,5352,-6852,1,0,1
736646,322,0,3860,-7183,1,0,1
736647,120,0,1655,-7378,1,0,0
736648,190,0,1073,10111,1,0,1
736649,65535,255,3497,9817,0,0,0
736650,196,0,5197,9474,1,0,1
736651,65535,255,4431,-7096,0,0,0
736652,65535,255,2479,-7462,0,0,0
736653,65535,255,151,10387,0,0,0
736654,65535,255,2767,9859,0,0,0
736655,65535,255,4704,9584,0,0,0
736656,65535,255,4925,-6940,0,0,0
736657,0,0,0,0,0,0,0
736658,65535,255,779,-7299,0,0,0
736659,0,0,0,0,0,0,0
736660,65535,255,4140,9623,0,0,0
736661,249,0,5355,-6817,1,0,1
736662,65535,255,3865,-7165,0,0,0
736663,65535,255,1666,-7613,0,0,0
736664,147,0,1067,9987,1,0,1
736665,121,0,3492,9792,1,0,1
736666,162,0,5192,9465,1,0,1
736667,65535,255,4435,-7088,0,0,0
736668,65535,255,2484,-7474,0,0,0
736669,65535,255,139,10868,0,0,0
736670,65535,255,2758,9883,0,0,1
736671,237,2,4698,9554,1,0,1
736672,362,2,4928,-6966,1,0,1
736673,440,2,3218,-7244,1,0,1
736674,340,0,783,-7598,1,0,1
736675,158,0,1941,10022,1,0,1
736676,281,0,4132,9681,1,0,0
736677,65535,255,5359,-6863,0,0,0
736678,65535,255,3869,-7211,0,0,0
736679,65535,255,1666,-7514,0,0,0
736680,65535,255,1063,9862,0,0,0
736681,171,0,3489,9767,1,0,1
736682,253,0,5190,9456,1,0,1
736683,65535,255,4434,-7081,0,0,0
736684,65535,255,2489,-7473,0,0,0
736685,65535,255,139,10154,0,0,0
736686,148,0,2758,9850,1,0,1
736687,118,0,4695,9592,1,0,1
736688,280,0,4928,-6960,1,0,1
736689,65535,255,3218,-7243,0,0,0
736690,301,0,783,-7639,1,0,1
736691,115,0,1942,10056,1,0,1
736692,329,0,4132,9702,1,0,1
736693,178,0,5359,-6878,1,0,1
736694,326,0,3869,-7225,1,0,1
736695,398,0,1666,-7632,1,0,1
736696,177,0,1061,10082,1,0,1
736697,298,2,3488,9837,1,0,1
736698,65535,255,5192,9420,0,0,0
736699,171,2,4434,-7043,1,0,1
736700,185,0,2484,-7397,1,0,1
736701,154,0,144,9928,1,0,1
736702,158,0,2762,9861,1,0,1
736703,65535,255,4701,9545,0,0,0
736704,359,0,4928,-6976,1,0,1
736705,118,0,3218,-7272,1,0,1
736706,65535,255,778,-7811,0,0,0
736707,65535,255,1953,9886,0,0,0
736708,65535,255,4143,9631,0,0,0
736709,235,0,5356,-6835,1,0,1
736710,65535,255,3864,-7189,0,0,0
736711,268,0,1660,-7475,1,0,1
736712,175,0,1074,9865,3,0,1
736713,260,0,3496,9784,1,0,1
736714,188,0,5197,9470,1,0,1
736715,295,0,4431,-7114,1,0,1
736716,265,0,2474,-7347,1,0,1
736717,301,0,158,9322,1,0,1
736718,65535,255,2771,9838,0,0,0
736719,266,0,4707,9596,1,0,1
736720,286,0,4922,-6967,1,0,1
736721,311,0,3208,-7273,1,0,1
736722,263,0,766,-7814,1,0,1
736723,199,0,1964,9903,1,0,1
736724,237,0,4150,9644,1,0,1
736725,306,0,5352,-6851,1,0,1
736726,65535,255,3856,-7214,0,0,0
736727,65535,255,1649,-7555,0,0,0
736728,65535,255,1090,10050,0,0,0
736729,65535,255,3509,9834,0,0,0
736730,65535,255,5205,9428,0,0,0
736731,145,2,4424,-7065,1,0,1
736732,65535,255,2464,-7464,0,0,0
736733,65535,255,171,11342,0,0,0
736734,65535,255,2785,9959,0,0,0
736735,65535,255,4719,9571,0,0,0
736736,65535,255,4915,-6952,0,0,0
736737,65535,255,3195,-7246,0,0,0
736738,65535,255,748,-7776,0,0,0
736739,65535,255,1985,9887,0,0,0
736740,65535,255,4164,9642,0,0,0
736741,374,0,5344,-6853,1,0,1
736742,456,0,3844,-7224,1,0,1
736743,272,0,1633,-7598,1,0,1
736744,65535,255,1106,10109,0,0,0
736745,269,0,3526,9728,1,0,1
736746,198,2,5217,9446,1,0,1
736747,65535,255,4410,-7092,0,0,0
736748,65535,255,2445,-7371,0,0,0
736749,65535,255,193,9484,0,0,0
736750,65535,255,2804,9846,0,0,0
736751,65535,255,4733,9521,0,0,0
736752,248,0,4904,-6988,1,0,1
736753,225,2,3181,-7325,1,0,0
736754,65535,255,726,-7417,0,0,0
736755,71,0,2000,10032,1,0,1
736756,160,0,4175,9709,1,0,1
736757,171,0,5333,-6827,1,0,1
736758,0,0,0,0,0,0,0
736759,65535,255,1605,-7541,0,0,0
736760,209,2,1129,10048,1,0,0
736761,238,0,3543,9717,1,0,1
736762,195,0,5229,9443,1,0,1
736763,286,0,4397,-7095,1,0,1
736764,381,0,2420,-7339,1,0,1
736765,406,0,220,9879,1,0,1
736766,65535,255,2828,9875,0,0,0
736767,164,0,4746,9536,1,0,1
736768,65535,255,4889,-7002,0,0,0
736769,176,0,3160,-7367,1,0,1
736770,294,0,696,-7693,1,0,1
736771,170,0,2027,9885,1,0,1
736772,65535,255,4197,9650,0,0,0
736773,314,0,5320,-6869,1,0,0
736774,65535,255,3808,-7261,0,0,0
736775,65535,255,1578,-7399,0,0,0
736776,65535,255,1164,9874,0,0,0
736777,65535,255,3565,9807,0,0,0
736778,65535,255,5244,9424,0,0,0
736779,65535,255,4373,-7074,0,0,0
736780,65535,255,2395,-7513,0,0,0
736781,65535,255,256,9660,0,0,0
736782,316,0,2852,9873,1,0,1
736783,242,0,4766,9520,1,0,1
736784,164,0,4871,-6934,1,0,1
736785,324,0,3137,-7292,1,0,1
736786,205,2,673,-7549,1,0,1
736787,65535,255,2048,9930,0,0,0
736788,343,0,4204,9695,1,0,1
736789,350,2,5310,-6857,1,0,1
736790,65535,255,3796,-7161,0,0,0
736791,65535,255,1567,-7586,0,0,0
736792,248,0,1165,10183,1,0,1
736793,275,0,3569,9713,1,0,1
736794,308,0,5242,9441,1,0,1
736795,212,0,4374,-7067,1,0,1
736796,247,0,2395,-7368,1,0,1
736797,312,0,246,11128,1,0,1
736798,278,0,2843,9874,1,0,1
736799,65535,255,4756,9575,0,0,0
736800,244,0,4877,-6993,1,0,1
736801,220,0,3142,-7243,1,0,0
736802,65535,255,679,-7357,0,0,0
736803,334,0,2038,9900,1,0,1
736804,243,0,4197,9697,1,0,1
736805,412,0,5313,-6855,1,0,1
736806,463,0,3800,-7168,1,0,1
736807,325,0,1578,-7626,1,0,1
736808,482,0,1164,9931,1,0,1
736809,65535,255,3561,9741,0,0,0
736810,65535,255,5241,9420,0,0,0
736811,0,0,0,0,0,0,0
736812,65535,255,2400,-7459,0,0,0
736813,65535,255,243,9910,0,0,0
736814,251,0,2839,9912,1,0,1
736815,187,0,4753,9535,1,0,1
736816,65535,255,4877,-6965,0,0,0
736817,227,0,3146,-7359,1,0,1
736818,65535,255,686,-7399,0,0,0
736819,65535,255,2036,9919,0,0,0
736820,127,0,4197,9691,1,0,1
736821,172,0,5662,9320,1,0,1
736822,65535,255,3804,-7175,0,0,0
736823,65535,255,1578,-7667,0,0,0
736824,65535,255,1158,10017,0,0,0
736825,65535,255,3561,9784,0,0,0
736826,65535,255,5241,9446,0,0,0
736827,65535,255,6367,9101,0,0,0
736828,65535,255,2400,-7340,0,0,0
736829,65535,255,240,11151,0,0,0
736830,65535,255,2842,9896,0,0,0
736831,142,0,4756,9506,1,0,1
736832,173,0,6039,9200,1,0,1
736833,65535,255,6927,8874,0,0,0
736834,65535,255,685,-7890,0,0,0
736835,154,0,2037,10090,1,0,1
736836,193,0,4201,9691,1,0,0
736837,243,0,5667,9324,1,0,1
736838,65535,255,6663,8994,0,0,1
736839,65535,255,-32768,-32768,0,65535,0
736840,65535,255,1163,10132,0,0,0
736841,65535,255,3565,9817,0,0,0
736842,338,0,5244,9450,1,0,1
736843,182,0,6370,9122,1,0,1
736844,65535,255,-32768,-32768,0,65535,1
736845,65535,255,-32768,-32768,0,65535,1
736846,153,0,2847,9830,1,0,1
736847,198,0,4759,9569,1,0,1
736848,246,0,6043,9187,1,0,1
736849,0,0,0,0,0,0,0
736850,65535,255,-32768,-32768,0,65535,0
736851,65535,255,-32768,-32768,0,65535,0
736852,65535,255,4208,9689,0,0,0
736853,183,0,5671,9328,1,0,1
736854,0,0,0,0,0,0,0
736855,0,0,0,0,0,0,0
736856,65535,255,-32768,-32768,0,65535,0
736857,272,0,3578,9722,1,0,1
736858,173,0,5249,9419,1,0,1
736859,251,0,6374,9088,1,0,1
736860,0,0,0,0,0,0,0
736861,65535,255,-32768,-32768,0,65535,0
736862,65535,255,-32768,-32768,0,65535,1
736863,65535,255,4769,9527,0,0,0
736864,65535,255,6047,9222,0,0,0
736865,0,0,0,0,0,0,0
736866,65535,255,-32768,-32768,0,65535,1
736867,65535,255,-32768,-32768,0,65535,1
736868,253,0,4215,9668,1,0,1
736869,65535,255,5678,9313,0,0,0
736870,0,0,0,0,0,0,0
736871,65535,255,-32768,-32768,0,65535,0
736872,65535,255,-32768,-32768,0,65535,1
736873,65535,255,3586,9721,0,0,0
736874,65535,255,5257,9422,0,0,0
736875,0,0,0,0,0,0,0
736876,0,0,0,0,0,0,0
736877,65535,255,-32768,-32768,0,65535,1
736878,65535,255,-32768,-32768,0,65535,1
736879,258,0,4775,9549,1,0,1
736880,254,0,6051,9222,1,0,1
736881,0,0,0,0,0,0,0
736882,65535,255,-32768,-32768,0,65535,0
736883,65535,255,-32768,-32768,0,65535,1
736884,242,0,4226,9651,1,0,1
736885,65535,255,5684,9342,0,0,0
736886,65535,255,6676,8986,0,0,0
736887,65535,255,-32768,-32768,0,65535,1
736888,154,0,1203,9987,1,0,1
736889,274,0,3599,9795,1,0,1
736890,65535,255,5264,9445,0,0,0
736891,278,0,6384,9076,1,0,1
736892,65535,255,-32768,-32768,0,65535,0
736893,284,0,291,10750,1,0,1
736894,284,0,2884,9912,1,0,1
736895,252,0,4785,9534,1,0,1
736896,305,0,6058,9218,1,0,1
736897,65535,255,6941,8862,0,0,1
736898,65535,255,633,-7285,0,0,0
736899,145,2,2079,10021,1,0,0
736900,127,2,4230,9604,1,0,1
736901,167,0,5684,9301,1,0,1
736902,65535,255,6675,8973,0,0,1
736903,65535,255,1540,-7611,0,0,0
736904,336,0,1197,10182,1,0,1
736905,133,0,3590,9762,1,0,1
736906,65535,255,5258,9401,0,0,0
736907,65535,255,6379,9100,0,0,0
736908,199,0,2375,-7449,1,0,1
736909,209,0,276,9219,1,0,1
736910,165,0,2866,9827,1,0,1
736911,135,0,4769,9520,1,0,1
736912,320,0,4866,-7001,1,0,1
736913,256,0,3129,-7362,1,0,1
736914,304,0,661,-7699,1,0,1
736915,266,0,2059,9914,1,0,1
736916,65535,255,4211,9669,0,0,0
736917,258,0,5307,-6881,1,0,1
736918,225,0,3792,-7169,1,0,1
736919,65535,255,1562,-7502,0,0,0
736920,368,0,1174,10074,1,0,1
736921,323,0,3574,9739,1,0,1
736922,237,0,5244,9465,1,0,1
736923,65535,255,4374,-7130,0,0,0
736924,219,0,2395,-7433,1,0,1
736925,65535,255,246,11125,0,0,0
736926,65535,255,2847,9830,0,0,0
736927,149,0,4756,9523,1,0,1
736928,357,0,4878,-7008,1,0,1
736929,198,0,3146,-7377,1,0,1
736930,362,2,685,-7839,1,0,1
736931,282,0,2037,9964,1,0,1
736932,65535,255,4197,9698,0,0,0
736933,336,0,5315,-6829,1,0,1
736934,424,0,3804,-7213,1,0,1
736935,65535,255,1578,-7419,0,0,0
736936,185,0,1153,9960,1,0,1
736937,267,0,3557,9716,1,0,1
736938,65535,255,5235,9458,0,0,0
736939,65535,255,4384,-7121,0,0,0
736940,65535,255,2410,-7431,0,0,0
736941,65535,255,229,11121,0,0,0
736942,65535,255,2833,9832,0,0,0
736943,125,0,4747,9531,3,0,1
736944,308,0,4886,-6934,1,0,1
736945,295,0,3155,-7259,1,0,1
736946,65535,255,697,-7264,0,0,0
736947,65535,255,2016,10047,0,0,0
736948,65535,255,4187,9632,0,0,0
736949,65535,255,5323,-6861,0,0,0
736950,65535,255,3816,-7149,0,0,0
736951,230,0,1595,-7498,1,0,1
736952,65535,255,1135,10107,0,0,0
736953,65535,255,3548,9761,0,0,0
736954,65535,255,5230,9414,0,0,0
736955,65535,255,4394,-7074,0,0,0
736956,65535,255,2420,-7337,0,0,0
736957,65535,255,214,10488,0,0,0
736958,65535,255,2819,9967,0,0,0
736959,240,0,4743,9515,1,0,1
736960,404,0,4892,-7010,1,0,1
736961,65535,255,3164,-7248,0,0,0
736962,65535,255,709,-7269,0,0,0
736963,65535,255,2011,10064,0,0,0
736964,65535,255,4183,9647,0,0,0
736965,65535,255,5328,-6879,0,0,0
736966,65535,255,3824,-7186,0,0,0
736967,258,0,1628,-7641,1,0,1
736968,65535,255,1107,10015,0,0,0
736969,65535,255,3522,9769,0,0,0
736970,65535,255,5215,9443,0,0,0
736971,65535,255,4414,-7043,0,0,0
736972,65535,255,2449,-7339,0,0,0
736973,65535,255,182,11267,0,0,0
736974,130,0,2790,9889,1,0,1
736975,271,0,4721,9563,1,0,1
736976,65535,255,4913,-6944,0,0,0
736977,293,0,3199,-7334,1,0,1
736978,65535,255,755,-7909,0,0,0
736979,320,0,1974,10114,1,0,1
736980,182,0,4154,9696,1,0,1
736981,261,0,5349,-6864,1,0,1
736982,310,0,3852,-7201,1,0,1
736983,282,0,1644,-7439,1,0,1
736984,240,0,1090,10169,1,0,1
736985,159,0,3509,9832,1,0,1
736986,200,0,5204,9431,1,0,1
736987,204,2,4427,-7104,1,0,1
736988,65535,255,2469,-7478,0,0,0
736989,65535,255,163,10780,0,0,0
736990,65535,255,2776,9869,0,0,0
736991,246,0,4710,9594,1,0,1
736992,245,0,4921,-6942,1,0,1
736993,65535,255,3213,-7342,0,0,1
736994,300,0,766,-7338,1,0,1
736995,134,2,1964,9901,1,0,1
736996,219,0,4146,9622,1,0,1
736997,65535,255,5355,-6818,0,0,0
736998,269,0,3864,-7225,1,0,1
736999,65535,255,1660,-7595,0,0,0
737000,179,0,1073,9986,1,0,1
737001,65535,255,3501,9791,0,0,0
737002,65535,255,5197,9464,0,0,0
737003,65535,255,4434,-7089,0,0,0
737004,65535,255,2479,-7463,0,0,0
737005,65535,255,151,10594,0,0,0
737006,65535,255,2767,9871,0,0,0
737007,65535,255,4704,9581,0,0,0
737008,65535,255,4928,-6956,0,0,0
737009,190,0,3217,-7327,1,0,1
737010,65535,255,777,-7556,0,0,0
737011,107,0,1952,10004,1,0,1
737012,65535,255,4139,9672,0,0,0
737013,357,0,5357,-6860,1,0,1
737014,208,0,3868,-7205,1,0,1
737015,65535,255,1660,-7495,0,0,0
737016,219,0,1071,10035,1,0,1
737017,65535,255,3497,9766,0,0,0
737018,65535,255,5195,9455,0,0,0
737019,343,0,4434,-7082,1,0,1
737020,228,2,2483,-7462,1,0,1
737021,65535,255,145,10848,0,0,0
737022,65535,255,2762,9894,0,0,0
737023,162,2,4704,9526,1,0,1
737024,65535,255,4928,-6983,0,0,0
737025,212,2,3218,-7282,1,0,1
737026,65535,255,777,-7811,0,0,1
737027,65535,255,1951,9936,0,0,0
737028,65535,255,4140,9624,0,0,0
737029,65535,255,5355,-6827,0,0,0
737030,251,0,3864,-7167,1,0,0
737031,65535,255,1661,-7417,0,0,0
737032,306,0,1067,10267,1,0,1
737033,65535,255,3497,9748,0,0,0
737034,265,0,5195,9450,1,0,1
737035,363,0,4431,-7082,1,0,1
737036,270,0,2479,-7475,1,0,1
737037,65535,255,153,11254,0,0,0
737038,65535,255,2767,9927,0,0,0
737039,172,0,4704,9549,1,0,1
737040,0,0,0,0,0,0,0
737041,65535,255,3213,-7340,0,0,0
737042,65535,255,772,-7426,0,0,0
737043,65535,255,1953,10004,0,0,0
737044,394,0,4143,9686,1,0,1
737045,309,2,5353,-6875,1,0,1
737046,352,2,3861,-7252,1,0,0
737047,255,2,1655,-7634,1,0,0
737048,192,0,1079,10142,1,0,0
737049,65535,255,3502,9722,0,0,0
737050,194,2,5198,9439,1,0,1
737051,65535,255,4424,-7077,0,0,0
737052,65535,255,2474,-7475,0,0,0
737053,187,0,160,11423,1,0,1
737054,155,0,2772,9949,1,0,1
737055,65535,255,4711,9566,0,0,0
737056,0,0,0,0,0,0,0
737057,65535,255,3204,-7323,0,0,0
737058,248,0,760,-7642,1,0,1
737059,0,0,0,0,0,0,0
737060,264,0,4151,9622,1,0,1
737061,65535,255,5347,-6837,0,0,0
737062,213,0,3852,-7191,1,0,1
737063,323,0,1644,-7516,1,0,1
737064,65535,255,1090,9958,0,0,0
737065,247,0,3510,9816,1,0,1
737066,65535,255,5207,9417,0,0,0
737067,65535,255,4417,-7053,0,0,0
737068,65535,255,2459,-7438,0,0,0
737069,65535,255,175,10931,0,0,0
737070,65535,255,2786,9936,0,0,0
737071,65535,255,4717,9564,0,0,0
737072,65535,255,4910,-6942,0,0,0
737073,234,0,3191,-7237,1,0,1
737074,280,0,742,-7733,1,0,1
737075,65535,255,1985,9887,0,0,0
737076,65535,255,4161,9642,0,0,0
737077,65535,255,5339,-6854,0,0,0
737078,270,0,3840,-7224,1,0,1
737079,289,0,1627,-7619,1,0,1
737080,163,0,1107,10138,1,0,0
737081,65535,255,3526,9736,0,0,0
737082,65535,255,5217,9455,0,0,0
737083,366,0,4407,-7105,1,0,1
737084,315,0,2439,-7350,1,0,1
737085,65535,255,197,9841,0,0,0
737086,0,0,0,0,0,0,0
737087,65535,255,4733,9533,0,0,0
737088,65535,255,4901,-7005,0,0,0
737089,250,0,3177,-7355,1,0,1
737090,166,0,725,-7781,1,0,1
737091,65535,255,2006,9918,0,0,0
737092,65535,255,4179,9660,0,0,0
737093,65535,255,5330,-6871,0,0,0
737094,65535,255,3828,-7257,0,0,0
737095,237,0,1600,-7378,1,0,1
737096,65535,255,1130,10282,0,0,0
737097,0,0,0,0,0,0,0
737098,65535,255,5229,9412,0,0,1
737099,65535,255,4393,-7051,0,0,1
737100,65535,255,2420,-7458,0,0,0
737101,65535,255,223,11220,0,0,0
737102,65535,255,2828,9809,0,0,0
737103,65535,255,4747,9558,0,0,0
737104,65535,255,4889,-6981,0,0,0
737105,332,2,3154,-7280,1,0,1
737106,346,0,693,-7562,1,0,1
737107,203,0,2032,9995,1,0,1
737108,179,2,4196,9698,1,0,1
737109,65535,255,5317,-6826,0,0,0
737110,65535,255,3807,-7191,0,0,0
737111,65535,255,1578,-7565,0,0,0
737112,65535,255,1163,10103,0,0,1
737113,65535,255,3569,9739,0,0,0
737114,65535,255,5243,9460,0,0,0
737115,65535,255,4376,-7125,0,0,0
737116,65535,255,2394,-7408,0,0,0
737117,65535,255,250,10712,0,0,0
737118,65535,255,2852,9960,0,0,0
737119,277,0,4765,9585,1,0,1
737120,65535,255,4871,-6951,0,0,0
737121,65535,255,3137,-7302,0,0,0
737122,996,1,667,-7599,1,0,1
737123,65535,255,2053,9929,0,0,0
737124,65535,255,4207,9696,0,0,0
737125,65535,255,5311,-6842,0,0,0
737126,65535,255,3800,-7255,0,0,0
737127,229,0,1567,-7483,1,0,1
737128,65535,255,1169,10130,0,0,0
737129,0,0,0,0,0,0,0
737130,65535,255,5243,9429,0,0,0
737131,65535,255,4380,-7105,0,0,0
737132,65535,255,2399,-7433,0,0,0
737133,260,0,246,9373,1,0,1
737134,65535,255,2842,9896,0,0,0
737135,65535,255,4756,9575,0,0,0
737136,65535,255,4880,-6988,0,0,0
737137,65535,255,3150,-7378,0,0,0
737138,65535,255,688,-7553,0,0,0
737139,65535,255,2032,10075,0,0,0
737140,65535,255,4197,9664,0,0,0
737141,65535,255,5318,-6855,0,0,0
737142,331,0,3808,-7222,1,0,1
737143,65535,255,1578,-7419,0,0,0
737144,65535,255,1152,10045,0,0,0
737145,196,0,3560,9766,1,0,1
737146,185,0,5238,9426,1,0,1
737147,287,0,4387,-7110,1,0,1
737148,65535,255,2410,-7444,0,0,0
737149,65535,255,233,9613,0,0,0
737150,65535,255,2833,9930,0,0,0
737151,65535,255,4749,9528,0,0,0
737152,344,0,4886,-6992,1,0,1
737153,65535,255,3155,-7280,0,0,0
737154,65535,255,696,-7551,0,0,0
737155,65535,255,2027,9932,0,0,0
737156,408,0,4190,9713,1,0,1
737157,232,0,5323,-6858,1,0,1
737158,65535,255,3812,-7173,0,0,0
737159,65535,255,1589,-7624,0,0,0
737160,65535,255,1147,9901,0,0,0
737161,312,2,3553,9733,1,0,1
737162,65535,255,5232,9407,0,0,0
737163,65535,255,4387,-7089,0,0,0
737164,65535,255,2415,-7418,0,0,0
737165,65535,255,228,9448,0,0,0
737166,65535,255,2828,9920,0,0,0
737167,155,0,4747,9507,1,0,1
737168,284,0,4886,-6935,1,0,1
737169,168,0,3159,-7298,1,0,1
737170,264,0,702,-7692,1,0,1
737171,184,0,2016,9997,1,0,1
737172,305,0,4187,9645,1,0,1
737173,327,0,5323,-6875,1,0,1
737174,262,0,3816,-7227,1,0,1
737175,229,0,1595,-7479,1,0,1
737176,458,0,1141,10193,1,0,1
737177,65535,255,3548,9819,0,0,0
737178,185,0,5230,9464,1,0,1
737179,65535,255,4387,-7070,0,0,0
737180,65535,255,2415,-7378,0,0,0
737181,307,0,230,9168,1,0,1
737182,65535,255,2823,9910,0,0,0
737183,65535,255,4744,9514,0,0,0
737184,65535,255,6029,9203,0,0,0
737185,65535,255,3159,-7327,0,0,0
737186,418,0,702,-7833,1,0,1
737187,65535,255,2017,10061,0,0,0
737188,268,0,4187,9672,1,0,0
737189,65535,255,5658,9308,0,0,0
737190,65535,255,6655,9000,0,0,0
737191,65535,255,1594,-7622,0,0,0
737192,210,0,1142,9959,1,0,1
737193,65535,255,3552,9759,0,0,0
737194,0,0,0,0,0,0,0
737195,65535,255,6362,9095,0,0,0
737196,65535,255,-32768,-32768,0,65535,0
737197,65535,255,228,11053,0,0,0
737198,128,0,2828,9887,1,0,1
737199,218,0,4746,9562,1,0,1
737200,65535,255,6033,9202,0,0,0
737201,65535,255,6922,8873,0,0,0
737202,65535,255,-32768,-32768,0,65535,0
737203,65535,255,2023,10059,0,0,0
737204,164,0,4190,9699,1,0,0
737205,220,0,5660,9330,1,0,1
737206,65535,255,6659,8969,0,0,1
737207,65535,255,-32768,-32768,0,65535,1
737208,65535,255,-32768,-32768,0,65535,0
737209,65535,255,3557,9793,0,0,0
737210,179,0,5238,9406,1,0,1
737211,65535,255,6366,9110,0,0,0
737212,65535,255,-32768,-32768,0,65535,0
737213,65535,255,-32768,-32768,0,65535,1
737214,176,0,2837,9864,1,0,1
737215,65535,255,4753,9588,0,0,0
737216,65535,255,6037,9201,0,0,0
737217,0,0,0,0,0,0,0
737218,65535,255,-32768,-32768,0,0,0
737219,65535,255,-32768,-32768,0,65535,0
737220,316,0,4201,9616,1,0,1
737221,211,0,5664,9347,1,0,1
737222,65535,255,6663,8984,0,0,1
737223,0,0,0,0,0,0,0
737224,65535,255,-32768,-32768,0,65535,0
737225,65535,255,-32768,-32768,0,65535,1
737226,134,0,5243,9446,1,0,0
737227,65535,255,6371,9108,0,0,0
737228,0,0,0,0,0,0,0
737229,65535,255,-32768,-32768,0,65535,0
737230,65535,255,-32768,-32768,0,65535,1
737231,148,0,4762,9563,1,0,1
737232,143,0,6043,9188,1,0,1
737233,0,0,0,0,0,0,0
737234,65535,255,-32768,-32768,0,65535,1
737235,65535,255,-32768,-32768,0,65535,1
737236,204,0,4211,9614,1,0,1
737237,110,0,5673,9352,1,0,0
737238,65535,255,6669,8989,0,0,1
737239,65535,255,-32768,-32768,0,65535,1
737240,65535,255,-32768,-32768,0,65535,0
737241,443,1,3582,9798,1,0,1
737242,318,0,5252,9469,1,0,1
737243,65535,255,6376,9124,0,0,0
737244,65535,255,-32768,-32768,0,65535,0
737245,65535,255,-32768,-32768,0,65535,0
737246,65535,255,2865,9893,0,0,0
737247,157,0,4772,9520,1,0,1
737248,65535,255,6049,9222,0,0,0
737249,65535,255,6936,8866,0,0,1
737250,65535,255,-32768,-32768,0,65535,1
737251,382,2,2069,10054,1,0,1
737252,65535,255,4222,9687,0,0,0
737253,140,0,5681,9330,1,0,0
737254,65535,255,6675,8977,0,0,0
737255,65535,255,-32768,-32768,0,65535,1
737256,65535,255,1203,9933,0,0,0
737257,65535,255,3594,9779,0,0,0
737258,349,0,5263,9461,1,0,1
737259,270,0,6384,9110,1,0,1
737260,65535,255,-32768,-32768,0,65535,1
737261,199,0,284,9831,1,0,1
737262,65535,255,2875,9903,0,0,0
737263,65535,255,4778,9565,0,0,0
737264,65535,255,6052,9217,0,0,0
737265,65535,255,6937,8867,0,0,1
737266,65535,255,650,-7450,0,0,0
737267,104,0,2068,10105,1,0,1
737268,65535,255,4222,9653,0,0,0
737269,160,0,5679,9339,1,0,1
737270,65535,255,6672,9007,0,0,0
737271,243,0,1545,-7525,1,0,1
737272,289,0,1186,10127,1,0,1
737273,232,0,3586,9763,1,0,1
737274,65535,255,5255,9407,0,0,0
737275,304,0,4363,-7062,1,0,1
737276,65535,255,2385,-7513,0,0,0
737277,65535,255,267,9932,0,0,0
737278,183,0,2861,9915,1,0,1
737279,65535,255,4765,9579,0,0,0
737280,233,0,4871,-6977,1,0,1
737281,65535,255,3132,-7341,0,0,0
737282,65535,255,667,-7696,0,0,0
737283,249,0,2053,9930,1,0,1
737284,250,0,4208,9690,1,0,1
737285,276,0,5306,-6827,1,0,1
737286,65535,255,3796,-7215,0,0,0
737287,170,0,1562,-7669,1,0,1
737288,65535,255,1175,9903,0,0,0
737289,235,2,3571,9767,1,0,1
737290,223,0,5244,9455,1,0,1
737291,212,0,4373,-7124,1,0,1
737292,65535,255,2395,-7446,0,0,0
737293,233,0,252,9384,1,0,1
737294,152,0,2847,9873,1,0,1
737295,159,0,4759,9557,1,0,1
737296,65535,255,4874,-6965,0,0,0
737297,65535,255,3141,-7319,0,0,0
737298,65535,255,678,-7596,0,0,0
737299,188,0,2043,9915,1,0,1
737300,295,0,4201,9691,1,0,1
737301,65535,255,5312,-6830,0,0,0
737302,65535,255,3800,-7229,0,0,0
737303,65535,255,1568,-7397,0,0,0
737304,65535,255,1164,9959,0,0,0
737305,65535,255,3565,9732,0,0,0
737306,65535,255,5238,9472,0,0,0
737307,248,0,4377,-7052,1,0,1
737308,180,0,2405,-7510,1,0,1
737309,339,0,243,10176,1,0,0
737310,65535,255,2838,9952,0,0,0
737311,65535,255,4756,9512,0,0,0
737312,284,0,4880,-7007,1,0,1
737313,65535,255,3146,-7250,0,0,0
737314,65535,255,685,-7307,0,0,0
737315,202,0,2032,10075,1,0,1
737316,313,0,4198,9658,1,0,1
737317,65535,255,5315,-6887,0,0,0
737318,308,0,3804,-7205,1,0,1
737319,65535,255,1578,-7666,0,0,0
737320,65535,255,1159,9931,0,0,0
737321,65535,255,3561,9724,0,0,0
737322,218,0,5235,9473,1,0,1
737323,167,0,4380,-7058,1,0,1
737324,274,0,2405,-7338,1,0,1
737325,65535,255,238,10592,0,0,0
737326,126,0,2838,9809,1,0,1
737327,258,0,4753,9536,1,0,1
737328,150,0,4880,-6947,1,0,1
737329,154,0,3150,-7308,1,0,1
737330,214,0,690,-7645,1,0,1
737331,216,0,2011,9978,1,0,1
737332,337,0,4179,9649,1,0,1
737333,207,0,5328,-6831,1,0,1
737334,65535,255,3824,-7152,0,0,0
737335,65535,255,1606,-7645,0,0,0
737336,390,0,1130,10043,1,0,1
737337,178,0,3535,9800,1,0,1
737338,235,0,5223,9466,1,0,1
737339,65535,255,4400,-7085,0,0,0
737340,65535,255,2434,-7457,0,0,0
737341,65535,255,203,10497,0,0,0
737342,272,0,2810,9863,1,0,1
737343,163,0,4733,9588,1,0,1
737344,65535,255,4901,-6947,0,0,0
737345,65535,255,3182,-7357,0,0,0
737346,275,0,725,-7370,1,0,1
737347,301,0,1996,9947,1,0,1
737348,153,0,4172,9637,1,0,1
737349,65535,255,5336,-6833,0,0,0
737350,65535,255,3836,-7158,0,0,0
737351,252,2,1622,-7682,1,0,1
737352,364,0,1113,10134,1,0,1
737353,65535,255,3527,9803,0,0,0
737354,165,0,5217,9412,1,0,1
737355,65535,255,4410,-7127,0,0,0
737356,336,0,2444,-7352,1,0,1
737357,65535,255,194,9146,0,0,0
737358,65535,255,2800,9966,0,0,0
737359,65535,255,4727,9561,0,0,0
737360,0,0,0,0,0,0,0
737361,65535,255,3186,-7317,0,0,0
737362,65535,255,737,-7916,0,0,0
737363,65535,255,1985,10096,0,0,0
737364,0,0,0,0,0,0,0
737365,65535,255,5344,-6851,0,0,0
737366,65535,255,3844,-7172,0,0,0
737367,65535,255,1633,-7660,0,0,0
737368,160,2,1101,10016,1,0,1
737369,65535,255,3518,9788,0,0,0
737370,65535,255,5211,9450,0,0,0
737371,65535,255,4417,-7055,0,0,0
737372,65535,255,2459,-7363,0,0,0
737373,65535,255,179,8859,0,0,0
737374,65535,255,2786,9924,0,0,0
737375,65535,255,4720,9522,0,0,0
737376,65535,255,4915,-6960,0,0,0
737377,0,0,0,0,0,0,0
737378,208,2,755,-7335,1,0,1
737379,197,2,1969,9903,1,0,1
737380,65535,255,4152,9663,0,0,0
737381,143,0,5352,-6877,1,0,0
737382,178,0,3860,-7222,1,0,1
737383,65535,255,1649,-7497,0,0,0
737384,65535,255,1084,10263,0,0,0
737385,191,0,3505,9729,1,0,1
737386,65535,255,5203,9422,0,0,0
737387,65535,255,4427,-7122,0,0,0
737388,65535,255,2469,-7323,0,0,0
737389,65535,255,160,11420,0,0,0
737390,65535,255,2772,9904,0,0,0
737391,65535,255,4710,9518,0,0,0
737392,159,0,4924,-6957,1,0,1
737393,302,0,3213,-7370,1,0,1
737394,65535,255,766,-7424,0,0,0
737395,288,0,1958,9952,1,0,1
737396,65535,255,4146,9637,0,0,0
737397,65535,255,5355,-6827,0,0,0
737398,102,0,3864,-7144,1,0,1
737399,302,0,1660,-7634,1,0,1
737400,65535,255,1073,10018,0,0,0
737401,65535,255,3497,9800,0,0,0
737402,65535,255,5198,9464,0,0,0
737403,514,0,4430,-7089,1,0,1
737404,530,0,2478,-7462,1,0,1
737405,139,0,151,10388,1,0,1
737406,226,0,2767,9860,1,0,1
737407,65535,255,4704,9590,0,0,0
737408,390,0,4925,-6950,1,0,1
737409,258,0,3218,-7359,1,0,1
737410,0,0,0,0,0,0,0
737411,65535,255,1953,9953,0,0,0
737412,343,0,4140,9651,1,0,1
737413,65535,255,5358,-6840,0,0,0
737414,65535,255,3864,-7174,0,0,1
737415,65535,255,1661,-7397,0,0,0
737416,0,0,0,0,0,0,0
737417,65535,255,3495,9761,0,0,0
737418,65535,255,5195,9419,0,0,0
737419,163,0,4431,-7032,1,0,1
737420,217,0,2479,-7359,1,0,1
737421,65535,255,154,9084,0,0,0
737422,65535,255,2762,9974,0,0,0
737423,264,0,4701,9562,1,0,1
737424,212,0,4925,-6923,1,0,0
737425,65535,255,3217,-7320,0,0,0
737426,241,0,778,-7408,1,0,1
737427,183,2,1953,9920,1,0,1
737428,325,0,4140,9638,1,0,1
737429,327,0,5355,-6835,1,0,1
737430,325,0,3864,-7173,1,0,1
737431,65535,255,1660,-7416,0,0,0
737432,254,0,1068,10205,1,0,1
737433,0,0,0,0,0,0,0
737434,65535,255,5195,9435,0,0,0
737435,65535,255,4431,-7057,0,0,0
737436,270,0,2479,-7410,1,0,1
737437,236,0,150,9947,1,0,1
737438,224,0,2767,9849,1,0,1
737439,328,0,4701,9597,1,0,1
737440,320,0,4925,-6961,1,0,1
737441,298,0,3213,-7243,1,0,1
737442,65535,255,771,-7639,0,0,0
737443,65535,255,1953,10055,0,0,0
737444,65535,255,4140,9700,0,0,0
737445,65535,255,5355,-6879,0,0,0
737446,204,0,3865,-7243,1,0,1
737447,516,0,1655,-7673,1,0,1
737448,65535,255,1073,10143,0,0,0
737449,65535,255,3502,9714,0,0,0
737450,223,0,5198,9429,1,0,1
737451,352,0,4427,-7057,1,0,1
737452,65535,255,2474,-7424,0,0,0
737453,65535,255,156,10374,0,0,0
737454,144,0,2772,9871,1,0,1
737455,188,2,4708,9519,1,0,1
737456,65535,255,4922,-6977,0,0,0
737457,65535,255,3209,-7282,0,0,0
737458,65535,255,766,-7945,0,0,0
737459,65535,255,1964,9919,0,0,0
737460,163,2,4147,9644,1,0,0
737461,282,0,5350,-6846,1,0,1
737462,300,0,3856,-7198,1,0,1
737463,225,0,1644,-7496,1,0,1
737464,119,0,1091,9897,1,0,1
737465,65535,255,3510,9790,0,0,0
737466,0,0,0,0,0,0,0
737467,117,2,4424,-7115,1,0,0
737468,347,0,2464,-7360,1,0,1
737469,65535,255,170,9391,0,0,0
737470,233,0,2786,9836,1,0,1
737471,217,0,4717,9594,1,0,1
737472,289,0,4916,-6968,1,0,1
737473,175,0,3199,-7264,1,0,1
737474,323,0,754,-7816,1,0,1
737475,228,0,1980,9888,1,0,1
737476,210,0,4161,9635,1,0,1
737477,244,0,5344,-6843,1,0,1
737478,255,0,3848,-7199,1,0,1
737479,242,0,1633,-7517,1,0,1
737480,213,0,1102,9957,1,0,1
737481,548,0,3522,9815,1,0,1
737482,132,0,5215,9411,1,0,1
737483,65535,255,4413,-7041,0,0,0
737484,333,0,2449,-7414,1,0,1
737485,412,0,186,10530,1,0,1
737486,233,0,2799,9901,1,0,1
737487,334,0,4726,9546,1,0,1
737488,321,0,4907,-7009,1,0,1
737489,65535,255,3186,-7343,0,0,0
737490,65535,255,731,-7509,0,0,0
737491,65535,255,1995,10049,0,0,0
737492,65535,255,4172,9709,0,0,0
737493,309,0,5336,-6821,1,0,1
737494,368,2,3832,-7171,1,0,1
737495,65535,255,1611,-7459,0,0,0
737496,453,0,1125,9900,1,0,1
737497,330,0,3539,9795,1,0,1
737498,314,0,5226,9408,1,0,1
737499,174,0,4400,-7037,1,0,0
737500,65535,255,2429,-7417,0,0,0
737501,65535,255,208,10493,0,0,0
737502,65535,255,2818,9921,0,0,0
737503,317,0,4742,9554,1,0,1
737504,232,0,4894,-6935,1,0,1
737505,326,0,3168,-7376,1,0,1
737506,229,0,707,-7645,1,0,1
737507,301,0,2017,10071,1,0,1
737508,265,0,4190,9631,1,0,1
737509,363,0,5325,-6848,1,0,1
737510,212,0,3815,-7213,1,0,1
737511,166,0,1589,-7583,1,0,1
737512,174,0,1146,10104,1,0,1
737513,199,0,3557,9732,1,0,1
737514,207,0,5237,9451,1,0,1
737515,253,0,4387,-7104,1,0,1
737516,499,0,2404,-7354,1,0,1
737517,65535,255,238,9897,0,0,0
737518,65535,255,2842,9885,0,0,0
737519,65535,255,4756,9540,0,0,0
737520,65535,255,4880,-7010,0,0,0
737521,0,0,0,0,0,0,0
737522,65535,255,678,-7648,0,0,0
737523,124,0,2048,9868,1,0,1
737524,65535,255,4208,9641,0,0,0
737525,65535,255,5309,-6857,0,0,0
737526,65535,255,3796,-7200,0,0,0
737527,65535,255,1567,-7608,0,0,0
737528,65535,255,1169,10244,0,0,0
737529,65535,255,3569,9799,0,0,0
737530,65535,255,5244,9429,0,0,0
737531,65535,255,4376,-7092,0,0,0
737532,258,0,2400,-7367,1,0,1
737533,65535,255,244,10584,0,0,0
737534,220,0,2845,9857,1,0,1
737535,172,0,4756,9511,1,0,1
737536,65535,255,4880,-7003,0,0,0
737537,65535,255,3150,-7378,0,0,0
737538,0,0,0,0,0,0,0
737539,65535,255,2032,10011,0,0,0
737540,235,0,4198,9616,1,0,1
737541,65535,255,5320,-6854,0,0,0
737542,334,0,3812,-7260,1,0,1
737543,227,0,1583,-7460,1,0,1
737544,65535,255,1146,10046,0,0,0
737545,65535,255,3552,9751,0,0,0
737546,207,2,5235,9406,1,0,1
737547,244,0,4387,-7065,1,0,1
737548,65535,255,2415,-7325,0,0,0
737549,65535,255,220,10326,0,0,0
737550,65535,255,2824,9954,0,0,0
737551,65535,255,4747,9513,0,0,0
737552,238,0,6029,9217,1,0,1
737553,0,0,0,0,0,0,0
737554,65535,255,704,-7436,0,0,0
737555,65535,255,2011,10062,0,0,0
737556,276,0,4183,9645,1,0,1
737557,65535,255,5652,9341,0,0,0
737558,65535,255,6653,9011,0,0,0
737559,433,0,1600,-7622,1,0,0
737560,122,0,1130,10283,1,0,1
737561,301,0,3539,9830,1,0,1
737562,229,0,5224,9455,1,0,1
737563,0,0,0,0,0,0,0
737564,65535,255,-32768,-32768,0,65535,0
737565,65535,255,210,9702,0,0,0
737566,65535,255,2814,9922,0,0,0
737567,65535,255,4733,9592,0,0,0
737568,65535,255,6022,9242,0,0,0
737569,65535,255,6915,8894,0,0,1
737570,65535,255,-32768,-32768,0,65535,0
737571,65535,255,2001,10080,0,0,0
737572,65535,255,4172,9655,0,0,0
737573,0,0,0,0,0,0,0
737574,65535,255,6650,8972,0,0,0
737575,65535,255,-32768,-32768,0,65535,0
737576,65535,255,-32768,-32768,0,65535,0
737577,348,0,3531,9745,1,0,1
737578,268,0,5221,9410,1,0,1
737579,166,0,6352,9117,1,0,1
737580,65535,255,-32768,-32768,0,65535,1
737581,65535,255,-32768,-32768,0,65535,1
737582,65535,255,-32768,-32768,0,65535,1
737583,369,0,4730,9558,1,0,1
737584,210,0,6020,9223,1,0,1
737585,0,0,0,0,0,0,0
737586,65535,255,-32768,-32768,0,65535,0
737587,65535,255,-32768,-32768,0,65535,0
737588,65535,255,4168,9642,0,0,0
737589,339,0,5642,9349,1,0,1
737590,255,0,6647,8996,1,0,1
737591,0,0,0,0,0,0,0
737592,65535,255,-32768,-32768,0,65535,1
737593,65535,255,-32768,-32768,0,65535,1
737594,65535,255,5218,9416,0,0,0
737595,65535,255,6350,9125,0,0,0
737596,0,0,0,0,0,0,0
737597,65535,255,-32768,-32768,0,65535,0
737598,65535,255,-32768,-32768,0,65535,0
737599,307,0,4727,9588,1,0,1
737600,316,0,6017,9248,1,0,1
737601,0,0,0,0,0,0,0
737602,65535,255,-32768,-32768,0,65535,1
737603,65535,255,-32768,-32768,0,65535,1
737604,333,2,4164,9704,1,0,1
737605,65535,255,5642,9322,0,0,0
737606,322,0,6647,9004,1,0,1
737607,65535,255,-32768,-32768,0,65535,1
737608,65535,255,-32768,-32768,0,0,0
737609,267,0,3527,9721,1,0,1
737610,167,0,5215,9478,1,0,1
737611,262,0,6350,9119,1,0,1
737612,65535,255,-32768,-32768,0,65535,1
737613,65535,255,-32768,-32768,0,65535,0
737614,355,0,2795,9903,1,0,1
737615,65535,255,4723,9589,0,0,0
737616,229,0,6017,9223,1,0,0
737617,0,0,0,0,0,0,0
737618,65535,255,-32768,-32768,0,65535,1
737619,143,0,1985,9954,1,0,0
737620,87,0,4168,9620,1,0,1
737621,65535,255,5642,9341,0,0,0
737622,228,0,6646,9007,1,0,1
737623,65535,255,-32768,-32768,0,65535,1
737624,226,0,1108,10046,1,0,0
737625,65535,255,3523,9780,0,0,0
737626,258,0,5215,9441,1,0,1
737627,202,0,6350,9092,1,0,1
737628,65535,255,-32768,-32768,0,65535,1
737629,314,0,186,10695,1,0,1
737630,171,0,2801,9834,1,0,1
737631,121,0,4727,9563,1,0,1
737632,65535,255,6018,9234,0,0,0
737633,65535,255,6912,8892,0,0,1
737634,65535,255,736,-7415,0,0,0
737635,65535,255,1991,9919,0,0,0
737636,361,0,4165,9717,1,0,1
737637,290,0,5642,9335,1,0,1
737638,65535,255,3839,-7192,0,0,0
737639,65535,255,1622,-7375,0,0,0
737640,198,0,1107,10045,1,0,1
737641,154,0,3527,9779,1,0,1
737642,65535,255,5215,9446,0,0,0
737643,204,0,4410,-7040,1,0,1
737644,65535,255,2444,-7335,0,0,0
737645,135,2,187,11044,1,0,1
737646,65535,255,2800,9878,0,0,0
737647,65535,255,4727,9581,0,0,0
737648,204,0,4906,-6959,1,0,1
737649,256,0,3185,-7294,1,0,1
737650,65535,255,735,-7678,0,0,0
737651,218,0,1991,10015,1,0,1
737652,145,0,4169,9654,1,0,0
737653,452,0,5335,-6829,1,0,1
737654,320,0,3837,-7222,1,0,1
737655,341,0,1621,-7556,1,0,0
737656,254,0,1114,10193,1,0,0
737657,65535,255,3531,9736,0,0,0
737658,65535,255,5218,9420,0,0,0
737659,65535,255,4406,-7111,0,0,0
737660,65535,255,2444,-7490,0,0,0
737661,65535,255,197,10497,0,0,0
737662,241,0,2805,9844,1,0,1
737663,65535,255,4731,9568,0,0,0
737664,299,0,4903,-7003,1,0,1
737665,65535,255,3176,-7285,0,0,0
737666,65535,255,724,-7685,0,0,0
737667,181,0,1996,10015,1,0,1
737668,275,2,4173,9661,1,0,1
737669,332,0,5333,-6834,1,0,1
737670,65535,255,3827,-7146,0,0,0
737671,184,0,1610,-7598,1,0,1
737672,291,0,1125,9956,1,0,1
737673,334,0,3536,9770,3,0,1
737674,65535,255,5221,9439,0,0,0
737675,439,2,4400,-7048,1,0,1
737676,65535,255,2429,-7362,0,0,0
737677,306,0,214,9067,1,0,1
737678,65535,255,2815,9921,0,0,0
737679,65535,255,4738,9526,0,0,0
737680,352,0,4894,-6966,1,0,1
737681,213,0,3172,-7373,1,0,1
737682,242,0,713,-7407,1,0,1
737683,65535,255,2012,9933,0,0,0
737684,258,0,4180,9632,1,0,1
737685,211,0,5324,-6817,1,0,1
737686,184,0,3823,-7248,1,0,1
737687,65535,255,1599,-7579,0,0,0
737688,65535,255,1137,9927,0,0,0
737689,201,0,3545,9768,1,0,1
737690,65535,255,5227,9448,0,0,0
737691,65535,255,4390,-7062,0,0,0
737692,311,0,2419,-7402,1,0,1
737693,285,0,222,9715,1,0,0
737694,65535,255,2830,9809,0,0,0
737695,291,0,4734,9563,1,0,1
737696,65535,255,4900,-7008,0,0,0
737697,212,0,3176,-7309,1,0,1
737698,529,0,725,-7918,1,0,1
737699,316,0,2002,9881,1,0,1
737700,65535,255,4173,9615,0,0,0
737701,289,0,5336,-6891,1,0,1
737702,206,0,3835,-7251,1,0,1
737703,332,0,1621,-7621,1,0,1
737704,338,0,1114,10042,1,0,1
737705,65535,255,3528,9809,0,0,0
737706,65535,255,5216,9449,0,0,0
737707,65535,255,4406,-7109,0,0,0
737708,65535,255,2444,-7520,0,0,0
737709,65535,255,194,9787,0,0,0
737710,478,0,2801,9941,1,0,1
737711,352,0,4728,9547,1,0,1
737712,257,0,4906,-6995,1,0,1
737713,65535,255,3185,-7297,0,0,0
737714,352,0,736,-7911,1,0,1
737715,470,0,1992,9899,1,0,1
737716,65535,255,4166,9624,0,0,0
737717,0,0,0,0,0,0,0
737718,65535,255,3840,-7164,0,0,0
737719,65535,255,1627,-7399,0,0,0
737720,65535,255,1107,10196,0,0,0
737721,284,0,3523,9734,1,0,1
737722,65535,255,5215,9438,0,0,0
737723,65535,255,4410,-7063,0,0,0
737724,393,0,2449,-7442,1,0,1
737725,238,0,186,10522,1,0,1
737726,153,0,2795,9888,1,0,1
737727,65535,255,4727,9526,0,0,0
737728,65535,255,4910,-6988,0,0,0
737729,65535,255,3190,-7297,0,0,0
737730,65535,255,737,-7285,0,0,0
737731,65535,255,1985,9949,0,0,0
737732,65535,255,4165,9660,0,0,0
737733,65535,255,5341,-6856,0,0,0
737734,65535,255,3844,-7217,0,0,0
737735,65535,255,1627,-7540,0,0,0
737736,131,0,1107,9986,1,0,1
737737,65535,255,3522,9821,0,0,0
737738,65535,255,5215,9413,0,0,0
737739,168,0,4410,-7037,1,0,1
737740,346,0,2449,-7404,1,0,0
737741,65535,255,185,10169,0,0,0
737742,65535,255,2795,9878,0,0,0
737743,160,0,4727,9526,1,0,1
737744,65535,255,4909,-6989,0,0,0
737745,65535,255,3190,-7316,0,0,0
737746,65535,255,738,-7328,0,0,0
737747,65535,255,1990,9982,0,0,0
737748,65535,255,4168,9673,0,0,0
737749,65535,255,5341,-6870,0,0,0
737750,65535,255,3840,-7249,0,0,0
737751,65535,255,1627,-7660,0,0,0
737752,65535,255,1113,10195,0,0,0
737753,65535,255,3527,9744,0,0,0
737754,65535,255,5217,9454,0,0,0
737755,326,0,4410,-7100,1,0,1
737756,65535,255,2445,-7325,0,0,0
737757,65535,255,194,9313,0,0,0
737758,293,2,2804,9844,1,0,1
737759,65535,255,4733,9513,0,0,0
737760,65535,255,4904,-6983,0,0,0
737761,65535,255,3181,-7307,0,0,0
737762,65535,255,726,-7324,0,0,0
737763,65535,255,1995,9998,0,0,0
737764,65535,255,4172,9687,0,0,0
737765,206,0,5335,-6886,1,0,1
737766,65535,255,3832,-7164,0,0,0
737767,187,0,1611,-7439,1,0,1
737768,65535,255,1125,9897,0,0,0
737769,161,0,3535,9803,1,0,1
737770,312,0,5223,9417,1,0,1
737771,65535,255,4400,-7051,0,0,0
737772,65535,255,2434,-7456,0,0,0
737773,194,0,205,11149,1,0,0
737774,257,0,2814,9948,1,0,1
737775,65535,255,4739,9583,0,0,0
737776,65535,255,4895,-6963,0,0,0
737777,65535,255,3168,-7280,0,0,0
737778,65535,255,714,-7716,0,0,0
737779,65535,255,2011,9980,0,0,0
737780,65535,255,4183,9692,0,0,0
737781,65535,255,5328,-6893,0,0,0
737782,65535,255,3819,-7175,0,0,0
737783,200,0,1594,-7480,1,0,1
737784,289,0,1141,9986,1,0,1
737785,379,0,3548,9810,1,0,1
737786,65535,255,5232,9436,0,0,0
737787,282,0,4390,-7085,1,0,1
737788,236,0,2418,-7505,1,0,1
737789,65535,255,228,9595,0,0,0
737790,259,0,2833,9863,1,0,1
737791,354,0,4750,9534,1,0,1
737792,284,0,4886,-7009,1,0,1
737793,321,2,3155,-7370,1,0,1
737794,415,0,690,-7695,1,0,1
737795,482,0,2033,9899,1,0,1
737796,340,0,4197,9655,1,0,1
737797,312,0,5318,-6870,1,0,1
737798,277,0,3806,-7216,1,0,1
737799,202,0,1578,-7648,1,0,1
737800,65535,255,1158,10245,0,0,0
737801,107,0,3565,9774,1,0,1
737802,306,0,5244,9408,1,0,1
737803,256,0,4373,-7050,1,0,1
737804,65535,255,2395,-7462,0,0,0
737805,65535,255,259,9169,0,0,0
737806,65535,255,2852,9828,0,0,0
737807,284,0,4762,9521,1,0,1
737808,65535,255,4871,-7002,0,0,0
737809,65535,255,3137,-7354,0,0,0
737810,65535,255,667,-7656,0,0,0
737811,204,0,2054,9898,1,0,1
737812,194,2,4212,9660,1,0,0
737813,427,0,5304,-6855,1,0,1
737814,219,0,3788,-7149,1,0,1
737815,65535,255,1555,-7529,0,0,0
737816,65535,255,1175,10188,0,0,0
737817,65535,255,3574,9806,0,0,0
737818,65535,255,5247,9448,0,0,0
737819,201,0,4370,-7127,1,0,1
737820,328,0,2390,-7477,1,0,1
737821,65535,255,255,9932,0,0,0
737822,65535,255,2847,9939,0,0,0
737823,125,2,4760,9510,1,0,1
737824,65535,255,4877,-7016,0,0,0
737825,65535,255,3141,-7275,0,0,0
737826,126,0,678,-7459,1,0,1
737827,350,0,2038,9916,1,0,1
737828,178,0,4198,9697,1,0,1
737829,294,0,5314,-6847,1,0,1
737830,221,0,3803,-7164,1,0,1
737831,65535,255,1578,-7546,0,0,0
737832,192,0,1158,10220,1,0,0
737833,166,0,3561,9817,1,0,1
737834,172,0,5238,9456,1,0,1
737835,65535,255,4380,-7048,0,0,0
737836,252,0,2410,-7526,1,0,1
737837,205,0,232,10478,1,0,1
737838,65535,255,2833,9820,0,0,0
737839,65535,255,4750,9547,0,0,0
737840,203,2,4886,-6965,1,0,1
737841,498,0,3155,-7351,1,0,1
737842,337,0,702,-7889,1,0,1
737843,206,0,2022,10046,1,0,1
737844,65535,255,4190,9652,0,0,0
737845,65535,255,5322,-6859,0,0,0
737846,65535,255,3816,-7229,0,0,0
737847,224,2,1589,-7442,1,0,1
737848,191,0,1141,10107,1,0,1
737849,308,0,3548,9794,1,0,1
737850,65535,255,5232,9442,0,0,0
737851,65535,255,4394,-7134,0,0,0
737852,65535,255,2419,-7510,0,0,0
737853,65535,255,220,10344,0,0,0
737854,65535,255,2824,9821,0,0,0
737855,229,0,4743,9548,1,0,1
737856,65535,255,4892,-6969,0,0,0
737857,326,0,3168,-7367,1,0,1
737858,315,0,714,-7974,1,0,1
737859,364,0,2011,10095,1,0,1
737860,65535,255,4183,9673,0,0,0
737861,332,0,5327,-6838,1,0,1
737862,313,0,3823,-7237,1,0,1
737863,65535,255,1599,-7543,0,0,0
737864,65535,255,1130,10257,0,0,0
737865,65535,255,3544,9727,0,0,0
737866,208,0,5226,9463,1,0,1
737867,335,0,4397,-7083,1,0,1
737868,232,0,2429,-7405,1,0,1
737869,160,0,212,9252,1,0,1
737870,170,0,2814,9923,1,0,1
737871,168,0,4740,9515,1,0,1
737872,65535,255,4895,-6946,0,0,0
737873,65535,255,3172,-7327,0,0,0
737874,114,0,719,-7784,1,0,1
737875,65535,255,2006,10047,0,0,0
737876,65535,255,4179,9660,0,0,0
737877,160,2,5330,-6833,1,0,1
737878,65535,255,3827,-7226,0,0,0
737879,65535,255,1605,-7561,0,0,0
737880,65535,255,1127,10133,0,0,0
737881,65535,255,3539,9736,0,0,0
737882,65535,255,5227,9418,0,0,0
737883,267,0,4400,-7107,1,0,1
737884,168,0,2434,-7468,1,0,1
737885,541,0,209,10345,1,0,1
737886,307,0,2814,9833,1,0,1
737887,249,0,4737,9562,1,0,1
737888,355,0,4898,-6994,1,0,1
737889,361,0,3172,-7268,1,0,1
737890,172,0,719,-7554,1,0,1
737891,353,0,2006,9984,1,0,1
737892,233,0,4179,9640,1,0,1
737893,307,0,5330,-6821,1,0,1
737894,65535,255,3828,-7249,0,0,0
737895,65535,255,1605,-7541,0,0,0
737896,65535,255,1128,10049,0,0,0
737897,337,0,3540,9744,1,0,1
737898,168,0,5224,9424,1,0,1
737899,264,2,4400,-7126,1,0,1
737900,264,0,2429,-7503,1,0,1
737901,65535,255,210,10969,0,0,0
737902,0,0,0,0,0,0,0
737903,282,0,4737,9558,1,0,1
737904,210,0,4895,-6945,1,0,1
737905,396,0,3168,-7345,1,0,1
737906,224,0,714,-7729,1,0,1
737907,65535,255,2012,9887,0,0,0
737908,65535,255,4179,9707,0,0,0
737909,65535,255,5328,-6876,0,0,0
737910,65535,255,3824,-7227,0,0,0
737911,65535,255,1600,-7501,0,0,0
737912,65535,255,1130,10284,0,0,0
737913,325,0,3544,9744,1,0,1
737914,65535,255,5229,9428,0,0,0
737915,217,0,4394,-7038,1,0,1
737916,256,0,2419,-7352,1,0,1
737917,253,0,224,9149,1,0,1
737918,468,0,2824,9944,1,0,1
737919,65535,255,4744,9537,0,0,0
737920,65535,255,6029,9228,0,0,0
737921,65535,255,3159,-7260,0,0,0
737922,0,0,0,0,0,0,0
737923,65535,255,2016,10031,0,0,0
737924,65535,255,4187,9673,0,0,0
737925,65535,255,5658,9318,0,0,0
737926,65535,255,6657,8982,0,0,0
737927,65535,255,1589,-7440,0,0,0
737928,65535,255,1141,10223,0,0,0
737929,65535,255,3553,9725,0,0,0
737930,65535,255,5232,9428,0,0,0
737931,150,2,6364,9095,1,0,0
737932,65535,255,-32768,-32768,0,65535,0
737933,295,0,234,9481,1,0,1
737934,65535,255,2833,9917,0,0,0
737935,267,0,4750,9560,1,0,1
737936,260,0,6034,9207,1,0,1
737937,65535,255,6925,8866,0,0,1
737938,65535,255,-32768,-32768,0,65535,0
737939,216,0,2033,9885,1,0,1
737940,83,2,4198,9616,1,0,0
737941,65535,255,5662,9357,0,0,0
737942,0,0,0,0,0,0,0
737943,65535,255,-32768,-32768,0,65535,0
737944,65535,255,-32768,-32768,0,65535,0
737945,267,0,3565,9826,1,0,1
737946,65535,255,5241,9410,0,0,0
737947,0,0,0,0,0,0,0
737948,65535,255,-32768,-32768,0,65535,1
737949,65535,255,-32768,-32768,0,65535,0
737950,65535,255,-32768,-32768,0,65535,1
737951,135,0,4759,9558,1,0,0
737952,65535,255,6041,9188,0,0,0
737953,0,0,0,0,0,0,0
737954,65535,255,-32768,-32768,0,0,1
737955,65535,255,-32768,-32768,0,65535,1
737956,65535,255,4208,9642,0,0,0
737957,163,0,5673,9305,1,0,0
737958,0,0,0,0,0,0,0
737959,0,0,0,0,0,0,0
737960,65535,255,-32768,-32768,0,65535,1
737961,65535,255,-32768,-32768,0,65535,1
737962,417,0,5253,9449,1,0,1
737963,65535,255,6377,9112,0,0,0
737964,0,0,0,0,0,0,0
737965,65535,255,-32768,-32768,0,65535,0
737966,65535,255,-32768,-32768,0,65535,1
737967,65535,255,4773,9514,0,0,0
737968,65535,255,6050,9185,0,0,0
737969,0,0,0,0,0,0,0
737970,65535,255,-32768,-32768,0,65535,1
737971,65535,255,-32768,-32768,0,65535,1
737972,65535,255,4215,9627,0,0,0
737973,65535,255,5675,9327,0,0,0
737974,0,0,0,0,0,0,0
737975,65535,255,-32768,-32768,0,65535,0
737976,65535,255,-32768,-32768,0,65535,0
737977,219,0,3578,9773,1,0,1
737978,237,0,5252,9418,1,0,1
737979,315,0,6375,9121,1,0,1
737980,65535,255,-32768,-32768,0,65535,0
737981,65535,255,-32768,-32768,0,65535,1
737982,199,0,2857,9807,1,0,1
737983,65535,255,4766,9528,0,0,0
737984,149,0,6044,9195,1,0,1
737985,65535,255,6931,8855,0,0,0
737986,65535,255,-32768,-32768,0,65535,0
737987,65535,255,2043,10090,0,0,0
737988,149,0,4208,9656,1,0,1
737989,65535,255,5670,9349,0,0,0
737990,65535,255,6667,8969,0,0,0
737991,65535,255,-32768,-32768,0,65535,1
737992,189,0,1171,9874,1,0,1
737993,202,0,3570,9765,1,0,1
737994,65535,255,5244,9460,0,0,0
737995,144,2,6372,9095,1,0,0
737996,65535,255,2399,-7485,0,0,0
737997,65535,255,244,9770,0,0,0
737998,65535,255,2843,9917,0,0,0
737999,172,0,4756,9587,1,0,1
738000,186,0,6039,9222,1,0,1
738001,248,0,3149,-7382,1,0,1
738002,65535,255,685,-7677,0,0,0
738003,195,0,2038,10057,1,0,1
738004,241,0,4201,9650,1,0,1
738005,65535,255,5665,9347,0,0,0
738006,263,0,3807,-7198,1,0,1
738007,65535,255,1577,-7646,0,0,0
738008,176,0,1159,9901,1,0,1
738009,140,0,3566,9714,1,0,1
738010,65535,255,5238,9472,0,0,0
738011,65535,255,4383,-7053,0,0,0
738012,65535,255,2405,-7393,0,0,0
738013,316,0,232,10455,1,0,1
738014,295,0,2838,9809,1,0,1
738015,65535,255,4754,9529,0,0,0
738016,65535,255,4882,-6943,0,0,0
738017,65535,255,3154,-7299,0,0,0
738018,446,0,689,-7597,1,0,1
738019,180,0,2028,9932,3,0,1
738020,65535,255,4194,9705,0,0,0
738021,65535,255,5319,-6849,0,0,0
738022,65535,255,3811,-7150,0,0,0
738023,405,0,1582,-7541,1,0,1
738024,524,0,1153,10219,1,0,1
738025,206,0,3557,9809,1,0,1
738026,306,0,5236,9451,1,0,1
738027,250,0,4386,-7135,1,0,1
738028,310,0,2414,-7495,1,0,1
738029,146,0,232,10033,1,0,1
738030,368,0,2829,9964,1,0,1
738031,223,0,4750,9524,1,0,1
738032,65535,255,4885,-6941,0,0,0
738033,65535,255,3154,-7298,0,0,0
738034,65535,255,695,-7643,0,0,0
738035,526,0,2028,9964,1,0,1
738036,161,0,4191,9610,3,0,1
738037,229,0,5322,-6863,1,0,1
738038,236,0,3811,-7173,1,0,1
738039,266,0,1588,-7624,1,0,1
738040,233,0,1148,9901,1,0,1
738041,65535,255,3553,9725,0,0,0
738042,223,0,5236,9407,1,0,1
738043,335,0,4386,-7083,1,0,1
738044,65535,255,2414,-7390,0,0,0
738045,65535,255,231,9162,0,0,0
738046,302,0,2829,9897,1,0,1
738047,209,0,4747,9583,1,0,1
738048,179,0,4885,-7002,1,0,1
738049,314,0,3154,-7270,1,0,1
738050,318,0,695,-7501,1,0,1
738051,533,0,2028,9932,1,0,1
738052,312,0,4191,9713,1,0,1
738053,266,0,5319,-6862,1,0,1
738054,65535,255,3811,-7180,0,0,0
738055,193,0,1588,-7643,1,0,1
738056,65535,255,1154,9958,0,0,0
738057,65535,255,3558,9750,0,0,0
738058,65535,255,5237,9421,0,0,0
738059,65535,255,4400,-7117,0,0,0
738060,65535,255,2428,-7342,0,0,0
738061,391,0,212,9382,1,0,1
738062,283,0,2816,9806,1,0,1
738063,201,0,4734,9570,1,0,1
738064,245,0,4894,-6938,1,0,1
738065,65535,255,3172,-7359,0,0,1
738066,0,0,0,0,0,0,0
738067,65535,255,2002,10011,0,0,0
738068,450,0,4177,9684,1,0,1
738069,65535,255,5333,-6868,0,0,0
738070,351,0,3827,-7237,1,0,1
738071,65535,255,1610,-7603,0,0,0
738072,126,0,1125,10042,1,0,1
738073,65535,255,3536,9834,0,0,0
738074,246,0,5222,9420,1,0,1
738075,65535,255,4399,-7046,0,0,0
738076,65535,255,2433,-7406,0,0,0
738077,383,0,204,10328,1,0,1
738078,65535,255,2811,9885,0,0,0
738079,65535,255,4735,9529,0,0,0
738080,65535,255,4900,-6991,0,0,0
738081,240,0,3176,-7309,1,0,1
738082,245,0,719,-7277,1,0,1
738083,345,0,2002,9963,1,0,1
738084,222,2,4177,9663,1,0,1
738085,0,0,0,0,0,0,0
738086,319,0,3831,-7236,1,0,1
738087,65535,255,1611,-7604,0,0,0
738088,65535,255,1124,10106,0,0,0
738089,272,0,3540,9724,1,0,1
738090,65535,255,5224,9436,0,0,0
738091,65535,255,4400,-7078,0,0,0
738092,214,0,2434,-7484,1,0,1
738093,0,0,0,0,0,0,0
738094,242,0,2813,9842,1,0,1
738095,189,0,4737,9577,1,0,1
738096,269,0,4898,-6959,1,0,1
738097,65535,255,3173,-7261,0,0,0
738098,65535,255,719,-7833,0,0,0
738099,65535,255,2006,9917,0,0,0
738100,310,0,4179,9658,1,0,1
738101,65535,255,5331,-6863,0,0,0
738102,159,0,3828,-7236,1,0,1
738103,224,0,1605,-7646,1,0,1
738104,217,0,1130,10193,1,0,1
738105,271,0,3543,9758,1,0,1
738106,243,0,5226,9467,1,0,1
738107,65535,255,4396,-7123,0,0,0
738108,65535,255,2424,-7394,0,0,0
738109,65535,255,214,10333,0,0,0
738110,65535,255,2823,9908,0,0,0
738111,65535,255,4743,9553,0,0,0
738112,302,0,4891,-6943,1,0,1
738113,65535,255,3164,-7253,0,0,0
738114,234,2,707,-7791,1,0,1
738115,65535,255,2017,9916,0,0,0
738116,137,0,4190,9663,1,0,0
738117,343,0,5325,-6875,1,0,1
738118,196,0,3815,-7145,1,0,1
738119,65535,255,1589,-7443,0,0,0
738120,371,0,1147,9930,1,0,1
738121,187,0,3552,9816,1,0,1
738122,252,0,5235,9430,1,0,1
738123,222,0,4386,-7080,1,0,0
738124,65535,255,2414,-7526,0,0,0
738125,355,0,233,9761,1,0,1
738126,65535,255,2838,9873,0,0,0
738127,65535,255,4753,9545,0,0,0
738128,65535,255,4883,-6933,0,0,0
738129,65535,255,3150,-7249,0,0,0
738130,65535,255,690,-7891,0,0,0
738131,65535,255,2038,9962,0,0,0
738132,178,0,4201,9689,1,0,1
738133,65535,255,5317,-6851,0,0,0
738134,65535,255,3803,-7194,0,0,0
738135,65535,255,1572,-7588,0,0,0
738136,65535,255,1163,10044,0,0,0
738137,65535,255,3569,9781,0,0,0
738138,344,2,5243,9443,1,0,1
738139,280,2,4380,-7132,1,0,1
738140,65535,255,2404,-7514,0,0,0
738141,65535,255,238,10605,0,0,0
738142,65535,255,2842,9840,0,0,0
738143,65535,255,4756,9562,0,0,0
738144,65535,255,4882,-6989,0,0,0
738145,65535,255,3150,-7245,0,0,0
738146,65535,255,690,-7412,0,0,0
738147,65535,255,2032,9916,0,0,0
738148,65535,255,4197,9608,0,0,0
738149,65535,255,5322,-6870,0,0,0
738150,65535,255,3811,-7200,0,0,0
738151,265,0,1584,-7401,1,0,0
738152,171,0,1147,10075,1,0,1
738153,65535,255,3556,9800,0,0,0
738154,65535,255,5235,9456,0,0,0
738155,65535,255,4386,-7054,0,0,0
738156,519,0,2415,-7355,1,0,1
738157,65535,255,230,9342,0,0,0
738158,65535,255,2828,9908,0,0,0
738159,65535,255,4747,9512,0,0,0
738160,65535,255,4889,-6943,0,0,0
738161,65535,255,3159,-7330,0,0,0
738162,65535,255,708,-7884,0,0,0
738163,65535,255,2017,10077,0,0,0
738164,65535,255,4186,9685,0,0,0
738165,65535,255,5325,-6849,0,0,0
738166,65535,255,3819,-7174,0,0,0
738167,280,0,1600,-7666,1,0,1
738168,181,0,1136,10019,1,0,1
738169,197,0,3544,9785,1,0,1
738170,476,0,5230,9453,3,0,1
738171,65535,255,4393,-7052,0,0,0
738172,160,0,2421,-7365,3,0,1
738173,65535,255,223,9140,0,0,0
738174,374,0,2818,9932,1,0,1
738175,65535,255,4742,9525,0,0,0
738176,65535,255,4894,-6962,0,0,0
738177,65535,255,3170,-7366,0,0,0
738178,65535,255,709,-7366,0,0,0
738179,65535,255,2010,9918,0,0,0
738180,200,0,4182,9617,1,0,1
738181,65535,255,5330,-6885,0,0,0
738182,340,0,3825,-7234,1,0,1
738183,409,0,1601,-7521,1,0,1
738184,197,0,1129,10284,1,0,1
738185,65535,255,3543,9734,0,0,0
738186,213,0,5225,9424,1,0,1
738187,65535,255,4398,-7126,0,0,0
738188,65535,255,2427,-7390,0,0,0
738189,283,0,210,11126,1,0,1
738190,65535,255,2813,9900,0,0,0
738191,65535,255,4739,9514,0,0,0
738192,65535,255,4893,-6956,0,0,0
738193,65535,255,3170,-7365,0,0,0
738194,65535,255,715,-7369,0,0,0
738195,65535,255,2005,9935,0,0,0
738196,65535,255,4179,9626,0,0,0
738197,65535,255,5327,-6833,0,0,0
738198,173,0,3825,-7249,1,0,1
738199,65535,255,1606,-7580,0,0,0
738200,65535,255,1129,9959,0,0,0
738201,164,0,3538,9770,1,0,1
738202,65535,255,5225,9449,0,0,0
738203,218,0,4395,-7062,1,0,1
738204,65535,255,2425,-7403,0,0,0
738205,65535,255,208,9698,0,0,0
738206,65535,255,2818,9811,0,0,0
738207,65535,255,4739,9561,0,0,0
738208,65535,255,4896,-7005,0,0,0
738209,65535,255,3169,-7307,0,0,0
738210,336,0,715,-7876,1,0,1
738211,241,0,2005,10111,1,0,1
738212,240,0,4179,9708,1,0,1
738213,322,0,5330,-6880,1,0,1
738214,65535,255,3825,-7234,0,0,0
738215,65535,255,1601,-7540,0,0,0
738216,367,0,1135,9930,1,0,1
738217,140,0,3543,9769,1,0,1
738218,275,0,5226,9454,1,0,1
738219,65535,255,4394,-7075,0,0,0
738220,65535,255,2425,-7442,0,0,0
738221,65535,255,214,10331,0,0,0
738222,65535,255,2822,9854,0,0,0
738223,246,0,4742,9590,1,0,1
738224,200,0,4893,-6951,1,0,1
738225,65535,255,3165,-7375,0,0,0
738226,0,0,0,0,0,0,0
738227,65535,255,2015,9982,0,0,0
738228,65535,255,4186,9659,0,0,0
738229,65535,255,5326,-6847,0,0,0
738230,211,0,3816,-7188,1,0,1
738231,470,0,1590,-7458,1,0,1
738232,65535,255,1140,10252,0,0,0
738233,216,0,3551,9742,1,0,1
738234,65535,255,5234,9443,0,0,0
738235,362,0,4387,-7064,1,0,1
738236,285,0,2415,-7430,1,0,1
738237,65535,255,225,10173,0,0,0
738238,272,0,2832,9864,1,0,1
738239,448,0,4752,9512,1,0,1
738240,283,0,4886,-6963,1,0,1
738241,254,0,3156,-7250,1,0,1
738242,65535,255,696,-7646,0,0,0
738243,348,0,2026,10077,3,0,1
738244,380,0,4196,9706,1,0,1
738245,216,0,5320,-6882,1,0,1
738246,232,0,3808,-7252,1,0,1
738247,348,0,1578,-7646,1,0,1
738248,236,0,1157,10103,1,0,1
738249,191,0,3564,9731,1,0,1
738250,65535,255,5242,9426,0,0,0
738251,65535,255,4380,-7046,0,0,0
738252,248,0,2400,-7406,1,0,1
738253,65535,255,242,10181,0,0,0
738254,253,0,2846,9874,1,0,1
738255,397,0,4761,9523,1,0,1
738256,65535,255,4877,-6982,0,0,0
738257,65535,255,3142,-7280,0,0,0
738258,65535,255,673,-7893,0,0,0
738259,65535,255,2048,9900,0,0,0
738260,401,0,4211,9642,1,0,1
738261,65535,255,5309,-6841,0,0,0
738262,178,0,3796,-7191,1,0,1
738263,302,2,1557,-7502,1,0,1
738264,65535,255,1180,9932,0,0,0
738265,65535,255,3581,9798,0,0,0
738266,169,0,5254,9403,1,0,1
738267,332,0,4367,-7132,1,0,1
738268,239,0,2380,-7381,1,0,1
738269,250,0,267,10065,1,0,1
738270,247,0,2866,9871,1,0,1
738271,264,0,4775,9525,1,0,1
738272,65535,255,4864,-6991,0,0,0
738273,65535,255,3119,-7315,0,0,0
738274,0,0,0,0,0,0,0
738275,65535,255,2069,9992,0,0,0
738276,65535,255,4226,9652,0,0,0
738277,236,0,5682,9333,1,0,1
738278,65535,255,3783,-7260,0,0,0
738279,65535,255,1545,-7442,0,0,0
738280,390,0,1192,9989,1,0,1
738281,65535,255,3587,9712,0,0,0
738282,65535,255,5255,9453,0,0,0
738283,65535,255,6377,9080,0,0,0
738284,400,0,2380,-7397,1,0,1
738285,389,0,262,10692,1,0,1
738286,65535,255,2860,9849,0,0,0
738287,65535,255,4769,9504,0,0,0
738288,65535,255,6046,9235,0,0,0
738289,65535,255,6932,8881,0,0,0
738290,458,0,666,-7700,1,0,1
738291,65535,255,2048,9916,0,0,0
738292,65535,255,4208,9677,0,0,0
738293,65535,255,5670,9355,0,0,0
738294,65535,255,6666,8967,0,0,1
738295,65535,255,-32768,-32768,0,65535,0
738296,412,0,1164,10219,1,0,1
738297,340,0,3565,9792,1,0,1
738298,65535,255,5241,9426,0,0,0
738299,65535,255,6368,9119,0,0,0
738300,65535,255,-32768,-32768,0,65535,0
738301,65535,255,-32768,-32768,0,65535,1
738302,397,0,2843,9952,1,0,1
738303,391,0,4753,9573,1,0,1
738304,200,0,6035,9238,1,0,0
738305,65535,255,6925,8884,0,0,0
738306,65535,255,-32768,-32768,0,65535,0
738307,65535,255,2032,9965,0,0,0
738308,65535,255,4194,9706,0,0,0
738309,169,0,5660,9308,1,0,1
738310,65535,255,6659,8985,0,0,0
738311,65535,255,-32768,-32768,0,65535,1
738312,65535,255,-32768,-32768,0,65535,0
738313,102,0,3553,9726,1,0,0
738314,65535,255,5232,9469,0,0,0
738315,0,0,0,0,0,0,0
738316,0,0,0,0,0,0,0
738317,65535,255,-32768,-32768,0,65535,1
738318,65535,255,-32768,-32768,0,65535,1
738319,148,0,4744,9573,1,0,1
738320,262,0,6029,9220,1,0,1
738321,0,0,0,0,0,0,0
738322,65535,255,-32768,-32768,0,65535,0
738323,65535,255,-32768,-32768,0,65535,0
738324,263,0,4183,9626,1,0,1
738325,237,0,5653,9319,1,0,1
738326,65535,255,6653,8985,0,0,1
738327,0,0,0,0,0,0,0
738328,65535,255,-32768,-32768,0,65535,0
738329,65535,255,-32768,-32768,0,65535,1
738330,100,0,5224,9434,1,0,1
738331,163,0,6354,9124,1,0,1
738332,0,0,0,0,0,0,0
738333,65535,255,-32768,-32768,0,65535,1
738334,65535,255,-32768,-32768,0,65535,1
738335,65535,255,4730,9576,0,0,0
738336,65535,255,6020,9223,0,0,0
738337,0,0,0,0,0,0,0
738338,65535,255,-32768,-32768,0,65535,1
738339,65535,255,-32768,-32768,0,0,1
738340,65535,255,4169,9656,0,0,0
738341,267,0,5642,9345,1,0,1
738342,298,0,6646,9008,1,0,1
738343,65535,255,-32768,-32768,0,65535,1
738344,65535,255,-32768,-32768,0,65535,1
738345,138,0,3523,9757,1,0,1
738346,65535,255,5212,9484,0,0,0
738347,355,0,6349,9108,1,0,1
738348,65535,255,-32768,-32768,0,65535,1
738349,65535,255,-32768,-32768,0,65535,1
738350,65535,255,2791,9905,0,0,0
738351,65535,255,4721,9566,0,0,0
738352,65535,255,6013,9221,0,0,0
738353,65535,255,6909,8871,0,0,1
738354,65535,255,-32768,-32768,0,65535,0
738355,332,0,1976,9888,1,0,1
738356,65535,255,4154,9671,0,0,0
738357,420,0,5635,9355,1,0,1
738358,255,0,6640,9016,1,0,1
738359,65535,255,1643,-7614,0,0,0
738360,313,0,1091,10263,1,0,0
738361,65535,255,3510,9800,0,0,0
738362,65535,255,5207,9433,0,0,0
738363,114,0,6343,9131,1,0,0
738364,65535,255,2468,-7385,0,0,0
738365,65535,255,165,11170,0,0,0
738366,318,0,2777,9826,3,0,1
738367,276,0,4711,9532,1,0,1
738368,65535,255,6009,9197,0,0,0
738369,274,0,3208,-7271,1,0,1
738370,65535,255,765,-7377,0,0,0
738371,65535,255,1959,10088,0,0,0
738372,0,0,0,0,0,0,0
738373,65535,255,5630,9352,0,0,0
738374,65535,255,3859,-7196,0,0,0
738375,448,0,1654,-7632,1,0,1
738376,186,0,1074,10298,1,0,1
738377,334,0,3502,9828,1,0,1
738378,236,0,5198,9451,1,0,1
738379,348,0,4433,-7124,3,0,1
738380,163,0,2478,-7447,1,0,1
738381,65535,255,154,9080,0,0,0
738382,256,0,2767,9895,1,0,1
738383,235,0,4705,9575,1,0,1
738384,65535,255,4927,-6981,0,0,0
738385,308,0,3216,-7356,1,0,1
738386,261,0,776,-7808,1,0,1
738387,262,0,1953,10005,3,0,1
738388,65535,255,4140,9626,0,0,0
738389,444,0,5357,-6867,1,0,1
738390,161,0,3867,-7163,1,0,1
738391,65535,255,1665,-7570,0,0,0
738392,263,0,1068,10237,1,0,1
738393,65535,255,3493,9811,0,0,0
738394,263,0,5195,9447,1,0,1
738395,286,0,4435,-7089,3,0,1
738396,65535,255,2488,-7458,0,0,0
738397,333,0,147,9473,1,0,1
738398,165,0,2758,9919,1,0,1
738399,292,0,4698,9593,1,0,1
738400,310,0,4930,-6981,1,0,1
738401,218,0,3221,-7250,1,0,0
738402,289,0,783,-7381,1,0,1
738403,65535,255,1943,10108,0,0,0
738404,154,0,4136,9668,1,0,0
738405,65535,255,5359,-6827,0,0,0
738406,327,0,3871,-7232,1,0,1
738407,65535,255,1670,-7432,0,0,0
738408,65535,255,1062,10052,0,0,0
738409,187,2,3490,9769,1,0,1
738410,65535,255,5190,9427,0,0,0
738411,65535,255,4436,-7103,0,0,0
738412,407,0,2487,-7445,1,0,1
738413,399,0,142,9213,1,0,1
738414,65535,255,2759,9919,0,0,0
738415,65535,255,4699,9599,0,0,0
738416,65535,255,4930,-6925,0,0,0
738417,194,0,3221,-7278,1,0,0
738418,65535,255,782,-7552,0,0,0
738419,171,0,1943,9923,1,0,1
738420,65535,255,4133,9711,0,0,0
738421,65535,255,5359,-6860,0,0,0
738422,65535,255,3871,-7170,0,0,0
738423,188,0,1670,-7608,1,0,1
738424,296,0,1063,9894,1,0,1
738425,65535,255,3490,9735,0,0,0
738426,214,0,5191,9463,1,0,1
738427,241,0,4436,-7090,1,0,1
738428,65535,255,2483,-7420,0,0,0
738429,277,0,149,9040,1,0,1
738430,246,0,2758,9931,1,0,1
738431,65535,255,4699,9579,0,0,0
738432,228,0,4927,-6941,1,0,1
738433,65535,255,3216,-7317,0,0,0
738434,65535,255,776,-7762,0,0,0
738435,65535,255,1948,10023,0,0,0
738436,211,2,4137,9654,1,0,0
738437,65535,255,5354,-6827,0,0,0
738438,65535,255,3867,-7247,0,0,0
738439,65535,255,1659,-7530,0,0,0
738440,310,0,1069,10270,1,0,1
738441,65535,255,3495,9798,0,0,0
738442,289,0,5193,9483,1,0,1
738443,139,0,4430,-7092,1,0,0
738444,523,0,2478,-7497,1,0,1
738445,445,0,149,11506,1,0,1
738446,256,0,2759,9920,1,0,1
738447,161,0,4700,9536,1,0,1
738448,65535,255,4930,-6983,0,0,0
738449,311,0,3221,-7287,1,0,0
738450,65535,255,788,-7803,0,0,0
738451,65535,255,1936,9951,0,0,0
738452,65535,255,4126,9677,0,0,0
738453,65535,255,5363,-6820,0,0,0
738454,65535,255,3880,-7153,0,0,0
738455,323,0,1682,-7392,1,0,1
738456,65535,255,1038,10216,0,0,0
738457,151,0,3472,9731,1,0,1
738458,65535,255,5178,9442,0,0,0
738459,314,0,4451,-7068,1,0,0
738460,65535,255,2509,-7453,0,0,0
738461,84,2,112,11336,1,0,1
738462,65535,255,2729,9915,0,0,0
738463,65535,255,4678,9547,0,0,0
738464,65535,255,4946,-6918,0,0,0
738465,185,0,3249,-7321,1,0,1
738466,222,0,824,-7393,1,0,1
738467,171,0,1904,9980,1,0,1
738468,206,2,4106,9676,1,0,1
738469,271,0,5379,-6867,1,0,1
738470,65535,255,3899,-7153,0,0,0
738471,65535,255,1716,-7639,0,0,0
738472,207,0,1009,10157,1,0,1
738473,190,2,3451,9734,1,0,1
738474,65535,255,5164,9452,0,0,0
738475,65535,255,4468,-7083,0,0,0
738476,213,0,2535,-7388,1,0,1
738477,65535,255,91,7507,0,0,0
738478,65535,255,2708,9846,0,0,0
738479,65535,255,4656,9529,0,0,0
738480,65535,255,4967,-6936,0,0,0
738481,65535,255,3280,-7264,0,0,0
738482,65535,255,853,-7345,0,0,0
738483,65535,255,1876,10032,0,0,0
738484,65535,255,4087,9703,0,0,0
738485,65535,255,5390,-6856,0,0,0
738486,65535,255,3913,-7137,0,0,0
738487,65535,255,1732,-7471,0,0,0
738488,65535,255,997,10054,0,0,0
738489,211,0,3442,9739,1,0,1
738490,65535,255,5161,9477,0,0,0
738491,349,0,4471,-7057,1,0,1
738492,65535,255,2538,-7504,0,0,0
738493,65535,255,88,9380,0,0,0
738494,320,0,2714,9925,1,0,1
738495,65535,255,4669,9580,0,0,0
738496,274,0,4957,-6987,1,0,1
738497,65535,255,3262,-7362,0,0,0
738498,65535,255,829,-7798,0,0,0
738499,65535,255,1903,9993,0,0,0
738500,337,2,4105,9729,1,0,1
738501,163,2,5379,-6859,1,0,1
738502,203,0,3899,-7155,1,0,1
738503,256,2,1704,-7531,1,0,0
738504,425,0,1027,10182,1,0,1
738505,258,0,3467,9788,1,0,1
738506,380,0,5177,9433,1,0,1
738507,202,0,4454,-7104,1,0,1
738508,300,0,2508,-7421,1,0,1
738509,136,0,126,8014,1,0,1
738510,336,0,2744,9875,1,0,1
738511,365,0,4688,9565,1,0,1
738512,65535,255,4939,-6975,0,0,0
738513,65535,255,3235,-7356,0,0,0
738514,65535,255,794,-7807,0,0,0
738515,65535,255,1936,10007,0,0,0
738516,65535,255,4132,9631,0,0,0
738517,197,0,5365,-6877,1,0,1
738518,65535,255,3876,-7188,0,0,0
738519,65535,255,1671,-7652,0,0,0
738520,65535,255,1068,9896,0,0,0
738521,463,2,3497,9732,1,0,1
