sdate,line_t,line_tmq,line_tvza,line_tvaa,line_tm2,line_QFDNB,line_tm_buf
735235,2470,1,5083,9455,3,0,0
735236,65535,255,4584,-7092,0,0,0
735237,2005,1,2693,-7346,3,0,0
735238,65535,255,104,-9551,0,0,0
735239,65535,255,2569,9947,0,0,0
735240,65535,255,4577,9560,0,0,0
735241,65535,255,5056,-6941,0,0,0
735242,1852,2,3403,-7222,3,0,0
735243,65535,255,1009,-7550,0,0,0
735244,1268,2,1738,10031,3,0,0
735245,65535,255,3999,9701,0,0,0
735246,65535,255,5467,-6821,0,0,0
735247,65535,255,4023,-7165,0,0,0
735248,65535,255,1875,-7439,0,0,0
735249,65535,255,852,10330,0,0,0
735250,65535,255,3337,9811,0,0,0
735251,65535,255,5094,9489,0,0,0
735252,2277,0,4573,-7027,3,0,0
735253,65535,255,2682,-7362,0,0,0
735254,65535,255,93,-5810,0,0,0
735255,2474,0,2569,9996,3,0,0
735256,1483,0,4577,9585,3,0,0
735257,1343,0,5057,-6950,1,0,0
735258,65535,255,3407,-7239,0,0,0
735259,2334,0,1021,-7615,3,0,0
735260,1547,0,1726,10071,3,0,0
735261,1703,0,3984,9711,3,0,0
735262,1065,0,5477,-6817,3,0,0
735263,2395,1,4042,-7154,3,0,0
735264,0,0,0,0,0,0,0
735265,0,0,0,0,0,0,0
735266,1336,0,3306,9759,3,0,0
735267,1258,0,5071,9458,1,0,0
735268,1202,0,4597,-7094,3,0,0
735269,1593,0,2712,-7323,3,0,1
735270,2495,0,135,-5903,1,0,1
735271,65535,255,2535,9990,0,0,0
735272,1957,0,4553,9583,1,0,1
735273,65535,255,5074,-6961,0,0,1
735274,65535,255,3433,-7261,0,0,0
735275,2367,0,1057,-7736,3,0,0
735276,65535,255,1688,10154,0,0,0
735277,65535,255,3957,9753,0,0,0
735278,458,2,5489,-6833,1,0,0
735279,499,0,4063,-7164,1,0,0
735280,65535,255,1936,-7569,0,0,1
735281,808,0,782,10015,3,0,1
735282,65535,255,3279,9848,0,0,0
735283,1487,0,5051,9521,1,0,1
735284,65535,255,4611,-7079,0,0,0
735285,65535,255,2736,-7309,0,0,0
735286,3353,0,162,-6217,3,0,0
735287,65535,255,2510,9994,0,0,0
735288,65535,255,4533,9594,0,0,0
735289,65535,255,5085,-6895,0,0,0
735290,65535,255,3454,-7283,0,0,0
735291,65535,255,1085,-7790,0,0,0
735292,65535,255,1661,10180,0,0,0
735293,65535,255,3935,9749,0,0,0
735294,65535,255,5494,9379,0,0,0
735295,65535,255,4080,-7196,0,0,0
735296,65535,255,1963,-7497,0,0,0
735297,1597,0,755,9792,3,0,0
735298,65535,255,3257,9794,0,0,0
735299,65535,255,5037,9486,0,0,0
735300,65535,255,4625,-7032,0,0,0
735301,65535,255,2764,-7384,0,0,0
735302,750,0,186,-7486,3,0,1
735303,65535,255,2486,9857,0,0,0
735304,65535,255,4516,9622,0,0,0
735305,65535,255,5100,-6911,0,0,0
735306,65535,255,3476,-7323,0,0,0
735307,788,2,1113,-7454,3,0,1
735308,1024,0,1633,10004,1,0,1
735309,1377,0,3917,9693,1,0,1
735310,1116,0,5479,9355,3,0,0
735311,593,0,4096,-7164,3,0,0
735312,65535,255,1984,-7461,0,0,0
735313,65535,255,725,10323,0,0,0
735314,1876,0,3235,9798,3,0,0
735315,65535,255,5024,9500,0,0,0
735316,1346,0,4641,-7064,3,0,0
735317,1514,0,2782,-7413,1,0,1
735318,65535,255,217,-8159,0,0,0
735319,801,0,2461,9990,3,0,1
735320,65535,255,4503,9594,0,0,0
735321,297,2,5109,-6899,3,0,0
735322,65535,255,3488,-7320,0,0,0
735323,644,0,1130,-7513,3,0,1
735324,815,0,1617,10047,1,0,1
735325,65535,255,3905,9725,0,0,0
735326,1291,0,5471,9380,3,0,1
735327,65535,255,4107,-7111,0,0,0
735328,892,0,2000,-7364,1,0,1
735329,938,0,707,10292,1,0,1
735330,1147,0,3222,9781,1,0,1
735331,65535,255,5015,9497,0,0,0
735332,182,0,4647,-7068,1,0,1
735333,65535,255,2792,-7313,0,0,0
735334,65535,255,228,-7093,0,0,1
735335,65535,255,2456,9875,0,0,0
735336,65535,255,4496,9631,0,0,0
735337,152,0,5116,-6945,1,0,1
735338,65535,255,3497,-7301,0,0,0
735339,866,0,1141,-7512,1,0,1
735340,65535,255,1606,10109,0,0,0
735341,755,0,3898,9764,1,0,1
735342,65535,255,5468,9414,0,0,0
735343,65535,255,4114,-7174,0,0,0
735344,65535,255,2010,-7555,0,0,0
735345,844,0,701,10198,1,0,0
735346,828,0,3221,9772,1,0,1
735347,953,0,5015,9503,1,0,1
735348,1059,0,4650,-6997,1,0,1
735349,373,0,2797,-7379,1,0,1
735350,65535,255,227,-8257,0,0,0
735351,723,0,2451,9992,1,0,1
735352,1167,0,4495,9622,1,0,1
735353,945,0,5119,-6943,1,0,1
735354,65535,255,3501,-7292,0,0,0
735355,530,0,1141,-7542,1,0,1
735356,1043,0,1605,10151,1,0,1
735357,925,0,3901,9675,1,0,1
735358,1025,0,5470,9373,1,0,1
735359,894,0,4114,-7125,1,0,1
735360,707,0,2005,-7475,1,0,1
735361,781,0,707,10060,1,0,1
735362,902,0,3226,9772,1,0,1
735363,65535,255,5018,9514,0,0,0
735364,65535,255,6221,9140,0,0,0
735365,65535,255,2792,-7447,0,0,0
735366,65535,255,222,-7226,0,0,0
735367,65535,255,2461,9940,0,0,0
735368,1153,0,4502,9608,1,0,1
735369,970,0,5873,9265,1,0,1
735370,65535,255,6813,8917,0,0,0
735371,873,0,1135,-7660,1,0,1
735372,683,2,1622,9987,1,0,1
735373,65535,255,3908,9748,0,0,0
735374,65535,255,5478,9353,0,0,0
735375,0,0,0,0,0,0,0
735376,65535,255,-32768,-32768,0,65535,1
735377,65535,255,718,10201,0,0,0
735378,65535,255,3238,9828,0,0,0
735379,65535,255,5030,9474,0,0,0
735380,65535,255,6226,9180,0,0,0
735381,65535,255,-32768,-32768,0,65535,1
735382,65535,255,-32768,-32768,0,65535,1
735383,0,0,0,0,0,0,0
735384,65535,255,4512,9631,0,0,0
735385,65535,255,5880,9289,0,0,0
735386,65535,255,6817,8941,0,0,0
735387,0,0,0,0,0,0,0
735388,65535,255,-32768,-32768,0,65535,1
735389,570,0,3927,9745,1,0,1
735390,1272,0,5487,9359,1,0,1
735391,65535,255,6542,9046,0,0,0
735392,0,0,0,0,0,0,0
735393,65535,255,-32768,-32768,0,65535,0
735394,65535,255,3257,9759,0,0,0
735395,65535,255,5042,9491,0,0,0
735396,0,0,0,0,0,0,0
735397,0,0,0,0,0,0,0
735398,0,0,0,0,0,0,0
735399,65535,255,-32768,-32768,0,65535,1
735400,568,0,4533,9558,1,0,1
735401,65535,255,5892,9247,0,0,0
735402,65535,255,6826,8914,0,0,0
735403,0,0,0,0,0,0,0
735404,65535,255,-32768,-32768,0,65535,1
735405,65535,255,3946,9704,0,0,1
735406,65535,255,5501,9375,0,0,0
735407,0,0,0,0,0,0,0
735408,0,0,0,0,0,0,0
735409,65535,255,-32768,-32768,0,65535,0
735410,65535,255,-32768,-32768,0,65535,1
735411,65535,255,5058,9461,0,0,0
735412,882,0,6247,9148,1,0,1
735413,0,0,0,0,0,0,0
735414,0,0,0,0,0,0,0
735415,65535,255,-32768,-32768,0,65535,1
735416,65535,255,4550,9617,0,0,0
735417,0,0,0,0,0,0,0
735418,65535,255,6835,8906,0,0,0
735419,65535,255,-32768,-32768,0,65535,1
735420,65535,255,-32768,-32768,0,65535,1
735421,65535,255,3972,9714,0,0,0
735422,690,0,5519,9355,1,0,1
735423,0,0,0,0,0,0,0
735424,65535,255,-32768,-32768,0,65535,1
735425,65535,255,-32768,-32768,0,65535,0
735426,65535,255,3311,9854,0,0,0
735427,449,0,5078,9509,1,0,1
735428,1223,0,6259,9164,1,0,1
735429,65535,255,-32768,-32768,0,65535,1
735430,1060,0,99,-7973,1,0,1
735431,640,0,2570,9874,1,0,1
735432,610,0,4574,9568,1,0,1
735433,65535,255,5916,9256,0,0,0
735434,65535,255,6842,8922,0,0,0
735435,65535,255,1020,-7682,0,0,0
735436,550,0,1726,10171,1,0,0
735437,656,0,3981,9735,1,0,1
735438,65535,255,5522,9364,0,0,0
735439,65535,255,6565,9050,0,0,0
735440,883,0,1900,-7490,1,0,1
735441,1024,0,817,10059,1,0,1
735442,922,0,3307,9826,1,0,1
735443,65535,255,5072,9495,0,0,0
735444,65535,255,6255,9150,0,0,0
735445,755,0,2707,-7357,1,0,1
735446,620,0,127,-6071,1,0,1
735447,65535,255,2540,9979,0,0,0
735448,65535,255,4557,9572,0,0,0
735449,65535,255,5905,9264,0,0,0
735450,867,0,3425,-7208,1,0,1
735451,555,0,1045,-7483,1,0,1
735452,809,0,1699,9981,1,0,1
735453,576,0,3965,9672,1,0,1
735454,65535,255,5509,9399,0,0,0
735455,65535,255,4054,-7106,0,0,0
735456,762,0,1925,-7553,1,0,1
735457,629,0,795,9894,1,0,1
735458,568,0,3289,9811,1,0,1
735459,448,0,5060,9488,1,0,1
735460,65535,255,4604,-7036,0,0,0
735461,491,0,2727,-7378,1,0,1
735462,737,0,146,-7214,1,0,1
735463,796,0,2525,9843,1,0,1
735464,636,0,4543,9606,1,0,1
735465,884,0,5080,-6895,1,0,1
735466,675,0,3445,-7292,1,0,1
735467,862,0,1074,-7824,1,0,1
735468,483,0,1683,9905,1,0,1
735469,695,0,3950,9715,1,0,1
735470,1251,0,5495,-6787,1,0,1
735471,717,0,4069,-7111,1,0,1
735472,65535,255,1947,-7583,0,0,0
735473,65535,255,770,10061,0,0,0
735474,832,0,3270,9861,1,0,1
735475,699,0,5051,9482,1,0,1
735476,893,0,4617,-7062,1,0,1
735477,374,0,2741,-7319,1,0,0
735478,65535,255,167,-6470,0,0,1
735479,65535,255,2510,10009,0,0,0
735480,65535,255,4536,9602,0,0,0
735481,419,0,5088,-6904,1,0,1
735482,65535,255,3454,-7317,0,0,0
735483,823,0,1085,-7452,1,0,1
735484,65535,255,1666,10004,0,0,0
735485,65535,255,3942,9706,0,0,0
735486,1043,2,5498,9362,1,0,0
735487,65535,255,4080,-7187,0,0,0
735488,469,0,1957,-7530,1,0,1
735489,65535,255,759,9973,0,0,0
735490,695,0,3265,9853,1,0,1
735491,65535,255,5046,9490,0,0,0
735492,973,0,4621,-7007,1,0,1
735493,65535,255,2750,-7363,0,0,0
735494,577,0,169,-7478,1,0,1
735495,783,0,2505,9897,1,0,1
735496,885,0,4531,9579,1,0,1
735497,919,0,5093,-6949,1,0,1
735498,65535,255,3458,-7272,0,0,0
735499,65535,255,1086,-7361,0,0,0
735500,990,0,1660,9985,1,0,1
735501,235,0,3938,9707,1,0,0
735502,1195,0,5495,9372,1,0,1
735503,902,0,4080,-7112,1,0,1
735504,502,0,1958,-7611,1,0,1
735505,844,0,759,10280,1,0,1
735506,835,0,3266,9787,1,0,1
735507,736,0,5045,9503,1,0,1
735508,648,0,4621,-7080,1,0,1
735509,837,0,2750,-7340,1,0,0
735510,802,0,169,-7475,1,0,1
735511,65535,255,2505,9910,0,0,0
735512,65535,255,4533,9578,0,0,0
735513,65535,255,5091,-6897,0,0,0
735514,900,0,3459,-7333,1,0,1
735515,770,0,1084,-7636,1,0,1
735516,538,0,1666,10070,1,0,1
735517,65535,255,3943,9677,0,0,0
735518,1014,0,5498,9362,1,0,1
735519,628,0,4073,-7127,1,0,1
735520,500,0,1947,-7379,1,0,1
735521,65535,255,765,10450,0,0,0
735522,262,0,3270,9843,1,0,1
735523,65535,255,5051,9459,0,0,0
735524,65535,255,4615,-7044,0,0,0
735525,65535,255,2741,-7295,0,0,0
735526,706,0,157,-7245,1,0,1
735527,65535,255,2515,9934,0,0,0
735528,576,0,4540,9596,1,0,1
735529,65535,255,5083,-6924,0,0,0
735530,986,0,3446,-7264,1,0,1
735531,863,0,1068,-7451,1,0,1
735532,872,0,1677,10121,1,0,1
735533,65535,255,3954,9675,0,0,0
735534,65535,255,5491,-6837,0,0,0
735535,65535,255,4062,-7132,0,0,0
735536,623,0,1930,-7500,1,0,1
735537,65535,255,788,10187,0,0,0
735538,65535,255,3284,9803,0,0,0
735539,65535,255,5061,9457,0,0,0
735540,65535,255,4601,-7053,0,0,0
735541,492,0,2717,-7354,1,0,1
735542,1014,0,136,-8635,1,0,1
735543,65535,255,2536,9843,0,0,0
735544,65535,255,4554,9568,0,0,0
735545,65535,255,5069,-6917,0,0,0
735546,65535,255,3425,-7277,0,0,0
735547,491,2,1039,-7578,1,0,0
735548,65535,255,1710,9963,0,0,0
735549,65535,255,3973,9745,0,0,0
735550,65535,255,5475,-6827,0,0,0
735551,734,0,4039,-7143,1,0,1
735552,65535,255,1903,-7572,0,0,0
735553,65535,255,822,9987,0,0,0
735554,65535,255,3316,9752,0,0,0
735555,1003,0,5078,9506,1,0,1
735556,65535,255,4577,-7058,0,0,0
735557,65535,255,2687,-7393,0,0,0
735558,854,0,94,-7622,1,0,1
735559,529,0,2565,9990,1,0,1
735560,65535,255,4567,9629,0,0,0
735561,65535,255,5058,-6966,0,0,0
735562,65535,255,3408,-7217,0,0,0
735563,528,0,1024,-7500,3,0,0
735564,65535,255,1716,10095,0,0,0
735565,0,0,0,0,0,0,0
735566,1017,0,5476,-6850,3,0,0
735567,1883,2,4043,-7164,3,0,0
735568,1565,2,1908,-7605,3,0,0
735569,65535,255,812,9859,0,0,0
735570,65535,255,3302,9755,0,0,0
735571,65535,255,5067,9520,0,0,0
735572,700,2,4594,-7041,1,0,0
735573,897,2,2712,-7342,1,0,1
735574,0,0,0,0,0,0,0
735575,893,2,2535,9894,3,0,0
735576,1427,0,4550,9607,3,0,1
735577,65535,255,5072,-6957,0,0,0
735578,65535,255,3429,-7222,0,0,0
735579,1260,2,1051,-7481,3,0,0
735580,2257,1,1694,9925,3,0,0
735581,65535,255,3958,9749,0,0,0
735582,2663,1,5488,-6832,3,0,0
735583,65535,255,4058,-7161,0,0,0
735584,3082,1,1930,-7396,3,0,0
735585,4157,1,788,10105,3,0,0
735586,1159,0,3284,9842,3,0,0
735587,65535,255,5057,9502,0,0,0
735588,0,0,0,0,0,0,0
735589,65535,255,2726,-7387,0,0,0
735590,0,0,0,0,0,0,0
735591,65535,255,2520,10010,0,0,0
735592,65535,255,4543,9590,0,0,0
735593,1878,1,5080,-6955,3,0,0
735594,65535,255,3441,-7247,0,0,0
735595,65535,255,1068,-7637,0,0,0
735596,2095,0,1682,10082,3,0,0
735597,65535,255,3954,9721,0,0,0
735598,65535,255,5493,-6826,0,0,0
735599,65535,255,4065,-7173,0,0,0
735600,3130,0,1936,-7446,3,0,0
735601,2299,0,777,10361,3,0,0
735602,1584,0,3284,9768,3,0,0
735603,1910,0,5057,9476,3,0,0
735604,65535,255,4608,-7026,0,0,0
735605,65535,255,2731,-7374,0,0,0
735606,2282,0,151,-7445,3,0,0
735607,1194,0,2525,9871,3,0,0
735608,476,2,4543,9628,3,0,0
735609,1818,0,5082,-6923,3,0,0
735610,0,0,0,0,0,0,0
735611,65535,255,1068,-7605,0,0,0
735612,65535,255,1683,10122,0,0,0
735613,65535,255,3953,9743,0,0,0
735614,628,0,5490,-6781,3,0,0
735615,65535,255,4061,-7124,0,0,0
735616,762,0,1930,-7378,3,0,0
735617,65535,255,788,10273,0,0,0
735618,65535,255,3289,9767,0,0,0
735619,65535,255,5060,9486,0,0,0
735620,1477,1,4604,-7051,3,0,0
735621,2242,0,2727,-7432,3,0,0
735622,1386,0,140,-7661,3,0,0
735623,1959,0,2530,9858,3,0,0
735624,65535,255,4546,9609,0,0,0
735625,1664,0,5076,-6888,3,0,0
735626,0,0,0,0,0,0,0
735627,2292,0,1062,-7700,3,0,0
735628,65535,255,1688,10101,0,0,0
735629,1866,0,3957,9721,3,0,0
735630,65535,255,5490,-6826,0,0,0
735631,1151,0,4061,-7167,3,0,0
735632,0,0,0,0,0,0,0
735633,65535,255,782,10275,0,0,0
735634,1412,0,3288,9758,3,0,0
735635,0,0,0,0,0,0,0
735636,3077,0,4604,-7039,3,0,0
735637,1777,0,2726,-7409,3,0,0
735638,65535,255,146,-7889,0,0,0
735639,65535,255,2525,9897,0,0,0
735640,65535,255,4546,9640,0,0,0
735641,2009,0,5077,-6929,3,0,0
735642,1224,0,3433,-7230,3,0,0
735643,65535,255,1056,-7637,0,0,0
735644,65535,255,1688,10121,0,0,0
735645,65535,255,3958,9750,0,0,0
735646,65535,255,5485,-6781,0,0,0
735647,2109,0,4057,-7124,3,0,0
735648,65535,255,1925,-7361,0,0,0
735649,65535,255,794,10273,0,0,0
735650,1723,0,3293,9767,3,0,0
735651,65535,255,5063,9486,0,0,0
735652,1139,0,4597,-7058,3,0,0
735653,985,0,2717,-7421,3,0,0
735654,65535,255,135,-5903,0,0,0
735655,65535,255,2540,9845,0,0,0
735656,993,0,4553,9632,3,0,0
735657,65535,255,5069,-6941,0,0,0
735658,911,0,3420,-7266,3,0,0
735659,1165,0,1040,-7383,3,0,0
735660,65535,255,1710,10041,0,0,0
735661,2055,0,3973,9740,3,0,0
735662,1864,0,5476,-6797,3,0,0
735663,1866,0,4039,-7170,3,0,1
735664,2317,0,1903,-7552,3,0,1
735665,1998,0,817,10227,3,0,1
735666,1092,2,3311,9801,3,0,0
735667,962,0,5077,9489,3,0,0
735668,65535,255,4581,-7030,0,0,0
735669,939,0,2692,-7461,1,0,0
735670,65535,255,95,-6568,0,0,0
735671,65535,255,2565,9967,0,0,0
735672,2218,1,4568,9574,1,0,0
735673,65535,255,5057,-6949,0,0,0
735674,1538,0,3412,-7249,3,0,1
735675,1591,0,1033,-7704,3,0,0
735676,1690,0,1710,10156,1,0,1
735677,1462,0,3969,9756,3,0,0
735678,65535,255,5478,-6783,0,0,0
735679,65535,255,4046,-7118,0,0,0
735680,65535,255,1915,-7361,0,0,0
735681,65535,255,794,10273,0,0,0
735682,1762,0,3289,9777,3,0,0
735683,1695,0,5058,9487,3,0,0
735684,65535,255,4601,-7056,0,0,0
735685,1006,0,2727,-7381,3,0,0
735686,65535,255,150,-6323,0,0,0
735687,65535,255,2521,9847,0,0,0
735688,65535,255,4537,9636,0,0,0
735689,65535,255,5080,-6942,0,0,0
735690,978,0,3446,-7279,1,0,1
735691,65535,255,1074,-7448,0,0,0
735692,1006,2,1666,10067,1,0,0
735693,1133,2,3939,9754,3,0,1
735694,65535,255,5494,9417,0,0,0
735695,65535,255,4076,-7177,0,0,0
735696,1043,0,1957,-7574,3,0,1
735697,65535,255,753,10283,0,0,0
735698,441,0,3262,9819,3,0,1
735699,0,0,0,0,0,0,0
735700,65535,255,4622,-7039,0,0,0
735701,65535,255,2755,-7301,0,0,0
735702,0,0,0,0,0,0,0
735703,282,2,2491,9953,1,0,1
735704,227,2,4519,9615,1,0,0
735705,65535,255,5097,-6943,0,0,0
735706,812,0,3467,-7310,1,0,1
735707,459,0,1101,-7660,1,0,1
735708,65535,255,1644,9970,0,0,0
735709,909,0,3924,9743,1,0,1
735710,65535,255,5486,9355,0,0,0
735711,0,0,0,0,0,0,0
735712,65535,255,1973,-7491,0,0,0
735713,828,0,736,10200,1,0,1
735714,807,0,3243,9832,1,0,1
735715,65535,255,5033,9483,0,0,0
735716,65535,255,4631,-7002,0,0,0
735717,65535,255,2769,-7446,0,0,0
735718,65535,255,198,-7497,0,0,0
735719,65535,255,2481,10006,0,0,0
735720,65535,255,4516,9567,0,0,0
735721,65535,255,5880,9247,0,0,0
735722,65535,255,3475,-7291,0,0,0
735723,65535,255,1113,-7688,0,0,0
735724,65535,255,1633,10051,0,0,0
735725,65535,255,3920,9684,0,0,0
735726,1132,0,5483,9397,1,0,1
735727,912,0,6538,9043,1,0,1
735728,65535,255,1984,-7473,0,0,0
735729,65535,255,730,10292,0,0,0
735730,65535,255,3243,9870,0,0,0
735731,1173,0,5030,9516,1,0,1
735732,65535,255,6228,9161,0,0,0
735733,65535,255,-32768,-32768,0,65535,1
735734,628,0,198,-7171,1,0,0
735735,65535,255,2481,10018,0,0,0
735736,65535,255,4516,9585,0,0,0
735737,830,0,5880,9273,1,0,1
735738,65535,255,6817,8936,0,0,0
735739,65535,255,-32768,-32768,0,65535,1
735740,65535,255,1639,10011,0,0,0
735741,65535,255,3924,9684,0,0,0
735742,65535,255,5485,9411,0,0,0
735743,1036,0,6540,9042,1,0,1
735744,0,0,0,0,0,0,0
735745,65535,255,-32768,-32768,0,65535,0
735746,65535,255,3248,9841,0,0,0
735747,65535,255,5036,9510,0,0,0
735748,881,0,6232,9164,1,0,1
735749,0,0,0,0,0,0,0
735750,65535,255,-32768,-32768,0,65535,1
735751,65535,255,-32768,-32768,0,65535,1
735752,991,0,4519,9634,1,0,1
735753,65535,255,5885,9250,0,0,0
735754,65535,255,6819,8925,0,0,0
735755,0,0,0,0,0,0,0
735756,65535,255,-32768,-32768,0,65535,1
735757,570,0,3931,9697,1,0,1
735758,977,0,5491,9350,1,0,1
735759,65535,255,6544,9054,0,0,0
735760,0,0,0,0,0,0,0
735761,0,0,0,0,0,0,0
735762,0,0,0,0,0,0,0
735763,65535,255,5045,9480,0,0,0
735764,65535,255,6237,9151,0,0,0
735765,65535,255,-32768,-32768,0,65535,1
735766,0,0,0,0,0,0,0
735767,65535,255,-32768,-32768,0,65535,1
735768,65535,255,4530,9623,0,0,0
735769,544,0,5892,9264,1,0,1
735770,65535,255,6825,8942,0,0,1
735771,0,0,0,0,0,0,0
735772,65535,255,-32768,-32768,0,65535,1
735773,65535,255,-32768,-32768,0,0,1
735774,65535,255,5498,9407,0,0,0
735775,0,0,0,0,0,0,0
735776,0,0,0,0,0,0,0
735777,65535,255,-32768,-32768,0,65535,1
735778,65535,255,-32768,-32768,0,65535,1
735779,65535,255,5054,9494,0,0,0
735780,65535,255,6245,9163,0,0,0
735781,65535,255,-32768,-32768,0,65535,1
735782,0,0,0,0,0,0,0
735783,65535,255,-32768,-32768,0,0,1
735784,741,2,4543,9567,1,0,1
735785,65535,255,5898,9241,0,0,0
735786,0,0,0,0,0,0,0
735787,0,0,0,0,0,0,0
735788,65535,255,-32768,-32768,0,65535,1
735789,65535,255,3950,9738,0,0,0
735790,224,2,5504,9355,1,0,1
735791,102,2,6551,9037,1,0,1
735792,0,0,0,0,0,0,0
735793,65535,255,-32768,-32768,0,65535,0
735794,905,0,3275,9855,1,0,1
735795,65535,255,5052,9495,0,0,0
735796,65535,255,6244,9140,0,0,0
735797,65535,255,-32768,-32768,0,65535,1
735798,65535,255,-32768,-32768,0,65535,1
735799,464,0,2521,9848,1,0,1
735800,65535,255,4537,9581,0,0,0
735801,65535,255,5895,9259,0,0,0
735802,65535,255,6827,8921,0,0,1
735803,852,0,1074,-7787,1,0,1
735804,65535,255,1677,10105,0,0,0
735805,65535,255,3950,9694,0,0,0
735806,512,0,5501,9402,1,0,1
735807,65535,255,6551,9027,0,0,0
735808,605,0,1942,-7460,1,0,1
735809,602,0,777,10237,1,0,0
735810,499,0,3275,9856,1,0,1
735811,65535,255,5049,9477,0,0,0
735812,1061,0,6242,9131,1,0,1
735813,65535,255,2727,-7318,0,0,0
735814,590,0,144,-9055,1,0,1
735815,65535,255,2535,9907,0,0,0
735816,517,0,4557,9624,1,0,1
735817,65535,255,5910,9267,0,0,0
735818,65535,255,3412,-7295,0,0,0
735819,0,0,0,0,0,0,0
735820,734,0,1728,10070,1,0,1
735821,444,0,3988,9700,1,0,1
735822,768,0,5524,9393,1,0,1
735823,65535,255,4035,-7172,0,0,0
735824,65535,255,1898,-7606,0,0,0
735825,65535,255,824,10091,0,0,0
735826,65535,255,3311,9875,0,0,0
735827,65535,255,5075,9497,0,0,0
735828,65535,255,4585,-7006,0,0,0
735829,65535,255,2702,-7449,0,0,0
735830,908,0,118,-6802,1,0,1
735831,410,0,2550,9955,1,0,1
735832,65535,255,4560,9624,0,0,0
735833,620,0,5066,-6964,1,0,0
735834,832,0,3420,-7215,1,0,1
735835,618,0,1040,-7352,1,0,1
735836,594,0,1705,10118,1,0,1
735837,804,0,3969,9689,1,0,1
735838,65535,255,5483,-6783,0,0,0
735839,65535,255,4054,-7175,0,0,0
735840,923,0,1920,-7379,1,0,1
735841,65535,255,800,9981,0,0,0
735842,65535,255,3293,9785,0,0,0
735843,65535,255,5063,9454,0,0,0
735844,65535,255,4601,-7058,0,0,0
735845,65535,255,2722,-7387,0,0,0
735846,970,0,144,-6262,1,0,1
735847,65535,255,2530,9946,0,0,0
735848,65535,255,4547,9627,0,0,0
735849,1098,0,5076,-6893,1,0,1
735850,887,0,3437,-7247,1,0,1
735851,883,0,1062,-7543,1,0,1
735852,716,0,1688,9965,1,0,1
735853,65535,255,3946,9682,0,0,0
735854,759,0,5500,-6833,1,0,1
735855,65535,255,4072,-7118,0,0,0
735856,684,0,1952,-7434,1,0,1
735857,65535,255,771,9929,0,0,0
735858,65535,255,3271,9831,0,0,0
735859,576,0,5051,9495,1,0,1
735860,65535,255,4616,-7064,0,0,0
735861,811,0,2745,-7399,1,0,1
735862,65535,255,167,-9063,0,0,0
735863,65535,255,2515,9856,0,0,0
735864,65535,255,4536,9569,0,0,0
735865,65535,255,5088,-6905,0,0,0
735866,684,0,3450,-7240,1,0,1
735867,421,0,1073,-7422,1,0,1
735868,0,0,0,0,0,0,0
735869,507,0,3950,9718,1,0,1
735870,1027,0,5497,-6796,1,0,1
735871,65535,255,4073,-7190,0,0,0
735872,65535,255,1947,-7533,0,0,0
735873,65535,255,771,10360,0,0,0
735874,801,0,3271,9869,1,0,1
735875,749,0,5048,9506,1,0,1
735876,65535,255,4621,-7027,0,0,0
735877,65535,255,2750,-7330,0,0,0
735878,65535,255,176,-8615,0,0,0
735879,65535,255,2501,9896,0,0,0
735880,65535,255,4526,9609,0,0,0
735881,0,0,0,0,0,0,0
735882,636,0,3466,-7263,1,0,1
735883,65535,255,1102,-7635,0,0,0
735884,588,0,1644,10044,1,0,1
735885,624,0,3927,9678,1,0,1
735886,65535,255,5486,9401,0,0,0
735887,65535,255,4092,-7100,0,0,0
735888,65535,255,1999,-7547,0,0,0
735889,65535,255,713,10375,0,0,0
735890,65535,255,3234,9755,0,0,0
735891,65535,255,5027,9451,0,0,0
735892,65535,255,4641,-7082,0,0,0
735893,65535,255,2773,-7456,0,0,0
735894,65535,255,198,-8015,0,0,0
735895,230,0,2485,9866,1,0,1
735896,65535,255,4519,9611,0,0,0
735897,881,0,5097,-6903,1,0,1
735898,65535,255,3463,-7288,0,0,0
735899,65535,255,1097,-7763,0,0,0
735900,0,0,0,0,0,0,0
735901,65535,255,3942,9743,0,0,0
735902,65535,255,5498,9378,0,0,0
735903,65535,255,4073,-7117,0,0,0
735904,478,0,1947,-7506,1,0,1
735905,65535,255,765,10313,0,0,0
735906,932,0,3266,9865,1,0,1
735907,65535,255,5048,9500,0,0,0
735908,65535,255,4618,-7033,0,0,0
735909,731,0,2746,-7347,1,0,1
735910,65535,255,173,-9020,0,0,0
735911,742,0,2505,9915,1,0,1
735912,65535,255,4530,9627,0,0,0
735913,65535,255,5088,-6904,0,0,0
735914,65535,255,3459,-7279,0,0,0
735915,0,0,0,0,0,0,0
735916,65535,255,1644,10094,0,0,0
735917,65535,255,3923,9719,0,0,0
735918,580,0,5486,9362,1,0,1
735919,65535,255,4096,-7175,0,0,0
735920,65535,255,1979,-7473,0,0,0
735921,65535,255,730,10413,0,0,0
735922,65535,255,3239,9788,0,0,0
735923,65535,255,5027,9484,0,0,0
735924,65535,255,4638,-7046,0,0,0
735925,678,0,2778,-7426,3,0,1
735926,65535,255,210,-8159,0,0,0
735927,65535,255,2471,9940,0,0,0
735928,599,0,4506,9571,1,0,1
735929,65535,255,5111,-6965,0,0,0
735930,65535,255,3488,-7288,0,0,0
735931,65535,255,1130,-7405,0,0,0
735932,809,0,1617,9996,1,0,1
735933,65535,255,3905,9715,0,0,0
735934,65535,255,5474,9379,0,0,0
735935,979,0,4111,-7121,1,0,1
735936,65535,255,1999,-7406,0,0,0
735937,65535,255,707,10423,0,0,0
735938,1221,0,3226,9819,1,0,1
735939,65535,255,5018,9488,0,0,0
735940,1268,0,4647,-7026,1,0,1
735941,1217,0,2792,-7423,1,0,1
735942,65535,255,229,-8479,0,0,0
735943,65535,255,2457,9826,0,0,0
735944,65535,255,4499,9617,0,0,0
735945,65535,255,5117,-6944,0,0,0
735946,65535,255,3497,-7286,0,0,0
735947,65535,255,1141,-7523,0,0,0
735948,65535,255,1611,10161,0,0,0
735949,540,0,3902,9679,3,0,0
735950,65535,255,5471,9371,0,0,0
735951,65535,255,4114,-7142,0,0,0
735952,65535,255,2005,-7502,0,0,0
735953,1495,0,707,10190,3,0,0
735954,65535,255,3226,9810,0,0,0
735955,65535,255,5021,9454,0,0,0
735956,65535,255,4650,-7066,0,0,0
735957,65535,255,2792,-7367,0,0,0
735958,65535,255,224,-8726,0,0,0
735959,902,0,2461,9878,1,0,0
735960,835,0,4503,9591,1,0,1
735961,65535,255,5116,-6949,0,0,0
735962,65535,255,3492,-7330,0,0,0
735963,1021,0,1136,-7786,1,0,1
735964,806,0,1622,10098,1,0,1
735965,2344,1,3912,9685,1,0,0
735966,1492,0,5478,9397,1,0,0
735967,1513,0,4107,-7200,3,0,0
735968,0,0,0,0,0,0,0
735969,65535,255,724,10187,0,0,0
735970,65535,255,3239,9837,0,0,0
735971,65535,255,5030,9491,0,0,0
735972,1902,1,4640,-7027,3,0,0
735973,65535,255,2773,-7337,0,0,0
735974,1500,0,200,-8675,3,0,0
735975,2172,1,2481,9914,3,0,0
735976,65535,255,4515,9621,0,0,0
735977,1888,1,5105,-6905,3,0,0
735978,1575,1,3475,-7281,3,0,0
735979,1623,0,1107,-7733,3,0,0
735980,65535,255,1644,10095,0,0,0
735981,1773,0,3931,9712,3,0,0
735982,0,0,0,0,0,0,0
735983,65535,255,4088,-7153,0,0,0
735984,65535,255,1963,-7376,0,0,0
735985,1547,0,759,10095,3,0,0
735986,65535,255,3266,9842,0,0,0
735987,65535,255,5048,9503,0,0,0
735988,65535,255,4620,-7061,0,0,0
735989,65535,255,2750,-7419,0,0,0
735990,2195,0,163,-7680,3,0,0
735991,1522,0,2515,9860,3,0,0
735992,579,0,4540,9610,3,0,0
735993,1302,0,5085,-6910,3,0,0
735994,65535,255,3450,-7302,0,0,0
735995,1737,1,1070,-7475,3,0,0
735996,1310,0,1688,9914,3,0,0
735997,651,0,3961,9656,3,0,0
735998,2306,1,5492,-6794,3,0,0
735999,65535,255,4061,-7122,0,0,0
736000,65535,255,1925,-7443,0,0,0
736001,1719,0,794,10260,3,0,0
736002,1754,0,3293,9744,3,0,0
736003,65535,255,5063,9452,0,0,0
736004,65535,255,4607,-7088,0,0,0
736005,65535,255,2731,-7321,0,0,0
736006,1247,1,156,-9167,3,0,0
736007,65535,255,2525,9959,0,0,0
736008,65535,255,4543,9565,0,0,0
736009,974,0,5085,-6951,3,0,0
736010,2063,0,3445,-7250,3,0,0
736011,2333,0,1074,-7679,3,0,0
736012,1949,0,1677,10130,3,0,0
736013,2060,0,3950,9739,3,0,0
736014,65535,255,5498,-6851,0,0,0
736015,1711,0,4073,-7214,3,0,0
736016,65535,255,1947,-7576,0,0,0
736017,65535,255,771,10052,0,0,0
736018,2808,0,3271,9861,3,0,0
736019,1814,0,5052,9448,3,0,0
736020,1406,2,4618,-7053,3,0,0
736021,1795,0,2745,-7351,3,0,0
736022,1631,0,163,-7271,3,0,0
736023,1757,0,2511,9873,3,0,0
736024,1261,0,4533,9613,3,0,0
736025,65535,255,5091,-6939,0,0,0
736026,2675,0,3454,-7248,3,0,0
736027,65535,255,1085,-7739,0,0,0
736028,65535,255,1667,9915,0,0,0
736029,1742,0,3943,9674,3,0,0
736030,1114,0,5499,9352,3,0,0
736031,65535,255,4076,-7191,0,0,0
736032,65535,255,1952,-7540,0,0,0
736033,65535,255,765,10095,0,0,0
736034,65535,255,3267,9748,0,0,0
736035,1265,0,5046,9477,3,0,0
736036,971,0,4621,-7054,3,0,0
736037,65535,255,2747,-7366,0,0,0
736038,65535,255,171,-6704,0,0,0
736039,0,0,0,0,0,0,0
736040,65535,255,4533,9555,0,0,0
736041,1843,0,5091,-6964,1,0,1
736042,1004,0,3454,-7309,3,0,1
736043,1162,0,1084,-7554,1,0,1
736044,65535,255,1666,10152,0,0,0
736045,1429,0,3943,9666,3,0,1
736046,608,0,5499,9356,3,0,1
736047,1065,0,4077,-7212,3,0,0
736048,1018,0,1947,-7390,3,0,0
736049,0,0,0,0,0,0,0
736050,65535,255,3270,9842,0,0,0
736051,737,0,5049,9465,3,0,1
736052,1137,0,4615,-7061,1,0,1
736053,65535,255,2741,-7339,0,0,0
736054,65535,255,157,-7882,0,0,0
736055,507,0,2516,9974,3,0,1
736056,0,0,0,0,0,0,0
736057,65535,255,5085,-6955,0,0,0
736058,65535,255,3446,-7328,0,0,0
736059,65535,255,1068,-7710,0,0,0
736060,706,0,1683,9973,1,0,0
736061,65535,255,3954,9738,0,0,0
736062,65535,255,5493,-6815,0,0,0
736063,65535,255,4065,-7214,0,0,0
736064,65535,255,1930,-7442,0,0,0
736065,65535,255,788,10052,0,0,1
736066,809,0,3288,9783,1,0,1
736067,876,0,5061,9447,1,0,1
736068,711,0,4604,-7051,1,0,1
736069,745,0,2721,-7352,1,0,1
736070,601,0,138,-9122,1,0,1
736071,65535,255,2540,9870,0,0,0
736072,936,0,4554,9589,1,0,0
736073,1013,0,5071,-6943,1,0,1
736074,0,0,0,0,0,0,0
736075,65535,255,1045,-7810,0,0,0
736076,505,0,1710,10106,1,0,1
736077,65535,255,3977,9691,0,0,0
736078,65535,255,5480,-6800,0,0,0
736079,65535,255,4046,-7218,0,0,0
736080,65535,255,1903,-7496,0,0,0
736081,65535,255,823,10334,0,0,0
736082,736,0,3316,9787,1,0,1
736083,1078,0,5080,9466,1,0,1
736084,65535,255,4584,-7062,0,0,0
736085,65535,255,2697,-7461,0,0,0
736086,377,0,100,-7003,1,0,1
736087,822,0,2560,9968,1,0,1
736088,726,0,4569,9576,1,0,1
736089,632,0,5915,9231,1,0,1
736090,772,0,3416,-7227,1,0,1
736091,752,0,1034,-7396,1,0,1
736092,862,0,1710,10144,1,0,1
736093,65535,255,3976,9699,0,0,0
736094,65535,255,5518,9338,0,0,0
736095,0,0,0,0,0,0,0
736096,65535,255,1919,-7442,0,0,0
736097,65535,255,799,10135,0,0,0
736098,741,0,3297,9819,1,0,1
736099,1088,0,5066,9479,1,0,1
736100,0,0,0,0,0,0,0
736101,65535,255,-32768,-32768,0,65535,1
736102,65535,255,140,-8140,0,0,1
736103,65535,255,2535,9858,0,0,0
736104,65535,255,4549,9591,0,0,0
736105,65535,255,5904,9269,0,0,0
736106,65535,255,6832,8932,0,0,0
736107,65535,255,-32768,-32768,0,65535,1
736108,65535,255,1688,9934,0,0,0
736109,0,0,0,0,0,0,0
736110,726,0,5505,9374,1,0,0
736111,65535,255,6555,9010,0,0,0
736112,65535,255,-32768,-32768,0,65535,1
736113,65535,255,-32768,-32768,0,65535,1
736114,65535,255,3275,9852,0,0,0
736115,0,0,0,0,0,0,0
736116,0,0,0,0,0,0,0
736117,0,0,0,0,0,0,0
736118,65535,255,-32768,-32768,0,65535,1
736119,65535,255,-32768,-32768,0,65535,1
736120,849,0,4536,9575,1,0,1
736121,65535,255,5894,9264,0,0,0
736122,65535,255,6826,8932,0,0,1
736123,0,0,0,0,0,0,0
736124,65535,255,-32768,-32768,0,65535,1
736125,65535,255,3943,9675,0,0,0
736126,65535,255,5498,9399,0,0,0
736127,65535,255,6548,9033,0,0,0
736128,0,0,0,0,0,0,0
736129,0,0,0,0,0,0,0
736130,65535,255,-32768,-32768,0,65535,0
736131,0,0,0,0,0,0,0
736132,949,0,6238,9156,1,0,1
736133,0,0,0,0,0,0,0
736134,0,0,0,0,0,0,0
736135,65535,255,-32768,-32768,0,65535,1
736136,65535,255,4526,9620,0,0,0
736137,65535,255,5890,9240,0,0,0
736138,65535,255,6822,8917,0,0,0
736139,0,0,0,0,0,0,0
736140,65535,255,-32768,-32768,0,65535,1
736141,781,0,3935,9683,1,0,1
736142,672,0,5494,9345,1,0,1
736143,0,0,0,0,0,0,0
736144,0,0,0,0,0,0,0
736145,65535,255,-32768,-32768,0,65535,1
736146,0,0,0,0,0,0,0
736147,65535,255,5040,9474,0,0,0
736148,956,0,6235,9142,1,0,1
736149,65535,255,-32768,-32768,0,65535,1
736150,65535,255,-32768,-32768,0,65535,1
736151,65535,255,-32768,-32768,0,65535,0
736152,65535,255,4520,9634,0,0,0
736153,65535,255,5885,9253,0,0,0
736154,65535,255,6820,8934,0,0,0
736155,65535,255,-32768,-32768,0,65535,1
736156,989,0,1644,10117,1,0,1
736157,886,0,3927,9744,1,0,1
736158,65535,255,5488,9388,0,0,0
736159,516,0,6543,9034,1,0,1
736160,65535,255,-32768,-32768,0,65535,1
736161,496,0,748,10227,1,0,1
736162,959,0,3253,9751,1,0,1
736163,65535,255,5037,9474,0,0,0
736164,65535,255,6231,9147,0,0,0
736165,65535,255,-32768,-32768,0,65535,1
736166,965,0,187,-8390,1,0,1
736167,731,0,2491,9953,1,0,1
736168,65535,255,4520,9578,0,0,0
736169,65535,255,5883,9283,0,0,0
736170,65535,255,6819,8912,0,0,1
736171,65535,255,1102,-7461,0,0,0
736172,826,0,1650,10036,1,0,1
736173,900,0,3928,9722,1,0,1
736174,65535,255,5487,9377,0,0,0
736175,1000,0,6542,9031,1,0,1
736176,747,0,1966,-7546,1,0,1
736177,806,0,748,10273,1,0,1
736178,801,0,3258,9769,1,0,1
736179,65535,255,5039,9490,0,0,0
736180,989,0,6233,9161,1,0,1
736181,65535,255,2755,-7302,0,0,0
736182,973,0,184,-6592,1,0,1
736183,686,0,2496,9837,1,0,1
736184,792,0,4523,9633,1,0,1
736185,612,0,5094,-6941,1,0,1
736186,1023,0,3463,-7263,1,0,1
736187,65535,255,1094,-7665,0,0,0
736188,65535,255,1655,9976,0,0,0
736189,826,0,3936,9706,1,0,1
736190,951,0,5492,9377,1,0,1
736191,65535,255,4080,-7116,0,0,0
736192,819,0,1958,-7390,1,0,1
736193,1057,0,754,10403,1,0,1
736194,65535,255,3262,9816,0,0,0
736195,65535,255,5045,9478,0,0,0
736196,65535,255,4618,-7016,0,0,0
736197,65535,255,2750,-7394,0,0,0
736198,735,0,170,-8459,1,0,1
736199,781,0,2506,9976,1,0,1
736200,499,0,4533,9606,1,0,1
736201,792,0,5088,-6932,1,0,1
736202,65535,255,3454,-7255,0,0,0
736203,65535,255,1085,-7828,0,0,0
736204,712,0,1671,9997,1,0,1
736205,543,0,3946,9726,1,0,1
736206,65535,255,5498,-6789,0,0,0
736207,65535,255,4072,-7153,0,0,0
736208,757,0,1947,-7489,1,0,1
736209,547,0,777,10009,1,0,1
736210,629,0,3280,9738,1,0,1
736211,671,0,5054,9487,1,0,1
736212,65535,255,4610,-7073,0,0,0
736213,876,0,2736,-7350,1,0,1
736214,744,0,151,-7891,1,0,1
736215,65535,255,2520,9962,0,0,0
736216,65535,255,4546,9604,0,0,0
736217,65535,255,5082,-6934,0,0,0
736218,65535,255,3441,-7275,0,0,0
736219,65535,255,1062,-7460,0,0,0
736220,0,0,0,0,0,0,0
736221,65535,255,3962,9658,0,0,0
736222,1198,0,5490,-6824,1,0,1
736223,904,0,4061,-7214,1,0,1
736224,724,0,1925,-7390,1,0,1
736225,877,0,801,9846,1,0,1
736226,65535,255,3297,9858,0,0,0
736227,65535,255,5069,9479,0,0,0
736228,984,0,4600,-7076,1,0,1
736229,65535,255,2716,-7363,0,0,0
736230,472,0,124,-8728,1,0,1
736231,587,0,2540,9945,1,0,1
736232,65535,255,4557,9557,0,0,0
736233,919,0,5076,-6933,1,0,1
736234,696,0,3437,-7348,1,0,1
736235,65535,255,1056,-7492,0,0,0
736236,271,0,1694,9972,1,0,1
736237,65535,255,3965,9670,0,0,0
736238,1345,0,5492,-6798,1,0,1
736239,581,0,4061,-7122,1,0,1
736240,889,0,1935,-7594,1,0,1
736241,666,0,788,10050,1,0,1
736242,953,0,3284,9840,1,0,1
736243,154,2,5060,9512,1,0,0
736244,65535,255,4610,-7069,0,0,0
736245,1000,0,2736,-7454,1,0,1
736246,65535,255,153,-8754,0,0,0
736247,589,0,2525,9935,1,0,1
736248,65535,255,4547,9560,0,0,0
736249,65535,255,5084,-6946,0,0,0
736250,65535,255,3445,-7240,0,0,0
736251,65535,255,1073,-7647,0,0,0
736252,755,0,1677,10110,1,0,1
736253,65535,255,3950,9740,0,0,0
736254,65535,255,5500,-6845,0,0,0
736255,65535,255,4072,-7213,0,0,0
736256,776,0,1946,-7558,1,0,1
736257,65535,255,777,10009,0,0,0
736258,65535,255,3275,9851,0,0,0
736259,65535,255,5054,9443,0,0,0
736260,988,0,4616,-7071,1,0,1
736261,779,0,2740,-7350,1,0,1
736262,65535,255,158,-7045,0,0,0
736263,974,0,2516,9860,1,0,1
736264,903,0,4536,9630,1,0,1
736265,65535,255,5088,-6933,0,0,0
736266,65535,255,3450,-7231,0,0,0
736267,65535,255,1079,-7678,0,0,0
736268,773,0,1673,10101,1,0,1
736269,65535,255,3951,9651,0,0,0
736270,65535,255,5498,-6804,0,0,0
736271,65535,255,4072,-7162,0,0,0
736272,760,0,1946,-7473,1,0,1
736273,788,0,772,9878,1,0,1
736274,0,0,0,0,0,0,0
736275,65535,255,5052,9481,0,0,0
736276,624,0,4614,-7018,1,0,1
736277,987,0,2745,-7315,1,0,1
736278,744,0,171,-8644,1,0,1
736279,65535,255,2505,9888,0,0,0
736280,212,2,4530,9613,1,0,1
736281,65535,255,5091,-6933,0,0,0
736282,65535,255,3458,-7263,0,0,0
736283,65535,255,1090,-7644,0,0,0
736284,65535,255,1660,10035,0,0,0
736285,1038,0,3935,9684,1,0,1
736286,971,0,5492,9380,1,0,1
736287,0,0,0,0,0,0,0
736288,65535,255,1963,-7553,0,0,0
736289,597,2,754,9875,1,0,1
736290,65535,255,3257,9798,0,0,0
736291,679,0,5040,9479,1,0,1
736292,65535,255,4625,-7027,0,0,0
736293,911,0,2759,-7358,1,0,1
736294,65535,255,184,-6593,0,0,0
736295,397,0,2491,9992,1,0,1
736296,65535,255,4520,9578,0,0,0
736297,899,0,5097,-6955,1,0,1
736298,780,0,3467,-7244,1,0,1
736299,874,0,1107,-7611,1,0,1
736300,65535,255,1645,10077,0,0,0
736301,65535,255,3924,9707,0,0,0
736302,65535,255,5487,9356,0,0,0
736303,65535,255,4092,-7164,0,0,0
736304,65535,255,1973,-7437,0,0,0
736305,65535,255,736,10322,0,0,0
736306,65535,255,3249,9761,0,0,0
736307,65535,255,5034,9464,0,0,0
736308,65535,255,4631,-7020,0,0,0
736309,0,0,0,0,0,0,0
736310,65535,255,192,-7161,0,0,0
736311,65535,255,2487,9839,0,0,0
736312,65535,255,4513,9611,0,0,0
736313,65535,255,5100,-6908,0,0,0
736314,622,0,3475,-7312,1,0,1
736315,65535,255,1107,-7430,0,0,0
736316,65535,255,1639,9978,0,0,0
736317,65535,255,3921,9686,0,0,0
736318,1572,0,5484,9352,1,0,1
736319,0,0,0,0,0,0,0
736320,65535,255,1978,-7469,0,0,0
736321,65535,255,738,9782,0,0,0
736322,65535,255,3248,9809,0,0,0
736323,743,0,5034,9503,1,0,1
736324,737,0,4631,-7073,1,0,1
736325,0,0,0,0,0,0,0
736326,65535,255,196,-6486,0,0,0
736327,65535,255,2481,9986,0,0,0
736328,65535,255,4517,9610,0,0,1
736329,65535,255,5099,-6918,0,0,0
736330,65535,255,3471,-7208,0,0,0
736331,2955,1,1107,-7610,3,0,0
736332,65535,255,1644,10137,0,0,0
736333,65535,255,3924,9753,0,0,0
736334,2922,0,5486,9398,3,0,0
736335,2458,0,4091,-7150,3,0,0
736336,2371,0,1973,-7453,3,0,0
736337,1213,2,749,9788,3,0,0
736338,65535,255,3253,9828,0,0,0
736339,65535,255,5036,9519,0,0,0
736340,65535,255,4627,-7003,0,0,0
736341,65535,255,2759,-7368,0,0,0
736342,65535,255,180,-7678,0,0,0
736343,1880,0,2496,9915,3,0,0
736344,65535,255,4527,9572,0,0,0
736345,0,0,0,0,0,0,0
736346,65535,255,3467,-7322,0,0,0
736347,65535,255,1095,-7550,0,0,0
736348,1685,0,1655,10116,3,0,0
736349,2448,1,3936,9727,3,0,0
736350,2451,1,5495,9358,3,0,0
736351,65535,255,4083,-7173,0,0,0
736352,1234,0,1957,-7520,1,0,1
736353,1999,0,759,10054,1,0,1
736354,546,0,3268,9803,1,0,0
736355,1048,0,5048,9479,1,0,0
736356,65535,255,4620,-7058,0,0,0
736357,987,0,2745,-7314,1,0,1
736358,65535,255,165,-6865,0,0,0
736359,324,0,2510,9889,1,0,1
736360,65535,255,4539,9563,0,0,0
736361,65535,255,5089,-6951,0,0,0
736362,65535,255,3454,-7324,0,0,1
736363,0,0,0,0,0,0,0
736364,599,2,1677,9888,1,0,0
736365,65535,255,3954,9682,0,0,0
736366,65535,255,5497,-6835,0,0,0
736367,65535,255,4068,-7122,0,0,0
736368,65535,255,1936,-7404,0,0,0
736369,0,0,0,0,0,0,0
736370,65535,255,3284,9843,0,0,0
736371,65535,255,5063,9461,0,0,0
736372,2683,0,4607,-7048,1,0,0
736373,65535,255,2726,-7305,0,0,0
736374,2943,0,141,-6958,1,0,0
736375,1871,0,2535,9923,1,0,0
736376,0,0,0,0,0,0,0
736377,928,0,5076,-6919,3,0,0
736378,2173,0,3432,-7249,3,0,0
736379,2173,0,1051,-7394,1,0,0
736380,0,0,0,0,0,0,0
736381,65535,255,3973,9650,0,0,0
736382,1786,0,5484,-6820,3,0,0
736383,1087,0,4049,-7215,3,0,0
736384,282,2,1908,-7389,1,0,0
736385,65535,255,812,10381,0,0,0
736386,1460,0,3307,9793,3,0,0
736387,1715,0,5074,9494,3,0,0
736388,65535,255,4593,-7057,0,0,0
736389,65535,255,2707,-7458,0,0,0
736390,1744,0,122,-9572,3,0,0
736391,0,0,0,0,0,0,0
736392,1518,0,4567,9595,3,0,0
736393,1942,0,5065,-6901,3,0,0
736394,2339,0,3415,-7322,1,0,0
736395,1248,2,1027,-7491,1,0,0
736396,65535,255,1721,10049,0,0,0
736397,345,0,3984,9729,1,0,1
736398,65535,255,5477,-6849,0,0,0
736399,65535,255,4037,-7153,0,0,0
736400,65535,255,1898,-7633,0,0,0
736401,839,2,829,10253,1,0,1
736402,925,0,3320,9772,1,0,1
736403,65535,255,5080,9488,0,0,0
736404,110,0,4580,-7066,3,0,1
736405,149,0,2692,-7484,1,0,1
736406,65535,255,100,-5607,0,0,0
736407,65535,255,2570,9844,0,0,0
736408,573,1,4574,9631,1,0,1
736409,1262,1,5054,-6939,1,0,1
736410,670,1,3398,-7253,1,0,1
736411,820,1,1010,-7819,1,0,1
736412,65535,255,1743,9970,0,0,0
736413,338,0,3995,9697,1,0,1
736414,65535,255,5465,-6801,0,0,0
736415,579,0,4027,-7182,1,0,1
736416,712,1,1886,-7599,1,0,1
736417,568,1,835,10332,1,0,1
736418,65535,255,3320,9837,0,0,0
736419,533,1,5084,9461,1,0,1
736420,0,0,0,0,0,0,0
736421,65535,255,2692,-7329,0,0,0
736422,65535,255,99,-7963,0,0,0
736423,924,0,2560,9982,1,0,1
736424,529,0,4568,9626,1,0,1
736425,870,0,5060,-6958,1,0,1
736426,1138,0,3412,-7321,1,0,1
736427,65535,255,1027,-7682,0,0,0
736428,65535,255,1716,9954,0,0,0
736429,1100,0,3977,9730,1,0,1
736430,967,0,5475,-6802,1,0,1
736431,65535,255,4042,-7193,0,0,0
736432,65535,255,1909,-7541,0,0,0
736433,1065,0,812,9851,1,0,1
736434,658,0,3302,9835,1,0,1
736435,838,0,5067,9496,1,0,1
736436,65535,255,4593,-7074,0,0,0
736437,824,0,2712,-7432,1,0,1
736438,65535,255,131,-6391,0,0,0
736439,210,0,2541,9923,1,0,1
736440,1182,0,4554,9548,1,0,1
736441,742,0,5068,-6898,1,0,1
736442,0,0,0,0,0,0,0
736443,220,0,1051,-7393,1,0,1
736444,953,0,1694,10131,1,0,1
736445,65535,255,3962,9689,0,0,0
736446,65535,255,5488,-6854,0,0,0
736447,1371,0,4057,-7168,1,0,1
736448,721,0,1930,-7592,1,0,1
736449,831,0,795,9804,1,0,1
736450,883,0,3286,9809,1,0,0
736451,65535,255,5058,9504,0,0,0
736452,65535,255,4604,-7023,0,0,0
736453,65535,255,2728,-7366,0,0,0
736454,909,0,145,-7889,1,0,1
736455,620,0,2525,10014,1,0,1
736456,649,0,4547,9557,1,0,1
736457,65535,255,5900,9239,0,0,0
736458,65535,255,3441,-7263,0,0,0
736459,838,0,1068,-7550,1,0,1
736460,65535,255,1683,9938,0,0,1
736461,928,0,3954,9742,1,0,1
736462,712,0,5506,9354,1,0,1
736463,65535,255,6552,9040,0,0,0
736464,685,0,1941,-7521,1,0,1
736465,65535,255,777,10354,0,0,0
736466,65535,255,3279,9873,0,0,0
736467,907,0,5055,9500,1,0,1
736468,65535,255,6244,9146,0,0,0
736469,65535,255,-32768,-32768,0,65535,1
736470,574,0,158,-8676,1,0,0
736471,65535,255,2520,9876,0,0,0
736472,65535,255,4540,9596,0,0,0
736473,748,0,5897,9270,1,0,1
736474,65535,255,6829,8927,0,0,1
736475,65535,255,-32768,-32768,0,65535,1
736476,898,0,1672,10173,1,0,1
736477,65535,255,3950,9721,0,0,0
736478,718,0,5504,9350,1,0,1
736479,1353,0,6552,9038,1,0,1
736480,65535,255,-32768,-32768,0,65535,1
736481,65535,255,-32768,-32768,0,0,1
736482,65535,255,3275,9760,0,0,0
736483,766,0,5053,9454,1,0,1
736484,65535,255,6244,9165,0,0,0
736485,65535,255,-32768,-32768,0,65535,1
736486,0,0,0,0,0,0,0
736487,65535,255,-32768,-32768,0,65535,0
736488,65535,255,4540,9559,0,0,0
736489,65535,255,5896,9250,0,0,0
736490,65535,255,6829,8915,0,0,0
736491,0,0,0,0,0,0,0
736492,0,0,0,0,0,0,0
736493,65535,255,3947,9714,0,0,0
736494,859,0,5504,9346,1,0,1
736495,1107,0,6551,9041,1,0,1
736496,0,0,0,0,0,0,0
736497,65535,255,-32768,-32768,0,65535,1
736498,65535,255,-32768,-32768,0,65535,1
736499,681,0,5054,9468,1,0,1
736500,1161,0,6245,9127,1,0,1
736501,65535,255,-32768,-32768,0,65535,1
736502,0,0,0,0,0,0,0
736503,65535,255,-32768,-32768,0,65535,0
736504,65535,255,4540,9614,0,0,0
736505,1092,0,5897,9283,1,0,1
736506,65535,255,6828,8927,0,0,0
736507,0,0,0,0,0,0,0
736508,65535,255,-32768,-32768,0,65535,0
736509,65535,255,3950,9699,0,0,0
736510,65535,255,5504,9341,0,0,0
736511,1090,0,6552,9038,1,0,1
736512,0,0,0,0,0,0,0
736513,65535,255,-32768,-32768,0,65535,0
736514,852,0,3280,9807,1,0,1
736515,65535,255,5054,9480,0,0,0
736516,846,0,6245,9142,1,0,1
736517,65535,255,-32768,-32768,0,65535,1
736518,65535,255,-32768,-32768,0,65535,0
736519,65535,255,2521,9964,0,0,0
736520,65535,255,4543,9558,0,0,0
736521,65535,255,5897,9253,0,0,0
736522,65535,255,6830,8924,0,0,1
736523,65535,255,-32768,-32768,0,65535,1
736524,706,0,1682,9957,1,0,1
736525,65535,255,3954,9654,0,0,0
736526,65535,255,5504,9392,0,0,0
736527,65535,255,6554,9026,0,0,0
736528,65535,255,-32768,-32768,0,65535,1
736529,65535,255,784,9838,0,0,0
736530,65535,255,3284,9788,0,0,0
736531,1129,0,5057,9478,1,0,1
736532,1099,0,6247,9141,1,0,1
736533,65535,255,-32768,-32768,0,65535,1
736534,65535,255,143,-6497,0,0,0
736535,1076,0,2525,10002,1,0,1
736536,614,0,4547,9582,1,0,1
736537,1173,0,5900,9273,1,0,1
736538,65535,255,6830,8933,0,0,1
736539,65535,255,1056,-7645,0,0,0
736540,880,0,1688,10093,1,0,1
736541,341,0,3962,9719,1,0,0
736542,854,0,5509,9362,1,0,1
736543,861,2,4057,-7168,1,0,1
736544,65535,255,1925,-7438,0,0,0
736545,866,0,794,10307,1,0,1
736546,65535,255,3294,9749,0,0,0
736547,65535,255,5064,9461,0,0,0
736548,864,0,4597,-7016,1,0,1
736549,65535,255,2717,-7325,0,0,0
736550,856,0,134,-5911,1,0,1
736551,776,0,2535,9988,1,0,1
736552,815,0,4554,9580,1,0,1
736553,630,0,5069,-6960,1,0,1
736554,65535,255,3424,-7257,0,0,0
736555,0,0,0,0,0,0,0
736556,65535,255,1705,9918,0,0,0
736557,65535,255,3973,9658,0,0,0
736558,65535,255,5479,-6796,0,0,0
736559,65535,255,4046,-7126,0,0,0
736560,65535,255,1908,-7611,0,0,0
736561,656,0,812,10096,1,0,1
736562,688,0,3302,9860,1,0,1
736563,65535,255,5073,9444,0,0,0
736564,620,0,4587,-7093,1,0,1
736565,762,0,2702,-7315,1,0,1
736566,65535,255,118,-5644,0,0,0
736567,65535,255,2555,9996,0,0,0
736568,65535,255,4564,9591,0,0,0
736569,462,0,5060,-6973,1,0,1
736570,65535,255,3412,-7294,0,0,0
736571,423,0,1025,-7635,1,0,1
736572,857,0,1727,9935,1,0,1
736573,65535,255,3984,9671,0,0,0
736574,834,0,5470,-6807,1,0,1
736575,65535,255,4031,-7151,0,0,0
736576,659,0,1886,-7406,1,0,1
736577,571,0,835,10293,1,0,1
736578,882,0,3325,9773,1,0,1
736579,790,0,5086,9478,1,0,1
736580,650,0,4577,-7040,1,0,1
736581,65535,255,2682,-7424,0,0,0
736582,65535,255,89,-8744,0,0,0
736583,678,2,2575,9932,1,0,1
736584,65535,255,4581,9569,0,0,0
736585,658,0,5048,-6960,1,0,1
736586,941,0,3394,-7279,1,0,1
736587,65535,255,998,-7521,0,0,0
736588,784,0,1743,10047,1,0,1
736589,963,0,3996,9721,1,0,1
736590,65535,255,5467,-6836,0,0,0
736591,65535,255,4030,-7202,0,0,0
736592,65535,255,1886,-7563,0,0,0
736593,846,0,834,10056,1,0,1
736594,670,0,3320,9867,1,0,1
736595,65535,255,5081,9453,0,0,0
736596,65535,255,4583,-7014,0,0,0
736597,65535,255,2701,-7374,0,0,0
736598,906,0,110,-7640,1,0,1
736599,642,0,2555,9910,1,0,1
736600,65535,255,4564,9561,0,0,0
736601,65535,255,5068,-6950,0,0,0
736602,407,2,3420,-7275,1,0,0
736603,65535,255,1051,-7427,0,0,0
736604,65535,255,1694,10129,0,0,0
736605,65535,255,3965,9680,0,0,0
736606,79,2,5492,-6841,1,0,0
736607,790,0,4064,-7141,1,0,1
736608,824,0,1935,-7525,1,0,1
736609,825,0,782,10222,1,0,1
736610,567,0,3284,9823,1,0,1
736611,842,0,5057,9460,1,0,1
736612,65535,255,4614,-7066,0,0,0
736613,685,0,2740,-7361,1,0,1
736614,522,0,160,-8918,1,0,1
736615,65535,255,2516,9862,0,0,0
736616,519,0,4540,9575,1,0,1
736617,1173,0,5090,-6921,1,0,1
736618,578,0,3454,-7281,1,0,1
736619,65535,255,1084,-7583,0,0,0
736620,65535,255,1666,9938,0,0,0
736621,65535,255,3943,9728,0,0,0
736622,647,0,5498,9346,1,0,1
736623,816,0,4083,-7195,1,0,1
736624,0,0,0,0,0,0,0
736625,65535,255,753,10096,0,0,0
736626,65535,255,3262,9808,0,0,0
736627,789,0,5042,9464,1,0,1
736628,65535,255,4627,-7073,0,0,0
736629,807,0,2764,-7391,1,0,1
736630,65535,255,185,-6408,0,0,0
736631,65535,255,2491,9929,0,0,0
736632,65535,255,4523,9616,0,0,0
736633,65535,255,5101,-6959,0,0,0
736634,417,0,3471,-7216,1,0,1
736635,720,0,1107,-7399,1,0,1
736636,65535,255,1639,10160,0,0,0
736637,65535,255,3924,9702,0,0,0
736638,65535,255,5486,9404,0,0,0
736639,65535,255,4095,-7212,0,0,0
736640,65535,255,1978,-7468,0,0,0
736641,891,0,730,10190,1,0,1
736642,725,0,3244,9830,1,0,1
736643,65535,255,5030,9483,0,0,0
736644,976,2,4637,-7011,1,0,0
736645,65535,255,2774,-7361,0,0,0
736646,844,0,203,-8005,1,0,1
736647,65535,255,2477,9841,0,0,0
736648,65535,255,4509,9582,0,0,0
736649,65535,255,5107,-6941,0,0,0
736650,304,0,3483,-7327,1,0,1
736651,514,0,1123,-7757,1,0,1
736652,581,0,1628,10142,1,0,1
736653,928,0,3913,9704,1,0,1
736654,65535,255,5477,9381,0,0,0
736655,65535,255,4103,-7118,0,0,0
736656,65535,255,1994,-7514,0,0,0
736657,65535,255,719,10422,0,0,0
736658,65535,255,3232,9852,0,0,0
736659,65535,255,5022,9518,0,0,0
736660,65535,255,4644,-7057,0,0,0
736661,65535,255,2783,-7398,0,0,0
736662,65535,255,216,-7062,0,0,0
736663,65535,255,2462,9985,0,0,0
736664,65535,255,4503,9558,0,0,0
736665,0,0,0,0,0,0,0
736666,65535,255,3488,-7316,0,0,1
736667,65535,255,1135,-7810,0,0,0
736668,65535,255,1617,10144,0,0,0
736669,65535,255,3905,9720,0,0,0
736670,65535,255,5474,9352,0,0,0
736671,65535,255,4106,-7145,0,0,0
736672,65535,255,2000,-7594,0,0,0
736673,2298,0,713,9961,1,0,0
736674,65535,255,3226,9804,0,0,0
736675,1644,0,5019,9475,3,0,0
736676,65535,255,4644,-7015,0,0,0
736677,65535,255,2787,-7330,0,0,0
736678,65535,255,223,-8575,0,0,0
736679,65535,255,2461,9921,0,0,0
736680,1833,0,4500,9634,3,0,0
736681,65535,255,5111,-6913,0,0,0
736682,65535,255,3492,-7298,0,0,0
736683,3977,1,1135,-7781,3,0,0
736684,65535,255,1612,10145,0,0,0
736685,65535,255,3906,9691,0,0,0
736686,0,0,0,0,0,0,0
736687,65535,255,4106,-7131,0,0,0
736688,0,0,0,0,0,0,0
736689,65535,255,713,9959,0,0,0
736690,1696,0,3226,9815,3,0,0
736691,65535,255,5019,9492,0,0,0
736692,65535,255,4644,-7038,0,0,0
736693,65535,255,2787,-7374,0,0,0
736694,65535,255,216,-7069,0,0,0
736695,2517,0,2461,9999,3,0,0
736696,65535,255,4503,9578,0,0,0
736697,1841,0,5111,-6954,3,0,0
736698,1110,2,3488,-7238,3,0,0
736699,65535,255,1129,-7605,0,0,0
736700,65535,255,1617,10043,0,0,0
736701,65535,255,3909,9698,0,0,0
736702,2267,0,5476,9348,3,0,0
736703,1561,0,4106,-7144,3,0,0
736704,2250,0,1994,-7384,3,0,0
736705,1463,0,718,10147,3,0,0
736706,0,0,0,0,0,0,0
736707,65535,255,5024,9519,0,0,0
736708,879,0,4641,-7074,3,0,0
736709,1198,0,2783,-7453,1,0,1
736710,65535,255,209,-8148,0,0,0
736711,1563,0,2471,9908,3,0,1
736712,711,0,4509,9633,3,0,1
736713,65535,255,5108,-6924,0,0,0
736714,65535,255,3484,-7334,0,0,1
736715,65535,255,1118,-7458,0,0,0
736716,65535,255,1634,9981,0,0,0
736717,65535,255,3917,9675,0,0,0
736718,65535,255,5480,9407,0,0,0
736719,65535,255,4098,-7138,0,0,0
736720,65535,255,1984,-7384,0,0,0
736721,65535,255,730,10146,0,0,0
736722,65535,255,3244,9860,0,0,0
736723,65535,255,5033,9523,0,0,0
736724,65535,255,4637,-7081,0,0,0
736725,65535,255,2768,-7308,0,0,0
736726,3059,0,201,-8832,3,0,0
736727,65535,255,2486,9957,0,0,0
736728,65535,255,4520,9569,0,0,0
736729,65535,255,5105,-6956,0,0,0
736730,2162,2,3475,-7258,3,0,0
736731,65535,255,1107,-7699,0,0,0
736732,3117,0,1644,10160,3,0,0
736733,852,0,3927,9748,3,0,0
736734,65535,255,5490,9387,0,0,0
736735,65535,255,4087,-7105,0,0,0
736736,1042,0,1973,-7565,3,0,0
736737,437,2,748,10012,3,0,0
736738,65535,255,3257,9849,0,0,0
736739,65535,255,5042,9521,0,0,0
736740,995,0,4627,-7083,1,0,0
736741,65535,255,2754,-7310,0,0,0
736742,65535,255,181,-6194,0,0,0
736743,1183,0,2500,9981,1,0,0
736744,65535,255,4530,9586,0,0,0
736745,1254,0,5093,-6917,1,0,0
736746,65535,255,3462,-7286,0,0,0
736747,1061,0,1085,-7397,1,0,0
736748,315,0,1667,9940,1,0,0
736749,109,2,3946,9671,3,0,0
736750,65535,255,5501,9343,0,0,0
736751,65535,255,4076,-7157,0,0,0
736752,530,0,1947,-7435,1,0,1
736753,860,0,771,10357,1,0,1
736754,853,0,3275,9780,1,0,1
736755,0,0,0,0,0,0,0
736756,65535,255,4614,-7050,0,0,0
736757,1017,0,2740,-7437,3,0,1
736758,600,0,153,-8740,1,0,0
736759,1002,0,2520,9953,1,0,1
736760,65535,255,4547,9576,0,0,0
736761,65535,255,5082,-6967,0,0,0
736762,65535,255,3441,-7289,0,0,0
736763,65535,255,1063,-7394,0,0,0
736764,570,0,1694,9977,1,0,0
736765,767,0,3961,9691,1,0,1
736766,871,0,5490,-6821,3,0,1
736767,866,0,4057,-7182,3,0,1
736768,65535,255,1924,-7505,0,0,0
736769,65535,255,801,9931,0,0,0
736770,2349,1,3298,9834,3,0,0
736771,2324,1,5068,9476,3,0,0
736772,1375,0,4596,-7087,3,0,0
736773,1662,1,2712,-7349,3,0,0
736774,1267,0,123,-7109,3,0,0
736775,65535,255,2550,9874,0,0,0
736776,65535,255,4562,9577,0,0,0
736777,1175,0,5065,-6945,3,0,0
736778,65535,255,3416,-7257,0,0,0
736779,2580,0,1033,-7777,3,0,0
736780,1338,0,1722,9917,3,0,0
736781,65535,255,3984,9679,0,0,0
736782,65535,255,5472,-6820,0,0,0
736783,65535,255,4034,-7135,0,0,0
736784,376,2,1897,-7491,1,0,0
736785,65535,255,823,10136,0,0,0
736786,65535,255,3316,9793,0,0,0
736787,65535,255,5079,9443,0,0,0
736788,1003,0,4583,-7032,3,0,1
736789,0,0,0,0,0,0,0
736790,65535,255,110,-7349,0,0,0
736791,65535,255,2556,9960,0,0,0
736792,65535,255,4564,9616,0,0,0
736793,65535,255,5063,-6950,0,0,0
736794,924,0,3416,-7319,1,0,1
736795,65535,255,1033,-7679,0,0,0
736796,65535,255,1716,9975,0,0,0
736797,65535,255,3977,9739,0,0,0
736798,65535,255,5476,-6810,0,0,1
736799,891,0,4043,-7205,1,0,1
736800,764,0,1903,-7404,1,0,1
736801,65535,255,818,9976,0,0,0
736802,134,2,3307,9757,1,0,1
736803,65535,255,5073,9512,0,0,0
736804,65535,255,4587,-7025,0,0,0
736805,65535,255,2707,-7478,0,0,1
736806,65535,255,116,-7360,0,0,0
736807,65535,255,2545,9974,0,0,0
736808,695,0,4558,9630,1,0,1
736809,767,0,5066,-6970,1,0,0
736810,65535,255,3416,-7221,0,0,0
736811,65535,255,1034,-7406,0,0,0
736812,526,0,1710,10110,1,0,1
736813,65535,255,3973,9682,0,0,0
736814,65535,255,5480,-6849,0,0,0
736815,869,0,4046,-7161,1,0,1
736816,0,0,0,0,0,0,0
736817,65535,255,812,9893,0,0,0
736818,65535,255,3303,9828,0,0,0
736819,891,0,5070,9503,1,0,0
736820,0,0,0,0,0,0,0
736821,65535,255,2707,-7334,0,0,0
736822,65535,255,116,-7928,0,0,0
736823,712,0,2547,9931,1,0,1
736824,65535,255,4561,9562,0,0,0
736825,65535,255,5909,9242,0,0,1
736826,500,0,3420,-7273,1,0,1
736827,450,0,1033,-7582,1,0,1
736828,65535,255,1716,9956,0,0,0
736829,65535,255,3973,9741,0,0,0
736830,65535,255,5519,9357,0,0,0
736831,1194,0,6563,9038,1,0,1
736832,65535,255,1908,-7524,0,0,0
736833,65535,255,812,10343,0,0,0
736834,548,0,3307,9860,1,0,1
736835,1020,0,5072,9497,1,0,1
736836,764,0,6257,9143,1,0,1
736837,65535,255,-32768,-32768,0,65535,1
736838,268,0,117,-8500,1,0,0
736839,65535,255,2555,9861,0,0,0
736840,0,0,0,0,0,0,0
736841,0,0,0,0,0,0,0
736842,65535,255,6840,8921,0,0,0
736843,65535,255,-32768,-32768,0,65535,1
736844,65535,255,1716,10109,0,0,0
736845,65535,255,3980,9695,0,0,0
736846,454,0,5524,9366,1,0,1
736847,65535,255,6566,9024,0,0,0
736848,0,0,0,0,0,0,0
736849,65535,255,-32768,-32768,0,65535,0
736850,760,0,3311,9851,1,0,1
736851,65535,255,5077,9497,0,0,0
736852,65535,255,6260,9142,0,0,0
736853,65535,255,-32768,-32768,0,65535,1
736854,65535,255,-32768,-32768,0,65535,1
736855,65535,255,-32768,-32768,0,65535,1
736856,938,0,4571,9604,1,0,1
736857,65535,255,5917,9278,0,0,0
736858,65535,255,6843,8936,0,0,0
736859,0,0,0,0,0,0,0
736860,65535,255,-32768,-32768,0,65535,1
736861,678,0,3988,9746,1,0,1
736862,65535,255,5529,9364,0,0,0
736863,65535,255,6569,9050,0,0,0
736864,0,0,0,0,0,0,0
736865,65535,255,-32768,-32768,0,65535,0
736866,65535,255,-32768,-32768,0,65535,1
736867,65535,255,5086,9469,0,0,1
736868,869,0,6267,9129,1,0,1
736869,65535,255,-32768,-32768,0,65535,1
736870,0,0,0,0,0,0,0
736871,65535,255,-32768,-32768,0,65535,1
736872,508,2,4581,9602,1,0,0
736873,65535,255,5924,9276,0,0,0
736874,0,0,0,0,0,0,0
736875,0,0,0,0,0,0,0
736876,65535,255,-32768,-32768,0,65535,1
736877,65535,255,3999,9648,0,0,0
736878,487,0,5536,9380,1,0,1
736879,691,0,6576,9013,1,0,0
736880,0,0,0,0,0,0,0
736881,65535,255,-32768,-32768,0,65535,1
736882,761,0,3333,9847,1,0,1
736883,65535,255,5092,9504,0,0,0
736884,65535,255,6270,9151,0,0,0
736885,65535,255,-32768,-32768,0,65535,1
736886,65535,255,-32768,-32768,0,65535,0
736887,777,0,2585,9969,1,0,1
736888,65535,255,4591,9557,0,0,0
736889,0,0,0,0,0,0,0
736890,65535,255,6852,8919,0,0,1
736891,65535,255,-32768,-32768,0,65535,1
736892,65535,255,1759,9889,0,0,0
736893,65535,255,4007,9735,0,0,0
736894,781,0,5542,9365,1,0,1
736895,908,0,6580,9004,1,0,1
736896,65535,255,-32768,-32768,0,65535,1
736897,508,0,864,10056,1,0,1
736898,684,0,3343,9817,1,0,1
736899,65535,255,5097,9466,0,0,0
736900,65535,255,6273,9145,0,0,0
736901,65535,255,2672,-7412,0,0,0
736902,703,0,77,-8903,1,0,1
736903,65535,255,2585,9957,0,0,0
736904,776,0,4584,9582,1,0,1
736905,820,0,5925,9227,1,0,1
736906,650,0,3394,-7313,1,0,1
736907,65535,255,1004,-7519,0,0,0
736908,505,0,1738,10068,1,0,1
736909,757,0,3992,9737,1,0,1
736910,657,0,5529,9391,1,0,1
736911,65535,255,4027,-7128,0,0,0
736912,65535,255,1886,-7420,0,0,0
736913,660,0,835,10374,1,0,1
736914,761,0,3321,9812,1,0,1
736915,65535,255,5081,9511,0,0,0
736916,869,0,4580,-7087,1,0,1
736917,65535,255,2692,-7349,0,0,0
736918,65535,255,100,-6964,0,0,0
736919,65535,255,2560,9898,0,0,0
736920,65535,255,4568,9561,0,0,0
736921,819,0,5060,-6960,1,0,1
736922,65535,255,3412,-7292,0,0,0
736923,65535,255,1027,-7453,0,0,0
736924,546,0,1716,10053,1,0,1
736925,65535,255,3977,9733,0,0,0
736926,65535,255,5475,-6804,0,0,0
736927,65535,255,4039,-7140,0,0,0
736928,516,0,1903,-7437,1,0,1
736929,422,0,818,9855,1,0,1
736930,65535,255,3302,9834,0,0,0
736931,461,0,5073,9446,1,0,1
736932,659,2,4590,-7016,1,0,0
736933,449,0,2707,-7406,1,0,1
736934,568,0,124,-8720,1,0,1
736935,522,0,2546,9850,1,0,1
736936,65535,255,4555,9609,0,0,0
736937,65535,255,5068,-6948,0,0,0
736938,65535,255,3424,-7281,0,0,0
736939,558,0,1045,-7423,1,0,1
736940,628,0,1700,10035,1,0,1
736941,65535,255,3965,9735,0,0,0
736942,65535,255,5483,-6788,0,0,0
736943,65535,255,4054,-7152,0,0,0
736944,65535,255,1919,-7471,0,0,0
736945,65535,255,800,9974,0,0,0
736946,554,0,3289,9874,1,0,1
736947,277,0,5064,9474,1,0,0
736948,595,0,4601,-7051,1,0,1
736949,550,0,2722,-7310,1,0,1
736950,649,0,141,-6949,1,0,1
736951,617,0,2530,9902,1,0,1
736952,735,0,4547,9571,1,0,1
736953,451,0,5074,-6899,1,0,1
736954,520,0,3435,-7298,1,0,1
736955,510,0,1062,-7673,1,0,1
736956,520,0,1689,9920,1,0,1
736957,65535,255,3958,9700,0,0,0
736958,65535,255,5490,-6845,0,0,0
736959,65535,255,4061,-7129,0,0,0
736960,65535,255,1930,-7452,0,0,0
736961,477,0,789,9931,1,0,1
736962,550,0,3284,9875,1,0,1
736963,745,0,5058,9481,1,0,1
736964,65535,255,4607,-7068,0,0,0
736965,602,0,2731,-7345,1,0,1
736966,65535,255,145,-7884,0,0,0
736967,0,0,0,0,0,0,0
736968,65535,255,4530,9558,0,0,0
736969,900,0,5093,-6910,1,0,1
736970,540,2,3462,-7262,1,0,1
736971,479,0,1095,-7550,1,0,1
736972,65535,255,1656,9938,0,0,0
736973,512,0,3935,9737,1,0,1
736974,65535,255,5494,9356,0,0,0
736975,650,0,4087,-7129,1,0,1
736976,65535,255,1968,-7535,0,0,0
736977,65535,255,748,10363,0,0,0
736978,525,0,3253,9866,1,0,1
736979,556,0,5039,9502,1,0,1
736980,494,0,4630,-7032,1,0,1
736981,447,0,2764,-7323,1,0,1
736982,65535,255,193,-8360,0,0,0
736983,0,0,0,0,0,0,0
736984,65535,255,4520,9592,0,0,1
736985,787,0,5104,-6948,1,0,1
736986,677,0,3474,-7230,1,0,1
736987,628,0,1113,-7400,1,0,1
736988,586,0,1639,10159,1,0,1
736989,236,0,3924,9717,1,0,0
736990,65535,255,5486,9344,0,0,0
736991,640,0,4099,-7126,1,0,1
736992,65535,255,1983,-7532,0,0,0
736993,65535,255,731,10416,0,0,0
736994,65535,255,3242,9781,0,0,0
736995,65535,255,5030,9521,0,0,0
736996,761,0,4640,-7059,1,0,1
736997,65535,255,2777,-7400,0,0,0
736998,168,2,204,-7025,1,0,0
736999,65535,255,2476,9982,0,0,0
737000,65535,255,4513,9556,0,0,0
737001,0,0,0,0,0,0,0
737002,65535,255,3483,-7310,0,0,0
737003,476,0,1124,-7785,3,0,1
737004,0,0,0,0,0,0,0
737005,65535,255,3916,9718,0,0,0
737006,385,0,5481,9350,1,0,0
737007,65535,255,4102,-7139,0,0,0
737008,649,0,1994,-7579,1,0,1
737009,65535,255,725,9916,0,0,0
737010,731,0,3235,9793,1,0,1
737011,65535,255,5025,9474,0,0,0
737012,65535,255,4643,-7010,0,0,0
737013,65535,255,2782,-7320,0,0,0
737014,698,2,217,-8597,1,0,0
737015,65535,255,2471,9919,0,0,0
737016,65535,255,4506,9632,0,0,0
737017,641,0,5110,-6909,1,0,1
737018,65535,255,3487,-7299,0,0,0
737019,65535,255,1130,-7754,0,0,0
737020,65535,255,1622,10143,0,0,1
737021,65535,255,3913,9727,0,0,0
737022,65535,255,5479,9360,0,0,0
737023,65535,255,4106,-7159,0,0,0
737024,654,0,1994,-7401,1,0,0
737025,65535,255,719,10146,0,0,0
737026,65535,255,3231,9852,0,0,0
737027,941,0,5024,9512,1,0,1
737028,65535,255,4643,-7062,0,0,0
737029,452,0,2783,-7431,1,0,1
737030,65535,255,209,-7833,0,0,0
737031,65535,255,2471,9868,0,0,0
737032,65535,255,4507,9614,0,0,0
737033,65535,255,5108,-6904,0,0,0
737034,0,0,0,0,0,0,0
737035,293,0,1124,-7784,1,0,1
737036,65535,255,1622,10164,0,0,0
737037,65535,255,3913,9742,0,0,0
737038,621,0,5479,9374,1,0,0
737039,65535,255,4103,-7189,0,0,0
737040,65535,255,1988,-7482,0,0,0
737041,65535,255,719,10421,0,0,0
737042,65535,255,3236,9775,0,0,0
737043,65535,255,5028,9474,0,0,0
737044,2257,0,4637,-7022,3,0,0
737045,2011,0,2778,-7364,3,0,0
737046,2186,0,205,-7031,3,0,0
737047,65535,255,2471,10010,0,0,0
737048,487,0,4510,9595,3,0,0
737049,1279,0,5105,-6913,3,0,0
737050,1561,0,3479,-7274,3,0,0
737051,1397,2,1118,-7756,3,0,0
737052,837,0,1634,10162,3,0,0
737053,3649,2,3917,9749,3,0,0
737054,1212,0,5482,9383,3,0,0
737055,65535,255,4094,-7188,0,0,0
737056,1759,0,1978,-7548,3,0,0
737057,2322,0,737,9920,3,0,0
737058,1631,0,3244,9821,3,0,0
737059,2811,1,5031,9506,3,0,0
737060,2427,1,4631,-7064,3,0,0
737061,2053,1,2769,-7444,3,0,0
737062,1966,1,193,-8360,3,0,0
737063,65535,255,2486,9931,0,0,0
737064,65535,255,4520,9556,0,0,0
737065,65535,255,5099,-6942,0,0,0
737066,1432,0,3467,-7241,3,0,0
737067,1908,1,1101,-7639,3,0,0
737068,2095,1,1644,10120,3,0,0
737069,65535,255,3928,9732,0,0,0
737070,2627,0,5489,9377,3,0,0
737071,0,0,0,0,0,0,0
737072,65535,255,1968,-7550,0,0,0
737073,65535,255,754,9967,0,0,0
737074,3523,0,3258,9839,3,0,0
737075,65535,255,5043,9520,0,0,0
737076,65535,255,4624,-7083,0,0,0
737077,65535,255,2750,-7311,0,0,0
737078,65535,255,173,-6325,0,0,0
737079,65535,255,2501,10006,0,0,0
737080,65535,255,4530,9598,0,0,0
737081,65535,255,5088,-6898,0,0,0
737082,65535,255,3454,-7304,0,0,0
737083,65535,255,1079,-7427,0,0,0
737084,65535,255,1666,9979,0,0,0
737085,871,0,3947,9692,3,0,0
737086,65535,255,5498,-6823,0,0,0
737087,65535,255,4072,-7173,0,0,0
737088,65535,255,1946,-7487,0,0,0
737089,0,0,0,0,0,0,0
737090,65535,255,3275,9856,0,0,0
737091,1067,0,5056,9464,3,0,0
737092,65535,255,4611,-7026,0,0,0
737093,65535,255,2731,-7347,0,0,0
737094,1464,0,146,-6978,3,0,0
737095,65535,255,2526,9864,0,0,0
737096,65535,255,4546,9626,0,0,0
737097,65535,255,5079,-6932,0,0,0
737098,1909,0,3437,-7228,3,0,0
737099,2379,1,1061,-7644,3,0,0
737100,2462,0,1689,10152,3,0,0
737101,65535,255,3962,9733,0,0,0
737102,0,0,0,0,0,0,0
737103,2021,0,4057,-7139,3,0,0
737104,65535,255,1919,-7404,0,0,0
737105,1142,2,800,10179,3,0,0
737106,1163,0,3303,9748,3,0,0
737107,65535,255,5072,9471,0,0,0
737108,2578,0,4596,-7042,3,0,0
737109,65535,255,2712,-7431,0,0,0
737110,65535,255,125,-8985,0,0,0
737111,65535,255,2550,9961,0,0,0
737112,65535,255,4564,9585,0,0,0
737113,1313,0,5065,-6899,3,0,0
737114,959,0,3419,-7319,1,0,0
737115,555,0,1027,-7520,1,0,0
737116,0,0,0,0,0,0,0
737117,558,0,3984,9738,3,0,0
737118,65535,255,5477,-6857,0,0,0
737119,453,0,4034,-7128,3,0,0
737120,65535,255,1897,-7544,0,0,0
737121,0,0,0,0,0,0,0
737122,65535,255,3320,9793,0,0,0
737123,65535,255,5082,9459,0,0,0
737124,65535,255,4586,-7019,0,0,0
737125,892,0,2701,-7444,3,0,0
737126,660,0,111,-5820,1,0,1
737127,65535,255,2560,9885,0,0,0
737128,65535,255,4567,9579,0,0,0
737129,921,0,5064,-6909,3,0,0
737130,65535,255,3415,-7240,0,0,0
737131,65535,255,1033,-7459,0,0,0
737132,65535,255,1716,10051,0,0,0
737133,0,0,0,0,0,0,0
737134,65535,255,5479,-6819,0,0,0
737135,65535,255,4045,-7206,0,0,0
737136,1092,0,1908,-7404,1,0,1
737137,1522,0,812,9892,1,0,1
737138,1168,0,3302,9880,3,0,1
737139,1501,0,5072,9487,3,0,1
737140,1008,0,4593,-7085,3,0,1
737141,65535,255,2711,-7395,0,0,0
737142,625,0,128,-9487,3,0,1
737143,65535,255,2546,9849,0,0,0
737144,727,0,4557,9562,3,0,0
737145,856,0,5071,-6907,3,0,1
737146,611,0,3424,-7238,3,0,1
737147,65535,255,1045,-7359,0,0,0
737148,65535,255,1699,10093,0,0,0
737149,65535,255,3969,9660,0,0,0
737150,1080,0,5485,-6830,1,0,1
737151,65535,255,4053,-7124,0,0,0
737152,65535,255,1919,-7472,0,0,0
737153,65535,255,800,10097,0,0,0
737154,65535,255,3298,9787,0,0,0
737155,921,0,5066,9454,3,0,1
737156,727,0,4597,-7035,3,0,1
737157,645,0,2716,-7300,1,0,1
737158,65535,255,134,-7662,0,0,0
737159,723,0,2535,9976,3,0,1
737160,487,0,4551,9632,1,0,1
737161,870,0,5074,-6963,1,0,1
737162,65535,255,3433,-7342,0,0,0
737163,65535,255,1056,-7769,0,0,0
737164,0,0,0,0,0,0,0
737165,65535,255,3962,9654,0,0,0
737166,0,0,0,0,0,0,0
737167,65535,255,4053,-7131,0,0,0
737168,65535,255,1924,-7504,0,0,0
737169,65535,255,794,10222,0,0,0
737170,65535,255,3289,9817,0,0,1
737171,751,0,5061,9468,1,0,1
737172,884,0,4600,-7070,1,0,1
737173,795,0,2722,-7382,1,0,1
737174,65535,255,142,-5749,0,0,0
737175,0,0,0,0,0,0,0
737176,65535,255,4547,9595,0,0,0
737177,540,0,5074,-6937,1,0,0
737178,747,0,3433,-7307,1,0,0
737179,65535,255,1056,-7676,0,0,0
737180,65535,255,1694,9997,0,0,0
737181,65535,255,3962,9705,0,0,0
737182,634,0,5509,9364,1,0,1
737183,0,0,0,0,0,0,0
737184,65535,255,1924,-7522,0,0,0
737185,411,0,795,10306,1,0,1
737186,65535,255,3289,9845,0,0,0
737187,888,0,5061,9484,1,0,1
737188,751,0,6250,9130,1,0,1
737189,586,0,2721,-7452,1,0,1
737190,622,0,134,-7154,1,0,1
737191,778,0,2531,9977,1,0,1
737192,756,0,4550,9553,1,0,1
737193,810,0,5905,9231,1,0,0
737194,65535,255,6833,8921,0,0,0
737195,65535,255,1050,-7549,0,0,0
737196,611,0,1700,9939,1,0,1
737197,65535,255,3965,9742,0,0,0
737198,922,0,5512,9354,1,0,1
737199,65535,255,6558,9040,0,0,0
737200,65535,255,-32768,-32768,0,65535,1
737201,447,0,800,10345,1,0,1
737202,65535,255,3294,9872,0,0,0
737203,534,0,5064,9504,1,0,1
737204,65535,255,6252,9145,0,0,0
737205,65535,255,-32768,-32768,0,65535,1
737206,0,0,0,0,0,0,0
737207,65535,255,2541,9876,0,0,0
737208,65535,255,4557,9594,0,0,1
737209,65535,255,5907,9269,0,0,0
737210,65535,255,6837,8926,0,0,1
737211,65535,255,-32768,-32768,0,65535,1
737212,65535,255,-32768,-32768,0,65535,0
737213,65535,255,3973,9719,0,0,0
737214,645,0,5519,9343,1,0,1
737215,65535,255,6563,9035,0,0,0
737216,0,0,0,0,0,0,0
737217,65535,255,-32768,-32768,0,65535,0
737218,65535,255,3304,9800,0,0,0
737219,65535,255,5072,9513,0,0,0
737220,65535,255,6257,9159,0,0,0
737221,65535,255,-32768,-32768,0,65535,1
737222,65535,255,-32768,-32768,0,65535,1
737223,65535,255,-32768,-32768,0,65535,1
737224,65535,255,4564,9590,0,0,0
737225,704,0,5914,9238,1,0,1
737226,65535,255,6841,8905,0,0,0
737227,0,0,0,0,0,0,0
737228,65535,255,-32768,-32768,0,65535,0
737229,65535,255,3981,9681,0,0,0
737230,701,0,5524,9397,1,0,1
737231,818,0,6568,9023,1,0,1
737232,0,0,0,0,0,0,0
737233,65535,255,-32768,-32768,0,65535,1
737234,0,0,0,0,0,0,0
737235,65535,255,5080,9512,0,0,0
737236,65535,255,6262,9158,0,0,0
737237,65535,255,-32768,-32768,0,65535,1
737238,0,0,0,0,0,0,0
737239,65535,255,-32768,-32768,0,65535,1
737240,459,0,4577,9559,1,0,1
737241,65535,255,5922,9248,0,0,0
737242,0,0,0,0,0,0,0
737243,0,0,0,0,0,0,0
737244,65535,255,-32768,-32768,0,65535,1
737245,499,0,3995,9723,1,0,1
737246,648,0,5534,9354,1,0,1
737247,65535,255,6573,9049,0,0,0
737248,65535,255,-32768,-32768,0,65535,1
737249,65535,255,-32768,-32768,0,65535,1
737250,587,0,3329,9820,1,0,1
737251,65535,255,5092,9483,0,0,0
737252,820,0,6270,9139,1,0,1
737253,65535,255,-32768,-32768,0,65535,1
737254,65535,255,-32768,-32768,0,0,1
737255,65535,255,2585,9932,0,0,0
737256,636,0,4588,9545,1,0,1
737257,65535,255,5929,9242,0,0,0
737258,65535,255,6852,8913,0,0,0
737259,639,2,998,-7618,1,0,1
737260,615,0,1749,10114,1,0,1
737261,0,0,0,0,0,0,0
737262,531,0,5539,9352,1,0,1
737263,799,2,6577,9016,1,0,1
737264,429,0,1874,-7563,1,0,1
737265,65535,255,846,10174,0,0,0
737266,65535,255,3334,9772,0,0,0
737267,65535,255,5089,9494,0,0,0
737268,65535,255,6268,9128,0,0,0
737269,545,0,2681,-7339,1,0,1
737270,494,0,88,-7235,1,0,0
737271,415,0,2575,9921,1,0,1
737272,65535,255,4578,9578,0,0,0
737273,65535,255,5923,9228,0,0,0
737274,65535,255,3403,-7329,0,0,0
737275,65535,255,1015,-7615,0,0,0
737276,65535,255,1736,9985,0,0,0
737277,604,0,3992,9672,1,0,1
737278,620,0,5530,9359,1,0,1
737279,65535,255,4035,-7207,0,0,0
737280,561,0,1892,-7613,1,0,1
737281,65535,255,829,10294,0,0,0
737282,565,0,3320,9803,1,0,1
737283,636,0,5082,9475,1,0,1
737284,566,0,4580,-7013,1,0,1
737285,361,0,2692,-7408,1,0,1
737286,65535,255,108,-9176,0,0,0
737287,65535,255,2561,10010,0,0,0
737288,65535,255,4568,9623,0,0,0
737289,615,0,5060,-6940,1,0,1
737290,65535,255,3411,-7274,0,0,0
737291,527,0,1027,-7453,1,0,1
737292,449,0,1721,10070,1,0,1
737293,65535,255,3981,9677,0,0,0
737294,65535,255,5475,-6809,0,0,0
737295,555,0,4038,-7184,1,0,1
737296,385,0,1903,-7576,1,0,1
737297,502,0,817,10258,1,0,1
737298,65535,255,3312,9795,0,0,0
737299,414,0,5073,9518,1,0,1
737300,323,0,4587,-7011,1,0,1
737301,65535,255,2702,-7418,0,0,0
737302,65535,255,122,-9563,0,0,0
737303,667,0,2551,9837,1,0,1
737304,184,0,4561,9593,1,0,0
737305,679,0,5065,-6959,1,0,1
737306,320,0,3416,-7309,1,0,1
737307,65535,255,1033,-7582,0,0,0
737308,65535,255,1711,9993,0,0,0
737309,65535,255,3974,9682,0,0,1
737310,660,0,5480,-6835,1,0,1
737311,561,0,4042,-7125,1,0,1
737312,538,0,1908,-7436,1,0,1
737313,65535,255,812,9975,0,0,0
737314,65535,255,3304,9821,0,0,0
737315,65535,255,5070,9488,0,0,0
737316,563,0,4590,-7078,1,0,1
737317,527,0,2707,-7370,1,0,1
737318,562,0,123,-8713,1,0,1
737319,65535,255,2546,10000,0,0,0
737320,622,0,4558,9631,1,0,1
737321,65535,255,5068,-6958,0,0,1
737322,65535,255,3420,-7316,0,0,0
737323,359,0,1038,-7645,1,0,1
737324,65535,255,1711,9919,0,0,0
737325,598,0,3970,9705,1,0,1
737326,581,0,5479,-6815,1,0,1
737327,273,0,4046,-7160,1,0,0
737328,65535,255,1913,-7538,0,0,0
737329,65535,255,806,10222,0,0,0
737330,65535,255,3303,9806,0,0,0
737331,65535,255,5058,9459,0,0,0
737332,65535,255,4608,-7079,0,0,0
737333,65535,255,2731,-7429,0,0,0
737334,65535,255,151,-7228,0,0,0
737335,0,0,0,0,0,0,0
737336,65535,255,4540,9568,0,0,0
737337,65535,255,5082,-6929,0,0,0
737338,457,0,3445,-7317,1,0,1
737339,65535,255,1073,-7800,0,0,0
737340,65535,255,1678,10131,0,0,0
737341,204,0,3951,9711,1,0,0
737342,226,2,5498,-6808,1,0,0
737343,224,0,4072,-7124,1,0,0
737344,65535,255,1946,-7539,0,0,0
737345,65535,255,772,9876,0,0,0
737346,65535,255,3276,9758,0,0,0
737347,290,2,5052,9450,1,0,1
737348,65535,255,4617,-7077,0,0,0
737349,65535,255,2745,-7428,0,0,0
737350,65535,255,162,-7664,0,0,0
737351,507,0,2511,9837,1,0,1
737352,65535,255,4533,9589,0,0,0
737353,65535,255,5090,-6952,0,0,0
737354,65535,255,3454,-7228,0,0,0
737355,461,0,1084,-7521,1,0,1
737356,555,0,1666,9957,1,0,0
737357,65535,255,3943,9654,0,0,0
737358,65535,255,5496,9387,0,0,0
737359,594,0,4079,-7195,1,0,1
737360,65535,255,1957,-7471,0,0,0
737361,163,0,759,10315,1,0,0
737362,65535,255,3262,9874,0,0,0
737363,646,0,5045,9496,1,0,1
737364,65535,255,4624,-7021,0,0,0
737365,65535,255,2755,-7367,0,0,0
737366,0,0,0,0,0,0,0
737367,65535,255,2496,10003,0,0,0
737368,319,0,4527,9565,1,0,0
737369,0,0,0,0,0,0,0
737370,65535,255,3466,-7278,0,0,0
737371,65535,255,1101,-7610,0,0,0
737372,319,0,1650,9978,1,0,1
737373,402,0,3931,9741,1,0,1
737374,65535,255,5491,9366,0,0,0
737375,532,0,4091,-7149,1,0,1
737376,65535,255,1973,-7582,0,0,0
737377,0,0,0,0,0,0,0
737378,511,0,3253,9753,1,0,1
737379,503,2,5034,9521,1,0,1
737380,65535,255,4633,-7048,0,0,0
737381,783,2,2768,-7367,3,0,0
737382,1122,0,198,-7455,3,0,0
737383,65535,255,2481,9905,0,0,0
737384,65535,255,4517,9618,0,0,0
737385,65535,255,5107,-6967,0,0,0
737386,2375,1,3479,-7232,3,0,0
737387,958,0,1112,-7489,3,0,0
737388,1303,1,1639,9919,3,0,0
737389,65535,255,3920,9740,0,0,0
737390,291,0,5484,9359,3,0,0
737391,65535,255,4099,-7147,0,0,0
737392,65535,255,1989,-7579,0,0,0
737393,511,0,732,9825,3,0,0
737394,335,0,3240,9765,3,0,0
737395,193,0,5031,9451,1,0,0
737396,0,0,0,0,0,0,0
737397,65535,255,2778,-7421,0,0,0
737398,520,0,203,-7350,3,0,0
737399,771,0,2471,9997,1,0,1
737400,65535,255,4510,9563,0,0,0
737401,1133,0,5110,-6930,3,0,0
737402,902,0,3484,-7318,3,0,1
737403,716,0,1124,-7785,3,0,1
737404,724,0,1623,10123,3,0,1
737405,65535,255,3913,9712,0,0,0
737406,65535,255,5479,9342,0,0,0
737407,1235,0,4102,-7125,3,0,0
737408,319,0,1994,-7546,3,0,0
737409,65535,255,721,9776,0,0,0
737410,498,0,3235,9765,3,0,1
737411,65535,255,5025,9458,0,0,0
737412,1089,0,4643,-7080,1,0,1
737413,591,0,2783,-7443,3,0,1
737414,590,0,214,-7830,1,0,1
737415,0,0,0,0,0,0,0
737416,254,0,4507,9595,3,0,1
737417,65535,255,5110,-6960,0,0,0
737418,65535,255,3488,-7238,0,0,0
737419,65535,255,1129,-7547,0,0,0
737420,977,0,1623,9982,3,0,1
737421,701,0,3914,9660,1,0,1
737422,0,0,0,0,0,0,0
737423,65535,255,4106,-7202,0,0,0
737424,802,0,1994,-7481,3,0,1
737425,386,2,719,10331,3,0,1
737426,65535,255,3231,9866,0,0,0
737427,632,0,5023,9498,3,0,1
737428,65535,255,4644,-7074,0,0,0
737429,65535,255,2783,-7442,0,0,0
737430,738,0,209,-7832,1,0,1
737431,65535,255,2467,9857,0,0,0
737432,1064,0,4507,9602,1,0,1
737433,65535,255,5108,-6888,0,0,0
737434,65535,255,3483,-7256,0,0,0
737435,65535,255,1123,-7636,0,0,0
737436,419,0,1623,10063,1,0,1
737437,1511,0,3913,9690,1,0,1
737438,1466,0,5476,9397,1,0,1
737439,1212,0,4102,-7131,1,0,1
737440,348,2,1989,-7594,1,0,1
737441,65535,255,725,9961,0,0,0
737442,1531,0,3235,9813,1,0,1
737443,488,0,5025,9491,1,0,0
737444,65535,255,4637,-7033,0,0,0
737445,65535,255,2778,-7374,0,0,0
737446,65535,255,205,-6867,0,0,0
737447,2776,1,2474,9921,3,0,0
737448,65535,255,4510,9589,0,0,0
737449,65535,255,5108,-6965,0,0,0
737450,65535,255,3479,-7256,0,0,0
737451,1139,0,1118,-7636,3,0,0
737452,65535,255,1628,10082,0,0,0
737453,1445,0,3917,9704,3,0,0
737454,65535,255,5482,9351,0,0,0
737455,65535,255,4099,-7153,0,0,0
737456,1816,0,1984,-7384,3,0,0
737457,1525,0,730,10146,3,0,0
737458,1699,0,3240,9880,3,0,0
737459,65535,255,5031,9485,0,0,0
737460,472,0,4634,-7081,3,0,0
737461,65535,255,2771,-7396,0,0,0
737462,1345,0,199,-8502,3,0,0
737463,453,0,2481,9919,3,0,0
737464,65535,255,4517,9625,0,0,0
737465,1020,0,5102,-6931,3,0,0
737466,1151,0,3472,-7282,1,0,0
737467,816,0,1107,-7487,1,0,0
737468,1248,0,1644,9981,3,0,0
737469,65535,255,3928,9673,0,0,0
737470,65535,255,5486,9410,0,0,0
737471,65535,255,4087,-7133,0,0,0
737472,65535,255,1971,-7515,0,0,0
737473,1074,0,748,10098,1,0,0
737474,65535,255,3253,9859,0,0,0
737475,1326,0,5040,9521,3,0,0
737476,1555,0,4628,-7077,3,0,0
737477,65535,255,2759,-7468,0,0,0
737478,1806,0,182,-8587,3,0,0
737479,1283,0,2496,9930,3,0,0
737480,65535,255,4526,9555,0,0,0
737481,65535,255,5096,-6943,0,0,0
737482,1243,0,3462,-7233,3,0,0
737483,1023,0,1090,-7610,3,0,0
737484,1019,0,1661,10079,3,0,0
737485,1270,0,3939,9717,3,0,0
737486,65535,255,5496,9362,0,0,0
737487,65535,255,4079,-7185,0,0,0
737488,65535,255,1952,-7486,0,0,0
737489,1313,0,765,9927,3,0,0
737490,1344,0,3271,9790,3,0,0
737491,1099,0,5051,9486,3,0,0
737492,1281,0,4617,-7043,3,0,0
737493,1278,0,2745,-7413,3,0,0
737494,65535,255,157,-7872,0,0,0
737495,65535,255,2516,9890,0,0,0
737496,65535,255,4540,9630,0,0,0
737497,65535,255,5085,-6930,0,0,0
737498,559,0,3445,-7218,1,0,0
737499,65535,255,1072,-7581,0,0,0
737500,65535,255,1683,10075,0,0,0
737501,65535,255,3954,9721,0,0,0
737502,1127,0,5494,-6838,1,0,1
737503,697,0,4064,-7195,1,0,1
737504,685,0,1935,-7521,3,0,1
737505,0,0,0,0,0,0,0
737506,65535,255,3289,9826,0,0,0
737507,65535,255,5063,9509,0,0,0
737508,893,0,4603,-7071,3,0,1
737509,881,0,2723,-7371,1,0,1
737510,831,0,140,-6466,3,0,1
737511,922,0,2535,9988,3,0,0
737512,65535,255,4557,9587,0,0,0
737513,65535,255,5071,-6923,0,0,0
737514,620,2,3428,-7300,3,0,1
737515,65535,255,1045,-7423,0,0,0
737516,616,0,1710,9994,1,0,1
737517,737,0,3973,9696,3,0,1
737518,65535,255,5482,-6823,0,0,0
737519,896,0,4045,-7184,3,0,1
737520,699,0,1908,-7507,3,0,1
737521,65535,255,818,9893,0,0,0
737522,65535,255,3311,9832,0,0,0
737523,0,0,0,0,0,0,0
737524,148,0,4587,-7087,1,0,1
737525,919,2,2696,-7327,1,0,1
737526,704,0,106,-8581,1,0,1
737527,65535,255,2560,9960,0,0,0
737528,65535,255,4568,9603,0,0,0
737529,65535,255,5062,-6919,0,0,0
737530,0,0,0,0,0,0,0
737531,65535,255,1033,-7777,0,0,0
737532,724,0,1716,9956,1,0,1
737533,65535,255,3977,9710,0,0,0
737534,0,0,0,0,0,0,0
737535,0,0,0,0,0,0,0
737536,65535,255,1908,-7421,0,0,0
737537,531,0,813,9853,1,0,1
737538,602,0,3302,9852,1,0,1
737539,65535,255,5070,9461,0,0,0
737540,335,0,4594,-7042,1,0,1
737541,65535,255,2717,-7465,0,0,0
737542,0,0,0,0,0,0,0
737543,353,0,2540,9875,1,0,1
737544,838,0,4554,9563,1,0,1
737545,65535,255,5074,-6973,0,0,0
737546,703,0,3433,-7333,1,0,1
737547,65535,255,1050,-7645,0,0,0
737548,65535,255,1700,9900,0,0,0
737549,46,0,3962,9691,1,0,1
737550,65535,255,5509,9377,0,0,0
737551,751,0,4057,-7123,1,0,1
737552,65535,255,1924,-7436,0,0,0
737553,493,0,795,9932,1,0,1
737554,795,0,3285,9874,1,0,1
737555,0,0,0,0,0,0,0
737556,172,0,6246,9169,1,0,1
737557,65535,255,2726,-7347,0,0,0
737558,65535,255,145,-7893,0,0,0
737559,0,0,0,0,0,0,0
737560,65535,255,4544,9615,0,0,0
737561,65535,255,5898,9258,0,0,0
737562,65535,255,6829,8906,0,0,0
737563,678,0,1067,-7486,1,0,1
737564,0,0,0,0,0,0,0
737565,65535,255,3954,9670,0,0,0
737566,65535,255,5505,9361,0,0,0
737567,815,0,6552,9032,1,0,1
737568,65535,255,-32768,-32768,0,65535,1
737569,65535,255,777,9928,0,0,0
737570,451,0,3276,9884,1,0,1
737571,74,2,5052,9487,1,0,0
737572,776,0,6241,9144,1,0,1
737573,65535,255,-32768,-32768,0,65535,1
737574,65535,255,-32768,-32768,0,65535,1
737575,540,0,2514,9871,1,0,1
737576,385,0,4536,9582,1,0,1
737577,155,0,5893,9285,1,0,0
737578,65535,255,6826,8926,0,0,0
737579,65535,255,-32768,-32768,0,65535,1
737580,65535,255,-32768,-32768,0,65535,1
737581,65535,255,3943,9731,0,0,0
737582,65535,255,5497,9404,0,0,0
737583,995,0,6548,9038,1,0,1
737584,0,0,0,0,0,0,0
737585,65535,255,-32768,-32768,0,65535,0
737586,65535,255,3267,9848,0,0,0
737587,65535,255,5049,9471,0,0,0
737588,692,0,6239,9168,1,0,1
737589,0,0,0,0,0,0,0
737590,0,0,0,0,0,0,0
737591,0,0,0,0,0,0,0
737592,518,0,4532,9561,1,0,1
737593,790,0,5891,9286,1,0,1
737594,65535,255,6824,8931,0,0,0
737595,0,0,0,0,0,0,0
737596,0,0,0,0,0,0,0
737597,65535,255,3939,9754,0,0,0
737598,735,0,5496,9354,1,0,1
737599,916,0,6547,9031,1,0,1
737600,0,0,0,0,0,0,0
737601,0,0,0,0,0,0,0
737602,65535,255,-32768,-32768,0,65535,1
737603,65535,255,5046,9515,0,0,0
737604,627,0,6237,9146,1,0,1
737605,0,0,0,0,0,0,0
737606,65535,255,-32768,-32768,0,65535,1
737607,65535,255,-32768,-32768,0,65535,1
737608,65535,255,4530,9624,0,0,0
737609,725,0,5890,9274,1,0,1
737610,65535,255,6823,8922,0,0,0
737611,65535,255,-32768,-32768,0,65535,1
737612,65535,255,-32768,-32768,0,65535,0
737613,481,0,3939,9755,1,0,1
737614,602,0,5496,9354,1,0,1
737615,925,0,6547,9031,1,0,1
737616,65535,255,-32768,-32768,0,65535,1
737617,65535,255,-32768,-32768,0,65535,0
737618,65535,255,3262,9793,0,0,0
737619,697,0,5046,9451,1,0,1
737620,65535,255,6238,9160,0,0,0
737621,65535,255,-32768,-32768,0,65535,1
737622,65535,255,175,-8423,0,0,0
737623,65535,255,2506,9842,0,0,0
737624,620,0,4530,9567,1,0,0
737625,775,0,5891,9239,1,0,1
737626,65535,255,6823,8947,0,0,1
737627,65535,255,1089,-7514,0,0,0
737628,606,0,1661,9909,1,0,1
737629,65535,255,3940,9709,0,0,0
737630,564,0,5494,9404,1,0,1
737631,786,0,6548,9016,1,0,1
737632,493,0,1957,-7401,1,0,1
737633,486,0,760,9922,1,0,1
737634,448,0,3267,9762,1,0,1
737635,469,0,5046,9520,1,0,1
737636,65535,255,6239,9152,0,0,0
737637,65535,255,2749,-7331,0,0,0
737638,319,0,168,-8235,1,0,1
737639,525,0,2507,9827,1,0,1
737640,621,0,4531,9567,1,0,1
737641,518,0,5891,9243,1,0,1
737642,567,0,3457,-7267,1,0,1
737643,495,0,1089,-7544,1,0,1
737644,380,0,1667,9918,1,0,1
737645,65535,255,3940,9731,0,0,0
737646,65535,255,5497,9348,0,0,0
737647,65535,255,4079,-7112,0,0,0
737648,497,0,1957,-7467,1,0,1
737649,65535,255,760,10182,0,0,0
737650,558,0,3267,9818,1,0,0
737651,65535,255,5050,9470,0,0,0
737652,490,0,4620,-7084,1,0,1
737653,65535,255,2744,-7412,0,0,0
737654,65535,255,165,-6637,0,0,0
737655,276,0,2506,9941,1,0,0
737656,65535,255,4534,9623,0,0,0
737657,764,0,5090,-6968,1,0,1
737658,65535,255,3453,-7224,0,0,0
737659,459,0,1078,-7421,1,0,1
737660,588,0,1667,10154,1,0,1
737661,382,0,3944,9708,1,0,1
737662,411,0,5496,-6799,1,0,1
737663,677,0,4075,-7205,1,0,1
737664,512,0,1946,-7449,1,0,1
737665,303,0,772,10138,1,0,0
737666,474,0,3272,9818,1,0,1
737667,573,0,5053,9470,1,0,1
737668,664,0,4613,-7086,1,0,1
737669,65535,255,2740,-7434,0,0,0
737670,65535,255,157,-7012,0,0,0
737671,65535,255,2516,9978,0,0,0
737672,65535,255,4538,9591,0,0,0
737673,540,0,5081,-6908,1,0,1
737674,538,0,3444,-7268,1,0,1
737675,65535,255,1072,-7576,0,0,0
737676,291,2,1678,9977,1,0,0
737677,450,0,3951,9754,1,0,1
737678,65535,255,5494,-6831,0,0,0
737679,65535,255,4064,-7150,0,0,0
737680,65535,255,1935,-7603,0,0,0
737681,593,0,784,9882,1,0,1
737682,65535,255,3285,9770,0,0,0
737683,496,0,5059,9447,1,0,1
737684,65535,255,4607,-7062,0,0,0
737685,401,0,2725,-7402,1,0,1
737686,305,0,142,-6456,1,0,1
737687,526,0,2526,9964,1,0,1
737688,65535,255,4547,9582,0,0,0
737689,639,0,5075,-6909,1,0,1
737690,517,0,3436,-7278,1,0,1
737691,65535,255,1055,-7671,0,0,0
737692,431,0,1695,10034,1,0,1
737693,98,0,3963,9675,1,0,1
737694,65535,255,5484,-6787,0,0,0
737695,543,0,4072,-7197,1,0,1
737696,65535,255,1940,-7472,0,0,0
737697,521,0,772,10263,1,0,1
737698,537,0,3272,9870,1,0,1
737699,65535,255,5050,9514,0,0,0
737700,65535,255,4613,-7053,0,0,0
737701,65535,255,2744,-7393,0,0,0
737702,228,2,163,-6838,1,0,0
737703,579,0,2507,9987,1,0,1
737704,65535,255,4535,9568,0,0,0
737705,65535,255,5087,-6937,0,0,0
737706,445,0,3453,-7342,1,0,1
737707,548,0,1084,-7426,1,0,1
737708,65535,255,1668,9914,0,0,0
737709,65535,255,3940,9749,0,0,0
737710,311,0,5497,9376,1,0,1
737711,560,0,4079,-7181,1,0,1
737712,299,0,1951,-7438,1,0,1
737713,507,0,760,10221,1,0,1
737714,65535,255,3263,9873,0,0,0
737715,65535,255,5044,9517,0,0,0
737716,65535,255,4620,-7064,0,0,0
737717,358,0,2749,-7426,1,0,1
737718,615,0,174,-7674,1,0,1
737719,295,0,2506,9850,1,0,1
737720,65535,255,4531,9601,0,0,0
737721,65535,255,5092,-6954,0,0,0
737722,413,0,3458,-7271,1,0,1
737723,65535,255,1090,-7703,0,0,0
737724,65535,255,1661,10115,0,0,0
737725,65535,255,3939,9713,0,0,0
737726,73,2,5494,9360,1,0,0
737727,387,0,4080,-7165,1,0,1
737728,65535,255,1957,-7421,0,0,0
737729,0,0,0,0,0,0,0
737730,65535,255,3263,9751,0,0,0
737731,212,0,5046,9453,1,0,1
737732,246,0,4622,-7057,1,0,0
737733,65535,255,2754,-7312,0,0,0
737734,65535,255,178,-8976,0,0,0
737735,65535,255,2500,9954,0,0,0
737736,65535,255,4530,9564,0,0,0
737737,65535,255,5093,-6945,0,0,0
737738,587,0,3462,-7226,1,0,0
737739,65535,255,1090,-7581,0,0,0
737740,65535,255,1661,10056,0,0,0
737741,65535,255,3940,9706,0,0,0
737742,1428,1,5496,9355,3,0,0
737743,65535,255,4079,-7165,0,0,0
737744,65535,255,1957,-7437,0,0,0
737745,1101,1,759,10316,1,0,0
737746,1040,1,3266,9751,1,0,0
737747,1131,1,5046,9463,1,0,0
737748,65535,255,4621,-7014,0,0,0
737749,539,0,2750,-7358,3,0,0
737750,715,0,170,-6889,3,0,0
737751,65535,255,2506,9826,0,0,0
737752,541,0,4533,9603,1,0,1
737753,65535,255,5090,-6899,0,0,0
737754,305,0,3458,-7305,1,0,0
737755,234,2,1084,-7397,1,0,0
737756,379,0,1667,9938,1,0,0
737757,65535,255,3947,9669,0,0,0
737758,370,0,5500,-6805,1,0,1
737759,687,0,4076,-7144,1,0,1
737760,400,0,1947,-7403,1,0,1
737761,65535,255,765,10270,0,0,0
737762,503,0,3275,9760,1,0,1
737763,65535,255,5051,9474,0,0,0
737764,65535,255,4614,-7033,0,0,0
737765,65535,255,2740,-7392,0,0,0
737766,65535,255,157,-7670,0,0,0
737767,974,1,2516,9901,3,0,0
737768,65535,255,4540,9569,0,0,0
737769,65535,255,5085,-6941,0,0,0
737770,529,0,3445,-7237,1,0,1
737771,1178,1,1073,-7675,1,0,0
737772,65535,255,1677,10134,0,0,0
737773,65535,255,3954,9750,0,0,0
737774,65535,255,5492,-6788,0,0,0
737775,542,0,4065,-7124,1,0,0
737776,65535,255,1939,-7531,0,0,0
737777,65535,255,783,10182,0,0,0
737778,1444,1,3285,9749,3,0,0
737779,65535,255,5061,9466,0,0,0
737780,65535,255,4607,-7035,0,0,0
737781,65535,255,2726,-7406,0,0,0
737782,65535,255,139,-8138,0,0,0
737783,487,2,2530,9925,1,0,0
737784,65535,255,4551,9562,0,0,0
737785,690,0,5076,-6958,1,0,0
737786,65535,255,3432,-7274,0,0,0
737787,181,0,1057,-7834,1,0,1
737788,65535,255,1700,9936,0,0,0
737789,0,0,0,0,0,0,0
737790,65535,255,5485,-6817,0,0,0
737791,65535,255,4053,-7176,0,0,0
737792,65535,255,1919,-7489,0,0,0
737793,544,0,807,9889,3,0,0
737794,65535,255,3298,9832,0,0,0
737795,338,0,5069,9453,3,0,0
737796,892,0,4593,-7075,3,0,0
737797,1280,1,2706,-7361,3,0,0
737798,65535,255,117,-7072,0,0,0
737799,752,1,2551,9835,3,0,0
737800,65535,255,4561,9616,0,0,0
737801,65535,255,5065,-6926,0,0,0
737802,65535,255,3416,-7224,0,0,0
737803,65535,255,1032,-7652,0,0,0
737804,891,0,1717,10148,3,0,0
737805,65535,255,3981,9650,0,0,0
737806,65535,255,5474,-6803,0,0,0
737807,981,1,4038,-7158,3,0,0
737808,65535,255,1897,-7460,0,0,0
737809,65535,255,830,9899,0,0,0
737810,1990,0,3316,9830,3,0,0
737811,1311,0,5085,9441,3,0,0
737812,423,0,4578,-7058,3,0,0
737813,1226,0,2691,-7472,3,0,0
737814,927,2,100,-6664,3,0,0
737815,65535,255,2566,9922,0,0,0
737816,65535,255,4572,9596,0,0,0
737817,65535,255,5056,-6927,0,0,0
737818,829,0,3407,-7269,3,0,0
737819,869,0,1021,-7458,3,0,0
737820,935,0,1722,10128,3,0,0
737821,65535,255,3981,9672,0,0,0
737822,65535,255,5475,-6835,0,0,0
737823,877,0,4038,-7129,3,0,0
737824,65535,255,1902,-7476,0,0,0
737825,65535,255,818,10059,0,0,0
737826,729,0,3307,9776,3,0,0
737827,65535,255,5073,9517,0,0,0
737828,65535,255,4590,-7025,0,0,0
737829,1705,1,2706,-7457,3,0,0
737830,1500,1,118,-6553,3,0,0
737831,0,0,0,0,0,0,0
737832,65535,255,4558,9599,0,0,0
737833,866,1,5068,-6935,3,0,0
737834,0,0,0,0,0,0,0
737835,65535,255,1044,-7555,0,0,0
737836,65535,255,1706,9901,0,0,0
737837,65535,255,3969,9712,0,0,0
737838,65535,255,5482,-6787,0,0,0
737839,65535,255,4053,-7170,0,0,0
737840,65535,255,1919,-7594,0,0,0
737841,1261,0,801,10392,3,0,0
737842,1410,0,3294,9853,3,0,0
737843,833,2,5067,9478,3,0,0
737844,964,0,4600,-7079,3,0,0
737845,65535,255,2721,-7395,0,0,0
737846,65535,255,139,-9215,0,0,0
737847,65535,255,2536,9877,0,0,0
737848,0,0,0,0,0,0,0
737849,1157,0,5073,-6917,3,0,0
737850,1219,0,3432,-7265,3,0,0
737851,1451,0,1056,-7491,3,0,0
737852,769,0,1691,10070,3,0,0
737853,65535,255,3962,9698,0,0,0
737854,65535,255,5490,-6789,0,0,0
737855,611,0,4060,-7175,3,0,1
737856,65535,255,1930,-7609,0,0,0
737857,925,0,789,9939,1,0,1
737858,65535,255,3284,9874,0,0,0
737859,65535,255,5061,9495,0,0,0
737860,65535,255,4603,-7010,0,0,0
737861,65535,255,2731,-7439,0,0,0
737862,458,0,147,-6773,3,0,0
737863,65535,255,2526,9928,0,0,0
737864,65535,255,4544,9615,0,0,0
737865,870,0,5082,-6952,3,0,1
737866,664,0,3445,-7324,1,0,1
737867,65535,255,1067,-7740,0,0,0
737868,637,0,1683,10038,3,0,1
737869,65535,255,3955,9656,0,0,0
737870,65535,255,5494,-6833,0,0,0
737871,498,0,4064,-7138,3,0,1
737872,508,0,1940,-7523,3,0,1
737873,65535,255,777,10315,0,0,0
737874,65535,255,3280,9846,0,0,0
737875,591,0,5058,9480,1,0,1
737876,65535,255,4610,-7088,0,0,0
737877,530,0,2735,-7426,1,0,1
737878,688,0,152,-6802,3,0,1
737879,65535,255,2521,9953,0,0,0
737880,138,2,4540,9622,1,0,0
737881,65535,255,5085,-6967,0,0,0
737882,592,0,3445,-7218,1,0,1
737883,65535,255,1067,-7394,0,0,0
737884,65535,255,1678,10136,0,0,0
737885,512,0,3954,9700,3,0,1
737886,65535,255,5494,-6792,0,0,0
737887,516,0,4068,-7194,1,0,1
737888,581,0,1940,-7419,1,0,0
737889,597,0,777,10058,1,0,1
737890,65535,255,3280,9799,0,0,0
737891,65535,255,5058,9458,0,0,0
737892,638,0,4610,-7069,1,0,1
737893,520,0,2735,-7403,1,0,0
737894,0,0,0,0,0,0,0
737895,615,0,2521,9941,1,0,1
737896,65535,255,4540,9629,0,0,0
737897,646,0,5083,-6938,1,0,1
737898,515,0,3445,-7236,1,0,1
737899,586,0,1067,-7488,1,0,1
737900,557,0,1684,9902,1,0,1
737901,366,0,3954,9736,1,0,1
737902,522,0,5492,-6819,1,0,1
737903,65535,255,4064,-7130,0,0,0
737904,512,0,1935,-7539,1,0,1
737905,578,0,783,10397,1,0,1
737906,65535,255,3281,9838,0,0,0
737907,65535,255,5058,9512,0,0,0
737908,65535,255,4607,-7046,0,0,0
737909,65535,255,2731,-7357,0,0,0
737910,578,0,151,-6773,1,0,1
737911,0,0,0,0,0,0,0
737912,65535,255,4544,9621,0,0,0
737913,609,0,5077,-6943,1,0,1
737914,65535,255,3436,-7254,0,0,0
737915,65535,255,1062,-7552,0,0,1
737916,65535,255,1689,9960,0,0,0
737917,65535,255,3960,9697,0,0,0
737918,642,0,5509,9373,1,0,1
737919,480,0,4060,-7166,1,0,1
737920,65535,255,1924,-7385,0,0,0
737921,65535,255,794,10060,0,0,0
737922,427,0,3289,9817,1,0,1
737923,65535,255,5064,9479,0,0,0
737924,784,0,6250,9130,1,0,1
737925,65535,255,-32768,-32768,0,65535,1
737926,65535,255,135,-8657,0,0,0
737927,65535,255,2536,9877,0,0,0
737928,65535,255,4551,9607,0,0,0
737929,65535,255,5903,9283,0,0,0
737930,65535,255,6834,8940,0,0,1
737931,404,2,1050,-7552,1,0,1
737932,488,0,1700,9999,1,0,1
737933,444,0,3970,9661,1,0,1
737934,589,0,5515,9385,1,0,1
737935,748,0,6561,9019,1,0,1
737936,65535,255,-32768,-32768,0,65535,1
737937,65535,255,806,10265,0,0,0
737938,400,0,3298,9872,1,0,1
737939,65535,255,5070,9514,0,0,0
737940,65535,255,6254,9159,0,0,0
737941,65535,255,-32768,-32768,0,65535,1
737942,65535,255,-32768,-32768,0,65535,1
737943,65535,255,2546,10013,0,0,1
737944,511,0,4561,9581,1,0,1
737945,65535,255,5912,9263,0,0,0
737946,65535,255,6839,8931,0,0,1
737947,65535,255,-32768,-32768,0,65535,1
737948,65535,255,-32768,-32768,0,65535,1
737949,597,0,3981,9651,1,0,1
737950,773,0,5522,9384,1,0,1
737951,0,0,0,0,0,0,0
737952,0,0,0,0,0,0,0
737953,65535,255,-32768,-32768,0,65535,0
737954,65535,255,-32768,-32768,0,65535,1
737955,573,0,5081,9449,1,0,1
737956,756,0,6262,9133,1,0,1
737957,65535,255,-32768,-32768,0,65535,1
737958,0,0,0,0,0,0,0
737959,65535,255,-32768,-32768,0,65535,1
737960,65535,255,4575,9615,0,0,1
737961,738,0,5921,9228,1,0,1
737962,65535,255,6845,8906,0,0,1
737963,0,0,0,0,0,0,0
737964,65535,255,-32768,-32768,0,65535,1
737965,432,0,3996,9722,1,0,1
737966,65535,255,5532,9363,0,0,0
737967,880,0,6572,9038,1,0,1
737968,0,0,0,0,0,0,0
737969,0,0,0,0,0,0,0
737970,544,0,3325,9858,1,0,1
737971,581,0,5087,9468,1,0,1
737972,65535,255,6265,9159,0,0,0
737973,65535,255,-32768,-32768,0,65535,1
737974,65535,255,-32768,-32768,0,65535,1
737975,65535,255,2570,9910,0,0,0
737976,607,0,4575,9578,1,0,1
737977,570,0,5921,9232,1,0,1
737978,65535,255,6843,8930,0,0,1
737979,65535,255,-32768,-32768,0,65535,1
737980,65535,255,1733,9956,0,0,0
737981,486,0,3988,9709,1,0,1
737982,475,0,5527,9387,1,0,1
737983,65535,255,6568,9044,0,0,0
737984,65535,255,-32768,-32768,0,65535,1
737985,65535,255,824,10018,0,0,0
737986,324,0,3316,9748,1,0,1
737987,744,0,5078,9491,1,0,1
737988,777,0,6262,9119,1,0,1
737989,65535,255,-32768,-32768,0,65535,1
737990,586,0,111,-8535,1,0,1
737991,65535,255,2556,9985,0,0,0
737992,65535,255,4565,9623,0,0,0
737993,293,0,5914,9262,1,0,0
737994,65535,255,6842,8907,0,0,0
737995,235,0,1032,-7485,1,0,1
737996,465,0,1717,10128,1,0,1
737997,65535,255,3981,9666,0,0,0
737998,607,0,5522,9361,1,0,1
737999,65535,255,6565,9030,0,0,0
738000,65535,255,1907,-7421,0,0,0
738001,494,0,813,9890,1,0,1
738002,420,2,3303,9869,1,0,0
738003,678,0,5073,9481,1,0,1
738004,763,0,6257,9143,1,0,1
738005,330,0,2705,-7359,1,0,1
738006,65535,255,122,-8445,0,0,0
738007,65535,255,2546,9999,0,0,0
738008,331,0,4562,9629,1,0,1
738009,456,0,5067,-6953,1,0,1
738010,531,0,3423,-7309,1,0,1
738011,306,0,1038,-7613,1,0,1
738012,65535,255,1711,9899,0,0,0
738013,196,0,3974,9703,1,0,1
738014,552,0,5484,-6849,1,0,1
738015,405,0,4048,-7147,1,0,1
738016,518,0,1918,-7522,1,0,1
738017,65535,255,806,10178,0,0,0
738018,685,0,3298,9796,1,0,1
738019,645,0,5069,9450,1,0,1
738020,65535,255,4596,-7029,0,0,0
738021,65535,255,2715,-7465,0,0,0
738022,651,0,128,-6857,1,0,1
738023,695,0,2541,9924,1,0,1
738024,65535,255,4558,9593,0,0,0
738025,336,2,5069,-6927,1,0,0
738026,65535,255,3427,-7272,0,0,0
738027,65535,255,1044,-7484,0,0,0
738028,65535,255,1700,10150,0,0,0
738029,489,0,3967,9690,1,0,1
738030,65535,255,5486,-6843,0,0,0
738031,684,0,4052,-7145,1,0,1
738032,0,0,0,0,0,0,0
738033,65535,255,801,10178,0,0,1
738034,65535,255,3298,9806,0,0,0
738035,65535,255,5068,9451,0,0,0
738036,65535,255,4596,-7040,0,0,0
738037,431,0,2716,-7311,1,0,1
738038,344,0,127,-7643,1,0,1
738039,643,0,2537,9976,1,0,1
738040,623,0,4552,9626,1,0,1
738041,65535,255,5073,-6962,0,0,0
738042,65535,255,3428,-7333,0,0,0
738043,354,0,1049,-7738,1,0,1
738044,65535,255,1701,10014,0,0,0
738045,65535,255,3963,9750,0,0,0
738046,749,0,5484,-6816,1,0,1
738047,65535,255,4052,-7150,0,0,0
738048,259,0,1918,-7452,1,0,1
738049,414,0,801,10055,1,0,1
738050,406,2,3295,9778,1,0,0
738051,65535,255,5066,9486,0,0,0
738052,630,0,4596,-7034,1,0,1
738053,614,0,2715,-7310,1,0,1
738054,65535,255,127,-7888,0,0,0
738055,512,0,2537,10000,1,0,1
738056,538,0,4554,9567,1,0,1
738057,65535,255,5070,-6927,0,0,0
738058,411,0,3423,-7228,1,0,1
738059,506,0,1066,-7489,1,0,0
738060,407,0,1684,9953,1,0,1
738061,519,0,3952,9658,1,0,1
738062,65535,255,5491,-6791,0,0,0
738063,65535,255,4068,-7212,0,0,0
738064,0,0,0,0,0,0,0
738065,65535,255,779,9838,0,0,0
738066,425,0,3281,9785,1,0,1
738067,415,0,5053,9476,1,0,1
738068,507,0,4609,-7023,1,0,1
738069,65535,255,2735,-7350,0,0,0
738070,497,0,154,-6356,1,0,1
738071,65535,255,2517,9987,0,0,0
738072,778,0,4539,9574,1,0,1
738073,714,0,5084,-6954,1,0,1
738074,65535,255,3444,-7238,0,0,0
738075,592,0,1072,-7613,1,0,1
738076,327,0,1678,10072,1,0,1
738077,301,0,3948,9711,1,0,1
738078,65535,255,5494,-6822,0,0,0
738079,65535,255,4067,-7168,0,0,0
738080,65535,255,1940,-7421,0,0,0
738081,65535,255,772,10267,0,0,0
738082,667,0,3277,9749,1,0,1
738083,65535,255,5054,9460,0,0,0
738084,65535,255,4610,-7005,0,0,0
738085,160,2,2734,-7338,1,0,0
738086,246,0,154,-6365,1,0,1
738087,102,2,2516,9989,1,0,0
738088,65535,255,4541,9587,0,0,0
738089,65535,255,5085,-6969,0,0,0
738090,65535,255,3445,-7274,0,0,0
738091,65535,255,1073,-7770,0,0,0
738092,65535,255,1678,10025,0,0,0
738093,65535,255,3952,9709,0,0,0
738094,65535,255,5494,-6786,0,0,0
738095,737,0,4068,-7118,1,0,1
738096,633,0,1941,-7591,1,0,1
738097,65535,255,777,10097,0,0,0
738098,1402,1,3280,9862,1,0,1
738099,65535,255,5058,9444,0,0,0
738100,65535,255,4610,-7091,0,0,0
738101,65535,255,2731,-7339,0,0,0
738102,329,0,148,-6548,1,0,1
738103,65535,255,2525,9830,0,0,0
738104,748,0,4544,9607,1,0,1
738105,552,0,5079,-6913,1,0,1
738106,382,0,3441,-7327,1,0,1
738107,441,0,1061,-7520,1,0,1
738108,65535,255,1689,10034,0,0,0
738109,542,0,3958,9711,1,0,1
738110,800,0,5492,-6836,1,0,1
738111,65535,255,4064,-7198,0,0,0
738112,65535,255,1930,-7558,0,0,0
738113,65535,255,795,10014,0,0,0
738114,65535,255,3289,9852,0,0,0
738115,575,0,5064,9451,1,0,1
738116,740,0,4603,-7012,1,0,1
738117,456,0,2721,-7373,1,0,1
738118,65535,255,133,-7423,0,0,0
738119,65535,255,2536,9886,0,0,0
738120,0,0,0,0,0,0,0
738121,65535,255,5073,-6950,0,0,0
738122,65535,255,3427,-7267,0,0,0
738123,65535,255,1050,-7807,0,0,0
738124,65535,255,1705,9937,0,0,0
738125,65535,255,3973,9687,0,0,0
738126,65535,255,5484,-6824,0,0,1
738127,65535,255,4052,-7185,0,0,0
738128,518,0,1913,-7544,3,0,0
738129,65535,255,812,10057,0,0,0
738130,65535,255,3303,9868,0,0,0
738131,65535,255,5075,9464,0,0,0
738132,283,0,4593,-7033,1,0,1
738133,65535,255,2706,-7433,0,0,0
738134,65535,255,119,-9073,0,0,0
738135,65535,255,2555,9983,0,0,0
738136,65535,255,4568,9565,0,0,0
738137,65535,255,5064,-6911,0,0,0
738138,65535,255,3419,-7259,0,0,0
738139,65535,255,1033,-7522,0,0,0
738140,1220,0,1717,9898,1,0,1
738141,1033,0,3977,9709,1,0,1
738142,65535,255,5481,-6797,0,0,0
738143,1086,0,4049,-7192,1,0,1
738144,737,0,1913,-7389,1,0,1
738145,65535,255,807,9975,0,0,0
738146,65535,255,3302,9766,0,0,0
738147,65535,255,5070,9447,0,0,0
738148,1126,0,4596,-7044,1,0,1
738149,65535,255,2716,-7337,0,0,0
738150,0,0,0,0,0,0,0
738151,65535,255,2541,9849,0,0,0
738152,65535,255,4554,9574,0,0,0
738153,65535,255,5073,-6923,0,0,0
738154,390,0,3428,-7283,1,0,0
738155,65535,255,1050,-7615,0,0,0
738156,65535,255,1700,9976,0,0,0
738157,65535,255,3965,9749,0,0,0
738158,701,0,5487,-6823,1,0,1
738159,1124,0,4057,-7133,3,0,0
738160,65535,255,1924,-7524,0,0,0
738161,65535,255,795,10308,0,0,0
738162,65535,255,3289,9853,0,0,0
738163,65535,255,5061,9494,0,0,0
738164,719,0,4603,-7016,3,0,0
738165,65535,255,2726,-7474,0,0,0
738166,65535,255,139,-7675,0,0,0
738167,1072,0,2527,9982,3,0,0
738168,65535,255,4548,9563,0,0,0
738169,65535,255,5076,-6917,0,0,0
738170,265,0,3437,-7281,3,0,0
738171,819,2,1061,-7644,3,0,0
738172,65535,255,1688,9997,0,0,0
738173,65535,255,3957,9702,0,0,0
738174,65535,255,5491,-6833,0,0,0
738175,1591,2,4062,-7152,3,0,0
738176,1997,0,1937,-7589,3,0,0
738177,1592,0,789,9845,3,0,0
738178,65535,255,3283,9760,0,0,0
738179,1603,0,5057,9482,3,0,0
738180,1155,0,4605,-7052,3,0,0
738181,1755,0,2732,-7370,1,0,0
738182,65535,255,151,-6122,0,0,0
738183,65535,255,2525,9927,0,0,0
738184,65535,255,4543,9620,0,0,0
738185,1266,0,5081,-6971,3,0,0
738186,766,0,3438,-7236,3,0,0
738187,1196,0,1063,-7488,3,0,0
738188,1903,0,1682,9920,3,0,0
738189,65535,255,3953,9736,0,0,0
738190,65535,255,5491,-6824,0,0,0
738191,65535,255,4062,-7138,0,0,0
738192,1659,0,1937,-7571,3,0,0
738193,65535,255,783,9845,0,0,0
738194,1492,0,3279,9761,3,0,0
738195,1299,0,5058,9446,3,0,0
738196,1000,0,4608,-7063,3,0,0
738197,65535,255,2732,-7392,0,0,0
738198,1407,0,149,-6543,3,0,0
738199,1961,0,2520,9965,3,0,0
738200,1758,0,4542,9561,3,0,0
738201,65535,255,5080,-6914,0,0,0
738202,65535,255,3442,-7287,0,0,0
738203,0,0,0,0,0,0,0
738204,65535,255,1682,10056,0,0,0
738205,65535,255,3954,9677,0,0,0
738206,65535,255,5491,-6791,0,0,0
738207,65535,255,4065,-7202,0,0,0
738208,1146,0,1936,-7469,3,0,0
738209,65535,255,782,10268,0,0,0
738210,65535,255,3279,9856,0,0,0
738211,65535,255,5057,9501,0,0,0
738212,65535,255,4605,-7039,0,0,0
738213,1503,0,2731,-7358,3,0,0
738214,1579,0,152,-6118,3,0,0
738215,974,0,2525,9953,3,0,0
738216,65535,255,4544,9593,0,0,0
738217,1171,0,5077,-6915,3,0,0
738218,2102,0,3438,-7297,3,0,0
738219,65535,255,1062,-7737,0,0,0
738220,65535,255,1688,10094,0,0,0
738221,484,0,3957,9699,3,0,0
738222,65535,255,5491,-6810,0,0,0
738223,959,0,4062,-7130,3,0,0
738224,65535,255,1931,-7572,0,0,0
738225,0,0,0,0,0,0,0
738226,65535,255,3288,9779,0,0,0
738227,590,0,5063,9463,3,0,1
738228,1589,0,4602,-7057,3,0,1
738229,803,0,2725,-7421,1,0,1
738230,770,0,141,-8600,1,0,1
738231,930,0,2535,9889,3,0,1
738232,903,0,4550,9613,3,0,1
738233,0,0,0,0,0,0,0
738234,824,0,3433,-7272,3,0,1
738235,566,0,1051,-7675,3,0,1
738236,596,0,1699,10073,1,0,1
738237,655,0,3965,9705,3,0,1
738238,665,0,5485,-6812,3,0,1
738239,0,0,0,0,0,0,0
738240,65535,255,1920,-7609,0,0,0
738241,0,0,0,0,0,0,0
738242,65535,255,3297,9825,0,0,0
738243,65535,255,5068,9494,0,0,0
738244,65535,255,4594,-7041,0,0,0
738245,660,0,2712,-7382,1,0,1
738246,65535,255,125,-6578,0,0,0
738247,65535,255,2545,10013,0,0,0
738248,65535,255,4563,9581,0,0,0
738249,872,0,5068,-6959,1,0,1
738250,65535,255,3420,-7246,0,0,0
738251,679,0,1039,-7614,1,0,1
738252,65535,255,1715,10072,0,0,0
738253,587,0,3980,9704,1,0,1
738254,968,0,5480,-6818,1,0,1
738255,734,0,4042,-7155,1,0,1
738256,65535,255,1903,-7386,0,0,0
738257,65535,255,823,10177,0,0,0
738258,524,0,3315,9870,1,0,1
738259,444,0,5083,9439,1,0,1
738260,65535,255,4583,-7080,0,0,0
738261,663,0,2697,-7467,1,0,1
738262,65535,255,103,-9264,0,0,0
738263,65535,255,2565,9923,0,0,0
738264,65535,255,4574,9548,0,0,0
738265,65535,255,5057,-6935,0,0,0
738266,65535,255,3404,-7248,0,0,0
738267,65535,255,1016,-7519,0,0,0
738268,65535,255,1737,10032,0,0,0
738269,541,0,3996,9700,1,0,1
738270,932,0,5469,-6818,1,0,1
738271,65535,255,4027,-7159,0,0,0
738272,65535,255,1880,-7425,0,0,1
738273,635,0,847,10292,1,0,1
738274,65535,255,3334,9764,0,0,0
738275,65535,255,5095,9467,0,0,0
738276,0,0,0,0,0,0,0
738277,65535,255,2677,-7305,0,0,0
738278,65535,255,87,-5673,0,0,0
738279,65535,255,2580,9859,0,0,0
738280,65535,255,4580,9561,0,0,0
738281,65535,255,5923,9264,0,0,0
738282,65535,255,3398,-7269,0,0,0
738283,633,0,1012,-7628,1,0,1
738284,65535,255,1733,9994,0,0,0
738285,524,0,3992,9708,1,0,1
738286,65535,255,5530,9378,0,0,0
738287,65535,255,6570,9032,0,0,0
738288,65535,255,1891,-7371,0,0,0
738289,677,0,829,10338,1,0,1
738290,65535,255,3316,9804,0,0,0
738291,765,0,5078,9512,1,0,1
738292,876,0,6261,9127,1,0,1
738293,65535,255,-32768,-32768,0,65535,1
738294,65535,255,110,-8249,0,0,0
738295,576,0,2556,9949,1,0,1
738296,639,0,4564,9592,1,0,1
738297,65535,255,5914,9241,0,0,0
738298,65535,255,6839,8934,0,0,0
738299,65535,255,-32768,-32768,0,65535,1
738300,406,0,1716,9939,1,0,1
738301,65535,255,3977,9698,0,0,0
738302,65535,255,5520,9371,0,0,0
738303,65535,255,6562,9032,0,0,0
738304,0,0,0,0,0,0,0
738305,65535,255,-32768,-32768,0,65535,1
738306,443,0,3302,9834,1,0,1
738307,65535,255,5070,9452,0,0,0
738308,65535,255,6252,9145,0,0,0
738309,65535,255,-32768,-32768,0,65535,1
738310,0,0,0,0,0,0,0
738311,65535,255,2541,9851,0,0,0
738312,612,0,4553,9565,1,0,1
738313,65535,255,5905,9273,0,0,0
738314,65535,255,6834,8913,0,0,1
738315,0,0,0,0,0,0,0
738316,65535,255,-32768,-32768,0,65535,1
738317,65535,255,3962,9662,0,0,0
738318,65535,255,5512,9355,0,0,0
738319,815,0,6557,9020,1,0,1
738320,0,0,0,0,0,0,0
738321,65535,255,-32768,-32768,0,65535,0
738322,65535,255,-32768,-32768,0,65535,1
738323,709,0,5058,9475,1,0,1
738324,845,0,6246,9155,1,0,1
738325,65535,255,-32768,-32768,0,65535,1
738326,0,0,0,0,0,0,0
738327,65535,255,-32768,-32768,0,65535,1
738328,65535,255,4541,9616,0,0,0
738329,65535,255,5896,9252,0,0,0
738330,65535,255,6827,8939,0,0,1
738331,0,0,0,0,0,0,0
738332,0,0,0,0,0,0,0
738333,65535,255,3947,9687,0,0,0
738334,65535,255,5500,9362,0,0,0
738335,215,0,6550,9023,1,0,0
738336,0,0,0,0,0,0,0
738337,0,0,0,0,0,0,0
738338,65535,255,3271,9773,0,0,0
738339,65535,255,5046,9499,0,0,0
738340,65535,255,6238,9173,0,0,0
738341,65535,255,-32768,-32768,0,65535,1
738342,65535,255,-32768,-32768,0,65535,1
738343,65535,255,2501,9919,0,0,0
738344,555,0,4530,9575,1,0,1
738345,65535,255,5889,9291,0,0,0
738346,0,0,0,0,0,0,0
738347,65535,255,-32768,-32768,0,65535,1
738348,555,0,1656,10160,1,0,1
738349,65535,255,3936,9666,0,0,0
738350,65535,255,5491,9351,0,0,0
738351,65535,255,6543,9038,0,0,0
738352,65535,255,-32768,-32768,0,65535,1
738353,65535,255,748,10235,0,0,0
738354,65535,255,3254,9784,0,0,0
738355,65535,255,5037,9506,0,0,0
738356,65535,255,6232,9153,0,0,0
738357,65535,255,-32768,-32768,0,65535,1
738358,65535,255,191,-8009,0,0,0
738359,486,0,2487,9957,1,0,1
738360,65535,255,4521,9600,0,0,0
738361,699,0,5882,9247,1,0,1
738362,65535,255,6818,8940,0,0,0
738363,395,0,1112,-7783,1,0,1
738364,0,0,0,0,0,0,0
738365,0,0,0,0,0,0,0
738366,0,0,0,0,0,0,0
738367,0,0,0,0,0,0,0
738368,0,0,0,0,0,0,0
738369,0,0,0,0,0,0,0
738370,0,0,0,0,0,0,0
738371,0,0,0,0,0,0,0
738372,0,0,0,0,0,0,0
738373,0,0,0,0,0,0,0
738374,0,0,0,0,0,0,0
738375,0,0,0,0,0,0,0
738376,0,0,0,0,0,0,0
738377,0,0,0,0,0,0,0
738378,0,0,0,0,0,0,0
738379,0,0,0,0,0,0,0
738380,0,0,0,0,0,0,0
738381,0,0,0,0,0,0,0
738382,0,0,0,0,0,0,0
738383,0,0,0,0,0,0,0
738384,0,0,0,0,0,0,0
738385,0,0,0,0,0,0,0
738386,0,0,0,0,0,0,0
738387,0,0,0,0,0,0,0
738388,0,0,0,0,0,0,0
738389,0,0,0,0,0,0,0
738390,0,0,0,0,0,0,0
738391,0,0,0,0,0,0,0
738392,0,0,0,0,0,0,0
738393,0,0,0,0,0,0,0
738394,0,0,0,0,0,0,0
738395,0,0,0,0,0,0,0
738396,0,0,0,0,0,0,0
738397,65535,255,3910,9662,0,0,0
738398,65535,255,5474,9364,0,0,0
738399,458,0,4109,-7114,1,0,1
738400,396,0,1998,-7446,1,0,1
738401,397,0,714,9961,1,0,1
738402,65535,255,3229,9816,0,0,0
738403,443,0,5023,9498,1,0,1
738404,65535,255,4646,-7000,0,0,0
738405,373,0,2791,-7404,1,0,1
738406,391,0,219,-6993,1,0,1
738407,65535,255,2463,9859,0,0,0
738408,65535,255,4504,9566,0,0,0
738409,65535,255,5112,-6905,0,0,0
738410,65535,255,3491,-7235,0,0,0
738411,65535,255,1135,-7397,0,0,0
738412,65535,255,1618,10084,0,0,0
738413,65535,255,3907,9656,0,0,0
738414,65535,255,5475,9364,0,0,0
738415,534,0,4109,-7120,1,0,1
738416,491,0,1998,-7477,1,0,1
738417,408,0,714,10057,1,0,1
738418,580,0,3227,9788,1,0,1
738419,521,0,5020,9526,1,0,1
738420,539,0,4646,-7035,1,0,0
738421,65535,255,2786,-7314,0,0,0
738422,65535,255,219,-7664,0,0,0
738423,65535,255,2463,9974,0,0,0
738424,179,0,4501,9630,1,0,0
738425,65535,255,5112,-6924,0,0,0
738426,65535,255,3487,-7210,0,0,0
738427,489,0,1134,-7778,1,0,1
738428,383,0,1618,10045,1,0,1
738429,398,0,3910,9660,1,0,1
738430,461,0,5476,9368,1,0,1
738431,65535,255,4105,-7134,0,0,0
738432,65535,255,1998,-7526,0,0,0
738433,65535,255,714,10285,0,0,0
738434,227,0,3232,9836,1,0,0
738435,627,0,5023,9472,1,0,1
738436,608,0,4642,-7083,1,0,1
738437,458,0,2781,-7405,1,0,1
738438,478,0,211,-6720,1,0,1
738439,65535,255,2468,9922,0,0,0
738440,208,0,4504,9611,1,0,1
738441,533,0,5109,-6951,1,0,1
738442,65535,255,3483,-7201,0,0,0
738443,255,0,1123,-7721,1,0,1
738444,394,0,1624,10125,1,0,1
738445,65535,255,3907,9716,0,0,0
738446,65535,255,5476,9350,0,0,0
738447,65535,255,4105,-7141,0,0,0
738448,65535,255,2001,-7530,0,0,0
738449,65535,255,709,10008,0,0,0
738450,65535,255,3223,9827,0,0,0
738451,65535,255,5014,9497,0,0,0
738452,610,0,4650,-7033,1,0,1
738453,65535,255,2797,-7369,0,0,0
738454,65535,255,233,-7111,0,0,0
738455,65535,255,2442,10006,0,0,0
738456,65535,255,4490,9584,0,0,0
738457,65535,255,5125,-6952,0,0,0
738458,634,0,3509,-7240,1,0,1
738459,518,0,1163,-7600,1,0,1
738460,65535,255,1590,10052,0,0,0
738461,455,0,3883,9706,1,0,1
738462,673,0,5457,9384,1,0,1
738463,65535,255,4128,-7151,0,0,0
738464,510,0,2031,-7410,1,0,1
738465,65535,255,672,10207,0,0,0
738466,579,0,3195,9882,1,0,1
738467,549,0,4998,9535,1,0,1
738468,105,2,4666,-6994,1,0,0
738469,514,0,2825,-7309,1,0,1
738470,65535,255,270,-7090,0,0,0
738471,591,0,2417,9971,1,0,1
738472,0,0,0,0,0,0,0
738473,543,0,5137,-6921,1,0,1
738474,65535,255,3530,-7253,0,0,0
738475,0,0,0,0,0,0,0
738476,525,0,1562,10159,1,0,0
738477,650,0,3866,9749,1,0,1
738478,65535,255,5447,9383,0,0,0
738479,573,0,4157,-7178,1,0,1
738480,574,0,2067,-7537,1,0,1
738481,65535,255,638,10102,0,0,0
738482,65535,255,3170,9821,0,0,0
738483,581,0,4983,9488,1,0,1
738484,612,0,4685,-7072,1,0,1
738485,586,0,2844,-7334,1,0,1
738486,65535,255,284,-7460,0,0,0
738487,65535,255,2407,9914,0,0,0
738488,710,0,4466,9578,1,0,1
738489,855,0,5144,-6906,1,0,0
738490,65535,255,3534,-7215,0,0,0
738491,65535,255,1191,-7685,0,0,0
738492,65535,255,1563,9924,0,0,0
738493,163,2,3870,9696,1,0,0
738494,65535,255,5450,9377,0,0,0
738495,627,0,4139,-7133,1,0,0
738496,65535,255,2046,-7445,0,0,0
738497,486,0,668,9856,1,0,1
738498,65535,255,3191,9877,0,0,0
738499,65535,255,4998,9480,0,0,0
738500,65535,255,4672,-7068,0,0,0
738501,65535,255,2820,-7349,0,0,1
738502,65535,255,255,-7815,0,0,0
738503,65535,255,2432,9965,0,0,0
738504,565,0,4483,9606,1,0,1
738505,620,0,5130,-6935,1,0,0
738506,0,0,0,0,0,0,0
738507,471,0,1163,-7490,3,0,0
738508,608,0,1590,10108,3,0,0
738509,65535,255,3893,9669,0,0,0
738510,1470,1,5466,9354,3,0,0
738511,65535,255,4121,-7109,0,0,0
738512,65535,255,2015,-7416,0,0,0
738513,1056,1,702,9866,3,0,0
738514,1259,1,3217,9874,3,0,0
738515,948,0,5018,9482,3,0,0
738516,65535,255,4653,-7085,0,0,0
738517,825,0,2792,-7387,3,0,0
738518,524,0,223,-8586,3,0,0
738519,65535,255,2467,9844,0,0,0
738520,65535,255,4506,9558,0,0,0
738521,723,0,5113,-6903,3,0,0
