sdate,line_t,line_tmq,line_tvza,line_tvaa,line_tm2,line_QFDNB,line_tm_buf
735235,65535,255,2385,10248,0,0,0
735236,65535,255,4578,10637,0,0,1
735237,65535,255,5759,-8629,0,0,1
735238,65535,255,4127,-8283,0,0,1
735239,65535,255,1619,-8116,0,0,1
735240,65535,255,1453,10287,0,0,1
735241,65535,255,3960,10568,0,0,1
735242,65535,255,5584,10817,0,0,0
735243,65535,255,4748,-8419,0,0,0
735244,65535,255,2551,-8181,0,0,0
735245,65535,255,453,9837,0,0,0
735246,0,0,0,0,0,0,0
735247,89,2,5127,10699,1,0,0
735248,44,0,5283,-8543,1,0,0
735249,65535,255,3382,-8263,0,0,1
735250,742,0,587,-8151,1,0,1
735251,130,2,2404,10274,1,0,0
735252,65535,255,4588,10639,0,0,0
735253,49,0,5752,-8620,1,0,1
735254,65535,255,4120,-8293,0,0,0
735255,201,2,1619,-8075,1,0,0
735256,65535,255,1453,10240,0,0,0
735257,65535,255,3953,10553,0,0,1
735258,65535,255,5575,10840,0,0,0
735259,65535,255,4758,-8392,0,0,0
735260,65535,255,2566,-8121,0,0,0
735261,65535,255,418,10602,0,0,1
735262,65535,255,3213,10457,0,0,0
735263,65535,255,5107,10747,0,0,1
735264,65535,255,5302,-8503,0,0,1
735265,65535,255,3412,-8178,0,0,1
735266,65535,255,633,-7721,0,0,0
735267,65535,255,2361,10350,0,0,0
735268,65535,255,4562,10604,0,0,0
735269,65535,255,5770,-8602,0,0,0
735270,65535,255,4149,-8356,0,0,1
735271,884,2,1657,-8038,1,0,0
735272,65535,255,1408,10213,0,0,0
735273,65535,255,3923,10556,0,0,1
735274,65535,255,5556,10808,0,0,0
735275,65535,255,4781,-8408,0,0,0
735276,65535,255,2606,-8162,0,0,1
735277,29,0,384,9685,1,0,1
735278,65535,255,3182,10366,0,0,1
735279,65535,255,5088,10702,0,0,0
735280,93,0,5321,-8541,1,0,1
735281,53,0,3442,-8261,1,0,1
735282,65535,255,675,-8231,0,0,1
735283,65535,255,2330,10293,0,0,0
735284,65535,255,4542,10588,0,0,0
735285,65535,255,5784,-8596,0,0,1
735286,65535,255,4171,-8352,0,0,0
735287,65535,255,1690,-8042,0,0,1
735288,65535,255,1374,10256,0,0,1
735289,65535,255,3900,10570,0,0,0
735290,65535,255,5544,10814,0,0,0
735291,65535,255,4800,-8410,0,0,0
735292,65535,255,2636,-8153,0,0,0
735293,65535,255,350,9546,0,0,1
735294,65535,255,3154,10489,0,0,1
735295,65535,255,5070,10762,0,0,1
735296,65535,255,5337,-8520,0,0,1
735297,65535,255,3471,-8212,0,0,1
735298,65535,255,708,-7893,0,0,1
735299,1228,0,2298,10415,1,0,1
735300,62,0,4521,10628,1,0,1
735301,65535,255,5801,-8621,0,0,1
735302,65535,255,4197,-8288,0,0,0
735303,65535,255,1729,-8122,0,0,1
735304,65535,255,1340,10329,0,0,0
735305,53,0,3880,10474,1,0,0
735306,139,2,5528,10833,1,0,0
735307,68,2,4822,-8448,1,0,0
735308,65535,255,2661,-8059,0,0,0
735309,65535,255,313,10426,0,0,1
735310,65535,255,3127,10438,0,0,0
735311,459,2,5055,10748,1,0,0
735312,65535,255,5353,-8512,0,0,0
735313,65535,255,3492,-8214,0,0,0
735314,65535,255,738,-8032,0,0,0
735315,65535,255,2272,10243,0,0,1
735316,65535,255,4503,10660,0,0,0
735317,65535,255,5812,-8616,0,0,1
735318,65535,255,4217,-8350,0,0,0
735319,65535,255,1751,-8047,0,0,1
735320,65535,255,1312,10278,0,0,0
735321,65535,255,3863,10472,0,0,1
735322,65535,255,5517,10840,0,0,0
735323,65535,255,4836,-8461,0,0,0
735324,65535,255,2685,-8110,0,0,0
735325,65535,255,292,9418,0,0,0
735326,65535,255,3114,10366,0,0,0
735327,65535,255,5045,10719,0,0,1
735328,65535,255,5363,-8495,0,0,0
735329,65535,255,3509,-8199,0,0,1
735330,65535,255,761,-7990,0,0,1
735331,65535,255,2256,10269,0,0,0
735332,88,0,4497,10587,1,0,1
735333,406,0,5822,-8612,1,0,1
735334,65535,255,4225,-8290,0,0,0
735335,65535,255,1768,-7919,0,0,1
735336,65535,255,1300,10174,0,0,0
735337,65535,255,3851,10571,0,0,0
735338,65535,255,5514,10839,0,0,0
735339,65535,255,4842,-8449,0,0,0
735340,65535,255,2695,-8170,0,0,0
735341,65535,255,278,10099,0,0,0
735342,45,0,3105,10454,1,0,1
735343,56,0,5042,10692,1,0,0
735344,683,0,5371,-8559,1,0,0
735345,65535,255,3518,-8191,0,0,0
735346,65535,255,767,-8075,0,0,0
735347,65535,255,2250,10312,0,0,0
735348,65535,255,4493,10624,0,0,0
735349,65535,255,5824,-8642,0,0,1
735350,65535,255,4232,-8352,0,0,1
735351,65535,255,1773,-8123,0,0,0
735352,65535,255,1300,10098,0,0,1
735353,65535,255,3851,10563,0,0,1
735354,65535,255,5512,10839,0,0,1
735355,65535,255,4842,-8401,0,0,0
735356,65535,255,2695,-8218,0,0,0
735357,65535,255,280,10815,0,0,0
735358,65535,255,3109,10377,0,0,0
735359,65535,255,5042,10741,0,0,0
735360,65535,255,5369,-8539,0,0,0
735361,65535,255,3514,-8182,0,0,1
735362,65535,255,761,-8078,0,0,1
735363,341,0,2255,10356,1,0,1
735364,65535,255,4493,10650,0,0,0
735365,65535,255,5819,-8607,0,0,0
735366,65535,255,4225,-8311,0,0,0
735367,65535,255,1762,-8048,0,0,1
735368,65535,255,1312,10050,0,0,0
735369,65535,255,3855,10565,0,0,0
735370,254,2,5515,10854,1,0,0
735371,163,2,4834,-8432,1,0,0
735372,65535,255,2681,-8121,0,0,0
735373,65535,255,289,10223,0,0,0
735374,65535,255,3117,10392,0,0,1
735375,65535,255,5048,10737,0,0,1
735376,65535,255,5359,-8547,0,0,0
735377,65535,255,3501,-8214,0,0,1
735378,65535,255,745,-7678,0,0,1
735379,65535,255,2272,10258,0,0,1
735380,65535,255,4503,10621,0,0,0
735381,65535,255,5811,-8596,0,0,0
735382,65535,255,4211,-8308,0,0,0
735383,65535,255,1746,-8084,0,0,0
735384,65535,255,1328,10154,0,0,1
735385,0,0,0,0,0,0,0
735386,219,0,5525,10820,1,0,0
735387,65535,255,4819,-8402,0,0,0
735388,209,2,2661,-8083,1,0,0
735389,65535,255,318,10112,0,0,0
735390,65535,255,3137,10361,0,0,0
735391,65535,255,5058,10750,0,0,0
735392,65535,255,5345,-8496,0,0,0
735393,65535,255,3480,-8264,0,0,0
735394,65535,255,715,-8034,0,0,0
735395,65535,255,2293,10388,0,0,0
735396,65535,255,4521,10598,0,0,0
735397,0,0,0,0,0,0,0
735398,65535,255,4189,-8298,0,0,0
735399,65535,255,1713,-8101,0,0,0
735400,243,2,1356,10209,1,0,0
735401,152,2,3892,10524,1,0,0
735402,65535,255,5539,10842,0,0,0
735403,65535,255,4800,-8439,0,0,1
735404,65535,255,2631,-8176,0,0,1
735405,65535,255,356,9465,0,0,1
735406,65535,255,3163,10462,0,0,1
735407,65535,255,5076,10732,0,0,1
735408,65535,255,5326,-8490,0,0,0
735409,65535,255,3450,-8261,0,0,0
735410,65535,255,680,-8034,0,0,0
735411,65535,255,2325,10419,0,0,1
735412,65535,255,4541,10615,0,0,0
735413,65535,255,5782,-8607,0,0,0
735414,65535,255,4164,-8343,0,0,1
735415,65535,255,1674,-7961,0,0,0
735416,65535,255,1397,10070,0,0,0
735417,65535,255,3919,10491,0,0,0
735418,65535,255,5556,10832,0,0,1
735419,65535,255,4778,-8429,0,0,0
735420,65535,255,2596,-8185,0,0,0
735421,65535,255,395,9703,0,0,0
735422,65535,255,3195,10485,0,0,1
735423,65535,255,5098,10757,0,0,1
735424,65535,255,5307,-8513,0,0,1
735425,65535,255,3416,-8186,0,0,0
735426,65535,255,634,-7671,0,0,1
735427,0,0,0,0,0,0,0
735428,65535,255,4567,10615,0,0,0
735429,241,2,5762,-8594,1,0,0
735430,65535,255,4135,-8331,0,0,0
735431,65535,255,1630,-7934,0,0,0
735432,65535,255,1436,10102,0,0,1
735433,65535,255,3945,10494,0,0,0
735434,65535,255,5571,10831,0,0,0
735435,65535,255,4764,-8421,0,0,0
735436,65535,255,2581,-8146,0,0,1
735437,65535,255,408,10383,0,0,0
735438,65535,255,3203,10448,0,0,0
735439,65535,255,5104,10732,0,0,0
735440,65535,255,5307,-8483,0,0,0
735441,65535,255,3425,-8266,0,0,1
735442,65535,255,645,-8088,0,0,0
735443,65535,255,2356,10382,0,0,0
735444,90,0,4558,10630,1,0,0
735445,65535,255,5774,-8614,0,0,1
735446,65535,255,4156,-8362,0,0,0
735447,65535,255,1663,-8019,0,0,1
735448,65535,255,1408,10167,0,0,0
735449,60,2,3922,10521,1,0,0
735450,65535,255,5558,10850,0,0,0
735451,65535,255,4787,-8453,0,0,0
735452,36,0,2606,-8051,1,0,0
735453,65535,255,377,10122,0,0,0
735454,0,0,0,0,0,0,0
735455,1011,0,5090,10714,1,0,1
735456,279,0,5326,-8545,1,0,1
735457,84,0,3445,-8251,1,0,1
735458,65535,255,674,-8083,0,0,0
735459,65535,255,2335,10239,0,0,1
735460,65535,255,4544,10646,0,0,1
735461,85,0,5788,-8630,1,0,1
735462,65535,255,4174,-8289,0,0,0
735463,65535,255,1691,-8137,0,0,0
735464,65535,255,1379,10333,0,0,1
735465,65535,255,3907,10474,0,0,0
735466,65535,255,5547,10829,0,0,1
735467,65535,255,4799,-8432,0,0,0
735468,65535,255,2631,-8212,0,0,0
735469,65535,255,353,10117,0,0,1
735470,65535,255,3163,10404,0,0,0
735471,65535,255,5078,10722,0,0,0
735472,65535,255,5334,-8488,0,0,1
735473,65535,255,3466,-8265,0,0,0
735474,65535,255,692,-7651,0,0,1
735475,65535,255,2313,10349,0,0,0
735476,65535,255,4530,10613,0,0,0
735477,65535,255,5795,-8614,0,0,1
735478,99,0,4186,-8327,1,0,1
735479,65535,255,1712,-8119,0,0,0
735480,65535,255,1357,10357,0,0,0
735481,0,0,0,0,0,0,0
735482,150,2,5538,10846,1,0,0
735483,171,0,4809,-8452,1,0,1
735484,182,2,2646,-8104,1,0,0
735485,65535,255,338,9543,0,0,0
735486,837,0,3149,10500,1,0,1
735487,426,0,5070,10699,1,0,1
735488,65535,255,5342,-8548,0,0,0
735489,65535,255,3476,-8280,0,0,0
735490,65535,255,710,-7659,0,0,0
735491,65535,255,2298,10361,0,0,0
735492,65535,255,4524,10624,0,0,0
735493,65535,255,5800,-8628,0,0,0
735494,65535,255,4192,-8312,0,0,0
735495,65535,255,1718,-7948,0,0,0
735496,65535,255,1351,10159,0,0,0
735497,65535,255,3884,10562,0,0,1
735498,65535,255,5533,10823,0,0,0
735499,65535,255,4813,-8445,0,0,1
735500,65535,255,2651,-8092,0,0,0
735501,65535,255,332,9569,0,0,1
735502,65535,255,3146,10363,0,0,0
735503,65535,255,5065,10714,0,0,1
735504,65535,255,5343,-8495,0,0,1
735505,52,0,3476,-8202,1,0,1
735506,65535,255,715,-8034,0,0,0
735507,0,0,0,0,0,0,0
735508,65535,255,4521,10599,0,0,0
735509,65535,255,5799,-8619,0,0,1
735510,65535,255,4193,-8305,0,0,0
735511,65535,255,1718,-7966,0,0,0
735512,65535,255,1345,10233,0,0,0
735513,65535,255,3884,10477,0,0,0
735514,65535,255,5531,10850,0,0,0
735515,292,0,4810,-8405,1,0,1
735516,65535,255,2651,-8201,0,0,0
735517,26,0,331,10415,1,0,1
735518,65535,255,3145,10481,0,0,1
735519,65535,255,5067,10710,0,0,1
735520,65535,255,5337,-8503,0,0,0
735521,65535,255,3472,-8227,0,0,0
735522,65535,255,707,-8005,0,0,1
735523,65535,255,2298,10390,0,0,0
735524,65535,255,4521,10656,0,0,1
735525,65535,255,5794,-8605,0,0,1
735526,65535,255,4185,-8296,0,0,1
735527,65535,255,1707,-7984,0,0,0
735528,0,0,0,0,0,0,0
735529,65535,255,3892,10517,0,0,0
735530,65535,255,5539,10816,0,0,0
735531,65535,255,4804,-8461,0,0,1
735532,65535,255,2636,-8163,0,0,0
735533,65535,255,348,10406,0,0,0
735534,65535,255,3159,10452,0,0,0
735535,65535,255,5074,10733,0,0,0
735536,133,2,5329,-8535,1,0,0
735537,455,2,3454,-8181,1,0,0
735538,65535,255,686,-8129,0,0,0
735539,65535,255,2319,10378,0,0,1
735540,65535,255,4535,10665,0,0,0
735541,83,2,5787,-8620,1,0,0
735542,65535,255,4171,-8342,0,0,0
735543,65535,255,1691,-8156,0,0,1
735544,65535,255,1385,10214,0,0,0
735545,0,0,0,0,0,0,0
735546,65535,255,5551,10823,0,0,0
735547,65535,255,4784,-8399,0,0,0
735548,65535,255,2606,-8074,0,0,1
735549,65535,255,383,9954,0,0,0
735550,65535,255,3185,10486,0,0,0
735551,65535,255,5093,10742,0,0,0
735552,65535,255,5312,-8482,0,0,0
735553,65535,255,3429,-8248,0,0,1
735554,65535,255,651,-7883,0,0,1
735555,65535,255,2356,10354,0,0,1
735556,65535,255,4559,10658,0,0,1
735557,65535,255,5769,-8581,0,0,0
735558,65535,255,4146,-8276,0,0,0
735559,65535,255,1657,-7977,0,0,0
735560,65535,255,1408,10360,0,0,1
735561,65535,255,3926,10546,0,0,0
735562,65535,255,5559,10844,0,0,0
735563,65535,255,4780,-8416,0,0,1
735564,65535,255,2601,-8109,0,0,1
735565,65535,255,382,10127,0,0,0
735566,65535,255,3181,10496,0,0,0
735567,169,2,5090,10742,1,0,0
735568,65535,255,5323,-8547,0,0,0
735569,65535,255,3446,-8222,0,0,0
735570,65535,255,668,-7685,0,0,0
735571,65535,255,2330,10282,0,0,0
735572,65535,255,4541,10641,0,0,0
735573,51,0,5788,-8606,1,0,1
735574,692,0,4174,-8334,1,0,1
735575,65535,255,1694,-8060,0,0,1
735576,65535,255,1373,10287,0,0,0
735577,65535,255,3903,10550,0,0,0
735578,65535,255,5545,10859,0,0,0
735579,65535,255,4799,-8447,0,0,1
735580,65535,255,2631,-8210,0,0,0
735581,65535,255,354,9747,0,0,0
735582,65535,255,3158,10483,0,0,0
735583,65535,255,5075,10749,0,0,0
735584,65535,255,5336,-8496,0,0,0
735585,65535,255,3467,-8286,0,0,0
735586,65535,255,704,-8219,0,0,0
735587,65535,255,2309,10266,0,0,0
735588,0,0,0,0,0,0,0
735589,0,0,0,0,0,0,0
735590,0,0,0,0,0,0,0
735591,65535,255,1712,-8097,0,0,0
735592,65535,255,1356,10261,0,0,1
735593,65535,255,3890,10567,0,0,0
735594,65535,255,5540,10807,0,0,0
735595,65535,255,4810,-8408,0,0,1
735596,88,2,2645,-8138,1,0,1
735597,65535,255,339,9430,0,0,1
735598,33,0,3149,10483,1,0,1
735599,65535,255,5070,10760,0,0,0
735600,65535,255,5342,-8521,0,0,0
735601,65535,255,3471,-8216,0,0,0
735602,65535,255,708,-7936,0,0,0
735603,65535,255,2298,10420,0,0,1
735604,65535,255,4524,10639,0,0,0
735605,65535,255,5798,-8634,0,0,0
735606,65535,255,4192,-8302,0,0,1
735607,86,0,1712,-7906,1,0,1
735608,65535,255,1357,10088,0,0,1
735609,65535,255,3891,10526,0,0,0
735610,65535,255,5536,10849,0,0,0
735611,65535,255,4809,-8402,0,0,1
735612,65535,255,2646,-8162,0,0,1
735613,65535,255,336,9822,0,0,0
735614,65535,255,3150,10396,0,0,0
735615,65535,255,5070,10729,0,0,0
735616,65535,255,5337,-8500,0,0,0
735617,65535,255,3467,-8198,0,0,0
735618,65535,255,703,-7983,0,0,0
735619,65535,255,2309,10252,0,0,0
735620,65535,255,4527,10671,0,0,0
735621,65535,255,5794,-8611,0,0,1
735622,0,0,0,0,0,0,0
735623,65535,255,1712,-8155,0,0,0
735624,65535,255,1356,10310,0,0,1
735625,65535,255,3888,10572,0,0,1
735626,65535,255,5536,10812,0,0,0
735627,65535,255,4807,-8408,0,0,0
735628,65535,255,2641,-8137,0,0,1
735629,65535,255,340,9335,0,0,0
735630,65535,255,3149,10474,0,0,1
735631,58,0,5067,10750,1,0,1
735632,65535,255,5337,-8510,0,0,0
735633,93,0,3467,-8189,1,0,1
735634,65535,255,703,-7795,0,0,1
735635,65535,255,2303,10234,0,0,1
735636,65535,255,4524,10646,0,0,0
735637,65535,255,5796,-8633,0,0,0
735638,65535,255,4186,-8308,0,0,1
735639,65535,255,1713,-7906,0,0,1
735640,65535,255,1357,10064,0,0,1
735641,65535,255,3888,10519,0,0,0
735642,65535,255,5536,10862,0,0,0
735643,65535,255,4804,-8395,0,0,0
735644,65535,255,2641,-8149,0,0,0
735645,65535,255,343,9735,0,0,0
735646,65535,255,3154,10377,0,0,0
735647,65535,255,5070,10719,0,0,0
735648,65535,255,5335,-8490,0,0,0
735649,65535,255,3463,-8180,0,0,0
735650,65535,255,697,-7887,0,0,0
735651,65535,255,2312,10317,0,0,0
735652,65535,255,4528,10660,0,0,0
735653,65535,255,5789,-8593,0,0,1
735654,65535,255,4179,-8362,0,0,0
735655,65535,255,1702,-8116,0,0,1
735656,65535,255,1371,10226,0,0,0
735657,98,0,3900,10528,1,0,1
735658,65535,255,5544,10810,0,0,0
735659,65535,255,4794,-8440,0,0,0
735660,65535,255,2621,-8098,0,0,0
735661,65535,255,367,9674,0,0,0
735662,30,0,3172,10409,1,0,1
735663,65535,255,5082,10753,0,0,0
735664,65535,255,5323,-8546,0,0,0
735665,65535,255,3442,-8186,0,0,0
735666,65535,255,668,-8081,0,0,1
735667,65535,255,2335,10340,0,0,1
735668,65535,255,4548,10644,0,0,0
735669,65535,255,5777,-8598,0,0,0
735670,65535,255,4157,-8290,0,0,1
735671,65535,255,1671,-8010,0,0,1
735672,65535,255,1392,10292,0,0,0
735673,65535,255,3912,10501,0,0,0
735674,65535,255,5548,10848,0,0,0
735675,65535,255,4792,-8419,0,0,0
735676,65535,255,2621,-8098,0,0,0
735677,65535,255,355,10775,0,0,1
735678,65535,255,3163,10486,0,0,1
735679,65535,255,5074,10728,0,0,0
735680,65535,255,5334,-8538,0,0,0
735681,65535,255,3467,-8268,0,0,0
735682,65535,255,704,-7654,0,0,1
735683,378,0,2298,10378,1,0,0
735684,0,0,0,0,0,0,0
735685,65535,255,5801,-8637,0,0,0
735686,49,2,4196,-8330,1,0,1
735687,65535,255,1729,-8041,0,0,0
735688,65535,255,1334,10336,0,0,1
735689,65535,255,3875,10509,0,0,0
735690,65535,255,5527,10802,0,0,0
735691,65535,255,4822,-8426,0,0,0
735692,65535,255,2665,-8067,0,0,0
735693,65535,255,310,9362,0,0,0
735694,31,0,3127,10394,1,0,1
735695,65535,255,5052,10747,0,0,1
735696,0,0,0,0,0,0,0
735697,0,0,0,0,0,0,0
735698,65535,255,749,-7986,0,0,0
735699,65535,255,2266,10319,0,0,0
735700,65535,255,4500,10630,0,0,0
735701,65535,255,5817,-8608,0,0,1
735702,65535,255,4223,-8354,0,0,1
735703,65535,255,1762,-7951,0,0,1
735704,65535,255,1306,10309,0,0,1
735705,65535,255,3851,10522,0,0,1
735706,65535,255,5512,10826,0,0,0
735707,65535,255,4839,-8390,0,0,0
735708,65535,255,2694,-8171,0,0,0
735709,65535,255,280,9396,0,0,0
735710,65535,255,3105,10440,0,0,0
735711,65535,255,5040,10708,0,0,0
735712,65535,255,5371,-8521,0,0,0
735713,65535,255,3519,-8227,0,0,1
735714,65535,255,773,-8157,0,0,0
735715,65535,255,2245,10417,0,0,0
735716,65535,255,4486,10603,0,0,0
735717,65535,255,5826,-8638,0,0,0
735718,65535,255,4232,-8293,0,0,0
735719,596,2,1778,-8064,1,0,1
735720,65535,255,1289,10127,0,0,0
735721,65535,255,3843,10497,0,0,0
735722,65535,255,5507,10825,0,0,0
735723,65535,255,4845,-8407,0,0,0
735724,65535,255,2705,-8107,0,0,0
735725,206,2,267,10357,1,0,0
735726,27,0,3096,10390,1,0,1
735727,65535,255,5037,10696,0,0,0
735728,65535,255,5374,-8521,0,0,0
735729,65535,255,3522,-8187,0,0,1
735730,65535,255,773,-7685,0,0,0
735731,65535,255,2240,10302,0,0,1
735732,65535,255,4483,10666,0,0,1
735733,65535,255,5827,-8634,0,0,1
735734,65535,255,4236,-8287,0,0,0
735735,65535,255,1778,-8082,0,0,1
735736,0,0,0,0,0,0,0
735737,65535,255,3843,10544,0,0,0
735738,65535,255,5507,10793,0,0,1
735739,65535,255,4846,-8434,0,0,0
735740,65535,255,2701,-8083,0,0,0
735741,65535,255,267,10478,0,0,0
735742,649,0,3101,10430,1,0,1
735743,672,0,5037,10729,1,0,1
735744,65535,255,5369,-8521,0,0,0
735745,0,0,0,0,0,0,0
735746,65535,255,773,-8200,0,0,1
735747,27,0,2246,10274,1,0,1
735748,65535,255,4487,10667,0,0,1
735749,65535,255,5823,-8646,0,0,0
735750,0,0,0,0,0,0,0
735751,65535,255,1768,-7914,0,0,0
735752,65535,255,1301,10052,0,0,0
735753,65535,255,3852,10499,0,0,1
735754,132,2,5510,10844,1,0,0
735755,65535,255,4837,-8456,0,0,0
735756,97,0,2685,-8081,1,0,1
735757,65535,255,284,10576,0,0,0
735758,65535,255,3110,10451,0,0,1
735759,65535,255,5040,10746,0,0,0
735760,65535,255,5362,-8509,0,0,1
735761,65535,255,3505,-8202,0,0,1
735762,65535,255,749,-7897,0,0,0
735763,65535,255,2261,10419,0,0,0
735764,65535,255,4497,10643,0,0,0
735765,65535,255,5813,-8635,0,0,1
735766,65535,255,4214,-8311,0,0,0
735767,65535,255,1751,-7930,0,0,0
735768,65535,255,1318,10107,0,0,0
735769,65535,255,3863,10531,0,0,0
735770,65535,255,5521,10801,0,0,0
735771,31,0,4825,-8410,1,0,1
735772,65535,255,2671,-8175,0,0,0
735773,38,2,307,9897,1,0,0
735774,65535,255,3128,10404,0,0,0
735775,65535,255,5053,10732,0,0,0
735776,36,0,5348,-8502,1,0,1
735777,30,0,3484,-8199,1,0,0
735778,65535,255,726,-7938,0,0,0
735779,65535,255,2288,10237,0,0,1
735780,156,2,4511,10664,1,0,0
735781,65535,255,5801,-8590,0,0,0
735782,44,2,4200,-8295,1,0,0
735783,65535,255,1729,-8040,0,0,0
735784,65535,255,1340,10086,0,0,0
735785,65535,255,3873,10548,0,0,0
735786,65535,255,5528,10816,0,0,0
735787,65535,255,4819,-8453,0,0,0
735788,65535,255,2661,-8186,0,0,0
735789,65535,255,316,10591,0,0,0
735790,65535,255,3132,10424,0,0,1
735791,65535,255,5059,10706,0,0,0
735792,65535,255,5350,-8516,0,0,0
735793,65535,255,3485,-8212,0,0,1
735794,65535,255,733,-8166,0,0,0
735795,65535,255,2277,10420,0,0,0
735796,65535,255,4510,10608,0,0,0
735797,65535,255,5805,-8586,0,0,0
735798,65535,255,4204,-8296,0,0,0
735799,65535,255,1734,-8078,0,0,0
735800,65535,255,1334,10161,0,0,0
735801,65535,255,3871,10510,0,0,0
735802,65535,255,5525,10829,0,0,0
735803,65535,255,4822,-8409,0,0,0
735804,65535,255,2666,-8114,0,0,0
735805,65535,255,307,10334,0,0,0
735806,65535,255,3132,10385,0,0,0
735807,65535,255,5056,10731,0,0,1
735808,65535,255,5350,-8511,0,0,0
735809,65535,255,3490,-8234,0,0,0
735810,237,2,732,-8209,1,0,1
735811,27,0,2293,10320,1,0,1
735812,65535,255,4520,10669,0,0,1
735813,81,0,5794,-8619,1,0,1
735814,29,0,4181,-8301,1,0,1
735815,65535,255,1690,-8116,0,0,0
735816,65535,255,1385,10262,0,0,0
735817,65535,255,3919,10552,0,0,0
735818,65535,255,5558,10862,0,0,0
735819,0,0,0,0,0,0,0
735820,65535,255,2596,-8145,0,0,0
735821,65535,255,389,10385,0,0,0
735822,65535,255,3194,10372,0,0,0
735823,65535,255,5095,10744,0,0,0
735824,65535,255,5318,-8545,0,0,0
735825,65535,255,3437,-8203,0,0,0
735826,65535,255,663,-7531,0,0,0
735827,65535,255,2340,10354,0,0,0
735828,171,2,4551,10606,1,0,0
735829,65535,255,5781,-8617,0,0,0
735830,65535,255,4167,-8295,0,0,0
735831,65535,255,1679,-7978,0,0,0
735832,65535,255,1385,10359,0,0,0
735833,65535,255,3911,10559,0,0,1
735834,65535,255,5550,10851,0,0,0
735835,30,2,4796,-8429,1,0,1
735836,65535,255,2626,-8135,0,0,1
735837,65535,255,360,10400,0,0,1
735838,65535,255,3167,10378,0,0,0
735839,65535,255,5078,10761,0,0,1
735840,65535,255,5331,-8490,0,0,0
735841,65535,255,3462,-8259,0,0,1
735842,65535,255,691,-7935,0,0,0
735843,65535,255,2314,10351,0,0,0
735844,65535,255,4530,10671,0,0,0
735845,54,2,5793,-8628,1,0,1
735846,65535,255,4185,-8363,0,0,1
735847,65535,255,1707,-7963,0,0,1
735848,65535,255,1363,10252,0,0,0
735849,65535,255,3892,10580,0,0,1
735850,65535,255,5541,10804,0,0,0
735851,65535,255,4807,-8415,0,0,0
735852,65535,255,2641,-8052,0,0,0
735853,65535,255,355,10680,0,0,1
735854,65535,255,3168,10365,0,0,1
735855,65535,255,5078,10736,0,0,1
735856,65535,255,5331,-8527,0,0,0
735857,65535,255,3459,-8289,0,0,0
735858,199,0,685,-7938,1,0,1
735859,65535,255,2319,10292,0,0,1
735860,65535,255,4534,10625,0,0,0
735861,65535,255,5789,-8617,0,0,0
735862,182,2,4181,-8373,1,0,0
735863,65535,255,1696,-7926,0,0,1
735864,65535,255,1374,10258,0,0,1
735865,65535,255,3904,10510,0,0,0
735866,65535,255,5546,10815,0,0,0
735867,65535,255,4798,-8412,0,0,0
735868,65535,255,2626,-8188,0,0,1
735869,65535,255,361,9660,0,0,1
735870,65535,255,3167,10443,0,0,0
735871,263,0,5082,10707,1,0,0
735872,81,0,5329,-8532,1,0,1
735873,65535,255,3459,-8200,0,0,1
735874,65535,255,692,-7602,0,0,0
735875,65535,255,2314,10263,0,0,1
735876,65535,255,4528,10630,0,0,0
735877,65535,255,5796,-8602,0,0,0
735878,65535,255,4189,-8332,0,0,1
735879,65535,255,1716,-8079,0,0,1
735880,65535,255,1345,10307,0,0,0
735881,65535,255,3880,10553,0,0,0
735882,65535,255,5531,10808,0,0,1
735883,65535,255,4816,-8391,0,0,1
735884,65535,255,2655,-8082,0,0,0
735885,65535,255,313,10219,0,0,0
735886,65535,255,3132,10390,0,0,1
735887,65535,255,5055,10701,0,0,0
735888,65535,255,5334,-8509,0,0,0
735889,65535,255,3465,-8249,0,0,1
735890,65535,255,693,-8279,0,0,0
735891,65535,255,2319,10259,0,0,0
735892,32,0,4535,10639,1,0,1
735893,65535,255,5786,-8627,0,0,1
735894,65535,255,4171,-8377,0,0,0
735895,65535,255,1685,-8046,0,0,0
735896,65535,255,1391,10184,0,0,0
735897,65535,255,3915,10529,0,0,0
735898,65535,255,5556,10858,0,0,0
735899,202,2,4778,-8389,1,0,0
735900,198,2,2596,-8104,1,0,0
735901,65535,255,394,10543,0,0,0
735902,65535,255,3199,10451,0,0,1
735903,65535,255,5099,10725,0,0,0
735904,43,0,5310,-8544,1,0,1
735905,65535,255,3425,-8219,0,0,0
735906,65535,255,645,-7735,0,0,0
735907,65535,255,2356,10306,0,0,0
735908,65535,255,4555,10655,0,0,0
735909,65535,255,5774,-8624,0,0,1
735910,65535,255,4157,-8368,0,0,1
735911,65535,255,1663,-8004,0,0,0
735912,65535,255,1408,10091,0,0,0
735913,65535,255,3922,10493,0,0,0
735914,65535,255,5558,10831,0,0,1
735915,65535,255,4781,-8429,0,0,0
735916,65535,255,2581,-8181,0,0,0
735917,65535,255,412,9799,0,0,0
735918,0,0,0,0,0,0,0
735919,65535,255,5104,10696,0,0,0
735920,107,0,5310,-8542,1,0,1
735921,65535,255,3425,-8259,0,0,0
735922,65535,255,651,-8198,0,0,0
735923,65535,255,2356,10288,0,0,0
735924,44,0,4558,10583,1,0,1
735925,65535,255,5776,-8598,0,0,0
735926,65535,255,4160,-8358,0,0,1
735927,32,0,1668,-8067,1,0,1
735928,65535,255,1397,10299,0,0,1
735929,65535,255,3923,10481,0,0,0
735930,130,2,5556,10845,1,0,0
735931,65535,255,4787,-8416,0,0,0
735932,65535,255,2611,-8158,0,0,0
735933,65535,255,377,9938,0,0,0
735934,65535,255,3181,10416,0,0,0
735935,65535,255,5090,10746,0,0,0
735936,65535,255,5326,-8535,0,0,0
735937,65535,255,3450,-8278,0,0,0
735938,65535,255,674,-7747,0,0,0
735939,65535,255,2332,10325,0,0,0
735940,65535,255,4545,10634,0,0,0
735941,65535,255,5785,-8608,0,0,0
735942,65535,255,4174,-8298,0,0,0
735943,0,0,0,0,0,0,0
735944,65535,255,1385,10179,0,0,1
735945,65535,255,3911,10472,0,0,1
735946,65535,255,5550,10852,0,0,0
735947,65535,255,4796,-8423,0,0,0
735948,65535,255,2620,-8086,0,0,0
735949,28,0,366,9661,1,0,1
735950,65535,255,3176,10425,0,0,1
735951,65535,255,5087,10693,0,0,1
735952,65535,255,5328,-8501,0,0,1
735953,27,0,3454,-8252,1,0,1
735954,65535,255,674,-7799,0,0,0
735955,65535,255,2330,10285,0,0,0
735956,95,2,4544,10624,1,0,0
735957,65535,255,5788,-8600,0,0,0
735958,34,0,4170,-8311,1,0,1
735959,65535,255,1684,-8088,0,0,0
735960,65535,255,1391,10155,0,0,1
735961,44,0,3919,10488,1,0,1
735962,65535,255,5555,10817,0,0,1
735963,65535,255,4790,-8399,0,0,1
735964,65535,255,2610,-8072,0,0,0
735965,65535,255,377,10026,0,0,1
735966,65535,255,3185,10411,0,0,0
735967,65535,255,5092,10747,0,0,0
735968,65535,255,5320,-8494,0,0,0
735969,65535,255,3441,-8268,0,0,0
735970,65535,255,662,-7994,0,0,1
735971,0,0,0,0,0,0,0
735972,65535,255,4558,10596,0,0,0
735973,65535,255,5778,-8593,0,0,0
735974,65535,255,4156,-8315,0,0,0
735975,65535,255,1663,-8144,0,0,1
735976,65535,255,1413,10278,0,0,0
735977,65535,255,3930,10557,0,0,0
735978,65535,255,5566,10797,0,0,0
735979,65535,255,4774,-8390,0,0,1
735980,65535,255,2586,-8093,0,0,0
735981,53,2,406,10364,1,0,1
735982,65535,255,3208,10411,0,0,0
735983,35,0,5107,10714,1,0,1
735984,65535,255,5304,-8550,0,0,0
735985,65535,255,3412,-8256,0,0,0
735986,65535,255,627,-8098,0,0,0
735987,65535,255,2378,10332,0,0,1
735988,65535,255,4575,10630,0,0,0
735989,42,0,5762,-8624,1,0,1
735990,65535,255,4131,-8307,0,0,1
735991,65535,255,1624,-8083,0,0,0
735992,65535,255,1447,10257,0,0,0
735993,65535,255,3956,10554,0,0,1
735994,65535,255,5582,10806,0,0,0
735995,65535,255,4751,-8415,0,0,0
735996,65535,255,2551,-8164,0,0,0
735997,65535,255,453,9761,0,0,0
735998,65535,255,3241,10464,0,0,0
735999,65535,255,5128,10722,0,0,1
736000,65535,255,5285,-8541,0,0,1
736001,65535,255,3386,-8235,0,0,0
736002,65535,255,592,-7988,0,0,1
736003,65535,255,2400,10415,0,0,0
736004,65535,255,4588,10633,0,0,1
736005,65535,255,5752,-8622,0,0,1
736006,65535,255,4120,-8281,0,0,0
736007,65535,255,1613,-8123,0,0,1
736008,0,0,0,0,0,0,0
736009,65535,255,3957,10583,0,0,0
736010,65535,255,5579,10824,0,0,0
736011,65535,255,4754,-8439,0,0,0
736012,65535,255,2562,-8209,0,0,0
736013,65535,255,429,10120,0,0,0
736014,33,0,3221,10413,1,0,1
736015,112,2,5113,10731,1,0,1
736016,65535,255,5294,-8498,0,0,0
736017,65535,255,3403,-8192,0,0,1
736018,65535,255,616,-7829,0,0,0
736019,65535,255,2376,10413,0,0,1
736020,65535,255,4575,10643,0,0,1
736021,65535,255,5763,-8641,0,0,1
736022,0,0,0,0,0,0,0
736023,65535,255,1635,-7963,0,0,0
736024,65535,255,1437,10184,0,0,0
736025,65535,255,3944,10559,0,0,0
736026,65535,255,5571,10822,0,0,0
736027,65535,255,4764,-8446,0,0,0
736028,65535,255,2576,-8091,0,0,0
736029,65535,255,417,9981,0,0,0
736030,65535,255,3211,10403,0,0,0
736031,65535,255,5108,10710,0,0,1
736032,65535,255,5302,-8495,0,0,0
736033,65535,255,3412,-8202,0,0,1
736034,65535,255,627,-8043,0,0,1
736035,65535,255,2371,10279,0,0,0
736036,65535,255,4572,10599,0,0,1
736037,65535,255,5765,-8624,0,0,0
736038,65535,255,4139,-8312,0,0,1
736039,0,0,0,0,0,0,0
736040,65535,255,1430,10256,0,0,0
736041,65535,255,3942,10486,0,0,1
736042,51,0,5569,10854,1,0,1
736043,163,2,4764,-8417,1,0,0
736044,65535,255,2576,-8054,0,0,1
736045,65535,255,419,10673,0,0,0
736046,65535,255,3213,10374,0,0,0
736047,65535,255,5110,10731,0,0,0
736048,65535,255,5302,-8529,0,0,0
736049,27,0,3412,-8281,1,0,1
736050,65535,255,621,-7830,0,0,1
736051,30,0,2381,10267,1,0,1
736052,65535,255,4575,10606,0,0,1
736053,65535,255,5762,-8640,0,0,1
736054,65535,255,4134,-8360,0,0,0
736055,65535,255,1630,-8183,0,0,0
736056,65535,255,1441,10187,0,0,1
736057,65535,255,3953,10488,0,0,1
736058,65535,255,5579,10802,0,0,1
736059,65535,255,4758,-8450,0,0,0
736060,65535,255,2566,-8164,0,0,0
736061,65535,255,435,10351,0,0,0
736062,65535,255,3231,10367,0,0,1
736063,65535,255,5118,10743,0,0,1
736064,65535,255,5294,-8551,0,0,0
736065,65535,255,3394,-8217,0,0,0
736066,65535,255,600,-7549,0,0,0
736067,65535,255,2400,10243,0,0,0
736068,65535,255,4589,10609,0,0,0
736069,65535,255,5751,-8590,0,0,0
736070,0,0,0,0,0,0,0
736071,65535,255,1608,-8060,0,0,0
736072,65535,255,1470,10124,0,0,1
736073,65535,255,3971,10484,0,0,0
736074,42,0,5592,10810,1,0,1
736075,65535,255,4741,-8395,0,0,1
736076,65535,255,2536,-8060,0,0,0
736077,65535,255,470,10056,0,0,0
736078,65535,255,3253,10486,0,0,0
736079,65535,255,5138,10752,0,0,0
736080,65535,255,5274,-8503,0,0,0
736081,45,0,3368,-8267,1,0,0
736082,65535,255,564,-8225,0,0,0
736083,65535,255,2435,10235,0,0,1
736084,65535,255,4612,10631,0,0,1
736085,65535,255,5737,-8608,0,0,0
736086,65535,255,4097,-8319,0,0,1
736087,65535,255,1580,-8120,0,0,1
736088,65535,255,1492,10174,0,0,0
736089,65535,255,3982,10493,0,0,1
736090,65535,255,5596,10811,0,0,1
736091,65535,255,4738,-8382,0,0,1
736092,65535,255,2534,-8153,0,0,0
736093,65535,255,465,9769,0,0,0
736094,65535,255,3248,10455,0,0,0
736095,65535,255,5132,10720,0,0,0
736096,65535,255,5285,-8539,0,0,0
736097,64,2,3386,-8207,1,0,0
736098,182,2,593,-7653,1,0,0
736099,65535,255,2400,10284,0,0,0
736100,65535,255,4589,10646,0,0,1
736101,65535,255,5754,-8620,0,0,0
736102,65535,255,4123,-8358,0,0,0
736103,65535,255,1618,-7959,0,0,0
736104,65535,255,1453,10217,0,0,0
736105,65535,255,3958,10523,0,0,0
736106,65535,255,5581,10812,0,0,0
736107,65535,255,4758,-8403,0,0,0
736108,65535,255,2566,-8101,0,0,0
736109,65535,255,429,10353,0,0,1
736110,65535,255,3221,10405,0,0,0
736111,65535,255,5116,10707,0,0,1
736112,65535,255,5299,-8537,0,0,1
736113,65535,255,3407,-8218,0,0,1
736114,65535,255,622,-7832,0,0,1
736115,65535,255,2376,10360,0,0,0
736116,65535,255,4572,10594,0,0,0
736117,65535,255,5764,-8588,0,0,0
736118,65535,255,4141,-8318,0,0,0
736119,65535,255,1645,-8082,0,0,1
736120,65535,255,1425,10327,0,0,0
736121,65535,255,3938,10575,0,0,0
736122,65535,255,5569,10814,0,0,0
736123,65535,255,4770,-8411,0,0,0
736124,65535,255,2586,-8141,0,0,0
736125,65535,255,407,10445,0,0,0
736126,65535,255,3203,10460,0,0,0
736127,86,2,5102,10745,1,0,1
736128,65535,255,5307,-8504,0,0,0
736129,65535,255,3420,-8176,0,0,1
736130,65535,255,639,-7627,0,0,0
736131,65535,255,2356,10332,0,0,0
736132,65535,255,4562,10593,0,0,0
736133,65535,255,5772,-8599,0,0,0
736134,65535,255,4153,-8341,0,0,0
736135,93,0,1657,-7985,1,0,1
736136,65535,255,1413,10138,0,0,1
736137,65535,255,3927,10529,0,0,0
736138,65535,255,5559,10858,0,0,0
736139,65535,255,4774,-8394,0,0,0
736140,163,2,2596,-8130,1,0,0
736141,65535,255,397,9450,0,0,0
736142,65535,255,3190,10478,0,0,0
736143,65535,255,5094,10762,0,0,0
736144,65535,255,5313,-8530,0,0,0
736145,65535,255,3429,-8238,0,0,0
736146,65535,255,657,-8092,0,0,0
736147,65535,255,2351,10264,0,0,0
736148,65535,255,4551,10659,0,0,0
736149,65535,255,5775,-8615,0,0,0
736150,65535,255,4157,-8334,0,0,0
736151,65535,255,1663,-7966,0,0,0
736152,65535,255,1402,10159,0,0,1
736153,65535,255,3923,10543,0,0,0
736154,65535,255,5559,10807,0,0,0
736155,65535,255,4781,-8425,0,0,1
736156,26,0,2601,-8204,1,0,1
736157,65535,255,388,10116,0,0,0
736158,65535,255,3190,10420,0,0,0
736159,65535,255,5093,10739,0,0,0
736160,65535,255,5315,-8511,0,0,0
736161,65535,255,3433,-8213,0,0,0
736162,65535,255,656,-8041,0,0,0
736163,30,0,2346,10248,1,0,1
736164,58,0,4552,10661,1,0,0
736165,65535,255,5776,-8596,0,0,1
736166,0,0,0,0,0,0,0
736167,65535,255,1668,-8084,0,0,1
736168,65535,255,1402,10326,0,0,0
736169,65535,255,3923,10492,0,0,0
736170,65535,255,5559,10848,0,0,0
736171,65535,255,4781,-8395,0,0,1
736172,65535,255,2601,-8155,0,0,0
736173,65535,255,389,9862,0,0,0
736174,65535,255,3190,10401,0,0,0
736175,65535,255,5093,10734,0,0,1
736176,65535,255,5315,-8516,0,0,0
736177,65535,255,3433,-8230,0,0,0
736178,65535,255,657,-8143,0,0,0
736179,65535,255,2351,10305,0,0,0
736180,65535,255,4558,10604,0,0,0
736181,65535,255,5776,-8621,0,0,0
736182,65535,255,4156,-8300,0,0,0
736183,65535,255,1663,-7945,0,0,0
736184,65535,255,1408,10184,0,0,0
736185,65535,255,3926,10566,0,0,1
736186,65535,255,5564,10831,0,0,0
736187,65535,255,4778,-8424,0,0,0
736188,29,0,2596,-8142,1,0,1
736189,65535,255,395,9868,0,0,0
736190,84,2,3199,10412,1,0,0
736191,65535,255,5101,10746,0,0,1
736192,65535,255,5312,-8529,0,0,0
736193,65535,255,3429,-8273,0,0,0
736194,65535,255,639,-7678,0,0,0
736195,65535,255,2361,10413,0,0,0
736196,65535,255,4561,10655,0,0,0
736197,43,0,5771,-8598,1,0,1
736198,65535,255,4149,-8370,0,0,1
736199,65535,255,1650,-8094,0,0,0
736200,65535,255,1425,10140,0,0,0
736201,65535,255,3937,10560,0,0,0
736202,65535,255,5568,10832,0,0,0
736203,65535,255,4770,-8387,0,0,0
736204,65535,255,2586,-8165,0,0,0
736205,65535,255,411,10200,0,0,0
736206,65535,255,3208,10461,0,0,1
736207,65535,255,5110,10696,0,0,0
736208,65535,255,5303,-8493,0,0,0
736209,65535,255,3411,-8209,0,0,0
736210,65535,255,627,-8149,0,0,0
736211,65535,255,2375,10334,0,0,0
736212,65535,255,4574,10632,0,0,0
736213,47,2,5763,-8588,1,0,1
736214,65535,255,4138,-8372,0,0,0
736215,65535,255,1631,-7991,0,0,0
736216,65535,255,1442,10166,0,0,0
736217,65535,255,3952,10585,0,0,1
736218,65535,255,5579,10853,0,0,1
736219,65535,255,4760,-8420,0,0,0
736220,37,2,2561,-8063,1,0,1
736221,65535,255,437,9596,0,0,0
736222,137,0,3230,10397,1,0,0
736223,102,2,5121,10750,1,0,1
736224,65535,255,5293,-8545,0,0,0
736225,65535,255,3395,-8180,0,0,1
736226,65535,255,598,-8099,0,0,1
736227,65535,255,2400,10337,0,0,1
736228,65535,255,4588,10641,0,0,0
736229,65535,255,5752,-8597,0,0,1
736230,65535,255,4115,-8285,0,0,1
736231,65535,255,1602,-8122,0,0,1
736232,65535,255,1470,10283,0,0,1
736233,65535,255,3968,10564,0,0,1
736234,65535,255,5586,10808,0,0,0
736235,65535,255,4748,-8408,0,0,0
736236,65535,255,2551,-8138,0,0,0
736237,65535,255,449,9532,0,0,1
736238,65535,255,3235,10473,0,0,0
736239,65535,255,5121,10754,0,0,1
736240,65535,255,5291,-8512,0,0,0
736241,65535,255,3394,-8199,0,0,1
736242,230,2,604,-7826,1,0,0
736243,65535,255,2391,10374,0,0,1
736244,65535,255,4582,10620,0,0,1
736245,86,2,5757,-8618,1,0,1
736246,65535,255,4127,-8330,0,0,0
736247,65535,255,1624,-8102,0,0,0
736248,65535,255,1447,10282,0,0,0
736249,65535,255,3949,10576,0,0,1
736250,65535,255,5577,10824,0,0,0
736251,65535,255,4758,-8438,0,0,1
736252,65535,255,2566,-8169,0,0,0
736253,65535,255,423,10201,0,0,0
736254,123,2,3217,10413,1,0,0
736255,49,0,5111,10731,1,0,1
736256,65535,255,5296,-8503,0,0,0
736257,65535,255,3404,-8191,0,0,0
736258,65535,255,620,-7837,0,0,0
736259,65535,255,2375,10413,0,0,0
736260,65535,255,4572,10637,0,0,1
736261,65535,255,5762,-8640,0,0,1
736262,65535,255,4135,-8318,0,0,1
736263,65535,255,1635,-7962,0,0,1
736264,65535,255,1436,10187,0,0,1
736265,65535,255,3942,10554,0,0,1
736266,65535,255,5572,10815,0,0,0
736267,65535,255,4764,-8440,0,0,0
736268,65535,255,2571,-8053,0,0,1
736269,65535,255,418,10516,0,0,0
736270,65535,255,3213,10471,0,0,0
736271,37,0,5108,10729,1,0,1
736272,65535,255,5302,-8548,0,0,0
736273,30,0,3412,-8290,1,0,1
736274,65535,255,626,-7988,0,0,0
736275,90,0,2371,10253,1,0,1
736276,65535,255,4565,10637,0,0,1
736277,65535,255,5765,-8615,0,0,0
736278,65535,255,4142,-8353,0,0,0
736279,65535,255,1646,-7964,0,0,0
736280,135,2,1420,10068,1,0,0
736281,65535,255,3935,10479,0,0,0
736282,65535,255,5565,10818,0,0,0
736283,65535,255,4774,-8412,0,0,0
736284,65535,255,2591,-8142,0,0,0
736285,65535,255,395,10622,0,0,1
736286,65535,255,3195,10440,0,0,0
736287,65535,255,5096,10729,0,0,0
736288,52,0,5312,-8521,1,0,1
736289,65535,255,3429,-8274,0,0,0
736290,65535,255,657,-8192,0,0,0
736291,65535,255,2351,10250,0,0,1
736292,65535,255,4552,10647,0,0,1
736293,65535,255,5776,-8629,0,0,0
736294,65535,255,4160,-8286,0,0,1
736295,65535,255,1673,-8104,0,0,1
736296,65535,255,1397,10279,0,0,0
736297,65535,255,3919,10566,0,0,1
736298,65535,255,5556,10812,0,0,0
736299,65535,255,4783,-8413,0,0,1
736300,65535,255,2611,-8155,0,0,1
736301,65535,255,378,9592,0,0,1
736302,65535,255,3182,10449,0,0,0
736303,65535,255,5089,10689,0,0,0
736304,0,0,0,0,0,0,0
736305,65535,255,3441,-8231,0,0,0
736306,65535,255,668,-8039,0,0,0
736307,65535,255,2336,10233,0,0,0
736308,53,2,4544,10646,1,0,1
736309,47,0,5785,-8639,1,0,1
736310,65535,255,4170,-8315,0,0,0
736311,65535,255,1679,-7909,0,0,1
736312,65535,255,1391,10086,0,0,0
736313,48,0,3915,10513,1,0,1
736314,69,0,5551,10856,1,0,1
736315,65535,255,4789,-8390,0,0,0
736316,65535,255,2615,-8131,0,0,0
736317,65535,255,373,9495,0,0,0
736318,65535,255,3180,10362,0,0,0
736319,65535,255,5087,10697,0,0,0
736320,65535,255,5325,-8551,0,0,1
736321,65535,255,3449,-8284,0,0,1
736322,65535,255,674,-7647,0,0,1
736323,65535,255,2330,10357,0,0,0
736324,65535,255,4548,10621,0,0,0
736325,65535,255,5785,-8626,0,0,1
736326,65535,255,4170,-8301,0,0,1
736327,65535,255,1684,-7929,0,0,1
736328,65535,255,1391,10135,0,0,0
736329,65535,255,3914,10543,0,0,0
736330,65535,255,5556,10811,0,0,0
736331,65535,255,4793,-8436,0,0,0
736332,65535,255,2611,-8057,0,0,0
736333,277,2,372,10563,1,0,0
736334,65535,255,3181,10477,0,0,1
736335,65535,255,5093,10692,0,0,1
736336,65535,255,5325,-8550,0,0,0
736337,65535,255,3444,-8281,0,0,0
736338,65535,255,668,-7791,0,0,0
736339,65535,255,2340,10415,0,0,1
736340,71,2,4551,10654,1,0,1
736341,48,0,5783,-8591,1,0,1
736342,65535,255,4166,-8361,0,0,0
736343,65535,255,1673,-8103,0,0,0
736344,137,0,1398,10336,1,0,1
736345,65535,255,3922,10522,0,0,0
736346,65535,255,5561,10803,0,0,1
736347,65535,255,4783,-8429,0,0,0
736348,0,0,0,0,0,0,0
736349,65535,255,384,10639,0,0,0
736350,65535,255,3193,10367,0,0,0
736351,65535,255,5098,10715,0,0,0
736352,65535,255,5317,-8505,0,0,0
736353,65535,255,3432,-8220,0,0,0
736354,65535,255,651,-8193,0,0,1
736355,0,0,0,0,0,0,0
736356,65535,255,4561,10618,0,0,0
736357,65535,255,5776,-8641,0,0,0
736358,65535,255,4152,-8339,0,0,0
736359,65535,255,1657,-8063,0,0,0
736360,65535,255,1414,10376,0,0,1
736361,65535,255,3934,10524,0,0,1
736362,65535,255,5569,10810,0,0,0
736363,65535,255,4773,-8445,0,0,0
736364,65535,255,2586,-8115,0,0,0
736365,65535,255,412,9803,0,0,1
736366,65535,255,3208,10414,0,0,1
736367,65535,255,5105,10753,0,0,0
736368,65535,255,5304,-8546,0,0,0
736369,65535,255,3412,-8172,0,0,0
736370,65535,255,627,-7936,0,0,0
736371,65535,255,2376,10282,0,0,0
736372,65535,255,4572,10608,0,0,0
736373,65535,255,5764,-8638,0,0,0
736374,33,0,4134,-8343,1,0,1
736375,65535,255,1630,-8120,0,0,0
736376,65535,255,1448,10098,0,0,0
736377,65535,255,3949,10556,0,0,0
736378,65535,255,5577,10836,0,0,0
736379,65535,255,4754,-8401,0,0,0
736380,65535,255,2560,-8194,0,0,1
736381,65535,255,436,10583,0,0,1
736382,65535,255,3231,10379,0,0,0
736383,65535,255,5119,10741,0,0,0
736384,65535,255,5288,-8538,0,0,0
736385,65535,255,3391,-8267,0,0,1
736386,65535,255,596,-7972,0,0,0
736387,65535,255,2401,10326,0,0,0
736388,65535,255,4589,10605,0,0,0
736389,65535,255,5750,-8614,0,0,1
736390,65535,255,4113,-8277,0,0,1
736391,65535,255,1608,-8160,0,0,0
736392,65535,255,1465,10270,0,0,1
736393,102,2,3964,10514,1,0,1
736394,65535,255,5585,10861,0,0,1
736395,65535,255,4742,-8405,0,0,0
736396,65535,255,2541,-8172,0,0,0
736397,65535,255,458,10055,0,0,0
736398,65535,255,3240,10419,0,0,0
736399,65535,255,5128,10738,0,0,0
736400,203,2,5280,-8517,1,0,0
736401,65535,255,3378,-8230,0,0,0
736402,65535,255,581,-8159,0,0,0
736403,65535,255,2410,10301,0,0,0
736404,161,2,4596,10601,1,0,0
736405,124,0,5743,-8620,1,0,1
736406,65535,255,4104,-8296,0,0,0
736407,65535,255,1586,-7911,0,0,0
736408,65535,255,1482,10173,0,0,0
736409,65535,255,3976,10560,0,0,1
736410,65535,255,5595,10827,0,0,1
736411,65535,255,4731,-8431,0,0,1
736412,65535,255,2521,-8119,0,0,0
736413,65535,255,482,9790,0,0,0
736414,65535,255,3258,10431,0,0,1
736415,65535,255,5133,10765,0,0,0
736416,65535,255,5272,-8486,0,0,1
736417,65535,255,3369,-8211,0,0,0
736418,65535,255,576,-8334,0,0,0
736419,65535,255,2410,10393,0,0,0
736420,65535,255,4596,10663,0,0,1
736421,65535,255,5745,-8612,0,0,0
736422,65535,255,4112,-8319,0,0,1
736423,65535,255,1602,-8056,0,0,1
736424,37,2,1469,10157,1,0,1
736425,65535,255,3964,10559,0,0,0
736426,65535,255,5585,10843,0,0,0
736427,65535,255,4747,-8410,0,0,0
736428,27,0,2551,-8059,1,0,1
736429,65535,255,448,9756,0,0,0
736430,65535,255,3231,10428,0,0,0
736431,65535,255,5120,10729,0,0,0
736432,65535,255,5291,-8499,0,0,0
736433,65535,255,3394,-8249,0,0,0
736434,65535,255,604,-7714,0,0,0
736435,65535,255,2391,10271,0,0,0
736436,65535,255,4578,10623,0,0,0
736437,65535,255,5759,-8589,0,0,1
736438,65535,255,4131,-8287,0,0,0
736439,0,0,0,0,0,0,0
736440,65535,255,1442,10169,0,0,0
736441,65535,255,3949,10484,0,0,0
736442,65535,255,5576,10805,0,0,0
736443,65535,255,4764,-8459,0,0,1
736444,65535,255,2576,-8187,0,0,1
736445,65535,255,418,10600,0,0,1
736446,65535,255,3212,10406,0,0,1
736447,65535,255,5110,10765,0,0,0
736448,65535,255,5303,-8501,0,0,0
736449,65535,255,3416,-8260,0,0,1
736450,65535,255,627,-7883,0,0,0
736451,65535,255,2370,10322,0,0,1
736452,65535,255,4568,10652,0,0,0
736453,63,0,5768,-8612,1,0,1
736454,65535,255,4145,-8330,0,0,1
736455,152,2,1652,-8160,1,0,1
736456,65535,255,1425,10235,0,0,1
736457,65535,255,3938,10518,0,0,0
736458,65535,255,5568,10830,0,0,0
736459,164,2,4773,-8408,1,0,0
736460,43,2,2591,-8089,1,0,1
736461,65535,255,400,10120,0,0,0
736462,65535,255,3201,10438,0,0,0
736463,65535,255,5101,10748,0,0,1
736464,65535,255,5311,-8488,0,0,1
736465,65535,255,3429,-8244,0,0,1
736466,65535,255,645,-7886,0,0,1
736467,65535,255,2356,10334,0,0,0
736468,65535,255,4561,10669,0,0,0
736469,65535,255,5776,-8630,0,0,0
736470,65535,255,4155,-8372,0,0,0
736471,65535,255,1657,-7982,0,0,1
736472,65535,255,1411,10181,0,0,0
736473,65535,255,3926,10584,0,0,1
736474,65535,255,5563,10806,0,0,0
736475,65535,255,4777,-8386,0,0,0
736476,65535,255,2596,-8053,0,0,1
736477,65535,255,394,9954,0,0,0
736478,65535,255,3194,10500,0,0,0
736479,65535,255,5098,10753,0,0,0
736480,65535,255,5314,-8498,0,0,0
736481,44,2,3433,-8271,1,0,1
736482,65535,255,650,-8091,0,0,0
736483,65535,255,2351,10414,0,0,0
736484,65535,255,4558,10607,0,0,0
736485,65535,255,5775,-8596,0,0,0
736486,32,0,4156,-8317,1,0,1
736487,329,2,1668,-8160,1,0,0
736488,65535,255,1408,10282,0,0,1
736489,65535,255,3926,10547,0,0,0
736490,125,2,5558,10856,1,0,0
736491,36,0,4780,-8456,1,0,1
736492,65535,255,2600,-8210,0,0,0
736493,65535,255,389,9866,0,0,1
736494,65535,255,3190,10491,0,0,1
736495,65535,255,5094,10752,0,0,0
736496,65535,255,5315,-8503,0,0,0
736497,0,0,0,0,0,0,0
736498,0,0,0,0,0,0,0
736499,65535,255,2352,10253,0,0,0
736500,65535,255,4555,10638,0,0,0
736501,65535,255,5776,-8618,0,0,0
736502,65535,255,4156,-8366,0,0,0
736503,65535,255,1663,-8002,0,0,1
736504,65535,255,1408,10116,0,0,1
736505,65535,255,3927,10502,0,0,1
736506,65535,255,5559,10833,0,0,1
736507,65535,255,4777,-8432,0,0,0
736508,65535,255,2596,-8176,0,0,1
736509,65535,255,396,9620,0,0,0
736510,65535,255,3190,10472,0,0,0
736511,104,2,5096,10748,1,0,0
736512,65535,255,5312,-8502,0,0,0
736513,65535,255,3427,-8259,0,0,1
736514,65535,255,649,-8037,0,0,0
736515,65535,255,2352,10280,0,0,0
736516,65535,255,4555,10650,0,0,0
736517,65535,255,5772,-8634,0,0,0
736518,65535,255,4149,-8282,0,0,0
736519,65535,255,1657,-8080,0,0,1
736520,65535,255,1408,10235,0,0,0
736521,65535,255,3927,10547,0,0,0
736522,277,2,5559,10848,1,0,1
736523,65535,255,4774,-8386,0,0,0
736524,65535,255,2591,-8090,0,0,1
736525,65535,255,400,10370,0,0,0
736526,65535,255,3200,10424,0,0,0
736527,65535,255,5099,10723,0,0,1
736528,65535,255,5308,-8507,0,0,0
736529,0,0,0,0,0,0,0
736530,0,0,0,0,0,0,0
736531,65535,255,2361,10255,0,0,1
736532,65535,255,4562,10652,0,0,0
736533,65535,255,5769,-8634,0,0,0
736534,65535,255,4145,-8295,0,0,1
736535,65535,255,1652,-8140,0,0,1
736536,65535,255,1419,10307,0,0,0
736537,65535,255,3934,10578,0,0,0
736538,65535,255,5567,10817,0,0,0
736539,168,2,4767,-8419,1,0,0
736540,65535,255,2581,-8174,0,0,1
736541,65535,255,413,9723,0,0,0
736542,65535,255,3206,10431,0,0,1
736543,65535,255,5105,10760,0,0,0
736544,65535,255,5302,-8529,0,0,0
736545,32,0,3412,-8224,1,0,1
736546,248,0,627,-7987,1,0,1
736547,65535,255,2371,10417,0,0,0
736548,65535,255,4569,10634,0,0,0
736549,65535,255,5764,-8624,0,0,1
736550,30,0,4134,-8280,1,0,1
736551,65535,255,1635,-8119,0,0,0
736552,65535,255,1436,10308,0,0,1
736553,65535,255,3945,10579,0,0,0
736554,65535,255,5574,10823,0,0,1
736555,65535,255,4761,-8435,0,0,0
736556,65535,255,2566,-8074,0,0,0
736557,65535,255,429,10436,0,0,1
736558,65535,255,3222,10446,0,0,0
736559,65535,255,5116,10742,0,0,1
736560,65535,255,5294,-8508,0,0,0
736561,65535,255,3399,-8196,0,0,1
736562,65535,255,609,-7824,0,0,0
736563,65535,255,2386,10391,0,0,0
736564,65535,255,4582,10630,0,0,0
736565,65535,255,5757,-8626,0,0,1
736566,65535,255,4124,-8291,0,0,0
736567,65535,255,1619,-8158,0,0,1
736568,65535,255,1453,10377,0,0,0
736569,65535,255,3964,10501,0,0,0
736570,67,2,5584,10844,1,0,0
736571,65535,255,4747,-8380,0,0,0
736572,24,0,2551,-8096,1,0,1
736573,221,2,448,10646,1,0,0
736574,65535,255,3239,10477,0,0,0
736575,65535,255,5127,10764,0,0,0
736576,65535,255,5285,-8535,0,0,0
736577,65535,255,3382,-8255,0,0,0
736578,65535,255,587,-8269,0,0,1
736579,65535,255,2410,10302,0,0,0
736580,65535,255,4597,10626,0,0,1
736581,65535,255,5746,-8604,0,0,0
736582,65535,255,4108,-8311,0,0,0
736583,65535,255,1591,-8117,0,0,1
736584,65535,255,1482,10333,0,0,0
736585,65535,255,3979,10489,0,0,0
736586,65535,255,5597,10847,0,0,0
736587,65535,255,4734,-8384,0,0,0
736588,65535,255,2536,-8131,0,0,0
736589,65535,255,466,9703,0,0,0
736590,65535,255,3247,10403,0,0,0
736591,65535,255,5130,10708,0,0,0
736592,65535,255,5284,-8481,0,0,0
736593,65535,255,3386,-8183,0,0,0
736594,65535,255,593,-7651,0,0,0
736595,65535,255,2395,10380,0,0,0
736596,65535,255,4585,10631,0,0,0
736597,65535,255,5756,-8634,0,0,0
736598,65535,255,4127,-8319,0,0,0
736599,65535,255,1624,-7956,0,0,0
736600,65535,255,1447,10193,0,0,1
736601,65535,255,3949,10566,0,0,0
736602,65535,255,5576,10828,0,0,0
736603,65535,255,4753,-8383,0,0,0
736604,65535,255,2566,-8200,0,0,1
736605,65535,255,430,10588,0,0,0
736606,65535,255,3222,10396,0,0,0
736607,67,0,5113,10754,1,0,1
736608,65535,255,5301,-8523,0,0,0
736609,41,2,3411,-8217,1,0,0
736610,65535,255,623,-7564,0,0,0
736611,65535,255,2371,10227,0,0,0
736612,0,0,0,0,0,0,0
736613,65535,255,5768,-8640,0,0,0
736614,65535,255,4145,-8373,0,0,0
736615,65535,255,1651,-7943,0,0,1
736616,65535,255,1419,10305,0,0,1
736617,65535,255,3934,10531,0,0,1
736618,65535,255,5564,10837,0,0,0
736619,65535,255,4777,-8411,0,0,1
736620,65535,255,2596,-8091,0,0,0
736621,65535,255,389,9950,0,0,1
736622,65535,255,3190,10470,0,0,1
736623,65535,255,5094,10725,0,0,0
736624,65535,255,5317,-8534,0,0,0
736625,65535,255,3437,-8193,0,0,0
736626,65535,255,663,-8289,0,0,0
736627,65535,255,2341,10336,0,0,0
736628,0,0,0,0,0,0,0
736629,111,2,5781,-8637,1,0,1
736630,65535,255,4163,-8286,0,0,1
736631,65535,255,1679,-8025,0,0,0
736632,52,2,1392,10063,1,0,1
736633,65535,255,3909,10528,0,0,1
736634,65535,255,5549,10802,0,0,0
736635,65535,255,4794,-8460,0,0,1
736636,65535,255,2621,-8204,0,0,0
736637,65535,255,367,9572,0,0,1
736638,227,0,3168,10448,1,0,1
736639,65535,255,5080,10717,0,0,1
736640,65535,255,5328,-8536,0,0,0
736641,65535,255,3454,-8196,0,0,0
736642,65535,255,686,-7603,0,0,1
736643,65535,255,2320,10260,0,0,0
736644,65535,255,4532,10633,0,0,1
736645,65535,255,5791,-8610,0,0,0
736646,65535,255,4182,-8336,0,0,1
736647,65535,255,1704,-8082,0,0,0
736648,65535,255,1363,10303,0,0,0
736649,65535,255,3892,10542,0,0,1
736650,65535,255,5539,10851,0,0,1
736651,65535,255,4804,-8444,0,0,0
736652,65535,255,2641,-8181,0,0,0
736653,65535,255,345,9436,0,0,1
736654,65535,255,3150,10446,0,0,0
736655,65535,255,5071,10726,0,0,0
736656,65535,255,5337,-8547,0,0,0
736657,150,2,3467,-8232,1,0,0
736658,65535,255,702,-7848,0,0,1
736659,65535,255,2304,10343,0,0,0
736660,77,2,4525,10582,1,0,0
736661,59,2,5798,-8646,1,0,0
736662,65535,255,4189,-8296,0,0,0
736663,65535,255,1718,-8086,0,0,0
736664,65535,255,1351,10203,0,0,0
736665,65535,255,3884,10526,0,0,1
736666,53,2,5534,10845,1,0,0
736667,65535,255,4813,-8444,0,0,1
736668,65535,255,2651,-8194,0,0,0
736669,0,0,0,0,0,0,0
736670,65535,255,3141,10475,0,0,0
736671,65535,255,5064,10747,0,0,0
736672,65535,255,5342,-8499,0,0,1
736673,65535,255,3480,-8285,0,0,0
736674,65535,255,715,-8177,0,0,0
736675,65535,255,2299,10243,0,0,1
736676,65535,255,4518,10637,0,0,0
736677,65535,255,5803,-8620,0,0,0
736678,65535,255,4199,-8365,0,0,0
736679,65535,255,1723,-8009,0,0,1
736680,65535,255,1346,10128,0,0,0
736681,65535,255,3884,10510,0,0,1
736682,65535,255,5533,10840,0,0,1
736683,65535,255,4816,-8444,0,0,0
736684,65535,255,2655,-8206,0,0,0
736685,65535,255,328,9397,0,0,0
736686,31,0,3141,10465,1,0,1
736687,65535,255,5064,10742,0,0,0
736688,57,2,5344,-8499,1,0,1
736689,65535,255,3482,-8263,0,0,0
736690,65535,255,715,-7574,0,0,0
736691,65535,255,2293,10299,0,0,0
736692,65535,255,4517,10662,0,0,0
736693,65535,255,5804,-8645,0,0,0
736694,65535,255,4199,-8303,0,0,0
736695,65535,255,1728,-8162,0,0,0
736696,139,2,1346,10352,1,0,0
736697,65535,255,3885,10517,0,0,0
736698,105,2,5535,10818,1,0,0
736699,65535,255,4815,-8421,0,0,0
736700,65535,255,2655,-8169,0,0,1
736701,65535,255,332,9613,0,0,0
736702,0,0,0,0,0,0,0
736703,65535,255,5068,10723,0,0,0
736704,65535,255,5344,-8523,0,0,0
736705,65535,255,3479,-8215,0,0,0
736706,65535,255,714,-7897,0,0,1
736707,65535,255,2298,10385,0,0,0
736708,65535,255,4524,10620,0,0,1
736709,65535,255,5802,-8615,0,0,0
736710,65535,255,4195,-8364,0,0,0
736711,65535,255,1717,-8047,0,0,0
736712,65535,255,1351,10229,0,0,0
736713,65535,255,3891,10550,0,0,0
736714,65535,255,5540,10801,0,0,0
736715,65535,255,4809,-8402,0,0,0
736716,65535,255,2645,-8144,0,0,1
736717,65535,255,345,9440,0,0,0
736718,65535,255,3154,10487,0,0,0
736719,127,2,5073,10760,1,0,0
736720,112,2,5341,-8527,1,0,0
736721,65535,255,3471,-8223,0,0,0
736722,24,0,702,-7941,1,0,1
736723,121,2,2309,10414,1,0,0
736724,65535,255,4531,10634,0,0,1
736725,65535,255,5797,-8630,0,0,0
736726,65535,255,4184,-8293,0,0,0
736727,65535,255,1706,-8142,0,0,0
736728,91,2,1369,10377,1,0,0
736729,65535,255,3900,10483,0,0,1
736730,65535,255,5546,10839,0,0,0
736731,65535,255,4803,-8453,0,0,0
736732,123,0,2630,-8069,1,0,0
736733,65535,255,354,10488,0,0,1
736734,65535,255,3167,10440,0,0,0
736735,65535,255,5079,10744,0,0,0
736736,65535,255,5331,-8510,0,0,1
736737,65535,255,3454,-8203,0,0,0
736738,65535,255,685,-7891,0,0,0
736739,65535,255,2325,10416,0,0,0
736740,65535,255,4541,10636,0,0,1
736741,65535,255,5788,-8633,0,0,0
736742,65535,255,4170,-8298,0,0,1
736743,65535,255,1687,-8009,0,0,0
736744,65535,255,1389,10161,0,0,1
736745,65535,255,3911,10508,0,0,0
736746,42,0,5551,10850,1,0,1
736747,65535,255,4787,-8387,0,0,0
736748,65535,255,2610,-8127,0,0,0
736749,207,2,379,9507,1,0,0
736750,40,2,3181,10491,1,0,0
736751,3299,0,5090,10695,1,0,1
736752,68,0,5320,-8542,1,0,1
736753,65535,255,3437,-8262,0,0,1
736754,2449,0,663,-8289,1,0,1
736755,65535,255,2346,10307,0,0,1
736756,65535,255,4555,10595,0,0,0
736757,56,0,5774,-8608,1,0,1
736758,65535,255,4156,-8379,0,0,1
736759,268,2,1662,-8120,1,0,0
736760,430,0,1408,10354,1,0,1
736761,65535,255,3931,10489,0,0,1
736762,65535,255,5562,10844,0,0,1
736763,65535,255,4770,-8384,0,0,0
736764,65535,255,2586,-8125,0,0,0
736765,65535,255,408,9634,0,0,0
736766,65535,255,3203,10368,0,0,1
736767,65535,255,5102,10704,0,0,1
736768,65535,255,5302,-8485,0,0,1
736769,65535,255,3413,-8207,0,0,0
736770,65535,255,628,-7723,0,0,0
736771,65535,255,2371,10391,0,0,1
736772,65535,255,4569,10635,0,0,1
736773,65535,255,5762,-8640,0,0,1
736774,65535,255,4131,-8320,0,0,0
736775,65535,255,1629,-7977,0,0,0
736776,65535,255,1442,10193,0,0,1
736777,65535,255,3949,10566,0,0,1
736778,0,0,0,0,0,0,0
736779,152,2,4755,-8451,1,0,0
736780,65535,255,2556,-8084,0,0,0
736781,65535,255,436,10526,0,0,1
736782,65535,255,3227,10496,0,0,0
736783,65535,255,5119,10733,0,0,0
736784,65535,255,5291,-8536,0,0,0
736785,65535,255,3391,-8167,0,0,1
736786,65535,255,604,-8039,0,0,0
736787,65535,255,2391,10340,0,0,1
736788,65535,255,4579,10643,0,0,1
736789,65535,255,5755,-8600,0,0,0
736790,65535,255,4127,-8298,0,0,0
736791,65535,255,1624,-8016,0,0,1
736792,65535,255,1442,10379,0,0,1
736793,65535,255,3949,10552,0,0,0
736794,65535,255,5575,10843,0,0,1
736795,65535,255,4757,-8410,0,0,0
736796,65535,255,2566,-8072,0,0,1
736797,65535,255,430,9818,0,0,1
736798,65535,255,3217,10447,0,0,0
736799,65535,255,5114,10706,0,0,0
736800,65535,255,5296,-8512,0,0,0
736801,65535,255,3407,-8275,0,0,0
736802,65535,255,615,-7879,0,0,1
736803,65535,255,2381,10312,0,0,0
736804,65535,255,4575,10643,0,0,0
736805,65535,255,5761,-8605,0,0,0
736806,65535,255,4134,-8313,0,0,0
736807,246,2,1635,-8077,1,0,0
736808,65535,255,1437,10122,0,0,0
736809,65535,255,3945,10588,0,0,0
736810,65535,255,5572,10865,0,0,1
736811,216,2,4763,-8452,1,0,0
736812,65535,255,2576,-8172,0,0,0
736813,65535,255,418,10524,0,0,0
736814,65535,255,3217,10390,0,0,0
736815,65535,255,5110,10762,0,0,0
736816,42,0,5301,-8494,1,0,1
736817,65535,255,3411,-8249,0,0,0
736818,29,0,621,-7826,1,0,1
736819,65535,255,2376,10311,0,0,0
736820,65535,255,4572,10648,0,0,0
736821,65535,255,5763,-8613,0,0,1
736822,65535,255,4138,-8334,0,0,0
736823,65535,255,1641,-8157,0,0,0
736824,65535,255,1436,10239,0,0,0
736825,65535,255,3945,10521,0,0,0
736826,65535,255,5574,10829,0,0,1
736827,65535,255,4763,-8410,0,0,0
736828,65535,255,2576,-8097,0,0,0
736829,65535,255,417,10125,0,0,0
736830,65535,255,3213,10504,0,0,1
736831,65535,255,5112,10747,0,0,0
736832,0,0,0,0,0,0,0
736833,0,0,0,0,0,0,0
736834,65535,255,621,-7824,0,0,0
736835,65535,255,2380,10326,0,0,1
736836,2281,0,4575,10661,1,0,1
736837,65535,255,5763,-8626,0,0,0
736838,389,0,4137,-8361,1,0,1
736839,186,2,1629,-7935,1,0,0
736840,65535,255,1436,10356,0,0,0
736841,65535,255,3949,10566,0,0,0
736842,65535,255,5574,10861,0,0,0
736843,298,2,4763,-8457,1,0,0
736844,65535,255,2571,-8208,0,0,0
736845,31,2,431,9666,1,0,1
736846,65535,255,3221,10458,0,0,0
736847,173,2,5116,10727,1,0,0
736848,175,2,5298,-8547,1,0,0
736849,65535,255,3403,-8230,0,0,1
736850,65535,255,610,-7768,0,0,0
736851,65535,255,2386,10326,0,0,1
736852,65535,255,4579,10662,0,0,0
736853,65535,255,5761,-8630,0,0,1
736854,65535,255,4129,-8346,0,0,0
736855,65535,255,1624,-7996,0,0,0
736856,65535,255,1448,10079,0,0,1
736857,65535,255,3957,10480,0,0,0
736858,65535,255,5579,10817,0,0,1
736859,65535,255,4754,-8403,0,0,0
736860,65535,255,2561,-8096,0,0,0
736861,65535,255,435,10206,0,0,0
736862,65535,255,3231,10382,0,0,0
736863,65535,255,5119,10769,0,0,0
736864,65535,255,5291,-8516,0,0,1
736865,65535,255,3390,-8175,0,0,0
736866,65535,255,599,-7485,0,0,0
736867,65535,255,2396,10262,0,0,0
736868,65535,255,4585,10639,0,0,0
736869,65535,255,5752,-8615,0,0,0
736870,65535,255,4119,-8360,0,0,0
736871,262,2,1608,-7952,1,0,0
736872,65535,255,1462,10224,0,0,0
736873,65535,255,3962,10557,0,0,0
736874,65535,255,5585,10814,0,0,0
736875,65535,255,4744,-8407,0,0,0
736876,25,0,2546,-8106,1,0,1
736877,65535,255,453,10349,0,0,1
736878,65535,255,3240,10403,0,0,1
736879,65535,255,5128,10704,0,0,0
736880,65535,255,5283,-8534,0,0,0
736881,65535,255,3378,-8209,0,0,1
736882,65535,255,581,-7757,0,0,0
736883,65535,255,2410,10329,0,0,1
736884,65535,255,4593,10671,0,0,0
736885,65535,255,5743,-8581,0,0,0
736886,65535,255,4105,-8294,0,0,0
736887,65535,255,1591,-8093,0,0,0
736888,65535,255,1476,10243,0,0,0
736889,65535,255,3976,10541,0,0,0
736890,65535,255,5590,10856,0,0,1
736891,65535,255,4733,-8407,0,0,0
736892,65535,255,2526,-8042,0,0,0
736893,65535,255,476,9995,0,0,0
736894,65535,255,3256,10409,0,0,0
736895,65535,255,5134,10768,0,0,0
736896,157,2,5272,-8542,1,0,0
736897,65535,255,3370,-8280,0,0,1
736898,65535,255,569,-7633,0,0,0
736899,1522,0,2415,10382,1,0,1
736900,65535,255,4596,10635,0,0,0
736901,226,2,5743,-8627,1,0,0
736902,65535,255,4108,-8323,0,0,1
736903,65535,255,1596,-7992,0,0,0
736904,0,0,0,0,0,0,0
736905,65535,255,3964,10577,0,0,0
736906,65535,255,5585,10833,0,0,0
736907,65535,255,4742,-8412,0,0,0
736908,65535,255,2546,-8119,0,0,1
736909,65535,255,454,9692,0,0,0
736910,65535,255,3236,10383,0,0,0
736911,65535,255,5122,10724,0,0,0
736912,65535,255,5286,-8500,0,0,0
736913,65535,255,3390,-8210,0,0,0
736914,65535,255,604,-8093,0,0,0
736915,65535,255,2391,10288,0,0,0
736916,65535,255,4583,10595,0,0,0
736917,65535,255,5757,-8612,0,0,1
736918,65535,255,4127,-8291,0,0,0
736919,65535,255,1624,-7894,0,0,0
736920,65535,255,1448,10149,0,0,0
736921,65535,255,3949,10560,0,0,1
736922,65535,255,5575,10825,0,0,0
736923,65535,255,4761,-8451,0,0,0
736924,65535,255,2566,-8109,0,0,0
736925,65535,255,425,9660,0,0,0
736926,171,2,3217,10390,1,0,0
736927,65535,255,5110,10732,0,0,0
736928,124,0,5301,-8513,1,0,1
736929,65535,255,3412,-8231,0,0,0
736930,65535,255,628,-8249,0,0,0
736931,65535,255,2371,10339,0,0,1
736932,65535,255,4569,10624,0,0,0
736933,65535,255,5769,-8635,0,0,0
736934,65535,255,4145,-8335,0,0,0
736935,65535,255,1651,-8137,0,0,0
736936,242,0,1425,10097,1,0,1
736937,65535,255,3934,10543,0,0,1
736938,65535,255,5567,10819,0,0,1
736939,65535,255,4773,-8453,0,0,1
736940,65535,255,2590,-8111,0,0,0
736941,65535,255,402,9709,0,0,0
736942,65535,255,3199,10407,0,0,0
736943,65535,255,5099,10745,0,0,0
736944,65535,255,5312,-8529,0,0,0
736945,65535,255,3428,-8277,0,0,0
736946,65535,255,650,-7730,0,0,1
736947,65535,255,2351,10430,0,0,1
736948,65535,255,4555,10671,0,0,0
736949,65535,255,5776,-8607,0,0,0
736950,65535,255,4155,-8294,0,0,0
736951,65535,255,1662,-7940,0,0,0
736952,65535,255,1402,10236,0,0,0
736953,65535,255,3927,10483,0,0,0
736954,65535,255,5558,10858,0,0,1
736955,65535,255,4783,-8419,0,0,0
736956,65535,255,2600,-8063,0,0,0
736957,65535,255,385,9802,0,0,0
736958,65535,255,3190,10387,0,0,1
736959,65535,255,5093,10739,0,0,0
736960,65535,255,5319,-8530,0,0,0
736961,65535,255,3441,-8278,0,0,0
736962,65535,255,662,-7834,0,0,0
736963,26,0,2341,10252,1,0,0
736964,65535,255,4551,10602,0,0,0
736965,1548,0,5783,-8629,1,0,1
736966,65535,255,4166,-8330,0,0,0
736967,0,0,0,0,0,0,0
736968,65535,255,1408,10232,0,0,1
736969,65535,255,3927,10515,0,0,0
736970,65535,255,5561,10831,0,0,1
736971,65535,255,4783,-8411,0,0,1
736972,65535,255,2605,-8092,0,0,0
736973,65535,255,383,10116,0,0,0
736974,65535,255,3186,10408,0,0,0
736975,65535,255,5090,10745,0,0,1
736976,65535,255,5322,-8526,0,0,0
736977,65535,255,3445,-8247,0,0,1
736978,65535,255,667,-7889,0,0,1
736979,65535,255,2335,10331,0,0,0
736980,65535,255,4545,10665,0,0,1
736981,65535,255,5785,-8630,0,0,0
736982,2320,0,4170,-8369,1,0,1
736983,65535,255,1684,-7967,0,0,0
736984,65535,255,1383,10210,0,0,1
736985,189,0,3908,10580,1,0,1
736986,65535,255,5551,10802,0,0,0
736987,329,0,4794,-8439,1,0,1
736988,65535,255,2625,-8116,0,0,0
736989,65535,255,360,9837,0,0,0
736990,65535,255,3168,10487,0,0,0
736991,65535,255,5079,10743,0,0,0
736992,65535,255,5331,-8511,0,0,0
736993,65535,255,3458,-8258,0,0,0
736994,65535,255,691,-7990,0,0,1
736995,65535,255,2314,10385,0,0,0
736996,65535,255,4534,10596,0,0,0
736997,65535,255,5791,-8626,0,0,0
736998,65535,255,4181,-8309,0,0,1
736999,65535,255,1706,-8124,0,0,0
737000,65535,255,1363,10253,0,0,0
737001,65535,255,3896,10542,0,0,0
737002,65535,255,5541,10855,0,0,1
737003,65535,255,4806,-8455,0,0,1
737004,65535,255,2640,-8217,0,0,0
737005,65535,255,343,9725,0,0,0
737006,65535,255,3155,10486,0,0,0
737007,65535,255,5071,10753,0,0,0
737008,65535,255,5336,-8503,0,0,0
737009,65535,255,3471,-8293,0,0,0
737010,65535,255,703,-8227,0,0,1
737011,38,0,2309,10245,1,0,1
737012,57,0,4525,10638,1,0,1
737013,191,0,5796,-8623,1,0,1
737014,65535,255,4188,-8371,0,0,0
737015,65535,255,1712,-8028,0,0,0
737016,223,0,1357,10154,1,0,0
737017,29,0,3888,10511,1,0,1
737018,65535,255,5536,10841,0,0,1
737019,65535,255,4810,-8444,0,0,0
737020,32,0,2646,-8205,1,0,1
737021,65535,255,337,9814,0,0,0
737022,65535,255,3151,10349,0,0,0
737023,65535,255,5068,10725,0,0,0
737024,65535,255,5339,-8518,0,0,0
737025,65535,255,3471,-8197,0,0,0
737026,65535,255,703,-7754,0,0,1
737027,65535,255,2299,10342,0,0,1
737028,65535,255,4525,10595,0,0,0
737029,65535,255,5796,-8597,0,0,0
737030,65535,255,4192,-8337,0,0,0
737031,65535,255,1711,-7934,0,0,0
737032,65535,255,1358,10057,0,0,0
737033,65535,255,3888,10496,0,0,1
737034,65535,255,5536,10837,0,0,1
737035,65535,255,4809,-8444,0,0,1
737036,65535,255,2646,-8217,0,0,0
737037,65535,255,337,10011,0,0,0
737038,65535,255,3150,10389,0,0,0
737039,65535,255,5071,10705,0,0,0
737040,65535,255,5339,-8542,0,0,0
737041,65535,255,3471,-8249,0,0,1
737042,65535,255,702,-8085,0,0,0
737043,65535,255,2304,10245,0,0,1
737044,197,0,4524,10651,1,0,1
737045,65535,255,5796,-8636,0,0,0
737046,65535,255,4188,-8301,0,0,0
737047,0,0,0,0,0,0,0
737048,65535,255,1357,10377,0,0,0
737049,65535,255,3893,10481,0,0,1
737050,65535,255,5538,10833,0,0,1
737051,65535,255,4806,-8443,0,0,0
737052,65535,255,2638,-8163,0,0,0
737053,65535,255,342,10111,0,0,0
737054,130,0,3159,10409,1,0,1
737055,65535,255,5074,10722,0,0,1
737056,0,0,0,0,0,0,0
737057,65535,255,3465,-8288,0,0,0
737058,65535,255,692,-7653,0,0,1
737059,65535,255,2314,10344,0,0,1
737060,65535,255,4534,10603,0,0,0
737061,65535,255,5792,-8608,0,0,0
737062,65535,255,4181,-8362,0,0,0
737063,65535,255,1701,-8064,0,0,1
737064,65535,255,1374,10255,0,0,0
737065,65535,255,3900,10567,0,0,1
737066,65535,255,5546,10816,0,0,0
737067,65535,255,4799,-8430,0,0,0
737068,65535,255,2630,-8215,0,0,0
737069,65535,255,359,10114,0,0,1
737070,291,0,3172,10411,1,0,1
737071,0,0,0,0,0,0,0
737072,65535,255,5328,-8500,0,0,0
737073,65535,255,3450,-8185,0,0,0
737074,65535,255,679,-7792,0,0,0
737075,65535,255,2330,10388,0,0,1
737076,170,0,4545,10630,1,0,1
737077,70,0,5785,-8628,1,0,1
737078,65535,255,4170,-8298,0,0,1
737079,65535,255,1680,-7986,0,0,0
737080,65535,255,1391,10065,0,0,0
737081,337,2,3915,10516,1,0,0
737082,178,2,5556,10859,1,0,0
737083,65535,255,4786,-8398,0,0,1
737084,65535,255,2610,-8140,0,0,0
737085,65535,255,384,9685,0,0,0
737086,65535,255,3190,10375,0,0,0
737087,65535,255,5096,10711,0,0,1
737088,65535,255,5317,-8510,0,0,0
737089,65535,255,3434,-8235,0,0,0
737090,65535,255,656,-7887,0,0,0
737091,65535,255,2351,10382,0,0,0
737092,65535,255,4558,10651,0,0,0
737093,65535,255,5775,-8582,0,0,1
737094,65535,255,4155,-8330,0,0,1
737095,65535,255,1656,-8001,0,0,0
737096,65535,255,1414,10212,0,0,0
737097,65535,255,3934,10563,0,0,0
737098,65535,255,5566,10821,0,0,0
737099,0,0,0,0,0,0,0
737100,65535,255,2586,-8063,0,0,1
737101,178,0,407,10532,1,0,1
737102,65535,255,3208,10474,0,0,0
737103,65535,255,5107,10766,0,0,1
737104,65535,255,5303,-8524,0,0,0
737105,65535,255,3415,-8232,0,0,0
737106,544,2,627,-8198,1,0,0
737107,65535,255,2376,10298,0,0,1
737108,65535,255,4575,10593,0,0,1
737109,65535,255,5761,-8613,0,0,0
737110,38,0,4134,-8278,1,0,1
737111,65535,255,1630,-8158,0,0,0
737112,0,0,0,0,0,0,0
737113,65535,255,3953,10522,0,0,0
737114,65535,255,5579,10847,0,0,0
737115,65535,255,4754,-8422,0,0,0
737116,32,0,2561,-8209,1,0,1
737117,65535,255,441,10277,0,0,1
737118,65535,255,3231,10448,0,0,1
737119,65535,255,5121,10754,0,0,0
737120,65535,255,5288,-8482,0,0,0
737121,65535,255,3390,-8202,0,0,1
737122,65535,255,604,-8203,0,0,1
737123,65535,255,2391,10353,0,0,0
737124,65535,255,4582,10644,0,0,0
737125,65535,255,5756,-8595,0,0,1
737126,65535,255,4123,-8282,0,0,1
737127,65535,255,1618,-7955,0,0,1
737128,65535,255,1448,10285,0,0,1
737129,65535,255,3953,10507,0,0,1
737130,65535,255,5577,10811,0,0,0
737131,65535,255,4757,-8451,0,0,0
737132,206,2,2566,-8147,1,0,1
737133,65535,255,423,10127,0,0,0
737134,94,0,3217,10476,1,0,1
737135,65535,255,5111,10716,0,0,0
737136,65535,255,5299,-8513,0,0,0
737137,65535,255,3408,-8267,0,0,1
737138,65535,255,621,-7771,0,0,0
737139,65535,255,2376,10259,0,0,1
737140,260,0,4572,10611,1,0,1
737141,65535,255,5764,-8640,0,0,0
737142,65535,255,4138,-8362,0,0,0
737143,0,0,0,0,0,0,0
737144,65535,255,1431,10214,0,0,1
737145,65535,255,3942,10491,0,0,1
737146,65535,255,5570,10805,0,0,0
737147,65535,255,4767,-8453,0,0,0
737148,65535,255,2581,-8148,0,0,1
737149,65535,255,406,10288,0,0,0
737150,65535,255,3204,10494,0,0,0
737151,65535,255,5103,10730,0,0,1
737152,65535,255,5304,-8529,0,0,0
737153,65535,255,3416,-8170,0,0,0
737154,65535,255,638,-8036,0,0,0
737155,65535,255,2361,10350,0,0,0
737156,65535,255,4562,10653,0,0,0
737157,65535,255,5767,-8606,0,0,1
737158,65535,255,4145,-8314,0,0,0
737159,65535,255,1651,-8059,0,0,1
737160,65535,255,1420,10072,0,0,0
737161,65535,255,3931,10571,0,0,0
737162,50,0,5562,10854,1,0,1
737163,65535,255,4773,-8430,0,0,0
737164,65535,255,2591,-8124,0,0,0
737165,65535,255,400,10122,0,0,0
737166,65535,255,3195,10493,0,0,0
737167,44,0,5099,10730,1,0,1
737168,65535,255,5310,-8539,0,0,0
737169,65,0,3424,-8189,1,0,1
737170,65535,255,645,-8242,0,0,1
737171,65535,255,2357,10404,0,0,1
737172,65,0,4559,10591,1,0,1
737173,65535,255,5772,-8637,0,0,0
737174,65535,255,4152,-8370,0,0,0
737175,65535,255,1657,-7940,0,0,1
737176,65535,255,1414,10308,0,0,0
737177,65535,255,3930,10542,0,0,1
737178,65535,255,5562,10840,0,0,0
737179,65535,255,4773,-8418,0,0,1
737180,65535,255,2590,-8100,0,0,1
737181,0,0,0,0,0,0,0
737182,65535,255,3195,10493,0,0,1
737183,65535,255,5099,10735,0,0,0
737184,65535,255,5312,-8549,0,0,0
737185,65535,255,3424,-8215,0,0,1
737186,65535,255,645,-7626,0,0,0
737187,65535,255,2357,10256,0,0,1
737188,65535,255,4562,10622,0,0,1
737189,65535,255,5773,-8598,0,0,0
737190,65535,255,4152,-8308,0,0,0
737191,65535,255,1656,-8098,0,0,0
737192,65535,255,1414,10166,0,0,0
737193,65535,255,3931,10497,0,0,1
737194,65,2,5564,10818,1,0,0
737195,65535,255,4773,-8400,0,0,0
737196,65535,255,2590,-8074,0,0,0
737197,65535,255,401,9958,0,0,0
737198,65535,255,3199,10493,0,0,0
737199,65535,255,5102,10740,0,0,0
737200,116,2,5309,-8500,1,0,1
737201,65535,255,3424,-8241,0,0,0
737202,65535,255,639,-7831,0,0,1
737203,65535,255,2361,10323,0,0,0
737204,65535,255,4565,10660,0,0,0
737205,65535,255,5770,-8627,0,0,1
737206,65535,255,4148,-8362,0,0,1
737207,65535,255,1646,-7958,0,0,1
737208,65535,255,1420,10379,0,0,0
737209,65535,255,3938,10573,0,0,0
737210,65535,255,5567,10827,0,0,1
737211,65535,255,4770,-8394,0,0,0
737212,65535,255,2581,-8036,0,0,0
737213,65535,255,412,9805,0,0,0
737214,65535,255,3208,10485,0,0,0
737215,65535,255,5107,10741,0,0,0
737216,65535,255,5303,-8488,0,0,0
737217,65535,255,3415,-8258,0,0,0
737218,0,0,0,0,0,0,0
737219,148,0,2371,10378,1,0,0
737220,55,0,4572,10593,1,0,0
737221,53,0,5766,-8583,1,0,1
737222,65535,255,4137,-8298,0,0,0
737223,65535,255,1640,-8097,0,0,0
737224,1966,0,1436,10217,1,0,1
737225,65535,255,3945,10522,0,0,1
737226,65535,255,5574,10843,0,0,1
737227,65535,255,4763,-8433,0,0,0
737228,201,2,2571,-8171,1,0,0
737229,32,0,432,9514,1,0,1
737230,65535,255,3221,10448,0,0,0
737231,65535,255,5116,10728,0,0,1
737232,65535,255,5296,-8521,0,0,1
737233,65535,255,3403,-8238,0,0,1
737234,65535,255,609,-7930,0,0,0
737235,65535,255,2386,10366,0,0,0
737236,65535,255,4583,10595,0,0,1
737237,65535,255,5756,-8590,0,0,0
737238,65535,255,4126,-8311,0,0,0
737239,65535,255,1624,-8136,0,0,0
737240,65535,255,1453,10265,0,0,0
737241,65535,255,3957,10546,0,0,0
737242,65535,255,5579,10858,0,0,1
737243,65535,255,4750,-8410,0,0,0
737244,65535,255,2551,-8044,0,0,0
737245,65535,255,447,9981,0,0,0
737246,65535,255,3233,10422,0,0,0
737247,65535,255,5122,10765,0,0,0
737248,65535,255,5285,-8519,0,0,0
737249,65535,255,3386,-8183,0,0,0
737250,65535,255,587,-7587,0,0,0
737251,65535,255,2405,10303,0,0,0
737252,65535,255,4589,10658,0,0,0
737253,65535,255,5750,-8636,0,0,0
737254,65535,255,4112,-8280,0,0,0
737255,65535,255,1602,-8073,0,0,0
737256,65535,255,1470,10197,0,0,0
737257,41,2,3972,10527,1,0,1
737258,65535,255,5590,10852,0,0,0
737259,65535,255,4737,-8400,0,0,1
737260,65535,255,2536,-8193,0,0,0
737261,65535,255,458,10276,0,0,1
737262,65535,255,3240,10460,0,0,0
737263,65535,255,5125,10771,0,0,1
737264,65535,255,5280,-8479,0,0,0
737265,65535,255,3382,-8173,0,0,1
737266,65535,255,592,-7926,0,0,0
737267,65535,255,2401,10262,0,0,0
737268,65535,255,4588,10623,0,0,1
737269,65535,255,5750,-8614,0,0,0
737270,65535,255,4116,-8302,0,0,0
737271,65535,255,1607,-7952,0,0,0
737272,65535,255,1459,10218,0,0,1
737273,65535,255,3957,10591,0,0,1
737274,65535,255,5580,10850,0,0,0
737275,65535,255,4747,-8402,0,0,1
737276,65535,255,2556,-8194,0,0,0
737277,65535,255,435,10280,0,0,0
737278,65535,255,3227,10468,0,0,0
737279,65535,255,5117,10702,0,0,0
737280,65535,255,5290,-8491,0,0,1
737281,65535,255,3394,-8202,0,0,0
737282,65535,255,609,-8090,0,0,0
737283,65535,255,2386,10314,0,0,0
737284,65535,255,4576,10619,0,0,0
737285,65535,255,5757,-8637,0,0,0
737286,65535,255,4130,-8339,0,0,0
737287,31,0,1629,-8075,1,0,1
737288,65535,255,1438,10309,0,0,0
737289,65535,255,3946,10530,0,0,0
737290,65535,255,5572,10816,0,0,1
737291,65535,255,4761,-8456,0,0,0
737292,65535,255,2571,-8133,0,0,0
737293,65535,255,424,9967,0,0,0
737294,65535,255,3213,10438,0,0,0
737295,65535,255,5108,10763,0,0,1
737296,65535,255,5298,-8478,0,0,1
737297,65535,255,3407,-8185,0,0,1
737298,65535,255,627,-8034,0,0,1
737299,65535,255,2371,10312,0,0,1
737300,65535,255,4569,10624,0,0,1
737301,65535,255,5763,-8619,0,0,0
737302,0,0,0,0,0,0,0
737303,65535,255,1640,-8136,0,0,1
737304,65535,255,1432,10098,0,0,1
737305,65535,255,3938,10559,0,0,1
737306,1646,0,5569,10838,1,0,1
737307,65535,255,4764,-8393,0,0,0
737308,65535,255,2581,-8196,0,0,0
737309,65535,255,413,10443,0,0,1
737310,65535,255,3205,10468,0,0,0
737311,65535,255,5105,10726,0,0,0
737312,65535,255,5304,-8517,0,0,0
737313,63,0,3416,-8266,1,0,1
737314,65535,255,633,-7774,0,0,0
737315,65535,255,2366,10244,0,0,0
737316,65535,255,4566,10599,0,0,0
737317,65535,255,5769,-8630,0,0,0
737318,646,2,4145,-8341,1,0,1
737319,31,2,1651,-8096,1,0,1
737320,65535,255,1426,10097,0,0,0
737321,65535,255,3934,10565,0,0,0
737322,65535,255,5566,10842,0,0,1
737323,65535,255,4770,-8405,0,0,0
737324,65535,255,2585,-8049,0,0,1
737325,65535,255,408,9554,0,0,1
737326,65535,255,3204,10399,0,0,0
737327,65535,255,5102,10757,0,0,1
737328,65535,255,5308,-8530,0,0,0
737329,65535,255,3420,-8195,0,0,0
737330,65535,255,639,-8190,0,0,0
737331,65535,255,2376,10421,0,0,0
737332,65535,255,4576,10614,0,0,1
737333,65535,255,5763,-8595,0,0,1
737334,65535,255,4137,-8323,0,0,0
737335,65535,255,1640,-8161,0,0,0
737336,65535,255,1431,10282,0,0,0
737337,1891,0,3941,10547,1,0,1
737338,65535,255,5571,10856,0,0,1
737339,65535,255,4770,-8456,0,0,1
737340,65535,255,2586,-8213,0,0,0
737341,65535,255,413,9796,0,0,0
737342,65535,255,3204,10480,0,0,1
737343,46,0,5104,10742,1,0,1
737344,519,0,5309,-8493,1,0,1
737345,55,0,3424,-8271,1,0,1
737346,65535,255,638,-8090,0,0,0
737347,65535,255,2361,10414,0,0,0
737348,65535,255,4565,10619,0,0,0
737349,65535,255,5773,-8605,0,0,0
737350,65535,255,4152,-8339,0,0,0
737351,65535,255,1657,-7924,0,0,1
737352,65535,255,1414,10375,0,0,0
737353,65535,255,3931,10546,0,0,1
737354,65535,255,5564,10814,0,0,1
737355,65535,255,4776,-8404,0,0,1
737356,65535,255,2595,-8116,0,0,1
737357,65535,255,389,10545,0,0,1
737358,65535,255,3195,10432,0,0,0
737359,65535,255,5099,10721,0,0,1
737360,65535,255,5317,-8548,0,0,0
737361,65535,255,3432,-8246,0,0,0
737362,65535,255,656,-7887,0,0,1
737363,65535,255,2346,10319,0,0,0
737364,460,0,4552,10654,1,0,1
737365,65535,255,5780,-8616,0,0,0
737366,354,0,4163,-8340,1,0,1
737367,308,0,1674,-8056,1,0,1
737368,0,0,0,0,0,0,0
737369,65535,255,3916,10529,0,0,0
737370,65535,255,5554,10840,0,0,0
737371,65535,255,4789,-8423,0,0,0
737372,65535,255,2615,-8117,0,0,1
737373,65535,255,366,10295,0,0,0
737374,65535,255,3177,10382,0,0,1
737375,65535,255,5085,10760,0,0,1
737376,65535,255,5325,-8501,0,0,0
737377,65535,255,3454,-8265,0,0,0
737378,65535,255,679,-7989,0,0,0
737379,65535,255,2325,10372,0,0,1
737380,65535,255,4542,10585,0,0,1
737381,65535,255,5788,-8639,0,0,1
737382,65535,255,4176,-8355,0,0,1
737383,65535,255,1695,-8006,0,0,0
737384,65535,255,1375,10084,0,0,0
737385,65535,255,3901,10482,0,0,0
737386,65535,255,5544,10815,0,0,0
737387,65535,255,4800,-8396,0,0,0
737388,65535,255,2630,-8070,0,0,0
737389,65535,255,348,10017,0,0,1
737390,65535,255,3159,10360,0,0,0
737391,65535,255,5074,10753,0,0,0
737392,65535,255,5333,-8498,0,0,0
737393,65535,255,3467,-8276,0,0,0
737394,398,0,697,-8085,1,0,1
737395,65535,255,2309,10400,0,0,0
737396,45,0,4528,10602,1,0,1
737397,65535,255,5793,-8592,0,0,0
737398,65535,255,4185,-8316,0,0,0
737399,65535,255,1712,-8124,0,0,1
737400,65535,255,1357,10254,0,0,0
737401,65535,255,3892,10535,0,0,0
737402,65535,255,5536,10850,0,0,0
737403,196,2,4806,-8443,1,0,0
737404,247,2,2645,-8193,1,0,0
737405,65535,255,339,9521,0,0,0
737406,65535,255,3150,10466,0,0,0
737407,65535,255,5068,10737,0,0,0
737408,65535,255,5339,-8526,0,0,0
737409,65535,255,3471,-8258,0,0,0
737410,65535,255,708,-8036,0,0,1
737411,65535,255,2299,10413,0,0,0
737412,0,0,0,0,0,0,0
737413,65535,255,5798,-8602,0,0,1
737414,65535,255,4192,-8330,0,0,0
737415,65535,255,1718,-7913,0,0,0
737416,65535,255,1346,10376,0,0,0
737417,65535,255,3885,10541,0,0,1
737418,65535,255,5534,10809,0,0,1
737419,65535,255,4809,-8397,0,0,1
737420,65535,255,2650,-8109,0,0,1
737421,0,0,0,0,0,0,0
737422,65535,255,3146,10407,0,0,0
737423,65535,255,5068,10710,0,0,0
737424,65535,255,5342,-8542,0,0,0
737425,153,0,3475,-8232,1,0,1
737426,65535,255,714,-7897,0,0,0
737427,65535,255,2299,10385,0,0,0
737428,65535,255,4521,10601,0,0,1
737429,65535,255,5800,-8597,0,0,0
737430,65535,255,4196,-8337,0,0,0
737431,342,2,1717,-7933,1,0,0
737432,65535,255,1348,10250,0,0,0
737433,168,2,3888,10481,1,0,0
737434,65535,255,5536,10823,0,0,0
737435,65535,255,4812,-8421,0,0,0
737436,65535,255,2650,-8157,0,0,1
737437,643,2,333,9409,1,0,0
737438,410,0,3146,10466,1,0,1
737439,156,2,5067,10743,1,0,0
737440,65535,255,5341,-8498,0,0,0
737441,65535,255,3474,-8280,0,0,0
737442,65535,255,710,-7569,0,0,0
737443,65535,255,2304,10287,0,0,0
737444,65535,255,4524,10664,0,0,1
737445,65535,255,5800,-8640,0,0,0
737446,65535,255,4192,-8301,0,0,0
737447,65535,255,1717,-8023,0,0,0
737448,65535,255,1352,10378,0,0,0
737449,65535,255,3892,10474,0,0,0
737450,65535,255,5538,10824,0,0,0
737451,65535,255,4809,-8425,0,0,0
737452,65535,255,2645,-8180,0,0,0
737453,65535,255,344,9630,0,0,0
737454,906,0,3153,10402,1,0,1
737455,65535,255,5071,10734,0,0,0
737456,65535,255,5339,-8521,0,0,0
737457,65535,255,3470,-8231,0,0,1
737458,65535,255,702,-7941,0,0,0
737459,65535,255,2309,10414,0,0,0
737460,65535,255,4531,10622,0,0,0
737461,65535,255,5797,-8617,0,0,1
737462,65535,255,4188,-8376,0,0,0
737463,65535,255,1706,-8065,0,0,0
737464,65535,255,1363,10231,0,0,0
737465,65535,255,3896,10551,0,0,0
737466,65535,255,5543,10802,0,0,1
737467,48,0,4803,-8401,1,0,1
737468,2466,0,2635,-8143,1,0,1
737469,52,0,357,9369,1,0,1
737470,65535,255,3163,10478,0,0,0
737471,65535,255,5079,10755,0,0,1
737472,65535,255,5333,-8520,0,0,1
737473,65535,255,3457,-8211,0,0,0
737474,65535,255,685,-7892,0,0,1
737475,65535,255,2320,10401,0,0,1
737476,65535,255,4538,10623,0,0,0
737477,65535,255,5790,-8620,0,0,0
737478,65535,255,4177,-8351,0,0,0
737479,65535,255,1695,-8102,0,0,1
737480,65535,255,1380,10280,0,0,0
737481,65535,255,3908,10575,0,0,0
737482,65535,255,5551,10818,0,0,0
737483,65535,255,4793,-8428,0,0,1
737484,65535,255,2620,-8202,0,0,0
737485,640,2,371,10029,1,0,1
737486,98,2,3177,10393,1,0,0
737487,65535,255,5087,10715,0,0,0
737488,65535,255,5323,-8520,0,0,0
737489,65535,255,3445,-8289,0,0,0
737490,751,2,668,-7589,1,0,0
737491,65535,255,2341,10320,0,0,0
737492,918,2,4552,10595,1,0,1
737493,65535,255,5780,-8600,0,0,0
737494,65535,255,4163,-8359,0,0,0
737495,65535,255,1673,-8042,0,0,1
737496,65535,255,1402,10235,0,0,1
737497,65535,255,3923,10562,0,0,0
737498,702,2,5559,10816,1,0,0
737499,65535,255,4780,-8426,0,0,0
737500,65535,255,2601,-8199,0,0,1
737501,65535,255,394,10038,0,0,0
737502,65535,255,3195,10405,0,0,0
737503,65535,255,5099,10724,0,0,0
737504,65535,255,5311,-8496,0,0,0
737505,65535,255,3424,-8171,0,0,0
737506,65535,255,639,-7727,0,0,0
737507,65535,255,2361,10377,0,0,0
737508,65535,255,4565,10622,0,0,1
737509,65535,255,5768,-8624,0,0,0
737510,65535,255,4141,-8293,0,0,0
737511,65535,255,1646,-8178,0,0,0
737512,65535,255,1428,10226,0,0,0
737513,65535,255,3942,10506,0,0,0
737514,359,0,5569,10855,1,0,0
737515,65535,255,4764,-8394,0,0,0
737516,1629,0,2571,-8147,1,0,1
737517,65535,255,425,9736,0,0,0
737518,65535,255,3218,10370,0,0,0
737519,1031,0,5113,10711,1,0,1
737520,65535,255,5293,-8483,0,0,0
737521,46,0,3399,-8164,1,0,1
737522,31,0,610,-7660,1,0,1
737523,65535,255,2386,10379,0,0,0
737524,65535,255,4580,10625,0,0,0
737525,65535,255,5978,10930,0,0,0
737526,65535,255,4123,-8325,0,0,1
737527,0,0,0,0,0,0,0
737528,2128,2,1448,10332,1,0,0
737529,65535,255,3954,10508,0,0,0
737530,65535,255,5575,10858,0,0,0
737531,65535,255,4757,-8428,0,0,0
737532,65535,255,2566,-8060,0,0,0
737533,65535,255,425,10621,0,0,1
737534,65535,255,3218,10371,0,0,0
737535,65535,255,5108,10726,0,0,0
737536,65535,255,5298,-8513,0,0,0
737537,65535,255,3411,-8240,0,0,1
737538,65535,255,628,-7510,0,0,0
737539,65535,255,2371,10391,0,0,1
737540,65535,255,4566,10654,0,0,0
737541,65535,255,5764,-8597,0,0,1
737542,65535,255,4142,-8298,0,0,0
737543,65535,255,1646,-7899,0,0,0
737544,56,0,1425,10167,1,0,1
737545,65535,255,3934,10580,0,0,0
737546,65535,255,5564,10845,0,0,0
737547,65535,255,4770,-8406,0,0,0
737548,65535,255,2591,-8210,0,0,0
737549,278,2,395,10541,1,0,0
737550,65535,255,3198,10395,0,0,0
737551,237,2,5099,10724,1,0,0
737552,65535,255,5312,-8515,0,0,0
737553,176,2,3428,-8260,1,0,0
737554,65535,255,651,-7681,0,0,0
737555,65535,255,2351,10284,0,0,0
737556,65535,255,4555,10604,0,0,0
737557,65535,255,5776,-8621,0,0,0
737558,58,0,4155,-8315,1,0,1
737559,65535,255,1668,-8041,0,0,0
737560,65535,255,1403,10378,0,0,0
737561,65535,255,3919,10533,0,0,1
737562,65535,255,5557,10825,0,0,0
737563,65535,255,4783,-8433,0,0,0
737564,65535,255,2605,-8174,0,0,0
737565,65535,255,377,10293,0,0,0
737566,65535,255,3182,10491,0,0,1
737567,65535,255,5091,10718,0,0,1
737568,65535,255,5320,-8517,0,0,0
737569,65535,255,3441,-8261,0,0,0
737570,65535,255,668,-7786,0,0,0
737571,65535,255,2341,10252,0,0,0
737572,65535,255,4549,10601,0,0,0
737573,65535,255,5783,-8635,0,0,1
737574,65535,255,4166,-8351,0,0,0
737575,109,2,1684,-8139,1,0,0
737576,65535,255,1391,10138,0,0,0
737577,65535,255,3912,10556,0,0,0
737578,65535,255,5551,10856,0,0,0
737579,565,2,4793,-8427,1,0,1
737580,65535,255,2616,-8090,0,0,0
737581,65535,255,372,9763,0,0,0
737582,65535,255,3172,10433,0,0,0
737583,812,0,5085,10695,1,0,1
737584,65535,255,5325,-8493,0,0,0
737585,65535,255,3449,-8236,0,0,0
737586,65535,255,674,-7641,0,0,0
737587,65535,255,2330,10241,0,0,0
737588,65535,255,4542,10594,0,0,1
737589,65535,255,5787,-8631,0,0,0
737590,65535,255,4174,-8352,0,0,0
737591,65535,255,1690,-8158,0,0,0
737592,65535,255,1380,10185,0,0,0
737593,65535,255,3908,10486,0,0,0
737594,65535,255,5548,10800,0,0,0
737595,65535,255,4796,-8445,0,0,0
737596,65535,255,2625,-8140,0,0,0
737597,65535,255,360,10210,0,0,0
737598,65535,255,3168,10490,0,0,1
737599,65535,255,5082,10726,0,0,0
737600,65535,255,5330,-8528,0,0,0
737601,65535,255,3454,-8197,0,0,0
737602,65535,255,685,-8084,0,0,1
737603,26,0,2320,10347,1,0,1
737604,65535,255,4538,10655,0,0,0
737605,65535,255,5790,-8610,0,0,0
737606,65535,255,4177,-8318,0,0,1
737607,65535,255,1695,-8081,0,0,1
737608,65535,255,1375,10088,0,0,0
737609,65535,255,3904,10576,0,0,0
737610,411,0,5546,10859,1,0,0
737611,65535,255,4799,-8434,0,0,0
737612,65535,255,2630,-8128,0,0,0
737613,65535,255,354,10207,0,0,0
737614,1326,2,3164,10499,1,0,0
737615,65535,255,5079,10731,0,0,0
737616,65535,255,5333,-8538,0,0,1
737617,65535,255,3458,-8193,0,0,0
737618,65535,255,691,-8227,0,0,1
737619,65535,255,2320,10402,0,0,1
737620,65535,255,4538,10587,0,0,1
737621,65535,255,5790,-8632,0,0,0
737622,65535,255,4177,-8353,0,0,0
737623,65535,255,1695,-7888,0,0,0
737624,65535,255,1375,10255,0,0,0
737625,65535,255,3901,10515,0,0,1
737626,65535,255,5545,10823,0,0,1
737627,65535,255,4799,-8398,0,0,1
737628,65535,255,2624,-8053,0,0,0
737629,65535,255,356,9641,0,0,0
737630,65535,255,3164,10441,0,0,1
737631,65535,255,5080,10710,0,0,0
737632,133,2,5329,-8517,1,0,0
737633,65535,255,3457,-8288,0,0,0
737634,65535,255,684,-8030,0,0,0
737635,65535,255,2320,10360,0,0,0
737636,639,0,4536,10668,1,0,1
737637,158,2,5789,-8622,1,0,0
737638,102,2,4177,-8345,1,0,0
737639,65535,255,1695,-8030,0,0,0
737640,65535,255,1375,10255,0,0,0
737641,65535,255,3902,10515,0,0,0
737642,65535,255,5545,10827,0,0,0
737643,65535,255,4795,-8403,0,0,0
737644,65535,255,2625,-8065,0,0,0
737645,65535,255,361,9831,0,0,0
737646,65535,255,3165,10470,0,0,0
737647,65535,255,5080,10726,0,0,0
737648,65535,255,5327,-8537,0,0,0
737649,65535,255,3453,-8200,0,0,0
737650,65535,255,681,-7728,0,0,0
737651,65535,255,2325,10262,0,0,1
737652,65535,255,4539,10612,0,0,0
737653,65535,255,5785,-8587,0,0,0
737654,65535,255,4173,-8289,0,0,0
737655,65535,255,1689,-8039,0,0,0
737656,65535,255,1381,10086,0,0,1
737657,65535,255,3907,10526,0,0,0
737658,65535,255,5548,10801,0,0,0
737659,65535,255,4792,-8461,0,0,1
737660,65535,255,2620,-8211,0,0,1
737661,65535,255,369,9478,0,0,0
737662,711,0,3174,10442,1,0,1
737663,65535,255,5083,10711,0,0,1
737664,65535,255,5325,-8530,0,0,0
737665,65535,255,3445,-8181,0,0,0
737666,65535,255,678,-8150,0,0,0
737667,36,0,2330,10263,1,0,0
737668,65535,255,4543,10613,0,0,0
737669,65535,255,5782,-8591,0,0,0
737670,65535,255,4166,-8301,0,0,0
737671,39,0,1684,-8077,1,0,1
737672,65535,255,1392,10161,0,0,0
737673,65535,255,3913,10495,0,0,0
737674,65535,255,5553,10821,0,0,0
737675,65535,255,4786,-8407,0,0,0
737676,65535,255,2610,-8087,0,0,1
737677,65535,255,378,10109,0,0,0
737678,65535,255,3182,10366,0,0,1
737679,65535,255,5088,10754,0,0,1
737680,65535,255,5319,-8495,0,0,0
737681,65535,255,3441,-8268,0,0,1
737682,65535,255,661,-8029,0,0,0
737683,65535,255,2341,10377,0,0,0
737684,65535,255,4553,10590,0,0,1
737685,65535,255,5777,-8604,0,0,0
737686,65535,255,4159,-8293,0,0,0
737687,65535,255,1667,-8076,0,0,0
737688,65535,255,1403,10163,0,0,0
737689,65535,255,3924,10504,0,0,0
737690,65535,255,5560,10831,0,0,0
737691,552,2,4779,-8423,1,0,1
737692,65535,255,2600,-8134,0,0,0
737693,65535,255,390,10537,0,0,0
737694,65535,255,3195,10417,0,0,0
737695,65535,255,5106,10711,0,0,0
737696,65535,255,5305,-8541,0,0,0
737697,65535,255,3419,-8225,0,0,0
737698,65535,255,638,-7827,0,0,1
737699,65535,255,2362,10346,0,0,0
737700,1174,0,4566,10588,1,0,0
737701,65535,255,5770,-8607,0,0,0
737702,65535,255,4147,-8303,0,0,0
737703,65535,255,1656,-8139,0,0,0
737704,65535,255,1414,10279,0,0,0
737705,65535,255,3931,10553,0,0,0
737706,65535,255,5564,10834,0,0,0
737707,65535,255,4776,-8385,0,0,0
737708,65535,255,2590,-8076,0,0,0
737709,65535,255,395,10195,0,0,0
737710,65535,255,3196,10393,0,0,0
737711,65535,255,5099,10705,0,0,0
737712,65535,255,5314,-8537,0,0,0
737713,0,0,0,0,0,0,0
737714,65535,255,650,-7883,0,0,0
737715,65535,255,2352,10373,0,0,1
737716,65535,255,4559,10606,0,0,0
737717,65535,255,5775,-8602,0,0,0
737718,65535,255,4159,-8339,0,0,0
737719,65535,255,1662,-7943,0,0,0
737720,34,0,1409,10067,1,0,1
737721,44,0,3927,10494,1,0,1
737722,852,2,5561,10836,1,0,0
737723,65535,255,4783,-8440,0,0,0
737724,65535,255,2605,-8214,0,0,0
737725,732,0,389,9949,1,0,1
737726,390,0,3191,10373,1,0,1
737727,65535,255,5096,10694,0,0,0
737728,65535,255,5320,-8534,0,0,0
737729,65535,255,3436,-8246,0,0,0
737730,65535,255,661,-8090,0,0,0
737731,65535,255,2346,10231,0,0,0
737732,65535,255,4555,10637,0,0,1
737733,65535,255,5780,-8628,0,0,1
737734,65535,255,4159,-8284,0,0,0
737735,65535,255,1673,-8122,0,0,1
737736,65535,255,1402,10304,0,0,0
737737,65535,255,3919,10575,0,0,0
737738,65535,255,5559,10817,0,0,0
737739,65535,255,4783,-8422,0,0,1
737740,65535,255,2606,-8189,0,0,0
737741,65535,255,384,9772,0,0,0
737742,65535,255,3191,10364,0,0,0
737743,65535,255,5093,10700,0,0,0
737744,65535,255,5320,-8539,0,0,1
737745,65535,255,3437,-8254,0,0,0
737746,65535,255,662,-8138,0,0,0
737747,65535,255,2347,10249,0,0,0
737748,65535,255,4552,10655,0,0,1
737749,65535,255,5778,-8644,0,0,0
737750,65535,255,4159,-8319,0,0,1
737751,65535,255,1668,-7925,0,0,1
737752,65535,255,1403,10090,0,0,0
737753,65535,255,3923,10516,0,0,1
737754,65535,255,5559,10855,0,0,0
737755,65535,255,4780,-8387,0,0,1
737756,46,2,2600,-8115,1,0,1
737757,65535,255,389,9689,0,0,0
737758,65535,255,3191,10480,0,0,0
737759,1410,2,5094,10767,1,0,0
737760,65535,255,5314,-8533,0,0,0
737761,65535,255,3433,-8244,0,0,0
737762,65535,255,650,-8141,0,0,0
737763,65535,255,2351,10280,0,0,1
737764,65535,255,4555,10668,0,0,0
737765,65535,255,5773,-8592,0,0,0
737766,65535,255,4152,-8345,0,0,0
737767,65535,255,1656,-8021,0,0,1
737768,65535,255,1414,10235,0,0,0
737769,65535,255,3927,10569,0,0,0
737770,65535,255,5562,10820,0,0,0
737771,65535,255,4773,-8438,0,0,0
737772,65535,255,2591,-8078,0,0,0
737773,0,0,0,0,0,0,0
737774,65535,255,3199,10434,0,0,1
737775,65535,255,5099,10743,0,0,1
737776,65535,255,5306,-8515,0,0,1
737777,65535,255,3420,-8225,0,0,0
737778,65535,255,638,-8038,0,0,1
737779,65535,255,2367,10255,0,0,0
737780,576,2,4565,10671,1,0,0
737781,65535,255,5766,-8595,0,0,0
737782,65535,255,4141,-8356,0,0,0
737783,65535,255,1646,-8059,0,0,1
737784,65535,255,1425,10283,0,0,0
737785,65535,255,3940,10520,0,0,0
737786,65535,255,5569,10836,0,0,1
737787,518,0,4764,-8424,1,0,1
737788,61,0,2575,-8099,1,0,1
737789,65535,255,426,9503,0,0,0
737790,59,0,3213,10494,1,0,1
737791,65535,255,5111,10699,0,0,1
737792,83,0,5297,-8513,1,0,1
737793,65535,255,3405,-8214,0,0,0
737794,65535,255,616,-7718,0,0,0
737795,65535,255,2381,10391,0,0,0
737796,65535,255,4576,10636,0,0,0
737797,65535,255,5757,-8611,0,0,0
737798,65535,255,6901,11253,0,0,1
737799,65535,255,1618,-7895,0,0,0
737800,65535,255,1448,10126,0,0,1
737801,65535,255,3953,10544,0,0,0
737802,65535,255,5580,10812,0,0,1
737803,65535,255,4751,-8433,0,0,1
737804,65535,255,2551,-8047,0,0,1
737805,65535,255,441,10437,0,0,0
737806,65535,255,3231,10468,0,0,0
737807,65535,255,5122,10769,0,0,1
737808,65535,255,5288,-8547,0,0,1
737809,65535,255,3385,-8263,0,0,0
737810,65535,255,586,-7708,0,0,0
737811,65535,255,2406,10395,0,0,0
737812,0,0,0,0,0,0,0
737813,65535,255,5749,-8603,0,0,1
737814,46,0,4115,-8290,1,0,1
737815,37,0,1607,-7976,1,0,0
737816,65535,255,1459,10311,0,0,1
737817,65535,255,3964,10524,0,0,0
737818,65535,255,5585,10818,0,0,0
737819,65535,255,4748,-8397,0,0,1
737820,65535,255,2556,-8184,0,0,1
737821,65535,255,441,10360,0,0,0
737822,65535,255,3231,10432,0,0,0
737823,65535,255,5119,10732,0,0,1
737824,90,2,5292,-8532,1,0,1
737825,385,2,3394,-8168,1,0,0
737826,65535,255,609,-8045,0,0,1
737827,65535,255,2386,10340,0,0,0
737828,65535,255,4579,10643,0,0,1
737829,65535,255,5758,-8601,0,0,0
737830,65535,255,4130,-8293,0,0,0
737831,65535,255,1629,-8000,0,0,1
737832,65535,255,1436,10358,0,0,0
737833,65535,255,3949,10544,0,0,1
737834,65535,255,5574,10833,0,0,0
737835,65535,255,4761,-8401,0,0,0
737836,65535,255,2571,-8050,0,0,0
737837,65535,255,426,9590,0,0,1
737838,65535,255,3213,10418,0,0,1
737839,65535,255,5108,10772,0,0,0
737840,65535,255,5303,-8495,0,0,0
737841,306,2,3415,-8242,1,0,0
737842,65535,255,627,-7673,0,0,1
737843,65535,255,2371,10259,0,0,1
737844,65535,255,4569,10611,0,0,0
737845,65535,255,5768,-8605,0,0,0
737846,65535,255,4145,-8378,0,0,0
737847,332,2,1645,-7942,1,0,1
737848,65535,255,1420,10286,0,0,0
737849,119,2,3938,10520,1,0,0
737850,277,0,5566,10827,1,0,1
737851,65535,255,4770,-8396,0,0,0
737852,65535,255,2587,-8133,0,0,0
737853,65535,255,409,9562,0,0,0
737854,0,0,0,0,0,0,0
737855,65535,255,5102,10693,0,0,0
737856,65535,255,5311,-8501,0,0,0
737857,65535,255,3428,-8261,0,0,1
737858,65535,255,644,-7838,0,0,1
737859,65535,255,2356,10297,0,0,1
737860,65535,255,4558,10634,0,0,1
737861,65535,255,5773,-8599,0,0,1
737862,65535,255,4152,-8303,0,0,1
737863,65535,255,1662,-8042,0,0,0
737864,65535,255,1414,10073,0,0,0
737865,65535,255,3927,10571,0,0,1
737866,65535,255,5562,10858,0,0,0
737867,65535,255,4779,-8438,0,0,1
737868,65535,255,2596,-8139,0,0,0
737869,516,0,389,10387,1,0,1
737870,65535,255,3196,10368,0,0,0
737871,236,2,5094,10749,1,0,0
737872,65535,255,5315,-8518,0,0,0
737873,65535,255,3432,-8226,0,0,1
737874,65535,255,656,-7687,0,0,0
737875,65535,255,2347,10266,0,0,0
737876,65535,255,4555,10627,0,0,0
737877,65535,255,5776,-8595,0,0,0
737878,65535,255,4159,-8303,0,0,0
737879,65535,255,1667,-8061,0,0,0
737880,291,2,1403,10117,1,0,0
737881,55,0,3924,10474,1,0,1
737882,0,0,0,0,0,0,0
737883,248,0,4782,-8442,1,0,1
737884,65535,255,2605,-8201,0,0,0
737885,65535,255,391,9528,0,0,0
737886,65535,255,3186,10434,0,0,1
737887,65535,255,5094,10708,0,0,0
737888,65535,255,5317,-8526,0,0,0
737889,65535,255,3432,-8173,0,0,0
737890,65535,255,662,-8190,0,0,1
737891,65535,255,2341,10419,0,0,0
737892,65535,255,4552,10602,0,0,0
737893,65535,255,5776,-8611,0,0,0
737894,65535,255,4159,-8289,0,0,0
737895,65535,255,1667,-8042,0,0,0
737896,65535,255,1403,10118,0,0,0
737897,53,0,3924,10481,1,0,1
737898,189,0,5557,10812,1,0,1
737899,65535,255,4780,-8391,0,0,0
737900,0,0,0,0,0,0,0
737901,62,0,389,9872,1,0,1
737902,200,2,3186,10483,1,0,0
737903,69,0,5091,10739,1,0,1
737904,65535,255,5315,-8504,0,0,0
737905,65535,255,3432,-8242,0,0,1
737906,0,0,0,0,0,0,0
737907,43,0,2347,10336,1,0,1
737908,65535,255,4552,10671,0,0,1
737909,65535,255,5775,-8634,0,0,0
737910,65535,255,4155,-8362,0,0,0
737911,0,0,0,0,0,0,0
737912,65535,255,1409,10095,0,0,0
737913,65535,255,3927,10482,0,0,0
737914,65535,255,5560,10817,0,0,1
737915,65535,255,4776,-8402,0,0,1
737916,65535,255,2595,-8101,0,0,0
737917,65535,255,395,10212,0,0,0
737918,65535,255,3196,10378,0,0,1
737919,65535,255,5096,10766,0,0,1
737920,65535,255,5312,-8515,0,0,0
737921,65535,255,3424,-8171,0,0,1
737922,65535,255,651,-8294,0,0,0
737923,65535,255,2357,10243,0,0,0
737924,65535,255,4559,10634,0,0,1
737925,65535,255,5771,-8615,0,0,1
737926,65535,255,4149,-8350,0,0,1
737927,874,0,1651,-7960,1,0,0
737928,65535,255,1417,10219,0,0,0
737929,65535,255,3934,10503,0,0,0
737930,56,0,5564,10814,1,0,1
737931,65535,255,4770,-8407,0,0,0
737932,65535,255,2585,-8112,0,0,0
737933,500,2,407,10456,1,0,0
737934,141,2,3204,10408,1,0,0
737935,545,0,5105,10711,1,0,1
737936,65535,255,5306,-8538,0,0,1
737937,955,2,3415,-8223,1,0,0
737938,65535,255,632,-7831,0,0,0
737939,65535,255,2371,10352,0,0,1
737940,65535,255,4569,10610,0,0,1
737941,65535,255,5764,-8587,0,0,0
737942,65535,255,4137,-8313,0,0,0
737943,65535,255,1640,-8158,0,0,0
737944,65535,255,1431,10310,0,0,0
737945,65535,255,3942,10566,0,0,0
737946,65535,255,5574,10821,0,0,0
737947,65535,255,4760,-8393,0,0,0
737948,65535,255,2571,-8098,0,0,0
737949,65535,255,424,10366,0,0,1
737950,65535,255,3222,10411,0,0,1
737951,65535,255,5113,10712,0,0,0
737952,65535,255,5298,-8546,0,0,1
737953,65535,255,3403,-8239,0,0,0
737954,65535,255,609,-7986,0,0,0
737955,65535,255,2386,10407,0,0,0
737956,65535,255,4583,10620,0,0,0
737957,65535,255,5756,-8607,0,0,0
737958,65535,255,4127,-8353,0,0,0
737959,65535,255,1618,-7974,0,0,0
737960,1001,0,1460,10127,1,0,1
737961,65535,255,3961,10510,0,0,0
737962,321,0,5582,10841,1,0,1
737963,240,2,4750,-8449,1,0,0
737964,65535,255,2549,-8168,0,0,0
737965,65535,255,447,9986,0,0,1
737966,379,2,3240,10375,1,0,0
737967,65535,255,5124,10735,0,0,1
737968,180,2,5287,-8519,1,0,0
737969,65535,255,3390,-8264,0,0,1
737970,65535,255,598,-7653,0,0,1
737971,65535,255,2396,10421,0,0,1
737972,65535,255,4586,10670,0,0,0
737973,65535,255,5753,-8610,0,0,0
737974,65535,255,4123,-8296,0,0,0
737975,65535,255,1618,-7975,0,0,0
737976,65535,255,1453,10266,0,0,0
737977,65535,255,3957,10495,0,0,0
737978,65535,255,5580,10867,0,0,0
737979,65535,255,4753,-8426,0,0,0
737980,65535,255,2561,-8070,0,0,1
737981,65535,255,437,9674,0,0,0
737982,65535,255,3227,10401,0,0,1
737983,65535,255,5117,10749,0,0,0
737984,65535,255,5296,-8536,0,0,0
737985,65535,255,3400,-8213,0,0,1
737986,981,2,615,-7933,1,0,1
737987,65535,255,2386,10287,0,0,1
737988,683,0,4579,10613,1,0,1
737989,65535,255,5762,-8634,0,0,0
737990,65535,255,4133,-8346,0,0,0
737991,652,0,1634,-8116,1,0,1
737992,65535,255,1444,10078,0,0,1
737993,124,2,3947,10552,1,0,0
737994,65535,255,5573,10834,0,0,0
737995,65535,255,4762,-8391,0,0,0
737996,65535,255,2575,-8196,0,0,0
737997,65535,255,419,10441,0,0,0
737998,65535,255,3214,10505,0,0,0
737999,65535,255,5109,10726,0,0,0
738000,65535,255,5300,-8517,0,0,0
738001,65535,255,3410,-8266,0,0,1
738002,65535,255,626,-7769,0,0,0
738003,65535,255,2372,10259,0,0,0
738004,65535,255,4571,10599,0,0,1
738005,65535,255,5765,-8630,0,0,1
738006,65535,255,4140,-8340,0,0,0
738007,65535,255,1645,-8116,0,0,0
738008,65535,255,1427,10097,0,0,0
738009,65535,255,3936,10566,0,0,0
738010,65535,255,5568,10842,0,0,0
738011,65535,255,4766,-8404,0,0,0
738012,65535,255,2580,-8048,0,0,1
738013,65535,255,415,9604,0,0,1
738014,0,0,0,0,0,0,0
738015,65535,255,5104,10751,0,0,0
738016,551,0,5306,-8547,1,0,1
738017,97,2,3418,-8187,1,0,0
738018,65535,255,638,-8138,0,0,0
738019,65535,255,2362,10351,0,0,1
738020,65535,255,4563,10648,0,0,0
738021,65535,255,5767,-8601,0,0,0
738022,65535,255,4144,-8292,0,0,0
738023,65535,255,1650,-7997,0,0,0
738024,65535,255,1415,10332,0,0,1
738025,65535,255,3931,10528,0,0,1
738026,160,0,5563,10824,1,0,0
738027,65535,255,4769,-8382,0,0,0
738028,65535,255,2590,-8197,0,0,0
738029,65535,255,402,10534,0,0,0
738030,65535,255,3201,10378,0,0,1
738031,65535,255,5100,10746,0,0,1
738032,65535,255,5308,-8543,0,0,0
738033,65535,255,3419,-8186,0,0,1
738034,65535,255,644,-8135,0,0,0
738035,65535,255,2357,10364,0,0,0
738036,65535,255,4560,10660,0,0,0
738037,65535,255,5770,-8610,0,0,1
738038,65535,255,4147,-8319,0,0,0
738039,65535,255,1656,-8076,0,0,1
738040,65535,255,1415,10072,0,0,1
738041,65535,255,3928,10572,0,0,0
738042,65535,255,5563,10851,0,0,0
738043,65535,255,4773,-8428,0,0,1
738044,65535,255,2589,-8098,0,0,0
738045,65535,255,402,9954,0,0,0
738046,65535,255,3196,10465,0,0,0
738047,65535,255,5100,10716,0,0,0
738048,156,0,5309,-8523,1,0,1
738049,65535,255,3423,-8230,0,0,0
738050,65535,255,643,-8033,0,0,0
738051,44,2,2357,10337,1,0,1
738052,65535,255,4560,10655,0,0,0
738053,65535,255,5770,-8609,0,0,0
738054,65535,255,4148,-8319,0,0,0
738055,65535,255,1656,-8096,0,0,0
738056,65535,255,1415,10142,0,0,1
738057,65535,255,3931,10498,0,0,0
738058,65535,255,5563,10834,0,0,0
738059,65535,255,4763,-8390,0,0,0
738060,65535,255,2575,-8100,0,0,0
738061,65535,255,419,10434,0,0,0
738062,65535,255,3214,10425,0,0,1
738063,65535,255,5109,10723,0,0,0
738064,65535,255,5303,-8482,0,0,1
738065,65535,255,3415,-8269,0,0,1
738066,65535,255,632,-8196,0,0,0
738067,65535,255,2372,10255,0,0,1
738068,65535,255,4566,10650,0,0,0
738069,65535,255,5768,-8634,0,0,0
738070,65535,255,4144,-8295,0,0,0
738071,65535,255,1645,-8139,0,0,0
738072,65535,255,1426,10305,0,0,0
738073,166,2,3939,10577,1,0,0
738074,65535,255,5570,10816,0,0,0
738075,65535,255,4769,-8420,0,0,1
738076,65535,255,2585,-8174,0,0,1
738077,502,2,414,9800,1,0,0
738078,65535,255,3208,10381,0,0,0
738079,57,2,5105,10699,1,0,0
738080,0,0,0,0,0,0,0
738081,65535,255,3419,-8235,0,0,0
738082,65535,255,638,-8036,0,0,1
738083,65535,255,2367,10228,0,0,1
738084,774,2,4566,10645,1,0,1
738085,61,0,5770,-8633,1,0,1
738086,65535,255,4144,-8301,0,0,0
738087,65535,255,1651,-8182,0,0,0
738088,65535,255,1420,10377,0,0,0
738089,65535,255,3938,10488,0,0,1
738090,65535,255,5569,10839,0,0,0
738091,65535,255,4773,-8456,0,0,1
738092,65535,255,2585,-8077,0,0,1
738093,65535,255,407,10453,0,0,0
738094,65535,255,3204,10443,0,0,0
738095,65535,255,5105,10743,0,0,0
738096,65535,255,5306,-8512,0,0,0
738097,65535,255,3419,-8209,0,0,1
738098,65535,255,632,-7938,0,0,0
738099,65535,255,2366,10429,0,0,0
738100,65535,255,4569,10639,0,0,0
738101,65535,255,5770,-8639,0,0,0
738102,65535,255,4144,-8317,0,0,1
738103,33,0,1645,-7921,1,0,1
738104,65535,255,1431,10121,0,0,0
738105,65535,255,3942,10534,0,0,0
738106,538,0,5572,10803,1,0,0
738107,65535,255,4766,-8413,0,0,0
738108,277,2,2581,-8188,1,0,0
738109,65535,255,418,9971,0,0,1
738110,65535,255,3213,10406,0,0,0
738111,165,0,5110,10729,1,0,1
738112,65535,255,5303,-8501,0,0,1
738113,65535,255,3411,-8198,0,0,0
738114,65535,255,626,-7938,0,0,0
738115,65535,255,2376,10272,0,0,0
738116,65535,255,4572,10659,0,0,0
738117,65535,255,5763,-8590,0,0,0
738118,65535,255,4137,-8350,0,0,0
738119,65535,255,1634,-8041,0,0,1
738120,65535,255,1442,10285,0,0,1
738121,65535,255,3949,10511,0,0,0
738122,65535,255,5577,10841,0,0,0
738123,65535,255,4757,-8402,0,0,0
738124,65535,255,2565,-8124,0,0,0
738125,65535,255,431,9743,0,0,0
738126,65535,255,3227,10380,0,0,1
738127,65535,255,5116,10720,0,0,0
738128,65535,255,5292,-8499,0,0,1
738129,65535,255,3398,-8205,0,0,0
738130,65535,255,603,-7989,0,0,1
738131,65535,255,2391,10273,0,0,0
738132,65535,255,4584,10633,0,0,0
738133,65535,255,5754,-8610,0,0,1
738134,47,2,4119,-8277,1,0,0
738135,65535,255,1609,-8014,0,0,1
738136,730,0,1459,10263,1,0,1
738137,65535,255,3961,10515,0,0,0
738138,280,0,5580,10825,1,0,1
738139,65535,255,4750,-8393,0,0,1
738140,173,2,2556,-8048,1,0,0
738141,65535,255,437,9673,0,0,0
738142,65535,255,3222,10437,0,0,0
738143,65535,255,5116,10706,0,0,0
738144,341,0,5293,-8518,1,0,1
738145,34,0,3402,-8286,1,0,1
738146,65535,255,615,-8044,0,0,0
738147,160,0,2381,10364,1,0,0
738148,65535,255,4576,10667,0,0,0
738149,65535,255,5761,-8623,0,0,0
738150,65535,255,4134,-8349,0,0,1
738151,65535,255,1630,-7878,0,0,0
738152,65535,255,1437,10262,0,0,0
738153,65535,255,3942,10528,0,0,0
738154,65535,255,5570,10832,0,0,0
738155,65535,255,4763,-8413,0,0,0
738156,65535,255,2575,-8087,0,0,0
738157,65535,255,412,10046,0,0,1
738158,65535,255,3209,10494,0,0,0
738159,65535,255,5106,10740,0,0,0
738160,65535,255,5304,-8549,0,0,0
738161,65535,255,3415,-8226,0,0,0
738162,65535,255,627,-7671,0,0,0
738163,65535,255,2367,10283,0,0,1
738164,65535,255,4566,10634,0,0,1
738165,549,0,5766,-8607,1,0,1
738166,65535,255,4145,-8323,0,0,0
738167,65535,255,1651,-8141,0,0,0
738168,65535,255,1420,10214,0,0,0
738169,77,0,3935,10512,1,0,0
738170,65535,255,5565,10831,0,0,0
738171,65535,255,4770,-8413,0,0,1
738172,65535,255,2586,-8102,0,0,0
738173,65535,255,400,10122,0,0,0
738174,65535,255,3199,10366,0,0,1
738175,373,2,5099,10753,1,0,0
738176,65535,255,5307,-8493,0,0,0
738177,705,0,3425,-8262,1,0,1
738178,65535,255,645,-7938,0,0,0
738179,65535,255,2356,10361,0,0,1
738180,65535,255,4559,10646,0,0,1
738181,65535,255,5772,-8635,0,0,0
738182,65535,255,4152,-8357,0,0,0
738183,65535,255,1657,-8003,0,0,0
738184,65535,255,1414,10070,0,0,0
738185,65535,255,3929,10493,0,0,0
738186,65535,255,5561,10806,0,0,0
738187,65535,255,4774,-8386,0,0,1
738188,65535,255,2592,-8065,0,0,0
738189,65535,255,394,9955,0,0,0
738190,65535,255,3194,10491,0,0,1
738191,65535,255,5098,10748,0,0,0
738192,65535,255,5312,-8493,0,0,1
738193,65535,255,3429,-8262,0,0,0
738194,65535,255,651,-7989,0,0,0
738195,65535,255,2351,10374,0,0,0
738196,65535,255,4558,10594,0,0,1
738197,618,0,5775,-8607,1,0,1
738198,65535,255,4153,-8296,0,0,0
738199,65535,255,1663,-8080,0,0,0
738200,227,2,1407,10191,1,0,0
738201,65535,255,3926,10517,0,0,0
738202,65535,255,5561,10838,0,0,1
738203,65535,255,4777,-8427,0,0,0
738204,65535,255,2596,-8151,0,0,1
738205,65535,255,395,10623,0,0,1
738206,338,2,3194,10433,1,0,0
738207,78,2,5098,10717,1,0,0
738208,65535,255,5315,-8537,0,0,0
738209,65535,255,3429,-8217,0,0,0
738210,65535,255,645,-7782,0,0,0
738211,65535,255,2355,10334,0,0,1
738212,65535,255,4558,10669,0,0,0
738213,65535,255,5776,-8639,0,0,0
738214,65535,255,4152,-8289,0,0,0
738215,65535,255,1663,-8081,0,0,0
738216,65535,255,1413,10188,0,0,0
738217,65535,255,3929,10525,0,0,0
738218,65535,255,5563,10843,0,0,1
738219,65535,255,4778,-8443,0,0,0
738220,65535,255,2596,-8200,0,0,0
738221,65535,255,401,9707,0,0,1
738222,65535,255,3198,10482,0,0,0
738223,65535,255,5101,10748,0,0,0
738224,220,2,5310,-8496,1,0,0
738225,65535,255,3429,-8287,0,0,0
738226,1218,0,646,-8245,1,0,1
738227,65535,255,2360,10241,0,0,1
738228,517,0,4564,10639,1,0,1
738229,829,0,5772,-8621,1,0,1
738230,166,2,4149,-8364,1,0,0
738231,42,0,1652,-7999,1,0,1
738232,65535,255,1425,10118,0,0,1
738233,65535,255,3937,10504,0,0,1
738234,65535,255,5568,10840,0,0,1
738235,65535,255,4770,-8442,0,0,0
738236,65535,255,2586,-8199,0,0,0
738237,65535,255,412,9802,0,0,0
738238,65535,255,3207,10493,0,0,0
738239,65535,255,5106,10760,0,0,0
738240,65535,255,5304,-8515,0,0,0
738241,65535,255,3416,-8188,0,0,0
738242,65535,255,628,-7667,0,0,1
738243,65535,255,2370,10324,0,0,1
738244,65535,255,4569,10619,0,0,1
738245,65535,255,5765,-8588,0,0,0
738246,65535,255,4138,-8321,0,0,1
738247,65535,255,1636,-7898,0,0,1
738248,65535,255,1436,10377,0,0,1
738249,65535,255,3949,10477,0,0,1
738250,65535,255,5573,10828,0,0,0
738251,65535,255,4761,-8429,0,0,0
738252,65535,255,2572,-8184,0,0,0
738253,65535,255,429,9816,0,0,0
738254,65535,255,3221,10430,0,0,0
738255,65535,255,5112,10767,0,0,1
738256,57,0,5296,-8528,1,0,1
738257,65535,255,3399,-8221,0,0,0
738258,1112,0,610,-7931,1,0,1
738259,65535,255,2385,10405,0,0,0
738260,65535,255,4581,10619,0,0,0
738261,65535,255,5755,-8617,0,0,0
738262,65535,255,4122,-8336,0,0,0
738263,207,2,1614,-8055,1,0,0
738264,65535,255,1458,10241,0,0,0
738265,65535,255,3960,10560,0,0,0
738266,65535,255,5584,10808,0,0,0
738267,56,0,4745,-8409,1,0,1
738268,65535,255,2547,-8157,0,0,0
738269,65535,255,454,9769,0,0,0
738270,65535,255,3236,10498,0,0,0
738271,65535,255,5125,10772,0,0,0
738272,65535,255,5282,-8539,0,0,0
738273,65535,255,3381,-8246,0,0,1
738274,65535,255,580,-8160,0,0,1
738275,65535,255,2411,10251,0,0,0
738276,65535,255,4593,10661,0,0,1
738277,65535,255,5747,-8605,0,0,1
738278,65535,255,4112,-8274,0,0,1
738279,65535,255,1602,-8106,0,0,0
738280,65535,255,1465,10106,0,0,1
738281,65535,255,3965,10540,0,0,1
738282,65535,255,5583,10814,0,0,0
738283,65535,255,4747,-8438,0,0,0
738284,65535,255,2551,-8083,0,0,0
738285,299,0,445,10229,1,0,1
738286,65535,255,3229,10424,0,0,0
738287,920,0,5120,10719,1,0,1
738288,65535,255,5291,-8496,0,0,1
738289,65535,255,3394,-8211,0,0,1
738290,65535,255,610,-8093,0,0,0
738291,65535,255,2386,10301,0,0,0
738292,65535,255,4576,10613,0,0,0
738293,65535,255,5759,-8625,0,0,0
738294,65535,255,4130,-8320,0,0,1
738295,65535,255,1629,-7997,0,0,1
738296,65535,255,1437,10287,0,0,0
738297,65535,255,3946,10493,0,0,1
738298,65535,255,5570,10860,0,0,1
738299,65535,255,4761,-8416,0,0,0
738300,65535,255,2572,-8109,0,0,0
738301,65535,255,413,10529,0,0,1
738302,65535,255,3209,10495,0,0,1
738303,65535,255,5105,10716,0,0,0
738304,65535,255,5301,-8503,0,0,0
738305,65535,255,3416,-8223,0,0,0
738306,65535,255,634,-8247,0,0,1
738307,65535,255,2366,10352,0,0,0
738308,65535,255,4562,10635,0,0,0
738309,65535,255,5768,-8585,0,0,0
738310,65535,255,4148,-8363,0,0,0
738311,65535,255,1651,-8158,0,0,1
738312,65535,255,1420,10120,0,0,1
738313,65535,255,3931,10558,0,0,0
738314,103,2,5564,10833,1,0,0
738315,156,2,4773,-8384,1,0,0
738316,65535,255,2591,-8173,0,0,0
738317,65535,255,395,10210,0,0,1
738318,65535,255,3195,10465,0,0,0
738319,146,2,5098,10706,1,0,0
738320,195,2,5315,-8550,1,0,0
738321,65535,255,3431,-8251,0,0,1
738322,65535,255,656,-7785,0,0,0
738323,130,2,2346,10419,1,0,1
738324,976,0,4552,10658,1,0,1
738325,65535,255,5778,-8591,0,0,0
738326,42,0,4163,-8358,1,0,1
738327,65535,255,1673,-8099,0,0,0
738328,65535,255,1391,10381,0,0,1
738329,0,0,0,0,0,0,0
738330,65535,255,5554,10803,0,0,0
738331,65535,255,4789,-8421,0,0,0
738332,65535,255,2615,-8126,0,0,0
738333,65535,255,366,10486,0,0,0
738334,65535,255,3172,10482,0,0,0
738335,65535,255,5085,10701,0,0,1
738336,65535,255,5325,-8501,0,0,0
738337,65535,255,3449,-8192,0,0,1
738338,65535,255,679,-7989,0,0,1
738339,65535,255,2325,10278,0,0,0
738340,65535,255,4538,10600,0,0,1
738341,503,0,5789,-8619,1,0,1
738342,90,2,4177,-8305,1,0,0
738343,65535,255,1695,-7966,0,0,0
738344,65535,255,1374,10234,0,0,0
738345,65535,255,3904,10479,0,0,0
738346,176,0,5543,10850,1,0,1
738347,65535,255,4802,-8400,0,0,0
738348,65535,255,2635,-8190,0,0,0
738349,65535,255,348,10309,0,0,0
738350,72,2,3159,10470,1,0,1
738351,207,2,5076,10700,1,0,0
738352,65535,255,5336,-8485,0,0,0
738353,65535,255,3466,-8194,0,0,0
738354,65535,255,701,-8030,0,0,1
738355,65535,255,2305,10303,0,0,0
738356,65535,255,4529,10616,0,0,0
738357,65535,255,5798,-8632,0,0,1
738358,65535,255,4191,-8333,0,0,0
738359,65535,255,1716,-8062,0,0,0
738360,65535,255,1353,10354,0,0,1
738361,65535,255,3889,10521,0,0,1
738362,65535,255,5537,10812,0,0,0
738363,65535,255,4814,-8440,0,0,0
738364,0,0,0,0,0,0,0
738365,0,0,0,0,0,0,0
738366,0,0,0,0,0,0,0
738367,0,0,0,0,0,0,0
738368,0,0,0,0,0,0,0
738369,0,0,0,0,0,0,0
738370,0,0,0,0,0,0,0
738371,0,0,0,0,0,0,0
738372,0,0,0,0,0,0,0
738373,65535,255,5805,-8635,0,0,0
738374,0,0,0,0,0,0,0
738375,0,0,0,0,0,0,0
738376,65535,255,1342,10030,0,0,1
738377,65535,255,3877,10543,0,0,0
738378,0,0,0,0,0,0,0
738379,0,0,0,0,0,0,0
738380,0,0,0,0,0,0,0
738381,0,0,0,0,0,0,0
738382,0,0,0,0,0,0,0
738383,0,0,0,0,0,0,0
738384,65535,255,5351,-8507,0,0,0
738385,0,0,0,0,0,0,0
738386,0,0,0,0,0,0,0
738387,0,0,0,0,0,0,0
738388,0,0,0,0,0,0,0
738389,0,0,0,0,0,0,0
738390,0,0,0,0,0,0,0
738391,0,0,0,0,0,0,0
738392,0,0,0,0,0,0,0
738393,0,0,0,0,0,0,0
738394,0,0,0,0,0,0,0
738395,0,0,0,0,0,0,0
738396,0,0,0,0,0,0,0
738397,65535,255,303,10428,0,0,0
738398,123,2,3125,10433,1,0,0
738399,65535,255,5054,10726,0,0,0
738400,65535,255,5354,-8522,0,0,1
738401,65535,255,3495,-8275,0,0,0
738402,65535,255,742,-7898,0,0,0
738403,65535,255,2273,10285,0,0,0
738404,65535,255,4505,10620,0,0,0
738405,65535,255,5811,-8644,0,0,0
738406,829,2,4213,-8370,1,0,0
738407,65535,255,1744,-7894,0,0,0
738408,65535,255,1319,10227,0,0,0
738409,65535,255,3865,10495,0,0,0
738410,65535,255,5522,10805,0,0,0
738411,65535,255,4829,-8448,0,0,0
738412,65535,255,2674,-8144,0,0,0
738413,65535,255,297,10322,0,0,1
738414,65535,255,3121,10458,0,0,1
738415,65535,255,5051,10726,0,0,1
738416,65535,255,5357,-8533,0,0,0
738417,65535,255,3498,-8243,0,0,0
738418,65535,255,742,-8031,0,0,0
738419,65535,255,2268,10356,0,0,0
738420,65535,255,4502,10651,0,0,0
738421,65535,255,5811,-8609,0,0,1
738422,65535,255,4213,-8315,0,0,1
738423,65535,255,1750,-8064,0,0,0
738424,65535,255,1319,10075,0,0,0
738425,65535,255,3862,10551,0,0,1
738426,65535,255,5519,10841,0,0,1
738427,0,0,0,0,0,0,0
738428,65535,255,2674,-8132,0,0,0
738429,65535,255,297,10216,0,0,0
738430,65535,255,3125,10349,0,0,0
738431,198,2,5051,10737,1,0,0
738432,65535,255,5357,-8546,0,0,0
738433,65535,255,3495,-8204,0,0,0
738434,65535,255,738,-7582,0,0,1
738435,65535,255,2274,10229,0,0,0
738436,65535,255,4505,10602,0,0,1
738437,427,2,5811,-8648,1,0,1
738438,65535,255,4210,-8327,0,0,0
738439,65535,255,1744,-7988,0,0,1
738440,65535,255,1324,10311,0,0,1
738441,65535,255,3869,10566,0,0,0
738442,65535,255,5524,10861,0,0,0
738443,65535,255,4824,-8402,0,0,1
738444,65535,255,2674,-8120,0,0,0
738445,65535,255,298,10663,0,0,0
738446,65535,255,3120,10438,0,0,1
738447,65535,255,5047,10727,0,0,1
738448,65535,255,5362,-8552,0,0,1
738449,65535,255,3508,-8258,0,0,0
738450,65535,255,760,-8076,0,0,0
738451,65535,255,2257,10227,0,0,0
738452,65535,255,4491,10637,0,0,0
738453,65535,255,5823,-8621,0,0,0
738454,65535,255,4232,-8372,0,0,1
738455,65535,255,1777,-8051,0,0,1
738456,65535,255,1289,10201,0,0,1
738457,65535,255,3840,10547,0,0,0
738458,182,0,5508,10797,1,0,1
738459,65535,255,4851,-8430,0,0,0
738460,45,0,2709,-8102,1,0,1
738461,31,0,251,10763,1,0,1
738462,65535,255,3087,10454,0,0,0
738463,65535,255,5028,10744,0,0,0
738464,65535,255,5382,-8498,0,0,0
738465,65535,255,3539,-8226,0,0,0
738466,65535,255,801,-7746,0,0,0
738467,362,2,2219,10354,1,0,0
738468,209,0,4470,10602,1,0,1
738469,65535,255,5838,-8602,0,0,0
738470,102,0,4256,-8356,1,0,1
738471,65535,255,1811,-8036,0,0,0
738472,65535,255,1256,10223,0,0,0
738473,65535,255,3815,10559,0,0,1
738474,65535,255,5493,10812,0,0,0
738475,65535,255,4871,-8416,0,0,0
738476,65535,255,2743,-8174,0,0,0
738477,65535,255,221,9634,0,0,1
738478,65535,255,3060,10380,0,0,0
738479,65535,255,5028,10713,0,0,0
738480,65535,255,5381,-8503,0,0,0
738481,65535,255,3534,-8223,0,0,1
738482,65535,255,790,-8167,0,0,0
738483,65535,255,2230,10335,0,0,0
738484,65535,255,4480,10624,0,0,0
738485,65535,255,5833,-8644,0,0,0
738486,65535,255,4242,-8345,0,0,1
738487,377,0,1789,-8093,1,0,1
738488,65535,255,1287,10164,0,0,1
738489,65535,255,3844,10534,0,0,1
738490,65535,255,5510,10816,0,0,0
738491,65535,255,4848,-8456,0,0,0
738492,65535,255,2704,-8128,0,0,0
738493,65535,255,273,9864,0,0,0
738494,158,2,3101,10431,1,0,0
738495,65535,255,5040,10683,0,0,1
738496,65535,255,5371,-8553,0,0,0
738497,65535,255,3513,-8195,0,0,1
738498,65535,255,766,-8081,0,0,0
738499,65535,255,2257,10323,0,0,0
738500,65535,255,4497,10627,0,0,0
738501,128,0,5819,-8650,1,0,1
738502,65535,255,4224,-8369,0,0,1
738503,65535,255,1761,-8165,0,0,0
738504,65535,255,1312,10149,0,0,0
738505,65535,255,3862,10497,0,0,1
738506,65535,255,5521,10851,0,0,1
738507,65535,255,4830,-8414,0,0,0
738508,65535,255,2675,-8065,0,0,0
738509,65535,255,305,9346,0,0,1
738510,65535,255,3128,10395,0,0,1
738511,65535,255,5055,10746,0,0,0
738512,65535,255,5355,-8545,0,0,0
738513,65535,255,3488,-8182,0,0,1
738514,65535,255,725,-8085,0,0,0
738515,65535,255,2288,10342,0,0,0
738516,65535,255,4517,10644,0,0,0
738517,65535,255,5802,-8599,0,0,1
738518,65535,255,4195,-8297,0,0,1
738519,65535,255,1722,-7993,0,0,0
738520,65535,255,1352,10329,0,0,1
738521,65535,255,3888,10526,0,0,1
