sdate,line_t,line_tmq,line_tvza,line_tvaa,line_tm2,line_QFDNB,line_tm_buf
735235,839,0,2368,9857,1,0,1
735236,65535,255,4438,9606,0,0,0
735237,776,0,5161,-6900,1,0,1
735238,786,0,3564,-7289,1,0,1
735239,65535,255,1232,-7751,0,0,0
735240,65535,255,1518,10187,0,0,0
735241,65535,255,3837,9744,0,0,0
735242,65535,255,5430,9376,0,0,0
735243,65535,255,4165,-7095,0,0,0
735244,65535,255,2083,-7527,0,0,0
735245,851,2,627,9787,1,0,1
735246,65535,255,3158,9809,0,0,0
735247,65535,255,4976,9489,0,0,0
735248,65535,255,4692,-7052,0,0,0
735249,65535,255,2854,-7414,0,0,0
735250,65535,255,297,-7116,0,0,0
735251,65535,255,2387,9988,0,0,0
735252,901,0,4451,9572,1,0,1
735253,65535,255,5156,-6943,0,0,0
735254,65535,255,3556,-7222,0,0,0
735255,65535,255,1225,-7562,0,0,0
735256,65535,255,1523,10015,0,0,0
735257,724,0,3837,9683,1,0,0
735258,65535,255,5425,9411,0,0,0
735259,65535,255,4172,-7134,0,0,0
735260,65535,255,2094,-7378,0,0,0
735261,988,0,603,10052,1,0,1
735262,65535,255,3141,9851,0,0,0
735263,852,0,4960,9509,1,0,1
735264,65535,255,4708,-7059,0,0,0
735265,65535,255,2887,-7430,0,0,0
735266,65535,255,343,-7966,0,0,0
735267,65535,255,2352,9899,0,0,0
735268,65535,255,4424,9634,0,0,0
735269,65535,255,5173,-6922,0,0,0
735270,65535,255,3582,-7201,0,0,0
735271,65535,255,1259,-7505,0,0,0
735272,65535,255,1485,9997,0,0,0
735273,65535,255,3809,9687,0,0,0
735274,976,0,5406,9421,1,0,1
735275,986,0,4194,-7156,1,0,1
735276,65535,255,2125,-7429,0,0,0
735277,65535,255,567,10340,0,0,0
735278,65535,255,3109,9915,0,0,0
735279,65535,255,4940,9524,0,0,1
735280,65535,255,4725,-7020,0,0,0
735281,65535,255,2910,-7372,0,0,0
735282,884,2,372,-7494,3,0,1
735283,65535,255,2322,9859,0,0,0
735284,932,0,4404,9619,3,0,1
735285,65535,255,5188,-6917,0,0,0
735286,65535,255,3603,-7197,0,0,0
735287,65535,255,1288,-7530,0,0,0
735288,65535,255,1457,10044,0,0,0
735289,0,0,0,0,0,0,0
735290,65535,255,5393,9434,0,0,0
735291,691,0,4212,-7166,1,0,1
735292,65535,255,2152,-7440,0,0,0
735293,65535,255,539,10349,0,0,0
735294,939,0,3087,9899,1,0,1
735295,65535,255,4922,9540,0,0,0
735296,908,0,4738,-6999,1,0,1
735297,1102,0,2934,-7315,1,0,1
735298,1106,0,402,-7096,1,0,1
735299,0,0,0,0,0,0,0
735300,65535,255,4381,9675,0,0,0
735301,65535,255,5200,-6873,0,0,0
735302,65535,255,3624,-7251,0,0,0
735303,727,2,1322,-7679,1,0,1
735304,65535,255,1429,10140,0,0,0
735305,65535,255,3765,9742,0,0,0
735306,65535,255,5377,9375,0,0,0
735307,65535,255,4227,-7094,0,0,0
735308,1161,0,2179,-7525,1,0,1
735309,1127,0,511,9846,1,0,1
735310,65535,255,3064,9833,0,0,0
735311,65535,255,4907,9516,0,0,0
735312,718,0,4751,-6989,1,0,1
735313,919,2,2953,-7311,1,0,0
735314,707,0,432,-7131,1,0,1
735315,1093,0,2269,10022,1,0,1
735316,65535,255,4368,9600,0,0,0
735317,65535,255,5211,-6905,0,0,0
735318,65535,255,3640,-7183,0,0,0
735319,65535,255,1339,-7525,0,0,0
735320,65535,255,1406,10049,0,0,0
735321,65535,255,3749,9721,0,0,0
735322,65535,255,5367,9404,0,0,0
735323,185,2,4241,-7098,1,0,1
735324,757,0,2192,-7515,1,0,1
735325,65535,255,487,10103,0,0,0
735326,65535,255,3045,9897,0,0,0
735327,65535,255,4895,9557,0,0,0
735328,961,0,4764,-7038,1,0,1
735329,65535,255,2967,-7355,0,0,0
735330,676,0,448,-8111,1,0,1
735331,65535,255,2258,9994,0,0,0
735332,65535,255,4361,9602,0,0,0
735333,65535,255,5217,-6919,0,0,0
735334,779,0,3648,-7222,1,0,1
735335,1009,0,1356,-7670,1,0,1
735336,65535,255,1395,10123,0,0,0
735337,846,0,3742,9765,1,0,1
735338,1155,0,5363,9433,1,0,1
735339,1086,0,4248,-7096,1,0,1
735340,65535,255,2200,-7361,0,0,0
735341,65535,255,481,10447,0,0,0
735342,944,0,3045,9805,1,0,1
735343,916,0,4895,9513,1,0,1
735344,65535,255,4767,-7009,0,0,0
735345,65535,255,2972,-7404,0,0,0
735346,65535,255,454,-8106,0,0,0
735347,65535,255,2253,10025,0,0,0
735348,971,0,4360,9622,1,0,1
735349,928,0,5219,-6867,1,0,1
735350,65535,255,3652,-7278,0,0,0
735351,0,0,0,0,0,0,0
735352,65535,255,1394,10124,0,0,0
735353,65535,255,3745,9778,0,0,0
735354,65535,255,5365,9424,0,0,0
735355,65535,255,4248,-7103,0,0,0
735356,65535,255,2205,-7405,0,0,0
735357,1071,0,482,9782,1,0,1
735358,1010,0,3044,9867,1,0,1
735359,929,0,4895,9558,1,0,1
735360,65535,255,6139,9167,0,0,0
735361,943,0,2971,-7362,1,0,1
735362,1041,0,447,-7966,1,0,1
735363,1013,0,2258,10039,1,0,0
735364,65535,255,4363,9649,0,0,0
735365,65535,255,5778,9285,0,0,0
735366,65535,255,6745,8977,0,0,0
735367,1119,0,1350,-7400,1,0,1
735368,1120,0,1406,10051,1,0,1
735369,1111,0,3749,9770,1,0,1
735370,65535,255,5370,9432,0,0,0
735371,65535,255,6460,9087,0,0,0
735372,65535,255,-32768,-32768,0,65535,0
735373,65535,255,492,10239,0,0,0
735374,65535,255,3054,9825,0,0,0
735375,65535,255,4903,9551,0,0,0
735376,1008,0,6144,9169,1,0,1
735377,65535,255,7004,8847,0,0,0
735378,65535,255,-32768,-32768,0,65535,0
735379,65535,255,2279,9922,0,0,0
735380,922,0,4374,9608,1,0,0
735381,1146,0,5785,9270,1,0,1
735382,0,0,0,0,0,0,0
735383,65535,255,-32768,-32768,0,65535,0
735384,65535,255,1422,10144,0,0,0
735385,65535,255,3765,9696,0,0,0
735386,65535,255,5381,9400,0,0,0
735387,65535,255,6468,9070,0,0,0
735388,65535,255,-32768,-32768,0,65535,0
735389,65535,255,-32768,-32768,0,65535,1
735390,65535,255,3073,9833,0,0,0
735391,65535,255,4919,9482,0,0,0
735392,65535,255,6153,9185,0,0,0
735393,0,0,0,0,0,0,0
735394,65535,255,-32768,-32768,0,65535,0
735395,65535,255,-32768,-32768,0,65535,1
735396,826,0,4391,9586,1,0,0
735397,748,0,5796,9294,1,0,1
735398,65535,255,6757,8972,0,0,1
735399,65535,255,-32768,-32768,0,65535,1
735400,65535,255,-32768,-32768,0,65535,1
735401,806,0,3785,9732,1,0,1
735402,651,0,5392,9426,1,0,1
735403,691,0,6476,9060,1,0,1
735404,0,0,0,0,0,0,0
735405,65535,255,-32768,-32768,0,65535,1
735406,65535,255,-32768,-32768,0,65535,1
735407,65535,255,4934,9550,0,0,0
735408,1041,0,6162,9178,1,0,1
735409,0,0,0,0,0,0,0
735410,65535,255,-32768,-32768,0,65535,1
735411,65535,255,-32768,-32768,0,65535,1
735412,849,0,4408,9607,1,0,1
735413,842,0,5810,9283,1,0,1
735414,65535,255,6767,8944,0,0,1
735415,65535,255,-32768,-32768,0,65535,1
735416,65535,255,-32768,-32768,0,65535,1
735417,879,0,3809,9696,1,0,1
735418,65535,255,5409,9412,0,0,0
735419,796,0,6487,9065,1,0,1
735420,65535,255,-32768,-32768,0,65535,1
735421,65535,255,-32768,-32768,0,65535,0
735422,65535,255,3127,9815,0,0,0
735423,65535,255,4955,9484,0,0,0
735424,65535,255,6174,9200,0,0,0
735425,65535,255,-32768,-32768,0,65535,1
735426,65535,255,-32768,-32768,0,65535,0
735427,816,0,2363,10007,1,0,0
735428,65535,255,4435,9577,0,0,0
735429,65535,255,5825,9266,0,0,0
735430,65535,255,6777,8937,0,0,1
735431,65535,255,-32768,-32768,0,65535,1
735432,861,0,1523,9954,1,0,1
735433,795,0,3833,9770,1,0,1
735434,805,0,5423,9379,1,0,1
735435,831,0,6495,9062,1,0,1
735436,65535,255,-32768,-32768,0,65535,1
735437,966,0,602,10217,1,0,1
735438,65535,255,3136,9863,0,0,0
735439,65535,255,4958,9506,0,0,0
735440,794,0,6177,9154,1,0,1
735441,841,0,2877,-7387,1,0,1
735442,930,0,337,-7384,1,0,1
735443,859,0,2353,10008,1,0,1
735444,854,0,4425,9572,1,0,1
735445,838,0,5817,9264,1,0,1
735446,1070,0,3578,-7216,1,0,1
735447,854,0,1254,-7506,1,0,1
735448,884,0,1496,9977,1,0,1
735449,846,0,3813,9782,1,0,1
735450,65535,255,5409,9393,0,0,0
735451,978,0,4187,-7101,1,0,1
735452,958,0,2121,-7520,1,0,1
735453,65535,255,581,9709,0,0,0
735454,65535,255,3118,9787,0,0,0
735455,65535,255,4944,9476,0,0,0
735456,846,0,4719,-7019,1,0,1
735457,928,0,2901,-7350,1,0,1
735458,930,0,362,-7124,1,0,1
735459,873,0,2332,10000,1,0,1
735460,65535,255,4411,9584,0,0,0
735461,771,2,5179,-6872,1,0,0
735462,857,0,3595,-7239,1,0,1
735463,906,0,1282,-7633,1,0,1
735464,891,0,1468,10091,1,0,1
735465,1080,0,3797,9714,1,0,1
735466,955,0,5400,9434,1,0,0
735467,942,0,4205,-7173,1,0,1
735468,892,0,2136,-7457,1,0,1
735469,1078,0,550,10470,1,0,1
735470,65535,255,3101,9770,0,0,0
735471,65535,255,4934,9489,0,0,0
735472,65535,255,4731,-7028,0,0,0
735473,65535,255,2920,-7380,0,0,0
735474,65535,255,383,-7586,0,0,0
735475,65535,255,2317,9876,0,0,0
735476,792,0,4401,9628,1,0,1
735477,720,0,5190,-6926,1,0,1
735478,65535,255,3607,-7212,0,0,0
735479,0,0,0,0,0,0,0
735480,818,0,1456,10070,1,0,1
735481,829,0,3789,9724,1,0,1
735482,752,0,5395,9373,1,0,1
735483,997,0,4212,-7090,1,0,1
735484,904,0,2152,-7544,1,0,1
735485,65535,255,545,9987,0,0,0
735486,823,0,3091,9861,1,0,1
735487,806,0,4928,9530,1,0,1
735488,838,0,4738,-7004,1,0,1
735489,876,0,2929,-7357,1,0,1
735490,988,0,395,-7504,1,0,1
735491,65535,255,2311,9877,0,0,0
735492,65535,255,4394,9643,0,0,0
735493,601,0,5193,-6863,1,0,1
735494,65535,255,3615,-7252,0,0,0
735495,902,0,1305,-7731,1,0,1
735496,896,0,1450,9941,1,0,1
735497,819,0,3785,9796,1,0,1
735498,736,0,5392,9423,1,0,1
735499,672,0,4216,-7177,1,0,1
735500,901,0,2157,-7513,1,0,1
735501,891,0,539,9926,1,0,1
735502,65535,255,3087,9872,0,0,0
735503,854,0,4927,9547,1,0,1
735504,65535,255,4741,-7032,0,0,0
735505,65535,255,2929,-7421,0,0,0
735506,65535,255,396,-8257,0,0,0
735507,65535,255,2305,10018,0,0,0
735508,65535,255,4394,9611,0,0,0
735509,65535,255,5193,-6929,0,0,0
735510,65535,255,3611,-7244,0,0,0
735511,65535,255,1304,-7682,0,0,0
735512,65535,255,1451,9956,0,0,0
735513,65535,255,3785,9710,0,0,0
735514,65535,255,5392,9379,0,0,0
735515,65535,255,4212,-7123,0,0,0
735516,65535,255,2152,-7424,0,0,0
735517,65535,255,546,9684,0,0,0
735518,65535,255,3091,9852,0,0,0
735519,65535,255,4928,9541,0,0,0
735520,65535,255,4734,-7044,0,0,0
735521,65535,255,2920,-7293,0,0,0
735522,65535,255,384,-7325,0,0,0
735523,798,0,2317,9891,1,0,1
735524,832,0,4397,9655,1,0,1
735525,705,0,5188,-6910,1,0,1
735526,786,0,3603,-7228,1,0,1
735527,65535,255,1288,-7549,0,0,0
735528,65535,255,1462,10024,0,0,0
735529,65535,255,3793,9748,0,0,0
735530,65535,255,5398,9411,0,0,0
735531,65535,255,4202,-7084,0,0,0
735532,65535,255,2136,-7379,0,0,0
735533,65535,255,557,10523,0,0,0
735534,65535,255,3105,9870,0,0,0
735535,65535,255,4938,9479,0,0,0
735536,65535,255,4722,-6988,0,0,0
735537,65535,255,2906,-7392,0,0,0
735538,65535,255,363,-6941,0,0,0
735539,826,0,2332,9876,1,0,1
735540,65535,255,4412,9583,0,0,0
735541,65535,255,5177,-6927,0,0,0
735542,65535,255,3586,-7281,0,0,0
735543,65535,255,1265,-7582,0,0,0
735544,65535,255,1491,9914,0,0,0
735545,852,0,3813,9729,1,0,1
735546,65535,255,5409,9414,0,0,0
735547,65535,255,4183,-7107,0,0,0
735548,732,0,2110,-7474,1,0,1
735549,985,0,591,10222,1,0,1
735550,751,0,3131,9836,1,0,1
735551,726,0,4956,9480,1,0,1
735552,65535,255,4702,-7009,0,0,0
735553,65535,255,2873,-7287,0,0,0
735554,65535,255,331,-7772,0,0,0
735555,65535,255,2363,10035,0,0,0
735556,65535,255,4435,9579,0,0,1
735557,0,0,0,0,0,0,0
735558,65535,255,3561,-7276,0,0,0
735559,65535,255,1231,-7559,0,0,0
735560,65535,255,1519,9891,0,0,0
735561,65535,255,3830,9719,0,0,0
735562,65535,255,5420,9401,0,0,0
735563,824,0,4173,-7081,1,0,1
735564,982,0,2094,-7398,1,0,1
735565,854,0,597,9890,1,0,1
735566,892,0,3132,9768,1,0,1
735567,856,0,4952,9525,1,0,1
735568,65535,255,4709,-7043,0,0,0
735569,687,0,2887,-7350,1,0,1
735570,65535,255,344,-8252,0,0,0
735571,868,0,2348,9877,1,0,1
735572,720,2,4422,9588,1,0,1
735573,723,0,5171,-6891,1,0,1
735574,781,0,3582,-7188,1,0,1
735575,904,0,1265,-7708,1,0,1
735576,752,0,1485,10112,1,0,1
735577,65535,255,3810,9699,0,0,0
735578,671,2,5406,9405,1,0,1
735579,65535,255,4190,-7105,0,0,0
735580,65535,255,2125,-7486,0,0,0
735581,799,0,568,10401,1,0,1
735582,795,0,3109,9880,1,0,1
735583,807,0,4940,9518,1,0,1
735584,738,0,4722,-7057,1,0,1
735585,778,0,2906,-7401,1,0,1
735586,792,0,366,-7490,1,0,1
735587,65535,255,2327,10031,0,0,0
735588,65535,255,4412,9584,0,0,0
735589,65535,255,5179,-6874,0,0,0
735590,65535,255,3594,-7236,0,0,0
735591,65535,255,1276,-7579,0,0,0
735592,65535,255,1474,10025,0,0,0
735593,65535,255,3801,9693,0,0,0
735594,65535,255,5400,9412,0,0,0
735595,668,0,4201,-7137,1,0,1
735596,65535,255,2131,-7379,0,0,0
735597,65535,255,556,10112,0,0,0
735598,781,2,3105,9861,1,0,1
735599,65535,255,4937,9519,0,0,0
735600,65535,255,4725,-6980,0,0,0
735601,65535,255,2910,-7292,0,0,0
735602,65535,255,373,-8205,0,0,0
735603,0,0,0,0,0,0,0
735604,65535,255,4408,9662,0,0,0
735605,761,2,5182,-6869,1,0,1
735606,618,2,3598,-7244,1,0,1
735607,65535,255,1282,-7682,0,0,0
735608,65535,255,1468,10185,0,0,0
735609,65535,255,3797,9757,0,0,0
735610,65535,255,5403,9393,0,0,0
735611,749,0,4201,-7123,1,0,1
735612,65535,255,2131,-7379,0,0,0
735613,65535,255,562,10287,0,0,0
735614,65535,255,3105,9921,0,0,0
735615,65535,255,4943,9475,0,0,0
735616,65535,255,4725,-7044,0,0,0
735617,65535,255,2906,-7433,0,0,1
735618,65535,255,367,-8122,0,0,0
735619,65535,255,2332,9975,0,0,0
735620,65535,255,4414,9591,0,0,0
735621,65535,255,5179,-6895,0,0,0
735622,65535,255,3594,-7270,0,0,0
735623,891,0,1277,-7683,1,0,0
735624,984,0,1473,10093,1,0,1
735625,979,0,3805,9709,1,0,1
735626,65535,255,5403,9422,0,0,0
735627,65535,255,4197,-7151,0,0,0
735628,873,0,2131,-7394,1,0,1
735629,65535,255,561,10172,0,0,0
735630,65535,255,3109,9861,0,0,0
735631,160,2,4940,9519,1,0,1
735632,65535,255,4721,-6975,0,0,0
735633,65535,255,2906,-7271,0,0,0
735634,65535,255,366,-8034,0,0,0
735635,65535,255,2332,9989,0,0,0
735636,65535,255,4411,9579,0,0,0
735637,0,0,0,0,0,0,0
735638,638,0,3594,-7261,1,0,1
735639,65535,255,1277,-7735,0,0,0
735640,65535,255,1474,10207,0,0,0
735641,65535,255,3801,9772,0,0,0
735642,65535,255,5403,9398,0,0,0
735643,65535,255,4194,-7131,0,0,0
735644,795,0,2126,-7393,1,0,1
735645,897,0,568,10286,1,0,1
735646,65535,255,3114,9920,0,0,0
735647,65535,255,4943,9480,0,0,0
735648,715,0,4718,-7045,1,0,1
735649,65535,255,2901,-7422,0,0,0
735650,65535,255,361,-8131,0,0,0
735651,65535,255,2337,9975,0,0,0
735652,65535,255,4418,9590,0,0,0
735653,65535,255,5174,-6906,0,0,0
735654,871,0,3582,-7195,1,0,1
735655,1035,0,1259,-7607,1,0,1
735656,65535,255,1491,10156,0,0,0
735657,65535,255,3813,9770,0,0,0
735658,65535,255,5412,9415,0,0,0
735659,65535,255,4183,-7180,0,0,0
735660,65535,255,2110,-7548,0,0,0
735661,65535,255,591,10224,0,0,0
735662,65535,255,3132,9780,0,0,0
735663,65535,255,4955,9511,0,0,0
735664,65535,255,4702,-7007,0,0,0
735665,886,0,2877,-7404,1,0,1
735666,1053,0,329,-7128,1,0,1
735667,1047,0,2368,9849,1,0,1
735668,918,0,4432,9657,1,0,1
735669,65535,255,5157,-6900,0,0,0
735670,958,0,3561,-7224,1,0,1
735671,983,0,1231,-7557,1,0,1
735672,975,0,1512,10044,1,0,1
735673,847,0,3829,9705,1,0,1
735674,65535,255,5418,9433,0,0,0
735675,893,0,4176,-7174,1,0,1
735676,1000,0,2100,-7473,1,0,1
735677,65535,255,586,10565,0,0,0
735678,884,0,3127,9810,1,0,1
735679,65535,255,4950,9501,0,0,0
735680,65535,255,4712,-6970,0,0,0
735681,65535,255,2891,-7293,0,0,0
735682,65535,255,356,-7021,0,0,0
735683,65535,255,2332,10031,0,0,0
735684,65535,255,4409,9618,0,0,0
735685,65535,255,5180,-6924,0,0,0
735686,856,0,3594,-7226,1,0,1
735687,1031,0,1283,-7707,1,0,1
735688,65535,255,1469,9912,0,0,0
735689,65535,255,3794,9688,0,0,0
735690,862,0,5395,9439,1,0,1
735691,880,0,4205,-7107,1,0,1
735692,839,0,2141,-7391,1,0,1
735693,65535,255,545,10539,0,0,0
735694,65535,255,3091,9835,0,0,0
735695,65535,255,4925,9539,0,0,0
735696,807,0,4735,-7040,1,0,1
735697,65535,255,2924,-7299,0,0,0
735698,946,0,395,-7417,1,0,1
735699,922,0,2301,9924,1,0,1
735700,993,0,4388,9590,1,0,1
735701,65535,255,5197,-6924,0,0,0
735702,65535,255,3620,-7263,0,0,0
735703,853,0,1310,-7497,1,0,0
735704,939,0,1434,10170,1,0,1
735705,905,0,3773,9711,1,0,1
735706,932,0,5385,9379,1,0,1
735707,874,0,4223,-7151,1,0,1
735708,65535,255,2168,-7538,0,0,0
735709,849,0,516,10434,1,0,1
735710,65535,255,3073,9848,0,0,0
735711,65535,255,4916,9481,0,0,0
735712,790,0,4748,-7002,1,0,1
735713,65535,255,2943,-7265,0,0,1
735714,65535,255,418,-7507,0,0,0
735715,895,0,2284,9983,1,0,1
735716,65535,255,4378,9643,0,0,0
735717,65535,255,5205,-6907,0,0,0
735718,65535,255,3628,-7261,0,0,0
735719,65535,255,1327,-7572,0,0,0
735720,783,0,1429,9961,1,0,1
735721,65535,255,3765,9764,0,0,0
735722,818,0,5379,9439,1,0,0
735723,65535,255,4230,-7156,0,0,0
735724,998,0,2173,-7358,1,0,1
735725,1158,0,511,9789,1,0,1
735726,65535,255,3069,9787,0,0,0
735727,825,0,4910,9549,1,0,1
735728,65535,255,6147,9176,0,0,0
735729,859,0,2947,-7275,1,0,1
735730,907,0,424,-7822,1,0,1
735731,973,0,2282,9953,1,0,1
735732,65535,255,4378,9599,0,0,0
735733,747,0,5788,9278,1,0,1
735734,65535,255,6750,8986,0,0,1
735735,913,0,1327,-7596,1,0,1
735736,1037,0,1423,10008,1,0,1
735737,866,0,3765,9791,1,0,1
735738,733,0,5379,9406,1,0,1
735739,65535,255,6466,9083,0,0,0
735740,65535,255,-32768,-32768,0,65535,1
735741,65535,255,517,9791,0,0,0
735742,65535,255,3068,9808,0,0,0
735743,881,0,4916,9487,1,0,1
735744,65535,255,6149,9203,0,0,0
735745,0,0,0,0,0,0,0
735746,65535,255,-32768,-32768,0,65535,0
735747,826,0,2289,10039,1,0,1
735748,762,0,4384,9598,1,0,1
735749,65535,255,5790,9286,0,0,0
735750,0,0,0,0,0,0,0
735751,65535,255,-32768,-32768,0,65535,1
735752,65535,255,-32768,-32768,0,65535,0
735753,65535,255,3773,9755,0,0,0
735754,65535,255,5384,9385,0,0,0
735755,65535,255,6470,9075,0,0,0
735756,0,0,0,0,0,0,0
735757,65535,255,-32768,-32768,0,65535,0
735758,65535,255,-32768,-32768,0,65535,1
735759,723,0,4922,9508,1,0,1
735760,591,0,6153,9167,1,0,1
735761,0,0,0,0,0,0,0
735762,65535,255,-32768,-32768,0,65535,0
735763,65535,255,-32768,-32768,0,65535,0
735764,716,0,4391,9674,1,0,0
735765,65535,255,5798,9275,0,0,0
735766,0,0,0,0,0,0,0
735767,0,0,0,0,0,0,0
735768,65535,255,-32768,-32768,0,0,0
735769,65535,255,-32768,-32768,0,65535,1
735770,65535,255,5393,9407,0,0,0
735771,792,0,6476,9063,1,0,1
735772,0,0,0,0,0,0,0
735773,0,0,0,0,0,0,0
735774,65535,255,-32768,-32768,0,65535,1
735775,65535,255,4934,9494,0,0,0
735776,65535,255,6162,9160,0,0,0
735777,0,0,0,0,0,0,0
735778,0,0,0,0,0,0,0
735779,65535,255,-32768,-32768,0,65535,0
735780,678,0,4408,9593,1,0,0
735781,734,0,5807,9294,1,0,1
735782,0,0,0,0,0,0,0
735783,65535,255,-32768,-32768,0,65535,1
735784,65535,255,-32768,-32768,0,65535,0
735785,623,2,3797,9750,1,0,1
735786,761,0,5398,9429,1,0,1
735787,358,0,6478,9089,1,0,0
735788,0,0,0,0,0,0,0
735789,65535,255,-32768,-32768,0,65535,1
735790,65535,255,3101,9854,0,0,0
735791,790,0,4935,9487,1,0,1
735792,65535,255,6162,9187,0,0,0
735793,65535,255,7017,8863,0,0,1
735794,65535,255,-32768,-32768,0,65535,0
735795,650,0,2322,10020,1,0,1
735796,690,0,4402,9665,1,0,1
735797,700,0,5803,9307,1,0,1
735798,65535,255,6762,8955,0,0,1
735799,65535,255,-32768,-32768,0,65535,1
735800,65535,255,1462,10028,0,0,0
735801,65535,255,3793,9783,0,0,0
735802,65535,255,5398,9381,0,0,0
735803,65535,255,6478,9060,0,0,0
735804,65535,255,-32768,-32768,0,65535,0
735805,744,2,556,9996,1,0,1
735806,65535,255,3101,9805,0,0,0
735807,65535,255,4932,9550,0,0,0
735808,691,0,6161,9179,1,0,1
735809,65535,255,2915,-7429,0,0,0
735810,65535,255,377,-7667,0,0,0
735811,718,0,2311,9879,1,0,1
735812,65535,255,4401,9605,0,0,0
735813,65535,255,5805,9279,0,0,0
735814,712,0,3590,-7254,1,0,1
735815,726,0,1265,-7607,1,0,1
735816,772,0,1490,10024,1,0,1
735817,745,0,3822,9674,1,0,1
735818,65535,255,5417,9398,0,0,0
735819,65535,255,4169,-7122,0,0,0
735820,65535,255,2089,-7459,0,0,0
735821,65535,255,608,10058,0,0,0
735822,673,0,3145,9786,1,0,1
735823,507,0,4961,9529,1,0,0
735824,0,0,0,0,0,0,0
735825,579,0,2872,-7330,1,0,1
735826,709,0,332,-7974,1,0,1
735827,65535,255,2358,10024,0,0,0
735828,659,0,4428,9657,1,0,1
735829,634,0,5165,-6904,1,0,1
735830,65535,255,3573,-7249,0,0,0
735831,65535,255,1248,-7502,0,0,0
735832,601,0,1496,10197,1,0,1
735833,767,0,3817,9706,3,0,1
735834,65535,255,5414,9399,0,0,0
735835,573,0,4183,-7086,1,0,1
735836,65535,255,2110,-7411,0,0,0
735837,65535,255,585,9943,0,0,0
735838,65535,255,3123,9780,0,0,0
735839,585,0,4946,9533,1,0,1
735840,65535,255,4718,-7057,0,0,0
735841,65535,255,2896,-7370,0,0,0
735842,622,2,357,-6928,1,0,1
735843,532,0,2337,9919,1,0,1
735844,634,0,4415,9609,1,0,1
735845,586,0,5176,-6880,1,0,1
735846,65535,255,3590,-7220,0,0,0
735847,65535,255,1271,-7450,0,0,0
735848,602,2,1474,10207,1,0,0
735849,588,0,3805,9723,1,0,1
735850,65535,255,5403,9417,0,0,0
735851,65535,255,4197,-7117,0,0,0
735852,624,0,2131,-7515,1,0,1
735853,65535,255,546,9683,0,0,0
735854,65535,255,3095,9859,0,0,0
735855,571,0,4931,9541,1,0,1
735856,661,0,4735,-7002,1,0,1
735857,659,0,2919,-7339,1,0,1
735858,601,0,389,-7847,1,0,1
735859,575,0,2316,9987,1,0,1
735860,65535,255,4401,9621,0,0,0
735861,65535,255,5190,-6871,0,0,0
735862,65535,255,3610,-7277,0,0,0
735863,564,0,1293,-7632,1,0,1
735864,608,0,1463,9907,1,0,1
735865,65535,255,3793,9715,0,0,0
735866,528,0,5398,9400,1,0,1
735867,65535,255,4208,-7172,0,0,0
735868,569,0,2141,-7366,1,0,1
735869,593,0,550,9987,1,0,1
735870,652,0,3100,9770,1,0,1
735871,753,0,4934,9517,1,0,1
735872,65535,255,4731,-7018,0,0,0
735873,65535,255,2919,-7306,0,0,0
735874,65535,255,383,-7849,0,0,0
735875,575,0,2311,10044,1,0,1
735876,595,2,4396,9607,1,0,1
735877,679,0,5196,-6930,1,0,0
735878,65535,255,3616,-7177,0,0,0
735879,65535,255,1311,-7757,0,0,0
735880,65535,255,1440,10141,0,0,0
735881,65535,255,3777,9702,0,0,0
735882,65535,255,5384,9428,0,0,0
735883,65535,255,4222,-7142,0,0,0
735884,65535,255,2170,-7470,0,0,0
735885,65535,255,522,9790,0,0,0
735886,65535,255,3073,9792,0,0,0
735887,65535,255,4913,9554,0,0,0
735888,65535,255,4764,-6981,0,0,0
735889,65535,255,2962,-7413,0,0,0
735890,65535,255,435,-7604,0,0,0
735891,516,0,2274,10030,1,0,0
735892,65535,255,4374,9591,0,0,1
735893,489,0,5207,-6872,1,0,0
735894,736,0,3633,-7223,1,0,1
735895,573,0,1322,-7534,1,0,1
735896,575,0,1434,9972,1,0,1
735897,579,0,3773,9783,1,0,1
735898,65535,255,5387,9392,0,0,0
735899,560,0,4216,-7123,1,0,1
735900,622,0,2158,-7565,1,0,1
735901,659,0,545,9919,1,0,1
735902,65535,255,3096,9833,0,0,0
735903,65535,255,4931,9531,0,0,0
735904,65535,255,4732,-6988,0,0,0
735905,734,0,2920,-7419,1,0,1
735906,65535,255,389,-7510,0,0,0
735907,423,0,2311,9996,1,0,1
735908,65535,255,4394,9655,0,0,0
735909,65535,255,5191,-6921,0,0,0
735910,530,0,3612,-7293,1,0,1
735911,629,0,1300,-7713,1,0,0
735912,65535,255,1450,10110,0,0,0
735913,65535,255,3785,9695,0,0,0
735914,65535,255,5390,9411,0,0,0
735915,65535,255,4212,-7130,0,0,0
735916,65535,255,2169,-7568,0,0,0
735917,65535,255,521,9907,0,0,0
735918,65535,255,3073,9822,0,0,0
735919,65535,255,4913,9499,0,0,0
735920,65535,255,4752,-7058,0,0,0
735921,65535,255,2953,-7428,0,0,0
735922,595,0,424,-7996,1,0,1
735923,546,0,2280,9925,1,0,1
735924,585,0,4371,9654,1,0,1
735925,65535,255,5208,-6871,0,0,0
735926,537,0,3640,-7259,1,0,0
735927,65535,255,1339,-7711,0,0,0
735928,65535,255,1409,10040,0,0,0
735929,65535,255,3753,9782,0,0,0
735930,65535,255,5371,9411,0,0,0
735931,65535,255,4241,-7163,0,0,0
735932,65535,255,2194,-7489,0,0,0
735933,0,0,0,0,0,0,0
735934,65535,255,3049,9856,0,0,0
735935,65535,255,4899,9536,0,0,0
735936,65535,255,4764,-7032,0,0,0
735937,65535,255,2967,-7426,0,0,0
735938,65535,255,449,-8199,0,0,0
735939,65535,255,2258,10028,0,0,0
735940,65535,255,4360,9625,0,0,0
735941,65535,255,5217,-6869,0,0,0
735942,65535,255,3652,-7281,0,0,0
735943,605,0,1350,-7509,1,0,1
735944,655,0,1400,10017,1,0,0
735945,611,0,3745,9744,1,0,1
735946,65535,255,5366,9403,0,0,0
735947,65535,255,4248,-7152,0,0,0
735948,65535,255,2203,-7502,0,0,0
735949,65535,255,481,10440,0,0,0
735950,508,0,3045,9837,1,0,1
735951,65535,255,4898,9542,0,0,0
735952,673,0,4767,-6987,1,0,1
735953,65535,255,2971,-7361,0,0,0
735954,701,2,447,-8052,1,0,1
735955,65535,255,2258,10058,0,0,0
735956,65535,255,4364,9665,0,0,0
735957,65535,255,5219,-6918,0,0,0
735958,654,0,3648,-7273,1,0,1
735959,630,0,1350,-7583,1,0,0
735960,65535,255,1406,9923,0,0,0
735961,65535,255,3753,9735,0,0,0
735962,65535,255,5371,9422,0,0,0
735963,798,0,4244,-7129,1,0,1
735964,619,0,2194,-7533,1,0,1
735965,718,0,493,10500,3,0,1
735966,580,0,3054,9877,1,0,1
735967,581,0,4907,9502,1,0,1
735968,479,0,4760,-7038,3,0,1
735969,625,0,2957,-7352,1,0,1
735970,635,0,430,-8019,1,0,1
735971,65535,255,2279,9913,0,0,0
735972,65535,255,4378,9616,0,0,0
735973,65535,255,5210,-6901,0,0,0
735974,559,0,3636,-7259,1,0,1
735975,555,0,1327,-7612,1,0,1
735976,608,0,1428,10015,1,0,1
735977,597,0,3771,9728,1,0,1
735978,65535,255,5384,9394,0,0,0
735979,567,0,4229,-7111,1,0,1
735980,65535,255,2173,-7522,0,0,0
735981,65535,255,524,10310,0,0,0
735982,65535,255,3082,9772,0,0,0
735983,684,0,4922,9543,1,0,0
735984,65535,255,4744,-7013,0,0,0
735985,636,0,2934,-7324,1,0,0
735986,65535,255,401,-7983,0,0,0
735987,441,0,2310,9937,1,0,0
735988,592,0,4398,9645,1,0,1
735989,567,0,5196,-6935,1,0,1
735990,65535,255,3611,-7205,0,0,0
735991,65535,255,1293,-7512,0,0,0
735992,681,2,1463,9967,1,0,1
735993,65535,255,3797,9666,0,0,0
735994,65535,255,5400,9400,0,0,0
735995,623,0,4204,-7136,1,0,1
735996,65535,255,2131,-7377,0,0,0
735997,681,0,561,10100,1,0,1
735998,65535,255,3113,9868,0,0,0
735999,65535,255,4945,9521,0,0,0
736000,65535,255,4724,-7052,0,0,0
736001,0,0,0,0,0,0,0
736002,65535,255,360,-7593,0,0,0
736003,584,0,2337,9850,1,0,1
736004,701,0,4411,9604,1,0,1
736005,598,0,5184,-6902,1,0,1
736006,622,0,3598,-7291,3,0,1
736007,542,0,1280,-7617,3,0,1
736008,65535,255,1473,9956,0,0,0
736009,65535,255,3797,9768,0,0,0
736010,65535,255,5400,9391,0,0,0
736011,65535,255,4204,-7122,0,0,0
736012,65535,255,2140,-7556,0,0,0
736013,653,0,550,10098,1,0,1
736014,683,0,3100,9869,1,0,1
736015,612,0,4934,9530,1,0,1
736016,65535,255,4731,-7003,0,0,0
736017,65535,255,2919,-7336,0,0,0
736018,608,0,384,-7340,1,0,1
736019,65535,255,2316,10024,0,0,0
736020,65535,255,4401,9612,0,0,0
736021,65535,255,5191,-6920,0,0,0
736022,65535,255,3607,-7213,0,0,0
736023,65535,255,1299,-7590,0,0,0
736024,717,0,1451,10106,1,0,1
736025,0,0,0,0,0,0,0
736026,689,0,5395,9387,1,0,1
736027,595,0,4212,-7133,1,0,1
736028,65535,255,2152,-7404,0,0,0
736029,737,0,539,10468,1,0,1
736030,796,0,3092,9792,1,0,1
736031,716,0,4928,9504,1,0,1
736032,633,0,4735,-6991,1,0,1
736033,621,0,2924,-7345,1,0,1
736034,65535,255,389,-7598,0,0,0
736035,642,0,2311,9909,1,0,1
736036,688,0,4395,9664,1,0,1
736037,65535,255,5194,-6894,0,0,0
736038,65535,255,3612,-7225,0,0,0
736039,65535,255,1299,-7588,0,0,0
736040,65535,255,1451,10152,0,0,0
736041,588,0,3785,9778,1,0,1
736042,604,0,5393,9417,1,0,1
736043,65535,255,4212,-7085,0,0,0
736044,65535,255,2150,-7530,0,0,0
736045,65535,255,544,10342,0,0,0
736046,611,0,3096,9801,1,0,1
736047,65535,255,4929,9520,0,0,0
736048,0,0,0,0,0,0,0
736049,65535,255,2924,-7431,0,0,0
736050,569,0,385,-7081,1,0,1
736051,694,0,2317,9866,1,0,1
736052,710,0,4398,9664,1,0,1
736053,65535,255,5188,-6905,0,0,0
736054,669,0,3603,-7230,1,0,1
736055,800,0,1291,-7581,1,0,1
736056,626,0,1462,10037,1,0,1
736057,785,0,3793,9754,1,0,1
736058,65535,255,5399,9421,0,0,0
736059,65535,255,4201,-7114,0,0,0
736060,554,0,2136,-7450,1,0,0
736061,710,0,562,9982,1,0,1
736062,688,0,3109,9770,1,0,1
736063,615,0,4938,9518,1,0,1
736064,658,0,4725,-7038,1,0,1
736065,692,0,2905,-7316,1,0,1
736066,730,0,366,-7866,1,0,1
736067,635,0,2332,10018,1,0,1
736068,65535,255,4411,9649,0,0,0
736069,620,0,5179,-6912,1,0,1
736070,579,0,3590,-7266,1,0,1
736071,0,0,0,0,0,0,0
736072,552,0,1491,9903,1,0,1
736073,65535,255,3813,9735,0,0,0
736074,632,0,5411,9418,1,0,1
736075,595,0,4187,-7131,1,0,1
736076,600,0,2110,-7530,1,0,1
736077,941,0,586,10440,1,0,1
736078,599,0,3132,9885,1,0,1
736079,544,0,4958,9508,1,0,1
736080,65535,255,4708,-7054,0,0,0
736081,0,0,0,0,0,0,0
736082,65535,255,332,-7185,0,0,0
736083,581,0,2367,9971,1,0,1
736084,65535,255,4435,9651,0,0,0
736085,0,0,0,0,0,0,0
736086,65535,255,3564,-7228,0,0,0
736087,0,0,0,0,0,0,0
736088,0,0,0,0,0,0,0
736089,65535,255,3829,9685,0,0,0
736090,475,0,5420,9387,1,0,0
736091,65535,255,6494,9059,0,0,0
736092,65535,255,2105,-7378,0,0,0
736093,65535,255,592,9878,0,0,0
736094,618,0,3132,9768,1,0,1
736095,572,0,4952,9526,1,0,1
736096,471,0,6174,9158,1,0,1
736097,65535,255,-32768,-32768,0,256,1
736098,748,0,356,-7033,1,0,1
736099,65535,255,2343,9935,0,0,0
736100,65535,255,4418,9623,0,0,0
736101,65535,255,5814,9287,0,0,0
736102,65535,255,6769,8939,0,0,0
736103,65535,255,-32768,-32768,0,65535,0
736104,65535,255,1479,9991,0,0,0
736105,579,2,3805,9776,1,0,0
736106,65535,255,5406,9381,0,0,0
736107,65535,255,6484,9063,0,0,0
736108,65535,255,-32768,-32768,0,65535,1
736109,65535,255,-32768,-32768,0,65535,1
736110,65535,255,3104,9860,0,0,0
736111,528,0,4939,9502,1,0,1
736112,638,0,6165,9150,1,0,1
736113,65535,255,7020,8840,0,0,1
736114,65535,255,-32768,-32768,0,65535,1
736115,538,0,2321,9993,1,0,1
736116,542,0,4404,9655,1,0,0
736117,457,0,5806,9259,1,0,0
736118,65535,255,6763,8938,0,0,1
736119,65535,255,-32768,-32768,0,65535,0
736120,65535,255,-32768,-32768,0,65535,1
736121,605,0,3789,9763,1,0,1
736122,698,0,5395,9379,1,0,1
736123,0,0,0,0,0,0,0
736124,0,0,0,0,0,0,0
736125,65535,255,-32768,-32768,0,65535,1
736126,65535,255,-32768,-32768,0,0,1
736127,519,0,4928,9543,1,0,1
736128,0,0,0,0,0,0,0
736129,0,0,0,0,0,0,0
736130,65535,255,-32768,-32768,0,65535,1
736131,65535,255,-32768,-32768,0,65535,1
736132,65535,255,4391,9667,0,0,0
736133,65535,255,5798,9262,0,0,0
736134,0,0,0,0,0,0,0
736135,0,0,0,0,0,0,0
736136,65535,255,-32768,-32768,0,65535,1
736137,65535,255,-32768,-32768,0,65535,1
736138,65535,255,5387,9430,0,0,0
736139,65535,255,6473,9057,0,0,0
736140,0,0,0,0,0,0,0
736141,65535,255,-32768,-32768,0,65535,1
736142,65535,255,-32768,-32768,0,65535,1
736143,510,0,4922,9484,1,0,1
736144,840,0,6152,9167,1,0,1
736145,0,0,0,0,0,0,0
736146,65535,255,-32768,-32768,0,65535,1
736147,65535,255,-32768,-32768,0,65535,1
736148,474,0,4388,9642,1,0,1
736149,65535,255,5793,9315,0,0,0
736150,65535,255,6755,8929,0,0,1
736151,65535,255,-32768,-32768,0,65535,1
736152,65535,255,-32768,-32768,0,65535,1
736153,549,0,3773,9734,1,0,1
736154,495,0,5385,9377,1,0,1
736155,424,0,6469,9076,1,0,1
736156,65535,255,-32768,-32768,0,65535,1
736157,65535,255,-32768,-32768,0,65535,1
736158,65535,255,3074,9875,0,0,0
736159,65535,255,4916,9540,0,0,1
736160,640,0,6150,9189,1,0,1
736161,65535,255,7009,8839,0,0,1
736162,65535,255,-32768,-32768,0,65535,1
736163,540,0,2295,9898,1,0,1
736164,522,0,4385,9649,1,0,1
736165,787,0,5791,9260,1,0,1
736166,65535,255,6753,8942,0,0,1
736167,495,0,1317,-7738,1,0,1
736168,742,0,1435,9900,1,0,1
736169,65535,255,3773,9686,0,0,0
736170,65535,255,5382,9421,0,0,0
736171,65535,255,6469,9054,0,0,0
736172,65535,255,2168,-7505,0,0,0
736173,554,0,528,9847,1,0,1
736174,551,0,3078,9855,1,0,1
736175,65535,255,4917,9533,0,0,0
736176,65535,255,6150,9189,0,0,0
736177,65535,255,2933,-7386,0,0,0
736178,525,0,406,-7842,1,0,1
736179,667,0,2295,9941,1,0,1
736180,560,0,4388,9588,1,0,1
736181,510,0,5794,9280,1,0,1
736182,517,0,3619,-7283,1,0,1
736183,65535,255,1310,-7535,0,0,0
736184,523,0,1440,10087,1,0,1
736185,65535,255,3778,9741,0,0,0
736186,65535,255,5388,9395,0,0,0
736187,65535,255,4219,-7150,0,0,0
736188,479,0,2157,-7461,1,0,1
736189,65535,255,534,9789,0,0,0
736190,65535,255,3083,9844,0,0,0
736191,163,0,4922,9533,1,0,1
736192,65535,255,4738,-7029,0,0,0
736193,491,0,2929,-7418,1,0,1
736194,65535,255,396,-8182,0,0,0
736195,65535,255,2306,10009,0,0,0
736196,541,0,4395,9615,1,0,1
736197,65535,255,5194,-6938,0,0,0
736198,508,0,3611,-7261,1,0,1
736199,65535,255,1299,-7407,0,0,0
736200,65535,255,1451,9992,0,0,0
736201,65535,255,3785,9724,0,0,0
736202,593,0,5393,9389,1,0,1
736203,725,0,4212,-7146,1,0,1
736204,566,0,2146,-7477,1,0,1
736205,632,0,551,9860,1,0,1
736206,560,0,3096,9882,1,0,1
736207,355,0,4935,9471,1,0,0
736208,525,0,4731,-7060,1,0,1
736209,65535,255,2915,-7324,0,0,0
736210,65535,255,377,-7505,0,0,0
736211,65535,255,2321,9924,0,0,0
736212,65535,255,4408,9581,0,0,0
736213,651,0,5187,-6914,1,0,1
736214,612,0,3598,-7230,1,0,1
736215,65535,255,1282,-7772,0,0,0
736216,536,0,1474,9991,1,0,1
736217,65535,255,3801,9730,0,0,0
736218,65535,255,5403,9397,0,0,0
736219,65535,255,4201,-7168,0,0,0
736220,65535,255,2131,-7541,0,0,0
736221,65535,255,568,10276,0,0,0
736222,65535,255,3118,9800,0,0,0
736223,0,0,0,0,0,0,0
736224,501,2,4721,-7027,1,0,0
736225,65535,255,2900,-7445,0,0,0
736226,633,0,355,-7217,1,0,1
736227,65535,255,2347,9894,0,0,0
736228,640,0,4421,9579,1,0,1
736229,65535,255,5175,-6918,0,0,0
736230,65535,255,3585,-7249,0,0,0
736231,539,0,1265,-7777,1,0,1
736232,530,0,1485,10188,1,0,1
736233,603,0,3813,9742,3,0,1
736234,549,0,5412,9369,1,0,1
736235,65535,255,4197,-7184,0,0,0
736236,65535,255,2125,-7467,0,0,0
736237,65535,255,568,10451,0,0,0
736238,65535,255,3117,9766,0,0,0
736239,65535,255,4944,9505,0,0,0
736240,65535,255,4724,-7016,0,0,0
736241,65535,255,2910,-7338,0,0,0
736242,65535,255,367,-7140,0,0,0
736243,65535,255,2332,10004,0,0,0
736244,65535,255,4411,9586,0,0,0
736245,65535,255,5186,-6886,0,0,0
736246,65535,255,3603,-7272,0,0,0
736247,65535,255,1282,-7746,0,0,0
736248,65535,255,1468,10195,0,0,0
736249,65535,255,3801,9760,0,0,0
736250,65535,255,5403,9386,0,0,0
736251,65535,255,4204,-7115,0,0,0
736252,65535,255,2142,-7570,0,0,0
736253,65535,255,556,10039,0,0,0
736254,616,0,3105,9860,1,0,1
736255,65535,255,4936,9524,0,0,0
736256,438,0,4731,-7003,1,0,1
736257,601,0,2919,-7335,1,0,1
736258,596,2,378,-7246,1,0,1
736259,713,0,2316,10035,1,0,1
736260,65535,255,4404,9613,0,0,0
736261,536,0,5190,-6915,1,0,1
736262,65535,255,3607,-7204,0,0,0
736263,65535,255,1293,-7563,0,0,0
736264,533,0,1462,10083,1,0,1
736265,65535,255,3793,9731,0,0,0
736266,65535,255,5398,9378,0,0,0
736267,428,0,4208,-7120,1,0,1
736268,509,0,2141,-7374,1,0,1
736269,657,0,550,10280,1,0,1
736270,518,0,3101,9762,1,0,1
736271,498,0,4935,9480,1,0,1
736272,65535,255,4735,-7060,0,0,1
736273,676,0,2919,-7292,1,0,1
736274,65535,255,379,-7067,0,0,0
736275,534,0,2316,9937,1,0,1
736276,550,0,4398,9633,1,0,1
736277,477,0,5190,-6908,1,0,1
736278,65535,255,3611,-7278,0,0,0
736279,65535,255,1299,-7664,0,0,0
736280,504,0,1451,10061,1,0,1
736281,526,0,3786,9685,1,0,1
736282,65535,255,5390,9404,0,0,0
736283,65535,255,4215,-7117,0,0,0
736284,65535,255,2157,-7522,0,0,0
736285,65535,255,534,9963,0,0,0
736286,65535,255,3083,9774,0,0,0
736287,65535,255,4923,9544,0,0,0
736288,65535,255,4741,-7005,0,0,0
736289,65535,255,2934,-7311,0,0,0
736290,65535,255,407,-8167,0,0,0
736291,65535,255,2295,9926,0,0,0
736292,525,0,4385,9636,1,0,1
736293,65535,255,5199,-6921,0,0,0
736294,533,0,3620,-7192,1,0,1
736295,811,0,1316,-7433,1,0,1
736296,744,0,1435,9900,1,0,1
736297,701,0,3769,9767,1,0,1
736298,565,0,5383,9387,1,0,1
736299,65535,255,4223,-7109,0,0,0
736300,543,0,2168,-7549,1,0,1
736301,65535,255,522,9788,0,0,0
736302,65535,255,3074,9815,0,0,0
736303,65535,255,4914,9491,0,0,0
736304,65535,255,4748,-7050,0,0,0
736305,65535,255,2943,-7415,0,0,0
736306,567,0,417,-7760,1,0,0
736307,65535,255,2290,9885,0,0,0
736308,65535,255,4378,9631,0,0,0
736309,65535,255,5202,-6924,0,0,0
736310,65535,255,3628,-7208,0,0,0
736311,65535,255,1322,-7533,0,0,0
736312,65535,255,1429,10018,0,0,1
736313,65535,255,3766,9696,0,0,0
736314,65535,255,5377,9427,0,0,0
736315,611,0,4230,-7174,1,0,1
736316,501,0,2173,-7474,1,0,1
736317,603,0,511,10619,1,0,1
736318,620,0,3069,9795,1,0,1
736319,65535,255,4914,9491,0,0,0
736320,455,0,4749,-7029,1,0,0
736321,65535,255,2943,-7288,0,0,0
736322,65535,255,420,-8233,0,0,0
736323,601,0,2285,9985,1,0,0
736324,65535,255,4381,9587,0,0,0
736325,65535,255,5202,-6899,0,0,0
736326,65535,255,3628,-7306,0,0,0
736327,65535,255,1322,-7483,0,0,0
736328,65535,255,1429,10018,0,0,0
736329,65535,255,3769,9712,0,0,0
736330,65535,255,5382,9368,0,0,0
736331,65535,255,4227,-7101,0,0,0
736332,65535,255,2171,-7512,0,0,0
736333,65535,255,515,10161,0,0,0
736334,65535,255,3073,9908,0,0,0
736335,65535,255,4917,9475,0,0,0
736336,658,0,4747,-7049,1,0,1
736337,451,0,2938,-7288,1,0,1
736338,182,2,409,-7197,1,0,1
736339,65535,255,2295,10013,0,0,0
736340,65535,255,4385,9612,0,0,0
736341,478,2,5201,-6925,1,0,1
736342,817,0,3624,-7225,1,0,1
736343,706,0,1316,-7686,1,0,1
736344,65535,255,1440,10039,0,0,0
736345,65535,255,3779,9728,0,0,0
736346,736,0,5387,9426,1,0,1
736347,609,0,4219,-7089,1,0,1
736348,673,0,2162,-7564,1,0,1
736349,65535,255,533,10162,0,0,0
736350,729,0,3085,9817,1,0,1
736351,642,0,4928,9490,1,0,1
736352,65535,255,4741,-6981,0,0,0
736353,573,0,2928,-7332,1,0,1
736354,666,0,395,-7513,1,0,1
736355,524,0,2311,9898,1,0,1
736356,625,0,4398,9667,1,0,1
736357,65535,255,5193,-6897,0,0,0
736358,65535,255,3611,-7193,0,0,0
736359,65535,255,1299,-7612,0,0,0
736360,65535,255,1457,10200,0,0,0
736361,625,0,3793,9715,1,0,1
736362,0,0,0,0,0,0,0
736363,65535,255,4208,-7098,0,0,0
736364,559,0,2141,-7372,1,0,1
736365,758,0,551,10462,1,0,1
736366,679,0,3104,9823,1,0,1
736367,0,0,0,0,0,0,0
736368,65535,255,4731,-7030,0,0,0
736369,65535,255,2914,-7441,0,0,0
736370,494,2,368,-7048,1,0,0
736371,703,0,2332,9855,1,0,1
736372,65535,255,4411,9652,0,0,0
736373,581,2,5181,-6894,1,0,1
736374,65535,255,3594,-7204,0,0,0
736375,65535,255,1271,-7669,0,0,0
736376,65535,255,1485,9927,0,0,0
736377,65535,255,3813,9706,0,0,0
736378,574,0,5411,9387,1,0,0
736379,637,0,4193,-7155,1,0,1
736380,751,0,2120,-7525,1,0,1
736381,798,0,579,10159,1,0,1
736382,65535,255,3127,9790,0,0,0
736383,65535,255,4955,9517,0,0,0
736384,577,0,4711,-7028,1,0,1
736385,65535,255,2886,-7425,0,0,0
736386,706,0,343,-8065,1,0,1
736387,65535,255,2357,9949,0,0,0
736388,0,0,0,0,0,0,0
736389,65535,255,5170,-6887,0,0,0
736390,495,0,3577,-7282,1,0,1
736391,769,0,1248,-7405,1,0,1
736392,65535,255,1507,9970,0,0,0
736393,784,0,3825,9688,1,0,1
736394,65535,255,5419,9405,0,0,0
736395,65535,255,4179,-7185,0,0,0
736396,65535,255,2099,-7529,0,0,0
736397,591,0,603,9938,1,0,1
736398,65535,255,3141,9857,0,0,0
736399,65535,255,4961,9532,0,0,0
736400,65535,255,4704,-7017,0,0,0
736401,65535,255,2872,-7393,0,0,0
736402,65535,255,325,-7885,0,0,0
736403,65535,255,2367,9934,0,0,0
736404,576,0,4439,9570,1,0,1
736405,65535,255,5159,-6894,0,0,0
736406,65535,255,3564,-7310,0,0,0
736407,748,0,1231,-7513,1,0,1
736408,629,0,1523,10077,1,0,1
736409,752,0,3837,9741,1,0,1
736410,712,0,5428,9392,1,0,1
736411,617,0,4165,-7146,1,0,0
736412,65535,255,2078,-7454,0,0,0
736413,706,0,627,9784,1,0,1
736414,65535,255,3154,9796,0,0,0
736415,681,0,4970,9519,1,0,1
736416,590,0,4692,-7025,1,0,1
736417,390,0,2863,-7449,1,0,0
736418,65535,255,315,-7157,0,0,0
736419,65535,255,2372,9906,0,0,0
736420,65535,255,4439,9583,0,0,0
736421,464,0,5159,-6919,1,0,0
736422,65535,255,3564,-7258,0,0,0
736423,578,2,1237,-7458,1,0,1
736424,65535,255,1513,10121,0,0,0
736425,65535,255,3830,9672,0,0,0
736426,431,0,5421,9365,1,0,1
736427,576,0,4176,-7130,1,0,0
736428,65535,255,2099,-7482,0,0,0
736429,65535,255,597,10103,0,0,0
736430,736,0,3133,9780,1,0,1
736431,632,0,4953,9523,1,0,1
736432,712,0,4709,-7033,1,0,1
736433,65535,255,2882,-7304,0,0,0
736434,65535,255,342,-7679,0,0,0
736435,65535,255,2348,9976,0,0,0
736436,65535,255,4422,9624,0,0,0
736437,65535,255,5170,-6885,0,0,0
736438,65535,255,3582,-7204,0,0,0
736439,617,0,1260,-7748,1,0,1
736440,682,0,1486,10191,1,0,0
736441,560,0,3814,9698,1,0,0
736442,65535,255,5410,9392,0,0,0
736443,65535,255,4190,-7175,0,0,0
736444,65535,255,2121,-7372,0,0,0
736445,687,0,575,9759,1,0,1
736446,602,0,3114,9891,1,0,1
736447,517,0,4944,9504,1,0,1
736448,65535,255,4721,-7024,0,0,0
736449,65535,255,2901,-7291,0,0,0
736450,65535,255,365,-7677,0,0,0
736451,65535,255,2332,9994,0,0,0
736452,65535,255,4408,9646,0,0,0
736453,739,0,5808,9291,1,0,1
736454,584,0,3594,-7253,1,0,1
736455,65535,255,1276,-7508,0,0,0
736456,628,0,1474,10118,1,0,1
736457,572,0,3801,9717,1,0,1
736458,65535,255,5401,9409,0,0,0
736459,65535,255,6482,9074,0,0,0
736460,0,0,0,0,0,0,0
736461,65535,255,556,10163,0,0,0
736462,65535,255,3105,9823,0,0,0
736463,0,0,0,0,0,0,0
736464,65535,255,6164,9176,0,0,0
736465,65535,255,7018,8846,0,0,1
736466,730,0,377,-7504,1,0,1
736467,550,0,2322,9996,1,0,1
736468,512,0,4404,9648,1,0,1
736469,65535,255,5805,9301,0,0,0
736470,65535,255,6763,8950,0,0,1
736471,65535,255,-32768,-32768,0,65535,1
736472,843,0,1463,9995,1,0,1
736473,65535,255,3796,9774,0,0,0
736474,65535,255,5401,9376,0,0,0
736475,549,0,6481,9054,1,0,1
736476,65535,255,-32768,-32768,0,65535,0
736477,65535,255,-32768,-32768,0,65535,1
736478,65535,255,3100,9805,0,0,0
736479,537,0,4935,9513,1,0,1
736480,65535,255,6162,9181,0,0,0
736481,0,0,0,0,0,0,0
736482,65535,255,-32768,-32768,0,65535,0
736483,65535,255,2319,9955,0,0,0
736484,65535,255,4405,9585,0,0,0
736485,65535,255,5805,9264,0,0,0
736486,65535,255,6762,8965,0,0,1
736487,65535,255,-32768,-32768,0,65535,0
736488,65535,255,-32768,-32768,0,0,1
736489,650,0,3793,9734,1,0,1
736490,65535,255,5397,9430,0,0,0
736491,490,0,6481,9043,1,0,1
736492,0,0,0,0,0,0,0
736493,65535,255,-32768,-32768,0,65535,0
736494,65535,255,-32768,-32768,0,65535,1
736495,65535,255,4934,9474,0,0,0
736496,210,0,6161,9185,1,0,0
736497,0,0,0,0,0,0,0
736498,65535,255,-32768,-32768,0,65535,1
736499,65535,255,-32768,-32768,0,65535,1
736500,65535,255,4405,9615,0,0,0
736501,676,0,5805,9285,1,0,1
736502,0,0,0,0,0,0,0
736503,65535,255,-32768,-32768,0,65535,1
736504,65535,255,-32768,-32768,0,65535,1
736505,491,0,3797,9687,1,0,1
736506,572,0,5398,9406,1,0,1
736507,612,0,6479,9083,1,0,1
736508,0,0,0,0,0,0,0
736509,65535,255,-32768,-32768,0,65535,1
736510,65535,255,-32768,-32768,0,65535,1
736511,65535,255,4936,9504,0,0,0
736512,768,0,6162,9185,1,0,1
736513,0,0,0,0,0,0,0
736514,65535,255,-32768,-32768,0,65535,1
736515,65535,255,-32768,-32768,0,65535,0
736516,686,0,4405,9636,1,0,1
736517,65535,255,5805,9302,0,0,0
736518,65535,255,6763,8961,0,0,1
736519,65535,255,-32768,-32768,0,65535,0
736520,570,0,1468,10200,1,0,1
736521,549,0,3797,9741,1,0,1
736522,500,0,5401,9371,1,0,1
736523,477,0,6482,9060,1,0,1
736524,65535,255,-32768,-32768,0,65535,0
736525,65535,255,556,10338,0,0,0
736526,65535,255,3105,9893,0,0,0
736527,773,0,4937,9528,1,0,1
736528,824,0,6164,9172,1,0,1
736529,65535,255,7020,8820,0,0,1
736530,613,0,372,-8127,1,0,1
736531,530,0,2332,9925,1,0,1
736532,510,0,4408,9641,1,0,1
736533,392,0,5808,9309,1,0,1
736534,65535,255,6766,8966,0,0,0
736535,65535,255,1271,-7457,0,0,0
736536,65535,255,1480,9926,0,0,1
736537,65535,255,3802,9779,0,0,0
736538,512,0,5404,9394,1,0,0
736539,65535,255,6482,9081,0,0,0
736540,550,0,2126,-7568,1,0,1
736541,65535,255,569,9870,0,0,0
736542,65535,255,3114,9823,0,0,0
736543,65535,255,4944,9493,0,0,0
736544,65535,255,6169,9152,0,0,0
736545,521,0,2896,-7410,1,0,1
736546,602,0,354,-7773,1,0,1
736547,65535,255,2343,9868,0,0,0
736548,65535,255,4415,9620,0,0,0
736549,504,0,5174,-6914,1,0,1
736550,645,0,3586,-7304,1,0,1
736551,537,0,1260,-7431,1,0,1
736552,65535,255,1491,9929,0,0,0
736553,65535,255,3810,9778,0,0,0
736554,557,0,5410,9397,1,0,1
736555,827,0,4187,-7127,1,0,1
736556,487,0,2110,-7419,1,0,1
736557,542,0,585,10329,1,0,1
736558,65535,255,3123,9901,0,0,0
736559,480,0,4952,9541,1,0,1
736560,65535,255,4709,-7020,0,0,0
736561,65535,255,2882,-7358,0,0,0
736562,547,0,337,-7390,1,0,1
736563,65535,255,2353,10044,0,0,0
736564,519,0,4428,9606,1,0,1
736565,455,0,5165,-6906,1,0,1
736566,568,0,3573,-7307,1,0,1
736567,566,0,1243,-7430,1,0,1
736568,65535,255,1508,9971,0,0,0
736569,652,0,3826,9682,1,0,1
736570,511,0,5421,9414,1,0,1
736571,515,0,4172,-7156,1,0,1
736572,65535,255,2094,-7435,0,0,0
736573,65535,255,603,10380,0,0,0
736574,489,0,3146,9770,1,0,1
736575,516,0,4965,9478,1,0,1
736576,593,0,4699,-7040,1,0,1
736577,528,0,2867,-7415,1,0,1
736578,65535,255,319,-7886,0,0,0
736579,534,0,2378,9921,1,0,1
736580,548,0,4442,9654,1,0,1
736581,65535,255,5156,-6928,0,0,0
736582,546,0,3556,-7259,1,0,1
736583,591,2,1220,-7729,1,0,1
736584,65535,255,1534,9926,0,0,0
736585,566,2,3846,9747,1,0,1
736586,511,0,5434,9406,1,0,1
736587,504,0,4158,-7105,1,0,1
736588,65535,255,2079,-7577,0,0,0
736589,65535,255,620,10104,0,0,0
736590,65535,255,3154,9876,0,0,0
736591,65535,255,4967,9538,0,0,0
736592,65535,255,4698,-7017,0,0,0
736593,524,0,2867,-7381,1,0,1
736594,65535,255,319,-7678,0,0,0
736595,65535,255,2368,9895,0,0,0
736596,572,0,4435,9649,1,0,1
736597,534,0,5164,-6947,1,0,1
736598,546,0,3572,-7256,1,0,0
736599,639,0,1248,-7751,1,0,1
736600,65535,255,1508,9907,0,0,0
736601,542,0,3825,9675,1,0,1
736602,503,0,5417,9421,1,0,1
736603,65535,255,4194,-7189,0,0,0
736604,65535,255,2120,-7374,0,0,0
736605,65535,255,573,9978,0,0,0
736606,530,0,3114,9870,1,0,1
736607,591,0,4943,9486,1,0,1
736608,505,0,4724,-6997,1,0,1
736609,566,0,2910,-7411,1,0,1
736610,601,2,373,-7147,1,0,0
736611,553,0,2327,9895,1,0,1
736612,65535,255,4408,9588,0,0,0
736613,65535,255,5190,-6934,0,0,0
736614,65535,255,3606,-7287,0,0,0
736615,637,0,1293,-7613,1,0,1
736616,0,0,0,0,0,0,0
736617,0,0,0,0,0,0,0
736618,65535,255,5395,9415,0,0,0
736619,65535,255,4212,-7110,0,0,0
736620,0,0,0,0,0,0,0
736621,616,0,539,10100,1,0,1
736622,65535,255,3092,9794,0,0,1
736623,65535,255,4928,9539,0,0,0
736624,554,0,4742,-7036,1,0,0
736625,561,0,2933,-7374,1,0,1
736626,65535,255,402,-7209,0,0,0
736627,65535,255,2300,9885,0,0,0
736628,65535,255,4391,9598,0,0,0
736629,65535,255,5201,-6864,0,0,0
736630,65535,255,3623,-7192,0,0,0
736631,65535,255,1316,-7736,0,0,0
736632,637,0,1434,10065,1,0,1
736633,581,0,3773,9755,1,0,1
736634,65535,255,5384,9379,0,0,0
736635,550,2,4229,-7174,1,0,0
736636,65535,255,2173,-7384,0,0,0
736637,669,0,516,9844,1,0,1
736638,65535,255,3074,9775,0,0,0
736639,65535,255,4913,9532,0,0,0
736640,65535,255,4750,-6980,0,0,0
736641,524,0,2947,-7392,1,0,1
736642,613,2,419,-7283,1,0,0
736643,623,0,2284,9944,1,0,1
736644,803,0,4375,9627,1,0,1
736645,65535,255,5207,-6902,0,0,0
736646,548,0,3636,-7255,1,0,1
736647,65535,255,1333,-7557,0,0,0
736648,65535,255,1418,9950,0,0,0
736649,65535,255,3761,9762,0,0,0
736650,599,0,5375,9409,1,0,1
736651,65535,255,4237,-7158,0,0,0
736652,65535,255,2184,-7367,0,0,0
736653,65535,255,505,9839,0,0,0
736654,65535,255,3060,9787,0,0,0
736655,65535,255,4905,9545,0,0,0
736656,65535,255,4757,-6993,0,0,0
736657,0,0,0,0,0,0,0
736658,65535,255,435,-7677,0,0,0
736659,0,0,0,0,0,0,0
736660,65535,255,4366,9603,0,0,0
736661,550,0,5210,-6865,1,0,1
736662,65535,255,3640,-7204,0,0,0
736663,65535,255,1344,-7455,0,0,0
736664,697,0,1406,10236,1,0,1
736665,694,0,3750,9740,1,0,1
736666,616,0,5369,9431,1,0,1
736667,65535,255,4241,-7157,0,0,0
736668,65535,255,2189,-7382,0,0,0
736669,65535,255,493,9898,0,0,0
736670,65535,255,3050,9810,0,0,0
736671,681,0,4902,9479,1,0,1
736672,565,0,4760,-7021,1,0,1
736673,65535,255,2962,-7325,0,0,0
736674,65535,255,442,-8198,0,0,0
736675,65535,255,2264,9918,0,0,0
736676,65535,255,4364,9629,0,0,0
736677,65535,255,5214,-6914,0,0,0
736678,65535,255,3644,-7293,0,0,0
736679,65535,255,1350,-7727,0,0,0
736680,65535,255,1400,10142,0,0,0
736681,626,0,3750,9717,1,0,1
736682,65535,255,5366,9422,0,0,0
736683,65535,255,4241,-7150,0,0,0
736684,164,0,2194,-7381,1,0,0
736685,65535,255,494,9697,0,0,0
736686,65535,255,3051,9779,0,0,0
736687,584,0,4899,9552,1,0,1
736688,443,0,4760,-7015,1,0,1
736689,65535,255,2962,-7336,0,0,0
736690,556,0,438,-7068,1,0,1
736691,586,0,2264,9947,1,0,1
736692,626,0,4364,9649,1,0,1
736693,506,0,5214,-6929,1,0,1
736694,585,0,3644,-7203,1,0,1
736695,630,0,1344,-7480,1,0,1
736696,668,0,1406,9928,1,0,1
736697,65535,255,3749,9773,0,0,0
736698,65535,255,5369,9388,0,0,0
736699,818,0,4241,-7103,1,0,1
736700,645,0,2194,-7527,1,0,1
736701,761,0,500,9702,1,0,1
736702,647,0,3055,9789,1,0,1
736703,65535,255,4905,9480,0,0,0
736704,576,0,4760,-7032,1,0,1
736705,65535,255,2957,-7368,0,0,0
736706,65535,255,435,-7372,0,0,0
736707,65535,255,2269,10019,0,0,0
736708,65535,255,4371,9584,0,0,0
736709,498,0,5210,-6884,1,0,1
736710,65535,255,3640,-7260,0,0,0
736711,683,0,1339,-7678,1,0,0
736712,904,0,1412,10116,1,0,1
736713,682,0,3757,9724,1,0,1
736714,641,0,5374,9436,1,0,1
736715,563,0,4235,-7126,1,0,1
736716,545,0,2183,-7470,1,0,1
736717,527,0,504,10496,1,0,1
736718,65535,255,3062,9801,0,0,0
736719,627,0,4910,9556,1,0,1
736720,776,0,4757,-7022,1,0,1
736721,649,0,2952,-7369,1,0,1
736722,65535,255,423,-7442,0,0,0
736723,563,0,2285,10031,1,0,1
736724,559,0,4381,9596,1,0,1
736725,65535,255,5207,-6900,0,0,0
736726,202,2,3631,-7286,1,0,0
736727,65535,255,1322,-7379,0,0,0
736728,65535,255,1429,9881,0,0,0
736729,65535,255,3769,9770,0,0,0
736730,65535,255,5384,9395,0,0,0
736731,65535,255,4229,-7125,0,0,0
736732,65535,255,2168,-7367,0,0,0
736733,65535,255,521,10103,0,0,0
736734,65535,255,3078,9879,0,0,0
736735,65535,255,4919,9533,0,0,0
736736,65535,255,4747,-7006,0,0,0
736737,65535,255,2938,-7339,0,0,0
736738,0,0,0,0,0,0,0
736739,65535,255,2300,10028,0,0,0
736740,65535,255,4391,9594,0,0,0
736741,522,0,5198,-6903,1,0,1
736742,535,0,3620,-7298,1,0,1
736743,532,0,1305,-7430,1,0,1
736744,710,0,1446,9951,1,0,1
736745,65535,255,3785,9684,0,0,0
736746,65535,255,5393,9413,0,0,0
736747,65535,255,4215,-7155,0,0,0
736748,65535,255,2152,-7444,0,0,0
736749,65535,255,539,10473,0,0,0
736750,65535,255,3096,9776,0,0,0
736751,65535,255,4934,9480,0,0,0
736752,1025,0,4737,-7044,1,0,1
736753,65535,255,2919,-7427,0,0,0
736754,65535,255,383,-8021,0,0,0
736755,483,0,2322,9927,1,0,1
736756,683,0,4404,9662,1,0,1
736757,561,0,5187,-6875,1,0,1
736758,0,0,0,0,0,0,0
736759,65535,255,1283,-7767,0,0,0
736760,65535,255,1474,9904,0,0,0
736761,65535,255,3801,9779,0,0,0
736762,771,0,5403,9410,1,0,1
736763,764,0,4201,-7158,1,0,1
736764,660,0,2130,-7462,1,0,1
736765,846,0,569,10569,1,0,1
736766,65535,255,3118,9803,0,0,0
736767,625,0,4946,9499,1,0,1
736768,593,0,4718,-6983,1,0,1
736769,65535,255,2896,-7302,0,0,0
736770,613,0,350,-7014,1,0,1
736771,700,0,2343,10021,1,0,1
736772,65535,255,4421,9608,0,0,0
736773,65535,255,5173,-6919,0,0,0
736774,65535,255,3577,-7212,0,0,0
736775,65535,255,1253,-7588,0,0,0
736776,65535,255,1496,10125,0,0,0
736777,65535,255,3821,9745,0,0,0
736778,65535,255,5417,9392,0,0,0
736779,65535,255,4179,-7134,0,0,0
736780,65535,255,2099,-7419,0,0,0
736781,657,2,603,10435,1,0,1
736782,670,0,3141,9800,1,0,1
736783,626,0,4962,9485,1,0,1
736784,1306,0,4702,-6986,1,0,1
736785,588,0,2872,-7381,1,0,1
736786,65535,255,332,-8277,0,0,0
736787,589,0,2363,9842,1,0,1
736788,65535,255,4429,9657,0,0,0
736789,576,0,5165,-6906,1,0,1
736790,65535,255,3569,-7239,0,0,0
736791,65535,255,1243,-7402,0,0,0
736792,65535,255,1507,10102,0,0,0
736793,638,0,3823,9749,1,0,1
736794,625,0,5418,9368,1,0,1
736795,551,0,4176,-7134,1,0,1
736796,600,0,2099,-7495,1,0,1
736797,65535,255,597,10161,0,0,0
736798,655,0,3132,9801,1,0,1
736799,546,0,4956,9530,1,0,1
736800,65535,255,4706,-7049,0,0,0
736801,656,0,2882,-7335,1,0,1
736802,634,0,337,-7972,1,0,1
736803,65535,255,2353,10018,0,0,0
736804,569,0,4425,9651,1,0,1
736805,1192,0,5168,-6899,1,0,1
736806,515,0,3573,-7238,1,0,1
736807,611,0,1248,-7455,1,0,1
736808,708,0,1496,10148,1,0,1
736809,65535,255,3822,9683,0,0,0
736810,65535,255,5415,9383,0,0,0
736811,65535,255,4179,-7167,0,0,0
736812,65535,255,2107,-7455,0,0,0
736813,65535,255,590,9959,0,0,0
736814,736,0,3128,9881,1,0,1
736815,665,0,4953,9498,1,0,1
736816,65535,255,4708,-7019,0,0,0
736817,451,0,2882,-7291,1,0,1
736818,65535,255,342,-7675,0,0,0
736819,65535,255,2353,10005,0,0,0
736820,577,0,4422,9646,1,0,1
736821,581,0,5818,9295,1,0,1
736822,65535,255,3577,-7254,0,0,0
736823,65535,255,1248,-7534,0,0,0
736824,65535,255,1503,9886,0,0,0
736825,591,0,3821,9723,1,0,1
736826,65535,255,5415,9412,0,0,0
736827,65535,255,6490,9076,0,0,0
736828,546,0,2104,-7463,1,0,0
736829,574,0,591,10162,1,0,1
736830,534,0,3132,9821,1,0,1
736831,595,0,4956,9471,1,0,1
736832,602,0,6175,9178,1,0,1
736833,65535,255,-32768,-32768,0,256,1
736834,65535,255,336,-7482,0,0,0
736835,65535,255,2353,9978,0,0,0
736836,562,0,4428,9645,1,0,1
736837,934,0,5819,9295,1,0,1
736838,65535,255,6775,8945,0,0,1
736839,65535,255,-32768,-32768,0,65535,1
736840,65535,255,1507,9973,0,0,0
736841,552,2,3825,9762,1,0,1
736842,538,0,5420,9363,1,0,1
736843,553,0,6494,9047,1,0,1
736844,65535,255,-32768,-32768,0,0,1
736845,65535,255,-32768,-32768,0,65535,1
736846,1046,0,3136,9763,1,0,1
736847,65535,255,4958,9530,0,0,0
736848,836,0,6179,9162,1,0,1
736849,0,0,0,0,0,0,0
736850,65535,255,-32768,-32768,0,65535,0
736851,65535,255,-32768,-32768,0,65535,0
736852,65535,255,4432,9644,0,0,0
736853,919,0,5824,9298,1,0,1
736854,0,0,0,0,0,0,0
736855,0,0,0,0,0,0,0
736856,65535,255,-32768,-32768,0,65535,0
736857,689,0,3833,9684,1,0,1
736858,521,0,5425,9387,1,0,1
736859,610,0,6498,9063,1,0,1
736860,0,0,0,0,0,0,0
736861,65535,255,-32768,-32768,0,65535,0
736862,65535,255,-32768,-32768,0,65535,1
736863,65535,255,4967,9490,0,0,0
736864,65535,255,6183,9195,0,0,0
736865,0,0,0,0,0,0,0
736866,65535,255,-32768,-32768,0,65535,1
736867,65535,255,-32768,-32768,0,65535,1
736868,515,0,4442,9618,1,0,1
736869,65535,255,5831,9283,0,0,0
736870,65535,255,6782,8943,0,0,1
736871,65535,255,-32768,-32768,0,65535,0
736872,65535,255,-32768,-32768,0,65535,1
736873,593,0,3841,9724,1,0,1
736874,65535,255,5430,9390,0,0,0
736875,0,0,0,0,0,0,0
736876,0,0,0,0,0,0,0
736877,65535,255,-32768,-32768,0,65535,1
736878,930,0,3154,9867,1,0,1
736879,536,0,4973,9511,1,0,1
736880,550,0,6189,9155,1,0,1
736881,65535,255,-32768,-32768,0,65535,1
736882,65535,255,-32768,-32768,0,65535,1
736883,599,0,2387,9987,1,0,1
736884,526,0,4452,9633,1,0,1
736885,65535,255,5837,9274,0,0,0
736886,65535,255,6786,8942,0,0,1
736887,65535,255,-32768,-32768,0,65535,1
736888,601,0,1540,10204,1,0,1
736889,508,0,3853,9734,1,0,1
736890,581,0,5439,9359,1,0,1
736891,539,0,6508,9049,1,0,1
736892,65535,255,-32768,-32768,0,65535,0
736893,65535,255,637,10105,0,0,0
736894,483,0,3172,9836,1,0,1
736895,351,0,4982,9497,1,0,0
736896,65535,255,6194,9191,0,0,0
736897,65535,255,-32768,-32768,0,65535,1
736898,65535,255,290,-7794,0,0,0
736899,65535,255,2397,9920,0,0,0
736900,523,0,4454,9602,1,0,1
736901,981,0,5837,9273,1,0,1
736902,65535,255,6785,8954,0,0,1
736903,500,0,1209,-7428,1,0,1
736904,670,0,1535,10013,1,0,1
736905,617,0,3846,9711,1,0,1
736906,65535,255,5431,9370,0,0,0
736907,65535,255,6501,9075,0,0,0
736908,548,0,2078,-7563,1,0,1
736909,535,0,620,10213,1,0,1
736910,491,0,3155,9769,1,0,1
736911,696,0,4968,9484,1,0,1
736912,481,0,4696,-7057,1,0,1
736913,581,0,2862,-7293,1,0,1
736914,580,0,315,-7046,1,0,1
736915,65535,255,2372,10043,0,0,0
736916,451,0,4436,9625,1,0,0
736917,451,0,5159,-6931,1,0,1
736918,1052,0,3564,-7238,1,0,1
736919,65535,255,1237,-7725,0,0,0
736920,847,0,1513,9908,1,0,1
736921,491,0,3830,9682,1,0,1
736922,712,0,5418,9431,1,0,1
736923,65535,255,4172,-7093,0,0,0
736924,524,0,2100,-7572,1,0,1
736925,65535,255,597,10216,0,0,0
736926,65535,255,3136,9773,0,0,0
736927,375,0,4956,9487,1,0,0
736928,569,0,4709,-7065,1,0,1
736929,707,0,2882,-7312,1,0,1
736930,65535,255,337,-7283,0,0,0
736931,640,0,2353,9871,1,0,1
736932,65535,255,4422,9646,0,0,0
736933,447,0,5168,-6878,1,0,1
736934,491,0,3577,-7287,1,0,1
736935,65535,255,1253,-7613,0,0,0
736936,515,0,1491,10193,1,0,1
736937,495,0,3814,9787,1,0,1
736938,385,0,5410,9423,1,0,1
736939,65535,255,4187,-7156,0,0,0
736940,65535,255,2115,-7553,0,0,0
736941,65535,255,579,10221,0,0,0
736942,596,0,3119,9774,1,0,1
736943,516,0,4947,9495,1,0,1
736944,547,0,4715,-6988,1,0,1
736945,530,0,2896,-7343,1,0,1
736946,65535,255,359,-7677,0,0,1
736947,65535,255,2338,9941,0,0,0
736948,65535,255,4415,9585,0,0,0
736949,65535,255,5176,-6911,0,0,0
736950,590,0,3590,-7225,1,0,1
736951,561,0,1271,-7716,1,0,1
736952,65535,255,1480,9951,0,0,1
736953,537,0,3806,9710,1,0,1
736954,65535,255,5404,9382,0,0,0
736955,65535,255,4198,-7136,0,0,0
736956,65535,255,2125,-7460,0,0,0
736957,65535,255,569,9873,0,0,0
736958,537,0,3109,9885,1,0,0
736959,581,0,4941,9480,1,0,1
736960,441,0,4722,-6975,1,0,1
736961,65535,255,2905,-7341,0,0,0
736962,65535,255,365,-7767,0,0,0
736963,65535,255,2327,9956,0,0,0
736964,635,2,4408,9599,1,0,1
736965,65535,255,5184,-6929,0,0,0
736966,65535,255,3598,-7258,0,0,0
736967,521,0,1299,-7484,1,0,1
736968,65535,255,1448,10062,0,0,0
736969,65535,255,3785,9717,0,0,0
736970,65535,255,5390,9405,0,0,0
736971,65535,255,4219,-7103,0,0,0
736972,525,0,2157,-7461,1,0,1
736973,65535,255,527,10164,0,0,0
736974,576,0,3083,9825,1,0,1
736975,797,0,4922,9480,1,0,1
736976,65535,255,4744,-6997,0,0,0
736977,502,0,2938,-7427,1,0,1
736978,65535,255,406,-7517,0,0,0
736979,523,0,2295,9998,1,0,0
736980,538,0,4385,9650,1,0,0
736981,608,0,5204,-6914,1,0,1
736982,522,0,3628,-7273,1,0,1
736983,566,0,1321,-7633,1,0,1
736984,689,0,1429,9995,1,0,1
736985,530,0,3769,9776,1,0,1
736986,642,0,5382,9374,1,0,1
736987,65535,255,4233,-7167,0,0,0
736988,65535,255,2173,-7399,0,0,0
736989,65535,255,516,9909,0,0,0
736990,65535,255,3069,9796,0,0,0
736991,519,0,4913,9548,1,0,1
736992,481,0,4753,-6995,1,0,1
736993,65535,255,2952,-7275,0,0,0
736994,593,0,423,-7756,1,0,1
736995,65535,255,2279,10044,0,0,0
736996,508,0,4378,9575,1,0,1
736997,65535,255,5210,-6866,0,0,0
736998,529,0,3635,-7206,1,0,1
736999,506,0,1333,-7431,1,0,1
737000,65535,255,1417,10209,0,0,0
737001,65535,255,3761,9738,0,0,0
737002,65535,255,5376,9429,0,0,0
737003,65535,255,4237,-7152,0,0,0
737004,65535,255,2183,-7368,0,0,0
737005,65535,255,505,9902,0,0,0
737006,65535,255,3059,9808,0,0,0
737007,65535,255,4907,9506,0,0,0
737008,65535,255,4760,-7011,0,0,0
737009,403,0,2956,-7316,1,0,1
737010,667,0,436,-8130,1,0,1
737011,65535,255,2274,9903,0,0,0
737012,65535,255,4371,9628,0,0,0
737013,65535,255,5213,-6906,0,0,0
737014,584,0,3644,-7286,1,0,1
737015,65535,255,1344,-7704,0,0,0
737016,570,0,1412,10116,1,0,1
737017,544,0,3757,9707,1,0,1
737018,65535,255,5372,9421,0,0,0
737019,612,0,4240,-7144,1,0,1
737020,65535,255,2189,-7367,0,0,0
737021,65535,255,498,9968,0,0,0
737022,65535,255,3055,9819,0,0,0
737023,65535,255,4904,9490,0,0,0
737024,65535,255,4760,-7039,0,0,0
737025,650,0,2961,-7368,1,0,1
737026,65535,255,436,-7372,0,0,1
737027,65535,255,2269,10018,0,0,0
737028,65535,255,4370,9611,0,0,0
737029,419,0,5210,-6875,1,0,1
737030,65535,255,3640,-7245,0,0,0
737031,65535,255,1338,-7604,0,0,0
737032,568,0,1412,10045,1,0,1
737033,65535,255,3758,9692,0,0,0
737034,653,0,5372,9416,1,0,1
737035,537,0,4237,-7144,1,0,1
737036,552,0,2183,-7382,1,0,1
737037,65535,255,499,10100,0,0,0
737038,582,0,3059,9850,1,0,1
737039,65535,255,4905,9512,0,0,0
737040,0,0,0,0,0,0,0
737041,65535,255,2953,-7328,0,0,0
737042,65535,255,429,-7905,0,0,0
737043,65535,255,2275,9903,0,0,1
737044,501,0,4372,9635,1,0,1
737045,65535,255,5207,-6926,0,0,0
737046,771,2,3636,-7197,1,0,1
737047,704,0,1332,-7505,1,0,1
737048,680,0,1418,9975,1,0,1
737049,65535,255,3761,9736,0,0,0
737050,655,0,5375,9406,1,0,1
737051,65535,255,4230,-7138,0,0,0
737052,65535,255,2178,-7382,0,0,0
737053,626,0,510,10168,1,0,1
737054,699,0,3064,9870,1,0,1
737055,65535,255,4911,9522,0,0,0
737056,0,0,0,0,0,0,0
737057,65535,255,2947,-7316,0,0,0
737058,747,0,419,-7124,1,0,1
737059,0,0,0,0,0,0,0
737060,586,0,4382,9575,1,0,1
737061,65535,255,5202,-6886,0,0,0
737062,591,0,3628,-7270,1,0,1
737063,752,0,1322,-7732,1,0,1
737064,0,0,0,0,0,0,0
737065,739,0,3769,9754,1,0,1
737066,65535,255,5382,9385,0,0,0
737067,65535,255,4223,-7112,0,0,0
737068,65535,255,2168,-7576,0,0,0
737069,65535,255,527,10040,0,0,0
737070,65535,255,3079,9858,0,0,0
737071,65535,255,4920,9521,0,0,0
737072,65535,255,4741,-7002,0,0,0
737073,731,0,2933,-7329,1,0,1
737074,703,0,401,-7182,1,0,1
737075,65535,255,2301,10014,0,0,0
737076,65535,255,4392,9593,0,0,0
737077,65535,255,5193,-6904,0,0,0
737078,652,0,3615,-7307,1,0,1
737079,637,0,1299,-7456,1,0,1
737080,620,0,1451,9973,1,0,1
737081,65535,255,3786,9688,0,0,0
737082,656,0,5393,9422,1,0,1
737083,590,0,4212,-7169,1,0,1
737084,65535,255,2146,-7475,0,0,0
737085,65535,255,546,10378,0,0,0
737086,0,0,0,0,0,0,0
737087,65535,255,4932,9496,0,0,0
737088,605,0,4732,-7007,1,0,1
737089,65535,255,2914,-7288,0,0,0
737090,575,0,378,-7239,1,0,1
737091,65535,255,2322,10038,0,0,0
737092,65535,255,4405,9611,0,0,0
737093,65535,255,5185,-6917,0,0,0
737094,65535,255,3598,-7209,0,0,0
737095,654,0,1276,-7560,1,0,1
737096,65535,255,1474,10085,0,0,0
737097,0,0,0,0,0,0,0
737098,65535,255,5406,9375,0,0,0
737099,688,0,4197,-7111,1,0,1
737100,65535,255,2125,-7379,0,0,0
737101,65535,255,568,10162,0,0,0
737102,683,0,3114,9902,1,0,1
737103,65535,255,4948,9484,0,0,0
737104,65535,255,4718,-7036,0,0,0
737105,65535,255,2895,-7377,0,0,0
737106,682,0,348,-7676,1,0,1
737107,65535,255,2348,9898,0,0,0
737108,65535,255,4425,9651,0,0,0
737109,65535,255,5172,-6873,0,0,0
737110,65535,255,3581,-7271,0,0,0
737111,65535,255,1249,-7501,0,0,0
737112,65535,255,1502,9951,0,0,0
737113,65535,255,3825,9683,0,0,0
737114,65535,255,5420,9425,0,0,0
737115,65535,255,4179,-7190,0,0,0
737116,65535,255,2099,-7543,0,0,0
737117,65535,255,603,9995,0,0,0
737118,65535,255,3141,9878,0,0,0
737119,596,0,4964,9539,1,0,1
737120,65535,255,4701,-7005,0,0,0
737121,65535,255,2872,-7403,0,0,0
737122,691,0,327,-8389,1,0,1
737123,65535,255,2368,9874,0,0,0
737124,65535,255,4435,9650,0,0,0
737125,65535,255,5164,-6891,0,0,0
737126,65535,255,3568,-7205,0,0,0
737127,551,0,1242,-7697,1,0,1
737128,65535,255,1507,9950,0,0,0
737129,0,0,0,0,0,0,0
737130,65535,255,5420,9396,0,0,0
737131,65535,255,4182,-7168,0,0,0
737132,65535,255,2105,-7572,0,0,0
737133,867,0,591,10327,1,0,1
737134,65535,255,3132,9821,0,0,0
737135,65535,255,4955,9536,0,0,0
737136,65535,255,4711,-7049,0,0,0
737137,65535,255,2886,-7313,0,0,0
737138,65535,255,342,-7678,0,0,0
737139,65535,255,2353,9965,0,0,0
737140,65535,255,4425,9614,0,0,0
737141,65535,255,5171,-6905,0,0,0
737142,662,0,3581,-7304,1,0,1
737143,65535,255,1259,-7613,0,0,0
737144,712,0,1497,9907,1,0,1
737145,681,0,3818,9715,1,0,1
737146,747,0,5412,9393,1,0,1
737147,752,0,4190,-7173,1,0,1
737148,65535,255,2115,-7585,0,0,0
737149,65535,255,580,10446,0,0,0
737150,65535,255,3123,9852,0,0,0
737151,65535,255,4949,9471,0,0,0
737152,65535,255,4715,-6983,0,0,0
737153,65535,255,2896,-7377,0,0,0
737154,65535,255,355,-8239,0,0,0
737155,65535,255,2341,9886,0,0,0
737156,924,0,4415,9660,1,0,1
737157,609,0,5176,-6908,1,0,1
737158,65535,255,3585,-7244,0,0,0
737159,65535,255,1265,-7455,0,0,0
737160,65535,255,1485,10127,0,0,0
737161,65535,255,3810,9678,0,0,0
737162,65535,255,5407,9375,0,0,0
737163,65535,255,4194,-7151,0,0,0
737164,65535,255,2120,-7553,0,0,0
737165,65535,255,574,10393,0,0,0
737166,65535,255,3115,9843,0,0,0
737167,608,0,4947,9472,1,0,1
737168,923,0,4718,-6988,1,0,1
737169,825,0,2900,-7397,1,0,1
737170,680,0,356,-7023,1,0,1
737171,647,0,2338,9898,1,0,1
737172,686,0,4415,9596,1,0,1
737173,631,0,5177,-6913,1,0,1
737174,591,0,3590,-7311,1,0,1
737175,696,0,1271,-7691,1,0,1
737176,983,0,1480,9995,1,0,1
737177,568,0,3806,9756,1,0,1
737178,758,0,5404,9429,1,0,1
737179,65535,255,4190,-7131,0,0,0
737180,544,0,2120,-7507,1,0,1
737181,632,0,574,10334,1,0,1
737182,65535,255,3114,9834,0,0,0
737183,65535,255,4944,9473,0,0,0
737184,65535,255,4718,-6993,0,0,0
737185,600,0,2900,-7418,1,0,1
737186,807,0,360,-7308,1,0,1
737187,65535,255,2338,9953,0,0,0
737188,863,0,4412,9622,1,0,1
737189,65535,255,5811,9280,0,0,0
737190,65535,255,3585,-7227,0,0,0
737191,584,0,1265,-7454,1,0,1
737192,65535,255,1480,10176,0,0,0
737193,582,0,3810,9709,1,0,1
737194,0,0,0,0,0,0,0
737195,65535,255,6484,9071,0,0,0
737196,65535,255,2120,-7446,0,0,0
737197,65535,255,574,10163,0,0,0
737198,65535,255,3119,9823,0,0,0
737199,555,0,4947,9473,1,0,1
737200,65535,255,6169,9176,0,0,0
737201,65535,255,7022,8837,0,0,1
737202,65535,255,354,-7489,0,0,0
737203,65535,255,2343,9994,0,0,0
737204,536,0,4419,9653,1,0,1
737205,645,0,5813,9301,1,0,1
737206,65535,255,6771,8950,0,0,0
737207,65535,255,-32768,-32768,0,65535,1
737208,65535,255,1491,9997,0,0,0
737209,65535,255,3814,9771,0,0,0
737210,65535,255,5412,9375,0,0,0
737211,412,0,6490,9055,1,0,1
737212,65535,255,-32768,-32768,0,65535,1
737213,65535,255,-32768,-32768,0,65535,1
737214,580,0,3128,9793,1,0,1
737215,65535,255,4952,9525,0,0,0
737216,503,0,6175,9175,1,0,1
737217,0,0,0,0,0,0,0
737218,65535,255,-32768,-32768,0,65535,0
737219,65535,255,-32768,-32768,0,65535,0
737220,521,0,4429,9569,1,0,1
737221,552,0,5820,9287,1,0,1
737222,65535,255,6774,8965,0,0,1
737223,65535,255,-32768,-32768,0,65535,0
737224,65535,255,-32768,-32768,0,65535,0
737225,65535,255,3825,9715,0,0,0
737226,515,0,5420,9412,1,0,1
737227,529,0,6493,9068,1,0,1
737228,0,0,0,0,0,0,0
737229,65535,255,-32768,-32768,0,65535,0
737230,65535,255,-32768,-32768,0,65535,1
737231,65535,255,4961,9525,0,0,0
737232,536,0,6181,9161,1,0,1
737233,0,0,0,0,0,0,0
737234,65535,255,-32768,-32768,0,65535,1
737235,65535,255,-32768,-32768,0,65535,1
737236,65535,255,4439,9568,0,0,0
737237,65535,255,5828,9253,0,0,0
737238,65535,255,6780,8941,0,0,1
737239,65535,255,-32768,-32768,0,65535,1
737240,65535,255,-32768,-32768,0,65535,0
737241,544,0,3837,9736,1,0,1
737242,656,0,5428,9388,1,0,1
737243,65535,255,6500,9046,0,0,0
737244,65535,255,-32768,-32768,0,65535,0
737245,65535,255,-32768,-32768,0,65535,0
737246,65535,255,3154,9819,0,0,0
737247,951,0,4970,9484,1,0,1
737248,65535,255,6187,9177,0,0,0
737249,65535,255,-32768,-32768,0,65535,1
737250,65535,255,-32768,-32768,0,65535,1
737251,65535,255,2382,9948,0,0,0
737252,381,2,4448,9642,1,0,0
737253,479,0,5836,9304,1,0,1
737254,65535,255,6786,8957,0,0,1
737255,65535,255,-32768,-32768,0,65535,1
737256,459,0,1540,10141,1,0,1
737257,65535,255,3849,9719,0,0,0
737258,482,0,5437,9398,1,0,1
737259,752,0,6506,9033,1,0,1
737260,65535,255,-32768,-32768,0,65535,0
737261,667,0,633,10522,1,0,1
737262,65535,255,3163,9827,0,0,0
737263,546,0,4976,9526,1,0,1
737264,65535,255,6189,9189,0,0,0
737265,65535,255,-32768,-32768,0,65535,1
737266,65535,255,309,-8212,0,0,0
737267,698,0,2381,9991,1,0,1
737268,65535,255,4446,9610,0,0,0
737269,636,0,5833,9277,1,0,1
737270,747,0,3556,-7240,1,0,1
737271,813,0,1226,-7753,1,0,1
737272,571,0,1530,9971,1,0,1
737273,495,0,3841,9704,1,0,1
737274,698,0,5428,9376,1,0,1
737275,65535,255,4168,-7122,0,0,0
737276,65535,255,2083,-7419,0,0,0
737277,65535,255,616,9728,0,0,0
737278,920,0,3145,9839,1,0,1
737279,65535,255,4965,9534,0,0,0
737280,517,0,4699,-7033,1,0,1
737281,825,0,2872,-7434,1,0,1
737282,555,0,322,-6951,1,0,1
737283,547,0,2372,9861,1,0,1
737284,65535,255,4435,9638,0,0,0
737285,65535,255,5159,-6875,0,0,0
737286,65535,255,3564,-7297,0,0,0
737287,431,0,1236,-7534,1,0,1
737288,65535,255,1513,10124,0,0,0
737289,65535,255,3826,9777,0,0,0
737290,480,0,5420,9421,1,0,1
737291,478,0,4173,-7127,1,0,1
737292,65535,255,2099,-7586,0,0,0
737293,823,2,597,10327,1,0,1
737294,784,0,3137,9801,1,0,1
737295,65535,255,4959,9519,0,0,0
737296,65535,255,4705,-7019,0,0,0
737297,65535,255,2877,-7421,0,0,0
737298,510,0,335,-7433,1,0,1
737299,569,0,2358,10031,1,0,1
737300,464,0,4429,9639,1,0,1
737301,65535,255,5165,-6878,0,0,0
737302,65535,255,3573,-7304,0,0,0
737303,65535,255,1248,-7586,0,0,0
737304,65535,255,1502,10191,0,0,0
737305,65535,255,3822,9676,0,0,0
737306,65535,255,5415,9364,0,0,0
737307,454,0,4179,-7112,1,0,1
737308,531,0,2104,-7417,1,0,1
737309,708,0,593,9768,1,0,1
737310,65535,255,3128,9871,0,0,0
737311,833,0,4953,9471,1,0,1
737312,513,0,4708,-7065,1,0,1
737313,65535,255,2882,-7344,0,0,0
737314,65535,255,342,-7768,0,0,0
737315,540,0,2353,9965,1,0,1
737316,492,0,4425,9608,1,0,1
737317,644,0,5170,-6938,1,0,1
737318,533,0,3577,-7278,1,0,1
737319,705,0,1253,-7506,1,0,1
737320,65535,255,1496,10148,0,0,0
737321,65535,255,3817,9674,0,0,0
737322,564,0,5413,9365,1,0,1
737323,570,0,4183,-7124,1,0,1
737324,743,0,2110,-7446,1,0,1
737325,65535,255,586,9934,0,0,0
737326,755,0,3124,9901,1,0,1
737327,504,0,4953,9499,1,0,1
737328,65535,255,4709,-7006,0,0,0
737329,563,0,2886,-7408,1,0,1
737330,622,0,345,-6906,1,0,1
737331,538,0,2333,9881,1,0,1
737332,682,0,4409,9600,1,0,1
737333,496,0,5182,-6879,1,0,1
737334,65535,255,3598,-7229,0,0,0
737335,645,0,1282,-7484,1,0,1
737336,678,0,1469,9900,1,0,1
737337,530,0,3798,9746,1,0,1
737338,548,0,5399,9403,1,0,1
737339,65535,255,4204,-7153,0,0,0
737340,567,0,2136,-7357,1,0,1
737341,841,2,551,9860,1,0,1
737342,559,0,3101,9792,1,0,1
737343,562,0,4932,9511,1,0,1
737344,65535,255,4731,-7000,0,0,0
737345,65535,255,2919,-7290,0,0,0
737346,541,0,383,-7851,1,0,1
737347,642,0,2317,9854,1,0,1
737348,618,0,4399,9596,1,0,1
737349,65535,255,5190,-6882,0,0,0
737350,65535,255,3611,-7235,0,0,0
737351,65535,255,1298,-7535,0,0,0
737352,65535,255,1457,9969,0,0,0
737353,715,0,3785,9772,1,0,1
737354,799,0,5393,9381,1,0,1
737355,65535,255,4211,-7090,0,0,0
737356,548,0,2151,-7462,1,0,1
737357,589,0,539,10345,1,0,1
737358,65535,255,3092,9884,0,0,0
737359,65535,255,4928,9517,0,0,0
737360,0,0,0,0,0,0,0
737361,65535,255,2929,-7417,0,0,0
737362,65535,255,394,-7595,0,0,0
737363,65535,255,2306,9983,0,0,0
737364,0,0,0,0,0,0,0
737365,65535,255,5199,-6900,0,0,0
737366,65535,255,3619,-7250,0,0,0
737367,65535,255,1310,-7533,0,0,0
737368,65535,255,1440,9931,0,0,0
737369,65535,255,3777,9727,0,0,0
737370,65535,255,5387,9416,0,0,0
737371,65535,255,4222,-7115,0,0,0
737372,65535,255,2167,-7488,0,0,0
737373,65535,255,522,10291,0,0,0
737374,65535,255,3078,9846,0,0,0
737375,65535,255,4919,9487,0,0,0
737376,65535,255,4750,-7013,0,0,0
737377,65535,255,2943,-7298,0,0,0
737378,513,0,411,-7759,1,0,0
737379,65535,255,2290,10042,0,0,0
737380,65535,255,4381,9671,0,0,0
737381,65535,255,5207,-6928,0,0,0
737382,650,2,3632,-7304,1,0,1
737383,65535,255,1327,-7708,0,0,0
737384,65535,255,1423,10067,0,0,0
737385,500,0,3769,9674,1,0,1
737386,65535,255,5379,9390,0,0,0
737387,65535,255,4233,-7085,0,0,0
737388,65535,255,2178,-7442,0,0,0
737389,612,0,510,10167,1,0,0
737390,65535,255,3064,9828,0,0,0
737391,65535,255,4911,9478,0,0,0
737392,942,0,4757,-7011,1,0,1
737393,576,0,2952,-7306,1,0,1
737394,0,0,0,0,0,0,0
737395,65535,255,2280,9859,0,0,0
737396,65535,255,4375,9590,0,0,0
737397,65535,255,5210,-6876,0,0,1
737398,615,0,3639,-7221,1,0,1
737399,550,0,1333,-7481,1,0,1
737400,65535,255,1415,10019,0,0,0
737401,65535,255,3757,9739,0,0,0
737402,65535,255,5374,9430,0,0,0
737403,607,0,4237,-7151,1,0,1
737404,691,0,2183,-7367,1,0,1
737405,918,0,499,9837,1,0,1
737406,565,0,3060,9788,1,0,1
737407,65535,255,4904,9551,0,0,0
737408,700,0,4760,-7004,1,0,1
737409,613,0,2957,-7295,1,0,1
737410,0,0,0,0,0,0,0
737411,65535,255,2275,9860,0,0,0
737412,725,0,4368,9602,1,0,1
737413,65535,255,5210,-6890,0,0,0
737414,65535,255,3640,-7245,0,0,0
737415,65535,255,1338,-7579,0,0,0
737416,0,0,0,0,0,0,0
737417,593,0,3754,9788,1,0,1
737418,65535,255,5372,9388,0,0,0
737419,577,0,4237,-7097,1,0,1
737420,65535,255,2188,-7485,0,0,0
737421,65535,255,493,10433,0,0,0
737422,595,0,3055,9892,1,0,1
737423,644,0,4902,9524,1,0,1
737424,65535,255,4757,-6975,0,0,0
737425,722,0,2962,-7421,1,0,1
737426,725,0,435,-7676,1,0,1
737427,653,0,2269,10061,1,0,1
737428,703,0,4368,9589,1,0,1
737429,565,0,5210,-6884,1,0,1
737430,65535,255,3640,-7244,0,0,0
737431,710,0,1338,-7603,1,0,1
737432,670,0,1412,10021,1,0,1
737433,65535,255,3755,9740,0,0,0
737434,65535,255,5372,9397,0,0,0
737435,65535,255,4237,-7117,0,0,0
737436,731,0,2189,-7543,1,0,1
737437,806,0,500,9704,1,0,1
737438,710,0,3060,9788,1,0,1
737439,522,0,4905,9551,1,0,1
737440,668,0,4757,-7015,1,0,1
737441,994,0,2957,-7326,1,0,1
737442,65535,255,431,-7058,0,0,0
737443,65535,255,2275,9946,0,0,0
737444,65535,255,4372,9648,0,0,0
737445,745,0,5211,-6930,1,0,1
737446,704,0,3636,-7196,1,0,1
737447,661,0,1332,-7530,1,0,1
737448,65535,255,1418,9975,0,0,0
737449,65535,255,3757,9787,0,0,0
737450,670,0,5374,9397,1,0,1
737451,616,0,4233,-7117,1,0,1
737452,65535,255,2184,-7544,0,0,0
737453,65535,255,511,9777,0,0,0
737454,591,0,3064,9809,1,0,1
737455,65535,255,4911,9484,0,0,0
737456,65535,255,4754,-7034,0,0,0
737457,65535,255,2947,-7369,0,0,0
737458,65535,255,423,-7599,0,0,0
737459,65535,255,2280,10060,0,0,0
737460,65535,255,4378,9602,0,0,0
737461,65535,255,5205,-6895,0,0,0
737462,970,0,3632,-7270,1,0,1
737463,845,0,1327,-7706,1,0,1
737464,679,0,1423,10161,1,0,1
737465,65535,255,3769,9730,0,0,0
737466,0,0,0,0,0,0,0
737467,613,0,4226,-7091,1,0,1
737468,1007,0,2173,-7472,1,0,1
737469,817,0,516,10550,1,0,1
737470,821,0,3073,9815,1,0,1
737471,661,0,4917,9547,1,0,1
737472,687,0,4747,-7023,1,0,1
737473,644,0,2938,-7360,1,0,1
737474,648,0,406,-7348,1,0,1
737475,690,0,2295,10029,1,0,1
737476,631,0,4388,9595,1,0,1
737477,640,0,5199,-6892,1,0,1
737478,553,0,3620,-7273,1,0,1
737479,695,0,1310,-7735,1,0,1
737480,883,0,1440,10183,1,0,1
737481,662,0,3781,9752,1,0,1
737482,754,0,5390,9379,1,0,1
737483,577,0,4215,-7100,1,0,1
737484,710,0,2157,-7548,1,0,1
737485,654,0,540,9859,1,0,1
737486,986,0,3087,9827,1,0,1
737487,729,0,4928,9503,1,0,1
737488,65535,255,4737,-6974,0,0,0
737489,502,2,2924,-7276,1,0,1
737490,653,0,389,-8101,1,0,1
737491,65535,255,2317,9942,0,0,0
737492,609,0,4401,9656,1,0,0
737493,686,0,5190,-6869,1,0,1
737494,722,0,3606,-7241,1,0,1
737495,65535,255,1287,-7662,0,0,0
737496,733,0,1463,10132,1,0,1
737497,618,0,3797,9734,1,0,1
737498,671,0,5401,9377,1,0,1
737499,763,0,4204,-7096,1,0,1
737500,65535,255,2136,-7551,0,0,0
737501,65535,255,563,9927,0,0,0
737502,65535,255,3110,9844,0,0,0
737503,65535,255,4940,9512,0,0,0
737504,643,0,4724,-6988,1,0,1
737505,770,0,2905,-7311,1,0,1
737506,735,0,362,-7035,1,0,1
737507,659,0,2337,9995,1,0,1
737508,689,0,4419,9589,1,0,1
737509,561,0,5178,-6893,1,0,1
737510,65535,255,3589,-7295,0,0,0
737511,770,0,1265,-7429,1,0,1
737512,643,0,1491,9951,1,0,1
737513,642,0,3817,9684,1,0,1
737514,734,0,5412,9418,1,0,1
737515,849,0,4189,-7167,1,0,1
737516,685,0,2109,-7479,1,0,1
737517,65535,255,592,9772,0,0,0
737518,65535,255,3132,9811,0,0,0
737519,65535,255,4955,9503,0,0,0
737520,65535,255,4708,-7003,0,0,0
737521,65535,255,2881,-7303,0,0,0
737522,65535,255,333,-6979,0,0,0
737523,456,0,2363,10003,1,0,1
737524,65535,255,4435,9599,0,0,0
737525,892,0,5164,-6906,1,0,1
737526,65535,255,3568,-7273,0,0,0
737527,65535,255,1237,-7456,0,0,0
737528,65535,255,1508,10058,0,0,0
737529,65535,255,3825,9737,0,0,0
737530,65535,255,5418,9397,0,0,0
737531,610,0,4179,-7154,1,0,1
737532,65535,255,2104,-7495,0,0,0
737533,65535,255,597,9937,0,0,0
737534,633,0,3132,9890,1,0,1
737535,664,0,4955,9476,1,0,1
737536,0,0,0,0,0,0,0
737537,65535,255,2886,-7313,0,0,0
737538,0,0,0,0,0,0,0
737539,65535,255,2348,9897,0,0,0
737540,65535,255,4422,9569,0,0,0
737541,65535,255,5173,-6903,0,0,0
737542,595,0,3581,-7211,1,0,1
737543,1036,0,1265,-7666,1,0,1
737544,65535,255,1492,9907,0,0,0
737545,65535,255,3810,9701,0,0,0
737546,596,0,5410,9375,1,0,1
737547,544,0,4190,-7131,1,0,1
737548,65535,255,2120,-7447,0,0,0
737549,65535,255,575,9815,0,0,0
737550,65535,255,3114,9873,0,0,0
737551,678,0,4944,9473,1,0,1
737552,948,0,6167,9161,1,0,1
737553,0,0,0,0,0,0,0
737554,65535,255,365,-7675,0,0,0
737555,65535,255,2333,9954,0,0,0
737556,557,0,4412,9597,1,0,1
737557,65535,255,5808,9311,0,0,0
737558,65535,255,6764,8942,0,0,0
737559,696,0,1276,-7455,1,0,1
737560,813,0,1469,10087,1,0,1
737561,661,0,3798,9766,1,0,1
737562,65535,255,5399,9421,0,0,0
737563,0,0,0,0,0,0,0
737564,65535,255,-32768,-32768,0,65535,0
737565,65535,255,557,10521,0,0,0
737566,65535,255,3101,9845,0,0,0
737567,568,0,4935,9546,1,0,1
737568,65535,255,6163,9155,0,0,0
737569,65535,255,7018,8830,0,0,1
737570,65535,255,-32768,-32768,0,65535,1
737571,65535,255,2317,9970,0,0,0
737572,65535,255,4402,9612,0,0,0
737573,0,0,0,0,0,0,0
737574,65535,255,6761,8953,0,0,0
737575,65535,255,-32768,-32768,0,65535,0
737576,65535,255,-32768,-32768,0,65535,1
737577,592,0,3794,9688,1,0,1
737578,595,0,5396,9378,1,0,1
737579,655,0,6476,9050,1,0,1
737580,65535,255,-32768,-32768,0,65535,1
737581,65535,255,-32768,-32768,0,65535,0
737582,549,0,3097,9777,1,0,1
737583,65535,255,4928,9515,0,0,0
737584,466,0,6159,9195,1,0,1
737585,0,0,0,0,0,0,0
737586,65535,255,-32768,-32768,0,65535,0
737587,65535,255,-32768,-32768,0,65535,1
737588,65535,255,4399,9594,0,0,0
737589,575,0,5798,9318,1,0,1
737590,65535,255,6759,8951,0,0,1
737591,65535,255,-32768,-32768,0,65535,1
737592,65535,255,-32768,-32768,0,65535,1
737593,621,0,3786,9698,1,0,1
737594,65535,255,5394,9384,0,0,0
737595,65535,255,6476,9050,0,0,0
737596,0,0,0,0,0,0,0
737597,65535,255,-32768,-32768,0,65535,0
737598,65535,255,-32768,-32768,0,65535,0
737599,913,0,4925,9543,1,0,1
737600,597,0,6156,9161,1,0,1
737601,0,0,0,0,0,0,0
737602,65535,255,-32768,-32768,0,65535,1
737603,65535,255,-32768,-32768,0,65535,1
737604,773,0,4392,9652,1,0,1
737605,496,0,5798,9293,1,0,1
737606,65535,255,6758,8933,0,0,1
737607,65535,255,-32768,-32768,0,65535,0
737608,65535,255,-32768,-32768,0,65535,0
737609,634,0,3781,9793,1,0,1
737610,569,0,5393,9370,1,0,1
737611,630,0,6474,9074,1,0,1
737612,65535,255,-32768,-32768,0,65535,0
737613,65535,255,-32768,-32768,0,65535,0
737614,65535,255,3087,9828,0,0,0
737615,65535,255,4926,9549,0,0,0
737616,65535,255,6158,9165,0,0,0
737617,65535,255,7015,8839,0,0,0
737618,65535,255,-32768,-32768,0,65535,1
737619,691,0,2306,9860,1,0,1
737620,522,0,4395,9579,1,0,1
737621,65535,255,5798,9311,0,0,0
737622,65535,255,6758,8949,0,0,1
737623,65535,255,-32768,-32768,0,65535,1
737624,596,0,1452,9903,1,0,1
737625,538,0,3786,9720,1,0,1
737626,480,0,5391,9408,1,0,1
737627,65535,255,6475,9068,0,0,0
737628,65535,255,-32768,-32768,0,65535,0
737629,684,0,540,9916,1,0,1
737630,906,0,3088,9767,1,0,1
737631,65535,255,4926,9520,0,0,0
737632,65535,255,6157,9180,0,0,0
737633,481,0,2928,-7328,1,0,1
737634,65535,255,394,-8003,0,0,0
737635,65535,255,2307,10040,0,0,0
737636,548,0,4395,9663,1,0,1
737637,468,0,5798,9304,1,0,1
737638,617,0,3615,-7272,1,0,1
737639,65535,255,1303,-7554,0,0,0
737640,638,0,1453,9902,1,0,1
737641,65535,255,3786,9728,0,0,0
737642,65535,255,5391,9413,0,0,0
737643,65535,255,4214,-7099,0,0,0
737644,65535,255,2151,-7457,0,0,0
737645,329,2,540,10098,1,0,1
737646,65535,255,3093,9806,0,0,0
737647,65535,255,4926,9542,0,0,0
737648,602,0,4736,-6978,1,0,1
737649,598,0,2928,-7392,1,0,1
737650,493,0,390,-7075,1,0,1
737651,550,0,2312,9913,1,0,1
737652,509,0,4399,9605,1,0,1
737653,506,0,5189,-6878,1,0,1
737654,65535,255,3610,-7205,0,0,0
737655,65535,255,1294,-7458,0,0,0
737656,65535,255,1452,10110,0,0,0
737657,65535,255,3790,9680,0,0,0
737658,65535,255,5394,9388,0,0,0
737659,65535,255,4211,-7181,0,0,0
737660,653,0,2146,-7397,1,0,0
737661,65535,255,546,9856,0,0,0
737662,65535,255,3098,9775,0,0,0
737663,65535,255,4929,9530,0,0,0
737664,601,0,4732,-7043,1,0,1
737665,65535,255,2918,-7382,0,0,0
737666,746,0,384,-7064,1,0,1
737667,757,0,2317,9913,1,0,1
737668,65535,255,4402,9611,0,0,0
737669,566,0,5187,-6884,1,0,1
737670,65535,255,3602,-7223,0,0,0
737671,688,0,1287,-7452,1,0,1
737672,555,0,1464,10177,1,0,1
737673,560,0,3795,9711,3,0,1
737674,65535,255,5397,9406,0,0,0
737675,700,0,4204,-7108,1,0,1
737676,65535,255,2135,-7488,0,0,0
737677,649,0,557,10277,1,0,1
737678,65535,255,3102,9844,0,0,0
737679,65535,255,4936,9490,0,0,0
737680,696,0,4727,-7020,1,0,1
737681,806,0,2909,-7308,1,0,1
737682,652,0,371,-7937,1,0,1
737683,663,0,2329,9856,1,0,1
737684,517,0,4410,9584,1,0,1
737685,504,0,5178,-6865,1,0,1
737686,753,0,3593,-7199,1,0,0
737687,65535,255,1270,-7399,0,0,0
737688,65535,255,1475,10175,0,0,0
737689,941,0,3802,9710,1,0,1
737690,65535,255,5405,9414,0,0,0
737691,65535,255,4193,-7123,0,0,0
737692,671,0,2125,-7535,1,0,1
737693,804,0,570,10507,1,0,0
737694,65535,255,3115,9902,0,0,0
737695,65535,255,4933,9519,0,0,0
737696,65535,255,4730,-7061,0,0,0
737697,697,0,2918,-7408,1,0,1
737698,745,0,382,-7500,1,0,1
737699,519,0,2317,10007,1,0,1
737700,65535,255,4400,9569,0,0,0
737701,477,0,5189,-6939,1,0,1
737702,523,0,3606,-7202,1,0,1
737703,618,0,1292,-7456,1,0,1
737704,627,0,1459,9899,1,0,1
737705,65535,255,3787,9754,0,0,0
737706,65535,255,5395,9369,0,0,0
737707,65535,255,4211,-7172,0,0,0
737708,65535,255,2151,-7430,0,0,0
737709,732,0,540,10216,1,0,1
737710,656,0,3089,9861,1,0,1
737711,725,0,4927,9505,1,0,1
737712,65535,255,4737,-7051,0,0,0
737713,65535,255,2927,-7396,0,0,0
737714,543,0,393,-7502,1,0,1
737715,571,0,2307,10022,1,0,1
737716,65535,255,4396,9583,0,0,0
737717,65535,255,5193,-6877,0,0,0
737718,65535,255,3615,-7234,0,0,0
737719,65535,255,1304,-7586,0,0,0
737720,65535,255,1446,10017,0,0,0
737721,65535,255,3786,9678,0,0,0
737722,65535,255,5390,9405,0,0,0
737723,65535,255,4215,-7124,0,0,0
737724,619,0,2157,-7580,1,0,1
737725,694,0,539,9915,1,0,1
737726,65535,255,3087,9824,0,0,0
737727,65535,255,4926,9490,0,0,0
737728,65535,255,4741,-7044,0,0,0
737729,65535,255,2928,-7385,0,0,0
737730,65535,255,394,-7680,0,0,0
737731,65535,255,2306,9856,0,0,0
737732,65535,255,4392,9611,0,0,0
737733,395,2,5195,-6905,1,0,0
737734,65535,255,3619,-7292,0,0,0
737735,65535,255,1306,-7469,0,0,0
737736,65535,255,1446,10225,0,0,0
737737,65535,255,3782,9758,0,0,0
737738,65535,255,5391,9382,0,0,0
737739,560,0,4215,-7102,1,0,1
737740,65535,255,2157,-7535,0,0,0
737741,65535,255,540,9793,0,0,0
737742,65535,255,3087,9805,0,0,0
737743,570,0,4929,9490,1,0,1
737744,65535,255,4741,-7050,0,0,0
737745,65535,255,2928,-7406,0,0,0
737746,65535,255,394,-7763,0,0,0
737747,65535,255,2311,9884,0,0,0
737748,65535,255,4395,9629,0,0,0
737749,65535,255,5195,-6921,0,0,0
737750,65535,255,3611,-7200,0,0,0
737751,65535,255,1298,-7508,0,0,0
737752,65535,255,1452,9994,0,0,0
737753,65535,255,3789,9694,0,0,0
737754,65535,255,5392,9421,0,0,0
737755,584,0,4215,-7163,1,0,0
737756,65535,255,2151,-7445,0,0,0
737757,65535,255,545,10467,0,0,0
737758,594,0,3097,9774,1,0,1
737759,834,2,4932,9473,1,0,1
737760,65535,255,4737,-7039,0,0,0
737761,65535,255,2923,-7396,0,0,0
737762,65535,255,383,-7764,0,0,0
737763,65535,255,2317,9898,0,0,0
737764,65535,255,4401,9642,0,0,0
737765,576,0,5190,-6937,1,0,1
737766,65535,255,3607,-7234,0,0,0
737767,65535,255,1287,-7638,0,0,0
737768,65535,255,1463,10154,0,0,0
737769,698,0,3793,9749,1,0,1
737770,637,0,5401,9385,1,0,1
737771,65535,255,4204,-7117,0,0,0
737772,65535,255,2137,-7428,0,0,0
737773,717,0,556,10162,1,0,0
737774,630,0,3105,9882,1,0,1
737775,0,0,0,0,0,0,0
737776,65535,255,4728,-7023,0,0,0
737777,65535,255,2909,-7376,0,0,0
737778,65535,255,371,-7678,0,0,0
737779,65535,255,2333,9882,0,0,0
737780,65535,255,4409,9640,0,0,0
737781,65535,255,5181,-6944,0,0,0
737782,65535,255,3594,-7245,0,0,0
737783,1053,0,1276,-7692,1,0,1
737784,722,0,1480,10196,1,0,1
737785,870,0,3805,9771,1,0,1
737786,65535,255,5406,9403,0,0,0
737787,647,0,4193,-7146,1,0,1
737788,648,0,2120,-7433,1,0,1
737789,65535,255,574,10508,0,0,0
737790,699,0,3123,9792,1,0,1
737791,798,0,4950,9497,1,0,1
737792,766,0,4716,-7031,1,0,1
737793,65535,255,2891,-7303,0,0,0
737794,766,0,350,-7011,1,0,1
737795,632,0,2349,10017,1,0,1
737796,856,0,4422,9606,1,0,1
737797,65535,255,5170,-6921,0,0,0
737798,65535,255,3577,-7213,0,0,0
737799,65535,255,1248,-7509,0,0,0
737800,65535,255,1502,10036,0,0,0
737801,708,0,3822,9722,1,0,1
737802,716,0,5418,9376,1,0,1
737803,569,0,4176,-7116,1,0,1
737804,65535,255,2099,-7360,0,0,0
737805,65535,255,597,10274,0,0,0
737806,65535,255,3141,9771,0,0,0
737807,508,0,4962,9479,1,0,1
737808,65535,255,4701,-7058,0,0,0
737809,858,0,2872,-7285,1,0,1
737810,65535,255,321,-6970,0,0,0
737811,65535,255,2368,10030,0,0,0
737812,601,0,4440,9616,1,0,1
737813,627,0,5159,-6904,1,0,1
737814,65535,255,3559,-7225,0,0,0
737815,625,0,1231,-7758,1,0,1
737816,65535,255,1518,10016,0,0,0
737817,65535,255,3830,9752,0,0,0
737818,65535,255,5420,9414,0,0,0
737819,700,0,4173,-7141,1,0,1
737820,750,0,2094,-7376,1,0,1
737821,65535,255,598,10486,0,0,0
737822,65535,255,3137,9859,0,0,0
737823,731,0,4959,9474,1,0,1
737824,925,0,4705,-7001,1,0,1
737825,65535,255,2881,-7370,0,0,0
737826,809,0,337,-8182,1,0,1
737827,1120,0,2353,10032,1,0,1
737828,749,0,4426,9651,1,0,1
737829,65535,255,5167,-6896,0,0,0
737830,1036,0,3577,-7213,1,0,1
737831,0,0,0,0,0,0,0
737832,760,0,1496,10040,1,0,1
737833,719,0,3818,9762,1,0,1
737834,930,0,5412,9422,1,0,1
737835,65535,255,4186,-7106,0,0,0
737836,838,0,2114,-7435,1,0,1
737837,745,0,586,9940,1,0,1
737838,65535,255,3123,9848,0,0,0
737839,65535,255,4949,9510,0,0,0
737840,568,0,4715,-7020,1,0,0
737841,691,0,2894,-7381,1,0,1
737842,895,0,354,-7410,1,0,1
737843,712,0,2343,9939,1,0,1
737844,65535,255,4419,9608,0,0,0
737845,65535,255,5176,-6901,0,0,0
737846,65535,255,3590,-7304,0,0,0
737847,65535,255,1265,-7642,0,0,0
737848,737,0,1486,9953,1,0,1
737849,745,0,3810,9733,1,0,1
737850,65535,255,5407,9409,0,0,0
737851,65535,255,4193,-7091,0,0,0
737852,633,0,2125,-7417,1,0,1
737853,65535,255,569,9878,0,0,0
737854,739,0,3110,9914,1,0,1
737855,65535,255,4944,9511,0,0,0
737856,65535,255,4724,-7023,0,0,0
737857,848,0,2905,-7291,1,0,0
737858,65535,255,365,-7595,0,0,0
737859,729,0,2333,9983,1,0,1
737860,65535,255,4412,9629,0,0,0
737861,622,0,5181,-6887,1,0,1
737862,587,0,3594,-7210,1,0,1
737863,65535,255,1282,-7771,0,0,1
737864,65535,255,1474,10065,0,0,0
737865,622,0,3802,9781,1,0,1
737866,609,0,5404,9367,1,0,1
737867,587,0,4200,-7144,1,0,1
737868,735,0,2136,-7538,1,0,1
737869,846,0,557,10406,1,0,1
737870,973,0,3105,9845,1,0,1
737871,596,0,4941,9479,1,0,1
737872,65535,255,4727,-6999,0,0,0
737873,65535,255,2914,-7418,0,0,0
737874,704,0,372,-7323,1,0,1
737875,631,0,2327,9941,1,0,1
737876,597,0,4409,9616,1,0,1
737877,65535,255,5184,-6881,0,0,0
737878,65535,255,3598,-7209,0,0,0
737879,797,0,1282,-7377,1,0,0
737880,65535,255,1468,10111,0,0,0
737881,65535,255,3798,9680,0,0,0
737882,65535,255,5401,9382,0,0,0
737883,616,0,4204,-7177,1,0,1
737884,533,0,2136,-7371,1,0,1
737885,834,0,558,9810,1,0,1
737886,781,0,3103,9825,1,0,1
737887,641,0,4937,9523,1,0,1
737888,770,0,4731,-7050,1,0,1
737889,1115,0,2914,-7353,1,0,1
737890,793,0,379,-8291,1,0,1
737891,644,0,2327,9886,1,0,1
737892,595,0,4409,9598,1,0,1
737893,564,0,5184,-6870,1,0,1
737894,65535,255,3598,-7200,0,0,0
737895,65535,255,1285,-7572,0,0,0
737896,597,0,1469,10110,1,0,1
737897,810,0,3798,9688,1,0,1
737898,549,0,5401,9391,1,0,1
737899,503,2,4200,-7089,1,0,0
737900,792,0,2136,-7430,1,0,1
737901,65535,255,556,10106,0,0,0
737902,0,0,0,0,0,0,0
737903,65535,255,4939,9490,0,0,0
737904,519,0,4724,-6999,1,0,1
737905,576,0,2908,-7376,1,0,1
737906,733,0,371,-7679,1,0,0
737907,65535,255,2327,10025,0,0,0
737908,65535,255,4409,9662,0,0,0
737909,65535,255,5184,-6926,0,0,0
737910,590,2,3598,-7301,1,0,1
737911,65535,255,1276,-7717,0,0,0
737912,65535,255,1474,10087,0,0,0
737913,616,0,3802,9687,1,0,0
737914,65535,255,5404,9396,0,0,0
737915,905,0,4197,-7096,1,0,1
737916,785,0,2130,-7477,1,0,1
737917,700,0,568,10340,1,0,1
737918,666,0,3110,9865,1,0,1
737919,65535,255,4944,9501,0,0,0
737920,489,0,6167,9190,1,0,1
737921,65535,255,2900,-7354,0,0,0
737922,0,0,0,0,0,0,0
737923,65535,255,2338,9927,0,0,0
737924,65535,255,4415,9622,0,0,0
737925,65535,255,5811,9289,0,0,0
737926,65535,255,6768,8944,0,0,0
737927,65535,255,1264,-7640,0,0,0
737928,65535,255,1486,10041,0,0,0
737929,609,0,3810,9678,1,0,1
737930,65535,255,5410,9395,0,0,0
737931,65535,255,6486,9071,0,0,0
737932,65535,255,-32768,-32768,0,65535,1
737933,533,0,580,10392,1,0,1
737934,65535,255,3123,9882,0,0,0
737935,470,0,4950,9516,1,0,1
737936,65535,255,6173,9160,0,0,0
737937,65535,255,7026,8848,0,0,1
737938,65535,255,-32768,-32768,0,65535,1
737939,631,0,2348,10020,1,0,1
737940,628,0,4423,9576,1,0,1
737941,65535,255,5819,9261,0,0,0
737942,0,0,0,0,0,0,0
737943,65535,255,-32768,-32768,0,65535,1
737944,65535,255,-32768,-32768,0,65535,1
737945,495,0,3822,9762,1,0,1
737946,65535,255,5418,9378,0,0,0
737947,0,0,0,0,0,0,0
737948,65535,255,-32768,-32768,0,65535,1
737949,65535,255,-32768,-32768,0,65535,0
737950,65535,255,3137,9880,0,0,0
737951,65535,255,4959,9519,0,0,0
737952,65535,255,6180,9162,0,0,0
737953,0,0,0,0,0,0,0
737954,65535,255,-32768,-32768,0,65535,1
737955,65535,255,-32768,-32768,0,65535,1
737956,65535,255,4436,9599,0,0,0
737957,750,0,5825,9277,1,0,1
737958,0,0,0,0,0,0,0
737959,65535,255,-32768,-32768,0,65535,0
737960,65535,255,-32768,-32768,0,65535,1
737961,582,0,3838,9698,1,0,1
737962,936,0,5426,9410,3,0,1
737963,65535,255,6499,9038,0,0,0
737964,0,0,0,0,0,0,0
737965,65535,255,-32768,-32768,0,65535,1
737966,65535,255,-32768,-32768,0,65535,1
737967,503,0,4971,9478,1,0,1
737968,65535,255,6186,9160,0,0,0
737969,0,0,0,0,0,0,0
737970,65535,255,-32768,-32768,0,65535,1
737971,65535,255,-32768,-32768,0,65535,1
737972,504,0,4443,9580,1,0,1
737973,65535,255,5830,9296,0,0,1
737974,0,0,0,0,0,0,0
737975,65535,255,-32768,-32768,0,65535,1
737976,65535,255,-32768,-32768,0,65535,0
737977,528,0,3838,9713,1,0,1
737978,516,0,5426,9386,1,0,1
737979,601,0,6499,9043,1,0,1
737980,65535,255,-32768,-32768,0,65535,0
737981,65535,255,-32768,-32768,0,65535,1
737982,700,0,3141,9899,1,0,1
737983,65535,255,4965,9486,0,0,0
737984,65535,255,6181,9169,0,0,0
737985,65535,255,-32768,-32768,0,65535,1
737986,65535,255,-32768,-32768,0,65535,0
737987,65535,255,2363,9978,0,0,0
737988,645,0,4432,9613,1,0,1
737989,65535,255,5825,9254,0,0,0
737990,65535,255,6776,8950,0,0,0
737991,501,0,1241,-7482,1,0,1
737992,609,0,1508,10123,1,0,1
737993,578,0,3826,9777,1,0,1
737994,65535,255,5418,9426,0,0,0
737995,564,0,6494,9070,1,0,1
737996,65535,255,2103,-7387,0,0,0
737997,730,0,593,10549,1,0,1
737998,65535,255,3133,9850,0,0,0
737999,65535,255,4957,9510,0,0,0
738000,537,0,6178,9158,1,0,1
738001,678,0,2885,-7324,1,0,1
738002,685,0,342,-7674,1,0,1
738003,875,0,2353,9951,1,0,1
738004,1013,0,4426,9601,1,0,1
738005,583,0,5820,9277,1,0,0
738006,878,0,3580,-7270,1,0,1
738007,65535,255,1253,-7507,0,0,0
738008,634,0,1497,10147,1,0,1
738009,601,0,3819,9727,1,0,1
738010,634,0,5415,9374,1,0,1
738011,550,0,4185,-7119,1,0,1
738012,570,0,2108,-7448,1,0,1
738013,601,0,587,9876,1,0,1
738014,975,0,3124,9891,1,0,0
738015,65535,255,4953,9492,0,0,0
738016,65535,255,4713,-6996,0,0,0
738017,547,0,2890,-7398,1,0,1
738018,641,0,349,-8336,1,0,1
738019,601,0,2349,9843,1,0,1
738020,65535,255,4419,9659,0,0,0
738021,65535,255,5172,-6898,0,0,0
738022,65535,255,3580,-7219,0,0,0
738023,612,0,1259,-7772,1,0,1
738024,675,0,1491,10016,1,0,1
738025,518,0,3814,9754,1,0,1
738026,608,0,5410,9418,1,0,1
738027,65535,255,4189,-7091,0,0,0
738028,65535,255,2114,-7400,0,0,0
738029,752,0,582,9761,1,0,1
738030,667,0,3120,9882,1,0,1
738031,619,0,4948,9488,1,0,0
738032,65535,255,4714,-6995,0,0,0
738033,65535,255,2895,-7397,0,0,0
738034,65535,255,350,-6916,0,0,0
738035,631,0,2345,9868,1,0,1
738036,644,0,4419,9586,1,0,1
738037,681,0,5175,-6913,1,0,0
738038,574,0,3585,-7252,1,0,1
738039,595,0,1258,-7454,1,0,1
738040,768,0,1486,10126,1,0,1
738041,65535,255,3815,9677,0,0,0
738042,65535,255,5411,9375,0,0,0
738043,609,0,4189,-7145,1,0,1
738044,792,0,2119,-7521,1,0,0
738045,65535,255,574,10275,0,0,0
738046,634,0,3120,9823,1,0,1
738047,657,0,4945,9543,1,0,1
738048,456,0,4717,-7064,1,0,0
738049,832,0,2894,-7354,1,0,1
738050,679,2,354,-8139,3,0,1
738051,609,0,2344,9972,1,0,1
738052,65535,255,4416,9660,0,0,0
738053,486,0,5172,-6912,1,0,1
738054,65535,255,3584,-7252,0,0,0
738055,65535,255,1258,-7479,0,0,0
738056,65535,255,1487,10171,0,0,0
738057,65535,255,3815,9693,0,0,0
738058,65535,255,5411,9389,0,0,0
738059,65535,255,4204,-7187,0,0,0
738060,65535,255,2135,-7464,0,0,0
738061,723,0,558,10395,1,0,1
738062,681,0,3102,9900,1,0,1
738063,65535,255,4936,9530,0,0,0
738064,782,0,4727,-6990,1,0,1
738065,65535,255,2909,-7292,0,0,0
738066,0,0,0,0,0,0,0
738067,65535,255,2323,9909,0,0,0
738068,65535,255,4403,9633,0,0,0
738069,65535,255,5186,-6919,0,0,0
738070,488,0,3599,-7249,1,0,1
738071,65535,255,1286,-7431,0,0,0
738072,1081,0,1465,9899,1,0,1
738073,65535,255,3795,9770,0,0,0
738074,65535,255,5398,9388,0,0,0
738075,420,0,4203,-7105,1,0,1
738076,65535,255,2140,-7538,0,0,0
738077,1014,0,553,9798,1,0,1
738078,563,2,3102,9812,1,0,0
738079,65535,255,4936,9493,0,0,0
738080,65535,255,4730,-7048,0,0,0
738081,527,0,2913,-7399,1,0,1
738082,586,0,376,-7681,1,0,1
738083,587,0,2323,9868,1,0,1
738084,593,0,4403,9620,1,0,1
738085,0,0,0,0,0,0,0
738086,572,2,3601,-7256,1,0,1
738087,0,0,0,0,0,0,0
738088,65535,255,1464,9949,0,0,0
738089,65535,255,3796,9720,0,0,0
738090,65535,255,5399,9404,0,0,0
738091,65535,255,4204,-7139,0,0,0
738092,65535,255,2136,-7389,0,0,0
738093,65535,255,556,10222,0,0,0
738094,65535,255,3101,9892,0,0,0
738095,737,0,4935,9538,1,0,1
738096,65535,255,4727,-7013,0,0,0
738097,65535,255,2909,-7356,0,0,0
738098,65535,255,371,-7327,0,0,0
738099,65535,255,2322,10051,0,0,0
738100,532,0,4409,9608,1,0,1
738101,65535,255,5184,-6914,0,0,0
738102,838,0,3598,-7186,1,0,1
738103,667,0,1282,-7510,1,0,1
738104,599,0,1474,10016,1,0,1
738105,626,0,3802,9700,1,0,1
738106,537,0,5404,9384,1,0,1
738107,65535,255,4200,-7176,0,0,0
738108,65535,255,2130,-7509,0,0,0
738109,65535,255,569,9871,0,0,0
738110,65535,255,3110,9843,0,0,0
738111,65535,255,4944,9515,0,0,0
738112,503,0,4721,-6996,1,0,1
738113,65535,255,2905,-7335,0,0,0
738114,65535,255,360,-7316,0,0,0
738115,65535,255,2338,9967,0,0,0
738116,587,0,4415,9620,1,0,1
738117,647,0,5181,-6926,1,0,1
738118,663,0,3589,-7221,1,0,1
738119,65535,255,1270,-7641,0,0,0
738120,580,0,1486,10148,1,0,1
738121,594,0,3814,9761,1,0,1
738122,541,0,5412,9396,1,0,1
738123,442,0,4189,-7142,1,0,1
738124,65535,255,2114,-7436,0,0,0
738125,728,0,580,10504,1,0,1
738126,65535,255,3128,9800,0,0,0
738127,65535,255,4952,9502,0,0,0
738128,65535,255,4714,-6992,0,0,0
738129,65535,255,2886,-7337,0,0,0
738130,65535,255,343,-7395,0,0,0
738131,65535,255,2358,9868,0,0,0
738132,65535,255,4429,9643,0,0,0
738133,65535,255,5169,-6891,0,0,0
738134,65535,255,3576,-7274,0,0,0
738135,65535,255,1248,-7405,0,0,0
738136,468,0,1508,9906,1,0,1
738137,65535,255,3826,9721,0,0,0
738138,65535,255,5418,9409,0,0,0
738139,689,0,4182,-7095,1,0,1
738140,65535,255,2104,-7420,0,0,0
738141,65535,255,592,9939,0,0,0
738142,65535,255,3133,9771,0,0,0
738143,65535,255,4955,9524,0,0,0
738144,65535,255,4714,-7044,0,0,0
738145,65535,255,2890,-7336,0,0,0
738146,65535,255,348,-8063,0,0,0
738147,65535,255,2348,10018,0,0,0
738148,65535,255,4423,9617,0,0,0
738149,65535,255,5175,-6920,0,0,0
738150,65535,255,3585,-7272,0,0,0
738151,65535,255,1259,-7590,0,0,0
738152,579,0,1491,9929,1,0,1
738153,65535,255,3814,9739,0,0,0
738154,65535,255,5409,9417,0,0,0
738155,65535,255,4190,-7113,0,0,0
738156,813,0,2120,-7479,1,0,1
738157,65535,255,574,10221,0,0,0
738158,65535,255,3119,9832,0,0,0
738159,65535,255,4947,9471,0,0,0
738160,65535,255,4717,-6996,0,0,0
738161,65535,255,2900,-7421,0,0,0
738162,65535,255,360,-7409,0,0,0
738163,65535,255,2338,9967,0,0,0
738164,65535,255,4412,9634,0,0,0
738165,65535,255,5178,-6898,0,0,0
738166,65535,255,3593,-7245,0,0,0
738167,630,0,1270,-7511,1,0,1
738168,650,0,1480,9927,1,0,1
738169,1003,0,3802,9725,1,0,1
738170,587,0,5404,9414,1,0,1
738171,65535,255,4197,-7118,0,0,0
738172,661,0,2126,-7492,1,0,1
738173,65535,255,567,10340,0,0,0
738174,718,0,3109,9853,1,0,1
738175,65535,255,4939,9490,0,0,0
738176,65535,255,4722,-7017,0,0,0
738177,65535,255,2906,-7301,0,0,0
738178,65535,255,366,-7863,0,0,0
738179,65535,255,2326,10053,0,0,0
738180,622,0,4408,9578,1,0,1
738181,858,0,5183,-6932,1,0,1
738182,888,0,3597,-7242,1,0,1
738183,843,0,1283,-7742,1,0,1
738184,65535,255,1473,10086,0,0,0
738185,65535,255,3801,9678,0,0,0
738186,786,0,5400,9391,1,0,1
738187,65535,255,4198,-7089,0,0,0
738188,65535,255,2131,-7446,0,0,0
738189,591,0,561,10104,1,0,1
738190,65535,255,3104,9825,0,0,0
738191,65535,255,4937,9479,0,0,0
738192,65535,255,4726,-7010,0,0,0
738193,65535,255,2906,-7299,0,0,0
738194,65535,255,372,-7855,0,0,0
738195,65535,255,2325,9911,0,0,0
738196,65535,255,4408,9585,0,0,0
738197,65535,255,5180,-6885,0,0,0
738198,465,0,3595,-7201,1,0,1
738199,65535,255,1277,-7402,0,0,0
738200,65535,255,1468,10178,0,0,0
738201,745,0,3796,9719,1,0,1
738202,523,0,5401,9415,1,0,1
738203,659,0,4198,-7130,1,0,0
738204,65535,255,2137,-7535,0,0,0
738205,65535,255,557,10581,0,0,0
738206,65535,255,3105,9904,0,0,0
738207,65535,255,4937,9523,0,0,0
738208,510,0,4724,-7035,1,0,0
738209,65535,255,2911,-7396,0,0,0
738210,784,0,372,-7409,1,0,1
738211,695,0,2326,9996,1,0,1
738212,599,0,4408,9655,1,0,1
738213,675,0,5183,-6931,1,0,1
738214,65535,255,3596,-7215,0,0,0
738215,65535,255,1278,-7543,0,0,0
738216,674,0,1473,10154,1,0,1
738217,787,0,3801,9718,1,0,1
738218,65535,255,5403,9420,0,0,0
738219,65535,255,4198,-7137,0,0,0
738220,65535,255,2132,-7566,0,0,0
738221,65535,255,568,9812,0,0,0
738222,642,0,3114,9784,1,0,1
738223,699,0,4940,9513,1,0,1
738224,582,0,4722,-7004,1,0,1
738225,672,0,2901,-7299,1,0,1
738226,0,0,0,0,0,0,0
738227,65535,255,2337,9884,0,0,0
738228,627,0,4414,9616,1,0,1
738229,912,0,5180,-6897,1,0,1
738230,699,0,3591,-7268,1,0,1
738231,870,0,1271,-7665,1,0,1
738232,710,0,1485,10062,1,0,1
738233,830,0,3809,9694,1,0,1
738234,65535,255,5409,9405,0,0,0
738235,622,0,4190,-7125,1,0,1
738236,669,2,2120,-7552,1,0,0
738237,65535,255,580,9817,0,0,0
738238,624,0,3122,9794,1,0,1
738239,886,0,4949,9472,1,0,1
738240,617,0,4715,-7018,1,0,1
738241,680,0,2891,-7344,1,0,1
738242,65535,255,351,-7017,0,0,0
738243,748,0,2347,9966,1,0,1
738244,890,0,4421,9653,1,0,1
738245,619,0,5173,-6933,1,0,1
738246,1111,0,3581,-7202,1,0,1
738247,767,0,1254,-7480,1,0,1
738248,750,0,1502,9951,1,0,1
738249,685,0,3821,9778,1,0,1
738250,65535,255,5416,9393,0,0,0
738251,65535,255,4183,-7112,0,0,0
738252,956,0,2110,-7540,1,0,1
738253,800,2,598,9828,1,0,1
738254,671,0,3136,9802,1,0,1
738255,587,0,4961,9481,1,0,1
738256,65535,255,4708,-7037,0,0,0
738257,65535,255,2877,-7378,0,0,0
738258,65535,255,331,-7377,0,0,0
738259,881,2,2362,10031,1,0,0
738260,949,0,4435,9593,1,0,1
738261,65535,255,5162,-6890,0,0,0
738262,644,0,3564,-7273,1,0,1
738263,881,0,1237,-7724,1,0,1
738264,65535,255,1518,10167,0,0,0
738265,65535,255,3837,9737,0,0,0
738266,65535,255,5427,9372,0,0,0
738267,910,0,4168,-7087,1,0,1
738268,65535,255,2083,-7513,0,0,0
738269,739,0,622,9788,1,0,1
738270,962,0,3155,9799,1,0,1
738271,584,0,4974,9489,1,0,1
738272,856,0,4695,-7047,1,0,1
738273,65535,255,2858,-7415,0,0,0
738274,65535,255,301,-7791,0,0,0
738275,65535,255,2388,9895,0,0,0
738276,65535,255,4449,9603,0,0,0
738277,65535,255,5152,-6914,0,0,0
738278,65535,255,3551,-7216,0,0,0
738279,65535,255,1220,-7648,0,0,0
738280,641,0,1530,10185,1,0,1
738281,65535,255,3842,9750,0,0,0
738282,65535,255,5429,9414,0,0,1
738283,657,2,4168,-7177,1,0,1
738284,65535,255,2088,-7514,0,0,0
738285,567,0,615,9999,1,0,1
738286,65535,255,3146,9888,0,0,0
738287,65535,255,4968,9468,0,0,0
738288,65535,255,6183,9153,0,0,0
738289,65535,255,2870,-7383,0,0,0
738290,572,0,321,-6960,1,0,1
738291,755,0,2363,10045,1,0,1
738292,65535,255,4435,9632,0,0,0
738293,65535,255,5825,9259,0,0,0
738294,65535,255,6776,8945,0,0,1
738295,714,0,1242,-7429,1,0,1
738296,505,0,1507,10017,1,0,1
738297,65535,255,3826,9730,0,0,0
738298,65535,255,5418,9393,0,0,0
738299,65535,255,6492,9045,0,0,0
738300,65535,255,-32768,-32768,0,65535,0
738301,713,0,592,9885,1,0,1
738302,761,0,3128,9872,1,0,1
738303,684,0,4953,9507,1,0,1
738304,595,0,6176,9152,1,0,1
738305,65535,255,-32768,-32768,0,256,1
738306,65535,255,-32768,-32768,0,65535,1
738307,832,0,2349,9872,1,0,1
738308,65535,255,4419,9660,0,0,0
738309,526,0,5816,9279,1,0,1
738310,65535,255,6770,8966,0,0,0
738311,65535,255,-32768,-32768,0,65535,1
738312,65535,255,-32768,-32768,0,65535,0
738313,674,0,3810,9678,1,0,1
738314,65535,255,5408,9398,0,0,0
738315,0,0,0,0,0,0,0
738316,0,0,0,0,0,0,0
738317,65535,255,-32768,-32768,0,65535,1
738318,65535,255,-32768,-32768,0,65535,1
738319,518,0,4944,9534,1,0,1
738320,663,0,6167,9192,1,0,1
738321,0,0,0,0,0,0,0
738322,65535,255,-32768,-32768,0,65535,0
738323,65535,255,-32768,-32768,0,65535,0
738324,702,0,4409,9579,1,0,1
738325,65535,255,5806,9290,0,0,0
738326,65535,255,6763,8966,0,0,1
738327,0,0,0,0,0,0,0
738328,65535,255,-32768,-32768,0,65535,0
738329,710,0,3794,9759,1,0,1
738330,527,0,5400,9401,1,0,1
738331,65535,255,6479,9049,0,0,0
738332,0,0,0,0,0,0,0
738333,65535,255,-32768,-32768,0,65535,1
738334,65535,255,-32768,-32768,0,65535,1
738335,65535,255,4932,9537,0,0,0
738336,397,0,6159,9199,1,0,1
738337,0,0,0,0,0,0,0
738338,65535,255,-32768,-32768,0,65535,1
738339,65535,255,-32768,-32768,0,65535,0
738340,0,0,0,0,0,0,0
738341,65535,255,5797,9314,0,0,0
738342,65535,255,6759,8936,0,0,1
738343,65535,255,-32768,-32768,0,65535,1
738344,65535,255,-32768,-32768,0,65535,1
738345,647,0,3782,9707,1,0,1
738346,580,0,5391,9375,1,0,1
738347,581,0,6473,9083,1,0,1
738348,65535,255,-32768,-32768,0,65535,1
738349,65535,255,-32768,-32768,0,65535,1
738350,65535,255,3083,9829,0,0,0
738351,65535,255,4920,9528,0,0,0
738352,65535,255,6152,9193,0,0,0
738353,65535,255,7011,8849,0,0,1
738354,676,2,407,-8163,1,0,0
738355,604,0,2296,10015,1,0,1
738356,507,2,4386,9620,1,0,0
738357,65535,255,5792,9298,0,0,0
738358,65535,255,6753,8947,0,0,1
738359,65535,255,1315,-7453,0,0,0
738360,740,0,1430,10045,1,0,0
738361,399,0,3770,9747,1,0,0
738362,504,0,5383,9401,1,0,1
738363,65535,255,6469,9052,0,0,0
738364,65535,255,2172,-7515,0,0,0
738365,523,0,516,10102,1,0,0
738366,538,0,3069,9912,3,0,1
738367,546,0,4914,9495,1,0,1
738368,65535,255,6146,9176,0,0,0
738369,65535,255,2951,-7357,0,0,0
738370,65535,255,423,-7907,0,0,0
738371,65535,255,2280,9975,0,0,0
738372,0,0,0,0,0,0,0
738373,65535,255,5784,9322,0,0,0
738374,542,0,3635,-7268,1,0,1
738375,738,0,1332,-7477,1,0,1
738376,379,2,1418,10093,1,0,0
738377,578,0,3762,9764,1,0,0
738378,663,0,5375,9417,1,0,1
738379,1218,0,4236,-7082,1,0,1
738380,606,0,2182,-7364,1,0,1
738381,777,2,499,10429,1,0,1
738382,549,0,3060,9821,1,0,1
738383,898,0,4905,9531,1,0,1
738384,65535,255,4759,-7037,0,0,0
738385,508,0,2956,-7293,1,0,1
738386,731,0,434,-7444,1,0,1
738387,596,2,2275,9904,3,0,0
738388,407,0,4372,9579,1,0,1
738389,65535,255,5215,-6912,0,0,0
738390,594,0,3642,-7242,1,0,1
738391,611,0,1338,-7401,1,0,1
738392,741,0,1407,10047,1,0,0
738393,619,0,3754,9749,1,0,1
738394,612,0,5372,9414,1,0,1
738395,524,0,4239,-7087,1,0,1
738396,65535,255,2193,-7364,0,0,0
738397,785,0,494,10568,1,0,1
738398,1183,0,3051,9842,1,0,1
738399,65535,255,4902,9548,0,0,0
738400,671,0,4762,-6972,1,0,1
738401,722,0,2965,-7343,1,0,1
738402,65535,255,440,-7818,0,0,0
738403,705,0,2265,9991,1,0,1
738404,602,0,4365,9626,1,0,1
738405,65535,255,5214,-6876,0,0,0
738406,65535,255,3646,-7177,0,0,0
738407,925,0,1349,-7624,1,0,1
738408,553,2,1407,9906,1,0,0
738409,590,2,3750,9719,1,0,1
738410,65535,255,5370,9395,0,0,0
738411,542,0,4243,-7174,1,0,1
738412,781,0,2196,-7486,1,0,1
738413,717,0,488,10506,1,0,1
738414,65535,255,3051,9842,0,0,0
738415,65535,255,4900,9554,0,0,0
738416,448,2,4762,-6983,1,0,0
738417,676,0,2965,-7374,1,0,1
738418,561,0,441,-8119,1,0,0
738419,606,0,2265,10038,1,0,0
738420,65535,255,4362,9659,0,0,0
738421,65535,255,5215,-6911,0,0,0
738422,1279,0,3647,-7241,1,0,1
738423,659,0,1343,-7475,1,0,1
738424,65535,255,1401,10143,0,0,0
738425,65535,255,3750,9712,0,0,0
738426,65535,255,5370,9376,0,0,0
738427,904,0,4243,-7153,1,0,0
738428,65535,255,2193,-7554,0,0,0
738429,1142,0,488,10437,1,0,1
738430,712,0,3051,9853,1,0,1
738431,65535,255,4902,9492,0,0,0
738432,65535,255,4759,-6995,0,0,0
738433,65535,255,2961,-7407,0,0,0
738434,65535,255,435,-7286,0,0,0
738435,65535,255,2270,9920,0,0,0
738436,589,0,4370,9605,1,0,1
738437,65535,255,5209,-6876,0,0,0
738438,65535,255,3638,-7193,0,0,0
738439,65535,255,1338,-7726,0,0,0
738440,695,0,1413,10071,1,0,1
738441,65535,255,3755,9782,0,0,0
738442,611,0,5373,9375,1,0,1
738443,702,0,4236,-7161,1,0,1
738444,648,0,2183,-7407,1,0,1
738445,896,0,494,10103,1,0,1
738446,797,0,3051,9843,1,0,1
738447,560,0,4900,9500,1,0,0
738448,65535,255,4763,-7040,0,0,0
738449,576,0,2965,-7375,1,0,1
738450,65535,255,446,-7447,0,0,0
738451,762,0,2255,10008,1,0,1
738452,732,0,4355,9647,1,0,0
738453,65535,255,5219,-6869,0,0,0
738454,65535,255,3655,-7230,0,0,0
738455,634,0,1361,-7574,1,0,1
738456,588,0,1384,10004,1,0,1
738457,811,0,3731,9748,1,0,1
738458,585,0,5356,9410,3,0,1
738459,65535,255,4259,-7129,0,0,0
738460,65535,255,2220,-7360,0,0,0
738461,65535,255,458,9957,0,0,0
738462,665,0,3022,9839,1,0,1
738463,65535,255,4881,9505,0,0,0
738464,65535,255,4779,-6966,0,0,0
738465,602,0,2994,-7416,1,0,1
738466,644,0,481,-7808,1,0,1
738467,831,0,2228,9883,1,0,1
738468,65535,255,4335,9634,0,0,0
738469,648,0,5236,-6919,1,0,1
738470,65535,255,3676,-7194,0,0,0
738471,65535,255,1394,-7498,0,0,0
738472,65535,255,1356,9982,0,0,0
738473,65535,255,3711,9762,0,0,0
738474,65535,255,5342,9414,0,0,0
738475,65535,255,4277,-7152,0,0,0
738476,65535,255,2241,-7415,0,0,0
738477,65535,255,429,10412,0,0,0
738478,572,0,3003,9906,1,0,1
738479,65535,255,4860,9494,0,0,0
738480,65535,255,4802,-6989,0,0,0
738481,65535,255,3023,-7350,0,0,0
738482,65535,255,515,-7673,0,0,0
738483,65535,255,2200,9926,0,0,0
738484,560,0,4321,9678,1,0,1
738485,65535,255,5247,-6907,0,0,0
738486,65535,255,3692,-7213,0,0,0
738487,65535,255,1412,-7668,0,0,0
738488,65535,255,1345,9879,0,0,0
738489,920,0,3706,9683,1,0,1
738490,725,0,5340,9438,1,0,1
738491,967,0,4280,-7117,1,0,1
738492,65535,255,2246,-7420,0,0,0
738493,927,0,435,9933,1,0,1
738494,65535,255,3008,9847,0,0,0
738495,65535,255,4872,9541,0,0,0
738496,989,0,4792,-7044,1,0,1
738497,65535,255,3004,-7300,0,0,0
738498,65535,255,487,-7473,0,0,0
738499,65535,255,2227,9894,0,0,0
738500,65535,255,4339,9674,0,0,0
738501,554,0,5236,-6910,1,0,1
738502,755,0,3675,-7232,1,0,1
738503,708,0,1384,-7718,1,0,1
738504,566,0,1373,9977,1,0,1
738505,579,0,3730,9728,1,0,1
738506,868,0,5355,9396,3,0,1
738507,65535,255,4262,-7174,0,0,0
738508,65535,255,2220,-7553,0,0,0
738509,65535,255,464,10315,0,0,0
738510,608,0,3036,9802,1,0,1
738511,65535,255,4892,9521,0,0,0
738512,639,0,4773,-7031,1,0,0
738513,65535,255,2976,-7293,0,0,0
738514,65535,255,452,-7385,0,0,0
738515,65535,255,2258,9905,0,0,0
738516,749,0,4361,9584,1,0,1
738517,65535,255,5221,-6929,0,0,0
738518,65535,255,3651,-7268,0,0,0
738519,65535,255,1349,-7506,0,0,0
738520,65535,255,1407,10165,0,0,0
738521,65535,255,3755,9729,0,0,0
