sdate,line_t,line_tmq,line_tvza,line_tvaa,line_tm2,line_QFDNB,line_tm_buf
735235,65535,255,3924,9668,0,0,0
735236,65535,255,5553,9401,0,0,0
735237,65535,255,4420,-7246,0,0,0
735238,577,1,2299,-7479,1,0,1
735239,65535,255,533,10107,0,0,0
735240,65535,255,3212,9828,0,0,0
735241,65535,255,5091,9496,0,0,0
735242,272,0,4939,-7093,1,0,1
735243,65535,255,3097,-7385,0,0,0
735244,222,0,442,-8190,1,0,1
735245,296,0,2411,9898,1,0,1
735246,99,2,4559,9630,1,0,1
735247,65535,255,5392,-6982,0,0,0
735248,65535,255,3795,-7330,0,0,0
735249,65535,255,1389,-7702,0,0,0
735250,0,0,0,0,0,0,0
735251,65535,255,3938,9711,0,0,0
735252,65535,255,5563,9358,0,0,0
735253,65535,255,4410,-7184,0,0,0
735254,65535,255,2294,-7550,0,0,0
735255,126,0,539,10351,1,0,1
735256,65535,255,3212,9867,0,0,0
735257,467,0,5088,9517,1,0,1
735258,382,0,4946,-7108,1,0,1
735259,65535,255,3106,-7403,0,0,1
735260,65535,255,460,-7290,0,0,0
735261,65535,255,2387,9914,0,0,1
735262,866,1,4543,9634,1,0,1
735263,65535,255,5406,-6974,0,0,0
735264,65535,255,3816,-7318,0,0,0
735265,0,0,0,0,0,0,0
735266,65535,255,1474,9995,0,0,1
735267,149,0,3912,9663,1,0,1
735268,0,0,0,0,0,0,0
735269,65535,255,4434,-7256,0,0,0
735270,65535,255,2326,-7518,0,0,0
735271,65535,255,498,10307,0,0,0
735272,219,0,3181,9862,1,0,1
735273,0,0,0,0,0,0,0
735274,65535,255,4964,-7120,0,0,0
735275,2524,0,3132,-7448,3,0,0
735276,0,0,0,0,0,0,0
735277,65535,255,2352,9986,0,0,0
735278,366,0,4519,9575,1,0,0
735279,65535,255,5420,-7013,0,0,0
735280,259,0,3840,-7273,1,0,0
735281,606,2,1457,-7532,1,0,0
735282,65535,255,1440,9883,0,0,0
735283,65535,255,3885,9758,0,0,0
735284,65535,255,5526,9398,0,0,0
735285,65535,255,4451,-7252,0,0,0
735286,65535,255,2356,-7515,0,0,0
735287,242,0,463,10398,1,0,1
735288,65535,255,3156,9825,0,0,0
735289,65535,255,5051,9497,0,0,0
735290,65535,255,4979,-7132,0,0,0
735291,65535,255,3155,-7454,0,0,1
735292,65535,255,528,-7548,0,0,0
735293,65535,255,2327,9978,0,0,0
735294,100,0,4499,9566,1,0,0
735295,65535,255,5434,-6999,0,0,0
735296,65535,255,3860,-7357,0,0,1
735297,65535,255,1491,-7773,0,0,0
735298,65535,255,1406,10121,0,0,0
735299,141,0,3861,9708,1,0,0
735300,65535,255,5509,9430,0,0,0
735301,65535,255,4468,-7192,0,0,0
735302,472,0,2385,-7591,1,0,0
735303,354,0,436,9580,1,0,1
735304,65535,255,3132,9771,0,0,0
735305,65535,255,5034,9475,0,0,0
735306,208,2,4992,-7074,1,0,1
735307,65535,255,3178,-7354,0,0,0
735308,65535,255,557,-7970,0,0,0
735309,65535,255,2300,9883,0,0,0
735310,254,0,4479,9626,1,0,1
735311,516,0,5445,-6982,1,0,1
735312,65535,255,3880,-7345,0,0,0
735313,502,0,1518,-7747,1,0,1
735314,65535,255,1383,10148,0,0,1
735315,65535,255,3841,9726,0,0,0
735316,65535,255,5499,9382,0,0,1
735317,436,0,4482,-7233,1,0,1
735318,65535,255,2405,-7495,0,0,0
735319,65535,255,411,10357,0,0,0
735320,65535,255,3110,9893,0,0,1
735321,65535,255,5021,9543,0,0,0
735322,364,0,5003,-7071,1,0,1
735323,65535,255,3196,-7371,0,0,0
735324,65535,255,581,-8129,0,0,1
735325,65535,255,2279,9942,0,0,0
735326,65535,255,4469,9565,0,0,1
735327,550,0,5455,-7021,1,0,1
735328,261,0,3892,-7298,1,0,1
735329,65535,255,1534,-7658,0,0,0
735330,205,0,1366,10079,1,0,1
735331,461,0,3833,9728,1,0,1
735332,564,0,5493,9389,1,0,1
735333,65535,255,4492,-7256,0,0,0
735334,65535,255,2415,-7559,0,0,0
735335,65535,255,401,9621,0,0,0
735336,65535,255,3100,9825,0,0,0
735337,65535,255,5015,9523,0,0,0
735338,302,0,5010,-7097,1,0,1
735339,225,0,3204,-7370,1,0,1
735340,452,0,587,-7394,1,0,1
735341,65535,255,2274,10014,0,0,0
735342,277,0,4465,9611,1,0,1
735343,65535,255,5457,-6988,0,0,0
735344,0,0,0,0,0,0,0
735345,65535,255,1540,-7616,0,0,1
735346,65535,255,1360,10080,0,0,1
735347,65535,255,3829,9737,0,0,0
735348,65535,255,5493,9403,0,0,0
735349,65535,255,4495,-7193,0,0,0
735350,190,0,2420,-7454,1,0,1
735351,65535,255,394,10454,0,0,1
735352,65535,255,3104,9776,0,0,1
735353,65535,255,5017,9507,0,0,0
735354,65535,255,5012,-7135,0,0,0
735355,65535,255,3204,-7380,0,0,1
735356,171,0,586,-7508,1,0,1
735357,65535,255,2279,9858,0,0,1
735358,548,0,4468,9655,1,0,1
735359,65535,255,5457,-6956,0,0,1
735360,65535,255,3899,-7342,0,0,0
735361,275,0,1534,-7552,1,0,1
735362,103,2,1366,10056,1,0,1
735363,65535,255,3832,9753,0,0,0
735364,65535,255,5497,9421,0,0,0
735365,65535,255,4491,-7231,0,0,0
735366,65535,255,2415,-7573,0,0,0
735367,279,0,405,10036,1,0,1
735368,297,2,3109,9756,1,0,0
735369,475,0,5023,9506,1,0,1
735370,65535,255,5006,-7066,0,0,0
735371,344,0,3199,-7428,1,0,1
735372,294,0,581,-7962,1,0,1
735373,123,2,2284,9985,1,0,1
735374,65535,255,4474,9629,0,0,0
735375,361,0,5916,9289,1,0,1
735376,65535,255,3887,-7359,0,0,0
735377,65535,255,1523,-7639,0,0,1
735378,65535,255,1386,9986,0,0,0
735379,65535,255,3849,9696,0,0,0
735380,65535,255,5504,9397,0,0,0
735381,175,0,6601,9079,1,0,1
735382,65535,255,2395,-7562,0,0,1
735383,65535,255,422,10199,0,0,0
735384,65535,255,3126,9793,0,0,0
735385,65535,255,5032,9543,0,0,1
735386,65535,255,6283,9179,0,0,1
735387,65535,255,-32768,-32768,0,65535,1
735388,65535,255,551,-7795,0,0,0
735389,325,0,2310,9982,1,0,1
735390,407,0,4491,9638,1,0,1
735391,65535,255,5925,9302,0,0,0
735392,65535,255,6890,8969,0,0,0
735393,65535,255,1497,-7795,0,0,0
735394,428,0,1411,10051,1,0,1
735395,65535,255,3866,9714,0,0,0
735396,0,0,0,0,0,0,0
735397,51,2,6609,9073,1,0,1
735398,65535,255,-32768,-32768,0,65535,1
735399,65535,255,451,10337,0,0,0
735400,489,0,3149,9829,1,0,1
735401,132,0,5050,9479,1,0,1
735402,65535,255,6293,9202,0,0,0
735403,65535,255,-32768,-32768,0,65535,1
735404,65535,255,517,-7354,0,0,0
735405,86,0,2337,9894,1,0,1
735406,65535,255,4509,9610,0,0,1
735407,489,0,5937,9291,1,0,1
735408,65535,255,6899,8962,0,0,0
735409,65535,255,1463,-7782,0,0,1
735410,65535,255,1445,10069,0,0,1
735411,65535,255,3889,9674,0,0,0
735412,65535,255,5531,9399,0,0,0
735413,65535,255,6619,9092,0,0,0
735414,65535,255,2336,-7448,0,0,0
735415,65535,255,493,9778,0,0,0
735416,65535,255,3181,9767,0,0,0
735417,65535,255,5068,9484,0,0,0
735418,65535,255,6305,9191,0,0,0
735419,65535,255,-32768,-32768,0,65535,1
735420,1452,0,477,-7324,1,0,1
735421,65535,255,2372,9918,0,0,0
735422,440,0,4533,9630,1,0,1
735423,65535,255,5951,9307,0,0,0
735424,65535,255,6909,8978,0,0,1
735425,65535,255,1424,-7580,0,0,0
735426,328,2,1485,9909,1,0,0
735427,65535,255,3916,9746,0,0,0
735428,65535,255,5549,9376,0,0,0
735429,65535,255,6632,9081,0,0,0
735430,460,0,2300,-7632,1,0,1
735431,102,0,540,9741,1,0,1
735432,255,0,3208,9840,1,0,1
735433,65535,255,5086,9493,0,0,0
735434,65535,255,6316,9176,0,0,0
735435,441,0,3102,-7480,1,0,1
735436,65535,255,453,-7532,0,0,0
735437,65535,255,2387,9956,0,0,0
735438,65535,255,4540,9635,0,0,0
735439,206,0,5401,-6973,1,0,1
735440,65535,255,3812,-7294,0,0,0
735441,65535,255,1424,-7533,0,0,0
735442,99,0,1479,9874,1,0,1
735443,65535,255,3909,9725,0,0,0
735444,65535,255,5543,9376,0,0,0
735445,155,0,4428,-7179,1,0,1
735446,65535,255,2321,-7531,0,0,0
735447,65535,255,504,10311,0,0,0
735448,65535,255,3185,9844,0,0,0
735449,0,0,0,0,0,0,0
735450,105,0,4958,-7086,1,0,1
735451,499,0,3124,-7369,1,0,1
735452,342,0,487,-7945,1,0,1
735453,210,0,2363,9839,1,0,1
735454,65535,255,4522,9595,0,0,0
735455,0,0,0,0,0,0,0
735456,150,0,3834,-7345,1,0,1
735457,88,0,1452,-7462,1,0,1
735458,477,0,1451,10161,1,0,1
735459,0,0,0,0,0,0,0
735460,65535,255,5531,9392,0,0,0
735461,150,0,4444,-7189,1,0,1
735462,320,0,2346,-7582,1,0,1
735463,239,0,479,10032,1,0,1
735464,65535,255,3167,9749,0,0,0
735465,65535,255,5057,9508,0,0,0
735466,199,0,4973,-7138,1,0,1
735467,128,0,3146,-7464,1,0,1
735468,65535,255,511,-7674,0,0,0
735469,65535,255,2343,9976,0,0,1
735470,65535,255,4512,9585,0,0,1
735471,316,0,5425,-7020,1,0,1
735472,65535,255,3848,-7281,0,0,0
735473,65535,255,1468,-7555,0,0,0
735474,111,0,1434,9909,1,0,1
735475,65535,255,3879,9708,0,0,0
735476,65535,255,5525,9401,0,0,0
735477,65535,255,4457,-7256,0,0,1
735478,65535,255,2361,-7526,0,0,0
735479,65535,255,458,10548,0,0,0
735480,231,0,3154,9751,1,0,1
735481,65535,255,5051,9499,0,0,0
735482,129,0,4978,-7066,1,0,1
735483,203,0,3155,-7355,1,0,1
735484,282,0,529,-8050,1,0,1
735485,65535,255,2331,9910,0,0,0
735486,487,0,4505,9643,1,0,1
735487,65535,255,5433,-6994,0,0,0
735488,201,0,3860,-7372,1,0,1
735489,65535,255,1480,-7511,0,0,0
735490,65535,255,1423,9886,0,0,0
735491,65535,255,3873,9706,0,0,0
735492,412,0,5520,9412,1,0,1
735493,65535,255,4460,-7180,0,0,0
735494,65535,255,2371,-7605,0,0,1
735495,65535,255,458,9828,0,0,1
735496,217,0,3149,9821,1,0,1
735497,65535,255,5047,9513,0,0,1
735498,65535,255,4984,-7124,0,0,0
735499,65535,255,3164,-7480,0,0,0
735500,98,0,534,-7921,1,0,1
735501,65535,255,2326,9911,0,0,1
735502,469,0,4501,9656,1,0,1
735503,65535,255,5436,-7012,0,0,0
735504,65535,255,3860,-7294,0,0,0
735505,271,0,1485,-7664,1,0,1
735506,65535,255,1417,10098,0,0,1
735507,65535,255,3873,9732,0,0,0
735508,238,0,5520,9394,1,0,1
735509,127,0,4461,-7167,1,0,1
735510,98,0,2370,-7591,1,0,1
735511,380,0,457,9973,1,0,0
735512,65535,255,3149,9860,0,0,0
735513,88,2,5047,9540,1,0,0
735514,65535,255,4979,-7081,0,0,0
735515,65535,255,3159,-7413,0,0,0
735516,205,2,528,-7612,1,0,1
735517,65535,255,2332,9855,0,0,0
735518,65535,255,4505,9643,0,0,0
735519,346,0,5431,-7012,1,0,1
735520,371,2,3852,-7310,1,0,1
735521,245,0,1480,-7753,1,0,1
735522,126,0,1429,9863,1,0,1
735523,65535,255,3877,9670,0,0,1
735524,65535,255,5526,9370,0,0,0
735525,65535,255,4454,-7243,0,0,0
735526,65535,255,2356,-7579,0,0,1
735527,65535,255,469,9976,0,0,0
735528,65535,255,3158,9888,0,0,1
735529,125,0,5054,9485,1,0,1
735530,152,0,4973,-7120,1,0,1
735531,65535,255,3146,-7355,0,0,1
735532,65535,255,505,-7409,0,0,1
735533,65535,255,2348,9855,0,0,1
735534,65535,255,4513,9626,0,0,0
735535,355,0,5420,-7003,1,0,1
735536,137,0,3840,-7358,1,0,1
735537,0,0,0,0,0,0,0
735538,140,0,1445,10140,1,0,1
735539,0,0,0,0,0,0,0
735540,149,0,5534,9373,1,0,1
735541,65535,255,4438,-7170,0,0,0
735542,127,0,2331,-7447,1,0,1
735543,317,0,498,9840,1,0,1
735544,65535,255,3181,9845,0,0,0
735545,65535,255,5069,9478,0,0,0
735546,337,0,4955,-7129,1,0,1
735547,65535,255,3119,-7398,0,0,0
735548,65535,255,476,-7879,0,0,0
735549,361,0,2372,9987,1,0,1
735550,0,0,0,0,0,0,0
735551,409,0,5404,-7011,1,0,1
735552,211,0,3813,-7312,1,0,1
735553,65535,255,1424,-7766,0,0,1
735554,65535,255,1485,10021,0,0,0
735555,65535,255,3916,9749,0,0,1
735556,65535,255,5552,9377,0,0,0
735557,65535,255,4411,-7199,0,0,1
735558,65535,255,2300,-7616,0,0,1
735559,132,0,527,10302,1,0,1
735560,0,0,0,0,0,0,0
735561,65535,255,5080,9532,0,0,0
735562,175,0,4946,-7092,1,0,1
735563,65535,255,3111,-7477,0,0,1
735564,65535,255,466,-7314,0,0,0
735565,0,0,0,0,0,0,0
735566,65535,255,4536,9576,0,0,0
735567,65535,255,5404,-6979,0,0,0
735568,432,0,3816,-7291,1,0,1
735569,65535,255,1434,-7773,0,0,0
735570,65535,255,1468,10023,0,0,0
735571,65535,255,3901,9758,0,0,0
735572,168,0,5539,9368,1,0,1
735573,249,2,4431,-7170,1,0,1
735574,65535,255,2326,-7486,0,0,0
735575,65535,255,498,9852,0,0,0
735576,251,2,3181,9750,1,0,1
735577,65535,255,5066,9520,0,0,0
735578,185,0,4961,-7095,1,0,1
735579,278,0,3133,-7356,1,0,1
735580,65535,255,493,-7736,0,0,1
735581,65535,255,2352,9990,0,0,0
735582,0,0,0,0,0,0,0
735583,65535,255,5418,-6980,0,0,0
735584,65535,255,3836,-7311,0,0,0
735585,65535,255,1457,-7574,0,0,0
735586,1140,1,1452,9864,3,0,0
735587,65535,255,3889,9731,0,0,0
735588,0,0,0,0,0,0,0
735589,65535,255,4444,-7186,0,0,0
735590,0,0,0,0,0,0,0
735591,0,0,0,0,0,0,0
735592,65535,255,3167,9878,0,0,0
735593,65535,255,5057,9523,0,0,1
735594,65535,255,4970,-7114,0,0,0
735595,65535,255,3146,-7413,0,0,1
735596,401,0,506,-7279,1,0,1
735597,65535,255,2347,9923,0,0,0
735598,65535,255,4512,9644,0,0,0
735599,453,0,5422,-6984,1,0,1
735600,181,0,3844,-7333,1,0,1
735601,65535,255,1463,-7711,0,0,0
735602,65535,255,1440,10050,0,0,0
735603,1249,0,3889,9693,3,0,0
735604,670,0,5528,9426,3,0,0
735605,65535,255,4447,-7186,0,0,0
735606,281,2,2351,-7592,1,0,0
735607,223,0,476,9701,1,0,1
735608,65535,255,3167,9791,0,0,0
735609,620,0,5059,9491,1,0,1
735610,65535,255,4972,-7092,0,0,0
735611,65535,255,3146,-7403,0,0,0
735612,171,0,506,-7342,1,0,1
735613,0,0,0,0,0,0,0
735614,65535,255,4519,9580,0,0,1
735615,65535,255,5422,-7022,0,0,0
735616,65535,255,3840,-7302,0,0,0
735617,65535,255,1457,-7666,0,0,0
735618,65535,255,1445,10073,0,0,0
735619,281,0,3893,9708,1,0,0
735620,65535,255,5533,9375,0,0,0
735621,65535,255,4443,-7218,0,0,0
735622,1110,1,2346,-7619,1,0,1
735623,65535,255,488,9643,0,0,1
735624,65535,255,3172,9752,0,0,0
735625,344,0,5059,9534,1,0,0
735626,65535,255,4970,-7125,0,0,0
735627,65535,255,3141,-7433,0,0,0
735628,65535,255,500,-7340,0,0,0
735629,565,0,2352,9937,1,0,1
735630,65535,255,4518,9637,0,0,0
735631,0,0,0,0,0,0,0
735632,0,0,0,0,0,0,0
735633,0,0,0,0,0,0,0
735634,892,0,1445,10027,3,0,0
735635,0,0,0,0,0,0,0
735636,65535,255,5532,9386,0,0,0
735637,1027,0,4444,-7205,3,0,0
735638,618,0,2346,-7619,3,0,0
735639,65535,255,481,9844,0,0,0
735640,65535,255,3171,9801,0,0,0
735641,1213,1,5063,9497,3,0,0
735642,460,0,4967,-7097,3,0,0
735643,0,0,0,0,0,0,0
735644,65535,255,500,-7404,0,0,0
735645,65535,255,2352,9978,0,0,0
735646,65535,255,4522,9580,0,0,0
735647,561,0,5417,-7023,3,0,0
735648,65535,255,3832,-7303,0,0,0
735649,65535,255,1446,-7667,0,0,0
735650,65535,255,1457,10071,0,0,0
735651,0,0,0,0,0,0,0
735652,65535,255,5536,9378,0,0,0
735653,65535,255,4438,-7237,0,0,0
735654,65535,255,2331,-7527,0,0,0
735655,503,0,499,10383,1,0,0
735656,423,0,3181,9790,1,0,1
735657,253,0,5068,9500,1,0,1
735658,741,0,4955,-7122,1,0,1
735659,712,0,3124,-7493,1,0,1
735660,0,0,0,0,0,0,0
735661,0,0,0,0,0,0,0
735662,253,0,4533,9597,1,0,1
735663,65535,255,5404,-6983,0,0,0
735664,538,0,3815,-7361,1,0,1
735665,631,0,1423,-7645,1,0,1
735666,341,2,1479,10137,1,0,1
735667,65535,255,3917,9732,0,0,0
735668,0,0,0,0,0,0,0
735669,65535,255,4418,-7235,0,0,0
735670,0,0,0,0,0,0,0
735671,65535,255,527,10178,0,0,0
735672,65535,255,3199,9855,0,0,1
735673,65535,255,5077,9520,0,0,0
735674,65535,255,4947,-7112,0,0,1
735675,65535,255,3115,-7435,0,0,0
735676,65535,255,470,-7527,0,0,1
735677,433,0,2372,10002,1,0,1
735678,0,0,0,0,0,0,0
735679,65535,255,5412,-7023,0,0,0
735680,65535,255,3828,-7295,0,0,1
735681,65535,255,1446,-7666,0,0,0
735682,65535,255,1451,10073,0,0,1
735683,269,0,3889,9717,1,0,1
735684,65535,255,5532,9380,0,0,0
735685,178,0,4445,-7235,1,0,1
735686,0,0,0,0,0,0,0
735687,65535,255,477,9561,0,0,0
735688,65535,255,3158,9803,0,0,0
735689,65535,255,5051,9510,0,0,0
735690,339,2,4973,-7128,1,0,1
735691,65535,255,3152,-7396,0,0,0
735692,124,0,524,-7226,1,0,1
735693,65535,255,2327,9997,0,0,0
735694,65535,255,4502,9615,0,0,0
735695,204,0,5431,-6990,1,0,1
735696,65535,255,3856,-7275,0,0,0
735697,65535,255,1485,-7683,0,0,0
735698,141,0,1411,10173,1,0,1
735699,65535,255,3865,9666,0,0,1
735700,65535,255,5513,9439,0,0,0
735701,65535,255,4465,-7244,0,0,0
735702,65535,255,2380,-7586,0,0,1
735703,129,0,440,10123,1,0,1
735704,65535,255,3136,9767,0,0,0
735705,65535,255,5039,9513,0,0,0
735706,65535,255,4988,-7065,0,0,1
735707,424,0,3173,-7426,1,0,1
735708,65535,255,551,-7911,0,0,0
735709,65535,255,2305,9986,0,0,1
735710,65535,255,4485,9625,0,0,1
735711,65535,255,5442,-7020,0,0,1
735712,65535,255,3872,-7350,0,0,0
735713,255,2,1507,-7635,1,0,0
735714,326,0,1395,9866,1,0,1
735715,65535,255,3853,9708,0,0,0
735716,65535,255,5505,9410,0,0,0
735717,85,0,4478,-7223,1,0,1
735718,65535,255,2395,-7597,0,0,0
735719,65535,255,423,10515,0,0,0
735720,65535,255,3126,9837,0,0,0
735721,65535,255,5033,9482,0,0,0
735722,513,2,4995,-7115,1,0,1
735723,65535,255,3186,-7435,0,0,0
735724,65535,255,561,-7740,0,0,0
735725,163,0,2300,9861,1,0,1
735726,156,0,4485,9588,1,0,1
735727,0,0,0,0,0,0,0
735728,65535,255,3880,-7348,0,0,0
735729,0,0,0,0,0,0,0
735730,65535,255,1389,9962,0,0,0
735731,212,0,3849,9755,1,0,1
735732,65535,255,5508,9377,0,0,0
735733,65535,255,4478,-7197,0,0,0
735734,65535,255,2395,-7570,0,0,0
735735,110,0,424,10513,1,0,1
735736,65535,255,3123,9867,0,0,0
735737,329,0,5032,9515,1,0,1
735738,145,0,6282,9173,1,0,0
735739,65535,255,3181,-7387,0,0,1
735740,65535,255,558,-8027,0,0,1
735741,65535,255,2305,9875,0,0,0
735742,65535,255,4485,9606,0,0,0
735743,65535,255,5921,9296,0,0,0
735744,65535,255,6888,8974,0,0,0
735745,159,0,1507,-7550,1,0,1
735746,65535,255,1401,9864,0,0,0
735747,65535,255,3857,9746,0,0,0
735748,443,0,5511,9381,1,0,1
735749,65535,255,6605,9085,0,0,0
735750,65535,255,2380,-7426,0,0,0
735751,111,0,435,9817,1,0,1
735752,387,0,3136,9797,1,0,1
735753,432,0,5039,9486,1,0,1
735754,328,2,6286,9217,1,0,1
735755,65535,255,-32768,-32768,0,65535,1
735756,277,0,546,-8034,1,0,1
735757,405,0,2316,9888,1,0,1
735758,245,0,4495,9623,1,0,1
735759,65535,255,5926,9315,0,0,0
735760,65535,255,6891,8991,0,0,0
735761,0,0,0,0,0,0,0
735762,0,0,0,0,0,0,0
735763,65535,255,3869,9705,0,0,0
735764,65535,255,5515,9435,0,0,0
735765,65535,255,6610,9077,0,0,0
735766,65535,255,-32768,-32768,0,65535,0
735767,65535,255,457,9902,0,0,0
735768,65535,255,3149,9824,0,0,0
735769,0,0,0,0,0,0,0
735770,412,0,6292,9181,1,0,1
735771,65535,255,-32768,-32768,0,65535,1
735772,225,0,522,-7606,1,0,1
735773,258,0,2333,9949,1,0,1
735774,65535,255,4506,9602,0,0,0
735775,537,0,5935,9304,1,0,1
735776,65535,255,6898,8985,0,0,0
735777,65535,255,-32768,-32768,0,65535,0
735778,189,0,1440,10099,1,0,1
735779,119,0,3886,9718,1,0,1
735780,454,0,5529,9382,1,0,1
735781,65535,255,6615,9092,0,0,0
735782,65535,255,-32768,-32768,0,65535,1
735783,65535,255,476,10608,0,0,0
735784,326,0,3163,9842,1,0,0
735785,65535,255,5057,9477,0,0,0
735786,65535,255,6297,9190,0,0,0
735787,65535,255,-32768,-32768,0,65535,1
735788,65535,255,510,-7796,0,0,0
735789,65535,255,2342,9968,0,0,0
735790,65535,255,4509,9627,0,0,0
735791,65535,255,5937,9292,0,0,0
735792,65535,255,6898,8977,0,0,1
735793,65535,255,1463,-7664,0,0,0
735794,65535,255,1440,9912,0,0,0
735795,65535,255,3881,9727,0,0,0
735796,65535,255,5524,9419,0,0,0
735797,65535,255,6614,9099,0,0,0
735798,262,0,2351,-7429,1,0,1
735799,65535,255,476,9664,0,0,0
735800,65535,255,3158,9872,0,0,0
735801,207,0,5054,9499,1,0,1
735802,237,0,6294,9210,1,0,1
735803,258,0,3146,-7459,1,0,1
735804,65535,255,512,-7345,0,0,0
735805,65535,255,2342,9885,0,0,0
735806,148,0,4509,9596,1,0,1
735807,471,0,5936,9280,1,0,1
735808,65535,255,3844,-7346,0,0,0
735809,137,0,1468,-7639,1,0,1
735810,65535,255,1435,9890,0,0,0
735811,222,0,3877,9694,1,0,1
735812,65535,255,5523,9412,0,0,0
735813,65535,255,4448,-7255,0,0,0
735814,65535,255,2341,-7472,0,0,0
735815,65535,255,493,9916,0,0,0
735816,101,0,3185,9779,1,0,1
735817,65535,255,5077,9466,0,0,0
735818,65535,255,4949,-7141,0,0,0
735819,0,0,0,0,0,0,0
735820,394,0,452,-7580,1,0,1
735821,369,0,2392,9905,1,0,1
735822,264,0,4543,9588,1,0,1
735823,65535,255,5398,-6985,0,0,0
735824,65535,255,3808,-7284,0,0,0
735825,93,0,1423,-7765,1,0,1
735826,65535,255,1485,9955,0,0,0
735827,237,0,3912,9727,1,0,1
735828,65535,255,5544,9412,0,0,0
735829,81,2,4427,-7221,1,0,1
735830,112,0,2321,-7570,1,0,1
735831,224,0,510,10179,1,0,1
735832,387,0,3190,9788,1,0,1
735833,65535,255,5071,9530,0,0,0
735834,65535,255,4955,-7090,0,0,0
735835,307,2,3123,-7485,1,0,0
735836,104,0,483,-7327,1,0,1
735837,287,0,2367,9881,1,0,1
735838,288,0,4529,9584,1,0,1
735839,224,2,5415,-6991,1,0,1
735840,291,0,3828,-7304,1,0,1
735841,238,0,1446,-7505,1,0,1
735842,65535,255,1457,10093,0,0,0
735843,65535,255,3897,9662,0,0,0
735844,167,0,5536,9383,1,0,1
735845,261,2,4441,-7194,1,0,1
735846,123,0,2341,-7526,1,0,1
735847,416,0,486,10117,1,0,1
735848,65535,255,3172,9791,0,0,0
735849,65535,255,5062,9538,0,0,0
735850,480,0,4967,-7115,1,0,1
735851,65535,255,3141,-7384,0,0,0
735852,220,0,505,-7865,1,0,0
735853,65535,255,2337,9852,0,0,0
735854,136,0,4505,9647,1,0,1
735855,540,0,5430,-7025,1,0,1
735856,115,0,3852,-7328,1,0,1
735857,148,0,1474,-7490,1,0,1
735858,65535,255,1428,10000,0,0,0
735859,144,0,3877,9722,1,0,1
735860,198,0,5525,9400,1,0,1
735861,226,0,4457,-7201,1,0,1
735862,92,0,2360,-7487,1,0,1
735863,242,2,471,9622,1,0,1
735864,357,0,3158,9847,1,0,1
735865,99,0,5054,9467,1,0,1
735866,562,0,4975,-7111,1,0,1
735867,65535,255,3155,-7494,0,0,0
735868,0,0,0,0,0,0,0
735869,182,0,2342,9922,1,0,1
735870,239,0,4512,9597,1,0,1
735871,65535,255,5428,-6996,0,0,0
735872,65535,255,3848,-7375,0,0,0
735873,65535,255,1474,-7712,0,0,0
735874,65535,255,1428,9954,0,0,0
735875,222,0,3877,9737,1,0,1
735876,65535,255,5520,9429,0,0,0
735877,65535,255,4464,-7262,0,0,0
735878,264,0,2370,-7473,1,0,1
735879,326,0,452,9823,1,0,0
735880,65535,255,3145,9761,0,0,0
735881,0,0,0,0,0,0,0
735882,201,0,4991,-7124,1,0,1
735883,65535,255,3173,-7413,0,0,0
735884,143,0,552,-8095,1,0,1
735885,149,0,2311,9855,1,0,1
735886,65535,255,4488,9595,0,0,0
735887,176,0,5444,-7010,1,0,0
735888,65535,255,3891,-7379,0,0,0
735889,65535,255,1523,-7753,0,0,0
735890,106,0,1383,10023,1,0,1
735891,65535,255,3849,9659,0,0,0
735892,238,2,5505,9390,1,0,0
735893,161,2,4478,-7227,1,0,0
735894,65535,255,2390,-7629,0,0,0
735895,65535,255,441,9660,0,0,0
735896,46,2,3140,9756,1,0,1
735897,463,0,5041,9513,1,0,1
735898,65535,255,4985,-7136,0,0,0
735899,65535,255,3164,-7458,0,0,0
735900,236,0,528,-7556,1,0,1
735901,65535,255,2331,9987,0,0,0
735902,225,0,4509,9567,1,0,1
735903,65535,255,5428,-7025,0,0,0
735904,0,0,0,0,0,0,0
735905,65535,255,1474,-7695,0,0,0
735906,130,0,1428,9925,1,0,1
735907,181,0,3877,9732,1,0,1
735908,0,0,0,0,0,0,0
735909,65535,255,4458,-7268,0,0,0
735910,65535,255,2361,-7492,0,0,0
735911,211,0,457,9968,1,0,1
735912,65535,255,3154,9784,0,0,0
735913,327,0,5047,9475,1,0,1
735914,944,1,4979,-7131,1,0,1
735915,0,0,0,0,0,0,0
735916,251,0,541,-7320,1,0,1
735917,65535,255,2310,9929,0,0,0
735918,462,0,4488,9641,1,0,1
735919,261,0,5442,-6988,1,0,1
735920,0,0,0,0,0,0,0
735921,250,0,1507,-7737,1,0,1
735922,206,0,1394,10090,1,0,1
735923,65535,255,3853,9708,0,0,0
735924,65535,255,5506,9367,0,0,0
735925,306,0,4478,-7212,1,0,1
735926,65535,255,2395,-7440,0,0,0
735927,187,2,417,10027,1,0,1
735928,65535,255,3118,9843,0,0,0
735929,0,0,0,0,0,0,0
735930,65535,255,5003,-7136,0,0,1
735931,65535,255,3195,-7496,0,0,0
735932,194,0,575,-7973,1,0,1
735933,65535,255,2289,9918,0,0,0
735934,65535,255,4475,9561,0,0,0
735935,65535,255,5455,-7022,0,0,0
735936,65535,255,3888,-7316,0,0,0
735937,367,0,1529,-7734,1,0,1
735938,372,0,1374,10055,1,0,1
735939,0,0,0,0,0,0,0
735940,65535,255,5495,9420,0,0,0
735941,65535,255,4488,-7216,0,0,0
735942,0,0,0,0,0,0,0
735943,65535,255,401,10686,0,0,0
735944,65535,255,3109,9765,0,0,1
735945,65535,255,5021,9502,0,0,0
735946,65535,255,5009,-7135,0,0,0
735947,600,2,3200,-7380,1,0,1
735948,336,0,580,-7513,1,0,1
735949,65535,255,2285,9862,0,0,0
735950,65535,255,4471,9582,0,0,0
735951,65535,255,5456,-7020,0,0,0
735952,65535,255,3895,-7360,0,0,0
735953,300,2,1534,-7626,1,0,1
735954,65535,255,1372,10167,0,0,1
735955,65535,255,3841,9664,0,0,1
735956,65535,255,5500,9379,0,0,0
735957,65535,255,4488,-7185,0,0,0
735958,0,0,0,0,0,0,0
735959,303,0,412,9707,1,0,1
735960,409,0,3113,9868,1,0,1
735961,65535,255,5027,9501,0,0,0
735962,128,0,5006,-7076,1,0,1
735963,594,0,3195,-7467,1,0,1
735964,208,0,569,-7336,1,0,1
735965,65535,255,2295,9876,0,0,0
735966,65535,255,4482,9586,0,0,0
735967,0,0,0,0,0,0,0
735968,0,0,0,0,0,0,0
735969,213,0,1518,-7627,1,0,0
735970,154,0,1395,9852,1,0,1
735971,65535,255,3853,9717,0,0,0
735972,424,0,5508,9418,1,0,1
735973,65535,255,4481,-7262,0,0,0
735974,65535,255,2390,-7479,0,0,0
735975,462,0,435,9877,1,0,1
735976,65535,255,3136,9773,0,0,0
735977,65535,255,5042,9461,0,0,0
735978,65535,255,4993,-7133,0,0,0
735979,65535,255,3173,-7441,0,0,0
735980,326,0,541,-7316,1,0,1
735981,631,0,2321,9915,1,0,1
735982,333,2,4499,9621,1,0,1
735983,65535,255,5436,-6974,0,0,0
735984,65535,255,3860,-7304,0,0,0
735985,65535,255,1485,-7564,0,0,0
735986,65535,255,1429,9876,0,0,0
735987,250,0,3876,9737,1,0,1
735988,65535,255,5525,9373,0,0,0
735989,492,0,4457,-7209,3,0,0
735990,65535,255,2360,-7616,0,0,0
735991,65535,255,476,9690,0,0,0
735992,1581,2,3167,9760,3,0,0
735993,1585,1,5062,9463,3,0,0
735994,65535,255,4975,-7148,0,0,0
735995,65535,255,3146,-7484,0,0,0
735996,1750,1,499,-7749,3,0,0
735997,65535,255,2363,9803,0,0,0
735998,917,1,4526,9586,3,0,0
735999,594,0,5419,-7027,3,0,0
736000,65535,255,3832,-7332,0,0,0
736001,1276,1,1446,-7679,3,0,0
736002,65535,255,1457,9990,0,0,0
736003,0,0,0,0,0,0,0
736004,65535,255,5536,9399,0,0,0
736005,65535,255,4444,-7249,0,0,0
736006,65535,255,2341,-7497,0,0,0
736007,65535,255,481,10173,0,0,0
736008,65535,255,3171,9846,0,0,0
736009,876,2,5060,9511,3,0,0
736010,65535,255,4973,-7110,0,0,0
736011,1029,0,3146,-7425,3,0,0
736012,65535,255,506,-7419,0,0,0
736013,65535,255,2347,9966,0,0,0
736014,65535,255,4515,9569,0,0,0
736015,842,0,5428,-7014,3,0,0
736016,1189,0,3846,-7355,3,0,0
736017,65535,255,1469,-7542,0,0,0
736018,65535,255,1440,9922,0,0,0
736019,491,2,3885,9651,3,0,0
736020,65535,255,5525,9405,0,0,0
736021,65535,255,4455,-7220,0,0,0
736022,409,0,2360,-7576,3,0,0
736023,992,0,470,9682,3,0,0
736024,977,1,3158,9800,3,0,0
736025,65535,255,5054,9496,0,0,0
736026,970,1,4978,-7113,3,0,0
736027,0,0,0,0,0,0,0
736028,0,0,0,0,0,0,0
736029,549,0,2337,9844,3,0,0
736030,809,0,4506,9627,3,0,0
736031,407,0,5431,-6994,3,0,0
736032,799,0,3852,-7382,3,0,0
736033,587,0,1474,-7564,1,0,0
736034,65535,255,1429,9993,0,0,0
736035,570,0,3877,9698,1,0,0
736036,833,0,5523,9374,1,0,0
736037,0,0,0,0,0,0,0
736038,65535,255,2360,-7549,0,0,0
736039,662,0,465,9679,1,0,0
736040,0,0,0,0,0,0,0
736041,417,2,5051,9519,1,0,0
736042,611,0,4979,-7151,1,0,1
736043,65535,255,3155,-7394,0,0,0
736044,65535,255,517,-7491,0,0,0
736045,65535,255,2337,9831,0,0,0
736046,419,0,4506,9633,1,0,0
736047,595,0,5428,-7013,1,0,1
736048,289,0,3848,-7305,1,0,1
736049,65535,255,1474,-7763,0,0,0
736050,0,0,0,0,0,0,0
736051,65535,255,3882,9682,0,0,0
736052,345,0,5526,9373,1,0,0
736053,671,0,4451,-7266,1,0,1
736054,443,0,2356,-7630,1,0,1
736055,142,2,469,10249,1,0,1
736056,163,0,3163,9770,1,0,1
736057,0,0,0,0,0,0,0
736058,65535,255,4971,-7121,0,0,0
736059,514,0,3142,-7434,1,0,1
736060,65535,255,505,-7944,0,0,0
736061,65535,255,2352,9966,0,0,0
736062,65535,255,4519,9612,0,0,0
736063,88,2,5420,-7015,1,0,1
736064,65535,255,3836,-7330,0,0,0
736065,65535,255,1452,-7539,0,0,0
736066,150,0,1451,10083,1,0,1
736067,262,0,3898,9651,1,0,1
736068,65535,255,5536,9371,0,0,0
736069,231,0,4439,-7246,1,0,1
736070,177,0,2331,-7471,1,0,1
736071,65535,255,505,9712,0,0,0
736072,340,0,3185,9837,1,0,1
736073,195,0,5072,9499,1,0,1
736074,0,0,0,0,0,0,0
736075,65535,255,3119,-7466,0,0,0
736076,200,0,472,-7256,1,0,1
736077,428,0,2382,9882,1,0,1
736078,617,0,4539,9597,1,0,1
736079,386,0,5406,-7014,1,0,1
736080,65535,255,3816,-7357,0,0,0
736081,65535,255,1417,-7705,0,0,0
736082,65535,255,1491,9966,0,0,0
736083,391,0,3923,9745,1,0,1
736084,65535,255,5556,9372,0,0,0
736085,287,0,4417,-7234,1,0,0
736086,65535,255,2305,-7584,0,0,0
736087,65535,255,527,10228,0,0,0
736088,262,0,3203,9795,1,0,1
736089,252,0,5085,9450,1,0,1
736090,65535,255,4951,-7096,0,0,0
736091,380,0,3114,-7497,1,0,1
736092,263,0,470,-7466,1,0,1
736093,65535,255,2382,9896,0,0,0
736094,65535,255,4536,9597,0,0,0
736095,188,0,5953,9271,1,0,1
736096,65535,255,3824,-7332,0,0,0
736097,132,0,1440,-7586,1,0,1
736098,126,0,1469,9830,1,0,1
736099,331,0,3905,9703,1,0,1
736100,65535,255,5541,9412,0,0,0
736101,371,0,4440,-7242,1,0,0
736102,65535,255,2336,-7645,0,0,0
736103,103,2,494,9635,1,0,1
736104,266,0,3180,9760,1,0,1
736105,65535,255,5065,9511,0,0,0
736106,65535,255,6306,9168,0,0,0
736107,333,0,3139,-7470,1,0,1
736108,111,0,504,-7746,1,0,1
736109,0,0,0,0,0,0,0
736110,65535,255,4519,9556,0,0,0
736111,65535,255,5943,9257,0,0,0
736112,65535,255,6901,8984,0,0,0
736113,232,0,1463,-7607,1,0,1
736114,65535,255,1440,9901,0,0,0
736115,132,0,3885,9737,1,0,1
736116,0,0,0,0,0,0,0
736117,0,0,0,0,0,0,0
736118,65535,255,-32768,-32768,0,65535,1
736119,65535,255,469,10391,0,0,0
736120,65535,255,3158,9859,0,0,0
736121,65535,255,5056,9509,0,0,0
736122,374,0,6297,9167,1,0,1
736123,65535,255,-32768,-32768,0,65535,1
736124,65535,255,522,-7997,0,0,0
736125,248,0,2337,9846,1,0,1
736126,65535,255,4505,9597,0,0,0
736127,65535,255,5935,9288,0,0,0
736128,65535,255,6896,8968,0,0,0
736129,65535,255,-32768,-32768,0,65535,1
736130,65535,255,1423,9912,0,0,0
736131,65535,255,3873,9731,0,0,0
736132,425,0,5523,9371,1,0,1
736133,0,0,0,0,0,0,0
736134,0,0,0,0,0,0,0
736135,65535,255,453,9671,0,0,0
736136,65535,255,3149,9773,0,0,0
736137,65535,255,5047,9472,0,0,0
736138,65535,255,6290,9188,0,0,0
736139,65535,255,-32768,-32768,0,65535,1
736140,144,0,540,-7925,1,0,1
736141,65535,255,2321,9861,0,0,0
736142,496,0,4498,9617,1,0,1
736143,0,0,0,0,0,0,0
736144,65535,255,6892,8984,0,0,0
736145,67,2,1493,-7682,1,0,1
736146,65535,255,1412,10042,0,0,0
736147,196,0,3865,9694,1,0,1
736148,65535,255,5515,9428,0,0,0
736149,140,0,6608,9069,1,0,1
736150,231,0,2380,-7611,1,0,1
736151,229,0,447,9736,1,0,1
736152,188,0,3140,9794,1,0,1
736153,193,0,5042,9489,1,0,1
736154,65535,255,6288,9169,0,0,0
736155,65535,255,3168,-7411,0,0,0
736156,97,2,541,-7375,1,0,1
736157,163,0,2316,9973,1,0,1
736158,65535,255,4496,9574,0,0,0
736159,323,0,5926,9286,1,0,1
736160,65535,255,3864,-7294,0,0,0
736161,65535,255,1496,-7627,0,0,0
736162,299,0,1411,10019,1,0,1
736163,65535,255,3866,9694,0,0,0
736164,65535,255,5514,9371,0,0,0
736165,65535,255,4468,-7211,0,0,0
736166,263,0,2375,-7452,1,0,1
736167,83,0,440,10108,1,0,1
736168,253,0,3136,9863,1,0,1
736169,402,0,5039,9533,1,0,1
736170,300,0,4988,-7147,1,0,1
736171,65535,255,3169,-7403,0,0,0
736172,267,2,540,-8110,1,0,0
736173,65535,255,2316,9931,0,0,0
736174,166,0,4496,9560,1,0,1
736175,228,0,5437,-7019,1,0,1
736176,160,0,3860,-7294,1,0,1
736177,176,0,1490,-7650,1,0,1
736178,65535,255,1411,10067,0,0,0
736179,347,0,3865,9717,1,0,1
736180,188,0,5516,9377,1,0,1
736181,173,0,4465,-7243,1,0,1
736182,283,0,2370,-7532,1,0,1
736183,65535,255,453,9627,0,0,0
736184,710,1,3145,9793,1,0,1
736185,65535,255,5042,9500,0,0,0
736186,576,2,4982,-7121,1,0,1
736187,291,2,3164,-7479,1,0,0
736188,65535,255,534,-7928,0,0,0
736189,465,0,2327,9916,1,0,1
736190,289,0,4503,9560,1,0,1
736191,226,0,5434,-7025,1,0,1
736192,65535,255,3856,-7310,0,0,0
736193,154,0,1480,-7717,1,0,1
736194,156,2,1423,10159,1,0,0
736195,434,0,3874,9762,1,0,1
736196,65535,255,5521,9412,0,0,0
736197,65535,255,4458,-7200,0,0,0
736198,65535,255,2361,-7454,0,0,0
736199,65535,255,457,10324,0,0,1
736200,65535,255,3154,9753,0,0,0
736201,288,0,5051,9488,1,0,1
736202,101,0,4979,-7112,1,0,1
736203,123,0,3155,-7470,1,0,1
736204,275,0,516,-8001,1,0,1
736205,314,0,2342,9942,1,0,1
736206,65535,255,4513,9584,0,0,0
736207,65535,255,5425,-6993,0,0,0
736208,344,0,3848,-7358,1,0,1
736209,116,0,1463,-7516,1,0,1
736210,227,0,1440,9994,1,0,1
736211,65535,255,3889,9706,0,0,0
736212,383,0,5531,9388,1,0,1
736213,182,0,4450,-7243,1,0,1
736214,129,0,2351,-7629,1,0,1
736215,410,0,481,10243,1,0,1
736216,65535,255,3172,9751,0,0,0
736217,65535,255,5063,9491,0,0,0
736218,65535,255,4967,-7125,0,0,0
736219,381,0,3137,-7512,1,0,1
736220,65535,255,495,-7276,0,0,0
736221,245,0,2363,9819,1,0,1
736222,414,0,4525,9632,1,0,1
736223,151,0,5417,-7010,1,0,1
736224,228,0,3831,-7314,1,0,1
736225,205,0,1446,-7793,1,0,1
736226,162,0,1468,9923,1,0,1
736227,118,0,3905,9696,1,0,1
736228,226,0,5543,9385,1,0,1
736229,65535,255,4433,-7180,0,0,0
736230,492,0,2321,-7454,1,0,1
736231,84,0,498,10106,1,0,1
736232,382,0,3185,9825,1,0,1
736233,65535,255,5071,9494,0,0,0
736234,125,0,4963,-7084,1,0,1
736235,273,0,3133,-7417,1,0,1
736236,65535,255,493,-7947,0,0,0
736237,0,0,0,0,0,0,0
736238,65535,255,4525,9599,0,0,0
736239,65535,255,5422,-7025,0,0,0
736240,65535,255,3835,-7284,0,0,0
736241,65535,255,1451,-7540,0,0,0
736242,65535,255,1452,9876,0,0,0
736243,313,0,3893,9750,1,0,1
736244,517,2,5535,9386,1,0,1
736245,239,0,4446,-7229,1,0,1
736246,65535,255,2345,-7469,0,0,0
736247,96,0,480,10038,1,0,1
736248,65535,255,3171,9828,0,0,0
736249,532,0,5062,9506,1,0,1
736250,65535,255,4972,-7109,0,0,0
736251,456,0,3145,-7424,1,0,1
736252,213,0,506,-7355,1,0,1
736253,360,0,2347,9967,1,0,0
736254,134,0,4519,9563,1,0,1
736255,167,0,5427,-7009,1,0,1
736256,464,0,3848,-7390,1,0,1
736257,65535,255,1463,-7539,0,0,0
736258,0,0,0,0,0,0,0
736259,65535,255,3886,9652,0,0,0
736260,424,0,5528,9406,1,0,1
736261,65535,255,4454,-7271,0,0,0
736262,65535,255,2355,-7575,0,0,0
736263,226,0,477,9619,1,0,1
736264,381,0,3162,9791,1,0,1
736265,0,0,0,0,0,0,0
736266,65535,255,4975,-7102,0,0,0
736267,465,0,3150,-7433,1,0,1
736268,302,0,511,-7550,1,0,1
736269,0,0,0,0,0,0,0
736270,405,0,4512,9608,1,0,1
736271,549,0,5425,-6980,1,0,1
736272,463,0,3848,-7351,1,0,1
736273,267,0,1468,-7782,1,0,1
736274,65535,255,1437,9978,0,0,0
736275,335,0,3881,9706,1,0,1
736276,426,0,5524,9416,1,0,1
736277,127,0,4457,-7251,1,0,1
736278,65535,255,2360,-7466,0,0,0
736279,65535,255,464,9822,0,0,0
736280,65535,255,3154,9762,0,0,0
736281,65535,255,5049,9503,0,0,0
736282,557,0,4979,-7122,1,0,1
736283,65535,255,3159,-7412,0,0,0
736284,65535,255,529,-8121,0,0,0
736285,451,0,2327,9874,1,0,1
736286,516,0,4500,9604,1,0,1
736287,0,0,0,0,0,0,0
736288,65535,255,3860,-7349,0,0,0
736289,352,0,1487,-7583,1,0,1
736290,65535,255,1412,10137,0,0,0
736291,65535,255,3866,9701,0,0,0
736292,560,0,5514,9423,1,0,1
736293,199,0,4465,-7174,1,0,1
736294,65535,255,2375,-7531,0,0,0
736295,127,0,440,10336,1,0,1
736296,0,0,0,0,0,0,0
736297,65535,255,5040,9511,0,0,0
736298,452,0,4988,-7109,1,0,0
736299,231,0,3173,-7409,1,0,1
736300,0,0,0,0,0,0,0
736301,65535,255,2311,9918,0,0,0
736302,378,0,4489,9631,1,0,1
736303,161,0,5439,-6980,1,0,1
736304,239,0,3869,-7331,1,0,1
736305,65535,255,1501,-7691,0,0,0
736306,65535,255,1400,10044,0,0,0
736307,65535,255,3857,9679,0,0,0
736308,65535,255,5509,9415,0,0,0
736309,65535,255,4471,-7179,0,0,0
736310,346,2,2385,-7570,1,0,1
736311,0,0,0,0,0,0,0
736312,0,0,0,0,0,0,0
736313,65535,255,5036,9464,0,0,0
736314,65535,255,4991,-7111,0,0,0
736315,65535,255,3177,-7505,0,0,0
736316,65535,255,551,-7920,0,0,0
736317,238,0,2306,9877,1,0,1
736318,491,0,4489,9625,1,0,1
736319,65535,255,5442,-6984,0,0,0
736320,0,0,0,0,0,0,0
736321,65535,255,1507,-7776,0,0,0
736322,65535,255,1401,10164,0,0,0
736323,65535,255,3857,9734,0,0,0
736324,0,0,0,0,0,0,0
736325,0,0,0,0,0,0,0
736326,397,0,2385,-7530,1,0,1
736327,65535,255,435,10565,0,0,0
736328,65535,255,3132,9756,0,0,0
736329,65535,255,5039,9475,0,0,0
736330,65535,255,4991,-7092,0,0,0
736331,484,0,3173,-7409,1,0,1
736332,272,0,546,-7441,1,0,0
736333,335,0,2311,10003,1,0,1
736334,65535,255,4492,9594,0,0,0
736335,474,0,5439,-6970,1,0,1
736336,444,0,3868,-7338,1,0,1
736337,65535,255,1496,-7779,0,0,0
736338,65535,255,1410,9963,0,0,0
736339,0,0,0,0,0,0,0
736340,65535,255,5515,9406,0,0,0
736341,292,0,4468,-7185,1,0,1
736342,65535,255,2380,-7610,0,0,0
736343,65535,255,446,9960,0,0,0
736344,65535,255,3144,9852,0,0,0
736345,0,0,0,0,0,0,0
736346,261,0,4985,-7098,1,0,1
736347,65535,255,3163,-7391,0,0,0
736348,427,0,535,-7374,1,0,1
736349,355,0,2326,10001,1,0,1
736350,65535,255,4502,9605,0,0,0
736351,1063,1,5433,-6986,1,0,1
736352,65535,255,3860,-7371,0,0,0
736353,65535,255,1479,-7539,0,0,0
736354,65535,255,1423,9996,0,0,0
736355,65535,255,3877,9701,0,0,0
736356,65535,255,5525,9377,0,0,0
736357,208,0,4461,-7250,1,0,1
736358,65535,255,2360,-7560,0,0,0
736359,154,0,470,9759,1,0,1
736360,0,0,0,0,0,0,0
736361,65535,255,5056,9531,0,0,0
736362,604,0,4975,-7079,1,0,1
736363,0,0,0,0,0,0,0
736364,65535,255,510,-7613,0,0,0
736365,65535,255,2348,9861,0,0,0
736366,333,0,4515,9641,3,0,0
736367,491,0,5425,-7017,3,0,0
736368,65535,255,3843,-7319,0,0,0
736369,672,2,1463,-7765,3,0,0
736370,317,2,1451,9879,3,0,0
736371,619,0,3897,9676,3,0,0
736372,927,0,5538,9369,3,0,0
736373,65535,255,4443,-7246,0,0,0
736374,298,0,2341,-7575,1,0,0
736375,417,0,492,9973,1,0,1
736376,0,0,0,0,0,0,0
736377,499,0,5071,9481,1,0,1
736378,310,0,4963,-7114,1,0,1
736379,522,0,3128,-7493,1,0,1
736380,65535,255,483,-7292,0,0,0
736381,65535,255,2374,9919,0,0,0
736382,65535,255,4536,9625,0,0,0
736383,65535,255,5411,-7011,0,0,0
736384,65535,255,3820,-7315,0,0,0
736385,65535,255,1429,-7725,0,0,0
736386,65535,255,1479,10105,0,0,0
736387,276,0,3916,9718,1,0,1
736388,65535,255,5548,9376,0,0,0
736389,191,0,4426,-7230,1,0,1
736390,65535,255,2315,-7481,0,0,0
736391,65535,255,515,10299,0,0,0
736392,279,0,3203,9744,1,0,1
736393,65535,255,5083,9462,0,0,0
736394,286,2,4951,-7155,1,0,1
736395,65535,255,3111,-7368,0,0,0
736396,268,0,465,-8249,1,0,1
736397,409,0,2392,9950,1,0,1
736398,266,2,4547,9567,1,0,1
736399,0,0,0,0,0,0,0
736400,0,0,0,0,0,0,0
736401,343,0,1412,-7657,1,0,1
736402,65535,255,1496,10056,0,0,0
736403,65535,255,3923,9717,0,0,0
736404,65535,255,5554,9379,0,0,0
736405,65535,255,4417,-7244,0,0,0
736406,65535,255,2299,-7525,0,0,0
736407,352,0,539,9781,1,0,1
736408,167,0,3212,9786,1,0,1
736409,489,0,5091,9497,1,0,1
736410,65535,255,4936,-7119,0,0,0
736411,449,0,3093,-7468,1,0,1
736412,65535,255,441,-7896,0,0,0
736413,65535,255,2407,9896,0,0,0
736414,145,0,4557,9602,1,0,0
736415,133,0,5393,-6990,1,0,1
736416,65535,255,3796,-7286,0,0,0
736417,0,0,0,0,0,0,0
736418,180,0,1502,9859,1,0,0
736419,401,0,3928,9679,1,0,1
736420,65535,255,5555,9374,0,0,0
736421,65535,255,4417,-7263,0,0,0
736422,65535,255,2305,-7623,0,0,0
736423,65535,255,527,10292,0,0,0
736424,553,0,3203,9788,1,0,1
736425,65535,255,5080,9515,0,0,0
736426,195,0,4949,-7154,1,0,1
736427,65535,255,3110,-7425,0,0,0
736428,65535,255,464,-7885,0,0,0
736429,469,0,2382,9951,1,0,1
736430,507,0,4537,9606,1,0,1
736431,65535,255,5406,-6996,0,0,0
736432,65535,255,3816,-7298,0,0,0
736433,552,0,1429,-7795,1,0,1
736434,65535,255,1474,9970,0,0,0
736435,160,0,3905,9720,1,0,1
736436,171,0,5541,9405,1,0,1
736437,333,0,4430,-7216,1,0,1
736438,366,0,2326,-7549,1,0,1
736439,65535,255,504,9974,0,0,0
736440,142,0,3186,9809,1,0,1
736441,331,0,5069,9461,1,0,1
736442,65535,255,4958,-7102,0,0,0
736443,65535,255,3128,-7491,0,0,0
736444,394,0,488,-7404,1,0,1
736445,65535,255,2363,9874,0,0,0
736446,400,0,4527,9577,1,0,0
736447,579,0,5414,-6984,1,0,1
736448,65535,255,3832,-7288,0,0,0
736449,198,0,1452,-7767,1,0,1
736450,138,0,1451,9972,1,0,0
736451,500,0,3894,9738,1,0,1
736452,65535,255,5534,9421,0,0,0
736453,65535,255,4444,-7245,0,0,0
736454,65535,255,2341,-7628,0,0,0
736455,72,2,481,10452,1,0,1
736456,65535,255,3172,9821,0,0,0
736457,65535,255,5063,9472,0,0,0
736458,65535,255,4970,-7122,0,0,0
736459,323,0,3141,-7391,1,0,1
736460,252,0,504,-7807,1,0,1
736461,171,0,2348,9970,1,0,1
736462,275,0,4516,9629,1,0,1
736463,268,0,5940,9294,1,0,1
736464,65535,255,3844,-7372,0,0,0
736465,480,0,1463,-7718,1,0,0
736466,244,0,1440,9949,1,0,1
736467,65535,255,3885,9739,0,0,0
736468,65535,255,5528,9405,0,0,0
736469,65535,255,4451,-7262,0,0,0
736470,317,0,2350,-7465,1,0,1
736471,65535,255,476,9694,0,0,0
736472,65535,255,3167,9760,0,0,0
736473,208,0,5057,9511,1,0,1
736474,65535,255,6300,9162,0,0,0
736475,65535,255,3150,-7488,0,0,0
736476,65535,255,511,-7548,0,0,0
736477,65535,255,2342,9932,0,0,0
736478,413,0,4512,9624,1,0,1
736479,452,0,5939,9294,1,0,1
736480,65535,255,6900,8963,0,0,0
736481,65535,255,1474,-7760,0,0,0
736482,113,0,1434,10020,1,0,1
736483,65535,255,3886,9655,0,0,0
736484,65535,255,5528,9382,0,0,0
736485,65535,255,6616,9076,0,0,0
736486,65535,255,2355,-7572,0,0,0
736487,65535,255,469,10320,0,0,0
736488,65535,255,3163,9833,0,0,0
736489,118,0,5057,9484,1,0,1
736490,292,0,6298,9204,1,0,1
736491,65535,255,-32768,-32768,0,65535,1
736492,198,2,517,-7423,1,0,1
736493,65535,255,2342,9917,0,0,0
736494,165,0,4512,9618,1,0,1
736495,134,0,5938,9295,1,0,1
736496,65535,255,6900,8967,0,0,0
736497,65535,255,1471,-7660,0,0,0
736498,65535,255,1434,10090,0,0,0
736499,386,0,3885,9686,1,0,1
736500,246,0,5528,9405,1,0,1
736501,339,0,6616,9096,1,0,1
736502,65535,255,-32768,-32768,0,65535,1
736503,462,0,475,9830,1,0,1
736504,172,0,3163,9765,1,0,1
736505,434,0,5058,9510,1,0,1
736506,103,0,6298,9185,1,0,1
736507,65535,255,-32768,-32768,0,65535,1
736508,284,0,513,-7411,1,0,1
736509,65535,255,2342,9889,0,0,0
736510,65535,255,4512,9611,0,0,0
736511,302,0,5939,9294,1,0,1
736512,65535,255,6900,8969,0,0,0
736513,65535,255,1463,-7490,0,0,0
736514,463,0,1440,10159,1,0,1
736515,361,0,3888,9705,1,0,1
736516,0,0,0,0,0,0,0
736517,292,0,6618,9058,1,0,1
736518,166,0,2351,-7519,1,0,0
736519,65535,255,475,10178,0,0,1
736520,65535,255,3167,9832,0,0,0
736521,65535,255,5060,9494,0,0,0
736522,119,0,6301,9158,1,0,1
736523,247,0,3144,-7467,1,0,1
736524,94,0,505,-7809,1,0,1
736525,395,0,2353,9821,1,0,1
736526,278,0,4516,9585,1,0,1
736527,177,0,5942,9277,1,0,1
736528,65535,255,3840,-7372,0,0,0
736529,221,0,1457,-7786,1,0,1
736530,65535,255,1445,10110,0,0,0
736531,335,0,3894,9700,1,0,1
736532,253,0,5531,9422,1,0,1
736533,65535,255,4441,-7176,0,0,0
736534,297,0,2340,-7546,1,0,1
736535,210,0,487,10383,1,0,1
736536,88,0,3172,9860,1,0,1
736537,97,0,5063,9514,1,0,1
736538,156,0,4964,-7112,1,0,1
736539,427,0,3132,-7422,1,0,1
736540,65535,255,495,-7275,0,0,0
736541,266,0,2357,9929,1,0,1
736542,65535,255,4523,9634,0,0,0
736543,65535,255,5414,-6984,0,0,0
736544,65535,255,3832,-7334,0,0,0
736545,118,0,1446,-7674,1,0,1
736546,398,0,1463,10017,1,0,1
736547,163,0,3901,9669,1,0,1
736548,200,0,5537,9407,1,0,1
736549,187,0,4434,-7258,1,0,1
736550,350,0,2326,-7520,1,0,1
736551,153,0,498,10307,1,0,1
736552,65535,255,3181,9859,0,0,0
736553,189,0,5069,9518,1,0,1
736554,240,0,4955,-7119,1,0,1
736555,65535,255,3124,-7433,0,0,0
736556,65535,255,476,-7746,0,0,0
736557,382,0,2378,9820,1,0,1
736558,121,0,4533,9589,1,0,1
736559,65535,255,5407,-7029,0,0,0
736560,65535,255,3816,-7290,0,0,0
736561,164,0,1429,-7583,1,0,1
736562,191,0,1480,9925,1,0,1
736563,262,0,3913,9653,1,0,1
736564,65535,255,5547,9400,0,0,0
736565,228,0,4424,-7254,1,0,1
736566,417,0,2310,-7523,1,0,1
736567,65535,255,522,10358,0,0,0
736568,65535,255,3200,9840,0,0,0
736569,284,0,5081,9505,1,0,1
736570,254,0,4946,-7137,1,0,1
736571,127,0,3105,-7475,1,0,1
736572,263,0,458,-7815,1,0,1
736573,65535,255,2393,9832,0,0,0
736574,65535,255,4547,9605,0,0,0
736575,186,0,5398,-7041,1,0,1
736576,65535,255,3804,-7323,0,0,0
736577,341,0,1406,-7703,1,0,1
736578,65535,255,1501,10056,0,0,0
736579,65535,255,3931,9702,0,0,1
736580,65535,255,5559,9365,0,0,0
736581,65535,255,4410,-7212,0,0,0
736582,65535,255,2290,-7497,0,0,0
736583,65535,255,545,10045,0,0,0
736584,65535,255,3221,9844,0,0,0
736585,112,0,5094,9519,1,0,1
736586,442,0,4934,-7135,1,0,1
736587,164,0,3088,-7378,1,0,1
736588,71,0,442,-8269,1,0,1
736589,309,0,2407,9936,1,0,1
736590,65535,255,4557,9560,0,0,0
736591,65535,255,5395,-7003,0,0,0
736592,0,0,0,0,0,0,0
736593,65535,255,1406,-7536,0,0,0
736594,65535,255,1496,9927,0,0,0
736595,65535,255,3924,9667,0,0,0
736596,370,0,5551,9418,1,0,1
736597,65535,255,4420,-7185,0,0,0
736598,83,0,2315,-7606,1,0,1
736599,370,0,522,9916,1,0,1
736600,65535,255,3199,9828,0,0,0
736601,65535,255,5079,9517,0,0,0
736602,65535,255,4954,-7125,0,0,0
736603,65535,255,3132,-7503,0,0,0
736604,65535,255,488,-7406,0,0,0
736605,65535,255,2362,9859,0,0,0
736606,65535,255,4526,9563,0,0,0
736607,65535,255,5422,-7038,0,0,0
736608,103,0,3839,-7367,1,0,1
736609,390,0,1457,-7653,1,0,1
736610,263,0,1448,10030,1,0,1
736611,101,0,3889,9676,1,0,1
736612,65535,255,5531,9384,0,0,0
736613,434,0,4450,-7183,1,0,1
736614,270,0,2355,-7480,1,0,1
736615,65535,255,471,9615,0,0,0
736616,394,0,3158,9861,1,0,1
736617,286,0,5057,9483,1,0,1
736618,331,0,4981,-7132,1,0,1
736619,117,0,3155,-7392,1,0,1
736620,65535,255,522,-7807,0,0,0
736621,65535,255,2332,9959,0,0,0
736622,388,0,4505,9617,1,0,1
736623,329,0,5436,-7014,1,0,1
736624,126,0,3860,-7340,1,0,0
736625,65535,255,1484,-7583,0,0,0
736626,65535,255,1418,10161,0,0,0
736627,65535,255,3869,9679,0,0,0
736628,347,0,5518,9387,1,0,1
736629,366,0,4467,-7198,1,0,1
736630,311,0,2380,-7531,1,0,1
736631,65535,255,440,9958,0,0,0
736632,65535,255,3141,9766,0,0,0
736633,65535,255,5042,9524,0,0,0
736634,65535,255,4990,-7092,0,0,0
736635,444,0,3177,-7495,1,0,1
736636,65535,255,545,-7498,0,0,0
736637,199,2,2311,9905,1,0,1
736638,65535,255,4489,9601,0,0,0
736639,546,0,5444,-7011,1,0,1
736640,65535,255,3876,-7344,0,0,0
736641,311,0,1506,-7624,1,0,1
736642,148,0,1396,9855,1,0,1
736643,65535,255,3853,9705,0,0,0
736644,65535,255,5506,9413,0,0,0
736645,305,0,4478,-7239,1,0,1
736646,398,0,2395,-7634,1,0,1
736647,65535,255,425,9819,0,0,0
736648,447,0,3123,9866,1,0,1
736649,65535,255,5030,9499,0,0,0
736650,65535,255,4997,-7078,0,0,0
736651,241,0,3191,-7473,1,0,1
736652,255,0,563,-7444,1,0,1
736653,232,0,2295,9907,1,0,1
736654,65535,255,4479,9609,0,0,0
736655,65535,255,5449,-7023,0,0,0
736656,65535,255,3884,-7372,0,0,0
736657,65535,255,1523,-7729,0,0,0
736658,65535,255,1384,9999,0,0,0
736659,65535,255,3841,9761,0,0,0
736660,65535,255,5501,9378,0,0,0
736661,65535,255,4484,-7199,0,0,0
736662,109,0,2405,-7553,1,0,1
736663,65535,255,411,10352,0,0,0
736664,180,0,3114,9829,1,0,1
736665,65535,255,5025,9484,0,0,0
736666,230,0,5003,-7071,1,0,1
736667,65535,255,3195,-7471,0,0,0
736668,367,0,574,-7508,1,0,1
736669,65535,255,2284,9938,0,0,0
736670,196,0,4472,9623,1,0,1
736671,65535,255,5452,-6966,0,0,0
736672,65535,255,3888,-7288,0,0,0
736673,488,0,1523,-7514,1,0,1
736674,288,0,1372,10148,1,0,1
736675,483,0,3838,9700,1,0,1
736676,0,0,0,0,0,0,0
736677,114,0,4488,-7255,1,0,1
736678,65535,255,2404,-7487,0,0,0
736679,226,0,406,9948,1,0,1
736680,263,0,3110,9790,1,0,1
736681,0,0,0,0,0,0,0
736682,0,0,0,0,0,0,0
736683,65535,255,3195,-7461,0,0,0
736684,65535,255,574,-7508,0,0,0
736685,65535,255,2285,9880,0,0,0
736686,0,0,0,0,0,0,0
736687,65535,255,5452,-7020,0,0,0
736688,65535,255,3888,-7281,0,0,0
736689,245,0,1523,-7515,1,0,1
736690,186,0,1372,10171,1,0,1
736691,65535,255,3838,9716,0,0,0
736692,65535,255,5496,9430,0,0,0
736693,65535,255,4485,-7186,0,0,0
736694,302,0,2404,-7552,1,0,1
736695,187,0,406,10440,1,0,1
736696,65535,255,3110,9859,0,0,0
736697,354,0,5024,9512,1,0,1
736698,151,0,5003,-7108,1,0,1
736699,65535,255,3195,-7404,0,0,0
736700,420,0,576,-8140,3,0,0
736701,65535,255,2290,9895,0,0,0
736702,65535,255,4475,9617,0,0,0
736703,65535,255,5449,-6971,0,0,0
736704,556,0,3883,-7303,3,0,0
736705,598,0,1523,-7600,1,0,0
736706,65535,255,1384,9904,0,0,0
736707,0,0,0,0,0,0,0
736708,143,0,5503,9383,1,0,1
736709,115,0,4484,-7224,1,0,1
736710,65535,255,2400,-7446,0,0,0
736711,373,0,417,9875,1,0,1
736712,484,0,3122,9799,1,0,1
736713,65535,255,5030,9479,0,0,0
736714,65535,255,5000,-7077,0,0,0
736715,214,0,3186,-7357,1,0,1
736716,65535,255,563,-7914,0,0,0
736717,65535,255,2300,9852,0,0,0
736718,65535,255,4485,9604,0,0,0
736719,0,0,0,0,0,0,0
736720,101,2,3876,-7296,1,0,1
736721,65535,255,1512,-7579,0,0,0
736722,295,2,1395,9928,1,0,1
736723,134,0,3853,9761,1,0,1
736724,525,0,5510,9396,1,0,1
736725,65535,255,4477,-7244,0,0,0
736726,91,0,2390,-7487,1,0,1
736727,65535,255,434,10190,0,0,0
736728,65535,255,6986,-6425,0,0,1
736729,512,0,5039,9515,1,0,1
736730,65535,255,4993,-7116,0,0,0
736731,0,0,0,0,0,0,0
736732,65535,255,545,-7496,0,0,0
736733,65535,255,2316,9990,0,0,0
736734,65535,255,4495,9571,0,0,0
736735,275,0,5441,-7016,1,0,0
736736,642,0,3868,-7274,1,0,0
736737,65535,255,1490,-7536,0,0,0
736738,369,0,1412,9880,3,0,0
736739,65535,255,3869,9759,0,0,0
736740,836,0,5520,9394,3,0,0
736741,65535,255,4467,-7246,0,0,0
736742,65535,255,2370,-7516,0,0,0
736743,405,0,452,10333,1,0,1
736744,694,0,3149,9874,1,0,1
736745,271,0,5047,9530,1,0,1
736746,650,0,4984,-7140,1,0,1
736747,125,0,3163,-7476,1,0,1
736748,65535,255,527,-7802,0,0,0
736749,388,0,2338,9849,1,0,1
736750,311,0,4509,9613,1,0,0
736751,65535,255,5430,-6975,0,0,0
736752,65535,255,3851,-7331,0,0,0
736753,133,0,1474,-7713,1,0,1
736754,161,0,1434,10091,1,0,1
736755,0,0,0,0,0,0,0
736756,65535,255,5531,9368,0,0,0
736757,494,0,4450,-7224,1,0,1
736758,508,0,2350,-7464,1,0,1
736759,612,0,481,10179,1,0,1
736760,145,0,3167,9852,1,0,1
736761,65535,255,5063,9526,0,0,0
736762,65535,255,4969,-7138,0,0,0
736763,316,0,3141,-7488,1,0,1
736764,0,0,0,0,0,0,0
736765,65535,255,2363,9875,0,0,0
736766,362,0,4523,9629,1,0,1
736767,445,0,5417,-6992,1,0,1
736768,0,0,0,0,0,0,0
736769,380,0,1441,-7466,1,0,0
736770,283,0,1469,9858,1,0,0
736771,659,0,3905,9734,1,0,0
736772,396,0,5541,9402,1,0,1
736773,65535,255,4432,-7255,0,0,0
736774,411,0,2320,-7577,1,0,1
736775,65535,255,511,9720,0,0,0
736776,310,0,3194,9800,1,0,1
736777,456,0,5077,9502,1,0,1
736778,65535,255,4951,-7114,0,0,1
736779,65535,255,3110,-7454,0,0,0
736780,118,0,464,-7742,1,0,1
736781,65535,255,2392,9859,0,0,0
736782,65535,255,4543,9625,0,0,0
736783,65535,255,5401,-7034,0,0,0
736784,468,0,3808,-7361,1,0,1
736785,0,0,0,0,0,0,0
736786,65535,255,1485,10102,0,0,0
736787,65535,255,3921,9645,0,0,0
736788,280,0,5549,9359,1,0,1
736789,65535,255,4420,-7242,0,0,0
736790,65535,255,2310,-7591,0,0,0
736791,0,0,0,0,0,0,0
736792,205,0,3199,9771,1,0,1
736793,65535,255,5078,9512,0,0,0
736794,675,0,4949,-7157,1,0,1
736795,65535,255,3110,-7423,0,0,0
736796,65535,255,464,-7956,0,0,0
736797,336,0,2383,9966,1,0,0
736798,366,0,4537,9614,1,0,1
736799,491,0,5404,-7009,1,0,1
736800,260,0,3816,-7320,1,0,1
736801,238,0,1423,-7488,1,0,1
736802,65535,255,1480,10039,0,0,0
736803,128,0,3909,9743,1,0,1
736804,507,0,5544,9399,1,0,1
736805,65535,255,4427,-7240,0,0,0
736806,65535,255,2315,-7605,0,0,0
736807,65535,255,510,10302,0,0,0
736808,106,0,3190,9791,1,0,1
736809,237,0,5075,9529,1,0,1
736810,0,0,0,0,0,0,0
736811,65535,255,3119,-7481,0,0,0
736812,65535,255,471,-7320,0,0,0
736813,176,0,2377,9861,1,0,1
736814,0,0,0,0,0,0,0
736815,350,0,5406,-6979,1,0,1
736816,65535,255,3816,-7281,0,0,0
736817,65535,255,1429,-7769,0,0,0
736818,177,0,1474,9972,1,0,1
736819,360,0,3909,9736,1,0,1
736820,0,0,0,0,0,0,0
736821,65535,255,4427,-7246,0,0,0
736822,260,0,2321,-7632,1,0,0
736823,65535,255,511,10497,0,0,0
736824,128,0,3190,9830,1,0,1
736825,65535,255,5078,9476,0,0,0
736826,65535,255,4952,-7129,0,0,0
736827,246,0,3114,-7393,1,0,1
736828,65535,255,470,-7882,0,0,0
736829,65535,255,2377,9981,0,0,0
736830,65535,255,4537,9633,0,0,0
736831,137,0,5953,9292,1,0,1
736832,65535,255,3820,-7374,0,0,0
736833,200,0,1429,-7698,1,0,1
736834,65535,255,1480,9926,0,0,0
736835,329,0,3912,9729,1,0,1
736836,539,0,5546,9424,1,0,1
736837,65535,255,6628,9076,0,0,0
736838,65535,255,2315,-7437,0,0,0
736839,0,0,0,0,0,0,0
736840,0,0,0,0,0,0,0
736841,65535,255,5080,9502,0,0,0
736842,65535,255,6314,9168,0,0,0
736843,210,2,3114,-7462,1,0,1
736844,339,0,465,-7317,1,0,0
736845,86,0,2387,9887,1,0,1
736846,65535,255,4540,9596,0,0,0
736847,65535,255,5957,9275,0,0,0
736848,65535,255,6914,8947,0,0,0
736849,288,0,1423,-7653,1,0,1
736850,265,0,1485,9906,1,0,1
736851,65535,255,3920,9727,0,0,0
736852,65535,255,5551,9402,0,0,0
736853,65535,255,6632,9052,0,0,0
736854,65535,255,-32768,-32768,0,65535,1
736855,65535,255,528,9795,0,0,0
736856,285,0,3208,9751,1,0,1
736857,372,0,5085,9522,1,0,1
736858,169,0,6319,9170,1,0,1
736859,65535,255,-32768,-32768,0,65535,1
736860,65535,255,452,-7744,0,0,0
736861,102,0,2392,9979,1,0,1
736862,65535,255,4549,9584,0,0,0
736863,65535,255,5961,9310,0,0,0
736864,65535,255,6917,8974,0,0,0
736865,268,0,1406,-7511,1,0,1
736866,65535,255,1496,10146,0,0,0
736867,301,0,3931,9689,1,0,1
736868,86,0,5556,9404,1,0,1
736869,65535,255,6637,9094,0,0,0
736870,65535,255,-32768,-32768,0,0,0
736871,65535,255,546,9742,0,0,0
736872,319,0,3221,9741,1,0,0
736873,365,0,5094,9521,1,0,1
736874,65535,255,6323,9172,0,0,0
736875,65535,255,-32768,-32768,0,65535,1
736876,65535,255,441,-7894,0,0,0
736877,223,0,2412,9806,1,0,1
736878,271,0,4560,9567,1,0,1
736879,65535,255,5968,9264,0,0,0
736880,65535,255,6920,8964,0,0,1
736881,77,0,1395,-7608,1,0,1
736882,197,0,1518,9906,1,0,1
736883,65535,255,3939,9732,0,0,0
736884,65535,255,5567,9365,0,0,0
736885,200,0,6642,9065,1,0,1
736886,362,0,2278,-7539,1,0,1
736887,65535,255,556,10223,0,0,0
736888,196,0,3230,9825,1,0,1
736889,65535,255,5103,9487,0,0,0
736890,65535,255,6329,9152,0,0,0
736891,65535,255,3078,-7487,0,0,0
736892,74,2,423,-7512,1,0,1
736893,145,0,2422,9962,1,0,0
736894,65535,255,4569,9578,0,0,0
736895,65535,255,5976,9253,0,0,0
736896,65535,255,3784,-7388,0,0,1
736897,349,0,1378,-7561,1,0,1
736898,65535,255,1524,9969,0,0,0
736899,65535,255,3947,9679,0,0,0
736900,65535,255,5567,9356,0,0,0
736901,65535,255,4400,-7206,0,0,0
736902,131,0,2278,-7460,1,0,1
736903,65535,255,556,10166,0,0,0
736904,92,0,3222,9865,1,0,1
736905,65535,255,5098,9457,0,0,0
736906,144,0,4937,-7154,1,0,1
736907,397,0,3088,-7376,1,0,1
736908,238,0,437,-7140,1,0,1
736909,91,0,2402,9964,1,0,1
736910,65535,255,4554,9587,0,0,0
736911,137,0,5395,-7030,1,0,1
736912,261,0,3799,-7322,1,0,1
736913,343,0,1406,-7749,1,0,1
736914,65535,255,1497,10145,0,0,0
736915,65535,255,3924,9749,0,0,0
736916,176,0,5552,9400,1,0,1
736917,265,0,4417,-7272,1,0,1
736918,144,0,2304,-7592,1,0,1
736919,65535,255,528,9856,0,0,0
736920,65535,255,3204,9828,0,0,0
736921,266,0,5081,9522,1,0,1
736922,65535,255,4946,-7141,0,0,0
736923,247,0,3111,-7512,1,0,1
736924,355,0,465,-8242,1,0,1
736925,65535,255,2382,9967,0,0,0
736926,65535,255,4537,9584,0,0,0
736927,215,2,5406,-7036,1,0,0
736928,95,0,3815,-7327,1,0,1
736929,298,0,1429,-7792,1,0,1
736930,65535,255,1480,9859,0,0,0
736931,151,0,3909,9655,1,0,1
736932,173,0,5542,9416,1,0,1
736933,290,0,4427,-7201,1,0,1
736934,160,0,2321,-7449,1,0,1
736935,242,0,512,9592,1,0,1
736936,65535,255,3186,9802,0,0,0
736937,65535,255,5069,9510,0,0,0
736938,139,0,4958,-7127,1,0,1
736939,184,0,3128,-7499,1,0,1
736940,121,0,488,-8148,1,0,1
736941,65535,255,2363,9970,0,0,0
736942,326,0,4527,9592,1,0,1
736943,153,0,5412,-6968,1,0,1
736944,226,0,3828,-7348,1,0,1
736945,65535,255,1440,-7511,0,0,0
736946,116,0,1457,9950,1,0,1
736947,313,0,3898,9694,1,0,1
736948,357,0,5537,9377,1,0,1
736949,207,0,4441,-7249,1,0,1
736950,404,0,2336,-7572,1,0,1
736951,176,0,493,9842,1,0,1
736952,191,0,3172,9853,1,0,1
736953,65535,255,5063,9467,0,0,0
736954,65535,255,4964,-7087,0,0,0
736955,65535,255,3137,-7428,0,0,0
736956,65535,255,498,-7739,0,0,0
736957,65535,255,2353,9905,0,0,0
736958,65535,255,4520,9562,0,0,0
736959,65535,255,5419,-7028,0,0,0
736960,76,0,3840,-7339,1,0,0
736961,26,2,1457,-7488,1,0,1
736962,203,0,1446,9975,1,0,1
736963,121,0,3890,9703,1,0,1
736964,65535,255,5531,9388,0,0,0
736965,237,0,4445,-7221,1,0,1
736966,168,2,2346,-7625,1,0,0
736967,0,0,0,0,0,0,0
736968,65535,255,3150,9823,0,0,0
736969,78,0,5048,9468,1,0,1
736970,144,0,4984,-7121,1,0,1
736971,289,0,3163,-7391,1,0,1
736972,237,0,533,-7804,1,0,1
736973,65535,255,2321,9973,0,0,0
736974,65535,255,4499,9630,0,0,0
736975,65535,255,5438,-7028,0,0,0
736976,76,0,3867,-7369,1,0,1
736977,0,0,0,0,0,0,0
736978,268,0,1412,9949,1,0,1
736979,253,0,3865,9734,1,0,1
736980,65535,255,5513,9425,0,0,0
736981,190,0,4474,-7259,1,0,1
736982,65535,255,2385,-7450,0,0,1
736983,65535,255,442,9661,0,0,0
736984,65535,255,3134,9815,0,0,0
736985,106,0,5039,9508,1,0,1
736986,245,0,4993,-7086,1,0,1
736987,120,0,3181,-7485,1,0,1
736988,381,2,551,-7559,1,0,1
736989,260,0,2306,9934,1,0,1
736990,402,0,4488,9620,1,0,1
736991,65535,255,5446,-7025,0,0,0
736992,65535,255,3880,-7373,0,0,0
736993,65535,255,1512,-7731,0,0,0
736994,65535,255,1395,9998,0,0,0
736995,112,0,3853,9759,1,0,1
736996,234,0,5508,9376,1,0,1
736997,65535,255,4480,-7195,0,0,0
736998,65535,255,2395,-7555,0,0,0
736999,400,0,423,10344,1,0,1
737000,65535,255,3122,9827,0,0,0
737001,0,0,0,0,0,0,0
737002,65535,255,5000,-7097,0,0,0
737003,214,0,3190,-7463,1,0,0
737004,65535,255,563,-7446,0,0,0
737005,65535,255,2295,9922,0,0,0
737006,295,0,4482,9622,1,0,1
737007,65535,255,5449,-6987,0,0,0
737008,348,0,3883,-7282,1,0,1
737009,279,0,1518,-7494,1,0,0
737010,195,0,1383,10121,1,0,1
737011,65535,255,3845,9691,0,0,0
737012,65535,255,5503,9409,0,0,0
737013,65535,255,4484,-7250,0,0,0
737014,65535,255,2399,-7475,0,0,0
737015,65535,255,417,9951,0,0,0
737016,213,0,3118,9789,1,0,1
737017,134,0,5027,9468,1,0,1
737018,65535,255,5002,-7142,0,0,0
737019,119,0,3194,-7453,1,0,1
737020,85,0,569,-7447,1,0,1
737021,65535,255,2290,9936,0,0,0
737022,367,0,4479,9635,1,0,1
737023,317,0,5449,-6977,1,0,1
737024,224,0,3883,-7312,1,0,1
737025,65535,255,1523,-7600,0,0,0
737026,252,0,1384,9903,1,0,1
737027,130,0,3841,9746,1,0,1
737028,65535,255,5501,9378,0,0,0
737029,140,0,4484,-7212,1,0,1
737030,65535,255,2405,-7619,0,0,0
737031,407,0,419,9638,1,0,1
737032,65535,255,3119,9759,0,0,0
737033,65535,255,5027,9501,0,0,0
737034,0,0,0,0,0,0,0
737035,65535,255,3190,-7453,0,0,0
737036,263,0,568,-7562,1,0,1
737037,455,0,2295,9978,1,0,1
737038,65535,255,4479,9615,0,0,0
737039,65535,255,5447,-7000,0,0,0
737040,65535,255,3880,-7350,0,0,0
737041,0,0,0,0,0,0,0
737042,65535,255,1384,10073,0,0,0
737043,65535,255,3849,9691,0,0,0
737044,495,0,5503,9419,1,0,1
737045,65535,255,4478,-7181,0,0,0
737046,419,0,2395,-7553,1,0,1
737047,65535,255,423,10503,0,0,0
737048,394,2,3123,9887,1,0,0
737049,65535,255,5030,9527,0,0,0
737050,155,0,4997,-7126,1,0,1
737051,65535,255,3181,-7454,0,0,0
737052,122,2,557,-7559,1,0,1
737053,112,0,2301,9978,1,0,0
737054,65535,255,4486,9572,0,0,0
737055,379,0,5444,-7009,1,0,0
737056,65535,255,3874,-7349,0,0,0
737057,858,0,1502,-7493,1,0,0
737058,611,0,1398,9970,1,0,0
737059,417,0,3853,9737,1,0,0
737060,891,0,5509,9381,1,0,0
737061,686,0,4471,-7226,1,0,0
737062,1424,1,2380,-7461,1,0,1
737063,658,0,434,10037,1,0,0
737064,65535,255,3132,9827,0,0,0
737065,65535,255,5040,9504,0,0,0
737066,1058,0,4987,-7106,3,0,0
737067,406,0,3173,-7417,1,0,0
737068,252,0,540,-7372,1,0,0
737069,65535,255,2316,9962,0,0,0
737070,704,0,4496,9564,3,0,0
737071,294,0,5436,-7007,3,0,0
737072,65535,255,3862,-7334,0,0,0
737073,65535,255,1490,-7514,0,0,0
737074,365,2,1418,9880,1,0,1
737075,65535,255,3870,9758,0,0,0
737076,65535,255,5519,9393,0,0,0
737077,65535,255,4461,-7253,0,0,0
737078,65535,255,2365,-7516,0,0,0
737079,392,0,458,10401,1,0,1
737080,65535,255,3150,9830,0,0,0
737081,65535,255,5049,9506,0,0,0
737082,0,0,0,0,0,0,0
737083,65535,255,3159,-7496,0,0,0
737084,137,0,522,-7932,1,0,1
737085,259,0,2337,9876,1,0,1
737086,192,0,4509,9624,1,0,1
737087,160,0,5428,-6985,1,0,1
737088,65535,255,3848,-7355,0,0,0
737089,0,0,0,0,0,0,0
737090,483,0,1440,9904,1,0,1
737091,1210,1,3890,9655,1,0,1
737092,0,0,0,0,0,0,0
737093,0,0,0,0,0,0,0
737094,561,2,2345,-7573,1,0,1
737095,0,0,0,0,0,0,0
737096,150,0,3172,9783,1,0,1
737097,315,0,5063,9489,1,0,1
737098,385,0,4966,-7100,1,0,1
737099,65535,255,3136,-7421,0,0,0
737100,561,0,493,-7475,1,0,1
737101,0,0,0,0,0,0,0
737102,0,0,0,0,0,0,0
737103,65535,255,5416,-7036,0,0,0
737104,365,0,3827,-7319,1,0,1
737105,65535,255,1440,-7628,0,0,0
737106,65535,255,1468,10017,0,0,0
737107,0,0,0,0,0,0,0
737108,613,0,5546,9365,1,0,1
737109,65535,255,4430,-7215,0,0,0
737110,390,0,2320,-7465,1,0,1
737111,65535,255,515,10237,0,0,0
737112,329,2,3194,9877,1,0,1
737113,65535,255,5083,9459,0,0,0
737114,65535,255,4953,-7146,0,0,0
737115,65535,255,3110,-7375,0,0,0
737116,0,0,0,0,0,0,0
737117,65535,255,2392,9965,0,0,0
737118,144,0,4546,9575,1,0,1
737119,65535,255,5403,-7030,0,0,0
737120,65535,255,3811,-7377,0,0,0
737121,0,0,0,0,0,0,0
737122,65535,255,1491,10124,0,0,0
737123,65535,255,3923,9675,0,0,0
737124,65535,255,5551,9402,0,0,0
737125,65535,255,4423,-7223,0,0,0
737126,65535,255,2310,-7536,0,0,0
737127,65535,255,522,9856,0,0,0
737128,65535,255,3199,9858,0,0,0
737129,65535,255,5083,9475,0,0,0
737130,266,0,4951,-7104,1,0,1
737131,518,0,3114,-7483,1,0,1
737132,65535,255,470,-8099,0,0,0
737133,65535,255,2382,9966,0,0,0
737134,65535,255,4536,9627,0,0,0
737135,625,2,5408,-7009,1,0,1
737136,467,2,3819,-7312,1,0,0
737137,779,0,1429,-7815,1,0,1
737138,524,0,1474,9971,1,0,1
737139,261,0,3909,9714,1,0,1
737140,0,0,0,0,0,0,0
737141,65535,255,4430,-7196,0,0,0
737142,525,0,2320,-7492,1,0,1
737143,540,2,511,9655,1,0,1
737144,121,2,3185,9840,1,0,0
737145,440,0,5075,9466,1,0,1
737146,159,0,4957,-7102,1,0,1
737147,0,0,0,0,0,0,0
737148,361,0,483,-7261,1,0,1
737149,65535,255,2373,9821,0,0,0
737150,147,0,4529,9641,1,0,1
737151,65535,255,5414,-7026,0,0,0
737152,65535,255,3828,-7350,0,0,0
737153,65535,255,1440,-7558,0,0,0
737154,65535,255,1463,10109,0,0,0
737155,280,0,3903,9687,1,0,1
737156,444,0,5539,9362,1,0,1
737157,65535,255,4437,-7244,0,0,0
737158,65535,255,2331,-7614,0,0,0
737159,306,0,493,10312,1,0,1
737160,65535,255,3181,9792,0,0,0
737161,420,0,5066,9525,1,0,1
737162,65535,255,4960,-7084,0,0,0
737163,294,2,3132,-7459,1,0,1
737164,65535,255,494,-8143,0,0,0
737165,65535,255,2363,9809,0,0,0
737166,0,0,0,0,0,0,0
737167,65535,255,5414,-7030,0,0,0
737168,385,2,3832,-7364,1,0,0
737169,250,2,1446,-7627,1,0,0
737170,274,2,1457,10070,1,0,1
737171,132,2,3898,9678,1,0,1
737172,159,0,5534,9386,1,0,1
737173,358,0,4437,-7193,1,0,1
737174,65535,255,2336,-7505,0,0,1
737175,65535,255,493,9839,0,0,0
737176,65535,255,3175,9791,0,0,0
737177,345,0,5064,9500,1,0,1
737178,65535,255,4964,-7148,0,0,0
737179,285,0,3132,-7430,1,0,1
737180,174,0,493,-8011,1,0,1
737181,65535,255,2358,10011,0,0,0
737182,65535,255,4523,9636,0,0,0
737183,0,0,0,0,0,0,0
737184,65535,255,3832,-7372,0,0,0
737185,65535,255,1446,-7673,0,0,0
737186,0,0,0,0,0,0,0
737187,65535,255,3898,9708,0,0,0
737188,436,0,5535,9409,1,0,1
737189,222,0,4437,-7225,1,0,1
737190,65535,255,2336,-7586,0,0,0
737191,248,0,493,10309,1,0,1
737192,293,0,3177,9813,1,0,1
737193,33,2,5067,9463,1,0,1
737194,65535,255,4961,-7116,0,0,0
737195,65535,255,3128,-7381,0,0,0
737196,65535,255,487,-7808,0,0,0
737197,0,0,0,0,0,0,0
737198,65535,255,4527,9629,0,0,0
737199,65535,255,5947,9293,0,0,0
737200,65535,255,3828,-7373,0,0,0
737201,76,0,1440,-7697,1,0,1
737202,287,0,1463,9950,1,0,1
737203,65535,255,3901,9738,0,0,0
737204,240,0,5538,9384,1,0,1
737205,306,0,6624,9061,1,0,1
737206,318,0,2325,-7462,1,0,1
737207,0,0,0,0,0,0,0
737208,65535,255,3186,9734,0,0,0
737209,158,0,5072,9509,1,0,1
737210,268,0,6309,9162,1,0,1
737211,264,0,3123,-7490,1,0,1
737212,295,0,476,-7534,1,0,1
737213,65535,255,2372,9929,0,0,1
737214,337,0,4533,9616,1,0,1
737215,65535,255,5951,9289,0,0,0
737216,65535,255,6909,8959,0,0,0
737217,65535,255,1434,-7721,0,0,0
737218,65535,255,1474,9972,0,0,0
737219,65535,255,3909,9752,0,0,0
737220,194,0,5546,9370,1,0,0
737221,65535,255,6628,9067,0,0,0
737222,0,0,0,0,0,0,0
737223,64,0,515,10109,1,0,1
737224,65535,255,3199,9801,0,0,0
737225,65535,255,5080,9472,0,0,0
737226,65535,255,6314,9193,0,0,0
737227,65535,255,-32768,-32768,0,65535,1
737228,85,0,465,-8169,1,0,1
737229,65535,255,2387,9861,0,0,0
737230,65535,255,4543,9589,0,0,0
737231,147,0,5957,9275,1,0,1
737232,65535,255,6914,8951,0,0,1
737233,217,0,1417,-7677,1,0,1
737234,65535,255,1491,9950,0,0,0
737235,65535,255,3920,9750,0,0,0
737236,65535,255,5554,9373,0,0,0
737237,75,0,6635,9068,1,0,1
737238,65535,255,-32768,-32768,0,65535,0
737239,65535,255,533,10295,0,0,0
737240,225,0,3212,9828,1,0,1
737241,65535,255,5091,9485,0,0,0
737242,259,0,6320,9173,1,0,1
737243,65535,255,-32768,-32768,0,65535,1
737244,184,0,447,-7446,1,0,1
737245,185,0,2402,9938,1,0,1
737246,291,0,4553,9631,1,0,1
737247,171,0,5966,9305,1,0,1
737248,65535,255,6919,8976,0,0,1
737249,127,0,1400,-7535,1,0,1
737250,253,0,1509,9996,1,0,1
737251,144,0,3935,9711,1,0,1
737252,65535,255,5562,9392,0,0,0
737253,92,0,6640,9056,1,0,1
737254,65535,255,2283,-7496,0,0,0
737255,65535,255,556,10106,0,0,0
737256,0,0,0,0,0,0,0
737257,208,0,5100,9478,1,0,1
737258,65535,255,6327,9200,0,0,0
737259,65535,255,3083,-7407,0,0,0
737260,287,0,429,-7510,1,0,1
737261,65535,255,2417,9831,0,0,1
737262,154,0,4560,9623,1,0,1
737263,0,0,0,0,0,0,0
737264,65535,255,3795,-7386,0,0,0
737265,65535,255,1395,-7606,0,0,0
737266,206,0,1513,10056,1,0,1
737267,65535,255,3935,9725,0,0,0
737268,179,0,5562,9389,1,0,1
737269,65535,255,4410,-7262,0,0,0
737270,108,0,2294,-7592,1,0,1
737271,380,2,545,9983,1,0,1
737272,382,2,3217,9856,1,0,1
737273,127,0,5092,9458,1,0,1
737274,103,0,4939,-7077,1,0,1
737275,135,0,3096,-7405,1,0,1
737276,67,0,447,-7518,1,0,1
737277,90,0,2402,9845,1,0,1
737278,393,2,4550,9637,1,0,1
737279,229,0,5398,-7006,1,0,1
737280,161,0,3803,-7290,1,0,1
737281,65535,255,1411,-7700,0,0,0
737282,146,0,1491,10146,1,0,1
737283,65535,255,3924,9728,0,0,0
737284,65535,255,5552,9414,0,0,0
737285,65535,255,4417,-7203,0,0,0
737286,65535,255,2304,-7464,0,0,0
737287,65535,255,528,10418,0,0,0
737288,268,0,3203,9781,1,0,1
737289,204,0,5083,9502,1,0,1
737290,65535,255,4948,-7129,0,0,0
737291,65535,255,3110,-7511,0,0,0
737292,130,2,460,-7166,1,0,1
737293,65535,255,2383,10006,0,0,0
737294,65535,255,4540,9614,0,0,0
737295,202,0,5404,-6994,1,0,1
737296,159,0,3812,-7308,1,0,1
737297,171,0,1423,-7651,1,0,1
737298,325,2,1480,10129,1,0,1
737299,114,0,3913,9751,1,0,1
737300,209,0,5544,9416,1,0,1
737301,236,0,4423,-7208,1,0,1
737302,65535,255,2315,-7491,0,0,0
737303,65535,255,511,10560,0,0,0
737304,65535,255,3194,9801,0,0,0
737305,65535,255,5075,9519,0,0,0
737306,65535,255,4952,-7150,0,0,1
737307,65535,255,3115,-7392,0,0,0
737308,407,2,470,-7600,1,0,1
737309,340,0,2378,9874,1,0,1
737310,65535,255,4537,9559,0,0,0
737311,0,0,0,0,0,0,0
737312,0,0,0,0,0,0,0
737313,0,0,0,0,0,0,0
737314,47,2,1474,9972,1,0,0
737315,65535,255,3909,9714,0,0,0
737316,65535,255,5542,9394,0,0,0
737317,65535,255,4427,-7182,0,0,1
737318,172,0,2320,-7448,1,0,1
737319,195,0,505,10433,1,0,1
737320,65535,255,3190,9792,0,0,0
737321,65535,255,5072,9520,0,0,0
737322,65535,255,4954,-7154,0,0,0
737323,186,0,3119,-7411,1,0,1
737324,65535,255,475,-7740,0,0,0
737325,65535,255,2373,9915,0,0,0
737326,65535,255,4533,9579,0,0,0
737327,79,0,5409,-6973,1,0,1
737328,0,0,0,0,0,0,0
737329,65535,255,1434,-7626,0,0,0
737330,65535,255,1469,10155,0,0,0
737331,65535,255,3894,9674,0,0,0
737332,140,0,5532,9392,1,0,1
737333,230,0,4444,-7215,1,0,1
737334,65535,255,2345,-7588,0,0,0
737335,65535,255,476,10453,0,0,0
737336,65535,255,3168,9839,0,0,0
737337,65535,255,5057,9492,0,0,0
737338,390,0,4972,-7156,1,0,1
737339,238,0,3145,-7461,1,0,1
737340,65535,255,511,-7418,0,0,0
737341,65535,255,2343,9914,0,0,0
737342,65535,255,4513,9615,0,0,0
737343,143,0,5428,-7026,1,0,1
737344,65535,255,3848,-7380,0,0,0
737345,65535,255,1473,-7760,0,0,0
737346,0,0,0,0,0,0,0
737347,264,0,3882,9661,1,0,1
737348,326,0,5527,9389,1,0,1
737349,65535,255,4457,-7219,0,0,0
737350,200,0,2360,-7600,1,0,1
737351,317,0,465,10604,1,0,1
737352,156,0,3154,9871,1,0,1
737353,65535,255,5051,9515,0,0,0
737354,65535,255,4978,-7100,0,0,0
737355,282,0,3154,-7372,1,0,1
737356,65535,255,522,-7870,0,0,0
737357,65535,255,2338,9819,0,0,0
737358,124,0,4506,9573,1,0,1
737359,189,0,5432,-7001,1,0,1
737360,65535,255,3855,-7348,0,0,0
737361,160,0,1479,-7693,1,0,1
737362,65535,255,1423,9948,0,0,0
737363,380,0,3873,9733,1,0,1
737364,291,0,5521,9418,1,0,1
737365,65535,255,4464,-7242,0,0,0
737366,0,0,0,0,0,0,0
737367,65535,255,447,10552,0,0,0
737368,283,0,3145,9834,1,0,1
737369,65535,255,5045,9480,0,0,0
737370,65535,255,4987,-7130,0,0,0
737371,81,0,3172,-7408,1,0,1
737372,141,0,539,-7924,1,0,1
737373,125,0,2316,10003,1,0,1
737374,65535,255,4496,9644,0,0,0
737375,211,0,5440,-6970,1,0,1
737376,257,0,3868,-7276,1,0,1
737377,0,0,0,0,0,0,0
737378,65535,255,1406,10021,0,0,0
737379,65535,255,3857,9759,0,0,0
737380,65535,255,5513,9370,0,0,0
737381,162,0,4474,-7177,1,0,1
737382,65535,255,2389,-7503,0,0,0
737383,65535,255,429,9877,0,0,0
737384,65535,255,3132,9767,0,0,0
737385,156,0,5036,9525,1,0,1
737386,466,1,4996,-7106,1,0,1
737387,340,0,3181,-7368,1,0,1
737388,378,0,556,-7739,1,0,1
737389,65535,255,2300,9977,0,0,0
737390,65535,255,4486,9634,0,0,0
737391,65535,255,5446,-6964,0,0,0
737392,102,0,3880,-7276,1,0,0
737393,158,0,1518,-7795,1,0,1
737394,412,0,1389,10071,1,0,1
737395,65535,255,3849,9659,0,0,0
737396,65535,255,5506,9386,0,0,0
737397,65535,255,4481,-7213,0,0,0
737398,231,0,2399,-7580,1,0,0
737399,214,0,418,10429,1,0,1
737400,65535,255,3119,9838,0,0,0
737401,65535,255,5030,9489,0,0,0
737402,65535,255,5000,-7073,0,0,0
737403,321,0,3190,-7463,1,0,1
737404,65535,255,568,-7446,0,0,0
737405,189,0,2296,9908,1,0,1
737406,65535,255,4479,9616,0,0,0
737407,65535,255,5451,-7026,0,0,0
737408,65535,255,3883,-7301,0,0,0
737409,0,0,0,0,0,0,0
737410,65535,255,1383,10072,0,0,0
737411,65535,255,3846,9668,0,0,0
737412,65535,255,5501,9396,0,0,0
737413,223,0,4484,-7224,1,0,1
737414,137,0,2405,-7619,1,0,1
737415,65535,255,419,9559,0,0,0
737416,65535,255,3114,9866,0,0,0
737417,165,0,5025,9517,1,0,1
737418,65535,255,5002,-7103,0,0,0
737419,347,0,3190,-7385,1,0,1
737420,315,0,568,-7913,1,0,1
737421,65535,255,2291,9824,0,0,0
737422,0,0,0,0,0,0,0
737423,325,0,5449,-7004,1,0,1
737424,226,0,3884,-7348,1,0,1
737425,123,2,1523,-7685,1,0,0
737426,65535,255,1384,10000,0,0,0
737427,420,0,3843,9718,1,0,1
737428,65535,255,5502,9387,0,0,0
737429,65535,255,4484,-7224,0,0,0
737430,65535,255,2404,-7618,0,0,0
737431,203,0,420,9560,1,0,1
737432,158,0,3119,9740,1,0,1
737433,65535,255,5025,9528,0,0,0
737434,65535,255,5000,-7120,0,0,0
737435,203,0,3190,-7414,1,0,1
737436,309,0,570,-8086,1,0,1
737437,228,0,2295,9880,1,0,1
737438,0,0,0,0,0,0,0
737439,65535,255,5449,-7031,0,0,0
737440,255,0,3880,-7282,1,0,1
737441,182,0,1518,-7514,1,0,1
737442,216,0,1384,10169,1,0,0
737443,65535,255,3846,9715,0,0,0
737444,65535,255,5501,9429,0,0,0
737445,65535,255,4478,-7181,0,0,0
737446,65535,255,2395,-7552,0,0,0
737447,407,0,418,10590,3,0,0
737448,370,0,3119,9878,3,0,0
737449,212,0,5030,9522,1,0,0
737450,308,0,4997,-7115,1,0,1
737451,118,0,3186,-7414,1,0,1
737452,65535,255,558,-7264,0,0,0
737453,65535,255,2301,9908,0,0,0
737454,65535,255,4482,9623,0,0,0
737455,65535,255,5444,-6972,0,0,0
737456,821,0,3876,-7311,1,0,1
737457,696,0,1507,-7601,1,0,1
737458,750,0,1395,9976,1,0,1
737459,65535,255,3853,9691,0,0,0
737460,415,2,5508,9396,1,0,0
737461,65535,255,4474,-7238,0,0,0
737462,203,0,2385,-7461,1,0,1
737463,65535,255,435,9961,0,0,0
737464,65535,255,3132,9808,0,0,0
737465,468,0,5036,9489,1,0,1
737466,507,0,4990,-7084,1,0,1
737467,65535,255,3173,-7367,0,0,0
737468,161,2,551,-7920,1,0,0
737469,65535,255,2311,9851,0,0,0
737470,65535,255,4492,9602,0,0,0
737471,0,0,0,0,0,0,0
737472,65535,255,3868,-7298,0,0,0
737473,270,0,1496,-7580,1,0,1
737474,65535,255,1412,9905,0,0,0
737475,923,0,3865,9759,1,0,0
737476,699,0,5516,9390,1,0,0
737477,65535,255,4467,-7233,0,0,0
737478,558,0,2375,-7475,1,0,1
737479,65535,255,446,10035,0,0,0
737480,0,0,0,0,0,0,0
737481,130,2,5045,9498,1,0,1
737482,509,0,4984,-7101,1,0,1
737483,127,2,3163,-7398,1,0,1
737484,65535,255,529,-7237,0,0,0
737485,565,2,2327,9933,1,0,1
737486,65535,255,4502,9645,0,0,0
737487,65535,255,5433,-6994,0,0,0
737488,65535,255,3855,-7354,0,0,0
737489,442,0,1479,-7758,3,0,0
737490,65535,255,1429,10115,0,0,0
737491,609,0,3881,9711,3,0,0
737492,420,0,5526,9365,3,0,0
737493,1048,0,4453,-7210,1,0,0
737494,65535,255,2360,-7624,0,0,0
737495,65535,255,470,9830,0,0,0
737496,668,0,3163,9804,1,0,1
737497,286,0,5057,9490,1,0,1
737498,65535,255,4972,-7093,0,0,0
737499,65535,255,3145,-7400,0,0,0
737500,119,2,506,-7219,1,0,1
737501,498,0,2352,9943,1,0,1
737502,197,0,4519,9596,1,0,1
737503,312,0,5421,-7001,1,0,1
737504,207,0,3839,-7371,1,0,1
737505,65535,255,1452,-7466,0,0,0
737506,65535,255,1458,9835,0,0,0
737507,65535,255,3897,9745,0,0,0
737508,758,0,5539,9389,1,0,1
737509,65535,255,4440,-7244,0,0,0
737510,508,0,2330,-7506,1,0,1
737511,193,0,498,10305,1,0,1
737512,421,0,3185,9854,1,0,1
737513,0,0,0,0,0,0,0
737514,65535,255,4960,-7145,0,0,0
737515,65535,255,3127,-7501,0,0,0
737516,128,2,475,-7950,1,0,0
737517,399,0,2378,9887,1,0,1
737518,65535,255,4536,9633,0,0,0
737519,185,0,5408,-6990,1,0,1
737520,0,0,0,0,0,0,0
737521,65535,255,1424,-7645,0,0,0
737522,378,0,1486,9861,1,0,1
737523,0,0,0,0,0,0,0
737524,65535,255,5552,9395,0,0,0
737525,65535,255,4420,-7261,0,0,0
737526,271,2,2307,-7558,1,0,1
737527,241,0,522,10233,1,0,1
737528,65535,255,3204,9741,0,0,0
737529,65535,255,5083,9480,0,0,0
737530,65535,255,4948,-7103,0,0,0
737531,308,0,3114,-7453,1,0,1
737532,242,0,470,-7884,1,0,1
737533,488,0,2382,9913,1,0,0
737534,65535,255,4537,9564,0,0,0
737535,65535,255,5409,-7027,0,0,0
737536,65535,255,3819,-7327,0,0,0
737537,65535,255,1434,-7791,0,0,0
737538,65535,255,1475,9904,0,0,0
737539,65535,255,3909,9676,0,0,0
737540,305,0,5542,9366,1,0,1
737541,0,0,0,0,0,0,0
737542,65535,255,2325,-7547,0,0,0
737543,65535,255,505,9783,0,0,0
737544,136,0,3181,9831,1,0,1
737545,65535,255,5066,9522,0,0,0
737546,65535,255,4961,-7078,0,0,0
737547,0,0,0,0,0,0,0
737548,65535,255,487,-7675,0,0,0
737549,65535,255,2363,9890,0,0,0
737550,0,0,0,0,0,0,0
737551,65535,255,5417,-7025,0,0,0
737552,369,0,3832,-7333,1,0,1
737553,65535,255,1446,-7465,0,0,0
737554,111,0,1452,9950,1,0,1
737555,0,0,0,0,0,0,0
737556,65535,255,5532,9386,0,0,0
737557,0,0,0,0,0,0,0
737558,184,0,2346,-7625,1,0,1
737559,65535,255,481,10248,0,0,0
737560,65535,255,3168,9765,0,0,0
737561,65535,255,5058,9501,0,0,0
737562,199,0,4970,-7131,1,0,1
737563,65535,255,3141,-7370,0,0,0
737564,65535,255,505,-7411,0,0,0
737565,65535,255,2349,9837,0,0,0
737566,137,0,4513,9637,1,0,1
737567,165,0,5938,9283,1,0,1
737568,65535,255,3844,-7323,0,0,0
737569,88,2,1463,-7465,1,0,1
737570,332,0,1440,9974,1,0,1
737571,65535,255,3882,9711,0,0,0
737572,65535,255,5527,9397,0,0,0
737573,65535,255,6614,9067,0,0,0
737574,65535,255,2355,-7462,0,0,0
737575,65535,255,470,10533,0,0,0
737576,65535,255,3159,9815,0,0,0
737577,65535,255,5052,9530,0,0,0
737578,65535,255,6294,9170,0,0,0
737579,65535,255,-32768,-32768,0,65535,1
737580,317,0,516,-7932,1,0,1
737581,65535,255,2337,9947,0,0,0
737582,65535,255,4506,9601,0,0,0
737583,65535,255,5935,9278,0,0,0
737584,65535,255,6897,8972,0,0,1
737585,438,0,1473,-7735,1,0,1
737586,170,0,1430,9881,1,0,1
737587,65535,255,3877,9689,0,0,0
737588,189,0,5522,9384,1,0,1
737589,0,0,0,0,0,0,0
737590,65535,255,-32768,-32768,0,65535,0
737591,151,0,459,10542,1,0,1
737592,0,0,0,0,0,0,0
737593,65535,255,5048,9536,0,0,0
737594,65535,255,6293,9165,0,0,0
737595,65535,255,-32768,-32768,0,65535,1
737596,65535,255,529,-8115,0,0,1
737597,0,0,0,0,0,0,0
737598,380,0,4503,9633,1,0,1
737599,403,0,5933,9285,1,0,1
737600,65535,255,6895,8991,0,0,1
737601,273,0,1479,-7536,1,0,0
737602,264,0,1423,10069,1,0,1
737603,65535,255,3873,9751,0,0,0
737604,65535,255,5518,9427,0,0,0
737605,65535,255,6610,9093,0,0,0
737606,192,0,2370,-7595,1,0,1
737607,81,0,452,10186,1,0,1
737608,65535,255,3150,9778,0,0,0
737609,466,0,5048,9520,1,0,1
737610,307,0,6293,9194,1,0,1
737611,65535,255,-32768,-32768,0,65535,1
737612,65535,255,534,-8047,0,0,0
737613,65535,255,2327,10004,0,0,0
737614,65535,255,4502,9627,0,0,0
737615,148,0,5930,9286,1,0,1
737616,65535,255,6894,8995,0,0,0
737617,201,0,1484,-7578,1,0,1
737618,65535,255,1417,10117,0,0,0
737619,141,0,3873,9659,1,0,1
737620,254,0,5522,9375,1,0,0
737621,298,0,6611,9059,1,0,1
737622,65535,255,2365,-7448,0,0,0
737623,65535,255,455,10237,0,0,0
737624,65535,255,3150,9835,0,0,0
737625,365,0,5049,9476,1,0,1
737626,65535,255,6293,9184,0,0,0
737627,65535,255,3163,-7367,0,0,0
737628,65535,255,527,-7608,0,0,0
737629,65535,255,2327,9919,0,0,0
737630,65535,255,4503,9595,0,0,0
737631,65535,255,5434,-6997,0,0,0
737632,226,0,3859,-7313,1,0,1
737633,65535,255,1484,-7490,0,0,0
737634,86,0,1418,10044,1,0,1
737635,115,0,3870,9758,1,0,1
737636,394,0,5522,9366,1,0,1
737637,101,0,4463,-7258,1,0,1
737638,65535,255,2364,-7434,0,0,0
737639,150,0,454,10614,1,0,1
737640,377,0,3150,9845,1,0,1
737641,65535,255,5049,9476,0,0,0
737642,201,0,4980,-7123,1,0,1
737643,65535,255,3158,-7387,0,0,0
737644,352,0,527,-7795,1,0,1
737645,65535,255,2327,9960,0,0,0
737646,335,0,4503,9619,1,0,1
737647,65535,255,5432,-7016,0,0,0
737648,155,0,3855,-7345,1,0,1
737649,398,0,1478,-7622,1,0,1
737650,65535,255,1426,10013,0,0,0
737651,197,0,3878,9687,1,0,1
737652,65535,255,5522,9398,0,0,0
737653,65535,255,4457,-7208,0,0,0
737654,65535,255,2360,-7555,0,0,0
737655,202,0,464,10102,1,0,0
737656,175,0,3155,9776,1,0,1
737657,254,0,5049,9530,1,0,1
737658,65535,255,4978,-7097,0,0,1
737659,389,0,3154,-7504,1,0,1
737660,65535,255,521,-7541,0,0,0
737661,436,0,2338,9917,1,0,1
737662,150,0,4507,9599,1,0,1
737663,298,0,5427,-7007,1,0,1
737664,228,0,3851,-7337,1,0,1
737665,65535,255,1473,-7600,0,0,0
737666,65535,255,1432,10061,0,0,0
737667,453,0,3883,9695,1,0,1
737668,345,0,5525,9401,1,0,1
737669,435,0,4450,-7221,1,0,1
737670,0,0,0,0,0,0,0
737671,318,0,470,10315,1,0,1
737672,65535,255,3159,9814,0,0,0
737673,315,0,5055,9469,1,0,1
737674,65535,255,4972,-7124,0,0,0
737675,65535,255,3145,-7398,0,0,0
737676,372,0,510,-7927,1,0,1
737677,174,2,2344,10000,1,0,0
737678,65535,255,4514,9649,0,0,0
737679,65535,255,5421,-6971,0,0,0
737680,263,0,3839,-7284,1,0,1
737681,238,0,1460,-7691,1,0,1
737682,433,0,1447,10063,1,0,1
737683,149,0,3891,9655,1,0,1
737684,65535,255,5533,9382,0,0,0
737685,122,0,4443,-7197,1,0,1
737686,65535,255,2340,-7544,0,0,0
737687,134,0,487,10169,1,0,1
737688,147,0,3173,9803,1,0,1
737689,205,0,5065,9468,1,0,1
737690,351,0,4963,-7131,1,0,1
737691,221,0,3131,-7419,1,0,1
737692,65535,255,493,-8136,0,0,0
737693,295,0,2364,9848,1,0,1
737694,362,0,4524,9585,1,0,1
737695,208,0,5424,-7003,1,0,1
737696,92,0,3847,-7342,1,0,1
737697,354,0,1467,-7672,1,0,1
737698,213,0,1436,9944,1,0,1
737699,65535,255,3883,9744,0,0,0
737700,65535,255,5525,9370,0,0,0
737701,65535,255,4453,-7194,0,0,0
737702,65535,255,2359,-7560,0,0,0
737703,416,0,465,10384,1,0,1
737704,302,0,3155,9839,1,0,1
737705,65535,255,5053,9498,0,0,0
737706,65535,255,4978,-7084,0,0,0
737707,113,2,3158,-7498,1,0,1
737708,65535,255,521,-7737,0,0,0
737709,65535,255,2333,9998,0,0,0
737710,65535,255,4508,9559,0,0,0
737711,65535,255,5429,-6992,0,0,0
737712,65535,255,3855,-7333,0,0,0
737713,294,0,1478,-7649,1,0,1
737714,227,0,1424,9946,1,0,1
737715,65535,255,3875,9754,0,0,0
737716,311,0,5523,9380,1,0,1
737717,89,0,4461,-7211,1,0,1
737718,143,0,2370,-7612,1,0,1
737719,65535,255,460,9602,0,0,0
737720,65535,255,3150,9745,0,0,0
737721,65535,255,5048,9532,0,0,0
737722,445,0,4981,-7126,1,0,1
737723,65535,255,3159,-7429,0,0,0
737724,65535,255,528,-7367,0,0,0
737725,65535,255,2327,9931,0,0,0
737726,65535,255,4502,9636,0,0,0
737727,65535,255,5433,-6981,0,0,0
737728,65535,255,3859,-7317,0,0,0
737729,0,0,0,0,0,0,0
737730,65535,255,1423,10019,0,0,0
737731,145,0,3874,9663,1,0,1
737732,462,0,5521,9405,1,0,1
737733,117,0,4464,-7248,1,0,1
737734,121,2,2370,-7491,1,0,1
737735,65535,255,452,10180,0,0,0
737736,252,0,3150,9832,1,0,1
737737,65535,255,5048,9500,0,0,0
737738,138,0,4984,-7099,1,0,1
737739,268,0,3163,-7400,1,0,1
737740,65535,255,535,-8174,0,0,0
737741,0,0,0,0,0,0,0
737742,389,0,4502,9630,1,0,1
737743,65535,255,5433,-6981,0,0,0
737744,393,0,3855,-7332,1,0,1
737745,65535,255,1484,-7691,0,0,0
737746,156,0,1423,10019,1,0,1
737747,65535,255,3878,9678,0,0,0
737748,56,2,5520,9415,1,0,0
737749,65535,255,4460,-7174,0,0,0
737750,237,0,2365,-7559,1,0,1
737751,65535,255,459,10613,0,0,0
737752,224,2,3155,9745,1,0,1
737753,65535,255,5051,9469,0,0,0
737754,394,0,4981,-7147,1,0,1
737755,235,0,3159,-7488,1,0,1
737756,155,0,521,-7804,1,0,1
737757,65535,255,2338,9848,0,0,0
737758,244,0,4509,9605,1,0,1
737759,239,0,5430,-6999,1,0,1
737760,296,0,3851,-7317,1,0,1
737761,65535,255,1473,-7671,0,0,0
737762,65535,255,1434,10042,0,0,0
737763,938,0,3882,9693,1,0,0
737764,65535,255,5526,9408,0,0,0
737765,578,0,4453,-7200,1,0,1
737766,294,0,2355,-7613,1,0,1
737767,245,0,470,9825,1,0,1
737768,0,0,0,0,0,0,0
737769,65535,255,5058,9499,0,0,0
737770,65535,255,4972,-7105,0,0,0
737771,461,0,3145,-7421,1,0,0
737772,305,0,505,-7413,1,0,0
737773,0,0,0,0,0,0,0
737774,65535,255,4519,9578,0,0,0
737775,65535,255,5424,-7026,0,0,0
737776,0,0,0,0,0,0,0
737777,65535,255,1456,-7628,0,0,0
737778,539,0,1446,10017,1,0,1
737779,436,0,3894,9684,1,0,1
737780,473,0,5534,9381,1,0,1
737781,174,2,4444,-7201,1,0,1
737782,429,0,2341,-7641,1,0,1
737783,158,0,493,9971,1,0,1
737784,168,0,3176,9831,1,0,1
737785,65535,255,5066,9518,0,0,0
737786,65535,255,4963,-7128,0,0,0
737787,163,0,3132,-7471,1,0,1
737788,243,2,487,-7809,1,0,1
737789,0,0,0,0,0,0,0
737790,65535,255,4526,9621,0,0,1
737791,65535,255,5414,-6985,0,0,0
737792,247,2,3827,-7358,1,0,0
737793,0,0,0,0,0,0,0
737794,0,0,0,0,0,0,0
737795,65535,255,3907,9692,0,0,0
737796,453,0,5542,9405,1,0,1
737797,341,0,4428,-7218,1,0,1
737798,65535,255,2320,-7592,0,0,0
737799,465,0,511,10560,1,0,1
737800,65535,255,3195,9770,0,0,0
737801,65535,255,5078,9481,0,0,0
737802,65535,255,4948,-7099,0,0,0
737803,65535,255,3110,-7416,0,0,0
737804,65535,255,464,-7469,0,0,0
737805,65535,255,2392,9805,0,0,0
737806,65535,255,4544,9599,0,0,0
737807,157,0,5400,-6974,1,0,1
737808,0,0,0,0,0,0,0
737809,65535,255,1412,-7799,0,0,0
737810,65535,255,1497,9862,0,0,0
737811,207,0,3928,9644,3,0,0
737812,524,2,5555,9408,1,0,0
737813,447,0,4413,-7238,1,0,1
737814,65535,255,2299,-7567,0,0,0
737815,65535,255,534,9988,0,0,0
737816,65535,255,3209,9731,0,0,0
737817,65535,255,5087,9489,0,0,0
737818,65535,255,4945,-7122,0,0,0
737819,65535,255,3105,-7515,0,0,0
737820,384,0,459,-7394,1,0,1
737821,143,2,2388,9847,1,0,1
737822,65535,255,4544,9551,0,0,0
737823,65535,255,5403,-7031,0,0,0
737824,127,0,3816,-7346,1,0,1
737825,65535,255,1423,-7561,0,0,0
737826,65535,255,1480,10085,0,0,0
737827,0,0,0,0,0,0,0
737828,65535,255,5544,9407,0,0,0
737829,160,0,4427,-7229,1,0,1
737830,171,0,2320,-7565,1,0,1
737831,0,0,0,0,0,0,0
737832,65535,255,3195,9743,0,0,0
737833,65535,255,5075,9498,0,0,0
737834,0,0,0,0,0,0,0
737835,325,0,3119,-7395,1,0,1
737836,245,0,481,-7683,1,0,1
737837,65535,255,2372,9916,0,0,0
737838,112,0,4530,9584,1,0,1
737839,65535,255,5411,-6985,0,0,0
737840,65535,255,3827,-7281,0,0,0
737841,230,0,1439,-7723,1,0,1
737842,207,0,1463,9905,1,0,1
737843,222,0,3901,9701,1,0,1
737844,398,0,5539,9394,1,0,1
737845,208,0,4437,-7195,1,0,1
737846,0,0,0,0,0,0,0
737847,120,2,500,9719,1,0,1
737848,0,0,0,0,0,0,0
737849,65535,255,5066,9478,0,0,0
737850,435,0,4963,-7123,1,0,1
737851,427,0,3131,-7374,1,0,1
737852,65535,255,493,-7548,0,0,0
737853,65535,255,2358,9904,0,0,0
737854,65535,255,4523,9586,0,0,0
737855,472,0,5418,-6988,1,0,1
737856,203,0,3835,-7288,1,0,1
737857,65535,255,1457,-7767,0,0,0
737858,197,0,1452,9952,1,0,1
737859,65535,255,3894,9725,0,0,0
737860,65535,255,5534,9409,0,0,0
737861,184,0,4443,-7219,1,0,1
737862,65535,255,2345,-7559,0,0,0
737863,65535,255,481,10048,0,0,0
737864,107,0,3172,9756,1,0,1
737865,65535,255,5061,9512,0,0,0
737866,442,0,4969,-7078,1,0,1
737867,65535,255,3141,-7451,0,0,0
737868,321,0,505,-8143,1,0,1
737869,65535,255,2353,9810,0,0,0
737870,0,0,0,0,0,0,0
737871,65535,255,5424,-7034,0,0,0
737872,174,0,3843,-7372,1,0,1
737873,65535,255,1462,-7675,0,0,0
737874,68,2,1446,9882,1,0,1
737875,65535,255,3890,9702,0,0,0
737876,243,0,5531,9401,1,0,0
737877,65535,255,4446,-7218,0,0,0
737878,231,0,2350,-7559,1,0,1
737879,0,0,0,0,0,0,0
737880,65535,255,3168,9775,0,0,0
737881,65535,255,5057,9529,0,0,0
737882,65535,255,4972,-7094,0,0,0
737883,65535,255,3145,-7488,0,0,0
737884,65535,255,505,-7417,0,0,1
737885,65535,255,2348,9891,0,0,0
737886,65535,255,4516,9593,0,0,0
737887,209,0,5424,-7000,1,0,1
737888,65535,255,3843,-7325,0,0,0
737889,0,0,0,0,0,0,0
737890,412,0,1441,10138,1,0,1
737891,247,0,3890,9672,1,0,1
737892,382,0,5531,9387,1,0,1
737893,285,0,4446,-7199,1,0,1
737894,0,0,0,0,0,0,0
737895,273,0,475,10116,1,0,1
737896,65535,255,3168,9785,0,0,0
737897,275,2,5058,9533,1,0,1
737898,104,0,4972,-7104,1,0,1
737899,65535,255,3141,-7371,0,0,0
737900,171,0,504,-7681,1,0,1
737901,65535,255,2348,9958,0,0,0
737902,177,0,4516,9624,1,0,1
737903,333,0,5422,-7030,1,0,1
737904,131,0,3843,-7379,1,0,1
737905,0,0,0,0,0,0,0
737906,139,0,1446,9975,1,0,1
737907,266,0,3890,9749,1,0,1
737908,65535,255,5532,9364,0,0,0
737909,65535,255,4444,-7174,0,0,0
737910,461,0,2340,-7505,1,0,1
737911,0,0,0,0,0,0,0
737912,65535,255,3172,9775,0,0,0
737913,65535,255,5061,9533,0,0,0
737914,65535,255,4966,-7115,0,0,0
737915,65535,255,3136,-7392,0,0,0
737916,125,0,499,-7878,1,0,1
737917,158,0,2353,10013,1,0,1
737918,65535,255,4524,9561,0,0,0
737919,197,0,5416,-6982,1,0,1
737920,65535,255,3831,-7310,0,0,0
737921,217,0,1445,-7535,1,0,1
737922,133,0,1452,10159,1,0,1
737923,412,0,3898,9701,1,0,1
737924,142,0,5534,9409,1,0,1
737925,253,0,4437,-7244,1,0,1
737926,65535,255,2330,-7453,0,0,0
737927,65535,255,499,9781,0,0,0
737928,65535,255,3182,9754,0,0,0
737929,0,0,0,0,0,0,0
737930,65535,255,6305,9177,0,0,0
737931,65535,255,3128,-7392,0,0,0
737932,296,0,487,-8016,1,0,1
737933,122,0,2369,9822,1,0,1
737934,65535,255,4530,9578,0,0,0
737935,288,0,5949,9269,1,0,1
737936,80,0,3823,-7342,1,0,1
737937,126,0,1434,-7653,1,0,0
737938,65535,255,1469,9950,0,0,0
737939,276,0,3905,9753,1,0,1
737940,93,0,5544,9375,1,0,0
737941,65535,255,6627,9073,0,0,0
737942,245,0,2320,-7577,1,0,1
737943,65535,255,511,10435,0,0,1
737944,158,0,3190,9860,1,0,1
737945,65535,255,5078,9508,0,0,0
737946,129,0,6311,9167,1,0,1
737947,0,0,0,0,0,0,0
737948,65535,255,464,-7889,0,0,0
737949,170,0,2388,9807,1,0,1
737950,315,0,4541,9577,1,0,1
737951,65535,255,5956,9271,0,0,0
737952,65535,255,6913,8948,0,0,0
737953,65535,255,1417,-7700,0,0,0
737954,65535,255,1491,9994,0,0,0
737955,65535,255,3921,9653,0,0,0
737956,254,0,5552,9391,1,0,1
737957,65535,255,6632,9089,0,0,0
737958,65535,255,-32768,-32768,0,65535,1
737959,224,0,534,9800,1,0,1
737960,400,0,3213,9770,1,0,1
737961,135,0,5089,9459,1,0,1
737962,237,0,6320,9191,1,0,1
737963,65535,255,-32768,-32768,0,65535,1
737964,65535,255,441,-7373,0,0,0
737965,65535,255,2407,9938,0,0,0
737966,65535,255,4554,9637,0,0,0
737967,237,0,5965,9293,1,0,1
737968,65535,255,6918,8959,0,0,0
737969,394,0,1400,-7822,1,0,1
737970,159,0,1502,9928,1,0,1
737971,65535,255,3932,9689,0,0,0
737972,65535,255,5557,9372,0,0,0
737973,65535,255,6636,9074,0,0,0
737974,65535,255,2299,-7565,0,0,1
737975,65535,255,540,9924,0,0,0
737976,65535,255,3208,9857,0,0,0
737977,169,0,5089,9465,1,0,1
737978,65535,255,6320,9166,0,0,0
737979,65535,255,3100,-7444,0,0,0
737980,65535,255,452,-7819,0,0,0
737981,118,0,2392,9913,1,0,1
737982,292,0,4547,9576,1,0,1
737983,65535,255,5960,9303,0,0,0
737984,272,0,3811,-7352,1,0,1
737985,65535,255,1417,-7513,0,0,0
737986,233,0,1486,10017,1,0,1
737987,306,0,3920,9720,1,0,1
737988,356,0,5552,9396,1,0,1
737989,65535,255,4422,-7185,0,0,0
737990,139,0,2310,-7497,1,0,1
737991,65535,255,522,10359,0,0,0
737992,65535,255,3200,9780,0,0,0
737993,348,0,5081,9507,1,0,1
737994,65535,255,4950,-7136,0,0,0
737995,65535,255,3113,-7374,0,0,0
737996,65535,255,464,-7381,0,0,0
737997,69,0,2383,9833,1,0,1
737998,132,2,4537,9639,1,0,1
737999,376,2,5407,-7018,1,0,0
738000,151,0,3818,-7320,1,0,1
738001,235,2,1428,-7646,1,0,1
738002,65535,255,1475,9947,0,0,0
738003,65535,255,3913,9706,0,0,0
738004,85,0,5545,9388,1,0,1
738005,65535,255,4429,-7176,0,0,0
738006,150,0,2320,-7483,1,0,1
738007,0,0,0,0,0,0,0
738008,68,0,3191,9781,1,0,1
738009,65535,255,5075,9513,0,0,0
738010,65535,255,4956,-7150,0,0,0
738011,65535,255,3122,-7402,0,0,0
738012,225,0,475,-7671,1,0,1
738013,245,0,2373,9900,1,0,0
738014,413,0,4534,9577,1,0,1
738015,159,0,5410,-6990,1,0,0
738016,83,0,3827,-7365,1,0,1
738017,159,0,1433,-7604,1,0,1
738018,359,0,1470,10130,1,0,0
738019,65535,255,3906,9669,0,0,0
738020,65535,255,5541,9382,0,0,0
738021,65535,255,4432,-7232,0,0,0
738022,413,0,2324,-7574,1,0,1
738023,81,0,505,9973,1,0,1
738024,100,0,3187,9734,1,0,1
738025,65535,255,5073,9493,0,0,0
738026,217,0,4959,-7127,1,0,1
738027,65535,255,3127,-7372,0,0,0
738028,140,0,481,-7463,1,0,1
738029,344,0,2369,9874,1,0,1
738030,65535,255,4531,9565,0,0,0
738031,65535,255,5413,-7007,0,0,0
738032,65535,255,3826,-7365,0,0,0
738033,386,0,1439,-7626,1,0,1
738034,82,0,1464,10131,1,0,1
738035,87,0,3903,9655,1,0,1
738036,65535,255,5540,9366,0,0,0
738037,65535,255,4436,-7250,0,0,0
738038,65535,255,2330,-7613,0,0,0
738039,297,0,499,10305,1,0,1
738040,85,0,3182,9782,1,0,1
738041,98,0,5068,9520,1,0,1
738042,65535,255,4960,-7077,0,0,0
738043,326,0,3127,-7450,1,0,1
738044,65535,255,486,-8078,0,0,0
738045,213,0,2364,9995,1,0,1
738046,432,0,4528,9628,1,0,1
738047,183,0,5413,-7016,1,0,1
738048,65535,255,3827,-7333,0,0,0
738049,146,0,1439,-7533,1,0,1
738050,315,0,1464,10086,1,0,1
738051,183,0,3900,9715,1,0,1
738052,65535,255,5541,9362,0,0,0
738053,274,0,4433,-7251,1,0,1
738054,65535,255,2330,-7626,0,0,0
738055,165,0,500,10371,1,0,1
738056,76,0,3182,9802,1,0,1
738057,252,0,5069,9484,1,0,1
738058,305,0,4956,-7100,1,0,1
738059,174,0,3141,-7403,1,0,1
738060,65535,255,503,-7873,0,0,0
738061,65535,255,2350,9819,0,0,0
738062,73,0,4517,9582,1,0,1
738063,369,0,5421,-7014,1,0,1
738064,0,0,0,0,0,0,0
738065,372,0,1462,-7789,1,0,1
738066,65535,255,1441,10109,0,0,0
738067,352,0,3887,9698,1,0,1
738068,403,0,5528,9420,1,0,1
738069,65535,255,4449,-7271,0,0,0
738070,333,0,2349,-7534,1,0,1
738071,65535,255,476,10311,0,0,0
738072,129,0,3164,9849,1,0,1
738073,110,0,5056,9508,1,0,1
738074,65535,255,4971,-7107,0,0,0
738075,189,0,3144,-7403,1,0,1
738076,65535,255,511,-7495,0,0,0
738077,75,0,2344,9914,1,0,0
738078,88,0,4514,9627,1,0,1
738079,192,0,5424,-6980,1,0,1
738080,237,0,3842,-7327,1,0,1
738081,65535,255,1467,-7673,0,0,0
738082,454,0,1441,10016,1,0,1
738083,127,0,3887,9667,1,0,1
738084,65535,255,5528,9407,0,0,0
738085,65535,255,4449,-7264,0,0,0
738086,260,0,2349,-7533,1,0,1
738087,65535,255,476,10389,0,0,0
738088,65535,255,3163,9870,0,0,0
738089,65535,255,5057,9526,0,0,0
738090,65535,255,4972,-7128,0,0,1
738091,65535,255,3145,-7452,0,0,0
738092,65535,255,510,-7616,0,0,0
738093,0,0,0,0,0,0,0
738094,186,0,4516,9584,1,0,0
738095,363,0,5424,-7022,1,0,1
738096,163,0,3839,-7281,1,0,1
738097,69,2,1462,-7562,1,0,1
738098,65535,255,1446,9926,0,0,0
738099,65535,255,3890,9653,0,0,0
738100,281,0,5532,9402,1,0,1
738101,65535,255,4447,-7265,0,0,0
738102,396,0,2345,-7549,1,0,1
738103,189,0,482,10521,1,0,1
738104,202,0,3172,9753,1,0,1
738105,155,0,5064,9467,1,0,1
738106,143,0,4966,-7075,1,0,1
738107,65535,255,3136,-7374,0,0,0
738108,65535,255,500,-8142,0,0,0
738109,402,0,2358,9928,1,0,1
738110,199,0,4523,9578,1,0,1
738111,65535,255,5418,-7004,0,0,0
738112,65535,255,3835,-7383,0,0,0
738113,65535,255,1451,-7539,0,0,0
738114,369,0,1458,9926,1,0,1
738115,0,0,0,0,0,0,0
738116,438,0,5538,9411,1,0,1
738117,369,0,4437,-7183,1,0,1
738118,65535,255,2335,-7604,0,0,0
738119,388,0,499,9846,1,0,1
738120,65535,255,3181,9820,0,0,0
738121,65535,255,5071,9507,0,0,0
738122,65535,255,4960,-7120,0,0,0
738123,65535,255,3127,-7463,0,0,0
738124,292,0,481,-7818,1,0,1
738125,365,0,2372,9873,1,0,0
738126,65535,255,4533,9632,0,0,0
738127,470,0,5410,-6997,1,0,1
738128,308,0,3823,-7377,1,0,1
738129,65535,255,1428,-7538,0,0,0
738130,65535,255,1474,9947,0,0,0
738131,65535,255,3913,9682,0,0,0
738132,488,0,5549,9358,1,0,1
738133,65535,255,4426,-7217,0,0,0
738134,158,0,2315,-7468,1,0,0
738135,65535,255,516,10300,0,0,0
738136,128,0,3199,9837,1,0,1
738137,157,0,5080,9475,1,0,1
738138,65535,255,4954,-7121,0,0,0
738139,412,0,3114,-7377,1,0,1
738140,131,0,469,-7608,1,0,1
738141,65535,255,2377,9913,0,0,0
738142,0,0,0,0,0,0,0
738143,556,0,5411,-7000,1,0,0
738144,523,0,3823,-7314,1,0,0
738145,0,0,0,0,0,0,0
738146,552,0,1468,10063,1,0,0
738147,65535,255,3908,9667,0,0,0
738148,930,0,5544,9368,1,0,0
738149,65535,255,4433,-7266,0,0,0
738150,0,0,0,0,0,0,0
738151,65535,255,506,9588,0,0,0
738152,265,0,3185,9849,1,0,1
738153,460,0,5072,9486,1,0,1
738154,406,0,4960,-7135,1,0,0
738155,65535,255,3127,-7413,0,0,0
738156,65535,255,487,-7949,0,0,0
738157,495,0,2363,9995,1,0,1
738158,65535,255,4526,9634,0,0,0
738159,65535,255,5416,-7032,0,0,0
738160,65535,255,3831,-7374,0,0,0
738161,65535,255,1445,-7699,0,0,0
738162,65535,255,1457,9903,0,0,0
738163,256,0,3898,9723,1,0,1
738164,138,0,5534,9412,1,0,1
738165,523,0,4440,-7240,1,0,1
738166,200,0,2341,-7615,1,0,1
738167,124,0,488,10453,1,0,1
738168,120,0,3172,9832,1,0,1
738169,65535,255,5064,9478,0,0,0
738170,65535,255,4967,-7132,0,0,0
738171,65535,255,3136,-7412,0,0,0
738172,65535,255,500,-8009,0,0,0
738173,301,0,2352,10011,1,0,1
738174,65535,255,4520,9616,0,0,0
738175,529,0,5418,-6973,1,0,1
738176,65535,255,3837,-7279,0,0,0
738177,65535,255,1458,-7788,0,0,0
738178,65535,255,1445,10020,0,0,0
738179,358,0,3890,9709,1,0,1
738180,268,0,5533,9372,1,0,1
738181,197,0,4445,-7186,1,0,1
738182,542,0,2342,-7519,1,0,1
738183,65535,255,480,9973,0,0,0
738184,464,0,3171,9774,1,0,1
738185,1411,1,5060,9532,1,0,1
738186,448,0,4968,-7105,1,0,1
738187,1131,1,3138,-7371,1,0,1
738188,337,0,505,-7743,1,0,1
738189,65535,255,2347,9972,0,0,0
738190,195,0,4515,9636,1,0,0
738191,65535,255,5421,-7028,0,0,0
738192,336,0,3837,-7289,1,0,0
738193,503,0,1458,-7788,1,0,0
738194,65535,255,1444,10043,0,0,0
738195,1134,2,3889,9655,3,0,0
738196,350,2,5530,9377,3,0,0
738197,590,0,4445,-7199,3,0,0
738198,65535,255,2346,-7544,0,0,0
738199,1192,0,480,10246,3,0,0
738200,65535,255,3167,9814,0,0,0
738201,65535,255,5060,9473,0,0,0
738202,65535,255,4968,-7137,0,0,0
738203,65535,255,3142,-7429,0,0,0
738204,647,0,507,-8198,1,0,1
738205,65535,255,2352,9850,0,0,0
738206,277,2,4516,9587,1,0,0
738207,65535,255,5420,-7005,0,0,0
738208,772,0,3841,-7347,1,0,0
738209,506,0,1458,-7649,1,0,0
738210,460,0,1445,9928,1,0,1
738211,562,0,3889,9740,1,0,1
738212,65535,255,5531,9364,0,0,0
738213,142,0,4445,-7180,1,0,1
738214,281,0,2341,-7517,1,0,1
738215,108,2,480,10111,1,0,1
738216,0,0,0,0,0,0,0
738217,429,0,5063,9474,1,0,1
738218,65535,255,4967,-7138,0,0,0
738219,186,0,3137,-7439,1,0,0
738220,65535,255,501,-7278,0,0,0
738221,403,0,2357,9903,1,0,1
738222,65535,255,4522,9611,0,0,0
738223,412,0,5420,-7029,1,0,1
738224,65535,255,3836,-7336,0,0,0
738225,479,0,1453,-7774,1,0,1
738226,65535,255,1450,10089,0,0,0
738227,178,2,3897,9679,1,0,1
738228,506,0,5535,9405,1,0,1
738229,65535,255,4441,-7243,0,0,0
738230,273,2,2336,-7450,1,0,1
738231,251,0,492,9840,1,0,1
738232,177,0,3180,9764,1,0,1
738233,223,0,5068,9492,1,0,1
738234,65535,255,4964,-7127,0,0,0
738235,379,0,3128,-7430,1,0,1
738236,103,0,490,-7199,1,0,1
738237,341,0,2367,9902,1,0,1
738238,65535,255,4528,9617,0,0,0
738239,337,0,5414,-7036,1,0,1
738240,65535,255,3828,-7286,0,0,0
738241,65535,255,1440,-7533,0,0,0
738242,133,0,1468,9897,1,0,1
738243,65535,255,3908,9722,0,0,0
738244,65535,255,5545,9362,0,0,0
738245,248,0,4430,-7188,1,0,1
738246,65535,255,2321,-7561,0,0,0
738247,0,0,0,0,0,0,0
738248,395,0,3193,9869,1,0,1
738249,497,0,5076,9519,1,0,1
738250,388,0,4955,-7112,1,0,1
738251,252,2,3119,-7412,1,0,1
738252,65535,255,472,-7769,0,0,0
738253,147,0,2382,9901,1,0,1
738254,283,0,4539,9627,1,0,1
738255,104,0,5406,-6970,1,0,1
738256,65535,255,3816,-7311,0,0,0
738257,192,0,1417,-7606,1,0,1
738258,65535,255,1490,9950,0,0,0
738259,65535,255,3922,9664,0,0,0
738260,247,2,5553,9392,1,0,1
738261,65535,255,4420,-7234,0,0,0
738262,65535,255,2300,-7465,0,0,0
738263,65535,255,533,9983,0,0,0
738264,65535,255,3211,9809,0,0,0
738265,132,0,5088,9491,1,0,1
738266,106,0,4942,-7087,1,0,1
738267,65535,255,3097,-7385,0,0,0
738268,102,0,448,-8114,1,0,0
738269,94,0,2402,9885,1,0,1
738270,189,0,4553,9624,1,0,1
738271,0,0,0,0,0,0,0
738272,539,2,3795,-7332,1,0,1
738273,105,0,1394,-7681,1,0,1
738274,65535,255,1513,10036,0,0,0
738275,65535,255,3939,9688,0,0,0
738276,65535,255,5565,9389,0,0,0
738277,65535,255,4406,-7250,0,0,0
738278,65535,255,2288,-7553,0,0,0
738279,65535,255,552,9689,0,0,0
738280,65535,255,3217,9798,0,0,0
738281,65535,255,5092,9505,0,0,0
738282,65535,255,4939,-7121,0,0,0
738283,118,2,3096,-7476,1,0,1
738284,65535,255,447,-8045,0,0,0
738285,93,0,2397,9913,1,0,0
738286,65535,255,4550,9563,0,0,0
738287,65535,255,5398,-7020,0,0,0
738288,371,0,3803,-7306,1,0,1
738289,110,0,1411,-7702,1,0,1
738290,302,0,1491,10147,1,0,1
738291,65535,255,3920,9750,0,0,0
738292,144,0,5549,9406,1,0,1
738293,154,0,4420,-7184,1,0,1
738294,220,0,2310,-7634,1,0,1
738295,65535,255,521,10175,0,0,0
738296,169,0,3198,9776,1,0,1
738297,291,0,5078,9477,1,0,1
738298,65535,255,6313,9168,0,0,0
738299,65535,255,3114,-7433,0,0,1
738300,65535,255,469,-7747,0,0,0
738301,65535,255,2378,9889,0,0,0
738302,65535,255,4537,9553,0,0,0
738303,65535,255,5952,9284,0,0,0
738304,0,0,0,0,0,0,0
738305,0,0,0,0,0,0,0
738306,65535,255,1475,9860,0,0,0
738307,65535,255,3906,9663,0,0,0
738308,65535,255,5540,9399,0,0,0
738309,65535,255,6623,9085,0,0,0
738310,0,0,0,0,0,0,0
738311,65535,255,507,9590,0,0,0
738312,352,0,3182,9813,1,0,1
738313,283,0,5066,9521,1,0,0
738314,458,0,6305,9203,1,0,1
738315,65535,255,-32768,-32768,0,65535,1
738316,65535,255,488,-7406,0,0,0
738317,370,0,2363,9837,1,0,1
738318,225,0,4524,9629,1,0,1
738319,65535,255,5945,9274,0,0,0
738320,65535,255,6903,8966,0,0,1
738321,107,0,1451,-7581,1,0,1
738322,65535,255,1452,9998,0,0,0
738323,91,0,3894,9694,1,0,1
738324,65535,255,5532,9369,0,0,0
738325,218,0,6617,9090,1,0,1
738326,65535,255,-32768,-32768,0,65535,0
738327,65535,255,476,10531,0,0,0
738328,65535,255,3168,9776,0,0,1
738329,354,0,5058,9492,1,0,1
738330,65535,255,6298,9174,0,0,0
738331,65535,255,-32768,-32768,0,65535,1
738332,144,0,510,-7742,1,0,1
738333,65535,255,2343,9878,0,0,0
738334,204,0,4510,9639,1,0,1
738335,65535,255,5936,9273,0,0,0
738336,65535,255,6897,8972,0,0,1
738337,349,0,1473,-7647,1,0,1
738338,65535,255,1429,10070,0,0,1
738339,65535,255,3874,9728,0,0,0
738340,65535,255,5521,9394,0,0,0
738341,65535,255,6611,9070,0,0,0
738342,166,0,2365,-7595,1,0,1
738343,122,0,458,9901,1,0,1
738344,65535,255,3146,9857,0,0,0
738345,189,0,5045,9537,1,0,1
738346,65535,255,6291,9212,0,0,0
738347,65535,255,3163,-7397,0,0,0
738348,101,0,534,-7494,1,0,1
738349,65535,255,2322,9825,0,0,0
738350,65535,255,4496,9628,0,0,0
738351,65535,255,5927,9267,0,0,0
738352,115,2,3863,-7273,1,0,1
738353,65535,255,1495,-7624,0,0,0
738354,65535,255,1407,10094,0,0,0
738355,65535,255,3862,9737,0,0,0
738356,65535,255,5512,9400,0,0,0
738357,126,0,4470,-7182,1,0,1
738358,65535,255,2382,-7574,0,0,0
738359,354,0,436,10246,1,0,1
738360,65535,255,3137,9739,0,0,0
738361,192,0,5037,9484,1,0,1
738362,65535,255,4992,-7109,0,0,0
738363,82,0,3180,-7461,1,0,1
738364,0,0,0,0,0,0,0
738365,0,0,0,0,0,0,0
738366,0,0,0,0,0,0,0
738367,0,0,0,0,0,0,0
738368,0,0,0,0,0,0,0
738369,0,0,0,0,0,0,0
738370,0,0,0,0,0,0,0
738371,0,0,0,0,0,0,0
738372,0,0,0,0,0,0,0
738373,0,0,0,0,0,0,0
738374,0,0,0,0,0,0,0
738375,0,0,0,0,0,0,0
738376,0,0,0,0,0,0,0
738377,0,0,0,0,0,0,0
738378,0,0,0,0,0,0,0
738379,0,0,0,0,0,0,0
738380,0,0,0,0,0,0,0
738381,0,0,0,0,0,0,0
738382,0,0,0,0,0,0,0
738383,0,0,0,0,0,0,0
738384,0,0,0,0,0,0,0
738385,0,0,0,0,0,0,0
738386,0,0,0,0,0,0,0
738387,0,0,0,0,0,0,0
738388,0,0,0,0,0,0,0
738389,0,0,0,0,0,0,0
738390,0,0,0,0,0,0,0
738391,0,0,0,0,0,0,0
738392,0,0,0,0,0,0,0
738393,0,0,0,0,0,0,0
738394,0,0,0,0,0,0,0
738395,0,0,0,0,0,0,0
738396,0,0,0,0,0,0,0
738397,65535,255,2291,9825,0,0,0
738398,65535,255,4473,9638,0,0,0
738399,65535,255,5455,-7019,0,0,0
738400,0,0,0,0,0,0,0
738401,65535,255,1528,-7511,0,0,0
738402,130,0,1373,10003,1,0,1
738403,117,0,3838,9725,1,0,1
738404,65535,255,5497,9404,0,0,0
738405,105,0,4490,-7202,1,0,0
738406,80,0,2409,-7496,1,0,1
738407,89,0,409,9542,1,0,1
738408,65535,255,3111,9841,0,0,0
738409,65535,255,5020,9493,0,0,0
738410,169,0,5007,-7105,1,0,1
738411,190,0,3203,-7487,1,0,1
738412,65535,255,580,-7276,0,0,0
738413,65535,255,2286,9812,0,0,0
738414,65535,255,4470,9639,0,0,0
738415,65535,255,5455,-7023,0,0,0
738416,65535,255,3890,-7345,0,0,0
738417,65535,255,1527,-7574,0,0,0
738418,65535,255,1373,10100,0,0,0
738419,83,0,3835,9765,1,0,1
738420,273,0,5497,9432,1,0,1
738421,107,0,4490,-7245,1,0,1
738422,517,2,2409,-7614,1,0,1
738423,241,0,407,10355,1,0,1
738424,343,0,3111,9792,1,0,1
738425,65535,255,5020,9526,0,0,0
738426,86,0,5004,-7084,1,0,1
738427,65535,255,3198,-7459,0,0,0
738428,223,0,579,-8103,1,0,1
738429,65535,255,2285,9845,0,0,0
738430,243,0,4473,9645,1,0,1
738431,105,0,5450,-6960,1,0,1
738432,215,0,3886,-7367,1,0,1
738433,65535,255,1522,-7662,0,0,0
738434,65535,255,1379,9858,0,0,0
738435,286,0,3843,9694,1,0,1
738436,319,0,5500,9395,1,0,1
738437,95,0,4483,-7202,1,0,1
738438,65535,255,2404,-7536,0,0,0
738439,65535,255,413,9949,0,0,0
738440,65535,255,3115,9753,0,0,0
738441,171,0,5026,9514,1,0,1
738442,65535,255,4999,-7085,0,0,0
738443,68,0,3189,-7440,1,0,1
738444,65535,255,568,-7385,0,0,0
738445,65535,255,2286,9926,0,0,0
738446,65535,255,4474,9626,0,0,0
738447,65535,255,5450,-6967,0,0,0
738448,147,0,3890,-7292,1,0,1
738449,102,0,1533,-7532,1,0,0
738450,65535,255,1365,10005,0,0,0
738451,104,0,3831,9720,1,0,1
738452,65535,255,5489,9435,0,0,0
738453,392,0,4494,-7187,1,0,1
738454,65535,255,2424,-7560,0,0,0
738455,65535,255,383,10469,0,0,0
738456,65535,255,3088,9867,0,0,0
738457,102,0,5006,9519,1,0,1
738458,320,0,5018,-7107,1,0,1
738459,65535,255,3217,-7407,0,0,0
738460,65535,255,612,-7670,0,0,0
738461,178,0,2253,9903,1,0,1
738462,180,2,4449,9625,1,0,1
738463,151,0,5469,-6972,1,0,1
738464,107,0,3913,-7311,1,0,1
738465,221,0,1567,-7634,1,0,1
738466,214,0,1333,9961,1,0,1
738467,399,0,3806,9759,1,0,1
738468,65535,255,5476,9402,0,0,0
738469,71,0,4518,-7245,1,0,1
738470,65535,255,2454,-7504,0,0,0
738471,0,0,0,0,0,0,0
738472,0,0,0,0,0,0,0
738473,138,0,4992,9517,1,0,1
738474,101,0,5035,-7114,1,0,1
738475,65535,255,3244,-7432,0,0,0
738476,164,0,638,-7525,1,0,1
738477,442,2,2227,9993,1,0,1
738478,65535,255,4435,9591,0,0,0
738479,65535,255,5489,-6990,0,0,0
738480,230,0,3939,-7260,1,0,1
738481,65535,255,1599,-7576,0,0,0
738482,65535,255,1299,10008,0,0,0
738483,65535,255,3785,9715,0,0,0
738484,220,0,5466,9381,1,0,1
738485,144,0,4528,-7161,1,0,1
738486,65535,255,2469,-7584,0,0,0
738487,65535,255,336,9825,0,0,0
738488,149,0,3054,9858,1,0,1
738489,65535,255,4988,9546,0,0,0
738490,373,2,5038,-7092,1,0,1
738491,65535,255,3244,-7437,0,0,0
738492,0,0,0,0,0,0,0
738493,71,0,2232,9886,1,0,1
738494,65535,255,4438,9650,0,0,0
738495,65535,255,5476,-6957,0,0,0
738496,65535,255,3925,-7335,0,0,0
738497,273,2,1572,-7493,1,0,1
738498,0,0,0,0,0,0,0
738499,65535,255,3809,9696,0,0,0
738500,391,0,5481,9383,1,0,1
738501,0,0,0,0,0,0,0
738502,65535,255,2444,-7626,0,0,0
738503,138,2,365,10209,1,0,1
738504,65535,255,3083,9753,0,0,0
738505,65535,255,5006,9493,0,0,0
738506,65535,255,5023,-7126,0,0,0
738507,65535,255,3221,-7364,0,0,0
738508,241,0,603,-7410,1,0,0
738509,65535,255,2264,9812,0,0,0
738510,325,0,4462,9632,1,0,1
738511,209,0,5463,-7015,1,0,1
738512,65535,255,3901,-7317,0,0,0
738513,380,0,1541,-7579,1,0,1
738514,65535,255,1367,9955,0,0,0
738515,65535,255,3833,9709,0,0,0
738516,65535,255,5496,9394,0,0,0
738517,355,0,4491,-7193,1,0,1
738518,65535,255,2409,-7475,0,0,0
738519,196,2,409,10211,1,0,0
738520,65535,255,3114,9829,0,0,0
738521,65535,255,5024,9539,0,0,0
