sdate,line_t,line_tmq,line_tvza,line_tvaa,line_tm2,line_QFDNB,line_tm_buf
735235,1004,0,2911,9857,1,0,1
735236,1013,0,5112,9588,1,0,1
735237,1284,0,6472,9317,1,0,1
735238,65535,255,4086,-7577,0,0,0
735239,65535,255,1383,-7898,0,0,0
735240,65535,255,1941,9934,0,0,0
735241,65535,255,4501,9620,0,0,0
735242,65535,255,6089,9395,0,0,0
735243,1219,2,4742,-7519,1,0,1
735244,65535,255,2395,-7756,0,0,0
735245,1265,0,870,10228,1,0,1
735246,1220,0,3784,9665,1,0,1
735247,65535,255,5646,9491,0,0,0
735248,846,0,6530,-7160,1,0,1
735249,1493,0,3293,-7630,1,0,1
735250,65535,255,255,-7607,0,0,0
735251,65535,255,2930,9802,0,0,0
735252,1071,0,5120,9561,1,0,1
735253,1257,0,6476,9301,1,0,1
735254,1193,0,4086,-7635,1,0,1
735255,1284,0,1378,-7754,1,0,1
735256,65535,255,1941,9816,0,0,0
735257,65535,255,4494,9671,0,0,0
735258,65535,255,6084,9372,0,0,0
735259,1022,0,4751,-7539,1,0,1
735260,65535,255,2414,-7820,0,0,0
735261,0,0,0,0,0,0,0
735262,65535,255,3756,9699,0,0,0
735263,65535,255,5628,9469,0,0,0
735264,65535,255,6542,-7170,0,0,0
735265,65535,255,3329,-7701,0,0,0
735266,793,0,302,-8011,1,0,1
735267,1223,0,2893,9740,1,0,1
735268,1127,0,5096,9544,1,0,1
735269,65535,255,6460,9291,0,0,0
735270,676,0,4113,-7624,1,0,0
735271,65535,255,1417,-7730,0,0,0
735272,1157,0,1897,9818,1,0,1
735273,1136,0,4467,9680,1,0,1
735274,1580,0,6066,9376,1,0,1
735275,65535,255,4772,-7485,0,0,0
735276,845,0,2449,-7686,1,0,0
735277,1007,0,799,10046,1,0,1
735278,65535,255,3724,9758,0,0,0
735279,65535,255,5608,9480,0,0,0
735280,65535,255,6552,-7149,0,0,0
735281,65535,255,3356,-7652,0,0,0
735282,1233,0,343,-7615,1,0,1
735283,65535,255,2856,9885,0,0,0
735284,1021,0,5076,9536,1,0,1
735285,1098,0,6446,9315,1,0,1
735286,1214,0,4135,-7634,1,0,1
735287,962,0,1451,-7775,1,0,1
735288,1054,0,1863,9873,1,0,1
735289,1146,0,4447,9601,1,0,1
735290,65535,255,6052,9383,0,0,0
735291,65535,255,4788,-7488,0,0,0
735292,757,0,2478,-7685,1,0,0
735293,833,0,764,9967,1,0,1
735294,1030,0,3700,9737,1,0,0
735295,837,0,5594,9464,1,0,1
735296,65535,255,6562,-7136,0,0,0
735297,904,0,3383,-7638,1,0,1
735298,65535,255,385,-8423,0,0,0
735299,65535,255,2822,9801,0,0,0
735300,65535,255,5053,9571,0,0,0
735301,740,0,6434,9307,1,0,1
735302,1066,0,4157,-7555,1,0,1
735303,886,0,1490,-7863,1,0,1
735304,964,0,1825,9912,1,0,1
735305,0,0,0,0,0,0,0
735306,65535,255,6037,9402,0,0,0
735307,1184,2,4811,-7524,1,0,1
735308,65535,255,2513,-7784,0,0,0
735309,1020,0,731,9695,1,0,1
735310,504,2,3676,9699,1,0,1
735311,65535,255,5578,9468,0,0,0
735312,65535,255,6572,-7126,0,0,0
735313,1098,0,3407,-7612,1,0,1
735314,65535,255,408,-7337,0,0,0
735315,1028,0,2799,9847,1,0,1
735316,1190,0,5038,9601,1,0,1
735317,1296,0,6424,9335,1,0,1
735318,905,0,4175,-7621,1,0,1
735319,65535,255,1517,-7774,0,0,0
735320,1096,0,1803,9877,1,0,0
735321,953,0,4407,9612,1,0,1
735322,65535,255,6028,9404,0,0,0
735323,65535,255,6230,-7248,0,0,0
735324,914,0,2533,-7832,1,0,1
735325,1021,0,706,9969,1,0,1
735326,1140,0,3656,9766,1,0,1
735327,65535,255,5568,9491,0,0,0
735328,65535,255,6579,-7158,0,0,0
735329,65535,255,3423,-7725,0,0,0
735330,1287,0,433,-7574,1,0,1
735331,882,2,2785,9849,1,0,1
735332,65535,255,5032,9532,0,0,0
735333,65535,255,6419,9304,0,0,0
735334,1039,2,4185,-7558,1,0,0
735335,1348,2,1535,-7965,1,0,1
735336,1135,0,1792,9787,1,0,0
735337,1173,0,4396,9686,1,0,0
735338,1226,0,6025,9401,1,0,1
735339,1063,0,6236,-7243,1,0,1
735340,576,2,2542,-7693,1,0,0
735341,362,2,696,10255,1,0,0
735342,65535,255,3652,9702,0,0,0
735343,1095,0,5567,9469,1,0,1
735344,80,2,6582,-7141,1,0,0
735345,65535,255,3432,-7715,0,0,0
735346,65535,255,437,-7375,0,0,0
735347,1108,0,2780,9895,1,0,1
735348,1061,0,5031,9559,1,0,1
735349,1832,0,6419,9319,1,0,1
735350,944,0,4189,-7620,1,0,1
735351,1031,0,1534,-7860,1,0,1
735352,65535,255,1787,10008,0,0,0
735353,1195,0,4399,9691,1,0,1
735354,1199,0,6025,9401,1,0,1
735355,902,0,6237,-7247,1,0,1
735356,65535,255,2542,-7743,0,0,0
735357,1314,2,695,9831,1,0,1
735358,842,0,3655,9767,1,0,1
735359,1108,0,5567,9515,1,0,1
735360,1050,0,6581,-7124,1,0,1
735361,1025,2,3427,-7707,1,0,1
735362,1197,0,431,-7444,1,0,0
735363,1120,0,2789,9749,1,0,0
735364,928,0,5034,9592,1,0,1
735365,952,0,6423,9321,1,0,0
735366,65535,255,4185,-7586,0,0,0
735367,1046,0,1523,-7796,1,0,1
735368,1275,0,1798,10007,1,0,0
735369,1153,0,4408,9643,1,0,1
735370,65535,255,6031,9416,0,0,0
735371,65535,255,6232,-7206,0,0,0
735372,930,0,2528,-7657,1,0,1
735373,1560,0,714,9599,1,0,1
735374,735,0,3667,9757,1,0,1
735375,1127,0,5574,9506,1,0,1
735376,1453,0,6578,-7125,1,0,1
735377,1117,0,3411,-7620,1,0,1
735378,1110,0,412,-8069,1,0,0
735379,965,0,2803,9860,1,0,1
735380,1177,0,5046,9569,1,0,1
735381,1126,0,6430,9327,1,0,1
735382,1366,0,4171,-7595,1,0,1
735383,1026,0,1501,-7863,1,0,1
735384,1242,0,1820,9824,1,0,1
735385,1037,0,4423,9650,1,0,1
735386,1068,0,6040,9394,1,0,1
735387,1027,0,6225,-7242,1,0,1
735388,977,2,2508,-7835,1,0,1
735389,1265,0,742,9658,1,0,0
735390,878,0,3687,9772,1,0,1
735391,1109,0,5590,9466,1,0,1
735392,1208,0,6568,-7141,1,0,1
735393,866,0,3390,-7684,1,0,1
735394,991,2,378,-7556,1,0,0
735395,65535,255,2831,9812,0,0,0
735396,1125,0,5062,9556,1,0,1
735397,65535,255,6439,9324,0,0,0
735398,864,0,4146,-7597,1,0,1
735399,1364,0,1468,-7932,1,0,1
735400,1213,2,1852,9892,1,0,1
735401,1175,0,4440,9685,1,0,1
735402,1212,2,6051,9424,1,0,1
735403,65535,255,6211,-7211,0,0,0
735404,1047,0,2474,-7762,1,0,1
735405,1365,0,776,10139,1,0,1
735406,1656,0,3712,9745,1,0,1
735407,1040,0,5606,9454,1,0,1
735408,1339,0,6556,-7133,1,0,1
735409,65535,255,3360,-7695,0,0,0
735410,1151,0,337,-7711,1,0,1
735411,1150,0,2865,9853,1,0,1
735412,65535,255,5082,9584,0,0,0
735413,65535,255,6453,9308,0,0,0
735414,970,0,4117,-7544,1,0,0
735415,1236,0,1429,-7776,1,0,0
735416,1284,0,1892,9803,1,0,1
735417,65535,255,4467,9663,0,0,0
735418,1097,0,6067,9417,1,0,1
735419,1185,0,6196,-7260,1,0,0
735420,65535,255,2434,-7778,0,0,0
735421,1171,2,823,10247,1,0,0
735422,65535,255,3744,9773,0,0,0
735423,731,2,5624,9478,1,0,1
735424,65535,255,6541,-7151,0,0,0
735425,964,2,3320,-7617,1,0,0
735426,1117,0,293,-8699,1,0,1
735427,65535,255,2902,9795,0,0,0
735428,65535,255,5107,9559,0,0,0
735429,65535,255,6468,9301,0,0,0
735430,1091,2,4087,-7647,1,0,1
735431,1097,2,1378,-7681,1,0,0
735432,1278,2,1930,9990,1,0,0
735433,65535,255,4491,9628,0,0,0
735434,950,0,6080,9390,1,0,0
735435,65535,255,6183,-7232,0,0,0
735436,1052,0,2411,-7723,1,0,1
735437,1135,0,846,9847,1,0,1
735438,971,0,3756,9692,1,0,1
735439,913,0,5627,9500,1,0,1
735440,65535,255,6539,-7162,0,0,0
735441,65535,255,3325,-7644,0,0,0
735442,1003,0,299,-7128,1,0,1
735443,1479,0,2888,9797,1,0,1
735444,825,0,5096,9561,1,0,1
735445,1415,0,6460,9296,1,0,1
735446,65535,255,4110,-7623,0,0,0
735447,773,0,1412,-7681,1,0,1
735448,1169,2,1902,9793,1,0,0
735449,981,0,4471,9644,1,0,0
735450,1415,2,6066,9405,1,0,0
735451,1033,2,6196,-7248,1,0,1
735452,1087,0,2444,-7751,1,0,1
735453,1172,2,805,10172,1,0,0
735454,1576,2,3728,9767,1,0,1
735455,1070,2,5614,9476,1,0,1
735456,1102,2,6549,-7145,1,0,0
735457,1288,0,3348,-7624,1,0,1
735458,1375,0,335,-7561,1,0,1
735459,65535,255,2864,9810,0,0,0
735460,848,2,5081,9569,1,0,0
735461,65535,255,6450,9305,0,0,0
735462,1088,2,4128,-7544,1,0,1
735463,65535,255,1446,-7822,0,0,0
735464,833,0,1875,9874,1,0,1
735465,1394,0,4454,9602,1,0,1
735466,1018,0,6059,9387,1,0,1
735467,1122,0,6206,-7231,1,0,1
735468,1060,0,2469,-7710,1,0,0
735469,1215,0,782,10138,1,0,1
735470,1294,0,3712,9769,1,0,1
735471,1112,0,5603,9487,1,0,1
735472,1203,0,6559,-7153,1,0,1
735473,1168,0,3368,-7668,1,0,1
735474,65535,255,354,-7815,0,0,0
735475,940,0,2850,9723,1,0,1
735476,952,0,5072,9539,1,0,1
735477,949,0,6446,9292,1,0,1
735478,65535,255,4140,-7594,0,0,0
735479,929,0,1463,-7821,1,0,0
735480,1092,0,1858,9893,1,0,0
735481,819,0,4447,9616,1,0,1
735482,1641,0,6052,9401,1,0,1
735483,1048,0,6213,-7244,1,0,1
735484,903,2,2484,-7811,1,0,0
735485,1111,2,770,9841,1,0,1
735486,1147,2,3703,9731,1,0,0
735487,1594,0,5597,9466,1,0,1
735488,1351,0,6564,-7138,1,0,1
735489,1206,0,3381,-7658,1,0,1
735490,1111,0,366,-7818,1,0,1
735491,1090,2,2841,9746,1,0,1
735492,65535,255,5067,9555,0,0,0
735493,1118,0,6442,9308,1,0,0
735494,1024,0,4145,-7576,1,0,1
735495,1105,0,1474,-7975,1,0,1
735496,818,0,1853,9770,1,0,1
735497,774,0,4440,9680,1,0,1
735498,1081,0,6050,9385,1,0,1
735499,1052,0,6215,-7232,1,0,1
735500,65535,255,2488,-7798,0,0,0
735501,65535,255,759,9882,0,0,0
735502,1023,0,3700,9755,1,0,1
735503,1181,0,5595,9489,1,0,1
735504,65535,255,6563,-7155,0,0,0
735505,65535,255,3381,-7729,0,0,0
735506,1121,0,368,-7274,1,0,1
735507,65535,255,2836,9868,0,0,0
735508,1411,0,5064,9546,1,0,1
735509,480,2,6443,9304,1,0,1
735510,1072,2,4145,-7582,1,0,1
735511,65535,255,1469,-7686,0,0,0
735512,65535,255,1853,9859,0,0,0
735513,65535,255,4440,9623,0,0,0
735514,1190,0,6051,9417,1,0,1
735515,1298,0,6213,-7242,1,0,1
735516,1048,0,2483,-7747,1,0,1
735517,857,0,771,9754,1,0,1
735518,1021,0,3703,9747,1,0,1
735519,1091,2,5598,9493,1,0,1
735520,1075,0,6561,-7158,1,0,1
735521,1001,0,3373,-7631,1,0,1
735522,1077,0,360,-7906,1,0,1
735523,1056,0,2845,9801,1,0,1
735524,1345,0,5067,9594,1,0,1
735525,1136,0,6445,9297,1,0,1
735526,1135,0,4135,-7583,1,0,1
735527,1407,0,1451,-7750,1,0,1
735528,1089,0,1863,9929,1,0,1
735529,1434,0,4450,9666,1,0,1
735530,1172,0,6056,9393,1,0,1
735531,1063,0,6206,-7237,1,0,1
735532,959,0,2464,-7723,1,0,1
735533,1094,0,788,9842,1,0,1
735534,1230,0,3716,9769,1,0,1
735535,1216,0,5609,9450,1,0,1
735536,951,0,6552,-7126,1,0,1
735537,899,0,3356,-7739,1,0,1
735538,65535,255,331,-7706,0,0,0
735539,65535,255,2865,9800,0,0,0
735540,1253,0,5085,9538,1,0,1
735541,937,0,6453,9316,1,0,1
735542,956,0,4117,-7642,1,0,1
735543,1236,0,1429,-7984,1,0,1
735544,1261,0,1891,9891,1,0,1
735545,65535,255,4468,9671,0,0,0
735546,65535,255,6067,9402,0,0,0
735547,65535,255,6194,-7251,0,0,0
735548,966,0,2435,-7841,1,0,1
735549,1162,0,829,9686,1,0,1
735550,1018,0,3744,9767,1,0,1
735551,1049,0,5624,9462,1,0,1
735552,1101,0,6541,-7136,1,0,1
735553,933,0,3320,-7671,1,0,0
735554,984,0,287,-7207,1,0,1
735555,65535,255,2902,9797,0,0,0
735556,983,0,5108,9550,1,0,1
735557,913,0,6468,9324,1,0,1
735558,940,0,4091,-7645,1,0,1
735559,1252,0,1395,-7990,1,0,1
735560,1463,0,1919,9872,1,0,1
735561,1242,0,4481,9663,1,0,1
735562,1037,0,6075,9397,1,0,1
735563,1006,0,6187,-7241,1,0,1
735564,65535,255,2424,-7790,0,0,0
735565,0,0,0,0,0,0,0
735566,1071,2,3744,9720,1,0,1
735567,65535,255,5619,9499,0,0,0
735568,703,2,6544,-7162,1,0,0
735569,0,0,0,0,0,0,0
735570,1143,0,314,-7798,1,0,1
735571,65535,255,2879,9832,0,0,0
735572,0,0,0,0,0,0,0
735573,919,2,6455,9314,1,0,1
735574,65535,255,4117,-7584,0,0,0
735575,65535,255,1429,-7867,0,0,0
735576,1358,2,1886,9840,1,0,0
735577,65535,255,4461,9660,0,0,0
735578,1102,2,6062,9408,1,0,1
735579,65535,255,6200,-7249,0,0,0
735580,65535,255,2454,-7697,0,0,0
735581,65535,255,794,9928,0,0,0
735582,934,0,3724,9706,1,0,1
735583,985,0,5608,9506,1,0,1
735584,1200,0,6553,-7166,1,0,1
735585,1106,0,3356,-7658,1,0,1
735586,1083,0,339,-7319,1,0,1
735587,1155,0,2860,9823,1,0,1
735588,1118,0,5078,9571,1,0,1
735589,1279,0,6451,9304,1,0,1
735590,1018,0,4127,-7535,1,0,1
735591,1208,0,1446,-7773,1,0,1
735592,1688,0,1869,9823,1,0,1
735593,65535,255,4450,9674,0,0,0
735594,1077,0,6057,9406,1,0,1
735595,1040,0,6205,-7213,1,0,1
735596,65535,255,2469,-7837,0,0,0
735597,1511,0,782,9842,1,0,1
735598,973,0,3715,9715,1,0,1
735599,1081,0,5606,9452,1,0,1
735600,855,0,6556,-7124,1,0,1
735601,1991,0,3368,-7728,1,0,1
735602,1050,0,349,-8376,1,0,1
735603,1134,0,2855,9780,1,0,1
735604,1113,0,5075,9567,1,0,1
735605,1883,0,6448,9308,1,0,1
735606,1084,0,4131,-7562,1,0,1
735607,65535,255,1451,-7911,0,0,0
735608,65535,255,1869,9964,0,0,0
735609,65535,255,4453,9649,0,0,0
735610,940,0,6059,9418,1,0,1
735611,65535,255,6208,-7242,0,0,0
735612,65535,255,2464,-7670,0,0,0
735613,1038,0,788,10097,1,0,1
735614,65535,255,3720,9779,0,0,0
735615,1168,0,5608,9498,1,0,1
735616,1333,0,6556,-7161,1,0,1
735617,1110,0,3360,-7720,1,0,1
735618,1051,0,344,-8479,1,0,1
735619,1347,0,2859,9824,1,0,1
735620,1132,0,5081,9597,1,0,1
735621,496,0,6452,9318,1,0,0
735622,1039,0,4128,-7562,1,0,1
735623,1036,0,1446,-7842,1,0,1
735624,65535,255,1874,9859,0,0,0
735625,65535,255,4453,9687,0,0,0
735626,65535,255,6061,9373,0,0,0
735627,571,2,6205,-7217,1,0,0
735628,1321,0,2464,-7850,1,0,1
735629,1146,0,788,9843,1,0,1
735630,65535,255,3720,9707,0,0,0
735631,65535,255,5607,9483,0,0,0
735632,65535,255,6555,-7124,0,0,0
735633,65535,255,3360,-7711,0,0,0
735634,65535,255,340,-7124,0,0,0
735635,980,0,2860,9813,1,0,1
735636,1193,0,5078,9582,1,0,1
735637,993,0,6450,9315,1,0,1
735638,1139,0,4127,-7576,1,0,1
735639,1225,0,1446,-7958,1,0,1
735640,744,0,1875,9982,1,0,1
735641,875,0,4457,9649,1,0,1
735642,1295,0,6059,9422,1,0,1
735643,1252,0,6204,-7227,1,0,1
735644,850,0,2454,-7670,1,0,1
735645,65535,255,793,10054,0,0,0
735646,859,0,3724,9771,1,0,1
735647,1538,0,5609,9493,1,0,1
735648,1468,0,6553,-7158,1,0,0
735649,1175,0,3352,-7720,1,0,1
735650,947,0,333,-8497,1,0,1
735651,767,0,2869,9834,1,0,0
735652,65535,255,5084,9588,0,0,0
735653,908,0,6453,9330,1,0,1
735654,65535,255,4113,-7534,0,0,0
735655,65535,255,1429,-7889,0,0,0
735656,1115,2,1891,9998,1,0,1
735657,65535,255,4467,9672,0,0,0
735658,1668,0,6067,9384,1,0,1
735659,65535,255,6196,-7230,0,0,0
735660,913,0,2438,-7845,1,0,1
735661,1128,0,823,10131,1,0,1
735662,881,0,3744,9689,1,0,1
735663,791,2,5622,9464,1,0,1
735664,523,2,6542,-7140,1,0,1
735665,65535,255,3329,-7734,0,0,0
735666,65535,255,297,-7458,0,0,0
735667,65535,255,2898,9767,0,0,0
735668,818,0,5102,9589,1,0,1
735669,504,0,6466,9294,1,0,0
735670,65535,255,4091,-7584,0,0,0
735671,65535,255,1395,-7797,0,0,0
735672,1400,0,1913,9875,1,0,0
735673,1326,0,4478,9609,1,0,1
735674,661,0,6071,9392,1,0,1
735675,65535,255,6190,-7231,0,0,0
735676,827,0,2434,-7748,1,0,1
735677,957,0,818,9645,1,0,0
735678,1295,0,3732,9690,1,0,1
735679,971,0,5612,9471,1,0,1
735680,1582,0,6548,-7122,1,0,1
735681,0,0,0,0,0,0,0
735682,65535,255,338,-7413,0,0,0
735683,65535,255,2855,9880,0,0,0
735684,928,0,5076,9546,1,0,1
735685,1109,0,6447,9305,1,0,1
735686,65535,255,4132,-7574,0,0,0
735687,65535,255,1453,-7763,0,0,0
735688,1191,0,1859,9825,1,0,1
735689,65535,255,4444,9613,0,0,0
735690,857,0,6051,9412,1,0,1
735691,673,0,6210,-7252,1,0,1
735692,848,2,2483,-7731,1,0,1
735693,1176,0,765,9755,1,0,1
735694,1047,0,3696,9750,1,0,1
735695,1106,0,5591,9497,1,0,1
735696,1436,0,6564,-7158,1,0,1
735697,1113,0,3385,-7654,1,0,1
735698,65535,255,383,-8164,0,0,0
735699,1039,0,2822,9839,1,0,1
735700,846,0,5056,9544,1,0,1
735701,1204,0,6433,9320,1,0,1
735702,1179,0,4160,-7625,1,0,1
735703,1119,0,1490,-7903,1,0,1
735704,1083,0,1825,9809,1,0,1
735705,65535,255,4423,9628,0,0,0
735706,65535,255,6038,9413,0,0,0
735707,1096,0,6222,-7219,1,0,1
735708,65535,255,2508,-7704,0,0,0
735709,1252,0,730,9793,1,0,1
735710,1028,0,3676,9793,1,0,0
735711,1282,0,5580,9467,1,0,1
735712,1558,0,6573,-7139,1,0,1
735713,65535,255,3406,-7661,0,0,0
735714,65535,255,403,-7398,0,0,0
735715,65535,255,2808,9763,0,0,0
735716,1021,0,5044,9580,1,0,1
735717,65535,255,6429,9318,0,0,0
735718,1157,0,5828,-7336,1,0,1
735719,1002,0,1506,-7705,1,0,1
735720,1351,0,1808,9991,1,0,1
735721,920,0,4417,9610,1,0,1
735722,1173,0,6034,9402,1,0,1
735723,881,0,6227,-7222,1,0,1
735724,65535,255,2523,-7791,0,0,0
735725,65535,255,719,10253,0,0,0
735726,65535,255,3672,9753,0,0,0
735727,677,0,5578,9463,1,0,1
735728,65535,255,6574,-7132,0,0,0
735729,633,0,3411,-7687,1,0,0
735730,1522,0,406,-7741,1,0,0
735731,1201,0,2803,9852,1,0,1
735732,65535,255,5043,9584,0,0,1
735733,1026,0,6429,9307,1,0,1
735734,1094,0,5828,-7328,1,0,1
735735,1002,0,1506,-7771,1,0,0
735736,691,0,1814,9791,1,0,1
735737,65535,255,4416,9661,0,0,0
735738,519,0,6035,9416,1,0,1
735739,488,0,6227,-7208,1,0,0
735740,845,0,2517,-7779,1,0,1
735741,1104,0,730,9654,1,0,1
735742,1214,0,3675,9767,1,0,1
735743,65535,255,5580,9490,0,0,0
735744,925,0,6573,-7155,1,0,0
735745,1002,0,3402,-7652,1,0,1
735746,978,0,401,-7491,1,0,1
735747,65535,255,2813,9851,0,0,0
735748,1271,0,5050,9594,1,0,1
735749,942,2,6431,9321,1,0,1
735750,65535,255,5824,-7341,0,0,0
735751,701,2,1496,-7924,1,0,1
735752,1166,0,1825,9971,1,0,1
735753,65535,255,4423,9635,0,0,0
735754,65535,255,6040,9407,0,0,0
735755,65535,255,6221,-7249,0,0,0
735756,65535,255,2503,-7793,0,0,0
735757,1407,0,742,9706,1,0,1
735758,932,0,3688,9695,1,0,0
735759,1484,0,5588,9516,1,0,0
735760,1262,0,6566,-7123,1,0,1
735761,868,0,3390,-7724,1,0,0
735762,765,0,384,-8335,1,0,0
735763,1146,0,2827,9795,1,0,1
735764,920,0,5059,9576,1,0,1
735765,1476,0,6437,9316,1,0,1
735766,1107,0,5815,-7339,1,0,1
735767,870,0,1474,-7971,1,0,1
735768,1127,0,1844,9909,1,0,1
735769,787,0,4437,9664,1,0,1
735770,65535,255,6048,9398,0,0,0
735771,507,0,6212,-7217,1,0,1
735772,65535,255,2479,-7718,0,0,0
735773,1067,2,765,10189,1,0,1
735774,858,0,3708,9669,1,0,1
735775,863,0,5599,9505,1,0,1
735776,65535,255,6557,-7115,0,0,0
735777,962,0,3369,-7735,1,0,1
735778,990,0,352,-7627,1,0,1
735779,65535,255,2850,9837,0,0,0
735780,871,2,5073,9600,1,0,0
735781,65535,255,6445,9332,0,0,0
735782,65535,255,5802,-7346,0,0,0
735783,65535,255,1452,-7702,0,0,0
735784,65535,255,1864,9967,0,0,0
735785,1053,0,4447,9673,1,0,1
735786,908,2,6054,9420,1,0,1
735787,865,2,6206,-7220,1,0,0
735788,65535,255,2469,-7681,0,0,0
735789,1300,0,776,9804,1,0,1
735790,983,0,3709,9753,1,0,1
735791,1075,0,5601,9473,1,0,1
735792,879,0,6556,-7142,1,0,1
735793,65535,255,3368,-7672,0,0,0
735794,1421,0,356,-7343,1,0,1
735795,832,0,2846,9783,1,0,1
735796,933,0,5071,9538,1,0,1
735797,1080,0,6444,9325,1,0,1
735798,1107,0,5805,-7349,1,0,0
735799,992,0,1457,-7771,1,0,0
735800,65535,255,1858,9816,0,0,0
735801,1019,2,4444,9632,1,0,1
735802,1044,0,6051,9388,1,0,0
735803,65535,255,6208,-7230,0,0,0
735804,1072,2,2473,-7809,1,0,0
735805,1179,0,771,10275,1,0,1
735806,781,0,3708,9758,1,0,1
735807,65535,255,5599,9460,0,0,0
735808,776,2,6558,-7132,1,0,1
735809,1081,0,3369,-7673,1,0,0
735810,918,2,366,-7545,1,0,0
735811,65535,255,2846,9835,0,0,0
735812,948,0,5073,9572,1,0,1
735813,799,2,6450,9297,1,0,1
735814,1186,0,5800,-7322,1,0,1
735815,1039,0,1424,-7704,1,0,1
735816,65535,255,1905,9875,0,0,0
735817,972,0,4481,9638,1,0,1
735818,1148,0,6077,9401,1,0,1
735819,1405,0,6187,-7252,1,0,1
735820,860,0,2414,-7830,1,0,1
735821,1170,0,840,10204,1,0,0
735822,816,0,3756,9727,1,0,1
735823,1164,0,5627,9498,1,0,1
735824,65535,255,6539,-7162,0,0,0
735825,65535,255,3324,-7698,0,0,0
735826,1092,0,297,-7345,1,0,1
735827,1108,0,2893,9777,1,0,1
735828,859,0,5099,9527,1,0,1
735829,1159,0,6460,9312,1,0,1
735830,1157,0,5788,-7329,1,0,1
735831,1208,0,1418,-7938,1,0,1
735832,65535,255,1902,9874,0,0,0
735833,65535,255,4471,9659,0,0,0
735834,1437,2,6068,9400,1,0,1
735835,65535,255,6196,-7242,0,0,0
735836,1069,2,2444,-7813,1,0,1
735837,1485,0,805,10175,1,0,0
735838,1341,2,3732,9737,1,0,1
735839,1220,0,5614,9510,1,0,1
735840,953,0,6549,-7164,1,0,0
735841,826,0,3347,-7603,1,0,1
735842,65535,255,331,-8103,0,0,0
735843,1279,0,2864,9867,1,0,0
735844,1410,2,5081,9581,1,0,1
735845,65535,255,6454,9300,0,0,0
735846,1138,0,5800,-7314,1,0,1
735847,879,0,1440,-7936,1,0,1
735848,816,0,1880,9893,1,0,1
735849,820,0,4457,9680,1,0,1
735850,1463,0,6059,9418,1,0,1
735851,65535,255,6205,-7259,0,0,0
735852,1479,0,2473,-7750,1,0,1
735853,65535,255,776,9839,0,0,0
735854,65535,255,3708,9760,0,0,0
735855,1044,0,5601,9509,1,0,1
735856,1210,0,6560,-7171,1,0,1
735857,1114,0,3372,-7686,1,0,1
735858,1236,0,362,-8456,1,0,1
735859,845,0,2845,9876,1,0,1
735860,986,2,5073,9564,1,0,1
735861,683,0,6446,9331,1,0,0
735862,65535,255,5810,-7354,0,0,0
735863,1194,0,1457,-8006,1,0,1
735864,65535,255,1864,9874,0,0,0
735865,955,0,4450,9652,1,0,1
735866,969,2,6057,9387,1,0,1
735867,575,2,6209,-7231,1,0,0
735868,1172,0,2473,-7800,1,0,1
735869,65535,255,782,10095,0,0,0
735870,65535,255,3716,9712,0,0,0
735871,908,0,5605,9485,1,0,1
735872,1252,2,6558,-7147,1,0,1
735873,822,0,3372,-7695,1,0,0
735874,1212,0,360,-7538,1,0,0
735875,1335,0,2841,9811,1,0,1
735876,1099,0,5067,9554,1,0,1
735877,1035,0,6441,9339,1,0,1
735878,1397,0,5812,-7298,1,0,1
735879,1045,0,1479,-7865,1,0,1
735880,1056,0,1842,9858,1,0,1
735881,1035,0,4431,9667,1,0,1
735882,845,0,6042,9401,1,0,1
735883,301,0,6219,-7213,1,0,1
735884,1387,0,2503,-7785,1,0,1
735885,65535,255,736,10241,0,0,0
735886,1112,0,3680,9764,1,0,1
735887,65535,255,5575,9499,0,0,0
735888,1011,0,6577,-7168,1,0,1
735889,1282,0,3406,-7643,1,0,1
735890,999,0,398,-7706,1,0,0
735891,1300,0,2817,9786,1,0,1
735892,1073,2,5053,9551,1,0,1
735893,1128,0,6436,9312,1,0,1
735894,1270,0,5820,-7306,1,0,1
735895,972,0,1478,-7933,1,0,1
735896,1580,0,1847,9995,1,0,1
735897,1035,0,4440,9636,1,0,1
735898,944,0,6053,9399,1,0,1
735899,1066,2,6212,-7250,1,0,1
735900,1193,0,2469,-7767,1,0,1
735901,1117,2,786,9859,1,0,0
735902,1025,0,3719,9747,1,0,1
735903,1207,2,5606,9449,1,0,1
735904,433,2,6555,-7126,1,0,1
735905,65535,255,3360,-7648,0,0,0
735906,65535,255,350,-8487,0,0,0
735907,65535,255,2855,9761,0,0,0
735908,871,0,5073,9528,1,0,0
735909,1298,0,6445,9322,1,0,1
735910,1113,0,5806,-7346,1,0,1
735911,1237,0,1457,-7803,1,0,1
735912,1266,0,1864,9817,1,0,1
735913,1315,0,4444,9661,1,0,1
735914,934,0,6053,9411,1,0,1
735915,992,0,6211,-7258,1,0,1
735916,65535,255,2484,-7782,0,0,0
735917,960,0,766,9612,1,0,1
735918,65535,255,3700,9673,0,0,0
735919,65535,255,5591,9497,0,0,1
735920,689,0,6565,-7164,1,0,1
735921,1060,0,3390,-7693,1,0,1
735922,65535,255,383,-8004,0,0,0
735923,1208,0,2822,9760,1,0,1
735924,1017,2,5053,9558,1,0,0
735925,65535,255,6434,9303,0,0,0
735926,65535,255,5822,-7325,0,0,0
735927,596,0,1496,-7915,1,0,1
735928,65535,255,1820,9995,0,0,0
735929,65535,255,4420,9660,0,0,0
735930,65535,255,6038,9370,0,0,0
735931,1230,0,6224,-7220,1,0,1
735932,65535,255,2513,-7754,0,0,0
735933,1098,0,730,9734,1,0,1
735934,1157,0,3676,9724,1,0,1
735935,1435,0,5578,9472,1,0,1
735936,1101,0,6575,-7148,1,0,1
735937,1348,0,3411,-7717,1,0,1
735938,1251,0,409,-7268,1,0,1
735939,1118,0,2803,9873,1,0,1
735940,928,0,5044,9549,1,0,1
735941,65535,255,6428,9312,0,0,0
735942,65535,255,5831,-7336,0,0,0
735943,1272,0,1512,-7740,1,0,1
735944,65535,255,1809,9905,0,0,0
735945,802,0,4413,9648,1,0,1
735946,1038,0,6034,9379,1,0,1
735947,65535,255,6229,-7231,0,0,0
735948,1008,0,2523,-7678,1,0,1
735949,1658,0,720,9593,1,0,1
735950,0,0,0,0,0,0,0
735951,0,0,0,0,0,0,0
735952,0,0,0,0,0,0,0
735953,1194,2,3415,-7699,1,0,1
735954,65535,255,407,-7426,0,0,0
735955,1494,2,2804,9762,1,0,1
735956,981,2,5045,9546,1,0,1
735957,1936,0,6430,9305,1,0,1
735958,1460,0,5830,-7332,1,0,1
735959,1340,0,1507,-7978,1,0,1
735960,65535,255,1814,9888,0,0,0
735961,1179,0,4420,9673,1,0,1
735962,1175,0,6037,9411,1,0,1
735963,1128,0,6227,-7258,1,0,1
735964,65535,255,2513,-7691,0,0,0
735965,1200,0,736,9826,1,0,1
735966,65535,255,3684,9675,0,0,0
735967,65535,255,5588,9481,0,0,0
735968,65535,255,6572,-7152,0,0,0
735969,65535,255,3398,-7718,0,0,0
735970,65535,255,389,-7827,0,0,0
735971,65535,255,2822,9861,0,0,0
735972,65535,255,5058,9580,0,0,0
735973,65535,255,6439,9300,0,0,0
735974,1019,0,5821,-7325,1,0,1
735975,1362,0,1479,-7717,1,0,1
735976,1266,0,1844,9895,1,0,1
735977,857,0,4440,9633,1,0,1
735978,65535,255,6050,9397,0,0,0
735979,65535,255,6217,-7245,0,0,0
735980,65535,255,2483,-7717,0,0,0
735981,1269,0,770,10046,1,0,1
735982,65535,255,3708,9737,0,0,0
735983,1382,0,5603,9456,1,0,1
735984,1071,0,6561,-7137,1,0,1
735985,1598,0,3368,-7721,1,0,1
735986,65535,255,348,-8104,0,0,0
735987,65535,255,2860,9736,0,0,0
735988,65535,255,5081,9535,0,0,0
735989,65535,255,6452,9306,0,0,0
735990,821,2,5804,-7367,1,0,1
735991,65535,255,1438,-7923,0,0,0
735992,65535,255,1886,9934,0,0,0
735993,1002,0,4467,9643,1,0,1
735994,1213,0,6068,9409,1,0,1
735995,1468,0,6203,-7260,1,0,1
735996,1255,0,2444,-7811,1,0,1
735997,956,0,823,9755,1,0,1
735998,1353,0,3743,9702,1,0,1
735999,1162,0,5623,9498,1,0,1
736000,1585,0,6548,-7162,1,0,1
736001,65535,255,3338,-7660,0,0,0
736002,1160,0,309,-7379,1,0,1
736003,1245,0,2883,9844,1,0,1
736004,1164,0,5092,9585,1,0,1
736005,65535,255,6459,9320,0,0,0
736006,65535,255,5795,-7343,0,0,0
736007,65535,255,1429,-7947,0,0,0
736008,1057,2,1891,9969,1,0,1
736009,65535,255,4467,9637,0,0,0
736010,65535,255,6066,9410,0,0,0
736011,65535,255,6203,-7255,0,0,0
736012,65535,255,2454,-7810,0,0,0
736013,65535,255,800,9794,0,0,0
736014,65535,255,3728,9711,0,0,0
736015,768,2,5613,9455,1,0,0
736016,65535,255,6553,-7132,0,0,0
736017,65535,255,3356,-7623,0,0,0
736018,0,0,0,0,0,0,0
736019,65535,255,2860,9857,0,0,0
736020,1041,0,5082,9524,1,0,1
736021,1217,0,6451,9286,1,0,1
736022,1310,2,5802,-7317,1,0,1
736023,1103,0,1446,-7829,1,0,1
736024,1733,0,1874,9919,1,0,1
736025,1122,0,4454,9632,1,0,0
736026,65535,255,6058,9411,0,0,0
736027,65535,255,6208,-7261,0,0,0
736028,1048,0,2464,-7692,1,0,1
736029,1609,0,782,10173,1,0,1
736030,933,0,3720,9672,1,0,0
736031,1072,0,5606,9447,1,0,1
736032,880,0,6556,-7160,1,0,0
736033,65535,255,3364,-7649,0,0,0
736034,65535,255,342,-7817,0,0,0
736035,1170,0,2856,9770,1,0,1
736036,1486,0,5076,9577,1,0,1
736037,1249,0,6447,9326,1,0,1
736038,1020,0,5806,-7357,1,0,0
736039,1283,0,1451,-7851,1,0,0
736040,938,0,1869,9972,1,0,1
736041,65535,255,4451,9670,0,0,0
736042,65535,255,6058,9387,0,0,0
736043,65535,255,6206,-7235,0,0,0
736044,65535,255,2464,-7723,0,0,0
736045,1007,2,788,10171,1,0,1
736046,1134,0,3720,9697,1,0,0
736047,1124,0,5606,9469,1,0,1
736048,1032,0,6554,-7145,1,0,1
736049,65535,255,3360,-7739,0,0,0
736050,1008,2,338,-7521,1,0,1
736051,879,0,2865,9758,1,0,1
736052,1081,0,5079,9587,1,0,1
736053,1452,0,6453,9290,1,0,0
736054,1051,0,5799,-7311,1,0,0
736055,1123,0,1435,-7736,1,0,1
736056,65535,255,1880,9936,0,0,0
736057,1145,0,4461,9669,1,0,1
736058,1055,0,6064,9399,1,0,1
736059,65535,255,6202,-7247,0,0,0
736060,65535,255,2449,-7784,0,0,0
736061,1297,0,805,10042,1,0,1
736062,65535,255,3736,9696,0,0,0
736063,65535,255,5616,9477,0,0,0
736064,123,2,6548,-7153,1,0,0
736065,65535,255,3338,-7669,0,0,0
736066,65535,255,315,-8461,0,0,0
736067,1442,2,2884,9736,1,0,1
736068,1180,0,5094,9553,1,0,1
736069,65535,255,6462,9302,0,0,0
736070,1091,0,4105,-7624,1,0,1
736071,1169,2,1406,-7949,1,0,1
736072,1471,0,1913,9881,1,0,1
736073,1123,0,4481,9667,1,0,1
736074,538,2,6077,9408,1,0,1
736075,65535,255,6191,-7257,0,0,0
736076,1147,2,2414,-7682,1,0,1
736077,1100,0,846,9879,1,0,0
736078,1291,0,3764,9685,1,0,1
736079,1214,0,5634,9488,1,0,1
736080,1257,0,6538,-7160,1,0,1
736081,1147,0,3309,-7713,1,0,1
736082,1435,0,273,-8393,1,0,1
736083,65535,255,2921,9744,0,0,0
736084,1525,0,5118,9573,1,0,1
736085,1291,0,6475,9296,1,0,0
736086,65535,255,4086,-7597,0,0,0
736087,1471,0,1383,-7856,1,0,0
736088,65535,255,1935,9812,0,0,0
736089,65535,255,4494,9634,0,0,0
736090,65535,255,6083,9383,0,0,0
736091,65535,255,6187,-7228,0,0,0
736092,1106,0,2419,-7773,1,0,1
736093,65535,255,840,10074,0,0,0
736094,1129,0,3756,9717,1,0,1
736095,948,0,5626,9488,1,0,1
736096,693,0,6544,-7165,1,0,1
736097,966,0,3333,-7753,1,0,1
736098,908,2,302,-8130,1,0,0
736099,1219,0,2891,9755,1,0,1
736100,1113,0,5095,9591,1,0,1
736101,1810,2,6461,9307,1,0,1
736102,1224,2,4112,-7644,1,0,1
736103,893,0,1418,-7689,1,0,1
736104,1086,2,1897,10004,1,0,1
736105,878,0,4471,9625,1,0,1
736106,65535,255,6070,9386,0,0,0
736107,65535,255,6201,-7236,0,0,0
736108,1148,2,2453,-7848,1,0,1
736109,1161,0,806,9795,1,0,1
736110,1037,0,3732,9680,1,0,1
736111,65535,255,5615,9491,0,0,0
736112,65535,255,6554,-7159,0,0,0
736113,1098,0,3355,-7632,1,0,1
736114,1158,0,339,-8599,1,0,1
736115,1273,0,2865,9781,1,0,1
736116,65535,255,5084,9551,0,0,0
736117,874,0,6454,9287,1,0,1
736118,743,0,4131,-7612,1,0,0
736119,1379,0,1446,-7989,1,0,1
736120,1436,0,1874,9972,1,0,1
736121,1040,0,4457,9626,1,0,0
736122,947,0,6059,9392,1,0,1
736123,889,0,6210,-7237,1,0,1
736124,1142,0,2468,-7704,1,0,0
736125,65535,255,782,10046,0,0,0
736126,923,0,3716,9738,1,0,0
736127,1158,0,5605,9462,1,0,1
736128,1100,0,6560,-7137,1,0,1
736129,65535,255,3372,-7737,0,0,0
736130,1325,2,355,-8378,1,0,0
736131,1160,0,2851,9782,1,0,1
736132,65535,255,5073,9558,0,0,1
736133,1253,0,6446,9296,1,0,1
736134,921,2,4142,-7646,1,0,1
736135,65535,255,1463,-7781,0,0,0
736136,1184,0,1858,9850,1,0,1
736137,65535,255,4446,9595,0,0,0
736138,1361,0,6053,9377,1,0,1
736139,1027,2,6213,-7229,1,0,1
736140,65535,255,2483,-7716,0,0,0
736141,65535,255,765,10136,0,0,0
736142,958,0,3704,9771,1,0,1
736143,1048,0,5598,9485,1,0,1
736144,587,2,6564,-7156,1,0,0
736145,1185,0,3377,-7682,1,0,0
736146,65535,255,365,-7823,0,0,0
736147,975,0,2841,9728,1,0,0
736148,1383,0,5065,9543,1,0,0
736149,1375,0,6442,9293,1,0,1
736150,1222,0,4148,-7632,1,0,1
736151,65535,255,1468,-7828,0,0,0
736152,1169,0,1847,9887,1,0,1
736153,65535,255,4437,9616,0,0,0
736154,65535,255,6049,9398,0,0,1
736155,1236,0,6216,-7247,1,0,0
736156,65535,255,2488,-7818,0,0,0
736157,1393,0,759,9831,1,0,1
736158,988,0,3700,9731,1,0,1
736159,1409,0,5594,9468,1,0,1
736160,65535,255,6563,-7142,0,0,0
736161,1097,0,3381,-7664,1,0,1
736162,1295,0,366,-7818,1,0,1
736163,1200,0,2837,9740,1,0,1
736164,1352,2,5062,9554,1,0,1
736165,1497,2,6440,9304,1,0,1
736166,1089,0,4145,-7570,1,0,1
736167,1061,0,1474,-7960,1,0,1
736168,1121,0,1852,9773,1,0,1
736169,925,0,4437,9673,1,0,1
736170,758,2,6050,9378,1,0,0
736171,65535,255,6214,-7224,0,0,0
736172,1123,0,2483,-7767,1,0,1
736173,1156,0,766,9741,1,0,1
736174,1048,0,3700,9716,1,0,1
736175,963,0,5596,9467,1,0,1
736176,1061,0,6562,-7142,1,0,1
736177,955,0,3377,-7674,1,0,1
736178,65535,255,366,-8092,0,0,0
736179,65535,255,2841,9783,0,0,0
736180,809,0,5065,9580,1,0,1
736181,65535,255,6440,9326,0,0,0
736182,1031,0,4142,-7618,1,0,1
736183,1006,0,1462,-7782,1,0,1
736184,65535,255,1853,9904,0,0,0
736185,908,2,4444,9634,1,0,0
736186,65535,255,6052,9396,0,0,0
736187,794,0,6211,-7248,1,0,1
736188,1082,0,2478,-7742,1,0,1
736189,1103,2,777,9705,1,0,0
736190,977,0,3708,9723,1,0,1
736191,1009,0,5601,9471,1,0,1
736192,1009,0,6558,-7146,1,0,1
736193,753,0,3368,-7710,1,0,0
736194,65535,255,356,-8564,0,0,0
736195,1185,2,2851,9860,1,0,0
736196,65535,255,5073,9537,0,0,0
736197,1052,0,6447,9303,1,0,1
736198,65535,255,4135,-7584,0,0,0
736199,1163,2,1452,-7689,1,0,1
736200,65535,255,1869,9867,0,0,0
736201,65535,255,4454,9627,0,0,0
736202,930,0,6058,9385,1,0,1
736203,65535,255,6208,-7267,0,0,0
736204,1086,0,2463,-7769,1,0,1
736205,1030,0,794,9836,1,0,1
736206,1087,0,3724,9753,1,0,1
736207,1090,0,5609,9498,1,0,1
736208,1167,0,6555,-7164,1,0,1
736209,1036,0,3355,-7640,1,0,1
736210,892,0,330,-7910,1,0,0
736211,65535,255,2869,9792,0,0,0
736212,65535,255,5087,9515,0,0,0
736213,65535,255,6456,9294,0,0,0
736214,65535,255,4120,-7572,0,0,0
736215,711,0,1429,-7688,1,0,0
736216,547,2,1891,9884,1,0,1
736217,484,2,4470,9644,1,0,1
736218,65535,255,6070,9375,0,0,0
736219,526,2,6199,-7224,1,0,1
736220,916,0,2444,-7848,1,0,1
736221,970,0,817,10163,1,0,1
736222,65535,255,3744,9696,0,0,1
736223,1006,0,5623,9473,1,0,1
736224,1029,0,6547,-7146,1,0,1
736225,1036,0,3333,-7617,1,0,1
736226,942,0,302,-7802,1,0,1
736227,921,2,2893,9790,1,0,1
736228,1141,0,5104,9523,1,0,1
736229,1056,0,6466,9299,1,0,1
736230,1067,0,4105,-7582,1,0,1
736231,1052,0,1412,-7902,1,0,1
736232,1076,0,1907,9916,1,0,1
736233,1207,0,4481,9610,1,0,1
736234,1531,0,6074,9385,1,0,1
736235,1270,0,6196,-7234,1,0,1
736236,65535,255,2439,-7694,0,0,0
736237,65535,255,817,10040,0,0,0
736238,65535,255,3740,9743,0,0,0
736239,946,0,5621,9467,1,0,1
736240,65535,255,6550,-7140,0,0,1
736241,889,0,3342,-7626,1,0,1
736242,947,0,321,-7898,1,0,1
736243,65535,255,2879,9812,0,0,0
736244,997,0,5089,9576,1,0,1
736245,1418,0,6457,9311,1,0,1
736246,341,2,4119,-7573,1,0,0
736247,988,0,1434,-7922,1,0,1
736248,1156,0,1885,9953,1,0,1
736249,65535,255,4467,9631,0,0,0
736250,736,0,6065,9407,1,0,1
736251,843,2,6203,-7254,1,0,1
736252,1301,2,2453,-7809,1,0,1
736253,1069,0,800,9793,1,0,1
736254,1058,2,3728,9712,1,0,0
736255,745,0,5613,9455,1,0,0
736256,65535,255,6555,-7132,0,0,0
736257,973,0,3355,-7623,1,0,1
736258,1070,0,333,-7317,1,0,1
736259,65535,255,2864,9857,0,0,0
736260,65535,255,5085,9524,0,0,0
736261,1132,0,6452,9291,1,0,1
736262,930,0,4127,-7634,1,0,1
736263,790,0,1440,-7805,1,0,1
736264,1106,0,1880,9902,1,0,1
736265,65535,255,4460,9620,0,0,0
736266,65535,255,6062,9407,0,0,0
736267,65535,255,6205,-7254,0,0,0
736268,1231,0,2463,-7830,1,0,1
736269,1141,0,794,10044,1,0,1
736270,759,0,3720,9777,1,0,0
736271,65535,255,5608,9497,0,0,0
736272,256,0,6555,-7165,1,0,1
736273,65535,255,3420,-6098,0,0,0
736274,65535,255,336,-8112,0,0,0
736275,1213,2,2860,9715,1,0,1
736276,387,2,5078,9532,1,0,0
736277,711,2,6448,9314,1,0,1
736278,1172,2,4131,-7550,1,0,0
736279,1273,0,1451,-7781,1,0,1
736280,1336,0,1869,9795,1,0,1
736281,1067,0,4447,9653,1,0,1
736282,65535,255,6054,9405,0,0,0
736283,0,0,0,0,0,0,0
736284,65535,255,2473,-7730,0,0,0
736285,1026,0,770,10047,1,0,1
736286,1109,0,3704,9739,1,0,1
736287,1244,0,5599,9458,1,0,1
736288,1309,0,6559,-7135,1,0,1
736289,65535,255,3377,-7709,0,0,0
736290,1106,0,365,-8004,1,0,1
736291,1480,0,2842,9728,1,0,1
736292,1146,0,5065,9528,1,0,1
736293,65535,255,6439,9330,0,0,0
736294,1113,0,4146,-7596,1,0,1
736295,1114,0,1474,-7959,1,0,1
736296,1296,0,1842,9977,1,0,1
736297,1339,0,4434,9629,1,0,1
736298,65535,255,6046,9399,0,0,0
736299,65535,255,6216,-7246,0,0,0
736300,924,0,2488,-7753,1,0,1
736301,1109,0,754,10271,1,0,1
736302,1200,0,3697,9660,1,0,1
736303,1212,0,5589,9491,1,0,1
736304,1111,0,6565,-7161,1,0,1
736305,1121,0,3385,-7672,1,0,1
736306,1048,0,377,-7738,1,0,1
736307,1271,0,2824,9836,1,0,1
736308,1184,0,5059,9528,1,0,1
736309,65535,255,6436,9302,0,0,0
736310,65535,255,4153,-7623,0,0,0
736311,65535,255,1479,-7737,0,0,0
736312,1012,0,1836,9816,1,0,1
736313,934,0,4427,9681,1,0,0
736314,65535,255,6045,9375,0,0,0
736315,65535,255,6218,-7226,0,0,0
736316,1050,2,2498,-7714,1,0,0
736317,65535,255,748,10186,0,0,0
736318,1128,0,3692,9666,1,0,1
736319,1033,0,5588,9496,1,0,1
736320,1128,0,6566,-7164,1,0,1
736321,65535,255,3390,-7716,0,0,1
736322,1258,0,384,-8346,1,0,1
736323,1129,0,2827,9807,1,0,1
736324,1299,0,5056,9583,1,0,1
736325,1571,0,6436,9324,1,0,1
736326,65535,255,4152,-7609,0,0,0
736327,907,0,1479,-7737,1,0,1
736328,65535,255,1842,9834,0,0,0
736329,65535,255,4434,9605,0,0,0
736330,984,0,6047,9395,1,0,1
736331,1145,0,6217,-7245,1,0,0
736332,65535,255,2493,-7829,0,0,0
736333,1371,2,753,9963,1,0,1
736334,987,0,3696,9757,1,0,1
736335,65535,255,5593,9491,0,0,0
736336,1165,0,6566,-7160,1,0,1
736337,765,0,3385,-7726,1,0,1
736338,1599,0,373,-7444,1,0,1
736339,1172,2,2837,9851,1,0,0
736340,1283,0,5067,9528,1,0,1
736341,1104,0,6443,9291,1,0,1
736342,65535,255,4145,-7555,0,0,0
736343,517,2,1474,-7937,1,0,1
736344,1358,0,1853,9745,1,0,1
736345,1268,0,4440,9680,1,0,1
736346,1344,0,6053,9387,1,0,1
736347,1028,0,6215,-7235,1,0,1
736348,65535,255,2483,-7843,0,0,0
736349,893,0,770,10049,1,0,1
736350,1148,0,3709,9723,1,0,1
736351,65535,255,5603,9485,0,0,0
736352,65535,255,6561,-7172,0,0,0
736353,65535,255,3368,-7647,0,0,0
736354,65535,255,354,-7915,0,0,0
736355,65535,255,2855,9773,0,0,0
736356,816,0,5075,9585,1,0,1
736357,1113,0,6450,9332,1,0,1
736358,1548,0,4134,-7646,1,0,1
736359,1129,0,1451,-7895,1,0,1
736360,1246,0,1873,9805,1,0,1
736361,1208,0,4457,9666,1,0,1
736362,986,0,6061,9397,1,0,1
736363,1351,0,6208,-7244,1,0,1
736364,65535,255,2458,-7691,0,0,0
736365,1087,2,798,9816,1,0,0
736366,65535,255,3728,9714,0,0,0
736367,65535,255,5615,9475,0,0,0
736368,897,2,6554,-7150,1,0,0
736369,65535,255,3351,-7747,0,0,0
736370,65535,255,320,-7495,0,0,0
736371,1088,0,2879,9749,1,0,1
736372,1533,0,5090,9578,1,0,1
736373,1142,0,6459,9307,1,0,1
736374,1040,2,4112,-7550,1,0,1
736375,1449,0,1423,-7992,1,0,1
736376,1474,0,1902,9832,1,0,1
736377,65535,255,4477,9626,0,0,0
736378,65535,255,6074,9367,0,0,0
736379,1188,0,6195,-7248,1,0,1
736380,1526,0,2433,-7835,1,0,0
736381,65535,255,829,10120,0,0,0
736382,1015,0,3756,9696,1,0,0
736383,1142,0,5629,9473,1,0,1
736384,1100,0,6542,-7146,1,0,1
736385,1005,0,3324,-7705,1,0,1
736386,1672,0,290,-8248,1,0,1
736387,65535,255,2903,9780,0,0,0
736388,65535,255,5107,9570,0,0,0
736389,1029,0,6469,9314,1,0,1
736390,1123,0,4093,-7594,1,0,1
736391,65535,255,1391,-7793,0,0,0
736392,1189,0,1930,9797,1,0,1
736393,1398,0,4491,9608,1,0,1
736394,800,2,6081,9385,1,0,0
736395,1406,2,6186,-7233,1,0,1
736396,65535,255,2409,-7785,0,0,0
736397,1604,0,852,9803,1,0,1
736398,1177,0,3768,9726,1,0,1
736399,1121,0,5637,9467,1,0,1
736400,65535,255,6536,-7144,0,0,0
736401,65535,255,3306,-7679,0,0,0
736402,65535,255,273,-8146,0,0,0
736403,65535,255,2917,9789,0,0,0
736404,1097,2,5116,9579,1,0,1
736405,1264,0,6473,9324,1,0,1
736406,1633,0,4082,-7617,1,0,1
736407,1428,0,1366,-7782,1,0,1
736408,65535,255,1946,9898,0,0,0
736409,1332,0,4505,9635,1,0,1
736410,65535,255,6089,9381,0,0,1
736411,926,0,6177,-7266,1,0,0
736412,1191,0,2384,-7733,1,0,1
736413,1178,0,875,10148,1,0,1
736414,0,0,0,0,0,0,0
736415,0,0,0,0,0,0,0
736416,517,0,6529,-7149,1,0,1
736417,1076,0,3298,-7623,1,0,1
736418,1560,0,261,-7906,1,0,1
736419,65535,255,2917,9811,0,0,0
736420,1222,0,5113,9533,1,0,1
736421,983,0,6470,9310,1,0,1
736422,65535,255,4086,-7609,0,0,0
736423,1218,0,1383,-7854,1,0,1
736424,1267,0,1936,9763,1,0,1
736425,889,0,4492,9605,1,0,1
736426,65535,255,6080,9384,0,0,0
736427,841,2,6185,-7263,1,0,0
736428,65535,255,2414,-7823,0,0,0
736429,1138,2,840,10117,1,0,0
736430,905,0,3756,9711,1,0,1
736431,382,2,5628,9482,1,0,0
736432,1184,0,6539,-7153,1,0,1
736433,951,2,3325,-7658,1,0,1
736434,65535,255,303,-8459,0,0,0
736435,1204,0,2891,9783,1,0,1
736436,1215,0,5096,9572,1,0,1
736437,1154,0,6463,9287,1,0,1
736438,1358,0,4106,-7571,1,0,1
736439,1080,0,1412,-7921,1,0,1
736440,1244,0,1908,9832,1,0,1
736441,989,0,4475,9639,1,0,1
736442,65535,255,6071,9384,0,0,0
736443,906,0,6193,-7231,1,0,0
736444,1258,0,2439,-7743,1,0,1
736445,973,0,817,9920,1,0,1
736446,65535,255,3740,9682,0,0,0
736447,1114,0,5617,9475,1,0,1
736448,1101,0,6547,-7147,1,0,0
736449,1097,0,3342,-7666,1,0,1
736450,1488,0,326,-8413,1,0,1
736451,1064,0,2874,9739,1,0,0
736452,65535,255,5086,9561,0,0,0
736453,65535,255,6455,9304,0,0,0
736454,65535,255,4120,-7618,0,0,0
736455,1379,0,1434,-7943,1,0,1
736456,65535,255,1886,9869,0,0,0
736457,1116,2,4464,9659,1,0,1
736458,928,0,6064,9402,1,0,1
736459,1314,0,6203,-7247,1,0,1
736460,65535,255,2459,-7832,0,0,0
736461,1601,0,801,9631,1,0,1
736462,1313,0,3723,9756,1,0,1
736463,65535,255,5611,9454,0,0,0
736464,599,2,6553,-7132,1,0,0
736465,806,0,3355,-7647,1,0,1
736466,1005,0,339,-8598,1,0,1
736467,65535,255,2865,9751,0,0,0
736468,989,0,5082,9528,1,0,0
736469,1085,0,6452,9315,1,0,1
736470,65535,255,4127,-7541,0,0,0
736471,65535,255,1440,-7710,0,0,0
736472,65535,255,1875,9993,0,0,0
736473,961,0,4457,9617,1,0,1
736474,65535,255,6061,9378,0,0,1
736475,1118,0,6207,-7228,1,0,1
736476,941,0,2463,-7805,1,0,1
736477,1147,0,788,10216,1,0,1
736478,1198,0,3720,9756,1,0,1
736479,1369,0,5608,9459,1,0,1
736480,65535,255,6556,-7135,0,0,0
736481,1108,0,3363,-7682,1,0,1
736482,1403,0,343,-7426,1,0,1
736483,1078,0,2860,9817,1,0,1
736484,895,2,5079,9559,1,0,1
736485,664,2,6452,9290,1,0,1
736486,1388,2,4134,-7603,1,0,1
736487,1284,0,1451,-7941,1,0,1
736488,1027,0,1875,9905,1,0,1
736489,911,2,4457,9591,1,0,0
736490,1128,2,6062,9366,1,0,1
736491,976,2,6207,-7216,1,0,1
736492,1167,0,2468,-7779,1,0,1
736493,1563,0,783,10218,1,0,1
736494,1097,0,3720,9764,1,0,1
736495,945,0,5608,9464,1,0,1
736496,957,2,6557,-7138,1,0,1
736497,1214,0,3364,-7709,1,0,1
736498,886,0,342,-7814,1,0,1
736499,1164,0,2860,9872,1,0,1
736500,910,0,5078,9591,1,0,1
736501,1554,0,6450,9312,1,0,1
736502,1295,0,4131,-7548,1,0,1
736503,1013,0,1445,-7779,1,0,0
736504,1322,0,1875,9800,1,0,1
736505,1050,0,4457,9654,1,0,1
736506,1094,0,6061,9411,1,0,1
736507,815,0,6206,-7258,1,0,0
736508,888,0,2463,-7753,1,0,1
736509,1139,0,788,10131,1,0,1
736510,1065,0,3720,9756,1,0,1
736511,1359,0,5608,9464,1,0,1
736512,874,0,6555,-7139,1,0,0
736513,827,2,3359,-7727,1,0,1
736514,65535,255,336,-8104,0,0,0
736515,1107,2,2865,9729,1,0,0
736516,891,2,5082,9528,1,0,0
736517,1552,0,6451,9326,1,0,1
736518,1341,0,4127,-7583,1,0,1
736519,1020,0,1440,-7919,1,0,1
736520,1140,0,1880,9922,1,0,1
736521,875,2,4461,9610,1,0,0
736522,65535,255,6062,9382,0,0,0
736523,1040,2,6203,-7232,1,0,0
736524,1079,0,2454,-7677,1,0,1
736525,1020,0,799,9919,1,0,1
736526,881,0,3728,9716,1,0,1
736527,1273,0,5611,9449,1,0,0
736528,65535,255,6552,-7128,0,0,0
736529,993,0,3351,-7710,1,0,0
736530,774,0,325,-8019,1,0,1
736531,991,0,2875,9729,1,0,0
736532,1211,0,5087,9532,1,0,1
736533,1103,0,6453,9333,1,0,1
736534,1089,0,4117,-7604,1,0,1
736535,65535,255,1429,-7989,0,0,0
736536,1506,0,1886,9991,1,0,0
736537,1175,0,4464,9641,1,0,1
736538,1255,0,6065,9406,1,0,1
736539,956,0,6197,-7252,1,0,0
736540,1123,0,2444,-7768,1,0,1
736541,1132,2,816,9762,1,0,1
736542,1145,0,3736,9667,1,0,1
736543,706,2,5617,9494,1,0,0
736544,873,0,6547,-7160,1,0,1
736545,1057,2,3338,-7665,1,0,0
736546,1394,2,308,-7587,1,0,0
736547,998,2,2884,9858,1,0,0
736548,1092,2,5093,9520,1,0,1
736549,936,2,6459,9324,1,0,1
736550,951,2,4105,-7592,1,0,1
736551,1070,0,1412,-7992,1,0,0
736552,1291,0,1903,9988,1,0,0
736553,1098,0,4475,9646,1,0,1
736554,951,0,6071,9412,1,0,1
736555,1017,0,6191,-7257,1,0,1
736556,65535,255,2425,-7706,0,0,0
736557,1678,0,829,9959,1,0,1
736558,1015,0,3748,9737,1,0,1
736559,65535,255,5627,9465,0,0,0
736560,933,0,6540,-7141,1,0,1
736561,65535,255,3320,-7630,0,0,0
736562,1161,0,292,-7225,1,0,1
736563,1220,0,2898,9835,1,0,1
736564,1009,0,5102,9579,1,0,0
736565,638,0,6466,9323,1,0,0
736566,65535,255,4094,-7600,0,0,0
736567,65535,255,1392,-7869,0,0,0
736568,1102,0,1930,9763,1,0,1
736569,1099,0,4491,9663,1,0,1
736570,631,0,6082,9366,1,0,0
736571,607,2,6184,-7250,1,0,1
736572,65535,255,2404,-7678,0,0,1
736573,928,0,858,10037,1,0,1
736574,941,0,3768,9759,1,0,1
736575,1171,2,5637,9482,1,0,1
736576,1041,2,6534,-7154,1,0,1
736577,958,0,3302,-7678,1,0,1
736578,949,0,261,-8030,1,0,0
736579,1083,0,2926,9758,1,0,1
736580,504,2,5119,9554,1,0,1
736581,1198,2,6477,9303,1,0,1
736582,1133,2,4075,-7566,1,0,1
736583,1413,0,1366,-7926,1,0,1
736584,1207,2,1952,9982,1,0,1
736585,1241,0,4508,9655,1,0,1
736586,1244,0,6092,9409,1,0,1
736587,1483,0,6176,-7250,1,0,1
736588,65535,255,2389,-7839,0,0,0
736589,1058,0,869,9921,1,0,1
736590,1048,0,3776,9743,1,0,1
736591,1267,0,5642,9476,1,0,1
736592,1072,0,6534,-7147,1,0,1
736593,1346,0,3311,-7668,1,0,1
736594,1011,0,272,-7909,1,0,1
736595,1140,0,2912,9759,1,0,1
736596,1052,0,5110,9561,1,0,1
736597,1056,0,6469,9312,1,0,1
736598,1317,0,4097,-7578,1,0,1
736599,956,2,1400,-7994,1,0,1
736600,1419,2,1919,9782,1,0,0
736601,1124,2,4484,9669,1,0,0
736602,1053,0,6074,9390,1,0,1
736603,1149,0,6196,-7236,1,0,1
736604,909,0,2439,-7732,1,0,1
736605,1193,0,817,9878,1,0,1
736606,922,2,3740,9657,1,0,1
736607,65535,255,5618,9456,0,0,1
736608,898,2,6550,-7132,1,0,0
736609,1170,0,3351,-7627,1,0,1
736610,1445,0,330,-7913,1,0,0
736611,976,0,2869,9825,1,0,1
736612,65535,255,5084,9547,0,0,0
736613,490,2,6452,9324,1,0,1
736614,1076,2,4127,-7565,1,0,1
736615,1190,0,1447,-7762,1,0,1
736616,1307,0,1875,9920,1,0,1
736617,850,0,4454,9672,1,0,1
736618,1091,0,6059,9405,1,0,1
736619,1152,0,6210,-7251,1,0,1
736620,1391,0,2473,-7831,1,0,0
736621,65535,255,777,10219,0,0,0
736622,1071,0,3712,9739,1,0,0
736623,778,0,5600,9495,1,0,1
736624,1082,0,6563,-7168,1,0,1
736625,1156,0,3380,-7735,1,0,1
736626,699,0,365,-7821,1,0,0
736627,638,0,2841,9839,1,0,0
736628,1158,0,5067,9560,1,0,1
736629,986,0,6441,9334,1,0,1
736630,65535,255,4149,-7575,0,0,0
736631,1053,0,1473,-7803,1,0,1
736632,1016,0,1848,9764,1,0,1
736633,1494,2,4434,9624,1,0,1
736634,65535,255,6047,9380,0,0,0
736635,1064,2,6219,-7226,1,0,1
736636,1148,0,2498,-7777,1,0,1
736637,1010,0,747,10096,1,0,1
736638,1335,2,3688,9726,1,0,1
736639,65535,255,5588,9507,0,0,0
736640,65535,255,6569,-7169,0,0,0
736641,1057,0,3393,-7617,1,0,1
736642,948,0,389,-8165,1,0,1
736643,65535,255,2819,9823,0,0,0
736644,805,0,5050,9589,1,0,0
736645,959,0,6433,9307,1,0,1
736646,989,0,4163,-7634,1,0,1
736647,1144,0,1496,-7680,1,0,1
736648,987,0,1820,9962,1,0,1
736649,65535,255,4421,9601,0,0,0
736650,920,0,6039,9370,1,0,1
736651,793,0,6223,-7220,1,0,1
736652,65535,255,2513,-7776,0,0,0
736653,65535,255,725,10148,0,0,0
736654,65535,255,3676,9744,0,0,0
736655,1025,0,5581,9449,1,0,1
736656,1405,0,6573,-7127,1,0,1
736657,908,0,3406,-7669,1,0,1
736658,1541,0,407,-7422,1,0,1
736659,1306,0,2804,9799,1,0,1
736660,1233,0,5044,9553,1,0,1
736661,1189,0,6427,9331,1,0,1
736662,1175,2,4171,-7599,1,0,1
736663,65535,255,1512,-7930,0,0,0
736664,1051,0,1809,9910,1,0,1
736665,65535,255,4410,9674,0,0,0
736666,65535,255,6032,9397,0,0,0
736667,65535,255,6227,-7215,0,0,0
736668,1223,0,2523,-7786,1,0,1
736669,1030,0,719,10244,1,0,1
736670,1124,0,3664,9769,1,0,1
736671,1277,0,5574,9468,1,0,1
736672,1533,0,6575,-7143,1,0,1
736673,1271,0,3415,-7721,1,0,1
736674,65535,255,412,-7989,0,0,0
736675,1020,0,2795,9874,1,0,0
736676,1130,0,5039,9578,1,0,1
736677,65535,255,6425,9317,0,0,0
736678,1129,0,4171,-7564,1,0,0
736679,65535,255,1512,-7844,0,0,0
736680,65535,255,1804,9838,0,0,0
736681,1055,0,4408,9679,1,0,1
736682,1244,0,6030,9424,1,0,1
736683,65535,255,6228,-7211,0,0,0
736684,1044,0,2523,-7748,1,0,1
736685,1092,0,713,10152,1,0,1
736686,1236,0,3664,9754,1,0,1
736687,65535,255,5574,9464,0,0,0
736688,65535,255,6575,-7139,0,0,1
736689,65535,255,3415,-7729,0,0,0
736690,65535,255,412,-8152,0,0,0
736691,962,2,2800,9744,1,0,1
736692,1289,2,5041,9538,1,0,1
736693,65535,255,6425,9335,0,0,0
736694,1343,0,4174,-7604,1,0,1
736695,65535,255,1512,-7994,0,0,0
736696,65535,255,1809,-7994,0,0,0
736697,867,2,4414,-7994,1,0,0
736698,65535,255,6032,-7994,0,0,0
736699,65535,255,6229,-7994,0,0,0
736700,1282,0,2523,-7994,1,0,1
736701,1743,0,719,-7994,1,0,1
736702,65535,255,3672,-7994,0,0,0
736703,65535,255,5578,-7994,0,0,0
736704,65535,255,6575,-7994,0,0,0
736705,1369,0,3406,-7994,1,0,1
736706,1530,0,409,-7994,1,0,1
736707,1261,0,2808,-7994,1,0,1
736708,65535,255,5047,-7994,0,0,0
736709,65535,255,6430,-7994,0,0,0
736710,1005,0,4167,-7994,1,0,1
736711,65535,255,1501,-7994,0,0,0
736712,773,0,1820,-7994,1,0,0
736713,1282,0,4420,-7994,1,0,1
736714,65535,255,6038,-7994,0,0,0
736715,1667,0,6227,-7994,1,0,1
736716,1318,2,2513,-7994,1,0,1
736717,1542,0,735,-7994,1,0,1
736718,1462,0,3680,-7994,1,0,1
736719,65535,255,5586,-7994,0,0,0
736720,65535,255,6572,-7994,0,0,0
736721,65535,255,3397,-7994,0,0,0
736722,65535,255,390,-7994,0,0,0
736723,1326,2,2818,-7994,1,0,1
736724,1065,0,5055,-7994,1,0,1
736725,65535,255,6435,-7994,0,0,0
736726,65535,255,4159,-7994,0,0,0
736727,1202,2,1490,-7994,1,0,1
736728,1598,0,1831,-7994,1,0,1
736729,1747,0,4433,-7994,1,0,1
736730,1440,0,6047,-7994,1,0,1
736731,1349,0,6222,-7994,1,0,1
736732,1084,0,2498,-7994,1,0,1
736733,1595,0,753,-7994,1,0,1
736734,1181,0,3696,-7994,1,0,1
736735,1237,0,5595,-7994,1,0,1
736736,1035,0,6566,-7994,1,0,1
736737,1333,0,3385,-7994,1,0,0
736738,941,0,367,-7994,1,0,0
736739,65535,255,2836,-7994,0,0,0
736740,65535,255,5067,-7994,0,0,0
736741,65535,255,6444,-7994,0,0,0
736742,65535,255,4145,-7994,0,0,0
736743,1180,0,1464,-7994,1,0,1
736744,1553,0,1859,-7994,1,0,1
736745,1369,0,4444,-7994,1,0,1
736746,1458,0,6055,-7994,1,0,1
736747,1007,0,6212,-7994,1,0,1
736748,1032,2,2473,-7994,1,0,1
736749,963,0,776,-7994,1,0,1
736750,1337,0,3712,-7994,1,0,1
736751,1166,0,5606,-7994,1,0,1
736752,1007,0,6559,-7994,1,0,1
736753,65535,255,3364,-7994,0,0,0
736754,1026,2,342,-7994,1,0,0
736755,988,0,2860,-7994,1,0,1
736756,1190,0,5082,-7994,1,0,1
736757,1260,2,6452,-7994,1,0,1
736758,1535,0,4127,-7994,1,0,1
736759,1537,0,1440,-7994,1,0,1
736760,1482,0,1883,-7994,1,0,1
736761,1088,0,4464,-7994,1,0,1
736762,1180,0,6066,-7994,1,0,1
736763,975,0,6201,-7994,1,0,0
736764,1135,0,2443,-7994,1,0,1
736765,1324,0,812,-7994,1,0,1
736766,65535,255,3740,-7994,0,0,0
736767,1242,0,5619,-7994,1,0,1
736768,1207,0,6548,-7994,1,0,1
736769,65535,255,3338,-7994,0,0,0
736770,1158,0,311,-7994,1,0,0
736771,65535,255,2889,-7994,0,0,0
736772,911,0,5099,-7994,1,0,1
736773,1118,0,6463,-7994,1,0,0
736774,65535,255,4101,-7994,0,0,0
736775,65535,255,1400,-7994,0,0,0
736776,65535,255,1919,-7994,0,0,0
736777,1068,0,4485,-7994,1,0,1
736778,1072,0,6078,-7994,1,0,1
736779,1078,2,6187,-7994,1,0,0
736780,1084,2,2409,-7994,1,0,1
736781,1860,0,847,-7994,1,0,1
736782,1259,0,3762,-7994,1,0,1
736783,65535,255,5633,-7994,0,0,0
736784,65535,255,6536,-7994,0,0,0
736785,65535,255,3316,-7994,0,0,0
736786,65535,255,280,-7994,0,0,0
736787,1180,0,2907,-7994,1,0,1
736788,1147,2,5107,-7994,1,0,1
736789,65535,255,6467,-7994,0,0,0
736790,1356,0,4094,-7994,1,0,1
736791,1051,0,1394,-7994,1,0,0
736792,1162,0,1921,-7994,1,0,0
736793,1185,0,4485,-7994,1,0,1
736794,0,0,0,0,0,0,0
736795,65535,255,6187,-7994,0,0,0
736796,1009,0,2419,-7994,1,0,0
736797,65535,255,835,-7994,0,0,0
736798,65535,255,3753,-7994,0,0,0
736799,758,0,5627,-7994,1,0,1
736800,65535,255,6540,-7994,0,0,0
736801,1340,0,3324,-7994,1,0,1
736802,65535,255,293,-7994,0,0,0
736803,1202,0,2898,-7994,1,0,1
736804,1244,0,5099,-7994,1,0,1
736805,810,0,6463,-7994,1,0,1
736806,1393,2,4101,-7994,1,0,1
736807,1094,0,1400,-7994,1,0,1
736808,65535,255,1914,-7994,0,0,0
736809,1064,0,4482,-7994,1,0,1
736810,1085,0,6076,-7994,1,0,1
736811,1109,2,6189,-7994,1,0,1
736812,65535,255,2424,-7994,0,0,0
736813,1027,2,835,-7994,1,0,0
736814,1201,0,3753,-7994,1,0,1
736815,876,2,5625,-7994,1,0,1
736816,922,0,6542,-7994,1,0,1
736817,65535,255,3324,-7994,0,0,0
736818,65535,255,304,-7994,0,0,0
736819,65535,255,2893,-7994,0,0,0
736820,65535,255,5099,-7994,0,0,0
736821,1260,0,6462,-7994,1,0,1
736822,963,0,4101,-7994,1,0,1
736823,1285,0,1406,-7994,1,0,1
736824,1270,0,1913,-7994,1,0,1
736825,1083,0,4481,-7994,1,0,1
736826,65535,255,6075,-7994,0,0,0
736827,1301,0,6190,-7994,1,0,1
736828,1117,0,2424,-7994,1,0,1
736829,1494,0,836,-7994,1,0,1
736830,65535,255,3752,-7994,0,0,0
736831,1234,0,5627,-7994,1,0,1
736832,65535,255,6541,-7994,0,0,0
736833,878,0,3324,-7994,1,0,1
736834,1097,0,298,-7994,1,0,1
736835,727,0,2898,-7994,1,0,0
736836,1150,0,5105,-7994,1,0,1
736837,65535,255,6466,-7994,0,0,0
736838,1208,0,4101,-7994,1,0,0
736839,1267,0,1395,-7994,1,0,1
736840,1250,2,1919,-7994,1,0,0
736841,962,0,4488,-7994,1,0,1
736842,1156,0,6079,-7994,1,0,1
736843,822,0,6188,-7994,1,0,0
736844,1133,0,2419,-7994,1,0,1
736845,1190,0,840,-7994,1,0,1
736846,1467,2,3756,-7994,1,0,0
736847,1391,0,5631,-7994,1,0,1
736848,1610,0,6542,-7994,1,0,1
736849,1269,0,3319,-7994,1,0,1
736850,1008,0,285,-7994,1,0,1
736851,1238,0,2907,-7994,1,0,1
736852,1120,0,5110,-7994,1,0,1
736853,1040,0,6471,-7994,1,0,1
736854,1265,0,4093,-7994,1,0,1
736855,65535,255,1389,-7994,0,0,0
736856,65535,255,1936,-7994,0,0,0
736857,65535,255,4494,-7994,0,0,0
736858,65535,255,6083,-7994,0,0,0
736859,848,0,6186,-7994,1,0,1
736860,852,0,2409,-7994,1,0,0
736861,911,0,859,-7994,1,0,1
736862,65535,255,3768,-7994,0,0,0
736863,1244,0,5639,-7994,1,0,1
736864,1205,0,6536,-7994,1,0,1
736865,954,0,3310,-7994,1,0,1
736866,1759,0,272,-7994,1,0,1
736867,65535,255,2917,-7994,0,0,0
736868,1318,2,5115,-7994,1,0,1
736869,1045,2,6476,-7994,1,0,1
736870,1227,2,4086,-7994,1,0,0
736871,1182,0,1372,-7994,1,0,1
736872,1348,0,1947,-7994,1,0,1
736873,1046,0,4504,-7994,1,0,1
736874,1050,0,6090,-7994,1,0,0
736875,1181,2,6179,-7994,1,0,1
736876,65535,255,2389,-7994,0,0,0
736877,993,0,875,-7994,1,0,1
736878,1090,0,3780,-7994,1,0,1
736879,1096,0,5645,-7994,1,0,1
736880,1057,0,6532,-7994,1,0,1
736881,823,0,3293,-7994,1,0,0
736882,1047,0,252,-7994,1,0,1
736883,1150,0,2936,-7994,1,0,1
736884,1212,0,5127,-7994,1,0,1
736885,65535,255,6481,-7994,0,0,0
736886,995,0,4070,-7994,1,0,0
736887,802,0,1355,-7994,1,0,0
736888,973,0,1963,-7994,1,0,1
736889,1128,0,4515,-7994,1,0,1
736890,1377,0,6097,-7994,1,0,1
736891,65535,255,6172,-7994,0,0,0
736892,953,0,2374,-7994,1,0,1
736893,996,0,894,-7994,1,0,0
736894,1163,0,3797,-7994,1,0,1
736895,1237,0,5652,-7994,1,0,1
736896,821,0,6523,-7994,1,0,1
736897,1023,2,3284,-7994,1,0,0
736898,65535,255,238,-7994,0,0,0
736899,1027,2,2940,-7994,1,0,1
736900,65535,255,5127,-7994,0,0,1
736901,838,0,6479,-7994,1,0,1
736902,1118,0,4071,-7994,1,0,1
736903,929,0,1355,-7994,1,0,1
736904,844,2,1958,-7994,1,0,0
736905,1329,0,4506,-7994,1,0,1
736906,1737,2,6089,-7994,1,0,1
736907,1219,2,6177,-7994,1,0,1
736908,1131,0,2395,-7994,1,0,1
736909,1573,0,863,-7994,1,0,1
736910,1061,0,3776,-7994,1,0,1
736911,65535,255,5639,-7994,0,0,0
736912,1208,0,6532,-7994,1,0,1
736913,65535,255,3303,-7994,0,0,1
736914,1087,0,268,-7994,1,0,1
736915,1060,0,2914,-7994,1,0,0
736916,1050,0,5111,-7994,1,0,1
736917,1128,0,6470,-7994,1,0,1
736918,1131,0,4086,-7994,1,0,0
736919,1087,0,1389,-7994,1,0,1
736920,1190,0,1930,-7994,1,0,1
736921,888,0,4488,-7994,1,0,0
736922,867,0,6078,-7994,1,0,1
736923,959,0,6185,-7994,1,0,1
736924,1016,0,2419,-7994,1,0,1
736925,1002,0,840,-7994,1,0,1
736926,1348,0,3753,-7994,1,0,1
736927,1042,2,5626,-7994,1,0,1
736928,1103,0,6540,-7994,1,0,1
736929,65535,255,3325,-7994,0,0,0
736930,65535,255,296,-7994,0,0,0
736931,65535,255,2893,-7994,0,0,0
736932,1109,0,5096,-7994,1,0,1
736933,1525,2,6460,-7994,1,0,1
736934,65535,255,4105,-7994,0,0,0
736935,65535,255,1412,-7994,0,0,0
736936,1140,0,1906,-7994,1,0,1
736937,1194,2,4471,-7994,1,0,0
736938,983,0,6070,-7994,1,0,1
736939,999,0,6193,-7994,1,0,0
736940,821,0,2439,-7994,1,0,0
736941,765,0,817,-7994,1,0,0
736942,1242,0,3737,-7994,1,0,1
736943,1204,0,5617,-7994,1,0,1
736944,1321,0,6547,-7994,1,0,1
736945,1200,0,3342,-7994,1,0,1
736946,65535,255,319,-7994,0,0,0
736947,65535,255,2874,-7994,0,0,0
736948,1029,0,5088,-7994,1,0,1
736949,1603,0,6455,-7994,1,0,1
736950,999,0,4116,-7994,1,0,1
736951,1077,0,1429,-7994,1,0,1
736952,139,2,1886,-7994,1,0,0
736953,505,2,4464,-7994,1,0,0
736954,65535,255,6064,-7994,0,0,0
736955,942,2,6201,-7994,1,0,0
736956,1097,0,2453,-7994,1,0,1
736957,65535,255,800,-7994,0,0,0
736958,1224,2,3724,-7994,1,0,0
736959,979,2,5613,-7994,1,0,0
736960,65535,255,6552,-7994,0,0,0
736961,65535,255,3355,-7994,0,0,0
736962,1544,0,337,-7994,1,0,1
736963,786,2,2865,-7994,1,0,1
736964,1212,0,5082,-7994,1,0,1
736965,1078,2,6452,-7994,1,0,1
736966,1208,2,4138,-7994,1,0,0
736967,65535,255,1457,-7994,0,0,0
736968,819,0,1864,-7994,1,0,0
736969,1123,0,4447,-7994,1,0,1
736970,65535,255,6053,-7994,0,0,0
736971,949,0,6212,-7994,1,0,1
736972,997,0,2483,-7994,1,0,1
736973,992,0,772,-7994,1,0,1
736974,1141,0,3704,-7994,1,0,1
736975,999,0,5598,-7994,1,0,1
736976,806,0,6563,-7994,1,0,1
736977,65535,255,3380,-7994,0,0,0
736978,1388,0,379,-7994,1,0,1
736979,974,0,2837,-7994,1,0,0
736980,65535,255,5062,-7994,0,0,0
736981,65535,255,6439,-7994,0,0,0
736982,1009,0,4152,-7994,1,0,0
736983,971,0,1479,-7994,1,0,1
736984,1352,2,1836,-7994,1,0,1
736985,1100,0,4434,-7994,1,0,1
736986,999,0,6047,-7994,1,0,1
736987,1011,0,6220,-7994,1,0,1
736988,65535,255,2502,-7994,0,0,0
736989,1527,2,742,-7994,1,0,1
736990,65535,255,3688,-7994,0,0,0
736991,1033,2,5588,-7994,1,0,1
736992,989,2,6570,-7994,1,0,0
736993,1049,0,3397,-7994,1,0,1
736994,990,0,390,-7994,1,0,1
736995,65535,255,2818,-7994,0,0,0
736996,905,0,5053,-7994,1,0,1
736997,1187,0,6433,-7994,1,0,1
736998,65535,255,4167,-7994,0,0,0
736999,65535,255,1501,-7994,0,0,0
737000,65535,255,1820,-7994,0,0,0
737001,65535,255,4421,-7994,0,0,0
737002,1157,0,6039,-7994,1,0,1
737003,364,0,6224,-7994,1,0,1
737004,1015,0,2512,-7994,1,0,0
737005,1079,0,731,-7994,1,0,1
737006,812,0,3676,-7994,1,0,1
737007,1218,0,5583,-7994,1,0,0
737008,962,0,6574,-7994,1,0,1
737009,1112,0,3406,-7994,1,0,1
737010,1245,0,406,-7994,1,0,1
737011,0,0,0,0,0,0,0
737012,1143,0,5047,-7994,1,0,1
737013,918,0,6430,-7994,1,0,1
737014,1259,0,4170,-7994,1,0,1
737015,1207,2,1506,-7994,1,0,1
737016,65535,255,1814,-7994,0,0,0
737017,0,0,0,0,0,0,0
737018,1115,2,6034,-7994,1,0,1
737019,65535,255,6227,-7994,0,0,0
737020,65535,255,2517,-7994,0,0,0
737021,65535,255,732,-7994,0,0,0
737022,946,2,3673,-7994,1,0,1
737023,1509,2,5578,-7994,1,0,1
737024,65535,255,6574,-7994,0,0,0
737025,1046,0,3406,-7994,1,0,1
737026,1578,0,407,-7994,1,0,1
737027,1440,0,2804,-7994,1,0,1
737028,65535,255,5044,-7994,0,0,0
737029,1811,0,6429,-7994,1,0,1
737030,1227,0,4169,-7994,1,0,1
737031,1629,0,1506,-7994,1,0,1
737032,1456,0,1815,-7994,1,0,1
737033,65535,255,4417,-7994,0,0,0
737034,65535,255,6035,-7994,0,0,0
737035,65535,255,6225,-7994,0,0,0
737036,1156,0,2518,-7994,1,0,0
737037,1380,0,731,-7994,1,0,1
737038,1165,0,3677,-7994,1,0,1
737039,1631,0,5579,-7994,1,0,1
737040,1286,0,6572,-7994,1,0,1
737041,65535,255,3402,-7994,0,0,0
737042,1256,0,400,-7994,1,0,1
737043,65535,255,2811,-7994,0,0,0
737044,1460,0,5048,-7994,1,0,1
737045,1139,2,6430,-7994,1,0,1
737046,65535,255,4163,-7994,0,0,0
737047,65535,255,1496,-7994,0,0,0
737048,65535,255,1826,-7994,0,0,0
737049,0,0,0,0,0,0,0
737050,0,0,0,0,0,0,0
737051,0,0,0,0,0,0,0
737052,65535,255,2508,-7994,0,0,0
737053,710,2,742,-7994,1,0,0
737054,1117,0,3685,-7994,1,0,1
737055,1225,2,5586,-7994,1,0,1
737056,65535,255,6567,-7994,0,0,0
737057,65535,255,3394,-7994,0,0,0
737058,1159,0,389,-7994,1,0,1
737059,1078,0,2823,-7994,1,0,1
737060,65535,255,5056,-7994,0,0,0
737061,65535,255,6437,-7994,0,0,0
737062,65535,255,4152,-7994,0,0,0
737063,1303,0,1484,-7994,1,0,1
737064,65535,255,1836,-7994,0,0,0
737065,65535,255,4434,-7994,0,0,0
737066,1234,0,6045,-7994,1,0,1
737067,1270,0,6217,-7994,1,0,1
737068,1427,0,2493,-7994,1,0,1
737069,65535,255,760,-7994,0,0,0
737070,1450,2,3700,-7994,1,0,1
737071,1317,0,5594,-7994,1,0,1
737072,863,0,6562,-7994,1,0,1
737073,1061,0,3376,-7994,1,0,1
737074,1530,2,368,-7994,1,0,1
737075,65535,255,2841,-7994,0,0,0
737076,0,0,0,0,0,0,0
737077,595,2,6442,-7994,1,0,1
737078,1099,2,4142,-7994,1,0,1
737079,65535,255,1457,-7994,0,0,0
737080,1366,0,1864,-7994,1,0,1
737081,0,0,0,0,0,0,0
737082,65535,255,6056,-7994,0,0,0
737083,65535,255,6209,-7994,0,0,0
737084,65535,255,2468,-7994,0,0,0
737085,65535,255,783,-7994,0,0,0
737086,985,0,3720,-7994,1,0,1
737087,484,0,5606,-7994,1,0,0
737088,65535,255,6556,-7994,0,0,0
737089,658,0,3360,-7994,1,0,0
737090,1377,0,338,-7994,1,0,1
737091,1210,0,2865,-7994,1,0,1
737092,1210,0,5085,-7994,1,0,1
737093,1220,0,6453,-7994,1,0,1
737094,65535,255,4123,-7994,0,0,0
737095,1273,0,1434,-7994,1,0,1
737096,65535,255,1886,-7994,0,0,0
737097,926,0,4467,-7994,1,0,1
737098,65535,255,6066,-7994,0,0,0
737099,65535,255,6201,-7994,0,0,0
737100,65535,255,2449,-7994,0,0,0
737101,0,0,0,0,0,0,0
737102,65535,255,3740,-7994,0,0,0
737103,0,0,0,0,0,0,0
737104,0,0,0,0,0,0,0
737105,0,0,0,0,0,0,0
737106,1147,0,307,-7994,1,0,1
737107,65535,255,2893,-7994,0,0,0
737108,65535,255,5101,-7994,0,0,0
737109,1300,2,6465,-7994,1,0,1
737110,65535,255,4101,-7994,0,0,0
737111,1301,0,1401,-7994,1,0,1
737112,65535,255,1925,-7994,0,0,0
737113,65535,255,4489,-7994,0,0,0
737114,1035,0,6081,-7994,1,0,1
737115,684,0,6188,-7994,1,0,1
737116,65535,255,2413,-7994,0,0,0
737117,65535,255,852,-7994,0,0,0
737118,1316,0,3768,-7994,1,0,1
737119,1708,0,5637,-7994,1,0,1
737120,1273,0,6537,-7994,1,0,1
737121,1235,0,3315,-7994,1,0,1
737122,1381,0,279,-7994,1,0,1
737123,1258,0,2912,-7994,1,0,1
737124,65535,255,5110,-7994,0,0,0
737125,65535,255,6471,-7994,0,0,0
737126,65535,255,4093,-7994,0,0,0
737127,1256,0,1389,-7994,1,0,1
737128,65535,255,1924,-7994,0,0,0
737129,1310,0,4488,-7994,1,0,0
737130,1751,0,6079,-7994,1,0,1
737131,65535,255,6188,-7994,0,0,0
737132,65535,255,2419,-7994,0,0,0
737133,1186,0,841,-7994,1,0,1
737134,971,0,3752,-7994,1,0,1
737135,65535,255,5627,-7994,0,0,0
737136,1427,0,6542,-7994,1,0,1
737137,1257,0,3328,-7994,1,0,1
737138,1259,0,302,-7994,1,0,1
737139,1364,0,2894,-7994,1,0,1
737140,1338,0,5099,-7994,1,0,1
737141,1121,2,6462,-7994,1,0,1
737142,0,0,0,0,0,0,0
737143,1125,2,1411,-7994,1,0,0
737144,1131,0,1908,-7994,1,0,1
737145,1177,0,4474,-7994,1,0,1
737146,0,0,0,0,0,0,0
737147,65535,255,6195,-7994,0,0,0
737148,65535,255,2433,-7994,0,0,0
737149,65535,255,824,-7994,0,0,0
737150,1221,0,3740,-7994,1,0,1
737151,1291,0,5622,-7994,1,0,1
737152,1110,0,6546,-7994,1,0,1
737153,1280,0,3338,-7994,1,0,1
737154,1443,0,314,-7994,1,0,1
737155,1169,0,2884,-7994,1,0,1
737156,65535,255,5094,-7994,0,0,0
737157,65535,255,6457,-7994,0,0,0
737158,1184,0,4112,-7994,1,0,1
737159,904,2,1423,-7994,1,0,0
737160,982,2,1898,-7994,1,0,1
737161,65535,255,4468,-7994,0,0,0
737162,884,0,6069,-7994,1,0,1
737163,1077,0,6197,-7994,1,0,1
737164,1064,2,2439,-7994,1,0,1
737165,1434,0,812,-7994,1,0,0
737166,1448,0,3732,-7994,1,0,1
737167,1003,0,5617,-7994,1,0,1
737168,840,2,6547,-7994,1,0,1
737169,1116,2,3341,-7994,1,0,0
737170,65535,255,319,-7994,0,0,0
737171,65535,255,2874,-7994,0,0,0
737172,1002,0,5088,-7994,1,0,1
737173,1018,0,6456,-7994,1,0,1
737174,65535,255,4113,-7994,0,0,0
737175,65535,255,1423,-7994,0,0,0
737176,1197,0,1892,-7994,1,0,1
737177,65535,255,4467,-7994,0,0,0
737178,1174,0,6065,-7994,1,0,1
737179,65535,255,6197,-7994,0,0,0
737180,1166,0,2439,-7994,1,0,1
737181,1000,0,813,-7994,1,0,1
737182,1184,0,3733,-7994,1,0,1
737183,981,0,5617,-7994,1,0,1
737184,732,0,6546,-7994,1,0,1
737185,65535,255,3342,-7994,0,0,0
737186,0,0,0,0,0,0,0
737187,1000,0,2875,-7994,1,0,1
737188,827,2,5088,-7994,1,0,1
737189,926,0,6457,-7994,1,0,1
737190,1239,0,4113,-7994,1,0,1
737191,1135,2,1422,-7994,1,0,1
737192,1151,0,1897,-7994,1,0,1
737193,739,0,4468,-7994,1,0,1
737194,1127,0,6067,-7994,1,0,1
737195,1376,0,6197,-7994,1,0,1
737196,1329,0,2443,-7994,1,0,1
737197,1140,2,818,-7994,1,0,1
737198,1011,2,3737,-7994,1,0,1
737199,856,2,5620,-7994,1,0,1
737200,712,2,6546,-7994,1,0,1
737201,65535,255,3338,-7994,0,0,0
737202,986,2,315,-7994,1,0,1
737203,65535,255,2884,-7994,0,0,0
737204,1052,0,5094,-7994,1,0,1
737205,847,0,6460,-7994,1,0,1
737206,1012,0,4109,-7994,1,0,0
737207,65535,255,1411,-7994,0,0,0
737208,65535,255,1903,-7994,0,0,0
737209,1199,0,4478,-7994,1,0,1
737210,1030,0,6074,-7994,1,0,1
737211,65535,255,6192,-7994,0,0,0
737212,1120,0,2434,-7994,1,0,1
737213,1371,0,824,-7994,1,0,1
737214,1267,0,3748,-7994,1,0,0
737215,1230,0,5625,-7994,1,0,1
737216,1561,0,6544,-7994,1,0,1
737217,1073,0,3328,-7994,1,0,1
737218,1028,0,299,-7994,1,0,1
737219,1301,2,2893,-7994,1,0,0
737220,976,0,5102,-7994,1,0,1
737221,785,0,6465,-7994,1,0,1
737222,1157,0,4101,-7994,1,0,1
737223,677,2,1400,-7994,1,0,0
737224,1101,0,1919,-7994,1,0,1
737225,1147,0,4484,-7994,1,0,1
737226,1097,0,6079,-7994,1,0,1
737227,1014,0,6190,-7994,1,0,1
737228,1154,0,2418,-7994,1,0,1
737229,1329,0,840,-7994,1,0,0
737230,1143,0,3760,-7994,1,0,1
737231,947,2,5633,-7994,1,0,1
737232,1274,2,6540,-7994,1,0,0
737233,1091,0,3315,-7994,1,0,1
737234,1110,0,282,-7994,1,0,1
737235,1097,0,2912,-7994,1,0,0
737236,1023,0,5113,-7994,1,0,0
737237,1090,0,6473,-7994,1,0,1
737238,1189,0,4090,-7994,1,0,1
737239,1082,0,1383,-7994,1,0,1
737240,1299,0,1936,-7994,1,0,1
737241,1145,0,4501,-7994,1,0,1
737242,65535,255,6088,-7994,0,0,0
737243,65535,255,6182,-7994,0,0,0
737244,1064,0,2399,-7994,1,0,1
737245,1007,0,871,-7994,1,0,0
737246,1237,0,3775,-7994,1,0,0
737247,1061,0,5642,-7994,1,0,1
737248,65535,255,6533,-7994,0,0,0
737249,1174,0,3302,-7994,1,0,0
737250,65535,255,261,-7994,0,0,0
737251,1071,0,2931,-7994,1,0,1
737252,946,0,5124,-7994,1,0,1
737253,65535,255,6478,-7994,0,0,0
737254,65535,255,4070,-7994,0,0,0
737255,1312,2,1360,-7994,1,0,1
737256,1097,0,1963,-7994,1,0,1
737257,968,0,4513,-7994,1,0,1
737258,1083,0,6095,-7994,1,0,1
737259,65535,255,6175,-7994,0,0,1
737260,0,0,0,0,0,0,0
737261,971,0,882,-7994,1,0,0
737262,1099,2,3784,-7994,1,0,1
737263,65535,255,5645,-7994,0,0,0
737264,931,2,6529,-7994,1,0,1
737265,1002,0,3297,-7994,1,0,1
737266,1370,0,264,-7994,1,0,0
737267,1198,0,2926,-7994,1,0,0
737268,794,0,5122,-7994,1,0,1
737269,844,0,6475,-7994,1,0,1
737270,1172,0,4078,-7994,1,0,1
737271,1387,0,1366,-7994,1,0,1
737272,1133,0,1947,-7994,1,0,1
737273,763,0,4502,-7994,1,0,0
737274,576,0,6086,-7994,1,0,1
737275,931,0,6182,-7994,1,0,1
737276,1247,0,2404,-7994,1,0,1
737277,1180,0,859,-7994,1,0,1
737278,1114,0,3769,-7994,1,0,1
737279,1083,0,5635,-7994,1,0,1
737280,615,0,6535,-7994,1,0,1
737281,866,2,3311,-7994,1,0,1
737282,857,0,274,-7994,1,0,1
737283,1007,0,2912,-7994,1,0,1
737284,1244,2,5108,-7994,1,0,1
737285,1202,2,6468,-7994,1,0,1
737286,970,2,4090,-7994,1,0,0
737287,936,2,1388,-7994,1,0,1
737288,1161,2,1925,-7994,1,0,1
737289,1211,2,4489,-7994,1,0,1
737290,1171,0,6078,-7994,1,0,1
737291,974,2,6185,-7994,1,0,1
737292,1141,0,2414,-7994,1,0,1
737293,1016,2,841,-7994,1,0,1
737294,1056,0,3757,-7994,1,0,0
737295,1117,0,5630,-7994,1,0,1
737296,65535,255,6539,-7994,0,0,0
737297,1229,0,3324,-7994,1,0,0
737298,1128,0,292,-7994,1,0,1
737299,1223,0,2898,-7994,1,0,1
737300,1164,0,5099,-7994,1,0,1
737301,1353,0,6463,-7994,1,0,1
737302,65535,255,4101,-7994,0,0,0
737303,65535,255,1400,-7994,0,0,0
737304,1125,0,1914,-7994,1,0,0
737305,1036,0,4482,-7994,1,0,1
737306,65535,255,6074,-7994,0,0,0
737307,996,0,6189,-7994,1,0,1
737308,1071,0,2424,-7994,1,0,0
737309,1394,0,829,-7994,1,0,0
737310,1205,0,3749,-7994,1,0,1
737311,987,0,5623,-7994,1,0,1
737312,576,0,6542,-7994,1,0,1
737313,1073,2,3329,-7994,1,0,1
737314,1207,2,303,-7994,1,0,1
737315,851,0,2889,-7994,1,0,1
737316,1027,2,5097,-7994,1,0,1
737317,1318,0,6461,-7994,1,0,1
737318,1041,0,4105,-7994,1,0,1
737319,1017,2,1411,-7994,1,0,0
737320,1233,0,1909,-7994,1,0,1
737321,1124,0,4478,-7994,1,0,1
737322,65535,255,6072,-7994,0,0,1
737323,1355,0,6193,-7994,1,0,1
737324,1237,0,2428,-7994,1,0,0
737325,1272,0,823,-7994,1,0,0
737326,1205,0,3745,-7994,1,0,1
737327,1183,0,5622,-7994,1,0,1
737328,1114,0,6543,-7994,1,0,0
737329,1161,0,3333,-7994,1,0,1
737330,1154,0,319,-7994,1,0,1
737331,1126,0,2874,-7994,1,0,1
737332,1032,0,5085,-7994,1,0,1
737333,65535,255,6456,-7994,0,0,0
737334,1021,0,4123,-7994,1,0,0
737335,1077,0,1434,-7994,1,0,1
737336,1158,0,1881,-7994,1,0,1
737337,1161,2,4462,-7994,1,0,1
737338,505,0,6063,-7994,1,0,1
737339,444,2,6203,-7994,1,0,1
737340,65535,255,2458,-7994,0,0,1
737341,1051,2,794,-7994,1,0,1
737342,65535,255,3720,-7994,0,0,0
737343,951,2,5609,-7994,1,0,1
737344,745,0,6554,-7994,1,0,1
737345,1243,0,3359,-7994,1,0,1
737346,1105,0,342,-7994,1,0,1
737347,1229,2,2856,-7994,1,0,1
737348,1334,0,5076,-7994,1,0,1
737349,1431,0,6449,-7994,1,0,1
737350,65535,255,4134,-7994,0,0,0
737351,919,0,1452,-7994,1,0,1
737352,65535,255,1864,-7994,0,0,0
737353,1074,0,4450,-7994,1,0,1
737354,877,0,6058,-7994,1,0,1
737355,969,0,6210,-7994,1,0,1
737356,65535,255,2468,-7994,0,0,0
737357,65535,255,777,-7994,0,0,0
737358,65535,255,3712,-7994,0,0,0
737359,1154,0,5604,-7994,1,0,1
737360,1642,0,6561,-7994,1,0,1
737361,1153,0,3372,-7994,1,0,1
737362,1285,0,361,-7994,1,0,1
737363,1363,0,2846,-7994,1,0,1
737364,1346,0,5068,-7994,1,0,1
737365,1315,0,6445,-7994,1,0,1
737366,1201,0,4145,-7994,1,0,1
737367,1193,0,1468,-7994,1,0,1
737368,65535,255,1853,-7994,0,0,0
737369,65535,255,4441,-7994,0,0,0
737370,848,2,6051,-7994,1,0,1
737371,1329,2,6218,-7994,1,0,1
737372,1047,0,2488,-7994,1,0,1
737373,1236,0,759,-7994,1,0,1
737374,1068,0,3697,-7994,1,0,1
737375,980,2,5594,-7994,1,0,1
737376,947,2,6566,-7994,1,0,1
737377,978,0,3389,-7994,1,0,1
737378,65535,255,378,-7994,0,0,0
737379,65535,255,2827,-7994,0,0,0
737380,876,0,5059,-7994,1,0,1
737381,1657,0,6436,-7994,1,0,1
737382,65535,255,4159,-7994,0,0,0
737383,1172,0,1490,-7994,1,0,1
737384,65535,255,1831,-7994,0,0,0
737385,65535,255,4427,-7994,0,0,0
737386,65535,255,6043,-7994,0,0,0
737387,65535,255,6223,-7994,0,0,0
737388,1051,0,2508,-7994,1,0,1
737389,945,0,743,-7994,1,0,1
737390,65535,255,3680,-7994,0,0,0
737391,1150,0,5586,-7994,1,0,1
737392,1480,0,6572,-7994,1,0,1
737393,894,0,3401,-7994,1,0,1
737394,857,0,394,-7994,1,0,0
737395,65535,255,2813,-7994,0,0,0
737396,1054,0,5050,-7994,1,0,1
737397,65535,255,6433,-7994,0,0,0
737398,65535,255,4167,-7994,0,0,0
737399,65535,255,1501,-7994,0,0,0
737400,65535,255,1820,-7994,0,0,0
737401,65535,255,4418,-7994,0,0,0
737402,65535,255,6037,-7994,0,0,0
737403,65535,255,6225,-7994,0,0,0
737404,1158,2,2517,-7994,1,0,1
737405,995,2,725,-7994,1,0,0
737406,771,2,3673,-7994,1,0,0
737407,1303,0,5581,-7994,1,0,1
737408,1632,0,6574,-7994,1,0,1
737409,65535,255,3406,-7994,0,0,0
737410,1261,0,406,-7994,1,0,1
737411,65535,255,2804,-7994,0,0,0
737412,1197,0,5044,-7994,1,0,1
737413,65535,255,6429,-7994,0,0,0
737414,65535,255,4171,-7994,0,0,0
737415,1152,0,1506,-7994,1,0,1
737416,1372,0,1809,-7994,1,0,0
737417,1296,0,4414,-7994,1,0,1
737418,952,0,6035,-7994,1,0,1
737419,1049,0,6227,-7994,1,0,1
737420,1292,0,2518,-7994,1,0,1
737421,65535,255,724,-7994,0,0,0
737422,65535,255,3673,-7994,0,0,0
737423,65535,255,5576,-7994,0,0,0
737424,65535,255,6573,-7994,0,0,0
737425,1191,0,3406,-7994,1,0,1
737426,65535,255,407,-7994,0,0,0
737427,65535,255,2804,-7994,0,0,0
737428,1311,0,5044,-7994,1,0,1
737429,65535,255,6427,-7994,0,0,0
737430,65535,255,4171,-7994,0,0,0
737431,65535,255,1506,-7994,0,0,0
737432,65535,255,1815,-7994,0,0,0
737433,65535,255,4414,-7994,0,0,0
737434,65535,255,6035,-7994,0,0,0
737435,1131,2,6225,-7994,1,0,1
737436,1255,0,2518,-7994,1,0,0
737437,1464,0,725,-7994,1,0,1
737438,65535,255,3672,-7994,0,0,0
737439,1018,2,5579,-7994,1,0,1
737440,1200,2,6571,-7994,1,0,1
737441,65535,255,3406,-7994,0,0,0
737442,1771,0,406,-7994,1,0,1
737443,1388,0,2809,-7994,1,0,1
737444,1292,0,5048,-7994,1,0,1
737445,1312,0,6429,-7994,1,0,1
737446,1028,0,4167,-7994,1,0,0
737447,1564,0,1495,-7994,1,0,1
737448,65535,255,1820,-7994,0,0,0
737449,1203,0,4421,-7994,1,0,1
737450,1528,0,6037,-7994,1,0,1
737451,1156,0,6223,-7994,1,0,1
737452,1359,0,2507,-7994,1,0,0
737453,1368,0,731,-7994,1,0,0
737454,65535,255,3681,-7994,0,0,0
737455,1116,2,5584,-7994,1,0,1
737456,66,2,6571,-7994,1,0,1
737457,1213,0,3398,-7994,1,0,0
737458,1262,0,390,-7994,1,0,1
737459,1143,2,2818,-7994,1,0,1
737460,1174,0,5053,-7994,1,0,1
737461,65535,255,6434,-7994,0,0,0
737462,65535,255,4156,-7994,0,0,0
737463,1066,0,1490,-7994,1,0,1
737464,65535,255,1831,-7994,0,0,0
737465,65535,255,4431,-7994,0,0,0
737466,977,2,6045,-7994,1,0,1
737467,65535,255,6219,-7994,0,0,0
737468,1247,0,2497,-7994,1,0,1
737469,1177,0,748,-7994,1,0,0
737470,1050,0,3692,-7994,1,0,0
737471,65535,255,5591,-7994,0,0,0
737472,65535,255,6567,-7994,0,0,0
737473,65535,255,3385,-7994,0,0,0
737474,1279,0,373,-7994,1,0,1
737475,1069,0,2832,-7994,1,0,1
737476,1343,0,5062,-7994,1,0,1
737477,1080,0,6442,-7994,1,0,1
737478,1425,0,4148,-7994,1,0,1
737479,1257,0,1473,-7994,1,0,1
737480,1383,0,1853,-7994,1,0,1
737481,1234,0,4441,-7994,1,0,1
737482,65535,255,6051,-7994,0,0,0
737483,762,0,6215,-7994,1,0,1
737484,65535,255,2482,-7994,0,0,0
737485,65535,255,772,-7994,0,0,0
737486,1174,2,3712,-7994,1,0,1
737487,65535,255,5601,-7994,0,0,0
737488,65535,255,6561,-7994,0,0,0
737489,1065,0,3372,-7994,1,0,1
737490,65535,255,354,-7994,0,0,0
737491,1025,2,2855,-7994,1,0,0
737492,1273,0,5076,-7994,1,0,1
737493,1283,0,6451,-7994,1,0,1
737494,1183,0,4130,-7994,1,0,1
737495,1376,0,1445,-7994,1,0,1
737496,1077,2,1875,-7994,1,0,0
737497,1432,0,4457,-7994,1,0,1
737498,1247,0,6062,-7994,1,0,0
737499,134,2,6206,-7994,1,0,0
737500,1120,0,2458,-7994,1,0,1
737501,1290,0,801,-7994,1,0,1
737502,1497,0,3728,-7994,1,0,1
737503,1319,0,5616,-7994,1,0,1
737504,1498,0,6552,-7994,1,0,1
737505,1106,0,3351,-7994,1,0,0
737506,65535,255,327,-7994,0,0,0
737507,1004,0,2879,-7994,1,0,0
737508,65535,255,5090,-7994,0,0,0
737509,65535,255,6460,-7994,0,0,0
737510,65535,255,4112,-7994,0,0,0
737511,1345,0,1417,-7994,1,0,0
737512,65535,255,1908,-7994,0,0,0
737513,65535,255,4474,-7994,0,0,0
737514,65535,255,6075,-7994,0,0,0
737515,258,2,6194,-7994,1,0,0
737516,947,2,2428,-7994,1,0,0
737517,1466,0,830,-7994,1,0,1
737518,65535,255,3756,-7994,0,0,0
737519,65535,255,5629,-7994,0,0,0
737520,711,2,6542,-7994,1,0,0
737521,1361,2,3320,-7994,1,0,1
737522,1382,0,287,-7994,1,0,1
737523,1328,0,2907,-7994,1,0,1
737524,1456,0,5109,-7994,1,0,1
737525,1335,2,6470,-7994,1,0,1
737526,1533,2,4093,-7994,1,0,1
737527,1240,0,1389,-7994,1,0,1
737528,65535,255,1924,-7994,0,0,0
737529,1314,0,4488,-7994,1,0,1
737530,0,0,0,0,0,0,0
737531,667,0,6188,-7994,1,0,1
737532,1414,0,2423,-7994,1,0,1
737533,1482,0,835,-7994,1,0,1
737534,1686,0,3749,-7994,1,0,1
737535,1347,0,5624,-7994,1,0,1
737536,435,0,6542,-7994,1,0,0
737537,65535,255,3328,-7994,0,0,0
737538,995,0,301,-7994,1,0,1
737539,1174,0,2889,-7994,1,0,1
737540,979,0,5095,-7994,1,0,1
737541,65535,255,6461,-7994,0,0,0
737542,1415,0,4108,-7994,1,0,1
737543,1252,2,1417,-7994,1,0,1
737544,65535,255,1903,-7994,0,0,0
737545,1126,0,4472,-7994,1,0,0
737546,65535,255,6067,-7994,0,0,0
737547,65535,255,6197,-7994,0,0,0
737548,1387,0,2443,-7994,1,0,1
737549,65535,255,812,-7994,0,0,0
737550,65535,255,3733,-7994,0,0,0
737551,65535,255,5614,-7994,0,0,0
737552,141,2,6550,-7994,1,0,0
737553,65535,255,3347,-7994,0,0,0
737554,1574,2,325,-7994,1,0,1
737555,1383,0,2870,-7994,1,0,1
737556,1338,0,5085,-7994,1,0,1
737557,1747,0,6452,-7994,1,0,1
737558,1433,0,4123,-7994,1,0,1
737559,1239,0,1434,-7994,1,0,1
737560,1478,0,1881,-7994,1,0,1
737561,1415,0,4458,-7994,1,0,1
737562,1234,0,6061,-7994,1,0,0
737563,1725,0,6203,-7994,1,0,1
737564,1224,0,2458,-7994,1,0,1
737565,1354,0,795,-7994,1,0,0
737566,65535,255,3721,-7994,0,0,0
737567,839,0,5606,-7994,1,0,1
737568,65535,255,6555,-7994,0,0,0
737569,983,0,3359,-7994,1,0,1
737570,1598,0,343,-7994,1,0,1
737571,1166,0,2856,-7994,1,0,1
737572,895,2,5077,-7994,1,0,0
737573,1038,0,6448,-7994,1,0,1
737574,1397,0,4134,-7994,1,0,1
737575,1160,2,1451,-7994,1,0,1
737576,1193,0,1870,-7994,1,0,1
737577,1006,0,4451,-7994,1,0,1
737578,65535,255,6054,-7994,0,0,0
737579,1203,0,6207,-7994,1,0,1
737580,1239,0,2473,-7994,1,0,1
737581,65535,255,777,-7994,0,0,0
737582,1142,2,3713,-7994,1,0,1
737583,912,2,5602,-7994,1,0,1
737584,896,2,6558,-7994,1,0,1
737585,1107,0,3368,-7994,1,0,1
737586,1445,0,353,-7994,1,0,1
737587,990,0,2846,-7994,1,0,1
737588,1156,0,5071,-7994,1,0,1
737589,1254,0,6444,-7994,1,0,1
737590,65535,255,4141,-7994,0,0,0
737591,1470,0,1462,-7994,1,0,1
737592,65535,255,1859,-7994,0,0,0
737593,966,0,4444,-7994,1,0,0
737594,1285,0,6054,-7994,1,0,1
737595,1539,0,6211,-7994,1,0,1
737596,1516,0,2478,-7994,1,0,1
737597,65535,255,772,-7994,0,0,0
737598,65535,255,3704,-7994,0,0,0
737599,65535,255,5599,-7994,0,0,0
737600,65535,255,6562,-7994,0,0,0
737601,1208,0,3376,-7994,1,0,1
737602,1160,0,361,-7994,1,0,1
737603,1933,2,2841,-7994,1,0,0
737604,65535,255,5068,-7994,0,0,0
737605,1276,0,6444,-7994,1,0,1
737606,1665,0,4145,-7994,1,0,0
737607,1537,0,1467,-7994,1,0,1
737608,1045,0,1860,-7994,1,0,1
737609,1221,0,4444,-7994,1,0,1
737610,1466,0,6052,-7994,1,0,1
737611,1416,2,6212,-7994,1,0,1
737612,1586,0,2483,-7994,1,0,0
737613,260,2,772,-7994,1,0,0
737614,1234,0,3704,-7994,1,0,1
737615,975,2,5598,-7994,1,0,1
737616,1386,2,6563,-7994,1,0,1
737617,1416,2,3380,-7994,1,0,1
737618,2093,0,365,-7994,1,0,1
737619,1371,0,2842,-7994,1,0,1
737620,1090,0,5068,-7994,1,0,1
737621,1335,0,6444,-7994,1,0,1
737622,728,0,4145,-7994,1,0,1
737623,1176,0,1467,-7994,1,0,1
737624,1304,0,1854,-7994,1,0,1
737625,348,0,4441,-7994,1,0,1
737626,602,0,6052,-7994,1,0,1
737627,1303,0,6214,-7994,1,0,1
737628,1265,0,2482,-7994,1,0,1
737629,1460,0,766,-7994,1,0,1
737630,1336,0,3705,-7994,1,0,1
737631,1367,0,5597,-7994,1,0,1
737632,1326,0,6562,-7994,1,0,0
737633,1386,0,3375,-7994,1,0,1
737634,1431,0,360,-7994,1,0,1
737635,1298,0,2842,-7994,1,0,1
737636,1369,2,5069,-7994,1,0,1
737637,1015,2,6444,-7994,1,0,1
737638,389,2,4144,-7994,1,0,0
737639,471,2,1467,-7994,1,0,1
737640,1626,2,1853,-7994,1,0,0
737641,1190,2,4445,-7994,1,0,1
737642,1497,2,6052,-7994,1,0,1
737643,1107,2,6213,-7994,1,0,1
737644,1008,2,2482,-7994,1,0,1
737645,2128,2,767,-7994,1,0,0
737646,1746,2,3705,-7994,1,0,1
737647,900,0,5600,-7994,1,0,0
737648,773,2,6560,-7994,1,0,0
737649,1180,0,3371,-7994,1,0,1
737650,1596,0,359,-7994,1,0,1
737651,634,0,2847,-7994,1,0,1
737652,1191,0,5072,-7994,1,0,1
737653,1296,0,6445,-7994,1,0,1
737654,1123,0,4137,-7994,1,0,1
737655,1119,0,1456,-7994,1,0,1
737656,1262,0,1865,-7994,1,0,1
737657,898,0,4448,-7994,1,0,1
737658,1170,0,6055,-7994,1,0,1
737659,1387,0,6210,-7994,1,0,1
737660,1036,0,2472,-7994,1,0,1
737661,1006,0,778,-7994,1,0,1
737662,1133,0,3713,-7994,1,0,1
737663,1107,0,5602,-7994,1,0,1
737664,1093,0,6558,-7994,1,0,1
737665,990,2,3366,-7994,1,0,1
737666,1196,2,347,-7994,1,0,1
737667,1524,0,2852,-7994,1,0,1
737668,1087,2,5075,-7994,1,0,1
737669,1189,0,6449,-7994,1,0,1
737670,990,2,4130,-7994,1,0,1
737671,1576,2,1450,-7994,1,0,0
737672,1067,0,1870,-7994,1,0,0
737673,1413,0,4452,-7994,1,0,1
737674,732,2,6059,-7994,1,0,1
737675,1516,2,6206,-7994,1,0,0
737676,916,2,2459,-7994,1,0,1
737677,800,0,795,-7994,1,0,0
737678,1406,0,3721,-7994,1,0,0
737679,1025,0,5608,-7994,1,0,0
737680,241,2,6552,-7994,1,0,0
737681,1113,0,3354,-7994,1,0,1
737682,1207,0,330,-7994,1,0,1
737683,1051,0,2866,-7994,1,0,1
737684,1168,0,5083,-7994,1,0,1
737685,1315,0,6452,-7994,1,0,1
737686,644,0,4119,-7994,1,0,0
737687,1008,0,1433,-7994,1,0,1
737688,1347,0,1887,-7994,1,0,1
737689,1226,0,4462,-7994,1,0,0
737690,1280,0,6064,-7994,1,0,1
737691,1370,0,6200,-7994,1,0,1
737692,1247,0,2442,-7994,1,0,1
737693,1211,0,812,-7994,1,0,1
737694,1077,0,3726,-7994,1,0,1
737695,1053,2,5608,-7994,1,0,0
737696,210,2,6554,-7994,1,0,0
737697,1508,2,3354,-7994,1,0,1
737698,421,0,338,-7994,1,0,0
737699,1100,0,2862,-7994,1,0,1
737700,713,2,5077,-7994,1,0,1
737701,1563,0,6449,-7994,1,0,1
737702,1168,2,4130,-7994,1,0,1
737703,1176,0,1450,-7994,1,0,1
737704,1523,0,1871,-7994,1,0,1
737705,1246,0,4452,-7994,1,0,1
737706,1251,0,6058,-7994,1,0,1
737707,1374,2,6208,-7994,1,0,0
737708,1179,0,2472,-7994,1,0,1
737709,65535,255,784,-7994,0,0,0
737710,1375,0,3714,-7994,1,0,1
737711,940,0,5603,-7994,1,0,1
737712,1140,0,6559,-7994,1,0,1
737713,1001,0,3367,-7994,1,0,1
737714,1552,0,355,-7994,1,0,1
737715,65535,255,2847,-7994,0,0,0
737716,1071,0,5071,-7994,1,0,1
737717,1156,0,6446,-7994,1,0,1
737718,1140,0,4141,-7994,1,0,1
737719,1193,0,1457,-7994,1,0,1
737720,65535,255,1865,-7994,0,0,0
737721,65535,255,4444,-7994,0,0,0
737722,888,0,6054,-7994,1,0,1
737723,956,2,6213,-7994,1,0,1
737724,65535,255,2477,-7994,0,0,0
737725,1071,2,776,-7994,1,0,1
737726,724,2,3712,-7994,1,0,0
737727,1032,0,5601,-7994,1,0,1
737728,1109,2,6561,-7994,1,0,1
737729,1052,0,3372,-7994,1,0,1
737730,1900,0,360,-7994,1,0,1
737731,1443,0,2846,-7994,1,0,1
737732,1293,0,5070,-7994,1,0,1
737733,1079,0,6445,-7994,1,0,1
737734,1003,0,4141,-7994,1,0,1
737735,947,0,1462,-7994,1,0,1
737736,1035,0,1858,-7994,1,0,1
737737,1058,0,4448,-7994,1,0,1
737738,1076,0,6055,-7994,1,0,1
737739,993,0,6212,-7994,1,0,1
737740,1213,0,2477,-7994,1,0,1
737741,65535,255,772,-7994,0,0,0
737742,1071,0,3713,-7994,1,0,1
737743,1128,0,5601,-7994,1,0,1
737744,946,0,6561,-7994,1,0,1
737745,1076,0,3372,-7994,1,0,1
737746,1322,0,353,-7994,1,0,1
737747,1329,0,2846,-7994,1,0,1
737748,1302,0,5073,-7994,1,0,1
737749,1445,0,6446,-7994,1,0,1
737750,65535,255,4138,-7994,0,0,0
737751,1343,0,1457,-7994,1,0,1
737752,1586,0,1864,-7994,1,0,1
737753,1217,0,4451,-7994,1,0,1
737754,1149,0,6058,-7994,1,0,1
737755,1324,0,6210,-7994,1,0,1
737756,1119,0,2468,-7994,1,0,1
737757,1222,0,783,-7994,1,0,1
737758,1181,0,3716,-7994,1,0,1
737759,1151,0,5606,-7994,1,0,1
737760,1199,0,6557,-7994,1,0,1
737761,1181,2,3363,-7994,1,0,1
737762,65535,255,342,-7994,0,0,0
737763,368,2,2861,-7994,1,0,0
737764,833,2,5079,-7994,1,0,1
737765,821,0,6451,-7994,1,0,1
737766,65535,255,4127,-7994,0,0,0
737767,65535,255,1445,-7994,0,0,0
737768,65535,255,1875,-7994,0,0,0
737769,1549,0,4457,-7994,1,0,1
737770,65535,255,6063,-7994,0,0,0
737771,65535,255,6205,-7994,0,0,0
737772,65535,255,2458,-7994,0,0,0
737773,65535,255,800,-7994,0,0,0
737774,65535,255,3728,-7994,0,0,0
737775,1146,0,5614,-7994,1,0,1
737776,1233,0,6553,-7994,1,0,1
737777,1281,0,3350,-7994,1,0,1
737778,1164,0,324,-7994,1,0,1
737779,1299,0,2875,-7994,1,0,1
737780,1302,0,5088,-7994,1,0,1
737781,1332,0,6457,-7994,1,0,1
737782,1333,0,4116,-7994,1,0,1
737783,65535,255,1423,-7994,0,0,0
737784,65535,255,1897,-7994,0,0,0
737785,65535,255,4471,-7994,0,0,0
737786,65535,255,6069,-7994,0,0,0
737787,65535,255,6197,-7994,0,0,0
737788,1449,0,2434,-7994,1,0,1
737789,798,2,818,-7994,1,0,0
737790,1356,0,3744,-7994,1,0,1
737791,0,0,0,0,0,0,0
737792,65535,255,6545,-7994,0,0,0
737793,1291,2,3333,-7994,1,0,0
737794,65535,255,299,-7994,0,0,0
737795,1200,0,2893,-7994,1,0,1
737796,1501,0,5102,-7994,1,0,1
737797,65535,255,6464,-7994,0,0,0
737798,65535,255,4101,-7994,0,0,0
737799,65535,255,1394,-7994,0,0,0
737800,1697,0,1919,-7994,1,0,1
737801,1026,0,4486,-7994,1,0,0
737802,1363,0,6078,-7994,1,0,1
737803,842,0,6186,-7994,1,0,1
737804,65535,255,2414,-7994,0,0,0
737805,65535,255,846,-7994,0,0,0
737806,65535,255,3760,-7994,0,0,0
737807,577,0,5633,-7994,1,0,0
737808,300,2,6536,-7994,1,0,1
737809,65535,255,3310,-7994,0,0,0
737810,922,2,270,-7994,1,0,1
737811,65535,255,2917,-7994,0,0,0
737812,1175,2,5116,-7994,1,0,1
737813,65535,255,6472,-7994,0,0,0
737814,1246,2,4082,-7994,1,0,1
737815,1333,0,1377,-7994,1,0,1
737816,1382,0,1936,-7994,1,0,1
737817,65535,255,4492,-7994,0,0,0
737818,1129,0,6083,-7994,1,0,1
737819,1339,2,6184,-7994,1,0,1
737820,65535,255,2409,-7994,0,0,0
737821,2304,0,847,-7994,1,0,1
737822,65535,255,3757,-7994,0,0,0
737823,1130,0,5633,-7994,1,0,0
737824,1444,2,6539,-7994,1,0,1
737825,1253,0,3319,-7994,1,0,1
737826,2155,0,292,-7994,1,0,1
737827,65535,255,2898,-7994,0,0,0
737828,65535,255,5102,-7994,0,0,0
737829,65535,255,6465,-7994,0,0,0
737830,65535,255,4101,-7994,0,0,0
737831,849,0,1400,-7994,1,0,0
737832,65535,255,1914,-7994,0,0,0
737833,1322,0,4478,-7994,1,0,1
737834,1323,0,6074,-7994,1,0,1
737835,1267,0,6192,-7994,1,0,1
737836,65535,255,2433,-7994,0,0,0
737837,1537,0,823,-7994,1,0,1
737838,1185,0,3745,-7994,1,0,1
737839,65535,255,5622,-7994,0,0,0
737840,65535,255,6545,-7994,0,0,0
737841,1415,0,3337,-7994,1,0,1
737842,65535,255,313,-7994,0,0,0
737843,65535,255,2879,-7994,0,0,0
737844,1070,0,5093,-7994,1,0,1
737845,553,2,6459,-7994,1,0,1
737846,1286,0,4112,-7994,1,0,1
737847,1342,0,1419,-7994,1,0,1
737848,65535,255,1897,-7994,0,0,0
737849,1325,0,4468,-7994,1,0,1
737850,65535,255,6069,-7994,0,0,0
737851,65535,255,6199,-7994,0,0,0
737852,1214,0,2448,-7994,1,0,1
737853,2068,0,806,-7994,1,0,1
737854,1827,0,3733,-7994,1,0,1
737855,65535,255,5614,-7994,0,0,0
737856,839,0,6551,-7994,1,0,0
737857,1580,0,3350,-7994,1,0,1
737858,2538,0,332,-7994,1,0,1
737859,1218,0,2873,-7994,1,0,1
737860,65535,255,5085,-7994,0,0,0
737861,65535,255,6455,-7994,0,0,0
737862,65535,255,4123,-7994,0,0,0
737863,65535,255,1434,-7994,0,0,0
737864,742,0,1882,-7994,1,0,0
737865,1414,0,4464,-7994,1,0,1
737866,210,0,6063,-7994,1,0,0
737867,65535,255,6203,-7994,0,0,0
737868,65535,255,2453,-7994,0,0,0
737869,65535,255,801,-7994,0,0,0
737870,65535,255,3724,-7994,0,0,0
737871,1243,2,5612,-7994,1,0,1
737872,1569,2,6554,-7994,1,0,1
737873,1077,0,3355,-7994,1,0,1
737874,979,0,336,-7994,1,0,1
737875,1276,0,2865,-7994,1,0,1
737876,65535,255,5082,-7994,0,0,0
737877,181,2,6453,-7994,1,0,0
737878,1047,0,4127,-7994,1,0,1
737879,65535,255,1439,-7994,0,0,0
737880,65535,255,1881,-7994,0,0,0
737881,1530,0,4458,-7994,1,0,1
737882,1096,0,6063,-7994,1,0,1
737883,733,2,6204,-7994,1,0,1
737884,1712,0,2462,-7994,1,0,1
737885,65535,255,794,-7994,0,0,0
737886,65535,255,3725,-7994,0,0,0
737887,640,0,5609,-7994,1,0,0
737888,65535,255,6555,-7994,0,0,0
737889,1439,0,3359,-7994,1,0,1
737890,65535,255,336,-7994,0,0,0
737891,1574,0,2861,-7994,1,0,0
737892,1216,0,5082,-7994,1,0,1
737893,1259,0,6452,-7994,1,0,1
737894,733,0,4127,-7994,1,0,0
737895,65535,255,1439,-7994,0,0,0
737896,1209,0,1881,-7994,1,0,1
737897,1231,2,4458,-7994,1,0,1
737898,65535,255,6061,-7994,0,0,0
737899,940,0,6205,-7994,1,0,0
737900,969,2,2458,-7994,1,0,1
737901,1080,2,797,-7994,1,0,1
737902,1076,0,3725,-7994,1,0,1
737903,1197,0,5613,-7994,1,0,1
737904,1156,0,6552,-7994,1,0,1
737905,1177,2,3351,-7994,1,0,1
737906,2039,0,332,-7994,1,0,1
737907,1320,0,2871,-7994,1,0,1
737908,1287,0,5085,-7994,1,0,1
737909,1013,2,6453,-7994,1,0,1
737910,1196,2,4120,-7994,1,0,1
737911,1321,0,1434,-7994,1,0,1
737912,1269,0,1886,-7994,1,0,1
737913,1104,0,4461,-7994,1,0,1
737914,1275,0,6063,-7994,1,0,1
737915,822,0,6200,-7994,1,0,1
737916,65535,255,2448,-7994,0,0,0
737917,1377,0,806,-7994,1,0,1
737918,1459,0,3733,-7994,1,0,1
737919,65535,255,5615,-7994,0,0,0
737920,1118,0,6549,-7994,1,0,0
737921,1405,0,3346,-7994,1,0,1
737922,1001,0,319,-7994,1,0,1
737923,1164,0,2875,-7994,1,0,1
737924,65535,255,5088,-7994,0,0,0
737925,765,0,6456,-7994,1,0,1
737926,982,0,4112,-7994,1,0,0
737927,1370,2,1417,-7994,1,0,1
737928,1761,2,1898,-7994,1,0,1
737929,1168,2,4472,-7994,1,0,1
737930,920,2,6070,-7994,1,0,1
737931,892,2,6195,-7994,1,0,1
737932,1042,2,2433,-7994,1,0,1
737933,1020,2,823,-7994,1,0,1
737934,1159,2,3745,-7994,1,0,1
737935,1209,2,5622,-7994,1,0,1
737936,1405,0,6544,-7994,1,0,0
737937,1132,2,3329,-7994,1,0,1
737938,65535,255,305,-7994,0,0,0
737939,1708,2,2889,-7994,1,0,1
737940,1327,2,5099,-7994,1,0,1
737941,1223,0,6463,-7994,1,0,1
737942,742,0,4101,-7994,1,0,1
737943,1497,0,1405,-7994,1,0,1
737944,1513,0,1914,-7994,1,0,1
737945,1255,0,4485,-7994,1,0,1
737946,961,0,6078,-7994,1,0,1
737947,1107,0,6188,-7994,1,0,1
737948,1227,0,2414,-7994,1,0,1
737949,1718,0,841,-7994,1,0,1
737950,1173,0,3761,-7994,1,0,1
737951,874,0,5630,-7994,1,0,0
737952,65535,255,6539,-7994,0,0,0
737953,1189,0,3315,-7994,1,0,1
737954,1570,0,280,-7994,1,0,1
737955,1811,0,2908,-7994,1,0,1
737956,1195,2,5111,-7994,1,0,1
737957,65535,255,6471,-7994,0,0,0
737958,1356,0,4087,-7994,1,0,1
737959,1123,0,1377,-7994,1,0,1
737960,1068,0,1942,-7994,1,0,1
737961,1059,2,4499,-7994,1,0,1
737962,907,0,6088,-7994,1,0,1
737963,859,0,6182,-7994,1,0,1
737964,1113,2,2394,-7994,1,0,0
737965,65535,255,871,-7994,0,0,0
737966,1117,0,3776,-7994,1,0,1
737967,65535,255,5641,-7994,0,0,0
737968,1938,2,6533,-7994,1,0,1
737969,1119,0,3301,-7994,1,0,1
737970,65535,255,266,-7994,0,0,0
737971,65535,255,2917,-7994,0,0,0
737972,1423,0,5116,-7994,1,0,1
737973,65535,255,6474,-7994,0,0,0
737974,1341,0,4085,-7994,1,0,1
737975,1446,0,1377,-7994,1,0,1
737976,1686,0,1936,-7994,1,0,0
737977,65535,255,4495,-7994,0,0,0
737978,840,0,6086,-7994,1,0,1
737979,799,0,6184,-7994,1,0,1
737980,1254,0,2409,-7994,1,0,1
737981,994,0,852,-7994,1,0,0
737982,1881,0,3764,-7994,1,0,1
737983,1560,0,5635,-7994,1,0,1
737984,786,0,6537,-7994,1,0,0
737985,1416,0,3319,-7994,1,0,0
737986,1134,0,286,-7994,1,0,1
737987,65535,255,2903,-7994,0,0,0
737988,1011,2,5108,-7994,1,0,1
737989,65535,255,6469,-7994,0,0,0
737990,65535,255,4096,-7994,0,0,0
737991,1027,2,1393,-7994,1,0,0
737992,1296,0,1920,-7994,1,0,1
737993,1285,2,4487,-7994,1,0,1
737994,1878,2,6078,-7994,1,0,1
737995,65535,255,6189,-7994,0,0,0
737996,1496,0,2423,-7994,1,0,1
737997,1977,0,836,-7994,1,0,1
737998,929,0,3753,-7994,1,0,1
737999,757,0,5628,-7994,1,0,1
738000,1034,0,6544,-7994,1,0,1
738001,1102,0,3327,-7994,1,0,1
738002,65535,255,301,-7994,0,0,0
738003,65535,255,2894,-7994,0,0,0
738004,1113,0,5102,-7994,1,0,0
738005,1338,0,6463,-7994,1,0,1
738006,1032,0,4104,-7994,1,0,1
738007,65535,255,1405,-7994,0,0,0
738008,1058,0,1915,-7994,1,0,1
738009,1533,0,4479,-7994,1,0,1
738010,914,0,6074,-7994,1,0,1
738011,65535,255,6193,-7994,0,0,0
738012,1230,0,2433,-7994,1,0,1
738013,1348,0,824,-7994,1,0,0
738014,1216,0,3745,-7994,1,0,0
738015,1304,0,5623,-7994,1,0,1
738016,1074,0,6545,-7994,1,0,0
738017,1062,0,3337,-7994,1,0,0
738018,1347,2,307,-7994,1,0,0
738019,1157,0,2890,-7994,1,0,1
738020,1161,0,5094,-7994,1,0,1
738021,65535,255,6460,-7994,0,0,0
738022,1124,0,4108,-7994,1,0,1
738023,1423,2,1416,-7994,1,0,0
738024,1121,0,1904,-7994,1,0,1
738025,65535,255,4472,-7994,0,0,0
738026,1427,0,6070,-7994,1,0,1
738027,1535,0,6196,-7994,1,0,1
738028,1152,0,2437,-7994,1,0,1
738029,979,2,818,-7994,1,0,0
738030,1334,0,3741,-7994,1,0,0
738031,65535,255,5621,-7994,0,0,0
738032,1488,0,6547,-7994,1,0,1
738033,1126,0,3341,-7994,1,0,1
738034,1125,0,313,-7994,1,0,0
738035,981,0,2885,-7994,1,0,1
738036,1518,0,5092,-7994,1,0,1
738037,65535,255,6459,-7994,0,0,0
738038,65535,255,4111,-7994,0,0,0
738039,958,0,1416,-7994,1,0,1
738040,1492,0,1899,-7994,1,0,1
738041,65535,255,4472,-7994,0,0,0
738042,1044,0,6068,-7994,1,0,1
738043,824,0,6196,-7994,1,0,1
738044,1183,0,2439,-7994,1,0,0
738045,1265,0,820,-7994,1,0,1
738046,1326,0,3738,-7994,1,0,0
738047,1181,0,5618,-7994,1,0,1
738048,1186,0,6547,-7994,1,0,1
738049,506,0,3336,-7994,1,0,1
738050,1727,0,313,-7994,1,0,1
738051,1078,0,2885,-7994,1,0,1
738052,65535,255,5095,-7994,0,0,0
738053,869,0,6459,-7994,1,0,1
738054,65535,255,4111,-7994,0,0,0
738055,794,0,1416,-7994,1,0,1
738056,954,2,1904,-7994,1,0,1
738057,988,2,4473,-7994,1,0,1
738058,1654,2,6064,-7994,1,0,1
738059,1176,0,6200,-7994,1,0,1
738060,1195,2,2447,-7994,1,0,1
738061,1368,0,801,-7994,1,0,1
738062,1695,0,3726,-7994,1,0,1
738063,994,0,5613,-7994,1,0,1
738064,1001,0,6550,-7994,1,0,1
738065,1221,0,3350,-7994,1,0,0
738066,978,0,329,-7994,1,0,1
738067,1875,0,2867,-7994,1,0,1
738068,1082,0,5084,-7994,1,0,1
738069,1098,0,6452,-7994,1,0,1
738070,1055,0,4122,-7994,1,0,1
738071,1114,0,1439,-7994,1,0,1
738072,1686,0,1876,-7994,1,0,1
738073,872,0,4459,-7994,1,0,1
738074,1091,0,6062,-7994,1,0,1
738075,873,0,6203,-7994,1,0,1
738076,65535,255,2457,-7994,0,0,0
738077,1013,0,796,-7994,1,0,1
738078,1330,2,3726,-7994,1,0,1
738079,992,2,5610,-7994,1,0,1
738080,322,2,6553,-7994,1,0,1
738081,967,0,3354,-7994,1,0,1
738082,1550,2,335,-7994,1,0,1
738083,1285,0,2862,-7994,1,0,1
738084,520,2,5084,-7994,1,0,1
738085,1311,0,6451,-7994,1,0,1
738086,1275,0,4127,-7994,1,0,1
738087,1109,0,1440,-7994,1,0,1
738088,65535,255,1880,-7994,0,0,0
738089,1388,2,4458,-7994,1,0,1
738090,1018,0,6063,-7994,1,0,1
738091,1294,0,6205,-7994,1,0,1
738092,1033,0,2458,-7994,1,0,1
738093,748,0,800,-7994,1,0,1
738094,65535,255,3725,-7994,0,0,0
738095,65535,255,5612,-7994,0,0,0
738096,65535,255,6553,-7994,0,0,0
738097,65535,255,3351,-7994,0,0,0
738098,2020,0,332,-7994,1,0,0
738099,65535,255,2870,-7994,0,0,0
738100,65535,255,5085,-7994,0,0,0
738101,1304,0,6453,-7994,1,0,1
738102,959,0,4123,-7994,1,0,1
738103,1587,0,1434,-7994,1,0,1
738104,1937,0,1887,-7994,1,0,1
738105,1063,0,4468,-7994,1,0,1
738106,746,0,6067,-7994,1,0,1
738107,852,0,6200,-7994,1,0,1
738108,1082,2,2448,-7994,1,0,0
738109,65535,255,812,-7994,0,0,0
738110,65535,255,3736,-7994,0,0,0
738111,1125,0,5619,-7994,1,0,1
738112,1468,0,6550,-7994,1,0,1
738113,1216,0,3342,-7994,1,0,1
738114,1023,2,314,-7994,1,0,1
738115,65535,255,2880,-7994,0,0,0
738116,1529,0,5093,-7994,1,0,1
738117,1953,0,6460,-7994,1,0,1
738118,1374,0,4112,-7994,1,0,1
738119,65535,255,1417,-7994,0,0,0
738120,65535,255,1903,-7994,0,0,0
738121,842,0,4478,-7994,1,0,1
738122,1148,0,6074,-7994,1,0,1
738123,1059,0,6196,-7994,1,0,1
738124,1058,0,2428,-7994,1,0,1
738125,1329,0,830,-7994,1,0,1
738126,1129,0,3752,-7994,1,0,1
738127,1224,0,5627,-7994,1,0,1
738128,1207,0,6544,-7994,1,0,1
738129,0,0,0,0,0,0,0
738130,925,0,290,-7994,1,0,0
738131,1014,0,2903,-7994,1,0,0
738132,1613,0,5104,-7994,1,0,1
738133,65535,255,6467,-7994,0,0,0
738134,1563,0,4097,-7994,1,0,1
738135,1288,0,1395,-7994,1,0,1
738136,1397,0,1924,-7994,1,0,1
738137,65535,255,4488,-7994,0,0,0
738138,65535,255,6079,-7994,0,0,0
738139,65535,255,6189,-7994,0,0,0
738140,65535,255,2423,-7994,0,0,0
738141,65535,255,835,-7994,0,0,0
738142,65535,255,3752,-7994,0,0,0
738143,1160,0,5627,-7994,1,0,1
738144,1036,0,6543,-7994,1,0,1
738145,1184,0,3328,-7994,1,0,1
738146,0,0,0,0,0,0,0
738147,1166,2,2894,-7994,1,0,1
738148,854,0,5099,-7994,1,0,0
738149,1236,0,6462,-7994,1,0,1
738150,1194,0,4109,-7994,1,0,1
738151,1648,0,1417,-7994,1,0,1
738152,1772,0,1903,-7994,1,0,1
738153,1179,0,4475,-7994,1,0,1
738154,1194,0,6071,-7994,1,0,1
738155,1432,0,6196,-7994,1,0,1
738156,1503,0,2438,-7860,1,0,1
738157,65535,255,819,-7860,0,0,0
738158,65535,255,3737,-7860,0,0,0
738159,906,0,5620,-7860,1,0,1
738160,977,0,6547,-7860,1,0,1
738161,1447,0,3342,-7860,1,0,1
738162,65535,255,320,-7860,0,0,0
738163,1048,0,2880,-7860,1,0,1
738164,1186,0,5088,-7860,1,0,1
738165,1504,0,6456,-7860,1,0,1
738166,1045,0,4116,-7860,1,0,1
738167,65535,255,1428,-7860,0,0,0
738168,65535,255,1892,-7860,0,0,0
738169,818,2,4465,-7860,1,0,1
738170,65535,255,6065,-7860,0,0,0
738171,562,2,6199,-7860,1,0,1
738172,918,0,2445,-7860,1,0,1
738173,65535,255,805,-7860,0,0,0
738174,648,2,3729,-7860,1,0,1
738175,65535,255,5613,-7860,0,0,0
738176,65535,255,6549,-7860,0,0,0
738177,1172,0,3348,-7860,1,0,1
738178,974,0,327,-7860,1,0,1
738179,1277,0,2869,-7860,1,0,1
738180,1230,0,5084,-7860,1,0,1
738181,1240,0,6452,-7860,1,0,1
738182,65535,255,4121,-7860,0,0,0
738183,1354,0,1435,-7860,1,0,1
738184,65535,255,1886,-7860,0,0,0
738185,65535,255,4460,-7860,0,0,0
738186,1265,0,6062,-7860,1,0,1
738187,65535,255,6201,-7860,0,0,0
738188,1096,0,2455,-7860,1,0,1
738189,65535,255,800,-7860,0,0,0
738190,65535,255,3723,-7860,0,0,0
738191,65535,255,5611,-7860,0,0,0
738192,65535,255,6552,-7860,0,0,0
738193,1148,0,3352,-7860,1,0,1
738194,1770,0,333,-7860,1,0,1
738195,65535,255,2864,-7860,0,0,0
738196,65535,255,5081,-7860,0,0,0
738197,1699,0,6451,-7860,1,0,1
738198,1211,0,4121,-7860,1,0,1
738199,1292,0,1435,-7860,1,0,1
738200,2149,0,1879,-7860,1,0,1
738201,614,2,4460,-7860,1,0,0
738202,65535,255,6061,-7860,0,0,0
738203,65535,255,6203,-7860,0,0,0
738204,65535,255,2454,-7860,0,0,0
738205,65535,255,799,-7860,0,0,0
738206,65535,255,3727,-7860,0,0,0
738207,1676,0,5609,-7860,1,0,1
738208,1962,0,6553,-7860,1,0,1
738209,1382,0,3352,-7860,1,0,1
738210,65535,255,334,-7860,0,0,0
738211,1362,0,2869,-7860,1,0,1
738212,1116,0,5084,-7860,1,0,1
738213,1480,0,6452,-7860,1,0,1
738214,1218,0,4121,-7860,1,0,1
738215,1726,0,1435,-7860,1,0,1
738216,1970,0,1885,-7860,1,0,0
738217,65535,255,4464,-7860,0,0,0
738218,65535,255,6063,-7860,0,0,0
738219,65535,255,6202,-7860,0,0,0
738220,1136,0,2449,-7860,1,0,1
738221,1216,0,805,-7860,1,0,1
738222,65535,255,3732,-7860,0,0,0
738223,1119,0,5616,-7860,1,0,1
738224,1094,0,6550,-7860,1,0,1
738225,1214,2,3348,-7860,1,0,1
738226,65535,255,319,-7860,0,0,0
738227,1753,2,2874,-7860,1,0,0
738228,1151,0,5089,-7860,1,0,1
738229,65535,255,6457,-7860,0,0,0
738230,928,0,4113,-7860,1,0,1
738231,1658,0,1424,-7860,1,0,1
738232,65535,255,1896,-7860,0,0,0
738233,465,2,4470,-7860,1,0,0
738234,1455,0,6069,-7860,1,0,1
738235,1333,0,6199,-7860,1,0,1
738236,65535,255,2439,-7860,0,0,0
738237,65535,255,817,-7860,0,0,0
738238,65535,255,3739,-7860,0,0,0
738239,65535,255,5623,-7860,0,0,0
738240,969,0,6546,-7860,1,0,1
738241,1549,0,3338,-7860,1,0,1
738242,65535,255,309,-7860,0,0,0
738243,1199,0,2893,-7860,1,0,1
738244,1382,0,5100,-7860,1,0,1
738245,561,0,6463,-7860,1,0,0
738246,1064,0,4105,-7860,1,0,1
738247,1363,0,1404,-7860,1,0,1
738248,1495,0,1913,-7860,1,0,1
738249,1156,0,4483,-7860,1,0,1
738250,739,0,6078,-7860,1,0,1
738251,1147,0,6193,-7860,1,0,1
738252,65535,255,2424,-7860,0,0,0
738253,1252,2,840,-7860,1,0,1
738254,1594,0,3755,-7860,1,0,1
738255,1377,2,5631,-7860,1,0,1
738256,65535,255,6541,-7860,0,0,0
738257,720,2,3315,-7860,1,0,1
738258,1056,0,281,-7860,1,0,1
738259,1262,0,2911,-7860,1,0,1
738260,1040,0,5112,-7860,1,0,1
738261,65535,255,6472,-7860,0,0,0
738262,1074,0,4086,-7860,1,0,1
738263,1819,0,1383,-7860,1,0,1
738264,1106,2,1940,-7860,1,0,1
738265,65535,255,4500,-7860,0,0,0
738266,1153,0,6087,-7860,1,0,1
738267,1046,0,6182,-7860,1,0,1
738268,1640,0,2399,-7860,1,0,1
738269,65535,255,864,-7860,0,0,0
738270,65535,255,3781,-7860,0,0,0
738271,1067,0,5642,-7860,1,0,1
738272,839,0,6531,-7860,1,0,1
738273,65535,255,3296,-7860,0,0,0
738274,65535,255,249,-7860,0,0,0
738275,1599,0,2931,-7860,1,0,1
738276,1110,0,5125,-7860,1,0,1
738277,2052,0,6478,-7860,1,0,1
738278,65535,255,4074,-7860,0,0,0
738279,1200,0,1366,-7860,1,0,1
738280,1176,2,1950,-7860,1,0,1
738281,1236,0,4502,-7860,1,0,1
738282,65535,255,6088,-7860,0,0,0
738283,65535,255,6179,-7860,0,0,0
738284,1433,0,2403,-7860,1,0,1
738285,65535,255,858,-7860,0,0,0
738286,937,0,3769,-7860,1,0,0
738287,1127,0,5635,-7860,1,0,1
738288,1286,0,6535,-7860,1,0,1
738289,1143,2,3314,-7860,1,0,1
738290,1464,2,280,-7860,1,0,0
738291,1944,0,2908,-7860,1,0,1
738292,1148,0,5108,-7860,1,0,1
738293,1354,0,6468,-7860,1,0,1
738294,1101,0,4093,-7860,1,0,1
738295,1243,2,1394,-7860,1,0,0
738296,65535,255,1920,-7860,0,0,0
738297,907,0,4485,-7860,1,0,1
738298,272,2,6078,-7860,1,0,0
738299,1525,0,6189,-7860,1,0,1
738300,986,0,2423,-7860,1,0,1
738301,1012,0,835,-7860,1,0,1
738302,1136,0,3749,-7860,1,0,1
738303,1808,0,5622,-7860,1,0,1
738304,1267,0,6543,-7860,1,0,0
738305,895,0,3328,-7860,1,0,0
738306,1148,0,301,-7860,1,0,1
738307,1010,0,2889,-7860,1,0,1
738308,937,0,5094,-7860,1,0,1
738309,1387,0,6459,-7860,1,0,0
738310,65535,255,4109,-7860,0,0,0
738311,1084,2,1417,-7860,1,0,0
738312,1174,0,1903,-7860,1,0,1
738313,65535,255,4472,-7860,0,0,0
738314,65535,255,6067,-7860,0,0,0
738315,65535,255,6197,-7860,0,0,0
738316,1709,0,2443,-7860,1,0,1
738317,65535,255,812,-7860,0,0,0
738318,1502,0,3733,-7860,1,0,1
738319,65535,255,5615,-7860,0,0,0
738320,1110,0,6548,-7860,1,0,1
738321,1121,0,3347,-7860,1,0,1
738322,1327,2,331,-7860,1,0,1
738323,1865,0,2866,-7860,1,0,1
738324,2013,2,5080,-7860,1,0,1
738325,1782,0,6450,-7860,1,0,1
738326,1578,0,4127,-7860,1,0,1
738327,1132,0,1439,-7860,1,0,1
738328,1129,0,1876,-7860,1,0,1
738329,1083,0,4454,-7860,1,0,1
738330,1237,0,6059,-7860,1,0,1
738331,1598,0,6205,-7860,1,0,1
738332,1752,0,2468,-7860,1,0,1
738333,1776,0,783,-7860,1,0,1
738334,1514,0,3713,-7860,1,0,1
738335,1685,0,5602,-7860,1,0,1
738336,1229,0,6557,-7860,1,0,1
738337,1425,0,3372,-7860,1,0,1
738338,1540,0,356,-7860,1,0,1
738339,1648,0,2842,-7860,1,0,1
738340,1192,0,5068,-7860,1,0,0
738341,1176,0,6444,-7860,1,0,1
738342,1127,0,4141,-7860,1,0,1
738343,1006,0,1462,-7860,1,0,0
738344,1350,0,1853,-7860,1,0,1
738345,1047,0,4441,-7860,1,0,1
738346,913,0,6049,-7860,1,0,1
738347,1194,0,6215,-7860,1,0,1
738348,1420,0,2487,-7860,1,0,1
738349,1936,2,760,-7860,1,0,1
738350,1526,2,3696,-7860,1,0,1
738351,65535,255,5594,-7860,0,0,0
738352,1273,2,6565,-7860,1,0,1
738353,1200,2,3388,-7860,1,0,0
738354,1026,0,378,-7860,1,0,1
738355,1597,0,2824,-7860,1,0,1
738356,1217,0,5057,-7860,1,0,1
738357,677,0,6437,-7860,1,0,1
738358,627,0,4158,-7860,1,0,0
738359,1173,0,1483,-7860,1,0,1
738360,1476,0,1832,-7860,1,0,0
738361,65535,255,4428,-7860,0,0,0
738362,882,0,6044,-7860,1,0,1
738363,507,0,6221,-7860,1,0,0
738364,1154,0,2507,-7860,1,0,1
738365,1798,0,737,-7860,1,0,0
738366,1146,0,3685,-7860,1,0,0
738367,925,0,5587,-7860,1,0,1
738368,889,0,6571,-7860,1,0,1
738369,1027,0,3400,-7860,1,0,1
738370,1068,0,400,-7860,1,0,1
738371,0,0,0,0,0,0,0
738372,0,0,0,0,0,0,0
738373,1486,0,6431,9314,1,0,1
738374,1388,0,4169,9314,1,0,1
738375,1728,0,1505,9314,1,0,1
738376,1233,0,1815,9983,1,0,0
738377,985,0,4418,9679,1,0,1
738378,1273,2,6037,9679,1,0,1
738379,970,2,6227,9679,1,0,0
738380,958,0,2517,9679,1,0,1
738381,1425,2,726,9679,1,0,1
738382,1239,0,3673,9679,1,0,1
738383,1046,2,5579,9679,1,0,1
738384,1043,2,6576,9679,1,0,1
738385,1014,2,3409,9679,1,0,0
738386,1039,0,410,9679,1,0,1
738387,1770,0,2800,9679,1,0,1
738388,1102,0,5045,9679,1,0,1
738389,1189,0,6428,9679,1,0,1
738390,65535,255,4176,9679,0,0,0
738391,2068,0,1516,9679,1,0,1
738392,1598,0,1804,9679,1,0,1
738393,1055,0,4411,9679,1,0,1
738394,879,0,6033,9679,1,0,1
738395,684,0,6231,9679,1,0,0
738396,975,0,2526,9679,1,0,0
738397,1715,0,714,9734,1,0,1
738398,65535,255,3665,9755,0,0,0
738399,994,0,5574,9507,1,0,0
738400,490,0,6577,-7143,1,0,1
738401,65535,255,3418,-7683,0,0,1
738402,1584,2,424,-8450,1,0,1
738403,1560,0,2791,9891,1,0,1
738404,1023,2,5039,9566,1,0,1
738405,65535,255,6424,9330,0,0,0
738406,965,2,4176,-7548,1,0,0
738407,1041,0,1522,-7990,1,0,1
738408,65535,255,1799,9857,0,0,0
738409,1124,0,4408,9643,1,0,1
738410,775,0,6029,9382,1,0,1
738411,1028,2,6232,-7227,1,0,1
738412,1402,0,2531,-7708,1,0,1
738413,2180,0,709,9734,1,0,1
738414,1208,2,3661,9756,1,0,1
738415,1789,0,5570,9512,1,0,1
738416,376,2,6578,-7123,1,0,0
738417,1240,0,3418,-7718,1,0,1
738418,1613,0,423,-7591,1,0,1
738419,1175,0,2796,9779,1,0,1
738420,1150,0,5036,9593,1,0,1
738421,1586,0,6424,9302,1,0,1
738422,65535,255,4180,-7608,0,0,0
738423,1652,0,1522,-7861,1,0,1
738424,1146,0,1805,9766,1,0,1
738425,1008,0,4409,9624,1,0,1
738426,1474,0,6029,9398,1,0,1
738427,799,0,6230,-7219,1,0,1
738428,1113,0,2526,-7695,1,0,1
738429,1462,0,715,9734,1,0,1
738430,1534,2,3662,9772,1,0,1
738431,1065,0,5575,9453,1,0,1
738432,443,0,6575,-7133,1,0,1
738433,1580,2,3414,-7621,1,0,1
738434,1289,2,416,-8065,1,0,1
738435,1422,0,2796,9858,1,0,1
738436,1621,0,5040,9562,1,0,1
738437,1441,0,6425,9334,1,0,1
738438,1646,0,4173,-7574,1,0,1
738439,1350,0,1510,-7776,1,0,1
738440,65535,255,1805,10021,0,0,0
738441,65535,255,4415,9610,0,0,0
738442,65535,255,6033,9398,0,0,0
738443,65535,255,6226,-7219,0,0,0
738444,65535,255,2527,-7833,0,0,0
738445,1638,0,715,9736,1,0,1
738446,1816,0,3662,9683,1,0,1
738447,65535,255,5570,9495,0,0,0
738448,65535,255,6578,-7159,0,0,0
738449,781,0,3422,-7637,1,0,1
738450,1057,0,430,-7364,1,0,1
738451,1302,0,2780,9805,1,0,1
738452,1645,0,5027,9564,1,0,1
738453,65535,255,6417,9301,0,0,0
738454,1652,0,4193,-7572,1,0,1
738455,1352,0,1544,-7754,1,0,1
738456,1043,0,1777,9788,1,0,1
738457,65535,255,4387,9666,0,0,0
738458,1001,0,6015,9423,1,0,1
738459,878,0,6241,-7205,1,0,1
738460,65535,255,2562,-7804,0,0,0
738461,1236,0,673,9730,1,0,1
738462,1339,0,3632,9686,1,0,0
738463,1134,0,5551,9508,1,0,1
738464,1446,0,6590,-7114,1,0,1
738465,1647,0,3457,-7687,1,0,1
738466,1802,0,475,-7910,1,0,1
738467,1850,0,2745,9806,1,0,1
738468,1262,0,5009,9535,1,0,1
738469,1318,0,6404,9340,1,0,1
738470,1063,0,4217,-7616,1,0,1
738471,1287,0,1577,-7732,1,0,1
738472,2019,0,1738,9788,1,0,0
738473,65535,255,4363,9676,0,0,0
738474,922,0,6003,9434,1,0,1
738475,65535,255,6255,-7216,0,0,0
738476,65535,255,2591,-7690,0,0,0
738477,1714,0,632,10029,1,0,1
738478,65535,255,3598,9782,0,0,0
738479,1063,0,5535,9511,1,0,0
738480,65535,255,6602,-7126,0,0,0
738481,1126,0,3478,-7663,1,0,1
738482,1256,0,498,-7976,1,0,1
738483,65535,255,2728,9794,0,0,0
738484,1148,0,4999,9592,1,0,1
738485,1457,0,6400,9337,1,0,1
738486,1161,0,4224,9337,1,0,1
738487,1105,0,1588,-7942,1,0,1
738488,65535,255,1738,9765,0,0,0
738489,1213,0,4368,9654,1,0,1
738490,65535,255,6006,9404,0,0,0
738491,65535,255,6254,-7252,0,0,0
738492,1174,0,2581,-7733,1,0,1
738493,65535,255,656,9668,0,0,0
738494,65535,255,3623,9733,0,0,0
738495,65535,255,5550,9486,0,0,0
738496,822,2,6595,-7158,1,0,1
738497,966,0,3452,-7630,1,0,1
738498,1636,0,469,-7844,1,0,1
738499,1682,0,2757,9781,1,0,1
738500,1023,2,5017,9595,1,0,0
738501,65535,255,6412,9315,0,0,0
738502,65535,255,4202,-7575,0,0,0
738503,65535,255,1555,-7695,0,0,0
738504,1189,0,1771,9877,1,0,0
738505,1296,0,4390,9643,1,0,1
738506,1270,0,6021,9373,1,0,1
738507,65535,255,6242,-7224,0,0,0
738508,1110,0,2549,-7754,1,0,1
738509,65535,255,690,10210,0,0,0
738510,65535,255,3652,9706,0,0,0
738511,65535,255,5568,9474,0,0,0
738512,244,2,6584,-7148,1,0,1
738513,65535,255,3427,-7624,0,0,0
738514,2026,0,428,-7912,1,0,1
738515,1827,0,2790,9812,1,0,1
738516,1314,0,5041,9527,1,0,1
738517,65535,255,6426,9306,0,0,0
738518,1123,0,4177,-7613,1,0,1
738519,963,0,1511,-7866,1,0,1
738520,65535,255,1815,9747,0,0,0
738521,0,0,0,0,0,0,0
