sdate,line_t,line_tmq,line_tvza,line_tvaa,line_tm2,line_QFDNB,line_tm_buf
735235,380,0,4423,9701,1,0,1
735236,482,0,6071,9450,1,0,1
735237,140,0,6349,-7288,1,0,1
735238,282,0,2671,-7741,1,0,1
735239,375,0,631,10056,1,0,1
735240,65535,255,3672,9733,0,0,0
735241,443,0,5616,9470,1,0,1
735242,65535,255,6688,-7203,0,0,1
735243,65535,255,3550,-7659,0,0,0
735244,65535,255,513,-7413,0,0,0
735245,65535,255,2789,9809,0,0,0
735246,195,0,5081,9578,1,0,1
735247,104,0,6479,9322,1,0,1
735248,520,0,5948,-7393,1,0,1
735249,49,0,1627,-7826,1,0,1
735250,65535,255,1775,9810,0,0,0
735251,84,0,4439,9668,1,0,1
735252,209,0,6078,9429,1,0,1
735253,134,0,6343,-7280,1,0,1
735254,401,0,2666,-7848,1,0,1
735255,428,0,637,9693,1,0,0
735256,57,0,3671,9677,1,0,1
735257,105,0,5610,9503,1,0,1
735258,65535,255,6690,-7224,0,0,0
735259,282,0,3568,-7717,1,0,1
735260,95,0,540,-7808,1,0,1
735261,309,0,2761,9867,1,0,1
735262,335,0,5061,9602,1,0,1
735263,65535,255,6465,9336,0,0,0
735264,168,0,5962,-7402,1,0,1
735265,76,0,1677,-7981,1,0,1
735266,45,2,1726,9982,1,0,1
735267,44,2,4410,9633,1,0,1
735268,62,0,6061,9412,1,0,1
735269,91,0,6359,-7310,1,0,1
735270,87,0,2706,-7820,1,0,1
735271,111,0,592,9619,1,0,1
735272,65535,255,3636,9678,0,0,0
735273,109,0,5590,9511,1,0,1
735274,65535,255,6700,-7182,0,0,1
735275,111,0,5518,-7464,1,0,1
735276,34,0,586,-8098,1,0,1
735277,65535,255,2727,9756,0,0,0
735278,65535,255,5037,9557,0,0,0
735279,65535,255,6449,9364,0,0,0
735280,65535,255,5976,-7375,0,0,0
735281,68,0,1710,-7899,1,0,1
735282,59,0,1687,9909,1,0,1
735283,54,0,4383,9617,1,0,1
735284,108,0,6045,9407,1,0,1
735285,130,0,6370,-7304,1,0,1
735286,65535,255,2735,-7828,0,0,0
735287,139,0,551,9714,1,0,1
735288,51,0,3606,9705,1,0,1
735289,56,0,5573,9523,1,0,1
735290,65535,255,6710,-7189,0,0,1
735291,65535,255,5531,-7471,0,0,0
735292,146,0,621,-8086,1,0,1
735293,53,0,2698,9733,1,0,1
735294,352,2,5018,9580,1,0,0
735295,374,2,6436,9352,1,0,1
735296,358,2,5988,-7360,1,0,1
735297,78,0,1743,-7783,1,0,1
735298,69,0,1650,9773,1,0,1
735299,82,0,4359,9664,1,0,1
735300,228,0,6028,9434,1,0,1
735301,167,0,6380,-7272,1,0,1
735302,76,0,2764,-7712,1,0,1
735303,64,0,509,9956,1,0,1
735304,65535,255,3576,9734,0,0,0
735305,65535,255,5555,9539,0,0,0
735306,65535,255,6720,-7202,0,0,0
735307,155,0,5546,-7422,1,0,1
735308,103,0,656,-7673,1,0,1
735309,103,0,2663,9843,1,0,1
735310,110,0,4999,9600,1,0,1
735311,65535,255,6424,9344,0,0,0
735312,65535,255,6001,-7349,0,0,0
735313,42,0,1776,-7781,1,0,1
735314,65535,255,1622,9814,0,0,0
735315,62,0,4337,9694,1,0,1
735316,187,0,6016,9457,1,0,1
735317,695,2,6392,-7294,1,0,1
735318,502,2,2792,-7822,1,0,1
735319,66,0,487,9617,1,0,1
735320,287,0,3559,9710,1,0,1
735321,557,2,5542,9537,1,0,1
735322,65535,255,6728,-7199,0,0,1
735323,65535,255,5559,-7425,0,0,0
735324,225,0,679,-7875,1,0,1
735325,134,0,2649,9724,1,0,1
735326,271,0,4987,9558,1,0,1
735327,65535,255,6418,9374,0,0,0
735328,642,2,6012,-7387,1,0,1
735329,200,0,1793,-7745,1,0,1
735330,65535,255,1606,9794,0,0,0
735331,432,0,4326,9702,1,0,1
735332,267,0,6010,9427,1,0,1
735333,573,0,6399,-7303,1,0,1
735334,69,0,2801,-7710,1,0,1
735335,265,0,469,10241,1,0,1
735336,175,0,3546,9797,1,0,1
735337,433,0,5539,9524,1,0,1
735338,65535,255,6733,-7189,0,0,1
735339,99,0,5564,-7424,1,0,1
735340,433,0,696,-8114,1,0,1
735341,394,0,2638,9810,1,0,1
735342,109,0,4983,9603,1,0,1
735343,566,0,6415,9357,1,0,1
735344,112,0,6015,-7367,1,0,1
735345,73,2,1803,-7726,1,0,1
735346,94,0,1600,9815,1,0,1
735347,442,0,4326,9622,1,0,1
735348,65535,255,6011,9426,0,0,0
735349,253,0,6400,-7267,1,0,1
735350,228,0,2806,-7820,1,0,1
735351,168,0,468,9893,1,0,1
735352,158,0,3545,9772,1,0,1
735353,109,0,5539,9516,1,0,1
735354,65535,255,6734,-7185,0,0,1
735355,324,0,5566,-7428,1,0,1
735356,149,0,692,-7540,1,0,1
735357,294,0,2638,9883,1,0,1
735358,428,0,4985,9565,1,0,1
735359,575,0,6419,9339,1,0,1
735360,273,0,6013,-7347,1,0,1
735361,112,0,1798,-7725,1,0,1
735362,110,2,1605,9836,1,0,1
735363,286,0,4333,9642,1,0,0
735364,65535,255,6015,9446,0,0,0
735365,65535,255,6398,-7286,0,0,0
735366,67,0,2801,-7754,1,0,1
735367,120,0,481,9687,1,0,1
735368,374,0,3558,9771,1,0,1
735369,164,0,5544,9524,1,0,1
735370,65535,255,6732,-7192,0,0,1
735371,65535,255,5561,-7447,0,0,0
735372,143,0,679,-7973,1,0,1
735373,296,0,2653,9833,1,0,1
735374,89,0,4995,9553,1,0,1
735375,96,0,6424,9339,1,0,1
735376,102,0,6008,-7348,1,0,1
735377,138,0,1781,-7800,1,0,1
735378,162,0,1622,9998,1,0,0
735379,346,0,4343,9708,1,0,1
735380,135,0,6022,9433,1,0,1
735381,568,2,6391,-7276,1,0,1
735382,130,0,2782,-7767,1,0,1
735383,111,0,503,9896,1,0,1
735384,294,0,3576,9684,1,0,1
735385,321,0,5557,9490,1,0,1
735386,65535,255,6724,-7217,0,0,1
735387,263,0,5548,-7422,1,0,1
735388,333,0,650,-7927,1,0,1
735389,166,0,2677,9832,1,0,1
735390,144,0,5010,9568,1,0,1
735391,187,0,6434,9354,1,0,1
735392,179,0,5996,-7367,1,0,1
735393,99,0,1754,-7950,1,0,1
735394,56,0,1654,9874,1,0,1
735395,412,0,4362,9679,1,0,1
735396,434,0,6035,9426,1,0,1
735397,470,0,6379,-7268,1,0,1
735398,114,0,2749,-7781,1,0,1
735399,70,0,538,10081,1,0,1
735400,228,0,3601,9716,1,0,1
735401,290,0,5570,9515,1,0,1
735402,65535,255,6712,-7184,0,0,1
735403,427,0,5533,-7456,1,0,1
735404,46,2,610,-7549,1,0,1
735405,328,0,2707,9782,1,0,1
735406,164,0,5031,9549,1,0,1
735407,465,0,6445,9348,1,0,1
735408,118,0,5980,-7357,1,0,1
735409,376,0,1715,-7975,1,0,1
735410,53,2,1693,9911,1,0,1
735411,313,0,4386,9701,1,0,1
735412,302,0,6049,9444,1,0,1
735413,453,0,6364,-7286,1,0,1
735414,120,0,2713,-7746,1,0,1
735415,335,0,580,9729,1,0,1
735416,382,0,3631,9680,1,0,1
735417,203,0,5591,9498,1,0,1
735418,65535,255,6701,-7223,0,0,1
735419,351,0,5511,-7446,1,0,1
735420,134,0,564,-7578,1,0,1
735421,96,0,2747,9803,1,0,1
735422,128,0,5053,9567,1,0,1
735423,269,0,6460,9363,1,0,1
735424,362,0,5961,-7381,1,0,1
735425,392,0,1666,-7823,1,0,1
735426,375,0,1737,9794,1,0,1
735427,529,0,4417,9666,1,0,1
735428,317,0,6069,9428,1,0,1
735429,382,0,6347,-7271,1,0,1
735430,399,0,2672,-7859,1,0,1
735431,171,0,635,9974,1,0,1
735432,371,0,3664,9767,1,0,1
735433,143,0,5609,9473,1,0,1
735434,65535,255,6687,-7204,0,0,1
735435,509,2,5497,-7484,1,0,1
735436,71,2,539,-7991,1,0,1
735437,70,2,2761,9869,1,0,1
735438,481,0,5059,9599,1,0,1
735439,363,0,6462,9327,1,0,1
735440,351,0,5959,-7393,1,0,1
735441,404,0,1671,-7863,1,0,1
735442,66,2,1726,9813,1,0,1
735443,98,0,4407,9667,1,0,1
735444,527,0,6059,9430,1,0,1
735445,150,0,6355,-7266,1,0,1
735446,61,2,2701,-7820,1,0,1
735447,132,0,598,9513,1,0,1
735448,165,0,3636,9780,1,0,1
735449,533,0,5593,9489,1,0,1
735450,65535,255,6700,-7213,0,0,1
735451,343,0,5513,-7432,1,0,1
735452,64,0,576,-7468,1,0,1
735453,312,0,2732,9792,1,0,1
735454,71,0,5041,9564,1,0,1
735455,442,0,6452,9365,1,0,1
735456,309,0,5974,-7374,1,0,1
735457,297,0,1704,-7822,1,0,1
735458,67,0,1699,9795,1,0,1
735459,142,0,4389,9669,1,0,1
735460,440,0,6048,9436,1,0,1
735461,455,0,6366,-7274,1,0,1
735462,69,0,2721,-7689,1,0,1
735463,232,0,561,9841,1,0,1
735464,259,0,3618,9715,1,0,1
735465,215,0,5580,9528,1,0,1
735466,65535,255,6707,-7192,0,0,1
735467,108,0,5528,-7475,1,0,1
735468,272,0,604,-8257,1,0,1
735469,54,0,2712,9770,1,0,1
735470,210,0,5031,9565,1,0,1
735471,289,1,6444,9370,1,0,1
735472,283,0,5983,-7381,1,0,1
735473,118,0,1726,-7916,1,0,1
735474,79,0,1676,9932,1,0,1
735475,109,0,4379,9626,1,0,1
735476,266,0,6043,9413,1,0,1
735477,226,0,6376,-7308,1,0,1
735478,196,0,2744,-7849,1,0,1
735479,91,0,544,9779,1,0,1
735480,54,0,3606,9716,1,0,1
735481,366,0,5572,9538,1,0,1
735482,65535,255,6713,-7200,0,0,1
735483,180,0,5535,-7424,1,0,1
735484,115,0,621,-7766,1,0,1
735485,137,0,2697,9878,1,0,1
735486,309,0,5021,9621,1,0,1
735487,323,0,6440,9357,1,0,1
735488,196,0,5989,-7367,1,0,1
735489,130,0,1737,-7896,1,0,1
735490,73,0,1665,9933,1,0,1
735491,268,0,4369,9640,1,0,1
735492,283,0,6037,9426,1,0,1
735493,105,0,6378,-7265,1,0,1
735494,115,0,2749,-7735,1,0,1
735495,460,1,533,10272,1,0,1
735496,322,0,3597,9793,1,0,1
735497,135,0,5569,9512,1,0,1
735498,65535,255,6715,-7183,0,0,1
735499,151,0,5540,-7477,1,0,1
735500,258,0,627,-7769,1,0,1
735501,63,2,2692,9890,1,0,1
735502,79,0,5019,9551,1,0,1
735503,204,0,6439,9372,1,0,1
735504,117,0,5991,-7383,1,0,1
735505,166,0,1737,-7745,1,0,1
735506,90,0,1660,9815,1,0,1
735507,273,0,4366,9708,1,0,1
735508,211,0,6037,9415,1,0,1
735509,281,0,6378,-7287,1,0,1
735510,69,0,2749,-7746,1,0,1
735511,294,0,536,9919,1,0,1
735512,190,0,3601,9700,1,0,1
735513,92,0,5569,9539,1,0,1
735514,65535,255,6714,-7202,0,0,1
735515,265,0,5536,-7446,1,0,1
735516,51,0,622,-7499,1,0,1
735517,476,0,2698,9866,1,0,1
735518,68,0,5021,9556,1,0,1
735519,256,0,6439,9376,1,0,1
735520,477,0,5987,-7391,1,0,1
735521,67,2,1732,-7839,1,0,1
735522,123,0,1671,9953,1,0,1
735523,103,0,4373,9665,1,0,1
735524,426,0,6038,9459,1,0,1
735525,395,0,6373,-7297,1,0,1
735526,58,2,2735,-7746,1,0,1
735527,200,0,551,9598,1,0,1
735528,55,2,3610,9733,1,0,1
735529,376,0,5575,9502,1,0,1
735530,65535,255,6708,-7175,0,0,1
735531,451,0,5527,-7478,1,0,1
735532,646,0,604,-8310,1,0,1
735533,276,0,2713,9876,1,0,1
735534,105,0,5031,9566,1,0,1
735535,139,0,6447,9342,1,0,1
735536,328,0,5977,-7352,1,0,1
735537,146,0,1704,-7763,1,0,1
735538,104,0,1693,9912,1,0,1
735539,138,0,4390,9670,1,0,1
735540,205,0,6051,9409,1,0,1
735541,177,0,6364,-7306,1,0,1
735542,111,0,2711,-7841,1,0,1
735543,302,0,579,10244,1,0,1
735544,149,0,3632,9715,1,0,0
735545,119,0,5591,9500,1,0,1
735546,65535,255,6698,-7185,0,0,0
735547,205,0,5511,-7431,1,0,1
735548,350,0,563,-7927,1,0,1
735549,119,0,2747,9826,1,0,1
735550,309,0,5053,9563,1,0,1
735551,167,0,6460,9350,1,0,1
735552,335,0,5961,-7363,1,0,1
735553,49,2,1666,-7920,1,0,1
735554,292,0,1737,9852,1,0,1
735555,147,0,4417,9667,1,0,1
735556,134,0,6066,9418,1,0,1
735557,186,0,6347,-7278,1,0,1
735558,49,2,2677,-7845,1,0,1
735559,344,0,620,10226,1,0,1
735560,327,0,3656,9714,1,0,1
735561,65535,255,5601,9499,0,0,0
735562,65535,255,6691,-7220,0,0,1
735563,371,0,5504,-7491,1,0,1
735564,65535,255,551,-7689,0,0,0
735565,65535,255,2752,9770,0,0,0
735566,94,0,5050,9613,1,0,1
735567,126,0,6456,9357,1,0,1
735568,467,0,5965,-7394,1,0,1
735569,65535,255,1682,-7724,0,0,0
735570,164,0,1715,9930,1,0,1
735571,65535,255,4400,9689,0,0,0
735572,65535,255,6053,9429,0,0,0
735573,368,0,6360,-7266,1,0,1
735574,65535,255,2711,-7758,0,0,0
735575,65535,255,579,9903,0,0,0
735576,257,0,3627,9691,1,0,1
735577,178,0,5585,9497,1,0,1
735578,65535,255,6704,-7220,0,0,1
735579,65535,255,5518,-7434,0,0,0
735580,65535,255,592,-8149,0,0,0
735581,200,0,2721,9790,1,0,0
735582,214,0,5034,9610,1,0,1
735583,54,2,6449,9332,1,0,1
735584,151,0,5977,-7372,1,0,1
735585,170,0,1710,-7896,1,0,1
735586,244,0,1687,9856,1,0,1
735587,85,0,4386,9678,1,0,1
735588,109,0,6046,9435,1,0,1
735589,102,0,6369,-7272,1,0,1
735590,109,0,2731,-7859,1,0,1
735591,44,2,562,9667,1,0,1
735592,211,0,3618,9683,1,0,1
735593,65535,255,5580,9507,0,0,0
735594,65535,255,6707,-7177,0,0,0
735595,120,0,5528,-7455,1,0,1
735596,65535,255,603,-7872,0,0,0
735597,65535,255,2712,9878,0,0,0
735598,174,0,5028,9611,1,0,1
735599,291,0,6446,9344,1,0,1
735600,197,0,5982,-7350,1,0,1
735601,135,0,1720,-7743,1,0,1
735602,127,0,1682,9751,1,0,1
735603,84,0,4382,9660,1,0,1
735604,136,0,6045,9431,1,0,1
735605,331,0,6370,-7271,1,0,1
735606,106,0,2730,-7723,1,0,1
735607,465,0,556,10081,1,0,1
735608,65535,255,3614,9759,0,0,0
735609,547,0,5579,9490,1,0,1
735610,65535,255,6710,-7215,0,0,1
735611,198,0,5528,-7446,1,0,1
735612,65535,255,604,-8089,0,0,0
735613,69,2,2717,9760,1,0,1
735614,73,2,5034,9567,1,0,1
735615,65535,255,6446,9380,0,0,0
735616,354,0,5980,-7391,1,0,1
735617,65,2,1710,-7723,1,0,1
735618,378,0,1693,9779,1,0,1
735619,65535,255,4386,9685,0,0,0
735620,65535,255,6048,9451,0,0,0
735621,65535,255,6368,-7289,0,0,0
735622,46,2,2726,-7712,1,0,1
735623,54,2,562,9844,1,0,1
735624,497,0,3618,9709,1,0,1
735625,146,0,5580,9517,1,0,1
735626,65535,255,6707,-7184,0,0,1
735627,575,0,5526,-7464,1,0,1
735628,93,0,597,-7925,1,0,1
735629,65535,255,2712,9879,0,0,0
735630,60,2,5031,9606,1,0,1
735631,65535,255,6448,9340,0,0,0
735632,65535,255,5980,-7346,0,0,0
735633,212,0,1711,-7765,1,0,1
735634,106,0,1687,9798,1,0,1
735635,440,0,4382,9679,1,0,1
735636,156,0,6046,9439,1,0,1
735637,207,0,6369,-7278,1,0,1
735638,54,2,2726,-7734,1,0,1
735639,177,0,561,10139,1,0,1
735640,486,0,3618,9768,1,0,1
735641,57,2,5580,9490,1,0,1
735642,65535,255,6706,-7215,0,0,1
735643,497,0,5523,-7450,1,0,1
735644,482,0,592,-8093,1,0,1
735645,133,0,2723,9760,1,0,1
735646,271,0,5037,9567,1,0,1
735647,410,0,6448,9376,1,0,1
735648,570,0,5976,-7391,1,0,1
735649,253,0,1699,-7722,1,0,1
735650,421,0,1698,9779,1,0,1
735651,86,2,4389,9685,1,0,1
735652,495,0,6051,9459,1,0,1
735653,199,0,6364,-7294,1,0,1
735654,380,0,2711,-7863,1,0,1
735655,54,0,579,9960,1,0,1
735656,216,0,3631,9766,1,0,1
735657,607,0,5588,9506,1,0,1
735658,65535,255,6698,-7178,0,0,1
735659,65535,255,5514,-7479,0,0,0
735660,180,0,569,-7926,1,0,1
735661,146,0,2742,9772,1,0,1
735662,150,0,5050,9593,1,0,1
735663,658,0,6459,9356,1,0,1
735664,405,0,5963,-7365,1,0,1
735665,262,0,1671,-7743,1,0,0
735666,65535,255,1731,9892,0,0,0
735667,279,0,4414,9650,1,0,1
735668,114,2,6064,9448,1,0,1
735669,190,0,6351,-7289,1,0,1
735670,119,0,2682,-7854,1,0,1
735671,338,0,614,9799,1,0,0
735672,103,2,3648,9707,1,0,1
735673,412,0,5596,9528,1,0,1
735674,65535,255,6693,-7189,0,0,1
735675,375,0,5508,-7479,1,0,0
735676,118,0,565,-7456,1,0,1
735677,85,2,2738,9818,1,0,1
735678,90,2,5041,9594,1,0,1
735679,83,2,6451,9340,1,0,1
735680,99,2,5970,-7343,1,0,1
735681,147,0,1704,-7800,1,0,1
735682,80,0,1693,9856,1,0,1
735683,94,0,4386,9615,1,0,1
735684,178,0,6045,9416,1,0,1
735685,446,0,6367,-7292,1,0,1
735686,88,0,2735,-7732,1,0,1
735687,210,0,551,10324,1,0,1
735688,111,0,3606,9686,1,0,1
735689,614,0,5570,9537,1,0,1
735690,65535,255,6711,-7196,0,0,1
735691,204,0,5533,-7434,1,0,1
735692,123,0,627,-8248,1,0,1
735693,333,0,2688,9858,1,0,1
735694,93,0,5015,9578,1,0,1
735695,65535,255,6435,9379,0,0,0
735696,65535,255,5992,-7391,0,0,0
735697,76,0,1754,-7873,1,0,1
735698,209,0,1643,10018,1,0,1
735699,99,0,4355,9690,1,0,1
735700,65535,255,6029,9415,0,0,0
735701,65535,255,6381,-7256,0,0,0
735702,82,0,5017,-7533,1,0,1
735703,65535,255,509,10029,0,0,0
735704,213,0,3579,9728,1,0,1
735705,65535,255,5555,9549,0,0,0
735706,65535,255,6723,-7203,0,0,0
735707,136,0,5549,-7463,1,0,1
735708,65535,255,656,-8175,0,0,0
735709,144,0,2663,9872,1,0,0
735710,568,2,5001,9578,1,0,1
735711,65535,255,6427,9356,0,0,0
735712,65535,255,6003,-7365,0,0,0
735713,65535,255,1775,-7908,0,0,0
735714,392,0,1627,9800,1,0,1
735715,83,0,4344,9645,1,0,1
735716,150,0,6020,9461,1,0,1
735717,546,0,6390,-7297,1,0,1
735718,471,0,5025,-7537,1,0,1
735719,97,0,500,9433,1,0,1
735720,76,0,3567,9757,1,0,1
735721,470,0,5549,9536,1,0,1
735722,65535,255,6727,-7196,0,0,1
735723,65535,255,5556,-7467,0,0,0
735724,65535,255,668,-7724,0,0,0
735725,232,0,2658,9801,1,0,1
735726,65535,255,4998,9557,0,0,0
735727,256,0,6425,9350,1,0,1
735728,143,0,6006,-7356,1,0,1
735729,172,0,1781,-7962,1,0,1
735730,249,0,1621,9921,1,0,1
735731,179,0,4340,9700,1,0,1
735732,458,0,6020,9445,1,0,1
735733,136,0,6390,-7279,1,0,1
735734,65535,255,5028,-7520,0,0,0
735735,272,0,493,9629,1,0,1
735736,271,0,3567,9808,1,0,1
735737,338,0,5551,9499,1,0,1
735738,65535,255,6725,-7171,0,0,1
735739,329,0,5553,-7444,1,0,1
735740,71,2,662,-7671,1,0,1
735741,191,0,2663,9825,1,0,1
735742,119,0,5001,9578,1,0,1
735743,222,0,6427,9374,1,0,1
735744,136,0,6004,-7385,1,0,1
735745,237,0,1770,-7889,1,0,1
735746,183,0,1632,9880,1,0,1
735747,65535,255,4347,9698,0,0,0
735748,182,0,6024,9449,1,0,1
735749,482,0,6388,-7287,1,0,1
735750,218,0,5022,-7543,1,0,1
735751,56,0,503,10097,1,0,1
735752,127,0,3576,9748,1,0,1
735753,405,0,5555,9516,1,0,1
735754,65535,255,6723,-7206,0,0,1
735755,444,2,5548,-7431,1,0,0
735756,432,0,644,-7716,1,0,1
735757,325,0,2673,9848,1,0,1
735758,216,0,5007,9599,1,0,1
735759,186,0,6433,9337,1,0,1
735760,510,0,5994,-7346,1,0,1
735761,120,0,1753,-7741,1,0,1
735762,323,0,1650,9760,1,0,1
735763,317,0,4359,9670,1,0,1
735764,246,0,6031,9439,1,0,1
735765,311,0,6379,-7277,1,0,1
735766,506,0,5010,-7539,1,0,1
735767,56,2,527,10214,1,0,1
735768,304,0,3593,9780,1,0,1
735769,317,0,5568,9501,1,0,1
735770,65535,255,6714,-7173,0,0,1
735771,254,0,5536,-7461,1,0,1
735772,280,0,622,-8244,1,0,1
735773,325,0,2698,9799,1,0,1
735774,157,0,5023,9581,1,0,1
735775,394,0,6440,9358,1,0,1
735776,463,0,5983,-7340,1,0,1
735777,256,0,1726,-7761,1,0,1
735778,429,0,1677,9799,1,0,1
735779,836,0,4376,9693,1,0,1
735780,1167,0,6042,9457,1,0,1
735781,875,0,6370,-7294,1,0,1
735782,889,0,4992,-7558,1,0,1
735783,722,0,558,9546,1,0,1
735784,431,0,3610,9753,1,0,1
735785,1111,0,5573,9523,1,0,1
735786,65535,255,6708,-7187,0,0,1
735787,157,0,5529,-7443,1,0,1
735788,240,0,609,-8085,1,0,1
735789,994,1,2703,9867,1,0,1
735790,1397,1,5026,9580,1,0,1
735791,673,0,6442,9360,1,0,1
735792,543,0,5981,-7368,1,0,1
735793,560,0,1726,-7931,1,0,1
735794,578,0,1677,9838,1,0,1
735795,697,0,4373,9662,1,0,1
735796,154,0,6041,9409,1,0,1
735797,572,0,6372,-7305,1,0,1
735798,719,0,4999,-7551,1,0,1
735799,315,0,545,9660,1,0,1
735800,597,0,3602,9788,1,0,1
735801,801,0,5571,9519,1,0,1
735802,65535,255,6709,-7206,0,0,1
735803,850,0,5531,-7479,1,0,1
735804,62,0,615,-7763,1,0,1
735805,168,0,2703,9810,1,0,1
735806,424,0,5022,9559,1,0,1
735807,563,0,6442,9350,1,0,1
735808,253,0,5983,-7356,1,0,1
735809,82,0,1732,-7911,1,0,1
735810,617,0,1666,9896,1,0,1
735811,101,0,4373,9686,1,0,1
735812,371,0,6042,9435,1,0,1
735813,275,0,6370,-7278,1,0,1
735814,161,0,4989,-7516,1,0,0
735815,84,0,592,9512,1,0,1
735816,402,0,3640,9780,1,0,1
735817,157,0,5598,9481,1,0,1
735818,65535,255,6694,-7216,0,0,1
735819,282,0,5501,-7432,1,0,1
735820,437,0,540,-7868,1,0,1
735821,87,0,2761,9792,1,0,1
735822,114,0,5059,9617,1,0,1
735823,224,0,6462,9358,1,0,1
735824,437,0,5960,-7391,1,0,1
735825,60,2,1671,-7979,1,0,1
735826,65,2,1726,9853,1,0,1
735827,522,0,4410,9656,1,0,1
735828,328,0,6060,9438,1,0,1
735829,333,0,6356,-7296,1,0,1
735830,184,0,4971,-7524,1,0,1
735831,214,0,590,10126,1,0,1
735832,360,0,3640,9707,1,0,1
735833,139,0,5593,9496,1,0,1
735834,65535,255,6700,-7218,0,0,1
735835,303,0,5513,-7438,1,0,1
735836,245,0,575,-7755,1,0,1
735837,364,0,2733,9794,1,0,1
735838,424,0,5041,9590,1,0,1
735839,422,0,6454,9335,1,0,1
735840,406,0,5973,-7373,1,0,1
735841,70,0,1699,-7781,1,0,1
735842,149,0,1699,9990,1,0,1
735843,235,0,4390,9673,1,0,1
735844,340,0,6050,9442,1,0,1
735845,413,0,6367,-7279,1,0,1
735846,145,0,4989,-7506,1,0,1
735847,103,0,567,10136,1,0,1
735848,100,0,3623,9717,1,0,1
735849,270,0,5582,9512,1,0,1
735850,65535,255,6707,-7180,0,0,1
735851,897,1,5525,-7446,1,0,1
735852,138,0,610,-7495,1,0,1
735853,657,0,2702,9876,1,0,1
735854,355,0,5028,9559,1,0,1
735855,713,1,6444,9334,1,0,1
735856,998,1,5985,-7377,1,0,1
735857,555,0,1732,-7954,1,0,1
735858,342,0,1677,9775,1,0,1
735859,164,0,4379,9612,1,0,1
735860,217,0,6043,9428,1,0,1
735861,636,1,6374,-7270,1,0,1
735862,235,0,5001,-7557,1,0,1
735863,115,0,551,10259,1,0,1
735864,119,0,3610,9706,1,0,1
735865,677,0,5577,9491,1,0,1
735866,65535,255,6712,-7217,0,0,1
735867,614,0,5532,-7480,1,0,1
735868,110,0,603,-7708,1,0,1
735869,760,2,2713,9769,1,0,0
735870,1691,0,5030,9608,1,0,1
735871,65535,255,6446,9369,0,0,0
735872,1925,0,5982,-7378,1,0,1
735873,1785,0,1727,-7974,1,0,1
735874,1995,0,1671,9892,1,0,1
735875,1633,0,4373,9676,1,0,1
735876,269,2,6037,9421,1,0,1
735877,1873,0,6376,-7262,1,0,1
735878,636,0,5007,-7566,1,0,1
735879,1179,0,527,9960,1,0,0
735880,2432,0,3593,9700,1,0,1
735881,840,0,5562,9521,1,0,1
735882,65535,255,6719,-7186,0,0,1
735883,255,2,5546,-7455,1,0,1
735884,2274,0,644,-7671,1,0,1
735885,196,2,2673,9795,1,0,1
735886,1281,0,5004,9563,1,0,1
735887,466,0,6425,9352,1,0,1
735888,2240,0,6005,-7385,1,0,1
735889,1979,0,1770,-7862,1,0,1
735890,308,0,1638,9790,1,0,1
735891,569,0,4351,9661,1,0,1
735892,2364,0,6029,9418,1,0,1
735893,802,0,6385,-7265,1,0,1
735894,637,0,5013,-7527,1,0,1
735895,1814,0,527,10333,1,0,1
735896,809,0,3597,9762,1,0,1
735897,701,0,5570,9478,1,0,1
735898,65535,255,6713,-7215,0,0,1
735899,65535,255,5531,-7434,0,0,0
735900,921,0,605,-7605,1,0,1
735901,288,0,2717,9811,1,0,1
735902,351,0,5034,9548,1,0,1
735903,916,0,6447,9343,1,0,1
735904,413,0,5978,-7351,1,0,1
735905,2004,1,1715,-7865,1,0,1
735906,80,2,1682,9770,1,0,1
735907,940,0,4379,9646,1,0,1
735908,1300,0,6044,9403,1,0,1
735909,1813,1,6370,-7304,1,0,1
735910,860,0,4996,-7550,1,0,1
735911,1082,0,556,9777,1,0,1
735912,160,2,3610,9677,1,0,1
735913,281,0,5575,9496,1,0,1
735914,65535,255,6712,-7225,0,0,1
735915,1530,0,5529,-7443,1,0,1
735916,195,2,622,-7617,1,0,0
735917,636,0,2693,9821,1,0,1
735918,1484,0,5016,9585,1,0,1
735919,2010,0,6437,9326,1,0,1
735920,708,0,5992,-7396,1,0,1
735921,1029,0,1749,-7980,1,0,1
735922,363,0,1649,9985,1,0,1
735923,597,0,4359,9644,1,0,1
735924,235,0,6030,9422,1,0,1
735925,585,0,6383,-7269,1,0,1
735926,1467,2,5013,-7524,1,0,0
735927,145,0,509,10081,1,0,1
735928,65535,255,3576,9768,0,0,0
735929,898,0,5558,9495,1,0,1
735930,65535,255,6723,-7223,0,0,1
735931,638,0,5549,-7463,1,0,1
735932,701,0,656,-7581,1,0,1
735933,371,0,2663,9848,1,0,1
735934,212,0,4999,9614,1,0,1
735935,803,0,6426,9361,1,0,1
735936,870,1,6003,-7378,1,0,1
735937,812,0,1770,-7735,1,0,1
735938,332,0,1627,9807,1,0,1
735939,863,1,4348,9612,1,0,1
735940,1059,1,6023,9420,1,0,1
735941,290,0,6391,-7289,1,0,1
735942,65535,255,5025,-7539,0,0,0
735943,282,0,500,9487,1,0,0
735944,65535,255,3567,9719,0,0,0
735945,1224,1,5552,9491,1,0,1
735946,65535,255,6728,-7221,0,0,1
735947,311,0,5556,-7475,1,0,1
735948,853,1,667,-8083,1,0,1
735949,470,0,2658,9824,1,0,1
735950,65535,255,4998,9544,0,0,0
735951,65535,255,6427,9326,0,0,0
735952,65535,255,6007,-7397,0,0,0
735953,310,0,1781,-7974,1,0,1
735954,1329,0,1627,9847,1,0,1
735955,456,0,4348,9646,1,0,1
735956,765,0,6023,9424,1,0,1
735957,1367,0,6392,-7299,1,0,1
735958,146,0,5025,-7528,1,0,1
735959,150,0,498,10216,1,0,1
735960,65535,255,3576,9718,0,0,0
735961,239,0,5557,9505,1,0,1
735962,65535,255,6725,-7183,0,0,1
735963,821,0,5553,-7443,1,0,1
735964,298,0,656,-8087,1,0,0
735965,192,0,2673,9871,1,0,1
735966,158,2,5007,9582,1,0,0
735967,462,0,6433,9364,1,0,1
735968,1024,0,6000,-7382,1,0,1
735969,740,0,1754,-7734,1,0,0
735970,226,0,1649,9946,1,0,1
735971,439,0,4358,9683,1,0,1
735972,65535,255,6033,9439,0,0,0
735973,315,0,6383,-7286,1,0,0
735974,1053,0,5013,-7524,1,0,1
735975,770,0,535,9516,1,0,1
735976,622,0,3597,9776,1,0,1
735977,1298,0,5572,9480,1,0,1
735978,65535,255,6718,-7214,0,0,1
735979,65535,255,5537,-7442,0,0,0
735980,65535,255,621,-8203,0,0,0
735981,866,0,2707,9751,1,0,1
735982,684,0,5028,9541,1,0,1
735983,1681,0,6446,9348,1,0,1
735984,268,0,5986,-7361,1,0,1
735985,747,0,1721,-7733,1,0,1
735986,65535,255,1682,10001,0,0,0
735987,65535,255,4389,9629,0,0,0
735988,65535,255,6050,9408,0,0,0
735989,65535,255,6371,-7311,0,0,0
735990,65535,255,4992,-7571,0,0,0
735991,279,0,574,10295,1,0,1
735992,65535,255,3631,9772,0,0,0
735993,870,1,5590,9487,1,0,1
735994,65535,255,6705,-7221,0,0,1
735995,1228,1,5517,-7444,1,0,1
735996,900,1,569,-7764,1,0,0
735997,161,0,2747,9852,1,0,1
735998,133,0,5052,9598,1,0,1
735999,1499,1,6463,9326,1,0,1
736000,65535,255,5968,-7396,0,0,0
736001,78,2,1682,-7890,1,0,1
736002,1066,1,1720,9882,1,0,1
736003,767,1,4403,9698,1,0,1
736004,713,1,6059,9416,1,0,1
736005,1375,1,6361,-7291,1,0,1
736006,444,0,4980,-7545,1,0,0
736007,65535,255,585,10119,0,0,0
736008,532,0,3631,9756,1,0,1
736009,65535,255,5590,9482,0,0,0
736010,65535,255,6703,-7211,0,0,0
736011,523,0,5518,-7439,1,0,1
736012,152,0,580,-7766,1,0,1
736013,486,0,2727,9867,1,0,1
736014,65535,255,5040,9610,0,0,0
736015,65535,255,6452,9347,0,0,0
736016,65535,255,5976,-7358,0,0,0
736017,65535,255,1704,-7830,0,0,0
736018,65535,255,1698,9846,0,0,0
736019,968,0,4389,9627,1,0,1
736020,618,0,6051,9400,1,0,1
736021,65535,255,6369,-7300,0,0,0
736022,240,0,4992,-7575,1,0,1
736023,108,2,568,9776,1,0,1
736024,205,0,3619,9724,1,0,1
736025,550,0,5583,9474,1,0,1
736026,65535,255,6709,-7209,0,0,0
736027,1076,0,5525,-7442,1,0,1
736028,119,2,598,-8102,1,0,1
736029,1242,0,2718,9785,1,0,1
736030,1131,1,5032,9584,1,0,1
736031,65535,255,6447,9337,0,0,0
736032,402,0,5980,-7360,1,0,1
736033,65535,255,1715,-7868,0,0,0
736034,65535,255,1688,9943,0,0,0
736035,680,0,4383,9649,1,0,1
736036,65535,255,6045,9437,0,0,0
736037,1360,1,6369,-7281,1,0,1
736038,1436,0,4992,-7558,1,0,1
736039,1179,0,562,9891,1,0,1
736040,707,0,3615,9758,1,0,1
736041,366,0,5581,9502,1,0,1
736042,65535,255,6709,-7228,0,0,1
736043,1809,0,5526,-7483,1,0,1
736044,114,0,597,-7992,1,0,1
736045,274,2,2718,9785,1,0,0
736046,1171,0,5032,9601,1,0,1
736047,65535,255,6447,9355,0,0,0
736048,1914,2,5978,-7373,1,0,1
736049,65535,255,1710,-7772,0,0,0
736050,65535,255,1693,9884,0,0,0
736051,65535,255,4390,9649,0,0,1
736052,414,0,6049,9444,1,0,1
736053,3033,0,6366,-7289,1,0,1
736054,1989,0,4988,-7568,1,0,1
736055,84,2,575,9548,1,0,1
736056,65535,255,3627,9740,0,0,0
736057,1645,0,5588,9505,1,0,1
736058,65535,255,6704,-7232,0,0,1
736059,1597,0,5518,-7448,1,0,1
736060,1772,0,575,-7648,1,0,1
736061,1263,0,2738,9749,1,0,1
736062,65535,255,5044,9594,0,0,0
736063,1327,0,6455,9364,1,0,1
736064,322,2,5970,-7379,1,0,1
736065,546,0,1688,-7927,1,0,1
736066,94,2,1721,9787,1,0,1
736067,992,0,4407,9634,1,0,1
736068,1624,0,6060,9426,1,0,1
736069,2398,0,6358,-7294,1,0,1
736070,2353,0,4971,-7523,1,0,1
736071,65,0,602,10114,1,0,1
736072,1659,0,3652,9713,1,0,1
736073,1223,0,5603,9504,1,0,1
736074,65535,255,6695,-7232,0,0,1
736075,1360,0,5503,-7441,1,0,1
736076,339,0,539,-8123,1,0,1
736077,735,0,2766,9885,1,0,1
736078,1196,0,5067,9590,1,0,1
736079,1390,0,6469,9343,1,0,1
736080,658,0,5957,-7389,1,0,1
736081,802,0,1644,-7792,1,0,1
736082,106,2,1765,9731,1,0,1
736083,222,2,4437,9632,1,0,1
736084,1325,0,6077,9411,1,0,1
736085,1762,0,6344,-7287,1,0,1
736086,750,0,4953,-7531,1,0,1
736087,1636,0,637,9947,1,0,1
736088,106,2,3672,9672,1,0,1
736089,1569,0,5610,9480,1,0,1
736090,65535,255,6691,-7210,0,0,1
736091,1695,1,5500,-7478,1,0,1
736092,381,0,540,-7570,1,0,1
736093,1257,0,2766,9761,1,0,1
736094,1545,0,5061,9612,1,0,1
736095,65535,255,6465,9327,0,0,1
736096,1331,0,5964,-7396,1,0,1
736097,1342,0,1671,-7791,1,0,1
736098,100,0,1726,9996,1,0,1
736099,133,0,4413,9615,1,0,1
736100,937,0,6061,9422,1,0,1
736101,316,0,6359,-7287,1,0,1
736102,1475,0,4977,-7527,1,0,1
736103,100,0,598,9507,1,0,1
736104,116,0,3640,9764,1,0,1
736105,1408,0,5595,9473,1,0,1
736106,65535,255,6703,-7204,0,0,1
736107,1438,0,5517,-7484,1,0,1
736108,132,0,580,-7936,1,0,1
736109,1052,0,2732,9867,1,0,1
736110,710,0,5043,9589,1,0,1
736111,65535,255,6454,9328,0,0,0
736112,65535,255,5977,-7389,0,0,0
736113,243,0,1704,-7829,1,0,1
736114,695,0,1699,9788,1,0,1
736115,380,0,4392,9656,1,0,1
736116,260,0,6053,9417,1,0,1
736117,1519,1,6370,-7317,1,0,1
736118,1926,1,4991,-7580,1,0,1
736119,375,0,562,10245,1,0,1
736120,65535,255,3618,9759,0,0,0
736121,552,0,5582,9471,1,0,1
736122,65535,255,6710,-7205,0,0,0
736123,1473,0,5530,-7491,1,0,0
736124,1510,1,604,-8209,1,0,1
736125,993,0,2713,9751,1,0,1
736126,1024,0,5031,9547,1,0,1
736127,1713,0,6446,9353,1,0,1
736128,1304,0,5984,-7363,1,0,1
736129,535,0,1726,-7771,1,0,1
736130,959,0,1683,9750,1,0,1
736131,1602,0,4379,9657,1,0,1
736132,1821,0,6044,9426,1,0,1
736133,2190,0,6374,-7269,1,0,1
736134,1321,0,5000,-7513,1,0,1
736135,165,0,551,9711,1,0,1
736136,93,0,3606,9692,1,0,1
736137,887,0,5573,9518,1,0,1
736138,65535,255,6714,-7188,0,0,1
736139,992,0,5535,-7476,1,0,1
736140,124,0,621,-8201,1,0,1
736141,750,0,2703,9775,1,0,1
736142,256,0,5022,9565,1,0,1
736143,1460,1,6439,9372,1,0,1
736144,1599,0,5989,-7386,1,0,1
736145,635,0,1737,-7941,1,0,1
736146,429,0,1665,9946,1,0,1
736147,1295,0,4373,9632,1,0,1
736148,1702,0,6038,9415,1,0,1
736149,826,0,6378,-7314,1,0,1
736150,954,0,2749,-7855,1,0,1
736151,1912,0,538,9830,1,0,1
736152,404,0,3598,9718,1,0,1
736153,1365,0,5568,9507,1,0,1
736154,65535,255,6715,-7203,0,0,1
736155,1721,0,5535,-7430,1,0,1
736156,149,0,621,-7775,1,0,1
736157,781,0,2693,9883,1,0,1
736158,1243,0,5018,9577,1,0,1
736159,339,0,6437,9354,1,0,1
736160,1835,0,5987,-7370,1,0,1
736161,1480,0,1737,-7903,1,0,1
736162,676,0,1660,9947,1,0,1
736163,364,0,4370,9633,1,0,1
736164,1697,0,6036,9423,1,0,1
736165,2085,0,6375,-7268,1,0,1
736166,551,0,2745,-7730,1,0,1
736167,870,0,533,10202,1,0,1
736168,246,0,3598,9777,1,0,1
736169,1192,0,5568,9505,1,0,1
736170,65535,255,6714,-7205,0,0,1
736171,466,0,5536,-7471,1,0,1
736172,1020,0,621,-7612,1,0,1
736173,246,0,2693,9847,1,0,1
736174,1344,1,5020,9614,1,0,1
736175,819,0,6440,9354,1,0,1
736176,1328,1,5987,-7370,1,0,1
736177,766,0,1737,-7940,1,0,1
736178,380,0,1666,9985,1,0,1
736179,1055,0,4370,9658,1,0,1
736180,784,0,6038,9439,1,0,1
736181,822,0,6375,-7283,1,0,1
736182,474,0,2745,-7810,1,0,1
736183,702,0,545,9710,1,0,1
736184,743,0,3602,9726,1,0,1
736185,1381,0,5573,9481,1,0,1
736186,65535,255,6711,-7214,0,0,1
736187,861,0,5531,-7454,1,0,1
736188,1432,0,610,-7624,1,0,1
736189,801,0,2703,9846,1,0,1
736190,359,0,5026,9613,1,0,1
736191,1963,0,6443,9360,1,0,1
736192,1617,0,5983,-7375,1,0,1
736193,773,0,1721,-7730,1,0,1
736194,413,0,1682,9789,1,0,1
736195,845,0,4380,9702,1,0,1
736196,832,0,6045,9410,1,0,1
736197,1556,0,6371,-7312,1,0,1
736198,827,0,2730,-7754,1,0,1
736199,228,0,564,9480,1,0,1
736200,778,0,3614,9709,1,0,1
736201,1279,0,5580,9476,1,0,1
736202,65535,255,6709,-7208,0,0,1
736203,1328,0,5525,-7454,1,0,1
736204,1327,1,593,-7600,1,0,1
736205,651,0,2717,9881,1,0,1
736206,155,2,5038,9553,1,0,1
736207,1404,1,6450,9327,1,0,1
736208,695,0,5977,-7396,1,0,1
736209,1313,0,1704,-7866,1,0,1
736210,150,2,1699,9962,1,0,1
736211,582,0,4393,9669,1,0,1
736212,228,0,6053,9425,1,0,1
736213,427,0,6366,-7296,1,0,1
736214,134,2,2711,-7731,1,0,1
736215,311,0,587,9498,1,0,1
736216,738,0,3636,9716,1,0,1
736217,459,0,5593,9483,1,0,1
736218,65535,255,6703,-7216,0,0,1
736219,680,0,5517,-7470,1,0,1
736220,476,0,568,-7936,1,0,1
736221,531,0,2747,9785,1,0,1
736222,465,0,5052,9600,1,0,1
736223,285,0,6460,9358,1,0,1
736224,656,0,5968,-7374,1,0,1
736225,1190,0,1676,-7811,1,0,1
736226,550,0,1726,9941,1,0,1
736227,1462,0,4413,9667,1,0,1
736228,1355,0,6068,9399,1,0,1
736229,1829,0,6357,-7301,1,0,1
736230,482,0,2691,-7746,1,0,1
736231,534,0,602,10058,1,0,1
736232,213,2,3647,9730,1,0,1
736233,603,0,5600,9496,1,0,1
736234,65535,255,6699,-7199,0,0,1
736235,316,0,5512,-7481,1,0,1
736236,155,2,563,-8173,1,0,1
736237,653,0,2747,9750,1,0,1
736238,1141,0,5052,9550,1,0,1
736239,1429,0,6459,9356,1,0,1
736240,622,0,5970,-7367,1,0,1
736241,1142,0,1688,-7810,1,0,1
736242,65535,255,1715,9806,0,0,0
736243,182,2,4402,9673,1,0,1
736244,1477,0,6057,9440,1,0,1
736245,1097,0,6364,-7280,1,0,1
736246,710,0,2711,-7732,1,0,1
736247,65535,255,579,10063,0,0,0
736248,634,0,3631,9748,1,0,1
736249,1265,0,5590,9478,1,0,1
736250,65535,255,6704,-7210,0,0,1
736251,377,0,5519,-7434,1,0,1
736252,1073,0,580,-7764,1,0,1
736253,832,0,2728,9867,1,0,1
736254,65535,255,5040,9611,0,0,0
736255,251,0,6453,9347,1,0,1
736256,355,0,5977,-7357,1,0,1
736257,142,0,1704,-7810,1,0,1
736258,1416,0,1699,9846,1,0,1
736259,817,0,4390,9685,1,0,1
736260,65535,255,6053,9400,0,0,0
736261,671,0,6369,-7299,1,0,0
736262,840,0,2720,-7837,1,0,1
736263,1054,0,574,9778,1,0,1
736264,110,2,3623,9716,1,0,1
736265,1232,0,5586,9470,1,0,1
736266,65535,255,6707,-7206,0,0,0
736267,1924,0,5523,-7437,1,0,1
736268,867,0,591,-7992,1,0,1
736269,587,0,2723,9750,1,0,1
736270,1358,0,5037,9568,1,0,1
736271,1124,0,6451,9326,1,0,1
736272,65535,255,5978,-7397,0,0,0
736273,65535,255,1709,-7160,0,0,1
736274,239,0,1693,10001,1,0,1
736275,929,0,4386,9624,1,0,1
736276,971,0,6047,9422,1,0,1
736277,1859,0,6369,-7295,1,0,1
736278,887,0,2726,-7698,1,0,1
736279,1068,0,562,9715,1,0,1
736280,273,0,3613,9694,1,0,1
736281,300,0,5576,9490,1,0,1
736282,65535,255,6709,-7217,0,0,1
736283,65535,255,5528,-7436,0,0,0
736284,141,0,616,-8255,1,0,1
736285,170,0,2703,9752,1,0,1
736286,472,0,5023,9543,1,0,1
736287,434,0,6440,9346,1,0,1
736288,865,0,5985,-7359,1,0,1
736289,65535,255,1732,-7753,0,0,1
736290,1038,1,1666,9986,1,0,1
736291,1326,1,4370,9626,1,0,1
736292,1767,1,6037,9403,1,0,1
736293,1533,1,6376,-7304,1,0,1
736294,608,0,2749,-7775,1,0,0
736295,65535,255,533,10201,0,0,0
736296,270,0,3593,9752,1,0,1
736297,65535,255,5568,9478,0,0,0
736298,65535,255,6715,-7209,0,0,0
736299,1512,1,5536,-7429,1,0,1
736300,1096,1,627,-7563,1,0,1
736301,114,0,2688,9801,1,0,1
736302,1045,0,5014,9577,1,0,1
736303,1285,0,6434,9360,1,0,1
736304,618,0,5992,-7389,1,0,1
736305,451,0,1748,-7920,1,0,1
736306,1001,0,1655,9928,1,0,1
736307,1198,0,4363,9620,1,0,1
736308,1327,0,6033,9404,1,0,1
736309,1397,0,6379,-7306,1,0,1
736310,512,2,2759,-7819,1,0,0
736311,131,0,528,9514,1,0,1
736312,65535,255,3589,9678,0,0,0
736313,402,0,5563,9510,1,0,1
736314,65535,255,6716,-7186,0,0,1
736315,469,0,5541,-7470,1,0,1
736316,1298,0,639,-8244,1,0,1
736317,1100,0,2683,9789,1,0,1
736318,797,0,5014,9577,1,0,1
736319,1161,0,6435,9339,1,0,1
736320,1523,0,5994,-7396,1,0,1
736321,851,0,1748,-7731,1,0,1
736322,816,0,1655,9750,1,0,1
736323,638,0,4362,9673,1,0,1
736324,1834,0,6031,9445,1,0,1
736325,1625,1,6381,-7287,1,0,1
736326,1339,0,2758,-7796,1,0,1
736327,171,2,529,9514,1,0,1
736328,966,0,3594,9694,1,0,1
736329,65535,255,5565,9529,0,0,0
736330,65535,255,6717,-7195,0,0,1
736331,65535,255,5541,-7433,0,0,0
736332,65535,255,632,-7879,0,0,0
736333,976,0,2693,9730,1,0,1
736334,165,0,5017,9556,1,0,1
736335,65535,255,6437,9373,0,0,0
736336,333,0,5993,-7389,1,0,1
736337,560,0,1742,-7751,1,0,1
736338,43,0,1661,9790,1,0,1
736339,388,2,4369,9698,1,0,0
736340,1225,0,6040,9404,1,0,1
736341,2021,0,6380,-7306,1,0,1
736342,820,0,2749,-7706,1,0,1
736343,1237,0,538,10139,1,0,1
736344,68,0,3602,9778,1,0,1
736345,65535,255,5572,9510,0,0,0
736346,65535,255,6715,-7186,0,0,1
736347,358,0,5537,-7484,1,0,1
736348,170,0,615,-7878,1,0,1
736349,680,1,2708,9753,1,0,1
736350,220,0,5028,9571,1,0,1
736351,256,0,6446,9333,1,0,1
736352,303,0,5987,-7378,1,0,1
736353,107,2,1725,-7865,1,0,1
736354,65535,255,1677,9946,0,0,0
736355,65535,255,4382,9658,0,0,0
736356,860,1,6046,9444,1,0,1
736357,1072,1,6372,-7286,1,0,1
736358,542,0,2735,-7855,1,0,1
736359,866,0,562,10012,1,0,1
736360,662,0,3619,9777,1,0,1
736361,169,0,5584,9512,1,0,1
736362,65535,255,6709,-7188,0,0,1
736363,891,1,5526,-7472,1,0,1
736364,1238,0,592,-8156,1,0,1
736365,339,2,2727,9822,1,0,0
736366,1273,0,5040,9613,1,0,1
736367,421,2,6453,9364,1,0,1
736368,311,2,5977,-7379,1,0,0
736369,65535,255,1698,-7769,0,0,0
736370,859,0,1709,9885,1,0,1
736371,844,0,4400,9644,1,0,1
736372,882,0,6056,9442,1,0,1
736373,1100,0,6364,-7284,1,0,1
736374,419,0,2701,-7721,1,0,1
736375,846,0,591,10231,1,0,1
736376,1031,0,3644,9691,1,0,1
736377,1488,0,5600,9474,1,0,1
736378,65535,255,6699,-7210,0,0,0
736379,1592,0,5512,-7461,1,0,1
736380,651,0,557,-7875,1,0,1
736381,376,0,2756,9774,1,0,0
736382,1343,0,5059,9600,1,0,1
736383,339,0,6465,9357,1,0,1
736384,1433,0,5961,-7374,1,0,1
736385,323,0,1665,-7986,1,0,1
736386,455,0,1739,9957,1,0,1
736387,1007,0,4420,9661,1,0,1
736388,924,0,6069,9435,1,0,1
736389,1542,0,6353,-7279,1,0,1
736390,666,0,2681,-7767,1,0,1
736391,71,2,621,10323,1,0,0
736392,1076,0,3664,9674,1,0,1
736393,1039,0,5608,9514,1,0,1
736394,65535,255,6691,-7190,0,0,1
736395,990,0,5500,-7480,1,0,1
736396,1235,0,529,-7623,1,0,1
736397,701,0,2770,9864,1,0,0
736398,870,0,5069,9567,1,0,1
736399,1285,0,6469,9356,1,0,1
736400,1405,0,5953,-7371,1,0,1
736401,65535,255,1649,-7948,0,0,0
736402,588,0,1754,9994,1,0,1
736403,65535,255,4430,9660,0,0,0
736404,65535,255,6075,9438,0,0,0
736405,479,0,6344,-7281,1,0,1
736406,163,2,2661,-7805,1,0,1
736407,403,0,643,9744,1,0,1
736408,466,0,3676,9721,1,0,1
736409,1696,0,5619,9480,1,0,1
736410,65535,255,6684,-7210,0,0,1
736411,995,0,5488,-7450,1,0,1
736412,65535,255,506,-8395,0,0,0
736413,0,0,0,0,0,0,0
736414,0,0,0,0,0,0,0
736415,551,0,6473,9363,1,0,1
736416,152,2,5947,-7376,1,0,1
736417,70,2,1633,-7811,1,0,1
736418,836,0,1759,9957,1,0,1
736419,335,0,4431,9672,1,0,1
736420,1234,0,6073,9406,1,0,1
736421,367,0,6345,-7302,1,0,1
736422,276,0,2666,-7792,1,0,1
736423,1351,0,631,9898,1,0,1
736424,65535,255,3660,9780,0,0,0
736425,1043,0,5606,9528,1,0,1
736426,65535,255,6687,-7195,0,0,0
736427,393,0,5498,-7443,1,0,1
736428,65535,255,539,-7814,0,0,0
736429,65535,255,2766,9775,0,0,0
736430,1003,2,5060,9605,1,0,1
736431,1763,0,6462,9369,1,0,1
736432,1243,0,5960,-7381,1,0,1
736433,795,0,1671,-7906,1,0,1
736434,672,0,1732,9770,1,0,1
736435,543,0,4410,9618,1,0,1
736436,1469,0,6060,9437,1,0,1
736437,2001,0,6354,-7278,1,0,1
736438,123,2,2691,-7730,1,0,1
736439,577,0,597,10062,1,0,1
736440,393,0,3645,9684,1,0,1
736441,958,0,5596,9484,1,0,1
736442,65535,255,6697,-7212,0,0,1
736443,968,0,5510,-7478,1,0,1
736444,2330,0,565,-7756,1,0,1
736445,365,2,2743,9720,1,0,1
736446,271,2,5047,9585,1,0,1
736447,540,0,6454,9360,1,0,1
736448,360,2,5969,-7372,1,0,1
736449,186,2,1693,-7905,1,0,1
736450,433,0,1710,9790,1,0,1
736451,763,0,4397,9638,1,0,1
736452,65535,255,6053,9434,0,0,0
736453,65535,255,6364,-7291,0,0,0
736454,448,0,2716,-7811,1,0,1
736455,3058,0,579,10125,1,0,1
736456,146,0,3632,9701,1,0,1
736457,1157,0,5588,9499,1,0,1
736458,65535,255,6704,-7223,0,0,0
736459,431,0,5518,-7429,1,0,0
736460,548,0,586,-7878,1,0,1
736461,1233,0,2728,9823,1,0,1
736462,867,0,5038,9559,1,0,1
736463,65535,255,6450,9347,0,0,0
736464,253,0,5977,-7354,1,0,0
736465,749,0,1709,-7884,1,0,1
736466,1048,0,1699,9790,1,0,1
736467,1021,0,4390,9646,1,0,1
736468,245,0,6051,9400,1,0,1
736469,1266,0,6368,-7300,1,0,1
736470,479,0,2723,-7800,1,0,1
736471,65535,255,569,9545,0,0,0
736472,778,0,3619,9769,1,0,1
736473,686,0,5583,9505,1,0,1
736474,65535,255,6708,-7203,0,0,1
736475,1020,0,5527,-7475,1,0,1
736476,150,2,597,-7713,1,0,1
736477,196,0,2718,9800,1,0,1
736478,452,0,5035,9555,1,0,1
736479,385,0,6450,9347,1,0,1
736480,1060,0,5981,-7361,1,0,1
736481,382,0,1715,-7940,1,0,1
736482,195,0,1688,9868,1,0,1
736483,608,2,4386,9678,1,0,1
736484,1029,0,6048,9428,1,0,1
736485,450,0,6370,-7267,1,0,1
736486,319,0,2730,-7786,1,0,1
736487,3227,0,562,10131,1,0,1
736488,827,0,3619,9727,1,0,1
736489,1113,0,5582,9519,1,0,1
736490,65535,255,6709,-7190,0,0,1
736491,974,0,5527,-7461,1,0,1
736492,2062,0,598,-7653,1,0,0
736493,961,0,2718,9801,1,0,1
736494,1114,0,5034,9561,1,0,1
736495,1201,0,6448,9355,1,0,1
736496,1202,0,5981,-7365,1,0,1
736497,404,2,1718,-7901,1,0,1
736498,383,2,1688,9946,1,0,1
736499,721,0,4390,9608,1,0,1
736500,1125,0,6048,9448,1,0,1
736501,1587,0,6370,-7289,1,0,1
736502,853,0,2725,-7695,1,0,1
736503,3282,0,568,9721,1,0,1
736504,1455,0,3623,9677,1,0,1
736505,1302,0,5583,9496,1,0,1
736506,65535,255,6710,-7221,0,0,1
736507,789,0,5525,-7439,1,0,1
736508,376,2,593,-7483,1,0,1
736509,447,2,2723,9776,1,0,1
736510,1404,0,5037,9555,1,0,1
736511,882,0,6449,9355,1,0,1
736512,766,0,5979,-7365,1,0,1
736513,256,0,1709,-7730,1,0,1
736514,1638,0,1694,10004,1,0,1
736515,186,0,4390,9627,1,0,1
736516,1376,0,6050,9403,1,0,1
736517,1735,0,6368,-7303,1,0,1
736518,1057,0,2721,-7763,1,0,1
736519,624,0,568,10071,1,0,1
736520,151,0,3623,9727,1,0,1
736521,201,0,5583,9528,1,0,1
736522,65535,255,6705,-7197,0,0,1
736523,1425,0,5523,-7480,1,0,1
736524,117,0,586,-8042,1,0,1
736525,241,0,2726,9761,1,0,1
736526,1017,0,5038,9614,1,0,1
736527,1992,1,6451,9343,1,0,1
736528,1412,1,5973,-7354,1,0,1
736529,751,0,1703,-7943,1,0,1
736530,890,0,1699,9984,1,0,1
736531,445,0,4397,9626,1,0,1
736532,1294,1,6054,9407,1,0,1
736533,1001,0,6363,-7304,1,0,1
736534,1044,1,2711,-7787,1,0,1
736535,230,0,580,10238,1,0,1
736536,1054,1,3631,9768,1,0,1
736537,853,0,5589,9481,1,0,1
736538,65535,255,6701,-7213,0,0,1
736539,1044,0,5513,-7436,1,0,1
736540,463,0,569,-7583,1,0,1
736541,268,0,2738,9811,1,0,1
736542,411,0,5044,9581,1,0,1
736543,1599,0,6455,9357,1,0,1
736544,1567,0,5969,-7391,1,0,1
736545,388,0,1687,-7904,1,0,1
736546,756,0,1715,9906,1,0,1
736547,717,0,4402,9630,1,0,1
736548,1214,0,6058,9418,1,0,1
736549,853,0,6358,-7295,1,0,1
736550,338,0,2696,-7765,1,0,1
736551,2424,0,597,10229,1,0,1
736552,1046,0,3644,9766,1,0,1
736553,487,0,5597,9485,1,0,1
736554,65535,255,6696,-7215,0,0,1
736555,725,0,5506,-7441,1,0,1
736556,105,2,556,-7993,1,0,1
736557,1139,0,2757,9730,1,0,1
736558,282,2,5056,9542,1,0,1
736559,2401,0,6461,9356,1,0,1
736560,1788,0,5960,-7369,1,0,1
736561,203,2,1665,-7827,1,0,1
736562,1330,0,1738,9847,1,0,1
736563,1067,0,4417,9694,1,0,1
736564,275,2,6065,9444,1,0,1
736565,658,0,6350,-7292,1,0,1
736566,969,0,2676,-7778,1,0,1
736567,347,2,620,10273,1,0,1
736568,943,0,3660,9789,1,0,1
736569,1178,0,5609,9501,1,0,1
736570,65535,255,6691,-7226,0,0,1
736571,3513,0,5497,-7461,1,0,1
736572,1706,0,528,-8123,1,0,1
736573,104,0,2775,9752,1,0,1
736574,313,0,5070,9562,1,0,1
736575,2797,0,6471,9364,1,0,1
736576,894,0,5951,-7386,1,0,1
736577,586,0,1644,-7947,1,0,1
736578,103,0,1765,9957,1,0,1
736579,739,0,4434,9641,1,0,1
736580,714,0,6079,9423,1,0,1
736581,3764,0,6343,-7308,1,0,1
736582,385,0,2651,-7720,1,0,1
736583,442,0,649,10103,1,0,1
736584,278,0,3683,9762,1,0,1
736585,1780,1,5621,9495,1,0,1
736586,65535,255,6681,-7222,0,0,1
736587,138,2,5485,-7431,1,0,1
736588,481,0,510,-7869,1,0,1
736589,296,0,2790,9718,1,0,1
736590,320,0,5076,9545,1,0,1
736591,180,2,6473,9361,1,0,1
736592,1239,0,5950,-7375,1,0,1
736593,752,0,1649,-7927,1,0,1
736594,1040,0,1753,9959,1,0,1
736595,266,0,4427,9642,1,0,1
736596,696,0,6070,9429,1,0,1
736597,576,0,6349,-7292,1,0,1
736598,253,0,2680,-7742,1,0,1
736599,122,0,614,10221,1,0,1
736600,620,0,3656,9700,1,0,1
736601,222,0,5603,9512,1,0,1
736602,65535,255,6694,-7202,0,0,1
736603,422,0,5512,-7484,1,0,1
736604,577,0,569,-8261,1,0,1
736605,773,0,2742,9888,1,0,1
736606,382,0,5049,9573,1,0,1
736607,773,0,6457,9348,1,0,1
736608,259,0,5972,-7357,1,0,1
736609,224,0,1698,-7789,1,0,1
736610,690,0,1699,9963,1,0,1
736611,1141,0,4393,9688,1,0,1
736612,651,0,6052,9418,1,0,1
736613,686,0,6370,-7316,1,0,1
736614,903,0,2730,-7868,1,0,1
736615,2270,1,563,10364,1,0,1
736616,177,2,3619,9726,1,0,1
736617,369,0,5582,9508,1,0,1
736618,65535,255,6710,-7210,0,0,1
736619,307,0,5529,-7431,1,0,1
736620,93,2,608,-7823,1,0,1
736621,689,0,2708,9800,1,0,1
736622,1370,0,5028,9544,1,0,1
736623,252,0,6445,9333,1,0,1
736624,259,0,5988,-7402,1,0,1
736625,1284,0,1731,-7769,1,0,0
736626,403,0,1666,9947,1,0,1
736627,650,0,4370,9691,1,0,1
736628,430,0,6038,9425,1,0,1
736629,1594,1,6378,-7267,1,0,1
736630,602,0,2753,-7740,1,0,1
736631,187,0,533,9707,1,0,1
736632,817,0,3593,9788,1,0,1
736633,380,0,5568,9474,1,0,1
736634,65535,255,6718,-7204,0,0,1
736635,894,0,5543,-7474,1,0,1
736636,120,0,633,-7619,1,0,1
736637,286,0,2683,9766,1,0,1
736638,457,0,5011,9616,1,0,1
736639,734,0,6434,9331,1,0,1
736640,2238,0,5996,-7393,1,0,1
736641,334,0,1759,-7806,1,0,1
736642,650,0,1639,10029,1,0,1
736643,1381,1,4355,9621,1,0,0
736644,1123,1,6027,9451,1,0,1
736645,1170,2,6386,-7289,1,0,0
736646,1030,0,2772,-7840,1,0,1
736647,110,2,505,10347,1,0,1
736648,955,0,3576,9747,1,0,1
736649,737,0,5555,9527,1,0,1
736650,65535,255,6722,-7196,0,0,0
736651,771,0,5551,-7463,1,0,1
736652,65535,255,656,-7628,0,0,0
736653,65535,255,2669,9780,0,0,0
736654,139,0,5002,9542,1,0,1
736655,1309,1,6426,9344,1,0,0
736656,65535,255,6001,-7354,0,0,0
736657,90,0,1775,-7897,1,0,1
736658,233,0,1627,9831,1,0,1
736659,628,0,4345,9669,1,0,1
736660,1022,0,6022,9420,1,0,1
736661,716,0,6388,-7263,1,0,1
736662,65535,255,2782,-7782,0,0,0
736663,453,2,492,10090,1,0,0
736664,827,0,3568,9723,1,0,1
736665,1533,0,5548,9519,1,0,1
736666,65535,255,6725,-7189,0,0,1
736667,890,0,5554,-7461,1,0,1
736668,139,0,667,-7680,1,0,1
736669,623,0,2654,9804,1,0,1
736670,203,0,4996,9559,1,0,1
736671,2084,0,6423,9355,1,0,1
736672,1507,0,6005,-7368,1,0,1
736673,350,2,1781,-7731,1,0,1
736674,148,2,1617,9973,1,0,1
736675,271,2,4342,9617,1,0,1
736676,1660,0,6017,9457,1,0,1
736677,268,2,6391,-7294,1,0,1
736678,710,0,2786,-7725,1,0,1
736679,483,0,487,9821,1,0,0
736680,817,0,3564,9698,1,0,1
736681,65535,255,5548,9510,0,0,0
736682,65535,255,6726,-7181,0,0,1
736683,1836,0,5556,-7456,1,0,1
736684,1041,0,668,-7531,1,0,1
736685,65535,255,2654,9769,0,0,0
736686,65535,255,4993,9549,0,0,0
736687,714,0,6423,9352,1,0,1
736688,204,0,6005,-7364,1,0,1
736689,212,0,1781,-7748,1,0,1
736690,65535,255,1617,10014,0,0,0
736691,600,0,4341,9637,1,0,1
736692,496,0,6019,9409,1,0,1
736693,487,0,6391,-7309,1,0,1
736694,693,0,2786,-7793,1,0,1
736695,612,0,487,10294,1,0,0
736696,341,0,3564,10294,1,0,1
736697,1482,0,5550,10294,1,0,1
736698,65535,255,6726,10294,0,0,1
736699,1453,0,5554,10294,1,0,1
736700,1004,0,663,10294,1,0,1
736701,104,0,2658,10294,1,0,1
736702,1631,1,4999,10294,1,0,1
736703,2119,1,6426,10294,1,0,1
736704,458,0,6004,10294,1,0,1
736705,602,1,1775,10294,1,0,1
736706,706,0,1628,10294,1,0,1
736707,454,0,4344,10294,1,0,1
736708,65535,255,6023,10294,0,0,0
736709,65535,255,6390,10294,0,0,0
736710,645,0,2777,10294,1,0,1
736711,65535,255,504,10294,0,0,0
736712,223,0,3576,10294,1,0,1
736713,1231,1,5554,10294,1,0,1
736714,65535,255,6724,10294,0,0,1
736715,65535,255,5553,10294,0,0,0
736716,2517,0,656,10294,1,0,1
736717,65535,255,2673,10294,0,0,0
736718,617,0,5008,10294,1,0,1
736719,65535,255,6431,10294,0,0,0
736720,0,0,0,0,0,0,0
736721,295,0,1764,10294,1,0,1
736722,360,2,1644,10294,1,0,0
736723,289,2,4355,10294,1,0,1
736724,1679,0,6031,10294,1,0,1
736725,2251,0,6385,10294,1,0,1
736726,677,0,2767,10294,1,0,1
736727,1002,0,516,10294,1,0,1
736728,810,0,3589,10294,1,0,1
736729,1467,0,5565,10294,1,0,1
736730,65535,255,6721,10294,0,0,1
736731,558,0,5545,10294,1,0,1
736732,672,0,638,10294,1,0,1
736733,1080,0,2688,10294,1,0,1
736734,1312,0,5016,10294,1,0,1
736735,1599,0,6439,10294,1,0,1
736736,1256,0,5993,10294,1,0,1
736737,1056,0,1742,10294,1,0,1
736738,174,2,1666,10294,1,0,1
736739,991,0,4369,10294,1,0,1
736740,314,2,6040,10294,1,0,1
736741,434,0,6379,10294,1,0,1
736742,65535,255,2748,10294,0,0,0
736743,245,2,539,10294,1,0,1
736744,1000,0,3606,10294,1,0,1
736745,1743,0,5574,10294,1,0,1
736746,65535,255,6713,10294,0,0,1
736747,1659,0,5535,10294,1,0,1
736748,382,0,609,10294,1,0,1
736749,291,0,2713,10294,1,0,1
736750,757,0,5031,10294,1,0,1
736751,1431,0,6446,10294,1,0,1
736752,548,0,5984,10294,1,0,1
736753,65535,255,1720,10294,0,0,0
736754,932,0,1688,10294,1,0,1
736755,215,0,4387,10294,1,0,1
736756,688,0,6048,10294,1,0,1
736757,1655,0,6368,10294,1,0,1
736758,854,0,2721,10294,1,0,1
736759,2795,0,574,10294,1,0,1
736760,853,0,3627,10294,1,0,1
736761,2245,0,5588,10294,1,0,1
736762,65535,255,6705,10294,0,0,1
736763,489,2,5520,10294,1,0,1
736764,65535,255,581,10294,0,0,0
736765,961,0,2738,10294,1,0,1
736766,1591,0,5046,10294,1,0,1
736767,860,0,6457,10294,1,0,1
736768,2133,0,5969,10294,1,0,1
736769,321,2,1682,10294,1,0,1
736770,256,2,1721,10294,1,0,1
736771,65535,255,4407,10294,0,0,0
736772,439,2,6062,10294,1,0,1
736773,526,0,6357,10294,1,0,1
736774,65535,255,2691,10294,0,0,0
736775,0,0,0,0,0,0,0
736776,65535,255,3652,10294,0,0,0
736777,1539,0,5604,10294,1,0,1
736778,65535,255,6693,10294,0,0,1
736779,540,0,5500,10294,1,0,1
736780,65535,255,540,10294,0,0,0
736781,1027,0,2771,10294,1,0,1
736782,670,0,5065,10294,1,0,1
736783,65535,255,6468,10294,0,0,0
736784,852,2,5953,10294,1,0,0
736785,893,0,1649,10294,1,0,1
736786,940,0,1748,10294,1,0,1
736787,722,0,4421,10294,1,0,1
736788,2326,2,6068,10294,1,0,1
736789,843,0,6350,10294,1,0,1
736790,749,0,2676,10294,1,0,1
736791,288,2,620,10294,1,0,1
736792,1013,0,3656,10294,1,0,1
736793,1155,0,5602,10294,1,0,1
736794,65535,255,6691,10294,0,0,1
736795,0,0,0,0,0,0,0
736796,65535,255,545,10294,0,0,0
736797,546,0,2762,10294,1,0,1
736798,1354,0,5057,10294,1,0,1
736799,1066,0,6463,10294,1,0,1
736800,796,0,5958,10294,1,0,1
736801,1075,0,1665,10294,1,0,1
736802,870,0,1738,10294,1,0,1
736803,749,0,4414,10294,1,0,1
736804,1981,0,6062,10294,1,0,1
736805,1687,0,6352,10294,1,0,1
736806,1253,0,2686,10294,1,0,1
736807,216,0,608,10294,1,0,1
736808,521,0,3653,10294,1,0,1
736809,965,0,5601,10294,1,0,1
736810,65535,255,6694,10294,0,0,1
736811,268,0,5505,10294,1,0,1
736812,5259,0,552,10294,1,0,1
736813,403,0,2752,10294,1,0,1
736814,1313,0,5057,10294,1,0,1
736815,65535,255,6460,10294,0,0,0
736816,65535,255,5962,10294,0,0,0
736817,951,0,1671,10294,1,0,1
736818,1707,0,1732,10294,1,0,1
736819,1377,0,4414,10294,1,0,1
736820,1032,0,6063,10294,1,0,1
736821,358,0,6354,10294,1,0,1
736822,1892,0,2691,10294,1,0,1
736823,825,0,608,10294,1,0,1
736824,1107,0,3652,10294,1,0,1
736825,557,0,5601,10294,1,0,1
736826,65535,255,6695,10294,0,0,1
736827,900,0,5505,10294,1,0,1
736828,253,2,551,10294,1,0,1
736829,1162,0,2757,10294,1,0,1
736830,675,0,5059,10294,1,0,1
736831,879,0,6464,10294,1,0,1
736832,776,0,5962,10294,1,0,1
736833,463,0,1671,10294,1,0,1
736834,1249,0,1738,10294,1,0,1
736835,1243,0,4417,10294,1,0,1
736836,1359,0,6066,10294,1,0,1
736837,267,0,6355,10294,1,0,1
736838,291,0,2686,10294,1,0,1
736839,1843,0,612,10294,1,0,1
736840,1341,0,3656,10294,1,0,1
736841,1017,0,5603,10294,1,0,1
736842,65535,255,6693,10294,0,0,1
736843,214,0,5504,10294,1,0,1
736844,5666,0,540,10294,1,0,1
736845,1995,0,2766,10294,1,0,1
736846,2003,0,5062,10294,1,0,1
736847,2147,0,6467,10294,1,0,1
736848,1794,0,5961,10294,1,0,1
736849,2818,0,1659,10294,1,0,1
736850,206,2,1743,10294,1,0,1
736851,1795,0,4423,10294,1,0,1
736852,1628,0,6072,10294,1,0,1
736853,1519,0,6351,10294,1,0,1
736854,840,2,2676,10294,1,0,1
736855,5402,0,627,10294,1,0,1
736856,1365,0,3664,10294,1,0,1
736857,2069,0,5611,10294,1,0,1
736858,65535,255,6690,10294,0,0,1
736859,2067,0,5499,10294,1,0,1
736860,3509,0,533,10294,1,0,1
736861,426,2,2775,10294,1,0,1
736862,2190,0,5070,10294,1,0,1
736863,752,2,6470,10294,1,0,1
736864,1909,0,5954,10294,1,0,1
736865,760,0,1643,10294,1,0,1
736866,1709,0,1754,10294,1,0,1
736867,681,0,4434,10294,1,0,1
736868,1777,0,6077,10294,1,0,1
736869,1871,0,6346,10294,1,0,1
736870,1748,0,2666,10294,1,0,1
736871,92,0,644,10294,1,0,1
736872,1811,0,3676,10294,1,0,1
736873,871,0,5619,10294,1,0,1
736874,65535,255,6686,10294,0,0,1
736875,389,0,5492,10294,1,0,1
736876,1852,0,516,10294,1,0,1
736877,194,0,2789,10294,1,0,1
736878,145,0,5078,10294,1,0,1
736879,2024,1,6478,10294,1,0,1
736880,802,0,5948,10294,1,0,1
736881,168,0,1627,10294,1,0,1
736882,691,0,1776,10294,1,0,1
736883,817,0,4444,10294,1,0,1
736884,147,2,6083,10294,1,0,1
736885,850,0,6340,10294,1,0,1
736886,459,0,2646,10294,1,0,1
736887,2151,1,660,10294,1,0,1
736888,237,0,3692,10294,1,0,1
736889,734,0,5624,10294,1,0,1
736890,65535,255,6679,10294,0,0,1
736891,1552,1,5482,10294,1,0,1
736892,6070,1,487,10294,1,0,1
736893,1427,1,2809,10294,1,0,1
736894,1048,0,5090,10294,1,0,1
736895,880,0,6483,10294,1,0,1
736896,853,0,5937,10294,1,0,1
736897,2626,0,1616,10294,1,0,1
736898,1871,0,1787,10294,1,0,1
736899,260,0,4447,10294,1,0,1
736900,1394,0,6083,10294,1,0,1
736901,1037,0,6337,10294,1,0,1
736902,118,0,2646,10294,1,0,1
736903,258,0,662,10294,1,0,1
736904,794,0,3685,10294,1,0,1
736905,1323,0,5618,10294,1,0,1
736906,65535,255,6682,10294,0,0,1
736907,992,0,5485,10294,1,0,1
736908,6689,0,516,10294,1,0,1
736909,1484,0,2785,10294,1,0,1
736910,1101,0,5074,10294,1,0,1
736911,425,2,6472,10294,1,0,1
736912,428,2,5951,10294,1,0,1
736913,232,2,1643,10294,1,0,1
736914,2057,0,1754,10294,1,0,1
736915,1566,0,4428,10294,1,0,1
736916,1376,0,6071,10294,1,0,1
736917,1218,0,6346,10294,1,0,1
736918,758,2,2671,10294,1,0,1
736919,881,2,626,10294,1,0,1
736920,178,2,3661,10294,1,0,1
736921,1503,0,5604,10294,1,0,1
736922,65535,255,6689,10294,0,0,1
736923,1908,0,5500,10294,1,0,1
736924,2469,0,545,10294,1,0,1
736925,379,0,2762,10294,1,0,1
736926,1065,0,5057,10294,1,0,1
736927,1656,0,6463,10294,1,0,1
736928,1048,0,5960,10294,1,0,1
736929,2504,0,1671,10294,1,0,1
736930,80,0,1726,10294,1,0,1
736931,243,0,4410,10294,1,0,1
736932,218,0,6061,10294,1,0,1
736933,345,0,6354,10294,1,0,1
736934,123,0,2696,10294,1,0,1
736935,147,0,597,10294,1,0,1
736936,1382,0,3640,10294,1,0,1
736937,262,0,5594,10294,1,0,1
736938,65535,255,6696,10294,0,0,1
736939,1298,0,5511,10294,1,0,1
736940,3592,1,568,10294,1,0,1
736941,1378,0,2743,10294,1,0,1
736942,700,0,5047,10294,1,0,1
736943,374,0,6455,10294,1,0,1
736944,746,0,5967,10294,1,0,1
736945,1186,1,1693,10294,1,0,1
736946,154,2,1705,10294,1,0,1
736947,1486,0,4397,10294,1,0,1
736948,818,0,6054,10294,1,0,1
736949,1049,0,6363,10294,1,0,1
736950,1163,1,2711,10294,1,0,1
736951,1910,1,581,10294,1,0,1
736952,353,0,3632,10294,1,0,1
736953,1360,0,5588,10294,1,0,1
736954,65535,255,6702,10294,0,0,1
736955,970,0,5520,10294,1,0,1
736956,3079,0,580,10294,1,0,1
736957,1020,0,2728,10294,1,0,1
736958,1240,0,5041,10294,1,0,1
736959,468,0,6451,10294,1,0,1
736960,1093,0,5975,10294,1,0,1
736961,309,0,1704,10294,1,0,1
736962,1487,0,1699,10294,1,0,1
736963,358,0,4390,10294,1,0,1
736964,2163,0,6051,10294,1,0,1
736965,513,0,6368,10294,1,0,1
736966,250,0,2735,10294,1,0,1
736967,9774,0,551,10294,1,0,1
736968,576,0,3611,10294,1,0,1
736969,2227,0,5575,10294,1,0,1
736970,65535,255,6713,10294,0,0,1
736971,327,0,5532,10294,1,0,1
736972,1892,0,614,10294,1,0,1
736973,1641,0,2698,10294,1,0,1
736974,1646,0,5023,10294,1,0,1
736975,1786,0,6441,10294,1,0,1
736976,1426,0,5990,10294,1,0,1
736977,2305,1,1742,10294,1,0,1
736978,2140,1,1661,10294,1,0,1
736979,816,0,4366,10294,1,0,1
736980,1362,0,6036,10294,1,0,1
736981,1028,0,6382,10294,1,0,1
736982,930,0,2762,10294,1,0,1
736983,8475,0,529,10294,1,0,1
736984,254,0,3589,10294,1,0,1
736985,1852,0,5564,10294,1,0,1
736986,65535,255,6719,10294,0,0,1
736987,1649,0,5545,10294,1,0,1
736988,7099,0,638,10294,1,0,1
736989,2048,0,2683,10294,1,0,1
736990,631,0,5013,10294,1,0,1
736991,692,0,6434,10294,1,0,1
736992,1966,0,5997,10294,1,0,1
736993,486,0,1764,10294,1,0,1
736994,1590,0,1644,10294,1,0,1
736995,2068,0,4355,10294,1,0,1
736996,1856,0,6029,10294,1,0,1
736997,521,0,6387,10294,1,0,1
736998,3126,0,2772,10294,1,0,1
736999,2155,0,504,10294,1,0,1
737000,2078,0,3580,10294,1,0,1
737001,1704,0,5557,10294,1,0,1
737002,65535,255,6723,10294,0,0,1
737003,1783,0,5550,10294,1,0,1
737004,2719,0,656,10294,1,0,1
737005,2623,1,2668,10294,1,0,1
737006,1451,0,5005,10294,1,0,1
737007,2138,0,6429,10294,1,0,1
737008,1534,0,6002,10294,1,0,1
737009,2503,0,1770,10294,1,0,1
737010,2966,1,1627,10294,1,0,1
737011,65535,255,4348,10294,0,0,0
737012,65535,255,6023,10294,0,0,0
737013,65535,255,6390,10294,0,0,0
737014,1473,0,2777,10294,1,0,1
737015,9914,0,498,10294,1,0,1
737016,65535,255,3572,10294,0,0,0
737017,1542,0,5552,10294,1,0,1
737018,65535,255,6725,10294,0,0,1
737019,65535,255,5553,10294,0,0,0
737020,9597,0,661,10294,1,0,1
737021,1803,0,2663,10294,1,0,1
737022,2790,0,4999,10294,1,0,1
737023,2504,0,6426,10294,1,0,1
737024,1527,2,6002,10294,1,0,0
737025,1353,0,1775,10294,1,0,1
737026,1994,0,1628,10294,1,0,1
737027,3232,0,4344,10294,1,0,1
737028,2332,0,6022,10294,1,0,1
737029,1779,0,6388,10294,1,0,1
737030,3085,0,2782,10294,1,0,1
737031,6391,1,499,10294,1,0,1
737032,1992,0,3573,10294,1,0,1
737033,581,2,5553,10294,1,0,1
737034,65535,255,6724,10294,0,0,0
737035,65535,255,5551,10294,0,0,0
737036,4620,1,655,10294,1,0,1
737037,2669,0,2664,10294,1,0,1
737038,65535,255,4999,10294,0,0,0
737039,1962,0,6428,10294,1,0,1
737040,2364,0,6000,10294,1,0,1
737041,1478,0,1770,10294,1,0,1
737042,3285,0,1633,10294,1,0,1
737043,2946,0,4349,10294,1,0,1
737044,2131,0,6026,10294,1,0,1
737045,2146,0,6386,10294,1,0,1
737046,65535,255,2772,10294,0,0,0
737047,65535,255,505,10294,0,0,0
737048,65535,255,3577,10294,0,0,0
737049,65535,255,5558,10294,0,0,0
737050,65535,255,6721,10294,0,0,0
737051,65535,255,5546,10294,0,0,0
737052,65535,255,649,10294,0,0,0
737053,2837,0,2674,10294,1,0,1
737054,2879,0,5005,10294,1,0,1
737055,1945,0,6432,10294,1,0,1
737056,2755,2,5996,10294,1,0,1
737057,65535,255,1753,10294,0,0,0
737058,1374,0,1650,10294,1,0,1
737059,2100,0,4356,10294,1,0,1
737060,659,2,6030,10294,1,0,0
737061,733,0,6381,10294,1,0,1
737062,1312,0,2758,10294,1,0,1
737063,5261,1,521,10294,1,0,0
737064,65535,255,3590,10294,0,0,0
737065,995,0,5566,10294,1,0,1
737066,65535,255,6717,10294,0,0,1
737067,2082,0,5538,10294,1,0,1
737068,1359,0,627,10294,1,0,1
737069,2542,0,2688,10294,1,0,1
737070,3718,0,5017,10294,1,0,1
737071,1909,0,6438,10294,1,0,1
737072,3185,0,5989,10294,1,0,1
737073,1855,0,1737,10294,1,0,1
737074,3660,0,1666,10294,1,0,1
737075,3512,0,4370,10294,1,0,1
737076,65535,255,6038,10294,0,0,0
737077,2140,0,6376,10294,1,0,1
737078,65535,255,2740,10294,0,0,0
737079,8428,0,546,10294,1,0,1
737080,2778,0,3607,10294,1,0,1
737081,2223,0,5576,10294,1,0,1
737082,65535,255,6710,10294,0,0,0
737083,65535,255,5530,10294,0,0,0
737084,65535,255,609,10294,0,0,0
737085,65535,255,2713,10294,0,0,0
737086,462,2,5031,10294,1,0,0
737087,2246,0,6449,10294,1,0,1
737088,2540,0,5982,10294,1,0,1
737089,825,2,1709,10294,1,0,1
737090,3039,0,1693,10294,1,0,1
737091,1455,0,4390,10294,1,0,1
737092,1796,0,6051,10294,1,0,1
737093,999,2,6368,10294,1,0,1
737094,2493,0,2720,10294,1,0,1
737095,1275,2,580,10294,1,0,1
737096,65535,255,3631,10294,0,0,0
737097,1836,0,5589,10294,1,0,1
737098,65535,255,6703,10294,0,0,1
737099,65535,255,5517,10294,0,0,0
737100,65535,255,574,10294,0,0,0
737101,65535,255,2743,10294,0,0,0
737102,65535,255,5050,10294,0,0,0
737103,65535,255,6458,10294,0,0,0
737104,0,0,0,0,0,0,0
737105,65535,255,1681,10294,0,0,0
737106,627,0,1726,10294,1,0,1
737107,65535,255,4413,10294,0,0,0
737108,331,0,6064,10294,1,0,1
737109,166,0,6356,10294,1,0,1
737110,65535,255,2685,10294,0,0,0
737111,5227,0,615,10294,1,0,1
737112,65535,255,3660,10294,0,0,0
737113,0,0,0,0,0,0,0
737114,65535,255,6694,10294,0,0,0
737115,2042,0,5504,10294,1,0,1
737116,65535,255,533,10294,0,0,0
737117,65535,255,2771,10294,0,0,0
737118,1338,0,5070,10294,1,0,1
737119,1651,0,6470,10294,1,0,1
737120,1391,0,5954,10294,1,0,1
737121,65535,255,1649,10294,0,0,0
737122,2408,0,1748,10294,1,0,1
737123,1279,0,4427,10294,1,0,1
737124,1581,0,6070,10294,1,0,1
737125,1838,0,6350,10294,1,0,1
737126,2397,0,2676,10294,1,0,1
737127,4221,0,621,10294,1,0,1
737128,2837,0,3660,10294,1,0,1
737129,1068,0,5606,10294,1,0,1
737130,65535,255,6694,10294,0,0,1
737131,1952,0,5504,10294,1,0,1
737132,5554,0,545,10294,1,0,1
737133,828,0,2757,10294,1,0,1
737134,1932,0,5059,10294,1,0,1
737135,1777,0,6464,10294,1,0,1
737136,2835,0,5964,10294,1,0,1
737137,3646,0,1671,10294,1,0,1
737138,2457,0,1732,10294,1,0,1
737139,1158,0,4414,10294,1,0,1
737140,2880,0,6064,10294,1,0,1
737141,2176,0,6354,10294,1,0,1
737142,65535,255,2696,10294,0,0,0
737143,4803,0,597,10294,1,0,1
737144,2301,0,3644,10294,1,0,1
737145,1370,0,5596,10294,1,0,1
737146,65535,255,6698,10294,0,0,0
737147,65535,255,5510,10294,0,0,0
737148,7298,0,563,10294,1,0,1
737149,2471,0,2743,10294,1,0,1
737150,2603,0,5050,10294,1,0,1
737151,2527,0,6459,10294,1,0,1
737152,2238,0,5966,10294,1,0,1
737153,3551,0,1682,10294,1,0,1
737154,792,2,1716,10294,1,0,0
737155,1153,0,4404,10294,1,0,1
737156,1351,0,6057,10294,1,0,1
737157,2293,0,6359,10294,1,0,1
737158,2249,0,2705,10294,1,0,1
737159,5096,0,591,10294,1,0,1
737160,1578,0,3632,10294,1,0,1
737161,65535,255,5590,10294,0,0,0
737162,65535,255,6700,10294,0,0,0
737163,1120,0,5513,10294,1,0,1
737164,4319,0,574,10294,1,0,1
737165,2321,0,2738,10294,1,0,1
737166,1619,0,5044,10294,1,0,1
737167,913,0,6455,10294,1,0,1
737168,1441,0,5969,10294,1,0,1
737169,3004,0,1687,10294,1,0,1
737170,65535,255,1710,10294,0,0,0
737171,942,0,4397,10294,1,0,1
737172,2188,0,6054,10294,1,0,1
737173,2692,0,6360,10294,1,0,1
737174,65535,255,2706,10294,0,0,0
737175,65535,255,587,10294,0,0,0
737176,506,2,3632,10294,1,0,1
737177,2091,0,5589,10294,1,0,1
737178,65535,255,6699,10294,0,0,1
737179,886,0,5513,10294,1,0,1
737180,13242,1,574,10294,1,0,1
737181,782,2,2733,10294,1,0,1
737182,65535,255,5045,10294,0,0,0
737183,65535,255,6453,10294,0,0,0
737184,65535,255,5969,10294,0,0,0
737185,65535,255,1693,10294,0,0,0
737186,65535,255,1706,10294,0,0,0
737187,2030,0,4400,10294,1,0,1
737188,2265,0,6054,10294,1,0,1
737189,1548,0,6359,10294,1,0,1
737190,2295,0,2706,10294,1,0,1
737191,2215,0,585,10294,1,0,1
737192,1803,0,3636,10294,1,0,1
737193,1372,0,5592,10294,1,0,1
737194,65535,255,6700,10294,0,0,1
737195,1828,0,5514,10294,1,0,1
737196,8453,0,568,10294,1,0,1
737197,827,0,2738,10294,1,0,1
737198,1287,0,5047,10294,1,0,1
737199,1012,0,6456,10294,1,0,0
737200,1021,0,5966,10294,1,0,1
737201,65535,255,1687,10294,0,0,0
737202,1768,0,1716,10294,1,0,1
737203,65535,255,4403,10294,0,0,0
737204,65535,255,6058,10294,0,0,0
737205,65535,255,6359,10294,0,0,0
737206,2904,0,2700,10294,1,0,1
737207,6587,1,598,10294,1,0,1
737208,1483,0,3640,10294,1,0,1
737209,2002,0,5596,10294,1,0,1
737210,65535,255,6697,10294,0,0,1
737211,2368,0,5510,10294,1,0,1
737212,1036,0,557,10294,1,0,1
737213,1174,0,2752,10294,1,0,1
737214,1277,0,5056,10294,1,0,1
737215,1348,0,6462,10294,1,0,1
737216,2688,0,5963,10294,1,0,1
737217,2747,0,1676,10294,1,0,1
737218,2300,0,1732,10294,1,0,1
737219,2219,0,4413,10294,1,0,1
737220,684,0,6064,10294,1,0,1
737221,1434,0,6356,10294,1,0,1
737222,1106,0,2685,10294,1,0,1
737223,3454,0,614,10294,1,0,1
737224,2048,0,3656,10294,1,0,1
737225,1883,0,5603,10294,1,0,1
737226,65535,255,6694,10294,0,0,1
737227,1087,0,5504,10294,1,0,1
737228,5040,0,546,10294,1,0,1
737229,2328,0,2766,10294,1,0,1
737230,1227,0,5062,10294,1,0,1
737231,1739,0,6469,10294,1,0,1
737232,1324,0,5961,10294,1,0,1
737233,2290,0,1659,10294,1,0,1
737234,700,2,1749,10294,1,0,1
737235,1352,0,4423,10294,1,0,1
737236,867,0,6072,10294,1,0,1
737237,2618,0,6351,10294,1,0,1
737238,1981,0,2670,10294,1,0,1
737239,9243,1,632,10294,1,0,1
737240,1449,0,3672,10294,1,0,1
737241,2553,0,5613,10294,1,0,1
737242,65535,255,6687,10294,0,0,1
737243,1420,0,5496,10294,1,0,1
737244,1665,0,522,10294,1,0,1
737245,2573,0,2784,10294,1,0,1
737246,2451,0,5076,10294,1,0,1
737247,803,0,6474,10294,1,0,1
737248,1546,0,5952,10294,1,0,1
737249,3536,0,1632,10294,1,0,1
737250,1871,0,1765,10294,1,0,1
737251,827,0,4440,10294,1,0,1
737252,541,0,6083,10294,1,0,1
737253,586,0,6342,10294,1,0,1
737254,2081,0,2651,10294,1,0,1
737255,1647,0,660,10294,1,0,1
737256,1860,0,3688,10294,1,0,1
737257,2429,0,5624,10294,1,0,1
737258,65535,255,6680,10294,0,0,1
737259,1581,0,5484,10294,1,0,1
737260,7161,0,506,10294,1,0,1
737261,1230,0,2794,10294,1,0,1
737262,2387,0,5079,10294,1,0,1
737263,1908,0,6476,10294,1,0,1
737264,2074,0,5946,10294,1,0,1
737265,2213,0,1629,10294,1,0,1
737266,1217,0,1771,10294,1,0,1
737267,1594,0,4439,10294,1,0,1
737268,2118,0,6079,10294,1,0,1
737269,1363,0,6343,10294,1,0,1
737270,1391,0,2661,10294,1,0,1
737271,65535,255,644,10294,0,0,0
737272,2374,0,3676,10294,1,0,1
737273,1524,0,5614,10294,1,0,1
737274,65535,255,6686,10294,0,0,1
737275,766,0,5492,10294,1,0,1
737276,3045,0,525,10294,1,0,1
737277,2333,0,2776,10294,1,0,1
737278,2034,0,5071,10294,1,0,1
737279,1837,0,6470,10294,1,0,1
737280,1070,0,5953,10294,1,0,1
737281,2491,0,1649,10294,1,0,1
737282,1840,0,1748,10294,1,0,1
737283,797,0,4424,10294,1,0,1
737284,2267,0,6071,10294,1,0,1
737285,1248,0,6348,10294,1,0,1
737286,2612,0,2676,10294,1,0,1
737287,5499,0,626,10294,1,0,1
737288,1519,0,3660,10294,1,0,1
737289,838,0,5604,10294,1,0,1
737290,65535,255,6691,10294,0,0,1
737291,1966,0,5500,10294,1,0,1
737292,6150,0,539,10294,1,0,1
737293,481,2,2762,10294,1,0,1
737294,1585,0,5060,10294,1,0,1
737295,1586,0,6463,10294,1,0,1
737296,2178,0,5958,10294,1,0,1
737297,1283,0,1660,10294,1,0,1
737298,2801,0,1737,10294,1,0,1
737299,1161,0,4414,10294,1,0,1
737300,2114,0,6063,10294,1,0,1
737301,2396,0,6351,10294,1,0,1
737302,2332,0,2686,10294,1,0,1
737303,982,2,609,10294,1,0,1
737304,2167,0,3649,10294,1,0,1
737305,1270,0,5599,10294,1,0,1
737306,65535,255,6693,10294,0,0,1
737307,1320,0,5505,10294,1,0,1
737308,1094,0,552,10294,1,0,1
737309,2294,0,2752,10294,1,0,1
737310,1574,0,5054,10294,1,0,1
737311,2061,0,6461,10294,1,0,1
737312,2001,0,5962,10294,1,0,1
737313,879,0,1676,10294,1,0,1
737314,2295,0,1727,10294,1,0,1
737315,1888,0,4407,10294,1,0,1
737316,1868,0,6060,10294,1,0,1
737317,2080,0,6355,10294,1,0,1
737318,1963,0,2696,10294,1,0,1
737319,7291,0,603,10294,1,0,1
737320,1887,0,3645,10294,1,0,1
737321,2414,0,5596,10294,1,0,1
737322,65535,255,6696,10294,0,0,1
737323,1341,0,5507,10294,1,0,1
737324,805,2,557,10294,1,0,1
737325,1821,0,2753,10294,1,0,1
737326,901,2,5053,10294,1,0,1
737327,2016,0,6459,10294,1,0,1
737328,1279,2,5964,10294,1,0,1
737329,2926,0,1676,10294,1,0,1
737330,1000,2,1710,10294,1,0,1
737331,2044,0,4397,10294,1,0,1
737332,2298,0,6054,10294,1,0,1
737333,65535,255,6363,10294,0,0,0
737334,3051,0,2715,10294,1,0,1
737335,65535,255,574,10294,0,0,0
737336,2145,0,3628,10294,1,0,1
737337,3209,0,5586,10294,1,0,1
737338,65535,255,6704,10294,0,0,1
737339,1732,0,5522,10294,1,0,1
737340,1354,0,586,10294,1,0,1
737341,1867,0,2723,10294,1,0,1
737342,1747,0,5038,10294,1,0,1
737343,786,0,6449,10294,1,0,1
737344,2079,0,5977,10294,1,0,1
737345,1352,0,1714,10294,1,0,1
737346,2845,0,1688,10294,1,0,1
737347,1397,0,4383,10294,1,0,1
737348,947,0,6047,10294,1,0,1
737349,2192,0,6370,10294,1,0,1
737350,1450,0,2730,10294,1,0,1
737351,7279,0,558,10294,1,0,1
737352,1405,2,3614,10294,1,0,1
737353,1393,2,5581,10294,1,0,1
737354,65535,255,6710,10294,0,0,1
737355,1297,2,5530,10294,1,0,1
737356,2170,0,609,10294,1,0,1
737357,65535,255,2709,10294,0,0,0
737358,589,2,5029,10294,1,0,1
737359,2649,0,6445,10294,1,0,1
737360,3198,0,5986,10294,1,0,1
737361,1331,2,1725,10294,1,0,1
737362,1559,0,1677,10294,1,0,1
737363,2163,0,4376,10294,1,0,1
737364,1925,0,6042,10294,1,0,1
737365,1940,0,6376,10294,1,0,1
737366,2329,0,2748,10294,1,0,1
737367,8692,0,539,10294,1,0,1
737368,2633,0,3602,10294,1,0,1
737369,2459,0,5570,10294,1,0,1
737370,65535,255,6716,10294,0,0,1
737371,2297,0,5537,10294,1,0,1
737372,6986,0,626,10294,1,0,1
737373,1440,0,2693,10294,1,0,1
737374,2291,0,5017,10294,1,0,1
737375,1933,0,6437,10294,1,0,1
737376,1983,0,5992,10294,1,0,1
737377,65535,255,1753,10294,0,0,0
737378,2645,0,1655,10294,1,0,1
737379,1996,0,4363,10294,1,0,1
737380,2089,0,6033,10294,1,0,1
737381,1662,0,6384,10294,1,0,1
737382,3148,0,2762,10294,1,0,1
737383,2848,0,522,10294,1,0,1
737384,65535,255,3585,10294,0,0,0
737385,2005,0,5563,10294,1,0,1
737386,65535,255,6721,10294,0,0,1
737387,1864,0,5548,10294,1,0,1
737388,5008,0,649,10294,1,0,1
737389,1346,0,2673,10294,1,0,1
737390,65535,255,5007,10294,0,0,0
737391,2363,0,6432,10294,1,0,1
737392,2159,0,5999,10294,1,0,1
737393,3436,0,1764,10294,1,0,1
737394,1522,0,1639,10294,1,0,1
737395,65535,255,4352,10294,0,0,0
737396,65535,255,6025,10294,0,0,0
737397,65535,255,6388,10294,0,0,0
737398,3030,0,2776,10294,1,0,1
737399,65535,255,504,10294,0,0,0
737400,65535,255,3577,10294,0,0,0
737401,65535,255,5555,10294,0,0,0
737402,65535,255,6725,10294,0,0,0
737403,1511,0,5553,10294,1,0,1
737404,65535,255,656,10294,0,0,0
737405,65535,255,2664,10294,0,0,0
737406,2318,0,5002,10294,1,0,1
737407,1752,0,6426,10294,1,0,1
737408,2538,0,6002,10294,1,0,1
737409,65535,255,1775,10294,0,0,0
737410,3457,0,1627,10294,1,0,1
737411,2495,0,4345,10294,1,0,1
737412,1586,0,6022,10294,1,0,1
737413,1931,0,6390,10294,1,0,1
737414,1805,0,2782,10294,1,0,1
737415,1446,0,501,10294,1,0,1
737416,1018,0,3568,10294,1,0,1
737417,2608,0,5553,10294,1,0,1
737418,65535,255,6726,10294,0,0,1
737419,1951,0,5551,10294,1,0,1
737420,3246,0,667,10294,1,0,1
737421,65535,255,2659,10294,0,0,0
737422,65535,255,4996,10294,0,0,0
737423,576,2,6425,10294,1,0,1
737424,1234,0,6002,10294,1,0,1
737425,2876,0,1775,10294,1,0,1
737426,1816,0,1628,10294,1,0,1
737427,457,0,4341,10294,1,0,1
737428,1892,0,6022,10294,1,0,1
737429,2709,0,6388,10294,1,0,1
737430,65535,255,2781,10294,0,0,0
737431,3530,0,500,10294,1,0,1
737432,1732,0,3568,10294,1,0,1
737433,1454,0,5551,10294,1,0,1
737434,65535,255,6725,10294,0,0,1
737435,65535,255,5551,10294,0,0,0
737436,3361,0,659,10294,1,0,1
737437,1461,0,2664,10294,1,0,1
737438,271,0,4999,10294,1,0,1
737439,2370,0,6427,10294,1,0,1
737440,1660,0,6000,10294,1,0,1
737441,571,0,1770,10294,1,0,0
737442,1199,0,1628,10294,1,0,1
737443,2145,0,4349,10294,1,0,1
737444,2112,0,6024,10294,1,0,1
737445,65535,255,6389,10294,0,0,0
737446,2516,0,2777,10294,1,0,1
737447,2522,0,505,10294,1,0,1
737448,1551,0,3572,10294,1,0,1
737449,65535,255,5555,10294,0,0,0
737450,65535,255,6722,10294,0,0,1
737451,2563,0,5548,10294,1,0,1
737452,7361,1,650,10294,1,0,1
737453,965,0,2674,10294,1,0,1
737454,1739,0,5005,10294,1,0,1
737455,2722,0,6430,10294,1,0,1
737456,1722,0,5998,10294,1,0,1
737457,2950,0,1759,10294,1,0,1
737458,1783,0,1638,10294,1,0,1
737459,1957,0,4352,10294,1,0,1
737460,1774,0,6027,10294,1,0,1
737461,2620,0,6384,10294,1,0,1
737462,767,0,2763,10294,1,0,1
737463,694,0,516,10294,1,0,1
737464,1486,0,3585,10294,1,0,1
737465,2065,0,5562,10294,1,0,1
737466,65535,255,6720,10294,0,0,1
737467,1617,0,5545,10294,1,0,1
737468,65535,255,638,10294,0,0,0
737469,1333,0,2689,10294,1,0,1
737470,959,0,5014,10294,1,0,1
737471,1031,0,6435,10294,1,0,1
737472,1298,0,5993,10294,1,0,1
737473,2060,0,1747,10294,1,0,1
737474,2524,0,1660,10294,1,0,1
737475,1828,0,4366,10294,1,0,1
737476,1806,0,6036,10294,1,0,1
737477,1704,0,6380,10294,1,0,1
737478,1011,0,2748,10294,1,0,1
737479,1818,0,539,10294,1,0,1
737480,1556,0,3602,10294,1,0,1
737481,1551,0,5571,10294,1,0,0
737482,65535,255,6714,10294,0,0,0
737483,1933,0,5534,10294,1,0,1
737484,65535,255,615,10294,0,0,0
737485,65535,255,2703,10294,0,0,0
737486,2251,0,5025,10294,1,0,1
737487,2411,0,6445,10294,1,0,1
737488,1479,0,5986,10294,1,0,1
737489,2223,0,1723,10294,1,0,1
737490,2056,0,1677,10294,1,0,1
737491,2421,0,4383,10294,1,0,1
737492,1849,0,6046,10294,1,0,1
737493,1917,0,6372,10294,1,0,1
737494,2095,0,2725,10294,1,0,1
737495,6005,0,562,10294,1,0,1
737496,893,0,3619,10294,1,0,1
737497,65535,255,5583,10294,0,0,0
737498,65535,255,6707,10294,0,0,0
737499,2061,0,5525,10294,1,0,1
737500,5431,1,586,10294,1,0,1
737501,1980,0,2728,10294,1,0,1
737502,1961,0,5041,10294,1,0,1
737503,1699,0,6454,10294,1,0,1
737504,1550,0,5974,10294,1,0,1
737505,2739,0,1692,10294,1,0,1
737506,65535,255,1710,10294,0,0,0
737507,508,0,4400,10294,1,0,1
737508,65535,255,6058,10294,0,0,0
737509,2309,0,6362,10294,1,0,1
737510,1596,0,2700,10294,1,0,1
737511,2033,0,592,10294,1,0,1
737512,65535,255,3640,10294,0,0,0
737513,647,0,5598,10294,1,0,1
737514,65535,255,6698,10294,0,0,1
737515,1179,0,5509,10294,1,0,1
737516,65535,255,558,10294,0,0,0
737517,1915,0,2757,10294,1,0,1
737518,2071,0,5059,10294,1,0,1
737519,1898,0,6466,10294,1,0,1
737520,1786,0,5961,10294,1,0,1
737521,2971,0,1660,10294,1,0,1
737522,972,0,1743,10294,1,0,1
737523,1597,0,4420,10294,1,0,1
737524,2312,0,6071,10294,1,0,1
737525,2250,0,6349,10294,1,0,1
737526,2027,0,2675,10294,1,0,1
737527,7113,0,626,10294,1,0,1
737528,65535,255,3660,10294,0,0,0
737529,1414,0,5607,10294,1,0,0
737530,65535,255,6691,10294,0,0,0
737531,1540,0,5502,10294,1,0,1
737532,8082,0,545,10294,1,0,1
737533,1826,0,2762,10294,1,0,1
737534,1277,0,5059,10294,1,0,1
737535,1778,0,6462,10294,1,0,1
737536,2205,0,5962,10294,1,0,1
737537,65535,255,1676,10294,0,0,0
737538,2448,0,1727,10294,1,0,1
737539,1360,0,4407,10294,1,0,1
737540,1050,2,6060,10294,1,0,1
737541,1226,0,6357,10294,1,0,1
737542,2117,0,2696,10294,1,0,1
737543,4740,0,591,10294,1,0,1
737544,65535,255,3641,10294,0,0,0
737545,65535,255,5592,10294,0,0,0
737546,65535,255,6699,10294,0,0,1
737547,65535,255,5513,10294,0,0,0
737548,65535,255,569,10294,0,0,0
737549,1362,0,2733,10294,1,0,1
737550,1317,0,5044,10294,1,0,1
737551,1034,2,6454,10294,1,0,0
737552,65535,255,5971,10294,0,0,0
737553,2723,0,1698,10294,1,0,1
737554,2383,0,1702,10294,1,0,1
737555,1574,0,4394,10294,1,0,1
737556,3130,0,6052,10294,1,0,1
737557,2884,0,6365,10294,1,0,1
737558,2253,0,2716,10294,1,0,1
737559,9018,0,574,10294,1,0,1
737560,980,2,3623,10294,1,0,1
737561,1561,0,5584,10294,1,0,1
737562,65535,255,6704,10294,0,0,1
737563,2800,0,5522,10294,1,0,1
737564,6602,0,592,10294,1,0,1
737565,1481,0,2718,10294,1,0,1
737566,2185,0,5035,10294,1,0,1
737567,1557,0,6448,10294,1,0,1
737568,1702,0,5977,10294,1,0,1
737569,3107,0,1715,10294,1,0,1
737570,3306,0,1689,10294,1,0,1
737571,2520,0,4380,10294,1,0,1
737572,3221,0,6045,10294,1,0,1
737573,1462,0,6369,10294,1,0,1
737574,2011,0,2730,10294,1,0,1
737575,7886,0,556,10294,1,0,1
737576,1829,0,3615,10294,1,0,1
737577,2358,0,5577,10294,1,0,1
737578,65535,255,6709,10294,0,0,1
737579,2047,0,5528,10294,1,0,1
737580,65535,255,603,10294,0,0,0
737581,65535,255,2708,10294,0,0,0
737582,1591,0,5026,10294,1,0,1
737583,1785,0,6442,10294,1,0,1
737584,2106,0,5982,10294,1,0,1
737585,2326,0,1725,10294,1,0,1
737586,1494,0,1672,10294,1,0,1
737587,1174,0,4377,10294,1,0,1
737588,1433,0,6041,10294,1,0,1
737589,1865,0,6374,10294,1,0,1
737590,1591,0,2739,10294,1,0,1
737591,3577,0,545,10294,1,0,1
737592,838,2,3607,10294,1,0,1
737593,1700,0,5576,10294,1,0,1
737594,65535,255,6711,10294,0,0,1
737595,1311,0,5532,10294,1,0,1
737596,7035,0,614,10294,1,0,1
737597,888,2,2703,10294,1,0,1
737598,572,2,5026,10294,1,0,1
737599,1818,0,6442,10294,1,0,1
737600,1195,0,5987,10294,1,0,1
737601,2732,0,1736,10294,1,0,1
737602,3076,0,1671,10294,1,0,1
737603,1163,0,4373,10294,1,0,1
737604,1550,0,6038,10294,1,0,1
737605,1552,0,6375,10294,1,0,1
737606,1886,0,2744,10294,1,0,1
737607,4245,0,545,10294,1,0,1
737608,1626,0,3602,10294,1,0,1
737609,1136,0,5570,10294,1,0,1
737610,65535,255,6713,10294,0,0,1
737611,826,0,5534,10294,1,0,1
737612,5890,0,620,10294,1,0,1
737613,1886,0,2698,10294,1,0,1
737614,2312,0,5023,10294,1,0,1
737615,2123,0,6441,10294,1,0,1
737616,1182,0,5988,10294,1,0,1
737617,2561,0,1731,10294,1,0,1
737618,2044,0,1666,10294,1,0,1
737619,853,2,4371,10294,1,0,1
737620,810,2,6040,10294,1,0,1
737621,2381,0,6378,10294,1,0,1
737622,1183,0,2748,10294,1,0,1
737623,5964,0,540,10294,1,0,1
737624,2603,0,3603,10294,1,0,1
737625,1659,0,5573,10294,1,0,1
737626,65535,255,6715,10294,0,0,1
737627,1867,0,5535,10294,1,0,1
737628,4446,0,620,10294,1,0,1
737629,2364,0,2699,10294,1,0,1
737630,1123,0,5021,10294,1,0,1
737631,1872,0,6440,10294,1,0,1
737632,875,2,5989,10294,1,0,1
737633,1497,0,1736,10294,1,0,1
737634,1976,0,1667,10294,1,0,1
737635,1297,0,4374,10294,1,0,1
737636,1429,0,6041,10294,1,0,1
737637,1348,0,6377,10294,1,0,1
737638,1752,0,2743,10294,1,0,1
737639,3437,0,540,10294,1,0,1
737640,941,0,3603,10294,1,0,1
737641,1587,0,5574,10294,1,0,1
737642,65535,255,6713,10294,0,0,1
737643,1385,0,5534,10294,1,0,1
737644,1413,0,614,10294,1,0,1
737645,2142,0,2704,10294,1,0,1
737646,2041,0,5024,10294,1,0,1
737647,2945,0,6443,10294,1,0,1
737648,1320,0,5985,10294,1,0,1
737649,972,0,1730,10294,1,0,1
737650,2536,0,1672,10294,1,0,1
737651,2326,0,4374,10294,1,0,1
737652,1934,0,6041,10294,1,0,1
737653,1803,0,6373,10294,1,0,1
737654,1350,0,2738,10294,1,0,1
737655,9235,1,551,10294,1,0,1
737656,2219,0,3608,10294,1,0,1
737657,849,0,5577,10294,1,0,1
737658,65535,255,6711,10294,0,0,1
737659,2318,0,5532,10294,1,0,1
737660,4181,0,609,10294,1,0,1
737661,2061,0,2709,10294,1,0,1
737662,1843,0,5027,10294,1,0,1
737663,1746,0,6445,10294,1,0,1
737664,2305,0,5983,10294,1,0,1
737665,2206,0,1719,10294,1,0,1
737666,1865,0,1683,10294,1,0,1
737667,1739,0,4381,10294,1,0,1
737668,1708,0,6044,10294,1,0,1
737669,1873,0,6369,10294,1,0,1
737670,2821,0,2729,10294,1,0,1
737671,3304,0,557,10294,1,0,1
737672,1953,0,3616,10294,1,0,1
737673,2727,0,5580,10294,1,0,1
737674,65535,255,6708,10294,0,0,1
737675,919,0,5524,10294,1,0,1
737676,802,0,596,10294,1,0,1
737677,640,0,2719,10294,1,0,1
737678,1194,0,5034,10294,1,0,1
737679,1231,0,6449,10294,1,0,1
737680,449,2,5977,10294,1,0,1
737681,931,0,1708,10294,1,0,1
737682,2152,0,1694,10294,1,0,1
737683,337,2,4388,10294,1,0,1
737684,1637,0,6051,10294,1,0,1
737685,1762,0,6364,10294,1,0,1
737686,2276,0,2714,10294,1,0,1
737687,1665,0,574,10294,1,0,1
737688,1746,0,3629,10294,1,0,1
737689,1941,0,5587,10294,1,0,1
737690,65535,255,6701,10294,0,0,1
737691,1140,0,5516,10294,1,0,1
737692,3115,0,579,10294,1,0,1
737693,1996,0,2740,10294,1,0,1
737694,2172,0,5036,10294,1,0,1
737695,1580,0,6449,10294,1,0,1
737696,487,0,5976,10294,1,0,1
737697,2765,0,1708,10294,1,0,1
737698,1466,0,1695,10294,1,0,1
737699,1461,0,4385,10294,1,0,1
737700,2330,0,6047,10294,1,0,1
737701,1820,0,6370,10294,1,0,1
737702,2163,0,2729,10294,1,0,1
737703,3450,0,558,10294,1,0,1
737704,1289,0,3616,10294,1,0,1
737705,1818,0,5577,10294,1,0,1
737706,65535,255,6709,10294,0,0,0
737707,1324,0,5529,10294,1,0,1
737708,65535,255,602,10294,0,0,0
737709,1294,0,2709,10294,1,0,1
737710,1470,0,5030,10294,1,0,1
737711,364,2,6444,10294,1,0,1
737712,1210,0,5983,10294,1,0,1
737713,2079,0,1724,10294,1,0,1
737714,2618,0,1678,10294,1,0,1
737715,1525,0,4378,10294,1,0,1
737716,1676,0,6043,10294,1,0,1
737717,2400,0,6372,10294,1,0,1
737718,2377,0,2739,10294,1,0,1
737719,65535,255,552,10294,0,0,0
737720,65535,255,3606,10294,0,0,0
737721,1787,0,5576,10294,1,0,1
737722,65535,255,6713,10294,0,0,1
737723,2218,0,5532,10294,1,0,1
737724,5382,0,609,10294,1,0,1
737725,930,0,2703,10294,1,0,1
737726,2655,0,5026,10294,1,0,1
737727,2114,0,6443,10294,1,0,1
737728,1434,0,5986,10294,1,0,1
737729,2614,0,1731,10294,1,0,1
737730,1399,0,1671,10294,1,0,1
737731,1776,0,4373,10294,1,0,1
737732,1965,0,6040,10294,1,0,1
737733,2329,0,6376,10294,1,0,1
737734,2076,0,2739,10294,1,0,1
737735,880,0,545,10294,1,0,1
737736,2115,0,3606,10294,1,0,1
737737,685,0,5575,10294,1,0,1
737738,65535,255,6713,10294,0,0,1
737739,1302,0,5532,10294,1,0,1
737740,7607,1,609,10294,1,0,1
737741,837,0,2708,10294,1,0,1
737742,2067,0,5026,10294,1,0,1
737743,1353,0,6444,10294,1,0,1
737744,664,0,5986,10294,1,0,1
737745,1628,0,1731,10294,1,0,1
737746,65535,255,1677,10294,0,0,0
737747,1173,0,4380,10294,1,0,1
737748,2635,0,6044,10294,1,0,1
737749,2031,0,6375,10294,1,0,1
737750,65535,255,2739,10294,0,0,0
737751,6756,0,558,10294,1,0,1
737752,1849,0,3615,10294,1,0,1
737753,1871,0,5578,10294,1,0,1
737754,65535,255,6711,10294,0,0,1
737755,1866,0,5532,10294,1,0,1
737756,5123,0,603,10294,1,0,1
737757,1925,0,2713,10294,1,0,1
737758,65535,255,5032,10294,0,0,0
737759,1032,0,6447,10294,1,0,1
737760,426,0,5981,10294,1,0,1
737761,1276,0,1720,10294,1,0,1
737762,2646,0,1688,10294,1,0,1
737763,2188,0,4387,10294,1,0,1
737764,799,0,6049,10294,1,0,1
737765,245,0,6370,10294,1,0,1
737766,1585,0,2728,10294,1,0,1
737767,4627,1,568,10294,1,0,0
737768,1273,0,3623,10294,1,0,1
737769,1966,0,5586,10294,1,0,1
737770,65535,255,6706,10294,0,0,1
737771,65535,255,5522,10294,0,0,0
737772,1104,0,585,10294,1,0,1
737773,1967,0,2723,10294,1,0,1
737774,1349,0,5040,10294,1,0,1
737775,2103,0,6453,10294,1,0,1
737776,2112,0,5974,10294,1,0,1
737777,2122,0,1698,10294,1,0,1
737778,2209,0,1705,10294,1,0,1
737779,2343,0,4397,10294,1,0,1
737780,2342,0,6055,10294,1,0,1
737781,1605,0,6364,10294,1,0,1
737782,1101,0,2705,10294,1,0,1
737783,2964,0,585,10294,1,0,1
737784,1416,2,3636,10294,1,0,0
737785,2023,0,5593,10294,1,0,1
737786,65535,255,6700,10294,0,0,1
737787,1557,0,5512,10294,1,0,1
737788,1344,0,568,10294,1,0,1
737789,2324,0,2747,10294,1,0,1
737790,65535,255,5050,10294,0,0,0
737791,65535,255,6459,10294,0,0,0
737792,1443,0,5966,10294,1,0,1
737793,65535,255,1676,10294,0,0,0
737794,1435,0,1727,10294,1,0,1
737795,2024,0,4411,10294,1,0,1
737796,1478,0,6065,10294,1,0,1
737797,65535,255,6355,10294,0,0,0
737798,419,2,2685,10294,1,0,0
737799,65535,255,616,10294,0,0,0
737800,1310,0,3657,10294,1,0,1
737801,65535,255,5604,10294,0,0,0
737802,65535,255,6691,10294,0,0,0
737803,1052,0,5500,10294,1,0,1
737804,65535,255,533,10294,0,0,0
737805,1318,0,2771,10294,1,0,1
737806,246,2,5065,10294,1,0,1
737807,619,0,6469,10294,1,0,1
737808,334,2,5955,10294,1,0,0
737809,1397,0,1643,10294,1,0,1
737810,348,2,1760,10294,1,0,1
737811,1248,0,4428,10294,1,0,1
737812,1937,0,6074,10294,1,0,1
737813,2627,0,6344,10294,1,0,1
737814,2213,0,2666,10294,1,0,1
737815,6024,0,639,10294,1,0,1
737816,1944,0,3669,10294,1,0,1
737817,65535,255,5609,10294,0,0,0
737818,65535,255,6688,10294,0,0,0
737819,2634,0,5497,10294,1,0,1
737820,1208,0,534,10294,1,0,1
737821,2236,0,2766,10294,1,0,1
737822,1666,0,5065,10294,1,0,1
737823,1774,0,6467,10294,1,0,1
737824,1816,0,5959,10294,1,0,1
737825,2726,0,1664,10294,1,0,1
737826,2662,0,1738,10294,1,0,1
737827,65535,255,4418,10294,0,0,0
737828,1650,0,6064,10294,1,0,1
737829,680,2,6353,10294,1,0,1
737830,65535,255,2685,10294,0,0,0
737831,65535,255,609,10294,0,0,1
737832,1879,0,3648,10294,1,0,1
737833,2556,0,5599,10294,1,0,1
737834,65535,255,6694,10294,0,0,1
737835,1682,0,5507,10294,1,0,1
737836,2073,0,557,10294,1,0,1
737837,387,0,2752,10294,1,0,1
737838,761,0,5050,10294,1,0,1
737839,1182,0,6458,10294,1,0,1
737840,1458,0,5966,10294,1,0,1
737841,2774,0,1681,10294,1,0,1
737842,1851,0,1716,10294,1,0,1
737843,65535,255,4404,10294,0,0,0
737844,773,0,6058,10294,1,0,1
737845,924,0,6360,10294,1,0,1
737846,1116,0,2705,10294,1,0,1
737847,3481,0,587,10294,1,0,1
737848,1637,0,3637,10294,1,0,1
737849,1164,0,5591,10294,1,0,1
737850,65535,255,6702,10294,0,0,1
737851,420,0,5517,10294,1,0,1
737852,1757,0,574,10294,1,0,1
737853,1205,0,2738,10294,1,0,1
737854,1849,0,5044,10294,1,0,1
737855,65535,255,6454,10294,0,0,0
737856,65535,255,5974,10294,0,0,0
737857,3668,1,1698,10294,1,0,1
737858,2359,0,1705,10294,1,0,1
737859,2047,0,4397,10294,1,0,1
737860,2033,0,6053,10294,1,0,1
737861,1142,0,6364,10294,1,0,0
737862,85,2,2715,10294,1,0,1
737863,83,2,574,10294,1,0,0
737864,730,0,3627,10294,1,0,1
737865,1218,0,5586,10294,1,0,1
737866,65535,255,6704,10294,0,0,1
737867,1763,0,5522,10294,1,0,1
737868,1056,0,591,10294,1,0,1
737869,1611,0,2723,10294,1,0,1
737870,1639,0,5038,10294,1,0,1
737871,2540,0,6451,10294,1,0,1
737872,1645,0,5977,10294,1,0,1
737873,1648,0,1709,10294,1,0,1
737874,2539,0,1694,10294,1,0,1
737875,65535,255,4390,10294,0,0,0
737876,516,0,6049,10294,1,0,1
737877,412,0,6367,10294,1,0,1
737878,2132,0,2720,10294,1,0,1
737879,3416,0,568,10294,1,0,1
737880,65535,255,3621,10294,0,0,0
737881,623,0,5584,10294,1,0,1
737882,65535,255,6706,10294,0,0,1
737883,2271,0,5524,10294,1,0,1
737884,996,0,592,10294,1,0,1
737885,682,0,2723,10294,1,0,1
737886,1582,0,5035,10294,1,0,1
737887,65535,255,6450,10294,0,0,0
737888,2184,0,5979,10294,1,0,1
737889,796,0,1709,10294,1,0,1
737890,65535,255,1694,10294,0,0,0
737891,1136,0,4387,10294,1,0,1
737892,2082,0,6050,10294,1,0,1
737893,708,0,6368,10294,1,0,1
737894,1422,0,2720,10294,1,0,1
737895,5515,1,569,10294,1,0,1
737896,1050,0,3624,10294,1,0,1
737897,657,0,5584,10294,1,0,1
737898,65535,255,6706,10294,0,0,1
737899,1557,0,5524,10294,1,0,1
737900,3445,0,591,10294,1,0,1
737901,65535,255,2723,10294,0,0,0
737902,1389,0,5038,10294,1,0,1
737903,1858,0,6451,10294,1,0,1
737904,1503,0,5975,10294,1,0,1
737905,1804,0,1703,10294,1,0,1
737906,1212,0,1699,10294,1,0,1
737907,1067,0,4390,10294,1,0,1
737908,1131,0,6051,10294,1,0,1
737909,1572,0,6366,10294,1,0,1
737910,2231,0,2715,10294,1,0,1
737911,2827,0,574,10294,1,0,1
737912,1366,0,3626,10294,1,0,1
737913,1822,0,5586,10294,1,0,1
737914,65535,255,6703,10294,0,0,1
737915,2105,0,5518,10294,1,0,1
737916,4960,1,579,10294,1,0,1
737917,1170,0,2733,10294,1,0,1
737918,1424,0,5042,10294,1,0,1
737919,728,0,6453,10294,1,0,1
737920,1141,0,5973,10294,1,0,1
737921,2440,0,1693,10294,1,0,1
737922,2252,0,1705,10294,1,0,1
737923,1456,0,4401,10294,1,0,1
737924,984,0,6054,10294,1,0,1
737925,65535,255,6361,10294,0,0,0
737926,65535,255,2705,10294,0,0,0
737927,1337,0,593,10294,1,0,1
737928,1961,0,3637,10294,1,0,1
737929,1272,0,5594,10294,1,0,1
737930,65535,255,6700,10294,0,0,1
737931,1329,0,5511,10294,1,0,1
737932,1487,0,568,10294,1,0,1
737933,2007,0,2743,10294,1,0,1
737934,2216,0,5050,10294,1,0,1
737935,1530,0,6459,10294,1,0,1
737936,2002,0,5966,10294,1,0,1
737937,3130,0,1676,10294,1,0,1
737938,1270,0,1727,10294,1,0,1
737939,2059,0,4411,10294,1,0,1
737940,1598,0,6063,10294,1,0,1
737941,1961,0,6355,10294,1,0,1
737942,2385,0,2690,10294,1,0,1
737943,2525,0,609,10294,1,0,1
737944,65535,255,3653,10294,0,0,0
737945,1234,0,5602,10294,1,0,1
737946,65535,255,6693,10294,0,0,1
737947,1476,0,5505,10294,1,0,1
737948,2524,0,544,10294,1,0,1
737949,1833,0,2762,10294,1,0,1
737950,1439,0,5063,10294,1,0,1
737951,1793,0,6466,10294,1,0,1
737952,1124,0,5959,10294,1,0,1
737953,1965,0,1654,10294,1,0,1
737954,2253,0,1749,10294,1,0,1
737955,1897,0,4424,10294,1,0,1
737956,2499,0,6071,10294,1,0,1
737957,1916,0,6347,10294,1,0,1
737958,1921,0,2670,10294,1,0,1
737959,1426,0,639,10294,1,0,1
737960,2216,0,3672,10294,1,0,1
737961,1945,0,5614,10294,1,0,1
737962,65535,255,6687,10294,0,0,1
737963,1093,0,5492,10294,1,0,1
737964,3326,0,516,10294,1,0,1
737965,1774,0,2785,10294,1,0,1
737966,2186,0,5076,10294,1,0,1
737967,343,0,6475,10294,1,0,1
737968,479,0,5950,10294,1,0,1
737969,1206,0,1643,10294,1,0,1
737970,2830,0,1760,10294,1,0,1
737971,2185,0,4430,10294,1,0,1
737972,2675,0,6076,10294,1,0,1
737973,2056,0,6345,10294,1,0,1
737974,2501,0,2665,10294,1,0,1
737975,2897,0,635,10294,1,0,1
737976,1867,0,3668,10294,1,0,1
737977,2382,0,5614,10294,1,0,1
737978,65535,255,6689,10294,0,0,1
737979,2185,0,5497,10294,1,0,1
737980,1669,0,528,10294,1,0,1
737981,972,0,2776,10294,1,0,1
737982,1916,0,5068,10294,1,0,1
737983,2988,0,6469,10294,1,0,1
737984,1055,0,5957,10294,1,0,1
737985,3011,0,1659,10294,1,0,1
737986,1212,0,1749,10294,1,0,1
737987,479,0,4424,10294,1,0,1
737988,2850,0,6069,10294,1,0,1
737989,2885,0,6352,10294,1,0,1
737990,2350,0,2679,10294,1,0,1
737991,5051,0,621,10294,1,0,1
737992,1034,0,3657,10294,1,0,1
737993,2289,0,5605,10294,1,0,1
737994,65535,255,6693,10294,0,0,1
737995,1235,0,5504,10294,1,0,1
737996,1225,0,551,10294,1,0,1
737997,2103,0,2757,10294,1,0,1
737998,2326,0,5060,10294,1,0,1
737999,1711,0,6464,10294,1,0,1
738000,1640,0,5962,10294,1,0,1
738001,2203,0,1669,10294,1,0,1
738002,1226,0,1734,10294,1,0,1
738003,1828,0,4411,10294,1,0,1
738004,2394,0,6065,10294,1,0,1
738005,683,2,6357,10294,1,0,1
738006,1339,0,2694,10294,1,0,1
738007,3202,0,603,10294,1,0,1
738008,1938,0,3645,10294,1,0,1
738009,2230,0,5599,10294,1,0,1
738010,65535,255,6696,10294,0,0,1
738011,2262,0,5508,10294,1,0,1
738012,8301,1,556,10294,1,0,1
738013,2261,0,2753,10294,1,0,1
738014,2004,0,5054,10294,1,0,1
738015,1447,0,6459,10294,1,0,1
738016,2222,0,5965,10294,1,0,1
738017,2334,0,1681,10294,1,0,1
738018,3238,0,1722,10294,1,0,1
738019,2543,0,4408,10294,1,0,1
738020,2045,0,6059,10294,1,0,1
738021,1406,0,6359,10294,1,0,1
738022,790,0,2700,10294,1,0,1
738023,1758,0,599,10294,1,0,1
738024,2590,0,3641,10294,1,0,1
738025,1294,0,5595,10294,1,0,1
738026,65535,255,6700,10294,0,0,1
738027,2607,0,5513,10294,1,0,1
738028,1083,0,563,10294,1,0,1
738029,2107,0,2739,10294,1,0,1
738030,2103,0,5048,10294,1,0,1
738031,1806,0,6456,10294,1,0,1
738032,2368,0,5967,10294,1,0,1
738033,2309,0,1681,10294,1,0,1
738034,3125,0,1716,10294,1,0,1
738035,1595,0,4401,10294,1,0,1
738036,1754,0,6059,10294,1,0,1
738037,2297,0,6359,10294,1,0,1
738038,607,0,2704,10294,1,0,1
738039,2396,0,592,10294,1,0,1
738040,1518,0,3637,10294,1,0,1
738041,640,0,5592,10294,1,0,1
738042,65535,255,6699,10294,0,0,1
738043,1873,0,5512,10294,1,0,1
738044,1922,0,567,10294,1,0,1
738045,2288,0,2739,10294,1,0,1
738046,1422,0,5049,10294,1,0,1
738047,2209,0,6456,10294,1,0,1
738048,1743,0,5968,10294,1,0,1
738049,2210,0,1684,10294,1,0,1
738050,2373,0,1717,10294,1,0,1
738051,1551,0,4402,10294,1,0,1
738052,1652,0,6057,10294,1,0,1
738053,1379,0,6358,10294,1,0,1
738054,1855,0,2699,10294,1,0,1
738055,4509,0,592,10294,1,0,1
738056,1526,0,3642,10294,1,0,1
738057,1978,0,5595,10294,1,0,1
738058,65535,255,6697,10294,0,0,1
738059,1490,0,5519,10294,1,0,1
738060,3415,0,584,10294,1,0,1
738061,2030,0,2730,10294,1,0,1
738062,1618,0,5039,10294,1,0,1
738063,1723,0,6451,10294,1,0,1
738064,1511,0,5972,10294,1,0,1
738065,1511,0,1702,10294,1,0,1
738066,2223,0,1701,10294,1,0,1
738067,1870,0,4392,10294,1,0,1
738068,1914,0,6051,10294,1,0,1
738069,2640,0,6365,10294,1,0,1
738070,2405,0,2719,10294,1,0,1
738071,2552,0,569,10294,1,0,1
738072,1546,0,3625,10294,1,0,1
738073,1108,0,5585,10294,1,0,1
738074,65535,255,6705,10294,0,0,1
738075,1844,0,5521,10294,1,0,1
738076,3458,0,585,10294,1,0,1
738077,2265,0,2724,10294,1,0,1
738078,2013,0,5036,10294,1,0,1
738079,1908,0,6450,10294,1,0,1
738080,215,0,5976,10294,1,0,1
738081,2354,0,1708,10294,1,0,1
738082,2331,0,1694,10294,1,0,1
738083,2188,0,4392,10294,1,0,1
738084,1668,0,6050,10294,1,0,1
738085,2014,0,6367,10294,1,0,1
738086,1463,0,2720,10294,1,0,1
738087,3725,0,569,10294,1,0,1
738088,1931,0,3624,10294,1,0,1
738089,2442,0,5586,10294,1,0,1
738090,65535,255,6706,10294,0,0,1
738091,1794,0,5522,10294,1,0,1
738092,4829,0,585,10294,1,0,1
738093,65535,255,2725,10294,0,0,0
738094,65535,255,5039,10294,0,0,0
738095,65535,255,6451,10294,0,0,0
738096,65535,255,5975,10294,0,0,0
738097,989,0,1703,10294,1,0,1
738098,2722,0,1699,10294,1,0,1
738099,1323,0,4393,10294,1,0,1
738100,2552,0,6052,10294,1,0,1
738101,665,2,6366,10294,1,0,1
738102,944,0,2715,10294,1,0,0
738103,65535,255,582,10294,0,0,0
738104,1492,0,3632,10294,1,0,1
738105,1517,0,5588,10294,1,0,1
738106,65535,255,6703,10294,0,0,1
738107,2644,0,5519,10294,1,0,1
738108,4805,0,574,10294,1,0,1
738109,1483,0,2738,10294,1,0,1
738110,1636,0,5044,10294,1,0,1
738111,2058,0,6456,10294,1,0,1
738112,1058,0,5972,10294,1,0,1
738113,2235,0,1686,10294,1,0,1
738114,1244,0,1716,10294,1,0,1
738115,887,0,4404,10294,1,0,1
738116,2343,0,6060,10294,1,0,1
738117,2663,0,6362,10294,1,0,1
738118,65535,255,2705,10294,0,0,0
738119,7837,1,597,10294,1,0,1
738120,1713,0,3644,10294,1,0,1
738121,65535,255,5598,10294,0,0,0
738122,65535,255,6699,10294,0,0,0
738123,921,0,5511,10294,1,0,1
738124,3396,0,556,10294,1,0,1
738125,2369,0,2752,10294,1,0,1
738126,1992,0,5056,10294,1,0,1
738127,1689,0,6464,10294,1,0,1
738128,1482,0,5963,10294,1,0,1
738129,2581,0,1670,10294,1,0,1
738130,2842,0,1738,10294,1,0,1
738131,1669,0,4420,10294,1,0,1
738132,2191,0,6069,10294,1,0,1
738133,2338,0,6352,10294,1,0,1
738134,2646,0,2680,10294,1,0,1
738135,5376,0,620,10294,1,0,1
738136,65535,255,3660,10294,0,0,0
738137,1472,2,5606,10294,1,0,1
738138,65535,255,6694,10294,0,0,0
738139,65535,255,5504,10294,0,0,0
738140,2460,0,545,10294,1,0,1
738141,1260,0,2762,10294,1,0,1
738142,807,0,5056,10294,1,0,1
738143,1490,0,6463,10294,1,0,1
738144,2559,0,5963,10294,1,0,1
738145,2308,0,1676,10294,1,0,1
738146,0,0,0,0,0,0,0
738147,1014,0,4410,10294,1,0,1
738148,2091,0,6062,10294,1,0,1
738149,1277,0,6358,10294,1,0,1
738150,1917,0,2700,10294,1,0,1
738151,6178,1,598,10294,1,0,1
738152,1848,0,3644,10294,1,0,1
738153,1346,0,5596,10294,1,0,1
738154,65535,255,6699,10294,0,0,1
738155,1401,0,5512,10294,1,0,1
738156,1234,0,567,-7937,1,0,1
738157,2682,0,2743,-7937,1,0,1
738158,1344,0,5047,-7937,1,0,1
738159,1390,0,6457,-7937,1,0,1
738160,2211,0,5968,-7937,1,0,1
738161,330,2,1687,-7937,1,0,1
738162,2811,0,1716,-7937,1,0,1
738163,2547,0,4401,-7937,1,0,1
738164,2233,0,6054,-7937,1,0,1
738165,1377,0,6361,-7937,1,0,1
738166,1739,0,2710,-7937,1,0,1
738167,2811,0,580,-7937,1,0,1
738168,65535,255,3632,-7937,0,0,0
738169,65535,255,5589,-7937,0,0,0
738170,65535,255,6703,-7937,0,0,1
738171,1464,0,5515,-7937,1,0,1
738172,4608,0,580,-7937,1,0,1
738173,819,0,2732,-7937,1,0,0
738174,1514,0,5040,-7937,1,0,1
738175,1723,2,6451,-7937,1,0,1
738176,3350,0,5973,-7937,1,0,1
738177,1720,0,1700,-7937,1,0,1
738178,1277,0,1703,-7937,1,0,1
738179,2466,0,4392,-7937,1,0,1
738180,2547,0,6051,-7937,1,0,1
738181,2526,0,6365,-7937,1,0,1
738182,1957,0,2717,-7937,1,0,0
738183,65535,255,573,-7937,0,0,0
738184,65535,255,3624,-7937,0,0,0
738185,1126,0,5585,-7937,1,0,1
738186,65535,255,6704,-7937,0,0,1
738187,1575,0,5519,-7937,1,0,1
738188,1295,0,587,-7937,1,0,1
738189,2178,0,2727,-7937,1,0,1
738190,1471,0,5037,-7937,1,0,1
738191,403,0,6450,-7937,1,0,1
738192,488,0,5975,-7937,1,0,1
738193,1242,0,1705,-7937,1,0,1
738194,2819,0,1698,-7937,1,0,1
738195,65535,255,4389,-7937,0,0,0
738196,65535,255,6050,-7937,0,0,0
738197,65535,255,6365,-7937,0,0,0
738198,1499,0,2716,-7937,1,0,1
738199,1653,0,572,-7937,1,0,1
738200,1967,0,3627,-7937,1,0,1
738201,2266,0,5585,-7937,1,0,1
738202,65535,255,6704,-7937,0,0,1
738203,65535,255,5519,-7937,0,0,0
738204,65535,255,587,-7937,0,0,0
738205,65535,255,2727,-7937,0,0,0
738206,1510,0,5037,-7937,1,0,1
738207,2987,0,6452,-7937,1,0,1
738208,2560,0,5977,-7937,1,0,1
738209,2042,0,1704,-7937,1,0,1
738210,179,2,1698,-7937,1,0,0
738211,1312,0,4393,-7937,1,0,1
738212,1232,0,6052,-7937,1,0,1
738213,642,0,6366,-7937,1,0,1
738214,2084,0,2716,-7937,1,0,1
738215,6654,1,578,-7937,1,0,1
738216,2203,0,3627,-7937,1,0,1
738217,738,0,5587,-7937,1,0,1
738218,65535,255,6703,-7937,0,0,1
738219,1219,0,5518,-7937,1,0,1
738220,2890,0,582,-7937,1,0,1
738221,1781,0,2732,-7937,1,0,1
738222,1783,0,5043,-7937,1,0,1
738223,1513,0,6453,-7937,1,0,1
738224,1431,0,5972,-7937,1,0,1
738225,2682,0,1700,-7937,1,0,1
738226,65535,255,1709,-7937,0,0,0
738227,867,0,4399,-7937,1,0,1
738228,2300,0,6055,-7937,1,0,1
738229,1316,0,6362,-7937,1,0,1
738230,1771,0,2706,-7937,1,0,1
738231,4979,0,590,-7937,1,0,1
738232,2012,0,3639,-7937,1,0,1
738233,2020,0,5594,-7937,1,0,1
738234,65535,255,6701,-7937,0,0,1
738235,1295,0,5513,-7937,1,0,1
738236,65535,255,564,-7937,0,0,0
738237,65535,255,2742,-7937,0,0,0
738238,1988,0,5052,-7937,1,0,1
738239,2698,0,6459,-7937,1,0,1
738240,1459,0,5969,-7937,1,0,1
738241,2275,0,1682,-7937,1,0,1
738242,1406,0,1726,-7937,1,0,1
738243,2861,0,4409,-7937,1,0,1
738244,3219,0,6063,-7937,1,0,1
738245,1308,0,6357,-7937,1,0,1
738246,1684,0,2691,-7937,1,0,1
738247,2617,0,603,-7937,1,0,1
738248,2134,0,3651,-7937,1,0,1
738249,2389,0,5602,-7937,1,0,1
738250,65535,255,6695,-7937,0,0,1
738251,2220,0,5505,-7937,1,0,1
738252,4477,0,547,-7937,1,0,1
738253,2476,0,2760,-7937,1,0,1
738254,2039,0,5064,-7937,1,0,1
738255,1456,0,6466,-7937,1,0,1
738256,376,0,5960,-7937,1,0,1
738257,2745,0,1660,-7937,1,0,1
738258,2956,0,1748,-7937,1,0,1
738259,1620,0,4422,-7937,1,0,1
738260,3457,0,6072,-7937,1,0,1
738261,3374,0,6350,-7937,1,0,1
738262,1923,0,2671,-7937,1,0,1
738263,2468,0,631,-7937,1,0,1
738264,1531,0,3671,-7937,1,0,1
738265,65535,255,5613,-7937,0,0,0
738266,65535,255,6689,-7937,0,0,0
738267,1937,0,5495,-7937,1,0,1
738268,3166,0,520,-7937,1,0,1
738269,1993,0,2785,-7937,1,0,1
738270,2836,0,5076,-7937,1,0,1
738271,2081,0,6475,-7937,1,0,1
738272,526,2,5950,-7937,1,0,1
738273,1349,0,1632,-7937,1,0,1
738274,3043,0,1776,-7937,1,0,1
738275,2755,0,4442,-7937,1,0,1
738276,2561,0,6082,-7937,1,0,1
738277,3228,0,6341,-7937,1,0,1
738278,1405,0,2652,-7937,1,0,1
738279,1940,0,649,-7937,1,0,1
738280,1272,0,3676,-7937,1,0,1
738281,1356,0,5614,-7937,1,0,1
738282,65535,255,6686,-7937,0,0,1
738283,1204,0,5492,-7937,1,0,1
738284,65535,255,522,-7937,0,0,0
738285,1635,0,2781,-7937,1,0,1
738286,2082,0,5071,-7937,1,0,1
738287,2753,0,6470,-7937,1,0,1
738288,2195,0,5955,-7937,1,0,1
738289,65535,255,1648,-7937,0,0,0
738290,3849,0,1749,-7937,1,0,1
738291,2339,0,4424,-7937,1,0,1
738292,2131,0,6069,-7937,1,0,1
738293,1488,0,6350,-7937,1,0,1
738294,2249,0,2680,-7937,1,0,1
738295,1102,0,621,-7937,1,0,1
738296,973,0,3657,-7937,1,0,1
738297,1265,0,5602,-7937,1,0,1
738298,65535,255,6693,-7937,0,0,1
738299,1335,0,5504,-7937,1,0,1
738300,2109,0,551,-7937,1,0,1
738301,3235,0,2752,-7937,1,0,1
738302,1817,0,5057,-7937,1,0,1
738303,2030,0,6460,-7937,1,0,1
738304,2620,0,5964,-7937,1,0,1
738305,3097,0,1676,-7937,1,0,1
738306,2732,0,1721,-7937,1,0,1
738307,1850,0,4407,-7937,1,0,1
738308,2919,0,6059,-7937,1,0,1
738309,3296,0,6357,-7937,1,0,1
738310,1915,0,2700,-7937,1,0,1
738311,4463,0,591,-7937,1,0,1
738312,1156,0,3637,-7937,1,0,1
738313,3253,0,5591,-7937,1,0,1
738314,65535,255,6698,-7937,0,0,1
738315,65535,255,5512,-7937,0,0,0
738316,4942,0,575,-7937,1,0,1
738317,1428,0,2738,-7937,1,0,1
738318,2628,0,5043,-7937,1,0,1
738319,65535,255,6453,-7937,0,0,0
738320,2383,0,5971,-7937,1,0,0
738321,1122,0,1698,-7937,1,0,1
738322,2161,0,1703,-7937,1,0,1
738323,2242,0,4391,-7937,1,0,1
738324,1897,0,6050,-7937,1,0,1
738325,536,0,6365,-7937,1,0,1
738326,1758,0,2720,-7937,1,0,1
738327,7289,1,568,-7937,1,0,1
738328,1135,0,3619,-7937,1,0,1
738329,1930,0,5581,-7937,1,0,1
738330,65535,255,6707,-7937,0,0,1
738331,2941,0,5525,-7937,1,0,1
738332,4824,1,597,-7937,1,0,1
738333,1666,0,2714,-7937,1,0,1
738334,2839,0,5027,-7937,1,0,1
738335,1647,0,6444,-7937,1,0,1
738336,2096,0,5982,-7937,1,0,1
738337,2858,0,1726,-7937,1,0,1
738338,2323,0,1677,-7937,1,0,1
738339,2613,0,4373,-7937,1,0,1
738340,2618,0,6041,-7937,1,0,1
738341,1870,0,6376,-7937,1,0,1
738342,2532,0,2744,-7937,1,0,1
738343,5859,0,540,-7937,1,0,1
738344,2137,0,3603,-7937,1,0,1
738345,2368,0,5568,-7937,1,0,1
738346,65535,255,6714,-7937,0,0,1
738347,1736,0,5535,-7937,1,0,1
738348,2495,0,627,-7937,1,0,1
738349,1000,0,2693,-7937,1,0,1
738350,1953,0,5014,-7937,1,0,1
738351,2787,0,6436,-7937,1,0,1
738352,2070,0,5993,-7937,1,0,1
738353,2669,0,1747,-7937,1,0,1
738354,2603,0,1651,-7937,1,0,1
738355,1904,0,4364,-7937,1,0,1
738356,2044,0,6033,-7937,1,0,1
738357,2145,0,6381,-7937,1,0,1
738358,1927,0,2761,-7937,1,0,1
738359,3753,0,523,-7937,1,0,1
738360,2195,0,3586,-7937,1,0,1
738361,1466,0,5561,-7937,1,0,1
738362,65535,255,6720,-7937,0,0,1
738363,1392,0,5547,-7937,1,0,1
738364,3120,0,648,-7937,1,0,1
738365,65535,255,2674,-7937,0,0,0
738366,2124,0,5006,-7937,1,0,1
738367,2934,0,6431,-7937,1,0,1
738368,1478,0,5998,-7937,1,0,1
738369,2413,0,1769,-7937,1,0,1
738370,2592,0,1634,-7937,1,0,1
738371,0,0,0,0,0,0,0
738372,0,0,0,0,0,0,0
738373,964,0,6388,-7261,1,0,1
738374,1795,0,2780,-7261,1,0,1
738375,2745,0,499,-7261,1,0,1
738376,2083,0,3573,9758,1,0,1
738377,1978,0,5554,9510,1,0,1
738378,65535,255,6725,9510,0,0,1
738379,2008,0,5552,9510,1,0,1
738380,1249,0,666,9510,1,0,1
738381,2554,0,2659,9510,1,0,1
738382,2506,0,4996,9510,1,0,1
738383,1832,0,6425,9510,1,0,1
738384,1880,0,6005,9510,1,0,1
738385,3400,0,1779,9510,1,0,1
738386,1166,0,1618,9510,1,0,1
738387,2286,0,4342,9510,1,0,1
738388,2100,0,6020,9510,1,0,1
738389,2128,0,6392,9510,1,0,1
738390,2619,0,2789,9510,1,0,1
738391,1459,0,489,9510,1,0,1
738392,1092,0,3565,9510,1,0,1
738393,2899,0,5548,9510,1,0,1
738394,65535,255,6728,9510,0,0,1
738395,1656,0,5557,9510,1,0,1
738396,3605,1,678,9510,1,0,1
738397,1890,0,2649,9855,1,0,1
738398,2688,0,4994,9556,1,0,1
738399,2513,0,6423,9347,1,0,1
738400,1383,0,6007,-7354,1,0,1
738401,1733,0,1791,-7947,1,0,1
738402,805,0,1612,9771,1,0,1
738403,1218,0,4338,9619,1,0,1
738404,1710,0,6016,9431,1,0,1
738405,2541,0,6394,-7274,1,0,1
738406,1599,0,2790,-7690,1,0,1
738407,1435,0,483,10295,1,0,1
738408,1263,0,3561,9700,1,0,1
738409,2393,0,5546,9485,1,0,1
738410,65535,255,6730,-7214,0,0,1
738411,894,0,5559,-7472,1,0,1
738412,2601,0,683,-8167,1,0,1
738413,1949,0,2645,9855,1,0,1
738414,2102,0,4992,9556,1,0,1
738415,2196,0,6420,9337,1,0,1
738416,2407,0,6007,-7346,1,0,1
738417,2889,0,1785,-7728,1,0,1
738418,2221,0,1612,9873,1,0,1
738419,2066,0,4335,9653,1,0,1
738420,1340,0,6016,9456,1,0,1
738421,2372,0,6394,-7295,1,0,1
738422,2322,0,2794,-7789,1,0,1
738423,2129,0,482,9887,1,0,1
738424,2829,0,3556,9794,1,0,1
738425,1264,0,5544,9540,1,0,1
738426,65535,255,6729,-7204,0,0,1
738427,2969,0,5560,-7462,1,0,1
738428,3787,0,677,-8119,1,0,1
738429,2087,0,2650,9855,1,0,1
738430,2667,0,4991,9567,1,0,1
738431,1168,0,6422,9343,1,0,1
738432,2013,0,6005,-7357,1,0,1
738433,2796,0,1780,-7819,1,0,1
738434,1777,0,1618,9995,1,0,1
738435,2007,0,4339,9699,1,0,1
738436,2537,0,6019,9427,1,0,1
738437,3426,0,6390,-7270,1,0,1
738438,2352,0,2785,-7733,1,0,1
738439,859,0,495,9622,1,0,1
738440,65535,255,3565,9777,0,0,0
738441,2048,0,5549,9535,1,0,1
738442,65535,255,6725,-7201,0,0,0
738443,1025,0,5554,-7462,1,0,0
738444,65535,255,671,-7875,0,0,0
738445,65535,255,2650,9856,0,0,0
738446,65535,255,4988,9590,0,0,0
738447,3609,1,6419,9377,1,0,1
738448,2385,0,6010,-7388,1,0,1
738449,2972,0,1796,-7855,1,0,1
738450,2074,0,1602,9814,1,0,1
738451,1053,0,4323,9675,1,0,1
738452,1651,0,6009,9430,1,0,1
738453,2624,0,6398,-7271,1,0,1
738454,2949,0,2814,-7843,1,0,1
738455,3362,1,459,9529,1,0,1
738456,65535,255,3534,9807,0,0,0
738457,2278,0,5531,9502,1,0,1
738458,65535,255,6738,-7175,0,0,1
738459,65535,255,5573,-7446,0,0,0
738460,65535,255,718,-7786,0,0,0
738461,1296,0,2609,9849,1,0,1
738462,1654,0,4966,9594,1,0,1
738463,1764,0,6405,9361,1,0,1
738464,1202,0,6023,-7337,1,0,1
738465,1659,0,1841,-7960,1,0,1
738466,2841,0,1556,9964,1,0,1
738467,1464,0,4302,9624,1,0,1
738468,2998,0,5993,9436,1,0,1
738469,2416,0,6411,-7276,1,0,1
738470,1057,0,2847,-7806,1,0,0
738471,5989,0,419,9410,1,0,1
738472,65535,255,3509,9810,0,0,0
738473,2241,0,5515,9509,1,0,1
738474,65535,255,6748,-7178,0,0,1
738475,1905,0,5591,-7461,1,0,1
738476,2389,0,754,-8056,1,0,1
738477,1001,2,2585,9741,1,0,1
738478,1444,0,4948,9576,1,0,1
738479,982,2,6395,9336,1,0,1
738480,2282,0,6040,-7351,1,0,1
738481,1741,0,1863,-7890,1,0,1
738482,1587,0,1534,9983,1,0,1
738483,2027,0,4287,9663,1,0,1
738484,2800,0,5987,9450,1,0,1
738485,65535,255,6420,-7292,0,0,0
738486,3087,0,2852,-7292,1,0,1
738487,4871,0,412,10199,1,0,1
738488,2722,0,3508,9797,1,0,1
738489,1856,0,5517,9523,1,0,1
738490,65535,255,6750,-7196,0,0,0
738491,2369,0,5588,-7434,1,0,1
738492,3866,0,743,-8242,1,0,1
738493,3257,0,2599,9846,1,0,1
738494,65535,255,4963,9623,0,0,0
738495,3709,0,6404,9370,1,0,1
738496,1803,0,6029,-7389,1,0,1
738497,2859,0,1835,-7839,1,0,1
738498,1245,0,1568,9938,1,0,1
738499,2812,0,4308,9661,1,0,1
738500,2939,0,6000,9452,1,0,1
738501,2324,0,6409,-7295,1,0,1
738502,2218,2,2823,-7736,1,0,1
738503,710,2,448,9522,1,0,1
738504,1889,0,3538,9717,1,0,1
738505,2329,0,5535,9485,1,0,1
738506,65535,255,6740,-7217,0,0,1
738507,1779,0,5573,-7473,1,0,1
738508,3948,0,701,-7976,1,0,1
738509,65535,255,2634,9795,0,0,0
738510,3029,0,4983,9605,1,0,1
738511,2333,0,6418,9361,1,0,1
738512,1942,0,6014,-7379,1,0,1
738513,65535,255,1797,-7822,0,0,0
738514,1178,0,1606,9954,1,0,1
738515,1254,0,4333,9671,1,0,1
738516,3286,0,6019,9404,1,0,1
738517,2507,0,6397,-7305,1,0,1
738518,2172,0,2790,-7805,1,0,1
738519,4825,0,493,9891,1,0,1
738520,65535,255,3568,9783,0,0,0
738521,2184,0,5552,9528,1,0,1
