sdate,line_t,line_tmq,line_tvza,line_tvaa,line_tm2,line_QFDNB,line_tm_buf
735235,65535,255,4032,9659,0,0,0
735236,618,1,5635,9395,3,0,0
735237,552,1,4373,-7256,3,0,0
735238,668,1,2210,-7486,3,0,0
735239,601,1,666,10088,1,0,0
735240,65535,255,3333,9818,0,0,0
735241,675,0,5179,9495,1,0,1
735242,543,0,4903,-7106,1,0,1
735243,503,0,3018,-7398,1,0,1
735244,436,0,321,-8376,1,0,1
735245,513,0,2534,9892,1,0,1
735246,65535,255,4657,9624,0,0,0
735247,65535,255,5365,-7070,0,0,0
735248,65535,255,3731,-7342,0,0,0
735249,65535,255,1276,-7705,0,0,0
735250,0,0,0,0,0,0,0
735251,65535,255,4047,9707,0,0,0
735252,65535,255,5645,9357,0,0,0
735253,65535,255,4363,-7289,0,0,0
735254,65535,255,2199,-7560,0,0,0
735255,426,0,666,10288,1,0,1
735256,65535,255,3333,9794,0,0,0
735257,554,1,5176,9512,1,0,1
735258,746,0,4909,-7120,1,0,1
735259,658,0,3028,-7417,1,0,1
735260,65535,255,338,-8200,0,0,0
735261,737,0,2515,9907,1,0,1
735262,419,0,4641,9621,1,0,1
735263,65535,255,5379,-7062,0,0,0
735264,65535,255,3756,-7330,0,0,0
735265,65535,255,1316,-7648,0,0,0
735266,568,0,1605,9977,1,0,1
735267,509,0,4021,9661,1,0,1
735268,65535,255,5622,9403,0,0,0
735269,462,0,4386,-7265,1,0,1
735270,65535,255,2236,-7513,0,0,0
735271,65535,255,626,10252,0,0,0
735272,574,0,3297,9851,1,0,1
735273,65535,255,5156,9516,0,0,0
735274,65535,255,4928,-7133,0,0,0
735275,1916,0,3056,-7454,3,0,0
735276,0,0,0,0,0,0,0
735277,1077,0,2481,9976,3,0,0
735278,858,0,4621,9571,1,0,0
735279,65535,255,5393,-7029,0,0,0
735280,65535,255,3780,-7404,0,0,0
735281,65535,255,1350,-7522,0,0,0
735282,65535,255,1573,9897,0,0,0
735283,65535,255,3995,9635,0,0,0
735284,65535,255,5608,9393,0,0,0
735285,65535,255,4404,-7262,0,0,0
735286,65535,255,2262,-7523,0,0,0
735287,589,0,597,10315,1,0,1
735288,65535,255,3275,9732,0,0,0
735289,65535,255,5142,9457,0,0,0
735290,65535,255,4940,-7151,0,0,0
735291,65535,255,3084,-7470,0,0,0
735292,65535,255,401,-7506,0,0,0
735293,65535,255,2456,9966,0,0,0
735294,65535,255,4601,9562,0,0,0
735295,65535,255,5406,-7015,0,0,0
735296,65535,255,3800,-7369,0,0,0
735297,65535,255,1384,-7787,0,0,0
735298,491,2,1540,10089,1,0,0
735299,370,2,3972,9698,1,0,0
735300,65535,255,5593,9360,0,0,0
735301,65535,255,4421,-7207,0,0,0
735302,798,0,2294,-7604,1,0,1
735303,495,0,569,9690,1,0,1
735304,65535,255,3248,9764,0,0,0
735305,65535,255,5123,9472,0,0,0
735306,65535,255,4958,-7169,0,0,0
735307,349,0,3106,-7526,1,0,1
735308,367,2,436,-8055,1,0,1
735309,468,0,2426,9866,1,0,0
735310,576,0,4581,9621,1,0,1
735311,621,0,5418,-6997,1,0,1
735312,65535,255,3820,-7358,0,0,0
735313,65535,255,1412,-7757,0,0,0
735314,65535,255,1512,10116,0,0,0
735315,65535,255,3950,9723,0,0,0
735316,375,0,5582,9376,1,0,1
735317,643,0,4437,-7248,1,0,1
735318,65535,255,2310,-7504,0,0,0
735319,65535,255,539,10282,0,0,0
735320,411,0,3233,9784,1,0,1
735321,65535,255,5112,9459,0,0,0
735322,550,0,4970,-7166,1,0,1
735323,65535,255,3119,-7376,0,0,0
735324,385,0,460,-8254,1,0,1
735325,65535,255,2411,9934,0,0,0
735326,462,0,4570,9562,1,0,1
735327,634,0,5428,-7033,1,0,1
735328,65535,255,3832,-7309,0,0,1
735329,65535,255,1429,-7661,0,0,0
735330,484,0,1496,10075,1,0,1
735331,565,0,3942,9718,1,0,1
735332,512,0,5574,9383,1,0,1
735333,65535,255,4448,-7265,0,0,0
735334,65535,255,2326,-7572,0,0,0
735335,65535,255,528,9724,0,0,0
735336,65535,255,3221,9816,0,0,0
735337,65535,255,5105,9517,0,0,0
735338,483,2,4975,-7154,1,0,0
735339,0,0,0,0,0,0,0
735340,403,0,466,-7251,1,0,1
735341,65535,255,2402,9988,0,0,0
735342,504,0,4566,9606,1,0,1
735343,65535,255,5431,-7004,0,0,0
735344,0,0,0,0,0,0,0
735345,454,0,1434,-7613,1,0,1
735346,65535,255,1496,10054,0,0,0
735347,65535,255,3938,9733,0,0,0
735348,65535,255,5574,9402,0,0,0
735349,65535,255,4450,-7202,0,0,0
735350,429,0,2326,-7461,1,0,1
735351,465,0,521,10358,1,0,1
735352,567,0,3221,9769,1,0,1
735353,65535,255,5108,9502,0,0,0
735354,520,0,4978,-7148,1,0,1
735355,426,0,3133,-7385,1,0,1
735356,348,0,465,-7467,1,0,1
735357,351,0,2407,9843,1,0,1
735358,560,0,4568,9593,1,0,1
735359,597,0,5433,-7042,1,0,1
735360,65535,255,3840,-7355,0,0,0
735361,65535,255,1429,-7545,0,0,0
735362,392,2,1501,10054,1,0,0
735363,65535,255,3945,9740,0,0,0
735364,65535,255,5578,9415,0,0,0
735365,65535,255,4447,-7240,0,0,0
735366,65535,255,2326,-7572,0,0,0
735367,474,0,532,10042,1,0,1
735368,547,0,3230,9749,1,0,1
735369,592,0,5113,9501,1,0,1
735370,65535,255,4973,-7166,0,0,0
735371,419,0,3123,-7435,1,0,1
735372,65535,255,458,-7968,0,0,0
735373,65535,255,2416,9973,0,0,0
735374,65535,255,4576,9624,0,0,0
735375,549,0,5990,9287,1,0,1
735376,65535,255,3828,-7364,0,0,0
735377,254,0,1412,-7639,1,0,0
735378,0,0,0,0,0,0,0
735379,65535,255,3957,9687,0,0,0
735380,313,0,5586,9395,1,0,1
735381,65535,255,6663,9080,0,0,1
735382,430,0,2305,-7575,1,0,1
735383,65535,255,556,10160,0,0,0
735384,65535,255,3247,9785,0,0,0
735385,414,0,5125,9452,1,0,1
735386,757,0,6351,9177,1,0,1
735387,506,0,3106,-7388,1,0,1
735388,65535,255,429,-7756,0,0,0
735389,474,0,2436,9971,1,0,1
735390,576,0,4590,9634,1,0,1
735391,65535,255,5999,9301,0,0,0
735392,65535,255,6949,8967,0,0,0
735393,65535,255,1389,-7809,0,0,0
735394,378,0,1545,10027,1,0,1
735395,607,0,3976,9647,1,0,1
735396,0,0,0,0,0,0,0
735397,65535,255,6671,9074,0,0,1
735398,449,0,2278,-7564,1,0,1
735399,65535,255,585,10268,0,0,0
735400,422,0,3270,9820,1,0,1
735401,65535,255,5139,9480,0,0,1
735402,812,0,6360,9200,1,0,1
735403,0,0,0,0,0,0,0
735404,65535,255,397,-7172,0,0,0
735405,494,0,2465,9890,1,0,1
735406,622,0,4608,9605,1,0,1
735407,344,0,6011,9286,1,0,1
735408,65535,255,6957,8963,0,0,0
735409,65535,255,1356,-7792,0,0,0
735410,275,0,1578,10044,1,0,1
735411,65535,255,3999,9666,0,0,0
735412,65535,255,5613,9398,0,0,0
735413,65535,255,6680,9082,0,0,0
735414,65535,255,2246,-7628,0,0,0
735415,65535,255,620,9828,0,0,0
735416,129,2,3297,9759,1,0,1
735417,65535,255,5157,9455,0,0,0
735418,65535,255,6372,9188,0,0,0
735419,65535,255,3047,-7454,0,0,1
735420,321,0,356,-7106,1,0,1
735421,451,0,2500,9911,1,0,1
735422,449,0,4631,9620,1,0,1
735423,506,0,6025,9276,1,0,1
735424,65535,255,3756,-7312,0,0,0
735425,65535,255,1311,-7571,0,0,0
735426,65535,255,1617,9897,0,0,0
735427,65535,255,4025,9735,0,0,0
735428,65535,255,5631,9375,0,0,0
735429,238,0,4367,-7229,1,0,0
735430,432,0,2210,-7631,1,0,1
735431,348,0,667,9795,1,0,1
735432,445,0,3329,9830,1,0,1
735433,505,0,5174,9488,1,0,1
735434,65535,255,4905,-7169,0,0,0
735435,461,0,3028,-7488,1,0,0
735436,65535,255,332,-7365,0,0,0
735437,65535,255,2515,9934,0,0,0
735438,65535,255,4640,9593,0,0,0
735439,306,0,5375,-7060,1,0,1
735440,65535,255,3752,-7305,0,0,0
735441,65535,255,1310,-7546,0,0,0
735442,311,0,1612,9837,1,0,1
735443,65535,255,4018,9714,0,0,0
735444,285,0,5623,9359,1,0,0
735445,502,0,4380,-7290,1,0,1
735446,65535,255,2231,-7540,0,0,0
735447,65535,255,631,10252,0,0,0
735448,65535,255,3302,9834,0,0,0
735449,0,0,0,0,0,0,0
735450,65535,255,4919,-7100,0,0,0
735451,432,0,3052,-7536,1,0,1
735452,408,0,366,-7935,1,0,1
735453,451,0,2491,9836,1,0,1
735454,65535,255,4624,9590,0,0,0
735455,0,0,0,0,0,0,0
735456,434,0,3776,-7396,1,0,1
735457,472,0,1343,-7752,1,0,1
735458,383,0,1584,10127,1,0,1
735459,65535,255,4003,9709,0,0,0
735460,65535,255,5613,9362,0,0,0
735461,613,0,4397,-7204,1,0,1
735462,309,2,2252,-7596,1,0,0
735463,381,0,611,10199,1,0,1
735464,65535,255,3288,9742,0,0,0
735465,65535,255,5148,9457,0,0,0
735466,609,0,4937,-7151,1,0,1
735467,429,0,3070,-7481,1,0,1
735468,304,0,389,-7584,1,0,1
735469,513,0,2471,9800,1,0,1
735470,573,0,4611,9581,1,0,0
735471,486,0,5398,-7035,1,0,1
735472,467,0,3789,-7334,1,0,0
735473,65535,255,1361,-7546,0,0,0
735474,353,0,1567,9920,1,0,1
735475,65535,255,3991,9646,0,0,0
735476,65535,255,5604,9400,0,0,0
735477,65535,255,4410,-7272,0,0,0
735478,65535,255,2268,-7537,0,0,0
735479,65535,255,591,10380,0,0,0
735480,65535,255,3275,9744,0,0,0
735481,65535,255,5142,9465,0,0,0
735482,384,0,4946,-7165,1,0,1
735483,344,0,3083,-7519,1,0,1
735484,375,0,407,-8078,1,0,1
735485,65535,255,2461,9891,0,0,0
735486,406,0,4603,9621,1,0,1
735487,65535,255,5406,-7010,0,0,0
735488,443,0,3800,-7384,1,0,1
735489,448,0,1373,-7496,1,0,1
735490,65535,255,1556,9900,0,0,0
735491,65535,255,3983,9647,0,0,0
735492,652,0,5601,9406,1,0,1
735493,65535,255,4415,-7250,0,0,0
735494,411,0,2278,-7606,1,0,1
735495,417,0,585,9873,1,0,1
735496,378,0,3270,9811,1,0,1
735497,320,0,5139,9507,1,0,1
735498,65535,255,4948,-7137,0,0,0
735499,65535,255,3088,-7488,0,0,0
735500,491,0,413,-7994,1,0,1
735501,401,0,2455,9892,1,0,1
735502,493,0,4604,9552,1,0,1
735503,65535,255,5406,-7028,0,0,0
735504,65535,255,3800,-7305,0,0,0
735505,466,0,1378,-7666,1,0,1
735506,357,0,1550,10069,1,0,1
735507,65535,255,3979,9728,0,0,0
735508,573,0,5602,9392,1,0,1
735509,435,0,4417,-7277,1,0,1
735510,447,0,2278,-7606,1,0,1
735511,456,0,585,9986,1,0,1
735512,65535,255,3270,9849,0,0,0
735513,65535,255,5139,9456,0,0,0
735514,65535,255,4944,-7139,0,0,0
735515,65535,255,3083,-7419,0,0,0
735516,65535,255,401,-7505,0,0,0
735517,65535,255,2461,9853,0,0,0
735518,65535,255,4604,9632,0,0,0
735519,65535,255,5403,-7029,0,0,0
735520,381,2,3791,-7314,1,0,0
735521,336,0,1367,-7764,1,0,1
735522,335,0,1562,9859,1,0,1
735523,593,0,3987,9669,1,0,1
735524,65535,255,5605,9365,0,0,0
735525,65535,255,4407,-7259,0,0,0
735526,356,0,2263,-7593,1,0,1
735527,65535,255,597,9987,0,0,0
735528,434,0,3279,9726,1,0,1
735529,414,0,5145,9480,1,0,1
735530,65535,255,4937,-7133,0,0,0
735531,424,0,3075,-7519,1,0,1
735532,323,0,385,-7238,1,0,1
735533,421,0,2476,9839,1,0,1
735534,65535,255,4614,9550,0,0,0
735535,469,0,5393,-7050,1,0,1
735536,518,0,3780,-7370,1,0,1
735537,0,0,0,0,0,0,0
735538,65535,255,1578,10129,0,0,0
735539,0,0,0,0,0,0,0
735540,65535,255,5615,9371,0,0,0
735541,65535,255,4391,-7286,0,0,0
735542,480,0,2242,-7451,1,0,1
735543,390,0,626,10038,1,0,1
735544,65535,255,3297,9836,0,0,0
735545,65535,255,5159,9477,0,0,0
735546,563,0,4919,-7142,1,0,1
735547,362,0,3047,-7401,1,0,1
735548,65535,255,354,-7846,0,0,0
735549,431,0,2500,9963,1,0,1
735550,0,0,0,0,0,0,0
735551,453,0,5377,-7053,1,0,1
735552,466,0,3756,-7397,1,0,1
735553,462,0,1311,-7773,1,0,1
735554,457,0,1617,10000,1,0,0
735555,500,0,4030,9641,1,0,1
735556,65535,255,5631,9372,0,0,0
735557,494,0,4364,-7208,1,0,1
735558,409,0,2205,-7629,1,0,1
735559,433,0,661,10244,1,0,1
735560,65535,255,3320,9795,0,0,0
735561,65535,255,5171,9449,0,0,0
735562,510,0,4907,-7106,1,0,1
735563,306,0,3033,-7485,1,0,1
735564,65535,255,345,-7079,0,0,0
735565,0,0,0,0,0,0,0
735566,65535,255,4636,9572,0,0,0
735567,65535,255,5377,-7014,0,0,0
735568,342,0,3756,-7302,1,0,1
735569,65535,255,1328,-7820,0,0,0
735570,65535,255,1600,10023,0,0,0
735571,65535,255,4013,9662,0,0,0
735572,622,0,5620,9366,1,0,1
735573,65535,255,4387,-7280,0,0,0
735574,65535,255,2236,-7479,0,0,0
735575,65535,255,626,9886,0,0,0
735576,440,2,3297,9743,1,0,0
735577,65535,255,5154,9515,0,0,0
735578,386,0,4925,-7112,1,0,1
735579,480,0,3061,-7522,1,0,1
735580,467,0,372,-7753,1,0,1
735581,450,0,2480,9980,1,0,1
735582,0,0,0,0,0,0,0
735583,65535,255,5390,-6997,0,0,0
735584,884,0,3776,-7322,3,0,0
735585,763,0,1344,-7568,3,0,0
735586,65535,255,1578,9860,0,0,0
735587,888,0,3998,9719,1,0,1
735588,65535,255,5613,9364,0,0,0
735589,65535,255,4397,-7202,0,0,0
735590,65535,255,2252,-7579,0,0,0
735591,0,0,0,0,0,0,0
735592,65535,255,3283,9851,0,0,0
735593,809,0,5148,9517,1,0,1
735594,65535,255,4933,-7127,0,0,0
735595,502,0,3070,-7429,1,0,1
735596,479,0,385,-7150,1,0,1
735597,0,0,0,0,0,0,0
735598,65535,255,4614,9632,0,0,1
735599,494,0,5395,-7000,1,0,1
735600,524,0,3784,-7345,1,0,1
735601,65535,255,1355,-7715,0,0,0
735602,65535,255,1572,10048,0,0,0
735603,1914,0,3995,9684,3,0,0
735604,1306,0,5610,9377,3,0,0
735605,65535,255,4400,-7201,0,0,0
735606,65535,255,2257,-7607,0,0,0
735607,649,0,609,9773,1,0,1
735608,65535,255,3284,9783,0,0,0
735609,65535,255,5147,9486,0,0,1
735610,0,0,0,0,0,0,0
735611,65535,255,3070,-7409,0,0,0
735612,506,0,385,-7236,1,0,1
735613,0,0,0,0,0,0,0
735614,383,0,4617,9576,1,0,1
735615,65535,255,5395,-7039,0,0,0
735616,65535,255,3780,-7314,0,0,0
735617,65535,255,1350,-7666,0,0,0
735618,65535,255,1578,10047,0,0,0
735619,523,0,4002,9705,1,0,1
735620,65535,255,5614,9374,0,0,0
735621,65535,255,4396,-7227,0,0,0
735622,939,0,2252,-7622,1,0,0
735623,1098,0,615,9721,1,0,1
735624,65535,255,3293,9744,0,0,0
735625,944,0,5151,9484,1,0,0
735626,65535,255,4934,-7138,0,0,0
735627,65535,255,3065,-7439,0,0,0
735628,65535,255,379,-7226,0,0,0
735629,760,0,2480,9930,1,0,1
735630,65535,255,4618,9632,0,0,0
735631,0,0,0,0,0,0,0
735632,0,0,0,0,0,0,0
735633,0,0,0,0,0,0,0
735634,1300,0,1578,10006,3,0,0
735635,0,0,0,0,0,0,0
735636,65535,255,5612,9365,0,0,0
735637,65535,255,4397,-7214,0,0,0
735638,911,0,2252,-7636,3,0,0
735639,65535,255,614,9883,0,0,0
735640,65535,255,3288,9792,0,0,0
735641,1128,0,5151,9491,3,0,0
735642,876,0,4931,-7111,3,0,0
735643,0,0,0,0,0,0,0
735644,65535,255,379,-7229,0,0,0
735645,1008,0,2480,9968,1,0,0
735646,65535,255,4621,9576,0,0,0
735647,1089,1,5390,-7039,1,0,0
735648,65535,255,3772,-7314,0,0,0
735649,1221,1,1339,-7666,1,0,0
735650,940,0,1589,10046,1,0,0
735651,65535,255,4006,9705,0,0,0
735652,714,0,5618,9373,1,0,1
735653,625,0,4390,-7247,1,0,0
735654,65535,255,2236,-7522,0,0,0
735655,769,0,626,10469,1,0,1
735656,739,0,3301,9781,1,0,1
735657,522,0,5160,9500,1,0,1
735658,984,0,4919,-7134,1,0,1
735659,850,0,3047,-7502,1,0,1
735660,65535,255,355,-8311,0,0,0
735661,0,0,0,0,0,0,0
735662,758,0,4631,9592,1,0,1
735663,65535,255,5377,-6998,0,0,0
735664,633,0,3756,-7395,1,0,1
735665,418,2,1310,-7644,1,0,1
735666,566,0,1611,10104,1,0,1
735667,65535,255,4026,9644,0,0,0
735668,65535,255,5631,9356,0,0,0
735669,65535,255,4370,-7250,0,0,0
735670,65535,255,2210,-7582,0,0,0
735671,65535,255,660,10146,0,0,0
735672,580,0,3320,9844,1,0,1
735673,65535,255,5168,9513,0,0,0
735674,523,0,4910,-7125,1,0,1
735675,65535,255,3037,-7441,0,0,0
735676,465,0,349,-7372,1,0,1
735677,459,0,2496,9991,1,0,1
735678,0,0,0,0,0,0,0
735679,459,0,5382,-7040,1,0,1
735680,479,0,3768,-7306,1,0,1
735681,65535,255,1338,-7666,0,0,0
735682,514,0,1583,10047,1,0,1
735683,537,0,3999,9706,1,0,1
735684,65535,255,5610,9379,0,0,0
735685,537,0,4397,-7251,1,0,1
735686,65535,255,2252,-7534,0,0,0
735687,65535,255,610,9666,0,0,0
735688,65535,255,3279,9794,0,0,0
735689,65535,255,5142,9504,0,0,1
735690,519,0,4937,-7141,1,0,1
735691,65535,255,3079,-7515,0,0,0
735692,296,0,400,-7729,1,0,0
735693,65535,255,2456,9985,0,0,0
735694,65535,255,4601,9604,0,0,0
735695,614,0,5404,-7006,1,0,1
735696,65535,255,3797,-7321,0,0,0
735697,65535,255,1378,-7686,0,0,0
735698,65535,255,1545,10158,0,0,0
735699,563,0,3976,9659,1,0,1
735700,65535,255,5595,9365,0,0,0
735701,65535,255,4421,-7253,0,0,0
735702,505,0,2289,-7600,1,0,1
735703,471,0,568,10103,1,0,1
735704,65535,255,3257,9759,0,0,0
735705,65535,255,5128,9507,0,0,0
735706,434,0,4955,-7159,1,0,1
735707,592,0,3101,-7433,1,0,1
735708,65535,255,429,-7978,0,0,0
735709,331,0,2436,9963,1,0,1
735710,522,0,4587,9620,1,0,1
735711,372,0,5415,-7037,1,0,1
735712,359,0,3816,-7361,1,0,1
735713,469,0,1401,-7636,1,0,1
735714,508,0,1529,9862,1,0,1
735715,65535,255,3961,9698,0,0,0
735716,65535,255,5587,9404,0,0,0
735717,593,0,4430,-7238,1,0,1
735718,65535,255,2299,-7613,0,0,0
735719,65535,255,557,10401,0,0,0
735720,65535,255,3243,9828,0,0,0
735721,65535,255,5122,9478,0,0,0
735722,508,0,4960,-7152,1,0,1
735723,534,2,3110,-7441,1,0,1
735724,453,2,443,-8272,1,0,1
735725,312,0,2431,9859,1,0,1
735726,521,0,4583,9583,1,0,1
735727,65535,255,5419,-7017,0,0,0
735728,65535,255,3820,-7361,0,0,0
735729,0,0,0,0,0,0,0
735730,65535,255,1523,9948,0,0,0
735731,319,0,3961,9750,1,0,1
735732,65535,255,5589,9376,0,0,0
735733,65535,255,4431,-7213,0,0,0
735734,65535,255,2305,-7584,0,0,0
735735,330,0,556,10404,1,0,0
735736,65535,255,3243,9857,0,0,0
735737,561,0,5122,9509,1,0,1
735738,65535,255,6349,9172,0,0,0
735739,65535,255,3106,-7393,0,0,0
735740,333,0,436,-8127,1,0,1
735741,65535,255,2431,9859,0,0,0
735742,65535,255,4586,9602,0,0,0
735743,65535,255,5995,9294,0,0,0
735744,65535,255,6946,8972,0,0,1
735745,365,0,1395,-7541,1,0,1
735746,65535,255,1535,9861,0,0,0
735747,65535,255,3964,9734,0,0,0
735748,577,0,5592,9376,1,0,1
735749,65535,255,6666,9084,0,0,0
735750,65535,255,2294,-7642,0,0,0
735751,469,0,568,9871,1,0,1
735752,569,0,3252,9789,1,0,1
735753,584,0,5128,9482,1,0,1
735754,65535,255,6354,9159,0,0,0
735755,65535,255,-32768,-32768,0,65535,1
735756,65535,255,424,-8059,0,0,0
735757,316,0,2446,9870,1,0,1
735758,469,0,4594,9619,1,0,1
735759,65535,255,6000,9309,0,0,0
735760,65535,255,6949,8989,0,0,0
735761,65535,255,1384,-7710,0,0,0
735762,0,0,0,0,0,0,0
735763,0,0,0,0,0,0,0
735764,65535,255,5600,9360,0,0,0
735765,65535,255,6672,9075,0,0,1
735766,65535,255,-32768,-32768,0,65535,0
735767,429,0,585,9935,1,0,0
735768,65535,255,3266,9815,0,0,0
735769,65535,255,5136,9501,0,0,0
735770,848,0,6360,9179,1,0,1
735771,65535,255,-32768,-32768,0,65535,1
735772,419,0,401,-7500,1,0,1
735773,489,0,2466,9804,1,0,1
735774,326,0,4608,9592,1,0,1
735775,517,0,6009,9298,1,0,1
735776,65535,255,6954,8987,0,0,0
735777,65535,255,1361,-7713,0,0,0
735778,518,0,1567,10092,1,0,1
735779,479,0,3995,9715,1,0,0
735780,579,0,5610,9376,1,0,1
735781,65535,255,6677,9092,0,0,1
735782,466,0,2258,-7661,1,0,1
735783,65535,255,609,10427,0,0,0
735784,454,0,3284,9832,1,0,1
735785,65535,255,5145,9473,0,0,0
735786,65535,255,6364,9188,0,0,0
735787,65535,255,-32768,-32768,0,65535,1
735788,65535,255,389,-7752,0,0,0
735789,65535,255,2471,9958,0,0,0
735790,65535,255,4611,9622,0,0,0
735791,65535,255,6009,9291,0,0,0
735792,65535,255,6956,8959,0,0,1
735793,65535,255,1355,-7688,0,0,0
735794,65535,255,1573,9905,0,0,0
735795,65535,255,3991,9716,0,0,0
735796,65535,255,5605,9418,0,0,0
735797,65535,255,6676,9084,0,0,0
735798,462,0,2263,-7647,1,0,1
735799,65535,255,602,9892,0,0,0
735800,65535,255,3275,9852,0,0,0
735801,65535,255,5142,9494,0,0,1
735802,424,0,4937,-7168,1,0,1
735803,390,0,3075,-7466,1,0,1
735804,65535,255,391,-7154,0,0,0
735805,65535,255,2466,9882,0,0,0
735806,503,0,4608,9592,1,0,1
735807,65535,255,5396,-7021,0,0,0
735808,65535,255,3784,-7357,0,0,0
735809,407,0,1361,-7639,1,0,1
735810,65535,255,1568,9904,0,0,0
735811,455,0,3983,9693,1,0,1
735812,65535,255,5605,9407,0,0,0
735813,65535,255,4401,-7265,0,0,0
735814,65535,255,2247,-7478,0,0,0
735815,65535,255,626,9940,0,0,0
735816,343,2,3306,9779,1,0,0
735817,65535,255,5165,9462,0,0,0
735818,410,0,4910,-7154,1,0,1
735819,0,0,0,0,0,0,0
735820,401,0,331,-7434,1,0,1
735821,365,0,2520,9886,1,0,1
735822,459,0,4641,9584,1,0,1
735823,65535,255,5371,-6996,0,0,0
735824,65535,255,3748,-7317,0,0,0
735825,423,0,1310,-7772,1,0,1
735826,265,0,1616,9941,1,0,1
735827,475,0,4021,9716,1,0,1
735828,65535,255,5625,9411,0,0,0
735829,400,0,4377,-7237,1,0,1
735830,468,0,2225,-7582,1,0,1
735831,420,0,637,10149,1,0,1
735832,413,0,3311,9779,1,0,1
735833,65535,255,5162,9496,0,0,0
735834,65535,255,4919,-7103,0,0,0
735835,511,2,3051,-7492,1,0,1
735836,444,0,362,-7202,1,0,1
735837,299,0,2496,9864,1,0,1
735838,472,0,4628,9580,1,0,1
735839,551,0,5387,-7002,1,0,1
735840,413,0,3767,-7315,1,0,1
735841,390,0,1333,-7493,1,0,1
735842,65535,255,1589,10066,0,0,0
735843,65535,255,4006,9660,0,0,0
735844,65535,255,5617,9381,0,0,0
735845,372,2,4393,-7202,1,0,1
735846,481,0,2247,-7536,1,0,1
735847,358,0,614,10045,1,0,1
735848,65535,255,3293,9782,0,0,0
735849,65535,255,5153,9454,0,0,0
735850,462,0,4930,-7127,1,0,1
735851,65535,255,3066,-7389,0,0,0
735852,526,0,383,-7926,1,0,0
735853,65535,255,2466,9851,0,0,0
735854,428,0,4610,9549,1,0,1
735855,65535,255,5403,-7036,0,0,0
735856,284,0,3791,-7340,1,0,1
735857,271,0,1367,-7473,1,0,1
735858,65535,255,1561,9983,0,0,0
735859,501,0,3987,9718,1,0,1
735860,749,0,5606,9399,1,0,1
735861,65535,255,4410,-7210,0,0,0
735862,492,0,2268,-7495,1,0,1
735863,65535,255,598,9707,0,0,1
735864,65535,255,3279,9836,0,0,0
735865,463,0,5145,9468,1,0,1
735866,568,0,4942,-7123,1,0,1
735867,65535,255,3079,-7510,0,0,0
735868,0,0,0,0,0,0,0
735869,432,0,2470,9914,1,0,1
735870,599,0,4610,9592,1,0,1
735871,65535,255,5400,-7012,0,0,0
735872,65535,255,3791,-7387,0,0,0
735873,65535,255,1367,-7717,0,0,0
735874,65535,255,1562,9941,0,0,0
735875,556,0,3984,9734,1,0,1
735876,167,2,5605,9358,1,0,1
735877,440,0,4417,-7272,1,0,1
735878,552,0,2278,-7479,1,0,1
735879,511,0,580,9869,1,0,0
735880,65535,255,3262,9754,0,0,0
735881,0,0,0,0,0,0,0
735882,722,0,4955,-7137,1,0,1
735883,65535,255,3097,-7428,0,0,0
735884,487,0,430,-8217,1,0,1
735885,494,0,2436,9854,1,0,1
735886,127,0,4587,9590,1,0,1
735887,544,0,5417,-7027,1,0,1
735888,65535,255,3832,-7386,0,0,0
735889,65535,255,1417,-7763,0,0,0
735890,358,0,1518,10024,1,0,1
735891,65535,255,3961,9650,0,0,0
735892,65535,255,5587,9388,0,0,0
735893,65535,255,4430,-7243,0,0,0
735894,65535,255,2300,-7652,0,0,0
735895,65535,255,568,9746,0,0,0
735896,65535,255,3257,9749,0,0,1
735897,427,0,5134,9450,1,0,1
735898,65535,255,4949,-7149,0,0,0
735899,532,0,3088,-7465,1,0,1
735900,322,0,401,-7433,1,0,1
735901,65535,255,2461,9961,0,0,0
735902,65535,255,4608,9563,0,0,0
735903,65535,255,5401,-7036,0,0,0
735904,0,0,0,0,0,0,0
735905,65535,255,1361,-7699,0,0,0
735906,455,0,1562,9935,1,0,1
735907,489,0,3987,9727,1,0,1
735908,0,0,0,0,0,0,0
735909,0,0,0,0,0,0,0
735910,65535,255,2268,-7500,0,0,0
735911,529,0,590,9981,1,0,1
735912,0,0,0,0,0,0,0
735913,535,0,5139,9459,1,0,1
735914,452,0,4943,-7144,1,0,1
735915,0,0,0,0,0,0,0
735916,455,0,420,-7212,1,0,1
735917,65535,255,2441,9921,0,0,0
735918,510,0,4590,9583,1,0,1
735919,399,0,5412,-7005,1,0,1
735920,0,0,0,0,0,0,0
735921,65535,255,1401,-7746,0,0,0
735922,410,0,1528,10083,1,0,1
735923,65535,255,3961,9698,0,0,0
735924,65535,255,5587,9361,0,0,0
735925,374,0,4431,-7228,1,0,1
735926,65535,255,2305,-7669,0,0,0
735927,65535,255,550,10032,0,0,0
735928,65535,255,3239,9832,0,0,0
735929,0,0,0,0,0,0,0
735930,186,0,4967,-7149,1,0,1
735931,65535,255,3119,-7504,0,0,0
735932,474,0,453,-8055,1,0,1
735933,65535,255,2416,9911,0,0,0
735934,65535,255,4577,9558,0,0,0
735935,65535,255,5425,-7039,0,0,0
735936,65535,255,3828,-7327,0,0,0
735937,542,0,1423,-7742,1,0,1
735938,452,0,1506,9921,1,0,1
735939,65535,255,3950,9641,0,0,0
735940,65535,255,5579,9380,0,0,0
735941,65535,255,4444,-7225,0,0,0
735942,65535,255,2320,-7499,0,0,0
735943,65535,255,534,10527,0,0,0
735944,65535,255,3230,9758,0,0,1
735945,651,0,5111,9497,1,0,1
735946,65535,255,4973,-7148,0,0,0
735947,465,0,3128,-7400,1,0,1
735948,348,0,459,-7402,1,0,1
735949,65535,255,2412,9846,0,0,0
735950,65535,255,4573,9552,0,0,0
735951,65535,255,5431,-7052,0,0,0
735952,511,2,3836,-7373,1,0,0
735953,577,0,1423,-7625,1,0,1
735954,65535,255,1501,10131,0,0,0
735955,293,2,3950,9663,1,0,1
735956,65535,255,5581,9373,0,0,0
735957,0,0,0,0,0,0,0
735958,0,0,0,0,0,0,0
735959,514,0,539,9785,1,0,1
735960,509,0,3234,9729,1,0,1
735961,65535,255,5116,9496,0,0,0
735962,65535,255,4970,-7176,0,0,0
735963,361,0,3119,-7475,1,0,1
735964,555,0,448,-7246,1,0,1
735965,477,0,2421,9859,1,0,1
735966,65535,255,4580,9583,0,0,0
735967,0,0,0,0,0,0,0
735968,0,0,0,0,0,0,0
735969,65535,255,1406,-7626,0,0,0
735970,541,0,1524,9870,1,0,1
735971,1187,1,3965,9706,1,0,1
735972,754,0,5591,9360,1,0,1
735973,65535,255,4433,-7271,0,0,0
735974,1055,1,2299,-7487,1,0,1
735975,954,1,562,9915,1,0,1
735976,65535,255,3257,9774,0,0,0
735977,65535,255,5131,9458,0,0,0
735978,65535,255,4957,-7146,0,0,0
735979,372,0,3101,-7447,1,0,1
735980,455,0,420,-7212,1,0,1
735981,383,0,2451,9908,1,0,1
735982,420,2,4600,9616,1,0,1
735983,65535,255,5411,-7062,0,0,0
735984,505,0,3799,-7315,1,0,1
735985,65535,255,1372,-7579,0,0,0
735986,65535,255,1562,9869,0,0,0
735987,484,0,3987,9732,1,0,1
735988,65535,255,5606,9368,0,0,0
735989,1099,0,4410,-7225,3,0,0
735990,65535,255,2268,-7632,0,0,0
735991,65535,255,604,9759,0,0,0
735992,65535,255,3288,9751,0,0,0
735993,1276,1,5150,9458,3,0,0
735994,65535,255,4936,-7161,0,0,0
735995,65535,255,3070,-7491,0,0,0
735996,1124,1,377,-7675,3,0,0
735997,0,0,0,0,0,0,0
735998,1590,1,4624,9582,3,0,0
735999,65535,255,5389,-7043,0,0,0
736000,65535,255,3772,-7343,0,0,0
736001,1006,1,1338,-7680,3,0,0
736002,65535,255,1589,9972,0,0,0
736003,0,0,0,0,0,0,0
736004,65535,255,5617,9397,0,0,0
736005,65535,255,4396,-7259,0,0,0
736006,65535,255,2247,-7491,0,0,0
736007,899,1,614,10140,3,0,0
736008,65535,255,3288,9837,0,0,0
736009,1330,0,5151,9505,3,0,0
736010,65535,255,4937,-7128,0,0,0
736011,1761,0,3070,-7440,3,0,0
736012,65535,255,385,-7249,0,0,0
736013,1488,2,2475,9957,3,0,0
736014,65535,255,4614,9565,0,0,0
736015,939,0,5397,-7030,3,0,0
736016,1190,0,3788,-7403,3,0,0
736017,65535,255,1355,-7530,0,0,0
736018,65535,255,1567,9911,0,0,0
736019,936,0,3995,9650,3,0,0
736020,65535,255,5607,9404,0,0,0
736021,0,0,0,0,0,0,0
736022,1027,0,2268,-7588,3,0,0
736023,1088,0,597,9757,3,0,0
736024,1128,0,3275,9791,3,0,0
736025,65535,255,5142,9491,0,0,0
736026,1169,0,4943,-7126,3,0,0
736027,0,0,0,0,0,0,0
736028,0,0,0,0,0,0,0
736029,943,1,2466,9842,1,0,0
736030,785,1,4604,9616,1,0,0
736031,852,0,5401,-7010,1,0,0
736032,755,0,3792,-7394,1,0,1
736033,689,0,1367,-7555,1,0,1
736034,65535,255,1562,9975,0,0,0
736035,495,0,3987,9696,1,0,1
736036,771,0,5605,9368,1,0,1
736037,0,0,0,0,0,0,0
736038,65535,255,2268,-7559,0,0,0
736039,521,0,598,9756,1,0,1
736040,0,0,0,0,0,0,0
736041,574,0,5140,9518,1,0,1
736042,725,0,4943,-7164,1,0,1
736043,603,0,3079,-7399,1,0,1
736044,65535,255,396,-7346,0,0,1
736045,585,0,2466,9830,1,0,1
736046,458,0,4608,9610,1,0,1
736047,65535,255,5401,-7024,0,0,0
736048,529,0,3788,-7316,1,0,1
736049,65535,255,1361,-7774,0,0,0
736050,65535,255,1567,9891,0,0,0
736051,65535,255,3991,9673,0,0,0
736052,411,0,5608,9372,1,0,1
736053,65535,255,4404,-7275,0,0,0
736054,65535,255,2262,-7631,0,0,0
736055,65535,255,603,10198,0,0,0
736056,499,0,3284,9771,1,0,1
736057,0,0,0,0,0,0,0
736058,65535,255,4934,-7171,0,0,0
736059,520,0,3066,-7440,1,0,1
736060,251,0,383,-8021,1,0,1
736061,65535,255,2480,9957,0,0,0
736062,65535,255,4618,9607,0,0,0
736063,65535,255,5392,-7027,0,0,0
736064,65535,255,3776,-7341,0,0,0
736065,65535,255,1339,-7529,0,0,0
736066,568,0,1583,10077,1,0,1
736067,628,0,4007,9649,1,0,1
736068,65535,255,5618,9365,0,0,0
736069,416,0,4390,-7291,1,0,1
736070,564,0,2236,-7476,1,0,1
736071,65535,255,632,9772,0,0,0
736072,571,0,3307,9722,1,0,1
736073,597,0,5162,9493,1,0,1
736074,0,0,0,0,0,0,0
736075,65535,255,3042,-7473,0,0,0
736076,560,0,351,-7103,1,0,1
736077,397,0,2510,9877,1,0,1
736078,385,2,4638,9592,1,0,1
736079,792,0,5379,-7030,1,0,1
736080,65535,255,3751,-7369,0,0,0
736081,65535,255,1310,-7707,0,0,0
736082,65535,255,1622,9949,0,0,0
736083,497,0,4036,9631,1,0,1
736084,65535,255,5638,9370,0,0,0
736085,65535,255,4370,-7243,0,0,0
736086,573,0,2210,-7595,1,0,1
736087,65535,255,660,10184,0,0,0
736088,612,0,3324,9786,1,0,1
736089,620,0,5174,9450,1,0,1
736090,65535,255,4912,-7110,0,0,0
736091,402,0,3037,-7505,1,0,1
736092,382,0,344,-7284,1,0,1
736093,65535,255,2510,9890,0,0,0
736094,65535,255,4635,9593,0,0,0
736095,642,0,5384,-7019,1,0,1
736096,65535,255,3763,-7343,0,0,0
736097,65535,255,1327,-7580,0,0,1
736098,416,0,1601,9850,1,0,1
736099,440,0,4014,9692,1,0,1
736100,65535,255,5622,9367,0,0,0
736101,65535,255,4393,-7252,0,0,0
736102,65535,255,2246,-7648,0,0,0
736103,140,2,627,9719,1,0,1
736104,343,0,3302,9723,1,0,1
736105,65535,255,5156,9510,0,0,0
736106,65535,255,6372,9167,0,0,0
736107,462,0,3065,-7530,1,0,1
736108,410,0,377,-7763,1,0,1
736109,65535,255,2481,9953,0,0,0
736110,65535,255,4621,9552,0,0,0
736111,65535,255,6017,9256,0,0,0
736112,65535,255,6961,8939,0,0,0
736113,353,0,1355,-7602,1,0,1
736114,446,0,1573,9891,1,0,1
736115,65535,255,3995,9731,0,0,0
736116,65535,255,5612,9368,0,0,0
736117,0,0,0,0,0,0,0
736118,65535,255,2262,-7574,0,0,0
736119,65535,255,597,10311,0,0,0
736120,65535,255,3279,9849,0,0,0
736121,65535,255,5145,9502,0,0,0
736122,812,0,6364,9166,1,0,1
736123,65535,255,-32768,-32768,0,65535,1
736124,65535,255,401,-8011,0,0,0
736125,339,0,2466,9843,1,0,1
736126,392,0,4607,9592,1,0,1
736127,65535,255,6009,9286,0,0,0
736128,65535,255,6955,8966,0,0,0
736129,65535,255,1372,-7505,0,0,0
736130,65535,255,1557,9829,0,0,0
736131,65535,255,3984,9719,0,0,0
736132,541,0,5602,9370,1,0,1
736133,65535,255,6674,9075,0,0,1
736134,65535,255,-32768,-32768,0,65535,1
736135,65535,255,586,9751,0,0,0
736136,65535,255,3266,9766,0,0,0
736137,522,0,5137,9468,1,0,1
736138,65535,255,6359,9149,0,0,0
736139,65535,255,-32768,-32768,0,65535,1
736140,327,0,412,-8002,1,0,1
736141,65535,255,2451,9858,0,0,0
736142,460,0,4597,9612,1,0,1
736143,65535,255,6003,9273,0,0,0
736144,65535,255,6951,8940,0,0,0
736145,440,0,1385,-7682,1,0,1
736146,65535,255,1545,10042,0,0,0
736147,503,0,3976,9684,1,0,1
736148,65535,255,5600,9353,0,0,0
736149,65535,255,6670,9070,0,0,0
736150,329,0,2284,-7613,1,0,1
736151,277,0,580,9808,1,0,1
736152,405,0,3261,9785,1,0,1
736153,421,0,5131,9485,1,0,1
736154,65535,255,6356,9168,0,0,0
736155,65535,255,3092,-7426,0,0,0
736156,472,0,419,-7287,1,0,0
736157,348,0,2446,9962,1,0,1
736158,65535,255,4594,9570,0,0,0
736159,594,2,6000,9284,1,0,1
736160,65535,255,3804,-7305,0,0,0
736161,65535,255,1384,-7625,0,0,0
736162,453,0,1540,10000,1,0,1
736163,65535,255,3973,9684,0,0,0
736164,65535,255,5595,9358,0,0,0
736165,65535,255,4420,-7227,0,0,0
736166,65535,255,2286,-7546,0,0,0
736167,410,0,573,10093,1,0,1
736168,586,0,3257,9852,1,0,1
736169,315,0,5131,9448,1,0,0
736170,676,0,4952,-7161,1,0,1
736171,65535,255,3097,-7524,0,0,0
736172,65535,255,419,-8157,0,0,0
736173,456,0,2446,9923,1,0,1
736174,493,0,4594,9557,1,0,1
736175,630,0,5409,-7036,1,0,1
736176,402,0,3800,-7305,1,0,1
736177,483,0,1384,-7649,1,0,1
736178,426,0,1545,10040,1,0,1
736179,493,0,3977,9706,1,0,1
736180,506,0,5598,9375,1,0,1
736181,587,0,4417,-7259,1,0,1
736182,350,0,2278,-7543,1,0,1
736183,65535,255,580,9771,0,0,0
736184,353,0,3266,9784,1,0,1
736185,65535,255,5134,9494,0,0,0
736186,567,0,4946,-7135,1,0,1
736187,65535,255,3088,-7486,0,0,0
736188,65535,255,412,-8003,0,0,0
736189,328,0,2456,9896,1,0,1
736190,608,0,4601,9556,1,0,1
736191,65535,255,5404,-7037,0,0,0
736192,65535,255,3796,-7321,0,0,0
736193,306,0,1372,-7723,1,0,1
736194,364,0,1556,10144,1,0,1
736195,65535,255,3984,9631,0,0,0
736196,466,2,5603,9406,1,0,1
736197,65535,255,4410,-7209,0,0,0
736198,65535,255,2270,-7546,0,0,0
736199,65535,255,591,10260,0,0,0
736200,65535,255,3275,9746,0,0,0
736201,407,2,5142,9482,1,0,1
736202,332,0,4939,-7130,1,0,1
736203,589,0,3079,-7487,1,0,1
736204,410,0,395,-8094,1,0,1
736205,448,0,2466,9934,1,0,1
736206,326,0,4611,9579,1,0,1
736207,65535,255,5401,-7057,0,0,0
736208,342,0,3787,-7362,1,0,1
736209,450,0,1355,-7527,1,0,1
736210,65535,255,1573,9975,0,0,0
736211,65535,255,3998,9703,0,0,0
736212,575,0,5612,9382,1,0,1
736213,561,0,4403,-7287,1,0,1
736214,527,0,2257,-7645,1,0,1
736215,302,0,614,10198,1,0,1
736216,439,0,3293,9744,1,0,1
736217,65535,255,5153,9491,0,0,0
736218,65535,255,4930,-7143,0,0,0
736219,381,0,3061,-7522,1,0,1
736220,65535,255,374,-7142,0,0,0
736221,414,0,2491,9816,1,0,1
736222,495,0,4624,9620,1,0,1
736223,644,0,5390,-7026,1,0,1
736224,542,0,3771,-7325,1,0,1
736225,416,0,1333,-7803,1,0,1
736226,408,0,1600,9932,1,0,1
736227,65535,255,4017,9693,0,0,0
736228,583,0,5625,9384,1,0,1
736229,65535,255,4386,-7297,0,0,0
736230,385,0,2231,-7669,1,0,1
736231,301,0,631,10086,1,0,1
736232,400,0,3306,9815,1,0,1
736233,0,0,0,0,0,0,0
736234,607,0,4930,-7184,1,0,1
736235,500,0,3061,-7533,1,0,1
736236,236,0,366,-7946,1,0,1
736237,0,0,0,0,0,0,0
736238,379,0,4624,9595,1,0,1
736239,65535,255,5394,-7041,0,0,0
736240,65535,255,3780,-7412,0,0,0
736241,65535,255,1344,-7529,0,0,0
736242,259,0,1584,9869,1,0,0
736243,465,0,4005,9661,1,0,1
736244,415,0,5617,9379,1,0,1
736245,472,0,4399,-7245,1,0,1
736246,65535,255,2252,-7461,0,0,0
736247,321,0,614,10034,1,0,1
736248,65535,255,3288,9819,0,0,0
736249,702,0,5150,9501,1,0,1
736250,65535,255,4936,-7122,0,0,0
736251,451,0,3069,-7430,1,0,1
736252,455,0,384,-7245,1,0,1
736253,357,0,2476,9945,1,0,1
736254,515,0,4618,9559,1,0,1
736255,415,0,5398,-7026,1,0,1
736256,486,0,3787,-7403,1,0,1
736257,65535,255,1356,-7530,0,0,0
736258,65535,255,1573,9912,0,0,0
736259,65535,255,3999,9643,0,0,0
736260,568,0,5609,9400,1,0,1
736261,65535,255,4407,-7281,0,0,0
736262,65535,255,2262,-7574,0,0,0
736263,450,0,604,9706,1,0,1
736264,391,0,3284,9781,1,0,1
736265,65535,255,5148,9486,0,0,0
736266,65535,255,4940,-7115,0,0,0
736267,514,0,3074,-7438,1,0,1
736268,384,0,389,-7509,1,0,1
736269,0,0,0,0,0,0,0
736270,424,0,4611,9597,1,0,0
736271,648,0,5400,-7067,1,0,1
736272,470,0,3788,-7363,1,0,1
736273,409,0,1361,-7824,1,0,1
736274,65535,255,1574,9828,0,0,0
736275,479,0,3991,9696,1,0,1
736276,740,0,5606,9370,1,0,1
736277,476,0,4410,-7261,1,0,1
736278,65535,255,2268,-7459,0,0,0
736279,65535,255,597,9868,0,0,0
736280,65535,255,3275,9755,0,0,0
736281,65535,255,5140,9451,0,0,0
736282,371,0,4943,-7135,1,0,1
736283,382,0,3083,-7417,1,0,0
736284,65535,255,408,-8248,0,0,0
736285,470,0,2456,9858,1,0,1
736286,318,0,4601,9593,1,0,1
736287,65535,255,5406,-7037,0,0,0
736288,65535,255,3800,-7400,0,0,0
736289,400,0,1384,-7818,1,0,1
736290,65535,255,1545,10104,0,0,0
736291,65535,255,3977,9691,0,0,0
736292,496,0,5598,9348,1,0,1
736293,542,0,4421,-7284,1,0,1
736294,65535,255,2283,-7542,0,0,0
736295,385,0,574,10265,1,0,1
736296,0,0,0,0,0,0,0
736297,65535,255,5129,9506,0,0,0
736298,65535,255,4952,-7122,0,0,0
736299,478,0,3097,-7415,1,0,1
736300,0,0,0,0,0,0,0
736301,65535,255,2441,9898,0,0,0
736302,640,0,4588,9626,1,0,1
736303,610,0,5412,-7015,1,0,1
736304,458,0,3808,-7343,1,0,1
736305,65535,255,1389,-7697,0,0,0
736306,65535,255,1534,10022,0,0,0
736307,65535,255,3969,9678,0,0,0
736308,65535,255,5591,9387,0,0,0
736309,329,2,4424,-7289,1,0,1
736310,65535,255,2294,-7568,0,0,0
736311,65535,255,564,10356,0,0,0
736312,0,0,0,0,0,0,0
736313,65535,255,5126,9460,0,0,0
736314,479,0,4955,-7165,1,0,1
736315,65535,255,3101,-7513,0,0,0
736316,65535,255,430,-7992,0,0,0
736317,65535,255,2437,9859,0,0,0
736318,529,0,4588,9614,1,0,1
736319,65535,255,5415,-7000,0,0,0
736320,65535,255,3812,-7358,0,0,0
736321,65535,255,1395,-7792,0,0,0
736322,65535,255,1529,10151,0,0,0
736323,65535,255,3965,9730,0,0,0
736324,0,0,0,0,0,0,0
736325,65535,255,4427,-7256,0,0,0
736326,481,0,2294,-7526,1,0,1
736327,65535,255,562,10447,0,0,0
736328,65535,255,3253,9749,0,0,0
736329,65535,255,5128,9470,0,0,0
736330,65535,255,4954,-7105,0,0,0
736331,317,0,3097,-7415,1,0,1
736332,480,0,425,-7369,1,0,1
736333,422,0,2441,9989,1,0,1
736334,413,0,4594,9589,1,0,0
736335,704,0,5414,-7058,1,0,1
736336,430,0,3807,-7350,1,0,1
736337,480,0,1389,-7791,1,0,1
736338,65535,255,1546,9831,0,0,0
736339,0,0,0,0,0,0,0
736340,65535,255,5597,9400,0,0,0
736341,608,0,4423,-7295,1,0,1
736342,65535,255,2284,-7626,0,0,0
736343,401,2,579,9978,1,0,0
736344,65535,255,3261,9842,0,0,0
736345,0,0,0,0,0,0,0
736346,492,0,4951,-7171,3,0,0
736347,65535,255,3092,-7396,0,0,0
736348,908,0,413,-7279,1,0,1
736349,661,0,2453,9882,1,0,1
736350,65535,255,4604,9600,0,0,0
736351,414,0,5405,-7018,1,0,1
736352,0,0,0,0,0,0,0
736353,65535,255,1372,-7552,0,0,0
736354,65535,255,1556,9978,0,0,0
736355,65535,255,3987,9691,0,0,0
736356,65535,255,5606,9371,0,0,0
736357,475,0,4413,-7259,1,0,1
736358,65535,255,2267,-7571,0,0,0
736359,65535,255,597,9813,0,0,0
736360,65535,255,3279,9822,0,0,0
736361,65535,255,5148,9447,0,0,0
736362,526,0,4942,-7173,1,0,1
736363,65535,255,3074,-7417,0,0,0
736364,65535,255,389,-7508,0,0,0
736365,65535,255,2476,9857,0,0,0
736366,1283,0,4617,9543,1,0,1
736367,899,0,5397,-7033,1,0,0
736368,65535,255,3783,-7323,0,0,0
736369,709,0,1350,-7774,1,0,0
736370,65535,255,1584,9893,0,0,0
736371,732,0,4006,9674,1,0,0
736372,1180,0,5617,9364,1,0,0
736373,65535,255,4396,-7262,0,0,0
736374,1066,0,2246,-7589,1,0,1
736375,65535,255,626,9985,0,0,0
736376,0,0,0,0,0,0,0
736377,408,0,5161,9475,1,0,1
736378,647,0,4927,-7127,1,0,1
736379,374,0,3051,-7501,1,0,1
736380,65535,255,361,-8181,0,0,0
736381,387,0,2505,9791,1,0,1
736382,65535,255,4635,9620,0,0,0
736383,65535,255,5384,-7027,0,0,0
736384,65535,255,3759,-7325,0,0,0
736385,205,2,1321,-7728,1,0,0
736386,65535,255,1611,10094,0,0,0
736387,545,0,4025,9715,1,0,1
736388,65535,255,5630,9374,0,0,0
736389,557,0,4379,-7246,1,0,1
736390,480,0,2220,-7490,1,0,1
736391,65535,255,649,10241,0,0,0
736392,472,0,3320,9723,1,0,1
736393,508,2,5171,9458,1,0,1
736394,65535,255,4913,-7173,0,0,0
736395,65535,255,3037,-7534,0,0,0
736396,467,0,344,-8433,1,0,1
736397,65535,255,2515,9929,0,0,0
736398,374,2,4645,9563,1,0,0
736399,65535,255,5373,-7038,0,0,0
736400,0,0,0,0,0,0,0
736401,526,0,1304,-7653,1,0,1
736402,65535,255,1628,10051,0,0,0
736403,65535,255,4033,9706,0,0,0
736404,65535,255,5636,9377,0,0,0
736405,65535,255,4366,-7254,0,0,0
736406,359,0,2204,-7535,1,0,1
736407,342,0,672,9910,1,0,1
736408,507,0,3333,9777,1,0,0
736409,702,0,5179,9492,1,0,1
736410,65535,255,4901,-7131,0,0,0
736411,493,0,3018,-7474,1,0,1
736412,65535,255,313,-7974,0,0,0
736413,65535,255,2535,9888,0,0,0
736414,161,2,4655,9597,1,0,1
736415,65535,255,5363,-7021,0,0,0
736416,551,0,3740,-7415,1,0,1
736417,0,0,0,0,0,0,0
736418,398,0,1634,9871,1,0,1
736419,513,0,4037,9669,1,0,1
736420,65535,255,5634,9373,0,0,0
736421,65535,255,4367,-7273,0,0,0
736422,65535,255,2210,-7635,0,0,0
736423,65535,255,661,10238,0,0,0
736424,350,0,3325,9778,1,0,1
736425,387,2,5171,9509,1,0,0
736426,727,0,4910,-7167,1,0,1
736427,0,0,0,0,0,0,0
736428,65535,255,342,-7859,0,0,0
736429,417,0,2510,9930,1,0,1
736430,583,0,4635,9595,1,0,1
736431,65535,255,5377,-7013,0,0,0
736432,65535,255,3756,-7309,0,0,0
736433,501,0,1322,-7803,1,0,1
736434,417,2,1606,9953,1,0,1
736435,400,0,4018,9716,1,0,1
736436,757,0,5621,9404,1,0,1
736437,395,0,4383,-7225,1,0,1
736438,343,0,2231,-7545,1,0,1
736439,65535,255,632,9986,0,0,0
736440,441,0,3302,9800,1,0,1
736441,615,0,5160,9455,1,0,1
736442,65535,255,4922,-7115,0,0,0
736443,65535,255,3051,-7510,0,0,0
736444,538,0,367,-7220,1,0,1
736445,65535,255,2491,9856,0,0,0
736446,65535,255,4625,9573,0,0,0
736447,660,0,5390,-7072,1,0,1
736448,434,0,3772,-7369,1,0,1
736449,65535,255,1344,-7773,0,0,0
736450,65535,255,1584,9976,0,0,0
736451,500,0,4003,9726,1,0,1
736452,65535,255,5615,9347,0,0,0
736453,65535,255,4396,-7255,0,0,0
736454,65535,255,2252,-7629,0,0,0
736455,65535,255,614,10361,0,0,0
736456,65535,255,3288,9812,0,0,0
736457,65535,255,5151,9468,0,0,0
736458,65535,255,4931,-7135,0,0,0
736459,532,0,3065,-7397,1,0,1
736460,380,0,383,-7760,1,0,1
736461,520,0,2475,9961,1,0,1
736462,578,0,4615,9624,1,0,1
736463,378,0,5395,-7046,1,0,1
736464,65535,255,3783,-7384,0,0,0
736465,65535,255,1355,-7723,0,0,0
736466,529,0,1573,9936,1,0,1
736467,65535,255,3995,9728,0,0,0
736468,65535,255,5612,9352,0,0,0
736469,65535,255,4403,-7272,0,0,0
736470,213,0,2257,-7457,1,0,1
736471,349,0,609,9765,1,0,0
736472,65535,255,3284,9728,0,0,0
736473,461,0,5148,9505,1,0,1
736474,65535,255,6367,9161,0,0,0
736475,65535,255,3074,-7506,0,0,0
736476,65535,255,389,-7503,0,0,0
736477,454,0,2471,9922,1,0,1
736478,65535,255,4611,9613,0,0,0
736479,529,0,6011,9293,1,0,1
736480,65535,255,6958,8961,0,0,0
736481,65535,255,1361,-7770,0,0,0
736482,472,0,1567,10019,1,0,1
736483,547,0,3995,9647,1,0,1
736484,65535,255,5609,9381,0,0,0
736485,65535,255,6678,9074,0,0,0
736486,65535,255,2262,-7570,0,0,0
736487,267,2,602,10259,1,0,1
736488,65535,255,3279,9823,0,0,0
736489,450,0,5147,9479,1,0,1
736490,674,0,6367,9147,1,0,1
736491,65535,255,-32768,-32768,0,65535,1
736492,373,0,396,-7256,1,0,1
736493,65535,255,2471,9910,0,0,0
736494,616,0,4611,9613,1,0,1
736495,65535,255,6013,9292,0,0,0
736496,65535,255,6958,8967,0,0,1
736497,65535,255,1361,-7820,0,0,0
736498,65535,255,1567,10082,0,0,0
736499,245,0,3996,9680,1,0,1
736500,376,0,5609,9403,1,0,1
736501,65535,255,6679,9044,0,0,1
736502,409,0,2262,-7527,1,0,1
736503,65535,255,603,9819,0,0,0
736504,496,0,3284,9757,1,0,1
736505,625,0,5147,9454,1,0,1
736506,584,0,6365,9187,1,0,1
736507,65535,255,-32768,-32768,0,65535,1
736508,448,0,395,-8135,1,0,1
736509,65535,255,2471,9884,0,0,0
736510,65535,255,4611,9607,0,0,0
736511,555,0,6013,9292,1,0,1
736512,65535,255,6958,8967,0,0,1
736513,65535,255,1356,-7476,0,0,0
736514,450,0,1573,10123,1,0,1
736515,438,0,3997,9701,1,0,1
736516,65535,255,5613,9348,0,0,0
736517,65535,255,6680,9057,0,0,1
736518,490,0,2257,-7527,1,0,1
736519,65535,255,608,10148,0,0,0
736520,65535,255,3284,9822,0,0,0
736521,65535,255,5148,9489,0,0,0
736522,446,0,6368,9157,1,0,1
736523,447,0,3070,-7526,1,0,1
736524,65535,255,383,-7845,0,0,1
736525,309,0,2481,9807,1,0,1
736526,291,0,4618,9575,1,0,1
736527,500,0,6016,9275,1,0,1
736528,65535,255,3779,-7384,0,0,0
736529,393,0,1351,-7801,1,0,1
736530,65535,255,1578,10081,0,0,0
736531,428,0,4003,9690,1,0,1
736532,476,0,5616,9347,1,0,1
736533,565,0,4397,-7292,1,0,1
736534,346,0,2246,-7558,1,0,1
736535,501,0,614,10306,1,0,1
736536,354,0,3293,9849,1,0,1
736537,625,0,5151,9514,1,0,1
736538,539,0,4928,-7130,1,0,1
736539,374,0,3056,-7427,1,0,1
736540,65535,255,374,-7049,0,0,0
736541,362,0,2485,9921,1,0,1
736542,65535,255,4623,9587,0,0,0
736543,65535,255,5387,-7032,0,0,0
736544,65535,255,3768,-7346,0,0,0
736545,366,0,1333,-7676,1,0,1
736546,397,0,1595,9997,1,0,1
736547,536,0,4011,9667,1,0,1
736548,525,0,5618,9405,1,0,1
736549,543,0,4387,-7274,1,0,1
736550,480,0,2236,-7530,1,0,1
736551,433,0,632,10247,1,0,1
736552,502,2,3302,9848,1,0,0
736553,65535,255,5160,9512,0,0,0
736554,65535,255,4919,-7132,0,0,0
736555,65535,255,3047,-7448,0,0,0
736556,65535,255,354,-7665,0,0,0
736557,65535,255,2501,9804,0,0,0
736558,508,0,4632,9585,1,0,0
736559,65535,255,5379,-7040,0,0,0
736560,65535,255,3757,-7343,0,0,0
736561,471,0,1316,-7575,1,0,1
736562,415,0,1612,9933,1,0,1
736563,65535,255,4022,9644,0,0,0
736564,65535,255,5626,9394,0,0,0
736565,566,0,4376,-7270,1,0,1
736566,387,0,2220,-7517,1,0,1
736567,65535,255,649,10294,0,0,0
736568,65535,255,3320,9724,0,0,0
736569,643,0,5171,9448,1,0,1
736570,553,0,4910,-7150,1,0,1
736571,482,0,3032,-7491,1,0,1
736572,414,0,331,-7762,1,0,1
736573,502,0,2521,9829,1,0,1
736574,65535,255,4645,9600,0,0,0
736575,616,0,5371,-7056,1,0,1
736576,65535,255,3743,-7334,0,0,0
736577,326,0,1293,-7704,1,0,1
736578,65535,255,1633,10052,0,0,0
736579,65535,255,4041,9692,0,0,1
736580,65535,255,5639,9360,0,0,0
736581,65535,255,4360,-7222,0,0,0
736582,65535,255,2199,-7665,0,0,0
736583,65535,255,678,10037,0,0,0
736584,65535,255,3338,9834,0,0,0
736585,568,0,5185,9470,1,0,1
736586,605,0,4898,-7147,1,0,1
736587,460,0,3013,-7517,1,0,1
736588,398,0,315,-8393,1,0,1
736589,417,0,2535,9916,1,0,1
736590,65535,255,4654,9552,0,0,0
736591,65535,255,5368,-7019,0,0,0
736592,65535,255,3743,-7398,0,0,0
736593,65535,255,1299,-7525,0,0,0
736594,65535,255,1628,9933,0,0,0
736595,65535,255,4033,9657,0,0,0
736596,512,0,5635,9343,1,0,1
736597,65535,255,4376,-7296,0,0,0
736598,495,0,2220,-7618,1,0,1
736599,484,0,649,9937,1,0,1
736600,65535,255,3315,9819,0,0,0
736601,65535,255,5168,9512,0,0,0
736602,65535,255,4918,-7137,0,0,1
736603,65535,255,3056,-7521,0,0,0
736604,65535,255,367,-7223,0,0,0
736605,65535,255,2490,9842,0,0,0
736606,65535,255,4624,9560,0,0,0
736607,65535,255,5395,-7053,0,0,0
736608,346,0,3779,-7379,1,0,1
736609,547,0,1349,-7651,1,0,1
736610,482,0,1579,9864,1,0,1
736611,398,0,4002,9674,1,0,1
736612,65535,255,5612,9378,0,0,0
736613,554,0,4406,-7293,1,0,1
736614,366,0,2262,-7472,1,0,1
736615,65535,255,604,9708,0,0,0
736616,486,0,3279,9850,1,0,1
736617,617,0,5145,9478,1,0,1
736618,578,0,4945,-7145,1,0,1
736619,359,0,3079,-7407,1,0,1
736620,65535,255,400,-7759,0,0,0
736621,65535,255,2461,9948,0,0,0
736622,469,0,4604,9607,1,0,1
736623,545,0,5408,-7030,1,0,1
736624,65535,255,3799,-7351,0,0,0
736625,65535,255,1378,-7575,0,0,0
736626,65535,255,1551,10126,0,0,0
736627,65535,255,3980,9670,0,0,0
736628,408,0,5600,9386,1,0,1
736629,479,0,4420,-7207,1,0,1
736630,426,0,2288,-7526,1,0,1
736631,65535,255,574,9979,0,0,0
736632,65535,255,3262,9758,0,0,0
736633,65535,255,5131,9517,0,0,0
736634,65535,255,4954,-7104,0,0,0
736635,395,0,3101,-7502,1,0,1
736636,65535,255,424,-7448,0,0,0
736637,330,2,2441,9900,1,0,0
736638,496,0,4590,9597,1,0,1
736639,564,0,5416,-7023,1,0,1
736640,65535,255,3816,-7356,0,0,0
736641,500,0,1400,-7622,1,0,1
736642,440,0,1530,9852,1,0,1
736643,355,2,3965,9702,1,0,0
736644,65535,255,5587,9407,0,0,0
736645,555,0,4433,-7254,1,0,1
736646,417,0,2304,-7651,1,0,1
736647,65535,255,555,10039,0,0,0
736648,412,0,3244,9856,1,0,1
736649,65535,255,5120,9494,0,0,0
736650,65535,255,4963,-7173,0,0,0
736651,268,0,3114,-7480,1,0,1
736652,356,0,441,-7384,1,0,1
736653,483,0,2422,9902,1,0,1
736654,166,0,4577,9605,1,0,1
736655,477,0,5423,-7035,1,0,1
736656,369,0,3824,-7378,1,0,1
736657,357,0,1412,-7739,1,0,1
736658,65535,255,1513,9982,0,0,0
736659,65535,255,3953,9663,0,0,0
736660,65535,255,5583,9372,0,0,0
736661,424,0,4437,-7209,1,0,0
736662,422,0,2315,-7564,1,0,1
736663,0,0,0,0,0,0,0
736664,198,2,3235,9819,1,0,1
736665,65535,255,5115,9485,0,0,0
736666,374,0,4967,-7166,1,0,1
736667,380,0,3119,-7479,1,0,1
736668,413,0,453,-7390,1,0,1
736669,65535,255,2412,9916,0,0,0
736670,480,0,4571,9619,1,0,1
736671,65535,255,5425,-7053,0,0,0
736672,65535,255,3828,-7299,0,0,0
736673,433,0,1418,-7502,1,0,1
736674,374,0,1507,10113,1,0,1
736675,525,0,3947,9690,1,0,1
736676,0,0,0,0,0,0,0
736677,390,0,4441,-7271,1,0,1
736678,65535,255,2315,-7494,0,0,0
736679,65535,255,539,9975,0,0,1
736680,554,0,3231,9781,1,0,1
736681,0,0,0,0,0,0,0
736682,65535,255,4970,-7159,0,0,0
736683,65535,255,3124,-7469,0,0,0
736684,376,0,453,-7390,1,0,0
736685,65535,255,2412,9877,0,0,0
736686,65535,255,4571,9607,0,0,0
736687,425,0,5425,-7048,1,0,1
736688,65535,255,3828,-7298,0,0,0
736689,337,0,1418,-7502,1,0,1
736690,473,0,1507,10157,1,0,1
736691,77,2,3950,9705,1,0,0
736692,629,0,5580,9355,1,0,1
736693,65535,255,4437,-7195,0,0,0
736694,371,0,2315,-7564,1,0,1
736695,506,0,539,10342,1,0,1
736696,65535,255,3230,9849,0,0,0
736697,392,0,5114,9506,1,0,1
736698,65535,255,4966,-7121,0,0,0
736699,134,0,3119,-7410,1,0,1
736700,449,0,453,-8195,1,0,1
736701,65535,255,2416,9877,0,0,0
736702,65535,255,4574,9613,0,0,0
736703,65535,255,5425,-7057,0,0,0
736704,1273,1,3824,-7315,3,0,0
736705,1207,1,1412,-7596,3,0,0
736706,65535,255,1518,9918,0,0,0
736707,65535,255,3954,9749,0,0,0
736708,65535,255,5585,9382,0,0,0
736709,505,0,4437,-7240,1,0,1
736710,65535,255,2308,-7599,0,0,0
736711,384,0,550,9914,1,0,1
736712,65535,255,3239,9791,0,0,0
736713,65535,255,5120,9480,0,0,0
736714,65535,255,4965,-7153,0,0,0
736715,462,0,3115,-7519,1,0,1
736716,65535,255,441,-7908,0,0,0
736717,65535,255,2431,9837,0,0,0
736718,65535,255,4584,9599,0,0,0
736719,0,0,0,0,0,0,0
736720,65535,255,3819,-7308,0,0,0
736721,65535,255,1400,-7597,0,0,0
736722,65535,255,1529,9918,0,0,0
736723,495,0,3965,9638,1,0,1
736724,506,0,5592,9390,1,0,1
736725,421,0,4430,-7260,1,0,1
736726,314,0,2294,-7496,1,0,1
736727,65535,255,562,10154,0,0,0
736728,65535,255,6983,-6481,0,0,1
736729,611,0,5128,9510,1,0,1
736730,520,0,4957,-7130,1,0,1
736731,65535,255,3101,-7451,0,0,0
736732,65535,255,424,-7446,0,0,0
736733,65535,255,2441,9979,0,0,0
736734,65535,255,4594,9567,0,0,0
736735,65535,255,5413,-7032,0,0,0
736736,1368,1,3807,-7403,3,0,0
736737,65535,255,1384,-7526,0,0,0
736738,0,0,0,0,0,0,0
736739,65535,255,3979,9654,0,0,0
736740,703,0,5599,9393,3,0,0
736741,831,0,4420,-7262,3,0,0
736742,689,0,2278,-7511,1,0,0
736743,598,0,585,10263,1,0,0
736744,778,0,3268,9795,1,0,1
736745,447,0,5141,9469,1,0,1
736746,65535,255,4948,-7153,0,0,0
736747,578,0,3087,-7493,1,0,1
736748,65535,255,400,-7841,0,0,0
736749,260,0,2466,9834,1,0,1
736750,365,0,4607,9608,1,0,1
736751,65535,255,5403,-7063,0,0,0
736752,65535,255,3791,-7343,0,0,0
736753,384,0,1361,-7721,1,0,1
736754,370,0,1567,10083,1,0,1
736755,0,0,0,0,0,0,0
736756,65535,255,5612,9367,0,0,0
736757,506,0,4403,-7233,1,0,1
736758,65535,255,2257,-7470,0,0,0
736759,459,0,608,10146,1,0,1
736760,402,0,3288,9841,1,0,1
736761,65535,255,5152,9485,0,0,0
736762,65535,255,4933,-7150,0,0,0
736763,518,0,3065,-7496,1,0,1
736764,0,0,0,0,0,0,0
736765,744,0,2491,9871,1,0,1
736766,539,0,4625,9624,1,0,1
736767,348,0,5387,-7004,1,0,1
736768,0,0,0,0,0,0,0
736769,765,0,1333,-7770,1,0,1
736770,760,0,1601,9873,1,0,1
736771,65535,255,4018,9637,0,0,0
736772,602,0,5623,9396,1,0,1
736773,65535,255,4386,-7287,0,0,0
736774,530,0,2230,-7587,1,0,1
736775,65535,255,644,9781,0,0,0
736776,283,0,3315,9791,1,0,1
736777,368,0,5168,9496,1,0,1
736778,65535,255,4912,-7132,0,0,0
736779,65535,255,3037,-7469,0,0,0
736780,192,0,336,-7759,1,0,1
736781,65535,255,2515,9855,0,0,0
736782,65535,255,4642,9619,0,0,0
736783,65535,255,5373,-7050,0,0,0
736784,492,0,3747,-7372,1,0,1
736785,0,0,0,0,0,0,0
736786,65535,255,1617,10096,0,0,0
736787,65535,255,4029,9643,0,0,0
736788,527,0,5631,9358,1,0,1
736789,65535,255,4373,-7257,0,0,0
736790,65535,255,2215,-7604,0,0,0
736791,0,0,0,0,0,0,0
736792,225,0,3320,9762,1,0,1
736793,65535,255,5169,9506,0,0,0
736794,595,0,4913,-7170,1,0,1
736795,65535,255,3032,-7439,0,0,0
736796,407,0,342,-7954,1,0,1
736797,309,0,2511,9957,1,0,1
736798,466,0,4635,9609,1,0,1
736799,591,0,5377,-7020,1,0,1
736800,326,0,3752,-7332,1,0,1
736801,387,0,1316,-7537,1,0,1
736802,65535,255,1611,10015,0,0,0
736803,65535,255,4018,9722,0,0,0
736804,566,0,5626,9350,1,0,1
736805,65535,255,4377,-7250,0,0,0
736806,0,0,0,0,0,0,0
736807,65535,255,643,10246,0,0,0
736808,65535,255,3311,9782,0,0,0
736809,558,0,5166,9445,1,0,1
736810,0,0,0,0,0,0,0
736811,65535,255,3042,-7489,0,0,0
736812,65535,255,350,-7097,0,0,0
736813,65535,255,2506,9844,0,0,0
736814,0,0,0,0,0,0,0
736815,65535,255,5379,-7067,0,0,1
736816,65535,255,3760,-7417,0,0,0
736817,65535,255,1321,-7776,0,0,0
736818,65535,255,1606,9955,0,0,0
736819,65535,255,4018,9725,0,0,0
736820,0,0,0,0,0,0,0
736821,65535,255,4380,-7256,0,0,0
736822,65535,255,2225,-7645,0,0,0
736823,299,0,644,10400,1,0,0
736824,65535,255,3311,9820,0,0,0
736825,65535,255,5165,9472,0,0,0
736826,65535,255,4916,-7142,0,0,0
736827,253,0,3037,-7407,1,0,0
736828,65535,255,348,-7854,0,0,0
736829,65535,255,2505,9958,0,0,0
736830,65535,255,4635,9622,0,0,0
736831,486,0,6027,9290,1,0,1
736832,65535,255,3759,-7386,0,0,0
736833,241,0,1316,-7702,1,0,0
736834,65535,255,1611,9935,0,0,0
736835,292,0,4022,9725,1,0,1
736836,500,0,5628,9350,1,0,1
736837,65535,255,4379,-7268,0,0,0
736838,65535,255,2226,-7675,0,0,0
736839,0,0,0,0,0,0,0
736840,0,0,0,0,0,0,0
736841,65535,255,5168,9497,0,0,0
736842,65535,255,6381,9154,0,0,0
736843,65535,255,3037,-7469,0,0,0
736844,65535,255,345,-7083,0,0,0
736845,65535,255,2515,9881,0,0,0
736846,65535,255,4639,9591,0,0,0
736847,65535,255,6031,9273,0,0,0
736848,65535,255,6971,8949,0,0,1
736849,361,0,1310,-7651,1,0,1
736850,65535,255,1617,9894,0,0,1
736851,65535,255,4029,9717,0,0,0
736852,65535,255,5633,9350,0,0,0
736853,65535,255,6695,9052,0,0,0
736854,430,0,2215,-7472,1,0,1
736855,65535,255,661,9839,0,0,0
736856,413,0,3324,9744,1,0,1
736857,404,0,5176,9467,1,0,1
736858,336,0,6386,9171,1,0,1
736859,65535,255,-32768,-32768,0,65535,1
736860,65535,255,330,-7756,0,0,0
736861,472,0,2520,9969,1,0,1
736862,65535,255,4648,9542,0,0,0
736863,65535,255,6037,9247,0,0,0
736864,65535,255,6973,8969,0,0,0
736865,65535,255,1299,-7498,0,0,0
736866,65535,255,1628,10115,0,0,0
736867,312,0,4040,9686,1,0,1
736868,515,0,5638,9403,1,0,1
736869,65535,255,6699,9042,0,0,0
736870,65535,255,2204,-7663,0,0,0
736871,398,0,673,9794,1,0,1
736872,399,0,3338,9733,1,0,1
736873,399,0,5183,9488,1,0,1
736874,484,2,6390,9170,1,0,1
736875,65535,255,3018,-7499,0,0,0
736876,65535,255,319,-7864,0,0,0
736877,310,0,2540,9803,1,0,1
736878,362,0,4658,9564,1,0,1
736879,65535,255,6042,9262,0,0,0
736880,65535,255,6979,8943,0,0,1
736881,374,0,1282,-7627,1,0,1
736882,143,0,1649,9898,1,0,1
736883,65535,255,4049,9725,0,0,0
736884,372,0,5646,9360,1,0,1
736885,65535,255,6703,9066,0,0,1
736886,460,0,2188,-7547,1,0,1
736887,65535,255,689,10184,0,0,0
736888,422,0,3347,9815,1,0,1
736889,65535,255,5191,9482,0,0,0
736890,65535,255,6397,9153,0,0,0
736891,65535,255,3004,-7494,0,0,0
736892,406,0,296,-7420,1,0,1
736893,439,0,2550,9952,1,0,1
736894,246,0,4668,9544,1,0,1
736895,450,0,6048,9252,1,0,1
736896,349,0,3723,-7399,1,0,0
736897,309,0,1265,-7548,1,0,1
736898,264,0,1655,9952,1,0,1
736899,65535,255,4056,9676,0,0,0
736900,65535,255,5649,9355,0,0,0
736901,65535,255,4353,-7215,0,0,0
736902,292,0,2189,-7666,1,0,1
736903,65535,255,684,10135,0,0,0
736904,65535,255,3345,9778,0,0,0
736905,65535,255,5186,9452,0,0,0
736906,457,0,4897,-7168,1,0,1
736907,292,0,3014,-7545,1,0,1
736908,317,0,318,-7391,1,0,1
736909,405,0,2530,9955,1,0,1
736910,65535,255,4652,9577,0,0,0
736911,65535,255,5368,-7046,0,0,0
736912,65535,255,3739,-7333,0,0,0
736913,266,0,1293,-7755,1,0,1
736914,65535,255,1628,10136,0,0,0
736915,65535,255,4034,9687,0,0,0
736916,407,0,5634,9394,1,0,1
736917,384,0,4370,-7282,1,0,1
736918,417,0,2210,-7603,1,0,1
736919,65535,255,661,9891,0,0,0
736920,65535,255,3320,9819,0,0,0
736921,455,0,5170,9470,1,0,1
736922,65535,255,4909,-7154,0,0,0
736923,239,0,3033,-7520,1,0,0
736924,327,0,344,-8335,1,0,1
736925,65535,255,2511,9945,0,0,0
736926,65535,255,4635,9579,0,0,0
736927,372,0,5377,-7048,1,0,1
736928,366,0,3755,-7338,1,0,1
736929,262,0,1316,-7801,1,0,1
736930,65535,255,1612,9854,0,0,0
736931,367,0,4018,9646,1,0,1
736932,447,0,5624,9361,1,0,1
736933,298,0,4380,-7210,1,0,1
736934,320,0,2227,-7518,1,0,1
736935,387,0,639,9676,1,0,1
736936,0,0,0,0,0,0,0
736937,65535,255,5160,9503,0,0,0
736938,357,0,4922,-7140,1,0,1
736939,418,0,3052,-7508,1,0,1
736940,427,0,367,-8300,1,0,1
736941,65535,255,2491,9948,0,0,0
736942,334,0,4625,9581,1,0,1
736943,381,0,5387,-7060,1,0,1
736944,65535,255,3768,-7360,0,0,0
736945,65535,255,1333,-7497,0,0,0
736946,244,0,1589,9937,1,0,1
736947,382,0,4007,9684,1,0,1
736948,515,0,5616,9372,1,0,1
736949,304,0,4393,-7259,1,0,1
736950,65535,255,2246,-7569,0,0,0
736951,339,0,620,9881,1,0,1
736952,65535,255,3293,9842,0,0,0
736953,65535,255,5154,9454,0,0,0
736954,409,0,4928,-7149,1,0,1
736955,65535,255,3061,-7434,0,0,0
736956,65535,255,377,-7758,0,0,0
736957,65535,255,2481,9886,0,0,0
736958,65535,255,4618,9559,0,0,0
736959,65535,255,5392,-7044,0,0,0
736960,119,0,3779,-7350,1,0,1
736961,65535,255,1344,-7473,0,0,0
736962,412,0,1578,9959,1,0,1
736963,422,0,3999,9700,1,0,1
736964,65535,255,5612,9382,0,0,0
736965,410,0,4400,-7283,1,0,1
736966,65535,255,2257,-7640,0,0,0
736967,0,0,0,0,0,0,0
736968,65535,255,3270,9813,0,0,0
736969,278,0,5139,9468,1,0,1
736970,416,0,4948,-7134,1,0,1
736971,402,0,3087,-7396,1,0,1
736972,277,0,412,-7762,1,0,1
736973,412,0,2451,9963,1,0,1
736974,65535,255,4597,9626,0,0,0
736975,65535,255,5411,-7044,0,0,0
736976,314,0,3807,-7382,1,0,1
736977,0,0,0,0,0,0,0
736978,65535,255,1545,9936,0,0,0
736979,386,0,3972,9722,1,0,1
736980,65535,255,5597,9350,0,0,0
736981,413,0,4427,-7269,1,0,1
736982,65535,255,2289,-7456,0,0,1
736983,65535,255,569,9744,0,0,1
736984,65535,255,3257,9730,0,0,0
736985,431,0,5128,9507,1,0,1
736986,366,0,4957,-7099,1,0,1
736987,366,0,3105,-7502,1,0,1
736988,65535,255,430,-7451,0,0,0
736989,287,0,2436,9926,1,0,1
736990,407,0,4587,9610,1,0,1
736991,65535,255,5419,-7042,0,0,0
736992,65535,255,3820,-7387,0,0,0
736993,65535,255,1400,-7742,0,0,0
736994,65535,255,1524,9981,0,0,0
736995,382,0,3965,9636,1,0,1
736996,460,0,5590,9375,1,0,1
736997,0,0,0,0,0,0,0
736998,65535,255,2304,-7566,0,0,0
736999,369,0,551,10275,1,0,1
737000,65535,255,3244,9817,0,0,0
737001,65535,255,5122,9483,0,0,0
737002,65535,255,4966,-7167,0,0,0
737003,65535,255,3114,-7471,0,0,0
737004,65535,255,441,-7381,0,0,0
737005,65535,255,2427,9914,0,0,0
737006,382,0,4580,9617,1,0,1
737007,65535,255,5424,-7049,0,0,0
737008,399,0,3825,-7352,1,0,1
737009,335,0,1412,-7616,1,0,1
737010,305,0,1518,10110,1,0,1
737011,65535,255,3958,9688,0,0,0
737012,65535,255,5584,9408,0,0,0
737013,65535,255,4440,-7266,0,0,0
737014,65535,255,2310,-7481,0,0,0
737015,65535,255,545,9975,0,0,0
737016,303,0,3239,9780,1,0,1
737017,460,0,5117,9464,1,0,1
737018,65535,255,4966,-7155,0,0,0
737019,340,2,3118,-7470,1,0,0
737020,395,0,447,-7387,1,0,1
737021,65535,255,2422,9929,0,0,0
737022,65535,255,4577,9631,0,0,0
737023,470,0,5422,-7022,1,0,1
737024,409,0,3824,-7323,1,0,1
737025,65535,255,1411,-7597,0,0,0
737026,65535,255,1519,9896,0,0,0
737027,469,0,3954,9741,1,0,1
737028,457,0,5582,9377,1,0,1
737029,470,0,4437,-7228,1,0,1
737030,65535,255,2310,-7635,0,0,0
737031,400,0,546,9731,1,0,1
737032,65535,255,3239,9752,0,0,0
737033,65535,255,5117,9459,0,0,0
737034,0,0,0,0,0,0,0
737035,65535,255,3114,-7470,0,0,0
737036,281,0,441,-7456,1,0,1
737037,402,0,2422,9955,1,0,1
737038,65535,255,4581,9556,0,0,0
737039,65535,255,5420,-7011,0,0,0
737040,65535,255,3820,-7362,0,0,0
737041,65535,255,1411,-7738,0,0,0
737042,65535,255,1518,10068,0,0,0
737043,65535,255,3958,9681,0,0,0
737044,668,0,5585,9405,3,0,0
737045,65535,255,4434,-7291,0,0,0
737046,803,0,2304,-7565,1,0,0
737047,65535,255,551,10395,0,0,0
737048,65535,255,3244,9748,0,0,0
737049,65535,255,5121,9525,0,0,0
737050,489,0,4961,-7140,1,0,1
737051,65535,255,3110,-7460,0,0,0
737052,65535,255,435,-7453,0,0,0
737053,292,0,2432,9967,1,0,1
737054,65535,255,4584,9562,0,0,0
737055,65535,255,5414,-7026,0,0,0
737056,637,0,3816,-7394,1,0,1
737057,486,0,1396,-7478,1,0,1
737058,434,0,1535,9832,1,0,1
737059,470,0,3965,9732,1,0,1
737060,1367,1,5590,9375,1,0,1
737061,823,0,4424,-7242,1,0,1
737062,692,0,2289,-7454,1,0,1
737063,716,0,568,10036,1,0,1
737064,65535,255,3253,9817,0,0,0
737065,65535,255,5129,9498,0,0,0
737066,1036,0,4951,-7119,3,0,0
737067,898,0,3097,-7422,3,0,0
737068,65535,255,419,-7284,0,0,0
737069,65535,255,2447,9952,0,0,0
737070,803,0,4595,9560,1,0,0
737071,669,0,5409,-7023,1,0,0
737072,65535,255,3803,-7395,0,0,0
737073,65535,255,1378,-7501,0,0,0
737074,513,0,1551,9873,1,0,1
737075,488,2,3979,9677,1,0,1
737076,65535,255,5600,9392,0,0,0
737077,65535,255,4413,-7263,0,0,0
737078,65535,255,2273,-7526,0,0,0
737079,593,0,586,10319,1,0,1
737080,65535,255,3271,9730,0,0,0
737081,65535,255,5140,9455,0,0,0
737082,0,0,0,0,0,0,0
737083,76,2,3083,-7504,1,0,0
737084,304,0,400,-8005,1,0,1
737085,494,0,2466,9873,1,0,1
737086,540,0,4608,9620,1,0,1
737087,374,0,5398,-7002,1,0,1
737088,65535,255,3787,-7366,0,0,0
737089,0,0,0,0,0,0,0
737090,65535,255,1573,9895,0,0,0
737091,1045,0,3999,9647,1,0,1
737092,65535,255,5610,9404,0,0,0
737093,65535,255,4403,-7284,0,0,0
737094,424,0,2251,-7585,1,0,1
737095,0,0,0,0,0,0,0
737096,153,2,3293,9775,1,0,1
737097,585,0,5154,9483,1,0,1
737098,444,0,4930,-7113,1,0,1
737099,65535,255,3060,-7426,0,0,0
737100,504,0,372,-7313,1,0,1
737101,0,0,0,0,0,0,0
737102,0,0,0,0,0,0,0
737103,65535,255,5389,-7052,0,0,0
737104,395,0,3767,-7330,1,0,1
737105,65535,255,1332,-7624,0,0,0
737106,65535,255,1600,9996,0,0,0
737107,0,0,0,0,0,0,0
737108,627,0,5626,9360,1,0,1
737109,65535,255,4382,-7230,0,0,0
737110,595,0,2225,-7472,1,0,1
737111,65535,255,643,10192,0,0,0
737112,237,0,3319,9738,1,0,1
737113,65535,255,5170,9455,0,0,0
737114,253,0,4915,-7171,1,0,1
737115,65535,255,3035,-7489,0,0,0
737116,65535,255,341,-7658,0,0,0
737117,65535,255,2515,9944,0,0,0
737118,565,0,4645,9571,1,0,1
737119,65535,255,5375,-7041,0,0,0
737120,65535,255,3747,-7389,0,0,0
737121,0,0,0,0,0,0,0
737122,325,0,1622,10096,1,0,1
737123,65535,255,4033,9636,0,0,0
737124,65535,255,5635,9348,0,0,0
737125,331,0,4372,-7238,1,0,0
737126,65535,255,2214,-7546,0,0,0
737127,65535,255,655,9887,0,0,0
737128,65535,255,3320,9846,0,0,0
737129,573,0,5171,9470,1,0,1
737130,546,0,4915,-7121,1,0,1
737131,489,0,3041,-7490,1,0,1
737132,65535,255,350,-8419,0,0,0
737133,1242,0,2511,9792,1,0,1
737134,65535,255,4635,9622,0,0,0
737135,649,0,5381,-7024,1,0,1
737136,593,0,3759,-7323,1,0,1
737137,525,0,1322,-7827,1,0,1
737138,511,2,1606,9956,1,0,1
737139,489,0,4018,9703,1,0,1
737140,0,0,0,0,0,0,0
737141,65535,255,4383,-7204,0,0,0
737142,442,0,2231,-7486,1,0,1
737143,65535,255,639,9725,0,0,0
737144,65535,255,3307,9829,0,0,0
737145,65535,255,5163,9462,0,0,0
737146,419,0,4921,-7119,1,0,1
737147,0,0,0,0,0,0,0
737148,449,0,362,-7026,1,0,0
737149,65535,255,2496,9819,0,0,0
737150,493,0,4628,9544,1,0,1
737151,65535,255,5386,-7042,0,0,0
737152,0,0,0,0,0,0,0
737153,353,0,1332,-7573,1,0,0
737154,65535,255,1595,10079,0,0,0
737155,479,0,4011,9639,1,0,1
737156,345,0,5621,9356,1,0,1
737157,65535,255,4390,-7260,0,0,0
737158,65535,255,2241,-7615,0,0,0
737159,354,0,626,10249,1,0,1
737160,65535,255,3298,9784,0,0,0
737161,451,0,5155,9475,1,0,1
737162,347,2,4928,-7183,1,0,0
737163,430,2,3056,-7467,1,0,1
737164,376,2,373,-8292,1,0,1
737165,65535,255,2491,9807,0,0,0
737166,0,0,0,0,0,0,0
737167,65535,255,5387,-7046,0,0,0
737168,287,0,3771,-7368,1,0,1
737169,65535,255,1338,-7623,0,0,0
737170,422,0,1590,9928,1,0,1
737171,548,0,4007,9676,1,0,1
737172,601,0,5616,9384,1,0,1
737173,518,0,4390,-7202,1,0,1
737174,65535,255,2241,-7513,0,0,0
737175,65535,255,626,9881,0,0,0
737176,65535,255,3298,9728,0,0,0
737177,531,0,5155,9494,1,0,1
737178,65535,255,4927,-7161,0,0,0
737179,461,0,3056,-7435,1,0,0
737180,538,0,371,-8111,1,0,1
737181,338,0,2487,9930,1,0,1
737182,65535,255,4623,9593,0,0,0
737183,0,0,0,0,0,0,0
737184,0,0,0,0,0,0,0
737185,65535,255,1338,-7673,0,0,0
737186,0,0,0,0,0,0,0
737187,65535,255,4007,9705,0,0,0
737188,544,0,5616,9402,1,0,1
737189,65535,255,4390,-7241,0,0,0
737190,65535,255,2241,-7599,0,0,0
737191,314,0,626,10251,1,0,1
737192,65535,255,3298,9803,0,0,0
737193,56,2,5157,9463,1,0,1
737194,65535,255,4924,-7129,0,0,0
737195,65535,255,3051,-7394,0,0,0
737196,65535,255,365,-7759,0,0,0
737197,0,0,0,0,0,0,0
737198,65535,255,4625,9624,0,0,0
737199,65535,255,6021,9292,0,0,0
737200,65535,255,3767,-7384,0,0,0
737201,393,0,1332,-7723,1,0,1
737202,420,0,1595,9936,1,0,1
737203,65535,255,4010,9727,0,0,0
737204,499,0,5621,9352,1,0,1
737205,65535,255,6686,9053,0,0,1
737206,215,0,2231,-7456,1,0,0
737207,0,0,0,0,0,0,0
737208,65535,255,3307,9728,0,0,0
737209,65535,255,5160,9504,0,0,0
737210,528,0,6376,9160,1,0,1
737211,415,0,3046,-7498,1,0,1
737212,221,0,355,-7382,1,0,0
737213,326,0,2500,9921,1,0,1
737214,489,0,4632,9611,1,0,1
737215,65535,255,6025,9287,0,0,0
737216,65535,255,6967,8959,0,0,0
737217,65535,255,1321,-7725,0,0,0
737218,469,0,1606,9976,1,0,1
737219,285,0,4021,9657,1,0,1
737220,349,0,5628,9369,1,0,1
737221,65535,255,6690,9068,0,0,1
737222,0,0,0,0,0,0,0
737223,233,0,643,10090,1,0,1
737224,65535,255,3315,9792,0,0,0
737225,412,0,5171,9466,1,0,1
737226,65535,255,6381,9191,0,0,0
737227,65535,255,-32768,-32768,0,65535,1
737228,438,0,344,-8337,1,0,1
737229,65535,255,2516,9856,0,0,0
737230,0,0,0,0,0,0,0
737231,65535,255,6031,9273,0,0,0
737232,65535,255,6972,8951,0,0,0
737233,417,0,1310,-7675,1,0,1
737234,65535,255,1622,9955,0,0,0
737235,65535,255,4031,9661,0,0,0
737236,65535,255,5635,9368,0,0,0
737237,65535,255,6697,9069,0,0,1
737238,65535,255,2209,-7560,0,0,0
737239,65535,255,661,10240,0,0,0
737240,447,0,3329,9818,1,0,1
737241,65535,255,5179,9485,0,0,0
737242,621,0,6389,9149,1,0,1
737243,395,0,3023,-7481,1,0,1
737244,65535,255,325,-7353,0,0,0
737245,198,0,2530,9930,1,0,0
737246,462,0,4651,9604,1,0,1
737247,501,0,6040,9243,1,0,1
737248,497,0,3739,-7310,1,0,1
737249,418,0,1288,-7523,1,0,1
737250,333,0,1643,9886,1,0,1
737251,367,0,4044,9700,1,0,1
737252,239,2,5643,9347,1,0,0
737253,437,0,4359,-7278,1,0,1
737254,367,0,2188,-7503,1,0,1
737255,265,0,684,10040,1,0,1
737256,0,0,0,0,0,0,0
737257,400,0,5190,9472,1,0,1
737258,285,0,4894,-7163,1,0,1
737259,65535,255,3008,-7410,0,0,0
737260,249,0,302,-7320,1,0,1
737261,432,0,2545,9828,1,0,1
737262,507,0,4658,9617,1,0,1
737263,65535,255,5362,-7009,0,0,0
737264,65535,255,3735,-7398,0,0,0
737265,65535,255,1281,-7600,0,0,0
737266,177,0,1644,10031,1,0,1
737267,65535,255,4044,9714,0,0,0
737268,498,0,5641,9388,1,0,1
737269,65535,255,4363,-7277,0,0,0
737270,65535,255,2199,-7605,0,0,0
737271,358,0,672,9988,1,0,1
737272,436,0,3333,9845,1,0,1
737273,374,0,5180,9454,1,0,1
737274,65535,255,4904,-7177,0,0,0
737275,260,0,3018,-7419,1,0,1
737276,420,0,325,-7451,1,0,1
737277,400,0,2526,9842,1,0,1
737278,405,0,4648,9547,1,0,1
737279,444,0,5371,-7021,1,0,1
737280,65535,255,3743,-7308,0,0,0
737281,65535,255,1298,-7701,0,0,0
737282,370,0,1622,10116,1,0,1
737283,65535,255,4033,9636,0,0,0
737284,65535,255,5633,9372,0,0,0
737285,65535,255,4370,-7211,0,0,0
737286,65535,255,2210,-7471,0,0,0
737287,65535,255,655,10342,0,0,0
737288,352,0,3325,9771,1,0,1
737289,247,0,5172,9496,1,0,0
737290,65535,255,4909,-7143,0,0,0
737291,65535,255,3032,-7521,0,0,0
737292,188,0,339,-6971,1,0,1
737293,65535,255,2513,9900,0,0,0
737294,65535,255,4639,9609,0,0,0
737295,376,0,5376,-7005,1,0,1
737296,442,0,3755,-7409,1,0,1
737297,342,0,1310,-7649,1,0,1
737298,429,0,1611,10097,1,0,1
737299,65535,255,4026,9630,0,0,0
737300,65535,255,5627,9376,0,0,0
737301,383,0,4376,-7216,1,0,1
737302,65535,255,2220,-7485,0,0,0
737303,406,0,644,10451,1,0,1
737304,433,0,3312,9792,1,0,1
737305,325,0,5166,9513,1,0,1
737306,65535,255,4916,-7163,0,0,0
737307,65535,255,3037,-7405,0,0,0
737308,367,0,348,-7467,1,0,1
737309,65535,255,2506,9856,0,0,0
737310,0,0,0,0,0,0,0
737311,0,0,0,0,0,0,0
737312,0,0,0,0,0,0,0
737313,0,0,0,0,0,0,0
737314,65535,255,1606,9976,0,0,0
737315,65535,255,4018,9704,0,0,0
737316,65535,255,5623,9388,0,0,0
737317,365,0,4383,-7292,1,0,1
737318,65535,255,2229,-7616,0,0,0
737319,390,0,638,10350,1,0,1
737320,65535,255,3307,9783,0,0,0
737321,65535,255,5163,9514,0,0,0
737322,342,0,4918,-7168,1,0,1
737323,330,0,3042,-7415,1,0,1
737324,65535,255,353,-7659,0,0,0
737325,65535,255,2501,9895,0,0,0
737326,65535,255,4632,9574,0,0,0
737327,380,0,5381,-7061,1,0,1
737328,0,0,0,0,0,0,0
737329,65535,255,1321,-7648,0,0,0
737330,65535,255,1601,10120,0,0,0
737331,65535,255,4003,9665,0,0,0
737332,484,0,5613,9391,1,0,1
737333,396,0,4397,-7230,1,0,1
737334,65535,255,2251,-7602,0,0,0
737335,65535,255,609,10358,0,0,0
737336,65535,255,3284,9829,0,0,0
737337,65535,255,5148,9486,0,0,0
737338,412,0,4936,-7169,1,0,1
737339,246,0,3069,-7478,1,0,1
737340,65535,255,390,-7250,0,0,0
737341,65535,255,2471,9908,0,0,0
737342,65535,255,4611,9604,0,0,0
737343,65535,255,5398,-7042,0,0,0
737344,351,2,3787,-7393,1,0,1
737345,65535,255,1361,-7773,0,0,0
737346,65535,255,1568,10018,0,0,0
737347,420,0,3991,9653,1,0,1
737348,278,0,5608,9383,1,0,1
737349,65535,255,4410,-7228,0,0,0
737350,65535,255,2267,-7614,0,0,0
737351,444,0,592,10483,1,0,1
737352,336,0,3277,9792,1,0,1
737353,65535,255,5142,9509,0,0,0
737354,65535,255,4942,-7113,0,0,0
737355,351,0,3081,-7505,1,0,1
737356,65535,255,400,-7923,0,0,0
737357,192,0,2466,9806,1,0,1
737358,323,0,4608,9569,1,0,1
737359,524,0,5405,-7017,1,0,1
737360,65535,255,3795,-7360,0,0,0
737361,193,0,1372,-7698,1,0,1
737362,65535,255,1556,9936,0,0,0
737363,421,0,3984,9721,1,0,1
737364,385,0,5602,9368,1,0,1
737365,65535,255,4417,-7252,0,0,0
737366,0,0,0,0,0,0,0
737367,65535,255,580,10435,0,0,0
737368,325,0,3266,9823,1,0,1
737369,0,0,0,0,0,0,0
737370,62,2,4951,-7143,1,0,1
737371,243,0,3096,-7414,1,0,1
737372,65535,255,418,-7997,0,0,0
737373,347,0,2446,9933,1,0,1
737374,65535,255,4598,9546,0,0,0
737375,386,0,5413,-7058,1,0,1
737376,305,0,3811,-7412,1,0,1
737377,0,0,0,0,0,0,0
737378,65535,255,1534,10002,0,0,0
737379,0,0,0,0,0,0,0
737380,65535,255,5595,9365,0,0,0
737381,65535,255,4430,-7293,0,0,0
737382,270,0,2293,-7511,1,0,1
737383,65535,255,562,9918,0,0,0
737384,65535,255,3253,9759,0,0,0
737385,341,0,5125,9518,1,0,1
737386,513,0,4960,-7119,1,0,1
737387,421,0,3109,-7516,1,0,1
737388,255,0,435,-7758,1,0,1
737389,65535,255,2431,9966,0,0,0
737390,424,0,4584,9629,1,0,0
737391,65535,255,5422,-7055,0,0,0
737392,65535,255,3821,-7373,0,0,0
737393,402,0,1406,-7811,1,0,1
737394,371,0,1523,10046,1,0,1
737395,315,0,3962,9659,1,0,1
737396,0,0,0,0,0,0,0
737397,65535,255,4433,-7223,0,0,0
737398,377,2,2309,-7593,1,0,0
737399,369,0,551,10334,1,0,1
737400,478,0,3239,9828,1,0,1
737401,65535,255,5120,9484,0,0,0
737402,524,0,4966,-7166,1,0,1
737403,372,0,3114,-7470,1,0,1
737404,261,0,442,-7307,1,0,1
737405,480,0,2422,9902,1,0,1
737406,65535,255,4581,9605,0,0,0
737407,65535,255,5422,-7040,0,0,0
737408,297,0,3824,-7393,1,0,1
737409,0,0,0,0,0,0,0
737410,65535,255,1513,10047,0,0,0
737411,65535,255,3954,9660,0,0,0
737412,65535,255,5582,9391,0,0,0
737413,437,0,4437,-7241,1,0,1
737414,432,0,2315,-7634,1,0,1
737415,65535,255,547,9610,0,0,0
737416,65535,255,3240,9724,0,0,0
737417,493,0,5115,9516,1,0,1
737418,65535,255,4966,-7117,0,0,0
737419,299,0,3114,-7391,1,0,1
737420,324,0,447,-7977,1,0,1
737421,65535,255,2422,9811,0,0,0
737422,0,0,0,0,0,0,0
737423,354,0,5422,-7020,1,0,1
737424,65535,255,3823,-7362,0,0,0
737425,226,0,1412,-7715,1,0,1
737426,65535,255,1513,9983,0,0,0
737427,454,0,3955,9645,1,0,1
737428,65535,255,5583,9386,0,0,0
737429,65535,255,4437,-7234,0,0,0
737430,65535,255,2310,-7634,0,0,0
737431,298,0,547,9671,1,0,1
737432,344,0,3239,9743,1,0,1
737433,65535,255,5115,9522,0,0,0
737434,65535,255,4963,-7133,0,0,0
737435,65535,255,3114,-7420,0,0,0
737436,378,0,448,-8273,1,0,1
737437,475,0,2422,9877,1,0,0
737438,65535,255,4578,9606,0,0,0
737439,65535,255,5422,-7044,0,0,0
737440,354,0,3820,-7322,1,0,1
737441,345,0,1407,-7501,1,0,1
737442,405,0,1513,10156,1,0,1
737443,65535,255,3954,9705,0,0,0
737444,481,0,5585,9354,1,0,1
737445,65535,255,4434,-7229,0,0,0
737446,631,0,2304,-7551,1,0,0
737447,846,1,551,10455,1,0,1
737448,684,0,3242,9786,1,0,0
737449,0,0,0,0,0,0,0
737450,429,0,4960,-7128,1,0,1
737451,409,0,3110,-7430,1,0,1
737452,65535,255,438,-7481,0,0,0
737453,65535,255,2427,9902,0,0,0
737454,65535,255,4581,9618,0,0,0
737455,65535,255,5420,-7059,0,0,0
737456,495,0,3816,-7316,1,0,1
737457,583,0,1401,-7597,1,0,1
737458,452,0,1529,9961,1,0,1
737459,65535,255,3965,9644,0,0,0
737460,434,0,5590,9390,1,0,1
737461,197,0,4427,-7254,1,0,1
737462,327,0,2294,-7467,1,0,1
737463,65535,255,562,9978,0,0,0
737464,0,0,0,0,0,0,0
737465,575,0,5126,9484,1,0,1
737466,449,0,4955,-7129,1,0,1
737467,65535,255,3105,-7530,0,0,0
737468,65535,255,429,-7986,0,0,0
737469,65535,255,2442,9849,0,0,0
737470,677,0,4591,9598,1,0,1
737471,65535,255,5414,-7050,0,0,0
737472,65535,255,3807,-7309,0,0,0
737473,437,0,1389,-7573,1,0,1
737474,65535,255,1546,9917,0,0,0
737475,783,1,3975,9670,1,0,1
737476,727,0,5597,9384,1,0,1
737477,65535,255,4420,-7249,0,0,0
737478,0,0,0,0,0,0,0
737479,0,0,0,0,0,0,0
737480,0,0,0,0,0,0,0
737481,65535,255,5136,9497,0,0,0
737482,542,0,4948,-7115,1,0,1
737483,402,0,3087,-7413,1,0,1
737484,65535,255,409,-7470,0,0,0
737485,694,0,2456,9913,1,0,1
737486,65535,255,4604,9573,0,0,0
737487,65535,255,5405,-7009,0,0,0
737488,65535,255,3795,-7365,0,0,0
737489,883,0,1372,-7768,3,0,0
737490,65535,255,1562,10105,0,0,0
737491,707,0,3991,9707,3,0,0
737492,837,0,5607,9364,3,0,0
737493,771,0,4406,-7220,1,0,1
737494,65535,255,2267,-7640,0,0,0
737495,65535,255,603,9873,0,0,0
737496,618,0,3284,9795,1,0,1
737497,636,0,5148,9485,1,0,1
737498,65535,255,4936,-7106,0,0,0
737499,65535,255,3069,-7406,0,0,0
737500,273,0,385,-7068,1,0,1
737501,436,0,2476,9923,1,0,1
737502,497,0,4618,9551,1,0,1
737503,547,0,5394,-7017,1,0,1
737504,445,0,3779,-7384,1,0,1
737505,65535,255,1344,-7703,0,0,0
737506,65535,255,1590,9853,0,0,0
737507,65535,255,4007,9734,0,0,0
737508,65535,255,5620,9384,0,0,0
737509,65535,255,4392,-7254,0,0,0
737510,329,0,2241,-7513,1,0,1
737511,417,0,626,10250,1,0,1
737512,399,0,3307,9717,1,0,1
737513,0,0,0,0,0,0,0
737514,65535,255,4924,-7158,0,0,0
737515,65535,255,3051,-7509,0,0,0
737516,380,0,354,-8040,1,0,1
737517,372,0,2506,9881,1,0,1
737518,65535,255,4636,9600,0,0,0
737519,376,0,5378,-7006,1,0,1
737520,0,0,0,0,0,0,0
737521,65535,255,1316,-7854,0,0,0
737522,445,0,1617,9853,1,0,1
737523,65535,255,4029,9645,0,0,0
737524,65535,255,5633,9394,0,0,0
737525,65535,255,4373,-7270,0,0,0
737526,65535,255,2215,-7662,0,0,0
737527,65535,255,655,10189,0,0,0
737528,65535,255,3325,9734,0,0,0
737529,65535,255,5171,9475,0,0,0
737530,65535,255,4912,-7116,0,0,0
737531,428,0,3037,-7459,1,0,1
737532,65535,255,347,-7851,0,0,0
737533,256,0,2511,9893,1,0,1
737534,65535,255,4635,9560,0,0,0
737535,65535,255,5379,-7044,0,0,0
737536,65535,255,3759,-7339,0,0,0
737537,65535,255,1321,-7801,0,0,0
737538,65535,255,1606,9894,0,0,0
737539,65535,255,4018,9667,0,0,0
737540,371,0,5624,9364,1,0,1
737541,65535,255,4387,-7248,0,0,0
737542,65535,255,2236,-7543,0,0,0
737543,371,0,632,9829,1,0,1
737544,171,0,3302,9830,1,0,1
737545,65535,255,5160,9452,0,0,0
737546,65535,255,4924,-7179,0,0,0
737547,65535,255,3051,-7426,0,0,0
737548,65535,255,365,-7665,0,0,0
737549,65535,255,2491,9870,0,0,0
737550,0,0,0,0,0,0,0
737551,65535,255,5389,-7041,0,0,0
737552,385,0,3771,-7344,1,0,1
737553,65535,255,1342,-7710,0,0,0
737554,394,0,1584,9957,1,0,1
737555,65535,255,4003,9699,0,0,0
737556,65535,255,5613,9381,0,0,0
737557,0,0,0,0,0,0,0
737558,65535,255,2252,-7642,0,0,0
737559,136,2,609,10200,1,0,1
737560,65535,255,3289,9757,0,0,0
737561,65535,255,5149,9495,0,0,0
737562,430,0,4933,-7143,1,0,1
737563,65535,255,3070,-7534,0,0,0
737564,65535,255,384,-7241,0,0,0
737565,65535,255,2477,9834,0,0,0
737566,422,0,4613,9586,1,0,1
737567,479,0,6012,9282,1,0,1
737568,65535,255,3783,-7334,0,0,0
737569,154,0,1356,-7706,1,0,1
737570,265,0,1573,9959,1,0,1
737571,65535,255,3992,9707,0,0,0
737572,65535,255,5608,9391,0,0,0
737573,65535,255,6676,9069,0,0,1
737574,65535,255,2262,-7469,0,0,1
737575,65535,255,597,10427,0,0,0
737576,65535,255,3280,9805,0,0,0
737577,65535,255,5143,9468,0,0,0
737578,65535,255,6363,9160,0,0,0
737579,195,0,3074,-7453,1,0,1
737580,229,0,394,-8007,1,0,1
737581,65535,255,2466,9938,0,0,0
737582,65535,255,4608,9596,0,0,0
737583,287,2,6008,9259,1,0,1
737584,65535,255,6953,8973,0,0,0
737585,294,0,1366,-7743,1,0,1
737586,313,2,1563,9876,1,0,1
737587,65535,255,3988,9686,0,0,0
737588,401,0,5603,9383,1,0,1
737589,0,0,0,0,0,0,0
737590,65535,255,2267,-7468,0,0,0
737591,277,0,592,10433,1,0,1
737592,0,0,0,0,0,0,0
737593,292,0,5140,9451,1,0,0
737594,0,0,0,0,0,0,0
737595,65535,255,-32768,-32768,0,65535,1
737596,65535,255,407,-8243,0,0,0
737597,65535,255,2458,9919,0,0,0
737598,65535,255,4601,9622,0,0,0
737599,349,0,6005,9284,1,0,1
737600,65535,255,6954,8946,0,0,0
737601,65535,255,1372,-7523,0,0,0
737602,65535,255,1556,10044,0,0,0
737603,65535,255,3980,9719,0,0,0
737604,416,0,5603,9352,1,0,0
737605,65535,255,6673,9061,0,0,1
737606,243,0,2278,-7595,1,0,1
737607,323,0,585,10151,1,0,1
737608,65535,255,3270,9770,0,0,0
737609,412,0,5137,9514,1,0,1
737610,422,0,6360,9154,1,0,1
737611,405,0,3087,-7452,1,0,1
737612,65535,255,406,-8082,0,0,0
737613,65535,255,2456,9979,0,0,0
737614,65535,255,4600,9623,0,0,0
737615,475,0,6004,9284,1,0,1
737616,65535,255,3799,-7356,0,0,0
737617,302,0,1378,-7572,1,0,1
737618,65535,255,1551,10107,0,0,0
737619,333,0,3984,9658,1,0,0
737620,434,0,5603,9369,1,0,1
737621,392,0,4417,-7280,1,0,1
737622,65535,255,2273,-7453,0,0,0
737623,65535,255,586,10287,0,0,0
737624,65535,255,3267,9835,0,0,0
737625,197,0,5140,9471,1,0,1
737626,286,0,4947,-7130,1,0,0
737627,65535,255,3087,-7401,0,0,0
737628,65535,255,405,-7588,0,0,0
737629,65535,255,2457,9912,0,0,0
737630,65535,255,4602,9591,0,0,0
737631,65535,255,5407,-7013,0,0,0
737632,394,0,3798,-7325,1,0,1
737633,65535,255,1372,-7498,0,0,0
737634,350,0,1551,10042,1,0,1
737635,65535,255,3985,9635,0,0,0
737636,415,0,5603,9360,1,0,1
737637,413,0,4416,-7274,1,0,1
737638,65535,255,2277,-7665,0,0,0
737639,357,0,587,10486,1,0,1
737640,275,2,3271,9834,1,0,1
737641,65535,255,5140,9471,0,0,0
737642,281,0,4944,-7141,1,0,1
737643,65535,255,3082,-7393,0,0,0
737644,328,0,405,-7750,1,0,1
737645,65535,255,2457,9951,0,0,0
737646,184,0,4605,9609,1,0,1
737647,417,0,5405,-7033,1,0,1
737648,322,0,3794,-7356,1,0,1
737649,359,0,1371,-7618,1,0,1
737650,65535,255,1562,9871,0,0,0
737651,65535,255,3985,9686,0,0,0
737652,65535,255,5603,9392,0,0,0
737653,311,0,4409,-7218,1,0,1
737654,65535,255,2272,-7551,0,0,0
737655,135,0,592,10089,1,0,0
737656,320,0,3276,9767,1,0,0
737657,334,0,5142,9497,1,0,1
737658,316,0,4941,-7114,1,0,1
737659,65535,255,3082,-7511,0,0,0
737660,65535,255,400,-7419,0,0,0
737661,350,0,2462,9898,1,0,1
737662,278,0,4609,9595,1,0,1
737663,362,0,5400,-7023,1,0,1
737664,417,0,3790,-7349,1,0,1
737665,65535,255,1360,-7596,0,0,0
737666,65535,255,1566,9983,0,0,0
737667,335,0,3992,9685,1,0,1
737668,400,0,5606,9396,1,0,1
737669,433,0,4405,-7230,1,0,1
737670,65535,255,2261,-7581,0,0,0
737671,140,0,603,10251,1,0,1
737672,367,0,3280,9804,1,0,1
737673,320,0,5147,9464,1,0,1
737674,65535,255,4936,-7137,0,0,0
737675,65535,255,3069,-7404,0,0,0
737676,65535,255,388,-7920,0,0,0
737677,65535,255,2472,9963,0,0,0
737678,278,0,4616,9545,1,0,1
737679,65535,255,5395,-7063,0,0,0
737680,65535,255,3779,-7339,0,0,0
737681,258,0,1349,-7818,1,0,1
737682,290,0,1579,10039,1,0,1
737683,65535,255,4000,9647,0,0,0
737684,65535,255,5612,9376,0,0,0
737685,272,0,4396,-7207,1,0,1
737686,65535,255,2245,-7554,0,0,0
737687,324,0,615,10142,1,0,1
737688,193,0,3294,9793,1,0,1
737689,289,0,5152,9469,1,0,1
737690,345,0,4926,-7144,1,0,1
737691,228,0,3055,-7434,1,0,1
737692,65535,255,372,-8283,0,0,0
737693,385,0,2487,9844,1,0,1
737694,354,0,4623,9575,1,0,1
737695,427,0,5396,-7019,1,0,1
737696,259,2,3783,-7354,1,0,1
737697,358,0,1360,-7673,1,0,1
737698,65535,255,1569,9932,0,0,0
737699,65535,255,3990,9708,0,0,0
737700,65535,255,5607,9369,0,0,0
737701,65535,255,4406,-7209,0,0,0
737702,65535,255,2266,-7571,0,0,0
737703,231,0,598,10307,1,0,1
737704,355,0,3276,9830,1,0,1
737705,65535,255,5141,9492,0,0,0
737706,65535,255,4941,-7179,0,0,0
737707,65535,255,3082,-7505,0,0,0
737708,65535,255,399,-7672,0,0,0
737709,65535,255,2462,9972,0,0,0
737710,65535,255,4606,9555,0,0,0
737711,65535,255,5402,-7007,0,0,0
737712,65535,255,3794,-7344,0,0,0
737713,366,0,1371,-7647,1,0,1
737714,348,0,1558,9932,1,0,1
737715,198,0,3986,9631,1,0,0
737716,300,0,5604,9379,1,0,1
737717,470,0,4413,-7227,1,0,1
737718,248,0,2273,-7627,1,0,1
737719,65535,255,593,9699,0,0,0
737720,65535,255,3271,9738,0,0,0
737721,65535,255,5140,9448,0,0,0
737722,345,0,4945,-7139,1,0,1
737723,65535,255,3087,-7445,0,0,0
737724,65535,255,407,-7188,0,0,0
737725,65535,255,2457,9922,0,0,0
737726,65535,255,4601,9625,0,0,0
737727,65535,255,5406,-7053,0,0,1
737728,65535,255,3799,-7328,0,0,0
737729,0,0,0,0,0,0,0
737730,65535,255,1551,9999,0,0,0
737731,375,0,3984,9662,1,0,1
737732,465,0,5600,9399,1,0,1
737733,474,0,4416,-7264,1,0,1
737734,65535,255,2278,-7499,0,0,0
737735,65535,255,585,10148,0,0,0
737736,254,0,3270,9823,1,0,1
737737,65535,255,5137,9500,0,0,0
737738,335,0,4948,-7111,1,0,1
737739,466,0,3087,-7406,1,0,1
737740,65535,255,407,-8248,0,0,0
737741,0,0,0,0,0,0,0
737742,264,0,4604,9625,1,0,1
737743,65535,255,5406,-7042,0,0,0
737744,235,0,3795,-7343,1,0,1
737745,361,0,1372,-7697,1,0,1
737746,370,0,1557,10020,1,0,1
737747,65535,255,3988,9676,0,0,0
737748,65535,255,5603,9390,0,0,1
737749,65535,255,4416,-7289,0,0,0
737750,281,0,2272,-7570,1,0,1
737751,65535,255,592,10428,0,0,0
737752,404,0,3275,9738,1,0,1
737753,65535,255,5143,9458,0,0,0
737754,370,0,4945,-7160,1,0,1
737755,65535,255,3083,-7495,0,0,0
737756,65535,255,400,-7843,0,0,0
737757,65535,255,2467,9832,0,0,0
737758,469,0,4608,9600,1,0,1
737759,65535,255,5403,-7055,0,0,0
737760,432,0,3791,-7329,1,0,1
737761,65535,255,1366,-7672,0,0,0
737762,65535,255,1567,10019,0,0,0
737763,926,0,3991,9684,1,0,1
737764,519,2,5610,9352,1,0,1
737765,626,0,4406,-7208,1,0,1
737766,370,0,2262,-7628,1,0,1
737767,538,0,603,9872,1,0,1
737768,0,0,0,0,0,0,0
737769,65535,255,5148,9494,0,0,0
737770,65535,255,4936,-7118,0,0,0
737771,643,0,3069,-7436,1,0,1
737772,65535,255,384,-7328,0,0,0
737773,65535,255,2476,9973,0,0,0
737774,296,0,4618,9574,1,0,0
737775,65535,255,5394,-7042,0,0,0
737776,0,0,0,0,0,0,0
737777,65535,255,1349,-7625,0,0,0
737778,929,0,1578,9998,1,0,1
737779,650,0,4003,9682,1,0,1
737780,709,0,5615,9352,1,0,1
737781,432,0,4396,-7217,1,0,1
737782,195,0,2247,-7659,1,0,1
737783,287,0,620,9985,1,0,1
737784,326,0,3298,9829,1,0,1
737785,65535,255,5157,9513,0,0,0
737786,65535,255,4927,-7142,0,0,0
737787,292,0,3055,-7478,1,0,1
737788,262,2,365,-7850,1,0,0
737789,0,0,0,0,0,0,0
737790,133,2,4628,9615,1,0,0
737791,65535,255,5384,-7018,0,0,0
737792,65535,255,3767,-7370,0,0,0
737793,65535,255,1327,-7852,0,0,0
737794,65535,255,1601,9872,0,0,0
737795,65535,255,4019,9636,0,0,0
737796,464,0,5623,9400,1,0,0
737797,468,0,4383,-7288,1,0,1
737798,65535,255,2225,-7603,0,0,0
737799,450,0,644,10398,1,0,1
737800,65535,255,3316,9762,0,0,0
737801,65535,255,5169,9480,0,0,0
737802,0,0,0,0,0,0,0
737803,65535,255,3032,-7431,0,0,0
737804,65535,255,337,-7374,0,0,0
737805,65535,255,2516,9804,0,0,0
737806,65535,255,4642,9594,0,0,0
737807,409,0,5373,-7066,1,0,1
737808,65535,255,3747,-7357,0,0,0
737809,350,2,1304,-7834,1,0,0
737810,447,0,1629,9854,1,0,0
737811,603,0,4037,9642,1,0,1
737812,508,0,5634,9379,1,0,1
737813,353,2,4366,-7247,1,0,1
737814,65535,255,2204,-7578,0,0,0
737815,65535,255,667,9995,0,0,0
737816,231,0,3329,9733,1,0,1
737817,460,0,5174,9484,1,0,1
737818,65535,255,4906,-7135,0,0,0
737819,65535,255,3032,-7523,0,0,0
737820,387,0,338,-7179,1,0,1
737821,414,2,2516,9843,1,0,1
737822,65535,255,4642,9548,0,0,0
737823,65535,255,5376,-7042,0,0,0
737824,300,0,3751,-7358,1,0,1
737825,65535,255,1310,-7552,0,0,0
737826,0,0,0,0,0,0,0
737827,0,0,0,0,0,0,0
737828,65535,255,5626,9350,0,0,0
737829,507,0,4379,-7244,1,0,1
737830,470,0,2225,-7575,1,0,1
737831,0,0,0,0,0,0,0
737832,65535,255,3311,9736,0,0,0
737833,65535,255,5163,9492,0,0,0
737834,0,0,0,0,0,0,0
737835,319,0,3046,-7397,1,0,1
737836,260,0,353,-7580,1,0,1
737837,65535,255,2496,9896,0,0,0
737838,408,0,4629,9580,1,0,1
737839,464,0,5385,-7030,1,0,1
737840,65535,255,3767,-7410,0,0,0
737841,65535,255,1332,-7728,0,0,0
737842,393,0,1596,9896,1,0,1
737843,426,0,4011,9697,1,0,1
737844,503,0,5618,9389,1,0,1
737845,319,0,4389,-7204,1,0,1
737846,0,0,0,0,0,0,0
737847,77,2,627,9779,1,0,1
737848,0,0,0,0,0,0,0
737849,65535,255,5157,9478,0,0,0
737850,454,0,4927,-7136,1,0,1
737851,462,0,3059,-7524,1,0,1
737852,361,2,371,-7501,1,0,1
737853,65535,255,2486,9885,0,0,0
737854,65535,255,4622,9582,0,0,0
737855,385,0,5391,-7000,1,0,1
737856,373,0,3775,-7310,1,0,1
737857,65535,255,1344,-7775,0,0,0
737858,273,0,1584,9938,1,0,1
737859,65535,255,4003,9714,0,0,0
737860,65535,255,5615,9403,0,0,0
737861,65535,255,4396,-7234,0,0,0
737862,311,0,2251,-7557,1,0,1
737863,0,0,0,0,0,0,0
737864,304,0,3293,9757,1,0,1
737865,65535,255,5152,9510,0,0,0
737866,363,0,4933,-7173,1,0,1
737867,65535,255,3065,-7457,0,0,0
737868,262,0,383,-8197,1,0,1
737869,65535,255,2481,9808,0,0,0
737870,0,0,0,0,0,0,0
737871,65535,255,5397,-7050,0,0,0
737872,390,0,3783,-7383,1,0,1
737873,65535,255,1354,-7674,0,0,0
737874,149,0,1579,9875,1,0,1
737875,65535,255,3999,9700,0,0,0
737876,425,0,5611,9400,1,0,1
737877,65535,255,4399,-7227,0,0,0
737878,396,0,2256,-7571,1,0,1
737879,0,0,0,0,0,0,0
737880,65535,255,3289,9767,0,0,0
737881,65535,255,5150,9489,0,0,0
737882,65535,255,4936,-7106,0,0,0
737883,65535,255,3069,-7505,0,0,0
737884,183,0,383,-7330,1,0,1
737885,184,0,2476,9886,1,0,1
737886,65535,255,4615,9589,0,0,0
737887,482,0,5397,-7016,1,0,1
737888,65535,255,3783,-7336,0,0,0
737889,0,0,0,0,0,0,0
737890,379,0,1574,10104,1,0,1
737891,308,0,3999,9671,1,0,1
737892,273,0,5611,9386,1,0,1
737893,384,0,4399,-7214,1,0,1
737894,0,0,0,0,0,0,0
737895,248,0,609,10094,1,0,1
737896,65535,255,3288,9777,0,0,0
737897,468,0,5149,9449,1,0,1
737898,344,0,4935,-7118,1,0,1
737899,65535,255,3070,-7535,0,0,0
737900,372,0,382,-7674,1,0,1
737901,65535,255,2477,9949,0,0,0
737902,436,0,4615,9619,1,0,1
737903,467,0,5395,-7045,1,0,1
737904,430,0,3783,-7390,1,0,1
737905,0,0,0,0,0,0,0
737906,200,0,1579,9958,1,0,1
737907,65535,255,3999,9744,0,0,0
737908,65535,255,5613,9363,0,0,0
737909,65535,255,4400,-7290,0,0,0
737910,323,0,2251,-7499,1,0,1
737911,0,0,0,0,0,0,0
737912,65535,255,3293,9767,0,0,0
737913,65535,255,5152,9448,0,0,0
737914,65535,255,4930,-7129,0,0,0
737915,65535,255,3060,-7394,0,0,0
737916,386,0,377,-7937,1,0,1
737917,358,0,2484,9837,1,0,1
737918,300,0,4622,9558,1,0,1
737919,457,0,5389,-7019,1,0,1
737920,65535,255,3771,-7321,0,0,0
737921,307,0,1338,-7524,1,0,1
737922,372,0,1584,10144,1,0,1
737923,65535,255,4007,9691,0,0,0
737924,461,0,5616,9408,1,0,1
737925,364,0,4390,-7260,1,0,1
737926,65535,255,2241,-7606,0,0,0
737927,65535,255,627,9830,0,0,0
737928,65535,255,3303,9747,0,0,0
737929,0,0,0,0,0,0,0
737930,65535,255,4924,-7124,0,0,0
737931,65535,255,3050,-7396,0,0,0
737932,263,0,359,-8037,1,0,1
737933,414,0,2497,9820,1,0,1
737934,65535,255,4629,9569,0,0,0
737935,498,0,6023,9267,1,0,1
737936,65535,255,3763,-7353,0,0,0
737937,65535,255,1326,-7651,0,0,1
737938,65535,255,1601,9937,0,0,0
737939,65535,255,4015,9701,0,0,1
737940,91,2,5624,9370,1,0,1
737941,65535,255,6688,9072,0,0,0
737942,65535,255,2225,-7588,0,0,0
737943,245,0,644,10352,1,0,1
737944,419,0,3311,9848,1,0,1
737945,366,0,5166,9502,1,0,0
737946,65535,255,6380,9164,0,0,0
737947,0,0,0,0,0,0,0
737948,65535,255,342,-7856,0,0,0
737949,344,0,2516,9806,1,0,1
737950,406,0,4639,9567,1,0,1
737951,65535,255,6030,9265,0,0,0
737952,65535,255,6971,8949,0,0,0
737953,65535,255,1304,-7704,0,0,0
737954,65535,255,1623,9996,0,0,0
737955,65535,255,4030,9651,0,0,0
737956,327,0,5634,9390,1,0,1
737957,65535,255,6695,9062,0,0,1
737958,65535,255,2209,-7663,0,0,1
737959,332,0,668,9844,1,0,1
737960,65535,255,3330,9762,0,0,0
737961,65535,255,5180,9454,0,0,0
737962,388,0,6387,9171,1,0,1
737963,65535,255,-32768,-32768,0,65535,1
737964,65535,255,320,-7140,0,0,0
737965,65535,255,2531,9930,0,0,0
737966,65535,255,4655,9536,0,0,0
737967,548,0,6038,9291,1,0,1
737968,65535,255,6976,8944,0,0,0
737969,363,0,1293,-7835,1,0,1
737970,294,0,1634,9914,1,0,1
737971,65535,255,4041,9679,0,0,0
737972,65535,255,5639,9371,0,0,0
737973,65535,255,6698,9049,0,0,0
737974,341,0,2204,-7576,1,0,0
737975,65535,255,667,9946,0,0,0
737976,65535,255,3329,9846,0,0,0
737977,65535,255,5177,9459,0,0,0
737978,388,0,6385,9164,1,0,1
737979,65535,255,3027,-7449,0,0,0
737980,65535,255,330,-7863,0,0,0
737981,360,0,2520,9907,1,0,1
737982,330,0,4645,9572,1,0,0
737983,65535,255,6033,9268,0,0,0
737984,432,0,3751,-7363,1,0,1
737985,65535,255,1304,-7524,0,0,0
737986,267,0,1623,9997,1,0,1
737987,65535,255,4029,9710,0,0,0
737988,468,0,5631,9391,1,0,1
737989,368,0,4376,-7295,1,0,1
737990,322,0,2219,-7661,1,0,1
737991,336,0,650,10290,1,0,1
737992,65535,255,3321,9772,0,0,0
737993,480,0,5169,9501,1,0,1
737994,398,0,4914,-7148,1,0,1
737995,65535,255,3040,-7522,0,0,0
737996,65535,255,343,-7272,0,0,0
737997,352,0,2511,9830,1,0,1
737998,403,0,4639,9541,1,0,1
737999,323,2,5380,-7034,1,0,1
738000,366,0,3758,-7330,1,0,1
738001,65535,255,1321,-7826,0,0,0
738002,65535,255,1612,9954,0,0,0
738003,65535,255,4023,9702,0,0,0
738004,510,0,5626,9388,1,0,1
738005,65535,255,4382,-7287,0,0,0
738006,364,0,2230,-7659,1,0,1
738007,65535,255,638,10296,0,0,0
738008,190,0,3312,9782,1,0,1
738009,65535,255,5166,9507,0,0,0
738010,65535,255,4920,-7163,0,0,0
738011,65535,255,3045,-7416,0,0,0
738012,304,0,353,-7658,1,0,1
738013,350,0,2501,9894,1,0,1
738014,261,0,4633,9567,1,0,1
738015,337,0,5386,-7056,1,0,1
738016,65535,255,3766,-7377,0,0,1
738017,241,0,1326,-7598,1,0,1
738018,272,0,1602,10097,1,0,1
738019,65535,255,4015,9645,0,0,0
738020,65535,255,5624,9356,0,0,0
738021,65535,255,4385,-7249,0,0,0
738022,358,0,2234,-7571,1,0,1
738023,301,0,633,9985,1,0,1
738024,65535,255,3308,9726,0,0,0
738025,65535,255,5161,9488,0,0,0
738026,405,0,4923,-7141,1,0,1
738027,65535,255,3050,-7539,0,0,0
738028,295,0,359,-7386,1,0,1
738029,293,0,2497,9857,1,0,1
738030,319,0,4630,9561,1,0,1
738031,65535,255,5386,-7056,0,0,0
738032,65535,255,3766,-7376,0,0,0
738033,353,0,1331,-7622,1,0,1
738034,313,0,1596,10119,1,0,1
738035,425,0,4011,9654,1,0,1
738036,65535,255,5622,9365,0,0,0
738037,65535,255,4388,-7266,0,0,0
738038,65535,255,2235,-7629,0,0,0
738039,360,0,627,10247,1,0,1
738040,255,0,3303,9774,1,0,1
738041,300,0,5158,9508,1,0,1
738042,65535,255,4923,-7178,0,0,0
738043,65535,255,3050,-7456,0,0,0
738044,65535,255,365,-8117,0,0,0
738045,65535,255,2492,9972,0,0,0
738046,373,0,4626,9617,1,0,1
738047,65535,255,5386,-7032,0,0,0
738048,65535,255,3766,-7345,0,0,0
738049,286,0,1332,-7523,1,0,1
738050,269,0,1596,10058,1,0,1
738051,283,0,4012,9638,1,0,1
738052,65535,255,5620,9357,0,0,0
738053,363,0,4386,-7266,1,0,1
738054,279,0,2235,-7628,1,0,1
738055,260,0,633,10300,1,0,1
738056,278,0,3303,9802,1,0,1
738057,308,0,5161,9452,1,0,1
738058,434,0,4920,-7112,1,0,1
738059,370,0,3069,-7527,1,0,1
738060,288,2,382,-7931,1,0,1
738061,130,2,2478,9816,1,0,0
738062,87,0,4616,9578,1,0,0
738063,173,0,5394,-7029,1,0,0
738064,65535,255,3782,-7386,0,0,0
738065,338,0,1354,-7798,1,0,1
738066,317,0,1574,10078,1,0,1
738067,410,0,3997,9688,1,0,1
738068,359,0,5612,9345,1,0,1
738069,65535,255,4402,-7280,0,0,0
738070,291,0,2256,-7543,1,0,1
738071,65535,255,604,10253,0,0,0
738072,351,0,3281,9838,1,0,1
738073,329,0,5148,9507,1,0,1
738074,65535,255,4935,-7119,0,0,0
738075,319,0,3068,-7418,1,0,1
738076,65535,255,389,-8355,0,0,0
738077,65535,255,2472,9894,0,0,0
738078,347,0,4613,9622,1,0,1
738079,275,0,5396,-7067,1,0,1
738080,306,0,3782,-7338,1,0,1
738081,65535,255,1353,-7676,0,0,0
738082,301,0,1574,9996,1,0,1
738083,334,0,3997,9667,1,0,1
738084,65535,255,5609,9405,0,0,0
738085,65535,255,4402,-7274,0,0,0
738086,255,0,2256,-7530,1,0,1
738087,65535,255,603,10311,0,0,0
738088,65535,255,3284,9786,0,0,0
738089,65535,255,5148,9467,0,0,0
738090,65535,255,4936,-7141,0,0,0
738091,65535,255,3069,-7468,0,0,0
738092,65535,255,383,-7503,0,0,0
738093,0,0,0,0,0,0,0
738094,65535,255,4615,9580,0,0,0
738095,513,0,5395,-7038,1,0,1
738096,65535,255,3782,-7402,0,0,0
738097,65535,255,1349,-7553,0,0,0
738098,65535,255,1579,9914,0,0,0
738099,65535,255,4000,9645,0,0,0
738100,306,0,5613,9396,1,0,1
738101,65535,255,4400,-7274,0,0,0
738102,237,0,2251,-7545,1,0,1
738103,361,0,609,10419,1,0,1
738104,304,0,3294,9746,1,0,1
738105,324,0,5154,9466,1,0,1
738106,339,0,4933,-7175,1,0,1
738107,65535,255,3064,-7511,0,0,0
738108,65535,255,378,-8289,0,0,0
738109,274,0,2486,9908,1,0,1
738110,489,0,4622,9549,1,0,1
738111,65535,255,5391,-7020,0,0,0
738112,362,0,3775,-7395,1,0,1
738113,347,2,1338,-7528,1,0,1
738114,408,0,1590,9914,1,0,1
738115,65535,255,4010,9652,0,0,0
738116,510,0,5618,9405,1,0,1
738117,392,0,4392,-7294,1,0,1
738118,65535,255,2241,-7603,0,0,0
738119,388,0,626,9880,1,0,1
738120,65535,255,3302,9810,0,0,0
738121,65535,255,5160,9501,0,0,0
738122,251,0,4923,-7138,1,0,1
738123,65535,255,3050,-7481,0,0,0
738124,340,0,359,-7855,1,0,1
738125,65535,255,2501,9855,0,0,0
738126,65535,255,4632,9621,0,0,0
738127,492,0,5383,-7012,1,0,1
738128,443,0,3763,-7388,1,0,1
738129,374,0,1321,-7528,1,0,0
738130,65535,255,1612,9954,0,0,0
738131,65535,255,4022,9673,0,0,0
738132,436,0,5628,9358,1,0,1
738133,65535,255,4379,-7226,0,0,0
738134,411,0,2220,-7475,1,0,1
738135,244,2,649,10243,1,0,1
738136,275,0,3320,9826,1,0,1
738137,326,0,5171,9469,1,0,1
738138,65535,255,4915,-7134,0,0,0
738139,65535,255,3040,-7532,0,0,0
738140,354,0,348,-7577,1,0,1
738141,428,0,2506,9906,1,0,1
738142,65535,255,4635,9590,0,0,0
738143,1126,0,5381,-7012,3,0,0
738144,987,0,3759,-7325,3,0,0
738145,65535,255,1322,-7478,0,0,0
738146,65535,255,1601,10036,0,0,0
738147,65535,255,4018,9643,0,0,0
738148,871,0,5623,9364,3,0,0
738149,65535,255,4386,-7276,0,0,0
738150,0,0,0,0,0,0,0
738151,65535,255,634,9672,0,0,0
738152,464,0,3302,9839,1,0,1
738153,65535,255,5160,9482,0,0,0
738154,456,0,4924,-7147,1,0,1
738155,65535,255,3051,-7418,0,0,0
738156,65535,255,365,-7947,0,0,0
738157,469,0,2491,9972,1,0,1
738158,65535,255,4626,9600,0,0,0
738159,65535,255,5389,-7043,0,0,0
738160,65535,255,3771,-7386,0,0,0
738161,65535,255,1338,-7702,0,0,0
738162,65535,255,1590,9915,0,0,0
738163,65535,255,4007,9711,0,0,0
738164,562,0,5617,9376,1,0,1
738165,392,2,4393,-7248,1,0,1
738166,65535,255,2246,-7631,0,0,0
738167,65535,255,621,10360,0,0,0
738168,412,0,3294,9822,1,0,1
738169,65535,255,5155,9473,0,0,0
738170,65535,255,4930,-7146,0,0,0
738171,65535,255,3061,-7416,0,0,0
738172,65535,255,378,-8025,0,0,0
738173,301,0,2483,9851,1,0,1
738174,65535,255,4621,9544,0,0,0
738175,371,0,5391,-7061,1,0,1
738176,301,2,3777,-7416,1,0,0
738177,385,0,1351,-7798,1,0,1
738178,65535,255,1577,10020,0,0,0
738179,442,0,4002,9639,1,0,1
738180,603,0,5612,9371,1,0,1
738181,452,0,4398,-7297,1,0,1
738182,65535,255,2253,-7513,0,0,0
738183,65535,255,614,9986,0,0,0
738184,714,0,3288,9766,1,0,0
738185,759,0,5150,9453,1,0,0
738186,825,0,4932,-7118,1,0,0
738187,841,0,3067,-7535,1,0,0
738188,398,0,378,-7669,1,0,0
738189,65535,255,2475,9962,0,0,0
738190,207,0,4614,9625,1,0,1
738191,65535,255,5394,-7050,0,0,0
738192,65535,255,3781,-7406,0,0,0
738193,368,0,1351,-7796,1,0,1
738194,65535,255,1577,10019,0,0,0
738195,1332,0,3998,9648,1,0,0
738196,737,2,5612,9376,1,0,0
738197,1101,0,4398,-7208,1,0,0
738198,65535,255,2253,-7555,0,0,0
738199,684,0,607,10203,1,0,0
738200,65535,255,3288,9804,0,0,0
738201,65535,255,5150,9469,0,0,0
738202,65535,255,4932,-7149,0,0,0
738203,65535,255,3066,-7436,0,0,0
738204,547,0,385,-8274,1,0,1
738205,65535,255,2480,9846,0,0,0
738206,65535,255,4614,9582,0,0,0
738207,65535,255,5393,-7021,0,0,0
738208,554,0,3780,-7351,1,0,1
738209,65535,255,1350,-7647,0,0,0
738210,328,0,1578,9916,1,0,1
738211,487,0,3998,9728,1,0,1
738212,65535,255,5612,9358,0,0,0
738213,514,0,4398,-7291,1,0,1
738214,495,0,2252,-7527,1,0,1
738215,0,0,0,0,0,0,0
738216,0,0,0,0,0,0,0
738217,498,0,5153,9469,1,0,1
738218,385,0,4931,-7155,1,0,1
738219,415,0,3061,-7456,1,0,1
738220,65535,255,374,-7134,0,0,0
738221,412,0,2480,9897,1,0,1
738222,416,0,4621,9606,1,0,1
738223,531,0,5393,-7045,1,0,1
738224,65535,255,3776,-7399,0,0,0
738225,421,0,1345,-7822,1,0,1
738226,285,2,1583,10061,1,0,1
738227,480,0,4006,9676,1,0,1
738228,597,0,5617,9399,1,0,1
738229,65535,255,4393,-7252,0,0,0
738230,434,0,2244,-7584,1,0,1
738231,65535,255,626,9828,0,0,0
738232,336,2,3301,9756,1,0,1
738233,65535,255,5158,9453,0,0,0
738234,65535,255,4925,-7140,0,0,0
738235,461,0,3056,-7435,1,0,1
738236,302,0,363,-7025,1,0,1
738237,372,0,2495,9896,1,0,1
738238,441,0,4627,9611,1,0,1
738239,392,0,5387,-7051,1,0,1
738240,65535,255,3768,-7309,0,0,0
738241,0,0,0,0,0,0,0
738242,399,0,1601,9834,1,0,1
738243,65535,255,4017,9711,0,0,1
738244,65535,255,5625,9361,0,0,0
738245,411,0,4385,-7254,1,0,1
738246,65535,255,2231,-7571,0,0,0
738247,0,0,0,0,0,0,0
738248,454,0,3311,9818,1,0,1
738249,371,0,5167,9513,1,0,0
738250,546,0,4919,-7124,1,0,1
738251,65535,255,3042,-7416,0,0,0
738252,429,0,351,-8416,1,0,1
738253,470,0,2510,9895,1,0,1
738254,225,0,4638,9616,1,0,1
738255,400,2,5379,-7063,1,0,1
738256,348,2,3752,-7323,1,0,1
738257,65535,255,1310,-7624,0,0,0
738258,65535,255,1622,9935,0,0,0
738259,65535,255,4032,9644,0,0,0
738260,65535,255,5635,9386,0,0,0
738261,65535,255,4373,-7244,0,0,0
738262,65535,255,2210,-7456,0,0,0
738263,70,2,666,9990,1,0,1
738264,65535,255,3328,9809,0,0,0
738265,65535,255,5179,9490,0,0,0
738266,490,0,4905,-7159,1,0,1
738267,396,0,3023,-7444,1,0,1
738268,65535,255,326,-8262,0,0,0
738269,472,0,2530,9880,1,0,1
738270,554,0,4652,9618,1,0,1
738271,65535,255,5367,-7067,0,0,0
738272,466,0,3735,-7342,1,0,1
738273,65535,255,1281,-7706,0,0,0
738274,65535,255,1645,10033,0,0,0
738275,65535,255,4048,9678,0,0,0
738276,65535,255,5644,9383,0,0,0
738277,65535,255,4359,-7266,0,0,0
738278,65535,255,2193,-7548,0,0,0
738279,65535,255,680,9750,0,0,0
738280,65535,255,3338,9789,0,0,0
738281,65535,255,5182,9499,0,0,0
738282,65535,255,4903,-7134,0,0,0
738283,65535,255,3022,-7493,0,0,0
738284,65535,255,324,-8067,0,0,0
738285,429,0,2526,9905,1,0,1
738286,65535,255,4649,9559,0,0,0
738287,65535,255,5370,-7036,0,0,0
738288,445,0,3743,-7317,1,0,1
738289,432,0,1304,-7728,1,0,1
738290,432,0,1623,10117,1,0,1
738291,348,0,4033,9654,1,0,1
738292,65535,255,5631,9404,0,0,0
738293,393,0,4376,-7295,1,0,1
738294,403,0,2220,-7648,1,0,1
738295,65535,255,650,10143,0,0,0
738296,339,0,3321,9726,1,0,1
738297,462,0,5169,9471,1,0,1
738298,65535,255,6380,9169,0,0,0
738299,291,0,3036,-7448,1,0,1
738300,65535,255,347,-7760,0,0,0
738301,65535,255,2506,9883,0,0,0
738302,327,0,4636,9548,1,0,1
738303,322,0,6026,9283,1,0,0
738304,65535,255,3759,-7322,0,0,0
738305,65535,255,1321,-7751,0,0,0
738306,65535,255,1607,9855,0,0,0
738307,65535,255,4015,9654,0,0,0
738308,65535,255,5621,9352,0,0,0
738309,65535,255,6686,9085,0,0,0
738310,65535,255,2235,-7514,0,0,0
738311,65535,255,634,9674,0,0,0
738312,281,0,3302,9803,1,0,1
738313,817,0,5157,9515,1,0,1
738314,524,0,6373,9146,1,0,1
738315,65535,255,-32768,-32768,0,65535,1
738316,65535,255,366,-7307,0,0,0
738317,407,0,2491,9821,1,0,1
738318,473,0,4622,9625,1,0,1
738319,65535,255,6019,9268,0,0,0
738320,65535,255,6961,8968,0,0,1
738321,221,0,1338,-7574,1,0,1
738322,65535,255,1584,10001,0,0,0
738323,331,0,4003,9692,1,0,1
738324,482,0,5614,9368,1,0,1
738325,65535,255,6680,9078,0,0,1
738326,65535,255,2251,-7514,0,0,0
738327,65535,255,609,10424,0,0,0
738328,393,0,3285,9768,1,0,1
738329,65535,255,5146,9486,0,0,0
738330,65535,255,6365,9174,0,0,0
738331,65535,255,-32768,-32768,0,65535,1
738332,168,0,388,-7761,1,0,1
738333,144,0,2472,9861,1,0,1
738334,65535,255,4609,9598,0,0,0
738335,65535,255,6008,9271,0,0,0
738336,65535,255,6955,8970,0,0,1
738337,407,0,1366,-7647,1,0,1
738338,65535,255,1557,10066,0,0,0
738339,65535,255,3984,9724,0,0,0
738340,65535,255,5603,9388,0,0,0
738341,65535,255,6674,9057,0,0,0
738342,65535,255,2272,-7610,0,0,0
738343,275,0,586,9926,1,0,1
738344,386,0,3267,9846,1,0,1
738345,365,0,5137,9452,1,0,1
738346,65535,255,6359,9155,0,0,0
738347,248,2,3087,-7412,1,0,1
738348,386,0,412,-7438,1,0,1
738349,65535,255,2452,9824,0,0,0
738350,65535,255,4598,9618,0,0,0
738351,65535,255,6003,9265,0,0,0
738352,65535,255,3807,-7408,0,0,0
738353,229,0,1383,-7645,1,0,1
738354,341,2,1541,10067,1,0,1
738355,47,2,3973,9732,1,0,0
738356,65535,255,5593,9399,0,0,0
738357,320,2,4424,-7232,1,0,1
738358,65535,255,2293,-7649,0,0,0
738359,327,0,568,10154,1,0,1
738360,65535,255,3254,9732,0,0,0
738361,347,0,5129,9479,1,0,1
738362,65535,255,4956,-7122,0,0,0
738363,65535,255,3105,-7479,0,0,0
738364,0,0,0,0,0,0,0
738365,0,0,0,0,0,0,0
738366,0,0,0,0,0,0,0
738367,0,0,0,0,0,0,0
738368,0,0,0,0,0,0,0
738369,0,0,0,0,0,0,0
738370,0,0,0,0,0,0,0
738371,0,0,0,0,0,0,0
738372,0,0,0,0,0,0,0
738373,0,0,0,0,0,0,0
738374,0,0,0,0,0,0,0
738375,0,0,0,0,0,0,0
738376,0,0,0,0,0,0,0
738377,0,0,0,0,0,0,0
738378,0,0,0,0,0,0,0
738379,0,0,0,0,0,0,0
738380,0,0,0,0,0,0,0
738381,0,0,0,0,0,0,0
738382,0,0,0,0,0,0,0
738383,0,0,0,0,0,0,0
738384,0,0,0,0,0,0,0
738385,0,0,0,0,0,0,0
738386,0,0,0,0,0,0,0
738387,0,0,0,0,0,0,0
738388,0,0,0,0,0,0,0
738389,0,0,0,0,0,0,0
738390,0,0,0,0,0,0,0
738391,0,0,0,0,0,0,0
738392,0,0,0,0,0,0,0
738393,0,0,0,0,0,0,0
738394,0,0,0,0,0,0,0
738395,0,0,0,0,0,0,0
738396,0,0,0,0,0,0,0
738397,65535,255,2418,9825,0,0,0
738398,65535,255,4575,9633,0,0,0
738399,65535,255,5426,-7036,0,0,0
738400,0,0,0,0,0,0,0
738401,65535,255,1417,-7499,0,0,0
738402,274,0,1508,9983,1,0,1
738403,450,0,3947,9722,1,0,1
738404,65535,255,5578,9402,0,0,0
738405,182,2,4442,-7218,1,0,0
738406,370,0,2319,-7504,1,0,1
738407,314,0,542,9668,1,0,1
738408,65535,255,3227,9832,0,0,0
738409,65535,255,5113,9461,0,0,0
738410,510,0,4971,-7119,1,0,1
738411,397,0,3126,-7495,1,0,1
738412,313,2,459,-7171,1,0,1
738413,65535,255,2414,9813,0,0,0
738414,65535,255,4572,9634,0,0,0
738415,65535,255,5426,-7041,0,0,0
738416,163,2,3830,-7358,1,0,0
738417,65535,255,1422,-7568,0,0,0
738418,65535,255,1502,10073,0,0,0
738419,342,0,3947,9668,1,0,1
738420,366,0,5581,9357,1,0,1
738421,386,0,4443,-7261,1,0,1
738422,319,0,2319,-7616,1,0,1
738423,265,0,534,10283,1,0,0
738424,338,0,3231,9784,1,0,0
738425,65535,255,5110,9519,0,0,0
738426,246,0,4968,-7097,1,0,1
738427,330,0,3122,-7475,1,0,1
738428,343,0,458,-8256,1,0,1
738429,65535,255,2418,9813,0,0,0
738430,409,0,4573,9607,1,0,1
738431,355,0,5424,-7050,1,0,1
738432,340,0,3827,-7381,1,0,1
738433,65535,255,1416,-7662,0,0,0
738434,65535,255,1515,9855,0,0,0
738435,371,0,3951,9685,1,0,1
738436,427,0,5581,9389,1,0,1
738437,451,0,4436,-7218,1,0,1
738438,65535,255,2308,-7533,0,0,0
738439,65535,255,546,9977,0,0,0
738440,65535,255,3237,9745,0,0,0
738441,65535,255,5116,9508,0,0,0
738442,374,0,4962,-7098,1,0,1
738443,349,0,3113,-7457,1,0,1
738444,65535,255,446,-7306,0,0,0
738445,65535,255,2418,9918,0,0,0
738446,65535,255,4572,9622,0,0,0
738447,472,0,5427,-7054,1,0,1
738448,436,0,3831,-7303,1,0,1
738449,273,0,1422,-7544,1,0,1
738450,65535,255,1502,9916,0,0,0
738451,416,0,3940,9717,1,0,1
738452,65535,255,5573,9360,0,0,0
738453,382,0,4450,-7196,1,0,1
738454,65535,255,2335,-7557,0,0,0
738455,65535,255,516,10360,0,0,0
738456,65535,255,3208,9856,0,0,0
738457,357,0,5098,9513,1,0,1
738458,65535,255,4982,-7120,0,0,0
738459,65535,255,3145,-7414,0,0,1
738460,65535,255,494,-8221,0,0,0
738461,333,0,2383,9898,1,0,1
738462,382,0,4550,9621,1,0,1
738463,478,0,5441,-6987,1,0,1
738464,273,0,3855,-7322,1,0,1
738465,377,0,1462,-7636,1,0,1
738466,295,0,1463,9969,1,0,1
738467,417,0,3917,9656,1,0,1
738468,65535,255,5557,9397,0,0,0
738469,458,0,4471,-7261,1,0,1
738470,65535,255,2360,-7515,0,0,0
738471,65535,255,482,10244,0,0,0
738472,65535,255,3186,9850,0,0,0
738473,226,0,5083,9512,1,0,1
738474,480,0,4999,-7132,1,0,1
738475,65535,255,3172,-7448,0,0,0
738476,341,0,516,-7495,1,0,1
738477,298,0,2357,9969,1,0,1
738478,65535,255,4537,9568,0,0,0
738479,65535,255,5461,-7003,0,0,0
738480,352,0,3883,-7391,1,0,1
738481,65535,255,1495,-7594,0,0,0
738482,65535,255,1434,10012,0,0,0
738483,65535,255,3898,9705,0,0,0
738484,389,0,5549,9380,1,0,1
738485,248,0,4484,-7270,1,0,1
738486,65535,255,2380,-7599,0,0,0
738487,385,0,470,9891,1,0,1
738488,65535,255,3177,9847,0,0,0
738489,398,0,5080,9460,1,0,1
738490,480,0,5002,-7105,1,0,1
738491,65535,255,3172,-7444,0,0,0
738492,65535,255,515,-7757,0,0,0
738493,289,0,2362,9883,1,0,1
738494,65535,255,4543,9557,0,0,0
738495,65535,255,5451,-7047,0,0,0
738496,65535,255,3867,-7348,0,0,0
738497,329,0,1468,-7486,1,0,1
738498,0,0,0,0,0,0,0
738499,65535,255,3920,9695,0,0,0
738500,220,2,5562,9377,1,0,1
738501,0,0,0,0,0,0,0
738502,65535,255,2355,-7627,0,0,0
738503,425,0,498,10167,1,0,1
738504,464,0,3204,9747,1,0,1
738505,460,0,5097,9489,1,0,1
738506,0,0,0,0,0,0,0
738507,65535,255,3150,-7524,0,0,0
738508,65535,255,482,-7345,0,0,0
738509,65535,255,2398,9813,0,0,0
738510,527,0,4560,9628,1,0,1
738511,589,0,5438,-7032,1,0,1
738512,65535,255,3843,-7329,0,0,0
738513,303,0,1435,-7830,1,0,1
738514,65535,255,1496,9941,0,0,0
738515,65535,255,3943,9699,0,0,0
738516,65535,255,5577,9388,0,0,0
738517,414,0,4446,-7202,1,0,1
738518,65535,255,2320,-7481,0,0,0
738519,65535,255,537,10123,0,0,0
738520,65535,255,3235,9820,0,0,0
738521,65535,255,5117,9454,0,0,0
