sdate,line_t,line_tmq,line_tvza,line_tvaa,line_tm2,line_QFDNB,line_tm_buf
735235,65535,255,5962,-8449,0,0,0
735236,65535,255,4108,-8220,0,0,0
735237,65535,255,1063,-8250,0,0,0
735238,65535,255,2497,10036,0,0,0
735239,65535,255,4973,10269,0,0,0
735240,719,0,6394,-8495,1,0,1
735241,65535,255,4835,-8352,0,0,0
735242,65535,255,2204,-8202,0,0,0
735243,65535,255,1390,10154,0,0,0
735244,65535,255,4294,10214,0,0,0
735245,65535,255,6031,10382,0,0,0
735246,65535,255,5439,-8388,0,0,0
735247,65535,255,3219,-8159,0,0,0
735248,0,0,0,0,0,0,0
735249,65535,255,3485,10164,0,0,0
735250,65535,255,5554,10297,0,0,0
735251,65535,255,5950,-8446,0,0,0
735252,65535,255,4093,-8269,0,0,0
735253,65535,255,1039,-7964,0,0,0
735254,883,2,2502,10112,1,0,0
735255,310,0,4975,10273,1,0,1
735256,65535,255,6394,-8509,0,0,0
735257,65535,255,4835,-8305,0,0,0
735258,1489,0,2211,-8084,1,0,1
735259,65535,255,1373,9887,0,0,0
735260,65535,255,4276,10233,0,0,0
735261,65535,255,6021,10373,0,0,0
735262,65535,255,5453,-8394,0,0,0
735263,65535,255,3247,-8161,0,0,0
735264,65535,255,144,10110,0,0,0
735265,65535,255,3443,10162,0,0,0
735266,65535,255,5529,10327,0,0,0
735267,854,0,5970,-8455,1,0,1
735268,65535,255,4128,-8230,0,0,0
735269,65535,255,1097,-8277,0,0,0
735270,65535,255,2458,10072,0,0,0
735271,65535,255,4944,10288,0,0,0
735272,65535,255,6409,-8508,0,0,0
735273,65535,255,4861,-8339,0,0,0
735274,65535,255,2259,-8102,0,0,0
735275,65535,255,1327,9931,0,0,0
735276,65535,255,4247,10150,0,0,0
735277,65535,255,6001,10390,0,0,0
735278,65535,255,5473,-8419,0,0,0
735279,690,0,3287,-8230,1,0,1
735280,554,0,112,7748,1,0,1
735281,65535,255,3409,10097,0,0,0
735282,65535,255,5509,10301,0,0,0
735283,726,2,5987,-8463,1,0,1
735284,65535,255,4156,-8315,0,0,0
735285,620,0,1142,-8215,1,0,1
735286,889,0,2418,10056,1,0,1
735287,1740,0,4923,10287,1,0,1
735288,688,0,6405,10477,1,0,1
735289,65535,255,4884,-8306,0,0,0
735290,892,0,2296,-8133,1,0,1
735291,708,0,1288,9953,1,0,1
735292,65535,255,4222,10148,0,0,0
735293,65535,255,5985,10388,0,0,0
735294,65535,255,5492,-8408,0,0,0
735295,65535,255,3314,-8203,0,0,0
735296,65535,255,61,12006,0,0,0
735297,65535,255,3376,10194,0,0,0
735298,710,0,5491,10345,1,0,0
735299,0,0,0,0,0,0,0
735300,65535,255,4182,-8261,0,0,0
735301,65535,255,1181,-7958,0,0,0
735302,65535,255,2383,10134,0,0,0
735303,0,0,0,0,0,0,0
735304,65535,255,6395,10436,0,0,0
735305,0,0,0,0,0,0,0
735306,65535,255,2332,-8190,0,0,0
735307,65535,255,1242,10083,0,0,0
735308,65535,255,4196,10193,0,0,0
735309,65535,255,5972,10358,0,0,0
735310,65535,255,5508,-8381,0,0,0
735311,65535,255,3346,-8159,0,0,0
735312,65535,255,20,12893,0,0,0
735313,65535,255,3349,10185,0,0,0
735314,0,0,0,0,0,0,0
735315,65535,255,6016,-8446,0,0,0
735316,65535,255,4207,-8297,0,0,0
735317,65535,255,1215,-8156,0,0,0
735318,65535,255,2353,10038,0,0,0
735319,65535,255,4884,10284,0,0,0
735320,65535,255,6384,10452,0,0,0
735321,65535,255,4925,-8309,0,0,0
735322,65535,255,2362,-8191,0,0,0
735323,65535,255,1214,10138,0,0,0
735324,65535,255,4181,10219,0,0,0
735325,1431,0,5964,10377,1,0,1
735326,694,0,5523,-8414,1,0,1
735327,0,0,0,0,0,0,0
735328,65535,255,20,-964,0,0,0
735329,0,0,0,0,0,0,0
735330,65535,255,5465,10343,0,0,0
735331,65535,255,6026,-8447,0,0,0
735332,65535,255,4221,-8305,0,0,0
735333,65535,255,1238,-8264,0,0,0
735334,65535,255,2338,10120,0,0,0
735335,65535,255,4878,10244,0,0,0
735336,58,2,6379,10458,1,0,0
735337,65535,255,4936,-8376,0,0,0
735338,65535,255,2376,-8165,0,0,0
735339,65535,255,1203,10167,0,0,0
735340,65535,255,4171,10203,0,0,0
735341,433,2,5959,10401,1,0,0
735342,755,0,5528,-8378,1,0,1
735343,65535,255,3375,-8189,0,0,0
735344,65535,255,44,-620,0,0,0
735345,824,0,3330,10147,1,0,1
735346,897,0,5462,10348,1,0,1
735347,0,0,0,0,0,0,0
735348,65535,255,4225,-8230,0,0,0
735349,579,0,1237,-8021,1,0,0
735350,1475,0,2338,10011,1,0,1
735351,1289,0,4877,10221,1,0,1
735352,65535,255,6379,10444,0,0,0
735353,65535,255,4936,-8365,0,0,0
735354,942,0,2376,-8165,1,0,1
735355,856,0,1205,10064,1,0,1
735356,903,0,4174,10157,1,0,1
735357,65535,255,5961,10357,0,0,0
735358,1201,0,5528,-8410,1,0,1
735359,1501,0,3375,-8270,1,0,1
735360,65535,255,28,-13041,0,0,0
735361,65535,255,3335,10120,0,0,0
735362,65535,255,5465,10344,0,0,0
735363,697,0,6028,-8467,1,0,0
735364,65535,255,4221,-8257,0,0,0
735365,675,0,1232,-8184,1,0,1
735366,553,0,2343,10136,1,0,1
735367,823,0,4881,10272,1,0,1
735368,1184,0,6383,10434,1,0,1
735369,1156,0,4930,-8364,1,0,1
735370,921,0,2367,-8191,1,0,1
735371,65535,255,1220,9893,0,0,0
735372,1001,2,4181,10199,1,0,1
735373,65535,255,5963,10394,0,0,0
735374,65535,255,5521,-8391,0,0,0
735375,474,0,3363,-8261,1,0,0
735376,65535,255,28,17959,0,0,0
735377,65535,255,3344,10148,0,0,0
735378,65535,255,5475,10298,0,0,0
735379,65535,255,6018,-8434,0,0,0
735380,65535,255,4207,-8323,0,0,0
735381,1008,0,1210,-8075,1,0,1
735382,1621,0,2364,10108,1,0,1
735383,65535,255,4893,10274,0,0,0
735384,0,0,0,0,0,0,0
735385,65535,255,4913,-8308,0,0,0
735386,65535,255,2337,-8082,0,0,0
735387,539,0,1243,10165,1,0,1
735388,65535,255,4199,10174,0,0,0
735389,65535,255,5973,10387,0,0,0
735390,65535,255,5506,-8394,0,0,0
735391,982,0,3337,-8278,1,0,1
735392,1021,0,58,5307,1,0,1
735393,65535,255,3369,10117,0,0,0
735394,65535,255,5486,10327,0,0,0
735395,1193,0,6005,-8468,1,0,1
735396,896,0,4182,-8295,1,0,1
735397,1195,0,1170,-7984,1,0,1
735398,65535,255,2393,10096,0,0,0
735399,65535,255,4911,10276,0,0,0
735400,65535,255,6400,10452,0,0,0
735401,65535,255,4892,-8328,0,0,0
735402,897,0,2306,-8147,1,0,1
735403,65535,255,1282,9902,0,0,0
735404,65535,255,4222,10223,0,0,0
735405,1922,0,5988,10380,1,0,1
735406,65535,255,5486,-8369,0,0,0
735407,65535,255,3305,-8239,0,0,0
735408,65535,255,81,12341,0,0,0
735409,65535,255,3397,10187,0,0,0
735410,65535,255,5504,10330,0,0,0
735411,65535,255,5988,-8478,0,0,0
735412,714,0,4157,-8313,1,0,1
735413,65535,255,1130,-8127,0,0,0
735414,65535,255,2432,9998,0,0,0
735415,698,0,4935,10234,1,0,1
735416,65535,255,6414,10457,0,0,0
735417,65535,255,4865,-8298,0,0,0
735418,65535,255,2259,-8101,0,0,0
735419,604,0,1328,9858,1,0,1
735420,1420,0,4251,10219,1,0,1
735421,2158,0,6006,10382,1,0,1
735422,870,0,5463,-8380,1,0,1
735423,1012,0,3265,-8275,1,0,1
735424,65535,255,136,8666,0,0,0
735425,65535,255,3439,10101,0,0,0
735426,747,0,5529,10296,1,0,0
735427,910,0,5967,-8451,1,0,1
735428,1023,0,4120,-8277,1,0,1
735429,901,0,1074,-8000,1,0,1
735430,65535,255,2477,10139,0,0,0
735431,65535,255,4965,10226,0,0,0
735432,65535,255,6396,-8494,0,0,0
735433,1278,0,4842,-8340,1,0,1
735434,899,0,2227,-8200,1,0,1
735435,65535,255,1361,10011,0,0,0
735436,65535,255,4272,10153,0,0,0
735437,65535,255,6016,10382,0,0,0
735438,65535,255,5458,-8393,0,0,0
735439,65535,255,3256,-8151,0,0,0
735440,65535,255,140,9176,0,0,0
735441,65535,255,3439,10110,0,0,0
735442,148,2,5528,10296,1,0,1
735443,940,0,5974,-8444,1,0,1
735444,65535,255,4131,-8263,0,0,0
735445,65535,255,1103,-7914,0,0,0
735446,65535,255,2452,10086,0,0,0
735447,1480,0,4943,10284,1,0,1
735448,918,0,6411,-8500,1,0,1
735449,610,0,4865,-8359,1,0,1
735450,1774,0,2264,-8245,1,0,1
735451,1127,0,1321,10135,1,0,1
735452,65535,255,4250,10199,0,0,0
735453,65535,255,6002,10412,0,0,0
735454,1236,0,5475,-8363,1,0,1
735455,1228,0,3287,-8248,1,0,1
735456,65535,255,112,7753,0,0,0
735457,65535,255,3414,10091,0,0,0
735458,154,2,5512,10293,1,0,0
735459,765,0,5989,-8446,1,0,1
735460,1610,0,4156,-8272,1,0,1
735461,65535,255,1136,-8010,0,0,0
735462,907,0,2422,10150,1,0,1
735463,65535,255,4931,10234,0,0,0
735464,65535,255,6412,10436,0,0,0
735465,65535,255,4882,-8316,0,0,0
735466,65535,255,2290,-8175,0,0,0
735467,65535,255,1293,10032,0,0,0
735468,1271,0,4231,10177,1,0,1
735469,864,0,5992,10406,1,0,1
735470,65535,255,5487,-8364,0,0,0
735471,65535,255,3309,-8258,0,0,0
735472,1091,0,79,8129,1,0,0
735473,65535,255,3392,10134,0,0,0
735474,65535,255,5500,10320,0,0,0
735475,995,0,6000,-8475,1,0,1
735476,1430,2,4170,-8232,1,0,1
735477,941,0,1159,-7869,1,0,1
735478,65535,255,2403,10110,0,0,0
735479,1916,0,4919,10222,1,0,1
735480,1322,0,6404,10435,1,0,1
735481,0,0,0,0,0,0,0
735482,65535,255,2311,-8218,0,0,0
735483,65535,255,1271,10163,0,0,0
735484,65535,255,4217,10216,0,0,0
735485,1052,0,5986,10374,1,0,1
735486,925,0,5498,-8406,1,0,1
735487,1129,0,3322,-8212,1,0,1
735488,1678,0,75,5974,1,0,1
735489,1453,0,3384,10106,1,0,1
735490,1073,0,5493,10315,1,0,1
735491,985,0,6004,-8479,1,0,1
735492,683,0,4182,-8246,1,0,1
735493,1591,0,1170,-7956,1,0,1
735494,65535,255,2393,10052,0,0,0
735495,65535,255,4910,10254,0,0,0
735496,65535,255,6399,10459,0,0,0
735497,65535,255,4901,-8372,0,0,0
735498,1543,0,2316,-8134,1,0,1
735499,65535,255,1265,10058,0,0,0
735500,65535,255,4210,10203,0,0,0
735501,65535,255,5982,10373,0,0,0
735502,65535,255,5501,-8411,0,0,0
735503,972,0,3327,-8240,1,0,1
735504,65535,255,55,7944,0,0,0
735505,1590,0,3375,10160,1,0,1
735506,65535,255,5489,10347,0,0,0
735507,65535,255,6003,-8455,0,0,0
735508,0,0,0,0,0,0,0
735509,65535,255,1171,-7870,0,0,0
735510,0,0,0,0,0,0,0
735511,65535,255,4908,10260,0,0,0
735512,65535,255,6398,10467,0,0,0
735513,65535,255,4898,-8311,0,0,0
735514,65535,255,2317,-8217,0,0,0
735515,65535,255,1272,9823,0,0,0
735516,65535,255,4214,10156,0,0,0
735517,65535,255,5979,10414,0,0,0
735518,887,0,5496,-8397,1,0,1
735519,65535,255,3323,-8230,0,0,0
735520,65535,255,60,8115,0,0,0
735521,723,0,3380,10187,1,0,1
735522,65535,255,5494,10297,0,0,0
735523,0,0,0,0,0,0,0
735524,65535,255,4175,-8272,0,0,0
735525,1038,0,1164,-8182,1,0,0
735526,65535,255,2398,10111,0,0,0
735527,920,0,4914,10255,1,0,0
735528,911,0,6400,10475,1,0,1
735529,0,0,0,0,0,0,0
735530,846,0,2301,-8090,1,0,1
735531,65535,255,1282,10059,0,0,0
735532,65535,255,4222,10238,0,0,0
735533,65535,255,5987,10407,0,0,0
735534,65535,255,5486,-8400,0,0,0
735535,65535,255,3305,-8257,0,0,0
735536,971,2,76,11146,1,0,0
735537,65535,255,3397,10117,0,0,0
735538,65535,255,5502,10344,0,0,0
735539,65535,255,5990,-8473,0,0,0
735540,65535,255,4156,-8278,0,0,0
735541,770,0,1137,-8271,1,0,1
735542,65535,255,2428,9982,0,0,0
735543,65535,255,4929,10287,0,0,0
735544,65535,255,6412,10456,0,0,0
735545,65535,255,4871,-8319,0,0,0
735546,65535,255,2269,-8100,0,0,0
735547,65535,255,1316,10162,0,0,0
735548,65535,255,4247,10173,0,0,0
735549,65535,255,6003,10381,0,0,0
735550,1612,0,5468,-8384,1,0,1
735551,65535,255,3274,-8255,0,0,0
735552,1090,0,120,11563,1,0,1
735553,65535,255,3430,10173,0,0,0
735554,65535,255,5525,10320,0,0,0
735555,65535,255,5973,-8463,0,0,0
735556,65535,255,4128,-8282,0,0,0
735557,65535,255,1086,-7938,0,0,0
735558,1048,0,2462,10166,1,0,1
735559,922,0,4950,10292,1,0,1
735560,65535,255,6404,-8482,0,0,0
735561,65535,255,4856,-8301,0,0,0
735562,65535,255,2250,-8115,0,0,0
735563,0,0,0,0,0,0,0
735564,65535,255,4254,10241,0,0,0
735565,65535,255,6005,10415,0,0,0
735566,65535,255,5471,-8421,0,0,0
735567,65535,255,3278,-8180,0,0,0
735568,65535,255,111,8978,0,0,0
735569,65535,255,3418,10084,0,0,0
735570,65535,255,5513,10337,0,0,0
735571,65535,255,5986,-8468,0,0,0
735572,929,0,4153,-8283,1,0,1
735573,649,0,1131,-7916,1,0,1
735574,65535,255,2428,10046,0,0,0
735575,65535,255,4932,10252,0,0,0
735576,65535,255,6412,10434,0,0,0
735577,65535,255,4879,-8297,0,0,0
735578,65535,255,2285,-8059,0,0,0
735579,65535,255,1293,10140,0,0,0
735580,65535,255,4231,10185,0,0,0
735581,65535,255,5993,10396,0,0,0
735582,65535,255,5488,-8408,0,0,0
735583,65535,255,3304,-8181,0,0,0
735584,65535,255,74,9787,0,0,0
735585,65535,255,3396,10136,0,0,0
735586,65535,255,5503,10308,0,0,0
735587,65535,255,5997,-8456,0,0,0
735588,65535,255,4170,-8285,0,0,0
735589,65535,255,1158,-8010,0,0,0
735590,65535,255,2403,10139,0,0,0
735591,65535,255,4920,10224,0,0,0
735592,65535,255,6403,10479,0,0,0
735593,65535,255,4891,-8298,0,0,0
735594,671,0,2306,-8117,1,0,0
735595,898,0,1282,9904,1,0,1
735596,919,0,4221,10226,1,0,1
735597,65535,255,5988,10384,0,0,0
735598,65535,255,5495,-8404,0,0,0
735599,65535,255,3318,-8191,0,0,0
735600,65535,255,61,11990,0,0,0
735601,0,0,0,0,0,0,0
735602,1190,0,5495,10345,1,0,1
735603,1136,0,6000,-8436,1,0,1
735604,65535,255,4178,-8265,0,0,0
735605,886,0,1164,-8011,1,0,1
735606,672,2,2398,10129,1,0,0
735607,1645,0,4916,10246,1,0,1
735608,1042,0,6403,10451,1,0,1
735609,1328,2,4895,-8348,1,0,1
735610,779,0,2306,-8060,1,0,1
735611,771,0,1277,9852,1,0,1
735612,1019,0,4221,10144,1,0,1
735613,65535,255,5986,10396,0,0,0
735614,65535,255,5493,-8372,0,0,0
735615,65535,255,3318,-8265,0,0,0
735616,65535,255,64,9288,0,0,0
735617,65535,255,3388,10171,0,0,0
735618,65535,255,5498,10345,0,0,0
735619,807,0,5998,-8444,1,0,1
735620,751,0,4171,-8298,1,0,1
735621,761,0,1159,-8125,1,0,1
735622,953,0,2409,9981,1,0,1
735623,999,0,4920,10241,1,0,1
735624,692,0,6405,10437,1,0,1
735625,65535,255,4889,-8309,0,0,0
735626,65535,255,2301,-8131,0,0,0
735627,931,0,1282,9931,1,0,1
735628,1190,0,4219,10188,1,0,1
735629,1261,0,5987,10380,1,0,1
735630,777,0,5494,-8399,1,0,1
735631,851,0,3314,-8181,1,0,1
735632,705,0,64,10849,1,0,1
735633,841,0,3384,10171,1,0,1
735634,1699,0,5496,10331,1,0,1
735635,1446,0,5996,-8444,1,0,1
735636,1133,0,4171,-8278,1,0,1
735637,943,0,1158,-8038,1,0,1
735638,751,0,2403,9983,1,0,1
735639,847,0,4914,10251,1,0,1
735640,1620,0,6402,10448,1,0,1
735641,1249,0,4889,-8347,1,0,1
735642,1187,0,2301,-8093,1,0,1
735643,65535,255,1284,9857,0,0,0
735644,65535,255,4218,10246,0,0,0
735645,65535,255,5986,10388,0,0,0
735646,65535,255,5489,-8421,0,0,0
735647,65535,255,3310,-8255,0,0,0
735648,564,0,71,8407,1,0,1
735649,267,2,3393,10154,1,0,0
735650,65535,255,5499,10337,0,0,0
735651,852,0,5992,-8439,1,0,1
735652,65535,255,4164,-8291,0,0,0
735653,1142,0,1147,-8153,1,0,1
735654,65535,255,2418,10061,0,0,0
735655,65535,255,4924,10256,0,0,0
735656,905,0,6408,10442,1,0,1
735657,855,0,4881,-8351,1,0,1
735658,65535,255,2284,-8088,0,0,0
735659,65535,255,1304,10010,0,0,0
735660,65535,255,4236,10207,0,0,0
735661,65535,255,5997,10382,0,0,0
735662,65535,255,5475,-8360,0,0,0
735663,855,0,3282,-8160,1,0,1
735664,65535,255,106,12122,0,0,0
735665,65535,255,3418,10130,0,0,0
735666,65535,255,5514,10348,0,0,0
735667,65535,255,5979,-8466,0,0,0
735668,768,2,4138,-8254,1,0,1
735669,1367,0,1108,-8121,1,0,1
735670,517,0,2452,10102,1,0,1
735671,65535,255,4944,10288,0,0,0
735672,65535,255,6411,-8504,0,0,0
735673,974,0,4866,-8321,1,0,1
735674,876,0,2269,-8113,1,0,1
735675,436,0,1316,9960,1,0,1
735676,1604,0,4240,10160,1,0,1
735677,534,0,5995,10402,1,0,1
735678,932,0,5481,-8360,1,0,1
735679,65535,255,3301,-8273,0,0,0
735680,0,0,0,0,0,0,0
735681,65535,255,3392,10172,0,0,0
735682,65535,255,5498,10346,0,0,0
735683,141,2,5997,-8443,1,0,1
735684,65535,255,4174,-8298,0,0,1
735685,680,0,1170,-8238,1,0,1
735686,65535,255,2393,10099,0,0,1
735687,65535,255,4908,10235,0,0,0
735688,0,0,0,0,0,0,0
735689,721,2,4904,-8369,1,0,0
735690,65535,255,2327,-8145,0,0,0
735691,65535,255,1248,10141,0,0,0
735692,65535,255,4200,10239,0,0,0
735693,65535,255,5973,10403,0,0,0
735694,65535,255,5508,-8381,0,0,0
735695,65535,255,3345,-8201,0,0,0
735696,699,0,33,5184,1,0,1
735697,1008,0,3353,10180,1,0,1
735698,65535,255,5478,10298,0,0,0
735699,554,0,6017,-8460,1,0,1
735700,758,0,4207,-8286,1,0,1
735701,799,0,1215,-8262,1,0,1
735702,65535,255,2354,10129,0,0,0
735703,65535,255,4884,10282,0,0,0
735704,0,0,0,0,0,0,0
735705,65535,255,4928,-8371,0,0,0
735706,65535,255,2362,-8201,0,0,0
735707,65535,255,1215,9924,0,0,0
735708,65535,255,4178,10210,0,0,0
735709,957,0,5961,10397,1,0,1
735710,65535,255,5525,-8392,0,0,0
735711,65535,255,3371,-8266,0,0,0
735712,65535,255,35,-14998,0,0,0
735713,0,0,0,0,0,0,0
735714,65535,255,5465,10309,0,0,0
735715,65535,255,6028,-8443,0,0,0
735716,1791,0,4221,-8240,1,0,1
735717,1248,0,1237,-8179,1,0,1
735718,707,0,2339,9973,1,0,1
735719,1346,0,4878,10221,1,0,1
735720,65535,255,6377,10470,0,0,0
735721,904,0,4936,-8345,1,0,1
735722,639,0,2376,-8188,1,0,1
735723,651,2,1203,9949,1,0,0
735724,781,0,4167,10237,1,0,1
735725,836,0,5957,10364,1,0,1
735726,65535,255,5528,-8369,0,0,0
735727,65535,255,3379,-8230,0,0,0
735728,789,0,36,-12928,1,0,1
735729,65535,255,3326,10179,0,0,0
735730,65535,255,5462,10324,0,0,0
735731,65535,255,6031,-8467,0,0,0
735732,1345,0,4225,-8301,1,0,1
735733,639,0,1237,-8072,1,0,1
735734,706,0,2333,10154,1,0,1
735735,65535,255,4875,10221,0,0,0
735736,65535,255,6376,10477,0,0,0
735737,65535,255,4937,-8372,0,0,0
735738,503,0,2372,-8081,1,0,1
735739,722,0,1204,9811,1,0,1
735740,65535,255,4171,10216,0,0,0
735741,0,0,0,0,0,0,0
735742,65535,255,5526,-8379,0,0,0
735743,65535,255,3375,-8275,0,0,0
735744,403,2,23,-2322,1,0,1
735745,65535,255,3331,10124,0,0,0
735746,65535,255,5465,10305,0,0,0
735747,65535,255,6024,-8458,0,0,0
735748,65535,255,4218,-8300,0,0,0
735749,65535,255,1232,-8126,0,0,0
735750,982,0,2344,9988,1,0,1
735751,65535,255,4881,10254,0,0,0
735752,65535,255,6380,10449,0,0,0
735753,65535,255,4925,-8338,0,0,0
735754,65535,255,2362,-8228,0,0,0
735755,65535,255,1215,10143,0,0,0
735756,815,2,4178,10210,1,0,0
735757,65535,255,5965,10362,0,0,0
735758,65535,255,5518,-8387,0,0,0
735759,939,0,3354,-8166,1,0,1
735760,65535,255,6,14081,0,0,0
735761,65535,255,3345,10181,0,0,0
735762,0,0,0,0,0,0,0
735763,1000,0,6016,-8437,1,0,1
735764,800,0,4203,-8272,1,0,1
735765,973,0,1209,-8042,1,0,1
735766,65535,255,2364,9965,0,0,0
735767,1822,0,4890,10250,1,0,1
735768,65535,255,6387,10454,0,0,0
735769,682,0,4913,-8359,1,0,1
735770,65535,255,2337,-8078,0,0,0
735771,65535,255,1243,9900,0,0,0
735772,65535,255,4196,10157,0,0,0
735773,597,0,5971,10399,1,0,1
735774,65535,255,5503,-8367,0,0,0
735775,1097,2,3336,-8275,1,0,0
735776,1052,0,35,8767,1,0,1
735777,701,0,3367,10173,1,0,1
735778,979,0,5484,10345,1,0,1
735779,65535,255,6003,-8444,0,0,0
735780,65535,255,4185,-8291,0,0,0
735781,65535,255,1175,-8152,0,0,0
735782,65535,255,2388,9994,0,0,0
735783,65535,255,4905,10224,0,0,0
735784,1329,0,6396,10463,1,0,1
735785,1023,0,4901,-8330,1,0,1
735786,992,0,2322,-8117,1,0,1
735787,789,0,1256,10055,1,0,1
735788,0,0,0,0,0,0,0
735789,65535,255,5978,10388,0,0,0
735790,65535,255,5501,-8385,0,0,0
735791,65535,255,3332,-8256,0,0,0
735792,65535,255,48,14345,0,0,0
735793,65535,255,3367,10163,0,0,0
735794,65535,255,5486,10309,0,0,0
735795,577,0,6007,-8444,1,0,1
735796,941,0,4189,-8250,1,0,1
735797,1484,0,1187,-8208,1,0,1
735798,2243,1,2384,9980,1,0,1
735799,65535,255,4902,10229,0,0,0
735800,65535,255,6392,10473,0,0,0
735801,65535,255,4907,-8353,0,0,0
735802,1186,0,2327,-8200,1,0,1
735803,1015,0,1254,9982,1,0,1
735804,991,0,4200,10239,1,0,1
735805,0,0,0,0,0,0,0
735806,0,0,0,0,0,0,0
735807,0,0,0,0,0,0,0
735808,65535,255,40,13195,0,0,0
735809,65535,255,3367,10154,0,0,1
735810,65535,255,5486,10308,0,0,0
735811,65535,255,6005,-8426,0,0,0
735812,1169,0,4179,-8288,1,0,1
735813,731,0,1164,-8154,1,0,1
735814,777,0,2413,9981,1,0,1
735815,65535,255,4929,10236,0,0,0
735816,827,0,6411,10481,1,0,1
735817,65535,255,4868,-8307,0,0,0
735818,1327,0,2258,-8099,1,0,1
735819,0,0,0,0,0,0,0
735820,65535,255,4265,10168,0,0,0
735821,65535,255,6011,10371,0,0,0
735822,65535,255,5465,-8359,0,0,0
735823,1318,0,3269,-8188,1,0,1
735824,930,0,122,9069,1,0,1
735825,65535,255,3431,10068,0,0,0
735826,65535,255,5521,10325,0,0,0
735827,65535,255,5979,-8450,0,0,0
735828,65535,255,4142,-8248,0,0,0
735829,820,0,1119,-8183,1,0,1
735830,65535,255,2438,10152,0,0,0
735831,65535,255,4938,10286,0,0,0
735832,65535,255,6417,10450,0,0,0
735833,1011,0,4873,-8307,1,0,1
735834,1222,0,2274,-8057,1,0,1
735835,770,0,1310,10086,1,0,1
735836,1077,0,4243,10153,1,0,1
735837,829,0,5997,10369,1,0,1
735838,876,0,5482,-8361,1,0,0
735839,65535,255,3300,-8208,0,0,0
735840,65535,255,86,9859,0,0,0
735841,65535,255,3401,10110,0,0,0
735842,65535,255,5505,10355,0,0,0
735843,65535,255,5993,-8423,0,0,0
735844,1686,0,4167,-8311,1,0,1
735845,65535,255,1147,-8036,0,0,0
735846,1002,0,2413,10112,1,0,1
735847,1553,0,4922,10279,1,0,0
735848,1294,0,6406,10452,1,0,1
735849,1103,0,4888,-8319,1,0,1
735850,1269,0,2301,-8116,1,0,1
735851,799,0,1283,9827,1,0,1
735852,1111,0,4221,10206,1,0,1
735853,1807,0,5992,10386,1,0,1
735854,65535,255,5490,-8406,0,0,0
735855,1098,0,3309,-8259,1,0,1
735856,1335,0,75,10715,1,0,1
735857,1122,0,3396,10097,1,0,1
735858,65535,255,5503,10329,0,0,0
735859,65535,255,5995,-8451,0,0,0
735860,65535,255,4167,-8225,0,0,0
735861,503,0,1147,-8040,1,0,1
735862,0,0,0,0,0,0,0
735863,0,0,0,0,0,0,0
735864,65535,255,6407,10463,0,0,0
735865,1882,2,4885,-8322,1,0,1
735866,1716,0,2290,-8076,1,0,1
735867,65535,255,1294,10083,0,0,0
735868,0,0,0,0,0,0,0
735869,0,0,0,0,0,0,0
735870,65535,255,5485,-8364,0,0,0
735871,65535,255,3300,-8202,0,0,1
735872,65535,255,88,7532,0,0,0
735873,65535,255,3397,10176,0,0,0
735874,65535,255,5501,10324,0,0,0
735875,65535,255,5996,-8459,0,0,1
735876,65535,255,4174,-8274,0,0,0
735877,911,0,1165,-7898,1,0,0
735878,1373,0,2398,10043,1,0,1
735879,1925,0,4911,10253,1,0,1
735880,936,0,6399,10437,1,0,1
735881,939,0,4901,-8301,1,0,1
735882,910,0,2322,-8135,1,0,1
735883,827,0,1255,9873,1,0,1
735884,958,0,4200,10222,1,0,1
735885,463,0,5974,10359,1,0,1
735886,483,0,5506,-8366,1,0,1
735887,305,0,3345,-8242,1,0,0
735888,65535,255,51,12458,0,0,0
735889,65535,255,3376,10163,0,0,0
735890,65535,255,5494,10314,0,0,0
735891,65535,255,5998,-8468,0,0,0
735892,0,0,0,0,0,0,0
735893,65535,255,1152,-8041,0,0,0
735894,65535,255,2413,10131,0,0,0
735895,65535,255,4926,10217,0,0,0
735896,577,0,6409,10474,1,0,1
735897,65535,255,4878,-8376,0,0,0
735898,0,0,0,0,0,0,0
735899,65535,255,1316,9851,0,0,0
735900,806,0,4243,10227,1,0,1
735901,852,0,6005,10371,1,0,1
735902,1015,0,5469,-8400,1,0,1
735903,929,0,3274,-8234,1,0,1
735904,716,0,117,11014,1,0,0
735905,65535,255,3426,10148,0,0,0
735906,65535,255,5519,10304,0,0,0
735907,65535,255,5979,-8446,0,0,0
735908,65535,255,4142,-8256,0,0,0
735909,65535,255,1120,-8280,0,0,0
735910,65535,255,2443,10016,0,0,0
735911,65535,255,4938,10246,0,0,0
735912,0,0,0,0,0,0,0
735913,65535,255,4868,-8303,0,0,0
735914,65535,255,2269,-8093,0,0,0
735915,65535,255,1322,9828,0,0,0
735916,65535,255,4257,10218,0,0,0
735917,65535,255,6007,10364,0,0,0
735918,65535,255,5468,-8389,0,0,0
735919,811,0,3275,-8160,1,0,1
735920,65535,255,109,9860,0,0,0
735921,65535,255,3418,10162,0,0,0
735922,574,0,5516,10336,1,0,1
735923,65535,255,5984,-8434,0,0,0
735924,852,0,4152,-8266,1,0,1
735925,65535,255,1130,-8015,0,0,0
735926,65535,255,2433,9959,0,0,0
735927,65535,255,4932,10253,0,0,0
735928,0,0,0,0,0,0,0
735929,0,0,0,0,0,0,0
735930,65535,255,2285,-8111,0,0,0
735931,0,0,0,0,0,0,0
735932,0,0,0,0,0,0,0
735933,65535,255,5996,10362,0,0,0
735934,843,0,5488,-8404,1,0,1
735935,756,0,3308,-8236,1,0,1
735936,998,0,79,8144,1,0,1
735937,1803,0,3397,10161,1,0,1
735938,65535,255,5504,10280,0,0,0
735939,65535,255,5997,-8466,0,0,0
735940,837,0,4167,-8240,1,0,1
735941,65535,255,1153,-8021,0,0,0
735942,65535,255,2412,10015,0,0,0
735943,65535,255,4922,10211,0,0,0
735944,65535,255,6407,10430,0,0,0
735945,65535,255,4891,-8347,0,0,0
735946,65535,255,2301,-8113,0,0,0
735947,65535,255,1282,10103,0,0,0
735948,636,0,4226,10164,1,0,1
735949,1309,0,5991,10406,1,0,1
735950,245,0,5492,-8400,1,0,1
735951,1678,0,3314,-8257,1,0,1
735952,65535,255,71,11239,0,0,0
735953,0,0,0,0,0,0,0
735954,978,0,5501,10349,1,0,1
735955,0,0,0,0,0,0,0
735956,0,0,0,0,0,0,0
735957,65535,255,1153,-7874,0,0,0
735958,65535,255,2413,10010,0,0,0
735959,65535,255,4925,10231,0,0,0
735960,1105,0,6408,10470,1,0,1
735961,1687,0,4888,-8351,1,0,0
735962,65535,255,2295,-8182,0,0,0
735963,65535,255,1294,9922,0,0,0
735964,836,0,4232,10223,1,0,1
735965,65535,255,5996,10379,0,0,0
735966,1304,0,5487,-8427,1,0,1
735967,65535,255,3300,-8199,0,0,1
735968,65535,255,86,9831,0,0,0
735969,65535,255,3409,10118,0,0,0
735970,0,0,0,0,0,0,0
735971,65535,255,5988,-8441,0,0,0
735972,901,0,4156,-8245,1,0,1
735973,728,0,1131,-8251,1,0,1
735974,698,0,2437,10013,1,0,1
735975,845,0,4937,10243,1,0,1
735976,1741,0,6417,-8526,1,0,1
735977,751,0,4870,-8311,1,0,1
735978,1245,0,2263,-8109,1,0,1
735979,813,0,1328,9876,1,0,1
735980,630,0,4253,10225,1,0,1
735981,808,0,6009,10361,1,0,1
735982,972,0,5470,-8384,1,0,1
735983,1381,0,3272,-8274,1,0,1
735984,1287,0,130,8601,1,0,1
735985,683,0,3439,10103,1,0,1
735986,65535,255,5529,10293,0,0,0
735987,65535,255,5973,-8451,0,0,0
735988,65535,255,4127,-8277,0,0,0
735989,1068,2,1085,-7979,1,0,1
735990,65535,255,2472,10131,0,0,0
735991,65535,255,4962,10219,0,0,0
735992,1092,0,6402,-8520,1,0,1
735993,65535,255,4844,-8309,0,0,0
735994,450,0,2221,-8135,1,0,0
735995,65535,255,1373,9955,0,0,0
735996,65535,255,4287,10154,0,0,0
735997,65535,255,6025,10388,0,0,0
735998,65535,255,5445,-8423,0,0,0
735999,1008,0,3228,-8233,1,0,0
736000,65535,255,179,10082,0,0,0
736001,65535,255,3469,10149,0,0,0
736002,181,2,5544,10318,1,0,0
736003,554,0,5960,-8474,1,0,1
736004,65535,255,4109,-8325,0,0,0
736005,65535,255,1063,-8193,0,0,0
736006,65535,255,2492,10030,0,0,0
736007,538,0,4968,10268,1,0,1
736008,690,0,6396,-8498,1,0,1
736009,65535,255,4844,-8359,0,0,0
736010,65535,255,2222,-8061,0,0,0
736011,0,0,0,0,0,0,0
736012,0,0,0,0,0,0,0
736013,65535,255,6019,10379,0,0,0
736014,65535,255,5456,-8409,0,0,0
736015,65535,255,3251,-8215,0,0,0
736016,1259,0,153,9861,1,0,1
736017,65535,255,3448,10095,0,0,0
736018,65535,255,5532,10299,0,0,0
736019,1498,0,5969,-8466,1,0,1
736020,65535,255,4124,-8332,0,0,0
736021,65535,255,1092,-8315,0,0,0
736022,65535,255,2467,10106,0,0,0
736023,65535,255,4957,10224,0,0,0
736024,828,0,6404,-8531,1,0,0
736025,65535,255,4854,-8342,0,0,0
736026,998,0,2240,-8181,1,0,1
736027,961,0,1351,9879,1,0,1
736028,1337,0,4265,10153,1,0,1
736029,804,0,6012,10403,1,0,1
736030,65535,255,5460,-8377,0,0,0
736031,65535,255,3260,-8168,0,0,0
736032,65535,255,130,11165,0,0,0
736033,65535,255,3439,10095,0,0,0
736034,65535,255,5526,10312,0,0,0
736035,65535,255,5972,-8451,0,0,0
736036,65535,255,4131,-8270,0,0,0
736037,65535,255,1096,-8131,0,0,0
736038,65535,255,2462,10054,0,0,0
736039,1578,0,4954,10219,1,0,1
736040,65535,255,6408,-8538,0,0,0
736041,65535,255,4856,-8365,0,0,0
736042,65535,255,2242,-8136,0,0,0
736043,65535,255,1345,10103,0,0,0
736044,65535,255,4262,10233,0,0,0
736045,65535,255,6012,10395,0,0,0
736046,65535,255,5460,-8381,0,0,0
736047,483,2,3260,-8204,1,0,1
736048,619,0,142,8711,1,0,1
736049,964,0,3440,10166,1,0,1
736050,0,0,0,0,0,0,0
736051,65535,255,5971,-8478,0,0,0
736052,65535,255,4124,-8276,0,0,0
736053,65535,255,1085,-8222,0,0,0
736054,750,0,2468,10132,1,0,0
736055,65535,255,4959,10263,0,0,0
736056,65535,255,6404,-8523,0,0,0
736057,943,0,4850,-8358,1,0,1
736058,65535,255,2232,-8163,0,0,0
736059,65535,255,1362,9833,0,0,0
736060,65535,255,4276,10174,0,0,0
736061,65535,255,6020,10372,0,0,0
736062,227,2,5451,-8371,1,0,1
736063,65535,255,3246,-8204,0,0,0
736064,65535,255,162,9489,0,0,0
736065,65535,255,3460,10079,0,0,0
736066,741,0,5541,10332,1,0,1
736067,65535,255,5961,-8465,0,0,0
736068,65535,255,4108,-8267,0,0,0
736069,798,0,1063,-8288,1,0,1
736070,65535,255,2502,9993,0,0,0
736071,65535,255,4977,10222,0,0,0
736072,65535,255,6393,-8507,0,0,0
736073,925,0,4832,-8345,1,0,1
736074,65535,255,2200,-8176,0,0,0
736075,65535,255,1401,9914,0,0,0
736076,65535,255,4298,10216,0,0,0
736077,65535,255,6034,10410,0,0,0
736078,65535,255,5434,-8397,0,0,0
736079,65535,255,3215,-8211,0,0,0
736080,848,0,203,10237,1,0,1
736081,65535,255,3494,10143,0,0,0
736082,737,0,5561,10307,1,0,1
736083,65535,255,5943,-8458,0,0,0
736084,65535,255,4078,-8279,0,0,0
736085,65535,255,1010,-8161,0,0,0
736086,744,0,2531,10135,1,0,1
736087,65535,255,4992,10283,0,0,0
736088,65535,255,6384,-8512,0,0,0
736089,65535,255,4820,-8305,0,0,0
736090,65535,255,2184,-8055,0,0,0
736091,65535,255,1404,10071,0,0,0
736092,65535,255,4305,10150,0,0,0
736093,65535,255,6036,10366,0,0,0
736094,901,0,5439,-8369,1,0,1
736095,0,0,0,0,0,0,0
736096,65535,255,180,10268,0,0,0
736097,65535,255,3473,10133,0,0,0
736098,65535,255,5549,10297,0,0,0
736099,65535,255,5959,-8440,0,0,0
736100,65535,255,4104,-8238,0,0,0
736101,65535,255,1062,-8223,0,0,0
736102,65535,255,2497,9993,0,0,0
736103,65535,255,4971,10232,0,0,0
736104,1255,0,6399,-8514,1,0,1
736105,65535,255,4844,-8374,0,0,0
736106,1000,0,2224,-8166,1,0,1
736107,523,0,1367,10127,1,0,1
736108,630,2,4279,10182,1,0,0
736109,722,0,6020,10396,1,0,1
736110,740,0,5457,-8413,1,0,1
736111,65535,255,3250,-8185,0,0,0
736112,1692,0,145,9885,1,0,1
736113,65535,255,3448,10140,0,0,0
736114,645,0,5534,10308,1,0,1
736115,65535,255,5970,-8458,0,0,0
736116,0,0,0,0,0,0,0
736117,65535,255,1091,-7976,0,0,0
736118,65535,255,2463,10107,0,0,0
736119,995,0,4950,10290,1,0,1
736120,886,0,6408,-8505,1,0,0
736121,553,0,4859,-8364,1,0,1
736122,899,0,2253,-8265,1,0,1
736123,447,0,1339,10153,1,0,1
736124,1647,0,4257,10194,1,0,1
736125,979,0,6007,10410,1,0,1
736126,925,0,5468,-8373,1,0,1
736127,602,0,3273,-8253,1,0,1
736128,65535,255,129,8037,0,0,0
736129,918,0,3427,10086,1,0,1
736130,1177,0,5521,10289,1,0,1
736131,65535,255,5980,-8450,0,0,0
736132,65535,255,4141,-8277,0,0,0
736133,1151,0,1113,-8011,1,0,1
736134,65535,255,2443,10144,0,0,0
736135,65535,255,4941,10234,0,0,0
736136,931,0,6414,-8527,1,0,1
736137,65535,255,4868,-8321,0,0,0
736138,1119,0,2264,-8179,1,0,1
736139,65535,255,1322,10053,0,0,0
736140,65535,255,4247,10186,0,0,0
736141,65535,255,6001,10410,0,0,0
736142,65535,255,5473,-8373,0,0,0
736143,65535,255,3287,-8282,0,0,0
736144,1280,0,105,9220,1,0,0
736145,860,0,3414,10147,1,0,1
736146,65535,255,5514,10325,0,0,0
736147,65535,255,5983,-8454,0,0,0
736148,65535,255,4146,-8250,0,0,0
736149,65535,255,1125,-7923,0,0,0
736150,65535,255,2433,10118,0,0,0
736151,65535,255,4936,10228,0,0,0
736152,65535,255,6414,10438,0,0,0
736153,0,0,0,0,0,0,0
736154,65535,255,2274,-8237,0,0,0
736155,734,0,1311,10181,1,0,1
736156,943,0,4240,10226,1,0,1
736157,65535,255,5998,10377,0,0,0
736158,1795,0,5476,-8411,1,0,1
736159,1188,0,3287,-8226,1,0,1
736160,914,0,105,7914,1,0,1
736161,677,0,3414,10120,1,0,1
736162,1302,0,5512,10316,1,0,1
736163,65535,255,5985,-8483,0,0,0
736164,1540,2,4149,-8250,1,0,1
736165,917,0,1124,-7982,1,0,1
736166,777,0,2434,9962,1,0,1
736167,65535,255,4935,10256,0,0,0
736168,65535,255,6414,10459,0,0,0
736169,65535,255,4874,-8376,0,0,0
736170,886,0,2274,-8137,1,0,1
736171,65535,255,1316,10027,0,0,0
736172,65535,255,4243,10192,0,0,0
736173,65535,255,6001,10362,0,0,0
736174,65535,255,5475,-8401,0,0,0
736175,65535,255,3286,-8216,0,0,0
736176,65535,255,110,8023,0,0,0
736177,961,0,3414,10129,1,0,1
736178,1127,0,5514,10325,1,0,1
736179,1165,0,5983,-8434,1,0,1
736180,1035,0,4149,-8284,1,0,1
736181,671,0,1124,-8132,1,0,1
736182,1144,0,2438,10041,1,0,1
736183,1032,0,4939,10261,1,0,1
736184,1052,0,6416,-8528,1,0,1
736185,826,2,4870,-8342,1,0,1
736186,1430,0,2264,-8064,1,0,1
736187,971,0,1322,9952,1,0,1
736188,955,0,4250,10179,1,0,1
736189,1197,0,6006,10359,1,0,1
736190,1904,0,5473,-8400,1,0,1
736191,488,0,3277,-8234,1,0,1
736192,1096,0,118,8747,1,0,1
736193,1008,0,3422,10156,1,0,1
736194,1236,0,5521,10349,1,0,1
736195,65535,255,5980,-8462,0,0,0
736196,65535,255,4138,-8254,0,0,0
736197,65535,255,1107,-7950,0,0,0
736198,65535,255,2453,9977,0,0,0
736199,1371,0,4947,10273,1,0,1
736200,65535,255,6411,-8519,0,0,0
736201,65535,255,4862,-8336,0,0,0
736202,65535,255,2253,-8064,0,0,0
736203,65535,255,1339,9954,0,0,0
736204,65535,255,4261,10187,0,0,0
736205,65535,255,6013,10371,0,0,0
736206,1004,0,5467,-8423,1,0,1
736207,951,0,3269,-8280,1,0,1
736208,721,0,134,10622,1,0,1
736209,65535,255,3443,10087,0,0,0
736210,65535,255,5531,10318,0,0,0
736211,657,0,5972,-8441,1,0,1
736212,65535,255,4126,-8303,0,0,0
736213,65535,255,1088,-8066,0,0,0
736214,632,0,2472,10148,1,0,0
736215,65535,255,4959,10269,0,0,0
736216,0,0,0,0,0,0,0
736217,65535,255,4849,-8346,0,0,0
736218,65535,255,2227,-8104,0,0,0
736219,65535,255,1361,10079,0,0,0
736220,65535,255,4276,10229,0,0,0
736221,65535,255,6022,10397,0,0,0
736222,65535,255,5452,-8388,0,0,0
736223,675,0,3245,-8222,1,0,1
736224,898,0,162,9496,1,0,1
736225,900,0,3461,10152,1,0,1
736226,1242,0,5544,10306,1,0,1
736227,911,0,5959,-8435,1,0,1
736228,65535,255,4108,-8309,0,0,0
736229,65535,255,1051,-7878,0,0,0
736230,888,0,2502,9995,1,0,0
736231,1608,0,4979,10270,1,0,1
736232,905,0,6393,-8493,1,0,1
736233,65535,255,4835,-8352,0,0,0
736234,65535,255,2211,-8235,0,0,0
736235,357,0,1384,10126,1,0,0
736236,65535,255,4290,10195,0,0,0
736237,65535,255,6025,10408,0,0,0
736238,65535,255,5447,-8366,0,0,0
736239,65535,255,3242,-8261,0,0,0
736240,531,0,171,8923,1,0,1
736241,65535,255,3461,10106,0,0,0
736242,65535,255,5542,10300,0,0,0
736243,65535,255,5964,-8461,0,0,0
736244,65535,255,4115,-8304,0,0,0
736245,801,0,1074,-8162,1,0,1
736246,65535,255,2486,10015,0,0,0
736247,65535,255,4962,10263,0,0,0
736248,1343,0,6399,-8494,1,0,1
736249,65535,255,4847,-8358,0,0,0
736250,778,0,2227,-8062,1,0,1
736251,706,0,1362,9857,1,0,0
736252,1171,0,4272,10235,1,0,1
736253,65535,255,6017,10380,0,0,0
736254,65535,255,5457,-8413,0,0,0
736255,65535,255,3255,-8214,0,0,0
736256,65535,255,149,9220,0,0,0
736257,65535,255,3448,10096,0,0,0
736258,1286,0,5532,10299,1,0,1
736259,65535,255,5968,-8470,0,0,0
736260,0,0,0,0,0,0,0
736261,65535,255,1091,-8284,0,0,0
736262,65535,255,2467,10094,0,0,0
736263,65535,255,4957,10225,0,0,0
736264,65535,255,6404,-8530,0,0,0
736265,65535,255,4853,-8336,0,0,0
736266,65535,255,2243,-8250,0,0,0
736267,957,0,1350,9829,1,0,0
736268,1028,0,4264,10172,1,0,1
736269,65535,255,6012,10391,0,0,0
736270,65535,255,5458,-8365,0,0,0
736271,65535,255,3260,-8281,0,0,0
736272,0,0,0,0,0,0,0
736273,0,0,0,0,0,0,0
736274,65535,255,5528,10326,0,0,0
736275,65535,255,5971,-8434,0,0,0
736276,0,0,0,0,0,0,0
736277,0,0,0,0,0,0,0
736278,65535,255,2458,9990,0,0,0
736279,376,2,4948,10235,1,0,0
736280,65535,255,6408,-8519,0,0,0
736281,65535,255,4861,-8362,0,0,0
736282,65535,255,2253,-8077,0,0,0
736283,0,0,0,0,0,0,0
736284,65535,255,4251,10200,0,0,0
736285,65535,255,6003,10407,0,0,0
736286,65535,255,5473,-8433,0,0,0
736287,65535,255,3282,-8225,0,0,0
736288,0,0,0,0,0,0,0
736289,65535,255,3415,10138,0,0,0
736290,65535,255,5514,10339,0,0,0
736291,65535,255,5982,-8451,0,0,0
736292,0,0,0,0,0,0,0
736293,0,0,0,0,0,0,0
736294,65535,255,2433,10054,0,0,0
736295,65535,255,4932,10272,0,0,0
736296,463,0,6412,10456,1,0,1
736297,65535,255,4877,-8354,0,0,0
736298,0,0,0,0,0,0,0
736299,65535,255,1305,10155,0,0,0
736300,65535,255,4236,10206,0,0,0
736301,0,0,0,0,0,0,0
736302,65535,255,5481,-8383,0,0,0
736303,473,0,3298,-8242,1,0,0
736304,65535,255,87,9111,0,0,0
736305,65535,255,3405,10146,0,0,0
736306,65535,255,5506,10320,0,0,0
736307,65535,255,5991,-8480,0,0,0
736308,65535,255,4159,-8230,0,0,0
736309,65535,255,1146,-8285,0,0,0
736310,65535,255,2418,10079,0,0,0
736311,65535,255,4927,10260,0,0,0
736312,65535,255,6410,10445,0,0,0
736313,803,0,4883,-8310,1,0,1
736314,65535,255,2290,-8151,0,0,0
736315,65535,255,1293,10027,0,0,0
736316,1066,0,4232,10178,1,0,1
736317,1554,0,5993,10406,1,0,1
736318,65535,255,5485,-8378,0,0,0
736319,65535,255,3300,-8160,0,0,0
736320,65535,255,81,10236,0,0,0
736321,1353,0,3401,10182,1,0,1
736322,65535,255,5505,10352,0,0,0
736323,847,0,5993,-8451,1,0,1
736324,744,0,4167,-8298,1,0,1
736325,863,0,1147,-8188,1,0,1
736326,65535,255,2418,10053,0,0,0
736327,0,0,0,0,0,0,0
736328,65535,255,6413,10427,0,0,0
736329,655,0,4882,-8326,1,0,1
736330,65535,255,2290,-8222,0,0,0
736331,0,0,0,0,0,0,0
736332,0,0,0,0,0,0,0
736333,832,0,5997,10390,1,0,1
736334,65535,255,5486,-8416,0,0,0
736335,970,0,3300,-8281,1,0,1
736336,703,0,87,10223,1,0,1
736337,65535,255,3405,10183,0,0,0
736338,65535,255,5513,10289,0,0,0
736339,65535,255,5992,-8467,0,0,0
736340,0,0,0,0,0,0,0
736341,0,0,0,0,0,0,0
736342,65535,255,2428,10158,0,0,0
736343,65535,255,4935,10256,0,0,0
736344,0,0,0,0,0,0,0
736345,0,0,0,0,0,0,0
736346,34,2,2279,-8193,1,0,1
736347,171,0,1311,10155,1,0,1
736348,65535,255,4243,10240,0,0,0
736349,65535,255,6004,10395,0,0,0
736350,65535,255,5477,-8372,0,0,0
736351,924,0,3287,-8167,1,0,1
736352,415,0,109,11724,1,0,0
736353,65535,255,3422,10104,0,0,0
736354,65535,255,5518,10322,0,0,0
736355,834,0,5983,-8437,1,0,1
736356,65535,255,4145,-8296,0,0,0
736357,65535,255,1113,-8219,0,0,0
736358,65535,255,2447,10107,0,0,0
736359,0,0,0,0,0,0,0
736360,65535,255,6413,-8497,0,0,0
736361,815,0,4864,-8302,1,0,1
736362,742,0,2258,-8206,1,0,1
736363,816,0,1339,9830,1,0,0
736364,65535,255,4261,10154,0,0,0
736365,65535,255,6011,10412,0,0,0
736366,65535,255,5465,-8398,0,0,0
736367,65535,255,3264,-8232,0,0,0
736368,65535,255,134,9383,0,0,0
736369,600,0,3439,10194,1,0,1
736370,802,0,5532,10301,1,0,1
736371,65535,255,5971,-8455,0,0,0
736372,260,2,4123,-8281,1,0,0
736373,1368,0,1085,-8191,1,0,1
736374,65535,255,2472,10108,0,0,0
736375,65535,255,4962,10254,0,0,0
736376,65535,255,6401,-8510,0,0,0
736377,65535,255,4844,-8328,0,0,0
736378,65535,255,2221,-8059,0,0,0
736379,65535,255,1373,10006,0,0,1
736380,65535,255,4280,10211,0,0,0
736381,0,0,0,0,0,0,0
736382,65535,255,5448,-8383,0,0,0
736383,65535,255,3233,-8211,0,0,0
736384,65535,255,175,9341,0,0,0
736385,65535,255,3465,10169,0,0,0
736386,65535,255,5544,10339,0,0,0
736387,1475,0,5955,-8442,1,0,1
736388,65535,255,4101,-8286,0,0,0
736389,65535,255,1051,-8096,0,0,0
736390,0,0,0,0,0,0,0
736391,65535,255,4974,10273,0,0,0
736392,65535,255,6390,-8508,0,0,0
736393,65535,255,4826,-8304,0,0,0
736394,65535,255,2200,-8175,0,0,0
736395,551,0,1390,10080,1,0,1
736396,65535,255,4294,10204,0,0,0
736397,65535,255,6030,10368,0,0,0
736398,65535,255,5437,-8410,0,0,0
736399,65535,255,3219,-8229,0,0,0
736400,65535,255,195,8889,0,0,0
736401,65535,255,3482,10127,0,0,0
736402,65535,255,5551,10327,0,0,0
736403,65535,255,5947,-8437,0,0,0
736404,65535,255,4086,-8278,0,0,0
736405,642,2,1027,-8127,1,0,0
736406,65535,255,2517,10048,0,0,0
736407,855,0,4984,10290,1,0,1
736408,1039,0,6383,-8525,1,0,1
736409,1676,0,4814,-8336,1,0,1
736410,65535,255,2174,-8053,0,0,0
736411,814,0,1419,9916,1,0,1
736412,65535,255,4309,10166,0,0,0
736413,65535,255,6040,10413,0,0,0
736414,0,0,0,0,0,0,0
736415,65535,255,3201,-8180,0,0,0
736416,65535,255,213,8831,0,0,0
736417,65535,255,3486,10163,0,0,0
736418,65535,255,5557,10309,0,0,0
736419,65535,255,5946,-8462,0,0,0
736420,65535,255,4088,-8279,0,0,0
736421,65535,255,1034,-8256,0,0,0
736422,648,0,2507,10148,1,0,1
736423,65535,255,4978,10278,0,0,0
736424,1091,0,6388,-8526,1,0,1
736425,65535,255,4829,-8365,0,0,0
736426,1082,0,2200,-8173,1,0,1
736427,993,0,1390,9840,1,0,1
736428,662,0,4290,10178,1,0,1
736429,551,0,6028,10376,1,0,1
736430,1084,0,5443,-8362,1,0,1
736431,1104,0,3233,-8181,1,0,1
736432,65535,255,171,8928,0,0,0
736433,1190,0,3461,10186,1,0,1
736434,1010,0,5542,10312,1,0,1
736435,65535,255,5962,-8442,0,0,0
736436,851,0,4110,-8271,1,0,0
736437,1213,0,1068,-8034,1,0,1
736438,518,0,2482,10084,1,0,1
736439,735,0,4962,10255,1,0,1
736440,1525,0,6400,-8511,1,0,1
736441,651,0,4847,-8305,1,0,1
736442,1057,0,2229,-8152,1,0,1
736443,587,0,1356,10030,1,0,1
736444,697,0,4269,10237,1,0,1
736445,696,0,6016,10414,1,0,1
736446,65535,255,5459,-8420,0,0,0
736447,65535,255,3255,-8164,0,0,0
736448,65535,255,144,8484,0,0,0
736449,65535,255,3443,10195,0,0,0
736450,65535,255,5529,10319,0,0,0
736451,1041,0,5972,-8451,1,0,0
736452,842,0,4131,-8253,1,0,1
736453,65535,255,1096,-8190,0,0,0
736454,822,0,2462,10132,1,0,1
736455,65535,255,4950,10292,0,0,0
736456,65535,255,6408,-8492,0,0,0
736457,511,2,4859,-8322,1,0,0
736458,65535,255,2248,-8104,0,0,0
736459,65535,255,1339,10180,0,0,0
736460,590,0,4261,10182,1,0,1
736461,65535,255,6011,10385,0,0,0
736462,65535,255,5469,-8389,0,0,0
736463,65535,255,3273,-8269,0,0,0
736464,434,0,122,11803,1,0,1
736465,65535,255,3431,10177,0,0,0
736466,1625,0,5524,10314,1,0,1
736467,65535,255,5979,-8456,0,0,0
736468,65535,255,4141,-8268,0,0,0
736469,65535,255,1114,-8309,0,0,0
736470,65535,255,2453,10018,0,0,0
736471,65535,255,4947,10243,0,0,0
736472,65535,255,6414,-8517,0,0,0
736473,1470,0,4867,-8367,1,0,1
736474,695,0,2264,-8248,1,0,1
736475,65535,255,1327,10056,0,0,0
736476,1390,0,4254,10155,1,0,1
736477,1121,0,6007,10377,1,0,1
736478,65535,255,5472,-8384,0,0,0
736479,65535,255,3282,-8270,0,0,0
736480,65535,255,125,7706,0,0,0
736481,65535,255,3424,10099,0,0,0
736482,65535,255,5519,10332,0,0,0
736483,65535,255,5983,-8477,0,0,0
736484,65535,255,4148,-8303,0,0,0
736485,65535,255,1118,-8038,0,0,0
736486,0,0,0,0,0,0,0
736487,65535,255,4941,10286,0,0,0
736488,0,0,0,0,0,0,0
736489,65535,255,4870,-8340,0,0,0
736490,65535,255,2268,-8191,0,0,0
736491,727,2,1322,9980,1,0,1
736492,65535,255,4250,10156,0,0,0
736493,65535,255,6005,10373,0,0,0
736494,65535,255,5472,-8384,0,0,0
736495,1299,0,3282,-8270,1,0,1
736496,841,0,116,8116,1,0,1
736497,921,0,3423,10079,1,0,1
736498,862,0,5516,10346,1,0,1
736499,865,0,5981,-8428,1,0,1
736500,65535,255,4142,-8226,0,0,0
736501,65535,255,1119,-8187,0,0,0
736502,65535,255,2443,9991,0,0,0
736503,65535,255,4941,10242,0,0,0
736504,780,0,6413,-8525,1,0,0
736505,65535,255,4867,-8307,0,0,0
736506,65535,255,2264,-8105,0,0,0
736507,870,0,1328,9855,1,0,1
736508,983,0,4248,10216,1,0,1
736509,847,0,6005,10361,1,0,1
736510,1066,0,5470,-8375,1,0,1
736511,800,0,3278,-8260,1,0,1
736512,65535,255,123,7952,0,0,0
736513,65535,255,3427,10080,0,0,0
736514,1392,0,5517,10351,1,0,1
736515,1188,0,5978,-8435,1,0,1
736516,1036,0,4138,-8246,1,0,1
736517,799,0,1113,-8308,1,0,1
736518,1430,0,2448,10044,1,0,1
736519,65535,255,4942,10270,0,0,0
736520,65535,255,6410,-8488,0,0,0
736521,1323,0,4862,-8339,1,0,1
736522,823,0,2259,-8205,1,0,1
736523,670,0,1333,10056,1,0,1
736524,1664,0,4255,10169,1,0,1
736525,912,0,6005,10393,1,0,0
736526,909,0,5468,-8421,1,0,1
736527,1055,0,3269,-8212,1,0,1
736528,65535,255,124,11213,0,0,0
736529,65535,255,3427,10186,0,0,0
736530,65535,255,5522,10338,0,0,0
736531,65535,255,5974,-8427,0,0,0
736532,65535,255,4131,-8239,0,0,0
736533,65535,255,1102,-8310,0,0,0
736534,65535,255,2458,10058,0,0,0
736535,1611,0,4947,10276,1,0,1
736536,812,0,6406,-8499,1,0,1
736537,65535,255,4856,-8361,0,0,0
736538,1191,0,2243,-8046,1,0,1
736539,65535,255,1348,9971,0,0,0
736540,65535,255,4262,10217,0,0,0
736541,65535,255,6012,10362,0,0,0
736542,65535,255,5460,-8383,0,0,0
736543,65535,255,3255,-8145,0,0,0
736544,504,0,139,9651,1,0,1
736545,65535,255,3443,10143,0,0,0
736546,65535,255,5530,10316,0,0,0
736547,65535,255,5969,-8475,0,0,0
736548,633,0,4124,-8328,1,0,1
736549,1173,0,1085,-8220,1,0,1
736550,65535,255,2474,10042,0,0,0
736551,520,2,4959,10272,1,0,1
736552,65535,255,6400,-8498,0,0,0
736553,65535,255,4847,-8360,0,0,0
736554,1428,0,2227,-8058,1,0,1
736555,65535,255,1367,9861,0,0,0
736556,1025,0,4276,10157,1,0,1
736557,979,0,6019,10391,1,0,1
736558,65535,255,5453,-8423,0,0,0
736559,615,0,3246,-8238,1,0,1
736560,1144,0,168,8500,1,0,1
736561,65535,255,3461,10100,0,0,0
736562,559,0,5542,10304,1,0,0
736563,65535,255,5962,-8466,0,0,0
736564,65535,255,4112,-8315,0,0,0
736565,65535,255,1063,-8220,0,0,0
736566,65535,255,2492,10047,0,0,0
736567,1347,0,4971,10278,1,0,1
736568,813,0,6393,-8507,1,0,1
736569,1682,0,4832,-8292,1,0,1
736570,629,0,2205,-8129,1,0,1
736571,1471,0,1390,9961,1,0,1
736572,1427,0,4294,10166,1,0,1
736573,1082,0,6030,10401,1,0,1
736574,65535,255,5439,-8365,0,0,0
736575,65535,255,3223,-8276,0,0,0
736576,65535,255,186,9545,0,0,0
736577,65535,255,3478,10154,0,0,0
736578,65535,255,5552,10332,0,0,0
736579,1429,0,5950,-8431,1,0,1
736580,693,0,4089,-8270,1,0,1
736581,65535,255,1033,-8030,0,0,0
736582,65535,255,2522,9986,0,0,0
736583,65535,255,4989,10259,0,0,0
736584,502,2,6383,-8498,1,0,1
736585,578,0,4818,-8360,1,0,0
736586,1045,0,2179,-8113,1,0,1
736587,697,0,1413,10120,1,0,1
736588,65535,255,4308,10227,0,0,0
736589,65535,255,6038,10382,0,0,0
736590,65535,255,5436,-8413,0,0,0
736591,901,0,3219,-8228,1,0,1
736592,65535,255,195,8885,0,0,0
736593,65535,255,3477,10128,0,0,0
736594,65535,255,5552,10319,0,0,0
736595,65535,255,5956,-8420,0,0,0
736596,65535,255,4104,-8256,0,0,0
736597,65535,255,1056,-8000,0,0,1
736598,65535,255,2498,9971,0,0,0
736599,65535,255,4971,10262,0,0,0
736600,65535,255,6398,-8497,0,0,0
736601,65535,255,4841,-8325,0,0,0
736602,765,0,2226,-8145,1,0,1
736603,456,2,1373,10103,1,0,0
736604,65535,255,4280,10149,0,0,0
736605,65535,255,6021,10387,0,0,0
736606,65535,255,5457,-8416,0,0,0
736607,0,0,0,0,0,0,0
736608,65535,255,147,9871,0,0,0
736609,65535,255,3444,10158,0,0,0
736610,65535,255,5531,10296,0,0,0
736611,880,0,5972,-8428,1,0,1
736612,633,0,4130,-8309,1,0,1
736613,65535,255,1097,-7947,0,0,0
736614,65535,255,2458,10042,0,0,0
736615,65535,255,4950,10236,0,0,0
736616,65535,255,6411,-8508,0,0,0
736617,0,0,0,0,0,0,0
736618,1087,0,2258,-8134,1,0,0
736619,65535,255,1329,9828,0,0,0
736620,1027,0,4251,10180,1,0,1
736621,65535,255,6005,10384,0,0,0
736622,728,0,5475,-8381,1,0,1
736623,903,0,3286,-8234,1,0,1
736624,65535,255,99,10529,0,0,0
736625,65535,255,3414,10121,0,0,0
736626,65535,255,5513,10303,0,0,0
736627,65535,255,5986,-8462,0,0,0
736628,65535,255,4156,-8311,0,0,0
736629,65535,255,1136,-7984,0,0,0
736630,65535,255,2423,10066,0,0,0
736631,65535,255,4929,10256,0,0,0
736632,65535,255,6410,10435,0,0,0
736633,65535,255,4883,-8375,0,0,0
736634,428,0,2290,-8249,1,0,1
736635,65535,255,1294,10028,0,0,1
736636,735,2,4229,10145,1,0,1
736637,65535,255,5990,10365,0,0,0
736638,0,0,0,0,0,0,0
736639,65535,255,3309,-8216,0,0,0
736640,65535,255,70,10750,0,0,0
736641,65535,255,3389,10129,0,0,0
736642,65535,255,5500,10293,0,0,0
736643,65535,255,5996,-8435,0,0,0
736644,65535,255,4170,-8229,0,0,0
736645,65535,255,1164,-8159,0,0,0
736646,65535,255,2401,10073,0,0,0
736647,0,0,0,0,0,0,0
736648,0,0,0,0,0,0,0
736649,65535,255,4895,-8343,0,0,0
736650,1219,0,2311,-8179,1,0,0
736651,65535,255,1271,9948,0,0,0
736652,65535,255,4211,10232,0,0,0
736653,324,0,5981,10361,1,0,0
736654,65535,255,5496,-8365,0,0,0
736655,65535,255,3327,-8226,0,0,0
736656,65535,255,51,12420,0,0,0
736657,65535,255,3372,10164,0,0,0
736658,65535,255,5489,10315,0,0,0
736659,65535,255,6005,-8460,0,0,0
736660,65535,255,4185,-8278,0,0,0
736661,65535,255,1181,-7935,0,0,0
736662,549,0,2384,10078,1,0,1
736663,65535,255,4903,10271,0,0,0
736664,65535,255,6395,10451,0,0,0
736665,65535,255,4903,-8327,0,0,1
736666,65535,255,2327,-8153,0,0,0
736667,65535,255,1254,9921,0,0,0
736668,0,0,0,0,0,0,0
736669,65535,255,5976,10364,0,0,0
736670,633,2,5503,-8379,1,0,0
736671,1391,0,3336,-8254,1,0,1
736672,65535,255,55,4897,0,0,0
736673,0,0,0,0,0,0,0
736674,65535,255,5484,10342,0,0,0
736675,0,0,0,0,0,0,0
736676,65535,255,4192,-8273,0,0,0
736677,0,0,0,0,0,0,0
736678,0,0,0,0,0,0,0
736679,65535,255,4899,10249,0,0,0
736680,65535,255,6394,10437,0,0,0
736681,65535,255,4909,-8316,0,0,1
736682,65535,255,2332,-8139,0,0,0
736683,675,0,1249,9921,1,0,1
736684,65535,255,4200,10233,0,0,0
736685,1093,0,5975,10362,1,0,1
736686,65535,255,5506,-8370,0,0,0
736687,65535,255,3340,-8254,0,0,0
736688,0,0,0,0,0,0,0
736689,598,0,3367,10082,1,0,1
736690,895,0,5484,10319,1,0,1
736691,725,0,6011,-8440,1,0,1
736692,667,0,4192,-8258,1,0,1
736693,606,0,1192,-7907,1,0,1
736694,1131,0,2379,10079,1,0,1
736695,1222,2,4902,10282,1,0,1
736696,65535,255,6393,10282,0,0,0
736697,196,2,4909,10282,1,0,0
736698,610,2,2330,10282,1,0,1
736699,65535,255,1251,10282,0,0,0
736700,757,0,4203,10282,1,0,1
736701,65535,255,5979,10282,0,0,0
736702,1015,0,5504,10282,1,0,1
736703,65535,255,3336,10282,0,0,0
736704,533,0,45,10282,1,0,1
736705,65535,255,3371,10282,0,0,0
736706,65535,255,5488,10282,0,0,0
736707,65535,255,6010,10282,0,0,0
736708,65535,255,4192,10282,0,0,0
736709,65535,255,1186,10282,0,0,0
736710,65535,255,2389,10282,0,0,0
736711,65535,255,4907,10282,0,0,0
736712,0,0,0,0,0,0,0
736713,65535,255,4906,10282,0,0,0
736714,65535,255,2326,10282,0,0,0
736715,65535,255,1260,10282,0,0,0
736716,65535,255,4214,10282,0,0,0
736717,413,0,5981,10282,1,0,1
736718,65535,255,5502,10282,0,0,0
736719,65535,255,3327,10282,0,0,0
736720,65535,255,55,10282,0,0,0
736721,599,2,3380,10282,1,0,0
736722,65535,255,5496,10282,0,0,0
736723,65535,255,6004,10282,0,0,0
736724,65535,255,4184,10282,0,0,0
736725,65535,255,1169,10282,0,0,0
736726,65535,255,2398,10282,0,0,0
736727,65535,255,4917,10282,0,0,0
736728,65535,255,6403,10282,0,0,0
736729,65535,255,4897,10282,0,0,0
736730,65535,255,2306,10282,0,0,0
736731,65535,255,1283,10282,0,0,0
736732,1132,0,4225,10282,1,0,1
736733,65535,255,5989,10282,0,0,0
736734,65535,255,5492,10282,0,0,0
736735,757,0,3313,10282,1,0,1
736736,65535,255,84,10282,0,0,0
736737,1097,0,3397,10282,1,0,0
736738,65535,255,5503,10282,0,0,0
736739,448,0,5995,10282,1,0,0
736740,65535,255,4166,10282,0,0,0
736741,553,0,1147,10282,1,0,1
736742,724,0,2418,10282,1,0,1
736743,831,0,4926,10282,1,0,1
736744,988,0,6411,10282,1,0,1
736745,984,0,4879,10282,1,0,1
736746,727,0,2284,10282,1,0,1
736747,908,0,1305,10282,1,0,1
736748,65535,255,4240,10282,0,0,0
736749,657,0,5996,10282,1,0,1
736750,679,0,5480,10282,1,0,1
736751,0,0,0,0,0,0,0
736752,65535,255,99,10282,0,0,0
736753,65535,255,3414,10282,0,0,0
736754,65535,255,5514,10282,0,0,0
736755,65535,255,5982,10282,0,0,0
736756,65535,255,4145,10282,0,0,0
736757,0,0,0,0,0,0,0
736758,65535,255,2448,10282,0,0,0
736759,65535,255,4941,10282,0,0,0
736760,65535,255,6412,10282,0,0,0
736761,65535,255,4864,10282,0,0,0
736762,65535,255,2253,10282,0,0,0
736763,716,0,1333,10282,1,0,1
736764,65535,255,4259,10282,0,0,0
736765,1130,0,6008,10282,1,0,1
736766,65535,255,5463,10282,0,0,0
736767,446,0,3260,10282,1,0,1
736768,751,0,134,10282,1,0,0
736769,65535,255,3443,10282,0,0,0
736770,940,0,5529,10282,1,0,1
736771,919,0,5969,10282,1,0,1
736772,65535,255,4123,10282,0,0,0
736773,0,0,0,0,0,0,0
736774,65535,255,2478,10282,0,0,0
736775,1117,0,4962,10282,1,0,1
736776,65535,255,6398,10282,0,0,0
736777,1037,0,4841,10282,1,0,1
736778,595,0,2216,10282,1,0,1
736779,855,0,1374,10282,1,0,1
736780,545,0,4284,10282,1,0,1
736781,65535,255,6024,10282,0,0,0
736782,65535,255,5442,10282,0,0,0
736783,652,0,3232,10282,1,0,1
736784,247,0,168,10282,1,0,1
736785,65535,255,3465,10282,0,0,0
736786,914,0,5540,10282,1,0,1
736787,65535,255,5957,10282,0,0,1
736788,65535,255,4105,10282,0,0,0
736789,65535,255,1062,10282,0,0,0
736790,668,0,2488,10282,1,0,1
736791,65535,255,4966,10282,0,0,0
736792,65535,255,6396,10282,0,0,0
736793,65535,255,4841,10282,0,0,0
736794,65535,255,2221,10282,0,0,0
736795,1471,0,1374,10282,1,0,1
736796,65535,255,4280,10282,0,0,0
736797,65535,255,6020,10282,0,0,0
736798,65535,255,5450,10282,0,0,0
736799,65535,255,3241,10282,0,0,0
736800,65535,255,157,10282,0,0,0
736801,65535,255,3457,10282,0,0,0
736802,485,0,5537,10282,1,0,1
736803,171,2,5964,10282,1,0,1
736804,65535,255,4116,10282,0,0,0
736805,65535,255,1073,10282,0,0,0
736806,65535,255,2478,10282,0,0,0
736807,65535,255,4960,10282,0,0,0
736808,65535,255,6401,10282,0,0,0
736809,65535,255,4844,10282,0,0,0
736810,65535,255,2232,10282,0,0,0
736811,1151,0,1362,10282,1,0,1
736812,65535,255,4273,10282,0,0,0
736813,65535,255,6019,10282,0,0,0
736814,65535,255,5455,10282,0,0,0
736815,65535,255,3250,10282,0,0,0
736816,369,2,155,10282,1,0,0
736817,777,0,3448,10282,1,0,1
736818,766,0,5534,10282,1,0,1
736819,65535,255,5968,10282,0,0,0
736820,829,0,4119,10282,1,0,1
736821,531,0,1079,10282,1,0,1
736822,65535,255,2473,10282,0,0,0
736823,1017,0,4959,10282,1,0,1
736824,65535,255,6400,10282,0,0,0
736825,1078,0,4846,10282,1,0,0
736826,292,0,2232,10282,1,0,1
736827,845,0,1362,10282,1,0,1
736828,502,0,4276,10282,1,0,0
736829,65535,255,6020,10282,0,0,0
736830,65535,255,5456,10282,0,0,0
736831,65535,255,3250,10282,0,0,0
736832,65535,255,154,10282,0,0,0
736833,0,0,0,0,0,0,0
736834,65535,255,5536,10282,0,0,0
736835,0,0,0,0,0,0,0
736836,65535,255,4119,10282,0,0,0
736837,0,0,0,0,0,0,0
736838,65535,255,2483,10282,0,0,0
736839,1743,0,4965,10282,1,0,0
736840,846,0,6400,10282,1,0,1
736841,65535,255,4846,10282,0,0,0
736842,603,0,2226,10282,1,0,1
736843,65535,255,1367,10282,0,0,0
736844,65535,255,4276,10282,0,0,0
736845,65535,255,6023,10282,0,0,0
736846,65535,255,5452,10282,0,0,0
736847,1023,0,3246,10282,1,0,1
736848,662,0,158,10282,1,0,1
736849,762,0,3460,10282,1,0,1
736850,736,0,5542,10282,1,0,1
736851,802,0,5963,10282,1,0,1
736852,710,0,4112,10282,1,0,0
736853,841,0,1067,10282,1,0,1
736854,1194,0,2492,10282,1,0,1
736855,797,0,4971,10282,1,0,1
736856,65535,255,6396,10282,0,0,0
736857,65535,255,4837,10282,0,0,0
736858,65535,255,2210,10282,0,0,0
736859,65535,255,1379,10282,0,0,0
736860,0,0,0,0,0,0,0
736861,65535,255,6028,10282,0,0,0
736862,65535,255,5447,10282,0,0,0
736863,941,0,3232,10282,1,0,1
736864,862,0,175,10282,1,0,1
736865,65535,255,3469,10282,0,0,0
736866,65535,255,5545,10282,0,0,1
736867,65535,255,5957,10282,0,0,0
736868,65535,255,4100,10282,0,0,0
736869,65535,255,1050,10282,0,0,0
736870,65535,255,2508,10282,0,0,0
736871,615,2,4978,10282,1,0,0
736872,655,0,6391,10282,1,0,0
736873,65535,255,4826,10282,0,0,0
736874,812,0,2195,10282,1,0,1
736875,1138,0,1396,10282,1,0,1
736876,739,0,4298,10282,1,0,1
736877,448,0,6032,10282,1,0,0
736878,65535,255,5436,10282,0,0,0
736879,65535,255,3214,10282,0,0,0
736880,825,0,191,10282,1,0,1
736881,1548,0,3482,10282,1,0,1
736882,65535,255,5555,10282,0,0,0
736883,597,0,5948,10282,1,0,0
736884,1555,0,4086,10282,1,0,1
736885,824,0,1028,10282,1,0,1
736886,65535,255,2522,10282,0,0,1
736887,1977,0,4987,10282,1,0,1
736888,65535,255,6382,10282,0,0,0
736889,65535,255,4814,10282,0,0,0
736890,577,0,2179,10282,1,0,1
736891,908,0,1418,10282,1,0,1
736892,65535,255,4311,10282,0,0,0
736893,925,0,6039,10282,1,0,1
736894,664,0,5423,10282,1,0,1
736895,65535,255,3196,10282,0,0,0
736896,65535,255,226,10282,0,0,0
736897,65535,255,3495,10282,0,0,0
736898,65535,255,5561,10282,0,0,0
736899,65535,255,5942,10282,0,0,0
736900,1730,0,4078,10282,1,0,1
736901,1783,0,1022,10282,1,0,1
736902,1949,0,2522,10282,1,0,1
736903,977,0,4984,10282,1,0,1
736904,722,0,6385,10282,1,0,1
736905,1010,0,4820,10282,1,0,1
736906,65535,255,2189,10282,0,0,0
736907,943,0,1396,10282,1,0,1
736908,1154,0,4294,10282,1,0,1
736909,1286,0,6031,10282,1,0,1
736910,830,0,5439,10282,1,0,1
736911,65535,255,3224,10282,0,0,0
736912,858,0,180,10282,1,0,1
736913,65535,255,3470,10282,0,0,0
736914,1306,0,5543,10282,1,0,1
736915,1596,0,5955,10282,1,0,1
736916,1059,0,4105,10282,1,0,1
736917,792,0,1060,10282,1,0,1
736918,65535,255,2487,10282,0,0,0
736919,65535,255,4966,10282,0,0,0
736920,65535,255,6394,10282,0,0,0
736921,65535,255,4841,10282,0,0,0
736922,65535,255,2221,10282,0,0,0
736923,65535,255,1368,10282,0,0,0
736924,65535,255,4276,10282,0,0,0
736925,0,0,0,0,0,0,0
736926,65535,255,5453,10282,0,0,0
736927,794,0,3251,10282,1,0,0
736928,0,0,0,0,0,0,0
736929,65535,255,3448,10282,0,0,0
736930,65535,255,5532,10282,0,0,0
736931,65535,255,5968,10282,0,0,0
736932,993,0,4124,10282,1,0,1
736933,657,0,1085,10282,1,0,1
736934,1336,0,2468,10282,1,0,1
736935,1069,0,4956,10282,1,0,1
736936,65535,255,6405,10282,0,0,0
736937,1069,0,4856,10282,1,0,1
736938,1446,0,2242,10282,1,0,1
736939,65535,255,1344,10282,0,0,0
736940,65535,255,4262,10282,0,0,0
736941,1050,0,6010,10282,1,0,1
736942,1085,0,5466,10282,1,0,1
736943,1119,0,3269,10282,1,0,1
736944,1549,0,123,10282,1,0,1
736945,65535,255,3431,10282,0,0,0
736946,884,0,5522,10282,1,0,1
736947,1868,0,5977,10282,1,0,1
736948,65535,255,4141,10282,0,0,0
736949,1145,0,1113,10282,1,0,1
736950,1587,0,2448,10282,1,0,1
736951,1032,0,4944,10282,1,0,1
736952,1159,0,6412,10282,1,0,1
736953,1399,0,4868,10282,1,0,1
736954,1355,0,2263,10282,1,0,1
736955,451,0,1328,10282,1,0,1
736956,1108,0,4250,10282,1,0,1
736957,883,0,6005,10282,1,0,1
736958,65535,255,5475,10282,0,0,0
736959,1154,0,3286,10282,1,0,1
736960,1692,0,105,10282,1,0,1
736961,65535,255,3418,10282,0,0,0
736962,1715,0,5516,10282,1,0,1
736963,65535,255,5985,10282,0,0,0
736964,65535,255,4152,10282,0,0,0
736965,749,2,1125,10282,1,0,1
736966,887,0,2438,10282,1,0,1
736967,0,0,0,0,0,0,0
736968,65535,255,6416,10282,0,0,0
736969,65535,255,4870,10282,0,0,0
736970,65535,255,2268,10282,0,0,0
736971,0,0,0,0,0,0,0
736972,65535,255,4247,10282,0,0,0
736973,65535,255,6000,10282,0,0,0
736974,1146,0,5480,10282,1,0,1
736975,890,0,3296,10282,1,0,1
736976,65535,255,95,10282,0,0,0
736977,65535,255,3405,10282,0,0,0
736978,755,0,5511,10282,1,0,1
736979,1062,0,5990,10282,1,0,1
736980,742,0,4163,10282,1,0,0
736981,65535,255,1147,10282,0,0,0
736982,731,0,2423,10282,1,0,1
736983,65535,255,4927,10282,0,0,0
736984,65535,255,6409,10282,0,0,0
736985,65535,255,4888,10282,0,0,0
736986,703,2,2300,10282,1,0,1
736987,937,0,1288,10282,1,0,1
736988,1053,0,4229,10282,1,0,1
736989,65535,255,5992,10282,0,0,0
736990,65535,255,5490,10282,0,0,0
736991,0,0,0,0,0,0,0
736992,65535,255,75,10282,0,0,0
736993,65535,255,3389,10282,0,0,0
736994,0,0,0,0,0,0,0
736995,65535,255,6000,10282,0,0,0
736996,65535,255,4177,10282,0,0,0
736997,0,0,0,0,0,0,0
736998,65535,255,2399,10282,0,0,0
736999,65535,255,4914,10282,0,0,0
737000,65535,255,6402,10282,0,0,0
737001,65535,255,4897,10282,0,0,0
737002,844,0,2311,10282,1,0,1
737003,65535,255,1272,10282,0,0,0
737004,0,0,0,0,0,0,0
737005,65535,255,5983,10282,0,0,0
737006,65535,255,5497,10282,0,0,0
737007,65535,255,3327,10282,0,0,0
737008,65535,255,67,10282,0,0,0
737009,65535,255,3380,10282,0,0,0
737010,65535,255,5491,10282,0,0,0
737011,65535,255,6004,10282,0,0,0
737012,2003,0,4181,10282,1,0,1
737013,1131,0,1175,10282,1,0,1
737014,65535,255,2389,10282,0,0,0
737015,830,0,4906,10282,1,0,1
737016,600,0,6398,10282,1,0,1
737017,65535,255,4900,10282,0,0,0
737018,65535,255,2321,10282,0,0,0
737019,0,0,0,0,0,0,0
737020,65535,255,4207,10282,0,0,0
737021,0,0,0,0,0,0,0
737022,65535,255,5500,10282,0,0,0
737023,197,0,3329,10282,1,0,1
737024,926,0,50,10282,1,0,1
737025,65535,255,3372,10282,0,0,0
737026,65535,255,5489,10282,0,0,0
737027,65535,255,6004,10282,0,0,0
737028,65535,255,4184,10282,0,0,0
737029,65535,255,1181,10282,0,0,0
737030,0,0,0,0,0,0,0
737031,65535,255,4906,10282,0,0,0
737032,65535,255,6397,10282,0,0,0
737033,65535,255,4901,10282,0,0,0
737034,65535,255,2322,10282,0,0,0
737035,65535,255,1260,10282,0,0,0
737036,0,0,0,0,0,0,0
737037,0,0,0,0,0,0,0
737038,65535,255,5500,10282,0,0,1
737039,1069,0,3327,10282,1,0,0
737040,0,0,0,0,0,0,0
737041,65535,255,3372,10282,0,0,0
737042,65535,255,5489,10282,0,0,0
737043,65535,255,6004,10282,0,0,0
737044,1102,0,4181,10282,1,0,1
737045,603,0,1176,10282,1,0,1
737046,845,2,2389,10282,1,0,1
737047,65535,255,4909,10282,0,0,0
737048,65535,255,6399,10282,0,0,0
737049,65535,255,4901,10282,0,0,0
737050,65535,255,2316,10282,0,0,0
737051,0,0,0,0,0,0,0
737052,65535,255,4216,10282,0,0,0
737053,65535,255,5983,10282,0,0,0
737054,549,0,5495,10282,1,0,1
737055,65535,255,3318,10282,0,0,0
737056,65535,255,64,10282,0,0,0
737057,65535,255,3385,10282,0,0,0
737058,65535,255,5497,10282,0,0,0
737059,0,0,0,0,0,0,0
737060,65535,255,4173,10282,0,0,0
737061,65535,255,1164,10282,0,0,0
737062,65535,255,2409,10282,0,0,0
737063,65535,255,4918,10282,0,0,0
737064,65535,255,6404,10282,0,0,0
737065,0,0,0,0,0,0,0
737066,65535,255,2304,10282,0,0,0
737067,65535,255,1289,10282,0,0,0
737068,65535,255,4225,10282,0,0,0
737069,27,2,5991,10282,1,0,0
737070,294,0,5490,10282,1,0,0
737071,65535,255,3304,10282,0,0,0
737072,65535,255,84,10282,0,0,0
737073,65535,255,3401,10282,0,0,0
737074,0,0,0,0,0,0,0
737075,65535,255,5993,10282,0,0,0
737076,65535,255,4163,10282,0,0,0
737077,65535,255,1141,10282,0,0,1
737078,808,0,2423,10282,1,0,1
737079,842,0,4929,10282,1,0,1
737080,65535,255,6411,10282,0,0,0
737081,56,2,4879,10282,1,0,0
737082,65535,255,2279,10282,0,0,0
737083,65535,255,1310,10282,0,0,0
737084,893,0,4243,10282,1,0,1
737085,772,0,6001,10282,1,0,1
737086,1030,0,5477,10282,1,0,1
737087,65535,255,3286,10282,0,0,0
737088,65535,255,105,10282,0,0,0
737089,65535,255,3421,10282,0,0,0
737090,65535,255,5519,10282,0,0,0
737091,65535,255,5983,10282,0,0,1
737092,1748,1,4141,10282,1,0,1
737093,65535,255,1108,10282,0,0,0
737094,852,0,2448,10282,1,0,1
737095,65535,255,4947,10282,0,0,0
737096,65535,255,6412,10282,0,0,0
737097,65535,255,4861,10282,0,0,0
737098,65535,255,2251,10282,0,0,0
737099,699,0,1345,10282,1,0,1
737100,1159,0,4263,10282,1,0,1
737101,1416,0,6013,10282,1,0,1
737102,65535,255,5462,10282,0,0,0
737103,65535,255,3264,10282,0,0,0
737104,65535,255,139,10282,0,0,0
737105,65535,255,3448,10282,0,0,0
737106,65535,255,5534,10282,0,0,0
737107,65535,255,5968,10282,0,0,0
737108,65535,255,4119,10282,0,0,0
737109,65535,255,1073,10282,0,0,0
737110,0,0,0,0,0,0,0
737111,0,0,0,0,0,0,0
737112,65535,255,6399,10282,0,0,0
737113,65535,255,4840,10282,0,0,0
737114,0,0,0,0,0,0,0
737115,397,2,1379,10282,1,0,0
737116,65535,255,4287,10282,0,0,0
737117,65535,255,6028,10282,0,0,0
737118,0,0,0,0,0,0,0
737119,65535,255,3231,10282,0,0,0
737120,65535,255,186,10282,0,0,0
737121,65535,255,3470,10282,0,0,0
737122,0,0,0,0,0,0,0
737123,65535,255,5959,10282,0,0,0
737124,65535,255,4104,10282,0,0,0
737125,893,0,1056,10282,1,0,0
737126,65535,255,2492,10282,0,0,0
737127,65535,255,4971,10282,0,0,0
737128,65535,255,6396,10282,0,0,0
737129,65535,255,4838,10282,0,0,0
737130,65535,255,2216,10282,0,0,0
737131,65535,255,1373,10282,0,0,0
737132,65535,255,4276,10282,0,0,0
737133,571,0,6019,10282,1,0,1
737134,65535,255,5452,10282,0,0,0
737135,590,0,3246,10282,1,0,1
737136,65535,255,151,10282,0,0,0
737137,65535,255,3453,10282,0,0,0
737138,1078,0,5535,10282,1,0,1
737139,691,0,5966,10282,1,0,1
737140,65535,255,4120,10282,0,0,0
737141,65535,255,1079,10282,0,0,0
737142,703,0,2473,10282,1,0,0
737143,687,0,4960,10282,1,0,1
737144,1464,0,6402,10282,1,0,1
737145,484,0,4849,10282,1,0,0
737146,1579,0,2232,10282,1,0,1
737147,1236,0,1351,10282,1,0,1
737148,855,0,4266,10282,1,0,1
737149,619,0,6013,10282,1,0,1
737150,818,0,5460,10282,1,0,1
737151,65535,255,3259,10282,0,0,0
737152,0,0,0,0,0,0,0
737153,65535,255,3440,10282,0,0,0
737154,65535,255,5525,10282,0,0,0
737155,65535,255,5971,10282,0,0,0
737156,65535,255,4127,10282,0,0,0
737157,65535,255,1096,10282,0,0,0
737158,536,0,2458,10282,1,0,0
737159,65535,255,4948,10282,0,0,0
737160,65535,255,6408,10282,0,0,0
737161,65535,255,4859,10282,0,0,0
737162,527,0,2248,10282,1,0,1
737163,820,0,1339,10282,1,0,1
737164,970,0,4259,10282,1,0,0
737165,65535,255,6008,10282,0,0,0
737166,0,0,0,0,0,0,0
737167,65535,255,3269,10282,0,0,0
737168,621,2,122,10282,1,0,0
737169,1335,0,3432,10282,1,0,1
737170,1152,0,5522,10282,1,0,1
737171,65535,255,5974,10282,0,0,0
737172,459,0,4134,10282,1,0,1
737173,813,0,1102,10282,1,0,1
737174,65535,255,2453,10282,0,0,0
737175,637,0,4948,10282,1,0,1
737176,65535,255,6409,10282,0,0,0
737177,65535,255,4861,10282,0,0,0
737178,65535,255,2253,10282,0,0,0
737179,567,0,1340,10282,1,0,1
737180,817,0,4255,10282,1,0,1
737181,583,0,6008,10282,1,0,1
737182,65535,255,5465,10282,0,0,0
737183,746,0,3273,10282,1,0,1
737184,65535,255,125,10282,0,0,0
737185,533,0,3431,10282,1,0,1
737186,892,0,5525,10282,1,0,1
737187,1387,0,5975,10282,1,0,1
737188,65535,255,4135,10282,0,0,0
737189,65535,255,1101,10282,0,0,0
737190,641,0,2453,10282,1,0,1
737191,914,0,4947,10282,1,0,1
737192,719,0,6409,10282,1,0,1
737193,65535,255,4858,10282,0,0,0
737194,65535,255,2248,10282,0,0,0
737195,933,0,1340,10282,1,0,1
737196,65535,255,4262,10282,0,0,0
737197,65535,255,6010,10282,0,0,0
737198,65535,255,5464,10282,0,0,0
737199,65535,255,3268,10282,0,0,0
737200,65535,255,132,10282,0,0,0
737201,703,0,3435,10282,1,0,1
737202,870,0,5527,10282,1,0,1
737203,65535,255,5974,10282,0,0,0
737204,896,0,4130,10282,1,0,1
737205,65535,255,1096,10282,0,0,0
737206,65535,255,2463,10282,0,0,0
737207,1243,0,4953,10282,1,0,1
737208,65535,255,6406,10282,0,0,0
737209,780,0,4858,10282,1,0,0
737210,973,0,2242,10282,1,0,1
737211,65535,255,1350,10282,0,0,0
737212,850,0,4269,10282,1,0,1
737213,887,0,6016,10282,1,0,1
737214,65535,255,5461,10282,0,0,0
737215,65535,255,3259,10282,0,0,0
737216,65535,255,143,10282,0,0,0
737217,65535,255,3444,10282,0,0,0
737218,0,0,0,0,0,0,0
737219,65535,255,5970,10282,0,0,0
737220,65535,255,4123,10282,0,0,0
737221,65535,255,1079,10282,0,0,0
737222,638,0,2477,10282,1,0,1
737223,636,2,4962,10282,1,0,1
737224,634,0,6402,10282,1,0,1
737225,65535,255,4846,10282,0,0,0
737226,65535,255,2226,10282,0,0,0
737227,65535,255,1368,10282,0,0,0
737228,65535,255,4276,10282,0,0,0
737229,188,2,6021,10282,1,0,0
737230,65535,255,5452,10282,0,0,0
737231,922,0,3245,10282,1,0,1
737232,769,0,158,10282,1,0,1
737233,878,0,3461,10282,1,0,1
737234,65535,255,5542,10282,0,0,0
737235,65535,255,5961,10282,0,0,0
737236,841,0,4112,10282,1,0,1
737237,65535,255,1062,10282,0,0,0
737238,1044,0,2492,10282,1,0,1
737239,711,0,4971,10282,1,0,1
737240,1236,0,6393,10282,1,0,1
737241,1612,0,4834,10282,1,0,1
737242,774,0,2210,10282,1,0,1
737243,65535,255,1385,10282,0,0,0
737244,1430,0,4294,10282,1,0,1
737245,65535,255,6031,10282,0,0,0
737246,702,0,5441,10282,1,0,1
737247,65535,255,3223,10282,0,0,0
737248,573,0,186,10282,1,0,1
737249,1207,0,3478,10282,1,0,1
737250,722,0,5550,10282,1,0,1
737251,65535,255,5950,10282,0,0,0
737252,65535,255,4093,10282,0,0,0
737253,842,0,1038,10282,1,0,1
737254,65535,255,2517,10282,0,0,0
737255,686,0,4984,10282,1,0,1
737256,595,0,6385,10282,1,0,1
737257,718,0,4820,10282,1,0,1
737258,774,0,2184,10282,1,0,1
737259,65535,255,1413,10282,0,0,0
737260,1517,0,4305,10282,1,0,1
737261,1426,0,6035,10282,1,0,1
737262,892,0,5433,10282,1,0,1
737263,65535,255,3214,10282,0,0,0
737264,65535,255,202,10282,0,0,0
737265,735,0,3482,10282,1,0,1
737266,65535,255,5550,10282,0,0,0
737267,815,0,5950,10282,1,0,0
737268,1342,0,4093,10282,1,0,1
737269,65535,255,1042,10282,0,0,0
737270,843,0,2503,10282,1,0,1
737271,860,0,4975,10282,1,0,1
737272,548,0,6390,10282,1,0,1
737273,65535,255,4829,10282,0,0,0
737274,65535,255,2205,10282,0,0,0
737275,65535,255,1391,10282,0,0,0
737276,0,0,0,0,0,0,0
737277,65535,255,6024,10282,0,0,0
737278,65535,255,5442,10282,0,0,1
737279,65535,255,3232,10282,0,0,0
737280,65535,255,177,10282,0,0,0
737281,754,0,3461,10282,1,0,1
737282,1154,0,5540,10282,1,0,1
737283,65535,255,5959,10282,0,0,0
737284,65535,255,4105,10282,0,0,0
737285,869,2,1062,10282,1,0,0
737286,944,0,2488,10282,1,0,1
737287,65535,255,4963,10282,0,0,0
737288,65535,255,6396,10282,0,0,0
737289,65535,255,4841,10282,0,0,0
737290,65535,255,2221,10282,0,0,0
737291,65535,255,1368,10282,0,0,0
737292,1143,0,4277,10282,1,0,1
737293,1493,0,6020,10282,1,0,1
737294,992,0,5450,10282,1,0,0
737295,65535,255,3246,10282,0,0,0
737296,1296,0,164,10282,1,0,1
737297,65535,255,3448,10282,0,0,0
737298,65535,255,5532,10282,0,0,0
737299,65535,255,5966,10282,0,0,0
737300,65535,255,4116,10282,0,0,0
737301,792,0,1079,10282,1,0,1
737302,952,0,2473,10282,1,0,1
737303,499,0,4957,10282,1,0,1
737304,739,0,6400,10282,1,0,1
737305,65535,255,4850,10282,0,0,0
737306,762,0,2236,10282,1,0,1
737307,65535,255,1351,10282,0,0,0
737308,872,2,4269,10282,1,0,1
737309,744,0,6013,10282,1,0,1
737310,1479,2,5457,10282,1,0,1
737311,857,0,3259,10282,1,0,1
737312,1439,0,139,10282,1,0,1
737313,65535,255,3444,10282,0,0,0
737314,65535,255,5530,10282,0,0,0
737315,65535,255,5970,10282,0,0,0
737316,65535,255,4127,10282,0,0,0
737317,396,0,1085,10282,1,0,1
737318,65535,255,2468,10282,0,0,0
737319,65535,255,4954,10282,0,0,0
737320,65535,255,6406,10282,0,0,0
737321,0,0,0,0,0,0,0
737322,65535,255,2242,10282,0,0,0
737323,0,0,0,0,0,0,0
737324,65535,255,4265,10282,0,0,0
737325,489,0,6015,10282,1,0,1
737326,65535,255,5462,10282,0,0,0
737327,795,0,3259,10282,1,0,1
737328,65535,255,139,10282,0,0,0
737329,65535,255,3439,10282,0,0,0
737330,564,0,5527,10282,1,0,0
737331,65535,255,5970,10282,0,0,0
737332,65535,255,4127,10282,0,0,0
737333,65535,255,1084,10282,0,0,0
737334,0,0,0,0,0,0,0
737335,65535,255,4956,10282,0,0,0
737336,594,0,6406,10282,1,0,1
737337,65535,255,4855,10282,0,0,0
737338,65535,255,2247,10282,0,0,0
737339,65535,255,1345,10282,0,0,0
737340,65535,255,4262,10282,0,0,0
737341,65535,255,6012,10282,0,0,0
737342,65535,255,5464,10282,0,0,0
737343,65535,255,3272,10282,0,0,0
737344,65535,255,133,10282,0,0,0
737345,65535,255,3431,10282,0,0,0
737346,887,0,5524,10282,1,0,1
737347,0,0,0,0,0,0,0
737348,724,2,4141,10282,1,0,0
737349,65535,255,1107,10282,0,0,0
737350,65535,255,2448,10282,0,0,0
737351,65535,255,4947,10282,0,0,0
737352,0,0,0,0,0,0,0
737353,65535,255,4867,10282,0,0,0
737354,795,0,2262,10282,1,0,0
737355,65535,255,1322,10282,0,0,0
737356,803,0,4251,10282,1,0,1
737357,65535,255,6005,10282,0,0,0
737358,0,0,0,0,0,0,0
737359,65535,255,3281,10282,0,0,0
737360,65535,255,105,10282,0,0,0
737361,65535,255,3418,10282,0,0,0
737362,65535,255,5517,10282,0,0,0
737363,82,2,5985,10282,1,0,1
737364,705,0,4152,10282,1,0,1
737365,0,0,0,0,0,0,0
737366,65535,255,2438,10282,0,0,0
737367,65535,255,4936,10282,0,0,0
737368,0,0,0,0,0,0,0
737369,65535,255,4879,10282,0,0,0
737370,65535,255,2284,10282,0,0,0
737371,65535,255,1306,10282,0,0,0
737372,0,0,0,0,0,0,0
737373,65535,255,5994,10282,0,0,0
737374,65535,255,5485,10282,0,0,0
737375,65535,255,3302,10282,0,0,0
737376,728,2,89,10282,1,0,0
737377,65535,255,3402,10282,0,0,0
737378,475,0,5504,10282,1,0,1
737379,65535,255,5994,10282,0,0,0
737380,65535,255,4170,10282,0,0,0
737381,65535,255,1153,10282,0,0,0
737382,65535,255,2409,10282,0,0,0
737383,65535,255,4921,10282,0,0,0
737384,65535,255,6406,10282,0,0,0
737385,65535,255,4892,10282,0,0,0
737386,1271,0,2301,10282,1,0,1
737387,65535,255,1277,10282,0,0,0
737388,65535,255,4222,10282,0,0,0
737389,65535,255,5985,10282,0,0,0
737390,179,2,5495,10282,1,0,1
737391,65535,255,3322,10282,0,0,0
737392,65535,255,72,10282,0,0,0
737393,660,0,3385,10282,1,0,0
737394,65535,255,5494,10282,0,0,0
737395,0,0,0,0,0,0,0
737396,65535,255,4181,10282,0,0,0
737397,65535,255,1169,10282,0,0,0
737398,65535,255,2394,10282,0,0,0
737399,1466,0,4908,10282,1,0,1
737400,608,0,6399,10282,1,0,1
737401,65535,255,4900,10282,0,0,0
737402,65535,255,2321,10282,0,0,0
737403,506,0,1266,10282,1,0,1
737404,1579,0,4208,10282,1,0,1
737405,507,0,5981,10282,1,0,1
737406,772,0,5500,10282,1,0,1
737407,655,0,3331,10282,1,0,1
737408,637,0,56,10282,1,0,1
737409,427,0,3372,10282,1,0,1
737410,65535,255,5489,10282,0,0,0
737411,796,0,6007,10282,1,0,1
737412,65535,255,4188,10282,0,0,0
737413,1154,0,1181,10282,1,0,1
737414,606,0,2379,10282,1,0,0
737415,1133,0,4907,10282,1,0,1
737416,65535,255,6395,10282,0,0,0
737417,65535,255,4904,10282,0,0,0
737418,65535,255,2327,10282,0,0,0
737419,65535,255,1254,10282,0,0,0
737420,65535,255,4204,10282,0,0,0
737421,65535,255,5976,10282,0,0,0
737422,65535,255,5503,10282,0,0,0
737423,65535,255,3331,10282,0,0,0
737424,65535,255,42,10282,0,0,0
737425,65535,255,3368,10282,0,0,0
737426,894,0,5487,10282,1,0,1
737427,926,0,6007,10282,1,0,0
737428,938,0,4188,10282,1,0,1
737429,65535,255,1186,10282,0,0,0
737430,65535,255,2379,10282,0,0,0
737431,65535,255,4906,10282,0,0,0
737432,528,0,6395,10282,1,0,1
737433,779,0,4906,10282,1,0,1
737434,732,0,2327,10282,1,0,1
737435,1105,0,1259,10282,1,0,1
737436,820,0,4204,10282,1,0,1
737437,974,0,5978,10282,1,0,1
737438,797,2,5502,10282,1,0,1
737439,623,0,3331,10282,1,0,1
737440,469,0,63,10282,1,0,1
737441,662,0,3372,10282,1,0,1
737442,588,0,5486,10282,1,0,1
737443,740,0,6007,10282,1,0,1
737444,65535,255,4185,10282,0,0,0
737445,65535,255,1181,10282,0,0,0
737446,65535,255,2389,10282,0,0,0
737447,687,0,4906,10282,1,0,1
737448,972,0,6398,10282,1,0,1
737449,949,0,4903,10282,1,0,1
737450,688,0,2321,10282,1,0,1
737451,65535,255,1266,10282,0,0,0
737452,687,0,4211,10282,1,0,1
737453,779,0,5983,10282,1,0,1
737454,797,0,5500,10282,1,0,1
737455,1003,0,3327,10282,1,0,1
737456,677,0,55,10282,1,0,1
737457,840,0,3380,10282,1,0,1
737458,65535,255,5494,10282,0,0,0
737459,681,0,6004,10282,1,0,1
737460,65535,255,4181,10282,0,0,0
737461,65535,255,1169,10282,0,0,0
737462,65535,255,2399,10282,0,0,0
737463,65535,255,4914,10282,0,0,0
737464,1235,2,6403,10282,1,0,1
737465,65535,255,4897,10282,0,0,0
737466,397,0,2311,10282,1,0,0
737467,65535,255,1277,10282,0,0,0
737468,516,0,4221,10282,1,0,1
737469,65535,255,5987,10282,0,0,0
737470,65535,255,5492,10282,0,0,0
737471,655,0,3317,10282,1,0,1
737472,0,0,0,0,0,0,0
737473,65535,255,3393,10282,0,0,0
737474,65535,255,5503,10282,0,0,0
737475,65535,255,5999,10282,0,0,0
737476,65535,255,4170,10282,0,0,0
737477,65535,255,1152,10282,0,0,0
737478,65535,255,2413,10282,0,0,0
737479,65535,255,4923,10282,0,0,0
737480,65535,255,6409,10282,0,0,0
737481,65535,255,4885,10282,0,0,0
737482,0,0,0,0,0,0,0
737483,0,0,0,0,0,0,0
737484,0,0,0,0,0,0,0
737485,0,0,0,0,0,0,0
737486,65535,255,5485,10282,0,0,0
737487,65535,255,3295,10282,0,0,0
737488,65535,255,89,10282,0,0,0
737489,65535,255,3406,10282,0,0,0
737490,1122,2,5511,10282,1,0,0
737491,65535,255,5987,10282,0,0,0
737492,65535,255,4155,10282,0,0,1
737493,493,0,1124,10282,1,0,1
737494,991,0,2437,10282,1,0,1
737495,65535,255,4937,10282,0,0,0
737496,65535,255,6416,10282,0,0,0
737497,65535,255,4870,10282,0,0,0
737498,65535,255,2268,10282,0,0,0
737499,65535,255,1325,10282,0,0,0
737500,0,0,0,0,0,0,0
737501,65535,255,6007,10282,0,0,0
737502,0,0,0,0,0,0,0
737503,65535,255,3274,10282,0,0,0
737504,65535,255,120,10282,0,0,0
737505,65535,255,3431,10282,0,0,0
737506,65535,255,5524,10282,0,0,0
737507,89,2,5975,10282,1,0,1
737508,840,0,4134,10282,1,0,1
737509,697,0,1096,10282,1,0,1
737510,681,0,2463,10282,1,0,1
737511,477,0,4954,10282,1,0,1
737512,65535,255,6405,10282,0,0,0
737513,65535,255,4850,10282,0,0,0
737514,616,0,2237,10282,1,0,1
737515,65535,255,1356,10282,0,0,0
737516,526,2,4273,10282,1,0,1
737517,910,0,6017,10282,1,0,1
737518,65535,255,5452,10282,0,0,0
737519,905,0,3246,10282,1,0,1
737520,486,0,158,10282,1,0,1
737521,0,0,0,0,0,0,0
737522,626,0,5538,10282,1,0,1
737523,1262,2,5959,10282,1,0,1
737524,65535,255,4108,10282,0,0,0
737525,259,0,1056,10282,1,0,1
737526,65535,255,2498,10282,0,0,0
737527,65535,255,4969,10282,0,0,0
737528,65535,255,6395,10282,0,0,0
737529,65535,255,4838,10282,0,0,0
737530,0,0,0,0,0,0,0
737531,65535,255,1373,10282,0,0,0
737532,65535,255,4277,10282,0,0,0
737533,65535,255,6019,10282,0,0,0
737534,65535,255,5452,10282,0,0,0
737535,65535,255,3250,10282,0,0,0
737536,65535,255,151,10282,0,0,0
737537,776,0,3447,10282,1,0,1
737538,65535,255,5533,10282,0,0,0
737539,665,0,5967,10282,1,0,0
737540,343,0,4123,10282,1,0,0
737541,513,0,1084,10282,1,0,0
737542,65535,255,2468,10282,0,0,0
737543,1443,0,4954,10282,1,0,1
737544,65535,255,6405,10282,0,0,0
737545,964,2,4852,10282,1,0,1
737546,65535,255,2247,10282,0,0,0
737547,65535,255,1346,10282,0,0,0
737548,65535,255,4259,10282,0,0,0
737549,65535,255,6008,10282,0,0,0
737550,65535,255,5465,10282,0,0,0
737551,65535,255,3273,10282,0,0,0
737552,767,0,122,10282,1,0,1
737553,65535,255,3431,10282,0,0,0
737554,65535,255,5520,10282,0,0,0
737555,65535,255,5977,10282,0,0,0
737556,666,0,4141,10282,1,0,1
737557,65535,255,1113,10282,0,0,0
737558,65535,255,2443,10282,0,0,0
737559,65535,255,4939,10282,0,0,0
737560,65535,255,6413,10282,0,0,0
737561,65535,255,4867,10282,0,0,0
737562,65535,255,2263,10282,0,0,0
737563,65535,255,1317,10282,0,0,0
737564,65535,255,4244,10282,0,0,0
737565,439,0,6001,10282,1,0,1
737566,969,0,5475,10282,1,0,1
737567,65535,255,3286,10282,0,0,0
737568,1109,0,99,10282,1,0,0
737569,65535,255,3414,10282,0,0,0
737570,65535,255,5512,10282,0,0,0
737571,740,0,5986,10282,1,0,1
737572,65535,255,4156,10282,0,0,0
737573,65535,255,1130,10282,0,0,1
737574,65535,255,2433,10282,0,0,0
737575,65535,255,4931,10282,0,0,0
737576,65535,255,6412,10282,0,0,0
737577,1197,0,4876,10282,1,0,1
737578,668,0,2285,10282,1,0,0
737579,700,0,1305,10282,1,0,1
737580,65535,255,4237,10282,0,0,0
737581,1252,0,5996,10282,1,0,1
737582,65535,255,5482,10282,0,0,0
737583,600,0,3299,10282,1,0,1
737584,65535,255,92,10282,0,0,1
737585,65535,255,3401,10282,0,0,0
737586,65535,255,5509,10282,0,0,0
737587,257,2,5990,10282,1,0,0
737588,873,0,4163,10282,1,0,1
737589,65535,255,1141,10282,0,0,0
737590,65535,255,2424,10282,0,0,0
737591,65535,255,4929,10282,0,0,0
737592,1010,0,6409,10282,1,0,1
737593,599,0,4882,10282,1,0,1
737594,65535,255,2295,10282,0,0,0
737595,679,0,1294,10282,1,0,1
737596,65535,255,4229,10282,0,0,0
737597,65535,255,5994,10282,0,0,0
737598,65535,255,5487,10282,0,0,0
737599,1046,0,3304,10282,1,0,1
737600,745,0,76,10282,1,0,1
737601,513,0,3397,10282,1,0,1
737602,603,0,5504,10282,1,0,1
737603,200,2,5995,10282,1,0,0
737604,65535,255,4166,10282,0,0,0
737605,665,0,1152,10282,1,0,1
737606,785,0,2414,10282,1,0,1
737607,511,0,4923,10282,1,0,1
737608,65535,255,6408,10282,0,0,0
737609,0,0,0,0,0,0,0
737610,713,0,2300,10282,1,0,1
737611,65535,255,1289,10282,0,0,0
737612,65535,255,4229,10282,0,0,0
737613,511,0,5992,10282,1,0,1
737614,65535,255,5489,10282,0,0,0
737615,774,0,3308,10282,1,0,1
737616,759,0,71,10282,1,0,1
737617,1185,0,3397,10282,1,0,1
737618,1257,0,5502,10282,1,0,1
737619,718,0,5997,10282,1,0,1
737620,630,0,4170,10282,1,0,1
737621,352,0,1147,10282,1,0,0
737622,65535,255,2414,10282,0,0,0
737623,65535,255,4923,10282,0,0,0
737624,65535,255,6407,10282,0,0,0
737625,805,0,4887,10282,1,0,1
737626,879,0,2294,10282,1,0,1
737627,389,0,1290,10282,1,0,1
737628,737,0,4226,10282,1,0,1
737629,685,0,5991,10282,1,0,1
737630,718,0,5489,10282,1,0,1
737631,872,0,3307,10282,1,0,1
737632,65535,255,77,10282,0,0,0
737633,1196,0,3398,10282,1,0,1
737634,759,0,5503,10282,1,0,1
737635,65535,255,5996,10282,0,0,0
737636,730,2,4165,10282,1,0,0
737637,65535,255,1152,10282,0,0,0
737638,65535,255,2415,10282,0,0,0
737639,814,0,4925,10282,1,0,1
737640,65535,255,6407,10282,0,0,0
737641,65535,255,4884,10282,0,0,0
737642,65535,255,2294,10282,0,0,0
737643,65535,255,1290,10282,0,0,0
737644,665,0,4230,10282,1,0,1
737645,722,0,5991,10282,1,0,1
737646,630,0,5487,10282,1,0,1
737647,517,0,3303,10282,1,0,1
737648,751,0,77,10282,1,0,1
737649,65535,255,3398,10282,0,0,0
737650,1359,0,5506,10282,1,0,1
737651,65535,255,5992,10282,0,0,0
737652,65535,255,4162,10282,0,0,0
737653,716,0,1146,10282,1,0,1
737654,1100,0,2419,10282,1,0,1
737655,65535,255,4925,10282,0,0,0
737656,65535,255,6408,10282,0,0,0
737657,65535,255,4882,10282,0,0,0
737658,65535,255,2289,10282,0,0,1
737659,65535,255,1295,10282,0,0,0
737660,65535,255,4234,10282,0,0,0
737661,65535,255,5994,10282,0,0,0
737662,65535,255,5481,10282,0,0,0
737663,65535,255,3294,10282,0,0,0
737664,65535,255,88,10282,0,0,0
737665,65535,255,3407,10282,0,0,0
737666,65535,255,5505,10282,0,0,0
737667,65535,255,5987,10282,0,0,0
737668,749,0,4159,10282,1,0,1
737669,465,0,1135,10282,1,0,0
737670,0,0,0,0,0,0,0
737671,65535,255,4931,10282,0,0,0
737672,445,2,6412,10282,1,0,0
737673,65535,255,4876,10282,0,0,0
737674,65535,255,2273,10282,0,0,0
737675,65535,255,1306,10282,0,0,0
737676,65535,255,4241,10282,0,0,0
737677,596,0,5998,10282,1,0,1
737678,922,0,5476,10282,1,0,1
737679,727,0,3290,10282,1,0,1
737680,1161,0,113,10282,1,0,1
737681,603,0,3417,10282,1,0,1
737682,65535,255,5513,10282,0,0,0
737683,65535,255,5983,10282,0,0,0
737684,813,0,4147,10282,1,0,1
737685,935,0,1118,10282,1,0,1
737686,681,0,2439,10282,1,0,1
737687,65535,255,4940,10282,0,0,0
737688,65535,255,6412,10282,0,0,0
737689,65535,255,4866,10282,0,0,1
737690,65535,255,2262,10282,0,0,0
737691,65535,255,1329,10282,0,0,0
737692,65535,255,4252,10282,0,0,0
737693,65535,255,6007,10282,0,0,0
737694,0,0,0,0,0,0,0
737695,65535,255,3263,10282,0,0,0
737696,65535,255,129,10282,0,0,0
737697,65535,255,3436,10282,0,0,0
737698,65535,255,5526,10282,0,0,0
737699,65535,255,5976,10282,0,0,0
737700,1192,0,4136,10282,1,0,1
737701,554,0,1101,10282,1,0,1
737702,493,0,2454,10282,1,0,0
737703,959,0,4945,10282,1,0,1
737704,646,0,6411,10282,1,0,1
737705,65535,255,4863,10282,0,0,0
737706,65535,255,2262,10282,0,0,0
737707,0,0,0,0,0,0,0
737708,65535,255,4255,10282,0,0,0
737709,65535,255,6006,10282,0,0,0
737710,943,0,5473,10282,1,0,1
737711,1170,0,3276,10282,1,0,1
737712,967,0,111,10282,1,0,1
737713,465,0,3423,10282,1,0,0
737714,65535,255,5518,10282,0,0,0
737715,65535,255,5982,10282,0,0,0
737716,65535,255,4147,10282,0,0,0
737717,957,0,1118,10282,1,0,1
737718,65535,255,2438,10282,0,0,0
737719,219,0,4941,10282,1,0,0
737720,65535,255,6416,10282,0,0,0
737721,65535,255,4870,10282,0,0,0
737722,65535,255,2268,10282,0,0,0
737723,484,0,1317,10282,1,0,1
737724,65535,255,4243,10282,0,0,0
737725,534,0,6003,10282,1,0,1
737726,65535,255,5477,10282,0,0,0
737727,65535,255,3286,10282,0,0,0
737728,65535,255,99,10282,0,0,0
737729,65535,255,3414,10282,0,0,0
737730,65535,255,5514,10282,0,0,0
737731,65535,255,5988,10282,0,0,0
737732,637,0,4154,10282,1,0,1
737733,861,0,1130,10282,1,0,1
737734,458,0,2438,10282,1,0,1
737735,0,0,0,0,0,0,0
737736,65535,255,6416,10282,0,0,0
737737,65535,255,4876,10282,0,0,0
737738,0,0,0,0,0,0,0
737739,65535,255,1314,10282,0,0,0
737740,65535,255,4243,10282,0,0,0
737741,65535,255,6003,10282,0,0,0
737742,65535,255,5477,10282,0,0,0
737743,0,0,0,0,0,0,0
737744,0,0,0,0,0,0,0
737745,65535,255,3414,10282,0,0,0
737746,65535,255,5514,10282,0,0,0
737747,65535,255,5985,10282,0,0,0
737748,65535,255,4148,10282,0,0,0
737749,65535,255,1125,10282,0,0,0
737750,65535,255,2438,10282,0,0,0
737751,423,0,4938,10282,1,0,1
737752,65535,255,6416,10282,0,0,0
737753,65535,255,4870,10282,0,0,0
737754,65535,255,2268,10282,0,0,0
737755,65535,255,1317,10282,0,0,0
737756,65535,255,4247,10282,0,0,0
737757,65535,255,6001,10282,0,0,0
737758,65535,255,5474,10282,0,0,0
737759,65535,255,3286,10282,0,0,0
737760,65535,255,111,10282,0,0,0
737761,65535,255,3423,10282,0,0,0
737762,65535,255,5517,10282,0,0,0
737763,65535,255,5981,10282,0,0,0
737764,65535,255,4141,10282,0,0,0
737765,65535,255,1113,10282,0,0,0
737766,65535,255,2443,10282,0,0,0
737767,519,0,4945,10282,1,0,1
737768,65535,255,6411,10282,0,0,0
737769,0,0,0,0,0,0,0
737770,65535,255,2256,10282,0,0,0
737771,0,0,0,0,0,0,0
737772,65535,255,4254,10282,0,0,0
737773,0,0,0,0,0,0,0
737774,65535,255,5467,10282,0,0,0
737775,688,0,3268,10282,1,0,1
737776,600,0,131,10282,1,0,0
737777,65535,255,3436,10282,0,0,0
737778,65535,255,5524,10282,0,0,0
737779,65535,255,5973,10282,0,0,0
737780,553,0,4131,10282,1,0,1
737781,65535,255,1090,10282,0,0,0
737782,65535,255,2463,10282,0,0,0
737783,65535,255,4954,10282,0,0,0
737784,65535,255,6405,10282,0,0,0
737785,490,0,4853,10282,1,0,1
737786,65535,255,2237,10282,0,0,0
737787,585,0,1351,10282,1,0,1
737788,65535,255,4269,10282,0,0,0
737789,519,2,6015,10282,1,0,1
737790,395,0,5454,10282,1,0,1
737791,1066,0,3250,10282,1,0,1
737792,0,0,0,0,0,0,0
737793,65535,255,3449,10282,0,0,0
737794,65535,255,5536,10282,0,0,0
737795,65535,255,5964,10282,0,0,0
737796,65535,255,4116,10282,0,0,0
737797,667,0,1074,10282,1,0,1
737798,65535,255,2483,10282,0,0,0
737799,0,0,0,0,0,0,0
737800,65535,255,6395,10282,0,0,0
737801,65535,255,4837,10282,0,0,0
737802,65535,255,2215,10282,0,0,0
737803,136,2,1382,10282,1,0,0
737804,65535,255,4284,10282,0,0,0
737805,38,2,6026,10282,1,0,0
737806,439,0,5442,10282,1,0,1
737807,65535,255,3228,10282,0,0,0
737808,65535,255,180,10282,0,0,0
737809,65535,255,3474,10282,0,0,0
737810,65535,255,5548,10282,0,0,0
737811,623,0,5952,10282,1,0,1
737812,427,2,4092,10282,1,0,0
737813,65535,255,1039,10282,0,0,0
737814,65535,255,2508,10282,0,0,0
737815,65535,255,4978,10282,0,0,1
737816,1158,2,6390,10282,1,0,1
737817,882,0,4828,10282,1,0,1
737818,444,0,2205,10282,1,0,1
737819,65535,255,1385,10282,0,0,0
737820,65535,255,4287,10282,0,0,0
737821,65535,255,6026,10282,0,0,0
737822,891,2,5444,10282,1,0,0
737823,0,0,0,0,0,0,0
737824,41,2,169,10282,1,0,0
737825,65535,255,3465,10282,0,0,0
737826,65535,255,5540,10282,0,0,0
737827,65535,255,5961,10282,0,0,0
737828,65535,255,4112,10282,0,0,0
737829,1014,0,1067,10282,1,0,1
737830,65535,255,2483,10282,0,0,0
737831,65535,255,4963,10282,0,0,0
737832,0,0,0,0,0,0,0
737833,65535,255,4846,10282,0,0,0
737834,65535,255,2226,10282,0,0,0
737835,394,0,1363,10282,1,0,1
737836,65535,255,4273,10282,0,0,0
737837,423,0,6019,10282,1,0,1
737838,65535,255,5458,10282,0,0,0
737839,65535,255,3254,10282,0,0,0
737840,65535,255,150,10282,0,0,0
737841,709,0,3444,10282,1,0,1
737842,592,0,5532,10282,1,0,1
737843,65535,255,5969,10282,0,0,0
737844,65535,255,4130,10282,0,0,0
737845,164,0,1090,10282,1,0,1
737846,65535,255,2463,10282,0,0,0
737847,0,0,0,0,0,0,0
737848,0,0,0,0,0,0,0
737849,65535,255,4858,10282,0,0,0
737850,65535,255,2246,10282,0,0,0
737851,65535,255,1340,10282,0,0,0
737852,65535,255,4262,10282,0,0,0
737853,65535,255,6012,10282,0,0,0
737854,65535,255,5466,10282,0,0,0
737855,551,0,3267,10282,1,0,1
737856,65535,255,124,10282,0,0,0
737857,163,0,3433,10282,1,0,0
737858,65535,255,5525,10282,0,0,0
737859,65535,255,5978,10282,0,0,0
737860,65535,255,4137,10282,0,0,0
737861,65535,255,1107,10282,0,0,0
737862,583,0,2448,10282,1,0,1
737863,65535,255,4945,10282,0,0,0
737864,65535,255,6412,10282,0,0,0
737865,65535,255,4867,10282,0,0,0
737866,65535,255,2263,10282,0,0,0
737867,65535,255,1328,10282,0,0,0
737868,500,0,4251,10282,1,0,0
737869,561,0,6005,10282,1,0,1
737870,65535,255,5471,10282,0,0,0
737871,65535,255,3282,10282,0,0,0
737872,168,0,117,10282,1,0,1
737873,680,2,3423,10282,1,0,0
737874,842,0,5519,10282,1,0,0
737875,65535,255,5980,10282,0,0,0
737876,698,0,4146,10282,1,0,1
737877,65535,255,1119,10282,0,0,0
737878,474,0,2444,10282,1,0,1
737879,582,0,4939,10282,1,0,1
737880,65535,255,6414,10282,0,0,0
737881,65535,255,4867,10282,0,0,0
737882,65535,255,2268,10282,0,0,0
737883,65535,255,1323,10282,0,0,0
737884,847,0,4249,10282,1,0,1
737885,65535,255,6003,10282,0,0,0
737886,65535,255,5472,10282,0,0,0
737887,65535,255,3281,10282,0,0,0
737888,65535,255,105,10282,0,0,0
737889,65535,255,3419,10282,0,0,0
737890,65535,255,5514,10282,0,0,0
737891,65535,255,5982,10282,0,0,0
737892,65535,255,4148,10282,0,0,0
737893,65535,255,1118,10282,0,0,0
737894,522,0,2438,10282,1,0,1
737895,65535,255,4939,10282,0,0,0
737896,943,0,6414,10282,1,0,0
737897,65535,255,4866,10282,0,0,0
737898,65535,255,2263,10282,0,0,0
737899,65535,255,1322,10282,0,0,0
737900,65535,255,4248,10282,0,0,0
737901,65535,255,6002,10282,0,0,0
737902,65535,255,5472,10282,0,0,0
737903,65535,255,3281,10282,0,0,0
737904,65535,255,110,10282,0,0,0
737905,65535,255,3419,10282,0,0,0
737906,666,2,5516,10282,1,0,1
737907,1344,0,5979,10282,1,0,1
737908,1216,0,4141,10282,1,0,1
737909,65535,255,1113,10282,0,0,0
737910,735,0,2448,10282,1,0,1
737911,719,0,4942,10282,1,0,1
737912,533,0,6413,10282,1,0,1
737913,65535,255,4864,10282,0,0,0
737914,65535,255,2258,10282,0,0,0
737915,935,0,1328,10282,1,0,1
737916,977,0,4252,10282,1,0,1
737917,65535,255,6005,10282,0,0,0
737918,65535,255,5469,10282,0,0,0
737919,65535,255,3272,10282,0,0,0
737920,1218,0,124,10282,1,0,1
737921,1355,0,3431,10282,1,0,1
737922,602,0,5520,10282,1,0,1
737923,866,0,5974,10282,1,0,1
737924,1107,0,4134,10282,1,0,1
737925,423,0,1101,10282,1,0,1
737926,65535,255,2459,10282,0,0,0
737927,65535,255,4948,10282,0,0,0
737928,890,2,6407,10282,1,0,0
737929,65535,255,4858,10282,0,0,0
737930,65535,255,2247,10282,0,0,0
737931,679,0,1340,10282,1,0,1
737932,929,0,4262,10282,1,0,1
737933,65535,255,6010,10282,0,0,0
737934,65535,255,5462,10282,0,0,0
737935,0,0,0,0,0,0,0
737936,65535,255,134,10282,0,0,0
737937,572,0,3440,10282,1,0,1
737938,597,0,5530,10282,1,0,1
737939,377,2,5970,10282,1,0,0
737940,65535,255,4123,10282,0,0,0
737941,362,0,1079,10282,1,0,1
737942,1120,0,2473,10282,1,0,1
737943,586,0,4957,10282,1,0,1
737944,1165,0,6401,10282,1,0,1
737945,610,0,4848,10282,1,0,1
737946,65535,255,2232,10282,0,0,0
737947,65535,255,1362,10282,0,0,0
737948,65535,255,4277,10282,0,0,0
737949,878,0,6021,10282,1,0,0
737950,486,0,5451,10282,1,0,1
737951,65535,255,3241,10282,0,0,0
737952,65535,255,157,10282,0,0,0
737953,65535,255,3461,10282,0,0,0
737954,65535,255,5542,10282,0,0,0
737955,603,0,5961,10282,1,0,1
737956,565,0,4108,10282,1,0,1
737957,65535,255,1056,10282,0,0,0
737958,76,2,2496,10282,1,0,1
737959,65535,255,4975,10282,0,0,0
737960,839,0,6393,10282,1,0,1
737961,65535,255,4831,10282,0,0,0
737962,624,0,2205,10282,1,0,1
737963,65535,255,1390,10282,0,0,0
737964,598,0,4291,10282,1,0,1
737965,553,0,6033,10282,1,0,1
737966,65535,255,5438,10282,0,0,0
737967,632,0,3223,10282,1,0,1
737968,65535,255,185,10282,0,0,0
737969,771,0,3479,10282,1,0,1
737970,65535,255,5550,10282,0,0,0
737971,65535,255,5954,10282,0,0,0
737972,65535,255,4100,10282,0,0,0
737973,65535,255,1050,10282,0,0,0
737974,65535,255,2497,10282,0,0,0
737975,65535,255,4974,10282,0,0,0
737976,65535,255,6392,10282,0,0,0
737977,65535,255,4834,10282,0,0,0
737978,583,0,2210,10282,1,0,1
737979,587,0,1384,10282,1,0,1
737980,1188,0,4287,10282,1,0,1
737981,560,0,6026,10282,1,0,1
737982,65535,255,5449,10282,0,0,0
737983,744,0,3239,10282,1,0,1
737984,774,0,164,10282,1,0,1
737985,65535,255,3461,10282,0,0,0
737986,234,0,5539,10282,1,0,0
737987,65535,255,5963,10282,0,0,0
737988,65535,255,4113,10282,0,0,0
737989,630,2,1066,10282,1,0,0
737990,402,2,2484,10282,1,0,1
737991,892,0,4964,10282,1,0,1
737992,560,0,6401,10282,1,0,1
737993,759,0,4845,10282,1,0,1
737994,484,0,2225,10282,1,0,1
737995,583,0,1363,10282,1,0,1
737996,936,0,4277,10282,1,0,1
737997,570,0,6018,10282,1,0,1
737998,789,0,5455,10282,1,0,1
737999,468,2,3253,10282,1,0,1
738000,783,0,146,10282,1,0,1
738001,268,0,3450,10282,1,0,1
738002,65535,255,5533,10282,0,0,0
738003,65535,255,5966,10282,0,0,0
738004,65535,255,4122,10282,0,0,0
738005,508,0,1078,10282,1,0,1
738006,709,0,2474,10282,1,0,1
738007,1113,0,4955,10282,1,0,1
738008,903,0,6403,10282,1,0,1
738009,1033,0,4851,10282,1,0,1
738010,551,0,2241,10282,1,0,1
738011,504,0,1352,10282,1,0,1
738012,605,0,4267,10282,1,0,1
738013,649,0,6014,10282,1,0,1
738014,589,0,5461,10282,1,0,1
738015,1111,0,3258,10282,1,0,0
738016,65535,255,138,10282,0,0,0
738017,583,0,3441,10282,1,0,1
738018,532,0,5526,10282,1,0,1
738019,65535,255,5971,10282,0,0,0
738020,65535,255,4129,10282,0,0,0
738021,65535,255,1095,10282,0,0,0
738022,65535,255,2459,10282,0,0,0
738023,48,2,4952,10282,1,0,1
738024,65535,255,6405,10282,0,0,0
738025,65535,255,4857,10282,0,0,0
738026,65535,255,2246,10282,0,0,0
738027,874,0,1340,10282,1,0,1
738028,591,2,4262,10282,1,0,0
738029,341,0,6009,10282,1,0,0
738030,65535,255,5464,10282,0,0,0
738031,829,0,3268,10282,1,0,0
738032,823,0,131,10282,1,0,1
738033,537,0,3432,10282,1,0,1
738034,609,0,5523,10282,1,0,1
738035,65535,255,5974,10282,0,0,0
738036,65535,255,4133,10282,0,0,0
738037,844,0,1101,10282,1,0,0
738038,649,0,2454,10282,1,0,1
738039,65535,255,4946,10282,0,0,0
738040,660,0,6408,10282,1,0,1
738041,582,0,4860,10282,1,0,1
738042,626,0,2251,10282,1,0,0
738043,498,0,1341,10282,1,0,1
738044,65535,255,4260,10282,0,0,0
738045,295,0,6008,10282,1,0,1
738046,65535,255,5464,10282,0,0,0
738047,588,0,3267,10282,1,0,1
738048,476,0,123,10282,1,0,1
738049,65535,255,3433,10282,0,0,0
738050,65535,255,5524,10282,0,0,0
738051,889,0,5974,10282,1,0,1
738052,65535,255,4133,10282,0,0,0
738053,65535,255,1100,10282,0,0,0
738054,65535,255,2454,10282,0,0,0
738055,65535,255,4946,10282,0,0,0
738056,65535,255,6407,10282,0,0,0
738057,65535,255,4857,10282,0,0,0
738058,106,2,2252,10282,1,0,0
738059,950,0,1352,10282,1,0,1
738060,65535,255,4267,10282,0,0,0
738061,492,0,6014,10282,1,0,1
738062,65535,255,5461,10282,0,0,0
738063,708,0,3258,10282,1,0,1
738064,65535,255,137,10282,0,0,0
738065,65535,255,3437,10282,0,0,0
738066,409,0,5528,10282,1,0,1
738067,414,0,5971,10282,1,0,1
738068,65535,255,4129,10282,0,0,0
738069,65535,255,1095,10282,0,0,0
738070,573,0,2463,10282,1,0,1
738071,65535,255,4952,10282,0,0,0
738072,65535,255,6407,10282,0,0,0
738073,461,0,4857,10282,1,0,0
738074,65535,255,2249,10282,0,0,0
738075,564,0,1341,10282,1,0,1
738076,65535,255,4263,10282,0,0,0
738077,542,0,6011,10282,1,0,1
738078,65535,255,5463,10282,0,0,0
738079,65535,255,3267,10282,0,0,0
738080,65535,255,129,10282,0,0,0
738081,65535,255,3436,10282,0,0,0
738082,65535,255,5525,10282,0,0,0
738083,65535,255,5975,10282,0,0,0
738084,728,2,4133,10282,1,0,1
738085,65535,255,1101,10282,0,0,0
738086,65535,255,2459,10282,0,0,0
738087,201,2,4951,10282,1,0,0
738088,65535,255,6410,10282,0,0,0
738089,65535,255,4860,10282,0,0,0
738090,65535,255,2247,10282,0,0,0
738091,65535,255,1345,10282,0,0,0
738092,837,0,4262,10282,1,0,1
738093,395,0,6012,10282,1,0,1
738094,65535,255,5466,10282,0,0,0
738095,65535,255,3267,10282,0,0,0
738096,288,0,138,10282,1,0,0
738097,362,0,3436,10282,1,0,1
738098,65535,255,5527,10282,0,0,0
738099,65535,255,5976,10282,0,0,0
738100,512,0,4133,10282,1,0,1
738101,65535,255,1096,10282,0,0,0
738102,65535,255,2463,10282,0,0,0
738103,65535,255,4954,10282,0,0,0
738104,65535,255,6408,10282,0,0,0
738105,0,0,0,0,0,0,0
738106,65535,255,2242,10282,0,0,0
738107,65535,255,1345,10282,0,0,0
738108,65535,255,4265,10282,0,0,0
738109,65535,255,6016,10282,0,0,0
738110,65535,255,5462,10282,0,0,0
738111,419,0,3259,10282,1,0,1
738112,856,0,145,10282,1,0,1
738113,0,0,0,0,0,0,0
738114,0,0,0,0,0,0,0
738115,65535,255,5970,10282,0,0,0
738116,65535,255,4123,10282,0,0,0
738117,65535,255,1080,10282,0,0,0
738118,65535,255,2473,10282,0,0,0
738119,65535,255,4963,10282,0,0,0
738120,65535,255,6402,10282,0,0,0
738121,480,0,4849,10282,1,0,1
738122,1078,1,2226,10282,1,0,1
738123,477,0,1368,10282,1,0,1
738124,513,0,4277,10282,1,0,1
738125,1006,1,6021,10282,1,0,1
738126,65535,255,5451,10282,0,0,0
738127,65535,255,3241,10282,0,0,0
738128,674,0,160,10282,1,0,0
738129,65535,255,3461,10282,0,0,0
738130,65535,255,5543,10282,0,0,0
738131,65535,255,5959,10282,0,0,0
738132,65535,255,4107,10282,0,0,0
738133,65535,255,1056,10282,0,0,0
738134,65535,255,2498,10282,0,0,0
738135,65535,255,4972,10282,0,0,0
738136,65535,255,6393,10282,0,0,0
738137,65535,255,4834,10282,0,0,0
738138,0,0,0,0,0,0,0
738139,525,2,1379,10282,1,0,0
738140,65535,255,4284,10282,0,0,0
738141,65535,255,6024,10282,0,0,0
738142,65535,255,5449,10282,0,0,0
738143,65535,255,3241,10282,0,0,0
738144,65535,255,163,10282,0,0,0
738145,65535,255,3457,10282,0,0,0
738146,540,0,5537,10282,1,0,1
738147,65535,255,5963,10282,0,0,0
738148,65535,255,4115,10282,0,0,0
738149,65535,255,1080,10282,0,0,0
738150,165,0,2478,10282,1,0,1
738151,65535,255,4960,10282,0,0,0
738152,65535,255,6401,10282,0,0,0
738153,65535,255,4849,10282,0,0,0
738154,65535,255,2231,10282,0,0,0
738155,0,0,0,0,0,0,0
738156,65535,255,4269,10282,0,0,0
738157,65535,255,6013,10282,0,0,0
738158,65535,255,5457,10282,0,0,0
738159,65535,255,3259,10282,0,0,0
738160,65535,255,136,10282,0,0,0
738161,65535,255,3440,10282,0,0,0
738162,65535,255,5530,10282,0,0,0
738163,65535,255,5970,10282,0,0,0
738164,0,0,0,0,0,0,0
738165,65535,255,1095,10282,0,0,0
738166,65535,255,2458,10282,0,0,0
738167,65535,255,4948,10282,0,0,0
738168,65535,255,6405,10282,0,0,0
738169,65535,255,4855,10282,0,0,0
738170,65535,255,2247,10282,0,0,0
738171,196,0,1337,10282,1,0,1
738172,65535,255,4257,10282,0,0,0
738173,593,0,6008,10282,1,0,1
738174,65535,255,5466,10282,0,0,0
738175,928,0,3269,10282,1,0,1
738176,65535,255,133,10282,0,0,0
738177,65535,255,3431,10282,0,0,0
738178,412,0,5521,10282,1,0,1
738179,49,0,5976,10282,1,0,1
738180,1019,1,4135,10282,1,0,1
738181,65535,255,1103,10282,0,0,0
738182,65535,255,2452,10282,0,0,0
738183,65535,255,4945,10282,0,0,0
738184,978,1,6411,10282,1,0,1
738185,494,0,4864,10282,1,0,1
738186,550,0,2256,10282,1,0,1
738187,431,0,1327,10282,1,0,1
738188,65535,255,4254,10282,0,0,0
738189,65535,255,6007,10282,0,0,0
738190,362,0,5468,10282,1,0,1
738191,715,1,3274,10282,1,0,1
738192,65535,255,127,10282,0,0,0
738193,65535,255,3426,10282,0,0,0
738194,65535,255,5521,10282,0,0,0
738195,65535,255,5980,10282,0,0,0
738196,65535,255,4142,10282,0,0,0
738197,661,2,1108,10282,1,0,1
738198,416,0,2447,10282,1,0,1
738199,65535,255,4944,10282,0,0,0
738200,65535,255,6412,10282,0,0,0
738201,65535,255,4865,10282,0,0,0
738202,65535,255,2259,10282,0,0,0
738203,65535,255,1333,10282,0,0,0
738204,65535,255,4254,10282,0,0,0
738205,65535,255,6006,10282,0,0,0
738206,65535,255,5471,10282,0,0,0
738207,458,2,3273,10282,1,0,0
738208,65535,255,115,10282,0,0,0
738209,65535,255,3426,10282,0,0,0
738210,410,0,5521,10282,1,0,1
738211,65535,255,5980,10282,0,0,0
738212,577,0,4139,10282,1,0,0
738213,65535,255,1109,10282,0,0,0
738214,65535,255,2452,10282,0,0,0
738215,65535,255,4946,10282,0,0,0
738216,431,0,6411,10282,1,0,1
738217,506,0,4865,10282,1,0,1
738218,65535,255,2259,10282,0,0,0
738219,65535,255,1337,10282,0,0,0
738220,65535,255,4257,10282,0,0,0
738221,0,0,0,0,0,0,0
738222,65535,255,5467,10282,0,0,0
738223,65535,255,3273,10282,0,0,0
738224,65535,255,135,10282,0,0,0
738225,65535,255,3434,10282,0,0,0
738226,65535,255,5525,10282,0,0,0
738227,65535,255,5975,10282,0,0,0
738228,401,0,4135,10282,1,0,1
738229,65535,255,1103,10282,0,0,0
738230,65535,255,2462,10282,0,0,0
738231,65535,255,4952,10282,0,0,0
738232,65535,255,6410,10282,0,0,0
738233,65535,255,4856,10282,0,0,0
738234,65535,255,2248,10282,0,0,0
738235,561,0,1350,10282,1,0,0
738236,367,0,4264,10282,1,0,1
738237,389,0,6015,10282,1,0,1
738238,65535,255,5460,10282,0,0,0
738239,65535,255,3260,10282,0,0,0
738240,501,1,142,10282,1,0,1
738241,65535,255,3443,10282,0,0,0
738242,350,0,5534,10282,1,0,1
738243,349,0,5971,10282,1,0,1
738244,453,0,4124,10282,1,0,1
738245,65535,255,1080,10282,0,0,0
738246,292,0,2472,10282,1,0,1
738247,322,0,4958,10282,1,0,1
738248,65535,255,6402,10282,0,0,0
738249,625,1,4847,10282,1,0,1
738250,332,0,2227,10282,1,0,0
738251,65535,255,1367,10282,0,0,0
738252,65535,255,4275,10282,0,0,0
738253,65535,255,6022,10282,0,0,0
738254,65535,255,5451,10282,0,0,0
738255,414,0,3242,10282,1,0,1
738256,505,0,162,10282,1,0,1
738257,383,0,3460,10282,1,0,1
738258,806,0,5541,10282,1,0,1
738259,65535,255,5961,10282,0,0,0
738260,100,0,4109,10282,1,0,1
738261,463,0,1057,10282,1,0,1
738262,326,0,2497,10282,1,0,1
738263,353,0,4973,10282,1,0,1
738264,65535,255,6392,10282,0,0,0
738265,65535,255,4832,10282,0,0,0
738266,604,0,2207,10282,1,0,1
738267,150,0,1389,10282,1,0,1
738268,281,0,4293,10282,1,0,1
738269,586,0,6031,10282,1,0,1
738270,187,0,5436,10282,1,0,1
738271,187,0,3219,10282,1,0,1
738272,483,1,192,10282,1,0,1
738273,65535,255,3482,10282,0,0,0
738274,161,0,5555,10282,1,0,0
738275,65535,255,5945,10282,0,0,0
738276,168,0,4089,10282,1,0,1
738277,65535,255,1033,10282,0,0,0
738278,65535,255,2513,10282,0,0,0
738279,65535,255,4981,10282,0,0,0
738280,65535,255,6387,10282,0,0,0
738281,618,1,4826,10282,1,0,1
738282,302,0,2194,10282,1,0,1
738283,406,0,1390,10282,1,0,1
738284,65535,255,4291,10282,0,0,0
738285,65535,255,6028,10282,0,0,0
738286,65535,255,5442,10282,0,0,0
738287,383,0,3232,10282,1,0,1
738288,194,0,175,10282,1,0,1
738289,65535,255,3461,10282,0,0,0
738290,65535,255,5540,10282,0,0,1
738291,65535,255,5959,10282,0,0,0
738292,65535,255,4108,10282,0,0,0
738293,774,0,1062,10282,1,0,1
738294,352,0,2487,10282,1,0,1
738295,65535,255,4963,10282,0,0,0
738296,65535,255,6397,10282,0,0,0
738297,65535,255,4843,10282,0,0,0
738298,349,0,2232,10282,1,0,1
738299,249,0,1363,10282,1,0,0
738300,65535,255,4273,10282,0,0,0
738301,65535,255,6016,10282,0,0,0
738302,279,0,5455,10282,1,0,1
738303,65535,255,3255,10282,0,0,0
738304,65535,255,141,10282,0,0,0
738305,371,0,3440,10282,1,0,1
738306,65535,255,5530,10282,0,0,0
738307,65535,255,5970,10282,0,0,0
738308,65535,255,4127,10282,0,0,0
738309,65535,255,1090,10282,0,0,0
738310,487,0,2463,10282,1,0,1
738311,345,0,4951,10282,1,0,1
738312,65535,255,6407,10282,0,0,0
738313,307,0,4858,10282,1,0,1
738314,398,0,2247,10282,1,0,1
738315,302,0,1334,10282,1,0,1
738316,65535,255,4255,10282,0,0,0
738317,65535,255,6008,10282,0,0,0
738318,65535,255,5467,10282,0,0,0
738319,65535,255,3272,10282,0,0,0
738320,65535,255,129,10282,0,0,0
738321,65535,255,3427,10282,0,0,0
738322,359,0,5519,10282,1,0,1
738323,65535,255,5979,10282,0,0,0
738324,65535,255,4144,10282,0,0,0
738325,65535,255,1118,10282,0,0,0
738326,65535,255,2438,10282,0,0,0
738327,65535,255,4936,10282,0,0,0
738328,65535,255,6416,10282,0,0,0
738329,65535,255,4873,10282,0,0,0
738330,65535,255,2274,10282,0,0,1
738331,65535,255,1311,10282,0,0,0
738332,442,0,4240,10282,1,0,1
738333,451,0,5997,10282,1,0,1
738334,322,0,5482,10282,1,0,1
738335,741,0,3295,10282,1,0,1
738336,65535,255,92,10282,0,0,0
738337,65535,255,3401,10282,0,0,0
738338,398,0,5507,10282,1,0,1
738339,721,0,5992,10282,1,0,0
738340,329,0,4166,10282,1,0,1
738341,65535,255,1149,10282,0,0,0
738342,65535,255,2414,10282,0,0,0
738343,65535,255,4923,10282,0,0,0
738344,65535,255,6406,10282,0,0,0
738345,65535,255,4888,10282,0,0,0
738346,65535,255,2300,10282,0,0,0
738347,65535,255,1289,10282,0,0,0
738348,314,0,4225,10282,1,0,1
738349,268,0,5987,10282,1,0,1
738350,65535,255,5494,10282,0,0,0
738351,454,0,3317,10282,1,0,1
738352,617,0,73,10282,1,0,1
738353,65535,255,3385,10282,0,0,0
738354,65535,255,5495,10282,0,0,0
738355,65535,255,6002,10282,0,0,0
738356,65535,255,4180,10282,0,0,0
738357,427,0,1168,10282,1,0,1
738358,65535,255,2395,10282,0,0,0
738359,504,0,4910,10282,1,0,1
738360,65535,255,6399,10282,0,0,0
738361,350,0,4902,10282,1,0,1
738362,571,0,2320,10282,1,0,1
738363,373,0,1261,10282,1,0,1
738364,327,0,4208,10208,1,0,0
738365,366,0,5979,10379,1,0,1
738366,0,0,0,0,0,0,0
738367,65535,255,3330,10379,0,0,0
738368,488,0,45,13639,1,0,1
738369,65535,255,3369,10111,0,0,0
738370,0,0,0,0,0,0,0
738371,0,0,0,0,0,0,0
738372,0,0,0,0,0,0,0
738373,65535,255,1191,10111,0,0,0
738374,0,0,0,0,0,0,0
738375,296,0,4898,10289,1,0,1
738376,65535,255,6393,10289,0,0,0
738377,0,0,0,0,0,0,0
738378,0,0,0,0,0,0,0
738379,666,0,1244,10109,1,0,1
738380,0,0,0,0,0,0,0
738381,0,0,0,0,0,0,0
738382,65535,255,5511,-8386,0,0,0
738383,0,0,0,0,0,0,0
738384,0,0,0,0,0,0,0
738385,224,0,3356,10141,1,0,1
738386,0,0,0,0,0,0,0
738387,538,0,6014,-8455,1,0,1
738388,475,0,4201,-8290,1,0,1
738389,341,0,1208,-8267,1,0,1
738390,65535,255,2360,10146,0,0,0
738391,888,0,4892,10267,1,0,1
738392,248,0,6388,10427,1,0,1
738393,0,0,0,0,0,0,0
738394,218,0,2345,-8123,1,0,1
738395,0,0,0,0,0,0,0
738396,65535,255,4188,10200,0,0,0
738397,65535,255,5966,10200,0,0,0
738398,65535,255,5517,10200,0,0,0
738399,96,2,3353,10200,1,0,1
738400,65535,255,13,10200,0,0,0
738401,166,2,3351,10200,1,0,1
738402,408,0,5475,10200,1,0,1
738403,525,0,6018,10200,1,0,1
738404,65535,255,4207,10200,0,0,0
738405,376,0,1213,10200,1,0,1
738406,65535,255,2356,10200,0,0,0
738407,593,0,4889,10200,1,0,1
738408,65535,255,6385,10200,0,0,0
738409,65535,255,4920,10200,0,0,0
738410,65535,255,2350,10200,0,0,0
738411,65535,255,1221,10200,0,0,0
738412,65535,255,4183,10200,0,0,0
738413,0,0,0,0,0,0,0
738414,65535,255,5517,10200,0,0,0
738415,65535,255,3357,10200,0,0,0
738416,65535,255,12,10200,0,0,0
738417,65535,255,3346,10200,0,0,0
738418,65535,255,5470,10200,0,0,0
738419,65535,255,6019,10200,0,0,0
738420,284,0,4209,10200,1,0,1
738421,65535,255,1219,10200,0,0,0
738422,65535,255,2350,10200,0,0,0
738423,361,0,4886,10200,1,0,1
738424,65535,255,6385,10200,0,0,0
738425,65535,255,4923,10200,0,0,0
738426,332,0,2356,10200,1,0,1
738427,232,0,1227,10200,1,0,1
738428,243,0,4184,10200,1,0,1
738429,140,0,5964,10200,1,0,1
738430,65535,255,5517,10200,0,0,0
738431,65535,255,3357,10200,0,0,0
738432,65535,255,28,10200,0,0,0
738433,0,0,0,0,0,0,0
738434,65535,255,5475,10200,0,0,0
738435,65535,255,6016,10200,0,0,0
738436,65535,255,4205,10200,0,0,0
738437,65535,255,1208,10200,0,0,0
738438,65535,255,2361,10200,0,0,0
738439,0,0,0,0,0,0,0
738440,65535,255,6389,10200,0,0,0
738441,65535,255,4917,10200,0,0,0
738442,65535,255,2345,10200,0,0,0
738443,343,0,1233,10200,1,0,1
738444,65535,255,4188,10200,0,0,0
738445,65535,255,5966,10200,0,0,0
738446,65535,255,5516,10200,0,0,0
738447,65535,255,3361,10200,0,0,0
738448,65535,255,25,10200,0,0,0
738449,65535,255,3337,10200,0,0,0
738450,65535,255,5467,10200,0,0,0
738451,65535,255,6026,10200,0,0,0
738452,65535,255,4221,10200,0,0,0
738453,0,0,0,0,0,0,0
738454,65535,255,2329,10200,0,0,0
738455,65535,255,4872,10200,0,0,0
738456,65535,255,6375,10200,0,0,0
738457,65535,255,4942,10200,0,0,0
738458,65535,255,2386,10200,0,0,0
738459,65535,255,1187,10200,0,0,0
738460,65535,255,4157,10200,0,0,0
738461,65535,255,5949,10200,0,0,0
738462,65535,255,5540,10200,0,0,0
738463,121,0,3396,10200,1,0,1
738464,65535,255,52,10200,0,0,0
738465,195,0,3300,10200,1,0,0
738466,162,0,5447,10200,1,0,1
738467,65535,255,6045,10200,0,0,0
738468,212,0,4256,10200,1,0,1
738469,65535,255,1288,10200,0,0,0
738470,65535,255,2291,10200,0,0,0
738471,65535,255,4846,10200,0,0,0
738472,65535,255,6361,10200,0,0,0
738473,196,0,4966,10200,1,0,1
738474,65535,255,2425,10200,0,0,0
738475,317,0,1142,10200,1,0,1
738476,788,1,4135,10200,1,0,1
738477,388,0,5933,10200,1,0,1
738478,65535,255,5559,10200,0,0,1
738479,65535,255,3408,10200,0,0,0
738480,65535,255,72,10200,0,0,0
738481,65535,255,3300,10200,0,0,0
738482,65535,255,5447,10200,0,0,0
738483,235,0,6045,10200,1,0,1
738484,789,1,4249,10200,1,0,1
738485,65535,255,1276,10200,0,0,0
738486,65535,255,2307,10200,0,0,0
738487,65535,255,4861,10200,0,0,0
738488,65535,255,6370,10200,0,0,0
738489,65535,255,4950,10200,0,0,0
738490,65535,255,2401,10200,0,0,0
738491,65535,255,1182,10200,0,0,0
738492,65535,255,4160,10200,0,0,0
738493,65535,255,5953,10200,0,0,0
738494,65535,255,5537,10200,0,0,0
738495,65535,255,3387,10200,0,0,0
738496,728,0,29,10200,1,0,1
738497,65535,255,3323,10200,0,0,0
738498,65535,255,5460,10200,0,0,0
738499,65535,255,6031,10200,0,0,0
738500,696,2,4228,10200,1,0,1
738501,65535,255,1243,10200,0,0,0
738502,65535,255,2334,10200,0,0,0
738503,348,0,4878,10200,1,0,1
738504,0,0,0,0,0,0,0
738505,65535,255,4929,10200,0,0,0
738506,0,0,0,0,0,0,0
738507,65535,255,1216,10200,0,0,0
738508,65535,255,4182,10200,0,0,0
738509,65535,255,5965,10200,0,0,0
738510,313,0,5520,10200,1,0,1
738511,251,0,3358,10200,1,0,1
738512,423,0,18,10200,1,0,1
738513,65535,255,3354,10200,0,0,0
738514,65535,255,5479,10200,0,0,0
738515,65535,255,6014,10200,0,0,0
738516,405,0,4199,10200,1,0,1
738517,372,0,1192,10200,1,0,1
738518,581,0,2379,10200,1,0,1
738519,0,0,0,0,0,0,0
738520,65535,255,6396,10200,0,0,0
738521,65535,255,4903,10200,0,0,0
