sdate,line_t,line_tmq,line_tvza,line_tvaa,line_tm2,line_QFDNB,line_tm_buf
735235,65535,255,2504,10330,0,0,1
735236,65535,255,4653,10684,0,0,1
735237,65535,255,5691,-8590,0,0,1
735238,65535,255,4024,-8325,0,0,1
735239,65535,255,1476,-7908,0,0,0
735240,65535,255,1592,10113,0,0,1
735241,10,0,4047,10512,1,0,1
735242,65535,255,5635,10849,0,0,0
735243,65535,255,4660,-8370,0,0,0
735244,65535,255,2418,-8064,0,0,0
735245,65535,255,592,10319,0,0,0
735246,0,0,0,0,0,0,0
735247,4,0,5187,10737,1,0,1
735248,10,0,5207,-8501,1,0,0
735249,65535,255,3263,-8175,0,0,0
735250,7,0,443,-7532,1,0,0
735251,14,0,2524,10333,1,0,0
735252,65535,255,4660,10680,0,0,0
735253,32,0,5684,-8584,1,0,0
735254,65535,255,4021,-8318,0,0,0
735255,65535,255,1476,-7864,0,0,0
735256,65535,255,1581,10380,0,0,0
735257,65535,255,4039,10598,0,0,0
735258,65535,255,5628,10835,0,0,0
735259,65535,255,4670,-8431,0,0,0
735260,65535,255,2443,-8197,0,0,0
735261,65535,255,568,9971,0,0,1
735262,65535,255,3316,10434,0,0,0
735263,65535,255,5167,10780,0,0,0
735264,65535,255,5227,-8535,0,0,1
735265,65535,255,3299,-8235,0,0,1
735266,65535,255,488,-8046,0,0,0
735267,65535,255,2480,10443,0,0,0
735268,65535,255,4637,10647,0,0,1
735269,65535,255,5703,-8592,0,0,0
735270,65535,255,4048,-8292,0,0,1
735271,10,0,1519,-8153,1,0,0
735272,17,0,1542,10359,1,0,0
735273,7,0,4012,10543,1,0,1
735274,65535,255,5611,10840,0,0,0
735275,65535,255,4693,-8446,0,0,0
735276,2,0,2472,-8045,1,0,1
735277,3,0,522,10267,1,0,1
735278,10,0,3285,10432,1,0,1
735279,65535,255,5150,10740,0,0,0
735280,5,0,5245,-8498,1,0,1
735281,8,0,3325,-8183,1,0,1
735282,65535,255,523,-7727,0,0,0
735283,65535,255,2450,10389,0,0,0
735284,65535,255,4613,10630,0,0,0
735285,13,0,5720,-8626,1,0,1
735286,65535,255,4071,-8288,0,0,0
735287,65535,255,1551,-8041,0,0,1
735288,65535,255,1510,10337,0,0,1
735289,65535,255,3991,10511,0,0,0
735290,65535,255,5595,10846,0,0,0
735291,65535,255,4713,-8449,0,0,0
735292,65535,255,2502,-8036,0,0,0
735293,65535,255,487,10139,0,0,0
735294,65535,255,3258,10410,0,0,1
735295,65535,255,5134,10722,0,0,1
735296,65535,255,5262,-8476,0,0,1
735297,65535,255,3357,-8268,0,0,0
735298,65535,255,565,-8274,0,0,1
735299,65535,255,2420,10294,0,0,0
735300,65535,255,4592,10670,0,0,0
735301,65535,255,5734,-8586,0,0,1
735302,65535,255,4097,-8328,0,0,0
735303,65535,255,1586,-7946,0,0,0
735304,7,0,1476,10133,1,0,1
735305,65535,255,3964,10530,0,0,1
735306,33,0,5582,10865,1,0,1
735307,122,0,4732,-8393,1,0,1
735308,65535,255,2537,-8141,0,0,0
735309,5,0,459,9698,1,0,1
735310,15,0,3235,10511,1,0,0
735311,12,0,5118,10711,1,0,0
735312,65535,255,5280,-8548,0,0,0
735313,65535,255,3382,-8271,0,0,0
735314,65535,255,594,-7534,0,0,0
735315,65535,255,2395,10345,0,0,1
735316,65535,255,4582,10618,0,0,0
735317,65535,255,5747,-8619,0,0,1
735318,65535,255,4116,-8287,0,0,0
735319,65535,255,1613,-8025,0,0,1
735320,65535,255,1454,10083,0,0,0
735321,65535,255,3949,10527,0,0,1
735322,65535,255,5571,10872,0,0,0
735323,65535,255,4748,-8407,0,0,1
735324,65535,255,2556,-8193,0,0,0
735325,65535,255,435,10129,0,0,0
735326,65535,255,3221,10442,0,0,0
735327,65535,255,5110,10753,0,0,0
735328,65535,255,5290,-8525,0,0,1
735329,65535,255,3399,-8255,0,0,1
735330,11,0,611,-7517,1,0,1
735331,26,0,2380,10356,1,0,0
735332,65535,255,4571,10635,0,0,0
735333,17,0,5757,-8638,1,0,1
735334,65535,255,4130,-8331,0,0,0
735335,9,0,1629,-8033,1,0,1
735336,65535,255,1436,10335,0,0,0
735337,65535,255,3945,10512,0,0,0
735338,65535,255,5568,10871,0,0,0
735339,65535,255,4757,-8420,0,0,1
735340,65535,255,2566,-8057,0,0,0
735341,65535,255,419,10681,0,0,0
735342,10,0,3212,10375,1,0,1
735343,65535,255,5106,10732,0,0,0
735344,11,0,5296,-8516,1,0,1
735345,65535,255,3403,-8254,0,0,0
735346,65535,255,617,-7605,0,0,0
735347,65535,255,2370,10409,0,0,0
735348,65535,255,4568,10666,0,0,1
735349,65535,255,5759,-8604,0,0,0
735350,65535,255,4131,-8289,0,0,0
735351,65535,255,1630,-7954,0,0,0
735352,65535,255,1436,10267,0,0,1
735353,65535,255,3941,10497,0,0,1
735354,65535,255,5566,10871,0,0,1
735355,65535,255,4757,-8438,0,0,0
735356,65535,255,2566,-8107,0,0,0
735357,65535,255,423,9898,0,0,0
735358,65535,255,3212,10452,0,0,0
735359,65535,255,5106,10721,0,0,0
735360,65535,255,5293,-8496,0,0,0
735361,7,0,3403,-8237,1,0,1
735362,65535,255,617,-7605,0,0,1
735363,14,0,2378,10294,1,0,0
735364,65535,255,4571,10599,0,0,0
735365,65535,255,5754,-8632,0,0,0
735366,65535,255,4127,-8352,0,0,1
735367,11,0,1620,-7987,1,0,0
735368,65535,255,1442,10221,0,0,0
735369,65535,255,3949,10506,0,0,0
735370,4,0,5571,10818,1,0,0
735371,65535,255,4748,-8378,0,0,0
735372,8,0,2557,-8205,1,0,0
735373,65535,255,436,10308,0,0,0
735374,65535,255,3221,10415,0,0,1
735375,65535,255,5110,10775,0,0,1
735376,65535,255,5283,-8504,0,0,0
735377,65535,255,3387,-8270,0,0,1
735378,65535,255,598,-7982,0,0,0
735379,65535,255,2390,10345,0,0,0
735380,65535,255,4579,10663,0,0,0
735381,65535,255,5745,-8622,0,0,0
735382,65535,255,4113,-8351,0,0,0
735383,65535,255,1602,-7908,0,0,0
735384,65535,255,1459,10315,0,0,1
735385,0,0,0,0,0,0,0
735386,65535,255,5579,10852,0,0,0
735387,10,0,4735,-8440,1,0,0
735388,8,0,2537,-8166,1,0,0
735389,65535,255,459,10569,0,0,0
735390,65535,255,3239,10427,0,0,0
735391,65535,255,5125,10711,0,0,0
735392,65535,255,5270,-8526,0,0,0
735393,65535,255,3365,-8188,0,0,0
735394,8,0,570,-7515,1,0,1
735395,65535,255,2415,10270,0,0,0
735396,0,0,0,0,0,0,0
735397,0,0,0,0,0,0,0
735398,0,0,0,0,0,0,0
735399,7,0,1569,-7923,1,0,0
735400,65535,255,1493,10360,0,0,0
735401,9,0,3979,10577,1,0,1
735402,65535,255,5592,10878,0,0,0
735403,65535,255,4713,-8390,0,0,1
735404,65535,255,2502,-8061,0,0,0
735405,65535,255,492,10141,0,0,1
735406,65535,255,3266,10381,0,0,0
735407,65535,255,5139,10771,0,0,0
735408,65535,255,5251,-8518,0,0,1
735409,65535,255,3335,-8183,0,0,1
735410,65535,255,530,-7543,0,0,0
735411,65535,255,2450,10300,0,0,1
735412,65535,255,4616,10663,0,0,1
735413,65535,255,5715,-8594,0,0,0
735414,65535,255,4064,-8286,0,0,1
735415,65535,255,1537,-8089,0,0,0
735416,6,0,1531,10233,1,0,0
735417,65535,255,4006,10545,0,0,0
735418,5,0,5607,10864,1,0,1
735419,7,0,4690,-8380,1,0,0
735420,6,0,2467,-8069,1,0,0
735421,6,0,533,10207,1,0,1
735422,65535,255,3298,10407,0,0,1
735423,65535,255,5160,10744,0,0,1
735424,65535,255,5231,-8468,0,0,0
735425,6,0,3303,-8244,1,0,0
735426,4,0,488,-8049,1,0,0
735427,0,0,0,0,0,0,0
735428,65535,255,4644,10637,0,0,0
735429,65535,255,5697,-8621,0,0,0
735430,11,0,4033,-8267,1,0,0
735431,65535,255,1493,-8085,0,0,0
735432,65535,255,1569,10258,0,0,0
735433,65535,255,4032,10548,0,0,1
735434,65535,255,5622,10862,0,0,0
735435,65535,255,4677,-8366,0,0,0
735436,65535,255,2448,-8027,0,0,0
735437,65535,255,556,10032,0,0,0
735438,65535,255,3307,10511,0,0,0
735439,65535,255,5164,10770,0,0,1
735440,65535,255,5233,-8514,0,0,0
735441,65535,255,3307,-8179,0,0,0
735442,65535,255,495,-7578,0,0,0
735443,65535,255,2474,10316,0,0,1
735444,65535,255,4633,10672,0,0,0
735445,65535,255,5706,-8578,0,0,0
735446,5,0,4056,-8299,1,0,1
735447,5,0,1526,-8152,1,0,1
735448,65535,255,1536,10318,0,0,1
735449,65535,255,4009,10574,0,0,0
735450,65535,255,5610,10861,0,0,0
735451,65535,255,4696,-8404,0,0,0
735452,7,0,2482,-8135,1,0,0
735453,65535,255,523,10494,0,0,0
735454,0,0,0,0,0,0,0
735455,65535,255,5152,10752,0,0,0
735456,7,0,5247,-8501,1,0,0
735457,5,0,3330,-8163,1,0,0
735458,65535,255,530,-7543,0,0,0
735459,65535,255,2449,10326,0,0,1
735460,65535,255,4615,10687,0,0,0
735461,65535,255,5721,-8590,0,0,0
735462,65535,255,4074,-8337,0,0,0
735463,65535,255,1553,-7963,0,0,1
735464,65535,255,1514,10143,0,0,1
735465,65535,255,3994,10528,0,0,1
735466,65535,255,5599,10861,0,0,0
735467,65535,255,4712,-8383,0,0,0
735468,65535,255,2502,-8099,0,0,0
735469,65535,255,494,10543,0,0,1
735470,65535,255,3266,10468,0,0,0
735471,65535,255,5141,10760,0,0,0
735472,65535,255,5261,-8519,0,0,1
735473,65535,255,3348,-8212,0,0,0
735474,4,0,552,-7981,1,0,0
735475,65535,255,2431,10382,0,0,0
735476,4,0,4606,10655,1,0,0
735477,9,0,5728,-8574,1,0,1
735478,65535,255,4089,-8318,0,0,0
735479,4,0,1569,-7944,1,0,0
735480,65535,255,1498,10162,0,0,0
735481,0,0,0,0,0,0,0
735482,65535,255,5591,10878,0,0,0
735483,7,0,4722,-8413,1,0,1
735484,65535,255,2517,-8189,0,0,1
735485,65535,255,481,10004,0,0,0
735486,2,0,3257,10411,1,0,1
735487,4,0,5132,10733,1,0,1
735488,9,0,5267,-8505,1,0,1
735489,65535,255,3357,-8195,0,0,0
735490,65535,255,564,-7980,0,0,0
735491,65535,255,2425,10245,0,0,0
735492,65535,255,4596,10666,0,0,0
735493,65535,255,5733,-8593,0,0,0
735494,65535,255,4094,-8354,0,0,0
735495,65535,255,1580,-8069,0,0,0
735496,65535,255,1481,10317,0,0,0
735497,65535,255,3976,10497,0,0,1
735498,65535,255,5587,10859,0,0,0
735499,65535,255,4725,-8397,0,0,0
735500,65535,255,2522,-8163,0,0,0
735501,65535,255,475,10070,0,0,1
735502,65535,255,3248,10429,0,0,0
735503,65535,255,5127,10753,0,0,1
735504,65535,255,5267,-8525,0,0,1
735505,21,0,3361,-8258,1,0,1
735506,10,0,565,-7509,1,0,1
735507,0,0,0,0,0,0,0
735508,65535,255,4596,10642,0,0,0
735509,65535,255,5732,-8584,0,0,1
735510,65535,255,4094,-8347,0,0,0
735511,65535,255,1580,-8090,0,0,0
735512,65535,255,1482,10385,0,0,0
735513,2,0,3972,10526,1,0,0
735514,6,0,5585,10840,1,0,0
735515,5,0,4725,-8438,1,0,1
735516,65535,255,2517,-8088,0,0,0
735517,2,0,477,9724,1,0,0
735518,8,0,3253,10402,1,0,0
735519,65535,255,5130,10749,0,0,1
735520,65535,255,5265,-8534,0,0,0
735521,65535,255,3355,-8223,0,0,0
735522,65535,255,558,-7802,0,0,0
735523,65535,255,2426,10272,0,0,0
735524,65535,255,4599,10606,0,0,0
735525,65535,255,5729,-8630,0,0,1
735526,65535,255,4086,-8338,0,0,1
735527,65535,255,1569,-8110,0,0,0
735528,65535,255,1493,10098,0,0,0
735529,65535,255,3980,10564,0,0,1
735530,65535,255,5592,10848,0,0,0
735531,65535,255,4716,-8406,0,0,1
735532,65535,255,2502,-8047,0,0,0
735533,65535,255,494,9739,0,0,1
735534,65535,255,3262,10422,0,0,0
735535,65535,255,5136,10771,0,0,0
735536,65535,255,5254,-8492,0,0,0
735537,65535,255,3344,-8238,0,0,0
735538,8,0,541,-7613,1,0,1
735539,7,0,2445,10262,1,0,0
735540,65535,255,4613,10615,0,0,0
735541,65535,255,5719,-8585,0,0,0
735542,65535,255,4071,-8278,0,0,0
735543,3,0,1547,-7981,1,0,1
735544,11,0,1515,10362,1,0,1
735545,0,0,0,0,0,0,0
735546,65535,255,5605,10856,0,0,0
735547,65535,255,4699,-8439,0,0,1
735548,5,0,2482,-8147,1,0,1
735549,65535,255,522,10402,0,0,0
735550,65535,255,3289,10407,0,0,0
735551,65535,255,5153,10780,0,0,0
735552,65535,255,5239,-8514,0,0,0
735553,65535,255,3316,-8161,0,0,0
735554,65535,255,507,-8307,0,0,1
735555,65535,255,2475,10447,0,0,1
735556,65535,255,4633,10631,0,0,1
735557,65535,255,5704,-8607,0,0,0
735558,65535,255,4048,-8325,0,0,0
735559,65535,255,1520,-8107,0,0,0
735560,65535,255,1548,10151,0,0,1
735561,65535,255,4013,10599,0,0,0
735562,65535,255,5612,10880,0,0,0
735563,65535,255,4693,-8366,0,0,1
735564,65535,255,2477,-8183,0,0,1
735565,65535,255,522,10529,0,0,0
735566,65535,255,3289,10417,0,0,0
735567,65535,255,5153,10780,0,0,0
735568,5,0,5247,-8505,1,0,1
735569,65535,255,3330,-8237,0,0,0
735570,6,0,529,-8040,1,0,0
735571,65535,255,2450,10380,0,0,0
735572,65535,255,4616,10683,0,0,0
735573,65535,255,5721,-8571,0,0,0
735574,5,0,4074,-8271,1,0,1
735575,5,0,1553,-8002,1,0,1
735576,65535,255,1515,10103,0,0,0
735577,65535,255,3990,10603,0,0,0
735578,65535,255,5599,10822,0,0,0
735579,65535,255,4712,-8398,0,0,0
735580,65535,255,2501,-8096,0,0,0
735581,65535,255,493,10278,0,0,0
735582,65535,255,3266,10405,0,0,0
735583,65535,255,5138,10766,0,0,0
735584,65535,255,5261,-8531,0,0,0
735585,65535,255,3352,-8210,0,0,0
735586,65535,255,552,-7739,0,0,0
735587,65535,255,2429,10353,0,0,1
735588,0,0,0,0,0,0,0
735589,0,0,0,0,0,0,0
735590,0,0,0,0,0,0,0
735591,65535,255,1569,-7921,0,0,0
735592,65535,255,1492,10215,0,0,1
735593,65535,255,3982,10501,0,0,0
735594,65535,255,5591,10843,0,0,0
735595,65535,255,4725,-8441,0,0,0
735596,65535,255,2512,-8034,0,0,0
735597,3,0,481,10141,1,0,1
735598,3,0,3257,10404,1,0,1
735599,7,0,5133,10720,1,0,0
735600,9,0,5266,-8478,1,0,1
735601,65535,255,3361,-8273,0,0,0
735602,5,0,564,-8161,1,0,0
735603,6,0,2425,10313,1,0,0
735604,7,0,4598,10687,1,0,0
735605,65535,255,5733,-8594,0,0,0
735606,7,0,4093,-8352,1,0,1
735607,6,0,1575,-8026,1,0,1
735608,2,0,1487,10251,1,0,1
735609,65535,255,3979,10573,0,0,0
735610,65535,255,5592,10830,0,0,0
735611,65535,255,4722,-8440,0,0,1
735612,65535,255,2517,-8059,0,0,1
735613,65535,255,481,10418,0,0,0
735614,65535,255,3257,10470,0,0,0
735615,65535,255,5133,10767,0,0,0
735616,65535,255,5264,-8531,0,0,0
735617,65535,255,3357,-8255,0,0,0
735618,65535,255,555,-7617,0,0,0
735619,65535,255,2425,10340,0,0,0
735620,65535,255,4602,10620,0,0,0
735621,65535,255,5728,-8606,0,0,1
735622,0,0,0,0,0,0,0
735623,65535,255,1569,-7962,0,0,1
735624,65535,255,1493,10121,0,0,0
735625,3,0,3979,10514,1,0,1
735626,5,0,5589,10848,1,0,1
735627,65535,255,4723,-8447,0,0,0
735628,8,0,2512,-8021,1,0,1
735629,26,0,481,10073,1,0,0
735630,2,0,3253,10385,1,0,1
735631,5,0,5131,10751,1,0,1
735632,65535,255,5264,-8518,0,0,0
735633,11,0,3357,-8246,1,0,0
735634,2,0,564,-8154,1,0,1
735635,5,0,2425,10327,1,0,1
735636,5,0,4596,10688,1,0,1
735637,65535,255,5729,-8598,0,0,0
735638,5,0,4090,-8351,1,0,1
735639,3,0,1575,-8025,1,0,0
735640,65535,255,1493,10230,0,0,0
735641,65535,255,3975,10566,0,0,0
735642,65535,255,5590,10826,0,0,0
735643,65535,255,4719,-8434,0,0,0
735644,65535,255,2512,-8033,0,0,0
735645,65535,255,481,10282,0,0,0
735646,65535,255,3258,10443,0,0,1
735647,65535,255,5133,10758,0,0,0
735648,65535,255,5260,-8521,0,0,0
735649,65535,255,3348,-8237,0,0,0
735650,65535,255,553,-8276,0,0,0
735651,65535,255,2430,10315,0,0,0
735652,65535,255,4606,10610,0,0,0
735653,65535,255,5725,-8619,0,0,0
735654,65535,255,4078,-8299,0,0,1
735655,17,0,1559,-7939,1,0,0
735656,65535,255,1504,10211,0,0,0
735657,65535,255,3987,10582,0,0,0
735658,6,0,5597,10846,1,0,1
735659,65535,255,4706,-8391,0,0,0
735660,65535,255,2497,-8184,0,0,0
735661,65535,255,504,10279,0,0,0
735662,8,0,3275,10483,1,0,1
735663,65535,255,5145,10758,0,0,0
735664,8,0,5248,-8504,1,0,1
735665,65535,255,3330,-8244,0,0,0
735666,5,0,518,-7527,1,0,1
735667,4,0,2455,10421,1,0,1
735668,65535,255,4620,10686,0,0,0
735669,65535,255,5711,-8619,0,0,0
735670,65535,255,4059,-8332,0,0,1
735671,65535,255,1531,-7999,0,0,0
735672,65535,255,1525,10193,0,0,0
735673,65535,255,4002,10555,0,0,1
735674,65535,255,5602,10884,0,0,0
735675,65535,255,4706,-8408,0,0,0
735676,65535,255,2497,-8183,0,0,0
735677,65535,255,499,9948,0,0,0
735678,65535,255,3267,10406,0,0,0
735679,65535,255,5139,10733,0,0,1
735680,65535,255,5259,-8496,0,0,0
735681,65535,255,3353,-8190,0,0,1
735682,65535,255,557,-7918,0,0,0
735683,5,0,2425,10262,1,0,1
735684,0,0,0,0,0,0,0
735685,65535,255,5735,-8598,0,0,1
735686,65535,255,4097,-8272,0,0,0
735687,26,0,1588,-7973,1,0,0
735688,15,0,1476,10139,1,0,0
735689,65535,255,3964,10564,0,0,0
735690,65535,255,5581,10834,0,0,0
735691,65535,255,4735,-8377,0,0,0
735692,65535,255,2542,-8150,0,0,0
735693,65535,255,446,10137,0,0,0
735694,4,0,3230,10468,1,0,1
735695,7,0,5116,10746,1,0,1
735696,0,0,0,0,0,0,0
735697,0,0,0,0,0,0,0
735698,65535,255,600,-7479,0,0,0
735699,65535,255,2385,10402,0,0,0
735700,65535,255,4575,10678,0,0,1
735701,65535,255,5752,-8615,0,0,1
735702,65535,255,4124,-8319,0,0,1
735703,65535,255,1624,-8069,0,0,0
735704,65535,255,1442,10086,0,0,1
735705,65535,255,3941,10576,0,0,1
735706,65535,255,5566,10862,0,0,0
735707,65535,255,4754,-8427,0,0,0
735708,65535,255,2566,-8115,0,0,0
735709,65535,255,417,10213,0,0,0
735710,65535,255,3208,10504,0,0,0
735711,65535,255,5104,10747,0,0,0
735712,65535,255,5293,-8477,0,0,0
735713,8,0,3407,-8225,1,0,1
735714,65535,255,622,-7712,0,0,0
735715,65535,255,2366,10294,0,0,0
735716,7,0,4561,10646,1,0,1
735717,0,0,0,0,0,0,0
735718,65535,255,4134,-8334,0,0,0
735719,6,0,1641,-7870,1,0,1
735720,65535,255,1425,10294,0,0,0
735721,65535,255,3934,10553,0,0,0
735722,65535,255,5561,10857,0,0,0
735723,65535,255,4761,-8445,0,0,0
735724,65535,255,2576,-8190,0,0,0
735725,8,0,414,9572,1,0,0
735726,7,0,3199,10465,1,0,0
735727,65535,255,5098,10735,0,0,0
735728,65535,255,5298,-8478,0,0,0
735729,65535,255,3412,-8243,0,0,0
735730,65535,255,633,-7978,0,0,1
735731,65535,255,2360,10401,0,0,1
735732,65535,255,4562,10614,0,0,1
735733,65535,255,5762,-8595,0,0,1
735734,65535,255,4138,-8327,0,0,0
735735,65535,255,1641,-7910,0,0,0
735736,0,0,0,0,0,0,0
735737,65535,255,3931,10553,0,0,0
735738,65535,255,5561,10829,0,0,1
735739,65535,255,4761,-8422,0,0,1
735740,65535,255,2576,-8165,0,0,0
735741,65535,255,413,9655,0,0,0
735742,3,0,3204,10494,1,0,0
735743,5,0,5099,10762,1,0,0
735744,65535,255,5294,-8516,0,0,0
735745,0,0,0,0,0,0,0
735746,4,0,622,-7765,1,0,1
735747,7,0,2365,10374,1,0,1
735748,7,0,4565,10616,1,0,0
735749,65535,255,5755,-8607,0,0,0
735750,0,0,0,0,0,0,0
735751,65535,255,1629,-8029,0,0,0
735752,45,0,1436,10225,1,0,1
735753,19,0,3937,10554,1,0,1
735754,65535,255,5564,10861,0,0,0
735755,46,0,4751,-8409,1,0,0
735756,37,0,2562,-8152,1,0,1
735757,65535,255,430,9753,0,0,0
735758,65535,255,3213,10490,0,0,1
735759,65535,255,5105,10767,0,0,0
735760,65535,255,5289,-8540,0,0,0
735761,65535,255,3391,-8258,0,0,0
735762,65535,255,611,-8249,0,0,0
735763,65535,255,2385,10296,0,0,0
735764,65535,255,4572,10685,0,0,0
735765,65535,255,5748,-8597,0,0,1
735766,65535,255,4116,-8354,0,0,1
735767,65535,255,1613,-8047,0,0,0
735768,65535,255,1453,10274,0,0,0
735769,65535,255,3953,10585,0,0,0
735770,65535,255,5575,10833,0,0,0
735771,32,0,4738,-8448,1,0,0
735772,65535,255,2541,-8074,0,0,0
735773,15,0,447,10509,1,0,0
735774,65535,255,3231,10469,0,0,0
735775,65535,255,5116,10766,0,0,0
735776,19,0,5275,-8532,1,0,1
735777,17,0,3374,-8256,1,0,1
735778,65535,255,582,-8042,0,0,0
735779,6,0,2405,10326,1,0,1
735780,18,0,4589,10614,1,0,1
735781,65535,255,5736,-8620,0,0,0
735782,66,0,4101,-8344,1,0,0
735783,65535,255,1588,-8003,0,0,0
735784,65535,255,1470,10252,0,0,0
735785,65535,255,3964,10521,0,0,0
735786,13,1,5582,10835,1,0,1
735787,16,0,4732,-8400,1,0,0
735788,65535,255,2532,-8072,0,0,0
735789,65535,255,458,9997,0,0,0
735790,65535,255,3235,10489,0,0,1
735791,65535,255,5119,10740,0,0,0
735792,31,2,5272,-8473,1,0,1
735793,103,2,3373,-8219,1,0,0
735794,7,0,581,-7690,1,0,0
735795,65535,255,2405,10299,0,0,0
735796,65535,255,4586,10650,0,0,0
735797,65535,255,5741,-8612,0,0,0
735798,50,2,4105,-8344,1,0,0
735799,14,0,1597,-7903,1,0,1
735800,9,0,1464,10321,1,0,0
735801,20,0,3960,10557,1,0,0
735802,65535,255,5579,10861,0,0,0
735803,65535,255,4735,-8447,0,0,0
735804,65535,255,2537,-8186,0,0,0
735805,65535,255,460,9636,0,0,0
735806,11,0,3235,10451,1,0,1
735807,14,0,5121,10730,1,0,0
735808,65535,255,5277,-8517,0,0,0
735809,65535,255,3378,-8220,0,0,0
735810,19,0,587,-7751,1,0,0
735811,7,0,2410,10416,1,0,1
735812,8,0,4599,10619,1,0,0
735813,9,0,5729,-8607,1,0,1
735814,6,0,4082,-8344,1,0,0
735815,65535,255,1553,-7938,0,0,0
735816,42,2,1520,10367,1,0,1
735817,65535,255,4005,10598,0,0,0
735818,65535,255,5612,10826,0,0,0
735819,0,0,0,0,0,0,0
735820,65535,255,2467,-8041,0,0,0
735821,65535,255,540,9781,0,0,0
735822,0,0,3293,10437,1,0,0
735823,65535,255,5156,10781,0,0,0
735824,65535,255,5241,-8503,0,0,0
735825,11,0,3325,-8262,1,0,1
735826,65535,255,517,-7848,0,0,0
735827,65535,255,2460,10317,0,0,0
735828,65535,255,4623,10648,0,0,0
735829,65535,255,5716,-8604,0,0,0
735830,65535,255,4066,-8312,0,0,0
735831,65535,255,1541,-8107,0,0,0
735832,9,0,1520,10169,1,0,0
735833,13,0,4000,10531,1,0,1
735834,65535,255,5603,10864,0,0,0
735835,8,0,4708,-8380,1,0,1
735836,9,0,2493,-8076,1,0,0
735837,65535,255,506,9751,0,0,0
735838,65535,255,3270,10444,0,0,0
735839,65535,255,5144,10717,0,0,0
735840,65535,255,5259,-8525,0,0,0
735841,12,0,3343,-8171,1,0,0
735842,65535,255,547,-8340,0,0,0
735843,65535,255,2435,10431,0,0,0
735844,13,0,4609,10621,1,0,1
735845,65535,255,5728,-8589,0,0,0
735846,10,0,4086,-8301,1,0,1
735847,65535,255,1569,-8108,0,0,0
735848,15,0,1498,10188,1,0,0
735849,0,0,3983,10515,1,0,1
735850,65535,255,5594,10840,0,0,0
735851,65535,255,4722,-8417,0,0,0
735852,65535,255,2517,-8123,0,0,0
735853,12,1,499,9941,1,0,0
735854,9,0,3267,10439,1,0,1
735855,12,0,5141,10770,1,0,0
735856,65535,255,5256,-8484,0,0,0
735857,65535,255,3343,-8212,0,0,0
735858,65535,255,547,-8283,0,0,0
735859,4,0,2440,10389,1,0,1
735860,3,0,4609,10667,1,0,1
735861,1,0,5723,-8609,1,0,1
735862,65535,255,4078,-8310,0,0,0
735863,2,0,1558,-8048,1,0,1
735864,3,0,1506,10243,1,0,0
735865,65535,255,3990,10563,0,0,0
735866,65535,255,5599,10847,0,0,0
735867,65535,255,4712,-8413,0,0,0
735868,7,0,2497,-8073,1,0,1
735869,5,0,498,10274,1,0,1
735870,6,0,3271,10507,1,0,1
735871,5,0,5144,10740,1,0,1
735872,65535,255,5253,-8488,0,0,0
735873,12,0,3343,-8258,1,0,0
735874,7,0,546,-7919,1,0,0
735875,5,0,2430,10349,1,0,0
735876,11,1,4603,10673,1,0,0
735877,65535,255,5731,-8632,0,0,0
735878,65535,255,4090,-8268,0,0,0
735879,10,1,1575,-8007,1,0,1
735880,65535,255,1487,10117,0,0,1
735881,0,0,0,0,0,0,0
735882,10,0,5585,10844,1,0,0
735883,65535,255,4729,-8428,0,0,1
735884,65535,255,2532,-8165,0,0,0
735885,65535,255,464,9737,0,0,0
735886,4,0,3235,10456,1,0,1
735887,9,0,5119,10735,1,0,0
735888,5,0,5262,-8540,1,0,1
735889,5,0,3350,-8225,1,0,1
735890,65535,255,546,-7805,0,0,0
735891,65535,255,2440,10358,0,0,0
735892,6,0,4611,10652,1,0,1
735893,10,0,5719,-8587,1,0,1
735894,65535,255,4071,-8315,0,0,0
735895,65535,255,1544,-7927,0,0,0
735896,65535,255,1525,10334,0,0,0
735897,65535,255,4005,10582,0,0,0
735898,65535,255,5610,10822,0,0,0
735899,65535,255,4693,-8427,0,0,0
735900,15,0,2468,-8191,1,0,1
735901,65535,255,540,9897,0,0,0
735902,8,0,3304,10442,1,0,1
735903,65535,255,5162,10764,0,0,0
735904,9,0,5233,-8500,1,0,1
735905,13,1,3312,-8279,1,0,0
735906,65535,255,500,-8120,0,0,0
735907,65535,255,2475,10400,0,0,0
735908,65535,255,4634,10605,0,0,0
735909,65535,255,5707,-8589,0,0,1
735910,65535,255,4055,-8305,0,0,1
735911,5,0,1526,-8136,1,0,1
735912,65535,255,1536,10249,0,0,0
735913,65535,255,4013,10547,0,0,0
735914,8,0,5610,10863,1,0,1
735915,65535,255,4693,-8374,0,0,0
735916,65535,255,2453,-8065,0,0,0
735917,65535,255,551,10321,0,0,0
735918,65535,255,3307,10426,0,0,0
735919,65535,255,5167,10735,0,0,0
735920,9,0,5233,-8499,1,0,1
735921,65535,255,3312,-8171,0,0,0
735922,65535,255,500,-7661,0,0,0
735923,65535,255,2469,10383,0,0,0
735924,10,0,4633,10625,1,0,1
735925,65535,255,5712,-8629,0,0,0
735926,7,0,4059,-8295,1,0,0
735927,15,0,1526,-7882,1,0,1
735928,14,0,1537,10117,1,0,1
735929,65535,255,4009,10535,0,0,0
735930,113,0,5610,10842,1,0,0
735931,65535,255,4699,-8426,0,0,0
735932,65535,255,2482,-8042,0,0,0
735933,65535,255,516,10391,0,0,0
735934,65535,255,3284,10480,0,0,1
735935,65535,255,5153,10706,0,0,0
735936,6,0,5250,-8491,1,0,1
735937,65535,255,3334,-8192,0,0,0
735938,65535,255,528,-8113,0,0,0
735939,65535,255,2455,10304,0,0,0
735940,65535,255,4619,10617,0,0,0
735941,65535,255,5721,-8639,0,0,0
735942,65535,255,4074,-8340,0,0,0
735943,0,0,0,0,0,0,0
735944,23,0,1520,10329,1,0,0
735945,13,0,4001,10527,1,0,1
735946,11,0,5607,10817,1,0,1
735947,14,0,4708,-8429,1,0,1
735948,65535,255,2492,-8158,0,0,0
735949,8,0,510,10266,1,0,0
735950,2,0,3280,10498,1,0,0
735951,4,0,5150,10731,1,0,1
735952,6,0,5253,-8532,1,0,1
735953,7,0,3334,-8172,1,0,0
735954,65535,255,535,-8175,0,0,0
735955,0,0,0,0,0,0,0
735956,65535,255,4619,10672,0,0,0
735957,65535,255,5723,-8630,0,0,0
735958,65535,255,4074,-8354,0,0,1
735959,5,0,1542,-7905,1,0,1
735960,5,0,1525,10308,1,0,1
735961,6,0,4005,10542,1,0,1
735962,7,0,5609,10849,1,0,0
735963,4,0,4705,-8438,1,0,1
735964,7,0,2482,-8157,1,0,0
735965,65535,255,523,10453,0,0,0
735966,8,1,3289,10415,1,0,0
735967,65535,255,5157,10715,0,0,0
735968,65535,255,5246,-8525,0,0,1
735969,100,2,3325,-8190,1,0,0
735970,8,0,513,-7469,1,0,1
735971,0,0,0,0,0,0,0
735972,65535,255,4630,10643,0,0,0
735973,65535,255,5711,-8618,0,0,0
735974,65535,255,4059,-8358,0,0,0
735975,5,0,1520,-7966,1,0,1
735976,65535,255,1548,10098,0,0,0
735977,65535,255,4021,10494,0,0,0
735978,65535,255,5620,10830,0,0,0
735979,6,1,4686,-8429,1,0,1
735980,13,0,2457,-8167,1,0,0
735981,65535,255,552,9719,0,0,0
735982,65535,255,3311,10475,0,0,0
735983,65535,255,5170,10752,0,0,1
735984,65535,255,5227,-8506,0,0,0
735985,65535,255,3298,-8177,0,0,0
735986,12,0,478,-7501,1,0,0
735987,8,0,2499,10311,1,0,1
735988,7,0,4650,10671,1,0,0
735989,6,0,5694,-8588,1,0,1
735990,8,0,4029,-8318,1,0,0
735991,7,0,1481,-7894,1,0,1
735992,3,0,1581,10384,1,0,1
735993,13,1,4048,10499,1,0,1
735994,65535,255,5635,10838,0,0,0
735995,65535,255,4663,-8450,0,0,0
735996,65535,255,2418,-8045,0,0,0
735997,65535,255,591,10203,0,0,0
735998,65535,255,3343,10423,0,0,0
735999,0,0,5190,10731,1,0,1
736000,3,0,5207,-8497,1,0,1
736001,65535,255,3267,-8153,0,0,0
736002,6,1,444,-7315,1,0,1
736003,65535,255,2519,10301,0,0,0
736004,4,0,4660,10673,1,0,1
736005,90,2,5684,-8586,1,0,0
736006,65535,255,4021,-8324,0,0,0
736007,5,0,1470,-7914,1,0,1
736008,0,0,0,0,0,0,0
736009,65535,255,4044,10519,0,0,0
736010,65535,255,5631,10856,0,0,0
736011,65535,255,4667,-8384,0,0,0
736012,65535,255,2433,-8112,0,0,0
736013,65535,255,575,10444,0,0,0
736014,10,0,3325,10477,1,0,1
736015,12,0,5176,10765,1,0,1
736016,10,0,5222,-8535,1,0,0
736017,8,0,3290,-8251,1,0,1
736018,9,0,471,-8268,1,0,0
736019,65535,255,2499,10299,0,0,0
736020,7,0,4647,10685,1,0,1
736021,7,0,5694,-8602,1,0,1
736022,65535,255,4034,-8308,0,0,0
736023,65535,255,1493,-8115,0,0,0
736024,4,0,1569,10332,1,0,1
736025,65535,255,4032,10497,0,0,0
736026,65535,255,5625,10856,0,0,0
736027,65535,255,4676,-8397,0,0,0
736028,65535,255,2448,-8165,0,0,0
736029,80,2,563,10025,1,0,0
736030,65535,255,3316,10421,0,0,0
736031,9,0,5171,10748,1,0,1
736032,65535,255,5225,-8526,0,0,0
736033,7,0,3299,-8261,1,0,1
736034,65535,255,478,-7433,0,0,0
736035,65535,255,2489,10374,0,0,0
736036,8,0,4644,10641,1,0,1
736037,18,2,5696,-8584,1,0,0
736038,6,0,4040,-8356,1,0,1
736039,0,0,0,0,0,0,0
736040,65535,255,1565,10321,0,0,0
736041,5,0,4029,10540,1,0,0
736042,11,0,5625,10823,1,0,1
736043,12,0,4677,-8399,1,0,1
736044,6,0,2447,-8126,1,0,0
736045,8,0,562,10025,1,0,1
736046,65535,255,3316,10439,0,0,0
736047,65535,255,5173,10769,0,0,0
736048,65535,255,5224,-8484,0,0,0
736049,12,0,3294,-8204,1,0,0
736050,65535,255,477,-8264,0,0,0
736051,8,0,2494,10362,1,0,1
736052,7,0,4647,10648,1,0,1
736053,7,0,5696,-8601,1,0,1
736054,65535,255,4033,-8296,0,0,0
736055,65535,255,1492,-7983,0,0,0
736056,14,1,1575,10332,1,0,0
736057,0,0,4040,10535,1,0,0
736058,65535,255,5631,10834,0,0,1
736059,65535,255,4670,-8401,0,0,1
736060,65535,255,2433,-8046,0,0,0
736061,65535,255,581,9803,0,0,0
736062,65535,255,3330,10432,0,0,0
736063,65535,255,5181,10776,0,0,0
736064,65535,255,5215,-8508,0,0,0
736065,65535,255,3280,-8277,0,0,0
736066,6,0,453,-7916,1,0,1
736067,65535,255,2519,10340,0,0,0
736068,65535,255,4663,10657,0,0,0
736069,65535,255,5686,-8617,0,0,0
736070,0,0,0,0,0,0,0
736071,65535,255,1465,-7841,0,0,0
736072,4,0,1602,10274,1,0,1
736073,65535,255,4058,10531,0,0,0
736074,4,0,5643,10841,1,0,1
736075,6,0,4653,-8428,1,0,1
736076,6,0,2408,-8147,1,0,0
736077,65535,255,609,10419,0,0,0
736078,65535,255,3356,10417,0,0,0
736079,65535,255,5199,10758,0,0,0
736080,11,0,5198,-8535,1,0,1
736081,4,0,3249,-8207,1,0,1
736082,65535,255,413,-7666,0,0,0
736083,9,1,2554,10331,1,0,0
736084,9,1,4685,10673,1,0,0
736085,65535,255,5671,-8568,0,0,0
736086,4,0,3996,-8289,1,0,0
736087,65535,255,1436,-7904,0,0,0
736088,65535,255,1624,10317,0,0,0
736089,0,0,4070,10540,1,0,1
736090,14,1,5648,10847,1,0,1
736091,65535,255,4650,-8421,0,0,0
736092,65535,255,2408,-8108,0,0,0
736093,65535,255,609,10202,0,0,0
736094,65535,255,3349,10459,0,0,0
736095,8,0,5193,10758,1,0,1
736096,8,1,5209,-8491,1,0,0
736097,7,0,3271,-8266,1,0,1
736098,65535,255,447,-7987,0,0,0
736099,65535,255,2519,10378,0,0,0
736100,65535,255,4663,10687,0,0,1
736101,13,0,5689,-8581,1,0,0
736102,0,0,0,0,0,0,0
736103,65535,255,1476,-8091,0,0,0
736104,65535,255,1586,10211,0,0,0
736105,65535,255,4047,10529,0,0,0
736106,65535,255,5633,10848,0,0,0
736107,65535,255,4670,-8442,0,0,0
736108,65535,255,2438,-8189,0,0,0
736109,7,0,575,9799,1,0,0
736110,11,0,3325,10469,1,0,1
736111,9,1,5176,10745,1,0,1
736112,9,0,5224,-8494,1,0,1
736113,65535,255,3294,-8278,0,0,1
736114,7,0,477,-8266,1,0,1
736115,65535,255,2496,10374,0,0,0
736116,65535,255,4647,10637,0,0,0
736117,65535,255,5699,-8619,0,0,0
736118,65535,255,4040,-8361,0,0,0
736119,9,0,1503,-8005,1,0,0
736120,65535,255,1564,10145,0,0,0
736121,65535,255,4028,10512,0,0,0
736122,4,0,5620,10846,1,0,0
736123,65535,255,4683,-8450,0,0,0
736124,5,0,2454,-8084,1,0,1
736125,65535,255,551,10022,0,0,0
736126,65535,255,3308,10383,0,0,0
736127,4,0,5164,10779,1,0,1
736128,65535,255,5233,-8536,0,0,0
736129,65535,255,3307,-8233,0,0,0
736130,0,0,0,0,0,0,0
736131,6,0,2475,10426,1,0,0
736132,65535,255,4634,10635,0,0,0
736133,6,0,5707,-8625,1,0,1
736134,6,0,4048,-8276,1,0,1
736135,6,0,1520,-8115,1,0,0
736136,4,0,1542,10291,1,0,1
736137,4,0,4013,10575,1,0,0
736138,65535,255,5616,10822,0,0,0
736139,9,0,4689,-8428,1,0,0
736140,10,0,2468,-8205,1,0,0
736141,8,0,533,10078,1,0,1
736142,65535,255,3298,10400,0,0,0
736143,65535,255,5159,10721,0,0,0
736144,5,0,5236,-8486,1,0,1
736145,65535,255,3316,-8159,0,0,0
736146,65535,255,506,-7529,0,0,0
736147,65535,255,2470,10347,0,0,0
736148,65535,255,4630,10610,0,0,0
736149,65535,255,5709,-8613,0,0,0
736150,65535,255,4055,-8270,0,0,0
736151,65535,255,1526,-8115,0,0,0
736152,65535,255,1536,10332,0,0,0
736153,65535,255,4011,10562,0,0,0
736154,65535,255,5611,10843,0,0,0
736155,3,0,4693,-8404,1,0,1
736156,7,0,2472,-8089,1,0,0
736157,65535,255,529,10577,0,0,0
736158,65535,255,3289,10484,0,0,0
736159,65535,255,5153,10772,0,0,0
736160,65535,255,5239,-8543,0,0,0
736161,65535,255,3321,-8271,0,0,1
736162,65535,255,513,-7470,0,0,0
736163,2,0,2464,10347,1,0,0
736164,65535,255,4627,10621,0,0,1
736165,6,0,5712,-8627,1,0,1
736166,0,0,0,0,0,0,0
736167,5,0,1525,-7901,1,0,0
736168,4,0,1537,10141,1,0,1
736169,65535,255,4009,10545,0,0,0
736170,65535,255,5611,10840,0,0,0
736171,7,0,4693,-8434,1,0,0
736172,5,0,2473,-8038,1,0,0
736173,31,2,528,10390,1,0,0
736174,65535,255,3293,10474,0,0,1
736175,2,0,5156,10772,1,0,1
736176,65535,255,5240,-8504,0,0,0
736177,65535,255,3318,-8228,0,0,0
736178,51,2,506,-7657,1,0,0
736179,65535,255,2470,10399,0,0,0
736180,65535,255,4630,10646,0,0,0
736181,65535,255,5709,-8585,0,0,0
736182,6,0,4055,-8349,1,0,0
736183,6,0,1525,-8072,1,0,0
736184,65535,255,1542,10332,0,0,0
736185,4,0,4017,10510,1,0,1
736186,65535,255,5615,10867,0,0,1
736187,65535,255,4689,-8415,0,0,0
736188,4,0,2462,-8047,1,0,1
736189,65535,255,539,10387,0,0,0
736190,3,0,3302,10476,1,0,0
736191,4,0,5162,10750,1,0,1
736192,65535,255,5235,-8485,0,0,0
736193,2,0,3311,-8186,1,0,0
736194,3,0,500,-8050,1,0,1
736195,65535,255,2479,10297,0,0,0
736196,65535,255,4640,10605,0,0,0
736197,5,0,5706,-8625,1,0,1
736198,4,0,4047,-8319,1,0,1
736199,7,0,1508,-8006,1,0,0
736200,65535,255,1553,10292,0,0,0
736201,65535,255,4028,10504,0,0,0
736202,65535,255,5622,10868,0,0,0
736203,65535,255,4682,-8426,0,0,0
736204,65535,255,2452,-8060,0,0,0
736205,65535,255,555,10136,0,0,0
736206,65535,255,3316,10384,0,0,0
736207,65535,255,5173,10734,0,0,0
736208,0,0,5229,-8525,1,0,0
736209,65535,255,3298,-8268,0,0,0
736210,9,1,477,-7638,1,0,0
736211,7,1,2494,10427,1,0,0
736212,65535,255,4647,10680,0,0,0
736213,26,0,5698,-8618,1,0,1
736214,65535,255,4036,-8310,0,0,0
736215,3,0,1492,-8004,1,0,0
736216,4,0,1575,10314,1,0,0
736217,6,0,4039,10521,1,0,1
736218,6,0,5631,10850,1,0,0
736219,5,0,4670,-8396,1,0,1
736220,2,0,2432,-8136,1,0,0
736221,65535,255,580,10090,0,0,0
736222,2,0,3329,10461,1,0,0
736223,65535,255,5181,10783,0,0,1
736224,65535,255,5215,-8501,0,0,0
736225,4,0,3280,-8238,1,0,0
736226,4,0,454,-7477,1,0,1
736227,65535,255,2514,10416,0,0,0
736228,65535,255,4663,10682,0,0,0
736229,65535,255,5686,-8624,0,0,0
736230,65535,255,4017,-8336,0,0,0
736231,3,0,1459,-7932,1,0,1
736232,1,0,1603,10110,1,0,1
736233,4,0,4055,10508,1,0,1
736234,65535,255,5641,10845,0,0,0
736235,6,0,4660,-8447,1,0,1
736236,65535,255,2418,-8018,0,0,0
736237,8,1,592,10088,1,0,1
736238,65535,255,3338,10396,0,0,0
736239,4,0,5185,10759,1,0,1
736240,65535,255,5213,-8507,0,0,0
736241,4,0,3280,-8258,1,0,0
736242,65535,255,460,-8276,0,0,0
736243,16,0,2514,10263,1,0,1
736244,11,0,4657,10662,1,0,1
736245,11,0,5689,-8577,1,0,0
736246,65535,255,4025,-8317,0,0,0
736247,5,0,1482,-7893,1,0,1
736248,65535,255,1581,10106,0,0,0
736249,65535,255,4040,10520,0,0,0
736250,1,0,5628,10856,1,0,0
736251,8,0,4670,-8384,1,0,1
736252,65535,255,2438,-8112,0,0,0
736253,65535,255,570,10351,0,0,0
736254,5,0,3320,10487,1,0,1
736255,3,0,5173,10765,1,0,1
736256,65535,255,5221,-8535,0,0,0
736257,65535,255,3289,-8250,0,0,0
736258,65535,255,476,-8269,0,0,0
736259,65535,255,2499,10298,0,0,0
736260,65535,255,4647,10685,0,0,1
736261,65535,255,5695,-8601,0,0,0
736262,7,1,4035,-8325,1,0,1
736263,4,0,1498,-8092,1,0,0
736264,11,1,1564,10333,1,0,1
736265,4,0,4031,10505,1,0,0
736266,12,1,5623,10851,1,0,0
736267,65535,255,4673,-8384,0,0,0
736268,2,0,2447,-8138,1,0,1
736269,65535,255,563,9849,0,0,0
736270,7,1,3317,10393,1,0,1
736271,8,0,5171,10729,1,0,1
736272,0,0,0,0,0,0,0
736273,6,0,3294,-8212,1,0,1
736274,65535,255,476,-7779,0,0,0
736275,5,0,2489,10349,1,0,0
736276,5,0,4641,10679,1,0,0
736277,65535,255,5699,-8579,0,0,0
736278,46,0,4040,-8289,1,0,0
736279,65535,255,1509,-8093,0,0,0
736280,65535,255,1553,10207,0,0,0
736281,65535,255,4021,10533,0,0,1
736282,65535,255,5616,10854,0,0,0
736283,7,0,4687,-8451,1,0,1
736284,65535,255,2462,-8090,0,0,0
736285,5,0,540,9955,1,0,1
736286,65535,255,3298,10503,0,0,0
736287,65535,255,5159,10768,0,0,0
736288,14,0,5236,-8517,1,0,1
736289,65535,255,3317,-8196,0,0,0
736290,65535,255,506,-7660,0,0,0
736291,7,1,2469,10347,1,0,1
736292,13,1,4627,10647,1,0,1
736293,65535,255,5709,-8594,0,0,0
736294,9,1,4059,-8335,1,0,0
736295,1,0,1531,-7922,1,0,1
736296,65535,255,1537,10099,0,0,0
736297,65535,255,4009,10502,0,0,1
736298,65535,255,5610,10844,0,0,0
736299,65535,255,4699,-8452,0,0,0
736300,8,0,2477,-8051,1,0,1
736301,65535,255,522,10204,0,0,0
736302,65535,255,3285,10417,0,0,0
736303,65535,255,5153,10726,0,0,0
736304,0,0,0,0,0,0,0
736305,65535,255,3327,-8221,0,0,0
736306,8,0,524,-7480,1,0,1
736307,65535,255,2454,10333,0,0,0
736308,19,0,4621,10640,1,0,0
736309,6,0,5718,-8605,1,0,1
736310,65535,255,4070,-8358,0,0,0
736311,2,0,1541,-8030,1,0,1
736312,65535,255,1520,10247,0,0,0
736313,7,0,4002,10567,1,0,1
736314,6,0,5607,10820,1,0,1
736315,14,0,4705,-8429,1,0,1
736316,65535,255,2492,-8218,0,0,0
736317,26,0,516,10138,1,0,1
736318,7,0,3285,10418,1,0,1
736319,65535,255,5150,10735,0,0,1
736320,7,0,5249,-8508,1,0,1
736321,10,1,3334,-8206,1,0,1
736322,8,1,528,-7986,1,0,1
736323,65535,255,2455,10243,0,0,0
736324,65535,255,4619,10663,0,0,0
736325,65535,255,5718,-8591,0,0,0
736326,13,1,4070,-8350,1,0,0
736327,7,1,1541,-8052,1,0,1
736328,65535,255,1525,10290,0,0,0
736329,65535,255,4002,10570,0,0,0
736330,65535,255,5609,10848,0,0,0
736331,65535,255,4702,-8381,0,0,0
736332,65535,255,2486,-8128,0,0,1
736333,65535,255,517,9881,0,0,0
736334,7,0,3289,10400,1,0,1
736335,21,0,5155,10731,1,0,0
736336,65535,255,5249,-8507,0,0,0
736337,65535,255,3329,-8215,0,0,0
736338,65535,255,523,-8173,0,0,0
736339,14,0,2459,10309,1,0,1
736340,8,0,4626,10603,1,0,1
736341,25,0,5718,-8621,1,0,0
736342,65535,255,4066,-8299,0,0,0
736343,3,0,1531,-7922,1,0,0
736344,6,0,1536,10184,1,0,0
736345,65535,255,4009,10568,0,0,0
736346,65535,255,5614,10835,0,0,0
736347,65535,255,4696,-8380,0,0,1
736348,0,0,0,0,0,0,0
736349,65535,255,534,9954,0,0,0
736350,0,0,0,0,0,0,0
736351,65535,255,5161,10753,0,0,0
736352,65535,255,5241,-8536,0,0,0
736353,65535,255,3321,-8279,0,0,0
736354,9,1,506,-7658,1,0,1
736355,0,0,0,0,0,0,0
736356,65535,255,4633,10666,0,0,0
736357,65535,255,5708,-8601,0,0,0
736358,65535,255,4051,-8274,0,0,0
736359,65535,255,1514,-7875,0,0,0
736360,6,0,1553,10166,1,0,0
736361,6,0,4020,10570,1,0,1
736362,65535,255,5620,10842,0,0,0
736363,7,0,4686,-8396,1,0,1
736364,4,0,2457,-8189,1,0,0
736365,4,0,551,10264,1,0,1
736366,3,0,3312,10478,1,0,1
736367,5,0,5169,10730,1,0,1
736368,65535,255,5227,-8503,0,0,0
736369,65535,255,3298,-8229,0,0,0
736370,8,0,482,-8156,1,0,1
736371,65535,255,2494,10378,0,0,0
736372,12,0,4647,10651,1,0,1
736373,65535,255,5696,-8599,0,0,1
736374,8,0,4033,-8280,1,0,0
736375,65535,255,1487,-7914,0,0,0
736376,65535,255,1575,10252,0,0,0
736377,65535,255,4040,10494,0,0,0
736378,14,1,5631,10872,1,0,0
736379,65535,255,4666,-8440,0,0,0
736380,6,0,2427,-8109,1,0,1
736381,2,0,581,9974,1,0,0
736382,13,1,3334,10444,1,0,0
736383,65535,255,5182,10774,0,0,0
736384,65535,255,5210,-8494,0,0,0
736385,4,0,3271,-8188,1,0,0
736386,65535,255,447,-7836,0,0,0
736387,6,1,2514,10418,1,0,0
736388,65535,255,4661,10648,0,0,0
736389,7,1,5681,-8578,1,0,1
736390,6,1,4014,-8328,1,0,1
736391,65535,255,1465,-7976,0,0,0
736392,65535,255,1597,10214,0,0,0
736393,8,0,4051,10561,1,0,0
736394,32,0,5639,10825,1,0,1
736395,65535,255,4654,-8444,0,0,0
736396,65535,255,2413,-8067,0,0,0
736397,65535,255,598,10425,0,0,0
736398,65535,255,3343,10483,0,0,0
736399,65535,255,5188,10776,0,0,1
736400,18,0,5201,-8472,1,0,0
736401,65535,255,3258,-8149,0,0,0
736402,65535,255,430,-7599,0,0,0
736403,6,0,2529,10394,1,0,1
736404,44,0,4670,10644,1,0,0
736405,65535,255,5674,-8581,0,0,0
736406,0,0,0,0,0,0,0
736407,65535,255,1447,-8043,0,0,0
736408,65535,255,1614,10318,0,0,0
736409,7,0,4065,10542,1,0,1
736410,6,0,5644,10859,1,0,1
736411,11,1,4644,-8406,1,0,1
736412,65535,255,2394,-8196,0,0,0
736413,65535,255,621,10205,0,0,0
736414,34,2,3357,10494,1,0,1
736415,65535,255,5197,10726,0,0,0
736416,65535,255,5198,-8518,0,0,0
736417,65535,255,3258,-8272,0,0,0
736418,15,1,430,-7753,1,0,0
736419,27,2,2534,10282,1,0,1
736420,16,2,4671,10614,1,0,1
736421,65535,255,5677,-8576,0,0,0
736422,14,0,4008,-8323,1,0,0
736423,7,0,1459,-7860,1,0,0
736424,65535,255,1602,10215,0,0,0
736425,65535,255,4053,10547,0,0,0
736426,13,0,5636,10875,1,0,1
736427,65535,255,4659,-8432,0,0,0
736428,11,0,2422,-8146,1,0,1
736429,65535,255,586,10203,0,0,0
736430,65535,255,3334,10491,0,0,0
736431,11,0,5182,10734,1,0,0
736432,65535,255,5216,-8531,0,0,0
736433,65535,255,3280,-8171,0,0,0
736434,65535,255,465,-8128,0,0,0
736435,65535,255,2509,10367,0,0,0
736436,65535,255,4654,10664,0,0,0
736437,9,1,5694,-8615,1,0,1
736438,65535,255,4033,-8329,0,0,0
736439,0,0,0,0,0,0,0
736440,65535,255,1575,10317,0,0,0
736441,65535,255,4036,10538,0,0,0
736442,65535,255,5628,10841,0,0,0
736443,65535,255,4676,-8410,0,0,0
736444,0,0,2442,-8069,1,0,1
736445,2,0,563,9968,1,0,1
736446,6,0,3316,10470,1,0,0
736447,65535,255,5173,10726,0,0,0
736448,65535,255,5230,-8533,0,0,0
736449,9,0,3298,-8172,1,0,0
736450,65535,255,489,-8323,0,0,0
736451,6,0,2489,10403,1,0,1
736452,10,0,4641,10632,1,0,1
736453,10,0,5701,-8576,1,0,0
736454,10,0,4043,-8272,1,0,1
736455,6,0,1508,-7982,1,0,0
736456,7,0,1553,10378,1,0,1
736457,65535,255,4024,10565,0,0,0
736458,65535,255,5620,10861,0,0,0
736459,8,0,4689,-8448,1,0,1
736460,65535,255,2462,-8175,0,0,0
736461,14,0,546,10507,1,0,0
736462,65535,255,3307,10423,0,0,0
736463,5,0,5164,10781,1,0,1
736464,9,0,5235,-8519,1,0,1
736465,8,0,3311,-8164,1,0,0
736466,8,0,500,-8317,1,0,1
736467,65535,255,2474,10427,0,0,0
736468,65535,255,4637,10619,0,0,0
736469,6,0,5708,-8591,1,0,1
736470,65535,255,4055,-8310,0,0,0
736471,65535,255,1519,-8112,0,0,1
736472,65535,255,1548,10209,0,0,0
736473,9,0,4017,10520,1,0,1
736474,9,0,5615,10838,1,0,0
736475,65535,255,4692,-8425,0,0,0
736476,10,0,2467,-8137,1,0,1
736477,65535,255,534,10452,0,0,0
736478,9,1,3298,10412,1,0,0
736479,65535,255,5160,10744,0,0,0
736480,10,0,5241,-8530,1,0,1
736481,65535,255,3316,-8193,0,0,0
736482,6,0,506,-7525,1,0,1
736483,3,0,2469,10298,1,0,1
736484,65535,255,4630,10655,0,0,0
736485,65535,255,5711,-8623,0,0,0
736486,6,0,4058,-8342,1,0,0
736487,5,0,1525,-7962,1,0,0
736488,65535,255,1543,10082,0,0,0
736489,65535,255,4013,10575,0,0,0
736490,5,0,5615,10824,1,0,0
736491,11,0,4692,-8407,1,0,0
736492,6,0,2472,-8112,1,0,0
736493,9,0,534,10329,1,0,0
736494,6,0,3298,10412,1,0,1
736495,65535,255,5159,10709,0,0,0
736496,65535,255,5241,-8535,0,0,0
736497,0,0,0,0,0,0,0
736498,0,0,0,0,0,0,0
736499,65535,255,2470,10338,0,0,0
736500,65535,255,4627,10679,0,0,0
736501,65535,255,5709,-8582,0,0,0
736502,35,2,4055,-8303,1,0,0
736503,8,0,1525,-8133,1,0,1
736504,8,1,1542,10272,1,0,0
736505,0,0,4013,10549,1,0,0
736506,4,0,5613,10865,1,0,0
736507,6,0,4689,-8377,1,0,1
736508,65535,255,2467,-8060,0,0,0
736509,65535,255,533,10142,0,0,0
736510,65535,255,3299,10394,0,0,0
736511,65535,255,5157,10777,0,0,1
736512,9,0,5236,-8534,1,0,1
736513,7,0,3312,-8221,1,0,0
736514,65535,255,505,-7785,0,0,0
736515,65535,255,2470,10363,0,0,0
736516,65535,255,4630,10638,0,0,0
736517,65535,255,5707,-8595,0,0,0
736518,65535,255,4052,-8331,0,0,0
736519,6,0,1514,-7896,1,0,0
736520,65535,255,1543,10379,0,0,0
736521,65535,255,4014,10600,0,0,0
736522,65535,255,5616,10830,0,0,0
736523,65535,255,4686,-8424,0,0,0
736524,65535,255,2462,-8176,0,0,0
736525,65535,255,547,9779,0,0,0
736526,65535,255,3298,10488,0,0,0
736527,65535,255,5162,10761,0,0,1
736528,65535,255,5233,-8513,0,0,0
736529,0,0,0,0,0,0,0
736530,0,0,0,0,0,0,0
736531,10,0,2479,10351,1,0,1
736532,65535,255,4636,10647,0,0,0
736533,65535,255,5702,-8599,0,0,0
736534,0,0,4044,-8337,1,0,1
736535,5,0,1509,-7959,1,0,1
736536,65535,255,1559,10127,0,0,0
736537,65535,255,4025,10514,0,0,0
736538,5,0,5618,10849,1,0,1
736539,12,0,4680,-8370,1,0,0
736540,7,0,2452,-8058,1,0,0
736541,65535,255,551,10266,0,0,0
736542,5,0,3312,10424,1,0,1
736543,65535,255,5168,10727,0,0,0
736544,9,0,5224,-8486,1,0,0
736545,5,0,3296,-8222,1,0,0
736546,65535,255,480,-7767,0,0,0
736547,65535,255,2494,10303,0,0,0
736548,65535,255,4644,10676,0,0,0
736549,5,0,5697,-8589,1,0,0
736550,6,0,4037,-8329,1,0,1
736551,65535,255,1492,-7935,0,0,0
736552,5,0,1570,10128,1,0,0
736553,65535,255,4036,10523,0,0,0
736554,3,0,5625,10859,1,0,1
736555,65535,255,4670,-8386,0,0,0
736556,65535,255,2437,-8160,0,0,0
736557,0,0,575,9801,1,0,1
736558,65535,255,3321,10509,0,0,0
736559,3,0,5176,10779,1,0,1
736560,65535,255,5219,-8489,0,0,0
736561,1,0,3285,-8254,1,0,0
736562,65535,255,465,-8270,0,0,0
736563,65535,255,2509,10279,0,0,0
736564,65535,255,4654,10671,0,0,1
736565,65535,255,5688,-8591,0,0,0
736566,6,0,4025,-8335,1,0,0
736567,3,0,1476,-7978,1,0,0
736568,2,0,1591,10194,1,0,0
736569,65535,255,4047,10547,0,0,0
736570,8,0,5635,10880,1,0,0
736571,65535,255,4659,-8413,0,0,0
736572,65535,255,2423,-8184,0,0,0
736573,65535,255,592,9982,0,0,1
736574,6,0,3343,10400,1,0,0
736575,65535,255,5190,10726,0,0,0
736576,65535,255,5209,-8493,0,0,0
736577,10,0,3266,-8167,1,0,0
736578,7,0,436,-7679,1,0,1
736579,65535,255,2529,10383,0,0,0
736580,7,0,4670,10633,1,0,1
736581,65535,255,5678,-8567,0,0,0
736582,65535,255,4006,-8309,0,0,0
736583,5,0,1447,-7902,1,0,0
736584,65535,255,1619,10158,0,0,0
736585,65535,255,4066,10543,0,0,0
736586,65535,255,5648,10878,0,0,0
736587,50,2,4650,-8423,1,0,0
736588,49,2,2405,-8095,1,0,0
736589,65535,255,609,10151,0,0,0
736590,65535,255,3348,10429,0,0,0
736591,10,1,5193,10747,1,0,1
736592,65535,255,5209,-8513,0,0,0
736593,65535,255,3271,-8215,0,0,0
736594,65535,255,447,-8059,0,0,0
736595,7,0,2519,10268,1,0,0
736596,65535,255,4660,10678,0,0,0
736597,65535,255,5691,-8595,0,0,0
736598,65535,255,4026,-8308,0,0,0
736599,65535,255,1481,-8109,0,0,0
736600,5,0,1581,10339,1,0,0
736601,65535,255,4040,10503,0,0,0
736602,65535,255,5628,10860,0,0,0
736603,65535,255,4669,-8423,0,0,0
736604,65535,255,2432,-8096,0,0,0
736605,65535,255,575,9972,0,0,0
736606,65535,255,3325,10461,0,0,0
736607,4,0,5176,10715,1,0,1
736608,65535,255,5223,-8513,0,0,0
736609,65535,255,3298,-8277,0,0,0
736610,5,0,482,-7918,1,0,0
736611,65535,255,2489,10325,0,0,0
736612,0,0,0,0,0,0,0
736613,17,2,5701,-8605,1,0,0
736614,7,1,4044,-8310,1,0,1
736615,65535,255,1508,-8069,0,0,0
736616,8,1,1554,10123,1,0,0
736617,13,1,4021,10585,1,0,1
736618,65535,255,5615,10869,0,0,0
736619,65535,255,4689,-8450,0,0,0
736620,65535,255,2467,-8165,0,0,0
736621,65535,255,534,10390,0,0,0
736622,5,0,3298,10392,1,0,0
736623,3,0,5156,10763,1,0,1
736624,65535,255,5241,-8490,0,0,0
736625,65535,255,3321,-8251,0,0,0
736626,65535,255,517,-7793,0,0,0
736627,12,0,2460,10309,1,0,1
736628,0,0,0,0,0,0,0
736629,50,0,5714,-8612,1,0,1
736630,9,0,4066,-8328,1,0,0
736631,7,0,1542,-8156,1,0,1
736632,65535,255,1520,10225,0,0,0
736633,6,0,3999,10523,1,0,1
736634,5,0,5603,10834,1,0,1
736635,8,0,4705,-8411,1,0,1
736636,65535,255,2492,-8102,0,0,0
736637,3,0,505,10136,1,0,1
736638,7,0,3273,10463,1,0,1
736639,6,0,5142,10756,1,0,1
736640,65535,255,5253,-8493,0,0,0
736641,4,0,3344,-8254,1,0,1
736642,7,1,540,-7922,1,0,1
736643,65535,255,2440,10359,0,0,0
736644,10,1,4607,10675,1,0,1
736645,5,0,5724,-8635,1,0,1
736646,65535,255,4079,-8271,0,0,0
736647,65535,255,1564,-8010,0,0,0
736648,65535,255,1499,10092,0,0,0
736649,0,0,3982,10529,1,0,0
736650,0,0,5593,10814,1,0,0
736651,3,0,4715,-8394,1,0,0
736652,13,1,2507,-8078,1,0,0
736653,65535,255,487,10134,0,0,0
736654,5,0,3257,10386,1,0,1
736655,0,0,0,0,0,0,0
736656,65535,255,5261,-8505,0,0,0
736657,65535,255,3354,-8219,0,0,0
736658,7,0,564,-8219,1,0,0
736659,4,0,2422,10365,1,0,0
736660,65535,255,4600,10625,0,0,0
736661,65535,255,5731,-8606,0,0,0
736662,65535,255,4093,-8338,0,0,0
736663,7,0,1575,-7908,1,0,0
736664,65535,255,1482,10357,0,0,0
736665,65535,255,3972,10579,0,0,0
736666,4,0,5588,10837,1,0,0
736667,8,0,4725,-8396,1,0,1
736668,65535,255,2521,-8080,0,0,0
736669,0,0,0,0,0,0,0
736670,4,0,3249,10396,1,0,1
736671,65535,255,5130,10720,0,0,0
736672,4,0,5269,-8530,1,0,1
736673,65535,255,3365,-8210,0,0,0
736674,65535,255,569,-7750,0,0,0
736675,6,0,2415,10344,1,0,1
736676,0,0,4593,10679,1,0,0
736677,65535,255,5735,-8585,0,0,0
736678,0,0,4096,-8302,1,0,0
736679,14,1,1586,-8156,1,0,0
736680,65535,255,1476,10289,0,0,0
736681,65535,255,3972,10564,0,0,1
736682,65535,255,5585,10854,0,0,1
736683,65535,255,4728,-8396,0,0,0
736684,4,0,2526,-8106,1,0,1
736685,65535,255,470,10062,0,0,0
736686,65535,255,3249,10386,0,0,0
736687,65535,255,5128,10733,0,0,0
736688,65535,255,5272,-8535,0,0,0
736689,65535,255,3369,-8218,0,0,0
736690,65535,255,569,-7868,0,0,0
736691,0,0,0,0,0,0,0
736692,65535,255,4596,10618,0,0,0
736693,65535,255,5737,-8606,0,0,0
736694,2,0,4100,-8352,1,0,0
736695,65535,255,1585,-7991,0,0,0
736696,65535,255,1482,10132,0,0,0
736697,65535,255,3975,10521,0,0,0
736698,65535,255,5589,10854,0,0,0
736699,7,0,4729,-8426,1,0,1
736700,6,0,2521,-8054,1,0,1
736701,65535,255,470,10206,0,0,0
736702,0,0,0,0,0,0,0
736703,65535,255,5133,10723,0,0,0
736704,65535,255,5269,-8480,0,0,0
736705,13,1,3365,-8272,1,0,0
736706,11,1,570,-8273,1,0,1
736707,65535,255,2420,10279,0,0,0
736708,3,0,4599,10662,1,0,1
736709,65535,255,5735,-8605,0,0,0
736710,65535,255,4096,-8308,0,0,0
736711,65535,255,1577,-8030,0,0,0
736712,65535,255,1487,10377,0,0,0
736713,8,1,3982,10493,1,0,0
736714,65535,255,5594,10837,0,0,0
736715,65535,255,4724,-8441,0,0,0
736716,4,0,2516,-8055,1,0,1
736717,65535,255,481,10137,0,0,0
736718,65535,255,3262,10407,0,0,0
736719,65535,255,5138,10720,0,0,0
736720,65535,255,5263,-8479,0,0,0
736721,7,0,3356,-8279,1,0,0
736722,5,0,557,-8082,1,0,0
736723,3,0,2430,10307,1,0,1
736724,5,0,4606,10676,1,0,1
736725,65535,255,5730,-8591,0,0,0
736726,65535,255,4085,-8335,0,0,0
736727,65535,255,1563,-7967,0,0,0
736728,26,0,1504,10160,1,0,0
736729,20,0,3990,10538,1,0,1
736730,65535,255,5597,10870,0,0,0
736731,65535,255,4715,-8404,0,0,0
736732,28,0,2501,-8153,1,0,0
736733,11,0,500,9742,1,0,0
736734,65535,255,3267,10503,0,0,0
736735,65535,255,5141,10778,0,0,0
736736,75,2,5255,-8525,1,0,0
736737,65535,255,3343,-8261,0,0,0
736738,65535,255,541,-8288,0,0,0
736739,65,2,2445,10296,1,0,0
736740,6,0,4613,10677,1,0,1
736741,65535,255,5720,-8594,0,0,0
736742,65535,255,4074,-8348,0,0,0
736743,65535,255,1547,-8006,0,0,0
736744,13,0,1520,10206,1,0,0
736745,65535,255,3998,10555,0,0,0
736746,17,0,5605,10838,1,0,1
736747,65535,255,4702,-8426,0,0,0
736748,20,0,2487,-8202,1,0,0
736749,65535,255,522,10078,0,0,0
736750,65535,255,3285,10411,0,0,0
736751,65535,255,5153,10729,0,0,0
736752,65535,255,5242,-8499,0,0,1
736753,65535,255,3321,-8184,0,0,0
736754,14,0,511,-7787,1,0,0
736755,29,0,2465,10402,1,0,1
736756,65535,255,4627,10637,0,0,0
736757,9,0,5709,-8609,1,0,1
736758,65535,255,4055,-8317,0,0,0
736759,65535,255,1520,-7917,0,0,0
736760,65535,255,1548,10146,0,0,0
736761,16,0,4017,10543,1,0,1
736762,16,0,5613,10880,1,0,1
736763,65535,255,4686,-8423,0,0,0
736764,65535,255,2462,-8214,0,0,0
736765,65535,255,545,10144,0,0,0
736766,65535,255,3308,10425,0,0,0
736767,6,0,5165,10742,1,0,1
736768,17,1,5227,-8516,1,0,0
736769,65535,255,3298,-8218,0,0,0
736770,15,1,482,-8121,1,0,0
736771,9,0,2490,10278,1,0,1
736772,28,2,4645,10677,1,0,1
736773,25,2,5694,-8601,1,0,0
736774,0,0,0,0,0,0,0
736775,65535,255,1492,-8110,0,0,0
736776,8,0,1575,10339,1,0,1
736777,4,0,4037,10503,1,0,1
736778,65535,255,5629,10857,0,0,0
736779,65535,255,4667,-8396,0,0,0
736780,65535,255,2433,-8171,0,0,0
736781,20,0,580,10036,1,0,0
736782,15,0,3330,10418,1,0,1
736783,65535,255,5180,10771,0,0,0
736784,11,0,5213,-8488,1,0,1
736785,19,0,3280,-8225,1,0,0
736786,65535,255,460,-7407,0,0,0
736787,5,0,2504,10419,1,0,1
736788,14,0,4651,10689,1,0,1
736789,65535,255,5689,-8590,0,0,0
736790,39,0,4025,-8348,1,0,1
736791,10,1,1487,-8175,1,0,1
736792,13,1,1581,10194,1,0,1
736793,65535,255,4037,10581,0,0,0
736794,65535,255,5627,10875,0,0,0
736795,65535,255,4668,-8405,0,0,1
736796,117,2,2437,-8158,1,0,0
736797,65535,255,569,10322,0,0,1
736798,65535,255,3321,10510,0,0,0
736799,44,2,5176,10745,1,0,1
736800,65535,255,5219,-8493,0,0,0
736801,65535,255,3289,-8189,0,0,0
736802,13,1,477,-8331,1,0,0
736803,65535,255,2495,10405,0,0,0
736804,65535,255,4647,10684,0,0,0
736805,65535,255,5695,-8598,0,0,0
736806,65535,255,4036,-8357,0,0,0
736807,24,0,1492,-7869,1,0,0
736808,65535,255,1569,10275,0,0,0
736809,0,0,0,0,0,0,0
736810,65535,255,5626,10833,0,0,0
736811,9,0,4676,-8397,1,0,1
736812,19,0,2442,-8055,1,0,1
736813,65535,255,563,9912,0,0,0
736814,65535,255,3316,10454,0,0,0
736815,65535,255,5173,10719,0,0,0
736816,135,0,5224,-8525,1,0,0
736817,65535,255,3293,-8170,0,0,0
736818,204,0,477,-8261,1,0,0
736819,32,0,2494,10405,1,0,1
736820,65535,255,4647,10690,0,0,0
736821,65535,255,5696,-8573,0,0,0
736822,19,2,4036,-8269,1,0,1
736823,65535,255,1498,-7979,0,0,0
736824,132,0,1564,10380,1,0,0
736825,5,2,4032,10568,1,0,1
736826,65535,255,5625,10865,0,0,0
736827,65535,255,4678,-8426,0,0,0
736828,65535,255,2447,-8172,0,0,0
736829,43,0,564,10499,1,0,0
736830,35,0,3321,10417,1,0,0
736831,65535,255,5173,10780,0,0,0
736832,65535,255,5226,-8515,0,0,0
736833,65535,255,3293,-8160,0,0,0
736834,65535,255,477,-8258,0,0,0
736835,15,0,2494,10419,1,0,0
736836,21,0,4649,10611,1,0,1
736837,65535,255,5696,-8586,0,0,0
736838,29,0,4036,-8298,1,0,1
736839,65535,255,1492,-8086,0,0,0
736840,99,0,1576,10173,1,0,0
736841,27,0,4036,10503,1,0,0
736842,65535,255,5628,10825,0,0,0
736843,65535,255,4672,-8408,0,0,1
736844,65535,255,2437,-8093,0,0,0
736845,10,0,568,10207,1,0,1
736846,65535,255,3324,10435,0,0,1
736847,65535,255,5176,10765,0,0,0
736848,39,0,5220,-8503,1,0,0
736849,39,0,3285,-8166,1,0,0
736850,28,0,471,-8194,1,0,0
736851,10,0,2504,10419,1,0,0
736852,65535,255,4654,10613,0,0,0
736853,40,1,5693,-8595,1,0,0
736854,120,2,4028,-8311,1,0,0
736855,65,2,1487,-8131,1,0,0
736856,65535,255,1580,10236,0,0,0
736857,24,0,4044,10534,1,0,0
736858,49,2,5631,10849,1,0,0
736859,60,2,4666,-8442,1,0,1
736860,65535,255,2433,-8184,0,0,0
736861,43,0,588,9698,1,0,0
736862,39,1,3334,10447,1,0,1
736863,17,0,5182,10726,1,0,0
736864,55,2,5212,-8471,1,0,0
736865,37,0,3280,-8234,1,0,0
736866,65535,255,453,-7835,0,0,0
736867,65535,255,2514,10357,0,0,0
736868,65535,255,4657,10679,0,0,0
736869,65535,255,5686,-8580,0,0,0
736870,68,2,4017,-8295,1,0,0
736871,65535,255,1470,-8107,0,0,0
736872,74,2,1597,10217,1,0,0
736873,65535,255,4051,10528,0,0,0
736874,65535,255,5636,10850,0,0,0
736875,65535,255,4657,-8441,0,0,0
736876,22,0,2418,-8196,1,0,0
736877,21,0,599,9821,1,0,0
736878,22,0,3343,10467,1,0,1
736879,65535,255,5188,10743,0,0,0
736880,52,0,5204,-8490,1,0,1
736881,65535,255,3267,-8270,0,0,0
736882,65535,255,435,-8136,0,0,0
736883,28,0,2524,10422,1,0,0
736884,65535,255,4667,10622,0,0,0
736885,28,0,5677,-8605,1,0,1
736886,18,0,4006,-8338,1,0,1
736887,39,0,1448,-7901,1,0,0
736888,65535,255,1608,10382,0,0,0
736889,65535,255,4059,10587,0,0,0
736890,35,0,5642,10888,1,0,1
736891,65535,255,4644,-8410,0,0,0
736892,65535,255,2398,-8128,0,0,0
736893,26,0,615,10424,1,0,0
736894,90,2,3357,10432,1,0,0
736895,29,0,5197,10724,1,0,0
736896,42,2,5195,-8499,1,0,1
736897,22,0,3253,-8202,1,0,1
736898,65535,255,424,-7980,0,0,0
736899,8,0,2535,10272,1,0,0
736900,28,0,4670,10676,1,0,1
736901,65535,255,5676,-8600,0,0,0
736902,28,0,4006,-8258,1,0,0
736903,65535,255,1459,-8133,0,0,0
736904,0,0,0,0,0,0,0
736905,24,0,4056,10514,1,0,1
736906,38,0,5637,10869,1,0,0
736907,41,0,4654,-8411,1,0,1
736908,38,1,2418,-8209,1,0,0
736909,34,0,592,10207,1,0,0
736910,65535,255,3339,10448,0,0,0
736911,65535,255,5182,10762,0,0,0
736912,65535,255,5211,-8499,0,0,0
736913,65535,255,3276,-8271,0,0,0
736914,65535,255,454,-7472,0,0,0
736915,65535,255,2509,10383,0,0,0
736916,65535,255,4654,10638,0,0,0
736917,14,0,5689,-8576,1,0,1
736918,65535,255,4025,-8333,0,0,0
736919,65535,255,1486,-8042,0,0,0
736920,65535,255,1575,10298,0,0,0
736921,36,0,4037,10563,1,0,0
736922,19,0,5626,10857,1,0,1
736923,65535,255,4670,-8402,0,0,0
736924,11,0,2443,-8185,1,0,0
736925,65535,255,563,10208,0,0,0
736926,17,0,3316,10455,1,0,1
736927,0,0,0,0,0,0,0
736928,36,0,5224,-8468,1,0,0
736929,53,0,3293,-8151,1,0,0
736930,65535,255,482,-7708,0,0,0
736931,15,0,2485,10431,1,0,0
736932,65535,255,4641,10666,0,0,0
736933,65535,255,5701,-8601,0,0,0
736934,65535,255,4044,-8270,0,0,0
736935,51,2,1509,-7958,1,0,0
736936,15,0,1553,10254,1,0,1
736937,65535,255,4021,10596,0,0,0
736938,7,0,5618,10855,1,0,1
736939,65535,255,4686,-8398,0,0,0
736940,65535,255,2462,-8198,0,0,0
736941,65535,255,545,10265,0,0,0
736942,65535,255,3302,10471,0,0,0
736943,63,0,5161,10783,1,0,1
736944,68,0,5235,-8485,1,0,1
736945,65535,255,3311,-8190,0,0,0
736946,21,0,505,-8110,1,0,0
736947,46,0,2475,10315,1,0,1
736948,65535,255,4633,10621,0,0,0
736949,65535,255,5709,-8596,0,0,0
736950,65535,255,4059,-8337,0,0,0
736951,27,2,1525,-8088,1,0,1
736952,13,0,1537,10380,1,0,1
736953,65535,255,4013,10537,0,0,0
736954,65535,255,5612,10822,0,0,0
736955,65535,255,4695,-8370,0,0,0
736956,15,0,2477,-8135,1,0,0
736957,65535,255,528,10080,0,0,0
736958,27,0,3289,10451,1,0,0
736959,65535,255,5155,10777,0,0,0
736960,65535,255,5243,-8486,0,0,0
736961,65535,255,3324,-8201,0,0,0
736962,184,0,517,-8235,1,0,0
736963,17,0,2460,10352,1,0,1
736964,65535,255,4626,10645,0,0,0
736965,41,0,5715,-8590,1,0,0
736966,18,0,4062,-8265,1,0,0
736967,0,0,0,0,0,0,0
736968,21,0,1543,10376,1,0,0
736969,65535,255,4013,10569,0,0,0
736970,33,0,5613,10863,1,0,1
736971,63,2,4695,-8450,1,0,0
736972,65535,255,2477,-8178,0,0,0
736973,114,2,523,10519,1,0,0
736974,65535,255,3289,10419,0,0,0
736975,12,0,5154,10744,1,0,0
736976,65535,255,5247,-8517,0,0,0
736977,65535,255,3330,-8168,0,0,1
736978,13,0,523,-8236,1,0,1
736979,48,0,2455,10425,1,0,1
736980,77,0,4623,10615,1,0,1
736981,65535,255,5718,-8591,0,0,0
736982,38,0,4070,-8306,1,0,0
736983,90,2,1547,-8094,1,0,0
736984,39,0,1520,10204,1,0,1
736985,27,0,3999,10516,1,0,0
736986,65535,255,5602,10834,0,0,0
736987,52,2,4708,-8417,1,0,0
736988,123,2,2497,-8128,1,0,0
736989,70,2,499,10400,1,0,0
736990,21,2,3271,10408,1,0,0
736991,65535,255,5142,10746,0,0,0
736992,65535,255,5255,-8518,0,0,0
736993,65535,255,3343,-8179,0,0,0
736994,32,0,542,-7434,1,0,0
736995,65535,255,2440,10268,0,0,0
736996,65535,255,4610,10644,0,0,0
736997,65535,255,5726,-8618,0,0,0
736998,47,0,4082,-8351,1,0,1
736999,65535,255,1563,-7948,0,0,0
737000,165,2,1500,10298,1,0,0
737001,65535,255,3984,10595,0,0,0
737002,130,2,5595,10819,1,0,0
737003,25,0,4718,-8401,1,0,0
737004,10,2,2511,-8105,1,0,1
737005,81,0,488,10339,1,0,0
737006,65535,255,3262,10407,0,0,0
737007,69,0,5137,10708,1,0,1
737008,65535,255,5261,-8534,0,0,0
737009,65535,255,3352,-8208,0,0,0
737010,19,0,557,-7745,1,0,0
737011,25,0,2425,10345,1,0,1
737012,40,0,4600,10658,1,0,0
737013,65535,255,5728,-8584,0,0,0
737014,65535,255,4089,-8309,0,0,0
737015,65535,255,1575,-8157,0,0,0
737016,26,0,1487,10310,1,0,1
737017,65535,255,3976,10565,0,0,0
737018,41,0,5590,10854,1,0,1
737019,65535,255,4721,-8395,0,0,0
737020,17,0,2517,-8092,1,0,0
737021,19,0,476,10341,1,0,1
737022,65535,255,3253,10425,0,0,0
737023,65535,255,5131,10723,0,0,0
737024,65535,255,5264,-8490,0,0,0
737025,65535,255,3357,-8254,0,0,0
737026,36,0,563,-8100,1,0,0
737027,23,0,2421,10390,1,0,0
737028,76,0,4600,10637,1,0,0
737029,65535,255,5730,-8623,0,0,0
737030,65535,255,4089,-8272,0,0,0
737031,65535,255,1574,-8076,0,0,0
737032,65535,255,1488,10223,0,0,0
737033,8,2,3976,10551,1,0,1
737034,30,0,5590,10873,1,0,1
737035,24,0,4721,-8395,1,0,1
737036,65535,255,2517,-8104,0,0,0
737037,65535,255,477,10550,0,0,0
737038,11,2,3254,10454,1,0,1
737039,16,0,5133,10744,1,0,0
737040,65535,255,5264,-8499,0,0,0
737041,16,0,3356,-8172,1,0,0
737042,65535,255,558,-7625,0,0,0
737043,65535,255,2425,10345,0,0,0
737044,65535,255,4603,10601,0,0,0
737045,65535,255,5730,-8601,0,0,0
737046,65535,255,4089,-8350,0,0,0
737047,0,0,0,0,0,0,0
737048,65535,255,1493,10158,0,0,0
737049,53,0,3983,10537,1,0,1
737050,65535,255,5592,10865,0,0,0
737051,65535,255,4718,-8394,0,0,0
737052,22,2,2511,-8116,1,0,0
737053,25,2,489,10542,1,0,1
737054,11,0,3262,10474,1,0,1
737055,15,0,5136,10761,1,0,1
737056,0,0,0,0,0,0,0
737057,65535,255,3347,-8216,0,0,0
737058,59,0,545,-7982,1,0,0
737059,11,0,2435,10425,1,0,0
737060,65535,255,4609,10646,0,0,0
737061,65535,255,5727,-8634,0,0,0
737062,65535,255,4081,-8306,0,0,0
737063,60,0,1558,-7882,1,0,0
737064,65535,255,1506,10288,0,0,0
737065,19,0,3991,10509,1,0,1
737066,33,0,5600,10853,1,0,0
737067,65535,255,4711,-8380,0,0,0
737068,64,0,2496,-8101,1,0,0
737069,65535,255,500,10535,0,0,0
737070,50,0,3275,10476,1,0,1
737071,0,0,0,0,0,0,0
737072,87,2,5252,-8531,1,0,0
737073,65535,255,3338,-8242,0,0,0
737074,65535,255,535,-8167,0,0,0
737075,68,2,2450,10271,1,0,0
737076,69,0,4619,10672,1,0,1
737077,25,0,5720,-8593,1,0,0
737078,33,2,4070,-8347,1,0,1
737079,9,2,1541,-8006,1,0,0
737080,65535,255,1526,10228,0,0,0
737081,65535,255,4005,10563,0,0,0
737082,30,0,5610,10824,1,0,1
737083,13,0,4702,-8432,1,0,1
737084,65535,255,2477,-8035,0,0,0
737085,65535,255,522,10266,0,0,0
737086,65535,255,3294,10440,0,0,0
737087,65535,255,5158,10750,0,0,1
737088,65535,255,5243,-8514,0,0,0
737089,65535,255,3320,-8221,0,0,0
737090,65535,255,512,-8307,0,0,0
737091,0,0,2470,10313,1,0,1
737092,0,0,4631,10643,1,0,1
737093,0,0,5711,-8608,1,0,1
737094,0,0,4051,-8265,1,0,1
737095,18,0,1520,-8133,1,0,0
737096,65535,255,1547,10358,0,0,0
737097,17,0,4024,10500,1,0,1
737098,65535,255,5620,10854,0,0,0
737099,0,0,0,0,0,0,0
737100,13,0,2457,-8148,1,0,1
737101,11,0,551,9904,1,0,0
737102,65535,255,3312,10387,0,0,0
737103,65535,255,5170,10722,0,0,0
737104,65535,255,5226,-8480,0,0,0
737105,65535,255,3298,-8153,0,0,0
737106,65535,255,476,-7634,0,0,0
737107,65535,255,2494,10393,0,0,0
737108,25,0,4647,10641,1,0,1
737109,65535,255,5696,-8574,0,0,0
737110,15,0,4032,-8327,1,0,1
737111,65535,255,1486,-7977,0,0,0
737112,0,0,0,0,0,0,0
737113,0,0,0,0,0,0,0
737114,65535,255,5634,10835,0,0,0
737115,65535,255,4663,-8366,0,0,0
737116,23,0,2427,-8106,1,0,1
737117,29,0,588,9755,1,0,1
737118,17,0,3334,10511,1,0,1
737119,65535,255,5185,10743,0,0,0
737120,65535,255,5212,-8513,0,0,0
737121,18,0,3280,-8262,1,0,1
737122,16,0,453,-7617,1,0,1
737123,65535,255,2509,10431,0,0,0
737124,8,0,4654,10690,1,0,1
737125,40,0,5689,-8626,1,0,1
737126,9,0,4025,-8326,1,0,1
737127,15,0,1481,-8087,1,0,0
737128,14,0,1581,10136,1,0,1
737129,65535,255,4040,10561,0,0,1
737130,65535,255,5629,10843,0,0,0
737131,65535,255,4669,-8402,0,0,0
737132,160,0,2433,-8028,1,0,0
737133,65,2,569,10556,1,0,0
737134,41,0,3321,10398,1,0,1
737135,65535,255,5174,10749,0,0,0
737136,65535,255,5221,-8469,0,0,0
737137,14,0,3289,-8179,1,0,0
737138,16,0,476,-8189,1,0,0
737139,10,0,2495,10355,1,0,1
737140,65535,255,4645,10653,0,0,0
737141,65535,255,5696,-8601,0,0,0
737142,65535,255,4036,-8299,0,0,0
737143,0,0,0,0,0,0,0
737144,9,0,1564,10359,1,0,1
737145,31,0,4029,10545,1,0,1
737146,65535,255,5621,10837,0,0,0
737147,65535,255,4676,-8397,0,0,0
737148,74,2,2448,-8042,1,0,0
737149,140,2,559,9730,1,0,0
737150,65535,255,3307,10415,0,0,0
737151,41,0,5165,10768,1,0,1
737152,21,0,5227,-8485,1,0,1
737153,65535,255,3303,-8227,0,0,0
737154,65535,255,489,-7440,0,0,0
737155,65535,255,2480,10430,0,0,0
737156,20,0,4636,10645,1,0,0
737157,65535,255,5702,-8592,0,0,0
737158,20,0,4048,-8358,1,0,1
737159,25,0,1509,-7871,1,0,0
737160,65535,255,1553,10233,0,0,0
737161,65535,255,4022,10508,0,0,0
737162,24,0,5616,10850,1,0,1
737163,65535,255,4683,-8381,0,0,0
737164,6,0,2462,-8199,1,0,1
737165,13,0,541,10573,1,0,0
737166,65535,255,3303,10406,0,0,0
737167,149,0,5162,10768,1,0,1
737168,65535,255,5233,-8496,0,0,0
737169,23,0,3311,-8247,1,0,1
737170,20,0,499,-7717,1,0,0
737171,20,0,2475,10289,1,0,1
737172,22,2,4634,10633,1,0,0
737173,65535,255,5706,-8598,0,0,0
737174,28,2,4047,-8307,1,0,0
737175,24,0,1514,-8066,1,0,0
737176,17,0,1548,10126,1,0,0
737177,38,0,4017,10588,1,0,1
737178,65535,255,5615,10872,0,0,0
737179,65535,255,4686,-8384,0,0,0
737180,22,0,2467,-8187,1,0,1
737181,65535,255,540,10514,0,0,0
737182,39,0,3303,10415,1,0,0
737183,65535,255,5162,10773,0,0,0
737184,30,0,5235,-8506,1,0,1
737185,28,0,3312,-8275,1,0,1
737186,65535,255,499,-7981,0,0,0
737187,13,0,2475,10353,1,0,1
737188,36,0,4634,10670,1,0,1
737189,65535,255,5706,-8624,0,0,0
737190,65535,255,4051,-8358,0,0,0
737191,9,2,1514,-7915,1,0,0
737192,16,2,1548,10317,1,0,0
737193,31,0,4021,10552,1,0,0
737194,12,2,5618,10854,1,0,0
737195,28,2,4689,-8434,1,0,1
737196,65535,255,2462,-8160,0,0,0
737197,34,2,540,10451,1,0,0
737198,73,2,3307,10406,1,0,0
737199,23,2,5164,10779,1,0,0
737200,65535,255,5235,-8511,0,0,0
737201,65535,255,3307,-8152,0,0,0
737202,68,0,494,-8251,1,0,0
737203,65535,255,2480,10417,0,0,0
737204,65535,255,4641,10610,0,0,0
737205,50,0,5703,-8588,1,0,1
737206,65535,255,4047,-8299,0,0,0
737207,10,2,1508,-8088,1,0,0
737208,65535,255,1559,10192,0,0,0
737209,65535,255,4024,10509,0,0,0
737210,35,0,5623,10833,1,0,1
737211,24,0,4682,-8415,1,0,0
737212,24,0,2452,-8120,1,0,1
737213,14,0,551,10327,1,0,1
737214,13,2,3312,10398,1,0,0
737215,33,0,5170,10780,1,0,1
737216,35,0,5229,-8520,1,0,0
737217,65535,255,3298,-8170,0,0,0
737218,65535,255,483,-7568,0,0,0
737219,41,0,2495,10266,1,0,0
737220,34,2,4647,10636,1,0,1
737221,65535,255,5700,-8614,0,0,1
737222,65535,255,4039,-8349,0,0,0
737223,19,0,1498,-7911,1,0,0
737224,24,0,1570,10360,1,0,1
737225,8,0,4032,10576,1,0,1
737226,65535,255,5625,10875,0,0,0
737227,65535,255,4675,-8384,0,0,0
737228,65535,255,2442,-8054,0,0,0
737229,14,0,568,10090,1,0,1
737230,65535,255,3321,10511,0,0,0
737231,8,0,5176,10761,1,0,0
737232,65535,255,5220,-8508,0,0,0
737233,11,0,3284,-8159,1,0,0
737234,23,0,472,-8404,1,0,0
737235,65535,255,2510,10256,0,0,0
737236,12,0,4654,10638,1,0,0
737237,65535,255,5691,-8616,0,0,0
737238,10,0,4029,-8355,1,0,0
737239,11,0,1481,-7953,1,0,0
737240,65535,255,1585,10154,0,0,0
737241,15,0,4044,10599,1,0,0
737242,10,0,5633,10853,1,0,1
737243,65535,255,4663,-8412,0,0,0
737244,65535,255,2422,-8130,0,0,0
737245,65535,255,587,10432,0,0,0
737246,12,0,3339,10430,1,0,1
737247,65535,255,5185,10727,0,0,0
737248,10,0,5210,-8471,1,0,1
737249,22,0,3271,-8242,1,0,0
737250,65535,255,447,-7980,0,0,0
737251,11,0,2519,10384,1,0,0
737252,50,0,4665,10650,1,0,0
737253,25,2,5681,-8596,1,0,0
737254,16,2,4009,-8323,1,0,0
737255,65535,255,1453,-7879,0,0,0
737256,65535,255,1603,10341,0,0,0
737257,65535,255,4055,10579,0,0,0
737258,22,0,5642,10883,1,0,1
737259,65535,255,4650,-8440,0,0,1
737260,65535,255,2407,-8075,0,0,0
737261,22,0,605,9767,1,0,0
737262,65535,255,3346,10451,0,0,0
737263,13,0,5188,10733,1,0,1
737264,65535,255,5206,-8511,0,0,0
737265,24,0,3267,-8232,1,0,0
737266,32,0,448,-8322,1,0,1
737267,35,0,2519,10358,1,0,0
737268,65535,255,4661,10639,0,0,0
737269,65535,255,5681,-8578,0,0,0
737270,65535,255,4017,-8346,0,0,0
737271,65535,255,1470,-8085,0,0,0
737272,4,2,1587,10360,1,0,1
737273,54,0,4048,10528,1,0,0
737274,65535,255,5632,10881,0,0,0
737275,5,2,4663,-8436,1,0,1
737276,65535,255,2422,-8077,0,0,0
737277,65535,255,588,9753,0,0,0
737278,26,2,3330,10391,1,0,0
737279,65535,255,5180,10741,0,0,0
737280,30,0,5215,-8523,1,0,0
737281,65535,255,3284,-8262,0,0,0
737282,65535,255,459,-7547,0,0,0
737283,16,0,2505,10407,1,0,1
737284,11,2,4651,10661,1,0,0
737285,15,2,5691,-8599,1,0,0
737286,65535,255,4028,-8274,0,0,0
737287,14,0,1486,-7888,1,0,1
737288,14,2,1576,10194,1,0,1
737289,65535,255,4033,10583,0,0,0
737290,14,0,5626,10853,1,0,1
737291,23,0,4669,-8401,1,0,0
737292,65535,255,2439,-8092,0,0,0
737293,16,0,563,10381,1,0,1
737294,22,0,3317,10501,1,0,1
737295,32,0,5174,10725,1,0,0
737296,15,0,5224,-8509,1,0,1
737297,81,2,3293,-8243,1,0,0
737298,35,0,477,-7494,1,0,1
737299,28,0,2490,10406,1,0,0
737300,17,0,4641,10666,1,0,1
737301,65535,255,5699,-8605,0,0,0
737302,0,0,0,0,0,0,0
737303,65535,255,1497,-7933,0,0,0
737304,19,0,1564,10254,1,0,1
737305,65535,255,4028,10518,0,0,0
737306,32,0,5621,10870,1,0,0
737307,33,0,4679,-8432,1,0,0
737308,65535,255,2447,-8080,0,0,0
737309,19,0,558,9849,1,0,0
737310,39,0,3312,10426,1,0,1
737311,23,2,5168,10765,1,0,0
737312,65535,255,5227,-8473,0,0,0
737313,25,0,3302,-8188,1,0,1
737314,65535,255,488,-8182,0,0,0
737315,27,2,2485,10342,1,0,0
737316,65535,255,4641,10641,0,0,1
737317,65535,255,5701,-8591,0,0,0
737318,37,0,4043,-8276,1,0,0
737319,28,2,1508,-7913,1,0,0
737320,29,0,1559,10254,1,0,0
737321,36,0,4025,10502,1,0,1
737322,20,0,5618,10878,1,0,0
737323,19,0,4685,-8444,1,0,1
737324,65535,255,2457,-8133,0,0,1
737325,29,0,551,10085,1,0,0
737326,65535,255,3307,10472,0,0,0
737327,65535,255,5166,10745,0,0,0
737328,195,2,5232,-8509,1,0,0
737329,65535,255,3307,-8254,0,0,0
737330,15,0,494,-7708,1,0,0
737331,15,0,2500,10313,1,0,0
737332,15,0,4647,10656,1,0,0
737333,27,0,5698,-8626,1,0,0
737334,65535,255,4037,-8318,0,0,0
737335,65535,255,1497,-7981,0,0,0
737336,33,2,1570,10084,1,0,0
737337,10,0,4028,10593,1,0,1
737338,48,0,5626,10820,1,0,1
737339,14,0,4682,-8401,1,0,1
737340,65535,255,2452,-8097,0,0,0
737341,65535,255,551,10259,0,0,0
737342,21,0,3312,10403,1,0,1
737343,30,0,5167,10780,1,0,1
737344,22,0,5235,-8525,1,0,1
737345,24,0,3307,-8193,1,0,1
737346,16,0,494,-7514,1,0,1
737347,65535,255,2480,10298,0,0,0
737348,65535,255,4637,10661,0,0,0
737349,65535,255,5708,-8632,0,0,0
737350,65535,255,4051,-8274,0,0,0
737351,15,0,1519,-8049,1,0,0
737352,65535,255,1548,10186,0,0,0
737353,25,0,4021,10519,1,0,0
737354,49,0,5618,10846,1,0,1
737355,65535,255,4692,-8444,0,0,0
737356,6,0,2472,-8203,1,0,1
737357,59,0,541,9895,1,0,0
737358,44,0,3298,10495,1,0,1
737359,13,0,5159,10759,1,0,1
737360,65535,255,5241,-8505,0,0,0
737361,65535,255,3315,-8166,0,0,0
737362,8,0,512,-8241,1,0,1
737363,25,0,2465,10413,1,0,1
737364,65535,255,4629,10617,0,0,0
737365,0,0,0,0,0,0,0
737366,22,0,4062,-8276,1,0,1
737367,10,0,1536,-8007,1,0,1
737368,0,0,0,0,0,0,0
737369,65535,255,4006,10583,0,0,0
737370,65535,255,5608,10871,0,0,1
737371,9,0,4702,-8399,1,0,1
737372,29,0,2487,-8204,1,0,1
737373,19,0,518,9691,1,0,1
737374,65,0,3280,10447,1,0,0
737375,12,0,5147,10721,1,0,1
737376,0,0,0,0,0,0,0
737377,65535,255,3338,-8187,0,0,0
737378,86,0,536,-7428,1,0,0
737379,65535,255,2446,10256,0,0,1
737380,15,0,4613,10627,1,0,1
737381,3,2,5723,-8600,1,0,0
737382,15,2,4077,-8321,1,0,1
737383,65535,255,1558,-8156,0,0,0
737384,65535,255,1509,10246,0,0,0
737385,65535,255,3991,10531,0,0,0
737386,65535,255,5598,10847,0,0,0
737387,104,0,4715,-8435,1,0,0
737388,88,0,2507,-8154,1,0,0
737389,65535,255,494,10538,0,0,0
737390,65535,255,3263,10426,0,0,0
737391,65535,255,5139,10709,0,0,0
737392,65535,255,5258,-8528,0,0,0
737393,65535,255,3348,-8198,0,0,0
737394,16,0,552,-7565,1,0,0
737395,65535,255,2431,10280,0,0,0
737396,65535,255,4603,10650,0,0,1
737397,65535,255,5728,-8618,0,0,0
737398,65535,255,4089,-8359,0,0,0
737399,16,0,1569,-7947,1,0,1
737400,33,2,1493,10325,1,0,0
737401,65535,255,3980,10588,0,0,0
737402,65535,255,5593,10815,0,0,0
737403,65535,255,4722,-8395,0,0,0
737404,5,2,2516,-8079,1,0,0
737405,65535,255,482,10202,0,0,0
737406,65535,255,3254,10387,0,0,0
737407,20,2,5131,10775,1,0,0
737408,65535,255,5264,-8519,0,0,0
737409,65535,255,3356,-8181,0,0,0
737410,65535,255,558,-7509,0,0,1
737411,37,0,2421,10292,1,0,0
737412,65535,255,4596,10656,0,0,0
737413,19,0,5733,-8627,1,0,1
737414,65535,255,4093,-8272,0,0,0
737415,105,0,1579,-8032,1,0,0
737416,22,0,1488,10157,1,0,0
737417,11,2,3976,10514,1,0,0
737418,65535,255,5588,10841,0,0,1
737419,4,2,4725,-8436,1,0,0
737420,10,2,2521,-8181,1,0,0
737421,0,0,0,0,0,0,0
737422,65535,255,3249,10472,0,0,0
737423,65535,255,5130,10749,0,0,0
737424,65535,255,5266,-8495,0,0,0
737425,22,0,3363,-8233,1,0,0
737426,134,2,570,-8274,1,0,0
737427,19,2,2421,10266,1,0,0
737428,50,0,4596,10649,1,0,1
737429,65535,255,5735,-8627,0,0,0
737430,25,0,4093,-8272,1,0,0
737431,119,2,1580,-8053,1,0,0
737432,65535,255,1482,10200,0,0,0
737433,65535,255,3976,10529,0,0,0
737434,65535,255,5587,10855,0,0,0
737435,65535,255,4726,-8413,0,0,0
737436,33,0,2521,-8041,1,0,0
737437,15,0,476,10064,1,0,1
737438,65535,255,3254,10388,0,0,0
737439,141,2,5132,10750,1,0,0
737440,65535,255,5266,-8533,0,0,0
737441,65535,255,3360,-8217,0,0,0
737442,65535,255,563,-7867,0,0,0
737443,23,0,2420,10384,1,0,0
737444,49,0,4599,10613,1,0,1
737445,131,2,5733,-8605,1,0,0
737446,458,2,4092,-8343,1,0,0
737447,30,0,1574,-8010,1,0,0
737448,113,2,1487,10179,1,0,0
737449,65535,255,3979,10530,0,0,1
737450,65535,255,5592,10860,0,0,1
737451,65535,255,4721,-8376,0,0,0
737452,71,0,2516,-8066,1,0,0
737453,14,2,482,10273,1,0,0
737454,19,0,3258,10416,1,0,1
737455,20,0,5136,10720,1,0,1
737456,68,0,5263,-8479,1,0,0
737457,32,0,3355,-8253,1,0,1
737458,28,0,556,-8010,1,0,1
737459,23,0,2430,10294,1,0,1
737460,7,2,4602,10669,1,0,0
737461,20,0,5730,-8578,1,0,1
737462,65535,255,4088,-8314,0,0,0
737463,39,2,1564,-7883,1,0,0
737464,65535,255,1499,10378,0,0,0
737465,27,0,3987,10498,1,0,1
737466,18,0,5597,10834,1,0,1
737467,17,0,4718,-8440,1,0,1
737468,65535,255,2504,-8133,0,0,0
737469,13,0,493,10069,1,0,0
737470,65535,255,3271,10400,0,0,0
737471,65535,255,5142,10716,0,0,0
737472,22,0,5258,-8477,1,0,1
737473,65535,255,3347,-8270,0,0,0
737474,23,0,546,-8286,1,0,1
737475,65535,255,2445,10284,0,0,0
737476,65535,255,4613,10665,0,0,0
737477,65535,255,5723,-8585,0,0,0
737478,65535,255,4077,-8319,0,0,0
737479,12,0,1553,-7902,1,0,0
737480,16,0,1515,10098,1,0,0
737481,29,0,3998,10511,1,0,1
737482,65535,255,5605,10855,0,0,0
737483,55,0,4705,-8379,1,0,1
737484,65535,255,2491,-8087,0,0,0
737485,23,2,511,10464,1,0,1
737486,15,2,3280,10458,1,0,0
737487,54,2,5150,10754,1,0,1
737488,0,0,0,0,0,0,0
737489,65535,255,3329,-8203,0,0,0
737490,32,0,522,-7917,1,0,1
737491,65535,255,2455,10415,0,0,0
737492,65535,255,4623,10637,0,0,0
737493,22,0,5716,-8631,1,0,1
737494,65535,255,4062,-8295,0,0,1
737495,29,0,1531,-8010,1,0,0
737496,15,0,1531,10379,1,0,1
737497,41,0,4014,10499,1,0,0
737498,65535,255,5613,10848,0,0,0
737499,65535,255,4692,-8377,0,0,0
737500,22,0,2467,-8097,1,0,1
737501,13,0,535,10516,1,0,1
737502,53,0,3298,10470,1,0,0
737503,131,2,5161,10762,1,0,0
737504,65535,255,5235,-8527,0,0,0
737505,65535,255,3311,-8228,0,0,0
737506,65535,255,499,-8114,0,0,0
737507,65535,255,2480,10263,0,0,0
737508,65535,255,4637,10664,0,0,0
737509,65535,255,5701,-8588,0,0,0
737510,44,0,4044,-8336,1,0,1
737511,65535,255,1503,-7980,0,0,0
737512,65535,255,1564,10213,0,0,0
737513,65535,255,4029,10560,0,0,0
737514,65535,255,5622,10845,0,0,0
737515,65535,255,4676,-8433,0,0,0
737516,17,0,2442,-8029,1,0,0
737517,14,0,563,10206,1,0,1
737518,65535,255,3321,10436,0,0,0
737519,33,0,5174,10744,1,0,1
737520,65535,255,5218,-8514,0,0,0
737521,14,2,3284,-8216,1,0,0
737522,8,0,464,-8054,1,0,0
737523,65535,255,2510,10268,0,0,0
737524,65535,255,4654,10672,0,0,0
737525,11,0,6023,10960,1,0,0
737526,15,0,4021,-8260,1,0,0
737527,0,0,0,0,0,0,0
737528,13,0,1581,10132,1,0,0
737529,18,0,4040,10562,1,0,0
737530,65535,255,5629,10834,0,0,0
737531,65535,255,4670,-8373,0,0,0
737532,65535,255,2437,-8146,0,0,0
737533,72,2,569,10032,1,0,1
737534,25,0,3321,10436,1,0,0
737535,65535,255,5171,10765,0,0,0
737536,65535,255,5221,-8468,0,0,0
737537,5,0,3294,-8161,1,0,1
737538,65535,255,482,-7844,0,0,0
737539,14,0,2490,10277,1,0,1
737540,65535,255,4641,10666,0,0,0
737541,92,2,5699,-8624,1,0,1
737542,13,0,4040,-8321,1,0,0
737543,65535,255,1508,-8024,0,0,0
737544,65535,255,1553,10337,0,0,0
737545,0,0,0,0,0,0,0
737546,15,0,5615,10881,1,0,1
737547,65535,255,4686,-8440,0,0,0
737548,65535,255,2462,-8109,0,0,0
737549,27,0,546,9904,1,0,0
737550,65535,255,3303,10425,0,0,0
737551,14,0,5159,10762,1,0,1
737552,65535,255,5235,-8471,0,0,0
737553,65535,255,3312,-8182,0,0,0
737554,65535,255,505,-8048,0,0,0
737555,65535,255,2470,10326,0,0,0
737556,65535,255,4630,10633,0,0,0
737557,65535,255,5708,-8580,0,0,0
737558,23,0,4057,-8328,1,0,0
737559,20,0,1527,-7977,1,0,0
737560,65535,255,1537,10167,0,0,0
737561,32,0,4010,10587,1,0,0
737562,65535,255,5610,10857,0,0,1
737563,65535,255,4696,-8417,0,0,0
737564,27,0,2477,-8059,1,0,0
737565,65535,255,530,9706,0,0,0
737566,12,0,3289,10404,1,0,1
737567,40,0,5153,10756,1,0,0
737568,65535,255,5244,-8484,0,0,0
737569,65535,255,3325,-8183,0,0,0
737570,20,0,523,-8170,1,0,0
737571,65535,255,2455,10351,0,0,0
737572,65535,255,4620,10649,0,0,0
737573,66,2,5716,-8596,1,0,0
737574,65535,255,4066,-8288,0,0,0
737575,15,0,1541,-7963,1,0,0
737576,65535,255,1520,10293,0,0,0
737577,65535,255,4002,10520,0,0,0
737578,65535,255,5605,10820,0,0,0
737579,65535,255,4705,-8372,0,0,0
737580,32,0,2491,-8163,1,0,0
737581,28,0,511,10335,1,0,0
737582,65535,255,3276,10496,0,0,0
737583,65535,255,5148,10734,0,0,0
737584,65535,255,5252,-8525,0,0,0
737585,65535,255,3334,-8175,0,0,0
737586,6,0,534,-7980,1,0,1
737587,65535,255,2450,10324,0,0,0
737588,30,0,4617,10642,1,0,0
737589,65535,255,5720,-8596,0,0,0
737590,65535,255,4074,-8289,0,0,0
737591,65535,255,1552,-7985,0,0,0
737592,21,0,1515,10336,1,0,0
737593,65535,255,3995,10534,0,0,0
737594,65535,255,5603,10833,0,0,0
737595,65535,255,4708,-8396,0,0,0
737596,16,0,2496,-8042,1,0,1
737597,27,0,505,9779,1,0,0
737598,65535,255,3276,10411,0,0,1
737599,20,0,5145,10764,1,0,0
737600,65535,255,5255,-8484,0,0,0
737601,13,0,3343,-8222,1,0,0
737602,49,0,535,-7549,1,0,0
737603,10,0,2442,10375,1,0,1
737604,65535,255,4613,10605,0,0,0
737605,65535,255,5722,-8586,0,0,0
737606,5,0,4078,-8361,1,0,0
737607,19,0,1552,-7900,1,0,1
737608,65535,255,1509,10271,0,0,0
737609,65535,255,3994,10519,0,0,0
737610,14,0,5600,10823,1,0,1
737611,22,0,4711,-8385,1,0,0
737612,65535,255,2501,-8207,0,0,0
737613,65535,255,502,10252,0,0,0
737614,10,0,3271,10411,1,0,0
737615,65535,255,5142,10769,0,0,0
737616,10,0,5255,-8495,1,0,1
737617,24,0,3343,-8250,1,0,0
737618,4,0,540,-7734,1,0,1
737619,65535,255,2440,10284,0,0,0
737620,15,0,4610,10629,1,0,0
737621,62,2,5723,-8593,1,0,0
737622,116,2,4078,-8289,1,0,0
737623,65535,255,1558,-8028,0,0,0
737624,65535,255,1507,10269,0,0,0
737625,0,0,3988,10569,1,0,1
737626,4,0,5599,10859,1,0,1
737627,65535,255,4714,-8431,0,0,1
737628,65535,255,2501,-8124,0,0,0
737629,65535,255,500,10199,0,0,0
737630,5,0,3268,10504,1,0,0
737631,65535,255,5143,10743,0,0,0
737632,65535,255,5254,-8474,0,0,0
737633,65535,255,3342,-8212,0,0,0
737634,65535,255,540,-7543,0,0,0
737635,65535,255,2442,10245,0,0,0
737636,12,0,4611,10617,1,0,1
737637,16,0,5722,-8587,1,0,0
737638,65535,255,4076,-8281,0,0,0
737639,8,0,1557,-8004,1,0,0
737640,6,0,1505,10399,1,0,0
737641,65535,255,3992,10570,0,0,0
737642,65535,255,5599,10859,0,0,0
737643,65535,255,4711,-8442,0,0,0
737644,65535,255,2495,-8149,0,0,0
737645,8,0,500,10397,1,0,0
737646,65535,255,3273,10392,0,0,0
737647,65535,255,5143,10764,0,0,0
737648,25,2,5252,-8493,1,0,0
737649,32,2,3337,-8257,1,0,0
737650,65535,255,533,-7850,0,0,0
737651,47,2,2446,10323,1,0,1
737652,65535,255,4611,10654,0,0,0
737653,65535,255,5720,-8617,0,0,0
737654,65535,255,4073,-8338,0,0,0
737655,15,0,1550,-8075,1,0,0
737656,13,0,1516,10248,1,0,1
737657,27,2,3996,10526,1,0,1
737658,11,0,5601,10834,1,0,0
737659,17,0,4704,-8412,1,0,0
737660,15,0,2491,-8097,1,0,1
737661,5,0,506,10133,1,0,0
737662,12,0,3277,10506,1,0,1
737663,9,0,5146,10750,1,0,0
737664,18,0,5249,-8487,1,0,0
737665,11,0,3333,-8238,1,0,1
737666,65535,255,527,-7783,0,0,0
737667,9,0,2451,10324,1,0,0
737668,65535,255,4618,10655,0,0,0
737669,65535,255,5718,-8621,0,0,0
737670,65535,255,4069,-8352,0,0,0
737671,12,0,1541,-7896,1,0,0
737672,65535,255,1521,10313,0,0,0
737673,65535,255,3999,10549,0,0,0
737674,65535,255,5604,10856,0,0,0
737675,12,0,4701,-8440,1,0,0
737676,17,0,2481,-8172,1,0,0
737677,65535,255,519,10582,0,0,0
737678,65535,255,3286,10432,0,0,0
737679,1,0,5152,10721,1,0,1
737680,153,2,5243,-8527,1,0,0
737681,65535,255,3324,-8190,0,0,1
737682,65535,255,518,-7461,0,0,0
737683,65535,255,2461,10261,0,0,0
737684,0,0,4624,10633,1,0,0
737685,65535,255,5712,-8611,0,0,1
737686,65535,255,4058,-8335,0,0,1
737687,65535,255,1525,-7871,0,0,0
737688,0,0,0,0,0,0,0
737689,65535,255,4011,10558,0,0,1
737690,65535,255,5611,10863,0,0,0
737691,46,0,4691,-8368,1,0,0
737692,65535,255,2466,-8029,0,0,0
737693,14,0,535,9892,1,0,0
737694,42,0,3299,10481,1,0,1
737695,65535,255,5168,10750,0,0,0
737696,65535,255,5228,-8497,0,0,0
737697,9,0,3305,-8241,1,0,0
737698,17,0,493,-8245,1,0,0
737699,20,0,2480,10439,1,0,0
737700,65535,255,4638,10630,0,0,0
737701,31,0,5705,-8613,1,0,0
737702,20,0,4050,-8354,1,0,1
737703,65535,255,1513,-7938,0,0,0
737704,65535,255,1555,10080,0,0,0
737705,65535,255,4021,10512,0,0,0
737706,65535,255,5618,10828,0,0,0
737707,72,2,4688,-8424,1,0,0
737708,65535,255,2466,-8162,0,0,0
737709,65535,255,543,9648,0,0,0
737710,5,0,3299,10458,1,0,0
737711,65535,255,5162,10744,0,0,0
737712,65535,255,5237,-8493,0,0,0
737713,0,0,0,0,0,0,0
737714,65535,255,505,-8307,0,0,0
737715,65535,255,2471,10259,0,0,0
737716,18,0,4630,10647,1,0,0
737717,25,0,5710,-8629,1,0,0
737718,65535,255,4054,-8274,0,0,0
737719,65535,255,1525,-8070,0,0,0
737720,32,0,1542,10228,1,0,0
737721,20,0,4013,10548,1,0,0
737722,65535,255,5613,10868,0,0,0
737723,65535,255,4695,-8391,0,0,0
737724,65535,255,2472,-8100,0,0,0
737725,12,0,528,10391,1,0,1
737726,11,0,3294,10438,1,0,1
737727,65535,255,5159,10733,0,0,0
737728,124,0,5241,-8490,1,0,0
737729,39,2,3320,-8166,1,0,1
737730,65535,255,512,-7532,0,0,0
737731,65535,255,2465,10323,0,0,0
737732,65535,255,4627,10684,0,0,1
737733,10,0,5713,-8589,1,0,1
737734,65535,255,4062,-8333,0,0,0
737735,35,0,1530,-7941,1,0,0
737736,65535,255,1538,10100,0,0,0
737737,10,0,4010,10511,1,0,0
737738,45,1,5610,10849,1,0,1
737739,45,0,4695,-8373,1,0,1
737740,18,0,2477,-8075,1,0,1
737741,65535,255,528,10329,0,0,0
737742,65535,255,3293,10439,0,0,0
737743,65535,255,5156,10738,0,0,0
737744,47,2,5243,-8496,1,0,1
737745,65535,255,3320,-8166,0,0,0
737746,65535,255,511,-7595,0,0,0
737747,16,0,2465,10349,1,0,0
737748,65535,255,4630,10606,0,0,0
737749,65535,255,5713,-8610,0,0,1
737750,65535,255,4062,-8363,0,0,0
737751,18,0,1530,-8049,1,0,0
737752,26,0,1536,10250,1,0,1
737753,15,0,4010,10570,1,0,1
737754,65535,255,5613,10819,0,0,0
737755,29,0,4695,-8425,1,0,1
737756,65535,255,2472,-8202,0,0,0
737757,65535,255,534,10018,0,0,0
737758,65535,255,3294,10402,0,0,0
737759,65535,255,5159,10724,0,0,0
737760,11,0,5238,-8489,1,0,0
737761,65535,255,3316,-8165,0,0,0
737762,65535,255,506,-7592,0,0,0
737763,14,0,2470,10363,1,0,0
737764,65535,255,4634,10619,0,0,0
737765,65535,255,5709,-8623,0,0,0
737766,65535,255,4051,-8281,0,0,0
737767,19,0,1519,-8155,1,0,1
737768,65535,255,1542,10377,0,0,0
737769,65535,255,4017,10506,0,0,0
737770,105,2,5615,10852,1,0,0
737771,65535,255,4686,-8382,0,0,0
737772,157,2,2462,-8123,1,0,0
737773,65535,255,547,9720,0,0,0
737774,11,0,3303,10497,1,0,1
737775,23,0,5162,10781,1,0,1
737776,65535,255,5230,-8471,0,0,0
737777,65535,255,3305,-8234,0,0,0
737778,36,0,489,-7509,1,0,1
737779,65535,255,2485,10352,0,0,0
737780,12,0,4641,10620,1,0,0
737781,33,0,5701,-8626,1,0,1
737782,65535,255,4040,-8293,0,0,0
737783,8,0,1503,-7872,1,0,1
737784,13,0,1565,10107,1,0,0
737785,42,0,4029,10530,1,0,0
737786,26,0,5621,10868,1,0,1
737787,27,0,4676,-8410,1,0,1
737788,18,0,2447,-8186,1,0,0
737789,65535,255,563,10088,0,0,0
737790,14,0,3316,10415,1,0,1
737791,35,0,5174,10738,1,0,1
737792,44,0,5221,-8511,1,0,0
737793,31,0,3289,-8217,1,0,1
737794,65535,255,470,-8125,0,0,0
737795,65535,255,2505,10278,0,0,0
737796,25,0,4651,10677,1,0,1
737797,65535,255,5691,-8605,0,0,0
737798,65535,255,6930,11279,0,0,1
737799,55,0,1481,-8044,1,0,0
737800,4,0,1581,10278,1,0,1
737801,54,0,4040,10591,1,0,0
737802,0,0,5631,10843,1,0,1
737803,29,0,4663,-8379,1,0,1
737804,136,2,2422,-8133,1,0,1
737805,25,0,587,9871,1,0,1
737806,25,0,3339,10392,1,0,0
737807,29,0,5188,10726,1,0,1
737808,13,0,5209,-8503,1,0,1
737809,65535,255,3271,-8207,0,0,0
737810,16,2,441,-8141,1,0,0
737811,65535,255,2525,10283,0,0,0
737812,65535,255,4664,10686,0,0,0
737813,24,0,5682,-8597,1,0,1
737814,46,0,4013,-8341,1,0,0
737815,47,0,1464,-8136,1,0,1
737816,65535,255,1598,10135,0,0,0
737817,65535,255,4048,10570,0,0,0
737818,65535,255,5636,10854,0,0,0
737819,14,0,4663,-8414,1,0,1
737820,26,0,2422,-8067,1,0,0
737821,65535,255,587,9817,0,0,0
737822,65535,255,3335,10429,0,0,0
737823,64,0,5182,10771,1,0,1
737824,25,2,5215,-8489,1,0,1
737825,65535,255,3284,-8226,0,0,0
737826,65535,255,460,-7415,0,0,0
737827,65535,255,2505,10420,0,0,0
737828,29,0,4651,10684,1,0,1
737829,65535,255,5693,-8618,0,0,0
737830,65535,255,4032,-8343,0,0,0
737831,65535,255,1492,-8156,0,0,0
737832,65535,255,1576,10174,0,0,0
737833,1,0,4036,10590,1,0,1
737834,35,0,5626,10869,1,0,0
737835,65535,255,4676,-8440,0,0,0
737836,60,0,2442,-8123,1,0,0
737837,12,0,563,10154,1,0,1
737838,65535,255,3316,10482,0,0,0
737839,65535,255,5173,10728,0,0,0
737840,65535,255,5226,-8526,0,0,0
737841,116,2,3298,-8153,1,0,0
737842,53,2,482,-8057,1,0,0
737843,26,0,2489,10342,1,0,0
737844,65535,255,4641,10652,0,0,0
737845,65535,255,5703,-8607,0,0,0
737846,27,2,4043,-8315,1,0,1
737847,23,0,1508,-8070,1,0,1
737848,65535,255,1559,10109,0,0,0
737849,65535,255,4025,10574,0,0,0
737850,46,0,5621,10859,1,0,0
737851,65535,255,4685,-8429,0,0,0
737852,65535,255,2456,-8111,0,0,0
737853,65535,255,545,10150,0,0,0
737854,0,0,0,0,0,0,0
737855,65535,255,5165,10732,0,0,0
737856,65535,255,5235,-8538,0,0,0
737857,22,0,3311,-8183,1,0,0
737858,15,0,499,-8256,1,0,1
737859,4,0,2475,10392,1,0,1
737860,15,0,4633,10676,1,0,1
737861,37,0,5708,-8626,1,0,1
737862,18,0,4054,-8346,1,0,0
737863,18,0,1522,-8019,1,0,1
737864,65535,255,1543,10233,0,0,0
737865,65535,255,4018,10507,0,0,0
737866,51,0,5616,10822,1,0,1
737867,32,0,4692,-8389,1,0,1
737868,65535,255,2467,-8034,0,0,0
737869,65535,255,536,9716,0,0,1
737870,20,0,3294,10433,1,0,1
737871,65535,255,5156,10769,0,0,0
737872,19,0,5241,-8514,1,0,1
737873,45,2,3318,-8217,1,0,0
737874,80,2,511,-8050,1,0,0
737875,65535,255,2465,10352,0,0,0
737876,27,0,4627,10669,1,0,0
737877,65535,255,5710,-8622,0,0,0
737878,20,2,4059,-8346,1,0,0
737879,65535,255,1525,-7876,0,0,0
737880,63,0,1537,10274,1,0,0
737881,31,0,4010,10528,1,0,1
737882,0,0,0,0,0,0,0
737883,65535,255,4695,-8412,0,0,0
737884,65535,255,2471,-8098,0,0,0
737885,65535,255,528,10144,0,0,0
737886,5,0,3289,10498,1,0,1
737887,65535,255,5154,10746,0,0,0
737888,65535,255,5240,-8483,0,0,0
737889,0,0,3320,-8230,1,0,1
737890,31,0,510,-7724,1,0,0
737891,65535,255,2465,10301,0,0,0
737892,65535,255,4628,10645,0,0,0
737893,65535,255,5711,-8613,0,0,0
737894,65535,255,4059,-8338,0,0,0
737895,65535,255,1527,-7977,0,0,0
737896,65535,255,1537,10275,0,0,0
737897,43,0,4010,10536,1,0,1
737898,95,2,5611,10844,1,0,0
737899,65535,255,4696,-8430,0,0,0
737900,0,0,0,0,0,0,0
737901,23,0,529,10398,1,0,0
737902,25,2,3294,10404,1,0,0
737903,65535,255,5154,10777,0,0,0
737904,44,2,5241,-8513,1,0,0
737905,65535,255,3316,-8163,0,0,0
737906,0,0,0,0,0,0,0
737907,65535,255,2465,10430,0,0,0
737908,19,0,4628,10620,1,0,1
737909,65535,255,5708,-8594,0,0,0
737910,65535,255,4055,-8316,0,0,0
737911,0,0,0,0,0,0,0
737912,65535,255,1542,10254,0,0,0
737913,21,0,4014,10536,1,0,0
737914,65535,255,5613,10850,0,0,0
737915,65535,255,4692,-8441,0,0,0
737916,65535,255,2467,-8175,0,0,0
737917,65535,255,542,9658,0,0,0
737918,65535,255,3299,10452,0,0,0
737919,65535,255,5160,10727,0,0,0
737920,11,0,5235,-8486,1,0,1
737921,16,0,3311,-8229,1,0,1
737922,65535,255,499,-7784,0,0,0
737923,65535,255,2475,10341,0,0,0
737924,57,0,4634,10676,1,0,0
737925,91,2,5703,-8575,1,0,0
737926,13,0,4047,-8286,1,0,1
737927,21,0,1514,-8089,1,0,0
737928,19,0,1553,10213,1,0,1
737929,65535,255,4022,10530,0,0,1
737930,65535,255,5619,10850,0,0,0
737931,65535,255,4685,-8446,0,0,0
737932,65535,255,2457,-8199,0,0,0
737933,65535,255,553,9789,0,0,0
737934,65535,255,3308,10482,0,0,0
737935,15,0,5168,10744,1,0,0
737936,19,0,5229,-8495,1,0,1
737937,65535,255,3301,-8254,0,0,0
737938,65535,255,488,-8256,0,0,0
737939,22,0,2485,10431,1,0,0
737940,65535,255,4644,10636,0,0,0
737941,65535,255,5698,-8614,0,0,0
737942,65535,255,4040,-8357,0,0,0
737943,47,0,1497,-7979,1,0,0
737944,65535,255,1571,10132,0,0,0
737945,65535,255,4033,10503,0,0,0
737946,28,0,5626,10839,1,0,0
737947,188,2,4676,-8432,1,0,0
737948,65535,255,2442,-8185,0,0,0
737949,3,0,570,9801,1,0,0
737950,49,0,3321,10483,1,0,0
737951,65535,255,5177,10751,0,0,0
737952,65535,255,5220,-8503,0,0,0
737953,65535,255,3284,-8158,0,0,0
737954,65535,255,466,-7345,0,0,0
737955,65535,255,2510,10294,0,0,0
737956,65535,255,4654,10661,0,0,0
737957,65535,255,5690,-8572,0,0,0
737958,65535,255,4025,-8289,0,0,0
737959,23,0,1475,-8108,1,0,0
737960,65535,255,1586,10257,0,0,1
737961,65535,255,4048,10557,0,0,0
737962,65535,255,5634,10872,0,0,0
737963,65535,255,4659,-8394,0,0,0
737964,65535,255,2422,-8104,0,0,0
737965,66,0,592,10378,1,0,1
737966,32,2,3339,10439,1,0,0
737967,65535,255,5188,10768,0,0,1
737968,28,0,5209,-8475,1,0,0
737969,38,0,3270,-8185,1,0,0
737970,7,0,452,-8057,1,0,0
737971,65535,255,2519,10308,0,0,0
737972,28,0,4661,10621,1,0,1
737973,65535,255,5688,-8571,0,0,0
737974,65535,255,4024,-8347,0,0,0
737975,9,0,1475,-8109,1,0,1
737976,80,2,1588,10289,1,0,1
737977,109,2,4044,10549,1,0,0
737978,42,0,5634,10832,1,0,0
737979,20,0,4666,-8377,1,0,0
737980,9,0,2432,-8157,1,0,0
737981,65535,255,575,10150,0,0,0
737982,5,0,3326,10465,1,0,0
737983,65535,255,5179,10782,0,0,0
737984,65535,255,5217,-8492,0,0,1
737985,65535,255,3284,-8215,0,0,1
737986,2,0,471,-8335,1,0,1
737987,4,0,2504,10370,1,0,0
737988,5,0,4651,10655,1,0,0
737989,65535,255,5694,-8599,0,0,0
737990,65535,255,4031,-8282,0,0,0
737991,2,0,1491,-7910,1,0,1
737992,6,0,1571,10235,1,0,0
737993,10,0,4035,10571,1,0,1
737994,4,0,5625,10866,1,0,0
737995,65535,255,4675,-8425,0,0,0
737996,65535,255,2441,-8079,0,0,0
737997,65535,255,565,9852,0,0,0
737998,65535,255,3318,10417,0,0,0
737999,65535,255,5172,10760,0,0,0
738000,65535,255,5225,-8478,0,0,0
738001,7,0,3297,-8187,1,0,1
738002,7,0,481,-8183,1,0,0
738003,65535,255,2491,10342,0,0,0
738004,22,0,4642,10647,1,0,0
738005,154,2,5697,-8595,1,0,0
738006,303,2,4039,-8275,1,0,0
738007,12,0,1502,-7934,1,0,1
738008,8,0,1560,10254,1,0,1
738009,65535,255,4026,10503,0,0,0
738010,65535,255,5620,10878,0,0,0
738011,65535,255,4681,-8444,0,0,0
738012,7,0,2451,-8120,1,0,0
738013,65535,255,552,10085,0,0,1
738014,65535,255,3308,10463,0,0,0
738015,65535,255,5166,10778,0,0,0
738016,65535,255,5229,-8505,0,0,0
738017,49,0,3301,-8245,1,0,0
738018,64,2,487,-7567,1,0,0
738019,23,0,2481,10444,1,0,0
738020,65535,255,4635,10690,0,0,0
738021,65535,255,5701,-8612,0,0,0
738022,65535,255,4047,-8342,0,0,0
738023,65535,255,1513,-8129,0,0,0
738024,19,0,1555,10148,1,0,1
738025,65535,255,4018,10575,0,0,0
738026,6,0,5617,10856,1,0,1
738027,7,0,4684,-8421,1,0,1
738028,15,0,2456,-8081,1,0,0
738029,5,0,547,9900,1,0,1
738030,17,0,3304,10443,1,0,1
738031,9,0,5161,10778,1,0,1
738032,0,0,5232,-8499,1,0,1
738033,4,0,3306,-8244,1,0,1
738034,65535,255,493,-7642,0,0,1
738035,65535,255,2480,10269,0,0,0
738036,65535,255,4635,10610,0,0,0
738037,15,0,5702,-8574,1,0,0
738038,21,0,4049,-8314,1,0,1
738039,0,0,1513,-7868,1,0,0
738040,65535,255,1549,10233,0,0,0
738041,65535,255,4019,10509,0,0,0
738042,13,0,5615,10861,1,0,1
738043,9,0,4685,-8373,1,0,1
738044,65535,255,2461,-8185,0,0,0
738045,0,0,0,0,0,0,0
738046,65535,255,3304,10388,0,0,0
738047,5,0,5160,10754,1,0,1
738048,65535,255,5231,-8479,0,0,1
738049,9,0,3311,-8217,1,0,1
738050,65535,255,500,-7443,0,0,0
738051,18,0,2476,10430,1,0,1
738052,65535,255,4633,10648,0,0,0
738053,65535,255,5705,-8574,0,0,0
738054,65535,255,4047,-8276,0,0,0
738055,65535,255,1513,-7914,0,0,0
738056,17,0,1549,10295,1,0,0
738057,65535,255,4018,10531,0,0,0
738058,65535,255,5617,10833,0,0,0
738059,65535,255,4675,-8429,0,0,0
738060,2,0,2446,-8174,1,0,1
738061,20,0,564,9849,1,0,1
738062,9,0,3313,10488,1,0,1
738063,65535,255,5171,10761,0,0,0
738064,0,0,5228,-8513,1,0,1
738065,15,0,3297,-8191,1,0,0
738066,8,0,481,-7636,1,0,0
738067,65535,255,2490,10352,0,0,0
738068,65535,255,4643,10648,0,0,0
738069,65535,255,5700,-8598,0,0,0
738070,65535,255,4043,-8337,0,0,0
738071,65535,255,1502,-7937,0,0,0
738072,65535,255,1560,10125,0,0,0
738073,5,0,4026,10513,1,0,0
738074,9,0,5621,10852,1,0,0
738075,11,0,4681,-8371,1,0,0
738076,4,0,2451,-8058,1,0,1
738077,10,0,552,10263,1,0,0
738078,65535,255,3312,10423,0,0,0
738079,19,0,5168,10730,1,0,1
738080,65535,255,5231,-8492,0,0,0
738081,65535,255,3301,-8154,0,0,0
738082,8,0,488,-7438,1,0,1
738083,20,0,2485,10326,1,0,1
738084,65535,255,4638,10687,0,0,0
738085,253,0,5702,-8598,1,0,0
738086,65535,255,4046,-8345,0,0,0
738087,65535,255,1508,-7983,0,0,0
738088,65535,255,1559,10189,0,0,0
738089,65535,255,4025,10542,0,0,0
738090,65535,255,5621,10870,0,0,0
738091,72,0,4682,-8407,1,0,0
738092,3,2,2457,-8151,1,0,0
738093,65535,255,553,9847,0,0,0
738094,65535,255,3308,10507,0,0,1
738095,172,0,5167,10782,1,0,0
738096,65535,255,5230,-8515,0,0,0
738097,14,2,3306,-8268,1,0,0
738098,65535,255,489,-8394,0,0,0
738099,65535,255,2485,10301,0,0,0
738100,19,2,4640,10687,1,0,0
738101,65535,255,5703,-8603,0,0,0
738102,24,2,4043,-8360,1,0,0
738103,26,0,1503,-8069,1,0,1
738104,37,0,1564,10274,1,0,0
738105,65535,255,4029,10587,0,0,0
738106,65535,255,5626,10835,0,0,0
738107,76,0,4680,-8410,1,0,0
738108,65535,255,2447,-8071,0,0,0
738109,19,0,558,10446,1,0,0
738110,12,2,3316,10471,1,0,0
738111,65535,255,5170,10767,0,0,0
738112,296,0,5226,-8538,1,0,0
738113,65535,255,3298,-8257,0,0,0
738114,27,0,483,-8401,1,0,1
738115,65535,255,2495,10328,0,0,0
738116,65535,255,4650,10624,0,0,1
738117,65535,255,5698,-8616,0,0,0
738118,65535,255,4035,-8286,0,0,0
738119,6,2,1492,-7985,1,0,1
738120,14,0,1576,10088,1,0,1
738121,16,0,4037,10530,1,0,1
738122,65535,255,5629,10872,0,0,0
738123,65535,255,4672,-8417,0,0,0
738124,101,2,2436,-8184,1,0,0
738125,65535,255,575,10206,0,0,0
738126,7,2,3326,10445,1,0,1
738127,35,0,5179,10759,1,0,1
738128,1,2,5218,-8530,1,0,0
738129,65535,255,3284,-8265,0,0,0
738130,12,0,460,-7413,1,0,0
738131,65535,255,2509,10356,0,0,0
738132,20,0,4658,10630,1,0,1
738133,69,0,5688,-8569,1,0,0
738134,65535,255,4021,-8328,0,0,0
738135,8,2,1469,-8000,1,0,0
738136,0,0,1587,10400,1,0,1
738137,65535,255,4044,10568,0,0,0
738138,12,0,5634,10857,1,0,1
738139,14,0,4666,-8432,1,0,1
738140,65535,255,2432,-8121,0,0,0
738141,0,2,575,10206,1,0,0
738142,0,2,3326,10501,1,0,0
738143,65535,255,5179,10745,0,0,1
738144,65535,255,5218,-8475,0,0,0
738145,12,0,3284,-8209,1,0,0
738146,65535,255,465,-7415,0,0,0
738147,65535,255,2502,10341,0,0,0
738148,65535,255,4652,10618,0,0,0
738149,10,0,5693,-8588,1,0,1
738150,65535,255,4032,-8285,0,0,0
738151,65535,255,1491,-8024,0,0,0
738152,0,0,1569,10187,1,0,1
738153,0,0,4029,10574,1,0,0
738154,65535,255,5624,10868,0,0,0
738155,65535,255,4676,-8448,0,0,0
738156,12,0,2447,-8174,1,0,1
738157,27,0,558,10504,1,0,0
738158,65535,255,3312,10415,0,0,0
738159,65535,255,5168,10773,0,0,0
738160,65535,255,5226,-8507,0,0,0
738161,65535,255,3300,-8246,0,0,0
738162,65535,255,487,-8053,0,0,0
738163,8,0,2485,10366,1,0,1
738164,5,0,4638,10676,1,0,1
738165,6,0,5699,-8609,1,0,1
738166,65535,255,4044,-8302,0,0,0
738167,65535,255,1508,-7960,0,0,0
738168,21,0,1554,10360,1,0,1
738169,26,0,4022,10566,1,0,1
738170,65535,255,5616,10863,0,0,0
738171,10,0,4686,-8446,1,0,1
738172,13,0,2458,-8176,1,0,0
738173,65535,255,546,10493,0,0,0
738174,12,0,3302,10432,1,0,0
738175,65535,255,5163,10739,0,0,0
738176,23,0,5233,-8524,1,0,0
738177,11,0,3307,-8174,1,0,1
738178,35,0,499,-8151,1,0,0
738179,12,0,2476,10350,1,0,1
738180,14,0,4634,10625,1,0,1
738181,65535,255,5704,-8600,0,0,0
738182,33,0,4052,-8317,1,0,0
738183,65535,255,1520,-8134,0,0,0
738184,65535,255,1547,10230,0,0,0
738185,65535,255,4017,10528,0,0,0
738186,65535,255,5615,10843,0,0,1
738187,65535,255,4690,-8425,0,0,1
738188,45,0,2467,-8137,1,0,0
738189,44,0,539,10390,1,0,0
738190,8,0,3298,10412,1,0,1
738191,65535,255,5159,10781,0,0,0
738192,60,2,5236,-8524,1,0,1
738193,65535,255,3312,-8174,0,0,1
738194,5,0,501,-7387,1,0,0
738195,3,0,2475,10261,1,0,0
738196,23,0,4633,10637,1,0,1
738197,23,0,5709,-8609,1,0,1
738198,65535,255,4056,-8339,0,0,0
738199,19,0,1520,-7896,1,0,1
738200,65535,255,1542,10337,0,0,0
738201,65535,255,4013,10564,0,0,0
738202,65535,255,5615,10870,0,0,0
738203,65535,255,4689,-8378,0,0,0
738204,9,0,2468,-8033,1,0,1
738205,25,0,539,9959,1,0,1
738206,65535,255,3298,10496,0,0,0
738207,65535,255,5161,10750,0,0,0
738208,16,0,5239,-8498,1,0,1
738209,65535,255,3316,-8277,0,0,0
738210,65535,255,506,-8180,0,0,0
738211,77,2,2474,10428,1,0,1
738212,65535,255,4633,10619,0,0,0
738213,65535,255,5709,-8604,0,0,0
738214,0,0,4055,-8331,1,0,0
738215,13,0,1520,-7896,1,0,1
738216,2,0,1547,10336,1,0,1
738217,65535,255,4016,10572,0,0,0
738218,65535,255,5615,10879,0,0,0
738219,65535,255,4690,-8389,0,0,0
738220,65535,255,2462,-8084,0,0,0
738221,65535,255,539,10203,0,0,0
738222,65535,255,3302,10394,0,0,0
738223,65535,255,5164,10781,0,0,0
738224,65535,255,5235,-8528,0,0,1
738225,65535,255,3312,-8211,0,0,0
738226,65535,255,494,-7713,0,0,0
738227,9,0,2479,10339,1,0,1
738228,65535,255,4636,10681,0,0,0
738229,5,0,5706,-8581,1,0,1
738230,65535,255,4048,-8301,0,0,0
738231,8,0,1515,-8153,1,0,0
738232,13,0,1553,10273,1,0,0
738233,8,0,4024,10558,1,0,1
738234,7,0,5619,10871,1,0,1
738235,65535,255,4683,-8387,0,0,0
738236,65535,255,2453,-8084,0,0,0
738237,65535,255,550,10265,0,0,0
738238,65535,255,3311,10415,0,0,0
738239,65535,255,5169,10716,0,0,0
738240,3,0,5227,-8475,1,0,1
738241,65535,255,3303,-8246,0,0,0
738242,65535,255,483,-8048,0,0,0
738243,87,2,2488,10417,1,0,0
738244,0,0,4646,10629,1,0,1
738245,120,2,5699,-8614,1,0,0
738246,1,0,4038,-8304,1,0,1
738247,3,0,1498,-8023,1,0,1
738248,9,0,1569,10192,1,0,1
738249,6,0,4035,10531,1,0,1
738250,65535,255,5627,10860,0,0,0
738251,14,0,4673,-8380,1,0,0
738252,7,0,2438,-8080,1,0,0
738253,9,0,568,10321,1,0,0
738254,65535,255,3325,10426,0,0,0
738255,13,0,5178,10729,1,0,1
738256,6,0,5219,-8483,1,0,1
738257,65535,255,3284,-8248,0,0,0
738258,15,0,467,-8408,1,0,0
738259,65535,255,2509,10292,0,0,0
738260,8,0,4653,10666,1,0,1
738261,65535,255,5689,-8577,0,0,0
738262,65535,255,4022,-8311,0,0,0
738263,13,0,1471,-7864,1,0,0
738264,6,0,1586,10380,1,0,1
738265,65535,255,4048,10556,0,0,0
738266,65535,255,5635,10840,0,0,0
738267,9,0,4658,-8399,1,0,1
738268,65535,255,2419,-8038,0,0,0
738269,65535,255,592,10209,0,0,0
738270,65535,255,3344,10421,0,0,0
738271,111,2,5188,10732,1,0,1
738272,103,2,5206,-8491,1,0,1
738273,100,2,3262,-8166,1,0,1
738274,42,2,436,-7529,1,0,0
738275,19,0,2529,10348,1,0,0
738276,65535,255,4668,10629,0,0,0
738277,20,0,5679,-8569,1,0,0
738278,15,0,4010,-8324,1,0,0
738279,65535,255,1459,-7996,0,0,0
738280,7,0,1597,10260,1,0,0
738281,6,0,4048,10593,1,0,1
738282,65535,255,5637,10851,0,0,0
738283,65535,255,4660,-8389,0,0,0
738284,42,0,2422,-8158,1,0,1
738285,11,0,586,10042,1,0,0
738286,65535,255,3335,10430,0,0,0
738287,65535,255,5180,10752,0,0,0
738288,31,0,5215,-8533,1,0,1
738289,10,0,3285,-8272,1,0,0
738290,35,0,459,-7552,1,0,0
738291,15,0,2505,10396,1,0,0
738292,11,0,4651,10655,1,0,0
738293,65535,255,5691,-8590,0,0,0
738294,36,0,4029,-8308,1,0,0
738295,65535,255,1492,-8154,0,0,0
738296,20,0,1576,10091,1,0,0
738297,27,0,4033,10547,1,0,0
738298,20,0,5626,10825,1,0,0
738299,65535,255,4673,-8381,0,0,0
738300,65535,255,2447,-8121,0,0,0
738301,39,0,564,9917,1,0,0
738302,65535,255,3312,10417,0,0,0
738303,65535,255,5168,10750,0,0,0
738304,65535,255,5227,-8535,0,0,0
738305,65535,255,3300,-8212,0,0,0
738306,13,0,488,-7712,1,0,0
738307,65535,255,2481,10396,0,0,0
738308,65535,255,4638,10683,0,0,0
738309,65535,255,5701,-8615,0,0,0
738310,65535,255,4043,-8299,0,0,0
738311,65535,255,1508,-7959,0,0,0
738312,65,0,1553,10275,1,0,0
738313,65535,255,4022,10495,0,0,0
738314,65535,255,5616,10868,0,0,0
738315,65535,255,4689,-8423,0,0,0
738316,65535,255,2462,-8058,0,0,0
738317,6,0,540,9807,1,0,0
738318,65535,255,3299,10387,0,0,0
738319,65535,255,5159,10733,0,0,0
738320,65535,255,5238,-8507,0,0,0
738321,65535,255,3316,-8219,0,0,0
738322,65535,255,511,-8177,0,0,0
738323,65535,255,2465,10301,0,0,0
738324,65535,255,4628,10608,0,0,0
738325,7,0,5713,-8618,1,0,0
738326,10,0,4062,-8295,1,0,1
738327,6,0,1531,-7918,1,0,0
738328,16,0,1532,10189,1,0,1
738329,0,0,0,0,0,0,0
738330,65535,255,5608,10835,0,0,0
738331,65535,255,4702,-8371,0,0,0
738332,30,2,2486,-8125,1,0,0
738333,65535,255,518,9825,0,0,0
738334,3,0,3280,10404,1,0,0
738335,8,0,5148,10740,1,0,1
738336,19,0,5252,-8520,1,0,0
738337,9,0,3338,-8250,1,0,0
738338,12,0,536,-7425,1,0,0
738339,15,0,2445,10363,1,0,0
738340,7,0,4613,10642,1,0,0
738341,7,0,5722,-8580,1,0,1
738342,65535,255,4078,-8354,0,0,0
738343,26,0,1558,-8092,1,0,0
738344,16,0,1504,10380,1,0,0
738345,65535,255,3991,10533,0,0,0
738346,1,0,5598,10834,1,0,1
738347,5,0,4718,-8439,1,0,0
738348,65535,255,2506,-8089,0,0,0
738349,21,0,495,9675,1,0,0
738350,65535,255,3263,10391,0,0,0
738351,65535,255,5139,10738,0,0,0
738352,65535,255,5263,-8520,0,0,0
738353,5,0,3356,-8251,1,0,0
738354,4,0,557,-7561,1,0,0
738355,65535,255,2426,10400,0,0,0
738356,65535,255,4601,10658,0,0,0
738357,65535,255,5731,-8593,0,0,0
738358,0,0,4092,-8269,1,0,0
738359,65535,255,1574,-7861,0,0,0
738360,48,2,1488,10159,1,0,0
738361,13,0,3977,10575,1,0,1
738362,29,2,5591,10844,1,0,1
738363,65535,255,4726,-8392,0,0,0
738364,0,0,0,0,0,0,0
738365,0,0,0,0,0,0,0
738366,0,0,0,0,0,0,0
738367,0,0,0,0,0,0,0
738368,0,0,0,0,0,0,0
738369,0,0,0,0,0,0,0
738370,0,0,0,0,0,0,0
738371,0,0,0,0,0,0,0
738372,0,0,0,0,0,0,0
738373,20,0,5738,-8596,1,0,0
738374,0,0,0,0,0,0,0
738375,0,0,0,0,0,0,0
738376,65535,255,1471,10200,0,0,0
738377,11,0,3965,10586,1,0,0
738378,0,0,0,0,0,0,0
738379,0,0,0,0,0,0,0
738380,0,0,0,0,0,0,0
738381,0,0,0,0,0,0,0
738382,0,0,0,0,0,0,0
738383,0,0,0,0,0,0,0
738384,15,0,5276,-8537,1,0,0
738385,0,0,0,0,0,0,0
738386,0,0,0,0,0,0,0
738387,0,0,0,0,0,0,0
738388,0,0,0,0,0,0,0
738389,0,0,0,0,0,0,0
738390,0,0,0,0,0,0,0
738391,0,0,0,0,0,0,0
738392,0,0,0,0,0,0,0
738393,0,0,0,0,0,0,0
738394,0,0,0,0,0,0,0
738395,0,0,0,0,0,0,0
738396,0,0,0,0,0,0,0
738397,65535,255,449,9687,0,0,0
738398,19,2,3232,10415,1,0,1
738399,29,0,5115,10764,1,0,1
738400,33,2,5279,-8480,1,0,1
738401,65535,255,3381,-8199,0,0,0
738402,65535,255,598,-8257,0,0,0
738403,65535,255,2392,10371,0,0,0
738404,11,2,4577,10661,1,0,1
738405,65535,255,5746,-8609,0,0,0
738406,54,0,4115,-8308,1,0,1
738407,65535,255,1606,-8029,0,0,0
738408,39,0,1454,10382,1,0,1
738409,65535,255,3954,10543,0,0,0
738410,25,2,5573,10837,1,0,1
738411,65535,255,4743,-8401,0,0,1
738412,9,0,2546,-8029,1,0,0
738413,65535,255,444,9532,0,0,0
738414,19,0,3228,10415,1,0,1
738415,18,0,5112,10764,1,0,0
738416,66,2,5282,-8490,1,0,0
738417,65535,255,3385,-8226,0,0,0
738418,13,0,598,-7588,1,0,0
738419,65535,255,2389,10353,0,0,0
738420,99,2,4580,10600,1,0,0
738421,2,0,5749,-8636,1,0,0
738422,10,0,4115,-8358,1,0,0
738423,65535,255,1607,-7887,0,0,0
738424,14,0,1454,10244,1,0,0
738425,19,0,3954,10513,1,0,0
738426,32,0,5576,10823,1,0,1
738427,0,0,0,0,0,0,0
738428,0,0,0,0,0,0,0
738429,65535,255,450,9541,0,0,0
738430,65535,255,3227,10425,0,0,0
738431,6,0,5115,10775,1,0,1
738432,65535,255,5281,-8504,0,0,1
738433,65535,255,3385,-8260,0,0,0
738434,29,0,597,-7867,1,0,0
738435,65535,255,2392,10318,0,0,0
738436,34,0,4580,10650,1,0,1
738437,21,0,5746,-8609,1,0,0
738438,65535,255,4111,-8321,0,0,0
738439,16,0,1607,-8132,1,0,1
738440,18,0,1460,10199,1,0,0
738441,65535,255,3958,10500,0,0,0
738442,65535,255,5578,10824,0,0,0
738443,13,0,4740,-8440,1,0,1
738444,65535,255,2546,-8204,0,0,0
738445,23,0,442,9829,1,0,0
738446,9,0,3222,10501,1,0,1
738447,29,0,5112,10766,1,0,1
738448,65535,255,5286,-8509,0,0,0
738449,65535,255,3394,-8181,0,0,0
738450,65535,255,609,-7653,0,0,0
738451,65535,255,2377,10331,0,0,0
738452,40,0,4566,10678,1,0,0
738453,65535,255,5756,-8582,0,0,0
738454,21,0,4134,-8311,1,0,0
738455,28,0,1637,-8007,1,0,0
738456,65535,255,1426,10361,0,0,0
738457,28,0,3932,10528,1,0,1
738458,59,0,5561,10829,1,0,1
738459,65535,255,4766,-8428,0,0,0
738460,31,0,2586,-8184,1,0,1
738461,37,0,401,9802,1,0,0
738462,65535,255,3196,10364,0,0,0
738463,17,2,5094,10699,1,0,0
738464,28,2,5309,-8533,1,0,0
738465,15,0,3428,-8231,1,0,1
738466,2,2,656,-8037,1,0,0
738467,47,2,2341,10348,1,0,0
738468,22,0,4545,10645,1,0,1
738469,65535,255,5775,-8632,0,0,0
738470,16,0,4159,-8295,1,0,0
738471,65535,255,1673,-8156,0,0,0
738472,65535,255,1386,10384,0,0,0
738473,2,0,3908,10493,1,0,1
738474,65535,255,5547,10844,0,0,0
738475,98,2,4786,-8454,1,0,0
738476,100,2,2615,-8064,1,0,0
738477,4,0,360,10399,1,0,0
738478,65535,255,3168,10447,0,0,0
738479,65535,255,5093,10751,0,0,0
738480,65535,255,5309,-8533,0,0,0
738481,3,0,3424,-8279,1,0,0
738482,65535,255,644,-7732,0,0,0
738483,65535,255,2351,10431,0,0,0
738484,65535,255,4555,10666,0,0,0
738485,65535,255,5765,-8605,0,0,0
738486,65535,255,4141,-8283,0,0,1
738487,13,0,1646,-7920,1,0,0
738488,6,0,1419,10191,1,0,1
738489,3,0,3931,10588,1,0,1
738490,12,0,5564,10852,1,0,1
738491,105,0,4760,-8408,1,0,1
738492,48,0,2576,-8211,1,0,0
738493,65535,255,413,10452,0,0,0
738494,0,2,3209,10505,1,0,0
738495,7,2,5105,10723,1,0,1
738496,65535,255,5295,-8511,0,0,0
738497,65535,255,3403,-8250,0,0,1
738498,65535,255,616,-7611,0,0,0
738499,0,2,2376,10419,1,0,0
738500,0,2,4572,10669,1,0,0
738501,0,0,5754,-8611,1,0,1
738502,14,0,4123,-8306,1,0,1
738503,65535,255,1618,-7997,0,0,0
738504,30,0,1448,10311,1,0,1
738505,13,0,3953,10518,1,0,1
738506,33,0,5577,10815,1,0,1
738507,65535,255,4744,-8451,0,0,0
738508,89,2,2546,-8134,1,0,0
738509,11,0,447,10056,1,0,1
738510,12,0,3231,10460,1,0,1
738511,60,2,5122,10706,1,0,0
738512,65535,255,5277,-8502,0,0,0
738513,7,0,3377,-8237,1,0,1
738514,65535,255,581,-7586,0,0,0
738515,13,0,2406,10423,1,0,0
738516,65535,255,4591,10634,0,0,0
738517,9,0,5737,-8629,1,0,1
738518,8,0,4096,-8338,1,0,1
738519,65535,255,1585,-8117,0,0,0
738520,20,0,1488,10136,1,0,0
738521,59,0,3976,10580,1,0,0
