sdate,line_t,line_tmq,line_tvza,line_tvaa,line_tm2,line_QFDNB,line_tm_buf
735235,65535,255,3976,9690,0,0,0
735236,665,2,5584,9368,3,0,0
735237,611,1,4349,-7258,3,0,0
735238,617,1,2210,-7509,1,0,1
735239,555,0,631,10261,1,0,1
735240,65535,255,3275,9858,0,0,0
735241,474,0,5127,9512,1,0,0
735242,396,0,4876,-7101,1,0,1
735243,65535,255,3008,-7407,0,0,0
735244,259,0,339,-7058,1,0,1
735245,534,0,2485,9943,1,0,1
735246,61,2,4604,9554,1,0,1
735247,65535,255,5336,-6985,0,0,0
735248,65535,255,3715,-7350,0,0,0
735249,65535,255,1293,-7787,0,0,0
735250,0,0,0,0,0,0,0
735251,538,0,3991,9740,1,0,1
735252,65535,255,5592,9371,0,0,0
735253,65535,255,4339,-7186,0,0,0
735254,65535,255,2199,-7584,0,0,0
735255,853,1,637,9902,1,0,1
735256,65535,255,3279,9754,0,0,0
735257,470,0,5128,9456,1,0,1
735258,567,0,4883,-7116,1,0,1
735259,517,0,3018,-7426,1,0,1
735260,548,1,355,-7275,1,0,1
735261,670,0,2465,9958,1,0,1
735262,65535,255,4587,9557,0,0,0
735263,65535,255,5349,-6981,0,0,0
735264,65535,255,3740,-7337,0,0,0
735265,0,0,0,0,0,0,0
735266,373,0,1561,10053,1,0,1
735267,524,0,3965,9693,1,0,0
735268,65535,255,5574,9353,0,0,0
735269,65535,255,4363,-7267,0,0,0
735270,65535,255,2236,-7549,0,0,0
735271,65535,255,591,10442,0,0,0
735272,538,0,3248,9749,1,0,1
735273,0,0,0,0,0,0,0
735274,65535,255,4901,-7128,0,0,0
735275,1571,0,3047,-7463,3,0,0
735276,65535,255,395,-7655,0,0,0
735277,65535,255,2437,9820,0,0,0
735278,785,2,4564,9598,3,0,0
735279,65535,255,5363,-7020,0,0,0
735280,640,0,3760,-7286,3,0,0
735281,65535,255,1361,-7577,0,0,0
735282,65535,255,1529,9973,0,0,0
735283,65535,255,3942,9666,0,0,0
735284,871,0,5557,9412,1,0,1
735285,65535,255,4380,-7262,0,0,0
735286,577,0,2263,-7546,1,0,0
735287,672,1,566,10000,1,0,1
735288,65535,255,3221,9771,0,0,0
735289,65535,255,5089,9479,0,0,0
735290,65535,255,4916,-7141,0,0,0
735291,435,0,3070,-7478,1,0,1
735292,65535,255,424,-7735,0,0,0
735293,65535,255,2407,9809,0,0,0
735294,65535,255,4547,9589,0,0,0
735295,65535,255,5377,-7006,0,0,1
735296,134,0,3784,-7377,1,0,1
735297,65535,255,1390,-7480,0,0,0
735298,65535,255,1500,9952,0,0,0
735299,65535,255,3916,9737,0,0,0
735300,65535,255,5541,9374,0,0,0
735301,0,0,0,0,0,0,0
735302,65535,255,2289,-7627,0,0,0
735303,557,0,533,9863,1,0,1
735304,65535,255,3194,9804,0,0,0
735305,65535,255,5072,9493,0,0,0
735306,386,0,4928,-7082,1,0,1
735307,416,0,3093,-7376,1,0,1
735308,1006,2,460,-8238,1,0,0
735309,65535,255,2377,9931,0,0,0
735310,363,0,4526,9623,1,0,1
735311,594,0,5388,-6984,1,0,1
735312,65535,255,3800,-7358,0,0,0
735313,1017,0,1418,-7493,1,0,0
735314,814,0,1474,9863,1,0,1
735315,65535,255,3897,9755,0,0,0
735316,647,0,5529,9396,1,0,1
735317,622,0,4414,-7248,1,0,1
735318,65535,255,2310,-7526,0,0,0
735319,65535,255,505,10574,0,0,0
735320,410,0,3177,9767,1,0,1
735321,65535,255,5060,9480,0,0,0
735322,352,0,4940,-7080,1,0,1
735323,65535,255,3110,-7393,0,0,0
735324,561,0,477,-7318,1,0,1
735325,65535,255,2358,9988,0,0,0
735326,353,0,4516,9588,1,0,1
735327,476,0,5399,-7025,1,0,1
735328,390,0,3812,-7317,1,0,1
735329,65535,255,1435,-7736,0,0,0
735330,378,0,1451,10163,1,0,1
735331,398,0,3885,9751,1,0,1
735332,360,0,5523,9402,1,0,1
735333,65535,255,4420,-7165,0,0,0
735334,65535,255,2326,-7593,0,0,0
735335,65535,255,492,9982,0,0,0
735336,65535,255,3167,9857,0,0,0
735337,65535,255,5054,9498,0,0,0
735338,292,2,4946,-7068,1,0,0
735339,514,0,3119,-7392,1,0,1
735340,385,0,488,-7463,1,0,1
735341,65535,255,2353,9841,0,0,0
735342,506,0,4509,9634,1,0,1
735343,65535,255,5401,-6995,0,0,0
735344,65535,255,3820,-7276,0,0,0
735345,480,0,1440,-7688,1,0,1
735346,65535,255,1451,10163,0,0,0
735347,65535,255,3885,9759,0,0,0
735348,65535,255,5523,9421,0,0,0
735349,65535,255,4424,-7202,0,0,0
735350,410,0,2326,-7482,1,0,1
735351,630,0,487,10529,1,0,1
735352,370,0,3167,9809,1,0,1
735353,65535,255,5053,9526,0,0,0
735354,65535,255,4949,-7086,0,0,0
735355,453,0,3119,-7402,1,0,1
735356,409,0,487,-7668,1,0,1
735357,415,0,2352,9896,1,0,1
735358,339,0,4515,9577,1,0,1
735359,337,0,5400,-6962,1,0,1
735360,539,0,3820,-7362,1,0,1
735361,360,0,1440,-7619,1,0,1
735362,65535,255,1457,10141,0,0,0
735363,65535,255,3893,9659,0,0,0
735364,65535,255,5528,9366,0,0,0
735365,65535,255,4424,-7240,0,0,0
735366,65535,255,2320,-7608,0,0,0
735367,356,0,498,10249,1,0,1
735368,65535,255,3176,9788,0,0,0
735369,483,0,5059,9525,1,0,1
735370,65535,255,4945,-7074,0,0,0
735371,569,0,3114,-7452,1,0,1
735372,1652,0,478,-8223,1,0,1
735373,65535,255,2367,9814,0,0,0
735374,65535,255,4521,9633,0,0,0
735375,363,0,5941,9303,1,0,1
735376,65535,255,3808,-7373,0,0,0
735377,65535,255,1423,-7692,0,0,0
735378,65535,255,1474,9910,0,0,0
735379,65535,255,3904,9718,0,0,0
735380,65535,255,5535,9414,0,0,0
735381,406,0,6618,9092,1,0,1
735382,405,0,2305,-7597,1,0,1
735383,65535,255,521,10370,0,0,0
735384,65535,255,3194,9825,0,0,0
735385,449,0,5071,9474,1,0,1
735386,418,0,6303,9191,1,0,1
735387,65535,255,-32768,-32768,0,65535,1
735388,65535,255,453,-8028,0,0,0
735389,380,0,2387,9813,1,0,1
735390,306,0,4539,9561,1,0,1
735391,500,0,5950,9312,1,0,1
735392,65535,255,6906,8975,0,0,0
735393,65535,255,1395,-7479,0,0,0
735394,360,0,1496,10109,1,0,1
735395,403,2,3923,9679,1,0,1
735396,0,0,0,0,0,0,0
735397,65535,255,6627,9085,0,0,0
735398,65535,255,-32768,-32768,0,65535,1
735399,65535,255,551,10475,0,0,0
735400,313,0,3212,9860,1,0,1
735401,370,0,5085,9497,1,0,1
735402,65535,255,6314,9158,0,0,0
735403,65535,255,-32768,-32768,0,65535,1
735404,65535,255,418,-7500,0,0,0
735405,241,0,2417,9941,1,0,1
735406,296,0,4556,9632,1,0,1
735407,394,0,5961,9302,1,0,1
735408,65535,255,6913,8971,0,0,0
735409,398,0,1362,-7479,1,0,1
735410,390,0,1529,10145,1,0,1
735411,65535,255,3946,9697,0,0,0
735412,65535,255,5561,9417,0,0,0
735413,65535,255,6637,9050,0,0,0
735414,65535,255,-32768,-32768,0,65535,0
735415,65535,255,585,10055,0,0,0
735416,65535,255,3243,9798,0,0,0
735417,65535,255,5105,9477,0,0,0
735418,65535,255,6326,9180,0,0,0
735419,65535,255,-32768,-32768,0,65535,1
735420,1523,0,378,-7477,1,0,1
735421,65535,255,2451,9962,0,0,0
735422,294,2,4580,9553,1,0,1
735423,65535,255,5978,9256,0,0,0
735424,65535,255,6924,8939,0,0,0
735425,65535,255,1322,-7655,0,0,0
735426,65535,255,1573,9971,0,0,0
735427,65535,255,3972,9656,0,0,0
735428,65535,255,5579,9394,0,0,0
735429,236,0,6648,9066,1,0,1
735430,339,0,2205,-7435,1,0,1
735431,1432,0,631,10002,1,0,1
735432,305,0,3275,9840,1,0,1
735433,297,2,5123,9510,1,0,1
735434,65535,255,6336,9165,0,0,0
735435,433,0,3019,-7497,1,0,1
735436,65535,255,354,-7746,0,0,0
735437,301,0,2466,9999,1,0,1
735438,65535,255,4587,9564,0,0,0
735439,65535,255,5980,9259,0,0,0
735440,65535,255,3732,-7313,0,0,0
735441,65535,255,1322,-7604,0,0,0
735442,348,0,1567,9929,1,0,1
735443,65535,255,3965,9745,0,0,0
735444,65535,255,5572,9377,0,0,0
735445,404,0,4357,-7189,1,0,1
735446,65535,255,2226,-7579,0,0,0
735447,735,0,597,10445,1,0,1
735448,65535,255,3250,9814,0,0,0
735449,65535,255,5106,9519,0,0,0
735450,499,0,4895,-7095,1,0,1
735451,434,0,3038,-7390,1,0,1
735452,1677,0,390,-8252,1,0,1
735453,364,0,2441,9886,1,0,1
735454,65535,255,4567,9611,0,0,0
735455,0,0,0,0,0,0,0
735456,329,0,3752,-7278,1,0,1
735457,534,0,1350,-7527,1,0,1
735458,400,0,1540,9868,1,0,1
735459,0,0,0,0,0,0,0
735460,65535,255,5561,9380,0,0,0
735461,569,0,4373,-7199,1,0,1
735462,462,0,2252,-7618,1,0,1
735463,467,0,574,9825,1,0,1
735464,65535,255,3230,9782,0,0,0
735465,65535,255,5097,9480,0,0,0
735466,232,0,4907,-7147,1,0,1
735467,438,0,3061,-7490,1,0,1
735468,65535,255,412,-7900,0,0,0
735469,65535,255,2421,9850,0,0,0
735470,453,0,4556,9608,1,0,1
735471,401,0,5371,-7027,1,0,1
735472,65535,255,3767,-7292,0,0,0
735473,65535,255,1372,-7624,0,0,0
735474,444,0,1518,9998,1,0,1
735475,65535,255,3934,9677,0,0,0
735476,65535,255,5553,9419,0,0,0
735477,65535,255,4385,-7226,0,0,0
735478,65535,255,2268,-7572,0,0,0
735479,65535,255,563,9702,0,0,0
735480,65535,255,3221,9783,0,0,0
735481,65535,255,5088,9482,0,0,0
735482,456,2,4916,-7074,1,0,1
735483,687,0,3070,-7377,1,0,1
735484,1599,0,426,-7191,1,0,1
735485,65535,255,2406,9944,0,0,0
735486,486,0,4550,9566,1,0,1
735487,65535,255,5376,-7001,0,0,0
735488,366,2,3779,-7331,1,0,1
735489,65535,255,1384,-7552,0,0,0
735490,65535,255,1512,9977,0,0,0
735491,65535,255,3930,9678,0,0,0
735492,468,0,5551,9393,1,0,1
735493,65535,255,4390,-7189,0,0,0
735494,409,0,2279,-7642,1,0,1
735495,902,0,550,10054,1,0,1
735496,271,0,3216,9851,1,0,1
735497,371,0,5085,9530,1,0,1
735498,65535,255,4922,-7132,0,0,0
735499,65535,255,3079,-7506,0,0,0
735500,280,0,431,-8198,1,0,1
735501,342,0,2406,9957,1,0,1
735502,407,0,4549,9579,1,0,1
735503,65535,255,5379,-7020,0,0,0
735504,65535,255,3779,-7306,0,0,0
735505,457,0,1389,-7718,1,0,1
735506,65535,255,1507,10173,0,0,1
735507,65535,255,3927,9760,0,0,0
735508,464,0,5551,9407,1,0,1
735509,386,0,4390,-7176,1,0,1
735510,261,0,2278,-7641,1,0,1
735511,65535,255,550,10176,0,0,0
735512,65535,255,3216,9754,0,0,0
735513,65535,255,5085,9478,0,0,0
735514,65535,255,4919,-7089,0,0,0
735515,654,0,3074,-7436,1,0,1
735516,1437,0,424,-7817,1,0,1
735517,65535,255,2411,9904,0,0,0
735518,423,0,4550,9566,1,0,1
735519,280,0,5374,-7020,1,0,1
735520,442,0,3776,-7321,1,0,1
735521,363,0,1376,-7692,1,0,1
735522,473,0,1518,9956,1,0,1
735523,294,0,3935,9700,1,0,1
735524,65535,255,5554,9383,0,0,0
735525,65535,255,4384,-7259,0,0,0
735526,406,0,2263,-7615,1,0,1
735527,65535,255,562,10233,0,0,0
735528,359,0,3226,9764,1,0,1
735529,422,0,5091,9503,1,0,1
735530,65535,255,4910,-7129,0,0,0
735531,272,0,3056,-7376,1,0,1
735532,4077,1,407,-7573,1,0,1
735533,477,0,2421,9889,1,0,1
735534,65535,255,4560,9577,0,0,0
735535,597,0,5363,-6964,1,0,1
735536,356,0,3760,-7379,1,0,1
735537,0,0,0,0,0,0,0
735538,446,0,1540,9869,1,0,1
735539,0,0,0,0,0,0,0
735540,348,0,5564,9390,1,0,1
735541,65535,255,4367,-7185,0,0,0
735542,311,0,2237,-7489,1,0,1
735543,65535,255,591,9831,0,0,0
735544,65535,255,3244,9834,0,0,0
735545,65535,255,5106,9495,0,0,0
735546,313,0,4892,-7137,1,0,1
735547,65535,255,3033,-7421,0,0,0
735548,65535,255,378,-8178,0,0,0
735549,406,0,2451,9822,1,0,1
735550,65535,255,4581,9561,0,0,0
735551,530,0,5347,-6978,1,0,1
735552,242,0,3732,-7279,1,0,1
735553,386,0,1318,-7584,1,0,1
735554,65535,255,1573,10077,0,0,0
735555,319,0,3973,9673,1,0,1
735556,65535,255,5580,9391,0,0,0
735557,508,0,4343,-7208,1,0,1
735558,240,0,2202,-7556,1,0,1
735559,3504,1,626,10482,1,0,1
735560,65535,255,3266,9835,0,0,0
735561,65535,255,5120,9471,0,0,0
735562,339,0,4881,-7101,1,0,1
735563,610,0,3023,-7505,1,0,1
735564,65535,255,366,-7469,0,0,0
735565,0,0,0,0,0,0,0
735566,65535,255,4581,9598,0,0,0
735567,65535,255,5348,-6987,0,0,0
735568,522,0,3740,-7302,1,0,1
735569,65535,255,1333,-7501,0,0,0
735570,65535,255,1556,10100,0,0,0
735571,65535,255,3961,9668,0,0,0
735572,413,0,5570,9385,1,0,1
735573,65535,255,4360,-7179,0,0,0
735574,65535,255,2236,-7517,0,0,0
735575,65535,255,591,10058,0,0,0
735576,65535,255,3244,9782,0,0,0
735577,65535,255,5103,9460,0,0,0
735578,65535,255,4898,-7103,0,0,0
735579,565,0,3047,-7377,1,0,1
735580,1044,0,395,-7988,1,0,1
735581,65535,255,2437,9824,0,0,0
735582,65535,255,4567,9577,0,0,0
735583,65535,255,5361,-6983,0,0,0
735584,65535,255,3760,-7323,0,0,0
735585,65535,255,1355,-7648,0,0,0
735586,1026,0,1534,9956,3,0,0
735587,1007,0,3942,9752,3,0,0
735588,0,0,0,0,0,0,0
735589,0,0,0,0,0,0,0
735590,0,0,0,0,0,0,0
735591,0,0,0,0,0,0,0
735592,65535,255,3235,9755,0,0,0
735593,65535,255,5097,9456,0,0,0
735594,65535,255,4907,-7123,0,0,0
735595,684,0,3056,-7438,1,0,1
735596,974,0,407,-7413,1,0,1
735597,65535,255,2421,9969,0,0,0
735598,380,0,4560,9566,1,0,0
735599,65535,255,5366,-6991,0,0,0
735600,576,0,3767,-7352,1,0,1
735601,65535,255,1367,-7769,0,0,1
735602,65535,255,1528,10127,0,0,0
735603,1723,0,3942,9716,1,0,1
735604,912,0,5561,9370,1,0,1
735605,65535,255,4376,-7201,0,0,0
735606,474,0,2257,-7629,1,0,1
735607,541,0,573,9942,1,0,1
735608,237,2,3230,9823,1,0,1
735609,421,0,5097,9508,1,0,1
735610,65535,255,4907,-7100,0,0,0
735611,65535,255,3056,-7427,0,0,0
735612,597,0,406,-7491,1,0,1
735613,65535,255,2427,9812,0,0,0
735614,311,0,4562,9603,1,0,1
735615,65535,255,5365,-7030,0,0,0
735616,65535,255,3763,-7313,0,0,0
735617,65535,255,1361,-7721,0,0,0
735618,65535,255,1534,10126,0,0,0
735619,65535,255,3945,9738,0,0,0
735620,65535,255,5564,9392,0,0,0
735621,65535,255,4373,-7228,0,0,0
735622,915,0,2247,-7429,1,0,0
735623,1362,1,579,9886,1,0,0
735624,65535,255,3238,9784,0,0,0
735625,539,0,5099,9472,1,0,0
735626,65535,255,4906,-7133,0,0,0
735627,635,2,3056,-7458,1,0,0
735628,65535,255,401,-7490,0,0,0
735629,530,0,2426,9982,1,0,1
735630,65535,255,4563,9566,0,0,0
735631,0,0,0,0,0,0,0
735632,0,0,0,0,0,0,0
735633,0,0,0,0,0,0,0
735634,1318,0,1534,10084,1,0,0
735635,0,0,0,0,0,0,0
735636,65535,255,5561,9384,0,0,0
735637,636,0,4373,-7215,1,0,0
735638,599,0,2247,-7443,1,0,0
735639,65535,255,579,10058,0,0,0
735640,65535,255,3234,9832,0,0,0
735641,497,0,5099,9514,3,0,0
735642,853,0,4904,-7106,3,0,0
735643,0,0,0,0,0,0,0
735644,65535,255,395,-7568,0,0,0
735645,609,0,2436,9825,3,0,0
735646,65535,255,4567,9603,0,0,0
735647,906,0,5361,-7030,3,0,0
735648,65535,255,3756,-7314,0,0,0
735649,1252,1,1350,-7722,3,0,0
735650,603,0,1545,10125,3,0,0
735651,0,0,0,0,0,0,0
735652,652,0,5567,9392,3,0,0
735653,65535,255,4367,-7247,0,0,0
735654,65535,255,2236,-7559,0,0,0
735655,1863,0,597,9835,1,0,0
735656,600,0,3248,9821,1,0,1
735657,649,0,5105,9517,1,0,1
735658,515,0,4892,-7130,1,0,1
735659,699,0,3035,-7418,1,0,1
735660,0,0,0,0,0,0,0
735661,65535,255,2451,9924,0,0,0
735662,579,0,4577,9619,1,0,1
735663,65535,255,5347,-6990,0,0,0
735664,750,0,3736,-7277,1,0,1
735665,451,0,1322,-7701,1,0,1
735666,525,0,1573,9870,1,0,1
735667,406,0,3973,9674,1,0,1
735668,65535,255,5579,9370,0,0,0
735669,65535,255,4346,-7246,0,0,0
735670,0,0,0,0,0,0,0
735671,65535,255,626,10376,0,0,0
735672,557,0,3271,9733,1,0,1
735673,65535,255,5118,9458,0,0,0
735674,499,0,4883,-7121,1,0,1
735675,65535,255,3028,-7460,0,0,0
735676,1370,1,371,-7738,1,0,1
735677,498,0,2451,9837,1,0,1
735678,0,0,0,0,0,0,0
735679,299,0,5353,-7031,1,0,1
735680,525,0,3748,-7315,1,0,1
735681,65535,255,1350,-7722,0,0,0
735682,490,0,1540,10126,1,0,1
735683,306,0,3946,9738,1,0,1
735684,65535,255,5559,9398,0,0,0
735685,476,0,4374,-7252,1,0,1
735686,0,0,0,0,0,0,0
735687,65535,255,574,9826,0,0,0
735688,65535,255,3226,9834,0,0,0
735689,65535,255,5089,9526,0,0,0
735690,420,0,4910,-7136,1,0,1
735691,65535,255,3066,-7374,0,0,0
735692,699,0,419,-7337,1,0,1
735693,65535,255,2412,9828,0,0,0
735694,65535,255,4546,9632,0,0,0
735695,459,0,5374,-6997,1,0,1
735696,65535,255,3776,-7294,0,0,0
735697,65535,255,1390,-7740,0,0,0
735698,397,0,1502,9893,1,0,1
735699,512,0,3920,9690,1,0,1
735700,0,0,0,0,0,0,0
735701,65535,255,4397,-7254,0,0,0
735702,65535,255,2284,-7623,0,0,0
735703,65535,255,539,10365,0,0,0
735704,65535,255,3203,9799,0,0,0
735705,65535,255,5074,9530,0,0,0
735706,371,0,4925,-7073,1,0,1
735707,322,0,3088,-7441,1,0,1
735708,65535,255,454,-8170,0,0,0
735709,421,0,2386,9856,1,0,1
735710,393,0,4532,9647,1,0,1
735711,398,0,5387,-7023,1,0,1
735712,65535,255,3796,-7370,0,0,0
735713,65535,255,1407,-7712,0,0,0
735714,579,0,1485,9939,1,0,1
735715,65535,255,3908,9730,0,0,0
735716,65535,255,5538,9423,0,0,0
735717,436,0,4407,-7239,1,0,1
735718,65535,255,2296,-7529,0,0,0
735719,65535,255,528,9709,0,0,0
735720,65535,255,3189,9869,0,0,0
735721,65535,255,5069,9500,0,0,0
735722,307,2,4931,-7060,1,0,1
735723,65535,255,3097,-7459,0,0,0
735724,382,2,460,-7300,1,0,0
735725,465,0,2377,9911,1,0,1
735726,425,0,4529,9611,1,0,1
735727,0,0,0,0,0,0,0
735728,65535,255,3800,-7361,0,0,0
735729,0,0,0,0,0,0,0
735730,65535,255,1479,10028,0,0,0
735731,376,0,3908,9663,1,0,1
735732,65535,255,5538,9391,0,0,0
735733,65535,255,4407,-7213,0,0,0
735734,65535,255,2299,-7606,0,0,0
735735,753,0,523,9679,1,0,0
735736,65535,255,3194,9753,0,0,0
735737,449,0,5068,9532,1,0,1
735738,427,0,6304,9184,1,0,1
735739,373,0,3097,-7410,1,0,1
735740,216,0,455,-7147,1,0,1
735741,65535,255,2382,9911,0,0,0
735742,65535,255,4532,9629,0,0,0
735743,65535,255,5945,9311,0,0,0
735744,65535,255,6902,8981,0,0,0
735745,359,0,1406,-7594,1,0,1
735746,65535,255,1491,9959,0,0,0
735747,26,2,3912,9739,1,0,0
735748,411,0,5541,9395,1,0,1
735749,65535,255,6620,9094,0,0,0
735750,65535,255,-32768,-32768,0,65535,0
735751,630,0,533,10058,1,0,1
735752,398,0,3198,9829,1,0,1
735753,317,0,5077,9504,1,0,1
735754,65535,255,6308,9173,0,0,0
735755,65535,255,-32768,-32768,0,65535,1
735756,65535,255,444,-7302,0,0,0
735757,373,0,2392,9923,1,0,1
735758,387,0,4539,9646,1,0,1
735759,65535,255,5953,9264,0,0,0
735760,65535,255,6906,8952,0,0,0
735761,0,0,0,0,0,0,0
735762,0,0,0,0,0,0,0
735763,0,0,0,0,0,0,0
735764,65535,255,5548,9379,0,0,0
735765,388,0,6626,9086,1,0,1
735766,65535,255,-32768,-32768,0,65535,0
735767,65535,255,550,10118,0,0,0
735768,65535,255,3212,9856,0,0,0
735769,328,0,5086,9522,1,0,1
735770,465,0,6312,9192,1,0,1
735771,65535,255,-32768,-32768,0,65535,1
735772,1386,1,423,-7812,1,0,1
735773,423,0,2412,9855,1,0,1
735774,353,0,4553,9618,1,0,1
735775,452,0,5960,9315,1,0,1
735776,65535,255,6913,8949,0,0,0
735777,65535,255,-32768,-32768,0,65535,0
735778,531,0,1523,10174,1,0,1
735779,472,0,3939,9747,1,0,1
735780,434,0,5559,9395,1,0,1
735781,65535,255,6633,9066,0,0,0
735782,65535,255,-32768,-32768,0,65535,1
735783,65535,255,574,9769,0,0,0
735784,65535,255,3230,9872,0,0,0
735785,65535,255,5094,9495,0,0,0
735786,65535,255,6316,9202,0,0,0
735787,65535,255,-32768,-32768,0,65535,1
735788,65535,255,413,-8052,0,0,0
735789,65535,255,2417,10012,0,0,0
735790,65535,255,4557,9649,0,0,0
735791,65535,255,5962,9303,0,0,0
735792,65535,255,6913,8967,0,0,1
735793,65535,255,1367,-7742,0,0,0
735794,65535,255,1524,9980,0,0,0
735795,65535,255,3935,9748,0,0,0
735796,65535,255,5557,9363,0,0,0
735797,65535,255,6632,9057,0,0,0
735798,370,0,2258,-7455,1,0,1
735799,909,0,568,9827,1,0,1
735800,65535,255,3226,9749,0,0,0
735801,289,0,5088,9517,1,0,1
735802,466,0,6317,9165,1,0,1
735803,511,0,3061,-7485,1,0,1
735804,802,2,412,-7493,1,0,1
735805,65535,255,2417,9933,0,0,0
735806,388,0,4553,9619,1,0,1
735807,363,0,5960,9290,1,0,1
735808,65535,255,3768,-7358,0,0,0
735809,587,0,1367,-7717,1,0,1
735810,65535,255,1523,9981,0,0,0
735811,436,0,3931,9724,1,0,1
735812,461,0,5555,9396,1,0,1
735813,65535,255,4375,-7234,0,0,0
735814,65535,255,2247,-7502,0,0,0
735815,298,0,591,10114,1,0,1
735816,439,0,3252,9819,1,0,1
735817,65535,255,5111,9484,0,0,0
735818,65535,255,4883,-7150,0,0,0
735819,0,0,0,0,0,0,0
735820,1608,1,353,-7823,1,0,1
735821,310,0,2466,9950,1,0,1
735822,472,0,4587,9610,1,0,1
735823,65535,255,5342,-6987,0,0,0
735824,65535,255,3728,-7303,0,0,0
735825,335,0,1318,-7557,1,0,1
735826,65535,255,1567,10036,0,0,0
735827,65535,255,3968,9748,0,0,0
735828,65535,255,5577,9356,0,0,0
735829,424,0,4353,-7238,1,0,1
735830,519,0,2226,-7619,1,0,1
735831,65535,255,603,10331,0,0,0
735832,325,0,3253,9819,1,0,1
735833,65535,255,5111,9463,0,0,0
735834,197,2,4892,-7098,1,0,1
735835,445,2,3038,-7512,1,0,1
735836,312,0,383,-7480,1,0,1
735837,65535,255,2446,9927,0,0,0
735838,470,0,4573,9607,1,0,1
735839,420,0,5357,-6993,1,0,1
735840,518,0,3752,-7323,1,0,1
735841,226,0,1344,-7550,1,0,1
735842,65535,255,1545,10145,0,0,0
735843,65535,255,3953,9692,0,0,0
735844,405,0,5566,9400,1,0,1
735845,65535,255,4370,-7203,0,0,0
735846,298,0,2247,-7559,1,0,1
735847,1720,0,579,10287,1,0,1
735848,65535,255,3238,9822,0,0,0
735849,65535,255,5100,9476,0,0,0
735850,440,0,4903,-7123,1,0,1
735851,65535,255,3051,-7407,0,0,0
735852,65535,255,407,-8142,0,0,0
735853,65535,255,2411,9902,0,0,0
735854,502,0,4553,9576,1,0,1
735855,370,0,5374,-7028,1,0,1
735856,473,0,3776,-7347,1,0,1
735857,479,0,1378,-7553,1,0,1
735858,65535,255,1518,10060,0,0,0
735859,506,0,3935,9750,1,0,1
735860,458,0,5553,9418,1,0,1
735861,540,0,4386,-7210,1,0,1
735862,486,0,2267,-7531,1,0,1
735863,65535,255,562,9878,0,0,0
735864,421,0,3221,9878,1,0,1
735865,429,0,5091,9485,1,0,1
735866,469,0,4912,-7120,1,0,1
735867,65535,255,3065,-7369,0,0,0
735868,0,0,0,0,0,0,0
735869,473,0,2416,9967,1,0,1
735870,481,0,4556,9619,1,0,1
735871,65535,255,5371,-6999,0,0,0
735872,65535,255,3767,-7269,0,0,0
735873,65535,255,1373,-7796,0,0,0
735874,65535,255,1518,10017,0,0,0
735875,358,0,3935,9647,1,0,1
735876,124,2,5553,9373,1,0,1
735877,266,0,4390,-7171,1,0,0
735878,450,0,2278,-7502,1,0,1
735879,1592,0,544,10054,1,0,1
735880,65535,255,3207,9794,0,0,0
735881,0,0,0,0,0,0,0
735882,587,0,4927,-7132,1,0,1
735883,0,0,0,0,0,0,0
735884,665,0,448,-7222,1,0,1
735885,573,0,2387,9905,1,0,1
735886,146,2,4533,9618,1,0,1
735887,368,0,5387,-7018,1,0,1
735888,65535,255,3812,-7276,0,0,0
735889,65535,255,1425,-7576,0,0,0
735890,416,0,1474,10108,1,0,1
735891,65535,255,3904,9682,0,0,0
735892,65535,255,5535,9403,0,0,0
735893,65535,255,4407,-7244,0,0,0
735894,65535,255,2294,-7463,0,0,0
735895,65535,255,533,9923,0,0,0
735896,65535,255,3203,9789,0,0,0
735897,186,0,5080,9472,1,0,1
735898,65535,255,4922,-7145,0,0,0
735899,65535,255,3075,-7483,0,0,0
735900,2125,0,424,-7745,1,0,1
735901,65535,255,2412,9818,0,0,0
735902,353,0,4553,9590,1,0,1
735903,65535,255,5372,-7028,0,0,0
735904,65535,255,3772,-7384,0,0,0
735905,65535,255,1373,-7753,0,0,0
735906,641,0,1517,10012,1,0,1
735907,296,0,3935,9641,1,0,1
735908,0,0,0,0,0,0,0
735909,65535,255,4384,-7177,0,0,0
735910,65535,255,2268,-7522,0,0,0
735911,2133,1,555,10168,1,0,1
735912,65535,255,3216,9816,0,0,0
735913,565,0,5085,9481,1,0,1
735914,65535,255,4917,-7140,0,0,0
735915,0,0,0,0,0,0,0
735916,741,0,442,-7449,1,0,1
735917,65535,255,2392,9974,0,0,0
735918,65535,255,4536,9563,0,0,0
735919,487,0,5386,-6995,1,0,1
735920,0,0,0,0,0,0,0
735921,225,0,1413,-7797,1,0,1
735922,670,0,1479,10157,1,0,1
735923,65535,255,3905,9730,0,0,0
735924,607,0,5536,9380,1,0,1
735925,555,0,4411,-7228,1,0,1
735926,65535,255,2305,-7480,0,0,0
735927,65535,255,515,10234,0,0,0
735928,65535,255,3183,9788,0,0,0
735929,0,0,0,0,0,0,0
735930,65535,255,4940,-7145,0,0,0
735931,65535,255,3106,-7400,0,0,0
735932,1402,0,475,-7960,1,0,0
735933,65535,255,2362,9965,0,0,0
735934,65535,255,4520,9584,0,0,0
735935,65535,255,5398,-7030,0,0,0
735936,65535,255,3812,-7327,0,0,0
735937,379,0,1435,-7793,1,0,1
735938,605,0,1463,9900,1,0,1
735939,0,0,0,0,0,0,0
735940,65535,255,5528,9364,0,0,0
735941,65535,255,4421,-7226,0,0,0
735942,0,0,0,0,0,0,0
735943,65535,255,505,9715,0,0,0
735944,129,2,3176,9797,1,0,1
735945,381,0,5057,9515,1,0,0
735946,400,0,4946,-7143,1,0,1
735947,65535,255,3115,-7402,0,0,0
735948,2812,1,482,-7675,1,0,1
735949,65535,255,2357,9899,0,0,0
735950,65535,255,4516,9579,0,0,0
735951,65535,255,5398,-6968,0,0,0
735952,65535,255,3816,-7381,0,0,0
735953,447,0,1435,-7675,1,0,1
735954,230,2,1463,9878,1,0,1
735955,147,2,3893,9696,1,0,1
735956,65535,255,5528,9393,0,0,0
735957,65535,255,4420,-7194,0,0,0
735958,65535,255,2315,-7521,0,0,0
735959,509,0,504,9976,1,0,1
735960,434,0,3181,9759,1,0,1
735961,65535,255,5063,9518,0,0,0
735962,462,0,4943,-7084,1,0,1
735963,541,0,3110,-7491,1,0,1
735964,578,0,470,-7464,1,0,1
735965,527,0,2372,9924,1,0,1
735966,65535,255,4526,9609,0,0,0
735967,0,0,0,0,0,0,0
735968,0,0,0,0,0,0,0
735969,337,0,1417,-7677,1,0,1
735970,706,0,1480,9946,1,0,1
735971,759,0,3908,9738,1,0,1
735972,755,0,5541,9362,1,0,1
735973,65535,255,4408,-7231,0,0,0
735974,636,0,2294,-7522,1,0,1
735975,2002,1,527,10167,1,0,1
735976,65535,255,3198,9814,0,0,0
735977,65535,255,5076,9479,0,0,0
735978,472,0,4930,-7141,1,0,1
735979,65535,255,3088,-7464,0,0,0
735980,837,0,441,-7446,1,0,1
735981,694,0,2397,9961,1,0,1
735982,65535,255,4546,9550,0,0,0
735983,65535,255,5381,-6977,0,0,0
735984,377,2,3784,-7323,1,0,0
735985,65535,255,1383,-7633,0,0,0
735986,65535,255,1512,9946,0,0,0
735987,543,0,3935,9645,1,0,1
735988,65535,255,5556,9386,0,0,0
735989,957,0,4386,-7225,1,0,0
735990,65535,255,2266,-7594,0,0,0
735991,65535,255,568,9929,0,0,0
735992,65535,255,3230,9791,0,0,0
735993,962,0,5097,9481,3,0,0
735994,65535,255,4909,-7157,0,0,0
735995,65535,255,3056,-7511,0,0,0
735996,1162,1,400,-7916,3,0,0
735997,65535,255,2436,9852,0,0,0
735998,1574,1,4569,9608,3,0,0
735999,853,0,5363,-7034,3,0,0
736000,65535,255,3755,-7351,0,0,0
736001,1031,1,1350,-7734,3,0,0
736002,65535,255,1545,10048,0,0,0
736003,0,0,0,0,0,0,0
736004,65535,255,5566,9380,0,0,0
736005,157,0,4377,-7259,3,0,0
736006,799,0,2252,-7527,3,0,0
736007,951,0,579,10331,3,0,0
736008,65535,255,3239,9724,0,0,0
736009,921,0,5100,9449,3,0,0
736010,65535,255,4909,-7123,0,0,0
736011,1538,0,3061,-7449,3,0,0
736012,65535,255,406,-7584,0,0,0
736013,65535,255,2427,9801,0,0,0
736014,65535,255,4560,9592,0,0,0
736015,466,0,5371,-7017,3,0,0
736016,1033,0,3767,-7285,3,0,0
736017,65535,255,1367,-7609,0,0,0
736018,65535,255,1523,9987,0,0,0
736019,907,0,3939,9682,3,0,0
736020,65535,255,5557,9350,0,0,0
736021,65535,255,4383,-7187,0,0,0
736022,885,0,2267,-7625,3,0,0
736023,839,0,562,9927,3,0,0
736024,890,0,3221,9831,3,0,0
736025,65535,255,5089,9514,0,0,0
736026,770,0,4916,-7121,3,0,0
736027,0,0,0,0,0,0,0
736028,0,0,0,0,0,0,0
736029,876,0,2412,9894,1,0,0
736030,65535,255,4553,9550,0,0,0
736031,655,0,5374,-7001,1,0,1
736032,65535,255,3773,-7316,0,0,0
736033,826,0,1378,-7632,1,0,1
736034,65535,255,1518,10074,0,0,0
736035,692,0,3931,9728,1,0,1
736036,476,0,5554,9387,1,0,1
736037,0,0,0,0,0,0,0
736038,65535,255,2267,-7582,0,0,0
736039,1209,0,556,9926,1,0,1
736040,0,0,0,0,0,0,0
736041,616,2,5089,9457,1,0,0
736042,638,0,4915,-7142,1,0,1
736043,494,0,3065,-7417,1,0,1
736044,65535,255,417,-7667,0,0,0
736045,65535,255,2417,9880,0,0,0
736046,517,0,4554,9556,1,0,1
736047,427,0,5371,-7016,1,0,1
736048,667,0,3772,-7324,1,0,1
736049,0,0,0,0,0,0,0
736050,65535,255,1524,9966,0,0,0
736051,65535,255,3935,9705,0,0,0
736052,65535,255,5556,9391,0,0,0
736053,65535,255,4384,-7276,0,0,0
736054,65535,255,2258,-7478,0,0,0
736055,1652,1,568,10455,1,0,1
736056,535,0,3230,9811,1,0,1
736057,0,0,0,0,0,0,0
736058,65535,255,4907,-7079,0,0,0
736059,760,0,3056,-7458,1,0,1
736060,65535,255,408,-8236,0,0,0
736061,65535,255,2432,9801,0,0,0
736062,65535,255,4563,9597,0,0,0
736063,65535,255,5363,-7018,0,0,0
736064,65535,255,3760,-7349,0,0,0
736065,510,0,1350,-7610,1,0,1
736066,683,0,1540,10156,1,0,1
736067,491,0,3954,9680,1,0,1
736068,65535,255,5566,9385,0,0,0
736069,547,0,4367,-7189,1,0,1
736070,522,0,2236,-7513,1,0,1
736071,65535,255,597,9991,0,0,0
736072,509,0,3252,9761,1,0,1
736073,483,0,5109,9515,1,0,1
736074,0,0,0,0,0,0,0
736075,65535,255,3032,-7492,0,0,0
736076,562,0,372,-7391,1,0,1
736077,504,2,2456,9928,1,0,1
736078,360,0,4584,9613,1,0,1
736079,579,0,5350,-7021,1,0,1
736080,586,2,3736,-7377,1,0,0
736081,524,0,1322,-7763,1,0,1
736082,65535,255,1578,10024,0,0,0
736083,65535,255,3980,9662,0,0,0
736084,65535,255,5584,9390,0,0,0
736085,65535,255,4346,-7244,0,0,0
736086,548,0,2210,-7634,1,0,1
736087,65535,255,620,10367,0,0,0
736088,502,0,3270,9825,1,0,1
736089,65535,255,5120,9467,0,0,0
736090,65535,255,4886,-7105,0,0,0
736091,561,0,3028,-7518,1,0,1
736092,1726,1,371,-7657,1,0,1
736093,65535,255,2456,9941,0,0,0
736094,65535,255,4580,9620,0,0,0
736095,391,0,5977,9285,1,0,1
736096,65535,255,3747,-7351,0,0,0
736097,673,0,1338,-7660,1,0,1
736098,627,0,1556,9922,1,0,1
736099,432,0,3957,9725,1,0,1
736100,422,2,5571,9357,1,0,1
736101,533,2,4369,-7253,1,0,0
736102,65535,255,2241,-7455,0,0,0
736103,65535,255,591,9878,0,0,0
736104,395,0,3243,9763,1,0,1
736105,504,2,5105,9449,1,0,1
736106,65535,255,6325,9180,0,0,0
736107,532,0,3051,-7387,1,0,1
736108,266,0,401,-7994,1,0,1
736109,0,0,0,0,0,0,0
736110,65535,255,4564,9579,0,0,0
736111,65535,255,5968,9272,0,0,0
736112,65535,255,6916,8947,0,0,0
736113,727,0,1367,-7682,1,0,1
736114,65535,255,1529,9967,0,0,0
736115,287,0,3942,9647,1,0,1
736116,0,0,0,0,0,0,0
736117,0,0,0,0,0,0,0
736118,65535,255,-32768,-32768,0,65535,1
736119,65535,255,569,9748,0,0,0
736120,65535,255,3226,9737,0,0,0
736121,65535,255,5091,9516,0,0,0
736122,453,0,6317,9179,1,0,1
736123,65535,255,-32768,-32768,0,65535,1
736124,65535,255,425,-8290,0,0,0
736125,460,0,2411,9895,1,0,1
736126,65535,255,4553,9619,0,0,0
736127,65535,255,5959,9303,0,0,0
736128,65535,255,6911,8974,0,0,0
736129,65535,255,-32768,-32768,0,65535,1
736130,65535,255,1513,9903,0,0,0
736131,65535,255,3928,9702,0,0,0
736132,451,0,5551,9385,1,0,1
736133,65535,255,6629,9087,0,0,0
736134,0,0,0,0,0,0,0
736135,1489,0,550,9986,1,0,1
736136,65535,255,3212,9814,0,0,0
736137,65535,255,5082,9491,0,0,0
736138,65535,255,6312,9162,0,0,0
736139,65535,255,-32768,-32768,0,65535,1
736140,906,0,442,-8192,1,0,1
736141,65535,255,2401,9909,0,0,0
736142,422,0,4543,9633,1,0,1
736143,65535,255,5955,9259,0,0,0
736144,65535,255,6908,8947,0,0,0
736145,605,0,1392,-7756,1,0,1
736146,65535,255,1501,10121,0,0,0
736147,351,0,3920,9716,1,0,1
736148,65535,255,5546,9372,0,0,0
736149,601,0,6624,9078,1,0,1
736150,65535,255,-32768,-32768,0,65535,1
736151,320,0,539,9983,1,0,1
736152,247,2,3207,9825,1,0,1
736153,354,0,5077,9507,1,0,1
736154,402,0,6308,9178,1,0,1
736155,65535,255,-32768,-32768,0,65535,1
736156,354,0,441,-7519,1,0,1
736157,309,0,2397,9804,1,0,1
736158,65535,255,4539,9597,0,0,0
736159,401,0,5951,9301,1,0,1
736160,65535,255,6905,8957,0,0,0
736161,686,0,1395,-7701,1,0,1
736162,557,0,1496,10100,1,0,1
736163,65535,255,3920,9716,0,0,0
736164,65535,255,5544,9377,0,0,0
736165,65535,255,4397,-7221,0,0,0
736166,331,0,2284,-7479,1,0,1
736167,2166,0,539,10351,1,0,1
736168,261,0,3208,9738,1,0,1
736169,65535,255,5078,9465,0,0,0
736170,431,0,4924,-7145,1,0,1
736171,65535,255,3084,-7383,0,0,0
736172,65535,255,437,-7215,0,0,0
736173,65535,255,2397,9976,0,0,1
736174,428,0,4541,9582,1,0,1
736175,331,0,5379,-7027,1,0,1
736176,407,0,3784,-7313,1,0,1
736177,273,0,1395,-7726,1,0,1
736178,558,0,1502,10144,1,0,1
736179,459,0,3920,9738,1,0,1
736180,401,0,5546,9395,1,0,1
736181,396,0,4394,-7259,1,0,0
736182,323,0,2278,-7564,1,0,1
736183,658,0,545,9802,1,0,1
736184,403,0,3208,9825,1,0,1
736185,65535,255,5080,9517,0,0,0
736186,366,0,4922,-7129,1,0,1
736187,379,2,3079,-7504,1,0,1
736188,65535,255,437,-8198,0,0,0
736189,465,0,2402,9962,1,0,1
736190,507,0,4547,9583,1,0,1
736191,65535,255,5377,-7028,0,0,0
736192,65535,255,3776,-7330,0,0,0
736193,584,0,1384,-7800,1,0,1
736194,316,0,1513,9882,1,0,1
736195,233,0,3931,9662,1,0,1
736196,429,0,5552,9357,1,0,1
736197,65535,255,4387,-7210,0,0,0
736198,65535,255,2268,-7481,0,0,0
736199,65535,255,557,10461,0,0,1
736200,307,2,3221,9784,1,0,1
736201,427,0,5089,9505,1,0,1
736202,282,0,4913,-7121,1,0,1
736203,435,0,3070,-7495,1,0,1
736204,1081,0,420,-8299,1,0,1
736205,465,0,2417,9986,1,0,1
736206,65535,255,4556,9600,0,0,0
736207,65535,255,5368,-6977,0,0,0
736208,297,0,3768,-7370,1,0,0
736209,443,0,1367,-7584,1,0,1
736210,488,0,1529,10075,1,0,1
736211,359,0,3942,9735,1,0,1
736212,363,0,5561,9401,1,0,1
736213,474,0,4376,-7187,1,0,1
736214,334,0,2252,-7439,1,0,1
736215,916,0,574,10392,1,0,1
736216,65535,255,3239,9783,0,0,0
736217,65535,255,5099,9508,0,0,0
736218,65535,255,4906,-7133,0,0,0
736219,244,0,3047,-7376,1,0,1
736220,65535,255,395,-7410,0,0,0
736221,369,0,2441,9866,1,0,1
736222,415,0,4574,9554,1,0,1
736223,333,0,5360,-7018,1,0,1
736224,322,0,3751,-7326,1,0,1
736225,429,0,1344,-7485,1,0,1
736226,366,0,1551,10008,1,0,1
736227,418,2,3961,9725,1,0,1
736228,497,0,5574,9402,1,0,1
736229,65535,255,4363,-7189,0,0,0
736230,432,0,2230,-7483,1,0,1
736231,2075,0,597,10324,1,0,1
736232,532,0,3248,9856,1,0,1
736233,65535,255,5108,9510,0,0,0
736234,514,0,4900,-7092,1,0,1
736235,548,0,3046,-7388,1,0,1
736236,65535,255,396,-8249,0,0,0
736237,0,0,0,0,0,0,0
736238,65535,255,4570,9615,0,0,0
736239,65535,255,5365,-7033,0,0,0
736240,65535,255,3759,-7295,0,0,0
736241,584,0,1355,-7611,1,0,1
736242,65535,255,1540,9965,0,0,0
736243,571,0,3950,9659,1,0,1
736244,390,0,5566,9399,1,0,1
736245,443,0,4376,-7245,1,0,1
736246,65535,255,2251,-7497,0,0,0
736247,911,0,579,10275,1,0,1
736248,65535,255,3235,9858,0,0,0
736249,339,0,5099,9523,1,0,1
736250,65535,255,4909,-7117,0,0,0
736251,522,0,3060,-7448,1,0,1
736252,565,2,407,-7504,1,0,1
736253,563,2,2426,9824,1,0,0
736254,489,0,4560,9586,1,0,1
736255,504,0,5370,-7017,1,0,1
736256,594,0,3767,-7285,1,0,1
736257,65535,255,1366,-7584,0,0,0
736258,65535,255,1529,9987,0,0,0
736259,288,2,3942,9675,1,0,1
736260,433,0,5561,9350,1,0,1
736261,444,0,4383,-7180,1,0,1
736262,0,0,0,0,0,0,0
736263,357,0,568,9870,1,0,1
736264,326,0,3230,9822,1,0,1
736265,0,0,0,0,0,0,0
736266,65535,255,4912,-7110,0,0,0
736267,381,0,3065,-7456,1,0,1
736268,968,0,412,-7745,1,0,1
736269,0,0,0,0,0,0,0
736270,385,0,4556,9624,1,0,0
736271,510,0,5371,-6982,1,0,1
736272,432,0,3771,-7363,1,0,1
736273,605,0,1367,-7511,1,0,1
736274,65535,255,1524,9902,0,0,0
736275,410,0,3935,9728,1,0,1
736276,508,0,5557,9360,1,0,1
736277,472,0,4387,-7261,1,0,1
736278,65535,255,2268,-7494,0,0,0
736279,65535,255,556,10046,0,0,0
736280,65535,255,3217,9794,0,0,0
736281,65535,255,5086,9469,0,0,0
736282,450,0,4919,-7130,1,0,1
736283,515,0,3075,-7435,1,0,1
736284,344,0,431,-7206,1,0,0
736285,350,0,2402,9909,1,0,1
736286,427,0,4543,9620,1,0,1
736287,0,0,0,0,0,0,0
736288,65535,255,3780,-7282,0,0,0
736289,340,0,1390,-7511,1,0,1
736290,65535,255,1502,9839,0,0,0
736291,65535,255,3920,9723,0,0,0
736292,308,0,5547,9367,1,0,1
736293,372,0,4394,-7183,1,0,1
736294,65535,255,2284,-7577,0,0,0
736295,65535,255,540,10538,0,0,0
736296,0,0,0,0,0,0,0
736297,520,0,5075,9502,1,0,0
736298,473,0,4925,-7117,1,0,1
736299,65535,255,3083,-7433,0,0,0
736300,0,0,0,0,0,0,0
736301,65535,255,2387,9951,0,0,0
736302,441,0,4537,9553,1,0,1
736303,488,0,5382,-6987,1,0,1
736304,465,0,3792,-7350,1,0,1
736305,65535,255,1401,-7748,0,0,0
736306,65535,255,1491,10101,0,0,0
736307,65535,255,3913,9710,0,0,0
736308,65535,255,5539,9360,0,0,0
736309,65535,255,4401,-7188,0,0,0
736310,295,0,2294,-7604,1,0,1
736311,0,0,0,0,0,0,0
736312,65535,255,3199,9788,0,0,0
736313,65535,255,5072,9483,0,0,0
736314,65535,255,4928,-7078,0,0,1
736315,65535,255,3088,-7372,0,0,0
736316,65535,255,453,-8179,0,0,0
736317,65535,255,2387,9925,0,0,0
736318,411,0,4533,9579,1,0,1
736319,65535,255,5385,-6991,0,0,0
736320,0,0,0,0,0,0,0
736321,475,0,1401,-7486,1,0,1
736322,65535,255,1491,9883,0,0,0
736323,65535,255,3913,9644,0,0,0
736324,65535,255,5539,9402,0,0,0
736325,0,0,0,0,0,0,0
736326,388,0,2289,-7563,1,0,0
736327,65535,255,534,9676,0,0,0
736328,157,2,3199,9788,1,0,1
736329,65535,255,5074,9493,0,0,0
736330,65535,255,4928,-7095,0,0,0
736331,595,0,3088,-7432,1,0,1
736332,65535,255,447,-7597,0,0,0
736333,526,0,2393,9832,1,0,1
736334,506,0,4536,9617,1,0,1
736335,590,0,5382,-6978,1,0,1
736336,477,0,3791,-7350,1,0,1
736337,659,0,1395,-7485,1,0,1
736338,65535,255,1496,9905,0,0,0
736339,0,0,0,0,0,0,0
736340,65535,255,5546,9383,0,0,0
736341,577,0,4396,-7195,1,0,1
736342,65535,255,2280,-7531,0,0,0
736343,65535,255,545,10167,0,0,0
736344,65535,255,3211,9744,0,0,0
736345,0,0,0,0,0,0,0
736346,281,0,4921,-7080,1,0,0
736347,65535,255,3078,-7413,0,0,0
736348,3339,1,435,-7519,1,0,0
736349,729,0,2407,9844,1,0,1
736350,65535,255,4546,9628,0,0,0
736351,638,0,5379,-6988,1,0,1
736352,65535,255,3783,-7383,0,0,0
736353,65535,255,1383,-7606,0,0,0
736354,65535,255,1512,10056,0,0,0
736355,65535,255,3931,9723,0,0,0
736356,0,0,0,0,0,0,0
736357,495,0,4390,-7260,1,0,1
736358,65535,255,2268,-7594,0,0,0
736359,1246,0,561,10049,1,0,1
736360,0,0,0,0,0,0,0
736361,65535,255,5093,9469,0,0,0
736362,420,0,4912,-7087,1,0,1
736363,0,0,0,0,0,0,0
736364,65535,255,412,-7823,0,0,0
736365,65535,255,2426,9908,0,0,0
736366,844,0,4563,9569,3,0,0
736367,642,0,5370,-7024,3,0,0
736368,65535,255,3763,-7331,0,0,0
736369,1155,2,1356,-7460,3,0,0
736370,751,0,1540,9968,3,0,0
736371,521,0,3949,9699,3,0,0
736372,703,0,5566,9383,3,0,0
736373,65535,255,4372,-7263,0,0,0
736374,826,0,2247,-7625,1,0,1
736375,1981,0,591,10215,1,0,1
736376,0,0,0,0,0,0,0
736377,452,0,5108,9497,1,0,1
736378,474,0,4900,-7122,1,0,1
736379,553,0,3042,-7508,1,0,1
736380,65535,255,384,-7315,0,0,0
736381,316,2,2451,9840,1,0,0
736382,65535,255,4580,9548,0,0,0
736383,496,0,5354,-7018,1,0,1
736384,65535,255,3743,-7326,0,0,0
736385,65535,255,1333,-7810,0,0,0
736386,65535,255,1568,9841,0,0,0
736387,530,0,3969,9747,1,0,1
736388,65535,255,5579,9389,0,0,0
736389,613,0,4356,-7246,1,0,1
736390,469,0,2220,-7527,1,0,0
736391,65535,255,615,10426,0,0,0
736392,391,0,3266,9762,1,0,1
736393,65535,255,5120,9479,0,0,0
736394,65535,255,4887,-7111,0,0,1
736395,65535,255,3023,-7398,0,0,0
736396,1273,0,361,-7194,1,0,1
736397,327,0,2466,9981,1,0,1
736398,463,2,4590,9590,1,0,1
736399,65535,255,5344,-7025,0,0,0
736400,0,0,0,0,0,0,0
736401,404,0,1316,-7712,1,0,1
736402,65535,255,1578,10131,0,0,0
736403,65535,255,3980,9738,0,0,0
736404,65535,255,5584,9392,0,0,0
736405,65535,255,4346,-7255,0,0,0
736406,65535,255,2204,-7572,0,0,0
736407,793,0,632,9838,1,0,1
736408,496,0,3279,9817,1,0,1
736409,502,0,5126,9514,1,0,1
736410,65535,255,4874,-7127,0,0,0
736411,487,0,3004,-7495,1,0,1
736412,0,0,0,0,0,0,0
736413,65535,255,2486,9940,0,0,0
736414,65535,255,4598,9625,0,0,0
736415,483,0,5336,-6998,1,0,0
736416,65535,255,3716,-7297,0,0,0
736417,0,0,0,0,0,0,0
736418,65535,255,1589,9943,0,0,0
736419,424,0,3980,9701,1,0,1
736420,65535,255,5583,9392,0,0,0
736421,65535,255,4346,-7275,0,0,0
736422,65535,255,2205,-7468,0,0,0
736423,65535,255,621,10421,0,0,0
736424,371,0,3266,9818,1,0,1
736425,65535,255,5118,9454,0,0,0
736426,385,0,4883,-7114,1,0,1
736427,65535,255,3023,-7449,0,0,0
736428,65535,255,366,-8195,0,0,0
736429,410,0,2457,9995,1,0,1
736430,496,0,4581,9622,1,0,1
736431,65535,255,5347,-7004,0,0,0
736432,65535,255,3740,-7317,0,0,0
736433,743,0,1327,-7483,1,0,1
736434,65535,255,1562,10030,0,0,0
736435,485,0,3962,9748,1,0,1
736436,565,0,5573,9354,1,0,1
736437,429,0,4360,-7226,1,0,1
736438,516,0,2231,-7583,1,0,1
736439,0,0,0,0,0,0,0
736440,528,0,3248,9850,1,0,1
736441,565,0,5106,9477,1,0,1
736442,0,0,0,0,0,0,0
736443,65535,255,3040,-7454,0,0,0
736444,2266,0,389,-7572,1,0,1
736445,65535,255,2442,9920,0,0,0
736446,0,0,0,0,0,0,0
736447,414,0,5358,-6987,1,0,1
736448,65535,255,3752,-7299,0,0,0
736449,65535,255,1350,-7473,0,0,0
736450,535,0,1540,10054,1,0,1
736451,65535,255,3950,9647,0,0,0
736452,65535,255,5565,9365,0,0,0
736453,65535,255,4373,-7255,0,0,0
736454,65535,255,2247,-7470,0,0,0
736455,91,2,581,9652,1,0,0
736456,65535,255,3235,9852,0,0,0
736457,65535,255,5097,9490,0,0,0
736458,65535,255,4906,-7130,0,0,0
736459,385,0,3051,-7414,1,0,1
736460,2505,0,406,-8068,1,0,1
736461,387,0,2427,9805,1,0,1
736462,326,0,4563,9551,1,0,1
736463,65535,255,5964,9286,0,0,0
736464,65535,255,3767,-7387,0,0,0
736465,65535,255,1367,-7776,0,0,0
736466,378,0,1529,10012,1,0,1
736467,65535,255,3942,9641,0,0,0
736468,65535,255,5559,9371,0,0,0
736469,372,0,4380,-7273,1,0,0
736470,425,0,2257,-7493,1,0,1
736471,808,0,568,9992,1,0,1
736472,65535,255,3230,9767,0,0,0
736473,343,0,5095,9493,1,0,1
736474,181,2,6319,9174,1,0,1
736475,65535,255,3063,-7441,0,0,0
736476,65535,255,412,-7744,0,0,0
736477,65535,255,2422,9976,0,0,0
736478,359,0,4558,9592,1,0,1
736479,394,0,5963,9304,1,0,1
736480,65535,255,6914,8970,0,0,0
736481,65535,255,1369,-7607,0,0,0
736482,654,0,1523,10100,1,0,1
736483,547,0,3938,9679,1,0,1
736484,65535,255,5558,9399,0,0,0
736485,65535,255,6634,9085,0,0,0
736486,0,0,0,0,0,0,0
736487,65535,255,563,10517,0,0,0
736488,65535,255,3225,9864,0,0,0
736489,338,0,5094,9502,1,0,1
736490,65535,255,6319,9160,0,0,0
736491,65535,255,-32768,-32768,0,65535,1
736492,65535,255,418,-7585,0,0,0
736493,524,0,2416,9963,1,0,1
736494,530,0,4557,9594,1,0,1
736495,659,0,5964,9271,1,0,1
736496,65535,255,6913,8973,0,0,0
736497,65535,255,-32768,-32768,0,65535,0
736498,378,0,1524,10142,1,0,1
736499,481,0,3938,9709,1,0,1
736500,394,0,5558,9383,1,0,1
736501,498,0,6634,9054,1,0,1
736502,65535,255,-32768,-32768,0,65535,1
736503,3926,1,568,10049,1,0,1
736504,317,0,3230,9796,1,0,1
736505,490,0,5094,9470,1,0,1
736506,466,0,6319,9196,1,0,1
736507,65535,255,-32768,-32768,0,65535,1
736508,3956,1,413,-7344,1,0,1
736509,65535,255,2422,9936,0,0,0
736510,65535,255,4556,9634,0,0,0
736511,482,0,5963,9292,1,0,1
736512,65535,255,6914,8976,0,0,0
736513,65535,255,1367,-7556,0,0,0
736514,318,0,1529,9863,1,0,1
736515,450,0,3941,9733,1,0,1
736516,65535,255,5561,9367,0,0,0
736517,577,0,6635,9067,1,0,1
736518,381,0,2257,-7550,1,0,1
736519,131,2,574,10395,1,0,1
736520,65535,255,3230,9863,0,0,0
736521,65535,255,5097,9511,0,0,0
736522,65535,255,6320,9170,0,0,0
736523,629,0,3056,-7383,1,0,1
736524,65535,255,407,-8070,0,0,0
736525,545,0,2427,9870,1,0,1
736526,229,0,4563,9601,1,0,1
736527,476,0,5966,9291,1,0,1
736528,65535,255,3761,-7360,0,0,0
736529,456,0,1356,-7485,1,0,1
736530,65535,255,1539,9864,0,0,0
736531,414,0,3946,9722,1,0,1
736532,366,0,5564,9366,1,0,1
736533,65535,255,4370,-7191,0,0,0
736534,461,0,2247,-7580,1,0,1
736535,1328,1,584,9985,1,0,1
736536,521,0,3239,9747,1,0,1
736537,438,0,5100,9453,1,0,1
736538,404,0,4901,-7120,1,0,1
736539,476,0,3046,-7445,1,0,1
736540,65535,255,395,-7409,0,0,0
736541,499,0,2436,9973,1,0,1
736542,65535,255,4571,9563,0,0,0
736543,65535,255,5358,-6991,0,0,0
736544,65535,255,3752,-7346,0,0,0
736545,539,0,1344,-7755,1,0,1
736546,368,0,1546,10074,1,0,1
736547,522,0,3954,9699,1,0,1
736548,307,0,5570,9351,1,0,1
736549,430,0,4363,-7275,1,0,1
736550,431,0,2236,-7552,1,0,1
736551,352,0,597,10438,1,0,1
736552,395,0,3253,9745,1,0,0
736553,337,0,5109,9457,1,0,1
736554,322,0,4892,-7127,1,0,1
736555,65535,255,3038,-7457,0,0,0
736556,65535,255,377,-8008,0,0,0
736557,530,0,2451,9867,1,0,1
736558,491,0,4577,9611,1,0,1
736559,65535,255,5350,-7036,0,0,0
736560,476,0,3740,-7308,1,0,1
736561,409,0,1327,-7633,1,0,1
736562,406,0,1567,10009,1,0,1
736563,226,0,3969,9674,1,0,1
736564,65535,255,5576,9379,0,0,0
736565,375,0,4353,-7265,1,0,1
736566,303,0,2215,-7556,1,0,1
736567,65535,255,617,10228,0,0,0
736568,65535,255,3266,9763,0,0,0
736569,385,0,5117,9470,1,0,1
736570,65535,255,4883,-7146,0,0,0
736571,237,2,3018,-7501,1,0,1
736572,3003,0,355,-8115,1,0,1
736573,65535,255,2471,9879,0,0,0
736574,65535,255,4591,9628,0,0,0
736575,407,0,5340,-7018,1,0,1
736576,65535,255,3724,-7334,0,0,0
736577,388,0,1310,-7762,1,0,1
736578,404,0,1584,10131,1,0,1
736579,65535,255,3984,9724,0,0,1
736580,65535,255,5587,9379,0,0,0
736581,65535,255,4338,-7222,0,0,0
736582,65535,255,2194,-7469,0,0,0
736583,1208,0,643,10256,1,0,1
736584,65535,255,3289,9732,0,0,0
736585,501,0,5134,9457,1,0,1
736586,461,0,4871,-7143,1,0,1
736587,523,0,2999,-7400,1,0,1
736588,776,0,338,-7159,1,0,1
736589,414,0,2486,9979,1,0,1
736590,65535,255,4601,9577,0,0,0
736591,65535,255,5338,-7010,0,0,0
736592,0,0,0,0,0,0,0
736593,65535,255,1310,-7608,0,0,0
736594,65535,255,1584,10008,0,0,0
736595,608,0,3977,9688,1,0,1
736596,293,0,5582,9363,1,0,1
736597,65535,255,4349,-7194,0,0,0
736598,432,0,2220,-7656,1,0,1
736599,1094,0,614,10103,1,0,1
736600,65535,255,3261,9859,0,0,0
736601,65535,255,5117,9451,0,0,0
736602,65535,255,4891,-7133,0,0,0
736603,65535,255,3042,-7376,0,0,0
736604,65535,255,389,-7574,0,0,0
736605,65535,255,2441,9905,0,0,0
736606,65535,255,4570,9580,0,0,0
736607,65535,255,5363,-7018,0,0,0
736608,640,0,3763,-7387,1,0,1
736609,434,0,1361,-7707,1,0,1
736610,507,0,1535,9904,1,0,1
736611,392,0,3946,9705,1,0,1
736612,65535,255,5561,9397,0,0,0
736613,274,0,4379,-7192,1,0,1
736614,428,0,2262,-7509,1,0,1
736615,65535,255,568,9930,0,0,0
736616,272,0,3226,9738,1,0,0
736617,273,0,5093,9500,1,0,1
736618,430,0,4918,-7141,1,0,1
736619,278,0,3069,-7415,1,0,1
736620,65535,255,424,-8058,0,0,0
736621,65535,255,2411,10002,0,0,0
736622,395,0,4550,9633,1,0,1
736623,411,0,5378,-7018,1,0,1
736624,65535,255,3783,-7359,0,0,0
736625,157,2,1389,-7654,1,0,1
736626,65535,255,1507,9862,0,0,0
736627,65535,255,3923,9702,0,0,0
736628,508,0,5548,9400,1,0,1
736629,345,0,4396,-7207,1,0,1
736630,463,2,2283,-7563,1,0,1
736631,65535,255,539,10168,0,0,0
736632,65535,255,3203,9798,0,0,0
736633,65535,255,5080,9456,0,0,0
736634,65535,255,4927,-7100,0,0,0
736635,527,0,3089,-7414,1,0,1
736636,65535,255,447,-7667,0,0,0
736637,65535,255,2387,9952,0,0,0
736638,65535,255,4536,9624,0,0,0
736639,427,0,5387,-7014,1,0,1
736640,65535,255,3799,-7356,0,0,0
736641,427,0,1412,-7674,1,0,1
736642,402,0,1485,9928,1,0,1
736643,509,2,3909,9734,1,0,0
736644,65535,255,5539,9357,0,0,0
736645,617,0,4410,-7255,1,0,1
736646,434,0,2299,-7448,1,0,1
736647,65535,255,522,9791,0,0,0
736648,451,0,3190,9742,1,0,1
736649,484,0,5066,9517,1,0,1
736650,65535,255,4937,-7086,0,0,1
736651,391,0,3101,-7498,1,0,1
736652,2826,1,464,-7598,1,0,1
736653,567,0,2372,9954,1,0,1
736654,65535,255,4523,9632,0,0,0
736655,65535,255,5392,-7027,0,0,0
736656,65535,255,3806,-7339,0,0,0
736657,65535,255,1423,-7789,0,0,0
736658,760,0,1468,10063,1,0,1
736659,65535,255,3898,9669,0,0,0
736660,65535,255,5532,9391,0,0,0
736661,65535,255,4414,-7209,0,0,0
736662,65535,255,2310,-7601,0,0,0
736663,1161,2,505,10504,1,0,1
736664,65535,255,3177,9860,0,0,0
736665,65535,255,5061,9502,0,0,0
736666,558,0,4939,-7079,1,0,1
736667,65535,255,3110,-7496,0,0,0
736668,2203,0,475,-7671,1,0,1
736669,65535,255,2363,9983,0,0,0
736670,523,0,4517,9603,1,0,1
736671,65535,255,5393,-6973,0,0,0
736672,65535,255,3808,-7299,0,0,0
736673,501,0,1429,-7554,1,0,1
736674,496,0,1463,9859,1,0,1
736675,466,0,3894,9723,1,0,1
736676,0,0,0,0,0,0,0
736677,325,2,4414,-7170,1,0,1
736678,65535,255,2315,-7515,0,0,0
736679,376,2,504,10176,1,0,1
736680,379,2,3176,9822,1,0,1
736681,0,0,0,0,0,0,0
736682,0,0,0,0,0,0,0
736683,65535,255,3110,-7486,0,0,0
736684,65535,255,476,-7670,0,0,0
736685,65535,255,2363,9929,0,0,0
736686,0,0,0,0,0,0,0
736687,65535,255,5396,-6981,0,0,0
736688,65535,255,3808,-7298,0,0,0
736689,448,0,1429,-7578,1,0,1
736690,447,0,1463,9883,1,0,1
736691,65535,255,3894,9738,0,0,0
736692,65535,255,5529,9374,0,0,0
736693,65535,255,4414,-7196,0,0,0
736694,689,0,2315,-7585,1,0,1
736695,978,0,508,10129,1,0,1
736696,65535,255,3181,9744,0,0,0
736697,613,0,5060,9530,1,0,1
736698,61,0,4940,-7117,1,0,1
736699,65535,255,3110,-7427,0,0,0
736700,2644,0,471,-7320,1,0,0
736701,65535,255,2367,9930,0,0,0
736702,587,0,4519,9640,3,0,0
736703,1541,0,5393,-6973,3,0,0
736704,995,0,3808,-7322,3,0,0
736705,962,0,1423,-7648,3,0,0
736706,65535,255,1468,9996,0,0,0
736707,65535,255,3901,9662,0,0,0
736708,413,2,5533,9401,1,0,1
736709,655,0,4413,-7240,1,0,1
736710,622,0,2305,-7473,1,0,1
736711,2466,0,515,10113,1,0,1
736712,573,0,3185,9831,1,0,1
736713,65535,255,5066,9497,0,0,0
736714,65535,255,4936,-7085,0,0,0
736715,65535,255,3101,-7379,0,0,0
736716,65535,255,465,-8166,0,0,0
736717,65535,255,2377,9889,0,0,0
736718,65535,255,4529,9627,0,0,0
736719,0,0,0,0,0,0,0
736720,83,2,3799,-7315,1,0,1
736721,65535,255,1412,-7649,0,0,0
736722,65535,255,1485,9995,0,0,0
736723,65535,255,3912,9668,0,0,0
736724,65535,255,5541,9409,0,0,0
736725,476,0,4407,-7254,1,0,1
736726,579,0,2294,-7531,1,0,1
736727,65535,255,528,10426,0,0,0
736728,65535,255,6950,-6423,0,0,1
736729,708,0,5075,9502,1,0,1
736730,65535,255,4930,-7125,0,0,0
736731,65535,255,3092,-7459,0,0,0
736732,65535,255,446,-7665,0,0,0
736733,65535,255,2397,9821,0,0,0
736734,65535,255,4539,9594,0,0,0
736735,65535,255,5384,-7023,0,0,0
736736,1750,0,3787,-7285,3,0,0
736737,65535,255,1395,-7602,0,0,0
736738,65535,255,1501,9972,0,0,0
736739,65535,255,3924,9667,0,0,0
736740,1730,0,5548,9407,3,0,0
736741,65535,255,4396,-7262,0,0,0
736742,65535,255,2278,-7547,0,0,0
736743,1255,0,546,10536,3,0,0
736744,860,0,3216,9751,3,0,0
736745,580,0,5088,9467,1,0,0
736746,653,0,4921,-7149,1,0,1
736747,877,0,3074,-7511,1,0,1
736748,65535,255,424,-8053,0,0,0
736749,65535,255,2411,9899,0,0,0
736750,504,0,4553,9635,1,0,1
736751,118,2,5373,-6978,1,0,1
736752,65535,255,3771,-7351,0,0,0
736753,789,0,1372,-7798,1,0,1
736754,702,0,1524,10164,1,0,1
736755,0,0,0,0,0,0,0
736756,65535,255,5561,9386,0,0,0
736757,556,0,4379,-7234,1,0,1
736758,1331,0,2257,-7492,1,0,1
736759,2082,0,574,10339,1,0,1
736760,563,0,3235,9739,1,0,1
736761,65535,255,5100,9465,0,0,0
736762,0,0,0,0,0,0,0
736763,390,2,3056,-7516,1,0,1
736764,0,0,0,0,0,0,0
736765,65535,255,2437,9922,0,0,0
736766,907,0,4570,9552,1,0,1
736767,821,0,5359,-6995,1,0,1
736768,0,0,0,0,0,0,0
736769,1175,0,1338,-7532,1,0,0
736770,997,0,1556,9948,1,0,1
736771,1059,0,3962,9669,1,0,1
736772,813,0,5572,9388,1,0,1
736773,65535,255,4359,-7186,0,0,0
736774,543,0,2230,-7625,1,0,1
736775,65535,255,608,9996,0,0,0
736776,799,0,3257,9831,1,0,1
736777,652,0,5114,9518,1,0,1
736778,65535,255,4889,-7122,0,0,0
736779,65535,255,3023,-7480,0,0,0
736780,65535,255,366,-8012,0,0,0
736781,65535,255,2466,9905,0,0,0
736782,65535,255,4591,9548,0,0,0
736783,65535,255,5344,-7042,0,0,0
736784,480,0,3732,-7380,1,0,1
736785,65535,255,1315,-7659,0,0,0
736786,65535,255,1579,9843,0,0,0
736787,65535,255,3973,9674,0,0,0
736788,462,0,5580,9372,1,0,1
736789,65535,255,4350,-7259,0,0,0
736790,65535,255,2215,-7641,0,0,0
736791,0,0,0,0,0,0,0
736792,499,0,3262,9802,1,0,1
736793,518,0,5118,9451,1,0,1
736794,525,0,4883,-7099,1,0,1
736795,65535,255,3023,-7448,0,0,0
736796,65535,255,367,-8283,0,0,0
736797,65535,255,2462,9803,0,0,0
736798,65535,255,4581,9613,0,0,0
736799,510,0,5347,-7012,1,0,1
736800,572,0,3735,-7332,1,0,1
736801,65535,255,1321,-7557,0,0,0
736802,766,0,1562,10094,1,0,1
736803,65535,255,3966,9654,0,0,0
736804,65535,255,5575,9369,0,0,0
736805,65535,255,4356,-7250,0,0,0
736806,65535,255,2226,-7640,0,0,0
736807,65535,255,609,10431,0,0,0
736808,65535,255,3257,9822,0,0,0
736809,769,0,5112,9467,1,0,1
736810,65535,255,4889,-7105,0,0,0
736811,65535,255,3033,-7508,0,0,0
736812,65535,255,372,-7384,0,0,0
736813,300,0,2456,9907,1,0,1
736814,0,0,0,0,0,0,0
736815,65535,255,5349,-6986,0,0,0
736816,65535,255,3740,-7299,0,0,0
736817,65535,255,1329,-7583,0,0,0
736818,705,0,1562,10052,1,0,1
736819,674,0,3965,9647,1,0,1
736820,0,0,0,0,0,0,0
736821,65535,255,4356,-7256,0,0,0
736822,65535,255,2220,-7436,0,0,0
736823,65535,255,610,9726,0,0,0
736824,393,0,3257,9860,1,0,1
736825,65535,255,5112,9494,0,0,0
736826,65535,255,4889,-7138,0,0,0
736827,356,0,3028,-7415,1,0,1
736828,65535,255,372,-8096,0,0,0
736829,65535,255,2457,9817,0,0,0
736830,65535,255,4581,9557,0,0,0
736831,625,0,5978,9280,1,0,1
736832,65535,255,3740,-7394,0,0,0
736833,514,0,1333,-7781,1,0,1
736834,65535,255,1562,10010,0,0,0
736835,602,0,3967,9673,1,0,1
736836,495,0,5577,9369,1,0,1
736837,65535,255,6646,9061,0,0,0
736838,65535,255,2220,-7466,0,0,0
736839,65535,255,615,9889,0,0,0
736840,0,0,0,0,0,0,0
736841,65535,255,5117,9519,0,0,0
736842,65535,255,6335,9164,0,0,0
736843,731,0,3028,-7488,1,0,1
736844,2353,2,366,-7473,1,0,0
736845,131,2,2461,9933,1,0,1
736846,65535,255,4587,9617,0,0,0
736847,502,0,5982,9289,1,0,1
736848,65535,255,6928,8957,0,0,1
736849,409,0,1321,-7708,1,0,1
736850,592,0,1573,9968,1,0,1
736851,65535,255,3972,9727,0,0,0
736852,0,0,0,0,0,0,0
736853,65535,255,6650,9064,0,0,0
736854,65535,255,-32768,-32768,0,65535,1
736855,65535,255,620,10052,0,0,0
736856,622,0,3270,9783,1,0,1
736857,445,0,5123,9461,1,0,1
736858,589,0,6339,9181,1,0,1
736859,65535,255,-32768,-32768,0,65535,1
736860,65535,255,354,-8024,0,0,0
736861,313,0,2476,9815,1,0,1
736862,65535,255,4594,9567,0,0,0
736863,0,0,0,0,0,0,0
736864,65535,255,6932,8937,0,0,0
736865,171,0,1310,-7556,1,0,1
736866,65535,255,1590,9863,0,0,0
736867,549,0,3984,9718,1,0,1
736868,548,0,5589,9349,1,0,1
736869,65535,255,6654,9052,0,0,0
736870,65535,255,-32768,-32768,0,65535,0
736871,65535,255,638,9947,0,0,0
736872,289,0,3284,9772,1,0,1
736873,525,0,5131,9459,1,0,1
736874,388,0,6344,9182,1,0,1
736875,65535,255,-32768,-32768,0,65535,1
736876,65535,255,343,-8225,0,0,0
736877,388,2,2486,9853,1,0,1
736878,354,0,4604,9590,1,0,1
736879,65535,255,5993,9274,0,0,0
736880,65535,255,6935,8951,0,0,1
736881,524,0,1293,-7686,1,0,1
736882,779,0,1601,9985,1,0,1
736883,0,0,0,0,0,0,0
736884,65535,255,5595,9379,0,0,0
736885,65535,255,6658,9074,0,0,1
736886,306,0,2183,-7572,1,0,1
736887,65535,255,655,10354,0,0,0
736888,453,0,3293,9855,1,0,0
736889,65535,255,5137,9504,0,0,0
736890,65535,255,6349,9163,0,0,0
736891,65535,255,2994,-7504,0,0,0
736892,281,0,319,-7747,1,0,1
736893,451,0,2501,9800,1,0,1
736894,470,0,4612,9569,1,0,1
736895,420,0,6001,9267,1,0,1
736896,397,0,3703,-7338,1,0,1
736897,348,0,1276,-7610,1,0,1
736898,377,2,1611,10026,1,0,1
736899,65535,255,3999,9708,0,0,0
736900,65535,255,5595,9374,0,0,0
736901,65535,255,4327,-7215,0,0,0
736902,433,0,2183,-7469,1,0,1
736903,65535,255,649,10307,0,0,0
736904,417,0,3289,9752,1,0,1
736905,65535,255,5131,9474,0,0,0
736906,467,0,4871,-7163,1,0,1
736907,346,0,2999,-7398,1,0,1
736908,1306,0,338,-7255,1,0,1
736909,418,0,2486,9814,1,0,1
736910,65535,255,4598,9603,0,0,0
736911,489,0,5338,-7038,1,0,1
736912,65535,255,3720,-7334,0,0,0
736913,301,0,1305,-7813,1,0,1
736914,65535,255,1590,9885,0,0,0
736915,65535,255,3981,9660,0,0,0
736916,450,0,5583,9373,1,0,1
736917,366,0,4342,-7180,1,0,1
736918,396,0,2210,-7627,1,0,1
736919,65535,255,626,10104,0,0,0
736920,65535,255,3266,9859,0,0,0
736921,340,0,5118,9462,1,0,1
736922,65535,255,4883,-7150,0,0,0
736923,481,0,3023,-7374,1,0,1
736924,1341,0,361,-7191,1,0,1
736925,65535,255,2459,9874,0,0,0
736926,65535,255,4581,9606,0,0,0
736927,65535,255,5350,-7039,0,0,0
736928,440,0,3736,-7347,1,0,1
736929,554,0,1327,-7480,1,0,1
736930,65535,255,1562,9927,0,0,0
736931,327,0,3965,9677,1,0,1
736932,611,0,5573,9361,1,0,1
736933,365,0,4357,-7211,1,0,1
736934,301,0,2225,-7479,1,0,1
736935,368,0,603,9833,1,0,1
736936,364,0,3252,9833,1,0,1
736937,65535,255,5107,9499,0,0,0
736938,500,0,4895,-7136,1,0,1
736939,526,0,3038,-7377,1,0,1
736940,430,0,385,-7140,1,0,1
736941,65535,255,2443,9923,0,0,0
736942,345,0,4571,9608,1,0,1
736943,318,0,5355,-6975,1,0,1
736944,493,0,3752,-7368,1,0,1
736945,65535,255,1344,-7555,0,0,0
736946,557,0,1545,10034,1,0,1
736947,517,0,3950,9716,1,0,1
736948,489,0,5565,9391,1,0,1
736949,371,0,4370,-7259,1,0,1
736950,326,0,2246,-7607,1,0,1
736951,2312,1,585,10107,1,0,1
736952,171,0,3239,9735,1,0,1
736953,65535,255,5100,9476,0,0,0
736954,65535,255,4901,-7096,0,0,0
736955,65535,255,3051,-7453,0,0,0
736956,65535,255,400,-7987,0,0,0
736957,146,2,2431,9937,1,0,1
736958,65535,255,4564,9585,0,0,0
736959,65535,255,5363,-7036,0,0,0
736960,65535,255,3759,-7351,0,0,0
736961,133,0,1355,-7555,1,0,0
736962,416,0,1535,10035,1,0,1
736963,65535,255,3946,9732,0,0,1
736964,65535,255,5562,9401,0,0,0
736965,449,0,4373,-7182,1,0,1
736966,484,0,2252,-7447,1,0,1
736967,0,0,0,0,0,0,0
736968,65535,255,3216,9853,0,0,0
736969,480,0,5086,9485,1,0,1
736970,607,0,4921,-7129,1,0,1
736971,511,0,3079,-7413,1,0,1
736972,2365,1,435,-8047,1,0,1
736973,65535,255,2402,9805,0,0,0
736974,473,0,4547,9553,1,0,1
736975,65535,255,5381,-7036,0,0,0
736976,65535,255,3786,-7366,0,0,0
736977,0,0,0,0,0,0,0
736978,320,0,1496,10014,1,0,1
736979,65535,255,3919,9664,0,0,0
736980,65535,255,5546,9369,0,0,0
736981,483,1,4403,-7270,1,0,1
736982,65535,255,2288,-7491,0,0,0
736983,65535,255,533,9922,0,0,0
736984,65535,255,3203,9769,0,0,0
736985,589,0,5074,9530,1,0,1
736986,462,0,4930,-7094,1,0,1
736987,500,0,3094,-7446,1,0,1
736988,65535,255,452,-7740,0,0,0
736989,400,0,2382,9979,1,0,1
736990,451,0,4533,9637,1,0,1
736991,65535,255,5389,-7033,0,0,0
736992,527,2,3799,-7270,1,0,1
736993,65535,255,1412,-7816,0,0,0
736994,65535,255,1479,10084,0,0,0
736995,416,0,3909,9667,1,0,1
736996,516,0,5538,9394,1,0,1
736997,65535,255,4410,-7211,0,0,0
736998,65535,255,2304,-7588,0,0,0
736999,1809,1,516,10493,1,0,1
737000,65535,255,3190,9858,0,0,0
737001,0,0,0,0,0,0,0
737002,65535,255,4936,-7076,0,0,0
737003,629,0,3105,-7488,1,0,1
737004,65535,255,464,-7599,0,0,0
737005,65535,255,2372,9968,0,0,0
737006,492,0,4526,9624,1,0,1
737007,65535,255,5392,-6969,0,0,0
737008,261,0,3803,-7292,1,0,1
737009,248,0,1417,-7532,1,0,1
737010,426,0,1474,9850,1,0,1
737011,65535,255,3901,9721,0,0,0
737012,65535,255,5534,9354,0,0,0
737013,65535,255,4417,-7266,0,0,0
737014,65535,255,2310,-7503,0,0,0
737015,65535,255,510,10173,0,0,0
737016,211,0,3185,9820,1,0,0
737017,566,0,5064,9486,1,0,1
737018,65535,255,4939,-7147,0,0,0
737019,278,0,3105,-7477,1,0,1
737020,420,0,470,-7599,1,0,1
737021,65535,255,2367,9982,0,0,0
737022,256,0,4526,9558,1,0,1
737023,795,0,5395,-6983,1,0,1
737024,869,0,3807,-7330,1,0,1
737025,65535,255,1423,-7672,0,0,0
737026,65535,255,1468,9973,0,0,0
737027,331,0,3902,9654,1,0,1
737028,65535,255,5531,9391,0,0,0
737029,717,0,4413,-7228,1,0,1
737030,65535,255,2304,-7446,0,0,0
737031,1274,0,510,9917,1,0,1
737032,65535,255,3186,9791,0,0,0
737033,65535,255,5064,9476,0,0,0
737034,0,0,0,0,0,0,0
737035,65535,255,3106,-7477,0,0,0
737036,1363,1,464,-7739,1,0,1
737037,401,0,2372,9884,1,0,1
737038,65535,255,4527,9576,0,0,0
737039,65535,255,5393,-7002,0,0,0
737040,65535,255,3804,-7370,0,0,0
737041,0,0,0,0,0,0,0
737042,65535,255,1474,10155,0,0,0
737043,65535,255,3902,9714,0,0,0
737044,730,0,5534,9364,1,0,1
737045,65535,255,4407,-7191,0,0,0
737046,592,0,2304,-7586,1,0,1
737047,65535,255,523,9666,0,0,0
737048,65535,255,3190,9762,0,0,0
737049,65535,255,5070,9464,0,0,0
737050,65535,255,4934,-7135,0,0,0
737051,65535,255,3097,-7468,0,0,0
737052,65535,255,458,-7738,0,0,0
737053,646,0,2383,9821,3,0,0
737054,65535,255,4530,9588,0,0,0
737055,1357,0,5387,-7017,3,0,0
737056,804,0,3792,-7277,3,0,0
737057,1287,0,1406,-7554,3,0,0
737058,1355,0,1486,9906,3,0,0
737059,1049,0,3912,9666,3,0,0
737060,940,0,5540,9395,3,0,0
737061,672,0,4400,-7236,3,0,0
737062,1359,0,2289,-7489,1,0,0
737063,1555,1,533,10235,1,0,0
737064,65535,255,3199,9858,0,0,0
737065,65535,255,5075,9521,0,0,0
737066,934,0,4925,-7115,3,0,0
737067,970,0,3083,-7440,3,0,0
737068,65535,255,441,-7514,0,0,0
737069,65535,255,2392,10006,0,0,0
737070,774,0,4540,9587,3,0,0
737071,65535,255,5379,-7015,0,0,0
737072,0,0,0,0,0,0,0
737073,65535,255,1389,-7579,0,0,0
737074,585,0,1502,9950,1,0,1
737075,574,0,3924,9666,1,0,1
737076,147,2,5549,9411,3,0,0
737077,65535,255,4393,-7263,0,0,0
737078,799,0,2273,-7561,3,0,0
737079,1824,0,555,9940,3,0,0
737080,65535,255,3217,9769,0,0,0
737081,65535,255,5086,9472,0,0,0
737082,0,0,0,0,0,0,0
737083,65535,255,3065,-7363,0,0,0
737084,1605,0,425,-8211,1,0,1
737085,477,0,2416,9924,1,0,1
737086,510,0,4557,9553,1,0,1
737087,571,0,5371,-6993,1,0,1
737088,65535,255,3771,-7367,0,0,0
737089,0,0,0,0,0,0,0
737090,65535,255,1529,9992,0,0,1
737091,906,0,3942,9679,1,0,1
737092,0,0,0,0,0,0,0
737093,65535,255,4376,-7183,0,0,0
737094,568,0,2252,-7608,1,0,1
737095,0,0,0,0,0,0,0
737096,127,2,3239,9814,1,0,0
737097,557,0,5099,9506,1,0,1
737098,512,0,4903,-7109,1,0,1
737099,65535,255,3051,-7445,0,0,0
737100,3087,0,394,-7660,1,0,1
737101,0,0,0,0,0,0,0
737102,0,0,0,0,0,0,0
737103,65535,255,5360,-7039,0,0,0
737104,724,0,3751,-7338,1,0,1
737105,460,2,1344,-7681,1,0,1
737106,634,0,1556,10095,1,0,1
737107,0,0,0,0,0,0,0
737108,657,0,5574,9379,1,0,1
737109,65535,255,4359,-7231,0,0,0
737110,805,0,2225,-7495,1,0,1
737111,65535,255,609,10377,0,0,0
737112,479,2,3261,9755,1,0,1
737113,65535,255,5117,9477,0,0,0
737114,65535,255,4888,-7079,0,0,0
737115,65535,255,3023,-7397,0,0,0
737116,0,0,0,0,0,0,0
737117,65535,255,2469,9857,0,0,0
737118,638,0,4590,9597,1,0,1
737119,65535,255,5346,-7033,0,0,0
737120,65535,255,3730,-7376,0,0,0
737121,0,0,0,0,0,0,0
737122,65535,255,1584,9863,0,0,0
737123,65535,255,3977,9667,0,0,0
737124,65535,255,5584,9367,0,0,0
737125,565,0,4353,-7232,1,0,1
737126,65535,255,2214,-7569,0,0,0
737127,65535,255,620,10052,0,0,0
737128,937,0,3266,9745,1,0,1
737129,65535,255,5117,9492,0,0,0
737130,811,2,4888,-7112,1,0,1
737131,674,0,3028,-7510,1,0,1
737132,65535,255,367,-7200,0,0,0
737133,65535,255,2461,9841,0,0,0
737134,65535,255,4584,9549,0,0,0
737135,884,0,5352,-7016,1,0,1
737136,65535,255,3739,-7332,0,0,0
737137,861,0,1327,-7507,1,0,1
737138,905,0,1562,10031,1,0,1
737139,510,0,3965,9735,1,0,1
737140,0,0,0,0,0,0,0
737141,65535,255,4359,-7205,0,0,0
737142,676,0,2230,-7523,1,0,1
737143,1209,2,603,9887,1,0,1
737144,65535,255,3253,9852,0,0,0
737145,428,2,5111,9483,1,0,1
737146,510,0,4894,-7110,1,0,1
737147,0,0,0,0,0,0,0
737148,2359,0,383,-7395,1,0,1
737149,65535,255,2446,9869,0,0,0
737150,65535,255,4574,9570,0,0,0
737151,65535,255,5357,-7034,0,0,0
737152,65535,255,3747,-7370,0,0,0
737153,65535,255,1338,-7631,0,0,0
737154,65535,255,1551,10116,0,0,0
737155,366,2,3958,9670,1,0,1
737156,521,0,5569,9375,1,0,1
737157,65535,255,4366,-7261,0,0,0
737158,65535,255,2241,-7652,0,0,0
737159,65535,255,592,10443,0,0,0
737160,65535,255,3244,9823,0,0,0
737161,65535,255,5106,9459,0,0,0
737162,65535,255,4898,-7092,0,0,0
737163,338,0,3047,-7485,1,0,1
737164,65535,255,390,-7150,0,0,0
737165,65535,255,2442,9857,0,0,0
737166,0,0,0,0,0,0,0
737167,65535,255,5358,-7038,0,0,0
737168,65535,255,3752,-7376,0,0,0
737169,482,2,1349,-7704,1,0,1
737170,65535,255,1546,9906,0,0,0
737171,675,0,3951,9708,1,0,1
737172,718,0,5565,9403,1,0,1
737173,685,0,4366,-7203,1,0,1
737174,566,0,2241,-7536,1,0,1
737175,65535,255,585,10049,0,0,0
737176,65535,255,3244,9767,0,0,0
737177,547,0,5100,9517,1,0,1
737178,65535,255,4900,-7143,0,0,0
737179,394,0,3046,-7454,1,0,1
737180,1258,0,395,-8137,1,0,1
737181,65535,255,2437,9844,0,0,0
737182,65535,255,4571,9564,0,0,0
737183,0,0,0,0,0,0,0
737184,65535,255,3751,-7392,0,0,0
737185,65535,255,1350,-7753,0,0,0
737186,0,0,0,0,0,0,0
737187,65535,255,3951,9737,0,0,0
737188,510,0,5568,9353,1,0,1
737189,508,0,4367,-7235,1,0,1
737190,220,2,2241,-7623,1,0,1
737191,783,0,586,10445,1,0,1
737192,581,0,3244,9843,1,0,1
737193,65535,255,5103,9480,0,0,0
737194,65535,255,4898,-7125,0,0,0
737195,65535,255,3042,-7403,0,0,0
737196,65535,255,389,-8080,0,0,0
737197,0,0,0,0,0,0,0
737198,65535,255,4574,9552,0,0,0
737199,0,0,0,0,0,0,0
737200,65535,255,3751,-7392,0,0,0
737201,665,0,1344,-7779,1,0,1
737202,471,0,1551,10012,1,0,1
737203,65535,255,3958,9641,0,0,0
737204,606,0,5570,9371,1,0,1
737205,509,0,6641,9063,1,0,1
737206,294,0,2230,-7493,1,0,0
737207,0,0,0,0,0,0,0
737208,65535,255,3253,9766,0,0,0
737209,394,0,5109,9489,1,0,1
737210,595,0,6330,9173,1,0,1
737211,65535,255,-32768,-32768,0,65535,1
737212,236,2,377,-7655,1,0,1
737213,466,0,2451,9973,1,0,1
737214,423,0,4577,9618,1,0,1
737215,65535,255,5976,9303,0,0,0
737216,65535,255,6924,8965,0,0,1
737217,65535,255,1333,-7806,0,0,0
737218,65535,255,1562,10053,0,0,0
737219,455,0,3965,9662,1,0,1
737220,65535,255,5575,9388,0,0,1
737221,65535,255,6646,9075,0,0,0
737222,0,0,0,0,0,0,0
737223,2083,0,609,10323,1,0,1
737224,65535,255,3262,9831,0,0,0
737225,65535,255,5117,9488,0,0,0
737226,65535,255,6335,9149,0,0,0
737227,65535,255,-32768,-32768,0,65535,1
737228,65535,255,368,-7113,0,0,0
737229,453,0,2466,9907,1,0,1
737230,65535,255,4587,9612,0,0,0
737231,494,0,5984,9285,1,0,1
737232,65535,255,6928,8957,0,0,1
737233,514,0,1321,-7759,1,0,1
737234,65535,255,1578,10030,0,0,0
737235,65535,255,3976,9661,0,0,0
737236,65535,255,5585,9389,0,0,0
737237,65535,255,6651,9080,0,0,1
737238,65535,255,-32768,-32768,0,65535,0
737239,65535,255,626,10423,0,0,0
737240,342,2,3275,9858,1,0,1
737241,65535,255,5125,9502,0,0,0
737242,503,0,6342,9162,1,0,1
737243,65535,255,-32768,-32768,0,65535,1
737244,1201,0,348,-7646,1,0,1
737245,385,0,2476,9982,1,0,1
737246,484,0,4601,9554,1,0,1
737247,440,0,5991,9258,1,0,1
737248,65535,255,6934,8936,0,0,1
737249,409,0,1298,-7582,1,0,0
737250,375,0,1595,9904,1,0,1
737251,395,0,3991,9732,1,0,1
737252,65535,255,5592,9366,0,0,0
737253,65535,255,6658,9065,0,0,1
737254,294,0,2188,-7527,1,0,0
737255,572,0,649,10255,1,0,0
737256,0,0,0,0,0,0,0
737257,526,0,5137,9494,1,0,1
737258,65535,255,6349,9156,0,0,0
737259,65535,255,2994,-7430,0,0,0
737260,2379,0,330,-7739,1,0,1
737261,65535,255,2491,9877,0,0,1
737262,468,0,4608,9552,1,0,1
737263,0,0,0,0,0,0,0
737264,65535,255,3715,-7279,0,0,0
737265,65535,255,1293,-7684,0,0,0
737266,304,2,1595,10128,1,0,1
737267,65535,255,3989,9700,0,0,0
737268,330,2,5589,9407,1,0,1
737269,65535,255,4338,-7280,0,0,0
737270,394,2,2199,-7628,1,0,1
737271,1525,0,637,10154,1,0,1
737272,417,2,3284,9734,1,0,1
737273,517,0,5129,9475,1,0,1
737274,65535,255,4876,-7085,0,0,0
737275,355,2,3008,-7428,1,0,1
737276,411,2,348,-7739,1,0,1
737277,65535,255,2476,9892,0,0,0
737278,458,0,4595,9560,1,0,1
737279,448,0,5341,-7013,1,0,1
737280,398,2,3727,-7308,1,0,1
737281,65535,255,1310,-7759,0,0,0
737282,582,0,1584,9884,1,0,1
737283,428,2,3980,9667,1,0,1
737284,65535,255,5585,9358,0,0,0
737285,65535,255,4346,-7212,0,0,0
737286,65535,255,2209,-7495,0,0,0
737287,65535,255,628,9681,0,0,0
737288,65535,255,3266,9812,0,0,0
737289,408,0,5117,9519,1,0,1
737290,65535,255,4883,-7138,0,0,0
737291,65535,255,3018,-7374,0,0,0
737292,65535,255,361,-7282,0,0,0
737293,355,0,2466,9842,1,0,1
737294,65535,255,4584,9630,0,0,0
737295,65535,255,5347,-6996,0,0,0
737296,355,0,3731,-7291,1,0,1
737297,554,0,1321,-7732,1,0,1
737298,474,0,1574,9864,1,0,1
737299,364,0,3969,9661,1,0,1
737300,65535,255,5578,9360,0,0,0
737301,591,0,4353,-7217,1,0,1
737302,65535,255,2220,-7522,0,0,0
737303,65535,255,615,9782,0,0,0
737304,65535,255,3257,9832,0,0,0
737305,65535,255,5115,9457,0,0,0
737306,425,0,4888,-7153,1,0,1
737307,65535,255,3027,-7415,0,0,0
737308,5309,1,371,-7829,1,0,1
737309,428,0,2451,9908,1,0,1
737310,65535,255,4581,9575,0,0,0
737311,0,0,0,0,0,0,0
737312,0,0,0,0,0,0,0
737313,0,0,0,0,0,0,0
737314,65535,255,1562,10053,0,0,0
737315,65535,255,3962,9736,0,0,0
737316,65535,255,5573,9407,0,0,0
737317,65535,255,4356,-7191,0,0,0
737318,65535,255,2225,-7478,0,0,0
737319,404,0,610,9671,1,0,1
737320,480,0,3253,9823,1,0,1
737321,65535,255,5112,9453,0,0,0
737322,65535,255,4889,-7081,0,0,0
737323,438,0,3032,-7434,1,0,1
737324,65535,255,377,-8002,0,0,0
737325,65535,255,2451,9947,0,0,0
737326,65535,255,4578,9601,0,0,0
737327,469,0,5352,-6980,1,0,1
737328,65535,255,3740,-7329,0,0,0
737329,65535,255,1333,-7704,0,0,0
737330,65535,255,1562,9885,0,0,0
737331,65535,255,3946,9697,0,0,0
737332,468,0,5562,9409,1,0,1
737333,443,0,4373,-7231,1,0,1
737334,65535,255,2252,-7624,0,0,0
737335,65535,255,581,9645,0,0,0
737336,65535,255,3232,9791,0,0,0
737337,50,2,5095,9509,1,0,1
737338,432,0,4907,-7097,1,0,1
737339,229,2,3061,-7487,1,0,1
737340,65535,255,412,-7581,0,0,0
737341,65535,255,2422,9959,0,0,0
737342,65535,255,4557,9631,0,0,0
737343,384,0,5370,-7033,1,0,0
737344,65535,255,3767,-7282,0,0,0
737345,65535,255,1368,-7545,0,0,0
737346,0,0,0,0,0,0,0
737347,438,0,3935,9684,1,0,1
737348,380,2,5557,9402,1,0,1
737349,65535,255,4386,-7228,0,0,0
737350,460,0,2268,-7651,1,0,1
737351,408,0,563,9753,1,0,1
737352,437,0,3222,9757,1,0,1
737353,65535,255,5091,9454,0,0,0
737354,65535,255,4915,-7108,0,0,0
737355,540,0,3070,-7395,1,0,1
737356,686,0,424,-8135,1,0,0
737357,65535,255,2412,9856,0,0,0
737358,409,0,4550,9596,1,0,1
737359,548,0,5376,-7008,1,0,1
737360,65535,255,3779,-7367,0,0,0
737361,65535,255,1383,-7774,0,0,0
737362,65535,255,1513,10012,0,0,0
737363,533,0,3928,9714,1,0,1
737364,529,0,5551,9363,1,0,1
737365,65535,255,4393,-7253,0,0,0
737366,0,0,0,0,0,0,0
737367,65535,255,547,9683,0,0,0
737368,537,0,3208,9865,1,0,1
737369,65535,255,5083,9497,0,0,0
737370,65535,255,4927,-7139,0,0,0
737371,345,0,3083,-7432,1,0,1
737372,335,0,442,-8191,1,0,1
737373,518,0,2397,9846,1,0,1
737374,65535,255,4543,9573,0,0,0
737375,438,0,5384,-6977,1,0,1
737376,478,0,3791,-7295,1,0,1
737377,0,0,0,0,0,0,0
737378,65535,255,1491,10080,0,0,0
737379,0,0,0,0,0,0,0
737380,65535,255,5543,9384,0,0,0
737381,738,0,4403,-7193,1,0,1
737382,65535,255,2294,-7533,0,0,0
737383,65535,255,527,10170,0,0,0
737384,65535,255,3198,9799,0,0,0
737385,363,0,5075,9463,1,0,1
737386,728,0,4933,-7115,1,0,1
737387,1676,1,3096,-7390,1,0,1
737388,2516,1,458,-7956,1,0,1
737389,65535,255,2382,9832,0,0,0
737390,65535,255,4533,9563,0,0,0
737391,65535,255,5389,-6970,0,0,0
737392,65535,255,3799,-7293,0,0,0
737393,65535,255,1412,-7508,0,0,0
737394,539,0,1480,10130,1,0,1
737395,65535,255,3905,9690,0,0,0
737396,65535,255,5536,9404,0,0,0
737397,65535,255,4413,-7222,0,0,0
737398,431,0,2304,-7616,1,0,1
737399,919,0,517,10260,1,0,1
737400,65535,255,3185,9868,0,0,0
737401,65535,255,5066,9507,0,0,0
737402,65535,255,4936,-7075,0,0,0
737403,517,0,3105,-7487,1,0,1
737404,65535,255,464,-7596,0,0,0
737405,519,0,2372,9955,1,0,1
737406,65535,255,4523,9633,0,0,0
737407,65535,255,5395,-7031,0,0,0
737408,65535,255,3804,-7276,0,0,0
737409,0,0,0,0,0,0,0
737410,65535,255,1469,10132,0,0,0
737411,67,2,3898,9692,1,0,0
737412,65535,255,5532,9410,0,0,0
737413,65535,255,4413,-7240,0,0,0
737414,462,0,2309,-7446,1,0,1
737415,65535,255,511,9853,0,0,0
737416,255,0,3182,9763,1,0,0
737417,489,0,5063,9472,1,0,0
737418,0,0,0,0,0,0,0
737419,606,0,3105,-7408,1,0,1
737420,65535,255,470,-8163,0,0,0
737421,65535,255,2368,9862,0,0,0
737422,0,0,0,0,0,0,0
737423,65535,255,5392,-7011,0,0,0
737424,469,0,3808,-7369,1,0,1
737425,65535,255,1423,-7765,0,0,0
737426,65535,255,1468,10064,0,0,0
737427,542,0,3898,9677,1,0,1
737428,65535,255,5531,9401,0,0,0
737429,65535,255,4414,-7234,0,0,0
737430,65535,255,2305,-7446,0,0,0
737431,472,0,511,9853,1,0,1
737432,351,0,3181,9783,1,0,1
737433,65535,255,5064,9466,0,0,0
737434,0,0,0,0,0,0,0
737435,65535,255,3105,-7437,0,0,0
737436,353,0,465,-7311,1,0,1
737437,339,0,2373,9928,1,0,1
737438,426,2,4523,9633,1,0,1
737439,65535,255,5390,-6987,0,0,0
737440,438,0,3804,-7299,1,0,1
737441,604,0,1417,-7578,1,0,1
737442,424,0,1475,9882,1,0,1
737443,65535,255,3901,9736,0,0,0
737444,65535,255,5534,9373,0,0,0
737445,65535,255,4410,-7196,0,0,0
737446,2499,1,2305,-7586,3,0,0
737447,2000,1,523,9730,3,0,0
737448,925,0,3190,9763,3,0,0
737449,65535,255,5067,9460,0,0,0
737450,460,0,4934,-7124,1,0,1
737451,354,0,3097,-7438,1,0,1
737452,65535,255,459,-7380,0,0,0
737453,65535,255,2377,9955,0,0,0
737454,65535,255,4528,9608,0,0,0
737455,65535,255,5387,-6979,0,0,0
737456,1077,0,3800,-7323,1,0,1
737457,839,0,1411,-7672,1,0,1
737458,865,0,1480,10040,1,0,1
737459,65535,255,3909,9676,0,0,0
737460,65535,255,5539,9409,0,0,0
737461,65535,255,4407,-7248,0,0,0
737462,395,0,2294,-7502,1,0,1
737463,0,0,0,0,0,0,0
737464,65535,255,3194,9839,0,0,0
737465,320,0,5075,9506,1,0,0
737466,491,0,4927,-7092,1,0,1
737467,65535,255,3087,-7389,0,0,0
737468,65535,255,454,-8179,0,0,0
737469,65535,255,2392,9900,0,0,0
737470,65535,255,4537,9625,0,0,0
737471,65535,255,5382,-6992,0,0,0
737472,65535,255,3787,-7309,0,0,0
737473,614,0,1394,-7650,1,0,1
737474,65535,255,1496,9995,0,0,0
737475,1222,1,3920,9668,1,0,1
737476,966,0,5547,9403,1,0,1
737477,302,0,4396,-7250,1,0,0
737478,65535,255,2278,-7504,0,0,0
737479,65535,255,545,10290,0,0,0
737480,0,0,0,0,0,0,0
737481,547,0,5083,9520,1,0,1
737482,491,0,4921,-7110,1,0,1
737483,554,0,3078,-7421,1,0,1
737484,65535,255,430,-7354,0,0,0
737485,466,0,2407,9964,1,0,1
737486,65535,255,4550,9567,0,0,0
737487,65535,255,5376,-7001,0,0,0
737488,65535,255,3779,-7373,0,0,0
737489,1057,0,1378,-7471,1,0,0
737490,65535,255,1519,9842,0,0,0
737491,867,0,3935,9740,1,0,0
737492,799,0,5556,9383,1,0,0
737493,632,0,4386,-7219,1,0,0
737494,65535,255,2262,-7448,0,0,0
737495,65535,255,568,10050,0,0,0
737496,578,0,3230,9835,1,0,1
737497,730,0,5094,9507,1,0,1
737498,65535,255,4909,-7102,0,0,0
737499,65535,255,3060,-7423,0,0,0
737500,530,0,407,-7336,1,0,1
737501,453,0,2427,9975,1,0,1
737502,364,0,4563,9577,1,0,1
737503,500,0,5365,-7008,1,0,1
737504,419,0,3762,-7380,1,0,1
737505,393,0,1350,-7531,1,0,1
737506,65535,255,1546,9927,0,0,0
737507,65535,255,3954,9656,0,0,0
737508,344,0,5569,9402,1,0,1
737509,65535,255,4370,-7255,0,0,0
737510,423,0,2241,-7537,1,0,1
737511,2347,1,592,10496,1,0,1
737512,330,0,3253,9755,1,0,1
737513,0,0,0,0,0,0,0
737514,65535,255,4897,-7154,0,0,0
737515,65535,255,3037,-7385,0,0,0
737516,313,2,378,-8267,1,0,0
737517,340,0,2451,9933,1,0,1
737518,65535,255,4584,9555,0,0,0
737519,546,0,5351,-6997,1,0,1
737520,0,0,0,0,0,0,0
737521,65535,255,1321,-7506,0,0,0
737522,450,0,1573,9926,1,0,1
737523,0,0,0,0,0,0,0
737524,65535,255,5580,9409,0,0,0
737525,65535,255,4349,-7272,0,0,0
737526,65535,255,2209,-7467,0,0,0
737527,1828,2,621,10370,1,0,0
737528,65535,255,3266,9773,0,0,0
737529,65535,255,5117,9497,0,0,0
737530,65535,255,4885,-7112,0,0,0
737531,455,0,3027,-7479,1,0,1
737532,2104,1,372,-8189,1,0,1
737533,471,0,2456,9958,1,0,1
737534,65535,255,4581,9587,0,0,0
737535,65535,255,5352,-7035,0,0,0
737536,65535,255,3739,-7339,0,0,0
737537,65535,255,1327,-7480,0,0,0
737538,65535,255,1562,9969,0,0,0
737539,65535,255,3962,9698,0,0,0
737540,628,0,5572,9379,1,0,1
737541,0,0,0,0,0,0,0
737542,65535,255,2235,-7580,0,0,0
737543,65535,255,597,9996,0,0,0
737544,476,0,3248,9871,1,0,1
737545,65535,255,5106,9469,0,0,0
737546,65535,255,4897,-7087,0,0,0
737547,0,0,0,0,0,0,0
737548,65535,255,389,-7913,0,0,0
737549,65535,255,2437,9923,0,0,0
737550,0,0,0,0,0,0,0
737551,65535,255,5360,-7032,0,0,0
737552,469,0,3755,-7352,1,0,1
737553,65535,255,1350,-7530,0,0,0
737554,584,0,1540,10034,1,0,1
737555,0,0,0,0,0,0,0
737556,65535,255,5562,9400,0,0,0
737557,0,0,0,0,0,0,0
737558,120,0,2247,-7449,1,0,1
737559,75,2,574,10397,1,0,0
737560,65535,255,3235,9796,0,0,0
737561,65535,255,5095,9518,0,0,0
737562,604,1,6320,9156,1,0,1
737563,283,0,3056,-7391,1,0,1
737564,65535,255,406,-7576,0,0,0
737565,65535,255,2427,9885,0,0,0
737566,403,0,4561,9566,1,0,1
737567,549,0,5963,9297,1,0,1
737568,65535,255,3763,-7343,0,0,0
737569,282,0,1367,-7530,1,0,1
737570,344,0,1523,10036,1,0,1
737571,65535,255,3935,9740,0,0,0
737572,359,0,5555,9410,1,0,1
737573,0,0,0,0,0,0,0
737574,65535,255,2262,-7490,0,0,0
737575,65535,255,569,9760,0,0,0
737576,65535,255,3222,9846,0,0,0
737577,179,0,5092,9467,1,0,1
737578,65535,255,6317,9172,0,0,0
737579,65535,255,-32768,-32768,0,65535,1
737580,998,0,419,-8216,1,0,1
737581,65535,255,2412,9991,0,0,0
737582,65535,255,4554,9623,0,0,0
737583,65535,255,5961,9274,0,0,0
737584,65535,255,6910,8979,0,0,1
737585,499,0,1378,-7796,1,0,1
737586,470,0,1518,9972,1,0,1
737587,65535,255,3931,9719,0,0,0
737588,509,0,5552,9402,1,0,1
737589,0,0,0,0,0,0,0
737590,65535,255,-32768,-32768,0,65535,0
737591,378,0,558,9693,1,0,1
737592,0,0,0,0,0,0,0
737593,65535,255,5087,9473,0,0,0
737594,259,0,6315,9177,1,0,0
737595,65535,255,-32768,-32768,0,65535,1
737596,65535,255,425,-7192,0,0,0
737597,0,0,0,0,0,0,0
737598,438,0,4550,9556,1,0,1
737599,460,0,5957,9296,1,0,1
737600,65535,255,6910,8952,0,0,1
737601,65535,255,1383,-7602,0,0,0
737602,252,0,1507,10124,1,0,1
737603,65535,255,3928,9660,0,0,0
737604,423,0,5552,9371,1,0,1
737605,0,0,0,0,0,0,0
737606,65535,255,-32768,-32768,0,65535,1
737607,1534,0,551,10411,1,0,1
737608,65535,255,3217,9809,0,0,0
737609,479,0,5086,9458,1,0,1
737610,65535,255,6314,9167,0,0,0
737611,65535,255,-32768,-32768,0,65535,1
737612,65535,255,431,-7269,0,0,0
737613,65535,255,2407,9834,0,0,0
737614,343,0,4550,9556,1,0,1
737615,325,0,5955,9300,1,0,1
737616,65535,255,6910,8955,0,0,0
737617,65535,255,1383,-7626,0,0,0
737618,65535,255,1513,9843,0,0,0
737619,323,0,3928,9690,1,0,1
737620,65535,255,5552,9389,0,0,0
737621,390,0,6629,9068,1,0,1
737622,65535,255,2272,-7489,0,0,0
737623,65535,255,551,9811,0,0,0
737624,65535,255,3213,9876,0,0,0
737625,329,0,5087,9493,1,0,1
737626,431,0,6313,9195,1,0,1
737627,65535,255,3073,-7390,0,0,0
737628,65535,255,429,-7810,0,0,0
737629,65535,255,2407,9964,0,0,0
737630,65535,255,4547,9617,0,0,0
737631,65535,255,5378,-7004,0,0,0
737632,278,0,3778,-7325,1,0,1
737633,65535,255,1383,-7552,0,0,0
737634,440,0,1508,10122,1,0,1
737635,449,0,3928,9666,1,0,0
737636,403,0,5553,9379,1,0,1
737637,459,0,4389,-7189,1,0,1
737638,65535,255,2272,-7474,0,0,0
737639,251,0,558,9747,1,0,1
737640,269,0,3213,9875,1,0,1
737641,65535,255,5087,9493,0,0,0
737642,546,0,4920,-7131,1,0,1
737643,525,0,3073,-7410,1,0,1
737644,336,0,428,-7963,1,0,1
737645,65535,255,2408,10003,0,0,0
737646,696,0,4547,9636,1,0,0
737647,65535,255,5375,-7024,0,0,0
737648,523,0,3779,-7364,1,0,1
737649,460,0,1382,-7673,1,0,1
737650,65535,255,1513,9907,0,0,0
737651,402,0,3932,9717,1,0,1
737652,425,0,5552,9411,1,0,1
737653,65535,255,4385,-7218,0,0,0
737654,65535,255,2267,-7589,0,0,0
737655,277,0,557,10280,1,0,0
737656,264,0,3222,9807,1,0,1
737657,463,0,5090,9467,1,0,1
737658,521,0,4914,-7105,1,0,1
737659,282,0,3065,-7370,1,0,1
737660,65535,255,422,-7730,0,0,0
737661,358,0,2413,9950,1,0,1
737662,65535,255,4551,9622,0,0,0
737663,341,0,5370,-7015,1,0,1
737664,498,0,3771,-7357,1,0,1
737665,65535,255,1371,-7649,0,0,0
737666,65535,255,1525,9904,0,0,0
737667,519,0,3936,9717,1,0,1
737668,423,2,5556,9414,1,0,1
737669,365,0,4382,-7231,1,0,1
737670,0,0,0,0,0,0,0
737671,1362,0,569,10452,1,0,1
737672,65535,255,3227,9845,0,0,0
737673,476,0,5093,9487,1,0,1
737674,65535,255,4908,-7133,0,0,0
737675,65535,255,3060,-7420,0,0,0
737676,1027,0,412,-8213,1,0,1
737677,315,2,2423,9831,1,0,0
737678,65535,255,4561,9572,0,0,0
737679,65535,255,5364,-6978,0,0,0
737680,65535,255,3762,-7303,0,0,0
737681,516,0,1360,-7504,1,0,1
737682,432,0,1530,10118,1,0,1
737683,335,0,3944,9679,1,0,1
737684,65535,255,5561,9395,0,0,0
737685,444,0,4372,-7207,1,0,1
737686,65535,255,2246,-7591,0,0,0
737687,3897,1,581,10386,1,0,1
737688,420,0,3235,9834,1,0,1
737689,267,0,5102,9485,1,0,1
737690,407,0,4900,-7140,1,0,1
737691,475,0,3046,-7443,1,0,1
737692,65535,255,390,-7139,0,0,0
737693,684,0,2437,9896,1,0,1
737694,503,0,4568,9602,1,0,1
737695,576,0,5367,-7011,1,0,1
737696,615,0,3766,-7362,1,0,1
737697,264,0,1366,-7728,1,0,1
737698,65535,255,1524,10008,0,0,0
737699,65535,255,3937,9653,0,0,0
737700,65535,255,5555,9388,0,0,0
737701,65535,255,4382,-7204,0,0,0
737702,65535,255,2261,-7594,0,0,0
737703,980,0,564,10510,1,0,1
737704,508,0,3222,9771,1,0,1
737705,65535,255,5087,9515,0,0,0
737706,65535,255,4914,-7092,0,0,0
737707,65535,255,3069,-7364,0,0,0
737708,65535,255,422,-7972,0,0,0
737709,65535,255,2413,9828,0,0,0
737710,65535,255,4551,9582,0,0,0
737711,65535,255,5373,-6999,0,0,0
737712,600,0,3774,-7352,1,0,1
737713,378,0,1382,-7702,1,0,1
737714,353,0,1514,10010,1,0,1
737715,65535,255,3933,9662,0,0,0
737716,65535,255,5551,9394,0,0,0
737717,734,0,4390,-7227,1,0,1
737718,515,0,2273,-7605,1,0,1
737719,65535,255,557,9867,0,0,0
737720,65535,255,3217,9777,0,0,0
737721,65535,255,5086,9470,0,0,0
737722,587,0,4919,-7134,1,0,1
737723,65535,255,3074,-7453,0,0,0
737724,65535,255,429,-7512,0,0,0
737725,65535,255,2407,9976,0,0,0
737726,65535,255,4550,9559,0,0,0
737727,65535,255,5376,-6984,0,0,0
737728,65535,255,3779,-7336,0,0,0
737729,0,0,0,0,0,0,0
737730,65535,255,1507,10078,0,0,0
737731,761,0,3928,9694,1,0,1
737732,555,0,5550,9381,1,0,1
737733,641,0,4393,-7265,1,0,1
737734,420,2,2272,-7536,1,0,0
737735,65535,255,551,10345,0,0,0
737736,448,0,3213,9863,1,0,1
737737,65535,255,5086,9517,0,0,0
737738,594,0,4921,-7107,1,0,1
737739,65535,255,3074,-7423,0,0,0
737740,65535,255,431,-7282,0,0,0
737741,0,0,0,0,0,0,0
737742,623,0,4550,9553,1,0,1
737743,65535,255,5376,-6988,0,0,0
737744,370,0,3779,-7343,1,0,1
737745,627,0,1383,-7750,1,0,1
737746,547,0,1513,10099,1,0,1
737747,65535,255,3932,9708,0,0,0
737748,65535,255,5554,9358,0,0,0
737749,65535,255,4389,-7189,0,0,0
737750,385,0,2272,-7592,1,0,1
737751,65535,255,558,9751,0,0,0
737752,377,0,3221,9777,1,0,1
737753,65535,255,5089,9475,0,0,0
737754,525,0,4918,-7156,1,0,1
737755,65535,255,3074,-7513,0,0,0
737756,419,0,424,-8054,1,0,1
737757,65535,255,2412,9884,0,0,0
737758,704,0,4553,9627,1,0,1
737759,800,0,5373,-6974,1,0,1
737760,482,0,3771,-7336,1,0,1
737761,65535,255,1377,-7726,0,0,0
737762,65535,255,1518,10098,0,0,0
737763,1414,0,3935,9716,1,0,0
737764,65535,255,5559,9371,0,0,0
737765,1106,0,4382,-7209,1,0,0
737766,65535,255,2259,-7526,0,0,0
737767,797,0,568,10046,1,0,0
737768,0,0,0,0,0,0,0
737769,0,0,0,0,0,0,0
737770,0,0,0,0,0,0,0
737771,857,0,3060,-7445,3,0,0
737772,65535,255,406,-7578,0,0,0
737773,0,0,0,0,0,0,0
737774,65535,255,4563,9601,0,0,0
737775,65535,255,5368,-7029,0,0,0
737776,65535,255,3763,-7314,0,0,0
737777,65535,255,1361,-7680,0,0,0
737778,1179,0,1535,10074,3,0,0
737779,1634,1,3947,9714,3,0,0
737780,881,0,5565,9370,3,0,0
737781,65535,255,4373,-7217,0,0,0
737782,314,0,2242,-7451,1,0,1
737783,1380,0,586,10217,1,0,1
737784,624,0,3239,9870,1,0,1
737785,65535,255,5104,9452,0,0,0
737786,65535,255,4900,-7137,0,0,0
737787,440,0,3046,-7497,1,0,1
737788,619,0,389,-8081,1,0,1
737789,0,0,0,0,0,0,0
737790,95,2,4574,9549,1,0,1
737791,65535,255,5355,-6993,0,0,0
737792,65535,255,3747,-7378,0,0,0
737793,0,0,0,0,0,0,0
737794,65535,255,1556,9946,0,0,0
737795,65535,255,3961,9668,0,0,0
737796,596,0,5575,9350,1,0,1
737797,618,0,4356,-7187,1,0,1
737798,65535,255,2225,-7627,0,0,0
737799,1164,0,610,9779,1,0,1
737800,0,0,0,0,0,0,0
737801,65535,255,5115,9497,0,0,0
737802,0,0,0,0,0,0,0
737803,65535,255,3022,-7440,0,0,0
737804,65535,255,359,-7665,0,0,0
737805,65535,255,2466,9854,0,0,0
737806,65535,255,4588,9622,0,0,0
737807,739,0,5344,-6981,1,0,1
737808,0,0,0,0,0,0,0
737809,65535,255,1310,-7483,0,0,0
737810,65535,255,1584,9946,0,0,0
737811,1015,0,3981,9673,3,0,0
737812,827,0,5586,9352,3,0,0
737813,536,2,4342,-7248,1,0,0
737814,65535,255,2204,-7617,0,0,0
737815,65535,255,626,10213,0,0,0
737816,65535,255,3276,9772,0,0,0
737817,65535,255,5120,9506,0,0,0
737818,65535,255,4880,-7131,0,0,1
737819,65535,255,3018,-7378,0,0,0
737820,1677,0,360,-7571,1,0,1
737821,65535,255,2466,9893,0,0,0
737822,382,0,4588,9573,1,0,1
737823,65535,255,5346,-7034,0,0,0
737824,636,0,3735,-7366,1,0,1
737825,65535,255,1321,-7610,0,0,0
737826,65535,255,1568,10136,0,0,0
737827,0,0,0,0,0,0,0
737828,65535,255,5575,9369,0,0,0
737829,65535,255,4356,-7245,0,0,0
737830,405,0,2225,-7599,1,0,1
737831,0,0,0,0,0,0,0
737832,0,0,0,0,0,0,0
737833,65535,255,5112,9514,0,0,0
737834,0,0,0,0,0,0,0
737835,65535,255,3032,-7418,0,0,0
737836,1097,0,377,-7929,1,0,1
737837,65535,255,2447,9961,0,0,0
737838,601,0,4574,9607,1,0,1
737839,65535,255,5354,-6993,0,0,0
737840,65535,255,3747,-7293,0,0,0
737841,875,0,1344,-7806,1,0,1
737842,944,0,1551,9991,1,0,1
737843,572,0,3954,9730,1,0,1
737844,695,0,5567,9407,1,0,1
737845,513,0,4366,-7205,1,0,1
737846,0,0,0,0,0,0,0
737847,65535,255,591,9946,0,0,0
737848,65535,255,3244,9738,0,0,0
737849,805,0,5103,9500,1,0,0
737850,652,0,4900,-7131,1,0,1
737851,648,0,3046,-7395,1,0,1
737852,65535,255,394,-7751,0,0,0
737853,65535,255,2437,9949,0,0,0
737854,65535,255,4567,9608,0,0,0
737855,483,0,5362,-6991,1,0,1
737856,65535,255,3759,-7307,0,0,0
737857,65535,255,1355,-7593,0,0,0
737858,653,0,1540,10036,1,0,1
737859,65535,255,3946,9746,0,0,0
737860,65535,255,5565,9354,0,0,0
737861,65535,255,4372,-7235,0,0,0
737862,65535,255,2251,-7594,0,0,1
737863,65535,255,580,10227,0,0,0
737864,589,0,3235,9797,1,0,1
737865,65535,255,5099,9478,0,0,0
737866,693,0,4906,-7086,1,0,1
737867,65535,255,3055,-7476,0,0,0
737868,1225,0,402,-7172,1,0,1
737869,65535,255,2427,9859,0,0,0
737870,0,0,0,0,0,0,0
737871,65535,255,5366,-7009,0,0,0
737872,518,0,3763,-7357,1,0,1
737873,65535,255,1360,-7755,0,0,0
737874,129,2,1535,9950,1,0,1
737875,65535,255,3943,9731,0,0,0
737876,570,0,5562,9392,1,0,1
737877,65535,255,4379,-7227,0,0,0
737878,589,0,2256,-7593,1,0,1
737879,0,0,0,0,0,0,0
737880,65535,255,3230,9807,0,0,0
737881,65535,255,5097,9461,0,0,0
737882,650,0,4909,-7102,1,0,1
737883,65535,255,3058,-7458,0,0,0
737884,64,2,406,-7583,1,0,0
737885,65535,255,2422,9937,0,0,1
737886,65535,255,4561,9616,0,0,0
737887,719,0,5367,-7007,1,0,1
737888,65535,255,3766,-7336,0,0,0
737889,0,0,0,0,0,0,0
737890,721,0,1535,9865,1,0,1
737891,624,0,3943,9702,1,0,1
737892,575,0,5559,9401,1,0,1
737893,479,0,4379,-7209,1,0,1
737894,0,0,0,0,0,0,0
737895,2174,1,574,10285,1,0,1
737896,65535,255,3231,9817,0,0,0
737897,65535,255,5097,9471,0,0,0
737898,527,0,4909,-7112,1,0,1
737899,65535,255,3055,-7393,0,0,0
737900,362,0,406,-7911,1,0,1
737901,507,0,2427,10003,1,0,0
737902,646,0,4564,9553,1,0,1
737903,493,0,5365,-7037,1,0,1
737904,590,0,3759,-7288,1,0,1
737905,0,0,0,0,0,0,0
737906,724,0,1535,10057,1,0,1
737907,65535,255,3947,9657,0,0,0
737908,65535,255,5562,9382,0,0,0
737909,65535,255,4373,-7190,0,0,0
737910,458,0,2251,-7535,1,0,1
737911,0,0,0,0,0,0,0
737912,65535,255,3235,9806,0,0,0
737913,65535,255,5100,9471,0,0,0
737914,65535,255,4903,-7123,0,0,0
737915,65535,255,3051,-7414,0,0,0
737916,391,0,401,-8159,1,0,1
737917,397,0,2437,9845,1,0,1
737918,65535,255,4568,9578,0,0,0
737919,644,0,5360,-6989,1,0,1
737920,65535,255,3755,-7321,0,0,0
737921,687,0,1349,-7606,1,0,1
737922,65535,255,1547,9886,0,0,0
737923,65535,255,3950,9723,0,0,0
737924,531,0,5567,9353,1,0,1
737925,450,0,4369,-7260,1,0,1
737926,65535,255,2236,-7480,0,0,0
737927,65535,255,592,9997,0,0,0
737928,65535,255,3244,9786,0,0,0
737929,0,0,0,0,0,0,0
737930,65535,255,6327,9188,0,0,0
737931,65535,255,3041,-7415,0,0,0
737932,314,0,384,-8265,1,0,1
737933,526,0,2447,9870,1,0,1
737934,65535,255,4575,9594,0,0,0
737935,468,0,5974,9283,1,0,1
737936,65535,255,6922,8956,0,0,0
737937,355,0,1338,-7732,1,0,1
737938,376,0,1557,10012,1,0,1
737939,65535,255,3962,9655,0,0,0
737940,65535,255,5573,9388,0,0,0
737941,65535,255,6643,9083,0,0,0
737942,373,0,2225,-7611,1,0,1
737943,65535,255,611,9675,0,0,0
737944,65535,255,3258,9746,0,0,0
737945,65535,255,5112,9513,0,0,0
737946,464,0,6332,9178,1,0,1
737947,0,0,0,0,0,0,0
737948,65535,255,366,-8110,0,0,0
737949,544,0,2462,9855,1,0,1
737950,587,0,4585,9593,1,0,1
737951,65535,255,5981,9281,0,0,0
737952,65535,255,6927,8957,0,0,1
737953,228,0,1321,-7783,1,0,1
737954,65535,255,1574,10072,0,0,0
737955,631,0,3977,9682,1,0,1
737956,299,0,5583,9404,1,0,1
737957,65535,255,6650,9046,0,0,0
737958,65535,255,-32768,-32768,0,65535,1
737959,501,0,632,10001,1,0,1
737960,592,0,3275,9801,1,0,1
737961,359,0,5126,9476,1,0,0
737962,520,0,6342,9147,1,0,1
737963,65535,255,-32768,-32768,0,65535,1
737964,65535,255,342,-7555,0,0,0
737965,653,0,2481,9982,1,0,1
737966,65535,255,4602,9560,0,0,0
737967,492,0,5991,9269,1,0,1
737968,65535,255,6932,8950,0,0,0
737969,649,0,1299,-7507,1,0,1
737970,347,0,1590,9988,1,0,1
737971,65535,255,3984,9710,0,0,0
737972,23,0,5588,9389,1,0,0
737973,65535,255,6653,9056,0,0,0
737974,592,0,2204,-7614,1,0,1
737975,65535,255,632,10103,0,0,0
737976,65535,255,3280,9745,0,0,0
737977,407,0,5126,9481,1,0,1
737978,105,2,6339,9177,1,0,1
737979,127,2,3018,-7459,1,0,0
737980,65535,255,354,-8120,0,0,0
737981,489,0,2471,9957,1,0,1
737982,517,0,4591,9599,1,0,1
737983,65535,255,5985,9252,0,0,1
737984,319,0,3731,-7364,1,0,1
737985,65535,255,1315,-7584,0,0,0
737986,317,0,1573,10072,1,0,1
737987,401,0,3973,9742,1,0,1
737988,65535,255,5580,9409,0,0,0
737989,65535,255,4351,-7194,0,0,0
737990,358,0,2214,-7467,1,0,1
737991,1119,0,616,10480,1,0,1
737992,65535,255,3267,9811,0,0,0
737993,65535,255,5118,9517,0,0,0
737994,65535,255,4887,-7144,0,0,0
737995,65535,255,3027,-7395,0,0,0
737996,313,0,365,-7555,1,0,1
737997,275,0,2462,9880,1,0,1
737998,65535,255,4585,9568,0,0,0
737999,65535,255,5350,-7021,0,0,0
738000,65535,255,3742,-7339,0,0,0
738001,65535,255,1326,-7506,0,0,0
738002,65535,255,1563,10030,0,0,0
738003,65535,255,3966,9735,0,0,0
738004,525,0,5575,9405,1,0,1
738005,65535,255,4359,-7185,0,0,0
738006,381,0,2224,-7465,1,0,1
738007,0,0,0,0,0,0,0
738008,661,0,3258,9822,1,0,1
738009,415,0,5113,9452,1,0,1
738010,65535,255,4893,-7159,0,0,0
738011,65535,255,3036,-7425,0,0,0
738012,492,0,376,-7917,1,0,1
738013,329,0,2452,9945,1,0,0
738014,378,0,4578,9593,1,0,1
738015,65535,255,5354,-6977,0,0,0
738016,435,0,3747,-7385,1,0,1
738017,658,0,1337,-7680,1,0,1
738018,311,0,1558,9841,1,0,1
738019,65535,255,3962,9676,0,0,0
738020,65535,255,5573,9370,0,0,0
738021,65535,255,4362,-7248,0,0,0
738022,396,0,2235,-7608,1,0,1
738023,1481,0,598,10213,1,0,1
738024,325,0,3254,9765,1,0,1
738025,65535,255,5107,9510,0,0,0
738026,487,0,4897,-7136,1,0,1
738027,65535,255,3040,-7393,0,0,0
738028,308,0,382,-7651,1,0,1
738029,402,0,2442,9920,1,0,1
738030,65535,255,4575,9588,0,0,0
738031,65535,255,5356,-6986,0,0,0
738032,65535,255,3751,-7385,0,0,0
738033,357,0,1343,-7680,1,0,1
738034,344,0,1553,9864,1,0,1
738035,65535,255,3959,9684,0,0,0
738036,0,0,0,0,0,0,0
738037,65535,255,4365,-7267,0,0,0
738038,330,0,2235,-7515,1,0,1
738039,551,0,593,10440,1,0,1
738040,292,0,3249,9823,1,0,0
738041,468,0,5107,9458,1,0,1
738042,426,0,4896,-7086,1,0,1
738043,283,0,3041,-7465,1,0,1
738044,65535,255,384,-7263,0,0,0
738045,348,0,2443,9830,1,0,1
738046,396,0,4572,9551,1,0,1
738047,65535,255,5356,-7023,0,0,0
738048,65535,255,3750,-7352,0,0,0
738049,357,0,1343,-7603,1,0,1
738050,216,0,1552,10137,1,0,1
738051,261,0,3959,9670,1,0,1
738052,65535,255,5569,9375,0,0,0
738053,478,0,4365,-7261,1,0,1
738054,65535,255,2230,-7434,0,0,0
738055,1015,0,597,10023,1,0,1
738056,691,0,3249,9842,1,0,1
738057,430,0,5108,9474,1,0,1
738058,578,0,4894,-7108,1,0,1
738059,422,0,3055,-7385,1,0,1
738060,65535,255,406,-8149,0,0,0
738061,65535,255,2428,9867,0,0,0
738062,65535,255,4562,9605,0,0,1
738063,65535,255,5364,-7017,0,0,0
738064,0,0,0,0,0,0,0
738065,818,0,1360,-7484,1,0,1
738066,65535,255,1530,10076,0,0,0
738067,603,0,3940,9720,1,0,1
738068,531,0,5561,9364,1,0,1
738069,65535,255,4375,-7180,0,0,0
738070,65535,255,2256,-7567,0,0,0
738071,65535,255,570,10451,0,0,0
738072,726,0,3232,9736,1,0,1
738073,402,0,5095,9469,1,0,1
738074,513,0,4909,-7115,1,0,1
738075,65535,255,3059,-7426,0,0,0
738076,65535,255,412,-7342,0,0,0
738077,137,0,2423,9960,1,0,0
738078,458,0,4559,9556,1,0,1
738079,570,0,5367,-6986,1,0,1
738080,65535,255,3766,-7345,0,0,0
738081,65535,255,1365,-7729,0,0,0
738082,419,0,1525,10074,1,0,1
738083,635,0,3941,9698,1,0,1
738084,65535,255,5559,9351,0,0,0
738085,65535,255,4378,-7259,0,0,0
738086,375,0,2255,-7566,1,0,0
738087,65535,255,570,10342,0,0,0
738088,65535,255,3231,9756,0,0,0
738089,65535,255,5095,9463,0,0,0
738090,65535,255,4909,-7137,0,0,0
738091,65535,255,3060,-7477,0,0,0
738092,65535,255,406,-7830,0,0,0
738093,0,0,0,0,0,0,0
738094,65535,255,4561,9601,0,0,0
738095,1654,1,5367,-7029,1,0,1
738096,65535,255,3763,-7299,0,0,0
738097,591,0,1360,-7633,1,0,1
738098,0,0,0,0,0,0,0
738099,65535,255,3947,9677,0,0,0
738100,431,0,5562,9376,1,0,1
738101,65535,255,4379,-7275,0,0,0
738102,629,0,2251,-7583,1,0,1
738103,2014,1,581,9767,1,0,1
738104,515,0,3235,9784,1,0,1
738105,755,0,5100,9489,1,0,1
738106,408,0,4906,-7083,1,0,1
738107,65535,255,3051,-7395,0,0,0
738108,65535,255,396,-7163,0,0,0
738109,223,0,2432,9960,1,0,1
738110,638,0,4567,9576,1,0,1
738111,65535,255,5362,-7011,0,0,0
738112,598,0,3755,-7277,1,0,1
738113,525,0,1349,-7585,1,0,1
738114,693,0,1545,9990,1,0,1
738115,0,0,0,0,0,0,0
738116,633,0,5570,9355,1,0,1
738117,558,0,4369,-7193,1,0,1
738118,65535,255,2241,-7642,0,0,0
738119,1308,0,591,10052,1,0,1
738120,65535,255,3248,9850,0,0,0
738121,65535,255,5107,9476,0,0,0
738122,65535,255,4897,-7129,0,0,0
738123,65535,255,3041,-7489,0,0,0
738124,1337,0,383,-8096,1,0,1
738125,0,0,0,0,0,0,0
738126,65535,255,4581,9555,0,0,0
738127,383,0,5354,-6999,1,0,1
738128,635,0,3747,-7397,1,0,1
738129,895,0,1332,-7609,1,0,0
738130,65535,255,1562,10030,0,0,0
738131,65535,255,3969,9703,0,0,0
738132,776,0,5577,9372,1,0,1
738133,65535,255,4356,-7227,0,0,0
738134,65535,255,2219,-7498,0,0,0
738135,65535,255,616,10481,0,0,0
738136,588,2,3264,9771,1,0,1
738137,489,0,5117,9492,1,0,1
738138,65535,255,4891,-7129,0,0,0
738139,619,2,3027,-7398,1,0,1
738140,549,0,371,-7837,1,0,1
738141,65535,255,2456,9957,0,0,0
738142,0,0,0,0,0,0,0
738143,65535,255,5351,-7003,0,0,0
738144,1319,0,3743,-7333,3,0,0
738145,65535,255,1332,-7559,0,0,0
738146,65535,255,1557,10116,0,0,0
738147,65535,255,3962,9668,0,0,0
738148,1013,0,5572,9382,3,0,0
738149,65535,255,4363,-7276,0,0,0
738150,0,0,0,0,0,0,0
738151,65535,255,598,9831,0,0,0
738152,642,0,3254,9736,1,0,1
738153,65535,255,5106,9504,0,0,0
738154,609,0,4897,-7144,1,0,1
738155,0,0,0,0,0,0,0
738156,0,0,0,0,0,0,0
738157,795,0,2442,9831,1,0,1
738158,65535,255,4574,9557,0,0,0
738159,377,0,5359,-7035,1,0,1
738160,65535,255,3755,-7393,0,0,0
738161,65535,255,1349,-7756,0,0,0
738162,65535,255,1546,9990,0,0,0
738163,133,2,3950,9744,1,0,1
738164,778,0,5567,9361,1,0,1
738165,641,0,4369,-7250,1,0,1
738166,597,2,2242,-7516,1,0,1
738167,1752,0,587,9713,1,0,1
738168,344,0,3240,9862,1,0,1
738169,65535,255,5100,9495,0,0,0
738170,65535,255,4903,-7141,0,0,0
738171,65535,255,3051,-7435,0,0,0
738172,65535,255,403,-8316,0,0,0
738173,65535,255,2435,9843,0,0,0
738174,65535,255,4566,9571,0,0,0
738175,414,0,5361,-6976,1,0,1
738176,65535,255,3757,-7298,0,0,0
738177,65535,255,1357,-7483,0,0,0
738178,65535,255,1534,10098,0,0,0
738179,643,0,3946,9671,1,0,1
738180,740,0,5561,9390,1,0,1
738181,572,0,4374,-7195,1,0,1
738182,379,0,2252,-7551,1,0,1
738183,65535,255,579,10165,0,0,0
738184,65535,255,3234,9806,0,0,0
738185,1056,0,5096,9465,1,0,0
738186,1195,0,4905,-7113,1,0,0
738187,1276,0,3053,-7392,1,0,0
738188,902,0,407,-7988,3,0,0
738189,65535,255,2429,9847,0,0,0
738190,65535,255,4563,9559,0,0,0
738191,65535,255,5364,-6994,0,0,0
738192,1016,0,3761,-7289,3,0,0
738193,912,0,1356,-7483,3,0,0
738194,65535,255,1528,10100,0,0,0
738195,1170,0,3942,9679,3,0,0
738196,0,0,0,0,0,0,0
738197,1141,0,4374,-7208,3,0,0
738198,65535,255,2252,-7592,0,0,0
738199,1785,0,574,10395,3,0,0
738200,65535,255,3234,9844,0,0,0
738201,65535,255,5097,9491,0,0,0
738202,65535,255,4905,-7145,0,0,0
738203,65535,255,3057,-7453,0,0,0
738204,1717,0,402,-7249,3,0,0
738205,65535,255,2426,9897,0,0,0
738206,65535,255,4559,9609,0,0,0
738207,65535,255,5364,-7012,0,0,0
738208,65535,255,3760,-7360,0,0,0
738209,928,0,1362,-7726,1,0,0
738210,940,0,1533,9992,1,0,0
738211,1123,0,3946,9649,1,0,1
738212,631,0,5561,9377,1,0,1
738213,568,0,4374,-7189,1,0,1
738214,416,0,2247,-7549,1,0,1
738215,65535,255,579,10279,0,0,1
738216,0,0,0,0,0,0,0
738217,755,0,5099,9491,1,0,1
738218,354,0,4905,-7146,1,0,1
738219,335,0,3052,-7464,1,0,1
738220,65535,255,396,-7407,0,0,0
738221,65535,255,2431,9949,0,0,0
738222,65535,255,4566,9633,0,0,0
738223,510,0,5363,-7033,1,0,1
738224,65535,255,3756,-7281,0,0,0
738225,859,0,1350,-7505,1,0,1
738226,910,0,1539,10162,1,0,1
738227,610,0,3949,9709,1,0,1
738228,622,0,5566,9389,1,0,1
738229,65535,255,4370,-7253,0,0,0
738230,774,0,2242,-7478,1,0,0
738231,1745,0,590,10050,1,0,1
738232,560,0,3243,9796,1,0,1
738233,685,0,5105,9475,1,0,1
738234,65535,255,4901,-7135,0,0,0
738235,596,0,3042,-7454,1,0,1
738236,277,0,385,-7310,1,0,1
738237,741,0,2440,9948,1,0,1
738238,692,0,4573,9616,1,0,1
738239,476,0,5358,-7022,1,0,1
738240,65535,255,3748,-7305,0,0,0
738241,65535,255,1339,-7579,0,0,0
738242,880,0,1556,9927,1,0,1
738243,65535,255,3960,9744,0,0,0
738244,65535,255,5573,9375,0,0,0
738245,333,0,4360,-7198,1,0,1
738246,65535,255,2231,-7594,0,0,0
738247,0,0,0,0,0,0,0
738248,266,0,3261,9746,1,0,1
738249,65535,255,5116,9453,0,0,0
738250,711,0,4891,-7120,1,0,1
738251,65535,255,3033,-7435,0,0,0
738252,376,0,373,-7208,1,0,1
738253,429,0,2461,9945,1,0,1
738254,202,0,4587,9551,1,0,1
738255,615,0,5349,-6977,1,0,1
738256,65535,255,3736,-7331,0,0,0
738257,735,0,1322,-7683,1,0,1
738258,65535,255,1578,10010,0,0,0
738259,65535,255,3976,9668,0,0,0
738260,288,2,5584,9405,1,0,1
738261,65535,255,4350,-7245,0,0,0
738262,65535,255,2210,-7495,0,0,0
738263,65535,255,625,10210,0,0,0
738264,65535,255,3275,9849,0,0,0
738265,484,0,5125,9507,1,0,1
738266,470,0,4879,-7096,1,0,1
738267,610,0,3009,-7407,1,0,1
738268,352,0,346,-6974,1,0,1
738269,350,0,2481,9930,1,0,1
738270,421,0,4601,9547,1,0,1
738271,65535,255,5338,-6985,0,0,0
738272,508,0,3719,-7344,1,0,1
738273,65535,255,1293,-7765,0,0,0
738274,65535,255,1601,10110,0,0,0
738275,65535,255,3995,9709,0,0,0
738276,65535,255,5592,9402,0,0,0
738277,65535,255,4334,-7262,0,0,0
738278,65535,255,2193,-7587,0,0,0
738279,0,0,0,0,0,0,0
738280,65535,255,3284,9838,0,0,0
738281,65535,255,5129,9480,0,0,0
738282,65535,255,4876,-7130,0,0,0
738283,65535,255,3013,-7502,0,0,0
738284,65535,255,350,-8413,0,0,0
738285,374,0,2476,9957,1,0,1
738286,65535,255,4595,9586,0,0,0
738287,65535,255,5343,-7027,0,0,0
738288,540,0,3727,-7325,1,0,1
738289,597,0,1316,-7786,1,0,1
738290,444,0,1584,9886,1,0,1
738291,65535,255,3977,9660,0,0,0
738292,355,0,5582,9350,1,0,1
738293,510,0,4349,-7199,1,0,1
738294,538,0,2214,-7452,1,0,1
738295,65535,255,615,10324,0,0,0
738296,500,0,3262,9765,1,0,1
738297,442,0,5115,9493,1,0,1
738298,65535,255,6332,9179,0,0,0
738299,304,0,3027,-7458,1,0,1
738300,454,0,371,-8015,1,0,1
738301,65535,255,2456,9935,0,0,0
738302,65535,255,4581,9576,0,0,0
738303,65535,255,5976,9299,0,0,0
738304,65535,255,6924,8944,0,0,0
738305,65535,255,1333,-7831,0,0,0
738306,65535,255,1557,9929,0,0,0
738307,65535,255,3962,9685,0,0,0
738308,65535,255,5570,9371,0,0,0
738309,65535,255,6642,9046,0,0,0
738310,65535,255,2230,-7538,0,0,0
738311,65535,255,598,9833,0,0,0
738312,313,0,3248,9843,1,0,1
738313,65535,255,5106,9454,0,0,0
738314,328,0,6327,9158,1,0,1
738315,65535,255,-32768,-32768,0,65535,1
738316,65535,255,388,-7576,0,0,0
738317,254,0,2442,9871,1,0,1
738318,351,0,4571,9553,1,0,1
738319,0,0,0,0,0,0,0
738320,65535,255,6917,8976,0,0,1
738321,517,0,1349,-7656,1,0,1
738322,65535,255,1540,10078,0,0,0
738323,406,0,3947,9724,1,0,1
738324,403,0,5562,9386,1,0,1
738325,517,0,6636,9048,1,0,1
738326,65535,255,-32768,-32768,0,65535,0
738327,65535,255,576,9709,0,0,0
738328,468,0,3231,9808,1,0,1
738329,65535,255,5095,9509,0,0,0
738330,65535,255,6319,9186,0,0,0
738331,65535,255,-32768,-32768,0,65535,1
738332,138,0,412,-7983,1,0,1
738333,340,0,2417,9926,1,0,0
738334,332,0,4554,9568,1,0,1
738335,65535,255,5961,9287,0,0,0
738336,65535,255,6910,8978,0,0,1
738337,65535,255,1377,-7700,0,0,0
738338,65535,255,1513,10147,0,0,0
738339,65535,255,3928,9757,0,0,0
738340,65535,255,5552,9407,0,0,0
738341,65535,255,6627,9068,0,0,0
738342,65535,255,2273,-7632,0,0,1
738343,65535,255,550,10174,0,0,0
738344,258,0,3216,9766,1,0,1
738345,65535,255,5084,9474,0,0,0
738346,65535,255,6311,9168,0,0,0
738347,65535,255,3078,-7420,0,0,0
738348,299,0,435,-7665,1,0,1
738349,65535,255,2403,9875,0,0,0
738350,65535,255,4542,9581,0,0,0
738351,65535,255,5953,9281,0,0,0
738352,281,0,3783,-7292,1,0,1
738353,65535,255,1394,-7699,0,0,0
738354,65535,255,1497,10169,0,0,0
738355,38,2,3917,9656,1,0,0
738356,65535,255,5542,9418,0,0,0
738357,262,0,4399,-7191,1,0,1
738358,94,0,2288,-7460,1,0,0
738359,312,0,530,10404,1,0,1
738360,65535,255,3200,9772,0,0,0
738361,332,0,5075,9502,1,0,1
738362,65535,255,4929,-7117,0,0,0
738363,219,0,3091,-7487,1,0,1
738364,0,0,0,0,0,0,0
738365,0,0,0,0,0,0,0
738366,0,0,0,0,0,0,0
738367,0,0,0,0,0,0,0
738368,0,0,0,0,0,0,0
738369,0,0,0,0,0,0,0
738370,0,0,0,0,0,0,0
738371,0,0,0,0,0,0,0
738372,0,0,0,0,0,0,0
738373,0,0,0,0,0,0,0
738374,0,0,0,0,0,0,0
738375,0,0,0,0,0,0,0
738376,0,0,0,0,0,0,0
738377,0,0,0,0,0,0,0
738378,0,0,0,0,0,0,0
738379,0,0,0,0,0,0,0
738380,0,0,0,0,0,0,0
738381,0,0,0,0,0,0,0
738382,0,0,0,0,0,0,0
738383,0,0,0,0,0,0,0
738384,0,0,0,0,0,0,0
738385,0,0,0,0,0,0,0
738386,0,0,0,0,0,0,0
738387,0,0,0,0,0,0,0
738388,0,0,0,0,0,0,0
738389,0,0,0,0,0,0,0
738390,0,0,0,0,0,0,0
738391,0,0,0,0,0,0,0
738392,0,0,0,0,0,0,0
738393,0,0,0,0,0,0,0
738394,0,0,0,0,0,0,0
738395,0,0,0,0,0,0,0
738396,0,0,0,0,0,0,0
738397,101,0,2364,9878,1,0,0
738398,65535,255,4520,9567,0,0,0
738399,65535,255,5397,-7028,0,0,0
738400,65535,255,3811,-7350,0,0,0
738401,65535,255,1427,-7552,0,0,0
738402,563,2,1464,10089,1,0,1
738403,308,0,3895,9755,1,0,1
738404,352,0,5527,9422,1,0,1
738405,290,0,4419,-7212,1,0,0
738406,362,0,2314,-7540,1,0,1
738407,1741,0,505,9913,1,0,1
738408,65535,255,3173,9873,0,0,0
738409,65535,255,5059,9484,0,0,0
738410,425,0,4944,-7113,1,0,1
738411,307,0,3113,-7432,1,0,1
738412,65535,255,481,-7389,0,0,0
738413,65535,255,2364,9864,0,0,0
738414,65535,255,4517,9568,0,0,0
738415,65535,255,5398,-7019,0,0,0
738416,65535,255,3815,-7365,0,0,0
738417,65535,255,1433,-7619,0,0,0
738418,65535,255,1458,10159,0,0,0
738419,482,0,3895,9671,1,0,1
738420,544,0,5528,9376,1,0,1
738421,65535,255,4419,-7262,0,0,0
738422,296,0,2314,-7441,1,0,1
738423,65535,255,500,10507,0,0,0
738424,65535,255,3178,9824,0,0,0
738425,448,0,5059,9463,1,0,1
738426,371,0,4941,-7092,1,0,1
738427,498,0,3113,-7484,1,0,1
738428,472,0,476,-7314,1,0,1
738429,65535,255,2364,9865,0,0,0
738430,279,0,4521,9568,1,0,1
738431,430,0,5394,-6965,1,0,1
738432,344,0,3807,-7281,1,0,1
738433,0,0,0,0,0,0,0
738434,65535,255,1470,9930,0,0,0
738435,362,0,3895,9717,1,0,1
738436,439,0,5530,9408,1,0,1
738437,485,0,4412,-7218,1,0,1
738438,65535,255,2309,-7568,0,0,0
738439,65535,255,511,10173,0,0,0
738440,65535,255,3182,9786,0,0,0
738441,65535,255,5062,9532,0,0,0
738442,449,0,4935,-7093,1,0,1
738443,291,0,3104,-7464,1,0,1
738444,65535,255,469,-7525,0,0,0
738445,65535,255,2364,9972,0,0,0
738446,65535,255,4518,9632,0,0,0
738447,65535,255,5394,-6969,0,0,0
738448,65535,255,3810,-7310,0,0,0
738449,563,0,1433,-7597,1,0,1
738450,65535,255,1458,9907,0,0,0
738451,480,0,3883,9751,1,0,1
738452,65535,255,5522,9380,0,0,0
738453,456,0,4424,-7197,1,0,1
738454,65535,255,2331,-7592,0,0,0
738455,65535,255,485,10022,0,0,0
738456,65535,255,3159,9741,0,0,0
738457,65535,255,5046,9536,0,0,0
738458,314,0,4954,-7116,1,0,1
738459,65535,255,3132,-7430,0,0,0
738460,65535,255,511,-7347,0,0,0
738461,670,0,2332,9953,1,0,1
738462,65535,255,4496,9648,0,0,0
738463,500,0,5411,-6979,1,0,1
738464,452,0,3835,-7330,1,0,1
738465,618,0,1468,-7706,1,0,1
738466,491,0,1417,10054,1,0,1
738467,521,0,3862,9686,1,0,1
738468,65535,255,5506,9416,0,0,0
738469,332,0,4443,-7162,1,0,1
738470,65535,255,2360,-7534,0,0,0
738471,0,0,0,0,0,0,0
738472,0,0,0,0,0,0,0
738473,488,0,5028,9536,1,0,1
738474,355,0,4972,-7123,1,0,1
738475,65535,255,3159,-7456,0,0,0
738476,746,0,539,-7674,1,0,1
738477,404,0,2306,9939,1,0,1
738478,449,0,4479,9595,1,0,1
738479,65535,255,5433,-6994,0,0,0
738480,579,0,3864,-7276,1,0,1
738481,65535,255,1500,-7642,0,0,0
738482,65535,255,1390,10099,0,0,0
738483,65535,255,3841,9739,0,0,0
738484,580,0,5496,9400,1,0,1
738485,590,0,4460,-7176,1,0,1
738486,65535,255,2380,-7630,0,0,0
738487,65535,255,435,10119,0,0,0
738488,485,0,3125,9822,1,0,1
738489,65535,255,5028,9477,0,0,0
738490,541,0,4975,-7100,1,0,1
738491,65535,255,3159,-7461,0,0,0
738492,65535,255,539,-7983,0,0,0
738493,341,0,2311,9937,1,0,1
738494,65535,255,4486,9583,0,0,0
738495,510,0,5422,-6962,1,0,1
738496,65535,255,3847,-7355,0,0,0
738497,365,0,1474,-7554,1,0,1
738498,0,0,0,0,0,0,0
738499,65535,255,3862,9728,0,0,0
738500,275,0,5511,9396,1,0,1
738501,0,0,0,0,0,0,0
738502,65535,255,2350,-7446,0,0,0
738503,274,2,464,10403,1,0,1
738504,65535,255,3150,9786,0,0,0
738505,65535,255,5042,9512,0,0,0
738506,0,0,0,0,0,0,0
738507,65535,255,3132,-7386,0,0,0
738508,65535,255,504,-7545,0,0,0
738509,65535,255,2343,9864,0,0,0
738510,335,0,4509,9554,1,0,1
738511,595,0,5408,-7023,1,0,1
738512,65535,255,3823,-7336,0,0,0
738513,239,0,1440,-7510,1,0,1
738514,65535,255,1451,10022,0,0,0
738515,65535,255,3890,9732,0,0,0
738516,65535,255,5526,9407,0,0,0
738517,425,0,4423,-7202,1,0,1
738518,38,2,2320,-7516,1,0,1
738519,62,2,505,9788,1,0,1
738520,65535,255,3181,9860,0,0,0
738521,65535,255,5063,9476,0,0,0
