sdate,line_t,line_tmq,line_tvza,line_tvaa,line_tm2,line_QFDNB,line_tm_buf
735235,40,2,2827,9845,1,0,1
735236,36,2,5058,9585,1,0,1
735237,233,0,6436,9311,1,0,1
735238,134,0,4142,-7560,1,0,0
735239,65535,255,1468,-7863,0,0,0
735240,65535,255,1852,9909,0,0,0
735241,65535,255,4440,9613,0,0,0
735242,65535,255,6048,9389,0,0,0
735243,65535,255,4784,-7507,0,0,0
735244,65535,255,2468,-7734,0,0,0
735245,62,0,776,10181,1,0,1
735246,265,0,3707,9775,1,0,1
735247,43,2,5600,9488,1,0,1
735248,50,0,6551,-7153,1,0,1
735249,24,0,3356,-7613,1,0,1
735250,65535,255,350,-8469,0,0,0
735251,65535,255,2850,9787,0,0,0
735252,68,0,5067,9557,1,0,1
735253,44,0,6441,9296,1,0,1
735254,282,0,4138,-7623,1,0,1
735255,22,2,1463,-7727,1,0,1
735256,71,0,1847,9786,1,0,1
735257,82,0,4433,9659,1,0,1
735258,0,0,0,0,0,0,0
735259,43,2,4793,-7524,1,0,1
735260,181,0,2493,-7796,1,0,1
735261,0,0,0,0,0,0,0
735262,65535,255,3684,9690,0,0,0
735263,64,0,5580,9505,1,0,0
735264,65535,255,6563,-7143,0,0,0
735265,65535,255,3394,-7680,0,0,0
735266,65535,255,394,-7901,0,0,0
735267,100,0,2809,9724,1,0,1
735268,53,0,5043,9533,1,0,1
735269,65535,255,6424,9339,0,0,0
735270,54,0,4164,-7612,1,0,1
735271,129,2,1507,-7708,1,0,1
735272,35,0,1809,9786,1,0,1
735273,50,0,4403,9675,1,0,1
735274,134,0,6025,9395,1,0,1
735275,65535,255,4813,-7474,0,0,0
735276,71,0,2523,-7666,1,0,1
735277,13,0,706,10017,1,0,1
735278,65535,255,3652,9749,0,0,0
735279,65535,255,5563,9476,0,0,0
735280,65535,255,6574,-7139,0,0,0
735281,17,0,3419,-7642,1,0,1
735282,107,0,436,-7599,1,0,1
735283,89,0,2771,9873,1,0,1
735284,87,0,5021,9567,1,0,1
735285,43,0,6409,9338,1,0,1
735286,54,0,4186,-7615,1,0,1
735287,99,0,1539,-7749,1,0,1
735288,99,0,1770,9843,1,0,1
735289,118,2,4380,9691,1,0,1
735290,65535,255,6010,9376,0,0,0
735291,35,0,4832,-7477,1,0,1
735292,76,0,2553,-7665,1,0,0
735293,20,0,672,9925,1,0,1
735294,65535,255,3628,9728,0,0,0
735295,132,2,5545,9457,1,0,1
735296,65535,255,6583,-7126,0,0,0
735297,65535,255,3448,-7698,0,0,0
735298,100,0,477,-8248,1,0,1
735299,65535,255,2742,9785,0,0,0
735300,65535,255,4999,9561,0,0,0
735301,144,0,6398,9302,1,0,1
735302,65535,255,4208,-7544,0,0,0
735303,321,0,1578,-7831,1,0,1
735304,36,0,1737,9902,1,0,1
735305,0,0,0,0,0,0,0
735306,40,0,5995,9395,1,0,1
735307,101,0,4852,-7512,1,0,1
735308,65535,255,2587,-7761,0,0,0
735309,23,0,639,9611,1,0,1
735310,65535,255,3602,9688,0,0,0
735311,65535,255,5530,9514,0,0,0
735312,65535,255,6592,-7116,0,0,0
735313,208,0,3470,-7593,1,0,1
735314,65535,255,503,-7938,0,0,0
735315,42,0,2718,9833,1,0,1
735316,62,0,4984,9596,1,0,1
735317,76,0,6388,9329,1,0,1
735318,30,2,4225,-7610,1,0,1
735319,65535,255,1600,-7748,0,0,0
735320,184,0,1710,9846,1,0,1
735321,130,0,4343,9636,1,0,1
735322,44,0,5988,9397,1,0,1
735323,65535,255,6254,-7239,0,0,0
735324,82,0,2607,-7808,1,0,1
735325,22,2,608,9921,1,0,1
735326,102,0,3585,9749,1,0,1
735327,65535,255,5520,9484,0,0,0
735328,65535,255,6600,-7147,0,0,0
735329,65535,255,3487,-7705,0,0,0
735330,55,0,523,-8280,1,0,1
735331,69,0,2703,9835,1,0,1
735332,69,0,4974,9609,1,0,1
735333,65535,255,6382,9346,0,0,0
735334,43,0,4236,-7547,1,0,1
735335,21,0,1616,-7930,1,0,1
735336,65535,255,1697,9804,0,0,0
735337,24,0,4333,9692,1,0,1
735338,162,0,5982,9394,1,0,1
735339,314,0,6261,-7234,1,0,1
735340,65535,255,2617,-7672,0,0,0
735341,65535,255,597,10253,0,0,0
735342,65535,255,3580,9691,0,0,0
735343,128,0,5519,9462,1,0,1
735344,65535,255,6603,-7130,0,0,0
735345,65535,255,3495,-7703,0,0,0
735346,65535,255,530,-7400,0,0,0
735347,23,2,2698,9883,1,0,1
735348,27,2,4977,9554,1,0,1
735349,280,0,6382,9314,1,0,1
735350,30,2,4239,-7608,1,0,1
735351,43,2,1622,-7829,1,0,1
735352,18,2,1693,10002,1,0,1
735353,44,2,4336,9680,1,0,1
735354,215,0,5984,9395,1,0,1
735355,88,0,6261,-7237,1,0,1
735356,120,0,2617,-7721,1,0,1
735357,254,0,603,9706,1,0,1
735358,185,0,3580,9759,1,0,1
735359,83,0,5521,9508,1,0,1
735360,251,0,6603,-7113,1,0,1
735361,24,0,3491,-7695,1,0,1
735362,65535,255,523,-7458,0,0,0
735363,102,2,2707,9755,1,0,1
735364,120,0,4979,9582,1,0,1
735365,65535,255,6386,9342,0,0,1
735366,30,0,4236,-7575,1,0,1
735367,65535,255,1611,-7769,0,0,0
735368,45,0,1704,9982,1,0,1
735369,27,0,4344,9692,1,0,1
735370,65535,255,5988,9410,0,0,0
735371,65535,255,6257,-7197,0,0,0
735372,67,0,2605,-7788,1,0,1
735373,65535,255,614,10357,0,0,0
735374,65535,255,3593,9749,0,0,0
735375,32,0,5529,9511,1,0,1
735376,45,0,6597,-7118,1,0,1
735377,53,0,3474,-7602,1,0,1
735378,65535,255,505,-7968,0,0,0
735379,65535,255,2722,9846,0,0,0
735380,65535,255,4992,9564,0,0,0
735381,41,0,6394,9340,1,0,1
735382,65535,255,4221,-7583,0,0,0
735383,124,0,1589,-7831,1,0,1
735384,44,0,1732,9790,1,0,1
735385,51,0,4358,9644,1,0,1
735386,62,0,6000,9392,1,0,1
735387,96,0,6249,-7233,1,0,1
735388,33,0,2582,-7823,1,0,0
735389,65535,255,649,9635,0,0,0
735390,183,0,3614,9764,1,0,1
735391,331,0,5542,9459,1,0,1
735392,129,0,6588,-7130,1,0,1
735393,80,0,3453,-7673,1,0,1
735394,325,2,471,-7480,1,0,1
735395,65535,255,2747,9797,0,0,0
735396,66,0,5008,9551,1,0,1
735397,65535,255,6404,9334,0,0,0
735398,186,0,4200,-7585,1,0,1
735399,21,0,1556,-7896,1,0,1
735400,23,0,1765,9863,1,0,1
735401,35,0,4380,9680,1,0,1
735402,69,2,6012,9417,1,0,1
735403,113,2,6236,-7202,1,0,0
735404,65535,255,2547,-7739,0,0,0
735405,20,0,683,10120,1,0,0
735406,132,0,3640,9736,1,0,1
735407,44,0,5557,9493,1,0,1
735408,186,2,6577,-7123,1,0,1
735409,27,0,3420,-7676,1,0,1
735410,16,2,430,-7674,1,0,1
735411,65535,255,2780,9840,0,0,0
735412,65535,255,5028,9575,0,0,0
735413,65535,255,6416,9302,0,0,0
735414,42,0,4168,-7534,1,0,1
735415,65535,255,1512,-7750,0,0,0
735416,65535,255,1803,9788,0,0,0
735417,37,2,4407,9657,1,0,1
735418,65535,255,6028,9410,0,0,0
735419,65,0,6220,-7251,1,0,0
735420,45,0,2508,-7755,1,0,0
735421,65535,255,730,10199,0,0,0
735422,202,2,3672,9765,1,0,1
735423,65535,255,5578,9475,0,0,0
735424,145,2,6562,-7141,1,0,0
735425,54,0,3382,-7609,1,0,1
735426,25,0,385,-8422,1,0,1
735427,65535,255,2823,9780,0,0,0
735428,65535,255,5053,9555,0,0,0
735429,65535,255,6433,9295,0,0,0
735430,65535,255,4139,-7634,0,0,0
735431,76,2,1464,-7725,1,0,0
735432,37,0,1842,9985,1,0,0
735433,86,0,4431,9622,1,0,0
735434,65535,255,6039,9384,0,0,0
735435,65535,255,6207,-7223,0,0,0
735436,22,0,2489,-7846,1,0,1
735437,483,2,748,9751,1,0,1
735438,34,0,3684,9683,1,0,0
735439,41,0,5580,9493,1,0,1
735440,194,2,6560,-7151,1,0,1
735441,123,0,3390,-7626,1,0,0
735442,65535,255,396,-8351,0,0,0
735443,342,2,2808,9782,1,0,0
735444,65535,255,5041,9557,0,0,0
735445,65535,255,6423,9319,0,0,0
735446,65535,255,4160,-7611,0,0,0
735447,344,2,1502,-7663,1,0,1
735448,65535,255,1809,10006,0,0,0
735449,102,0,4407,9638,1,0,1
735450,65535,255,6027,9403,0,0,0
735451,84,2,6220,-7239,1,0,0
735452,65535,255,2518,-7729,0,0,0
735453,31,0,713,10159,1,0,1
735454,244,0,3656,9759,1,0,0
735455,43,2,5568,9472,1,0,1
735456,65535,255,6570,-7138,0,0,0
735457,30,0,3411,-7607,1,0,1
735458,261,0,431,-8363,1,0,1
735459,35,2,2785,9795,1,0,1
735460,65535,255,5028,9564,0,0,0
735461,64,0,6414,9303,1,0,1
735462,65535,255,4178,-7533,0,0,0
735463,52,0,1529,-7793,1,0,1
735464,41,2,1786,9862,1,0,0
735465,65535,255,4389,9692,0,0,0
735466,65535,255,6019,9381,0,0,0
735467,78,0,6232,-7221,1,0,1
735468,28,2,2543,-7701,1,0,1
735469,52,0,689,10071,1,0,0
735470,276,0,3639,9761,1,0,1
735471,65,0,5557,9479,1,0,1
735472,83,0,6579,-7143,1,0,1
735473,65535,255,3432,-7649,0,0,0
735474,119,0,447,-7683,1,0,0
735475,32,2,2765,9887,1,0,1
735476,70,0,5019,9533,1,0,1
735477,106,0,6409,9341,1,0,0
735478,153,2,4194,-7597,1,0,1
735479,49,0,1551,-7792,1,0,0
735480,311,0,1765,9864,1,0,1
735481,62,0,4382,9610,1,0,0
735482,256,0,6011,9394,1,0,1
735483,35,0,6237,-7235,1,0,1
735484,65535,255,2557,-7787,0,0,1
735485,226,0,672,9731,1,0,1
735486,313,0,3631,9713,1,0,1
735487,36,0,5552,9462,1,0,1
735488,141,0,6583,-7128,1,0,1
735489,49,0,3440,-7639,1,0,1
735490,25,0,459,-7760,1,0,1
735491,65535,255,2756,9763,0,0,0
735492,41,0,5013,9551,1,0,1
735493,65535,255,6406,9302,0,0,0
735494,325,2,4199,-7558,1,0,1
735495,135,0,1561,-7937,1,0,0
735496,28,0,1759,9935,1,0,1
735497,130,0,4375,9675,1,0,1
735498,87,0,6009,9383,1,0,0
735499,102,0,6239,-7223,1,0,0
735500,65535,255,2562,-7787,0,0,0
735501,19,2,666,9827,1,0,1
735502,387,2,3627,9738,1,0,1
735503,128,0,5549,9481,1,0,1
735504,235,2,6585,-7144,1,0,1
735505,25,0,3445,-7717,1,0,1
735506,65535,255,462,-7744,0,0,0
735507,227,0,2752,9855,1,0,1
735508,80,0,5013,9535,1,0,1
735509,65535,255,6406,9299,0,0,0
735510,37,2,4196,-7572,1,0,1
735511,65535,255,1551,-7664,0,0,0
735512,65535,255,1759,9828,0,0,0
735513,27,0,4380,9617,1,0,1
735514,102,0,6009,9411,1,0,1
735515,254,0,6238,-7220,1,0,1
735516,181,0,2558,-7725,1,0,1
735517,110,0,672,9682,1,0,1
735518,22,0,3631,9738,1,0,1
735519,87,0,5552,9485,1,0,1
735520,65535,255,6582,-7148,0,0,0
735521,65,0,3436,-7621,1,0,1
735522,21,0,453,-7830,1,0,1
735523,22,0,2766,9786,1,0,1
735524,351,2,5014,9594,1,0,1
735525,65535,255,6408,9325,0,0,0
735526,13,2,4189,-7572,1,0,1
735527,20,0,1540,-7727,1,0,1
735528,31,0,1775,9920,1,0,1
735529,33,0,4386,9661,1,0,1
735530,163,2,6014,9386,1,0,1
735531,299,2,6232,-7227,1,0,1
735532,22,0,2538,-7714,1,0,1
735533,90,0,695,9737,1,0,1
735534,550,2,3644,9761,1,0,1
735535,120,0,5558,9516,1,0,1
735536,97,0,6572,-7120,1,0,1
735537,179,0,3420,-7719,1,0,1
735538,65535,255,424,-7669,0,0,0
735539,65535,255,2785,9785,0,0,0
735540,280,0,5029,9550,1,0,1
735541,185,0,6416,9311,1,0,1
735542,123,0,4168,-7629,1,0,1
735543,67,0,1512,-7942,1,0,1
735544,188,0,1803,9863,1,0,1
735545,65535,255,4404,9659,0,0,0
735546,65535,255,6026,9400,0,0,0
735547,65535,255,6218,-7242,0,0,0
735548,33,0,2508,-7829,1,0,1
735549,45,0,732,10138,1,0,1
735550,96,0,3672,9758,1,0,1
735551,98,0,5578,9454,1,0,1
735552,297,2,6562,-7126,1,0,1
735553,42,0,3386,-7661,1,0,1
735554,65535,255,379,-7289,0,0,0
735555,79,0,2823,9782,1,0,1
735556,65535,255,5053,9546,0,0,0
735557,60,0,6432,9319,1,0,1
735558,58,0,4142,-7625,1,0,1
735559,65,0,1480,-7948,1,0,0
735560,40,0,1830,9861,1,0,1
735561,259,2,4420,9651,1,0,1
735562,210,2,6034,9391,1,0,1
735563,53,0,6213,-7231,1,0,1
735564,65535,255,2503,-7766,0,0,0
735565,65535,255,730,10066,0,0,0
735566,65535,255,3672,9711,0,0,0
735567,65535,255,5573,9496,0,0,0
735568,65535,255,6565,-7151,0,0,0
735569,65535,255,3403,-7711,0,0,0
735570,28,0,406,-7738,1,0,1
735571,65535,255,2799,9818,0,0,0
735572,65535,255,5035,9554,0,0,0
735573,65535,255,6418,9336,0,0,0
735574,65535,255,4167,-7574,0,0,0
735575,20,0,1512,-7835,1,0,1
735576,65535,255,1798,9809,0,0,0
735577,65535,255,4400,9654,0,0,0
735578,65535,255,6021,9402,0,0,0
735579,65535,255,6226,-7240,0,0,0
735580,65535,255,2528,-7676,0,0,0
735581,65535,255,701,9882,0,0,0
735582,102,0,3652,9697,1,0,1
735583,22,0,5560,9503,1,0,1
735584,28,0,6573,-7108,1,0,1
735585,29,0,3419,-7639,1,0,1
735586,24,0,431,-7365,1,0,1
735587,22,0,2780,9808,1,0,1
735588,30,0,5025,9567,1,0,1
735589,248,2,6414,9298,1,0,1
735590,164,2,4182,-7524,1,0,1
735591,67,0,1534,-7748,1,0,1
735592,134,0,1781,9791,1,0,1
735593,65535,255,4389,9668,0,0,0
735594,45,0,6016,9423,1,0,1
735595,236,2,6231,-7200,1,0,1
735596,65535,255,2543,-7812,0,0,0
735597,19,0,690,9784,1,0,1
735598,18,0,3644,9706,1,0,1
735599,150,0,5557,9513,1,0,1
735600,56,0,6576,-7117,1,0,1
735601,37,0,3428,-7708,1,0,1
735602,90,0,441,-8124,1,0,1
735603,55,0,2775,9764,1,0,1
735604,73,0,5022,9562,1,0,1
735605,141,0,6414,9302,1,0,0
735606,103,0,4185,-7551,1,0,1
735607,230,0,1540,-7875,1,0,1
735608,65535,255,1776,9958,0,0,0
735609,65535,255,4389,9637,0,0,0
735610,74,0,6018,9415,1,0,1
735611,65535,255,6231,-7196,0,0,0
735612,65535,255,2538,-7662,0,0,0
735613,176,0,689,10026,1,0,1
735614,65535,255,3647,9771,0,0,0
735615,216,0,5560,9490,1,0,1
735616,152,0,6576,-7151,1,0,0
735617,26,2,3423,-7708,1,0,1
735618,120,0,436,-8279,1,0,1
735619,23,2,2780,9820,1,0,1
735620,65535,255,5025,9589,0,0,0
735621,65535,255,6416,9313,0,0,0
735622,92,0,4181,-7551,1,0,1
735623,44,0,1529,-7812,1,0,1
735624,55,2,1787,9847,1,0,1
735625,65535,255,4393,9681,0,0,0
735626,65535,255,6018,9427,0,0,0
735627,65535,255,6230,-7208,0,0,0
735628,46,0,2538,-7825,1,0,1
735629,40,0,695,9786,1,0,1
735630,159,0,3648,9698,1,0,1
735631,65535,255,5559,9509,0,0,0
735632,65535,255,6574,-7114,0,0,0
735633,65535,255,3423,-7691,0,0,0
735634,80,0,437,-8430,1,0,1
735635,200,0,2775,9798,1,0,1
735636,80,0,5025,9573,1,0,1
735637,231,0,6414,9310,1,0,1
735638,33,2,4178,-7565,1,0,1
735639,24,2,1529,-7918,1,0,1
735640,20,2,1786,9975,1,0,1
735641,148,0,4393,9643,1,0,1
735642,240,0,6018,9416,1,0,1
735643,168,0,6227,-7197,1,0,1
735644,65535,255,2533,-7662,0,0,0
735645,65535,255,700,10025,0,0,0
735646,65,0,3652,9762,1,0,1
735647,31,2,5562,9490,1,0,1
735648,86,0,6572,-7152,1,0,1
735649,112,0,3415,-7700,1,0,1
735650,42,0,425,-8287,1,0,1
735651,29,2,2789,9819,1,0,1
735652,65535,255,5028,9594,0,0,0
735653,282,0,6416,9334,1,0,1
735654,105,2,4168,-7525,1,0,0
735655,57,0,1512,-7855,1,0,0
735656,65535,255,1803,9974,0,0,0
735657,84,0,4403,9667,1,0,1
735658,51,0,6028,9382,1,0,1
735659,65535,255,6220,-7220,0,0,0
735660,181,0,2513,-7827,1,0,1
735661,36,0,724,10114,1,0,1
735662,103,0,3672,9680,1,0,1
735663,108,0,5576,9460,1,0,1
735664,141,0,6562,-7130,1,0,1
735665,68,0,3390,-7721,1,0,0
735666,65535,255,390,-7478,0,0,0
735667,65535,255,2818,9751,0,0,0
735668,79,0,5047,9586,1,0,1
735669,98,0,6428,9342,1,0,1
735670,89,0,4145,-7610,1,0,0
735671,65535,255,1480,-7770,0,0,0
735672,160,0,1825,9846,1,0,1
735673,17,2,4414,9698,1,0,1
735674,126,0,6032,9385,1,0,1
735675,65535,255,6214,-7222,0,0,0
735676,68,0,2508,-7726,1,0,1
735677,60,0,719,10298,1,0,1
735678,150,0,3661,9681,1,0,1
735679,41,0,5566,9512,1,0,1
735680,78,0,6567,-7112,1,0,1
735681,0,0,0,0,0,0,0
735682,65535,255,425,-7434,0,0,0
735683,65535,255,2776,9878,0,0,0
735684,48,0,5023,9541,1,0,1
735685,139,0,6411,9300,1,0,1
735686,65535,255,4186,-7563,0,0,0
735687,33,0,1545,-7979,1,0,0
735688,24,0,1770,9811,1,0,1
735689,65535,255,4382,9627,0,0,0
735690,152,0,6010,9406,1,0,1
735691,105,0,6234,-7243,1,0,1
735692,219,2,2558,-7709,1,0,0
735693,26,0,667,9680,1,0,1
735694,25,0,3623,9742,1,0,1
735695,46,0,5545,9493,1,0,1
735696,44,0,6583,-7135,1,0,1
735697,211,0,3449,-7634,1,0,1
735698,65535,255,476,-8039,0,0,0
735699,85,0,2742,9824,1,0,1
735700,70,0,5002,9539,1,0,1
735701,45,0,6397,9314,1,0,1
735702,52,0,4211,-7614,1,0,0
735703,65535,255,1578,-7869,0,0,0
735704,160,0,1738,9774,1,0,1
735705,65535,255,4359,9621,0,0,0
735706,29,2,5996,9433,1,0,1
735707,83,0,6246,-7210,1,0,1
735708,65535,255,2582,-7683,0,0,0
735709,65535,255,638,9722,0,0,0
735710,325,2,3601,9778,1,0,0
735711,47,0,5535,9464,1,0,1
735712,110,0,6593,-7128,1,0,1
735713,65535,255,3470,-7642,0,0,0
735714,65535,255,500,-8359,0,0,0
735715,65535,255,2728,9744,0,0,0
735716,374,0,4989,9601,1,0,1
735717,65535,255,6393,9312,0,0,0
735718,66,2,5857,-7328,1,0,0
735719,83,0,1589,-7682,1,0,1
735720,100,0,1720,9965,1,0,1
735721,57,0,4351,9686,1,0,1
735722,74,0,5993,9433,1,0,1
735723,85,0,6251,-7212,1,0,1
735724,65535,255,2597,-7768,0,0,0
735725,65535,255,626,10194,0,0,0
735726,65535,255,3597,9745,0,0,0
735727,167,0,5529,9524,1,0,1
735728,71,0,6595,-7124,1,0,1
735729,82,0,3474,-7676,1,0,1
735730,84,0,500,-7634,1,0,1
735731,51,0,2723,9838,1,0,1
735732,65535,255,4989,9574,0,0,0
735733,438,2,6391,9323,1,0,1
735734,384,2,5858,-7315,1,0,1
735735,30,0,1594,-7745,1,0,1
735736,146,0,1726,9756,1,0,1
735737,65535,255,4351,9655,0,0,0
735738,65535,255,5993,9413,0,0,0
735739,89,0,6251,-7193,1,0,0
735740,37,0,2592,-7768,1,0,1
735741,112,0,632,10295,1,0,1
735742,65535,255,3602,9786,0,0,1
735743,65535,255,5534,9487,0,0,0
735744,54,0,6593,-7135,1,0,1
735745,65535,255,3465,-7641,0,0,0
735746,335,0,494,-7497,1,0,1
735747,65535,255,2727,9838,0,0,0
735748,183,0,4995,9584,1,0,1
735749,139,0,6396,9315,1,0,1
735750,65535,255,5854,-7333,0,0,0
735751,65535,255,1583,-7889,0,0,0
735752,122,0,1731,9945,1,0,1
735753,65535,255,4362,9628,0,0,0
735754,65535,255,5998,9400,0,0,0
735755,65535,255,6247,-7240,0,0,0
735756,98,2,2577,-7769,1,0,0
735757,32,2,650,9624,1,0,1
735758,215,0,3615,9684,1,0,1
735759,65535,255,5540,9508,0,0,0
735760,65535,255,6587,-7113,0,0,0
735761,49,2,3453,-7713,1,0,0
735762,216,0,476,-8176,1,0,1
735763,65535,255,2747,9791,0,0,0
735764,65535,255,5004,9572,0,0,0
735765,65535,255,6403,9310,0,0,1
735766,331,0,5845,-7326,1,0,1
735767,158,0,1562,-7933,1,0,0
735768,36,2,1754,10018,1,0,1
735769,110,0,4373,9659,1,0,0
735770,65535,255,6008,9426,0,0,0
735771,65535,255,6238,-7208,0,0,0
735772,65535,255,2552,-7697,0,0,0
735773,65535,255,672,10176,0,0,1
735774,65535,255,3632,9791,0,0,1
735775,40,2,5550,9502,1,0,1
735776,65535,255,6577,-7108,0,0,0
735777,39,0,3432,-7724,1,0,1
735778,262,0,448,-8344,1,0,0
735779,65535,255,2771,9823,0,0,0
735780,65535,255,5017,9597,0,0,0
735781,101,0,6411,9326,1,0,1
735782,65535,255,5831,-7306,0,0,0
735783,65535,255,1535,-7681,0,0,0
735784,65535,255,1776,9941,0,0,1
735785,65535,255,4383,9690,0,0,0
735786,65535,255,6012,9413,0,0,0
735787,243,2,6230,-7194,1,0,0
735788,65535,255,2543,-7673,0,0,0
735789,65535,255,684,9690,0,0,1
735790,65535,255,3636,9783,0,0,0
735791,65535,255,5553,9465,0,0,0
735792,65535,255,6576,-7132,0,0,0
735793,117,0,3432,-7662,1,0,0
735794,432,0,449,-7307,1,0,1
735795,147,0,2766,9767,1,0,0
735796,65535,255,5015,9573,0,0,0
735797,65535,255,6407,9320,0,0,0
735798,65535,255,5836,-7336,0,0,0
735799,65535,255,1545,-7745,0,0,1
735800,179,0,1764,10017,1,0,1
735801,171,0,4383,9620,1,0,1
735802,65535,255,6013,9381,0,0,0
735803,145,0,6232,-7220,1,0,0
735804,65535,255,2548,-7785,0,0,0
735805,226,0,678,10225,1,0,0
735806,65535,255,3636,9750,0,0,0
735807,65535,255,5550,9512,0,0,0
735808,65535,255,6577,-7122,0,0,0
735809,189,0,3432,-7653,1,0,0
735810,338,0,459,-7542,1,0,0
735811,65535,255,2761,9821,0,0,0
735812,65535,255,5019,9562,0,0,0
735813,308,0,6413,9324,1,0,1
735814,99,2,5829,-7314,1,0,1
735815,197,0,1507,-7683,1,0,1
735816,65535,255,1814,10008,0,0,0
735817,65535,255,4417,9633,0,0,1
735818,123,0,6038,9395,1,0,0
735819,65535,255,6212,-7243,0,0,0
735820,65535,255,2489,-7805,0,0,1
735821,65535,255,747,10152,0,0,0
735822,65535,255,3684,9718,0,0,0
735823,65535,255,5580,9495,0,0,0
735824,65535,255,6560,-7152,0,0,1
735825,65535,255,3390,-7686,0,0,0
735826,65535,255,391,-7306,0,0,0
735827,75,0,2813,9762,1,0,1
735828,101,0,5041,9603,1,0,1
735829,215,0,6424,9307,1,0,1
735830,65535,255,5817,-7321,0,0,1
735831,65535,255,1501,-7921,0,0,0
735832,65535,255,1814,9845,0,0,0
735833,65535,255,4410,9653,0,0,0
735834,65535,255,6027,9393,0,0,0
735835,65535,255,6221,-7233,0,0,0
735836,65535,255,2518,-7790,0,0,0
735837,65535,255,712,10162,0,0,0
735838,65535,255,3659,9729,0,0,0
735839,252,0,5567,9502,1,0,1
735840,96,0,6569,-7109,1,0,1
735841,65535,255,3411,-7609,0,0,0
735842,65535,255,423,-7979,0,0,0
735843,55,0,2785,9865,1,0,1
735844,65535,255,5029,9572,0,0,1
735845,65535,255,6416,9322,0,0,1
735846,65535,255,5828,-7306,0,0,1
735847,65535,255,1528,-7919,0,0,1
735848,386,2,1787,9865,1,0,1
735849,230,0,4393,9675,1,0,1
735850,56,0,6020,9415,1,0,1
735851,287,0,6229,-7220,1,0,1
735852,65535,255,2553,-7727,0,0,0
735853,65535,255,684,9732,0,0,0
735854,65535,255,3636,9753,0,0,1
735855,65535,255,5554,9501,0,0,0
735856,754,1,6581,-7107,1,0,1
735857,65535,255,3435,-7667,0,0,0
735858,253,0,453,-8267,1,0,1
735859,65535,255,2766,9863,0,0,0
735860,47,0,5019,9559,1,0,1
735861,57,0,6409,9325,1,0,1
735862,74,0,5838,-7318,1,0,1
735863,65535,255,1545,-7962,0,0,1
735864,65535,255,1775,9844,0,0,1
735865,65535,255,4386,9646,0,0,1
735866,65535,255,6016,9380,0,0,0
735867,65535,255,6234,-7222,0,0,0
735868,339,0,2548,-7777,1,0,1
735869,65535,255,689,10071,0,0,0
735870,65535,255,3644,9695,0,0,0
735871,55,0,5560,9478,1,0,1
735872,39,0,6579,-7140,1,0,1
735873,34,0,3436,-7684,1,0,1
735874,65535,255,453,-7538,0,0,1
735875,65535,255,2761,9796,0,0,1
735876,60,0,5013,9549,1,0,1
735877,65535,255,6404,9334,0,0,1
735878,65535,255,5842,-7285,0,0,1
735879,192,0,1561,-7833,1,0,1
735880,65535,255,1748,9826,0,0,1
735881,41,0,4366,9689,1,0,1
735882,144,0,6002,9423,1,0,1
735883,121,0,6243,-7204,1,0,1
735884,85,0,2577,-7762,1,0,1
735885,65535,255,643,10235,0,0,1
735886,386,2,3606,9756,1,0,1
735887,86,0,5529,9496,1,0,1
735888,206,0,6596,-7128,1,0,1
735889,74,0,3466,-7625,1,0,1
735890,148,0,494,-8310,1,0,0
735891,65535,255,2733,9769,0,0,0
735892,278,0,4998,9541,1,0,1
735893,243,0,6398,9333,1,0,1
735894,69,0,5847,-7297,1,0,1
735895,65535,255,1567,-7964,0,0,1
735896,65535,255,1753,9971,0,0,1
735897,483,0,4376,9624,1,0,1
735898,429,0,6012,9392,1,0,1
735899,241,2,6236,-7241,1,0,0
735900,65535,255,2543,-7745,0,0,1
735901,161,0,689,10258,1,0,1
735902,203,0,3644,9738,1,0,1
735903,80,0,5557,9514,1,0,1
735904,65535,255,6575,-7119,0,0,0
735905,65535,255,3424,-7629,0,0,1
735906,65535,255,442,-8286,0,0,0
735907,39,0,2771,9745,1,0,1
735908,150,0,5018,9555,1,0,1
735909,78,0,6410,9317,1,0,1
735910,92,0,5834,-7338,1,0,1
735911,175,0,1540,-7776,1,0,1
735912,120,0,1775,9784,1,0,1
735913,70,0,4383,9655,1,0,1
735914,65535,255,6012,9405,0,0,0
735915,215,0,6234,-7248,1,0,1
735916,96,0,2558,-7760,1,0,1
735917,57,0,661,10319,1,0,1
735918,65535,255,3624,9729,0,0,0
735919,65535,255,5544,9490,0,0,0
735920,65535,255,6587,-7154,0,0,0
735921,35,0,3453,-7682,1,0,1
735922,65535,255,476,-7913,0,0,0
735923,67,0,2743,9743,1,0,0
735924,355,0,4999,9548,1,0,1
735925,261,2,6397,9297,1,0,1
735926,65535,255,5850,-7317,0,0,0
735927,274,0,1584,-7882,1,0,1
735928,65535,255,1731,9970,0,0,0
735929,65535,255,4359,9648,0,0,0
735930,65535,255,5996,9423,0,0,0
735931,48,0,6248,-7211,1,0,1
735932,65535,255,2587,-7732,0,0,0
735933,181,0,639,9604,1,0,1
735934,64,0,3602,9714,1,0,1
735935,237,0,5532,9469,1,0,1
735936,409,2,6595,-7138,1,0,1
735937,59,0,3474,-7706,1,0,1
735938,176,0,506,-8367,1,0,1
735939,263,0,2718,9861,1,0,1
735940,43,0,4990,9544,1,0,1
735941,65535,255,6391,9306,0,0,0
735942,65535,255,5859,-7328,0,0,0
735943,51,0,1595,-7715,1,0,1
735944,65535,255,1721,9876,0,0,0
735945,114,0,4348,9643,1,0,1
735946,65535,255,5992,9372,0,0,0
735947,65535,255,6254,-7221,0,0,0
735948,68,0,2597,-7670,1,0,1
735949,59,0,621,10344,1,0,1
735950,65535,255,3597,9723,0,0,0
735951,0,0,0,0,0,0,0
735952,0,0,0,0,0,0,0
735953,132,0,3474,-7679,1,0,1
735954,65535,255,501,-7446,0,0,0
735955,168,0,2723,9744,1,0,1
735956,65535,255,4989,9594,0,0,0
735957,458,0,6394,9299,1,0,1
735958,61,0,5859,-7323,1,0,1
735959,420,0,1594,-7921,1,0,1
735960,65535,255,1726,9877,0,0,0
735961,57,0,4355,9669,1,0,1
735962,71,0,5998,9404,1,0,1
735963,228,0,6253,-7248,1,0,1
735964,65535,255,2587,-7670,0,0,0
735965,154,0,644,9711,1,0,1
735966,119,0,3611,9737,1,0,1
735967,65535,255,5539,9473,0,0,0
735968,65535,255,6592,-7145,0,0,0
735969,65535,255,3461,-7707,0,0,0
735970,65535,255,481,-7772,0,0,0
735971,65535,255,2742,9847,0,0,0
735972,65535,255,5004,9570,0,0,0
735973,414,2,6402,9294,1,0,1
735974,58,0,5849,-7317,1,0,1
735975,35,0,1562,-7694,1,0,1
735976,35,0,1754,10005,1,0,1
735977,125,0,4376,9627,1,0,1
735978,65535,255,6009,9390,0,0,0
735979,65535,255,6243,-7235,0,0,0
735980,59,0,2557,-7697,1,0,1
735981,284,0,672,9967,1,0,1
735982,65535,255,3635,9729,0,0,0
735983,175,0,5557,9448,1,0,1
735984,143,0,6583,-7127,1,0,1
735985,159,0,3432,-7701,1,0,1
735986,65535,255,441,-7986,0,0,0
735987,140,2,2778,9765,1,0,1
735988,65535,255,5028,9524,0,0,0
735989,65535,255,6417,9327,0,0,0
735990,65535,255,5833,-7314,0,0,0
735991,65535,255,1529,-7971,0,0,0
735992,0,0,0,0,0,0,0
735993,183,0,4403,9637,1,0,1
735994,326,0,6026,9403,1,0,1
735995,94,0,6226,-7250,1,0,1
735996,115,0,2518,-7788,1,0,1
735997,97,0,725,9689,1,0,1
735998,660,2,3672,9685,1,0,1
735999,134,0,5577,9490,1,0,1
736000,99,0,6569,-7155,1,0,1
736001,0,0,0,0,0,0,0
736002,65535,255,402,-7419,0,0,0
736003,324,0,2798,9830,1,0,1
736004,195,0,5037,9582,1,0,1
736005,65535,255,6421,9315,0,0,0
736006,65535,255,5826,-7334,0,0,0
736007,65535,255,1512,-7909,0,0,0
736008,65535,255,1797,9945,0,0,0
736009,65535,255,4403,9631,0,0,0
736010,0,0,0,0,0,0,0
736011,108,2,6227,-7246,1,0,0
736012,31,2,2528,-7799,1,0,1
736013,65535,255,707,9733,0,0,0
736014,65535,255,3656,9702,0,0,0
736015,65535,255,5565,9452,0,0,0
736016,65535,255,6573,-7126,0,0,0
736017,65535,255,3419,-7613,0,0,0
736018,0,0,0,0,0,0,0
736019,65535,255,2780,9844,0,0,0
736020,127,0,5026,9562,1,0,1
736021,81,0,6414,9335,1,0,1
736022,121,0,5831,-7294,1,0,1
736023,388,0,1534,-7779,1,0,1
736024,114,0,1781,9892,1,0,1
736025,107,0,4393,9620,1,0,0
736026,65535,255,6016,9405,0,0,0
736027,65535,255,6232,-7252,0,0,0
736028,86,0,2538,-7672,1,0,1
736029,348,0,689,10112,1,0,1
736030,65535,255,3649,9663,0,0,0
736031,262,0,5558,9507,1,0,1
736032,134,0,6576,-7118,1,0,1
736033,65535,255,3423,-7630,0,0,0
736034,65535,255,435,-7760,0,0,0
736035,48,2,2776,9754,1,0,1
736036,306,0,5020,9568,1,0,1
736037,243,0,6411,9321,1,0,1
736038,68,0,5833,-7345,1,0,1
736039,121,0,1534,-7821,1,0,1
736040,55,0,1776,9966,1,0,1
736041,65535,255,4390,9664,0,0,0
736042,65535,255,6017,9381,0,0,0
736043,156,2,6232,-7225,1,0,0
736044,65535,255,2543,-7847,0,0,0
736045,60,0,695,10158,1,0,1
736046,65535,255,3648,9687,0,0,0
736047,124,0,5561,9461,1,0,1
736048,176,0,6575,-7134,1,0,1
736049,65535,255,3424,-7728,0,0,0
736050,93,2,430,-7526,1,0,0
736051,219,0,2781,9743,1,0,1
736052,174,0,5026,9578,1,0,1
736053,65535,255,6415,9318,0,0,0
736054,317,0,5829,-7299,1,0,0
736055,102,0,1523,-7715,1,0,1
736056,0,0,0,0,0,0,0
736057,108,0,4400,9664,1,0,0
736058,134,0,6024,9392,1,0,1
736059,65535,255,6226,-7238,0,0,0
736060,143,0,2523,-7761,1,0,1
736061,343,0,712,9967,1,0,1
736062,277,0,3664,9678,1,0,1
736063,65535,255,5571,9469,0,0,0
736064,108,0,6570,-7143,1,0,1
736065,65535,255,3402,-7659,0,0,0
736066,90,0,407,-8400,1,0,0
736067,65535,255,2804,9730,0,0,0
736068,48,0,5041,9588,1,0,1
736069,65535,255,6426,9297,0,0,0
736070,90,0,4160,-7612,1,0,0
736071,295,0,1495,-7910,1,0,0
736072,88,0,1825,9853,1,0,1
736073,91,0,4420,9662,1,0,1
736074,108,0,6036,9402,1,0,1
736075,144,2,6216,-7248,1,0,0
736076,52,2,2493,-7674,1,0,1
736077,99,0,753,9789,1,0,0
736078,56,0,3692,9676,1,0,1
736079,259,0,5588,9480,1,0,1
736080,125,0,6558,-7150,1,0,1
736081,62,0,3377,-7742,1,0,1
736082,46,0,366,-8182,1,0,1
736083,65535,255,2842,9728,0,0,0
736084,126,0,5064,9578,1,0,1
736085,240,0,6439,9290,1,0,1
736086,65535,255,4138,-7587,0,0,0
736087,65535,255,1468,-7824,0,0,0
736088,65535,255,1848,9781,0,0,0
736089,65535,255,4433,9629,0,0,0
736090,158,0,6042,9377,1,0,1
736091,127,0,6211,-7219,1,0,1
736092,65,0,2493,-7751,1,0,1
736093,65535,255,747,10007,0,0,0
736094,65535,255,3684,9709,0,0,1
736095,82,0,5580,9495,1,0,1
736096,181,0,6565,-7155,1,0,1
736097,125,0,3398,-7731,1,0,1
736098,66,0,394,-7993,1,0,0
736099,30,0,2808,9875,1,0,1
736100,115,0,5043,9582,1,0,1
736101,350,0,6425,9301,1,0,1
736102,74,2,4167,-7631,1,0,1
736103,91,0,1502,-7671,1,0,1
736104,65535,255,1809,9981,0,0,0
736105,55,0,4410,9619,1,0,1
736106,65535,255,6029,9384,0,0,0
736107,65535,255,6224,-7226,0,0,0
736108,54,0,2528,-7836,1,0,1
736109,51,0,713,9734,1,0,1
736110,315,0,3660,9671,1,0,1
736111,65535,255,5567,9488,0,0,0
736112,65535,255,6576,-7151,0,0,0
736113,295,0,3419,-7613,1,0,1
736114,54,2,431,-8371,1,0,1
736115,65535,255,2785,9765,0,0,0
736116,167,0,5029,9541,1,0,0
736117,64,0,6415,9336,1,0,1
736118,65535,255,4185,-7594,0,0,1
736119,65535,255,1534,-7948,0,0,1
736120,171,0,1781,9948,1,0,0
736121,146,0,4393,9614,1,0,1
736122,191,0,6018,9386,1,0,1
736123,382,0,6235,-7228,1,0,1
736124,65535,255,2542,-7683,0,0,1
736125,65535,255,683,9969,0,0,0
736126,65535,255,3640,9729,0,0,0
736127,409,0,5557,9454,1,0,1
736128,121,0,6581,-7129,1,0,0
736129,65535,255,3436,-7726,0,0,0
736130,65535,255,447,-8204,0,0,0
736131,65535,255,2766,9767,0,0,1
736132,65535,255,5019,9548,0,0,0
736133,100,0,6410,9294,1,0,1
736134,45,2,4196,-7634,1,0,1
736135,381,0,1550,-7756,1,0,1
736136,65535,255,1765,9819,0,0,0
736137,65535,255,4380,9686,0,0,1
736138,48,2,6012,9375,1,0,1
736139,69,2,6237,-7219,1,0,1
736140,65535,255,2558,-7695,0,0,1
736141,65535,255,672,10117,0,0,1
736142,87,0,3631,9764,1,0,1
736143,83,0,5550,9482,1,0,1
736144,65535,255,6583,-7146,0,0,0
736145,65535,255,3440,-7663,0,0,0
736146,65535,255,458,-7766,0,0,0
736147,46,2,2757,9849,1,0,1
736148,65535,255,5011,9533,0,0,0
736149,65535,255,6405,9312,0,0,0
736150,58,2,4200,-7633,1,0,0
736151,65535,255,1556,-7798,0,0,1
736152,65535,255,1759,9876,0,0,0
736153,65535,255,4377,9610,0,0,1
736154,65535,255,6008,9395,0,0,0
736155,121,0,6240,-7238,1,0,1
736156,65535,255,2562,-7794,0,0,1
736157,65535,255,666,9771,0,0,0
736158,65535,255,3628,9722,0,0,0
736159,65535,255,5548,9460,0,0,0
736160,65535,255,6584,-7135,0,0,0
736161,56,0,3440,-7646,1,0,1
736162,65535,255,458,-7765,0,0,0
736163,65535,255,2757,9722,0,0,0
736164,63,2,5008,9549,1,0,1
736165,261,0,6403,9299,1,0,1
736166,65535,255,4196,-7559,0,0,1
736167,65535,255,1556,-7924,0,0,0
736168,65535,255,1754,10007,0,0,1
736169,381,0,4373,9661,1,0,1
736170,88,2,6008,9371,1,0,1
736171,438,2,6238,-7215,1,0,0
736172,63,0,2558,-7744,1,0,1
736173,122,0,674,9617,1,0,0
736174,270,0,3627,9706,1,0,1
736175,135,0,5548,9460,1,0,1
736176,570,2,6583,-7131,1,0,1
736177,65535,255,3440,-7663,0,0,1
736178,65535,255,458,-7908,0,0,0
736179,65535,255,2757,9768,0,0,0
736180,214,0,5011,9571,1,0,1
736181,82,0,6405,9320,1,0,1
736182,103,0,4196,-7606,1,0,1
736183,65535,255,1551,-7756,0,0,1
736184,65535,255,1765,9894,0,0,0
736185,65535,255,4380,9628,0,0,0
736186,165,0,6010,9415,1,0,1
736187,183,0,6235,-7231,1,0,1
736188,65535,255,2553,-7720,0,0,1
736189,65535,255,685,9629,0,0,0
736190,65535,255,3636,9713,0,0,0
736191,65535,255,5555,9468,0,0,0
736192,65535,255,6579,-7139,0,0,1
736193,65535,255,3432,-7699,0,0,0
736194,65535,255,448,-8354,0,0,0
736195,44,2,2766,9846,1,0,0
736196,65535,255,5020,9532,0,0,0
736197,217,2,6411,9297,1,0,1
736198,46,0,4185,-7574,1,0,1
736199,65535,255,1534,-7671,0,0,0
736200,107,0,1781,9838,1,0,1
736201,65535,255,4390,9621,0,0,0
736202,140,0,6017,9414,1,0,1
736203,58,0,6231,-7226,1,0,1
736204,65535,255,2538,-7746,0,0,0
736205,65535,255,701,9779,0,0,0
736206,65535,255,3648,9745,0,0,1
736207,235,0,5562,9490,1,0,1
736208,71,0,6576,-7157,1,0,1
736209,65535,255,3419,-7630,0,0,1
736210,65535,255,424,-7830,0,0,1
736211,65535,255,2789,9788,0,0,0
736212,65535,255,5032,9590,0,0,0
736213,65535,255,6419,9304,0,0,0
736214,65535,255,4174,-7561,0,0,0
736215,65535,255,1512,-7670,0,0,1
736216,118,0,1803,9855,1,0,1
736217,125,0,4406,9632,1,0,1
736218,65535,255,6028,9370,0,0,0
736219,115,0,6223,-7215,1,0,1
736220,65535,255,2518,-7824,0,0,1
736221,72,0,724,10150,1,0,0
736222,65535,255,3672,9687,0,0,1
736223,65535,255,5578,9465,0,0,1
736224,65535,255,6569,-7136,0,0,0
736225,65535,255,3399,-7663,0,0,0
736226,109,0,395,-7658,1,0,1
736227,177,0,2813,9775,1,0,1
736228,54,0,5046,9575,1,0,1
736229,259,0,6431,9294,1,0,1
736230,389,0,4159,-7564,1,0,1
736231,100,0,1495,-7867,1,0,1
736232,34,2,1819,9907,1,0,1
736233,27,2,4416,9604,1,0,1
736234,65535,255,6033,9382,0,0,0
736235,95,0,6221,-7225,1,0,1
736236,104,0,2513,-7686,1,0,1
736237,65535,255,724,9965,0,0,0
736238,65535,255,3667,9734,0,0,1
736239,82,0,5575,9459,1,0,0
736240,168,0,6570,-7130,1,0,0
736241,65535,255,3408,-7697,0,0,0
736242,49,2,413,-8393,1,0,1
736243,65535,255,2794,9798,0,0,0
736244,106,0,5037,9567,1,0,1
736245,424,0,6421,9305,1,0,1
736246,379,0,4174,-7555,1,0,1
736247,65535,255,1517,-7886,0,0,1
736248,122,0,1798,9927,1,0,1
736249,65535,255,4403,9625,0,0,0
736250,122,0,6025,9400,1,0,1
736251,110,0,6228,-7245,1,0,1
736252,65535,255,2533,-7785,0,0,1
736253,65535,255,707,9732,0,0,1
736254,65535,255,3656,9703,0,0,0
736255,65535,255,5567,9447,0,0,0
736256,115,0,6574,-7125,1,0,1
736257,339,0,3419,-7604,1,0,1
736258,69,0,426,-7289,1,0,1
736259,39,2,2785,9844,1,0,1
736260,78,0,5028,9581,1,0,1
736261,97,0,6415,9332,1,0,1
736262,70,0,4181,-7622,1,0,1
736263,65535,255,1523,-7778,0,0,0
736264,65535,255,1786,9874,0,0,0
736265,65535,255,4397,9614,0,0,0
736266,65535,255,6021,9401,0,0,0
736267,67,0,6229,-7244,1,0,0
736268,220,0,2538,-7834,1,0,1
736269,66,0,701,9968,1,0,1
736270,385,0,3648,9761,1,0,1
736271,150,0,5563,9489,1,0,1
736272,164,0,6575,-7155,1,0,1
736273,65535,255,3487,-6068,0,0,0
736274,65535,255,429,-7989,0,0,0
736275,160,0,2775,9879,1,0,1
736276,65535,255,5023,9590,0,0,0
736277,65535,255,6413,9308,0,0,0
736278,46,2,4182,-7540,1,0,1
736279,23,0,1534,-7756,1,0,1
736280,32,0,1776,9764,1,0,1
736281,64,0,4387,9640,1,0,1
736282,65535,255,6013,9399,0,0,0
736283,0,0,0,0,0,0,0
736284,65535,255,2547,-7708,0,0,0
736285,42,0,678,10017,1,0,1
736286,39,0,3632,9730,1,0,1
736287,146,0,5551,9450,1,0,1
736288,64,0,6580,-7125,1,0,1
736289,65535,255,3441,-7698,0,0,0
736290,56,0,458,-7910,1,0,1
736291,182,0,2752,9893,1,0,1
736292,480,2,5009,9563,1,0,1
736293,65535,255,6403,9324,0,0,0
736294,0,0,0,0,0,0,0
736295,1069,1,1562,-7923,1,0,1
736296,471,2,1754,9952,1,0,1
736297,237,0,4374,9623,1,0,1
736298,65535,255,6006,9396,0,0,0
736299,65535,255,6241,-7237,0,0,0
736300,65535,255,2567,-7743,0,0,0
736301,203,0,661,10220,1,0,1
736302,137,0,3619,9782,1,0,1
736303,459,0,5543,9484,1,0,1
736304,241,0,6586,-7151,1,0,1
736305,455,0,3449,-7653,1,0,1
736306,270,0,470,-7698,1,0,1
736307,366,0,2743,9871,1,0,1
736308,261,0,5003,9571,1,0,1
736309,174,0,6399,9332,1,0,0
736310,65535,255,4207,-7605,0,0,0
736311,65535,255,1567,-7712,0,0,0
736312,245,0,1749,9783,1,0,1
736313,115,2,4367,9676,1,0,1
736314,65535,255,6002,9394,0,0,0
736315,65535,255,6242,-7217,0,0,0
736316,101,0,2572,-7706,1,0,1
736317,65535,255,655,10173,0,0,0
736318,65535,255,3615,9783,0,0,0
736319,205,0,5540,9494,1,0,1
736320,156,0,6588,-7157,1,0,1
736321,233,0,3453,-7705,1,0,1
736322,298,0,476,-8187,1,0,1
736323,214,0,2743,9792,1,0,1
736324,229,0,5002,9578,1,0,1
736325,266,0,6401,9318,1,0,1
736326,65535,255,4207,-7597,0,0,0
736327,183,0,1567,-7712,1,0,1
736328,65535,255,1748,9821,0,0,0
736329,65535,255,4369,9673,0,0,0
736330,65535,255,6005,9389,0,0,0
736331,65535,255,6243,-7236,0,0,0
736332,65535,255,2567,-7817,0,0,1
736333,126,0,660,9919,1,0,1
736334,316,0,3623,9749,1,0,1
736335,227,2,5547,9484,1,0,1
736336,241,0,6587,-7150,1,0,1
736337,144,2,3449,-7714,1,0,1
736338,65535,255,465,-8333,0,0,0
736339,65535,255,2752,9837,0,0,0
736340,199,0,5010,9569,1,0,1
736341,270,0,6405,9309,1,0,1
736342,65535,255,4199,-7544,0,0,0
736343,212,0,1556,-7902,1,0,1
736344,405,0,1759,10008,1,0,1
736345,212,0,4379,9674,1,0,1
736346,774,1,6011,9380,1,0,1
736347,147,0,6238,-7226,1,0,1
736348,65535,255,2557,-7818,0,0,0
736349,224,0,678,9970,1,0,1
736350,302,0,3636,9774,1,0,1
736351,435,0,5554,9501,1,0,1
736352,120,0,6581,-7124,1,0,0
736353,65535,255,3431,-7637,0,0,0
736354,65535,255,447,-7762,0,0,0
736355,65535,255,2771,9757,0,0,0
736356,241,0,5023,9577,1,0,1
736357,266,0,6414,9327,1,0,1
736358,392,0,4189,-7627,1,0,1
736359,244,0,1534,-7861,1,0,1
736360,305,0,1781,10004,1,0,1
736361,272,0,4393,9679,1,0,1
736362,225,0,6022,9390,1,0,1
736363,214,0,6233,-7235,1,0,1
736364,65535,255,2532,-7683,0,0,0
736365,65535,255,702,10253,0,0,0
736366,65535,255,3656,9705,0,0,0
736367,65535,255,5567,9468,0,0,0
736368,176,0,6575,-7140,1,0,1
736369,182,2,3414,-7727,1,0,0
736370,65535,255,418,-7511,0,0,0
736371,196,0,2799,9733,1,0,1
736372,197,0,5037,9574,1,0,1
736373,334,0,6423,9329,1,0,1
736374,171,0,4166,-7540,1,0,1
736375,275,0,1507,-7950,1,0,1
736376,462,0,1814,9801,1,0,1
736377,65535,255,4416,9620,0,0,0
736378,65535,255,6033,9421,0,0,0
736379,293,0,6220,-7207,1,0,1
736380,65535,255,2508,-7811,0,0,0
736381,65535,255,735,10057,0,0,0
736382,65535,255,3684,9687,0,0,0
736383,337,0,5583,9465,1,0,1
736384,219,0,6563,-7136,1,0,1
736385,176,0,3385,-7685,1,0,1
736386,241,0,383,-8078,1,0,1
736387,457,0,2822,9765,1,0,1
736388,65535,255,5053,9567,0,0,0
736389,236,0,6432,9312,1,0,1
736390,786,1,4149,-7577,1,0,1
736391,65535,255,1479,-7998,0,0,0
736392,123,0,1842,9765,1,0,1
736393,489,0,4427,9675,1,0,1
736394,65535,255,6042,9379,0,0,0
736395,215,2,6211,-7224,1,0,1
736396,243,0,2483,-7762,1,0,1
736397,439,0,760,9704,1,0,1
736398,281,0,3696,9710,1,0,1
736399,246,0,5591,9464,1,0,1
736400,352,0,6557,-7134,1,0,1
736401,0,0,0,0,0,0,0
736402,65535,255,365,-7907,0,0,0
736403,65535,255,2836,9775,0,0,0
736404,246,2,5062,9570,1,0,1
736405,259,0,6438,9318,1,0,1
736406,436,0,4134,-7605,1,0,1
736407,411,0,1457,-7754,1,0,1
736408,65535,255,1858,9889,0,0,0
736409,65535,255,4441,9623,0,0,0
736410,65535,255,6048,9414,0,0,0
736411,65535,255,6202,-7256,0,0,0
736412,456,0,2463,-7711,1,0,1
736413,286,0,782,10136,1,0,1
736414,0,0,0,0,0,0,0
736415,0,0,0,0,0,0,0
736416,171,0,6551,-7138,1,0,1
736417,485,0,3364,-7606,1,0,0
736418,228,0,354,-7814,1,0,1
736419,498,1,2837,9797,1,0,1
736420,951,0,5060,9522,1,0,1
736421,284,0,6435,9304,1,0,1
736422,322,2,4139,-7598,1,0,0
736423,354,0,1468,-7822,1,0,1
736424,282,0,1837,10015,1,0,1
736425,265,0,4431,9599,1,0,1
736426,65535,255,6039,9412,0,0,0
736427,65535,255,6210,-7254,0,0,0
736428,65535,255,2493,-7799,0,0,0
736429,65535,255,748,10098,0,0,0
736430,65535,255,3684,9694,0,0,0
736431,257,2,5581,9479,1,0,1
736432,652,0,6561,-7142,1,0,1
736433,247,0,3389,-7649,1,0,1
736434,65535,255,395,-8244,0,0,0
736435,664,0,2808,9866,1,0,1
736436,257,0,5044,9568,1,0,1
736437,277,0,6425,9335,1,0,1
736438,311,0,4156,-7561,1,0,1
736439,256,0,1495,-7885,1,0,1
736440,569,0,1815,9801,1,0,1
736441,264,0,4410,9633,1,0,1
736442,65535,255,6031,9377,0,0,0
736443,274,0,6218,-7221,1,0,1
736444,403,0,2513,-7721,1,0,1
736445,266,0,724,9876,1,0,1
736446,65535,255,3669,9672,0,0,0
736447,65535,255,5570,9467,0,0,0
736448,279,0,6568,-7137,1,0,0
736449,479,0,3406,-7647,1,0,1
736450,466,0,419,-8381,1,0,1
736451,65535,255,2795,9722,0,0,0
736452,65535,255,5032,9586,0,0,0
736453,472,2,6419,9298,1,0,1
736454,65535,255,4171,-7607,0,0,0
736455,363,0,1517,-7905,1,0,1
736456,65535,255,1798,9840,0,0,0
736457,466,0,4400,9654,1,0,1
736458,458,0,6023,9395,1,0,1
736459,234,0,6227,-7238,1,0,1
736460,65535,255,2532,-7820,0,0,0
736461,358,0,702,10299,1,0,1
736462,785,0,3652,9747,1,0,1
736463,65535,255,5565,9450,0,0,0
736464,65535,255,6574,-7122,0,0,0
736465,388,0,3418,-7637,1,0,1
736466,305,0,430,-8370,1,0,1
736467,65535,255,2785,9734,0,0,0
736468,337,0,5026,9581,1,0,1
736469,300,0,6416,9313,1,0,1
736470,65535,255,4178,-7531,0,0,0
736471,65535,255,1528,-7689,0,0,0
736472,65535,255,1787,9987,0,0,0
736473,65535,255,4396,9610,0,0,0
736474,793,0,6021,9372,1,0,0
736475,223,0,6231,-7218,1,0,1
736476,276,0,2537,-7781,1,0,1
736477,65535,255,695,10208,0,0,0
736478,65535,255,3648,9747,0,0,0
736479,621,0,5562,9451,1,0,1
736480,312,0,6577,-7125,1,0,1
736481,725,0,3427,-7663,1,0,1
736482,696,0,436,-7450,1,0,1
736483,449,0,2776,9802,1,0,1
736484,271,0,5025,9555,1,0,1
736485,219,0,6413,9339,1,0,1
736486,65535,255,4185,-7592,0,0,0
736487,409,0,1533,-7903,1,0,1
736488,784,0,1781,9877,1,0,1
736489,281,2,4393,9687,1,0,1
736490,757,2,6018,9421,1,0,1
736491,237,2,6232,-7207,1,0,1
736492,786,0,2542,-7756,1,0,1
736493,250,0,689,10211,1,0,1
736494,270,0,3648,9755,1,0,1
736495,392,0,5563,9456,1,0,1
736496,292,0,6577,-7128,1,0,1
736497,744,0,3427,-7689,1,0,1
736498,544,0,435,-7755,1,0,1
736499,500,0,2775,9859,1,0,1
736500,371,0,5026,9582,1,0,1
736501,679,0,6414,9307,1,0,1
736502,406,0,4181,-7537,1,0,1
736503,277,0,1528,-7754,1,0,0
736504,65535,255,1787,9767,0,0,0
736505,65535,255,4393,9649,0,0,0
736506,65535,255,6019,9405,0,0,0
736507,365,0,6233,-7248,1,0,0
736508,386,0,2537,-7731,1,0,1
736509,398,0,695,10114,1,0,1
736510,510,0,3648,9747,1,0,0
736511,65535,255,5563,9460,0,0,0
736512,294,0,6575,-7131,1,0,1
736513,734,2,3423,-7707,1,0,0
736514,367,0,429,-7983,1,0,1
736515,65535,255,2781,9892,0,0,0
736516,65535,255,5027,9566,0,0,0
736517,313,2,6416,9324,1,0,1
736518,499,2,4177,-7572,1,0,1
736519,936,0,1528,-7882,1,0,1
736520,293,0,1792,9894,1,0,1
736521,65535,255,4397,9597,0,0,0
736522,817,2,6021,9375,1,0,1
736523,65535,255,6228,-7223,0,0,0
736524,463,0,2528,-7657,1,0,1
736525,65535,255,707,9875,0,0,0
736526,499,0,3656,9706,1,0,0
736527,458,0,5563,9515,1,0,1
736528,709,0,6572,-7118,1,0,1
736529,837,0,3415,-7690,1,0,1
736530,264,0,417,-7914,1,0,1
736531,425,0,2785,9892,1,0,0
736532,893,0,5031,9535,1,0,1
736533,65535,255,6418,9327,0,0,0
736534,411,0,4171,-7593,1,0,1
736535,256,0,1518,-7968,1,0,0
736536,65535,255,1798,9967,0,0,0
736537,599,0,4404,9628,1,0,0
736538,406,0,6026,9399,1,0,0
736539,527,0,6223,-7242,1,0,0
736540,65535,255,2518,-7758,0,0,0
736541,295,2,719,10246,1,0,0
736542,278,2,3664,9786,1,0,1
736543,65535,255,5571,9486,0,0,0
736544,441,2,6568,-7150,1,0,1
736545,368,2,3402,-7646,1,0,0
736546,813,0,407,-7500,1,0,0
736547,779,0,2799,9845,1,0,0
736548,547,2,5038,9591,1,0,1
736549,543,2,6423,9319,1,0,1
736550,65535,255,4160,-7580,0,0,0
736551,65535,255,1501,-7949,0,0,0
736552,480,0,1814,9965,1,0,0
736553,602,0,4414,9633,1,0,1
736554,690,2,6030,9406,1,0,1
736555,372,2,6216,-7248,1,0,1
736556,377,0,2503,-7848,1,0,0
736557,422,0,736,9917,1,0,1
736558,709,0,3676,9728,1,0,0
736559,368,0,5579,9462,1,0,1
736560,418,0,6561,-7131,1,0,0
736561,722,0,3385,-7613,1,0,0
736562,802,0,386,-7218,1,0,0
736563,776,0,2818,9821,1,0,1
736564,374,0,5050,9584,1,0,1
736565,65535,255,6431,9320,0,0,1
736566,65535,255,4146,-7583,0,0,0
736567,703,0,1479,-7976,1,0,0
736568,414,0,1837,9961,1,0,0
736569,581,0,4427,9657,1,0,1
736570,369,0,6041,9417,1,0,1
736571,271,0,6208,-7210,1,0,1
736572,398,0,2478,-7658,1,0,1
736573,718,0,759,10011,1,0,1
736574,815,0,3696,9751,1,0,1
736575,520,2,5591,9479,1,0,1
736576,357,2,6555,-7147,1,0,1
736577,623,0,3368,-7668,1,0,1
736578,290,0,354,-7811,1,0,0
736579,507,0,2842,9743,1,0,0
736580,617,2,5065,9550,1,0,1
736581,307,2,6442,9300,1,0,1
736582,65535,255,4127,-7550,0,0,0
736583,65535,255,1451,-7891,0,0,0
736584,435,0,1864,9977,1,0,1
736585,607,0,4447,9649,1,0,1
736586,609,0,6053,9402,1,0,1
736587,350,0,6199,-7241,1,0,0
736588,373,0,2468,-7813,1,0,0
736589,65535,255,777,9881,0,0,0
736590,65535,255,3704,9734,0,0,1
736591,65535,255,5593,9469,0,0,0
736592,412,0,6554,-7136,1,0,1
736593,65535,255,3372,-7658,0,0,0
736594,65535,255,365,-7817,0,0,1
736595,406,0,2832,9743,1,0,0
736596,393,0,5056,9557,1,0,1
736597,525,0,6433,9306,1,0,1
736598,400,0,4149,-7568,1,0,1
736599,606,0,1484,-7952,1,0,1
736600,65535,255,1832,9749,0,0,0
736601,478,0,4420,9678,1,0,1
736602,65535,255,6033,9384,0,0,1
736603,338,0,6221,-7227,1,0,1
736604,388,0,2517,-7722,1,0,1
736605,849,0,719,9782,1,0,1
736606,65535,255,3664,9777,0,0,0
736607,65535,255,5572,9453,0,0,0
736608,65535,255,6572,-7124,0,0,0
736609,704,0,3418,-7711,1,0,1
736610,65535,255,423,-7831,0,0,0
736611,813,0,2784,9812,1,0,0
736612,65535,255,5031,9542,0,0,0
736613,405,0,6417,9318,1,0,1
736614,584,0,4183,-7585,1,0,1
736615,341,0,1534,-7989,1,0,1
736616,724,0,1781,9893,1,0,1
736617,768,0,4389,9667,1,0,1
736618,386,0,6019,9399,1,0,1
736619,325,0,6234,-7242,1,0,1
736620,65535,255,2547,-7807,0,0,0
736621,65535,255,678,10215,0,0,0
736622,65535,255,3640,9731,0,0,0
736623,350,0,5555,9501,1,0,1
736624,345,0,6583,-7151,1,0,1
736625,297,0,3440,-7724,1,0,0
736626,65535,255,458,-7764,0,0,0
736627,427,0,2757,9826,1,0,1
736628,65535,255,5013,9550,0,0,1
736629,412,0,6406,9328,1,0,1
736630,65535,255,4203,-7564,0,0,0
736631,65535,255,1561,-7775,0,0,1
736632,512,0,1749,10028,1,0,1
736633,591,2,4373,9618,1,0,0
736634,745,0,6006,9374,1,0,1
736635,341,0,6242,-7217,1,0,1
736636,578,0,2572,-7755,1,0,1
736637,344,0,655,10071,1,0,1
736638,388,0,3619,9717,1,0,1
736639,868,0,5540,9499,1,0,1
736640,65535,255,6588,-7131,0,0,0
736641,397,0,3457,-7608,1,0,1
736642,348,0,481,-8043,1,0,1
736643,65535,255,2733,9875,0,0,0
736644,432,0,4996,9585,1,0,1
736645,366,0,6397,9302,1,0,1
736646,65535,255,4218,-7622,0,0,0
736647,65535,255,1583,-7980,0,0,0
736648,342,0,1732,9936,1,0,0
736649,65535,255,4355,9675,0,0,0
736650,65535,255,5995,9428,0,0,0
736651,210,0,6249,-7210,1,0,0
736652,65535,255,2587,-7753,0,0,0
736653,65535,255,631,10129,0,0,0
736654,65535,255,3602,9727,0,0,0
736655,544,0,5530,9515,1,0,1
736656,65535,255,6593,-7120,0,0,0
736657,65535,255,3470,-7650,0,0,1
736658,983,0,501,-7377,1,0,1
736659,537,0,2723,9783,1,0,1
736660,439,0,4990,9543,1,0,1
736661,789,0,6390,9332,1,0,1
736662,391,0,4221,-7588,1,0,1
736663,244,2,1594,-7896,1,0,0
736664,311,0,1721,9880,1,0,1
736665,65535,255,4349,9686,0,0,0
736666,274,2,5990,9421,1,0,1
736667,410,2,6252,-7206,1,0,1
736668,593,0,2597,-7764,1,0,1
736669,622,0,620,10241,1,0,1
736670,338,0,3594,9761,1,0,1
736671,603,0,5528,9460,1,0,1
736672,297,0,6595,-7133,1,0,1
736673,313,0,3474,-7701,1,0,1
736674,65535,255,504,-7904,0,0,0
736675,65535,255,2713,9877,0,0,0
736676,414,0,4984,9593,1,0,1
736677,65535,255,6388,9315,0,0,0
736678,306,0,4225,-7553,1,0,0
736679,65535,255,1600,-7814,0,0,0
736680,65535,255,1715,9824,0,0,0
736681,65535,255,4345,9667,0,0,0
736682,306,0,5988,9418,1,0,0
736683,65535,255,6252,-7202,0,0,0
736684,65535,255,2597,-7727,0,0,0
736685,681,0,620,10079,1,0,1
736686,324,0,3594,9745,1,0,1
736687,65535,255,5528,9456,0,0,0
736688,113,2,6596,-7132,1,0,0
736689,65535,255,3474,-7718,0,0,0
736690,65535,255,504,-8037,0,0,0
736691,386,0,2718,9724,1,0,1
736692,551,0,4986,9531,1,0,1
736693,65535,255,6390,9329,0,0,0
736694,486,0,4225,-7593,1,0,1
736695,65535,255,1600,-7956,0,0,0
736696,65535,255,1715,-7956,0,0,0
736697,645,0,4348,-7956,1,0,1
736698,430,2,5992,-7956,1,0,0
736699,65535,255,6253,-7956,0,0,0
736700,722,0,2597,-7956,1,0,1
736701,757,0,626,-7956,1,0,1
736702,65535,255,3598,-7956,0,0,0
736703,65535,255,5530,-7956,0,0,0
736704,65535,255,6596,-7956,0,0,0
736705,664,0,3470,-7956,1,0,1
736706,276,0,500,-7956,1,0,1
736707,1451,1,2723,-7956,1,0,1
736708,65535,255,4992,-7956,0,0,0
736709,65535,255,6395,-7956,0,0,0
736710,268,0,4217,-7956,1,0,1
736711,65535,255,1589,-7956,0,0,0
736712,895,0,1726,-7956,1,0,0
736713,65535,255,4355,-7956,0,0,0
736714,470,0,5998,-7956,1,0,1
736715,229,0,6249,-7956,1,0,1
736716,332,0,2587,-7956,1,0,0
736717,835,0,637,-7956,1,0,1
736718,374,0,3610,-7956,1,0,1
736719,65535,255,5539,-7956,0,0,0
736720,65535,255,6593,-7956,0,0,0
736721,65535,255,3461,-7956,0,0,0
736722,65535,255,483,-7956,0,0,0
736723,65535,255,2737,-7956,0,0,0
736724,366,0,5001,-7956,1,0,1
736725,65535,255,6400,-7956,0,0,0
736726,196,2,4210,-7956,1,0,1
736727,65535,255,1572,-7956,0,0,0
736728,532,0,1743,-7956,1,0,1
736729,318,0,4370,-7956,1,0,1
736730,519,0,6005,-7956,1,0,1
736731,564,0,6246,-7956,1,0,1
736732,377,0,2572,-7956,1,0,1
736733,488,0,661,-7956,1,0,1
736734,1339,1,3623,-7956,1,0,1
736735,250,0,5550,-7956,1,0,1
736736,677,0,6588,-7956,1,0,1
736737,65535,255,3444,-7956,0,0,0
736738,341,0,462,-7956,1,0,1
736739,65535,255,2756,-7956,0,0,0
736740,65535,255,5013,-7956,0,0,0
736741,65535,255,6408,-7956,0,0,0
736742,887,0,4199,-7956,1,0,1
736743,385,0,1556,-7956,1,0,0
736744,490,0,1765,-7956,1,0,1
736745,922,0,4383,-7956,1,0,1
736746,522,0,6014,-7956,1,0,1
736747,275,0,6236,-7956,1,0,1
736748,360,0,2547,-7956,1,0,1
736749,643,0,683,-7956,1,0,1
736750,873,0,3640,-7956,1,0,1
736751,350,0,5559,-7956,1,0,1
736752,244,0,6579,-7956,1,0,1
736753,552,0,3427,-7956,1,0,1
736754,372,2,435,-7956,1,0,1
736755,343,0,2780,-7956,1,0,1
736756,320,0,5028,-7956,1,0,1
736757,854,2,6416,-7956,1,0,1
736758,375,2,4177,-7956,1,0,1
736759,397,0,1523,-7956,1,0,1
736760,414,0,1792,-7956,1,0,1
736761,828,0,4400,-7956,1,0,1
736762,739,0,6023,-7956,1,0,1
736763,65535,255,6225,-7956,0,0,0
736764,861,0,2522,-7956,1,0,1
736765,506,0,713,-7956,1,0,1
736766,65535,255,3666,-7956,0,0,0
736767,915,0,5570,-7956,1,0,1
736768,342,0,6567,-7956,1,0,1
736769,423,0,3402,-7956,1,0,0
736770,65535,255,402,-7956,0,0,0
736771,65535,255,2808,-7956,0,0,0
736772,590,0,5041,-7956,1,0,1
736773,65535,255,6427,-7956,0,0,0
736774,65535,255,4156,-7956,0,0,0
736775,65535,255,1489,-7956,0,0,0
736776,65535,255,1826,-7956,0,0,0
736777,440,0,4424,-7956,1,0,1
736778,813,0,6036,-7956,1,0,1
736779,722,0,6213,-7956,1,0,1
736780,65535,255,2488,-7956,0,0,0
736781,1080,0,753,-7956,1,0,1
736782,380,0,3692,-7956,1,0,1
736783,65535,255,5587,-7956,0,0,0
736784,65535,255,6555,-7956,0,0,0
736785,255,0,3376,-7956,1,0,0
736786,537,0,373,-7956,1,0,0
736787,393,0,2828,-7956,1,0,1
736788,848,2,5051,-7956,1,0,1
736789,65535,255,6431,-7956,0,0,0
736790,729,0,4145,-7956,1,0,1
736791,702,0,1479,-7956,1,0,0
736792,65535,255,1831,-7956,0,0,0
736793,756,0,4423,-7956,1,0,1
736794,0,0,0,0,0,0,0
736795,65535,255,6212,-7956,0,0,0
736796,65535,255,2493,-7956,0,0,0
736797,65535,255,742,-7956,0,0,0
736798,65535,255,3680,-7956,0,0,0
736799,309,0,5581,-7956,1,0,0
736800,390,0,6560,-7956,1,0,1
736801,65535,255,3385,-7956,0,0,0
736802,698,0,387,-7956,1,0,1
736803,505,0,2818,-7956,1,0,1
736804,1022,0,5044,-7956,1,0,1
736805,479,0,6427,-7956,1,0,1
736806,911,0,4153,-7956,1,0,1
736807,482,0,1490,-7956,1,0,1
736808,65535,255,1826,-7956,0,0,0
736809,1023,0,4417,-7956,1,0,1
736810,635,0,6035,-7956,1,0,1
736811,549,2,6214,-7956,1,0,1
736812,65535,255,2498,-7956,0,0,0
736813,65535,255,742,-7956,0,0,0
736814,594,0,3680,-7956,1,0,1
736815,397,0,5579,-7956,1,0,1
736816,447,2,6562,-7956,1,0,1
736817,533,0,3389,-7956,1,0,1
736818,65535,255,396,-7956,0,0,0
736819,65535,255,2814,-7956,0,0,0
736820,65535,255,5044,-7956,0,0,0
736821,596,0,6427,-7956,1,0,1
736822,294,0,4153,-7956,1,0,1
736823,534,0,1490,-7956,1,0,1
736824,593,0,1826,-7956,1,0,1
736825,731,0,4417,-7956,1,0,1
736826,65535,255,6034,-7956,0,0,0
736827,65535,255,6215,-7956,0,0,0
736828,873,0,2503,-7956,1,0,1
736829,864,0,737,-7956,1,0,1
736830,484,0,3680,-7956,1,0,1
736831,602,0,5581,-7956,1,0,0
736832,386,0,6562,-7956,1,0,1
736833,660,0,3389,-7956,1,0,1
736834,638,0,389,-7956,1,0,1
736835,65535,255,2818,-7956,0,0,0
736836,651,0,5047,-7956,1,0,1
736837,65535,255,6430,-7956,0,0,0
736838,595,0,4152,-7956,1,0,1
736839,889,0,1487,-7956,1,0,1
736840,387,2,1831,-7956,1,0,0
736841,389,0,4426,-7956,1,0,1
736842,524,0,6038,-7956,1,0,1
736843,65535,255,6213,-7956,0,0,0
736844,449,0,2492,-7956,1,0,1
736845,655,0,747,-7956,1,0,1
736846,406,0,3688,-7956,1,0,0
736847,564,0,5583,-7956,1,0,1
736848,791,0,6563,-7956,1,0,1
736849,1104,2,3385,-7956,1,0,1
736850,65535,255,383,-7956,0,0,0
736851,643,0,2828,-7956,1,0,1
736852,509,0,5055,-7956,1,0,1
736853,893,0,6433,-7956,1,0,1
736854,699,0,4145,-7956,1,0,1
736855,65535,255,1473,-7956,0,0,0
736856,427,0,1842,-7956,1,0,0
736857,65535,255,4433,-7956,0,0,0
736858,65535,255,6045,-7956,0,0,0
736859,65535,255,6210,-7956,0,0,0
736860,910,0,2488,-7956,1,0,0
736861,65535,255,766,-7956,0,0,0
736862,696,0,3696,-7956,1,0,0
736863,65535,255,5591,-7956,0,0,0
736864,608,0,6558,-7956,1,0,1
736865,65535,255,3376,-7956,0,0,1
736866,1179,0,365,-7956,1,0,1
736867,422,2,2836,-7956,1,0,0
736868,817,2,5062,-7956,1,0,1
736869,814,2,6439,-7956,1,0,1
736870,649,2,4138,-7956,1,0,1
736871,65535,255,1457,-7956,0,0,0
736872,1075,0,1853,-7956,1,0,0
736873,65535,255,4441,-7956,0,0,0
736874,437,0,6051,-7956,1,0,1
736875,65535,255,6205,-7956,0,0,0
736876,65535,255,2472,-7956,0,0,0
736877,917,0,777,-7956,1,0,0
736878,1110,0,3708,-7956,1,0,1
736879,708,0,5598,-7956,1,0,1
736880,524,0,6552,-7956,1,0,1
736881,950,0,3359,-7956,1,0,1
736882,1004,0,349,-7956,1,0,0
736883,65535,255,2856,-7956,0,0,0
736884,924,0,5073,-7956,1,0,1
736885,583,0,6444,-7956,1,0,1
736886,658,0,4123,-7956,1,0,1
736887,65535,255,1439,-7956,0,0,0
736888,65535,255,1875,-7956,0,0,0
736889,946,0,4451,-7956,1,0,0
736890,1134,0,6056,-7956,1,0,1
736891,65535,255,6197,-7956,0,0,0
736892,477,0,2448,-7956,1,0,1
736893,1077,0,801,-7956,1,0,0
736894,1144,0,3723,-7956,1,0,0
736895,864,0,5607,-7956,1,0,1
736896,601,0,6545,-7956,1,0,1
736897,65535,255,3347,-7956,0,0,0
736898,439,2,330,-7956,1,0,0
736899,700,2,2861,-7956,1,0,1
736900,462,2,5074,-7956,1,0,0
736901,65535,255,6444,-7956,0,0,0
736902,937,0,4123,-7956,1,0,1
736903,934,0,1446,-7956,1,0,1
736904,910,2,1864,-7956,1,0,0
736905,1175,0,4444,-7956,1,0,1
736906,515,2,6050,-7956,1,0,0
736907,838,2,6201,-7956,1,0,1
736908,354,0,2468,-7956,1,0,1
736909,1295,0,771,-7956,1,0,0
736910,65535,255,3700,-7956,0,0,0
736911,813,0,5592,-7956,1,0,0
736912,661,0,6554,-7956,1,0,1
736913,1264,0,3373,-7956,1,0,0
736914,65535,255,362,-7956,0,0,0
736915,469,0,2832,-7956,1,0,0
736916,65535,255,5057,-7956,0,0,0
736917,65535,255,6434,-7956,0,0,0
736918,696,0,4138,-7956,1,0,0
736919,65535,255,1474,-7956,0,0,0
736920,1372,0,1837,-7956,1,0,1
736921,859,0,4424,-7956,1,0,0
736922,887,0,6037,-7956,1,0,0
736923,586,0,6210,-7956,1,0,1
736924,839,0,2493,-7956,1,0,0
736925,1309,0,742,-7956,1,0,1
736926,791,0,3681,-7956,1,0,1
736927,836,0,5579,-7956,1,0,1
736928,735,0,6561,-7956,1,0,1
736929,1072,0,3389,-7956,1,0,0
736930,596,0,389,-7956,1,0,1
736931,65535,255,2814,-7956,0,0,0
736932,758,2,5042,-7956,1,0,0
736933,65535,255,6425,-7956,0,0,0
736934,979,2,4157,-7956,1,0,1
736935,65535,255,1495,-7956,0,0,0
736936,65535,255,1815,-7956,0,0,0
736937,65535,255,4411,-7956,0,0,0
736938,1038,2,6028,-7956,1,0,1
736939,590,0,6218,-7956,1,0,1
736940,619,0,2513,-7956,1,0,1
736941,674,0,718,-7956,1,0,1
736942,65535,255,3665,-7956,0,0,0
736943,604,0,5568,-7956,1,0,0
736944,543,0,6566,-7956,1,0,1
736945,1287,0,3406,-7956,1,0,1
736946,65535,255,411,-7956,0,0,1
736947,65535,255,2795,-7956,0,0,0
736948,785,0,5032,-7956,1,0,1
736949,1122,0,6418,-7956,1,0,1
736950,999,0,4170,-7956,1,0,0
736951,875,0,1518,-7956,1,0,1
736952,65535,255,1798,-7956,0,0,0
736953,1206,0,4400,-7956,1,0,1
736954,65535,255,6023,-7956,0,0,0
736955,65535,255,6225,-7956,0,0,0
736956,940,0,2528,-7956,1,0,1
736957,900,0,707,-7956,1,0,0
736958,920,2,3652,-7956,1,0,0
736959,920,0,5563,-7956,1,0,1
736960,65535,255,6571,-7956,0,0,0
736961,65535,255,3418,-7956,0,0,0
736962,1311,2,429,-7956,1,0,1
736963,65535,255,2785,-7956,0,0,0
736964,984,0,5029,-7956,1,0,1
736965,1002,0,6416,-7956,1,0,1
736966,555,2,4188,-7956,1,0,1
736967,940,0,1544,-7956,1,0,0
736968,1222,0,1771,-7956,1,0,1
736969,974,0,4383,-7956,1,0,1
736970,876,0,6012,-7956,1,0,1
736971,488,0,6237,-7956,1,0,1
736972,768,0,2557,-7956,1,0,1
736973,628,0,673,-7956,1,0,1
736974,595,0,3632,-7956,1,0,0
736975,1010,0,5550,-7956,1,0,1
736976,614,0,6584,-7956,1,0,1
736977,576,0,3444,-7956,1,0,0
736978,919,0,470,-7956,1,0,1
736979,1209,0,2753,-7956,1,0,1
736980,730,0,5007,-7956,1,0,1
736981,570,0,6404,-7956,1,0,1
736982,1263,0,4206,-7956,1,0,1
736983,65535,255,1566,-7956,0,0,0
736984,372,0,1749,-7956,1,0,1
736985,916,0,4370,-7956,1,0,1
736986,768,0,6005,-7956,1,0,1
736987,396,0,6244,-7956,1,0,1
736988,818,0,2577,-7956,1,0,0
736989,65535,255,650,-7956,0,0,0
736990,1208,0,3614,-7956,1,0,1
736991,738,2,5541,-7956,1,0,1
736992,65535,255,6590,-7956,0,0,0
736993,1027,0,3461,-7956,1,0,1
736994,549,0,483,-7956,1,0,1
736995,65535,255,2737,-7956,0,0,0
736996,890,0,4999,-7956,1,0,1
736997,814,0,6397,-7956,1,0,1
736998,65535,255,4217,-7956,0,0,0
736999,445,0,1583,-7956,1,0,1
737000,65535,255,1732,-7956,0,0,0
737001,598,0,4359,-7956,1,0,0
737002,454,0,5998,-7956,1,0,1
737003,503,0,6249,-7956,1,0,1
737004,65535,255,2587,-7956,0,0,0
737005,1131,0,632,-7956,1,0,1
737006,420,0,3606,-7956,1,0,1
737007,1111,0,5535,-7956,1,0,1
737008,279,0,6594,-7956,1,0,1
737009,899,0,3469,-7956,1,0,1
737010,1364,0,498,-7956,1,0,1
737011,0,0,0,0,0,0,0
737012,1113,0,4990,-7956,1,0,1
737013,675,0,6394,-7956,1,0,1
737014,908,0,4221,-7956,1,0,1
737015,397,2,1588,-7956,1,0,1
737016,65535,255,1727,-7956,0,0,0
737017,65535,255,4352,-7956,0,0,0
737018,65535,255,5994,-7956,0,0,0
737019,65535,255,6251,-7956,0,0,0
737020,787,2,2592,-7956,1,0,0
737021,65535,255,627,-7956,0,0,0
737022,1060,0,3598,-7956,1,0,1
737023,65535,255,5533,-7956,0,0,0
737024,65535,255,6594,-7956,0,0,0
737025,1138,0,3470,-7956,1,0,1
737026,548,0,500,-7956,1,0,1
737027,1270,0,2723,-7956,1,0,1
737028,1076,0,4990,-7956,1,0,1
737029,921,0,6392,-7956,1,0,1
737030,850,0,4220,-7956,1,0,1
737031,996,0,1588,-7956,1,0,1
737032,917,0,1727,-7956,1,0,1
737033,65535,255,4352,-7956,0,0,0
737034,0,0,0,0,0,0,0
737035,65535,255,6249,-7956,0,0,0
737036,65535,255,2592,-7956,0,0,0
737037,448,0,639,-7956,1,0,1
737038,1097,0,3603,-7956,1,0,0
737039,706,0,5533,-7956,1,0,1
737040,563,0,6591,-7956,1,0,0
737041,65535,255,3465,-7956,0,0,0
737042,1170,0,493,-7956,1,0,1
737043,697,0,2728,-7956,1,0,1
737044,509,0,4993,-7956,1,0,1
737045,798,2,6394,-7956,1,0,1
737046,65535,255,4214,-7956,0,0,0
737047,65535,255,1581,-7956,0,0,0
737048,0,0,0,0,0,0,0
737049,0,0,0,0,0,0,0
737050,0,0,0,0,0,0,0
737051,0,0,0,0,0,0,0
737052,65535,255,2582,-7956,0,0,0
737053,65535,255,649,-7956,0,0,0
737054,982,0,3611,-7956,1,0,1
737055,428,2,5538,-7956,1,0,0
737056,65535,255,6587,-7956,0,0,0
737057,0,0,0,0,0,0,0
737058,939,0,482,-7956,1,0,1
737059,1013,0,2738,-7956,1,0,1
737060,65535,255,5002,-7956,0,0,0
737061,65535,255,6400,-7956,0,0,0
737062,65535,255,4203,-7956,0,0,0
737063,674,0,1566,-7956,1,0,1
737064,65535,255,1749,-7956,0,0,0
737065,307,0,4370,-7956,1,0,0
737066,475,0,6004,-7956,1,0,1
737067,437,0,6241,-7956,1,0,1
737068,1137,0,2567,-7956,1,0,1
737069,65535,255,667,-7956,0,0,0
737070,65535,255,3628,-7956,0,0,0
737071,649,0,5545,-7956,1,0,1
737072,484,0,6583,-7956,1,0,1
737073,65535,255,3441,-7956,0,0,0
737074,288,0,459,-7956,1,0,1
737075,701,2,2757,-7956,1,0,1
737076,0,0,0,0,0,0,0
737077,65535,255,6407,-7956,0,0,0
737078,65535,255,4192,-7956,0,0,0
737079,65535,255,1548,-7956,0,0,0
737080,65535,255,1771,-7956,0,0,0
737081,0,0,0,0,0,0,0
737082,65535,255,6014,-7956,0,0,0
737083,65535,255,6233,-7956,0,0,0
737084,65535,255,2542,-7956,0,0,0
737085,65535,255,684,-7956,0,0,0
737086,395,0,3644,-7956,1,0,1
737087,65535,255,5558,-7956,0,0,0
737088,65535,255,6578,-7956,0,0,0
737089,65535,255,3423,-7956,0,0,0
737090,1042,0,431,-7956,1,0,1
737091,1118,0,2780,-7956,1,0,1
737092,621,0,5028,-7956,1,0,1
737093,65535,255,6416,-7956,0,0,0
737094,65535,255,4178,-7956,0,0,0
737095,898,0,1517,-7956,1,0,1
737096,65535,255,1798,-7956,0,0,0
737097,1067,0,4404,-7956,1,0,1
737098,65535,255,6027,-7956,0,0,0
737099,65535,255,6226,-7956,0,0,0
737100,1012,2,2522,-7956,1,0,0
737101,0,0,0,0,0,0,0
737102,65535,255,3668,-7956,0,0,0
737103,0,0,0,0,0,0,0
737104,0,0,0,0,0,0,0
737105,0,0,0,0,0,0,0
737106,359,0,394,-7956,1,0,1
737107,65535,255,2813,-7956,0,0,0
737108,65535,255,5047,-7956,0,0,0
737109,826,2,6430,-7956,1,0,1
737110,723,2,4155,-7956,1,0,0
737111,65535,255,1490,-7956,0,0,0
737112,65535,255,1831,-7956,0,0,0
737113,65535,255,4423,-7956,0,0,0
737114,740,0,6040,-7956,1,0,1
737115,783,0,6214,-7956,1,0,1
737116,0,0,0,0,0,0,0
737117,65535,255,759,-7956,0,0,0
737118,904,0,3696,-7956,1,0,1
737119,956,0,5590,-7956,1,0,1
737120,1031,0,6558,-7956,1,0,1
737121,65535,255,3380,-7956,0,0,0
737122,1233,0,373,-7956,1,0,1
737123,809,0,2832,-7956,1,0,1
737124,65535,255,5056,-7956,0,0,0
737125,982,0,6433,-7956,1,0,0
737126,65535,255,4145,-7956,0,0,0
737127,65535,255,1482,-7956,0,0,0
737128,65535,255,1837,-7956,0,0,0
737129,365,2,4427,-7956,1,0,0
737130,877,0,6038,-7956,1,0,1
737131,65535,255,6214,-7956,0,0,0
737132,65535,255,2498,-7956,0,0,0
737133,758,0,743,-7956,1,0,0
737134,1163,2,3680,-7956,1,0,1
737135,964,0,5580,-7956,1,0,0
737136,513,0,6563,-7956,1,0,1
737137,1070,0,3393,-7956,1,0,1
737138,1183,0,395,-7956,1,0,1
737139,1254,0,2808,-7956,1,0,1
737140,1466,0,5044,-7956,1,0,1
737141,727,2,6426,-7956,1,0,1
737142,0,0,0,0,0,0,0
737143,680,2,1495,-7956,1,0,1
737144,757,0,1820,-7956,1,0,1
737145,65535,255,4414,-7956,0,0,0
737146,0,0,0,0,0,0,0
737147,65535,255,6219,-7956,0,0,0
737148,65535,255,2508,-7956,0,0,0
737149,65535,255,731,-7956,0,0,0
737150,1330,0,3668,-7956,1,0,1
737151,697,0,5573,-7956,1,0,1
737152,863,0,6566,-7956,1,0,1
737153,1033,0,3402,-7956,1,0,1
737154,65535,255,407,-7956,0,0,0
737155,1306,0,2800,-7956,1,0,1
737156,65535,255,5035,-7956,0,0,0
737157,273,0,6423,-7956,1,0,0
737158,814,0,4163,-7956,1,0,1
737159,901,0,1506,-7956,1,0,1
737160,922,2,1808,-7956,1,0,1
737161,65535,255,4407,-7956,0,0,0
737162,627,0,6026,-7956,1,0,1
737163,608,0,6221,-7956,1,0,1
737164,65535,255,2518,-7956,0,0,0
737165,1371,2,720,-7956,1,0,1
737166,1108,0,3661,-7956,1,0,1
737167,854,0,5568,-7956,1,0,1
737168,624,2,6568,-7956,1,0,1
737169,440,2,3406,-7956,1,0,0
737170,531,2,412,-7956,1,0,0
737171,65535,255,2795,-7956,0,0,0
737172,434,0,5036,-7956,1,0,1
737173,701,0,6419,-7956,1,0,1
737174,65535,255,4167,-7956,0,0,0
737175,65535,255,1506,-7956,0,0,0
737176,390,0,1804,-7956,1,0,1
737177,321,0,4404,-7956,1,0,0
737178,65535,255,6024,-7956,0,0,0
737179,494,0,6221,-7956,1,0,1
737180,1002,0,2521,-7956,1,0,1
737181,882,0,720,-7956,1,0,1
737182,65535,255,3661,-7956,0,0,0
737183,888,0,5567,-7956,1,0,1
737184,590,0,6568,-7956,1,0,1
737185,65535,255,3406,-7956,0,0,0
737186,65535,255,412,-7956,0,0,0
737187,794,0,2794,-7956,1,0,1
737188,65535,255,5033,-7956,0,0,0
737189,766,0,6419,-7956,1,0,1
737190,1162,0,4167,-7956,1,0,1
737191,591,2,1506,-7956,1,0,1
737192,365,0,1809,-7956,1,0,1
737193,65535,255,4407,-7956,0,0,0
737194,65535,255,6028,-7956,0,0,0
737195,65535,255,6221,-7956,0,0,0
737196,1442,0,2518,-7956,1,0,1
737197,1358,2,719,-7956,1,0,1
737198,1332,2,3664,-7956,1,0,1
737199,580,2,5572,-7956,1,0,1
737200,394,2,6566,-7956,1,0,1
737201,65535,255,3402,-7956,0,0,0
737202,538,2,407,-7956,1,0,0
737203,702,0,2804,-7956,1,0,1
737204,768,0,5038,-7956,1,0,1
737205,664,0,6423,-7956,1,0,1
737206,65535,255,4159,-7956,0,0,0
737207,599,0,1501,-7956,1,0,0
737208,799,0,1814,-7956,1,0,0
737209,1202,0,4414,-7956,1,0,1
737210,1083,0,6032,-7956,1,0,1
737211,642,0,6217,-7956,1,0,1
737212,1387,0,2507,-7956,1,0,1
737213,1272,0,730,-7956,1,0,0
737214,65535,255,3676,-7956,0,0,0
737215,65535,255,5577,-7956,0,0,0
737216,397,0,6563,-7956,1,0,1
737217,872,0,3393,-7956,1,0,0
737218,807,0,391,-7956,1,0,1
737219,65535,255,2813,-7956,0,0,0
737220,1228,0,5047,-7956,1,0,1
737221,608,0,6428,-7956,1,0,0
737222,65535,255,4152,-7956,0,0,0
737223,65535,255,1484,-7956,0,0,0
737224,842,0,1831,-7956,1,0,1
737225,868,0,4424,-7956,1,0,1
737226,1123,0,6038,-7956,1,0,1
737227,799,0,6215,-7956,1,0,1
737228,1133,2,2492,-7956,1,0,1
737229,1086,0,748,-7956,1,0,0
737230,1170,2,3688,-7956,1,0,1
737231,1049,2,5586,-7956,1,0,1
737232,807,2,6561,-7956,1,0,1
737233,1042,0,3381,-7956,1,0,1
737234,1324,0,378,-7956,1,0,1
737235,762,0,2832,-7956,1,0,1
737236,65535,255,5059,-7956,0,0,0
737237,624,0,6435,-7956,1,0,0
737238,1077,0,4141,-7956,1,0,1
737239,1126,0,1468,-7956,1,0,1
737240,1357,0,1847,-7956,1,0,1
737241,396,0,4437,-7956,1,0,1
737242,947,0,6046,-7956,1,0,1
737243,65535,255,6206,-7956,0,0,0
737244,65535,255,2478,-7956,0,0,0
737245,65535,255,771,-7956,0,0,0
737246,495,0,3704,-7956,1,0,0
737247,65535,255,5595,-7956,0,0,0
737248,832,0,6554,-7956,1,0,1
737249,65535,255,3367,-7956,0,0,0
737250,1402,2,354,-7956,1,0,1
737251,1121,0,2851,-7956,1,0,1
737252,1319,0,5069,-7956,1,0,1
737253,1039,2,6444,-7956,1,0,1
737254,812,2,4127,-7956,1,0,0
737255,1237,2,1445,-7956,1,0,0
737256,1071,0,1870,-7956,1,0,1
737257,769,2,4451,-7956,1,0,1
737258,1079,0,6053,-7956,1,0,1
737259,1054,2,6201,-7956,1,0,0
737260,0,0,0,0,0,0,0
737261,1065,0,790,-7956,1,0,1
737262,65535,255,3712,-7956,0,0,0
737263,65535,255,5598,-7956,0,0,0
737264,665,2,6551,-7956,1,0,0
737265,515,0,3359,-7956,1,0,1
737266,1369,0,355,-7956,1,0,0
737267,821,0,2846,-7956,1,0,1
737268,892,0,5068,-7956,1,0,1
737269,650,0,6440,-7956,1,0,0
737270,999,0,4131,-7956,1,0,1
737271,65535,255,1459,-7956,0,0,0
737272,1369,0,1853,-7956,1,0,1
737273,329,0,4438,-7956,1,0,0
737274,65535,255,6045,-7956,0,0,0
737275,65535,255,6207,-7956,0,0,0
737276,1336,0,2478,-7956,1,0,1
737277,1155,0,766,-7956,1,0,1
737278,1135,0,3696,-7956,1,0,1
737279,867,0,5589,-7956,1,0,1
737280,649,0,6555,-7956,1,0,1
737281,65535,255,3377,-7956,0,0,0
737282,65535,255,367,-7956,0,0,0
737283,783,0,2833,-7956,1,0,0
737284,798,2,5056,-7956,1,0,1
737285,753,2,6433,-7956,1,0,0
737286,1123,2,4145,-7956,1,0,0
737287,867,0,1473,-7956,1,0,1
737288,65535,255,1837,-7956,0,0,0
737289,65535,255,4424,-7956,0,0,0
737290,905,0,6039,-7956,1,0,1
737291,683,0,6211,-7956,1,0,0
737292,703,2,2488,-7956,1,0,1
737293,676,0,748,-7956,1,0,1
737294,1202,0,3684,-7956,1,0,1
737295,65535,255,5581,-7956,0,0,0
737296,361,0,6559,-7956,1,0,0
737297,756,0,3385,-7956,1,0,1
737298,1218,0,384,-7956,1,0,0
737299,1081,0,2819,-7956,1,0,1
737300,825,0,5048,-7956,1,0,1
737301,774,0,6427,-7956,1,0,0
737302,1065,0,4152,-7956,1,0,0
737303,65535,255,1490,-7956,0,0,0
737304,1124,0,1824,-7956,1,0,1
737305,747,0,4417,-7956,1,0,1
737306,971,0,6033,-7956,1,0,0
737307,65535,255,6215,-7956,0,0,0
737308,580,0,2498,-7956,1,0,1
737309,970,0,737,-7956,1,0,1
737310,427,0,3677,-7956,1,0,1
737311,1200,0,5576,-7956,1,0,1
737312,544,0,6562,-7956,1,0,1
737313,956,0,3393,-7956,1,0,1
737314,1059,0,395,-7956,1,0,1
737315,795,0,2809,-7956,1,0,1
737316,526,0,5045,-7956,1,0,1
737317,1121,0,6425,-7956,1,0,1
737318,933,0,4156,-7956,1,0,1
737319,1283,0,1495,-7956,1,0,1
737320,1519,0,1815,-7956,1,0,1
737321,966,0,4414,-7956,1,0,1
737322,1049,0,6030,-7956,1,0,0
737323,65535,255,6217,-7956,0,0,0
737324,1404,0,2508,-7956,1,0,1
737325,1316,0,730,-7956,1,0,1
737326,862,0,3675,-7956,1,0,0
737327,65535,255,5577,-7956,0,0,0
737328,65535,255,6563,-7956,0,0,0
737329,1465,0,3397,-7956,1,0,1
737330,583,0,412,-7956,1,0,1
737331,1154,0,2790,-7956,1,0,1
737332,868,0,5032,-7956,1,0,1
737333,65535,255,6419,-7956,0,0,0
737334,993,0,4174,-7956,1,0,1
737335,1412,0,1522,-7956,1,0,1
737336,1038,0,1793,-7956,1,0,1
737337,65535,255,4397,-7956,0,0,0
737338,65535,255,6022,-7956,0,0,0
737339,545,2,6227,-7956,1,0,1
737340,65535,255,2532,-7956,0,0,0
737341,1262,2,696,-7956,1,0,1
737342,65535,255,3648,-7956,0,0,0
737343,826,2,5563,-7956,1,0,1
737344,552,2,6576,-7956,1,0,0
737345,922,0,3423,-7956,1,0,1
737346,1549,0,436,-7956,1,0,1
737347,1060,0,2775,-7956,1,0,1
737348,1092,0,5023,-7956,1,0,1
737349,651,0,6414,-7956,1,0,1
737350,1018,2,4188,-7956,1,0,1
737351,847,0,1538,-7956,1,0,1
737352,65535,255,1776,-7956,0,0,1
737353,727,0,4390,-7956,1,0,1
737354,594,0,6017,-7956,1,0,1
737355,629,0,6235,-7956,1,0,1
737356,65535,255,2547,-7956,0,0,0
737357,65535,255,684,-7956,0,0,0
737358,65535,255,3640,-7956,0,0,0
737359,1183,0,5555,-7956,1,0,1
737360,615,0,6580,-7956,1,0,1
737361,1048,0,3435,-7956,1,0,1
737362,1355,0,453,-7956,1,0,1
737363,1241,0,2767,-7956,1,0,1
737364,451,0,5016,-7956,1,0,1
737365,1220,0,6409,-7956,1,0,1
737366,1354,0,4199,-7956,1,0,1
737367,1308,0,1555,-7956,1,0,1
737368,773,2,1759,-7956,1,0,0
737369,65535,255,4377,-7956,0,0,0
737370,65535,255,6010,-7956,0,0,0
737371,1064,0,6242,-7956,1,0,1
737372,757,0,2564,-7956,1,0,1
737373,549,0,668,-7956,1,0,1
737374,1033,0,3623,-7956,1,0,1
737375,682,0,5547,-7956,1,0,1
737376,895,2,6587,-7956,1,0,1
737377,693,0,3452,-7956,1,0,1
737378,690,0,471,-7956,1,0,1
737379,1413,2,2743,-7956,1,0,1
737380,610,0,5005,-7956,1,0,1
737381,566,0,6401,-7956,1,0,1
737382,65535,255,4210,-7956,0,0,0
737383,890,0,1572,-7956,1,0,1
737384,65535,255,1741,-7956,0,0,0
737385,65535,255,4366,-7956,0,0,0
737386,65535,255,6001,-7956,0,0,0
737387,65535,255,6246,-7956,0,0,0
737388,908,0,2582,-7956,1,0,1
737389,708,0,644,-7956,1,0,0
737390,65535,255,3611,-7956,0,0,0
737391,1401,0,5538,-7956,1,0,1
737392,449,0,6591,-7956,1,0,1
737393,1116,0,3465,-7956,1,0,1
737394,494,0,487,-7956,1,0,1
737395,65535,255,2728,-7956,0,0,0
737396,812,0,4996,-7956,1,0,1
737397,65535,255,6395,-7956,0,0,0
737398,65535,255,4217,-7956,0,0,0
737399,65535,255,1589,-7956,0,0,0
737400,65535,255,1726,-7956,0,0,0
737401,65535,255,4355,-7956,0,0,0
737402,65535,255,5995,-7956,0,0,0
737403,65535,255,6250,-7956,0,0,0
737404,592,2,2592,-7956,1,0,0
737405,65535,255,632,-7956,0,0,0
737406,584,2,3602,-7956,1,0,1
737407,1418,0,5531,-7956,1,0,1
737408,734,0,6594,-7956,1,0,1
737409,65535,255,3469,-7956,0,0,0
737410,1359,0,499,-7956,1,0,1
737411,625,0,2723,-7956,1,0,1
737412,711,0,4990,-7956,1,0,1
737413,65535,255,6392,-7956,0,0,0
737414,65535,255,4221,-7956,0,0,0
737415,742,0,1589,-7956,1,0,1
737416,65535,255,1721,-7956,0,0,0
737417,732,0,4352,-7956,1,0,0
737418,65535,255,5993,-7956,0,0,0
737419,926,0,6251,-7956,1,0,0
737420,65535,255,2592,-7956,0,0,0
737421,65535,255,632,-7956,0,0,0
737422,65535,255,3599,-7956,0,0,0
737423,65535,255,5530,-7956,0,0,0
737424,65535,255,6593,-7956,0,0,0
737425,1175,0,3470,-7956,1,0,1
737426,65535,255,500,-7956,0,0,0
737427,65535,255,2723,-7956,0,0,0
737428,620,0,4990,-7956,1,0,1
737429,65535,255,6391,-7956,0,0,0
737430,65535,255,4221,-7956,0,0,0
737431,65535,255,1589,-7956,0,0,0
737432,65535,255,1721,-7956,0,0,0
737433,65535,255,4352,-7956,0,0,0
737434,65535,255,5993,-7956,0,0,0
737435,65535,255,6251,-7956,0,0,0
737436,1012,0,2592,-7956,1,0,1
737437,975,0,632,-7956,1,0,1
737438,65535,255,3602,-7956,0,0,0
737439,487,2,5533,-7956,1,0,1
737440,355,0,6592,-7956,1,0,1
737441,65535,255,3469,-7956,0,0,0
737442,65535,255,498,-7956,0,0,0
737443,835,0,2728,-7956,1,0,1
737444,1042,0,4992,-7956,1,0,1
737445,65535,255,6393,-7956,0,0,0
737446,744,0,4218,-7956,1,0,0
737447,1225,0,1584,-7956,1,0,1
737448,1348,0,1727,-7956,1,0,0
737449,1538,0,4356,-7956,1,0,1
737450,848,0,5997,-7956,1,0,1
737451,1060,0,6249,-7956,1,0,1
737452,65535,255,2582,-7956,0,0,0
737453,65535,255,637,-7956,0,0,0
737454,65535,255,3606,-7956,0,0,0
737455,482,2,5538,-7956,1,0,0
737456,482,2,6591,-7956,1,0,0
737457,894,2,3461,-7956,1,0,0
737458,788,0,483,-7956,1,0,1
737459,1647,0,2733,-7956,1,0,1
737460,816,0,4999,-7956,1,0,1
737461,65535,255,6398,-7956,0,0,0
737462,65535,255,4210,-7956,0,0,0
737463,644,0,1572,-7956,1,0,1
737464,65535,255,1743,-7956,0,0,0
737465,387,0,4366,-7956,1,0,0
737466,77,2,6004,-7956,1,0,1
737467,65535,255,6245,-7956,0,0,0
737468,1340,0,2572,-7956,1,0,0
737469,1214,0,655,-7956,1,0,0
737470,65535,255,3619,-7956,0,0,0
737471,65535,255,5546,-7956,0,0,0
737472,65535,255,6586,-7956,0,0,0
737473,1193,0,3448,-7956,1,0,0
737474,846,0,467,-7956,1,0,0
737475,837,0,2752,-7956,1,0,1
737476,1038,0,5008,-7956,1,0,1
737477,905,0,6405,-7956,1,0,1
737478,1118,0,4199,-7956,1,0,0
737479,733,0,1555,-7956,1,0,1
737480,1214,0,1759,-7956,1,0,1
737481,65535,255,4380,-7956,0,0,0
737482,65535,255,6012,-7956,0,0,0
737483,322,0,6238,-7956,1,0,1
737484,1209,2,2557,-7956,1,0,1
737485,65535,255,674,-7956,0,0,0
737486,646,0,3637,-7956,1,0,1
737487,65535,255,5555,-7956,0,0,0
737488,65535,255,6580,-7956,0,0,0
737489,576,2,3435,-7956,1,0,0
737490,1480,0,446,-7956,1,0,1
737491,1434,2,2771,-7956,1,0,1
737492,1335,0,5023,-7956,1,0,1
737493,1272,0,6414,-7956,1,0,1
737494,1358,0,4184,-7956,1,0,1
737495,1460,0,1534,-7956,1,0,1
737496,65535,255,1787,-7956,0,0,0
737497,758,0,4397,-7956,1,0,1
737498,65535,255,6021,-7956,0,0,0
737499,643,2,6231,-7956,1,0,1
737500,65535,255,2532,-7956,0,0,0
737501,942,0,708,-7956,1,0,1
737502,1613,0,3657,-7956,1,0,1
737503,642,0,5568,-7956,1,0,1
737504,1047,0,6573,-7956,1,0,1
737505,65535,255,3414,-7956,0,0,0
737506,65535,255,418,-7956,0,0,0
737507,65535,255,2799,-7956,0,0,0
737508,65535,255,5038,-7956,0,0,0
737509,65535,255,6424,-7956,0,0,0
737510,65535,255,4166,-7956,0,0,0
737511,1186,0,1506,-7956,1,0,1
737512,65535,255,1815,-7956,0,0,0
737513,65535,255,4414,-7956,0,0,0
737514,466,2,6033,-7956,1,0,1
737515,239,2,6218,-7956,1,0,1
737516,65535,255,2503,-7956,0,0,0
737517,1589,0,736,-7956,1,0,1
737518,65535,255,3685,-7956,0,0,0
737519,65535,255,5581,-7956,0,0,0
737520,585,2,6563,-7956,1,0,0
737521,65535,255,3385,-7956,0,0,0
737522,656,0,378,-7956,1,0,1
737523,823,0,2828,-7956,1,0,1
737524,65535,255,5056,-7956,0,0,0
737525,65535,255,6434,-7956,0,0,0
737526,1306,2,4145,-7956,1,0,0
737527,806,0,1473,-7956,1,0,1
737528,65535,255,1837,-7956,0,0,0
737529,1315,0,4424,-7956,1,0,1
737530,0,0,0,0,0,0,0
737531,65535,255,6213,-7956,0,0,0
737532,924,0,2497,-7956,1,0,0
737533,1448,0,742,-7956,1,0,1
737534,683,0,3680,-7956,1,0,1
737535,343,0,5579,-7956,1,0,0
737536,65535,255,6562,-7956,0,0,0
737537,906,0,3393,-7956,1,0,0
737538,859,0,394,-7956,1,0,1
737539,846,0,2809,-7956,1,0,1
737540,617,0,5041,-7956,1,0,1
737541,65535,255,6423,-7956,0,0,0
737542,1151,0,4160,-7956,1,0,1
737543,1184,0,1506,-7956,1,0,1
737544,65535,255,1809,-7956,0,0,0
737545,1209,0,4408,-7956,1,0,1
737546,65535,255,6026,-7956,0,0,0
737547,65535,255,6221,-7956,0,0,0
737548,65535,255,2517,-7956,0,0,0
737549,65535,255,719,-7956,0,0,0
737550,65535,255,3660,-7956,0,0,0
737551,65535,255,5568,-7956,0,0,0
737552,65535,255,6568,-7956,0,0,0
737553,65535,255,3410,-7956,0,0,0
737554,754,2,417,-7956,1,0,0
737555,1651,0,2785,-7956,1,0,1
737556,1442,0,5029,-7956,1,0,1
737557,1260,0,6416,-7956,1,0,1
737558,957,0,4174,-7956,1,0,1
737559,1328,0,1522,-7956,1,0,1
737560,1374,0,1787,-7956,1,0,1
737561,1375,0,4394,-7956,1,0,1
737562,1194,0,6020,-7956,1,0,1
737563,1024,0,6227,-7956,1,0,1
737564,65535,255,2532,-7956,0,0,0
737565,719,0,702,-7956,1,0,0
737566,1036,0,3648,-7956,1,0,1
737567,742,0,5558,-7956,1,0,1
737568,364,0,6574,-7956,1,0,1
737569,862,0,3423,-7956,1,0,1
737570,688,0,435,-7956,1,0,1
737571,1449,0,2771,-7956,1,0,1
737572,65535,255,5020,-7956,0,0,0
737573,722,0,6412,-7956,1,0,0
737574,688,0,4185,-7956,1,0,1
737575,1330,0,1539,-7956,1,0,1
737576,65535,255,1777,-7956,0,0,0
737577,65535,255,4388,-7956,0,0,0
737578,65535,255,6015,-7956,0,0,0
737579,65535,255,6231,-7956,0,0,0
737580,1001,0,2547,-7956,1,0,1
737581,65535,255,684,-7956,0,0,0
737582,1095,2,3641,-7956,1,0,1
737583,65535,255,5556,-7956,0,0,0
737584,487,2,6578,-7956,1,0,1
737585,1191,0,3431,-7956,1,0,1
737586,892,0,446,-7956,1,0,1
737587,572,0,2766,-7956,1,0,1
737588,893,0,5017,-7956,1,0,0
737589,950,0,6409,-7956,1,0,1
737590,1153,0,4192,-7956,1,0,0
737591,819,0,1544,-7956,1,0,1
737592,65535,255,1771,-7956,0,0,0
737593,920,0,4384,-7956,1,0,1
737594,1307,0,6010,-7956,1,0,1
737595,854,0,6235,-7956,1,0,1
737596,1368,0,2552,-7956,1,0,1
737597,1448,0,676,-7956,1,0,1
737598,65535,255,3632,-7956,0,0,0
737599,645,0,5553,-7956,1,0,1
737600,969,0,6581,-7956,1,0,1
737601,990,0,3440,-7956,1,0,1
737602,1217,0,454,-7956,1,0,1
737603,65535,255,2762,-7956,0,0,0
737604,787,0,5014,-7956,1,0,1
737605,1017,0,6407,-7956,1,0,1
737606,65535,255,4195,-7956,0,0,0
737607,803,0,1550,-7956,1,0,1
737608,464,0,1765,-7956,1,0,1
737609,1356,2,4380,-7956,1,0,1
737610,1174,0,6010,-7956,1,0,1
737611,382,2,6236,-7956,1,0,1
737612,65535,255,2557,-7956,0,0,0
737613,65535,255,673,-7956,0,0,0
737614,1198,0,3632,-7956,1,0,1
737615,65535,255,5550,-7956,0,0,0
737616,65535,255,6582,-7956,0,0,0
737617,1328,2,3444,-7956,1,0,1
737618,1430,0,458,-7956,1,0,1
737619,980,0,2757,-7956,1,0,1
737620,1300,0,5014,-7956,1,0,0
737621,589,0,6406,-7956,1,0,0
737622,715,0,4199,-7956,1,0,1
737623,1488,0,1555,-7956,1,0,1
737624,65535,255,1766,-7956,0,0,0
737625,790,0,4380,-7956,1,0,1
737626,1186,0,6011,-7956,1,0,0
737627,747,0,6238,-7956,1,0,1
737628,65535,255,2556,-7956,0,0,0
737629,1028,0,673,-7956,1,0,1
737630,1197,0,3633,-7956,1,0,0
737631,1428,0,5551,-7956,1,0,1
737632,793,0,6583,-7956,1,0,1
737633,586,0,3439,-7956,1,0,0
737634,724,0,452,-7956,1,0,1
737635,972,0,2762,-7956,1,0,1
737636,795,2,5014,-7956,1,0,1
737637,65535,255,6408,-7956,0,0,0
737638,65535,255,4195,-7956,0,0,0
737639,695,0,1549,-7956,1,0,1
737640,1155,2,1766,-7956,1,0,1
737641,65535,255,4381,-7956,0,0,0
737642,1157,2,6011,-7956,1,0,1
737643,1084,0,6238,-7956,1,0,1
737644,1462,0,2556,-7956,1,0,1
737645,1584,0,673,-7956,1,0,1
737646,1413,2,3633,-7956,1,0,1
737647,65535,255,5551,-7956,0,0,0
737648,65535,255,6580,-7956,0,0,0
737649,1247,0,3436,-7956,1,0,1
737650,65535,255,451,-7956,0,0,0
737651,65535,255,2762,-7956,0,0,0
737652,1306,0,5015,-7956,1,0,1
737653,969,0,6408,-7956,1,0,1
737654,909,0,4191,-7956,1,0,0
737655,1337,0,1544,-7956,1,0,0
737656,1444,0,1772,-7956,1,0,1
737657,1429,0,4385,-7956,1,0,1
737658,1397,0,6014,-7956,1,0,1
737659,1113,0,6234,-7956,1,0,1
737660,1082,0,2546,-7956,1,0,1
737661,1006,0,685,-7956,1,0,1
737662,737,0,3641,-7956,1,0,1
737663,744,0,5556,-7956,1,0,1
737664,870,0,6578,-7956,1,0,1
737665,1045,2,3431,-7956,1,0,1
737666,65535,255,440,-7956,0,0,0
737667,1028,0,2772,-7956,1,0,1
737668,768,2,5022,-7956,1,0,1
737669,1190,0,6410,-7956,1,0,1
737670,1321,2,4184,-7956,1,0,1
737671,1025,0,1533,-7956,1,0,1
737672,65535,255,1783,-7956,0,0,0
737673,611,2,4392,-7956,1,0,1
737674,625,2,6018,-7956,1,0,0
737675,669,2,6230,-7956,1,0,0
737676,65535,255,2537,-7956,0,0,0
737677,1205,0,698,-7956,1,0,0
737678,632,0,3650,-7956,1,0,1
737679,65535,255,5562,-7956,0,0,0
737680,65535,255,6573,-7956,0,0,0
737681,1431,0,3417,-7956,1,0,1
737682,1070,0,423,-7956,1,0,1
737683,873,0,2786,-7956,1,0,1
737684,474,0,5030,-7956,1,0,1
737685,1190,0,6415,-7956,1,0,1
737686,65535,255,4173,-7956,0,0,0
737687,65535,255,1516,-7956,0,0,0
737688,835,0,1799,-7956,1,0,1
737689,65535,255,4402,-7956,0,0,0
737690,1235,0,6023,-7956,1,0,1
737691,1134,0,6224,-7956,1,0,1
737692,758,0,2517,-7956,1,0,1
737693,1450,0,714,-7956,1,0,1
737694,868,0,3653,-7956,1,0,1
737695,841,2,5562,-7956,1,0,1
737696,65535,255,6575,-7956,0,0,0
737697,687,0,3418,-7956,1,0,1
737698,65535,255,435,-7956,0,0,0
737699,1410,0,2777,-7956,1,0,1
737700,913,2,5024,-7956,1,0,0
737701,883,0,6412,-7956,1,0,0
737702,1216,0,4184,-7956,1,0,1
737703,702,0,1533,-7956,1,0,1
737704,1596,0,1777,-7956,1,0,1
737705,366,0,4392,-7956,1,0,0
737706,1286,0,6016,-7956,1,0,1
737707,65535,255,6231,-7956,0,0,0
737708,1252,0,2546,-7956,1,0,1
737709,490,0,692,-7956,1,0,1
737710,1301,0,3642,-7956,1,0,1
737711,594,0,5557,-7956,1,0,1
737712,997,0,6580,-7956,1,0,1
737713,558,0,3430,-7956,1,0,0
737714,968,0,447,-7956,1,0,0
737715,65535,255,2768,-7956,0,0,0
737716,1139,0,5017,-7956,1,0,1
737717,666,0,6411,-7956,1,0,1
737718,969,0,4192,-7956,1,0,1
737719,1203,0,1545,-7956,1,0,1
737720,65535,255,1769,-7956,0,0,0
737721,65535,255,4383,-7956,0,0,0
737722,797,0,6013,-7956,1,0,1
737723,65535,255,6236,-7956,0,0,0
737724,65535,255,2552,-7956,0,0,0
737725,873,2,678,-7956,1,0,1
737726,846,2,3636,-7956,1,0,1
737727,1114,0,5553,-7956,1,0,1
737728,547,0,6581,-7956,1,0,1
737729,983,0,3435,-7956,1,0,1
737730,1446,0,453,-7956,1,0,1
737731,1372,0,2761,-7956,1,0,1
737732,1332,0,5014,-7956,1,0,1
737733,1043,0,6409,-7956,1,0,1
737734,733,0,4191,-7956,1,0,1
737735,1171,0,1550,-7956,1,0,1
737736,1423,0,1765,-7956,1,0,1
737737,1149,0,4384,-7956,1,0,1
737738,810,0,6012,-7956,1,0,0
737739,356,0,6236,-7956,1,0,1
737740,923,0,2552,-7956,1,0,1
737741,871,0,679,-7956,1,0,0
737742,1156,0,3636,-7956,1,0,1
737743,606,0,5555,-7956,1,0,0
737744,465,0,6581,-7956,1,0,1
737745,949,0,3435,-7956,1,0,1
737746,1023,0,446,-7956,1,0,1
737747,968,0,2766,-7956,1,0,1
737748,1396,0,5018,-7956,1,0,1
737749,806,0,6411,-7956,1,0,1
737750,65535,255,4192,-7956,0,0,0
737751,674,0,1539,-7956,1,0,1
737752,65535,255,1777,-7956,0,0,0
737753,1390,0,4386,-7956,1,0,1
737754,1042,0,6014,-7956,1,0,1
737755,851,0,6234,-7956,1,0,1
737756,65535,255,2542,-7956,0,0,0
737757,567,0,689,-7956,1,0,1
737758,936,0,3644,-7956,1,0,1
737759,579,0,5560,-7956,1,0,1
737760,1090,0,6579,-7956,1,0,1
737761,65535,255,3427,-7956,0,0,0
737762,65535,255,435,-7956,0,0,0
737763,764,2,2776,-7956,1,0,0
737764,302,2,5026,-7956,1,0,0
737765,65535,255,6414,-7956,0,0,0
737766,1000,0,4181,-7956,1,0,1
737767,65535,255,1528,-7956,0,0,0
737768,655,0,1787,-7956,1,0,0
737769,713,0,4397,-7956,1,0,1
737770,0,0,0,0,0,0,0
737771,65535,255,6229,-7956,0,0,0
737772,743,0,2532,-7956,1,0,0
737773,65535,255,707,-7956,0,0,0
737774,65535,255,3657,-7956,0,0,0
737775,1317,0,5566,-7956,1,0,1
737776,906,0,6573,-7956,1,0,1
737777,1555,0,3414,-7956,1,0,1
737778,1102,0,418,-7956,1,0,1
737779,1031,0,2791,-7956,1,0,1
737780,527,0,5036,-7956,1,0,1
737781,886,0,6421,-7956,1,0,1
737782,918,0,4167,-7956,1,0,1
737783,65535,255,1511,-7956,0,0,0
737784,65535,255,1804,-7956,0,0,0
737785,65535,255,4407,-7956,0,0,0
737786,586,2,6028,-7956,1,0,0
737787,65535,255,6221,-7956,0,0,0
737788,1491,0,2513,-7956,1,0,1
737789,1418,0,724,-7956,1,0,1
737790,1103,0,3668,-7956,1,0,1
737791,65535,255,5576,-7956,0,0,0
737792,65535,255,6566,-7956,0,0,0
737793,65535,255,3397,-7956,0,0,0
737794,65535,255,396,-7956,0,0,0
737795,65535,255,2809,-7956,0,0,0
737796,1210,0,5045,-7956,1,0,1
737797,931,0,6427,-7956,1,0,1
737798,65535,255,4152,-7956,0,0,0
737799,65535,255,1484,-7956,0,0,0
737800,1152,0,1832,-7956,1,0,1
737801,65535,255,4425,-7956,0,0,0
737802,626,0,6039,-7956,1,0,1
737803,65535,255,6211,-7956,0,0,0
737804,65535,255,2488,-7956,0,0,0
737805,65535,255,754,-7956,0,0,0
737806,65535,255,3689,-7956,0,0,0
737807,65535,255,5587,-7956,0,0,0
737808,65535,255,6556,-7956,0,0,0
737809,65535,255,3372,-7956,0,0,0
737810,65535,255,367,-7956,0,0,0
737811,65535,255,2837,-7956,0,0,0
737812,1441,2,5060,-7956,1,0,1
737813,65535,255,6437,-7956,0,0,0
737814,65535,255,4134,-7956,0,0,0
737815,1060,0,1462,-7956,1,0,1
737816,585,0,1847,-7956,1,0,1
737817,1082,2,4431,-7956,1,0,0
737818,941,2,6042,-7956,1,0,1
737819,729,2,6209,-7956,1,0,0
737820,65535,255,2483,-7956,0,0,0
737821,1881,0,754,-7956,1,0,1
737822,700,2,3685,-7956,1,0,0
737823,957,0,5584,-7956,1,0,1
737824,65535,255,6559,-7956,0,0,0
737825,773,0,3384,-7956,1,0,1
737826,1975,0,384,-7956,1,0,1
737827,65535,255,2819,-7956,0,0,0
737828,65535,255,5048,-7956,0,0,0
737829,65535,255,6427,-7956,0,0,0
737830,1053,0,4152,-7956,1,0,0
737831,65535,255,1490,-7956,0,0,0
737832,65535,255,1820,-7956,0,0,0
737833,722,0,4417,-7956,1,0,1
737834,1400,0,6032,-7956,1,0,1
737835,735,0,6217,-7956,1,0,1
737836,65535,255,2507,-7956,0,0,0
737837,1184,2,730,-7956,1,0,1
737838,1549,0,3673,-7956,1,0,1
737839,65535,255,5574,-7956,0,0,0
737840,65535,255,6567,-7956,0,0,0
737841,1434,0,3401,-7956,1,0,1
737842,65535,255,406,-7956,0,0,0
737843,65535,255,2799,-7956,0,0,0
737844,65535,255,5039,-7956,0,0,0
737845,65535,255,6422,-7956,0,0,0
737846,337,2,4163,-7956,1,0,0
737847,1807,0,1512,-7956,1,0,1
737848,65535,255,1804,-7956,0,0,0
737849,787,0,4407,-7956,1,0,1
737850,65535,255,6028,-7956,0,0,0
737851,65535,255,6222,-7956,0,0,0
737852,1646,0,2522,-7956,1,0,1
737853,1706,0,713,-7956,1,0,1
737854,1791,0,3661,-7956,1,0,1
737855,65535,255,5568,-7956,0,0,0
737856,65535,255,6572,-7956,0,0,0
737857,1600,0,3414,-7956,1,0,1
737858,1601,0,423,-7956,1,0,1
737859,833,0,2790,-7956,1,0,1
737860,65535,255,5032,-7956,0,0,0
737861,65535,255,6417,-7956,0,0,0
737862,65535,255,4174,-7956,0,0,0
737863,65535,255,1517,-7956,0,0,0
737864,65535,255,1793,-7956,0,0,0
737865,1000,0,4401,-7956,1,0,1
737866,65535,255,6021,-7956,0,0,0
737867,65535,255,6226,-7956,0,0,0
737868,1585,0,2532,-7956,1,0,1
737869,65535,255,702,-7956,0,0,0
737870,65535,255,3652,-7956,0,0,0
737871,1060,0,5566,-7956,1,0,1
737872,737,0,6573,-7956,1,0,1
737873,966,0,3418,-7956,1,0,1
737874,1723,0,429,-7956,1,0,1
737875,1568,0,2780,-7956,1,0,1
737876,65535,255,5029,-7956,0,0,0
737877,65535,255,6415,-7956,0,0,0
737878,382,0,4177,-7956,1,0,0
737879,65535,255,1528,-7956,0,0,0
737880,65535,255,1792,-7956,0,0,0
737881,65535,255,4397,-7956,0,0,0
737882,65535,255,6021,-7956,0,0,0
737883,969,2,6230,-7956,1,0,1
737884,1642,0,2537,-7956,1,0,1
737885,1471,0,696,-7956,1,0,1
737886,65535,255,3653,-7956,0,0,0
737887,790,0,5563,-7956,1,0,1
737888,65535,255,6575,-7956,0,0,0
737889,1144,0,3423,-7956,1,0,0
737890,1206,0,429,-7956,1,0,0
737891,65535,255,2781,-7956,0,0,0
737892,1339,0,5026,-7956,1,0,1
737893,65535,255,6415,-7956,0,0,0
737894,670,0,4177,-7956,1,0,0
737895,65535,255,1528,-7956,0,0,0
737896,483,2,1793,-7956,1,0,1
737897,735,0,4397,-7956,1,0,0
737898,737,2,6022,-7956,1,0,0
737899,742,2,6228,-7956,1,0,1
737900,438,2,2532,-7956,1,0,0
737901,65535,255,702,-7956,0,0,0
737902,1065,0,3652,-7956,1,0,1
737903,1236,0,5564,-7956,1,0,1
737904,1016,0,6574,-7956,1,0,1
737905,159,2,3414,-7956,1,0,0
737906,1079,2,428,-7956,1,0,0
737907,1466,0,2786,-7956,1,0,1
737908,1327,0,5030,-7956,1,0,1
737909,968,2,6417,-7956,1,0,0
737910,1075,2,4173,-7956,1,0,1
737911,776,0,1517,-7956,1,0,1
737912,65535,255,1799,-7956,0,0,0
737913,847,0,4401,-7956,1,0,1
737914,65535,255,6024,-7956,0,0,0
737915,65535,255,6225,-7956,0,0,0
737916,65535,255,2526,-7956,0,0,0
737917,1440,0,714,-7956,1,0,1
737918,1557,0,3659,-7956,1,0,1
737919,65535,255,5568,-7956,0,0,0
737920,65535,255,6570,-7956,0,0,0
737921,1299,0,3410,-7956,1,0,0
737922,763,0,411,-7956,1,0,1
737923,760,0,2795,-7956,1,0,1
737924,540,0,5035,-7956,1,0,0
737925,65535,255,6421,-7956,0,0,0
737926,688,0,4163,-7956,1,0,1
737927,1459,2,1506,-7956,1,0,1
737928,1542,2,1805,-7956,1,0,1
737929,1152,2,4407,-7956,1,0,1
737930,827,2,6029,-7956,1,0,1
737931,860,2,6221,-7956,1,0,1
737932,960,2,2508,-7956,1,0,1
737933,65535,255,725,-7956,0,0,0
737934,700,0,3673,-7956,1,0,1
737935,610,2,5574,-7956,1,0,0
737936,875,2,6566,-7956,1,0,1
737937,698,2,3393,-7956,1,0,0
737938,1309,2,402,-7956,1,0,0
737939,1676,2,2809,-7956,1,0,1
737940,1306,2,5045,-7956,1,0,1
737941,1086,0,6425,-7956,1,0,1
737942,1409,0,4156,-7956,1,0,0
737943,963,0,1490,-7956,1,0,1
737944,1308,0,1826,-7956,1,0,1
737945,1360,0,4421,-7956,1,0,1
737946,1137,0,6037,-7956,1,0,1
737947,1098,0,6213,-7956,1,0,1
737948,672,0,2493,-7956,1,0,1
737949,1167,0,748,-7956,1,0,1
737950,702,0,3689,-7956,1,0,1
737951,331,0,5584,-7956,1,0,0
737952,65535,255,6560,-7956,0,0,0
737953,65535,255,3376,-7956,0,0,0
737954,1421,0,372,-7956,1,0,1
737955,1126,0,2828,-7956,1,0,1
737956,65535,255,5057,-7956,0,0,0
737957,65535,255,6435,-7956,0,0,0
737958,1369,0,4141,-7956,1,0,1
737959,541,0,1462,-7956,1,0,1
737960,716,0,1853,-7956,1,0,0
737961,450,2,4438,-7956,1,0,0
737962,1038,0,6045,-7956,1,0,1
737963,379,0,6206,-7956,1,0,0
737964,65535,255,2473,-7956,0,0,0
737965,1797,2,772,-7956,1,0,1
737966,1367,2,3704,-7956,1,0,1
737967,65535,255,5594,-7956,0,0,0
737968,65535,255,6553,-7956,0,0,0
737969,65535,255,3368,-7956,0,0,0
737970,65535,255,359,-7956,0,0,0
737971,1581,0,2837,-7956,1,0,1
737972,65535,255,5060,-7956,0,0,0
737973,65535,255,6438,-7956,0,0,0
737974,1499,0,4138,-7956,1,0,1
737975,1209,0,1465,-7956,1,0,1
737976,65535,255,1848,-7956,0,0,0
737977,65535,255,4434,-7956,0,0,0
737978,918,0,6043,-7956,1,0,1
737979,458,0,6208,-7956,1,0,1
737980,1007,0,2482,-7956,1,0,1
737981,925,0,759,-7956,1,0,1
737982,776,0,3692,-7956,1,0,1
737983,1301,0,5586,-7956,1,0,1
737984,65535,255,6558,-7956,0,0,0
737985,996,0,3380,-7956,1,0,1
737986,65535,255,377,-7956,0,0,0
737987,1523,0,2823,-7956,1,0,0
737988,1376,2,5054,-7956,1,0,1
737989,65535,255,6433,-7956,0,0,0
737990,1032,2,4148,-7956,1,0,0
737991,1286,2,1483,-7956,1,0,0
737992,1177,0,1832,-7956,1,0,1
737993,604,2,4425,-7956,1,0,0
737994,65535,255,6037,-7956,0,0,0
737995,725,2,6213,-7956,1,0,1
737996,1501,2,2497,-7956,1,0,1
737997,1519,2,744,-7956,1,0,1
737998,65535,255,3681,-7956,0,0,0
737999,449,0,5582,-7956,1,0,1
738000,466,0,6564,-7956,1,0,1
738001,1160,0,3392,-7956,1,0,1
738002,65535,255,394,-7956,0,0,0
738003,65535,255,2814,-7956,0,0,0
738004,1079,0,5048,-7956,1,0,1
738005,768,0,6429,-7956,1,0,1
738006,1175,0,4158,-7956,1,0,1
738007,1575,0,1494,-7956,1,0,1
738008,553,0,1821,-7956,1,0,1
738009,65535,255,4416,-7956,0,0,0
738010,1161,0,6033,-7956,1,0,1
738011,65535,255,6218,-7956,0,0,0
738012,542,0,2506,-7956,1,0,0
738013,1613,0,731,-7956,1,0,1
738014,920,0,3673,-7956,1,0,1
738015,1037,0,5577,-7956,1,0,0
738016,65535,255,6566,-7956,0,0,0
738017,1384,0,3401,-7956,1,0,1
738018,65535,255,400,-7956,0,0,0
738019,1550,0,2805,-7956,1,0,1
738020,65535,255,5042,-7956,0,0,1
738021,1047,2,6425,-7956,1,0,1
738022,1461,2,4162,-7956,1,0,1
738023,65535,255,1500,-7956,0,0,0
738024,1535,0,1810,-7956,1,0,1
738025,904,2,4411,-7956,1,0,1
738026,1337,0,6029,-7956,1,0,1
738027,1131,0,6220,-7956,1,0,1
738028,1036,0,2511,-7956,1,0,1
738029,1148,0,726,-7956,1,0,1
738030,1316,2,3666,-7956,1,0,0
738031,846,0,5575,-7956,1,0,0
738032,581,2,6566,-7956,1,0,1
738033,65535,255,3401,-7956,0,0,0
738034,65535,255,405,-7956,0,0,0
738035,552,0,2800,-7956,1,0,0
738036,65535,255,5037,-7956,0,0,0
738037,65535,255,6423,-7956,0,0,0
738038,65535,255,4162,-7956,0,0,0
738039,1094,0,1505,-7956,1,0,1
738040,1035,0,1808,-7956,1,0,0
738041,1022,0,4409,-7956,1,0,1
738042,894,0,6027,-7956,1,0,1
738043,568,0,6218,-7956,1,0,1
738044,65535,255,2517,-7956,0,0,0
738045,1312,0,720,-7956,1,0,1
738046,1308,0,3665,-7956,1,0,1
738047,65535,255,5570,-7956,0,0,0
738048,65535,255,6566,-7956,0,0,0
738049,65535,255,3401,-7956,0,0,0
738050,1358,0,406,-7956,1,0,1
738051,65535,255,2801,-7956,0,0,0
738052,65535,255,5036,-7956,0,0,0
738053,875,0,6423,-7956,1,0,1
738054,657,2,4162,-7956,1,0,0
738055,351,0,1499,-7956,1,0,1
738056,926,0,1811,-7956,1,0,0
738057,65535,255,4412,-7956,0,0,0
738058,1104,0,6024,-7956,1,0,1
738059,406,0,6224,-7956,1,0,0
738060,1336,0,2527,-7956,1,0,1
738061,1051,0,709,-7956,1,0,1
738062,649,0,3658,-7956,1,0,1
738063,65535,255,5563,-7956,0,0,0
738064,65535,255,6571,-7956,0,0,0
738065,404,0,3413,-7956,1,0,0
738066,1009,0,422,-7956,1,0,1
738067,1378,0,2782,-7956,1,0,1
738068,1028,0,5028,-7956,1,0,1
738069,1287,0,6415,-7956,1,0,1
738070,1111,0,4177,-7956,1,0,1
738071,1366,0,1527,-7956,1,0,1
738072,1153,0,1788,-7956,1,0,1
738073,1299,0,4395,-7956,1,0,1
738074,798,0,6021,-7956,1,0,1
738075,65535,255,6228,-7956,0,0,0
738076,65535,255,2531,-7956,0,0,1
738077,1510,2,697,-7956,1,0,1
738078,1538,2,3650,-7956,1,0,0
738079,1082,2,5562,-7956,1,0,1
738080,65535,255,6575,-7956,0,0,0
738081,868,0,3417,-7956,1,0,1
738082,1117,0,429,-7956,1,0,1
738083,1249,0,2782,-7956,1,0,1
738084,585,0,5028,-7956,1,0,1
738085,1224,0,6415,-7956,1,0,1
738086,1051,0,4177,-7956,1,0,1
738087,1595,0,1528,-7956,1,0,1
738088,65535,255,1787,-7956,0,0,0
738089,971,0,4397,-7956,1,0,1
738090,632,0,6022,-7956,1,0,1
738091,617,0,6229,-7956,1,0,1
738092,605,0,2532,-7956,1,0,0
738093,1337,0,702,-7956,1,0,1
738094,627,0,3657,-7956,1,0,1
738095,1028,0,5566,-7956,1,0,1
738096,65535,255,6574,-7956,0,0,0
738097,544,0,3414,-7956,1,0,1
738098,1234,0,425,-7956,1,0,1
738099,65535,255,2785,-7956,0,0,0
738100,65535,255,5029,-7956,0,0,0
738101,928,0,6418,-7956,1,0,1
738102,837,0,4174,-7956,1,0,1
738103,1072,0,1517,-7956,1,0,1
738104,65535,255,1798,-7956,0,0,0
738105,1357,0,4400,-7956,1,0,1
738106,965,0,6026,-7956,1,0,0
738107,423,0,6224,-7956,1,0,1
738108,848,0,2522,-7956,1,0,1
738109,65535,255,721,-7956,0,0,0
738110,1262,2,3665,-7956,1,0,1
738111,812,0,5571,-7956,1,0,1
738112,926,0,6570,-7956,1,0,1
738113,1444,0,3406,-7956,1,0,1
738114,65535,255,407,-7956,0,0,0
738115,65535,255,2799,-7956,0,0,0
738116,650,2,5042,-7956,1,0,1
738117,65535,255,6424,-7956,0,0,0
738118,1156,0,4165,-7956,1,0,1
738119,65535,255,1500,-7956,0,0,0
738120,65535,255,1815,-7956,0,0,0
738121,821,0,4414,-7956,1,0,1
738122,984,0,6032,-7956,1,0,1
738123,700,0,6219,-7956,1,0,1
738124,1293,0,2507,-7956,1,0,1
738125,1330,0,731,-7956,1,0,1
738126,1052,0,3681,-7956,1,0,1
738127,1354,0,5578,-7956,1,0,1
738128,545,0,6564,-7956,1,0,1
738129,65535,255,3389,-7956,0,0,0
738130,528,0,383,-7956,1,0,1
738131,65535,255,2821,-7956,0,0,0
738132,554,0,5053,-7956,1,0,1
738133,65535,255,6432,-7956,0,0,0
738134,968,0,4148,-7956,1,0,1
738135,850,0,1479,-7956,1,0,1
738136,683,0,1837,-7956,1,0,1
738137,65535,255,4424,-7956,0,0,0
738138,65535,255,6039,-7956,0,0,0
738139,65535,255,6214,-7956,0,0,0
738140,65535,255,2497,-7956,0,0,0
738141,65535,255,742,-7956,0,0,0
738142,65535,255,3681,-7956,0,0,0
738143,844,0,5581,-7956,1,0,1
738144,1005,0,6564,-7956,1,0,1
738145,729,0,3393,-7956,1,0,1
738146,0,0,0,0,0,0,0
738147,1266,2,2809,-7956,1,0,1
738148,1061,0,5045,-7956,1,0,0
738149,988,0,6426,-7956,1,0,1
738150,1595,0,4163,-7956,1,0,1
738151,1541,0,1501,-7956,1,0,1
738152,1370,0,1815,-7956,1,0,1
738153,1474,0,4411,-7956,1,0,1
738154,1225,0,6030,-7956,1,0,1
738155,555,0,6220,-7956,1,0,1
738156,1614,0,2517,-7834,1,0,1
738157,65535,255,724,-7834,0,0,0
738158,1463,0,3664,-7834,1,0,1
738159,734,0,5574,-7834,1,0,1
738160,845,0,6569,-7834,1,0,1
738161,1113,0,3406,-7834,1,0,1
738162,65535,255,412,-7834,0,0,0
738163,969,0,2795,-7834,1,0,1
738164,1511,0,5033,-7834,1,0,1
738165,1192,0,6420,-7834,1,0,1
738166,1266,0,4170,-7834,1,0,1
738167,65535,255,1512,-7834,0,0,0
738168,65535,255,1798,-7834,0,0,0
738169,775,0,4401,-7834,1,0,1
738170,65535,255,6024,-7834,0,0,0
738171,865,0,6225,-7834,1,0,1
738172,65535,255,2524,-7834,0,0,0
738173,65535,255,713,-7834,0,0,0
738174,861,2,3655,-7834,1,0,0
738175,65535,255,5565,-7834,0,0,0
738176,65535,255,6571,-7834,0,0,0
738177,943,0,3411,-7834,1,0,1
738178,947,0,420,-7834,1,0,1
738179,802,0,2789,-7834,1,0,1
738180,549,0,5031,-7834,1,0,1
738181,1134,0,6416,-7834,1,0,1
738182,65535,255,4172,-7834,0,0,0
738183,508,0,1518,-7834,1,0,0
738184,380,0,1798,-7834,1,0,1
738185,395,0,4399,-7834,1,0,0
738186,1286,0,6021,-7834,1,0,1
738187,65535,255,6225,-7834,0,0,0
738188,689,0,2529,-7834,1,0,1
738189,65535,255,701,-7834,0,0,0
738190,65535,255,3651,-7834,0,0,0
738191,65535,255,5565,-7834,0,0,0
738192,65535,255,6573,-7834,0,0,0
738193,1089,0,3415,-7834,1,0,1
738194,1385,0,426,-7834,1,0,1
738195,65535,255,2784,-7834,0,0,0
738196,831,0,5028,-7834,1,0,1
738197,1396,0,6414,-7834,1,0,1
738198,1334,0,4175,-7834,1,0,1
738199,1751,0,1524,-7834,1,0,1
738200,1690,0,1792,-7834,1,0,1
738201,65535,255,4396,-7834,0,0,0
738202,65535,255,6020,-7834,0,0,0
738203,65535,255,6227,-7834,0,0,0
738204,65535,255,2528,-7834,0,0,0
738205,65535,255,706,-7834,0,0,0
738206,429,0,3656,-7834,1,0,1
738207,1310,0,5562,-7834,1,0,1
738208,362,0,6572,-7834,1,0,1
738209,1125,0,3416,-7834,1,0,1
738210,611,0,425,-7834,1,0,1
738211,1408,0,2785,-7834,1,0,1
738212,654,0,5031,-7834,1,0,1
738213,1192,0,6417,-7834,1,0,1
738214,1160,0,4175,-7834,1,0,1
738215,1049,0,1518,-7834,1,0,1
738216,65535,255,1797,-7834,0,0,0
738217,65535,255,4399,-7834,0,0,0
738218,65535,255,6023,-7834,0,0,0
738219,65535,255,6225,-7834,0,0,0
738220,820,0,2523,-7834,1,0,1
738221,598,0,711,-7834,1,0,1
738222,65535,255,3659,-7834,0,0,0
738223,766,0,5569,-7834,1,0,1
738224,545,0,6570,-7834,1,0,1
738225,65535,255,3411,-7834,0,0,0
738226,479,2,412,-7834,1,0,0
738227,977,2,2793,-7834,1,0,1
738228,1370,0,5034,-7834,1,0,1
738229,65535,255,6421,-7834,0,0,0
738230,989,0,4168,-7834,1,0,1
738231,1158,0,1507,-7834,1,0,1
738232,1120,0,1809,-7834,1,0,1
738233,65535,255,4410,-7834,0,0,0
738234,1028,0,6029,-7834,1,0,1
738235,65535,255,6224,-7834,0,0,0
738236,65535,255,2513,-7834,0,0,0
738237,772,0,724,-7834,1,0,0
738238,1132,0,3667,-7834,1,0,0
738239,810,0,5574,-7834,1,0,0
738240,585,0,6568,-7834,1,0,1
738241,1496,0,3402,-7834,1,0,1
738242,1675,0,401,-7834,1,0,1
738243,1505,0,2808,-7834,1,0,1
738244,1085,0,5046,-7834,1,0,1
738245,65535,255,6427,-7834,0,0,0
738246,625,0,4156,-7834,1,0,0
738247,1385,0,1496,-7834,1,0,1
738248,65535,255,1825,-7834,0,0,0
738249,1369,0,4419,-7834,1,0,1
738250,802,0,6037,-7834,1,0,1
738251,306,0,6216,-7834,1,0,1
738252,65535,255,2498,-7834,0,0,0
738253,1426,0,741,-7834,1,0,1
738254,1583,2,3683,-7834,1,0,0
738255,65535,255,5585,-7834,0,0,0
738256,65535,255,6562,-7834,0,0,0
738257,65535,255,3381,-7834,0,0,0
738258,761,0,375,-7834,1,0,1
738259,1445,0,2826,-7834,1,0,1
738260,650,0,5058,-7834,1,0,1
738261,65535,255,6437,-7834,0,0,0
738262,1368,0,4142,-7834,1,0,1
738263,1285,0,1468,-7834,1,0,1
738264,1208,2,1847,-7834,1,0,1
738265,65535,255,4437,-7834,0,0,0
738266,986,0,6046,-7834,1,0,1
738267,947,2,6207,-7834,1,0,1
738268,1414,0,2473,-7834,1,0,1
738269,65535,255,771,-7834,0,0,0
738270,65535,255,3705,-7834,0,0,0
738271,956,0,5596,-7834,1,0,1
738272,707,0,6553,-7834,1,0,1
738273,65535,255,3359,-7834,0,0,0
738274,696,0,342,-7834,1,0,1
738275,1482,0,2851,-7834,1,0,1
738276,1114,0,5071,-7834,1,0,1
738277,1101,0,6442,-7834,1,0,1
738278,65535,255,4127,-7834,0,0,0
738279,65535,255,1456,-7834,0,0,0
738280,1474,0,1853,-7834,1,0,1
738281,1396,0,4438,-7834,1,0,1
738282,65535,255,6048,-7834,0,0,0
738283,65535,255,6205,-7834,0,0,0
738284,951,0,2477,-7834,1,0,1
738285,65535,255,765,-7834,0,0,0
738286,65535,255,3696,-7834,0,0,0
738287,1196,0,5589,-7834,1,0,1
738288,956,0,6556,-7834,1,0,1
738289,65535,255,3377,-7834,0,0,0
738290,1728,2,372,-7834,1,0,0
738291,1538,0,2823,-7834,1,0,1
738292,1198,0,5053,-7834,1,0,1
738293,1174,0,6431,-7834,1,0,1
738294,1495,2,4148,-7834,1,0,1
738295,65535,255,1479,-7834,0,0,0
738296,723,0,1831,-7834,1,0,1
738297,1461,0,4421,-7834,1,0,1
738298,467,0,6035,-7834,1,0,0
738299,710,0,6213,-7834,1,0,1
738300,915,0,2498,-7834,1,0,1
738301,1607,0,737,-7834,1,0,1
738302,1181,0,3677,-7834,1,0,1
738303,1140,0,5576,-7834,1,0,1
738304,65535,255,6564,-7834,0,0,0
738305,959,0,3393,-7834,1,0,0
738306,620,0,394,-7834,1,0,1
738307,1466,0,2804,-7834,1,0,1
738308,65535,255,5039,-7834,0,0,0
738309,762,0,6423,-7834,1,0,0
738310,1028,0,4162,-7834,1,0,0
738311,1325,2,1506,-7834,1,0,1
738312,1477,0,1807,-7834,1,0,1
738313,574,2,4407,-7834,1,0,0
738314,1233,2,6027,-7834,1,0,1
738315,808,2,6221,-7834,1,0,0
738316,1015,0,2517,-7834,1,0,1
738317,65535,255,721,-7834,0,0,0
738318,1365,0,3661,-7834,1,0,1
738319,904,2,5569,-7834,1,0,1
738320,716,0,6569,-7834,1,0,1
738321,1089,2,3410,-7834,1,0,1
738322,65535,255,423,-7834,0,0,0
738323,1169,0,2785,-7834,1,0,1
738324,890,2,5026,-7834,1,0,0
738325,1305,2,6414,-7834,1,0,1
738326,1121,2,4178,-7834,1,0,0
738327,1422,0,1528,-7834,1,0,1
738328,1318,0,1782,-7834,1,0,1
738329,926,0,4391,-7834,1,0,0
738330,632,0,6017,-7834,1,0,0
738331,1181,0,6229,-7834,1,0,1
738332,1177,0,2542,-7834,1,0,1
738333,1100,0,691,-7834,1,0,1
738334,1482,0,3641,-7834,1,0,1
738335,1044,0,5556,-7834,1,0,1
738336,688,0,6578,-7834,1,0,1
738337,504,0,3431,-7834,1,0,1
738338,1735,0,454,-7834,1,0,1
738339,1320,0,2762,-7834,1,0,1
738340,65535,255,5015,-7834,0,0,0
738341,913,0,6408,-7834,1,0,1
738342,1494,0,4195,-7834,1,0,1
738343,1448,0,1552,-7834,1,0,1
738344,374,2,1765,-7834,1,0,1
738345,1235,0,4377,-7834,1,0,1
738346,1156,0,6008,-7834,1,0,1
738347,592,2,6239,-7834,1,0,0
738348,1066,2,2561,-7834,1,0,1
738349,1396,0,665,-7834,1,0,1
738350,1411,2,3624,-7834,1,0,0
738351,65535,255,5545,-7834,0,0,0
738352,612,2,6584,-7834,1,0,1
738353,1420,0,3452,-7834,1,0,0
738354,1282,0,471,-7834,1,0,1
738355,1317,0,2744,-7834,1,0,1
738356,1101,0,5003,-7834,1,0,1
738357,1012,0,6400,-7834,1,0,1
738358,601,0,4209,-7834,1,0,1
738359,65535,255,1571,-7834,0,0,0
738360,65535,255,1744,-7834,0,0,0
738361,1172,0,4364,-7834,1,0,1
738362,941,0,6001,-7834,1,0,1
738363,633,0,6245,-7834,1,0,0
738364,690,0,2581,-7834,1,0,1
738365,1325,0,644,-7834,1,0,0
738366,65535,255,3607,-7834,0,0,0
738367,956,0,5536,-7834,1,0,0
738368,498,0,6590,-7834,1,0,1
738369,829,0,3464,-7834,1,0,1
738370,1218,0,492,-7834,1,0,1
738371,0,0,0,0,0,0,0
738372,0,0,0,0,0,0,0
738373,785,0,6396,9311,1,0,1
738374,1257,0,4220,9311,1,0,1
738375,65535,255,1587,9311,0,0,0
738376,536,0,1727,9957,1,0,1
738377,1210,0,4353,9667,1,0,1
738378,1076,2,5995,9667,1,0,1
738379,907,0,6251,9667,1,0,1
738380,439,0,2591,9667,1,0,1
738381,1192,2,628,9667,1,0,1
738382,1440,0,3599,9667,1,0,1
738383,1146,2,5531,9667,1,0,1
738384,65535,255,6596,9667,0,0,0
738385,606,0,3473,9667,1,0,1
738386,980,0,503,9667,1,0,0
738387,1485,0,2719,9667,1,0,1
738388,65535,255,4988,9667,0,0,0
738389,922,0,6390,9667,1,0,1
738390,1093,0,4227,9667,1,0,1
738391,1311,0,1598,9667,1,0,1
738392,828,0,1717,9667,1,0,1
738393,1140,0,4346,9667,1,0,1
738394,688,0,5991,9667,1,0,1
738395,764,0,6255,9667,1,0,0
738396,675,0,2600,9667,1,0,1
738397,1271,0,622,9653,1,0,1
738398,1539,0,3590,9747,1,0,1
738399,875,0,5526,9499,1,0,0
738400,492,0,6597,-7107,1,0,1
738401,65535,255,3481,-7672,0,0,0
738402,1638,2,516,-8285,1,0,1
738403,1535,0,2709,9879,1,0,1
738404,1371,2,4982,9562,1,0,1
738405,1230,2,6387,9325,1,0,1
738406,1352,2,4231,-7530,1,0,1
738407,1596,0,1609,-7952,1,0,1
738408,956,2,1711,9844,1,0,0
738409,65535,255,4342,9637,0,0,0
738410,65535,255,5988,9407,0,0,0
738411,515,2,6255,-7218,1,0,0
738412,1416,0,2606,-7687,1,0,1
738413,1206,0,617,9598,1,0,1
738414,457,2,3591,9747,1,0,1
738415,65535,255,5524,9505,0,0,0
738416,667,2,6597,-7113,1,0,1
738417,575,0,3482,-7698,1,0,1
738418,642,0,509,-7575,1,0,1
738419,1461,0,2710,9762,1,0,0
738420,662,0,4983,9595,1,0,1
738421,977,0,6387,9317,1,0,1
738422,928,0,4230,-7590,1,0,1
738423,873,0,1604,-7830,1,0,1
738424,1411,0,1709,9855,1,0,1
738425,381,0,4347,9609,1,0,1
738426,992,0,5987,9424,1,0,1
738427,1075,0,6254,-7210,1,0,1
738428,861,0,2600,-7675,1,0,0
738429,842,0,622,9653,1,0,1
738430,1328,0,3591,9764,1,0,1
738431,65535,255,5524,9518,0,0,0
738432,65535,255,6596,-7122,0,0,0
738433,767,2,3473,-7611,1,0,1
738434,1552,0,509,-7966,1,0,1
738435,1509,0,2714,9845,1,0,1
738436,1331,0,4986,9557,1,0,1
738437,740,0,6390,9332,1,0,1
738438,829,0,4223,-7557,1,0,1
738439,540,0,1593,-7749,1,0,1
738440,65535,255,1717,9997,0,0,0
738441,65535,255,4350,9618,0,0,0
738442,1052,2,5990,9428,1,0,1
738443,528,0,6250,-7210,1,0,1
738444,1049,0,2600,-7809,1,0,1
738445,1179,0,622,9654,1,0,1
738446,1153,0,3589,9727,1,0,1
738447,934,0,5522,9487,1,0,1
738448,631,0,6598,-7149,1,0,1
738449,1262,0,3485,-7627,1,0,1
738450,712,0,523,-7596,1,0,1
738451,774,0,2699,9789,1,0,1
738452,1153,0,4973,9560,1,0,1
738453,65535,255,6379,9349,0,0,0
738454,65535,255,4244,-7564,0,0,0
738455,760,0,1626,-7729,1,0,1
738456,870,0,1684,9751,1,0,1
738457,65535,255,4323,9660,0,0,0
738458,65535,255,5974,9416,0,0,0
738459,594,0,6265,-7196,1,0,1
738460,65535,255,2636,-7793,0,0,0
738461,1223,0,576,9580,1,0,1
738462,650,2,3560,9675,1,0,1
738463,1473,0,5502,9501,1,0,1
738464,805,0,6610,-7107,1,0,1
738465,1005,0,3516,-7676,1,0,1
738466,1688,0,568,-7843,1,0,1
738467,464,0,2664,9887,1,0,1
738468,1252,0,4951,9613,1,0,1
738469,1135,0,6367,9334,1,0,1
738470,541,0,4268,-7605,1,0,1
738471,1461,0,1665,-7708,1,0,1
738472,1222,0,1650,9770,1,0,1
738473,65535,255,4301,9670,0,0,0
738474,821,0,5961,9427,1,0,1
738475,635,0,6279,-7207,1,0,1
738476,1134,0,2666,-7670,1,0,0
738477,1198,0,539,9982,1,0,1
738478,977,0,3526,9786,1,0,1
738479,65535,255,5487,9508,0,0,0
738480,65535,255,6623,-7116,0,0,0
738481,377,0,3537,-7644,1,0,1
738482,648,0,591,-7903,1,0,1
738483,650,0,2649,9777,1,0,0
738484,1238,0,4942,9582,1,0,1
738485,1307,0,6362,9331,1,0,1
738486,914,0,4275,9331,1,0,1
738487,1561,0,1676,-7907,1,0,1
738488,488,0,1648,9895,1,0,1
738489,1525,0,4301,9693,1,0,1
738490,65535,255,5965,9398,0,0,0
738491,65535,255,6278,-7238,0,0,0
738492,1269,2,2656,-7711,1,0,1
738493,65535,255,564,9566,0,0,0
738494,65535,255,3551,9724,0,0,0
738495,65535,255,5502,9479,0,0,0
738496,65535,255,6616,-7148,0,0,0
738497,65535,255,3516,-7620,0,0,0
738498,65535,255,562,-7791,0,0,0
738499,1171,0,2674,9763,1,0,1
738500,530,2,4962,9591,1,0,0
738501,65535,255,6374,9340,0,0,0
738502,65535,255,4253,-7557,0,0,0
738503,65535,255,1638,-7674,0,0,0
738504,163,2,1677,9864,1,0,0
738505,1206,0,4327,9637,1,0,1
738506,679,0,5979,9431,1,0,1
738507,65535,255,6266,-7214,0,0,0
738508,1255,0,2626,-7835,1,0,1
738509,65535,255,597,10198,0,0,0
738510,65535,255,3581,9696,0,0,0
738511,65535,255,5520,9471,0,0,0
738512,65535,255,6603,-7141,0,0,0
738513,65535,255,3486,-7614,0,0,0
738514,1670,0,522,-7844,1,0,1
738515,1561,0,2708,9796,1,0,1
738516,492,0,4984,9604,1,0,1
738517,65535,255,6390,9301,0,0,0
738518,861,0,4228,-7601,1,0,1
738519,1099,2,1599,-7835,1,0,1
738520,65535,255,1722,10014,0,0,0
738521,0,0,0,0,0,0,0
