sdate,line_t,line_tmq,line_tvza,line_tvaa,line_tm2,line_QFDNB,line_tm_buf
735235,65535,255,4847,9585,0,0,0
735236,0,0,0,0,0,0,0
735237,65535,255,3623,-7436,0,0,0
735238,1130,0,1069,-7585,1,0,1
735239,569,0,1908,9849,1,0,1
735240,65535,255,4264,9604,0,0,0
735241,834,0,5734,-7023,1,0,1
735242,896,0,4269,-7357,1,0,1
735243,362,2,2004,-7674,1,0,1
735244,586,0,951,9907,1,0,1
735245,65535,255,3585,9768,0,0,0
735246,151,2,5370,9467,1,0,1
735247,65535,255,4823,-7213,0,0,0
735248,65535,255,2848,-7558,0,0,0
735249,65535,255,50,-9626,0,0,0
735250,0,0,0,0,0,0,0
735251,0,0,0,0,0,0,0
735252,65535,255,5311,-7101,0,0,0
735253,598,2,3611,-7442,1,0,1
735254,434,0,1056,-7631,1,0,1
735255,1195,1,1908,9918,1,0,1
735256,1215,1,4261,9631,1,0,1
735257,757,0,5734,-6971,1,0,1
735258,805,1,4273,-7269,1,0,1
735259,459,0,2015,-7705,1,0,1
735260,1427,1,933,9942,1,0,1
735261,934,1,3568,9771,1,0,1
735262,65535,255,5356,9470,0,0,0
735263,292,0,4840,-7203,1,0,1
735264,65535,255,2881,-7543,0,0,0
735265,0,0,0,0,0,0,0
735266,872,0,2771,9822,1,0,1
735267,65535,255,4838,9581,0,0,0
735268,65535,255,5327,-7077,0,0,0
735269,65535,255,3640,-7450,0,0,0
735270,65535,255,1096,-7540,0,0,0
735271,65535,255,1870,9904,0,0,0
735272,1614,0,4236,9629,3,0,0
735273,65535,255,5749,-6975,0,0,0
735274,65535,255,4295,-7285,0,0,0
735275,1308,0,2047,-7511,3,0,0
735276,65535,255,893,10127,0,0,0
735277,727,0,3541,9744,1,0,1
735278,65535,255,5338,9430,0,0,0
735279,65535,255,4859,-7161,0,0,0
735280,439,2,2905,-7475,1,0,1
735281,65535,255,126,-6422,0,0,0
735282,65535,255,2743,9768,0,0,0
735283,957,0,4817,9563,1,0,1
735284,634,2,5341,-7068,1,0,1
735285,691,0,3664,-7445,1,0,1
735286,583,0,1130,-7570,1,0,1
735287,474,0,1842,9924,1,0,1
735288,0,0,0,0,0,0,0
735289,247,0,5761,-6989,1,0,1
735290,65535,255,4313,-7301,0,0,0
735291,65535,255,2073,-7525,0,0,0
735292,65535,255,858,10134,0,0,0
735293,0,0,0,0,0,0,0
735294,995,0,5320,9451,1,0,1
735295,65535,255,4874,-7234,0,0,0
735296,65535,255,2930,-7480,0,0,0
735297,1300,1,166,-8964,1,0,1
735298,474,2,2708,9887,1,0,1
735299,0,0,0,0,0,0,0
735300,65535,255,5358,-7103,0,0,0
735301,65535,255,3684,-7370,0,0,0
735302,1281,0,1163,-7714,1,0,1
735303,524,0,1809,10000,1,0,1
735304,65535,255,4193,9669,0,0,0
735305,65535,255,5757,9346,0,0,0
735306,477,0,4332,-7330,1,0,1
735307,65535,255,2104,-7614,0,0,0
735308,1674,0,830,9779,1,0,1
735309,535,0,3492,9756,1,0,1
735310,1102,0,5304,9467,1,0,1
735311,872,0,4889,-7209,1,0,1
735312,65535,255,2957,-7574,0,0,0
735313,65535,255,195,-8787,0,0,0
735314,65535,255,2684,9890,0,0,0
735315,1574,0,4781,9540,1,0,1
735316,1386,0,5369,-7088,1,0,0
735317,1633,0,3704,-7422,1,0,1
735318,65535,255,1187,-7515,0,0,0
735319,348,0,1787,9911,1,0,1
735320,607,0,4178,9645,1,0,1
735321,1843,0,5747,9336,1,0,1
735322,65535,255,4346,-7321,0,0,0
735323,1242,0,2125,-7627,1,0,1
735324,538,0,811,9896,1,0,1
735325,444,0,3475,9793,1,0,0
735326,676,0,5295,9474,1,0,1
735327,873,0,4898,-7168,1,0,1
735328,913,0,2971,-7509,1,0,1
735329,65535,255,209,-8088,0,0,0
735330,1414,0,2669,9869,1,0,1
735331,65535,255,4774,9537,0,0,0
735332,1397,2,5376,-7055,1,0,1
735333,1572,2,3716,-7445,1,0,1
735334,65535,255,1203,-7655,0,0,0
735335,0,0,0,0,0,0,0
735336,0,0,0,0,0,0,0
735337,65535,255,5742,9385,0,0,0
735338,65535,255,4353,-7313,0,0,0
735339,0,0,0,0,0,0,0
735340,65535,255,800,9978,0,0,0
735341,65535,255,3469,9740,0,0,0
735342,1264,0,5292,9455,1,0,1
735343,65535,255,4907,-7216,0,0,0
735344,65535,255,2980,-7466,0,0,0
735345,1875,0,215,-7614,1,0,1
735346,503,0,2668,9868,1,0,0
735347,65535,255,4771,9549,0,0,0
735348,1113,0,5379,-7073,1,0,1
735349,65535,255,3715,-7365,0,0,0
735350,655,0,1209,-7875,1,0,1
735351,1462,0,1770,9913,1,0,1
735352,1869,0,4167,9675,1,0,1
735353,65535,255,5744,9372,0,0,0
735354,65535,255,4356,-7306,0,0,0
735355,554,0,2136,-7641,1,0,1
735356,569,0,799,10104,1,0,1
735357,65535,255,3470,9734,0,0,0
735358,962,0,5294,9490,1,0,1
735359,65535,255,4903,-7184,0,0,0
735360,65535,255,2980,-7571,0,0,0
735361,1866,0,211,-7148,1,0,1
735362,65535,255,2673,9857,0,0,0
735363,65535,255,4777,9555,0,0,0
735364,1951,0,5378,-7093,1,0,1
735365,65535,255,3711,-7421,0,0,0
735366,65535,255,1197,-7682,0,0,0
735367,1355,0,1782,9820,1,0,1
735368,572,0,4177,9660,1,0,1
735369,1742,2,5748,9372,1,0,1
735370,65535,255,4349,-7321,0,0,0
735371,1250,0,2129,-7636,1,0,1
735372,65535,255,812,9737,0,0,0
735373,65535,255,3478,9820,0,0,0
735374,65535,255,5302,9469,0,0,0
735375,932,0,4897,-7174,1,0,1
735376,65535,255,2962,-7453,0,0,0
735377,1171,0,192,-7769,1,0,1
735378,65535,255,2688,9927,0,0,0
735379,65535,255,4787,9568,0,0,0
735380,711,0,6145,9283,1,0,1
735381,621,0,3699,-7399,1,0,1
735382,0,0,0,0,0,0,0
735383,65535,255,1798,9856,0,0,0
735384,65535,255,4188,9686,0,0,0
735385,2159,0,5757,9331,1,0,1
735386,747,0,4334,-7277,1,0,1
735387,2183,0,2109,-7645,1,0,1
735388,65535,255,835,10300,0,0,0
735389,631,2,3500,9817,1,0,1
735390,65535,255,5313,9476,0,0,0
735391,65535,255,6494,9145,0,0,0
735392,0,0,0,0,0,0,0
735393,65535,255,167,-9158,0,0,0
735394,1050,0,2713,9841,1,0,1
735395,0,0,0,0,0,0,0
735396,65535,255,6156,9268,0,0,0
735397,610,2,3675,-7378,1,0,0
735398,533,0,1147,-7658,1,0,1
735399,65535,255,1831,9892,0,0,0
735400,782,0,4207,9710,1,0,1
735401,983,0,5770,9353,1,0,1
735402,65535,255,6803,9060,0,0,1
735403,722,0,2073,-7524,1,0,1
735404,65535,255,869,10020,0,0,0
735405,546,0,3521,9770,1,0,1
735406,949,0,5329,9453,1,0,1
735407,65535,255,6506,9135,0,0,0
735408,539,0,2910,-7463,1,0,1
735409,65535,255,134,-9510,0,0,0
735410,65535,255,2743,9861,0,0,0
735411,681,0,4820,9587,1,0,1
735412,65535,255,6168,9234,0,0,0
735413,65535,255,3651,-7430,0,0,0
735414,634,0,1113,-7868,1,0,1
735415,793,0,1858,10048,1,0,1
735416,65535,255,4232,9671,0,0,0
735417,65535,255,5785,9336,0,0,0
735418,65535,255,4291,-7297,0,0,0
735419,993,0,2037,-7495,1,0,1
735420,751,0,910,10018,1,0,1
735421,454,0,3551,9783,1,0,1
735422,1373,0,5346,9469,1,0,1
735423,1183,2,4842,-7201,1,0,1
735424,664,0,2877,-7521,1,0,1
735425,65535,255,83,-6905,0,0,0
735426,65535,255,2781,9778,0,0,0
735427,65535,255,4844,9554,0,0,0
735428,65535,255,5317,-7126,0,0,0
735429,1487,2,3620,-7394,1,0,1
735430,1008,0,1068,-7786,1,0,1
735431,752,0,1902,10025,1,0,1
735432,65535,255,4258,9613,0,0,0
735433,794,0,5733,-7016,1,0,1
735434,65535,255,4270,-7327,0,0,0
735435,65535,255,2010,-7560,0,0,0
735436,65535,255,933,10125,0,0,0
735437,65535,255,3564,9799,0,0,0
735438,65535,255,5354,9477,0,0,0
735439,65535,255,4836,-7196,0,0,0
735440,65535,255,2872,-7510,0,0,0
735441,65535,255,85,-6138,0,0,0
735442,536,0,2771,9925,1,0,1
735443,65535,255,4838,9538,0,0,0
735444,490,0,5323,-7101,1,0,0
735445,896,0,3632,-7372,1,0,1
735446,65535,255,1090,-7598,0,0,0
735447,65535,255,1875,9888,0,0,0
735448,65535,255,4240,9616,0,0,0
735449,65535,255,5745,-6980,0,0,0
735450,896,0,4292,-7344,1,0,0
735451,497,0,2042,-7636,1,0,1
735452,65535,255,905,9762,0,0,0
735453,65535,255,3543,9725,0,0,0
735454,65535,255,5340,9441,0,0,0
735455,65535,255,4853,-7166,0,0,0
735456,1113,0,2901,-7464,1,0,1
735457,1312,0,124,-5841,1,0,1
735458,65535,255,2748,9906,0,0,0
735459,65535,255,4823,9530,0,0,0
735460,65535,255,5338,-7106,0,0,0
735461,573,2,3651,-7365,1,0,1
735462,677,2,1118,-7689,1,0,0
735463,1431,0,1848,9979,1,0,1
735464,0,0,0,0,0,0,0
735465,0,0,0,0,0,0,0
735466,1351,0,4306,-7302,1,0,1
735467,870,0,2062,-7540,1,0,1
735468,65535,255,875,10210,0,0,0
735469,65535,255,3530,9710,0,0,0
735470,65535,255,5329,9434,0,0,0
735471,1068,0,4865,-7169,1,0,1
735472,65535,255,2919,-7483,0,0,0
735473,65535,255,135,-7024,0,0,0
735474,952,0,2733,9781,1,0,1
735475,731,0,4813,9571,1,0,1
735476,65535,255,5346,-7071,0,0,0
735477,615,0,3668,-7452,1,0,1
735478,568,0,1135,-7600,1,0,1
735479,65535,255,1836,9945,0,0,0
735480,65535,255,4214,9655,0,0,0
735481,728,0,5763,-6995,1,0,1
735482,1047,0,4316,-7320,1,0,1
735483,795,0,2078,-7616,1,0,1
735484,1171,0,864,9829,1,0,1
735485,65535,255,3516,9772,0,0,0
735486,1012,0,5323,9480,1,0,1
735487,65535,255,4873,-7228,0,0,0
735488,531,0,2928,-7449,1,0,1
735489,65535,255,150,-6422,0,0,0
735490,65535,255,2722,9787,0,0,0
735491,1530,0,4806,9573,1,0,1
735492,777,0,5351,-7084,1,0,1
735493,1527,0,3675,-7353,1,0,1
735494,851,0,1146,-7745,1,0,1
735495,1376,0,1825,10054,1,0,1
735496,1464,0,4206,9704,1,0,1
735497,793,0,5765,-6969,1,0,1
735498,65535,255,4320,-7292,0,0,0
735499,65535,255,2083,-7569,0,0,0
735500,2636,1,859,9750,1,0,1
735501,839,0,3512,9773,1,0,1
735502,688,0,5321,9490,1,0,1
735503,65535,255,4873,-7161,0,0,0
735504,1460,0,2933,-7503,1,0,1
735505,1033,0,151,-7981,1,0,1
735506,1169,0,2718,9877,1,0,1
735507,1350,0,4806,9545,1,0,1
735508,825,0,5351,-7064,1,0,1
735509,714,0,3675,-7466,1,0,1
735510,466,0,1147,-7744,1,0,1
735511,733,0,1826,10090,1,0,1
735512,65535,255,4210,9622,0,0,0
735513,65535,255,5766,-6990,0,0,0
735514,65535,255,4317,-7338,0,0,0
735515,1854,0,2083,-7693,1,0,1
735516,65535,255,863,10175,0,0,0
735517,65535,255,3517,9738,0,0,0
735518,331,2,5324,9480,1,0,1
735519,65535,255,4871,-7161,0,0,0
735520,589,2,2924,-7524,1,0,1
735521,1450,2,148,-8878,1,0,1
735522,2352,1,2723,9934,1,0,1
735523,0,0,0,0,0,0,0
735524,65535,255,5347,-7113,0,0,0
735525,65535,255,3668,-7435,0,0,0
735526,1757,0,1135,-7686,1,0,1
735527,993,0,1841,9880,1,0,1
735528,859,0,4218,9641,1,0,1
735529,1401,0,5759,-7013,1,0,1
735530,776,0,4306,-7287,1,0,1
735531,482,0,2062,-7617,1,0,1
735532,460,0,881,10059,1,0,1
735533,555,0,3530,9736,1,0,1
735534,65535,255,5332,9487,0,0,0
735535,1406,0,4859,-7185,1,0,1
735536,65535,255,2906,-7467,0,0,0
735537,65535,255,123,-7472,0,0,0
735538,65535,255,2743,9896,0,0,0
735539,0,0,0,0,0,0,0
735540,1735,0,5336,-7120,1,0,1
735541,1089,0,3648,-7469,1,0,1
735542,537,2,1108,-7898,1,0,1
735543,65535,255,1864,9979,0,0,0
735544,65535,255,4236,9618,0,0,0
735545,65535,255,5747,-7007,0,0,0
735546,65535,255,4288,-7296,0,0,0
735547,851,0,2036,-7683,1,0,1
735548,65535,255,910,10310,0,0,0
735549,731,2,3551,9794,1,0,1
735550,65535,255,5346,9475,0,0,0
735551,927,0,4839,-7189,1,0,1
735552,1652,0,2877,-7464,1,0,1
735553,505,0,88,-10013,1,0,1
735554,65535,255,2776,9825,0,0,0
735555,65535,255,4844,9567,0,0,0
735556,65535,255,5315,-7124,0,0,0
735557,65535,255,3615,-7375,0,0,0
735558,544,0,1068,-7783,1,0,1
735559,65535,255,1897,9906,0,0,0
735560,0,0,0,0,0,0,0
735561,1295,0,5735,-6979,1,0,1
735562,1811,0,4277,-7351,1,0,1
735563,1124,0,2021,-7557,1,0,1
735564,0,0,0,0,0,0,0
735565,65535,255,3560,9741,0,0,0
735566,1499,0,5349,9426,1,0,1
735567,0,0,0,0,0,0,0
735568,764,0,2882,-7496,1,0,1
735569,65535,255,105,-6080,0,0,0
735570,65535,255,2762,9838,0,0,0
735571,65535,255,4832,9564,0,0,0
735572,65535,255,5328,-7111,0,0,0
735573,65535,255,3640,-7470,0,0,0
735574,65535,255,1103,-7573,0,0,0
735575,65535,255,1864,10050,0,0,0
735576,65535,255,4232,9660,0,0,0
735577,65535,255,5749,-6971,0,0,0
735578,65535,255,4295,-7287,0,0,0
735579,2130,0,2052,-7618,1,0,1
735580,757,0,892,10245,1,0,1
735581,731,0,3538,9808,1,0,1
735582,0,0,0,0,0,0,0
735583,65535,255,4856,-7207,0,0,0
735584,65535,255,2905,-7526,0,0,0
735585,65535,255,123,-7210,0,0,1
735586,65535,255,2743,9942,0,0,0
735587,1650,0,4820,9543,1,0,1
735588,0,0,0,0,0,0,0
735589,1302,0,3656,-7362,1,0,1
735590,0,0,0,0,0,0,0
735591,0,0,0,0,0,0,0
735592,65535,255,4221,9635,0,0,0
735593,1419,0,5756,-6973,1,0,1
735594,65535,255,4306,-7272,0,0,0
735595,606,0,2062,-7710,1,0,1
735596,756,2,881,9983,1,0,1
735597,0,0,0,0,0,0,0
735598,548,0,5332,9479,1,0,1
735599,65535,255,4864,-7216,0,0,0
735600,682,0,2914,-7567,3,0,0
735601,65535,255,130,-8768,0,0,0
735602,65535,255,2738,9852,0,0,0
735603,3278,0,4818,9557,3,0,0
735604,1846,0,5344,-7098,3,0,0
735605,65535,255,3659,-7361,0,0,0
735606,652,0,1124,-7715,1,0,1
735607,1282,0,1847,10017,1,0,1
735608,65535,255,4221,9683,0,0,0
735609,65535,255,5759,-7015,0,0,0
735610,0,0,0,0,0,0,0
735611,362,2,2062,-7693,1,0,1
735612,1068,0,880,10022,1,0,1
735613,0,0,0,0,0,0,0
735614,1050,0,5335,9431,1,0,1
735615,65535,255,4861,-7178,0,0,0
735616,1033,0,2909,-7514,1,0,1
735617,65535,255,122,-8009,0,0,0
735618,65535,255,2743,9852,0,0,0
735619,1313,0,4823,9527,3,0,0
735620,65535,255,5341,-7118,0,0,0
735621,65535,255,3655,-7402,0,0,0
735622,1843,0,1118,-7775,3,0,0
735623,2311,0,1853,9999,3,0,0
735624,65535,255,4225,9656,0,0,0
735625,2295,0,5756,-6982,3,0,0
735626,65535,255,4302,-7286,0,0,0
735627,65535,255,2057,-7531,0,0,0
735628,65535,255,887,10022,0,0,0
735629,1588,0,3534,9789,1,0,1
735630,65535,255,5334,9480,0,0,0
735631,0,0,0,0,0,0,0
735632,65535,255,2910,-7556,0,0,0
735633,0,0,0,0,0,0,0
735634,1151,0,2743,9841,1,0,0
735635,0,0,0,0,0,0,0
735636,65535,255,5341,-7108,0,0,0
735637,65535,255,3656,-7377,0,0,0
735638,1114,0,1119,-7775,1,0,0
735639,1539,0,1853,10052,1,0,0
735640,65535,255,4225,9697,0,0,0
735641,2419,0,5754,-6962,1,0,0
735642,1099,0,4298,-7259,1,0,0
735643,0,0,0,0,0,0,0
735644,65535,255,886,10060,0,0,0
735645,65535,255,3538,9815,0,0,0
735646,3671,1,5338,9431,1,0,0
735647,1423,0,4853,-7173,1,0,0
735648,65535,255,2900,-7514,0,0,0
735649,65535,255,116,-8019,0,0,0
735650,887,0,2752,9851,1,0,1
735651,65535,255,4826,9533,0,0,0
735652,700,0,5333,-7124,1,0,1
735653,589,0,3643,-7427,1,0,1
735654,65535,255,1102,-7564,0,0,0
735655,591,0,1869,9963,1,0,1
735656,0,0,0,0,0,0,0
735657,920,0,5744,-6958,1,0,1
735658,988,0,4288,-7287,1,0,1
735659,481,0,2036,-7586,1,0,1
735660,1136,2,910,9876,1,0,0
735661,0,0,0,0,0,0,0
735662,1164,0,5349,9447,1,0,1
735663,65535,255,4841,-7214,0,0,0
735664,835,0,2877,-7463,1,0,1
735665,65535,255,88,-7718,0,0,0
735666,511,2,2776,9894,1,0,0
735667,65535,255,4841,9569,0,0,0
735668,65535,255,5317,-7103,0,0,0
735669,0,0,0,0,0,0,0
735670,65535,255,1068,-7657,0,0,0
735671,238,2,1897,9873,1,0,0
735672,2180,0,4251,9618,1,0,1
735673,65535,255,5736,-6965,0,0,0
735674,962,0,4277,-7275,1,0,1
735675,65535,255,2026,-7492,0,0,0
735676,401,0,915,10129,1,0,1
735677,1787,0,3552,9706,1,0,1
735678,65535,255,5343,9439,0,0,0
735679,65535,255,4847,-7174,0,0,0
735680,1130,0,2896,-7514,1,0,1
735681,714,0,111,-8033,1,0,1
735682,1151,0,2747,9852,1,0,1
735683,1088,0,4820,9533,1,0,1
735684,65535,255,5339,-7117,0,0,0
735685,1276,0,3656,-7425,1,0,1
735686,0,0,0,0,0,0,0
735687,1005,2,1842,9984,1,0,0
735688,267,2,4214,9692,1,0,0
735689,65535,255,5756,-6963,0,0,0
735690,1447,0,4310,-7290,1,0,1
735691,1071,2,2073,-7597,1,0,1
735692,65535,255,864,9948,0,0,0
735693,65535,255,3514,9785,0,0,0
735694,65535,255,5322,9458,0,0,0
735695,1932,0,4874,-7218,1,0,1
735696,0,0,0,0,0,0,0
735697,65535,255,157,-8175,0,0,0
735698,734,0,2713,9916,1,0,1
735699,594,0,4800,9583,1,0,1
735700,65535,255,5354,-7108,0,0,0
735701,65535,255,3683,-7429,0,0,0
735702,969,0,1158,-7710,1,0,1
735703,535,0,1815,9861,1,0,1
735704,65535,255,4196,9668,0,0,0
735705,65535,255,5761,9377,0,0,0
735706,513,0,4328,-7320,1,0,1
735707,65535,255,2104,-7716,0,0,0
735708,0,0,0,0,0,0,0
735709,65535,255,3496,9813,0,0,0
735710,2010,0,5308,9467,1,0,1
735711,722,0,4885,-7171,1,0,1
735712,733,0,2949,-7490,1,0,1
735713,1341,2,180,-7767,1,0,1
735714,446,0,2693,9942,1,0,1
735715,65535,255,4790,9536,0,0,0
735716,863,0,5363,-7077,1,0,1
735717,1590,0,3695,-7411,1,0,1
735718,65535,255,1175,-7736,0,0,0
735719,0,0,0,0,0,0,0
735720,65535,255,4185,9696,0,0,0
735721,1128,2,5756,9353,1,0,0
735722,65535,255,4339,-7305,0,0,0
735723,918,0,2110,-7486,1,0,0
735724,629,0,829,9905,1,0,1
735725,639,0,3492,9744,1,0,1
735726,931,2,5308,9438,1,0,1
735727,65535,255,4888,-7154,0,0,0
735728,65535,255,2957,-7581,0,0,0
735729,65535,255,186,-8122,0,0,0
735730,65535,255,2693,9800,0,0,0
735731,622,0,4787,9563,1,0,1
735732,1163,0,5366,-7097,1,0,1
735733,921,0,3695,-7378,1,0,1
735734,65535,255,1175,-7680,0,0,0
735735,65535,255,1798,9934,0,0,0
735736,65535,255,4188,9629,0,0,0
735737,1380,0,5755,9379,1,0,1
735738,1109,0,4335,-7259,1,0,1
735739,527,0,2110,-7670,1,0,0
735740,65535,255,829,9827,0,0,0
735741,65535,255,3496,9744,0,0,0
735742,65535,255,5310,9452,0,0,0
735743,65535,255,6492,9141,0,0,0
735744,65535,255,2952,-7496,0,0,0
735745,65535,255,176,-7002,0,0,0
735746,65535,255,2698,9942,0,0,0
735747,65535,255,4794,9550,0,0,0
735748,65535,255,6149,9267,0,0,0
735749,645,2,3687,-7396,1,0,0
735750,1161,0,1169,-7823,1,0,1
735751,778,0,1809,10061,1,0,1
735752,651,0,4196,9689,1,0,1
735753,791,0,5761,9356,1,0,1
735754,65535,255,6797,9074,0,0,0
735755,0,0,0,0,0,0,0
735756,65535,255,847,9830,0,0,0
735757,1071,0,3504,9752,1,0,1
735758,821,0,5316,9465,1,0,1
735759,65535,255,6495,9157,0,0,0
735760,65535,255,2938,-7551,0,0,0
735761,65535,255,164,-8369,0,0,0
735762,0,0,0,0,0,0,0
735763,65535,255,4802,9548,0,0,0
735764,65535,255,6157,9253,0,0,0
735765,65535,255,-32768,-32768,0,65535,1
735766,925,0,1146,-7798,1,0,1
735767,65535,255,1826,10077,0,0,0
735768,657,0,4207,9707,1,0,1
735769,0,0,0,0,0,0,0
735770,65535,255,6803,9043,0,0,1
735771,65535,255,2073,-7503,0,0,0
735772,65535,255,863,10139,0,0,0
735773,1132,0,3522,9706,1,0,1
735774,65535,255,5327,9448,0,0,0
735775,886,0,6503,9147,1,0,1
735776,65535,255,2919,-7543,0,0,0
735777,65535,255,136,-8732,0,0,0
735778,1715,0,2733,9879,1,0,1
735779,924,0,4817,9535,1,0,1
735780,1261,0,6163,9267,1,0,1
735781,65535,255,-32768,-32768,0,65535,0
735782,1197,2,1124,-7830,1,0,1
735783,65535,255,1847,9966,0,0,0
735784,65535,255,4222,9610,0,0,0
735785,1427,0,5775,9348,1,0,1
735786,65535,255,6806,9051,0,0,1
735787,65535,255,2062,-7661,0,0,0
735788,1060,2,875,10252,1,0,0
735789,505,0,3526,9809,1,0,1
735790,65535,255,5328,9467,0,0,0
735791,65535,255,6504,9138,0,0,0
735792,476,0,2910,-7436,1,0,1
735793,65535,255,134,-8236,0,0,0
735794,65535,255,2734,9773,0,0,0
735795,65535,255,4814,9535,0,0,0
735796,65535,255,6161,9240,0,0,0
735797,65535,255,3659,-7432,0,0,0
735798,781,0,1130,-7831,1,0,1
735799,0,0,0,0,0,0,0
735800,65535,255,4214,9632,0,0,0
735801,926,0,5773,9366,1,0,1
735802,603,0,4306,-7323,1,0,1
735803,1003,0,2068,-7535,1,0,1
735804,65535,255,875,10024,0,0,0
735805,65535,255,3522,9758,0,0,0
735806,65535,255,5327,9444,0,0,0
735807,65535,255,4862,-7153,0,0,0
735808,65535,255,2915,-7575,0,0,0
735809,453,0,134,-7998,1,0,1
735810,65535,255,2732,9831,0,0,0
735811,778,0,4808,9560,1,0,1
735812,65535,255,5344,-7088,0,0,0
735813,65535,255,3656,-7451,0,0,0
735814,65535,255,1117,-7784,0,0,0
735815,65535,255,1864,10067,0,0,0
735816,65535,255,4236,9680,0,0,0
735817,65535,255,5742,-7003,0,0,0
735818,735,0,4277,-7311,1,0,1
735819,0,0,0,0,0,0,0
735820,507,0,933,10161,1,0,1
735821,871,0,3569,9766,1,0,1
735822,506,0,5357,9435,1,0,0
735823,0,0,0,0,0,0,0
735824,65535,255,2872,-7497,0,0,0
735825,508,0,88,-10021,1,0,1
735826,938,0,2776,9803,1,0,1
735827,600,0,4841,9540,1,0,1
735828,770,0,5323,-7083,1,0,1
735829,1136,0,3632,-7406,1,0,1
735830,529,0,1090,-7688,1,0,1
735831,565,0,1881,9873,1,0,1
735832,65535,255,4239,9680,0,0,0
735833,65535,255,5744,-6977,0,0,0
735834,870,0,4288,-7349,1,0,1
735835,566,0,2036,-7571,1,0,1
735836,1435,0,904,10020,1,0,1
735837,1234,0,3547,9753,1,0,1
735838,1281,0,5343,9434,1,0,1
735839,634,0,4853,-7219,1,0,0
735840,910,0,2895,-7516,1,0,0
735841,65535,255,116,-6009,0,0,0
735842,65535,255,2752,9873,0,0,0
735843,65535,255,4826,9582,0,0,0
735844,1615,0,5338,-7124,1,0,1
735845,65535,255,3651,-7371,0,0,0
735846,451,0,1112,-7596,1,0,1
735847,1061,0,1859,9839,1,0,1
735848,1186,0,4225,9683,1,0,1
735849,65535,255,5753,-6987,0,0,0
735850,1319,0,4302,-7273,1,0,1
735851,65535,255,2057,-7663,0,0,0
735852,1060,0,881,10324,1,0,1
735853,490,0,3521,9744,1,0,1
735854,1341,0,5326,9482,1,0,0
735855,1100,0,4870,-7175,1,0,1
735856,714,0,2924,-7559,1,0,1
735857,876,0,144,-6365,1,0,1
735858,65535,255,2728,9826,0,0,0
735859,1020,0,4813,9536,1,0,1
735860,1402,0,5349,-7072,1,0,1
735861,494,0,3667,-7380,1,0,1
735862,65535,255,1136,-7513,0,0,0
735863,65535,255,1836,9997,0,0,0
735864,709,0,4218,9612,1,0,1
735865,1606,0,5763,-6997,1,0,1
735866,1748,0,4313,-7268,1,0,1
735867,0,0,0,0,0,0,0
735868,0,0,0,0,0,0,0
735869,1342,0,3525,9778,1,0,1
735870,755,0,5332,9442,1,0,1
735871,65535,255,4867,-7230,0,0,0
735872,65535,255,2914,-7453,0,0,0
735873,65535,255,141,-8692,0,0,0
735874,65535,255,2728,9803,0,0,1
735875,1032,2,4810,9548,1,0,0
735876,65535,255,5351,-7100,0,0,0
735877,528,0,3675,-7459,1,0,1
735878,742,0,1151,-7823,1,0,1
735879,65535,255,1820,10054,0,0,0
735880,65535,255,4203,9662,0,0,0
735881,0,0,0,0,0,0,0
735882,65535,255,4327,-7285,0,0,0
735883,0,0,0,0,0,0,0
735884,1005,0,841,9862,1,0,0
735885,867,0,3500,9738,1,0,0
735886,65535,255,5311,9442,0,0,0
735887,65535,255,4885,-7160,0,0,0
735888,65535,255,2966,-7452,0,0,0
735889,65535,255,195,-8797,0,0,0
735890,999,0,2689,9837,1,0,0
735891,65535,255,4787,9581,0,0,0
735892,65535,255,5365,-7068,0,0,0
735893,65535,255,3692,-7414,0,0,0
735894,65535,255,1169,-7805,0,0,0
735895,65535,255,1808,10015,0,0,0
735896,369,2,4199,9664,1,0,0
735897,65535,255,5765,9332,0,0,0
735898,691,0,4321,-7305,1,0,1
735899,529,0,2079,-7530,1,0,1
735900,636,2,863,10130,1,0,0
735901,519,0,3521,9803,1,0,1
735902,1074,0,5329,9418,1,0,1
735903,65535,255,4865,-7175,0,0,0
735904,65535,255,2916,-7481,0,0,0
735905,65535,255,141,-8466,0,0,0
735906,546,0,2733,9786,1,0,1
735907,65535,255,4810,9549,0,0,0
735908,0,0,0,0,0,0,0
735909,0,0,0,0,0,0,0
735910,65535,255,1136,-7489,0,0,0
735911,951,0,1833,9989,1,0,1
735912,65535,255,4210,9677,0,0,0
735913,65535,255,5762,-6993,0,0,0
735914,760,0,4314,-7292,1,0,1
735915,0,0,0,0,0,0,0
735916,2036,0,846,9971,1,0,1
735917,65535,255,3504,9780,0,0,0
735918,1133,0,5313,9475,1,0,1
735919,65535,255,4883,-7220,0,0,0
735920,0,0,0,0,0,0,0
735921,540,0,177,-8718,1,0,1
735922,1469,0,2698,9867,1,0,1
735923,65535,255,4791,9524,0,0,0
735924,702,0,5366,-7115,1,0,1
735925,1660,0,3695,-7394,1,0,1
735926,65535,255,1181,-7835,0,0,0
735927,65535,255,1799,9828,0,0,0
735928,65535,255,4186,9614,0,0,0
735929,0,0,0,0,0,0,0
735930,65535,255,4342,-7305,0,0,0
735931,1008,0,2120,-7591,1,0,1
735932,580,0,818,9808,1,0,1
735933,65535,255,3483,9774,0,0,0
735934,65535,255,5303,9419,0,0,0
735935,65535,255,4898,-7173,0,0,0
735936,65535,255,2966,-7530,0,0,0
735937,509,0,199,-8610,1,0,1
735938,65535,255,2679,9918,0,0,0
735939,0,0,0,0,0,0,0
735940,65535,255,5374,-7094,0,0,0
735941,65535,255,3707,-7399,0,0,0
735942,65535,255,1192,-7525,0,0,0
735943,668,0,1781,9958,1,0,1
735944,65535,255,4174,9671,0,0,0
735945,65535,255,5747,9366,0,0,0
735946,888,0,4349,-7304,1,0,1
735947,2003,0,2131,-7636,1,0,1
735948,1231,0,805,10096,1,0,1
735949,65535,255,3479,9740,0,0,0
735950,65535,255,5298,9486,0,0,0
735951,65535,255,4900,-7188,0,0,0
735952,65535,255,2971,-7434,0,0,0
735953,65535,255,198,-7614,0,0,0
735954,65535,255,2678,9906,0,0,0
735955,65535,255,4780,9585,0,0,0
735956,65535,255,5376,-7127,0,0,0
735957,0,0,0,0,0,0,0
735958,0,0,0,0,0,0,0
735959,902,0,1787,10031,1,0,1
735960,940,0,4181,9643,1,0,1
735961,65535,255,5753,9370,0,0,0
735962,65535,255,4345,-7338,0,0,0
735963,941,0,2120,-7546,1,0,1
735964,65535,255,817,9972,0,0,0
735965,1595,0,3487,9749,1,0,1
735966,871,0,5307,9439,1,0,1
735967,65535,255,4894,-7239,0,0,0
735968,65535,255,2956,-7563,0,0,0
735969,510,0,180,-7596,1,0,1
735970,1271,0,2695,9865,1,0,1
735971,65535,255,4793,9531,0,0,0
735972,1571,0,5367,-7100,1,0,1
735973,65535,255,3695,-7457,0,0,0
735974,1999,0,1170,-7692,1,0,1
735975,1054,0,1808,10083,1,0,1
735976,0,0,0,0,0,0,0
735977,65535,255,5765,9333,0,0,0
735978,65535,255,4330,-7300,0,0,0
735979,65535,255,2094,-7502,0,0,0
735980,546,0,852,10012,1,0,1
735981,679,0,3512,9771,1,0,1
735982,868,0,5321,9466,1,0,1
735983,590,0,4876,-7199,1,0,1
735984,65535,255,2933,-7523,0,0,0
735985,1029,0,147,-7093,1,0,1
735986,0,0,0,0,0,0,0
735987,829,0,4813,9551,1,0,1
735988,65535,255,5351,-7123,0,0,0
735989,786,2,3667,-7397,1,0,0
735990,0,0,0,0,0,0,0
735991,65535,255,1847,10005,0,0,0
735992,65535,255,4224,9664,0,0,0
735993,1255,0,5758,-6998,3,0,0
735994,65535,255,4305,-7318,0,0,0
735995,2546,1,2057,-7565,1,0,1
735996,1333,0,892,10232,1,0,1
735997,0,0,0,0,0,0,0
735998,3011,1,5343,9437,3,0,0
735999,65535,255,4853,-7181,0,0,0
736000,65535,255,2895,-7560,0,0,0
736001,1188,0,111,-8352,1,0,1
736002,65535,255,2757,9816,0,0,0
736003,0,0,0,0,0,0,0
736004,0,0,0,0,0,0,0
736005,65535,255,3651,-7439,0,0,0
736006,1356,0,1113,-7489,1,0,1
736007,65535,255,1859,9863,0,0,0
736008,924,0,4228,9616,1,0,1
736009,979,2,5756,-6969,1,0,1
736010,65535,255,4305,-7271,0,0,0
736011,1896,0,2063,-7722,1,0,1
736012,0,0,0,0,0,0,0
736013,1200,2,3530,9798,1,0,1
736014,65535,255,5335,9424,0,0,0
736015,1004,0,4865,-7250,1,0,1
736016,1838,2,2914,-7471,1,0,1
736017,0,0,0,0,0,0,0
736018,0,0,0,0,0,0,0
736019,1121,2,4816,9573,1,0,1
736020,2081,0,5346,-7080,1,0,1
736021,0,0,0,0,0,0,0
736022,1833,0,1135,-7696,1,0,1
736023,694,0,1842,10025,1,0,1
736024,1980,0,4214,9686,1,0,0
736025,65535,255,5764,-7026,0,0,0
736026,986,0,4313,-7275,1,0,0
736027,65535,255,2073,-7517,0,0,0
736028,65535,255,870,10239,0,0,0
736029,2019,0,3526,9736,1,0,0
736030,1852,0,5327,9464,1,0,0
736031,65535,255,4871,-7226,0,0,0
736032,758,0,2919,-7459,1,0,1
736033,0,0,0,0,0,0,0
736034,65535,255,2728,9819,0,0,0
736035,661,0,4814,9517,1,0,1
736036,1361,0,5350,-7122,1,0,1
736037,0,0,0,0,0,0,0
736038,339,2,1135,-7637,1,0,0
736039,65535,255,1836,10025,0,0,0
736040,65535,255,4214,9622,0,0,0
736041,1175,0,5761,-6979,1,0,1
736042,848,0,4313,-7322,1,0,1
736043,0,0,0,0,0,0,0
736044,538,2,869,10088,1,0,1
736045,573,0,3526,9727,1,0,1
736046,1506,0,5327,9469,1,0,1
736047,65535,255,4868,-7249,0,0,0
736048,1134,0,2919,-7524,1,0,1
736049,305,2,143,-9157,1,0,1
736050,0,0,0,0,0,0,0
736051,65535,255,4815,9542,0,0,0
736052,65535,255,5344,-7123,0,0,0
736053,65535,255,3663,-7461,0,0,0
736054,65535,255,1129,-7784,0,0,0
736055,777,0,1848,9882,1,0,1
736056,812,0,4221,9672,1,0,1
736057,0,0,0,0,0,0,0
736058,65535,255,4302,-7330,0,0,0
736059,65535,255,2062,-7736,0,0,0
736060,458,0,888,9787,1,0,1
736061,65535,255,3534,9812,0,0,0
736062,0,0,0,0,0,0,0
736063,65535,255,4859,-7250,0,0,0
736064,65535,255,2900,-7558,0,0,0
736065,65535,255,113,-6572,0,0,0
736066,560,0,2752,9874,1,0,1
736067,1592,0,4826,9571,1,0,1
736068,662,2,5333,-7121,1,0,0
736069,530,2,3644,-7480,1,0,1
736070,65535,255,1102,-7940,0,0,0
736071,65535,255,1869,10021,0,0,0
736072,1670,2,4240,9635,1,0,1
736073,65535,255,5746,-7017,0,0,0
736074,0,0,0,0,0,0,0
736075,65535,255,2031,-7535,0,0,0
736076,508,0,921,10010,1,0,1
736077,497,0,3560,9757,1,0,1
736078,65535,255,5354,9440,0,0,0
736079,1438,0,4841,-7249,1,0,1
736080,1505,0,2877,-7594,1,0,1
736081,65535,255,78,-9005,0,0,0
736082,65535,255,2785,9803,0,0,0
736083,659,0,4850,9561,1,0,1
736084,829,0,5317,-7125,1,0,1
736085,65535,255,3619,-7419,0,0,0
736086,65535,255,1068,-7701,0,0,0
736087,1017,0,1902,9879,1,0,1
736088,625,0,4254,9687,1,0,1
736089,1555,0,5739,-6985,1,0,1
736090,65535,255,4280,-7361,0,0,0
736091,2344,0,2025,-7583,1,0,1
736092,65535,255,921,10082,0,0,0
736093,65535,255,3560,9766,0,0,0
736094,65535,255,5351,9441,0,0,0
736095,943,0,4847,-7237,1,0,1
736096,886,0,2891,-7559,1,0,1
736097,1569,2,100,-7080,1,0,0
736098,1479,0,2761,9919,1,0,1
736099,65535,255,4835,9520,0,0,0
736100,562,2,5332,-7083,1,0,0
736101,65535,255,3647,-7431,0,0,0
736102,1325,2,1107,-7817,1,0,1
736103,65535,255,1864,10005,0,0,0
736104,584,0,4236,9643,1,0,1
736105,65535,255,5785,9335,0,0,0
736106,65535,255,4302,-7357,0,0,0
736107,688,0,2056,-7627,1,0,1
736108,757,0,887,10274,1,0,1
736109,1870,0,3539,9692,1,0,1
736110,65535,255,5337,9415,0,0,0
736111,65535,255,6509,9161,0,0,0
736112,1391,0,2914,-7545,1,0,1
736113,1622,0,128,-7497,1,0,1
736114,997,0,2743,9774,1,0,1
736115,680,0,4819,9551,1,0,1
736116,65535,255,6166,9258,0,0,0
736117,0,0,0,0,0,0,0
736118,65535,255,1130,-7666,0,0,0
736119,605,0,1847,9919,1,0,0
736120,65535,255,4221,9625,0,0,0
736121,65535,255,5774,9371,0,0,0
736122,65535,255,6808,9032,0,0,1
736123,65535,255,2078,-7655,0,0,0
736124,65535,255,870,9783,0,0,0
736125,2285,0,3521,9729,1,0,1
736126,552,0,5326,9446,1,0,1
736127,65535,255,6503,9135,0,0,0
736128,65535,255,2928,-7479,0,0,0
736129,447,0,148,-6646,1,0,1
736130,0,0,0,0,0,0,0
736131,65535,255,4810,9541,0,0,0
736132,65535,255,6160,9260,0,0,0
736133,65535,255,-32768,-32768,0,65535,1
736134,65535,255,1146,-7781,0,0,0
736135,65535,255,1826,10028,0,0,0
736136,65535,255,4207,9675,0,0,0
736137,65535,255,5770,9346,0,0,0
736138,65535,255,6802,9047,0,0,1
736139,1717,2,2088,-7607,1,0,1
736140,730,0,859,9742,1,0,1
736141,65535,255,3513,9738,0,0,0
736142,701,0,5321,9457,1,0,1
736143,65535,255,6498,9150,0,0,0
736144,2000,0,2937,-7542,1,0,1
736145,1366,0,158,-8239,1,0,1
736146,65535,255,2713,9845,0,0,0
736147,1264,0,4804,9514,1,0,1
736148,695,0,6156,9245,1,0,1
736149,0,0,0,0,0,0,0
736150,587,0,1152,-7751,1,0,1
736151,65535,255,1820,10029,0,0,0
736152,65535,255,4200,9690,0,0,0
736153,878,0,5763,9360,1,0,1
736154,65535,255,4325,-7298,0,0,0
736155,1065,0,2094,-7700,1,0,1
736156,65535,255,846,10053,0,0,0
736157,509,0,3505,9817,1,0,1
736158,65535,255,5317,9429,0,0,0
736159,65535,255,4877,-7174,0,0,0
736160,65535,255,2938,-7509,0,0,0
736161,65535,255,157,-7775,0,0,0
736162,719,0,2713,9833,1,0,1
736163,65535,255,4801,9514,0,0,0
736164,65535,255,5357,-7109,0,0,0
736165,65535,255,3680,-7393,0,0,0
736166,0,0,0,0,0,0,0
736167,1044,0,1821,9848,1,0,1
736168,65535,255,4200,9628,0,0,0
736169,1563,2,5764,9326,1,0,0
736170,596,0,4324,-7319,1,0,1
736171,492,0,2089,-7623,1,0,1
736172,65535,255,852,9857,0,0,0
736173,590,0,3509,9782,1,0,1
736174,765,0,5319,9419,1,0,1
736175,1436,0,4877,-7168,1,0,1
736176,616,0,2933,-7510,1,0,1
736177,905,0,157,-7977,1,0,1
736178,1270,0,2713,9857,1,0,1
736179,1430,0,4801,9531,1,0,1
736180,65535,255,5355,-7129,0,0,0
736181,602,0,3675,-7433,1,0,1
736182,65535,255,1146,-7607,0,0,0
736183,65535,255,1825,9974,0,0,0
736184,1026,0,4204,9682,1,0,1
736185,1598,0,5766,9364,1,0,1
736186,65535,255,4320,-7286,0,0,0
736187,65535,255,2083,-7561,0,0,0
736188,65535,255,859,9781,0,0,0
736189,1011,0,3513,9773,1,0,1
736190,553,0,5322,9418,1,0,1
736191,769,0,4871,-7175,1,0,1
736192,709,2,2929,-7532,1,0,1
736193,494,0,146,-8664,1,0,1
736194,65535,255,2723,9903,0,0,0
736195,65535,255,4807,9565,0,0,0
736196,1234,2,5349,-7087,1,0,1
736197,65535,255,3668,-7378,0,0,0
736198,65535,255,1141,-7870,0,0,0
736199,585,0,1837,9902,1,0,1
736200,548,0,4214,9660,1,0,1
736201,65535,255,5763,-7016,0,0,0
736202,734,0,4310,-7275,1,0,1
736203,510,0,2068,-7548,1,0,1
736204,1174,0,875,9792,1,0,1
736205,1042,0,3526,9788,1,0,1
736206,65535,255,5333,9431,0,0,0
736207,65535,255,4865,-7198,0,0,0
736208,639,0,2914,-7587,1,0,1
736209,1141,0,131,-6488,1,0,1
736210,540,0,2743,9820,1,0,1
736211,65535,255,4820,9528,0,0,0
736212,1083,0,5342,-7111,1,0,1
736213,516,0,3659,-7476,1,0,1
736214,445,0,1118,-7815,1,0,1
736215,818,0,1859,9864,1,0,1
736216,822,0,4229,9658,1,0,1
736217,65535,255,5756,-7022,0,0,0
736218,65535,255,4298,-7290,0,0,0
736219,1304,0,2052,-7611,1,0,1
736220,65535,255,898,10012,0,0,0
736221,1064,0,3547,9709,1,0,1
736222,1657,0,5343,9468,1,0,1
736223,577,0,4855,-7250,1,0,1
736224,455,0,2895,-7536,1,0,1
736225,1025,0,111,-9861,1,0,1
736226,518,0,2766,9795,1,0,0
736227,609,2,4837,9521,1,0,1
736228,1201,2,5332,-7135,1,0,1
736229,65535,255,3637,-7438,0,0,0
736230,65535,255,1096,-7879,0,0,0
736231,432,0,1875,9862,1,0,1
736232,592,0,4243,9601,1,0,1
736233,65535,255,5750,-7021,0,0,0
736234,622,0,4294,-7346,1,0,1
736235,950,0,2046,-7629,1,0,1
736236,0,0,0,0,0,0,0
736237,0,0,0,0,0,0,0
736238,65535,255,5342,9443,0,0,0
736239,0,0,0,0,0,0,0
736240,129,2,2900,-7494,1,0,0
736241,65535,255,119,-6629,0,0,1
736242,65535,255,2753,9761,0,0,0
736243,1850,1,4825,9555,1,0,1
736244,718,0,5341,-7135,1,0,0
736245,541,0,3655,-7422,1,0,1
736246,65535,255,1118,-7905,0,0,0
736247,65535,255,1859,9828,0,0,0
736248,1356,0,4229,9604,1,0,1
736249,1664,0,5758,-6966,1,0,1
736250,65535,255,4305,-7270,0,0,0
736251,65535,255,2062,-7720,0,0,0
736252,710,0,881,10049,1,0,1
736253,65535,255,3534,9804,0,0,0
736254,1582,0,5335,9420,1,0,1
736255,2236,0,4867,-7244,1,0,1
736256,1076,0,2914,-7470,1,0,1
736257,65535,255,130,-6741,0,0,0
736258,486,0,2743,9773,1,0,1
736259,591,0,4820,9573,1,0,1
736260,1450,0,5346,-7080,1,0,1
736261,894,0,3663,-7469,1,0,1
736262,0,0,0,0,0,0,0
736263,500,0,1847,10007,1,0,1
736264,65535,255,4222,9679,0,0,0
736265,0,0,0,0,0,0,0
736266,65535,255,4309,-7319,0,0,0
736267,553,0,2068,-7735,1,0,1
736268,1745,0,875,10126,1,0,1
736269,0,0,0,0,0,0,0
736270,0,0,0,0,0,0,0
736271,749,0,4865,-7205,1,0,1
736272,1916,0,2919,-7577,1,0,1
736273,65535,255,136,-5757,0,0,0
736274,65535,255,2733,9913,0,0,0
736275,65535,255,4817,9522,0,0,0
736276,65535,255,5346,-7088,0,0,0
736277,1576,0,3667,-7443,1,0,1
736278,65535,255,1135,-7899,0,0,0
736279,174,2,1837,10044,1,0,1
736280,65535,255,4211,9667,0,0,0
736281,1157,0,5763,-6986,1,0,1
736282,2055,0,4316,-7280,1,0,1
736283,528,0,2078,-7702,1,0,1
736284,403,0,864,9898,1,0,1
736285,1180,0,3513,9747,1,0,1
736286,65535,255,5322,9447,0,0,0
736287,0,0,0,0,0,0,0
736288,65535,255,2928,-7468,0,0,0
736289,736,2,159,-6070,1,0,1
736290,65535,255,2713,9892,0,0,0
736291,669,0,4804,9519,1,0,1
736292,1013,0,5355,-7095,1,0,1
736293,633,0,3679,-7473,1,0,1
736294,470,0,1152,-7607,1,0,1
736295,357,0,1820,9903,1,0,1
736296,0,0,0,0,0,0,0
736297,0,0,0,0,0,0,0
736298,65535,255,4324,-7265,0,0,0
736299,0,0,0,0,0,0,0
736300,0,0,0,0,0,0,0
736301,65535,255,3500,9775,0,0,0
736302,1640,0,5312,9469,1,0,1
736303,673,0,4880,-7212,1,0,1
736304,1046,0,2943,-7551,1,0,1
736305,65535,255,169,-8359,0,0,0
736306,65535,255,2704,9846,0,0,0
736307,667,0,4795,9572,1,0,1
736308,65535,255,5360,-7094,0,0,0
736309,65535,255,3684,-7351,0,0,0
736310,65535,255,1163,-7663,0,0,0
736311,65535,255,1809,9976,0,0,0
736312,65535,255,4193,9657,0,0,0
736313,65535,255,5759,9340,0,0,0
736314,65535,255,4331,-7323,0,0,0
736315,65535,255,2099,-7605,0,0,0
736316,65535,255,841,9777,0,0,0
736317,65535,255,3500,9749,0,0,0
736318,65535,255,5311,9464,0,0,0
736319,0,0,0,0,0,0,0
736320,0,0,0,0,0,0,0
736321,0,0,0,0,0,0,0
736322,65535,255,2704,9906,0,0,0
736323,65535,255,4794,9551,0,0,0
736324,0,0,0,0,0,0,0
736325,65535,255,3688,-7439,0,0,0
736326,65535,255,1163,-7576,0,0,0
736327,65535,255,1809,9940,0,0,0
736328,483,0,4197,9664,1,0,0
736329,65535,255,5761,9349,0,0,0
736330,0,0,0,0,0,0,0
736331,527,0,2099,-7697,1,0,1
736332,1509,0,840,10053,1,0,1
736333,65535,255,3505,9697,0,0,0
736334,1036,0,5316,9440,1,0,1
736335,574,0,4882,-7200,1,0,1
736336,1182,0,2943,-7562,1,0,1
736337,438,0,167,-9161,1,0,1
736338,65535,255,2708,9918,0,0,0
736339,65535,255,4800,9561,0,0,0
736340,1088,2,5357,-7080,1,0,1
736341,593,2,3679,-7360,1,0,1
736342,463,0,1152,-7779,1,0,1
736343,738,2,1823,9919,1,0,0
736344,587,0,4207,9615,1,0,1
736345,0,0,0,0,0,0,0
736346,65535,255,4324,-7325,0,0,0
736347,621,0,2088,-7668,1,0,1
736348,714,0,858,10052,1,0,1
736349,1206,0,3517,9696,1,0,1
736350,65535,255,5323,9449,0,0,0
736351,1799,0,4876,-7212,1,0,1
736352,65535,255,2928,-7445,0,0,0
736353,65535,255,147,-6865,0,0,0
736354,1930,0,2728,9821,3,0,0
736355,2713,1,4813,9519,3,0,0
736356,0,0,0,0,0,0,0
736357,1610,0,3671,-7442,1,0,1
736358,65535,255,1135,-7664,0,0,0
736359,805,0,1842,10045,1,0,1
736360,65535,255,4221,9607,0,0,0
736361,65535,255,5763,-6986,0,0,0
736362,948,0,4312,-7334,1,0,1
736363,417,2,2068,-7702,1,0,1
736364,65535,255,875,10165,0,0,0
736365,0,0,0,0,0,0,0
736366,1470,0,5334,9481,1,0,1
736367,707,0,4861,-7171,1,0,1
736368,65535,255,2909,-7533,0,0,0
736369,782,2,126,-9347,1,0,1
736370,65535,255,2752,9764,0,0,0
736371,730,2,4825,9577,1,0,1
736372,1488,0,5340,-7118,1,0,1
736373,607,2,3651,-7444,1,0,1
736374,561,0,1107,-7696,1,0,1
736375,65535,255,1870,9812,0,0,0
736376,0,0,0,0,0,0,0
736377,65535,255,5750,-7010,0,0,0
736378,562,0,4291,-7277,1,0,1
736379,1337,0,2041,-7579,1,0,1
736380,65535,255,910,9938,0,0,0
736381,1489,0,3555,9701,1,0,1
736382,65535,255,5351,9463,0,0,0
736383,0,0,0,0,0,0,0
736384,65535,255,2881,-7537,0,0,0
736385,65535,255,90,-9203,0,0,0
736386,65535,255,2776,9885,0,0,0
736387,706,0,4843,9537,1,0,1
736388,700,0,5324,-7126,1,0,1
736389,609,0,3631,-7423,1,0,1
736390,777,0,1080,-7482,1,0,1
736391,65535,255,1892,9899,0,0,0
736392,1272,0,4250,9643,1,0,1
736393,65535,255,5741,-6995,0,0,0
736394,698,0,4277,-7326,1,0,1
736395,65535,255,2020,-7645,0,0,0
736396,411,0,933,9943,1,0,1
736397,933,2,3568,9793,1,0,1
736398,65535,255,5360,9422,0,0,0
736399,65535,255,4835,-7170,0,0,0
736400,0,0,0,0,0,0,0
736401,65535,255,70,-8149,0,0,0
736402,65535,255,2785,9862,0,0,0
736403,65535,255,4850,9531,0,0,0
736404,65535,255,5316,-7128,0,0,0
736405,617,0,3615,-7433,1,0,1
736406,65535,255,1062,-7573,0,0,0
736407,475,0,1908,9984,1,0,1
736408,603,0,4262,9682,1,0,1
736409,643,0,5732,-7027,1,0,1
736410,65535,255,4262,-7281,0,0,0
736411,1495,0,1999,-7534,1,0,1
736412,657,0,955,9972,1,0,0
736413,551,0,3585,9765,1,0,1
736414,1347,0,5365,9450,1,0,1
736415,65535,255,4826,-7226,0,0,0
736416,623,0,2853,-7485,1,0,1
736417,65535,255,60,-9332,0,0,0
736418,65535,255,2792,9857,0,0,0
736419,877,0,4854,9502,1,0,1
736420,709,0,5314,-7122,1,0,1
736421,0,0,0,0,0,0,0
736422,65535,255,1067,-7790,0,0,0
736423,65535,255,1897,9898,0,0,0
736424,65535,255,4254,9676,0,0,0
736425,225,2,5735,-6970,1,0,1
736426,1977,0,4276,-7325,1,0,1
736427,65535,255,2020,-7723,0,0,0
736428,1244,0,924,10141,1,0,1
736429,1458,0,3560,9794,1,0,1
736430,905,0,5352,9448,1,0,1
736431,65535,255,4841,-7229,0,0,0
736432,65535,255,2881,-7514,0,0,0
736433,650,0,101,-10085,1,0,1
736434,792,0,2767,9807,1,0,1
736435,1216,0,4836,9533,1,0,1
736436,676,0,5325,-7081,1,0,1
736437,969,0,3636,-7397,1,0,1
736438,1287,0,1095,-7603,1,0,1
736439,65535,255,1875,9853,0,0,0
736440,833,0,4237,9671,1,0,1
736441,863,0,5746,-6992,1,0,1
736442,65535,255,4289,-7298,0,0,0
736443,65535,255,2041,-7594,0,0,0
736444,521,0,904,10051,1,0,1
736445,65535,255,3547,9745,0,0,0
736446,1159,0,5341,9426,1,0,1
736447,421,0,4853,-7210,1,0,1
736448,550,0,2895,-7490,1,0,1
736449,65535,255,121,-9405,0,0,0
736450,65535,255,2752,9809,0,0,0
736451,0,0,0,0,0,0,0
736452,65535,255,5336,-7093,0,0,0
736453,65535,255,3650,-7434,0,0,0
736454,65535,255,1113,-7782,0,0,0
736455,65535,255,1859,9932,0,0,0
736456,65535,255,4229,9599,0,0,0
736457,65535,255,5754,-7003,0,0,0
736458,65535,255,4302,-7287,0,0,0
736459,532,0,2057,-7670,1,0,1
736460,1790,0,882,10278,1,0,1
736461,827,2,3534,9807,1,0,1
736462,680,0,5335,9467,1,0,1
736463,839,2,4862,-7180,1,0,0
736464,696,0,2910,-7446,1,0,1
736465,472,0,130,-8779,1,0,0
736466,493,0,2743,9799,1,0,1
736467,576,0,4820,9548,1,0,1
736468,65535,255,5343,-7101,0,0,0
736469,65535,255,3659,-7458,0,0,0
736470,1499,0,1130,-7897,1,0,1
736471,65535,255,1847,10027,0,0,0
736472,65535,255,4222,9648,0,0,0
736473,544,0,5777,9377,1,0,0
736474,65535,255,4309,-7346,0,0,0
736475,438,0,2067,-7592,1,0,1
736476,65535,255,875,10127,0,0,0
736477,504,0,3530,9791,1,0,1
736478,897,0,5332,9463,1,0,1
736479,1054,0,6507,9137,1,0,1
736480,65535,255,2919,-7456,0,0,0
736481,65535,255,138,-9207,0,0,0
736482,517,2,2738,9834,1,0,0
736483,982,0,4817,9572,1,0,1
736484,65535,255,6164,9269,0,0,0
736485,65535,255,3663,-7385,0,0,0
736486,0,0,0,0,0,0,0
736487,65535,255,1848,9903,0,0,0
736488,65535,255,4222,9608,0,0,0
736489,877,0,5777,9356,1,0,1
736490,65535,255,6808,9064,0,0,1
736491,791,0,2067,-7529,1,0,1
736492,926,0,875,10053,1,0,1
736493,490,0,3526,9783,1,0,1
736494,639,0,5332,9463,1,0,1
736495,65535,255,6505,9141,0,0,0
736496,1176,0,2919,-7477,1,0,1
736497,65535,255,142,-5858,0,0,0
736498,65535,255,2733,9869,0,0,0
736499,674,0,4816,9570,1,0,1
736500,65535,255,6167,9230,0,0,0
736501,711,0,3663,-7433,1,0,1
736502,629,0,1129,-7868,1,0,1
736503,1262,0,1842,10047,1,0,1
736504,65535,255,4221,9669,0,0,0
736505,65535,255,5780,9330,0,0,0
736506,65535,255,6808,9048,0,0,1
736507,621,0,2068,-7716,1,0,1
736508,1485,0,875,9938,1,0,1
736509,65535,255,3530,9757,0,0,0
736510,65535,255,5332,9458,0,0,0
736511,807,0,6508,9140,1,0,1
736512,487,0,2914,-7488,1,0,1
736513,525,0,133,-6243,1,0,1
736514,0,0,0,0,0,0,0
736515,65535,255,4820,9525,0,0,0
736516,65535,255,6167,9242,0,0,0
736517,571,0,3659,-7466,1,0,1
736518,472,2,1124,-7573,1,0,1
736519,65535,255,1854,9867,0,0,0
736520,65535,255,4225,9607,0,0,0
736521,65535,255,5778,9360,0,0,0
736522,65535,255,4305,-7340,0,0,0
736523,65535,255,2062,-7608,0,0,0
736524,527,0,882,10315,1,0,1
736525,65535,255,3535,9713,0,0,0
736526,930,2,5336,9433,1,0,1
736527,1179,2,4860,-7197,1,0,1
736528,65535,255,2905,-7446,0,0,0
736529,1109,0,128,-9042,1,0,1
736530,65535,255,2743,9879,0,0,0
736531,65535,255,4823,9520,0,0,0
736532,1390,0,5338,-7096,1,0,1
736533,599,0,3649,-7428,1,0,1
736534,1132,0,1113,-7604,1,0,1
736535,922,0,1859,9921,1,0,1
736536,65535,255,4229,9627,0,0,1
736537,1343,0,5751,-6973,1,0,1
736538,831,0,4295,-7274,1,0,1
736539,600,0,2052,-7718,1,0,1
736540,65535,255,893,9976,0,0,0
736541,65535,255,3543,9780,0,0,0
736542,65535,255,5338,9476,0,0,0
736543,65535,255,4853,-7214,0,0,0
736544,65535,255,2895,-7555,0,0,0
736545,464,0,105,-8373,1,0,1
736546,675,0,2757,9832,1,0,1
736547,610,0,4830,9585,1,0,1
736548,767,2,5330,-7084,1,0,1
736549,671,0,3643,-7460,1,0,1
736550,65535,255,1096,-7542,0,0,0
736551,462,0,1875,9902,1,0,1
736552,65535,255,4240,9625,0,0,0
736553,818,2,5744,-6975,1,0,1
736554,65535,255,4284,-7282,0,0,0
736555,612,0,2032,-7588,1,0,1
736556,65535,255,910,10231,0,0,0
736557,65535,255,3556,9710,0,0,0
736558,65535,255,5347,9439,0,0,0
736559,65535,255,4841,-7178,0,0,0
736560,65535,255,2881,-7503,0,0,0
736561,65535,255,88,-6962,0,0,0
736562,1442,0,2772,9785,1,0,1
736563,594,0,4838,9573,1,0,1
736564,65535,255,5320,-7076,0,0,0
736565,933,0,3628,-7446,1,0,1
736566,1056,0,1079,-7541,1,0,1
736567,704,0,1892,9917,1,0,1
736568,65535,255,4251,9637,0,0,0
736569,1484,0,5737,-6985,1,0,1
736570,885,0,4273,-7304,1,0,1
736571,65535,255,2015,-7564,0,0,0
736572,596,0,934,10262,1,0,1
736573,65535,255,3573,9725,0,0,0
736574,0,0,0,0,0,0,0
736575,1158,2,4832,-7196,1,0,1
736576,65535,255,2862,-7548,0,0,0
736577,477,0,65,-9205,1,0,0
736578,493,0,2794,9862,1,0,1
736579,65535,255,4854,9520,0,0,0
736580,549,2,5311,-7113,1,0,1
736581,448,0,3610,-7398,1,0,1
736582,65535,255,1056,-7854,0,0,0
736583,65535,255,1920,9847,0,0,1
736584,65535,255,4269,9615,0,0,0
736585,1188,0,5727,-6976,1,0,1
736586,471,0,4258,-7300,1,0,1
736587,912,0,1993,-7646,1,0,1
736588,958,0,957,9907,1,0,1
736589,586,0,3586,9783,1,0,1
736590,65535,255,5368,9412,0,0,0
736591,593,0,4829,-7241,1,0,1
736592,65535,255,2862,-7461,0,0,0
736593,65535,255,69,-5730,0,0,0
736594,65535,255,2790,9796,0,0,0
736595,533,0,4850,9582,1,0,1
736596,998,0,5319,-7087,1,0,1
736597,65535,255,3623,-7357,0,0,0
736598,927,0,1078,-7756,1,0,1
736599,516,0,1892,10057,1,0,1
736600,65535,255,4251,9604,0,0,0
736601,612,0,5743,-6971,1,0,1
736602,0,0,0,0,0,0,0
736603,65535,255,2041,-7611,0,0,0
736604,65535,255,899,10049,0,0,0
736605,65535,255,3547,9735,0,0,0
736606,65535,255,5343,9415,0,0,0
736607,65535,255,4858,-7194,0,0,0
736608,474,0,2905,-7448,1,0,1
736609,612,0,122,-8019,1,0,1
736610,378,0,2743,9922,1,0,1
736611,475,2,4823,9550,1,0,1
736612,65535,255,5345,-7127,0,0,0
736613,580,0,3659,-7355,1,0,1
736614,617,0,1129,-7888,1,0,1
736615,65535,255,1842,10009,0,0,0
736616,65535,255,4221,9627,0,0,0
736617,565,0,5762,-7011,1,0,1
736618,506,0,4312,-7300,1,0,1
736619,1357,1,2078,-7670,1,0,1
736620,65535,255,864,10282,0,0,0
736621,531,0,3521,9799,1,0,1
736622,697,0,5326,9458,1,0,1
736623,65535,255,4873,-7168,0,0,0
736624,65535,255,2933,-7563,0,0,0
736625,65535,255,151,-7322,0,0,0
736626,529,0,2718,9904,1,0,0
736627,65535,255,4804,9590,0,0,0
736628,1116,0,5357,-7089,1,0,1
736629,476,0,3679,-7376,1,0,1
736630,0,0,0,0,0,0,0
736631,65535,255,1819,9873,0,0,0
736632,1424,2,4200,9664,1,0,1
736633,65535,255,5764,9351,0,0,0
736634,65535,255,4331,-7350,0,0,0
736635,504,0,2099,-7589,1,0,1
736636,758,2,840,10094,1,0,0
736637,1134,2,3500,9768,1,0,1
736638,65535,255,5313,9446,0,0,0
736639,1075,0,4886,-7199,1,0,1
736640,65535,255,2952,-7570,0,0,0
736641,434,0,174,-7773,1,0,1
736642,850,0,2698,9931,1,0,1
736643,65535,255,4794,9528,0,0,0
736644,65535,255,5365,-7087,0,0,0
736645,882,0,3695,-7429,1,0,1
736646,553,0,1174,-7804,1,0,1
736647,870,0,1798,9979,1,0,1
736648,491,0,4190,9632,1,0,1
736649,65535,255,5754,9369,0,0,0
736650,436,0,4338,-7334,1,0,1
736651,1042,0,2114,-7557,1,0,1
736652,923,0,823,10057,1,0,1
736653,821,0,3488,9769,1,0,1
736654,65535,255,5303,9453,0,0,0
736655,65535,255,4891,-7174,0,0,0
736656,65535,255,2957,-7442,0,0,0
736657,1019,0,193,-8465,1,0,1
736658,65535,255,2689,9814,0,0,0
736659,65535,255,4781,9565,0,0,0
736660,65535,255,5371,-7124,0,0,0
736661,482,0,3699,-7379,1,0,1
736662,486,0,1186,-7660,1,0,1
736663,0,0,0,0,0,0,0
736664,572,0,4178,9640,1,0,1
736665,65535,255,5749,9357,0,0,0
736666,728,0,4346,-7326,1,0,1
736667,65535,255,2120,-7556,0,0,0
736668,65535,255,811,10098,0,0,0
736669,65535,255,3479,9788,0,0,0
736670,880,0,5299,9464,1,0,1
736671,65535,255,4895,-7190,0,0,0
736672,65535,255,2966,-7493,0,0,0
736673,1015,0,201,-6782,1,0,1
736674,503,0,2679,9899,1,0,1
736675,681,0,4779,9520,1,0,1
736676,0,0,0,0,0,0,0
736677,1102,1,3707,-7450,1,0,1
736678,1275,1,1192,-7491,1,0,0
736679,65535,255,1783,10006,0,0,0
736680,639,0,4175,9689,1,0,1
736681,0,0,0,0,0,0,0
736682,65535,255,4346,-7312,0,0,0
736683,0,0,0,0,0,0,0
736684,438,0,811,10098,1,0,1
736685,65535,255,3480,9754,0,0,0
736686,0,0,0,0,0,0,0
736687,639,0,4895,-7184,1,0,1
736688,0,0,0,0,0,0,0
736689,65535,255,200,-6938,0,0,0
736690,847,0,2679,9911,1,0,1
736691,65535,255,4781,9532,0,0,0
736692,702,2,5371,-7103,1,0,1
736693,0,0,0,0,0,0,0
736694,1616,0,1191,-7632,1,0,1
736695,518,0,1787,9926,1,0,1
736696,65535,255,4178,9628,0,0,0
736697,0,0,0,0,0,0,0
736698,0,0,0,0,0,0,0
736699,65535,255,2120,-7677,0,0,0
736700,483,0,818,9895,1,0,1
736701,0,0,0,0,0,0,0
736702,65535,255,5301,9459,0,0,0
736703,2418,1,4895,-7195,1,0,1
736704,1801,0,2961,-7514,1,0,1
736705,1806,1,192,-7431,1,0,1
736706,65535,255,2689,9779,0,0,0
736707,65535,255,4785,9560,0,0,0
736708,65535,255,5368,-7060,0,0,0
736709,0,0,0,0,0,0,0
736710,65535,255,1186,-7855,0,0,0
736711,646,0,1793,10073,1,0,1
736712,65535,255,4186,9688,0,0,0
736713,65535,255,5754,9353,0,0,0
736714,476,0,4342,-7333,1,0,1
736715,65535,255,2115,-7617,0,0,0
736716,65535,255,830,9736,0,0,0
736717,65535,255,3491,9736,0,0,0
736718,65535,255,5308,9448,0,0,0
736719,65535,255,4891,-7185,0,0,0
736720,490,0,2952,-7515,1,0,0
736721,65535,255,180,-7407,0,0,0
736722,546,0,2699,9791,1,0,1
736723,65535,255,4793,9571,0,0,0
736724,1209,0,5364,-7066,1,0,0
736725,65535,255,3691,-7436,0,0,0
736726,956,0,1169,-7519,1,0,1
736727,753,2,1809,9871,1,0,0
736728,65535,255,6730,-6643,0,0,0
736729,1935,2,5760,9378,1,0,1
736730,804,0,4330,-7282,1,0,1
736731,65535,255,2099,-7496,0,0,0
736732,1507,0,840,10096,1,0,1
736733,65535,255,3504,9808,0,0,0
736734,65535,255,5319,9427,0,0,0
736735,0,0,0,0,0,0,0
736736,1530,0,2937,-7474,1,0,1
736737,65535,255,159,-6931,0,0,0
736738,0,0,0,0,0,0,0
736739,65535,255,4803,9564,0,0,0
736740,1455,0,5356,-7068,1,0,1
736741,65535,255,3679,-7438,0,0,0
736742,680,0,1147,-7545,1,0,1
736743,531,0,1831,9905,1,0,1
736744,683,0,4210,9637,1,0,1
736745,65535,255,5767,-6987,0,0,0
736746,65535,255,4320,-7304,0,0,0
736747,574,0,2077,-7574,1,0,1
736748,0,0,0,0,0,0,0
736749,875,2,3522,9732,1,0,1
736750,516,2,5329,9454,1,0,1
736751,575,2,4870,-7200,1,0,1
736752,65535,255,2919,-7562,0,0,0
736753,430,0,135,-8740,1,0,1
736754,0,0,0,0,0,0,0
736755,0,0,0,0,0,0,0
736756,65535,255,5346,-7119,0,0,0
736757,527,0,3659,-7408,1,0,1
736758,573,0,1124,-7898,1,0,1
736759,1188,0,1853,9850,1,0,1
736760,552,0,4229,9621,1,0,1
736761,65535,255,5755,-6981,0,0,0
736762,65535,255,4301,-7306,0,0,0
736763,531,0,2052,-7576,1,0,1
736764,0,0,0,0,0,0,0
736765,1533,0,3543,9747,1,0,0
736766,721,0,5340,9472,1,0,0
736767,985,0,4852,-7225,1,0,1
736768,0,0,0,0,0,0,0
736769,2982,1,113,-5627,1,0,1
736770,2327,1,2759,9863,1,0,1
736771,1031,0,4835,9563,1,0,1
736772,1043,0,5327,-7079,1,0,1
736773,331,0,3639,-7468,1,0,1
736774,747,0,1090,-7693,1,0,1
736775,722,2,1881,10024,1,0,1
736776,657,0,4244,9693,1,0,1
736777,724,0,5740,-6994,1,0,1
736778,1866,0,4280,-7276,1,0,1
736779,65535,255,2020,-7531,0,0,0
736780,65535,255,928,10228,0,0,0
736781,65535,255,3568,9735,0,0,0
736782,65535,255,5357,9468,0,0,0
736783,187,2,4832,-7190,1,0,1
736784,516,0,2872,-7601,1,0,1
736785,65535,255,77,-6823,0,0,0
736786,65535,255,2781,9875,0,0,0
736787,508,2,4844,9566,1,0,1
736788,0,0,0,0,0,0,0
736789,65535,255,3624,-7437,0,0,0
736790,65535,255,1078,-7726,0,0,0
736791,0,0,0,0,0,0,0
736792,541,0,4251,9672,1,0,1
736793,65535,255,5737,-6968,0,0,0
736794,794,0,4277,-7323,1,0,1
736795,1351,0,2025,-7721,1,0,1
736796,463,0,929,9762,1,0,1
736797,816,0,3560,9804,1,0,1
736798,731,0,5352,9455,1,0,1
736799,1506,0,4841,-7238,1,0,1
736800,667,0,2876,-7535,1,0,1
736801,569,0,94,-5568,1,0,1
736802,593,0,2772,9843,1,0,1
736803,65535,255,4838,9557,0,0,0
736804,65535,255,5322,-7099,0,0,0
736805,65535,255,3631,-7428,0,0,0
736806,65535,255,1084,-7724,0,0,0
736807,65535,255,1886,9884,0,0,0
736808,594,0,4244,9687,1,0,1
736809,663,0,5740,-6983,1,0,1
736810,0,0,0,0,0,0,0
736811,65535,255,2025,-7561,0,0,0
736812,135,2,916,10015,1,0,0
736813,65535,255,3556,9737,0,0,0
736814,0,0,0,0,0,0,0
736815,590,2,4841,-7210,1,0,1
736816,178,2,2881,-7490,1,0,0
736817,65535,255,99,-9769,0,0,0
736818,495,2,2771,9809,1,0,1
736819,536,0,4838,9546,1,0,1
736820,0,0,0,0,0,0,0
736821,65535,255,3631,-7436,0,0,0
736822,65535,255,1090,-7784,0,0,0
736823,65535,255,1881,9937,0,0,0
736824,514,0,4248,9605,1,0,1
736825,65535,255,5742,-7005,0,0,0
736826,65535,255,4280,-7289,0,0,0
736827,1520,0,2031,-7672,1,0,1
736828,65535,255,917,10304,0,0,0
736829,65535,255,3557,9761,0,0,0
736830,1169,0,5349,9470,1,0,1
736831,578,0,4841,-7182,1,0,1
736832,759,0,2881,-7447,1,0,1
736833,425,0,89,-8848,1,0,1
736834,65535,255,2771,9787,0,0,0
736835,65535,255,4841,9540,0,0,0
736836,570,0,5324,-7099,1,0,1
736837,65535,255,3631,-7444,0,0,0
736838,65535,255,1085,-7877,0,0,0
736839,0,0,0,0,0,0,0
736840,0,0,0,0,0,0,0
736841,65535,255,5797,9366,0,0,0
736842,702,0,4280,-7329,1,0,1
736843,963,0,2025,-7530,1,0,1
736844,0,0,0,0,0,0,0
736845,0,0,0,0,0,0,0
736846,65535,255,5354,9445,0,0,0
736847,1074,0,6522,9124,1,0,1
736848,564,0,2876,-7578,1,0,1
736849,450,0,81,-8104,1,0,1
736850,785,0,2781,9775,1,0,1
736851,65535,255,4847,9540,0,0,0
736852,65535,255,6184,9243,0,0,0
736853,65535,255,3627,-7453,0,0,0
736854,1387,0,1079,-7909,1,0,1
736855,550,0,1897,10040,1,0,1
736856,516,0,4258,9658,1,0,1
736857,1255,0,5802,9318,1,0,1
736858,65535,255,6826,9034,0,0,1
736859,885,0,2014,-7627,1,0,1
736860,65535,255,934,10262,0,0,0
736861,636,0,3575,9712,1,0,1
736862,65535,255,5360,9458,0,0,0
736863,215,2,6526,9153,1,0,1
736864,65535,255,2866,-7503,0,0,0
736865,597,0,76,-5463,1,0,0
736866,65535,255,2790,9897,0,0,0
736867,65535,255,4856,9516,0,0,0
736868,1496,0,6189,9230,1,0,1
736869,65535,255,3615,-7431,0,0,0
736870,65535,255,1062,-7851,0,0,0
736871,1714,2,1908,10004,1,0,0
736872,922,0,4265,9651,1,0,1
736873,65535,255,5808,9316,0,0,0
736874,65535,255,6829,9036,0,0,1
736875,454,2,1999,-7644,1,0,1
736876,65535,255,951,10040,0,0,0
736877,600,2,3585,9708,1,0,1
736878,65535,255,5370,9422,0,0,0
736879,598,0,6530,9144,1,0,1
736880,463,0,2853,-7560,1,0,0
736881,503,0,53,-7624,1,0,1
736882,0,0,0,0,0,0,0
736883,0,0,0,0,0,0,0
736884,548,0,6196,9254,1,0,1
736885,1225,0,3602,-7361,1,0,1
736886,670,0,1044,-7600,1,0,1
736887,65535,255,1930,9881,0,0,0
736888,65535,255,4276,9602,0,0,0
736889,65535,255,5814,9357,0,0,0
736890,145,2,4254,-7327,1,0,1
736891,65535,255,1983,-7565,0,0,0
736892,851,0,968,10148,1,0,1
736893,428,0,3598,9795,1,0,1
736894,732,0,5377,9439,1,0,1
736895,878,0,4814,-7210,1,0,1
736896,65535,255,2834,-7462,0,0,0
736897,65535,255,40,-4956,0,0,0
736898,65535,255,2814,9805,0,0,0
736899,65535,255,4868,9508,0,0,0
736900,65535,255,5303,-7098,0,0,0
736901,65535,255,3598,-7382,0,0,0
736902,65535,255,1044,-7887,0,0,0
736903,65535,255,1925,9865,0,0,0
736904,339,2,4273,9635,1,0,0
736905,0,0,0,0,0,0,0
736906,510,0,4258,-7325,1,0,1
736907,980,0,1999,-7645,1,0,1
736908,374,0,951,9977,1,0,1
736909,65535,255,3581,9794,0,0,0
736910,65535,255,5365,9433,0,0,0
736911,630,0,4826,-7185,1,0,1
736912,65535,255,2858,-7548,0,0,0
736913,475,0,69,-10122,1,0,1
736914,65535,255,2790,9908,0,0,0
736915,65535,255,4850,9555,0,0,0
736916,906,0,5314,-7071,1,0,1
736917,591,0,3619,-7471,1,0,1
736918,65535,255,1067,-7725,0,0,0
736919,65535,255,1897,10058,0,0,0
736920,778,0,4255,9604,1,0,1
736921,65535,255,5735,-6976,0,0,0
736922,65535,255,4273,-7309,0,0,0
736923,65535,255,2020,-7609,0,0,0
736924,554,0,928,9907,1,0,1
736925,65535,255,3560,9805,0,0,0
736926,65535,255,5352,9436,0,0,0
736927,759,0,4838,-7187,1,0,1
736928,467,0,2876,-7556,1,0,1
736929,441,0,96,-10209,1,0,1
736930,65535,255,2767,9934,0,0,0
736931,616,0,4836,9575,1,0,1
736932,1123,0,5325,-7088,1,0,1
736933,552,0,3632,-7378,1,0,1
736934,1360,0,1096,-7874,1,0,1
736935,377,0,1875,9990,1,0,1
736936,0,0,0,0,0,0,0
736937,65535,255,5744,-6965,0,0,0
736938,846,0,4287,-7293,1,0,1
736939,457,0,2036,-7592,1,0,1
736940,483,0,905,9905,1,0,1
736941,65535,255,3548,9807,0,0,0
736942,621,0,5344,9438,1,0,1
736943,892,0,4850,-7196,1,0,1
736944,65535,255,2895,-7585,0,0,0
736945,65535,255,111,-5907,0,0,0
736946,2001,1,2753,9800,1,0,1
736947,1310,0,4827,9516,1,0,1
736948,601,0,5333,-7120,1,0,1
736949,608,0,3647,-7441,1,0,1
736950,65535,255,1107,-7660,0,0,0
736951,401,0,1859,10064,1,0,1
736952,65535,255,4229,9622,0,0,0
736953,643,0,5751,-6992,1,0,1
736954,679,0,4298,-7345,1,0,1
736955,65535,255,2057,-7730,0,0,0
736956,65535,255,887,10242,0,0,0
736957,65535,255,3539,9766,0,0,0
736958,65535,255,5338,9420,0,0,0
736959,65535,255,4855,-7184,0,0,0
736960,65535,255,2905,-7562,0,0,0
736961,399,0,122,-6084,1,0,1
736962,446,0,2748,9812,1,0,1
736963,495,2,4824,9522,1,0,1
736964,65535,255,5340,-7114,0,0,0
736965,464,0,3655,-7472,1,0,1
736966,65535,255,1123,-7808,0,0,0
736967,0,0,0,0,0,0,0
736968,65535,255,4211,9609,0,0,0
736969,65535,255,5765,-7002,0,0,0
736970,1319,0,4320,-7286,1,0,1
736971,391,0,2083,-7669,1,0,1
736972,447,0,858,10285,1,0,1
736973,65535,255,3513,9808,0,0,0
736974,65535,255,5321,9468,0,0,0
736975,579,0,4876,-7184,1,0,1
736976,65535,255,2933,-7445,0,0,0
736977,0,0,0,0,0,0,0
736978,326,0,2714,9799,1,0,0
736979,1008,0,4801,9544,1,0,1
736980,65535,255,5359,-7099,0,0,0
736981,556,0,3687,-7455,1,0,0
736982,251,0,1163,-7891,1,0,1
736983,65535,255,1815,10030,0,0,1
736984,65535,255,4196,9644,0,0,0
736985,1231,0,5761,9376,1,0,1
736986,1405,0,4334,-7343,1,0,1
736987,1592,0,2104,-7574,1,0,1
736988,653,0,835,10134,1,0,1
736989,466,0,3500,9784,1,0,1
736990,584,0,5313,9461,1,0,1
736991,65535,255,4888,-7176,0,0,0
736992,65535,255,2951,-7454,0,0,0
736993,65535,255,182,-8688,0,0,0
736994,65535,255,2699,9825,0,0,0
736995,447,0,4790,9569,1,0,1
736996,617,0,5367,-7126,1,0,1
736997,0,0,0,0,0,0,0
736998,65535,255,1174,-7661,0,0,0
736999,1391,0,1798,9887,1,0,1
737000,65535,255,4188,9637,0,0,0
737001,65535,255,5756,9356,0,0,0
737002,65535,255,4342,-7321,0,0,0
737003,1390,0,2115,-7542,1,0,1
737004,65535,255,823,10055,0,0,0
737005,65535,255,3487,9778,0,0,0
737006,918,0,5306,9462,1,0,1
737007,65535,255,4894,-7186,0,0,1
737008,1506,0,2961,-7484,1,0,1
737009,1099,0,190,-6551,1,0,1
737010,882,0,2688,9885,1,0,1
737011,0,0,0,0,0,0,0
737012,65535,255,5370,-7086,0,0,0
737013,947,0,3703,-7444,1,0,1
737014,65535,255,1184,-7766,0,0,0
737015,65535,255,1793,10057,0,0,0
737016,1020,0,4182,9681,1,0,0
737017,65535,255,5754,9343,0,0,0
737018,65535,255,4342,-7307,0,0,0
737019,65535,255,2115,-7526,0,0,0
737020,1708,0,817,10057,1,0,1
737021,65535,255,3484,9788,0,0,0
737022,899,0,5303,9473,1,0,1
737023,594,0,4894,-7207,1,0,1
737024,735,0,2961,-7526,1,0,1
737025,469,2,191,-7601,1,0,1
737026,65535,255,2689,9778,0,0,0
737027,756,0,4785,9554,1,0,1
737028,827,0,5371,-7124,1,0,1
737029,534,0,3699,-7396,1,0,1
737030,65535,255,1186,-7772,0,0,0
737031,496,0,1792,10016,1,0,0
737032,65535,255,4182,9668,0,0,0
737033,891,0,5752,9335,1,0,1
737034,0,0,0,0,0,0,0
737035,65535,255,2115,-7525,0,0,0
737036,65535,255,823,10138,0,0,0
737037,528,0,3484,9814,1,0,1
737038,65535,255,5303,9488,0,0,0
737039,65535,255,4891,-7229,0,0,0
737040,65535,255,2957,-7590,0,0,0
737041,0,0,0,0,0,0,0
737042,65535,255,2689,9862,0,0,0
737043,65535,255,4786,9552,0,0,0
737044,842,2,5365,-7095,1,0,0
737045,2676,0,3695,-7347,1,0,1
737046,65535,255,1175,-7633,0,0,0
737047,65535,255,1798,9944,0,0,0
737048,65535,255,4186,9640,0,0,0
737049,859,2,5756,9338,1,0,1
737050,858,0,4335,-7294,1,0,1
737051,65535,255,2104,-7511,0,0,0
737052,0,0,0,0,0,0,0
737053,65535,255,3492,9822,0,0,0
737054,65535,255,5309,9423,0,0,0
737055,65535,255,4885,-7166,0,0,0
737056,65535,255,2947,-7463,0,0,0
737057,450,0,178,-6645,1,0,1
737058,65535,255,2699,9920,0,0,0
737059,633,0,4795,9546,1,0,1
737060,1600,0,5360,-7130,1,0,1
737061,2365,1,3687,-7413,1,0,1
737062,747,0,1164,-7889,1,0,0
737063,1243,0,1815,9815,1,0,0
737064,65535,255,4197,9657,0,0,0
737065,65535,255,5762,9368,0,0,0
737066,1660,0,4324,-7269,1,0,0
737067,1366,0,2094,-7712,1,0,1
737068,65535,255,846,10016,0,0,0
737069,1263,0,3505,9802,1,0,0
737070,1726,0,5317,9431,1,0,0
737071,291,2,4878,-7213,1,0,0
737072,65535,255,2933,-7464,0,0,0
737073,65535,255,160,-6726,0,0,0
737074,1033,0,2716,9860,1,0,1
737075,716,2,4805,9563,1,0,1
737076,302,2,5351,-7069,1,0,1
737077,65535,255,3675,-7446,0,0,0
737078,476,0,1141,-7575,1,0,1
737079,789,0,1831,9923,1,0,1
737080,773,0,4211,9644,1,0,1
737081,784,2,5763,-6991,1,0,1
737082,0,0,0,0,0,0,0
737083,65535,255,2073,-7591,0,0,0
737084,1660,0,871,9749,1,0,1
737085,1565,2,3522,9749,1,0,1
737086,65535,255,5330,9468,0,0,0
737087,942,0,4867,-7217,1,0,1
737088,0,0,0,0,0,0,0
737089,0,0,0,0,0,0,0
737090,65535,255,2738,9776,0,0,0
737091,1559,0,4817,9572,1,0,1
737092,0,0,0,0,0,0,0
737093,65535,255,3659,-7473,0,0,0
737094,1009,0,1118,-7662,1,0,1
737095,0,0,0,0,0,0,0
737096,364,0,4229,9682,1,0,1
737097,65535,255,5756,-7015,0,0,0
737098,1104,0,4300,-7319,1,0,1
737099,65535,255,2051,-7718,0,0,0
737100,1536,0,893,10088,1,0,1
737101,0,0,0,0,0,0,0
737102,0,0,0,0,0,0,0
737103,65535,255,4852,-7192,0,0,0
737104,573,0,2895,-7544,1,0,1
737105,65535,255,105,-7418,0,0,0
737106,65535,255,2762,9832,0,0,0
737107,0,0,0,0,0,0,0
737108,1025,0,5329,-7113,1,0,1
737109,65535,255,3635,-7403,0,0,0
737110,65535,255,1090,-7907,0,0,0
737111,131,2,1886,9884,1,0,1
737112,65535,255,4250,9638,0,0,0
737113,230,2,5743,-6993,1,0,1
737114,65535,255,4280,-7330,0,0,0
737115,65535,255,2025,-7643,0,0,0
737116,0,0,0,0,0,0,0
737117,65535,255,3569,9803,0,0,0
737118,938,0,5360,9429,1,0,1
737119,1059,0,4834,-7179,1,0,1
737120,65535,255,2867,-7449,0,0,0
737121,65535,255,69,-7682,0,0,0
737122,65535,255,2785,9886,0,0,1
737123,65535,255,4847,9567,0,0,0
737124,65535,255,5319,-7096,0,0,0
737125,474,0,3623,-7406,1,0,1
737126,65535,255,1078,-7602,0,0,0
737127,65535,255,1892,10039,0,0,0
737128,65535,255,4255,9624,0,0,0
737129,907,0,5741,-7002,1,0,1
737130,65535,255,4280,-7263,0,0,0
737131,1093,0,2025,-7562,1,0,1
737132,65535,255,922,9941,0,0,0
737133,561,0,3565,9701,1,0,1
737134,65535,255,5351,9464,0,0,0
737135,617,0,4843,-7243,1,0,1
737136,464,0,2881,-7535,1,0,1
737137,779,0,99,-4943,1,0,1
737138,485,0,2771,9809,1,0,1
737139,1250,2,4838,9529,1,0,1
737140,0,0,0,0,0,0,0
737141,65535,255,3635,-7371,0,0,0
737142,1069,2,1091,-7480,1,0,1
737143,1552,2,1875,9990,1,0,0
737144,566,0,4244,9612,1,0,1
737145,839,0,5746,-6996,1,0,1
737146,65535,255,4287,-7261,0,0,0
737147,0,0,0,0,0,0,0
737148,0,0,0,0,0,0,0
737149,0,0,0,0,0,0,0
737150,912,0,5343,9481,1,0,0
737151,0,0,0,0,0,0,0
737152,0,0,0,0,0,0,0
737153,2081,0,106,-6786,1,0,1
737154,65535,255,2757,9878,0,0,0
737155,528,0,4830,9570,1,0,1
737156,0,0,0,0,0,0,0
737157,65535,255,3643,-7443,0,0,0
737158,65535,255,1101,-7753,0,0,0
737159,776,0,1870,9885,1,0,1
737160,65535,255,4233,9682,0,0,0
737161,969,0,5748,-6977,1,0,1
737162,1014,2,4294,-7340,1,0,1
737163,418,2,2041,-7529,1,0,1
737164,551,2,899,9903,1,0,1
737165,65535,255,3548,9704,0,0,0
737166,0,0,0,0,0,0,0
737167,65535,255,4850,-7180,0,0,0
737168,65535,255,2895,-7545,0,0,0
737169,65535,255,110,-7731,0,0,0
737170,835,0,2753,9913,1,0,1
737171,546,0,4827,9558,1,0,1
737172,593,2,5333,-7135,1,0,1
737173,492,0,3643,-7369,1,0,1
737174,1397,0,1107,-7511,1,0,1
737175,65535,255,1859,10045,0,0,0
737176,65535,255,4233,9641,0,0,0
737177,65535,255,5749,-6990,0,0,0
737178,488,0,4295,-7319,1,0,1
737179,65535,255,2046,-7733,0,0,0
737180,381,0,900,9831,1,0,1
737181,65535,255,3544,9696,0,0,0
737182,707,0,5339,9477,1,0,1
737183,65535,255,4852,-7185,0,0,0
737184,0,0,0,0,0,0,0
737185,65535,255,110,-8331,0,0,0
737186,0,0,0,0,0,0,0
737187,65535,255,4827,9526,0,0,0
737188,769,0,5333,-7081,1,0,1
737189,540,0,3643,-7409,1,0,1
737190,419,2,1106,-7721,1,0,1
737191,372,2,1865,9903,1,0,0
737192,65535,255,4233,9696,0,0,0
737193,127,2,5749,-6998,1,0,1
737194,65535,255,4291,-7280,0,0,0
737195,689,2,2046,-7654,1,0,1
737196,0,0,0,0,0,0,0
737197,0,0,0,0,0,0,0
737198,0,0,0,0,0,0,0
737199,0,0,0,0,0,0,0
737200,65535,255,2891,-7446,0,0,0
737201,935,0,105,-8673,1,0,0
737202,0,0,0,0,0,0,0
737203,65535,255,4829,9548,0,0,0
737204,1551,0,6174,9245,1,0,1
737205,883,0,3643,-7458,1,0,1
737206,857,0,1101,-7903,1,0,1
737207,65535,255,1870,10025,0,0,0
737208,65535,255,4240,9647,0,0,0
737209,288,0,5788,9376,1,0,1
737210,65535,255,4287,-7347,0,0,0
737211,65535,255,2036,-7577,0,0,0
737212,65535,255,910,10123,0,0,0
737213,65535,255,3555,9780,0,0,0
737214,65535,255,5349,9456,0,0,0
737215,65535,255,6518,9135,0,0,0
737216,1290,0,2886,-7446,1,0,1
737217,490,0,95,-9117,1,0,0
737218,65535,255,2771,9821,0,0,0
737219,846,2,4838,9558,1,0,1
737220,770,0,6180,9259,1,0,1
737221,0,0,0,0,0,0,0
737222,0,0,0,0,0,0,0
737223,1599,0,1886,9850,1,0,1
737224,65535,255,4247,9694,0,0,0
737225,65535,255,5797,9345,0,0,0
737226,65535,255,6821,9055,0,0,1
737227,1084,0,2025,-7721,1,0,1
737228,708,2,928,9906,1,0,1
737229,65535,255,3568,9736,0,0,0
737230,0,0,0,0,0,0,0
737231,65535,255,6523,9124,0,0,0
737232,65535,255,2876,-7578,0,0,0
737233,65535,255,76,-8557,0,0,0
737234,65535,255,2785,9797,0,0,0
737235,65535,255,4849,9556,0,0,0
737236,65535,255,6186,9261,0,0,0
737237,525,0,3619,-7371,1,0,1
737238,65535,255,1067,-7632,0,0,0
737239,65535,255,1903,9901,0,0,0
737240,1370,0,4261,9604,1,0,1
737241,1109,0,5804,9356,1,0,1
737242,651,0,4269,-7324,1,0,1
737243,448,0,2004,-7547,1,0,1
737244,836,0,945,10084,1,0,1
737245,65535,255,3581,9794,0,0,0
737246,65535,255,5365,9473,0,0,0
737247,1526,0,6528,9149,1,0,1
737248,368,0,2857,-7515,1,0,1
737249,876,0,63,-5535,1,0,1
737250,388,0,2799,9919,1,0,1
737251,1975,2,4859,9527,1,0,1
737252,522,2,6194,9244,1,0,1
737253,65535,255,3606,-7465,0,0,0
737254,432,0,1045,-7505,1,0,1
737255,413,0,1925,9848,1,0,1
737256,65535,255,4272,9690,0,0,0
737257,536,2,5814,9349,1,0,1
737258,471,2,4254,-7320,1,0,1
737259,65535,255,1988,-7694,0,0,0
737260,1058,0,962,10115,1,0,1
737261,1437,0,3590,9724,1,0,1
737262,65535,255,5370,9466,0,0,0
737263,65535,255,4822,-7230,0,0,1
737264,65535,255,2848,-7472,0,0,0
737265,65535,255,53,-7002,0,0,0
737266,65535,255,2804,9852,0,0,1
737267,65535,255,4859,9538,0,0,0
737268,65535,255,5311,-7135,0,0,0
737269,374,0,3610,-7465,1,0,1
737270,65535,255,1056,-7726,0,0,0
737271,598,0,1914,9895,1,0,1
737272,866,0,4266,9623,1,0,1
737273,65535,255,5731,-6990,0,0,0
737274,503,0,4265,-7338,1,0,1
737275,500,0,2009,-7706,1,0,1
737276,911,0,939,10154,1,0,1
737277,672,0,3577,9734,1,0,1
737278,1194,0,5360,9473,1,0,1
737279,727,0,4832,-7239,1,0,1
737280,65535,255,2862,-7503,0,0,0
737281,65535,255,71,-9066,0,0,0
737282,927,0,2785,9897,1,0,1
737283,65535,255,4848,9561,0,0,0
737284,65535,255,5316,-7085,0,0,0
737285,65535,255,3619,-7379,0,0,0
737286,640,0,1073,-7909,1,0,1
737287,65535,255,1898,9935,0,0,0
737288,543,0,4254,9672,1,0,1
737289,523,0,5737,-7017,1,0,1
737290,0,0,0,0,0,0,0
737291,65535,255,2020,-7609,0,0,0
737292,65535,255,928,9977,0,0,0
737293,947,2,3565,9694,1,0,1
737294,65535,255,5354,9455,0,0,0
737295,65535,255,4838,-7226,0,0,0
737296,377,0,2872,-7479,1,0,1
737297,444,0,81,-8092,1,0,1
737298,403,0,2776,9888,1,0,1
737299,65535,255,4842,9562,0,0,0
737300,737,0,5322,-7088,1,0,1
737301,821,0,3627,-7387,1,0,1
737302,2364,1,1085,-7477,1,0,1
737303,65535,255,1887,9971,0,0,0
737304,65535,255,4244,9694,0,0,0
737305,615,0,5739,-6974,1,0,1
737306,369,0,4280,-7321,1,0,0
737307,1420,0,2030,-7671,1,0,1
737308,511,0,916,10158,1,0,1
737309,65535,255,3556,9746,0,0,0
737310,65535,255,5348,9437,0,0,1
737311,0,0,0,0,0,0,0
737312,0,0,0,0,0,0,0
737313,0,0,0,0,0,0,0
737314,380,2,2767,9810,1,0,1
737315,267,2,4836,9531,1,0,0
737316,65535,255,5325,-7063,0,0,0
737317,313,2,3631,-7353,1,0,1
737318,1291,0,1095,-7873,1,0,1
737319,356,0,1881,9937,1,0,1
737320,1256,2,4240,9681,1,0,1
737321,65535,255,5742,-6973,0,0,0
737322,483,0,4284,-7320,1,0,1
737323,65535,255,2036,-7702,0,0,0
737324,65535,255,911,10232,0,0,0
737325,65535,255,3552,9773,0,0,0
737326,0,0,0,0,0,0,0
737327,65535,255,4844,-7202,0,0,0
737328,0,0,0,0,0,0,0
737329,65535,255,93,-7719,0,0,0
737330,65535,255,2767,9901,0,0,0
737331,65535,255,4824,9584,0,0,0
737332,1375,0,5338,-7070,1,0,1
737333,428,0,3651,-7396,1,0,1
737334,338,0,1118,-7724,1,0,1
737335,65535,255,1853,9918,0,0,0
737336,65535,255,4226,9611,0,0,0
737337,1103,0,5758,-7017,1,0,1
737338,1054,0,4305,-7322,1,0,1
737339,65535,255,2062,-7546,0,0,0
737340,239,2,881,10049,1,0,0
737341,65535,255,3531,9771,0,0,0
737342,65535,255,5333,9456,0,0,0
737343,935,2,4864,-7175,1,0,1
737344,65535,255,2914,-7458,0,0,0
737345,65535,255,137,-9216,0,0,0
737346,0,0,0,0,0,0,0
737347,1206,0,4814,9576,1,0,1
737348,65535,255,5346,-7094,0,0,0
737349,65535,255,3667,-7401,0,0,0
737350,65535,255,1134,-7751,0,0,0
737351,393,0,1837,9973,1,0,1
737352,1462,0,4214,9634,1,0,1
737353,65535,255,5762,-6968,0,0,0
737354,65535,255,4314,-7330,0,0,0
737355,1251,0,2078,-7639,1,0,1
737356,65535,255,868,9994,0,0,0
737357,690,0,3522,9712,1,0,1
737358,504,0,5327,9428,1,0,1
737359,65535,255,4873,-7235,0,0,0
737360,65535,255,2928,-7584,0,0,0
737361,65535,255,146,-8446,0,0,1
737362,65535,255,2728,9798,0,0,0
737363,525,0,4811,9542,1,0,1
737364,1267,0,5354,-7091,1,0,1
737365,65535,255,3675,-7433,0,0,0
737366,0,0,0,0,0,0,0
737367,65535,255,1826,9939,0,0,0
737368,807,0,4208,9608,1,0,1
737369,0,0,0,0,0,0,0
737370,291,2,4323,-7298,1,0,1
737371,503,0,2093,-7698,1,0,1
737372,65535,255,853,9781,0,0,0
737373,924,0,3509,9698,1,0,1
737374,65535,255,5316,9484,0,0,0
737375,537,0,4882,-7199,1,0,1
737376,889,0,2942,-7476,1,0,1
737377,0,0,0,0,0,0,0
737378,65535,255,2709,9835,0,0,0
737379,0,0,0,0,0,0,0
737380,195,2,5362,-7117,1,0,0
737381,65535,255,3687,-7350,0,0,0
737382,0,0,0,0,0,0,0
737383,65535,255,1804,10088,0,0,0
737384,65535,255,4193,9666,0,0,0
737385,545,0,5761,9325,1,0,0
737386,1195,0,4334,-7263,1,0,1
737387,1015,0,2109,-7633,1,0,1
737388,65535,255,829,10256,0,0,0
737389,65535,255,3492,9813,0,0,0
737390,65535,255,5308,9477,0,0,0
737391,65535,255,4891,-7191,0,0,0
737392,65535,255,2951,-7485,0,0,0
737393,65535,255,186,-6914,0,0,0
737394,1129,0,2694,9849,1,0,1
737395,65535,255,4788,9582,0,0,0
737396,0,0,0,0,0,0,0
737397,245,2,3699,-7388,1,0,1
737398,1319,0,1180,-7688,1,0,1
737399,378,0,1798,9925,1,0,1
737400,550,0,4186,9612,1,0,1
737401,65535,255,5754,9356,0,0,0
737402,1330,0,4342,-7320,1,0,1
737403,0,0,0,0,0,0,0
737404,376,0,823,10057,1,0,1
737405,738,0,3488,9770,1,0,1
737406,65535,255,5303,9458,0,0,0
737407,65535,255,4894,-7179,0,0,0
737408,262,2,2957,-7463,1,0,0
737409,0,0,0,0,0,0,0
737410,0,0,0,0,0,0,0
737411,336,2,4785,9583,1,0,1
737412,65535,255,5368,-7071,0,0,0
737413,1664,1,3703,-7411,1,0,1
737414,416,0,1186,-7800,1,0,1
737415,0,0,0,0,0,0,0
737416,525,0,4182,9647,1,0,0
737417,662,0,5752,9383,1,0,1
737418,65535,255,4342,-7267,0,0,0
737419,1357,0,2120,-7647,1,0,1
737420,1836,1,819,9733,1,0,1
737421,65535,255,3484,9718,0,0,0
737422,0,0,0,0,0,0,0
737423,497,0,4895,-7239,1,0,1
737424,541,0,2961,-7578,1,0,0
737425,810,2,192,-8293,1,0,1
737426,65535,255,2684,9815,0,0,0
737427,0,0,0,0,0,0,0
737428,0,0,0,0,0,0,0
737429,450,0,3699,-7411,1,0,1
737430,65535,255,1186,-7800,0,0,0
737431,1279,0,1787,9999,1,0,1
737432,484,0,4182,9654,1,0,1
737433,65535,255,5751,9346,0,0,0
737434,65535,255,4342,-7279,0,0,0
737435,65535,255,2120,-7708,0,0,0
737436,455,0,824,9896,1,0,1
737437,1733,0,3484,9753,1,0,1
737438,65535,255,5304,9454,0,0,0
737439,65535,255,4892,-7184,0,0,0
737440,778,0,2957,-7483,1,0,1
737441,1186,0,189,-6713,1,0,1
737442,622,0,2689,9910,1,0,1
737443,65535,255,4785,9531,0,0,0
737444,708,0,5368,-7104,1,0,0
737445,65535,255,3695,-7355,0,0,0
737446,1202,0,1180,-7632,1,0,1
737447,489,0,1798,9962,1,0,1
737448,65535,255,4186,9640,0,0,0
737449,65535,255,5754,9383,0,0,0
737450,510,0,4335,-7281,1,0,1
737451,501,0,2109,-7709,1,0,1
737452,973,0,829,9936,1,0,1
737453,65535,255,3492,9770,0,0,0
737454,1364,2,5306,9463,1,0,1
737455,514,0,4888,-7202,1,0,1
737456,1310,0,2952,-7526,1,0,1
737457,615,0,180,-7589,1,0,1
737458,65535,255,2699,9802,0,0,0
737459,1159,0,4791,9571,1,0,1
737460,945,0,5362,-7067,1,0,1
737461,65535,255,3691,-7428,0,0,0
737462,719,0,1169,-7888,1,0,1
737463,65535,255,1807,9943,0,0,0
737464,0,0,0,0,0,0,0
737465,663,2,5761,9356,1,0,1
737466,763,0,4331,-7341,1,0,1
737467,0,0,0,0,0,0,0
737468,0,0,0,0,0,0,0
737469,65535,255,3501,9734,0,0,0
737470,65535,255,5314,9447,0,0,0
737471,65535,255,4882,-7186,0,0,0
737472,65535,255,2942,-7506,0,0,0
737473,443,0,163,-7354,1,0,1
737474,0,0,0,0,0,0,0
737475,880,0,4801,9564,1,0,1
737476,0,0,0,0,0,0,0
737477,65535,255,3679,-7430,0,0,0
737478,0,0,0,0,0,0,0
737479,0,0,0,0,0,0,0
737480,0,0,0,0,0,0,0
737481,65535,255,5767,-6960,0,0,0
737482,991,0,4320,-7257,1,0,1
737483,65535,255,2083,-7682,0,0,0
737484,65535,255,858,9939,0,0,0
737485,65535,255,3518,9784,0,0,0
737486,65535,255,5324,9480,0,0,0
737487,859,2,4873,-7227,1,0,1
737488,65535,255,2928,-7593,0,0,0
737489,1798,2,148,-9102,1,0,1
737490,1279,0,2728,9883,1,0,1
737491,622,0,4814,9533,1,0,1
737492,65535,255,5348,-7113,0,0,0
737493,65535,255,3666,-7391,0,0,0
737494,65535,255,1129,-7808,0,0,0
737495,65535,255,1842,10065,0,0,0
737496,533,0,4222,9690,1,0,1
737497,951,0,5760,-7018,1,0,1
737498,421,2,4309,-7358,1,0,1
737499,65535,255,2062,-7684,0,0,0
737500,65535,255,881,9977,0,0,0
737501,565,0,3534,9791,1,0,1
737502,575,0,5335,9466,1,0,1
737503,1047,0,4861,-7235,1,0,1
737504,1139,0,2904,-7446,1,0,1
737505,455,0,123,-5830,1,0,1
737506,65535,255,2752,9924,0,0,0
737507,65535,255,4829,9553,0,0,0
737508,920,0,5336,-7102,1,0,1
737509,0,0,0,0,0,0,0
737510,742,0,1102,-7511,1,0,1
737511,1456,0,1870,9902,1,0,1
737512,508,0,4240,9640,1,0,1
737513,0,0,0,0,0,0,0
737514,65535,255,4291,-7314,0,0,0
737515,65535,255,2035,-7593,0,0,0
737516,549,0,917,9795,1,0,1
737517,1633,0,3556,9754,1,0,1
737518,65535,255,5351,9469,0,0,0
737519,917,0,4843,-7221,1,0,1
737520,65535,255,2880,-7575,0,0,0
737521,137,2,92,-5085,1,0,1
737522,422,2,2776,9932,1,0,1
737523,65535,255,4844,9562,0,0,0
737524,65535,255,5319,-7071,0,0,0
737525,754,0,3623,-7454,1,0,1
737526,454,0,1073,-7850,1,0,1
737527,0,0,0,0,0,0,0
737528,65535,255,4255,9651,0,0,0
737529,65535,255,5739,-7006,0,0,0
737530,65535,255,4278,-7318,0,0,0
737531,442,0,2020,-7515,1,0,1
737532,65535,255,923,10188,0,0,0
737533,0,0,0,0,0,0,0
737534,65535,255,5352,9421,0,0,0
737535,65535,255,4840,-7177,0,0,0
737536,65535,255,2881,-7545,0,0,0
737537,65535,255,100,-10085,0,0,0
737538,65535,255,2767,9776,0,0,0
737539,65535,255,4836,9591,0,0,0
737540,65535,255,5327,-7113,0,0,0
737541,0,0,0,0,0,0,0
737542,65535,255,1095,-7602,0,0,0
737543,0,0,0,0,0,0,0
737544,1412,0,4237,9606,1,0,1
737545,65535,255,5746,-6986,0,0,0
737546,154,2,4291,-7334,1,0,1
737547,65535,255,2046,-7702,0,0,0
737548,358,2,899,10199,1,0,0
737549,65535,255,3543,9756,0,0,0
737550,0,0,0,0,0,0,0
737551,431,2,4852,-7180,1,0,1
737552,376,0,2900,-7563,1,0,1
737553,65535,255,118,-5739,0,0,0
737554,1554,0,2748,9800,1,0,1
737555,65535,255,4824,9521,0,0,0
737556,0,0,0,0,0,0,0
737557,0,0,0,0,0,0,0
737558,65535,255,1118,-7810,0,0,0
737559,219,2,1853,9886,1,0,1
737560,65535,255,4226,9662,0,0,0
737561,65535,255,5754,-6985,0,0,0
737562,65535,255,4302,-7298,0,0,0
737563,411,0,2056,-7637,1,0,1
737564,65535,255,881,10054,0,0,0
737565,65535,255,3531,9723,0,0,0
737566,466,0,5330,9479,1,0,1
737567,1174,0,4861,-7167,1,0,1
737568,65535,255,2914,-7551,0,0,0
737569,531,0,134,-5993,1,0,1
737570,436,0,2739,9811,1,0,1
737571,65535,255,4815,9527,0,0,0
737572,65535,255,6163,9248,0,0,0
737573,65535,255,3659,-7359,0,0,0
737574,65535,255,1130,-7896,0,0,0
737575,65535,255,1842,9958,0,0,0
737576,477,2,4215,9699,1,0,1
737577,800,2,5774,9324,1,0,1
737578,65535,255,4309,-7343,0,0,0
737579,692,0,2068,-7495,1,0,1
737580,1915,0,871,9750,1,0,1
737581,65535,255,3522,9802,0,0,0
737582,65535,255,5328,9446,0,0,0
737583,65535,255,6501,9164,0,0,0
737584,436,2,2918,-7497,1,0,1
737585,2112,0,146,-8667,1,0,1
737586,1009,2,2727,9824,1,0,0
737587,65535,255,4810,9527,0,0,0
737588,503,0,6159,9272,1,0,1
737589,65535,255,3667,-7350,0,0,0
737590,832,0,1141,-7864,1,0,1
737591,733,0,1831,9960,1,0,1
737592,0,0,0,0,0,0,0
737593,0,0,0,0,0,0,0
737594,0,0,0,0,0,0,0
737595,65535,255,2078,-7542,0,0,0
737596,65535,255,864,9902,0,0,0
737597,65535,255,3518,9699,0,0,0
737598,1161,0,5325,9471,1,0,1
737599,1389,0,6501,9130,1,0,1
737600,744,0,2928,-7560,1,0,1
737601,65535,255,147,-6849,0,0,0
737602,384,2,2723,9860,1,0,0
737603,860,0,4807,9558,1,0,1
737604,932,0,6159,9245,1,0,1
737605,65535,255,3675,-7429,0,0,0
737606,879,2,1146,-7718,1,0,1
737607,650,2,1832,9870,1,0,1
737608,1491,2,4207,9673,1,0,1
737609,65535,255,5768,9381,0,0,0
737610,546,2,4320,-7335,1,0,1
737611,392,2,2077,-7511,1,0,0
737612,330,2,859,9822,1,0,1
737613,65535,255,3517,9699,0,0,0
737614,65535,255,5322,9472,0,0,0
737615,490,0,4873,-7170,1,0,1
737616,704,2,2933,-7570,1,0,1
737617,414,2,151,-7325,1,0,0
737618,65535,255,2718,9885,0,0,0
737619,484,0,4807,9581,1,0,1
737620,542,0,5354,-7120,1,0,1
737621,65535,255,3674,-7469,0,0,0
737622,645,0,1146,-7863,1,0,1
737623,65535,255,1831,9978,0,0,0
737624,65535,255,4212,9610,0,0,0
737625,65535,255,5767,-7002,0,0,0
737626,946,0,4319,-7282,1,0,1
737627,65535,255,2082,-7633,0,0,1
737628,0,0,0,0,0,0,0
737629,65535,255,3514,9776,0,0,0
737630,65535,255,5325,9446,0,0,0
737631,833,0,4876,-7231,1,0,1
737632,1530,0,2932,-7527,1,0,1
737633,1178,0,155,-6449,1,0,1
737634,450,0,2724,9847,1,0,1
737635,690,0,4808,9563,1,0,1
737636,492,2,5353,-7111,1,0,1
737637,765,0,3674,-7453,1,0,1
737638,65535,255,1146,-7860,0,0,0
737639,65535,255,1832,9958,0,0,0
737640,65535,255,4212,9610,0,0,0
737641,65535,255,5767,-7006,0,0,0
737642,65535,255,4319,-7289,0,0,0
737643,65535,255,2082,-7664,0,0,0
737644,325,2,859,10283,1,0,1
737645,433,2,3518,9801,1,0,0
737646,539,2,5326,9460,1,0,1
737647,1727,0,4872,-7165,1,0,1
737648,642,0,2928,-7581,1,0,1
737649,1179,0,145,-7504,1,0,1
737650,0,0,0,0,0,0,0
737651,65535,255,4811,9531,0,0,0
737652,303,2,5348,-7068,1,0,0
737653,1024,0,3670,-7389,1,0,1
737654,413,0,1140,-7628,1,0,0
737655,0,0,0,0,0,0,0
737656,65535,255,4212,9678,0,0,0
737657,65535,255,5762,-6982,0,0,0
737658,65535,255,4312,-7280,0,0,1
737659,65535,255,2072,-7603,0,0,0
737660,65535,255,865,10128,0,0,1
737661,411,0,3522,9775,1,0,1
737662,555,0,5328,9445,1,0,1
737663,889,0,4869,-7243,1,0,1
737664,65535,255,2918,-7560,0,0,0
737665,65535,255,139,-7260,0,0,0
737666,65535,255,2729,9917,0,0,0
737667,450,0,4815,9515,1,0,1
737668,65535,255,5343,-7074,0,0,0
737669,1078,2,3662,-7398,1,0,0
737670,65535,255,1129,-7688,0,0,0
737671,1227,2,1843,9886,1,0,1
737672,436,0,4219,9697,1,0,1
737673,65535,255,5757,-7000,0,0,0
737674,65535,255,4304,-7290,0,0,0
737675,344,2,2067,-7681,1,0,1
737676,765,0,882,9801,1,0,1
737677,65535,255,3532,9697,0,0,0
737678,576,0,5331,9483,1,0,1
737679,1098,0,4861,-7199,1,0,1
737680,707,0,2908,-7486,1,0,1
737681,65535,255,130,-5640,0,0,0
737682,570,0,2744,9845,1,0,1
737683,65535,255,4822,9577,0,0,0
737684,65535,255,5337,-7129,0,0,0
737685,731,0,3650,-7375,1,0,1
737686,318,2,1112,-7628,1,0,1
737687,755,0,1860,9866,1,0,1
737688,510,0,4227,9696,1,0,1
737689,1278,0,5752,-7001,1,0,1
737690,877,0,4297,-7298,1,0,1
737691,858,0,2051,-7715,1,0,1
737692,65535,255,900,9863,0,0,0
737693,687,0,3544,9729,1,0,1
737694,470,0,5342,9432,1,0,1
737695,838,0,4864,-7237,1,0,1
737696,510,2,2913,-7576,1,0,1
737697,308,0,133,-8235,1,0,1
737698,65535,255,2735,9795,0,0,0
737699,65535,255,4815,9557,0,0,0
737700,65535,255,5345,-7117,0,0,0
737701,65535,255,3662,-7370,0,0,0
737702,177,2,1134,-7632,1,0,0
737703,413,0,1844,9899,1,0,1
737704,65535,255,4216,9612,0,0,0
737705,0,0,0,0,0,0,0
737706,65535,255,4312,-7340,0,0,0
737707,65535,255,2071,-7591,0,0,0
737708,460,0,865,10240,1,0,1
737709,875,0,3523,9685,1,0,1
737710,577,0,5327,9417,1,0,0
737711,464,0,4869,-7224,1,0,1
737712,65535,255,2923,-7553,0,0,0
737713,453,0,144,-7972,1,0,1
737714,421,0,2729,9797,1,0,1
737715,65535,255,4809,9564,0,0,0
737716,65535,255,5350,-7129,0,0,1
737717,863,0,3671,-7393,1,0,1
737718,369,0,1140,-7752,1,0,1
737719,65535,255,1831,9992,0,0,0
737720,65535,255,4211,9655,0,0,0
737721,596,0,5765,-6985,1,0,1
737722,583,0,4316,-7286,1,0,1
737723,692,0,2081,-7653,1,0,1
737724,902,0,858,10013,1,0,1
737725,65535,255,3518,9783,0,0,0
737726,732,0,5322,9473,1,0,1
737727,456,2,4873,-7207,1,0,1
737728,65535,255,2928,-7541,0,0,0
737729,0,0,0,0,0,0,0
737730,65535,255,2724,9834,0,0,0
737731,617,0,4807,9583,1,0,1
737732,594,0,5351,-7076,1,0,1
737733,347,0,3675,-7449,1,0,1
737734,673,0,1147,-7519,1,0,1
737735,338,2,1831,9867,1,0,1
737736,663,0,4211,9608,1,0,1
737737,551,0,5764,-6964,1,0,0
737738,497,0,4316,-7287,1,0,1
737739,65535,255,2083,-7683,0,0,0
737740,0,0,0,0,0,0,0
737741,0,0,0,0,0,0,0
737742,783,0,5324,9468,1,0,1
737743,65535,255,4873,-7212,0,0,0
737744,65535,255,2928,-7552,0,0,0
737745,421,0,145,-8220,1,0,1
737746,65535,255,2724,9834,0,0,0
737747,65535,255,4810,9564,0,0,0
737748,65535,255,5351,-7090,0,0,0
737749,0,0,0,0,0,0,0
737750,302,0,1141,-7662,1,0,1
737751,65535,255,1837,9956,0,0,0
737752,428,0,4215,9655,1,0,1
737753,65535,255,5765,-6993,0,0,0
737754,937,0,4316,-7312,1,0,1
737755,1466,0,2077,-7575,1,0,1
737756,65535,255,864,10322,0,0,0
737757,65535,255,3526,9730,0,0,0
737758,746,0,5330,9453,1,0,1
737759,913,2,4870,-7196,1,0,1
737760,0,0,0,0,0,0,0
737761,134,2,139,-8239,1,0,0
737762,65535,255,2733,9845,0,0,0
737763,627,2,4817,9514,1,0,1
737764,480,2,5345,-7102,1,0,0
737765,65535,255,3663,-7378,0,0,0
737766,525,0,1129,-7781,1,0,1
737767,330,0,1842,10064,1,0,1
737768,0,0,0,0,0,0,0
737769,65535,255,5758,-6993,0,0,0
737770,65535,255,4305,-7267,0,0,0
737771,491,0,2062,-7717,1,0,1
737772,0,0,0,0,0,0,0
737773,65535,255,3534,9712,0,0,0
737774,697,0,5335,9432,1,0,1
737775,1227,0,4861,-7175,1,0,1
737776,0,0,0,0,0,0,0
737777,326,0,122,-7754,1,0,1
737778,65535,255,2748,9832,0,0,0
737779,867,0,4827,9507,1,0,1
737780,65535,255,5338,-7102,0,0,0
737781,457,0,3651,-7386,1,0,1
737782,934,0,1112,-7813,1,0,1
737783,915,0,1865,9813,1,0,1
737784,511,0,4233,9612,1,0,1
737785,65535,255,5751,-6974,0,0,0
737786,65535,255,4294,-7295,0,0,0
737787,393,0,2041,-7546,1,0,1
737788,65535,255,899,10272,0,0,0
737789,0,0,0,0,0,0,0
737790,286,2,5344,9465,1,0,1
737791,65535,255,4849,-7216,0,0,0
737792,453,0,2891,-7599,1,0,1
737793,0,0,0,0,0,0,0
737794,0,0,0,0,0,0,0
737795,65535,255,4835,9567,0,0,0
737796,65535,255,5327,-7080,0,0,0
737797,65535,255,3635,-7478,0,0,0
737798,219,2,1089,-7725,1,0,1
737799,427,0,1886,9952,1,0,0
737800,65535,255,4248,9664,0,0,0
737801,65535,255,5741,-7011,0,0,0
737802,0,0,0,0,0,0,0
737803,65535,255,2025,-7724,0,0,0
737804,0,0,0,0,0,0,0
737805,227,2,3569,9709,1,0,1
737806,65535,255,5355,9449,0,0,0
737807,989,0,4835,-7203,1,0,1
737808,0,0,0,0,0,0,0
737809,65535,255,84,-6244,0,0,0
737810,735,0,2787,9895,1,0,1
737811,539,0,4851,9571,1,0,1
737812,1504,0,5314,-7083,1,0,1
737813,720,2,3615,-7424,1,0,1
737814,65535,255,1067,-7668,0,0,0
737815,1027,2,1904,9814,1,0,0
737816,563,0,4258,9644,1,0,1
737817,539,2,5734,-7013,1,0,1
737818,65535,255,4273,-7285,0,0,0
737819,65535,255,2014,-7614,0,0,0
737820,397,0,934,10051,1,0,1
737821,65535,255,3569,9735,0,0,0
737822,65535,255,5354,9447,0,0,0
737823,65535,255,4837,-7179,0,0,0
737824,65535,255,2876,-7581,0,0,0
737825,65535,255,83,-6543,0,0,0
737826,0,0,0,0,0,0,0
737827,0,0,0,0,0,0,0
737828,0,0,0,0,0,0,0
737829,429,0,3631,-7421,1,0,1
737830,65535,255,1084,-7667,0,0,0
737831,0,0,0,0,0,0,0
737832,65535,255,4244,9652,0,0,0
737833,65535,255,5744,-7022,0,0,0
737834,0,0,0,0,0,0,0
737835,446,0,2035,-7675,1,0,1
737836,629,0,911,10199,1,0,1
737837,65535,255,3552,9772,0,0,0
737838,65535,255,5347,9436,0,0,0
737839,65535,255,4849,-7216,0,0,0
737840,65535,255,2890,-7482,0,0,0
737841,1107,2,107,-9026,1,0,0
737842,451,0,2763,9777,1,0,1
737843,652,0,4833,9519,1,0,1
737844,1135,0,5332,-7064,1,0,1
737845,65535,255,3643,-7371,0,0,0
737846,65535,255,1101,-7515,0,0,0
737847,201,2,1864,10010,1,0,1
737848,65535,255,4233,9627,0,0,0
737849,1002,2,5751,-7008,1,0,1
737850,590,0,4294,-7288,1,0,1
737851,1185,0,2051,-7641,1,0,1
737852,374,2,893,10167,1,0,1
737853,65535,255,3543,9764,0,0,0
737854,455,0,5341,9437,1,0,1
737855,745,0,4858,-7219,1,0,1
737856,65535,255,2904,-7500,0,0,0
737857,65535,255,121,-9442,0,0,0
737858,1567,0,2748,9801,1,0,1
737859,65535,255,4824,9538,0,0,0
737860,680,0,5337,-7082,1,0,1
737861,65535,255,3651,-7402,0,0,0
737862,1955,0,1118,-7635,1,0,1
737863,0,0,0,0,0,0,0
737864,1321,0,4225,9663,1,0,1
737865,65535,255,5755,-6968,0,0,0
737866,1417,0,4305,-7332,1,0,1
737867,65535,255,2057,-7514,0,0,0
737868,1215,0,888,9869,1,0,1
737869,65535,255,3535,9706,0,0,0
737870,0,0,0,0,0,0,0
737871,65535,255,4861,-7191,0,0,0
737872,1297,0,2909,-7446,1,0,1
737873,0,0,0,0,0,0,0
737874,726,2,2742,9792,1,0,1
737875,65535,255,4820,9521,0,0,0
737876,682,0,5340,-7076,1,0,1
737877,0,0,0,0,0,0,0
737878,1731,2,1123,-7632,1,0,1
737879,0,0,0,0,0,0,0
737880,450,2,4222,9677,1,0,1
737881,65535,255,5758,-6979,0,0,0
737882,65535,255,4309,-7358,0,0,0
737883,1135,0,2061,-7576,1,0,1
737884,65535,255,881,10092,0,0,0
737885,65535,255,3531,9766,0,0,0
737886,474,0,5333,9439,1,0,1
737887,65535,255,4864,-7233,0,0,0
737888,65535,255,2914,-7541,0,0,0
737889,0,0,0,0,0,0,0
737890,371,0,2738,9894,1,0,1
737891,65535,255,4820,9589,0,0,0
737892,741,0,5341,-7107,1,0,1
737893,1918,0,3659,-7376,1,0,1
737894,0,0,0,0,0,0,0
737895,960,0,1854,9834,1,0,1
737896,65535,255,4222,9677,0,0,0
737897,65535,255,5757,-6984,0,0,0
737898,1828,0,4305,-7265,1,0,1
737899,0,0,0,0,0,0,0
737900,1477,0,882,10205,1,0,1
737901,65535,255,3531,9801,0,0,0
737902,539,0,5336,9469,1,0,1
737903,686,0,4861,-7184,1,0,1
737904,65535,255,2904,-7456,0,0,0
737905,0,0,0,0,0,0,0
737906,949,0,2744,9813,1,0,1
737907,65535,255,4821,9555,0,0,0
737908,161,2,5338,-7114,1,0,1
737909,842,0,3653,-7418,1,0,1
737910,382,0,1113,-7513,1,0,1
737911,0,0,0,0,0,0,0
737912,65535,255,4226,9670,0,0,0
737913,646,0,5753,-6985,1,0,1
737914,65535,255,4298,-7273,0,0,0
737915,65535,255,2051,-7671,0,0,0
737916,965,0,892,9934,1,0,0
737917,65535,255,3539,9705,0,0,0
737918,65535,255,5340,9437,0,0,0
737919,1191,0,4855,-7213,1,0,1
737920,685,0,2899,-7521,1,0,0
737921,643,0,113,-6581,1,0,1
737922,836,0,2753,9903,1,0,1
737923,427,0,4827,9521,1,0,1
737924,657,0,5332,-7087,1,0,1
737925,1525,0,3647,-7434,1,0,1
737926,65535,255,1107,-7875,0,0,0
737927,65535,255,1865,10027,0,0,0
737928,65535,255,4233,9655,0,0,0
737929,65535,255,5749,-6981,0,0,0
737930,747,2,4291,-7274,1,0,1
737931,65535,255,2041,-7671,0,0,0
737932,1206,0,906,9797,1,0,1
737933,799,0,3552,9712,1,0,1
737934,65535,255,5347,9428,0,0,0
737935,248,2,4846,-7231,1,0,1
737936,397,2,2890,-7566,1,0,1
737937,749,2,98,-8085,1,0,1
737938,398,2,2767,9799,1,0,0
737939,65535,255,4836,9558,0,0,0
737940,65535,255,6176,9263,0,0,0
737941,65535,255,3631,-7379,0,0,0
737942,355,0,1089,-7694,1,0,1
737943,817,0,1881,9937,1,0,1
737944,486,0,4248,9626,1,0,0
737945,65535,255,5792,9371,0,0,0
737946,65535,255,4280,-7356,0,0,0
737947,0,0,0,0,0,0,0
737948,65535,255,923,10303,0,0,0
737949,335,0,3565,9711,1,0,1
737950,880,0,5355,9426,1,0,1
737951,65535,255,6522,9131,0,0,0
737952,390,0,2871,-7579,1,0,1
737953,65535,255,77,-9025,0,0,0
737954,65535,255,2781,9820,0,0,1
737955,722,0,4845,9573,1,0,0
737956,522,0,6186,9219,1,0,1
737957,893,0,3619,-7414,1,0,1
737958,360,0,1067,-7821,1,0,1
737959,895,0,1903,10023,1,0,1
737960,540,2,4259,9665,1,0,0
737961,65535,255,5803,9334,0,0,0
737962,65535,255,6826,9053,0,0,1
737963,65535,255,2004,-7501,0,0,0
737964,1264,2,945,10049,1,0,1
737965,843,2,3581,9786,1,0,1
737966,65535,255,5366,9476,0,0,0
737967,538,2,6530,9138,1,0,1
737968,949,0,2857,-7549,1,0,1
737969,65535,255,75,-3856,0,0,0
737970,65535,255,2796,9785,0,0,0
737971,411,0,4856,9510,1,0,1
737972,935,0,6188,9260,1,0,1
737973,65535,255,3614,-7440,0,0,0
737974,343,0,1061,-7664,1,0,1
737975,65535,255,1903,10059,0,0,0
737976,233,0,4262,9624,1,0,0
737977,740,0,5802,9339,1,0,1
737978,774,0,4272,-7351,1,0,1
737979,564,0,2009,-7536,1,0,1
737980,421,0,934,10301,1,0,0
737981,65535,255,3573,9778,0,0,0
737982,65535,255,5360,9426,0,0,0
737983,65535,255,4834,-7190,0,0,0
737984,764,0,2871,-7580,1,0,1
737985,65535,255,81,-5630,0,0,0
737986,510,0,2781,9831,1,0,1
737987,65535,255,4847,9534,0,0,0
737988,65535,255,5321,-7066,0,0,0
737989,65535,255,3626,-7355,0,0,0
737990,360,0,1078,-7849,1,0,1
737991,291,2,1892,9918,1,0,1
737992,65535,255,4251,9672,0,0,0
737993,939,2,5740,-6987,1,0,1
737994,65535,255,4279,-7303,0,0,0
737995,65535,255,2024,-7642,0,0,0
737996,0,0,0,0,0,0,0
737997,465,0,3565,9727,1,0,1
737998,528,2,5352,9479,1,0,1
737999,1106,2,4842,-7166,1,0,1
738000,373,0,2880,-7546,1,0,1
738001,65535,255,99,-4901,0,0,0
738002,65535,255,2772,9797,0,0,0
738003,0,0,0,0,0,0,0
738004,1156,0,5328,-7136,1,0,1
738005,65535,255,3633,-7459,0,0,0
738006,65535,255,1089,-7844,0,0,0
738007,0,0,0,0,0,0,0
738008,65535,255,4244,9680,0,0,0
738009,65535,255,5745,-6970,0,0,0
738010,65535,255,4286,-7321,0,0,0
738011,500,0,2035,-7687,1,0,1
738012,881,0,912,10194,1,0,1
738013,432,0,3556,9762,1,0,1
738014,1220,0,5347,9427,1,0,1
738015,421,0,4848,-7198,1,0,0
738016,0,0,0,0,0,0,0
738017,65535,255,98,-7378,0,0,0
738018,65535,255,2763,9888,0,0,0
738019,65535,255,4833,9569,0,0,0
738020,460,0,5329,-7102,1,0,1
738021,65535,255,3638,-7426,0,0,0
738022,372,0,1094,-7660,1,0,1
738023,962,0,1877,9814,1,0,1
738024,0,0,0,0,0,0,0
738025,65535,255,5748,-7016,0,0,0
738026,65535,255,4290,-7293,0,0,0
738027,65535,255,2040,-7639,0,0,0
738028,891,0,905,10086,1,0,1
738029,1161,0,3548,9746,1,0,1
738030,65535,255,5345,9418,0,0,0
738031,707,2,4848,-7192,1,0,1
738032,65535,255,2889,-7435,0,0,0
738033,256,0,103,-7690,1,0,1
738034,1032,0,2758,9891,1,0,1
738035,65535,255,4831,9575,0,0,0
738036,65535,255,5332,-7111,0,0,0
738037,65535,255,3642,-7449,0,0,0
738038,65535,255,1100,-7781,0,0,0
738039,65535,255,1871,9885,0,0,0
738040,430,0,4237,9681,1,0,1
738041,669,0,5747,-6977,1,0,1
738042,390,0,4290,-7340,1,0,1
738043,410,0,2040,-7513,1,0,1
738044,65535,255,906,9829,0,0,0
738045,65535,255,3549,9687,0,0,0
738046,737,0,5342,9467,1,0,0
738047,887,0,4848,-7163,1,0,1
738048,538,0,2894,-7563,1,0,1
738049,780,0,106,-6464,1,0,1
738050,385,0,2759,9867,1,0,1
738051,622,0,4830,9565,1,0,1
738052,65535,255,5329,-7106,0,0,0
738053,1612,0,3642,-7441,1,0,1
738054,1335,0,1100,-7780,1,0,1
738055,628,0,1871,9920,1,0,1
738056,449,0,4238,9695,1,0,1
738057,912,2,5745,-6986,1,0,1
738058,775,0,4289,-7335,1,0,1
738059,565,0,2055,-7626,1,0,1
738060,65535,255,885,10105,0,0,0
738061,513,2,3536,9718,1,0,0
738062,65535,255,5334,9435,0,0,0
738063,693,0,4860,-7248,1,0,1
738064,0,0,0,0,0,0,0
738065,648,0,132,-9519,1,0,1
738066,65535,255,2740,9877,0,0,0
738067,866,0,4819,9517,1,0,1
738068,838,0,5340,-7094,1,0,1
738069,65535,255,3658,-7468,0,0,0
738070,1404,0,1123,-7576,1,0,0
738071,65535,255,1849,9900,0,0,0
738072,820,0,4224,9618,1,0,1
738073,641,0,5757,-6970,1,0,1
738074,65535,255,4304,-7269,0,0,0
738075,65535,255,2066,-7686,0,0,0
738076,65535,255,883,9934,0,0,0
738077,116,2,3532,9771,1,0,0
738078,713,0,5332,9469,1,0,1
738079,857,0,4863,-7209,1,0,1
738080,381,0,2913,-7554,1,0,1
738081,65535,255,127,-8269,0,0,0
738082,508,0,2740,9830,1,0,1
738083,65535,255,4818,9587,0,0,0
738084,65535,255,5342,-7083,0,0,0
738085,280,2,3658,-7459,1,0,1
738086,418,2,1123,-7576,1,0,1
738087,65535,255,1848,9920,0,0,0
738088,65535,255,4222,9633,0,0,0
738089,65535,255,5756,-6983,0,0,0
738090,65535,255,4305,-7295,0,0,0
738091,65535,255,2062,-7532,0,0,0
738092,0,0,0,0,0,0,0
738093,0,0,0,0,0,0,0
738094,65535,255,5336,9431,0,0,0
738095,1041,0,4861,-7171,1,0,1
738096,65535,255,2909,-7491,0,0,0
738097,971,0,123,-6949,1,0,1
738098,65535,255,2743,9787,0,0,0
738099,1298,0,4820,9571,1,0,1
738100,718,0,5340,-7079,1,0,1
738101,475,0,3655,-7460,1,0,1
738102,1222,0,1118,-7606,1,0,1
738103,960,0,1854,9955,1,0,1
738104,448,0,4226,9660,1,0,1
738105,741,0,5755,-7004,1,0,1
738106,576,0,4301,-7335,1,0,1
738107,0,0,0,0,0,0,0
738108,231,2,893,9903,1,0,0
738109,657,0,3539,9780,1,0,1
738110,819,0,5339,9457,1,0,1
738111,65535,255,4858,-7237,0,0,0
738112,941,0,2899,-7459,1,0,0
738113,1457,0,114,-6285,1,0,1
738114,503,0,2758,9786,1,0,1
738115,952,0,4829,9574,1,0,1
738116,821,2,5335,-7085,1,0,0
738117,0,0,0,0,0,0,0
738118,0,0,0,0,0,0,0
738119,783,0,1870,10042,1,0,1
738120,65535,255,4237,9655,0,0,0
738121,65535,255,5748,-6967,0,0,0
738122,932,0,4290,-7284,1,0,1
738123,404,0,2040,-7548,1,0,1
738124,2033,0,905,10270,1,0,1
738125,0,0,0,0,0,0,0
738126,768,0,5349,9469,1,0,1
738127,65535,255,4848,-7228,0,0,0
738128,1383,0,2885,-7449,1,0,1
738129,65535,255,96,-6350,0,0,0
738130,65535,255,2772,9797,0,0,0
738131,1011,0,4841,9511,1,0,1
738132,1002,0,5326,-7106,1,0,1
738133,65535,255,3631,-7398,0,0,0
738134,548,0,1084,-7942,1,0,1
738135,65535,255,1892,9900,0,0,0
738136,406,0,4251,9617,1,0,1
738137,65535,255,5740,-7003,0,0,0
738138,65535,255,4279,-7284,0,0,0
738139,65535,255,2025,-7644,0,0,0
738140,2028,0,916,10160,1,0,1
738141,65535,255,3560,9778,0,0,0
738142,549,2,5352,9444,1,0,1
738143,65535,255,4846,-7234,0,0,0
738144,1280,0,2885,-7535,1,0,1
738145,65535,255,99,-5702,0,0,0
738146,1599,2,2767,9854,1,0,0
738147,65535,255,4835,9568,0,0,0
738148,1148,0,5329,-7114,1,0,1
738149,65535,255,3639,-7461,0,0,0
738150,65535,255,1101,-7877,0,0,0
738151,534,0,1876,9989,1,0,1
738152,65535,255,4240,9619,0,0,0
738153,65535,255,5748,-7014,0,0,0
738154,65535,255,4290,-7303,0,0,0
738155,65535,255,2046,-7704,0,0,0
738156,65535,255,905,9809,0,0,0
738157,1381,0,3548,9698,1,0,1
738158,209,2,5341,9476,1,0,1
738159,65535,255,4852,-7182,0,0,0
738160,65535,255,2895,-7448,0,0,0
738161,476,0,111,-8652,1,0,0
738162,420,0,2753,9776,1,0,1
738163,803,0,4827,9535,1,0,1
738164,65535,255,5335,-7088,0,0,1
738165,65535,255,3647,-7427,0,0,0
738166,523,2,1112,-7785,1,0,1
738167,1482,0,1859,9939,1,0,1
738168,490,0,4233,9606,1,0,1
738169,1033,2,5753,-7007,1,0,1
738170,65535,255,4298,-7301,0,0,0
738171,503,2,2051,-7704,1,0,0
738172,65535,255,893,9792,0,0,0
738173,423,0,3538,9705,1,0,1
738174,674,0,5337,9482,1,0,1
738175,745,2,4856,-7202,1,0,1
738176,0,0,0,0,0,0,0
738177,1358,0,128,-9200,1,0,1
738178,431,0,2747,9834,1,0,1
738179,65535,255,4822,9565,0,0,0
738180,1136,0,5340,-7120,1,0,1
738181,65535,255,3652,-7361,0,0,0
738182,65535,255,1114,-7543,0,0,0
738183,65535,255,1856,9917,0,0,0
738184,65535,255,4224,9669,0,0,0
738185,764,0,5752,-6985,1,0,1
738186,876,0,4299,-7266,1,0,1
738187,65535,255,2058,-7639,0,0,0
738188,65535,255,887,10239,0,0,0
738189,740,0,3533,9808,1,0,0
738190,65535,255,5335,9472,0,0,0
738191,65535,255,4860,-7190,0,0,0
738192,65535,255,2906,-7478,0,0,0
738193,1338,0,134,-9503,1,0,0
738194,65535,255,2742,9846,0,0,0
738195,1660,0,4819,9572,3,0,0
738196,65535,255,5340,-7129,0,0,0
738197,1089,0,3652,-7376,1,0,0
738198,0,0,0,0,0,0,0
738199,65535,255,1853,9868,0,0,0
738200,65535,255,4221,9697,0,0,0
738201,363,2,5755,-7005,1,0,0
738202,65535,255,4303,-7299,0,0,0
738203,65535,255,2058,-7731,0,0,0
738204,1073,0,886,9902,1,0,1
738205,689,2,3534,9740,1,0,1
738206,65535,255,5335,9434,0,0,0
738207,546,2,4860,-7239,1,0,1
738208,2993,1,2910,-7574,1,0,1
738209,0,0,0,0,0,0,0
738210,65535,255,2743,9778,0,0,0
738211,682,0,4820,9549,1,0,1
738212,915,0,5339,-7110,1,0,1
738213,65535,255,3652,-7351,0,0,0
738214,65535,255,1113,-7572,0,0,0
738215,0,0,0,0,0,0,0
738216,0,0,0,0,0,0,0
738217,782,0,5755,-7005,1,0,1
738218,664,0,4299,-7306,1,0,1
738219,65535,255,2052,-7512,0,0,0
738220,515,0,892,9977,1,0,1
738221,65535,255,3538,9765,0,0,0
738222,65535,255,5337,9458,0,0,0
738223,625,0,4856,-7179,1,0,1
738224,65535,255,2901,-7466,0,0,0
738225,528,0,121,-5490,1,0,1
738226,65535,255,2752,9868,0,0,0
738227,65535,255,4825,9573,0,0,0
738228,1581,0,5336,-7076,1,0,1
738229,643,0,3648,-7433,1,0,1
738230,584,0,1107,-7872,1,0,1
738231,65535,255,1863,10045,0,0,0
738232,133,2,4235,9669,1,0,1
738233,65535,255,5751,-6990,0,0,0
738234,65535,255,4295,-7292,0,0,0
738235,782,0,2047,-7732,1,0,1
738236,527,0,904,9978,1,0,1
738237,1628,0,3546,9764,1,0,1
738238,521,0,5345,9462,1,0,1
738239,65535,255,4850,-7191,0,0,0
738240,296,0,2891,-7499,1,0,1
738241,65535,255,104,-6121,0,0,0
738242,572,0,2761,9923,1,0,1
738243,558,0,4837,9536,1,0,1
738244,65535,255,5330,-7107,0,0,0
738245,990,0,3636,-7361,1,0,1
738246,65535,255,1090,-7661,0,0,0
738247,65535,255,1880,9937,0,0,0
738248,65535,255,4246,9633,0,0,0
738249,947,0,5744,-6974,1,0,1
738250,65535,255,4284,-7268,0,0,0
738251,615,0,2031,-7704,1,0,1
738252,751,0,921,9943,1,0,1
738253,536,0,3563,9771,1,0,1
738254,1170,0,5353,9465,1,0,1
738255,513,2,4841,-7204,1,0,1
738256,304,2,2877,-7534,1,0,1
738257,1557,2,82,-7294,1,0,1
738258,129,2,2785,9798,1,0,0
738259,65535,255,4846,9568,0,0,0
738260,1217,0,5320,-7094,1,0,1
738261,745,2,3624,-7420,1,0,1
738262,65535,255,1074,-7911,0,0,0
738263,584,2,1903,9814,1,0,1
738264,65535,255,4261,9645,0,0,0
738265,65535,255,5737,-7019,0,0,0
738266,655,0,4269,-7351,1,0,1
738267,515,0,2005,-7659,1,0,1
738268,1492,0,945,9873,1,0,1
738269,829,0,3582,9759,1,0,0
738270,510,0,5365,9467,1,0,1
738271,0,0,0,0,0,0,0
738272,477,0,2852,-7550,1,0,1
738273,65535,255,54,-9505,0,0,0
738274,65535,255,2805,9851,0,0,0
738275,0,0,0,0,0,0,0
738276,65535,255,5308,-7132,0,0,0
738277,65535,255,3606,-7441,0,0,0
738278,65535,255,1050,-7603,0,0,0
738279,0,0,0,0,0,0,0
738280,65535,255,4266,9690,0,0,0
738281,65535,255,5730,-7026,0,0,0
738282,1135,0,4265,-7285,1,0,1
738283,838,0,2004,-7564,1,0,1
738284,65535,255,946,9804,0,0,0
738285,733,0,3577,9777,1,0,1
738286,65535,255,5363,9419,0,0,0
738287,1308,2,4831,-7168,1,0,1
738288,379,0,2866,-7526,1,0,1
738289,544,0,73,-9550,1,0,1
738290,500,0,2786,9898,1,0,1
738291,743,0,4848,9556,1,0,0
738292,65535,255,5319,-7076,0,0,0
738293,1302,0,3623,-7356,1,0,1
738294,1098,0,1078,-7818,1,0,1
738295,337,2,1892,9868,1,0,1
738296,629,2,4251,9639,1,0,1
738297,1012,0,5795,9345,1,0,1
738298,588,0,4280,-7356,1,0,1
738299,1082,0,2026,-7578,1,0,1
738300,452,0,917,10269,1,0,0
738301,65535,255,3561,9754,0,0,0
738302,761,0,5349,9460,1,0,1
738303,65535,255,4841,-7165,0,0,0
738304,65535,255,2885,-7523,0,0,0
738305,0,0,0,0,0,0,0
738306,65535,255,2763,9924,0,0,0
738307,250,0,4833,9576,1,0,0
738308,2021,1,6174,9245,1,0,1
738309,65535,255,3639,-7402,0,0,0
738310,0,0,0,0,0,0,0
738311,65535,255,1870,9991,0,0,0
738312,1258,2,4233,9696,1,0,1
738313,893,2,5787,9356,1,0,1
738314,65535,255,6813,9060,0,0,1
738315,65535,255,2046,-7655,0,0,0
738316,65535,255,899,10090,0,0,0
738317,1130,2,3544,9722,1,0,1
738318,65535,255,5339,9469,0,0,0
738319,65535,255,6511,9142,0,0,0
738320,521,0,2895,-7477,1,0,1
738321,65535,255,116,-7185,0,0,0
738322,65535,255,2749,9823,0,0,0
738323,1089,0,4824,9516,1,0,1
738324,65535,255,6168,9258,0,0,0
738325,1430,0,3655,-7416,1,0,1
738326,0,0,0,0,0,0,0
738327,2106,0,1848,9941,1,0,1
738328,65535,255,4222,9671,0,0,0
738329,65535,255,5776,9358,0,0,0
738330,65535,255,6808,9040,0,0,0
738331,1072,0,2062,-7512,1,0,1
738332,455,0,876,10246,1,0,1
738333,459,0,3527,9750,1,0,1
738334,648,0,5328,9480,1,0,1
738335,65535,255,6503,9144,0,0,0
738336,972,0,2919,-7486,1,0,1
738337,1358,0,139,-7769,1,0,1
738338,65535,255,2728,9861,0,0,1
738339,65535,255,4811,9541,0,0,0
738340,65535,255,6160,9276,0,0,0
738341,383,2,3671,-7462,1,0,0
738342,2172,0,1146,-7719,1,0,1
738343,445,0,1826,10087,1,0,1
738344,65535,255,4208,9619,0,0,0
738345,834,2,5769,9330,1,0,1
738346,65535,255,4320,-7329,0,0,0
738347,857,0,2088,-7681,1,0,1
738348,65535,255,852,10097,0,0,0
738349,65535,255,3514,9718,0,0,0
738350,65535,255,5320,9468,0,0,0
738351,65535,255,4879,-7229,0,0,0
738352,1385,0,2937,-7474,1,0,1
738353,1355,0,162,-7770,1,0,1
738354,65535,255,2710,9872,0,0,0
738355,65535,255,4798,9547,0,0,0
738356,65535,255,5358,-7072,0,0,0
738357,490,0,3682,-7357,1,0,1
738358,450,2,1162,-7830,1,0,0
738359,469,0,1816,9871,1,0,1
738360,528,0,4197,9654,1,0,1
738361,804,0,5762,9352,1,0,1
738362,0,0,0,0,0,0,0
738363,65535,255,2098,-7540,0,0,0
738364,0,0,0,0,0,0,0
738365,0,0,0,0,0,0,0
738366,0,0,0,0,0,0,0
738367,0,0,0,0,0,0,0
738368,0,0,0,0,0,0,0
738369,0,0,0,0,0,0,0
738370,0,0,0,0,0,0,0
738371,0,0,0,0,0,0,0
738372,0,0,0,0,0,0,0
738373,0,0,0,0,0,0,0
738374,0,0,0,0,0,0,0
738375,0,0,0,0,0,0,0
738376,0,0,0,0,0,0,0
738377,0,0,0,0,0,0,0
738378,0,0,0,0,0,0,0
738379,0,0,0,0,0,0,0
738380,0,0,0,0,0,0,0
738381,0,0,0,0,0,0,0
738382,0,0,0,0,0,0,0
738383,0,0,0,0,0,0,0
738384,0,0,0,0,0,0,0
738385,0,0,0,0,0,0,0
738386,0,0,0,0,0,0,0
738387,0,0,0,0,0,0,0
738388,0,0,0,0,0,0,0
738389,0,0,0,0,0,0,0
738390,0,0,0,0,0,0,0
738391,0,0,0,0,0,0,0
738392,0,0,0,0,0,0,0
738393,0,0,0,0,0,0,0
738394,0,0,0,0,0,0,0
738395,0,0,0,0,0,0,0
738396,0,0,0,0,0,0,0
738397,353,2,3480,9721,1,0,0
738398,65535,255,5299,9481,0,0,0
738399,65535,255,4899,-7170,0,0,0
738400,0,0,0,0,0,0,0
738401,613,0,199,-6764,1,0,1
738402,567,0,2680,9829,1,0,1
738403,1353,2,4779,9539,1,0,1
738404,65535,255,5374,-7077,0,0,0
738405,65535,255,3706,-7384,0,0,0
738406,421,0,1190,-7544,1,0,1
738407,685,0,1783,10001,1,0,1
738408,65535,255,4176,9610,0,0,0
738409,65535,255,5748,9339,0,0,0
738410,1396,0,4348,-7263,1,0,1
738411,2029,0,2129,-7567,1,0,1
738412,65535,255,807,9934,0,0,0
738413,65535,255,3476,9713,0,0,0
738414,1180,2,5296,9476,1,0,1
738415,65535,255,4899,-7175,0,0,0
738416,65535,255,2970,-7573,0,0,0
738417,2137,0,203,-7272,1,0,1
738418,490,0,2680,9877,1,0,1
738419,542,0,4779,9569,1,0,1
738420,1866,0,5375,-7105,1,0,1
738421,65535,255,3710,-7439,0,0,0
738422,65535,255,1196,-7767,0,0,0
738423,65535,255,1783,9891,0,0,0
738424,542,0,4176,9685,1,0,1
738425,1452,0,5746,9386,1,0,1
738426,1258,0,4348,-7342,1,0,1
738427,1010,0,2124,-7537,1,0,1
738428,65535,255,813,9896,0,0,0
738429,687,0,3481,9713,1,0,1
738430,1587,0,5297,9482,1,0,1
738431,1003,0,4896,-7187,1,0,1
738432,590,0,2965,-7447,1,0,1
738433,65535,255,196,-7932,0,0,0
738434,65535,255,2680,9936,0,0,0
738435,65535,255,4781,9560,0,0,0
738436,65535,255,5369,-7067,0,0,0
738437,1036,0,3702,-7384,1,0,1
738438,65535,255,1184,-7599,0,0,0
738439,65535,255,1789,10043,0,0,0
738440,264,2,4180,9664,1,0,1
738441,65535,255,5751,9378,0,0,0
738442,435,0,4341,-7343,1,0,0
738443,868,2,2113,-7507,1,0,1
738444,714,2,818,10018,1,0,1
738445,483,0,3481,9783,1,0,0
738446,1004,0,5297,9467,1,0,1
738447,608,0,4896,-7191,1,0,1
738448,1137,0,2969,-7499,1,0,1
738449,457,0,203,-7112,1,0,1
738450,603,0,2670,9927,1,0,1
738451,543,0,4774,9535,1,0,1
738452,65535,255,5379,-7103,0,0,0
738453,777,0,3715,-7358,1,0,1
738454,65535,255,1208,-7657,0,0,0
738455,65535,255,1760,9914,0,0,0
738456,65535,255,4161,9627,0,0,0
738457,609,0,5735,9382,1,0,1
738458,823,0,4362,-7267,1,0,1
738459,65535,255,2157,-7684,0,0,0
738460,65535,255,777,9896,0,0,0
738461,326,0,3450,9771,1,0,1
738462,732,2,5279,9467,1,0,0
738463,1233,0,4918,-7198,1,0,1
738464,65535,255,2999,-7527,0,0,0
738465,1364,0,243,-7782,1,0,1
738466,325,0,2640,9813,1,0,1
738467,668,0,4752,9575,1,0,1
738468,65535,255,5394,-7070,0,0,0
738469,947,0,3743,-7440,1,0,1
738470,65535,255,1242,-7545,0,0,0
738471,65535,255,1733,9879,0,0,0
738472,580,2,4139,9624,1,0,1
738473,824,0,5723,9382,1,0,1
738474,1114,0,4383,-7277,1,0,1
738475,65535,255,2178,-7502,0,0,0
738476,463,0,748,10113,1,0,1
738477,813,0,3429,9818,1,0,1
738478,607,0,5266,9501,1,0,1
738479,65535,255,4942,-7220,0,0,0
738480,1525,0,3032,-7455,1,0,1
738481,65535,255,278,-7550,0,0,0
738482,65535,255,2614,9834,0,0,0
738483,726,0,4739,9527,1,0,1
738484,731,0,5405,-7058,1,0,1
738485,569,0,3759,-7459,1,0,1
738486,65535,255,1264,-7710,0,0,0
738487,65535,255,1716,10085,0,0,0
738488,65535,255,4135,9625,0,0,0
738489,65535,255,5723,9337,0,0,0
738490,910,0,4386,-7275,1,0,1
738491,1766,0,2183,-7493,1,0,1
738492,65535,255,748,10286,0,0,0
738493,872,0,3437,9759,1,0,1
738494,65535,255,5271,9494,0,0,0
738495,65535,255,4927,-7184,0,0,0
738496,52,2,3013,-7562,1,0,0
738497,65535,255,253,-6868,0,0,0
738498,0,0,0,0,0,0,0
738499,868,0,4754,9545,1,0,1
738500,65535,255,5394,-7057,0,0,0
738501,0,0,0,0,0,0,0
738502,65535,255,1230,-7795,0,0,0
738503,461,0,1749,9873,1,0,1
738504,931,0,4153,9659,1,0,1
738505,1048,0,5735,9362,1,0,1
738506,65535,255,4369,-7296,0,0,0
738507,65535,255,2151,-7614,0,0,0
738508,65535,255,783,10019,0,0,0
738509,65535,255,3463,9713,0,0,0
738510,926,0,5289,9472,1,0,1
738511,767,0,4908,-7166,1,0,1
738512,65535,255,2984,-7544,0,0,0
738513,65535,255,214,-6534,0,0,0
738514,0,0,0,0,0,0,0
738515,0,0,0,0,0,0,0
738516,1158,0,5378,-7069,1,0,1
738517,744,0,3711,-7370,1,0,1
738518,65535,255,1195,-7711,0,0,0
738519,65535,255,1782,9982,0,0,0
738520,65535,255,4179,9689,0,0,0
738521,65535,255,5754,9332,0,0,0
