sdate,line_t,line_tmq,line_tvza,line_tvaa,line_tm2,line_QFDNB,line_tm_buf
735235,244,0,4555,9848,1,0,1
735236,211,0,6320,9765,1,0,1
735237,65535,255,5691,-8021,0,0,0
735238,143,0,3461,-8027,1,0,1
735239,236,0,175,10769,1,0,1
735240,156,0,3711,9883,1,0,1
735241,152,0,5840,9779,1,0,1
735242,124,0,6190,-8004,1,0,1
735243,149,0,4348,-8075,1,0,1
735244,65535,255,1141,-7980,0,0,0
735245,165,0,2697,9788,1,0,1
735246,168,0,5269,9807,1,0,1
735247,125,0,6611,-7976,1,0,1
735248,180,0,5071,-8032,1,0,1
735249,147,0,2370,-8166,1,0,1
735250,166,0,1512,9771,1,0,1
735251,65535,255,4575,9810,0,0,0
735252,121,0,6326,9801,1,0,1
735253,91,0,5683,-8019,1,0,1
735254,137,0,3453,-8097,1,0,1
735255,156,0,180,9267,1,0,1
735256,191,0,3712,9811,1,0,1
735257,65535,255,5836,9809,0,0,0
735258,142,0,6193,-8009,1,0,1
735259,65535,255,4355,-8009,0,0,0
735260,65535,255,1169,-8125,0,0,0
735261,0,0,0,0,0,0,0
735262,151,0,5249,9827,1,0,1
735263,65535,255,6624,-7982,0,0,0
735264,130,0,5096,-8042,1,0,0
735265,141,0,2413,-8160,1,0,1
735266,146,0,1456,9950,1,0,1
735267,200,0,4538,9861,1,0,1
735268,203,0,6306,9780,1,0,1
735269,131,0,5703,-7996,1,0,1
735270,65535,255,3491,-8070,0,0,0
735271,162,0,130,8520,1,0,0
735272,65535,255,3672,9803,0,0,0
735273,0,0,0,0,0,0,0
735274,65535,255,6210,-7972,0,0,0
735275,65535,255,4385,-8028,0,0,1
735276,65535,255,1220,-8233,0,0,0
735277,136,0,2623,9896,1,0,1
735278,65535,255,5227,9777,0,0,0
735279,154,0,6637,-7958,1,0,1
735280,181,0,5119,-7999,1,0,1
735281,65535,255,2454,-8097,0,0,0
735282,65535,255,1411,9835,0,0,0
735283,161,0,4508,9837,1,0,1
735284,235,0,6291,9768,1,0,0
735285,65535,255,5723,-7991,0,0,0
735286,238,0,3521,-8061,1,0,1
735287,65535,255,84,8153,0,0,0
735288,152,0,3639,9820,1,0,1
735289,181,0,5796,9819,1,0,1
735290,148,0,6225,-7982,1,0,0
735291,65535,255,4409,-8033,0,0,0
735292,65535,255,1260,-8227,0,0,0
735293,188,0,2588,9885,1,0,1
735294,173,0,5201,9849,1,0,1
735295,184,0,6650,-7996,1,0,1
735296,65535,255,5142,-8060,0,0,0
735297,65535,255,2493,-8033,0,0,0
735298,65535,255,1367,9687,0,0,0
735299,206,0,4484,9793,1,0,1
735300,0,0,0,0,0,0,0
735301,65535,255,5742,-8021,0,0,0
735302,65535,255,3559,-8111,0,0,0
735303,65535,255,34,9549,0,0,0
735304,65535,255,3606,9846,0,0,0
735305,210,0,5777,9807,1,0,1
735306,218,0,6240,-7993,1,0,1
735307,65535,255,4439,-8064,0,0,0
735308,65535,255,1299,-7993,0,0,0
735309,65535,255,2555,9787,0,0,0
735310,246,0,5181,9814,1,0,1
735311,65535,255,6663,-7983,0,0,1
735312,141,0,5162,-8050,1,0,1
735313,65535,255,2528,-8020,0,0,0
735314,0,0,0,0,0,0,0
735315,0,0,0,0,0,0,0
735316,0,0,0,0,0,0,0
735317,0,0,0,0,0,0,0
735318,149,0,3580,-8051,1,0,1
735319,65535,255,37,807,0,0,0
735320,65535,255,3584,9812,0,0,0
735321,65535,255,5764,9824,0,0,0
735322,0,0,0,0,0,0,0
735323,205,0,4456,-8070,1,0,1
735324,136,0,1333,-8070,1,0,1
735325,215,0,2529,9849,1,0,1
735326,184,0,5169,9850,1,0,1
735327,65535,255,6670,-7960,0,0,0
735328,187,0,5173,-8018,1,0,1
735329,65535,255,2553,-8170,0,0,0
735330,65535,255,1304,10039,0,0,0
735331,65535,255,4446,9807,0,0,0
735332,65535,255,6254,9806,0,0,0
735333,65535,255,5765,-7994,0,0,0
735334,65535,255,3597,-8093,0,0,0
735335,116,0,26,-10341,1,0,1
735336,154,0,3567,9889,1,0,1
735337,65535,255,5759,9803,0,0,0
735338,142,0,6258,-7984,1,0,1
735339,196,0,4469,-8070,1,0,1
735340,201,0,1349,-8120,1,0,1
735341,65535,255,2514,9912,0,0,0
735342,219,2,5166,9804,1,0,1
735343,65535,255,6674,9766,0,0,0
735344,65535,255,5181,-7998,0,0,0
735345,65535,255,2562,-8132,0,0,0
735346,65535,255,1293,10040,0,0,0
735347,65535,255,4443,9819,0,0,0
735348,198,0,6256,9773,1,0,1
735349,147,0,5770,-8019,1,0,1
735350,65535,255,3601,-8025,0,0,0
735351,65535,255,39,-2923,0,0,0
735352,99,0,3567,9855,1,0,1
735353,65535,255,5758,9795,0,0,0
735354,65535,255,6261,-7984,0,0,0
735355,175,0,4469,-8082,1,0,1
735356,0,0,0,0,0,0,0
735357,142,0,2519,9775,1,0,1
735358,185,0,5165,9840,1,0,1
735359,0,0,0,0,0,0,0
735360,65535,255,5181,-8049,0,0,0
735361,65535,255,2557,-8107,0,0,0
735362,65535,255,1298,10016,0,0,0
735363,65535,255,4450,9826,0,0,0
735364,65535,255,6257,9785,0,0,0
735365,65535,255,5767,-8045,0,0,0
735366,65535,255,3597,-8093,0,0,0
735367,65535,255,38,-14228,0,0,0
735368,65535,255,3576,9830,0,0,0
735369,159,0,5766,9791,1,0,1
735370,65535,255,6255,-7992,0,0,0
735371,65535,255,4459,-8007,0,0,0
735372,65535,255,1327,-7969,0,0,0
735373,65535,255,2534,9888,0,0,0
735374,65535,255,5174,9815,0,0,0
735375,65535,255,6669,-7963,0,0,0
735376,65535,255,5170,-8054,0,0,0
735377,65535,255,2538,-8146,0,0,0
735378,65535,255,1326,9761,0,0,0
735379,195,0,4463,9776,1,0,1
735380,0,0,0,0,0,0,0
735381,0,0,0,0,0,0,0
735382,0,0,0,0,0,0,0
735383,0,0,0,0,0,0,0
735384,65535,255,3597,9863,0,0,0
735385,65535,255,5776,9816,0,0,0
735386,65535,255,6245,-8019,0,0,0
735387,65535,255,4442,-8070,0,0,0
735388,65535,255,1302,-8090,0,0,0
735389,65535,255,2559,9875,0,0,0
735390,65535,255,5189,9819,0,0,0
735391,65535,255,6658,-7970,0,0,0
735392,164,0,5151,-7998,1,0,1
735393,179,0,2503,-8019,1,0,1
735394,65535,255,1360,9935,0,0,0
735395,65535,255,4484,9838,0,0,0
735396,65535,255,6276,9808,0,0,0
735397,65535,255,5739,-8016,0,0,0
735398,65535,255,3546,-8077,0,0,0
735399,157,2,75,5904,1,0,1
735400,170,0,3623,9880,1,0,0
735401,165,0,5790,9821,1,0,1
735402,175,2,6228,-7982,1,0,1
735403,176,0,4412,-8014,1,0,0
735404,65535,255,1259,-8069,0,0,0
735405,65535,255,2599,9788,0,0,0
735406,194,0,5213,9793,1,0,0
735407,184,0,6642,-7957,1,0,0
735408,65535,255,5128,-8065,0,0,0
735409,148,0,2464,-8007,1,0,1
735410,65535,255,1406,9955,0,0,0
735411,168,0,4508,9844,1,0,1
735412,186,0,6291,9793,1,0,1
735413,189,0,5718,-8038,1,0,1
735414,65535,255,3511,-8088,0,0,0
735415,65535,255,103,9795,0,0,0
735416,150,0,3659,9821,1,0,0
735417,65535,255,5810,9811,0,0,0
735418,204,0,6209,-7993,1,0,1
735419,65535,255,4379,-8002,0,0,0
735420,65535,255,1203,-8067,0,0,0
735421,65535,255,2643,9801,0,0,0
735422,190,0,5236,9803,1,0,1
735423,65535,255,6627,-7968,0,0,0
735424,65535,255,5097,-8009,0,0,0
735425,65535,255,2414,-8084,0,0,1
735426,164,0,1462,9769,1,0,1
735427,65535,255,4545,9806,0,0,0
735428,65535,255,6310,9799,0,0,0
735429,109,2,5694,-8022,1,0,0
735430,65535,255,3466,-8104,0,0,0
735431,65535,255,168,9426,0,0,0
735432,160,0,3704,9781,1,0,1
735433,181,0,5832,9785,1,0,1
735434,65535,255,6195,-7998,0,0,0
735435,65535,255,4358,-8046,0,0,0
735436,65535,255,1175,-8237,0,0,0
735437,65535,255,2662,9861,0,0,0
735438,182,0,5244,9829,1,0,0
735439,65535,255,6623,-7978,0,0,0
735440,65535,255,5097,-8020,0,0,0
735441,65535,255,2414,-8111,0,0,0
735442,100,0,1456,9791,1,0,1
735443,65535,255,4538,9807,0,0,0
735444,65535,255,6304,9799,0,0,0
735445,65535,255,5704,-8013,0,0,0
735446,205,0,3491,-8078,1,0,1
735447,65535,255,130,8524,0,0,0
735448,179,0,3671,9789,1,0,1
735449,65535,255,5815,9794,0,0,0
735450,65535,255,6210,-8009,0,0,0
735451,159,2,4385,-8078,1,0,1
735452,65535,255,1214,-7986,0,0,1
735453,65535,255,2633,9765,0,0,0
735454,65535,255,5229,9794,0,0,0
735455,65535,255,6637,-7961,0,0,1
735456,211,0,5117,-7998,1,0,1
735457,188,0,2453,-8070,1,0,1
735458,82,2,1417,9743,1,0,1
735459,145,2,4514,9807,1,0,1
735460,190,0,6293,9800,1,0,1
735461,119,2,5722,-8020,1,0,1
735462,131,2,3520,-8111,1,0,1
735463,65535,255,86,9778,0,0,0
735464,121,0,3647,9838,1,0,1
735465,181,0,5801,9824,1,0,1
735466,141,0,6223,-7986,1,0,1
735467,65535,255,4405,-8045,0,0,0
735468,207,0,1244,-7979,1,0,1
735469,78,0,2603,9936,1,0,1
735470,65535,255,5215,9789,0,0,0
735471,65535,255,6646,-7963,0,0,0
735472,65535,255,5133,-8013,0,0,0
735473,186,0,2478,-8121,1,0,1
735474,160,0,1388,9885,1,0,1
735475,164,0,4500,9851,1,0,1
735476,65535,255,6285,9778,0,0,0
735477,65535,255,5732,-7998,0,0,0
735478,65535,255,3537,-8085,0,0,0
735479,65535,255,64,8701,0,0,1
735480,82,2,3631,9838,1,0,1
735481,92,2,5792,9821,1,0,1
735482,117,0,6231,-7996,1,0,1
735483,65535,255,4422,-8070,0,0,0
735484,160,2,1265,-8042,1,0,1
735485,198,0,2588,9826,1,0,1
735486,65535,255,5203,9835,0,0,0
735487,65535,255,6652,-7998,0,0,0
735488,60,2,5141,-8004,1,0,1
735489,116,2,2493,-8096,1,0,1
735490,65535,255,1371,9861,0,0,0
735491,240,2,4490,9851,1,0,1
735492,65535,255,6281,9785,0,0,0
735493,65535,255,5738,-8015,0,0,0
735494,180,0,3550,-8127,1,0,1
735495,238,0,55,12165,1,0,1
735496,279,0,3624,9824,1,0,1
735497,190,0,5790,9804,1,0,1
735498,65535,255,6233,-7977,0,0,0
735499,174,0,4425,-8051,1,0,1
735500,65535,255,1276,-7991,0,0,0
735501,65535,255,2579,9826,0,0,0
735502,65535,255,5200,9841,0,0,0
735503,65535,255,6653,-7956,0,0,1
735504,192,0,5144,-8018,1,0,1
735505,65535,255,2497,-8157,0,0,0
735506,180,0,1371,9701,1,0,1
735507,144,0,4487,9814,1,0,1
735508,89,2,6279,9767,1,0,1
735509,181,0,5737,-8002,1,0,1
735510,133,2,3550,-8118,1,0,1
735511,65535,255,53,12975,0,0,0
735512,65535,255,3623,9789,0,0,1
735513,125,0,5788,9821,1,0,1
735514,64,2,6231,-7999,1,0,1
735515,189,2,4419,-8014,1,0,1
735516,65535,255,1271,-8226,0,0,0
735517,65535,255,2584,9765,0,0,0
735518,250,0,5200,9825,1,0,1
735519,65535,255,6650,-7953,0,0,0
735520,84,0,5139,-8023,1,0,1
735521,190,0,2484,-8006,1,0,1
735522,139,0,1377,9789,1,0,1
735523,65535,255,4491,9858,0,0,1
735524,203,0,6281,9801,1,0,1
735525,65535,255,5730,-7985,0,0,0
735526,270,0,3538,-8093,1,0,1
735527,221,0,68,12219,1,0,1
735528,252,0,3636,9805,1,0,1
735529,65535,255,5796,9774,0,0,0
735530,65535,255,6224,-7975,0,0,0
735531,65535,255,4409,-8057,0,0,0
735532,212,0,1248,-8121,1,0,1
735533,65535,255,2601,9826,0,0,0
735534,65535,255,5212,9831,0,0,0
735535,65535,255,6642,-7966,0,0,0
735536,65535,255,5125,-8054,0,0,0
735537,134,2,2464,-8121,1,0,1
735538,65535,255,1404,9746,0,0,0
735539,65535,255,4508,9845,0,0,0
735540,231,2,6291,9801,1,0,1
735541,65535,255,5718,-7998,0,0,0
735542,65535,255,3508,-8007,0,0,0
735543,65535,255,105,8837,0,0,0
735544,204,0,3656,9895,1,0,1
735545,65535,255,5808,9830,0,0,0
735546,65535,255,6211,-7969,0,0,0
735547,106,0,4386,-8076,1,0,1
735548,65535,255,1212,-8113,0,0,0
735549,127,0,2638,9863,1,0,1
735550,176,0,5233,9815,1,0,1
735551,65535,255,6629,-7963,0,0,0
735552,237,0,5103,-8065,1,0,1
735553,65535,255,2420,-7991,0,0,0
735554,160,0,1451,9885,1,0,1
735555,65535,255,4539,9820,0,0,0
735556,177,0,6309,9800,1,0,1
735557,65535,255,5696,-8011,0,0,0
735558,128,0,3470,-8007,1,0,1
735559,65535,255,152,8941,0,0,0
735560,161,0,3684,9887,1,0,0
735561,65535,255,5822,9821,0,0,0
735562,194,0,6203,-8015,1,0,1
735563,65535,255,4372,-8051,0,0,0
735564,65535,255,1197,-8178,0,0,0
735565,65535,255,2643,9802,0,0,0
735566,204,0,5235,9785,1,0,1
735567,88,2,6632,-7989,1,0,1
735568,65535,255,5108,-8023,0,0,0
735569,149,0,2439,-8069,1,0,1
735570,160,0,1428,10002,1,0,1
735571,65535,255,4521,9846,0,0,0
735572,65535,255,6296,9809,0,0,0
735573,65535,255,5715,-8010,0,0,0
735574,65535,255,3508,-8050,0,0,0
735575,142,0,102,11438,1,0,1
735576,65535,255,3656,9847,0,0,0
735577,65535,255,5805,9813,0,0,0
735578,65535,255,6220,-8018,0,0,0
735579,65535,255,4399,-8076,0,0,0
735580,65535,255,1237,-7933,0,0,0
735581,140,0,2608,9913,1,0,1
735582,204,0,5215,9841,1,0,1
735583,65535,255,6644,-7988,0,0,0
735584,199,0,5127,-8032,1,0,1
735585,65535,255,2468,-8133,0,0,0
735586,183,0,1400,9839,1,0,1
735587,182,0,4504,9821,1,0,1
735588,65535,255,6287,9806,0,0,0
735589,158,0,5729,-8022,1,0,1
735590,172,0,3529,-8109,1,0,1
735591,180,0,76,8888,1,0,1
735592,163,0,3640,9823,1,0,1
735593,201,0,5797,9814,1,0,1
735594,194,0,6227,-7972,1,0,1
735595,65535,255,4412,-8012,0,0,0
735596,199,0,1254,-8147,1,0,1
735597,194,0,2598,9851,1,0,1
735598,172,0,5209,9837,1,0,1
735599,65535,255,6648,-7991,0,0,0
735600,65535,255,5136,-8053,0,0,0
735601,170,0,2478,-8004,1,0,1
735602,65535,255,1383,10000,0,0,0
735603,199,0,4501,9790,1,0,1
735604,154,0,6285,9795,1,0,1
735605,65535,255,5732,-8022,0,0,0
735606,130,0,3537,-8126,1,0,1
735607,154,0,70,11173,1,0,1
735608,180,0,3635,9873,1,0,1
735609,65535,255,5797,9784,0,0,0
735610,65535,255,6229,-8014,0,0,0
735611,169,0,4412,-8005,1,0,1
735612,65535,255,1259,-8172,0,0,0
735613,148,0,2598,9901,1,0,1
735614,150,0,5212,9786,1,0,1
735615,119,0,6646,-7968,1,0,1
735616,159,0,5133,-8027,1,0,1
735617,176,0,2475,-8056,1,0,0
735618,65535,255,1395,10030,0,0,0
735619,179,0,4504,9803,1,0,1
735620,65535,255,6287,9810,0,0,0
735621,163,0,5729,-8044,1,0,1
735622,65535,255,3524,-8006,0,0,0
735623,165,0,75,10647,1,0,1
735624,160,0,3639,9848,1,0,1
735625,65535,255,5798,9823,0,0,0
735626,161,0,6224,-7979,1,0,1
735627,203,0,4408,-8024,1,0,1
735628,179,0,1254,-8173,1,0,1
735629,150,2,2598,9864,1,0,1
735630,65535,255,5211,9832,0,0,0
735631,65535,255,6647,-7987,0,0,0
735632,65535,255,5134,-8047,0,0,0
735633,65535,255,2473,-7991,0,0,0
735634,65535,255,1388,9983,0,0,0
735635,139,0,4501,9809,1,0,1
735636,177,0,6286,9803,1,0,1
735637,141,0,5727,-8031,1,0,1
735638,65535,255,3525,-7997,0,0,0
735639,65535,255,78,11494,0,0,0
735640,65535,255,3636,9882,0,0,0
735641,65535,255,5798,9788,0,0,0
735642,137,0,6224,-8013,1,0,1
735643,161,0,4405,-8005,1,0,1
735644,65535,255,1248,-8173,0,0,0
735645,160,0,2603,9889,1,0,1
735646,218,0,5215,9781,1,0,1
735647,65535,255,6642,-7964,0,0,0
735648,65535,255,5125,-8022,0,0,0
735649,200,0,2464,-8158,1,0,1
735650,150,0,1400,10006,1,0,1
735651,203,0,4508,9797,1,0,1
735652,167,0,6290,9810,1,0,1
735653,174,0,5718,-7979,1,0,1
735654,65535,255,3512,-8066,0,0,1
735655,175,2,93,9062,1,0,1
735656,65535,255,3652,9857,0,0,0
735657,65535,255,5805,9788,0,0,0
735658,65535,255,6213,-7968,0,0,0
735659,65535,255,4388,-8043,0,0,0
735660,189,0,1220,-8010,1,0,1
735661,65535,255,2628,9865,0,0,0
735662,65535,255,5230,9791,0,0,0
735663,65535,255,6632,-7981,0,0,0
735664,189,0,5109,-8034,1,0,1
735665,65535,255,2434,-8133,0,0,0
735666,183,0,1437,9820,1,0,1
735667,0,0,0,0,0,0,0
735668,65535,255,6305,9787,0,0,0
735669,65535,255,5704,-8040,0,0,0
735670,65535,255,3483,-8084,0,0,0
735671,217,0,141,8867,1,0,1
735672,65535,255,3680,9816,0,0,0
735673,65535,255,5815,9818,0,0,0
735674,65535,255,6207,-7979,0,0,0
735675,65535,255,4382,-8036,0,0,0
735676,65535,255,1216,-7981,0,0,0
735677,65535,255,2626,9830,0,0,0
735678,225,0,5224,9801,1,0,1
735679,65535,255,6637,-7974,0,0,0
735680,201,0,5122,-8037,1,0,1
735681,65535,255,2459,-8003,0,0,0
735682,65535,255,1401,9696,0,0,0
735683,65535,255,4501,9816,0,0,0
735684,207,2,6285,9793,1,0,1
735685,65535,255,5727,-7996,0,0,0
735686,65535,255,3538,-8091,0,0,0
735687,65535,255,58,10851,0,0,0
735688,181,0,3623,9900,1,0,1
735689,248,0,5788,9806,1,0,1
735690,0,0,0,0,0,0,0
735691,157,0,4426,-8080,1,0,1
735692,172,0,1282,-8170,1,0,1
735693,65535,255,2569,9940,0,0,0
735694,65535,255,5192,9818,0,0,0
735695,65535,255,6657,-7947,0,0,1
735696,178,0,5153,-8015,1,0,1
735697,65535,255,2513,-8004,0,0,0
735698,65535,255,1343,9814,0,0,0
735699,185,0,4470,9873,1,0,1
735700,65535,255,6267,9811,0,0,0
735701,65535,255,5751,-7995,0,0,0
735702,215,0,3568,-8017,1,0,1
735703,0,0,0,0,0,0,0
735704,115,0,3593,9867,1,0,1
735705,174,0,5771,9807,1,0,1
735706,188,0,6247,-8000,1,0,1
735707,199,0,4449,-8022,1,0,1
735708,0,0,0,0,0,0,0
735709,229,0,2539,9916,1,0,1
735710,0,0,0,0,0,0,0
735711,65535,255,6668,-7966,0,0,0
735712,65535,255,5168,-8036,0,0,0
735713,65535,255,2538,-7980,0,0,0
735714,65535,255,1315,9839,0,0,0
735715,65535,255,4457,9804,0,0,0
735716,0,0,0,0,0,0,0
735717,65535,255,5760,-7986,0,0,0
735718,170,0,3588,-8005,1,0,1
735719,65535,255,15,-1605,0,0,0
735720,65535,255,3580,9791,0,0,0
735721,65535,255,5766,9785,0,0,0
735722,65535,255,6253,-7992,0,0,0
735723,65535,255,4459,-8029,0,0,0
735724,0,0,0,0,0,0,0
735725,65535,255,2529,9803,0,0,0
735726,65535,255,5172,9798,0,0,0
735727,65535,255,6671,-7956,0,0,0
735728,0,0,0,0,0,0,0
735729,65535,255,2547,-7992,0,0,0
735730,173,0,1309,9941,1,0,1
735731,65535,255,4450,9842,0,0,0
735732,65535,255,6258,9815,0,0,0
735733,0,0,0,0,0,0,0
735734,152,0,3593,-8114,1,0,0
735735,65535,255,14,-5005,0,0,0
735736,65535,255,3580,9816,0,0,0
735737,181,0,5763,9807,1,0,0
735738,65535,255,6253,-7982,0,0,0
735739,65535,255,4456,-8018,0,0,0
735740,65535,255,1332,-8066,0,0,0
735741,65535,255,2534,9804,0,0,0
735742,184,0,5172,9808,1,0,1
735743,65535,255,6669,-7972,0,0,1
735744,190,0,5170,-8019,1,0,1
735745,65535,255,2542,-8117,0,0,0
735746,0,0,0,0,0,0,0
735747,0,0,0,0,0,0,0
735748,65535,255,6261,9816,0,0,0
735749,65535,255,5758,-8041,0,0,0
735750,237,0,3580,-8013,1,0,1
735751,65535,255,21,-16957,0,0,0
735752,65535,255,3589,9876,0,0,0
735753,233,0,5771,9781,1,0,1
735754,65535,255,6248,-8004,0,0,0
735755,0,0,0,0,0,0,0
735756,65535,255,1310,-8040,0,0,0
735757,65535,255,2549,9804,0,0,0
735758,65535,255,5181,9818,0,0,0
735759,65535,255,6662,-7982,0,0,0
735760,65535,255,5159,-8045,0,0,0
735761,65535,255,2518,-8004,0,0,0
735762,65535,255,1338,10039,0,0,0
735763,114,0,4470,9792,1,0,1
735764,65535,255,6268,9800,0,0,0
735765,182,0,5747,-8029,1,0,1
735766,65535,255,3559,-8004,0,0,0
735767,65535,255,39,14260,0,0,0
735768,65535,255,3606,9892,0,0,0
735769,65535,255,5781,9794,0,0,0
735770,65535,255,6236,-7966,0,0,0
735771,125,0,4429,-8023,1,0,0
735772,150,2,1288,-8248,1,0,0
735773,65535,255,2569,9928,0,0,0
735774,173,2,5195,9797,1,0,1
735775,65535,255,6652,-7972,0,0,1
735776,245,2,5142,-8035,1,0,1
735777,65535,255,2488,-7991,0,0,0
735778,65535,255,1375,9848,0,0,0
735779,65535,255,4491,9804,0,0,0
735780,65535,255,6279,9811,0,0,0
735781,65535,255,5730,-7982,0,0,0
735782,65535,255,3533,-8030,0,0,0
735783,65535,255,57,9700,0,0,0
735784,65535,255,3627,9791,0,0,0
735785,65535,255,5791,9777,0,0,0
735786,174,2,6228,-7978,1,0,1
735787,65535,255,4417,-8067,0,0,0
735788,65535,255,1265,-7934,0,0,0
735789,65535,255,2584,9891,0,0,0
735790,65535,255,5201,9823,0,0,0
735791,99,0,6649,-7966,1,0,1
735792,65535,255,5140,-8021,0,0,0
735793,258,0,2488,-7990,1,0,0
735794,65535,255,1372,9864,0,0,0
735795,65535,255,4488,9811,0,0,0
735796,65535,255,6278,9792,0,0,0
735797,65535,255,5734,-7991,0,0,0
735798,65535,255,3542,-8022,0,0,0
735799,65535,255,52,9709,0,0,0
735800,65535,255,3623,9808,0,0,0
735801,65535,255,5786,9794,0,0,0
735802,83,0,6232,-8000,1,0,1
735803,65535,255,4422,-8041,0,0,0
735804,65535,255,1276,-8170,0,0,0
735805,65535,255,2579,9816,0,0,0
735806,65535,255,5198,9798,0,0,0
735807,65535,255,6650,-7956,0,0,0
735808,65535,255,5142,-8056,0,0,0
735809,65535,255,2496,-8125,0,0,0
735810,65535,255,1366,9864,0,0,0
735811,65535,255,4484,9847,0,0,0
735812,65535,255,6280,9813,0,0,0
735813,65535,255,5730,-8035,0,0,0
735814,187,2,3525,-8126,1,0,1
735815,196,0,92,9424,1,0,1
735816,65535,255,3660,9815,0,0,0
735817,65535,255,5815,9800,0,0,0
735818,65535,255,6205,-7999,0,0,0
735819,152,0,4368,-8095,1,0,1
735820,65535,255,1183,-8075,0,0,0
735821,216,0,2658,9839,1,0,1
735822,184,0,5243,9795,1,0,1
735823,198,0,6628,-7992,1,0,1
735824,143,0,5102,-8023,1,0,1
735825,203,0,2424,-8043,1,0,1
735826,162,0,1445,9931,1,0,1
735827,204,0,4531,9821,1,0,1
735828,65535,255,6304,9790,0,0,0
735829,65535,255,5708,-7980,0,0,0
735830,234,0,3499,-8119,1,0,1
735831,128,2,119,8401,1,0,1
735832,65535,255,3663,9880,0,0,0
735833,245,0,5812,9822,1,0,1
735834,190,0,6215,-8018,1,0,1
735835,65535,255,4392,-8063,0,0,0
735836,160,2,1225,-8229,1,0,1
735837,52,2,2623,9827,1,0,1
735838,65535,255,5226,9796,0,0,0
735839,50,2,6641,-7997,1,0,1
735840,118,2,5122,-8037,1,0,1
735841,66,2,2458,-8107,1,0,1
735842,65535,255,1411,9721,0,0,0
735843,178,2,4510,9865,1,0,1
735844,65535,255,6292,9781,0,0,0
735845,65535,255,5724,-8027,0,0,0
735846,220,0,3524,-8092,1,0,1
735847,65535,255,96,7279,0,0,0
735848,205,0,3644,9880,1,0,0
735849,65535,255,5799,9831,0,0,0
735850,65535,255,6225,-7972,0,0,0
735851,65535,255,4408,-8017,0,0,0
735852,272,0,1248,-7987,1,0,1
735853,221,0,2603,9775,1,0,1
735854,202,0,5212,9834,1,0,1
735855,171,0,6647,-7961,1,0,1
735856,113,0,5136,-8040,1,0,1
735857,177,0,2478,-8072,1,0,1
735858,242,0,1388,9931,1,0,1
735859,65535,255,4501,9806,0,0,0
735860,65535,255,6288,9773,0,0,0
735861,65535,255,5729,-8021,0,0,0
735862,221,0,3528,-8052,1,0,1
735863,65535,255,75,9760,0,0,0
735864,65535,255,3640,9780,0,0,0
735865,307,0,5797,9828,1,0,1
735866,65535,255,6227,-8020,0,0,0
735867,65535,255,4408,-8052,0,0,0
735868,65535,255,1248,-8149,0,0,0
735869,65535,255,2603,9825,0,0,0
735870,65535,255,5215,9788,0,0,0
735871,65535,255,6644,-7993,0,0,0
735872,183,2,5127,-8004,1,0,1
735873,65535,255,2473,-8020,0,0,1
735874,161,0,1388,9932,1,0,1
735875,225,2,4497,9832,1,0,1
735876,65535,255,6282,9803,0,0,0
735877,65535,255,5734,-8008,0,0,0
735878,279,0,3541,-8052,1,0,1
735879,233,0,53,12964,1,0,1
735880,285,0,3618,9854,1,0,1
735881,65535,255,5785,9820,0,0,0
735882,189,0,6237,-7981,1,0,1
735883,261,0,4429,-8014,1,0,1
735884,65535,255,1293,-8096,0,0,0
735885,65535,255,2564,9800,0,0,0
735886,65535,255,5189,9799,0,0,0
735887,65535,255,6660,-7960,0,0,1
735888,129,0,5156,-8044,1,0,1
735889,293,0,2513,-8151,1,0,1
735890,247,0,1355,9831,1,0,1
735891,65535,255,4481,9815,0,0,0
735892,65535,255,6277,9799,0,0,0
735893,65535,255,5737,-8020,0,0,0
735894,254,2,3542,-8090,1,0,1
735895,245,0,70,7298,1,0,1
735896,65535,255,3635,9791,0,0,0
735897,65535,255,5795,9794,0,0,0
735898,65535,255,6225,-8017,0,0,0
735899,65535,255,4403,-8095,0,0,0
735900,223,0,1237,-8046,1,0,1
735901,228,2,2618,9809,1,0,0
735902,65535,255,5224,9814,0,0,0
735903,65535,255,6636,-7969,0,0,0
735904,319,0,5117,-8055,1,0,1
735905,300,0,2450,-8153,1,0,0
735906,332,0,1416,9809,1,0,1
735907,65535,255,4514,9802,0,0,0
735908,65535,255,6294,9787,0,0,0
735909,65535,255,5718,-7995,0,0,0
735910,254,0,3512,-8030,1,0,1
735911,254,0,92,10495,1,0,1
735912,65535,255,3651,9834,0,0,0
735913,217,0,5803,9811,1,0,1
735914,65535,255,6221,-8024,0,0,0
735915,65535,255,4403,-8095,0,0,0
735916,65535,255,1231,-8050,0,0,0
735917,242,0,2613,9805,1,0,1
735918,333,0,5218,9811,1,0,1
735919,311,0,6643,-7978,1,0,1
735920,247,0,5128,-8032,1,0,0
735921,287,2,2474,-8168,1,0,1
735922,65535,255,1388,9948,0,0,0
735923,113,0,4501,9774,1,0,1
735924,306,0,6285,9788,1,0,1
735925,65535,255,5732,-8019,0,0,0
735926,266,2,3538,-8118,1,0,1
735927,280,0,59,11387,1,0,1
735928,186,2,3627,9881,1,0,0
735929,208,0,5791,9791,1,0,1
735930,241,0,6234,-8027,1,0,1
735931,65535,255,4422,-8034,0,0,0
735932,65535,255,1271,-7893,0,0,0
735933,291,0,2579,9781,1,0,1
735934,295,0,5198,9827,1,0,1
735935,65535,255,6655,-8000,0,0,1
735936,65535,255,5147,-8011,0,0,0
735937,211,0,2503,-8154,1,0,1
735938,270,0,1365,9746,1,0,1
735939,282,0,4484,9818,1,0,1
735940,204,0,6276,9770,1,0,1
735941,223,0,5744,-8019,1,0,1
735942,242,0,3554,-8016,1,0,0
735943,240,0,54,5657,1,0,1
735944,253,0,3614,9814,1,0,1
735945,65535,255,5783,9770,0,0,0
735946,65535,255,6240,-8026,0,0,0
735947,65535,255,4432,-8052,0,0,0
735948,248,0,1287,-8102,1,0,1
735949,244,0,2569,9917,1,0,1
735950,226,0,5194,9817,1,0,1
735951,65535,255,6658,-7958,0,0,1
735952,65535,255,5153,-8041,0,0,0
735953,258,0,2508,-8090,1,0,1
735954,270,0,1354,10001,1,0,0
735955,162,0,4480,9831,1,0,1
735956,65535,255,6275,9793,0,0,0
735957,226,0,5743,-7997,1,0,1
735958,220,0,3554,-8015,1,0,1
735959,222,0,42,8049,1,0,1
735960,279,0,3623,9780,1,0,1
735961,183,0,5790,9770,1,0,1
735962,218,0,6237,-7985,1,0,1
735963,244,0,4425,-8012,1,0,1
735964,190,0,1276,-8024,1,0,0
735965,65535,255,2580,9892,0,0,0
735966,65535,255,5204,9814,0,0,0
735967,65535,255,6654,-7987,0,0,1
735968,242,0,5141,-8026,1,0,1
735969,223,0,2488,-8090,1,0,1
735970,231,0,1383,9685,1,0,1
735971,230,0,4501,9769,1,0,1
735972,160,0,6287,9770,1,0,0
735973,185,0,5733,-8049,1,0,1
735974,186,0,3535,-8086,1,0,1
735975,268,0,75,9737,1,0,1
735976,197,0,3643,9814,1,0,1
735977,222,0,5802,9804,1,0,1
735978,246,0,6225,-8019,1,0,1
735979,65535,255,4405,-8091,0,0,0
735980,65535,255,1237,-7994,0,0,0
735981,65535,255,2618,9770,0,0,0
735982,190,0,5223,9792,1,0,1
735983,163,2,6640,-7961,1,0,1
735984,192,0,5122,-8041,1,0,1
735985,221,0,2448,-8052,1,0,1
735986,229,0,1428,9690,1,0,0
735987,241,0,4528,9787,1,0,1
735988,65535,255,6301,9789,0,0,0
735989,159,0,5712,-8010,1,0,1
735990,65535,255,3499,-8084,0,0,0
735991,65535,255,130,8520,0,0,0
735992,225,0,3680,9798,1,0,1
735993,219,0,5821,9800,1,0,1
735994,244,0,6207,-8027,1,0,1
735995,245,0,4371,-8015,1,0,1
735996,211,0,1185,-8159,1,0,1
735997,200,0,2663,9854,1,0,1
735998,198,0,5249,9837,1,0,1
735999,65535,255,6624,-7998,0,0,0
736000,210,0,5090,-8032,1,0,0
736001,65535,255,2404,-8143,0,0,0
736002,65535,255,1467,9876,0,0,0
736003,65535,255,4548,9837,0,0,0
736004,189,0,6313,9763,1,0,1
736005,240,0,5700,-8046,1,0,1
736006,65535,255,3478,-8032,0,0,0
736007,0,0,0,0,0,0,0
736008,247,0,3686,9814,1,0,1
736009,255,0,5824,9787,1,0,1
736010,180,0,6206,-8016,1,0,1
736011,235,0,4375,-8097,1,0,1
736012,262,0,1197,-8102,1,0,1
736013,287,2,2648,9842,1,0,0
736014,244,2,5235,9833,1,0,0
736015,65535,255,6631,-7998,0,0,0
736016,0,0,0,0,0,0,0
736017,65535,255,2429,-8064,0,0,0
736018,272,2,1439,9784,1,0,0
736019,65535,255,4528,9825,0,0,0
736020,65535,255,6302,9766,0,0,0
736021,65535,255,5711,-7993,0,0,0
736022,65535,255,3499,-8075,0,0,0
736023,65535,255,116,9219,0,0,0
736024,235,0,3668,9847,1,0,1
736025,65535,255,5815,9771,0,0,0
736026,165,0,6212,-8012,1,0,1
736027,65535,255,4389,-8103,0,0,0
736028,176,0,1220,-8184,1,0,1
736029,65535,255,2628,9916,0,0,0
736030,242,0,5230,9797,1,0,1
736031,204,0,6635,-7980,1,0,1
736032,65535,255,5114,-8057,0,0,0
736033,65535,255,2444,-8064,0,0,0
736034,65535,255,1428,9830,0,0,0
736035,204,0,4521,9856,1,0,1
736036,65535,255,6299,9793,0,0,0
736037,209,0,5715,-8036,1,0,1
736038,65535,255,3503,-8049,0,0,0
736039,273,0,111,8897,1,0,1
736040,65535,255,3664,9855,0,0,0
736041,222,0,5812,9788,1,0,1
736042,65535,255,6212,-7977,0,0,0
736043,65535,255,4385,-8058,0,0,0
736044,65535,255,1214,-8074,0,0,0
736045,65535,255,2629,9892,0,0,0
736046,65535,255,5230,9803,0,0,0
736047,176,2,6635,-7990,1,0,1
736048,65535,255,5111,-8005,0,0,0
736049,65535,255,2439,-8168,0,0,0
736050,65535,255,1434,9713,0,0,0
736051,238,2,4525,9838,1,0,1
736052,65535,255,6301,9790,0,0,0
736053,65535,255,5711,-8049,0,0,0
736054,156,0,3495,-8093,1,0,1
736055,237,0,124,11142,1,0,1
736056,65535,255,3676,9815,0,0,0
736057,65535,255,5818,9779,0,0,0
736058,65535,255,6206,-7981,0,0,0
736059,65535,255,4375,-8084,0,0,0
736060,65535,255,1197,-8269,0,0,0
736061,314,0,2653,9819,1,0,1
736062,65535,255,5241,9782,0,0,0
736063,65535,255,6627,-7990,0,0,0
736064,244,0,5099,-8015,1,0,1
736065,227,0,2414,-8037,1,0,1
736066,0,0,0,0,0,0,0
736067,219,0,4545,9813,1,0,1
736068,65535,255,6313,9785,0,0,0
736069,197,0,5697,-8020,1,0,1
736070,216,2,3473,-8128,1,0,1
736071,225,0,158,8975,1,0,1
736072,273,0,3704,9767,1,0,1
736073,217,0,5836,9767,1,0,1
736074,65535,255,6195,-7981,0,0,0
736075,65535,255,4354,-8104,0,0,0
736076,65535,255,1157,-7986,0,0,0
736077,65535,255,2683,9902,0,0,0
736078,65535,255,5265,9805,0,0,0
736079,205,0,6615,-7991,1,0,1
736080,288,0,5076,-8031,1,0,1
736081,65535,255,2374,-8117,0,0,0
736082,228,0,1512,9789,1,0,1
736083,65535,255,4575,9800,0,0,0
736084,65535,255,6330,9789,0,0,0
736085,267,0,5678,-8042,1,0,1
736086,0,0,0,0,0,0,0
736087,65535,255,208,8535,0,0,0
736088,65535,255,3724,9863,0,0,0
736089,262,0,5845,9809,1,0,1
736090,0,0,0,0,0,0,0
736091,201,0,4344,-8052,1,0,1
736092,289,0,1151,-8160,1,0,1
736093,272,0,2688,9807,1,0,1
736094,270,0,5261,9787,1,0,1
736095,291,0,6621,-7997,1,0,1
736096,250,0,5090,-8036,1,0,1
736097,65535,255,2399,-8116,0,0,1
736098,65535,255,1479,9740,0,0,0
736099,0,0,0,0,0,0,0
736100,65535,255,6317,9775,0,0,0
736101,65535,255,5700,-8045,0,0,0
736102,65535,255,3478,-8136,0,0,0
736103,65535,255,144,9573,0,0,0
736104,240,0,3691,9807,1,0,1
736105,0,0,0,0,0,0,0
736106,282,0,6204,-8007,1,0,1
736107,65535,255,4374,-8058,0,0,0
736108,65535,255,1198,-8295,0,0,0
736109,65535,255,2648,9891,0,0,0
736110,65535,255,5240,9833,0,0,0
736111,65535,255,6631,-7983,0,0,0
736112,65535,255,5110,-8030,0,0,0
736113,0,0,0,0,0,0,0
736114,65535,255,1439,9808,0,0,0
736115,268,0,4531,9813,1,0,1
736116,65535,255,6303,9797,0,0,0
736117,0,0,0,0,0,0,0
736118,0,0,0,0,0,0,0
736119,65535,255,121,8129,0,0,0
736120,65535,255,3668,9783,0,0,0
736121,65535,255,5814,9788,0,0,0
736122,65535,255,6215,-8007,0,0,0
736123,65535,255,4392,-8071,0,0,0
736124,76,0,1220,-7938,1,0,1
736125,0,0,0,0,0,0,0
736126,206,0,5226,9783,1,0,1
736127,126,0,6639,-7960,1,0,1
736128,125,2,5122,-8076,1,0,0
736129,65535,255,2453,-8050,0,0,0
736130,0,0,0,0,0,0,0
736131,65535,255,4514,9795,0,0,0
736132,65535,255,6294,9798,0,0,0
736133,65535,255,5722,-8022,0,0,0
736134,65535,255,3520,-8109,0,0,0
736135,65535,255,93,9417,0,0,0
736136,65535,255,3648,9832,0,0,0
736137,62,2,5803,9823,1,0,1
736138,49,2,6222,-7987,1,0,1
736139,65535,255,4402,-8045,0,0,0
736140,65535,255,1237,-7886,0,0,0
736141,65535,255,2614,9747,0,0,0
736142,65535,255,5218,9793,0,0,0
736143,65535,255,6643,-7969,0,0,0
736144,65535,255,5127,-8025,0,0,0
736145,65535,255,2468,-8140,0,0,0
736146,65535,255,1394,9926,0,0,0
736147,65535,255,4504,9857,0,0,0
736148,65535,255,6289,9779,0,0,0
736149,65535,255,5725,-8009,0,0,0
736150,227,0,3525,-8091,1,0,1
736151,252,0,81,9342,1,0,1
736152,155,0,3640,9840,1,0,1
736153,249,0,5800,9767,1,0,1
736154,65535,255,6224,-8003,0,0,0
736155,65535,255,4405,-8083,0,0,0
736156,0,0,0,0,0,0,0
736157,93,2,2604,9844,1,0,0
736158,65535,255,5210,9839,0,0,0
736159,65535,255,6644,-8002,0,0,0
736160,124,2,5128,-8006,1,0,1
736161,65535,255,2468,-8102,0,0,0
736162,229,0,1394,9854,1,0,1
736163,243,2,4502,9851,1,0,1
736164,65535,255,6287,9783,0,0,0
736165,105,2,5725,-8017,1,0,1
736166,65535,255,3529,-8125,0,0,0
736167,178,2,78,11469,1,0,1
736168,224,2,3642,9824,1,0,1
736169,267,0,5798,9797,1,0,1
736170,229,0,6222,-7976,1,0,1
736171,248,2,4406,-8045,1,0,1
736172,65535,255,1243,-7941,0,0,0
736173,65535,255,2604,9795,0,0,0
736174,65535,255,5212,9824,0,0,0
736175,219,0,6643,-7998,1,0,1
736176,255,0,5129,-8027,1,0,1
736177,246,0,2468,-8115,1,0,1
736178,195,0,1400,9903,1,0,0
736179,0,0,0,0,0,0,0
736180,65535,255,6289,9794,0,0,0
736181,141,0,5725,-8039,1,0,1
736182,65535,255,3520,-8039,0,0,0
736183,219,0,92,7926,1,0,1
736184,87,0,3648,9832,1,0,1
736185,65535,255,5803,9772,0,0,0
736186,133,2,6220,-8014,1,0,1
736187,65535,255,4399,-8019,0,0,0
736188,161,2,1242,-8288,1,0,1
736189,195,0,2614,9771,1,0,1
736190,96,2,5221,9824,1,0,0
736191,65535,255,6641,-8001,0,0,0
736192,65535,255,5121,-8009,0,0,0
736193,65535,255,2458,-8154,0,0,0
736194,60,0,1411,10023,1,0,1
736195,63,2,4515,9814,1,0,1
736196,59,2,6296,9768,1,0,1
736197,65535,255,5719,-8009,0,0,0
736198,65535,255,3512,-8126,0,0,0
736199,166,0,103,11728,1,0,1
736200,213,0,3660,9808,1,0,1
736201,65535,255,5811,9796,0,0,0
736202,195,0,6215,-8010,1,0,1
736203,222,0,4388,-8019,1,0,1
736204,232,0,1214,-7881,1,0,1
736205,65535,255,2633,9808,0,0,0
736206,155,0,5229,9839,1,0,1
736207,218,0,6636,-7966,1,0,1
736208,221,0,5113,-8040,1,0,1
736209,187,0,2438,-8050,1,0,1
736210,208,0,1433,9855,1,0,1
736211,161,0,4531,9776,1,0,1
736212,183,0,6303,9805,1,0,1
736213,65535,255,5710,-7992,0,0,0
736214,206,0,3494,-8109,1,0,1
736215,214,2,130,11073,1,0,1
736216,269,0,3679,9808,1,0,1
736217,86,2,5824,9767,1,0,1
736218,158,0,6208,-8022,1,0,1
736219,65535,255,4374,-8045,0,0,0
736220,65535,255,1191,-8044,0,0,0
736221,236,2,2658,9892,1,0,1
736222,65535,255,5246,9803,0,0,0
736223,62,2,6628,-7996,1,0,1
736224,65535,255,5098,-8014,0,0,0
736225,143,2,2409,-7997,1,0,1
736226,65535,255,1468,9786,0,0,0
736227,245,0,4548,9863,1,0,1
736228,183,0,6316,9805,1,0,1
736229,195,0,5694,-7995,1,0,1
736230,65535,255,3469,-8127,0,0,0
736231,238,0,165,11027,1,0,1
736232,65535,255,3699,9879,0,0,0
736233,155,0,5834,9779,1,0,1
736234,116,0,6199,-8000,1,0,1
736235,0,2,4364,-8059,1,0,1
736236,65535,255,1175,-7904,0,0,0
736237,230,0,2666,9805,1,0,1
736238,65535,255,5249,9787,0,0,0
736239,255,0,6626,-7960,1,0,1
736240,197,0,5098,-8012,1,0,1
736241,65535,255,2414,-8078,0,0,0
736242,252,0,1456,9762,1,0,1
736243,244,0,4541,9813,1,0,1
736244,95,0,6309,9807,1,0,1
736245,65535,255,5704,-8036,0,0,0
736246,130,0,3486,-8014,1,0,1
736247,144,2,136,11032,1,0,0
736248,65535,255,3680,9880,0,0,0
736249,229,0,5822,9783,1,0,1
736250,266,0,6209,-8011,1,0,1
736251,65535,255,4378,-8097,0,0,0
736252,65535,255,1202,-8102,0,0,0
736253,65535,255,2643,9843,0,0,0
736254,65535,255,5235,9833,0,0,0
736255,65535,255,6632,-7997,0,0,0
736256,238,0,5110,-8067,1,0,1
736257,65535,255,2433,-8064,0,0,0
736258,210,2,1440,9785,1,0,0
736259,65535,255,4528,9825,0,0,0
736260,65535,255,6305,9764,0,0,0
736261,269,0,5710,-7992,1,0,1
736262,243,0,3499,-8075,1,0,1
736263,65535,255,123,8980,0,0,0
736264,258,0,3672,9839,1,0,1
736265,65535,255,5815,9767,0,0,0
736266,208,0,6211,-8007,1,0,1
736267,65535,255,4385,-8096,0,0,0
736268,65535,255,1208,-8156,0,0,0
736269,65535,255,2634,9892,0,0,0
736270,258,0,5233,9783,1,0,1
736271,65535,255,6633,-7970,0,0,0
736272,65535,255,5110,-8036,0,0,0
736273,232,0,2434,-7999,1,0,1
736274,165,0,1434,9716,1,0,1
736275,256,0,4525,9776,1,0,1
736276,224,0,6299,9775,1,0,1
736277,257,0,5715,-8048,1,0,1
736278,65535,255,3503,-8005,0,0,0
736279,65535,255,104,10101,0,0,0
736280,65535,255,3656,9824,0,0,0
736281,183,0,5806,9806,1,0,1
736282,102,0,6216,-8018,1,0,1
736283,253,0,4395,-8083,1,0,1
736284,260,0,1231,-7965,1,0,1
736285,229,2,2614,9747,1,0,1
736286,217,0,5219,9783,1,0,1
736287,267,0,6642,-8005,1,0,1
736288,226,0,5125,-8066,1,0,1
736289,65535,255,2464,-8012,0,0,0
736290,65535,255,1400,9998,0,0,0
736291,65535,255,4505,9817,0,0,0
736292,65535,255,6287,9776,0,0,0
736293,255,0,5725,-7996,1,0,1
736294,150,0,3525,-8048,1,0,1
736295,208,0,86,11279,1,0,0
736296,212,0,3637,9830,1,0,1
736297,214,0,5796,9785,1,0,1
736298,272,0,6226,-8006,1,0,1
736299,65535,255,4409,-8076,0,0,0
736300,65535,255,1253,-7995,0,0,0
736301,213,0,2599,9783,1,0,1
736302,215,0,5207,9804,1,0,1
736303,94,0,6647,-7975,1,0,0
736304,170,2,5133,-8024,1,0,0
736305,65535,255,2483,-8139,0,0,0
736306,65535,255,1383,9879,0,0,0
736307,233,0,4494,9846,1,0,1
736308,169,0,6283,9772,1,0,1
736309,209,0,5732,-7995,1,0,1
736310,237,0,3537,-8064,1,0,1
736311,202,0,70,7306,1,0,1
736312,65535,255,3628,9808,0,0,1
736313,184,0,5791,9811,1,0,1
736314,165,0,6230,-7979,1,0,1
736315,229,0,4415,-8038,1,0,1
736316,245,0,1264,-8049,1,0,1
736317,227,0,2589,9746,1,0,1
736318,258,0,5206,9799,1,0,1
736319,0,0,0,0,0,0,0
736320,215,0,5139,-8034,1,0,1
736321,239,0,2483,-7986,1,0,1
736322,65535,255,1380,9893,0,0,0
736323,65535,255,4494,9796,0,0,0
736324,182,0,6282,9806,1,0,1
736325,195,0,5734,-8042,1,0,1
736326,65535,255,3537,-8039,0,0,0
736327,269,0,73,6896,1,0,0
736328,229,0,3631,9808,1,0,1
736329,213,0,5792,9820,1,0,1
736330,223,0,6231,-7998,1,0,1
736331,204,0,4418,-8076,1,0,1
736332,231,0,1259,-8100,1,0,1
736333,65535,255,2594,9869,0,0,0
736334,65535,255,5210,9779,0,0,0
736335,159,0,6649,-7965,1,0,1
736336,65535,255,5135,-8029,0,0,0
736337,65535,255,2478,-7998,0,0,0
736338,212,2,1395,9687,1,0,0
736339,65535,255,4501,9815,0,0,0
736340,233,0,6290,9765,1,0,1
736341,207,0,5731,-7999,1,0,1
736342,228,0,3532,-8098,1,0,1
736343,199,0,77,11045,1,0,1
736344,204,0,3640,9854,1,0,0
736345,171,0,5801,9803,1,0,1
736346,163,0,6226,-7986,1,0,1
736347,236,0,4408,-8069,1,0,1
736348,203,0,1242,-8073,1,0,1
736349,198,0,2608,9882,1,0,1
736350,173,0,5221,9789,1,0,0
736351,65535,255,6645,-7978,0,0,0
736352,65535,255,5130,-8054,0,0,0
736353,199,0,2463,-8062,1,0,1
736354,192,0,1411,9856,1,0,0
736355,182,0,4516,9805,1,0,1
736356,181,0,6295,9800,1,0,1
736357,150,0,5721,-8047,1,0,1
736358,190,0,3516,-8073,1,0,1
736359,220,0,98,9784,1,0,1
736360,205,0,3659,9881,1,0,1
736361,142,0,5811,9802,1,0,1
736362,170,0,6217,-7990,1,0,1
736363,201,0,4391,-8082,1,0,1
736364,207,0,1219,-8181,1,0,1
736365,183,0,2636,9813,1,0,1
736366,184,0,5234,9815,1,0,1
736367,65535,255,6637,-8001,0,0,0
736368,65535,255,5112,-8014,0,0,0
736369,195,0,2434,-7984,1,0,1
736370,211,0,1445,9740,1,0,1
736371,219,0,4535,9846,1,0,1
736372,65535,255,6307,9791,0,0,0
736373,200,0,5707,-8043,1,0,1
736374,220,2,3486,-8073,1,0,1
736375,65535,255,133,10295,0,0,0
736376,65535,255,3688,9784,0,0,0
736377,202,0,5824,9823,1,0,1
736378,140,0,6203,-8014,1,0,1
736379,257,0,4364,-8032,1,0,1
736380,283,0,1180,-7988,1,0,1
736381,292,0,2668,9869,1,0,1
736382,65535,255,5252,9799,0,0,0
736383,65535,255,6622,-7992,0,0,0
736384,65535,255,5087,-8008,0,0,0
736385,65535,255,2399,-8181,0,0,0
736386,65535,255,1479,9991,0,0,0
736387,65535,255,4559,9789,0,0,0
736388,65535,255,6318,9798,0,0,0
736389,224,0,5690,-8035,1,0,1
736390,65535,255,3460,-8021,0,0,0
736391,65535,255,175,10037,0,0,0
736392,191,0,3708,9792,1,0,1
736393,202,0,5837,9810,1,0,1
736394,214,0,6191,-7984,1,0,1
736395,65535,255,4348,-8057,0,0,0
736396,65535,255,1152,-7984,0,0,0
736397,65535,255,2688,9821,0,0,0
736398,65535,255,5261,9829,0,0,0
736399,65535,255,6615,-8002,0,0,0
736400,65535,255,5077,-7998,0,0,0
736401,65535,255,2380,-8115,0,0,0
736402,279,2,1501,9921,1,0,1
736403,65535,255,4569,9777,0,0,0
736404,65535,255,6324,9798,0,0,0
736405,279,0,5681,-8039,1,0,1
736406,65535,255,3440,-8038,0,0,0
736407,0,0,0,0,0,0,0
736408,65535,255,3724,9832,0,0,0
736409,261,0,5847,9768,1,0,1
736410,65535,255,6181,-8014,0,0,0
736411,65535,255,4330,-8011,0,0,0
736412,304,0,1124,-8277,1,0,1
736413,65535,255,2713,9762,0,0,0
736414,65535,255,5275,9794,0,0,0
736415,328,0,6606,-7986,1,0,1
736416,65535,255,5065,-8003,0,0,0
736417,65535,255,2365,-8182,0,0,0
736418,65535,255,1512,9769,0,0,0
736419,65535,255,4569,9858,0,0,0
736420,0,0,0,0,0,0,0
736421,65535,255,5679,-7990,0,0,0
736422,65535,255,3449,-8117,0,0,0
736423,65535,255,191,8427,0,0,0
736424,239,2,3712,9849,1,0,1
736425,217,0,5838,9794,1,0,1
736426,65535,255,6189,-7990,0,0,0
736427,245,0,4351,-8095,1,0,1
736428,244,0,1158,-7912,1,0,0
736429,65535,255,2678,9833,0,0,0
736430,65535,255,5256,9789,0,0,0
736431,65535,255,6619,-7988,0,0,0
736432,65535,255,5088,-8008,0,0,0
736433,65535,255,2399,-8009,0,0,0
736434,242,0,1468,9856,1,0,1
736435,65535,255,4549,9796,0,0,0
736436,65535,255,6313,9770,0,0,0
736437,206,0,5698,-8029,1,0,0
736438,65535,255,3473,-8064,0,0,0
736439,257,0,146,10715,1,0,1
736440,262,0,3684,9874,1,0,1
736441,233,0,5825,9812,1,0,1
736442,278,0,6204,-8009,1,0,1
736443,237,0,4368,-8043,1,0,1
736444,236,0,1191,-8126,1,0,1
736445,211,0,2654,9773,1,0,1
736446,1390,1,5239,9809,1,0,0
736447,65535,255,6629,-7981,0,0,0
736448,313,0,5105,-8002,1,0,1
736449,65535,255,2425,-8006,0,0,0
736450,65535,255,1445,9879,0,0,0
736451,283,0,4531,9809,1,0,1
736452,65535,255,6304,9785,0,0,0
736453,65535,255,5710,-8046,0,0,0
736454,0,0,0,0,0,0,0
736455,111,0,125,8474,1,0,1
736456,65535,255,3668,9882,0,0,0
736457,65535,255,5814,9825,0,0,0
736458,279,2,6212,-8017,1,0,1
736459,282,2,4388,-8081,1,0,0
736460,65535,255,1211,-8084,0,0,0
736461,65535,255,2633,9858,0,0,0
736462,65535,255,5229,9815,0,0,0
736463,0,0,0,0,0,0,0
736464,65535,255,5118,-8064,0,0,0
736465,65535,255,2447,-8159,0,0,0
736466,294,0,1423,9856,1,0,1
736467,281,0,4525,9810,1,0,0
736468,0,0,0,0,0,0,0
736469,223,0,5717,-7994,1,0,1
736470,65535,255,3507,-8020,0,0,0
736471,65535,255,104,10107,0,0,0
736472,261,0,3664,9810,1,0,0
736473,65535,255,5812,9791,0,0,0
736474,65535,255,6216,-8001,0,0,0
736475,65535,255,4395,-8049,0,0,0
736476,65535,255,1225,-8208,0,0,0
736477,214,0,2623,9834,1,0,1
736478,194,0,5226,9805,1,0,1
736479,65535,255,6640,-7964,0,0,0
736480,252,0,5124,-8069,1,0,1
736481,65535,255,2453,-8009,0,0,0
736482,65535,255,1417,9928,0,0,0
736483,131,0,4518,9841,1,0,1
736484,65535,255,6296,9808,0,0,1
736485,292,0,5721,-8024,1,0,1
736486,326,0,3516,-8089,1,0,1
736487,65535,255,104,7846,0,0,0
736488,260,0,3655,9891,1,0,1
736489,65535,255,5809,9774,0,0,0
736490,0,0,0,0,0,0,0
736491,0,0,0,0,0,0,0
736492,65535,255,1230,-8126,0,0,0
736493,0,0,0,0,0,0,0
736494,65535,255,5223,9805,0,0,0
736495,0,0,0,0,0,0,0
736496,65535,255,5121,-8021,0,0,0
736497,65535,255,2453,-8035,0,0,0
736498,65535,255,1411,9999,0,0,0
736499,65535,255,4514,9860,0,0,0
736500,65535,255,6296,9770,0,0,0
736501,65535,255,5721,-8045,0,0,0
736502,228,0,3511,-8011,1,0,0
736503,269,0,98,10107,1,0,0
736504,237,0,3656,9834,1,0,0
736505,65535,255,5808,9812,0,0,0
736506,65535,255,6217,-8008,0,0,0
736507,282,0,4395,-8100,1,0,1
736508,224,0,1225,-8045,1,0,1
736509,219,0,2624,9786,1,0,1
736510,255,0,5227,9795,1,0,0
736511,281,0,6637,-7961,1,0,1
736512,256,0,5116,-8015,1,0,1
736513,238,0,2448,-8048,1,0,1
736514,65535,255,1422,9708,0,0,0
736515,65535,255,4522,9778,0,0,0
736516,65535,255,6297,9781,0,0,0
736517,109,0,5715,-7994,1,0,1
736518,261,0,3503,-8046,1,0,0
736519,65535,255,109,11631,0,0,0
736520,251,0,3660,9882,1,0,1
736521,65535,255,5810,9774,0,0,0
736522,65535,255,6214,-7997,0,0,0
736523,65535,255,4388,-8049,0,0,0
736524,211,0,1220,-8290,1,0,1
736525,198,0,2629,9895,1,0,1
736526,65535,255,5228,9808,0,0,0
736527,118,0,6635,-7997,1,0,1
736528,65535,255,5114,-8059,0,0,0
736529,65535,255,2434,-8009,0,0,0
736530,255,0,1429,9973,1,0,1
736531,65535,255,4524,9830,0,0,0
736532,196,0,6301,9778,1,0,1
736533,65535,255,5708,-7998,0,0,0
736534,65535,255,3495,-8054,0,0,0
736535,65535,255,128,7963,0,0,0
736536,199,0,3672,9777,1,0,0
736537,65535,255,5815,9791,0,0,0
736538,37,2,6208,-8012,1,0,1
736539,65535,255,4378,-8088,0,0,0
736540,151,2,1202,-8016,1,0,1
736541,65535,255,2644,9798,0,0,0
736542,161,2,5236,9810,1,0,1
736543,186,0,6628,-7977,1,0,1
736544,212,0,5102,-8023,1,0,1
736545,131,2,2424,-8139,1,0,1
736546,65535,255,1445,9879,0,0,0
736547,213,2,4536,9841,1,0,1
736548,175,0,6307,9767,1,0,0
736549,65535,255,5701,-8014,0,0,0
736550,107,2,3482,-8037,1,0,1
736551,198,0,144,11440,1,0,1
736552,163,2,3687,9781,1,0,1
736553,65535,255,5823,9791,0,0,0
736554,109,0,6202,-8016,1,0,1
736555,158,0,4368,-8101,1,0,1
736556,173,0,1185,-8211,1,0,1
736557,65535,255,2658,9882,0,0,0
736558,230,0,5246,9791,1,0,1
736559,133,0,6622,-7977,1,0,1
736560,163,0,5091,-8021,1,0,1
736561,65535,255,2404,-8074,0,0,0
736562,65535,255,1473,9789,0,0,0
736563,65535,255,4549,9822,0,0,0
736564,106,0,6315,9785,1,0,1
736565,117,0,5693,-8047,1,0,1
736566,294,0,3465,-8038,1,0,1
736567,149,0,175,8288,1,0,1
736568,65535,255,3704,9786,0,0,0
736569,65535,255,5834,9799,0,0,0
736570,65535,255,6191,-7993,0,0,0
736571,236,2,4348,-8023,1,0,1
736572,65535,255,1158,-8242,0,0,0
736573,65535,255,2683,9905,0,0,0
736574,65535,255,5264,9785,0,0,0
736575,65535,255,6615,-7968,0,0,0
736576,184,2,5079,-8018,1,0,1
736577,216,2,2379,-8141,1,0,1
736578,65535,255,1501,9922,0,0,0
736579,65535,255,4570,9819,0,0,0
736580,65535,255,6327,9788,0,0,1
736581,65535,255,5680,-8020,0,0,0
736582,65535,255,3444,-8125,0,0,0
736583,205,2,198,10501,1,0,1
736584,65535,255,3727,9889,0,0,0
736585,65535,255,5850,9795,0,0,0
736586,43,2,6181,-8021,1,0,1
736587,128,0,4333,-8083,1,0,1
736588,65535,255,1129,-8070,0,0,0
736589,216,0,2708,9857,1,0,1
736590,65535,255,5271,9841,0,0,0
736591,164,0,6613,-7980,1,0,1
736592,221,0,5076,-8002,1,0,1
736593,275,0,2379,-8113,1,0,1
736594,220,0,1495,9879,1,0,1
736595,65535,255,4562,9859,0,0,0
736596,72,0,6321,9789,1,0,1
736597,188,0,5692,-8020,1,0,1
736598,65535,255,3465,-8133,0,0,1
736599,95,2,164,10826,1,0,1
736600,141,0,3704,9778,1,0,1
736601,62,0,5831,9804,1,0,1
736602,65535,255,6201,-7978,0,0,1
736603,105,0,4367,-8058,1,0,1
736604,65535,255,1185,-8156,0,0,0
736605,256,0,2658,9772,1,0,1
736606,65535,255,5243,9839,0,0,0
736607,249,2,6630,-7972,1,0,1
736608,61,2,5107,-8066,1,0,1
736609,224,0,2433,-8154,1,0,1
736610,65535,255,1445,9763,0,0,0
736611,65535,255,4530,9836,0,0,0
736612,65535,255,6302,9793,0,0,0
736613,65535,255,5714,-8008,0,0,0
736614,251,0,3503,-8030,1,0,1
736615,65535,255,110,9781,0,0,0
736616,65535,255,3664,9792,0,0,0
736617,210,0,5812,9772,1,0,1
736618,65535,255,6216,-7975,0,0,0
736619,65535,255,4398,-8088,0,0,0
736620,65535,255,1231,-7921,0,0,0
736621,174,0,2618,9857,1,0,1
736622,65535,255,5221,9804,0,0,0
736623,290,0,6643,-7988,1,0,1
736624,250,0,5127,-8044,1,0,1
736625,65535,255,2468,-8114,0,0,0
736626,65535,255,1401,9689,0,0,0
736627,311,0,4504,9858,1,0,1
736628,65535,255,6288,9787,0,0,0
736629,65535,255,5728,-8020,0,0,0
736630,65535,255,3533,-8064,0,0,0
736631,65535,255,72,11584,0,0,0
736632,215,0,3636,9833,1,0,1
736633,259,0,5795,9803,1,0,1
736634,65535,255,6229,-8005,0,0,0
736635,253,0,4418,-8043,1,0,0
736636,221,0,1264,-8151,1,0,1
736637,214,2,2589,9808,1,0,1
736638,65535,255,5204,9789,0,0,0
736639,65535,255,6653,-8000,0,0,1
736640,65535,255,5144,-8043,0,0,0
736641,65535,255,2493,-8125,0,0,0
736642,236,0,1372,9758,1,0,1
736643,235,2,4488,9784,1,0,1
736644,265,0,6277,9773,1,0,1
736645,207,0,5741,-8046,1,0,1
736646,65535,255,3554,-8123,0,0,0
736647,242,0,45,7336,1,0,1
736648,65535,255,3615,9783,0,0,0
736649,65535,255,5782,9782,0,0,0
736650,249,0,6237,-7992,1,0,1
736651,281,0,4429,-8030,1,0,1
736652,220,0,1293,-8124,1,0,1
736653,272,0,2564,9796,1,0,1
736654,65535,255,5190,9790,0,0,0
736655,65535,255,6657,-7972,0,0,0
736656,65535,255,5153,-8053,0,0,0
736657,65535,255,2513,-8175,0,0,0
736658,65535,255,1349,9856,0,0,0
736659,65535,255,4471,9822,0,0,0
736660,65535,255,6269,9800,0,0,0
736661,65535,255,5746,-8011,0,0,0
736662,257,0,3563,-8072,1,0,1
736663,65535,255,48,8444,0,0,0
736664,229,0,3598,9876,1,0,1
736665,262,0,5774,9783,1,0,1
736666,254,0,6242,-7985,1,0,1
736667,65535,255,4438,-8023,0,0,0
736668,65535,255,1304,-8124,0,0,0
736669,266,0,2555,9809,1,0,0
736670,258,0,5182,9801,1,0,1
736671,65535,255,6660,-7963,0,0,1
736672,208,2,5157,-8023,1,0,1
736673,65535,255,2522,-8036,0,0,0
736674,194,0,1333,10007,1,0,1
736675,65535,255,4465,9867,0,0,0
736676,65535,255,6267,9774,0,0,0
736677,65535,255,5751,-8001,0,0,0
736678,65535,255,3571,-8020,0,0,0
736679,65535,255,19,15299,0,0,0
736680,65535,255,3593,9843,0,0,0
736681,218,0,5772,9817,1,0,1
736682,65535,255,6243,-7977,0,0,0
736683,234,0,4442,-8016,1,0,1
736684,204,0,1310,-8124,1,0,1
736685,65535,255,2550,9772,0,0,0
736686,213,0,5182,9790,1,0,1
736687,65535,255,6661,-7960,0,0,0
736688,199,0,5160,-8041,1,0,0
736689,65535,255,2522,-8049,0,0,0
736690,240,0,1339,9658,1,0,1
736691,65535,255,4467,9779,0,0,0
736692,65535,255,6266,9786,0,0,0
736693,65535,255,5750,-8001,0,0,0
736694,193,0,3571,-8062,1,0,1
736695,0,0,0,0,0,0,0
736696,252,0,3598,9776,1,0,1
736697,205,0,5776,9787,1,0,1
736698,159,0,6245,-8010,1,0,1
736699,206,0,4445,-8080,1,0,1
736700,230,0,1304,-7996,1,0,1
736701,205,0,2555,9772,1,0,1
736702,65535,255,5187,9801,0,0,0
736703,65535,255,6662,-7969,0,0,0
736704,65535,255,5158,-8011,0,0,0
736705,218,0,2522,-8098,1,0,1
736706,206,0,1344,9782,1,0,0
736707,65535,255,4474,9816,0,0,0
736708,210,0,6270,9808,1,0,1
736709,221,0,5750,-8031,1,0,1
736710,65535,255,3565,-8079,0,0,0
736711,194,0,25,12232,1,0,1
736712,166,0,3606,9852,1,0,1
736713,183,0,5781,9804,1,0,1
736714,148,0,6242,-7992,1,0,1
736715,65535,255,4438,-8055,0,0,0
736716,211,0,1293,-7918,1,0,1
736717,65535,255,2566,9845,0,0,0
736718,65535,255,5195,9791,0,0,0
736719,65535,255,6658,-7963,0,0,0
736720,65535,255,5152,-8011,0,0,0
736721,173,2,2507,-8098,1,0,1
736722,178,0,1360,9808,1,0,1
736723,213,0,4484,9829,1,0,1
736724,220,0,6277,9788,1,0,1
736725,204,0,5745,-8048,1,0,1
736726,65535,255,3554,-8036,0,0,0
736727,223,2,56,14281,1,0,1
736728,65535,255,3623,9768,0,0,0
736729,194,0,5790,9792,1,0,1
736730,176,0,6237,-8018,1,0,1
736731,65535,255,4425,-8004,0,0,0
736732,204,0,1275,-8150,1,0,1
736733,199,0,2584,9871,1,0,1
736734,201,0,5204,9842,1,0,1
736735,65535,255,6652,-7986,0,0,0
736736,169,0,5143,-8048,1,0,1
736737,65535,255,2487,-8073,0,0,1
736738,65535,255,1383,9785,0,0,0
736739,65535,255,4497,9823,0,0,0
736740,65535,255,6287,9786,0,0,0
736741,216,0,5732,-8018,1,0,1
736742,65535,255,3532,-8045,0,0,1
736743,189,0,86,6956,1,0,1
736744,0,0,0,0,0,0,0
736745,65535,255,5800,9804,0,0,0
736746,203,0,6224,-7977,1,0,1
736747,200,0,4408,-8035,1,0,1
736748,231,0,1248,-8285,1,0,1
736749,65535,255,2609,9917,0,0,0
736750,224,0,5218,9796,1,0,1
736751,65535,255,6642,-7973,0,0,0
736752,65535,255,5127,-8027,0,0,0
736753,65535,255,2463,-8176,0,0,0
736754,65535,255,1411,9976,0,0,0
736755,65535,255,4519,9779,0,0,0
736756,65535,255,6294,9793,0,0,0
736757,65535,255,5719,-8027,0,0,0
736758,214,2,3507,-8011,1,0,0
736759,0,0,0,0,0,0,0
736760,65535,255,3664,9770,0,0,0
736761,65535,255,5813,9796,0,0,0
736762,65535,255,6211,-7974,0,0,0
736763,246,0,4384,-8029,1,0,1
736764,65535,255,1211,-8131,0,0,0
736765,258,0,2644,9762,1,0,0
736766,254,0,5236,9806,1,0,1
736767,65535,255,6631,-7980,0,0,0
736768,65535,255,5105,-8048,0,0,0
736769,65535,255,2424,-8021,0,0,0
736770,270,0,1451,9719,1,0,1
736771,65535,255,4539,9816,0,0,0
736772,298,0,6308,9768,1,0,1
736773,258,0,5698,-7993,1,0,1
736774,0,0,0,0,0,0,0
736775,65535,255,151,9377,0,0,0
736776,65535,255,3692,9850,0,0,0
736777,65535,255,5830,9774,0,0,0
736778,65535,255,6195,-8012,0,0,0
736779,65535,255,4354,-8004,0,0,0
736780,65535,255,1169,-8211,0,0,0
736781,65535,255,2673,9918,0,0,0
736782,65535,255,5256,9796,0,0,0
736783,65535,255,6615,-7967,0,0,0
736784,65535,255,5085,-8053,0,0,0
736785,65535,255,2389,-8113,0,0,0
736786,65535,255,1480,9992,0,0,0
736787,65535,255,4553,9829,0,0,0
736788,232,0,6315,9789,1,0,1
736789,0,0,0,0,0,0,0
736790,213,0,3465,-8097,1,0,1
736791,246,0,161,11265,1,0,1
736792,65535,255,3696,9834,0,0,0
736793,65535,255,5830,9791,0,0,0
736794,65535,255,6195,-7989,0,0,0
736795,65535,255,4357,-8090,0,0,0
736796,173,0,1169,-7899,1,0,1
736797,65535,255,2668,9846,0,0,0
736798,65535,255,5250,9796,0,0,0
736799,65535,255,6622,-7997,0,0,0
736800,193,0,5091,-8022,1,0,1
736801,65535,255,2404,-8046,0,0,0
736802,65535,255,1468,9926,0,0,0
736803,208,0,4546,9810,1,0,1
736804,65535,255,6313,9782,0,0,0
736805,65535,255,5696,-8042,0,0,0
736806,0,0,0,0,0,0,0
736807,65535,255,158,8116,0,0,0
736808,65535,255,3688,9851,0,0,0
736809,245,0,5825,9804,1,0,1
736810,65535,255,6200,-8004,0,0,0
736811,65535,255,4365,-8036,0,0,0
736812,65535,255,1179,-8069,0,0,0
736813,276,0,2664,9751,1,0,1
736814,225,2,5244,9842,1,0,1
736815,65535,255,6624,-7976,0,0,1
736816,65535,255,5093,-8001,0,0,0
736817,65535,255,2409,-7994,0,0,0
736818,65535,255,1462,9858,0,0,0
736819,0,0,0,0,0,0,0
736820,65535,255,6310,9782,0,0,0
736821,65535,255,5699,-8027,0,0,0
736822,235,0,3477,-8123,1,0,1
736823,65535,255,148,8690,0,0,0
736824,192,0,3688,9891,1,0,1
736825,65535,255,5825,9826,0,0,0
736826,197,0,6199,-7996,1,0,1
736827,65535,255,4367,-8080,0,0,0
736828,65535,255,1180,-7896,0,0,0
736829,195,0,2663,9871,1,0,1
736830,0,0,0,0,0,0,0
736831,250,0,6625,-7963,1,0,1
736832,65535,255,5098,-8063,0,0,0
736833,65535,255,2414,-8178,0,0,0
736834,179,0,1462,9835,1,0,1
736835,252,0,4549,9804,1,0,1
736836,65535,255,6314,9786,0,0,0
736837,248,0,5697,-7988,1,0,1
736838,218,0,3473,-8002,1,0,1
736839,256,0,151,9588,1,0,1
736840,201,2,3696,9795,1,0,1
736841,65535,255,5832,9783,0,0,0
736842,65535,255,6199,-7992,0,0,0
736843,230,0,4361,-8029,1,0,1
736844,65535,255,1174,-8098,0,0,0
736845,242,0,2673,9787,1,0,1
736846,65535,255,5253,9786,0,0,0
736847,65535,255,6624,-8000,0,0,0
736848,253,0,5093,-8048,1,0,1
736849,65535,255,2403,-8139,0,0,0
736850,65535,255,1474,9813,0,0,0
736851,65535,255,4555,9798,0,0,0
736852,65535,255,6317,9786,0,0,0
736853,216,0,5692,-7993,1,0,1
736854,179,0,3465,-8019,1,0,1
736855,65535,255,162,10228,0,0,0
736856,65535,255,3703,9827,0,0,0
736857,0,0,0,0,0,0,0
736858,65535,255,6196,-8011,0,0,0
736859,65535,255,4354,-8067,0,0,0
736860,65535,255,1163,-8266,0,0,0
736861,65535,255,2683,9871,0,0,0
736862,65535,255,5261,9827,0,0,0
736863,65535,255,6619,-7977,0,0,0
736864,183,0,5084,-8012,1,0,1
736865,65535,255,2389,-8059,0,0,1
736866,65535,255,1496,9682,0,0,0
736867,65535,255,4564,9814,0,0,0
736868,280,2,6323,9771,1,0,1
736869,65535,255,5687,-8046,0,0,0
736870,65535,255,3450,-8034,0,0,0
736871,170,2,185,9823,1,0,0
736872,65535,255,3720,9811,0,0,0
736873,65535,255,5843,9800,0,0,0
736874,161,2,6188,-8012,1,0,1
736875,65535,255,4340,-8068,0,0,0
736876,65535,255,1135,-7864,0,0,0
736877,140,0,2698,9894,1,0,1
736878,65535,255,5267,9840,0,0,0
736879,65535,255,6611,-7987,0,0,0
736880,65535,255,5073,-8032,0,0,0
736881,65535,255,2369,-8126,0,0,0
736882,65535,255,1512,9793,0,0,0
736883,65535,255,4576,9804,0,0,0
736884,65535,255,6330,9793,0,0,1
736885,202,0,5675,-8006,1,0,1
736886,65535,255,3431,-8063,0,0,0
736887,65535,255,208,10267,0,0,0
736888,210,0,3732,9882,1,0,1
736889,294,0,5853,9770,1,0,1
736890,231,0,6176,-7989,1,0,1
736891,257,0,4322,-8035,1,0,1
736892,230,0,1118,-8187,1,0,1
736893,65535,255,2718,9847,0,0,0
736894,65535,255,5280,9821,0,0,0
736895,65535,255,6602,-7977,0,0,0
736896,65535,255,5056,-8019,0,0,1
736897,222,0,2350,-8114,1,0,1
736898,220,0,1529,9900,1,0,1
736899,65535,255,4580,9835,0,0,0
736900,207,0,6332,9793,1,0,1
736901,65535,255,5674,-8028,0,0,0
736902,65535,255,3431,-8010,0,0,0
736903,211,2,211,9224,1,0,1
736904,65535,255,3728,9803,0,0,0
736905,65535,255,5844,9817,0,0,1
736906,229,2,6183,-7993,1,0,1
736907,254,0,4337,-8075,1,0,1
736908,225,2,1140,-8069,1,0,1
736909,65535,255,2693,9870,0,0,1
736910,65535,255,5265,9781,0,0,0
736911,65535,255,6612,-7967,0,0,0
736912,225,0,5076,-8032,1,0,1
736913,65535,255,2379,-7993,0,0,0
736914,225,0,1491,9726,1,0,1
736915,148,0,4559,9823,1,0,1
736916,65535,255,6319,9768,0,0,0
736917,131,0,5686,-8001,1,0,1
736918,65535,255,3461,-8106,0,0,0
736919,65535,255,163,10425,0,0,0
736920,65535,255,3702,9843,0,0,0
736921,65535,255,5830,9805,0,0,1
736922,65535,255,6194,-7981,0,0,0
736923,65535,255,4358,-8061,0,0,0
736924,65535,255,1168,-8040,0,0,0
736925,65535,255,2668,9859,0,0,0
736926,65535,255,5250,9781,0,0,1
736927,274,0,6622,-7969,1,0,1
736928,126,2,5094,-8037,1,0,1
736929,65535,255,2408,-8020,0,0,0
736930,237,0,1463,9767,1,0,1
736931,235,0,4539,9842,1,0,1
736932,65535,255,6309,9783,0,0,0
736933,65535,255,5700,-8023,0,0,0
736934,65535,255,3482,-8018,0,0,0
736935,264,0,134,9560,1,0,1
736936,255,0,3680,9867,1,0,1
736937,134,2,5820,9792,1,0,1
736938,65535,255,6204,-7973,0,0,0
736939,128,0,4374,-8054,1,0,1
736940,237,0,1196,-8042,1,0,1
736941,276,0,2643,9860,1,0,1
736942,251,0,5236,9782,1,0,1
736943,139,0,6630,-7975,1,0,1
736944,232,0,5110,-8052,1,0,1
736945,241,0,2433,-8072,1,0,0
736946,65535,255,1434,9881,0,0,0
736947,122,0,4529,9780,1,0,1
736948,185,0,6301,9806,1,0,1
736949,201,0,5710,-7988,1,0,1
736950,65535,255,3503,-8088,0,0,0
736951,0,0,0,0,0,0,0
736952,241,0,3668,9779,1,0,0
736953,98,0,5812,9818,1,0,1
736954,74,2,6215,-8003,1,0,1
736955,176,2,4388,-8009,1,0,1
736956,239,0,1221,-8015,1,0,1
736957,213,0,2628,9811,1,0,1
736958,65535,255,5227,9843,0,0,0
736959,82,2,6637,-7965,1,0,1
736960,65535,255,5118,-8046,0,0,0
736961,65535,255,2448,-8059,0,0,0
736962,165,0,1417,9905,1,0,1
736963,65535,255,4519,9787,0,0,0
736964,186,2,6296,9780,1,0,1
736965,65535,255,5719,-8005,0,0,0
736966,191,0,3512,-8064,1,0,1
736967,65535,255,105,7846,0,0,0
736968,65535,255,3652,9881,0,0,0
736969,211,0,5805,9824,1,0,1
736970,65535,255,6223,-8024,0,0,0
736971,65535,255,4405,-8082,0,0,0
736972,65535,255,1243,-8008,0,0,0
736973,261,0,2609,9869,1,0,1
736974,65535,255,5215,9814,0,0,0
736975,65535,255,6646,-7965,0,0,0
736976,65535,255,5135,-8065,0,0,0
736977,65535,255,2476,-8137,0,0,0
736978,159,0,1389,9855,1,0,1
736979,65535,255,4501,9809,0,0,0
736980,65535,255,6286,9788,0,0,0
736981,65535,255,5733,-7990,0,0,0
736982,250,0,3537,-8021,1,0,1
736983,65535,255,63,9728,0,0,0
736984,65535,255,3631,9808,0,0,0
736985,259,0,5793,9790,1,0,1
736986,65535,255,6232,-8001,0,0,0
736987,211,0,4421,-8043,1,0,1
736988,65535,255,1276,-8177,0,0,0
736989,147,2,2584,9833,1,0,0
736990,182,0,5201,9805,1,0,1
736991,65535,255,6653,-7961,0,0,1
736992,291,0,5147,-8064,1,0,1
736993,258,2,2498,-7999,1,0,1
736994,261,2,1366,9905,1,0,1
736995,283,2,4484,9828,1,0,1
736996,65535,255,6276,9803,0,0,0
736997,65535,255,5742,-8015,0,0,0
736998,201,0,3554,-8081,1,0,1
736999,199,0,58,5270,1,0,0
737000,65535,255,3614,9884,0,0,0
737001,0,0,0,0,0,0,0
737002,65535,255,6238,-7985,0,0,0
737003,260,0,4431,-8024,1,0,1
737004,254,0,1292,-8125,1,0,1
737005,65535,255,2569,9821,0,0,0
737006,65535,255,5193,9805,0,0,0
737007,65535,255,6657,-7967,0,0,1
737008,65535,255,5153,-7997,0,0,0
737009,65535,255,2512,-8036,0,0,0
737010,192,0,1350,10030,1,0,1
737011,228,0,4475,9842,1,0,1
737012,253,0,6273,9773,1,0,1
737013,65535,255,5746,-8002,0,0,0
737014,253,0,3563,-8021,1,0,1
737015,65535,255,28,13246,0,0,0
737016,65535,255,3606,9851,0,0,0
737017,208,2,5777,9821,1,0,0
737018,265,0,6241,-7977,1,0,1
737019,65535,255,4435,-8017,0,0,0
737020,65535,255,1298,-8124,0,0,0
737021,65535,255,2559,9821,0,0,0
737022,65535,255,5187,9811,0,0,0
737023,65535,255,6659,-7973,0,0,0
737024,65535,255,5155,-8017,0,0,0
737025,216,2,2517,-8099,1,0,0
737026,65535,255,1350,9782,0,0,0
737027,270,0,4475,9810,1,0,1
737028,235,0,6269,9800,1,0,1
737029,255,0,5748,-8023,1,0,1
737030,281,0,3562,-8106,1,0,1
737031,201,0,27,6912,1,0,1
737032,65535,255,3602,9818,0,0,0
737033,173,0,5777,9808,1,0,0
737034,65535,255,6239,-7973,0,0,0
737035,216,0,4435,-8011,1,0,1
737036,178,0,1298,-8124,1,0,1
737037,65535,255,2559,9846,0,0,0
737038,65535,255,5187,9826,0,0,0
737039,65535,255,6658,-7986,0,0,1
737040,186,0,5153,-8042,1,0,1
737041,203,0,2513,-8175,1,0,1
737042,65535,255,1349,9931,0,0,0
737043,65535,255,4474,9860,0,0,0
737044,220,0,6271,9774,1,0,1
737045,65535,255,5744,-7997,0,0,0
737046,65535,255,3558,-8062,0,0,0
737047,65535,255,51,5253,0,0,0
737048,214,2,3611,9784,1,0,1
737049,65535,255,5782,9800,0,0,0
737050,65535,255,6238,-8022,0,0,0
737051,65535,255,4429,-8004,0,0,0
737052,65535,255,1287,-8124,0,0,0
737053,207,0,2569,9846,1,0,1
737054,251,0,5193,9831,1,0,1
737055,65535,255,6654,-7992,0,0,1
737056,226,0,5147,-8058,1,0,1
737057,223,0,2497,-8023,1,0,1
737058,251,0,1367,9686,1,0,1
737059,232,0,4485,9797,1,0,1
737060,230,0,6277,9801,1,0,1
737061,221,0,5739,-8027,1,0,1
737062,189,0,3548,-8079,1,0,1
737063,193,0,55,11545,1,0,1
737064,65535,255,3623,9868,0,0,0
737065,181,0,5791,9779,1,0,1
737066,135,0,6231,-8007,1,0,1
737067,243,0,4421,-8086,1,0,0
737068,245,0,1264,-8071,1,0,1
737069,65535,255,2589,9834,0,0,0
737070,179,0,5204,9831,1,0,1
737071,65535,255,6649,-7993,0,0,1
737072,201,0,5138,-8063,1,0,0
737073,223,0,2477,-8048,1,0,1
737074,217,0,1389,9737,1,0,1
737075,209,0,4502,9816,1,0,1
737076,200,2,6285,9812,1,0,1
737077,65535,255,5731,-8049,0,0,0
737078,192,0,3528,-8045,1,0,0
737079,229,0,91,7124,1,0,1
737080,217,0,3644,9794,1,0,1
737081,254,0,5800,9808,1,0,1
737082,205,0,6223,-7981,1,0,1
737083,216,0,4404,-8042,1,0,1
737084,65535,255,1236,-7882,0,0,0
737085,65535,255,2614,9761,0,0,0
737086,65535,255,5221,9806,0,0,0
737087,121,2,6642,-7980,1,0,1
737088,167,0,5124,-8042,1,0,1
737089,189,0,2453,-8008,1,0,1
737090,65535,255,1417,9787,0,0,0
737091,65535,255,4518,9829,0,0,0
737092,213,0,6298,9767,1,0,1
737093,156,0,5716,-7997,1,0,1
737094,65535,255,3507,-8080,0,0,0
737095,199,0,110,9194,1,0,1
737096,205,0,3668,9843,1,0,1
737097,225,0,5817,9770,1,0,1
737098,111,0,6212,-8004,1,0,1
737099,165,0,4384,-8093,1,0,1
737100,65535,255,1208,-8126,0,0,0
737101,65535,255,2643,9871,0,0,0
737102,65535,255,5241,9775,0,0,0
737103,65535,255,6630,-7964,0,0,0
737104,228,0,5104,-8022,1,0,1
737105,230,2,2423,-8113,1,0,1
737106,65535,255,1451,9903,0,0,0
737107,65535,255,4541,9866,0,0,0
737108,65535,255,6312,9789,0,0,0
737109,65535,255,5702,-8024,0,0,0
737110,65535,255,3473,-8011,0,0,0
737111,65535,255,155,11321,0,0,0
737112,65535,255,3700,9786,0,0,0
737113,65535,255,5832,9808,0,0,0
737114,243,0,6196,-7986,1,0,1
737115,65535,255,4357,-8062,0,0,0
737116,0,0,0,0,0,0,0
737117,65535,255,2683,9834,0,0,0
737118,0,0,0,0,0,0,0
737119,65535,255,6617,-7957,0,0,0
737120,65535,255,5084,-8074,0,0,0
737121,65535,255,2389,-8153,0,0,0
737122,196,0,1491,9704,1,0,1
737123,273,0,4559,9835,1,0,1
737124,65535,255,6319,9789,0,0,0
737125,65535,255,5692,-8038,0,0,0
737126,228,0,3464,-8072,1,0,1
737127,65535,255,163,10431,0,0,0
737128,250,0,3704,9794,1,0,1
737129,65535,255,5833,9797,0,0,0
737130,158,0,6197,-8019,1,0,1
737131,256,0,4361,-8043,1,0,1
737132,65535,255,1174,-8069,0,0,0
737133,220,0,2664,9907,1,0,1
737134,249,0,5250,9816,1,0,1
737135,65535,255,6624,-7978,0,0,0
737136,65535,255,5096,-8027,0,0,0
737137,65535,255,2408,-8034,0,0,0
737138,255,0,1462,9880,1,0,1
737139,65535,255,4546,9792,0,0,0
737140,274,0,6311,9768,1,0,1
737141,282,0,5700,-8019,1,0,1
737142,65535,255,3477,-8036,0,0,0
737143,65535,255,139,9571,0,0,0
737144,65535,255,3688,9770,0,0,0
737145,65535,255,5822,9821,0,0,1
737146,65535,255,6203,-8015,0,0,0
737147,248,0,4371,-8042,1,0,1
737148,237,0,1191,-8069,1,0,1
737149,65535,255,2648,9919,0,0,0
737150,215,0,5238,9827,1,0,0
737151,65535,255,6627,-7963,0,0,0
737152,65535,255,5104,-8047,0,0,0
737153,238,0,2423,-8099,1,0,1
737154,65535,255,1446,9996,0,0,0
737155,65535,255,4532,9829,0,0,0
737156,259,0,6303,9790,1,0,1
737157,65535,255,5706,-8008,0,0,0
737158,65535,255,3491,-8114,0,0,0
737159,65535,255,136,7813,0,0,0
737160,65535,255,3673,9851,0,0,0
737161,227,0,5816,9800,1,0,1
737162,65535,255,6208,-8000,0,0,0
737163,294,0,4378,-8022,1,0,1
737164,65535,255,1202,-8015,0,0,0
737165,65535,255,2639,9895,0,0,0
737166,65535,255,5233,9822,0,0,0
737167,65535,255,6629,-7962,0,0,0
737168,65535,255,5107,-8052,0,0,0
737169,65535,255,2433,-8125,0,0,0
737170,65535,255,1440,9719,0,0,0
737171,0,0,0,0,0,0,0
737172,257,0,6300,9809,1,0,1
737173,65535,255,5708,-8010,0,0,0
737174,253,0,3494,-8036,1,0,1
737175,65535,255,116,10071,0,0,0
737176,65535,255,3669,9803,0,0,0
737177,65535,255,5816,9779,0,0,0
737178,247,0,6208,-7984,1,0,1
737179,65535,255,4380,-8078,0,0,0
737180,65535,255,1208,-7931,0,0,0
737181,65535,255,2634,9884,0,0,0
737182,65535,255,5233,9817,0,0,0
737183,65535,255,6631,-7962,0,0,0
737184,65535,255,5110,-8057,0,0,0
737185,268,0,2433,-8151,1,0,1
737186,65535,255,1434,9765,0,0,0
737187,65535,255,4529,9780,0,0,0
737188,65535,255,6301,9771,0,0,0
737189,0,0,0,0,0,0,0
737190,198,2,3494,-8088,1,0,1
737191,0,0,0,0,0,0,0
737192,65535,255,3672,9867,0,0,1
737193,65535,255,5815,9818,0,0,0
737194,242,0,6209,-8018,1,0,1
737195,65535,255,4381,-8073,0,0,0
737196,65535,255,1208,-8262,0,0,0
737197,65535,255,2644,9847,0,0,0
737198,0,0,0,0,0,0,0
737199,277,2,6631,-7962,1,0,1
737200,65535,255,5107,-8062,0,0,0
737201,286,0,2433,-8177,1,0,1
737202,65535,255,1445,9835,0,0,0
737203,65535,255,4535,9805,0,0,0
737204,65535,255,6304,9786,0,0,0
737205,65535,255,5704,-7989,0,0,0
737206,65535,255,3486,-8010,0,0,0
737207,0,0,0,0,0,0,0
737208,172,0,3680,9803,1,0,0
737209,246,0,5822,9792,1,0,1
737210,65535,255,6206,-7999,0,0,0
737211,65535,255,4374,-8041,0,0,0
737212,174,0,1191,-8181,1,0,1
737213,241,0,2653,9823,1,0,1
737214,65535,255,5244,9802,0,0,0
737215,238,0,6626,-7959,1,0,1
737216,245,0,5101,-8063,1,0,1
737217,73,0,2413,-8010,1,0,0
737218,0,0,0,0,0,0,0
737219,65535,255,4542,9823,0,0,0
737220,305,0,6310,9801,1,0,1
737221,65535,255,5700,-8010,0,0,0
737222,208,2,3477,-8062,1,0,0
737223,205,2,150,11376,1,0,1
737224,246,0,3692,9868,1,0,1
737225,125,0,5829,9822,1,0,1
737226,65535,255,6198,-7977,0,0,0
737227,242,0,4361,-8031,1,0,1
737228,0,0,0,0,0,0,0
737229,65535,255,2674,9764,0,0,0
737230,65535,255,5253,9781,0,0,0
737231,65535,255,6622,-7997,0,0,0
737232,65535,255,5092,-8047,0,0,1
737233,251,0,2404,-8165,1,0,1
737234,65535,255,1479,9858,0,0,0
737235,65535,255,4555,9817,0,0,0
737236,300,0,6319,9801,1,0,1
737237,65535,255,5692,-8014,0,0,0
737238,65535,255,3460,-8079,0,0,0
737239,65535,255,179,8512,0,0,0
737240,65535,255,3708,9891,0,0,0
737241,65535,255,5839,9771,0,0,0
737242,0,0,0,0,0,0,0
737243,65535,255,4347,-8028,0,0,0
737244,65535,255,1151,-8183,0,0,1
737245,65535,255,2693,9835,0,0,0
737246,65535,255,5264,9811,0,0,0
737247,65535,255,6614,-7973,0,0,0
737248,65535,255,5078,-8012,0,0,0
737249,65535,255,2374,-8073,0,0,0
737250,65535,255,1507,9727,0,0,0
737251,65535,255,4573,9786,0,0,0
737252,65535,255,6328,9782,0,0,0
737253,65535,255,5677,-7997,0,0,0
737254,65535,255,3439,-8036,0,0,0
737255,226,2,199,10657,1,0,0
737256,65535,255,3728,9867,0,0,0
737257,65535,255,5849,9819,0,0,0
737258,65535,255,6180,-7981,0,0,0
737259,65535,255,4331,-8074,0,0,0
737260,65535,255,1129,-8244,0,0,0
737261,65535,255,2709,9764,0,0,0
737262,132,2,5273,9816,1,0,1
737263,81,0,6611,-7994,1,0,1
737264,65535,255,5070,-8001,0,0,1
737265,234,0,2369,-8139,1,0,1
737266,65535,255,1507,9987,0,0,0
737267,65535,255,4569,9804,0,0,0
737268,245,0,6326,9764,1,0,1
737269,245,0,5680,-8001,1,0,1
737270,259,0,3448,-8115,1,0,1
737271,246,0,187,10706,1,0,1
737272,202,0,3717,9787,1,0,1
737273,268,0,5840,9817,1,0,1
737274,217,0,6189,-8000,1,0,1
737275,249,0,4347,-8101,1,0,1
737276,65535,255,1152,-8240,0,0,0
737277,246,0,2689,9763,1,0,1
737278,288,0,5259,9822,1,0,1
737279,309,0,6616,-8000,1,0,1
737280,120,2,5082,-8011,1,0,1
737281,278,0,2389,-8178,1,0,1
737282,255,0,1486,9703,1,0,1
737283,244,0,4556,9829,1,0,1
737284,275,0,6317,9779,1,0,1
737285,305,0,5691,-8023,1,0,1
737286,65535,255,3460,-8027,0,0,0
737287,206,0,165,8807,1,0,1
737288,140,2,3700,9851,1,0,1
737289,152,0,5830,9788,1,0,1
737290,179,2,6195,-7973,1,0,1
737291,65535,255,4358,-8054,0,0,0
737292,65535,255,1168,-8068,0,0,0
737293,204,0,2668,9895,1,0,1
737294,65535,255,5250,9801,0,0,0
737295,65535,255,6622,-7989,0,0,0
737296,65535,255,5090,-7995,0,0,1
737297,65535,255,2408,-8151,0,0,0
737298,65535,255,1467,9774,0,0,0
737299,186,0,4546,9823,1,0,1
737300,214,0,6311,9779,1,0,1
737301,212,0,5698,-8023,1,0,1
737302,65535,255,3473,-8035,0,0,0
737303,65535,255,146,9125,0,0,0
737304,0,0,0,0,0,0,0
737305,65535,255,5825,9801,0,0,1
737306,65535,255,6199,-7988,0,0,0
737307,65535,255,4368,-8086,0,0,0
737308,65535,255,1186,-8209,0,0,0
737309,65535,255,2659,9775,0,0,1
737310,65535,255,5242,9832,0,0,0
737311,65535,255,6625,-7959,0,0,0
737312,65535,255,5099,-8036,0,0,0
737313,65535,255,2413,-8058,0,0,0
737314,65535,255,1451,9881,0,0,0
737315,65535,255,4539,9793,0,0,0
737316,65535,255,6307,9781,0,0,0
737317,65535,255,5700,-8009,0,0,0
737318,233,0,3481,-8009,1,0,1
737319,65535,255,142,8635,0,0,0
737320,218,0,3680,9859,1,0,1
737321,65535,255,5823,9797,0,0,1
737322,65535,255,6203,-7987,0,0,0
737323,206,0,4374,-8092,1,0,1
737324,102,0,1197,-8263,1,0,1
737325,65535,255,2654,9812,0,0,0
737326,65535,255,5242,9777,0,0,0
737327,65535,255,6628,-7975,0,0,0
737328,65535,255,5104,-8067,0,0,0
737329,65535,255,2423,-8137,0,0,0
737330,65535,255,1452,9696,0,0,0
737331,65535,255,4535,9851,0,0,0
737332,65535,255,6306,9772,0,0,0
737333,129,0,5707,-8026,1,0,1
737334,268,0,3494,-8090,1,0,1
737335,248,0,133,8275,1,0,1
737336,219,0,3675,9797,1,0,0
737337,65535,255,5817,9772,0,0,0
737338,216,2,6210,-7987,1,0,1
737339,186,0,4384,-8025,1,0,1
737340,65535,255,1213,-8126,0,0,0
737341,221,0,2634,9807,1,0,1
737342,65535,255,5233,9799,0,0,0
737343,65535,255,6635,-7959,0,0,0
737344,65535,255,5118,-8065,0,0,0
737345,231,0,2443,-7997,1,0,1
737346,65535,255,1423,9925,0,0,0
737347,65535,255,4522,9839,0,0,0
737348,272,0,6297,9783,1,0,1
737349,65535,255,5718,-8029,0,0,0
737350,65535,255,3511,-8108,0,0,0
737351,224,2,100,8784,1,0,1
737352,261,0,3660,9792,1,0,1
737353,263,0,5808,9790,1,0,1
737354,285,0,6219,-8006,1,0,1
737355,242,0,4397,-8069,1,0,0
737356,65535,255,1230,-7910,0,0,0
737357,295,0,2619,9906,1,0,1
737358,0,0,0,0,0,0,0
737359,65535,255,6642,-7994,0,0,0
737360,65535,255,5127,-8044,0,0,0
737361,214,0,2463,-8165,1,0,1
737362,65535,255,1406,9855,0,0,0
737363,65535,255,4512,9808,0,0,0
737364,65535,255,6293,9784,0,0,0
737365,237,0,5728,-8051,1,0,1
737366,225,0,3528,-8124,1,0,1
737367,65535,255,85,8185,0,0,0
737368,276,0,3645,9768,1,0,1
737369,65535,255,5801,9769,0,0,0
737370,190,0,6226,-7975,1,0,1
737371,65535,255,4414,-8094,0,0,0
737372,247,0,1253,-7940,1,0,1
737373,206,0,2594,9895,1,0,1
737374,65535,255,5207,9830,0,0,0
737375,274,0,6650,-7974,1,0,1
737376,204,0,5138,-8002,1,0,1
737377,246,0,2483,-8011,1,0,1
737378,255,2,1378,9928,1,0,1
737379,65535,255,4491,9828,0,0,0
737380,65535,255,6281,9799,0,0,0
737381,65535,255,5738,-8007,0,0,0
737382,212,0,3545,-8047,1,0,1
737383,220,0,49,11711,1,0,1
737384,65535,255,3623,9834,0,0,0
737385,65535,255,5789,9803,0,0,0
737386,65535,255,6236,-8012,0,0,0
737387,234,0,4428,-8062,1,0,1
737388,65535,255,1281,-8254,0,0,0
737389,65535,255,2575,9858,0,0,0
737390,65535,255,5196,9815,0,0,0
737391,65535,255,6655,-7970,0,0,0
737392,257,0,5147,-8003,1,0,1
737393,65535,255,2502,-8024,0,0,0
737394,65535,255,1355,9955,0,0,0
737395,229,0,4481,9841,1,0,1
737396,65535,255,6272,9811,0,0,0
737397,65535,255,5745,-8023,0,0,0
737398,226,0,3558,-8089,1,0,1
737399,65535,255,50,5245,0,0,0
737400,174,0,3606,9874,1,0,1
737401,65535,255,5782,9769,0,0,0
737402,129,2,6239,-7985,1,0,1
737403,203,0,4435,-8023,1,0,1
737404,65535,255,1292,-8098,0,0,0
737405,119,2,2565,9796,1,0,1
737406,159,0,5190,9795,1,0,1
737407,65535,255,6658,-7960,0,0,1
737408,65535,255,5156,-8063,0,0,0
737409,167,0,2512,-8011,1,0,1
737410,170,0,1344,9955,1,0,1
737411,65535,255,4471,9841,0,0,0
737412,248,0,6269,9787,1,0,1
737413,65535,255,5748,-8032,0,0,0
737414,65535,255,3567,-8114,0,0,0
737415,169,0,30,5956,1,0,1
737416,65535,255,3602,9801,0,0,0
737417,210,0,5777,9791,1,0,1
737418,163,0,6242,-8007,1,0,1
737419,221,0,4439,-8067,1,0,1
737420,223,0,1299,-7918,1,0,1
737421,230,0,2555,9909,1,0,1
737422,198,0,5185,9842,1,0,1
737423,65535,255,6661,-7992,0,0,1
737424,200,0,5156,-8042,1,0,1
737425,241,0,2517,-8149,1,0,1
737426,65535,255,1344,9856,0,0,0
737427,223,0,4471,9829,1,0,1
737428,235,0,6267,9808,1,0,1
737429,189,0,5748,-8027,1,0,1
737430,218,2,3567,-8105,1,0,1
737431,65535,255,27,6902,0,0,0
737432,65535,255,3602,9801,0,0,0
737433,65535,255,5777,9800,0,0,0
737434,193,0,6243,-8018,1,0,1
737435,190,2,4438,-8086,1,0,1
737436,216,2,1298,-7995,1,0,1
737437,65535,255,2560,9760,0,0,0
737438,65535,255,5188,9791,0,0,0
737439,65535,255,6660,-7960,0,0,1
737440,176,0,5153,-8030,1,0,1
737441,222,0,2512,-8048,1,0,1
737442,65535,255,1350,9660,0,0,0
737443,65535,255,4475,9779,0,0,0
737444,201,0,6271,9786,1,0,1
737445,223,0,5745,-8001,1,0,1
737446,216,0,3562,-8062,1,0,1
737447,182,0,42,5204,1,0,1
737448,203,0,3606,9793,1,0,1
737449,65535,255,5781,9796,0,0,0
737450,65535,255,6241,-8014,0,0,0
737451,65535,255,4435,-8086,0,0,0
737452,65535,255,1293,-8021,0,0,0
737453,65535,255,2569,9785,0,0,0
737454,184,0,5192,9801,1,0,1
737455,65535,255,6657,-7969,0,0,0
737456,65535,255,5149,-8011,0,0,0
737457,65535,255,2507,-8098,0,0,0
737458,65535,255,1361,9857,0,0,0
737459,65535,255,4481,9829,0,0,0
737460,202,0,6275,9784,1,0,1
737461,194,0,5743,-8040,1,0,1
737462,233,0,3550,-8011,1,0,1
737463,209,2,44,11981,1,0,1
737464,212,2,3619,9860,1,0,0
737465,147,0,5787,9775,1,0,1
737466,65535,255,6234,-7995,0,0,0
737467,204,0,4425,-8054,1,0,0
737468,240,0,1276,-7914,1,0,0
737469,202,0,2580,9868,1,0,1
737470,209,0,5204,9786,1,0,1
737471,65535,255,6652,-7963,0,0,1
737472,225,0,5141,-8006,1,0,1
737473,233,0,2492,-8086,1,0,1
737474,211,0,1378,9785,1,0,1
737475,169,0,4494,9823,1,0,1
737476,0,0,0,0,0,0,0
737477,65535,255,5735,-8040,0,0,0
737478,65535,255,3537,-8020,0,0,0
737479,249,0,67,11715,1,0,1
737480,212,0,3632,9877,1,0,1
737481,229,0,5798,9779,1,0,1
737482,65535,255,6228,-8007,0,0,0
737483,260,0,4414,-8080,1,0,1
737484,65535,255,1253,-8045,0,0,0
737485,239,2,2604,9810,1,0,1
737486,65535,255,5215,9821,0,0,0
737487,210,2,6647,-7986,1,0,1
737488,65535,255,5132,-8047,0,0,0
737489,237,0,2467,-7996,1,0,1
737490,229,0,1401,10001,1,0,1
737491,65535,255,4512,9785,0,0,0
737492,65535,255,6292,9793,0,0,0
737493,65535,255,5723,-8019,0,0,0
737494,65535,255,3520,-8114,0,0,0
737495,247,2,93,10130,1,0,1
737496,247,0,3656,9859,1,0,1
737497,262,0,5810,9770,1,0,1
737498,207,0,6218,-8003,1,0,1
737499,65535,255,4394,-8080,0,0,0
737500,65535,255,1224,-8044,0,0,0
737501,65535,255,2629,9823,0,0,0
737502,65535,255,5230,9826,0,0,0
737503,215,0,6637,-7992,1,0,1
737504,274,0,5115,-8058,1,0,1
737505,65535,255,2438,-8034,0,0,0
737506,0,0,0,0,0,0,0
737507,65535,255,4532,9810,0,0,0
737508,65535,255,6302,9808,0,0,0
737509,65535,255,5709,-8045,0,0,0
737510,216,0,3490,-8037,1,0,1
737511,65535,255,142,7903,0,0,0
737512,65535,255,3684,9794,0,0,0
737513,233,0,5822,9804,1,0,1
737514,65535,255,6203,-7977,0,0,0
737515,65535,255,4368,-8042,0,0,0
737516,65535,255,1180,-7900,0,0,0
737517,65535,255,2664,9775,0,0,1
737518,0,0,0,0,0,0,0
737519,65535,255,6623,-7983,0,0,0
737520,65535,255,5093,-8048,0,0,0
737521,0,0,0,0,0,0,0
737522,268,2,1474,9721,1,0,1
737523,0,0,0,0,0,0,0
737524,65535,255,6316,9805,0,0,0
737525,65535,255,5688,-8018,0,0,0
737526,65535,255,3456,-8010,0,0,0
737527,0,0,0,0,0,0,0
737528,65535,255,3704,9826,0,0,0
737529,65535,255,5833,9770,0,0,0
737530,65535,255,6197,-8015,0,0,0
737531,227,0,4357,-8023,1,0,1
737532,0,0,0,0,0,0,0
737533,65535,255,2669,9811,0,0,0
737534,65535,255,5247,9842,0,0,0
737535,183,0,6623,-7963,1,0,1
737536,274,0,5096,-8032,1,0,1
737537,244,0,2408,-8033,1,0,1
737538,65535,255,1457,9812,0,0,0
737539,65535,255,4539,9860,0,0,0
737540,65535,255,6308,9797,0,0,0
737541,233,0,5703,-8045,1,0,1
737542,65535,255,3486,-8071,0,0,0
737543,65535,255,133,10056,0,0,0
737544,269,0,3679,9803,1,0,1
737545,230,2,5818,9813,1,0,1
737546,256,2,6207,-7996,1,0,1
737547,65535,255,4378,-8099,0,0,0
737548,218,2,1208,-8263,1,0,0
737549,0,0,0,0,0,0,0
737550,65535,255,5233,9837,0,0,0
737551,65535,255,6630,-7963,0,0,0
737552,228,0,5110,-8037,1,0,1
737553,0,0,0,0,0,0,0
737554,65535,255,1429,9858,0,0,0
737555,65535,255,4526,9780,0,0,0
737556,261,0,6298,9813,1,0,1
737557,65535,255,5712,-7997,0,0,0
737558,212,0,3507,-8122,1,0,1
737559,65535,255,120,7528,0,0,0
737560,65535,255,3660,9835,0,0,0
737561,65535,255,5808,9784,0,0,0
737562,218,0,6213,-7973,1,0,0
737563,65535,255,4391,-8067,0,0,0
737564,65535,255,1225,-8123,0,0,0
737565,65535,255,2620,9883,0,0,0
737566,65535,255,5222,9822,0,0,0
737567,65535,255,6637,-7956,0,0,0
737568,65535,255,5121,-8031,0,0,0
737569,65535,255,2453,-8047,0,0,0
737570,65535,255,1412,9881,0,0,0
737571,0,0,0,0,0,0,0
737572,186,0,6292,9770,1,0,1
737573,65535,255,5722,-8010,0,0,0
737574,238,0,3516,-8018,1,0,1
737575,65535,255,89,8648,0,0,0
737576,65535,255,3644,9876,0,0,0
737577,0,0,0,0,0,0,0
737578,65535,255,6221,-7999,0,0,0
737579,246,0,4401,-8009,1,0,1
737580,65535,255,1242,-7936,0,0,0
737581,65535,255,2609,9848,0,0,0
737582,65535,255,5216,9792,0,0,0
737583,171,0,6643,-7988,1,0,1
737584,292,0,5129,-8005,1,0,1
737585,149,2,2468,-7983,1,0,1
737586,232,0,1395,9786,1,0,1
737587,65535,255,4503,9808,0,0,0
737588,65535,255,6286,9813,0,0,0
737589,65535,255,5728,-8005,0,0,0
737590,253,0,3528,-8018,1,0,1
737591,65535,255,78,8465,0,0,0
737592,65535,255,3636,9878,0,0,0
737593,226,0,5798,9814,1,0,1
737594,225,0,6227,-8006,1,0,1
737595,246,0,4408,-8028,1,0,1
737596,147,0,1253,-8016,1,0,1
737597,299,0,2599,9897,1,0,1
737598,264,0,5210,9817,1,0,1
737599,145,0,6647,-7956,1,0,1
737600,65535,255,5135,-8041,0,0,0
737601,65535,255,2477,-8085,0,0,0
737602,65535,255,1389,9978,0,0,0
737603,65535,255,4498,9824,0,0,0
737604,65535,255,6287,9790,0,0,0
737605,65535,255,5732,-8023,0,0,0
737606,65535,255,3536,-8104,0,0,0
737607,228,0,85,6422,1,0,1
737608,265,0,3636,9844,1,0,1
737609,221,0,5795,9801,1,0,1
737610,65535,255,6228,-7995,0,0,0
737611,65535,255,4411,-8015,0,0,0
737612,221,0,1259,-7991,1,0,1
737613,65535,255,2594,9897,0,0,0
737614,210,0,5210,9817,1,0,1
737615,65535,255,6648,-7959,0,0,0
737616,65535,255,5138,-8046,0,0,0
737617,235,2,2482,-8110,1,0,0
737618,65535,255,1390,9666,0,0,0
737619,65535,255,4498,9849,0,0,0
737620,65535,255,6284,9802,0,0,0
737621,180,0,5733,-8001,1,0,1
737622,65535,255,3532,-8018,0,0,0
737623,65535,255,71,8795,0,0,0
737624,65535,255,3637,9768,0,0,0
737625,65535,255,5795,9812,0,0,0
737626,65535,255,6228,-7997,0,0,0
737627,65535,255,4414,-8072,0,0,0
737628,212,0,1263,-8226,1,0,1
737629,193,0,2595,9822,1,0,1
737630,225,0,5208,9791,1,0,1
737631,127,0,6649,-7994,1,0,1
737632,296,0,5137,-8026,1,0,1
737633,65535,255,2482,-8058,0,0,1
737634,236,0,1384,9977,1,0,1
737635,186,2,4499,9830,1,0,1
737636,65535,255,6286,9794,0,0,0
737637,41,2,5730,-7996,1,0,1
737638,195,0,3532,-8009,1,0,1
737639,65535,255,73,8334,0,0,0
737640,163,2,3637,9782,1,0,1
737641,190,0,5795,9803,1,0,1
737642,65535,255,6225,-7972,0,0,0
737643,65535,255,4413,-8078,0,0,0
737644,209,0,1257,-8216,1,0,1
737645,65535,255,2595,9846,0,0,0
737646,65535,255,5211,9806,0,0,0
737647,65535,255,6646,-7956,0,0,0
737648,65535,255,5134,-8046,0,0,0
737649,256,0,2477,-8122,1,0,1
737650,65535,255,1396,9712,0,0,0
737651,65535,255,4500,9840,0,0,0
737652,65535,255,6288,9777,0,0,0
737653,65535,255,5728,-8026,0,0,1
737654,65535,255,3527,-8069,0,0,0
737655,65535,255,77,12335,0,0,0
737656,309,0,3637,9843,1,0,1
737657,65535,255,5798,9805,0,0,0
737658,65535,255,6224,-8009,0,0,0
737659,65535,255,4407,-8047,0,0,0
737660,65535,255,1246,-8174,0,0,0
737661,126,0,2605,9797,1,0,1
737662,65535,255,5214,9787,0,0,0
737663,65535,255,6645,-7998,0,0,0
737664,243,0,5129,-8036,1,0,0
737665,204,2,2467,-8109,1,0,1
737666,65535,255,1402,9713,0,0,0
737667,217,0,4506,9862,1,0,1
737668,65535,255,6290,9775,0,0,0
737669,198,2,5723,-8030,1,0,1
737670,65535,255,3519,-8086,0,0,0
737671,225,2,101,6987,1,0,1
737672,224,0,3646,9867,1,0,1
737673,265,0,5802,9818,1,0,1
737674,65535,255,6219,-8002,0,0,0
737675,65535,255,4397,-8079,0,0,0
737676,65535,255,1230,-7904,0,0,0
737677,207,0,2615,9883,1,0,1
737678,65535,255,5220,9822,0,0,0
737679,65535,255,6638,-7972,0,0,0
737680,226,0,5118,-7999,1,0,0
737681,65535,255,2452,-8019,0,0,1
737682,65535,255,1418,9926,0,0,0
737683,65535,255,4517,9836,0,0,0
737684,136,0,6295,9805,1,0,1
737685,174,0,5716,-8013,1,0,1
737686,65535,255,3506,-8061,0,0,0
737687,65535,255,110,11581,0,0,0
737688,65535,255,3662,9859,0,0,0
737689,65535,255,5810,9822,0,0,0
737690,65535,255,6212,-7972,0,0,0
737691,65535,255,4387,-8091,0,0,0
737692,65535,255,1213,-7985,0,0,0
737693,228,0,2630,9931,1,0,1
737694,65535,255,5233,9800,0,0,0
737695,65535,255,6634,-7991,0,0,0
737696,0,0,0,0,0,0,0
737697,65535,255,2442,-8139,0,0,0
737698,65535,255,1429,9829,0,0,0
737699,65535,255,4523,9813,0,0,0
737700,147,0,6298,9795,1,0,1
737701,215,0,5715,-8012,1,0,1
737702,65535,255,3506,-8073,0,0,0
737703,65535,255,114,7675,0,0,0
737704,65535,255,3658,9864,0,0,1
737705,177,0,5809,9777,1,0,1
737706,260,2,6217,-7994,1,0,0
737707,65535,255,4393,-8043,0,0,0
737708,273,0,1229,-8233,1,0,1
737709,65535,255,2620,9868,0,0,0
737710,65535,255,5223,9830,0,0,0
737711,65535,255,6641,-7985,0,0,0
737712,65535,255,5122,-8029,0,0,0
737713,65535,255,2456,-8126,0,0,0
737714,278,0,1413,9830,1,0,1
737715,221,0,4513,9821,1,0,1
737716,265,0,6292,9803,1,0,0
737717,65535,255,5724,-8024,0,0,0
737718,0,0,0,0,0,0,0
737719,255,0,88,8997,1,0,1
737720,323,0,3652,9808,1,0,1
737721,65535,255,5803,9807,0,0,0
737722,65535,255,6222,-8024,0,0,0
737723,65535,255,4403,-8073,0,0,0
737724,65535,255,1241,-8073,0,0,0
737725,65535,255,2614,9809,0,0,0
737726,270,0,5218,9810,1,0,1
737727,65535,255,6643,-7978,0,0,0
737728,280,0,5126,-8024,1,0,1
737729,65535,255,2467,-8126,0,0,0
737730,187,0,1400,9903,1,0,1
737731,243,0,4508,9847,1,0,1
737732,65535,255,6293,9765,0,0,0
737733,65535,255,5725,-8029,0,0,0
737734,65535,255,3523,-8030,0,0,0
737735,265,0,88,12081,1,0,1
737736,242,0,3644,9890,1,0,1
737737,267,0,5803,9781,1,0,1
737738,282,0,6224,-8009,1,0,1
737739,288,0,4404,-8082,1,0,0
737740,65535,255,1242,-8017,0,0,0
737741,65535,255,2614,9797,0,0,0
737742,256,0,5218,9810,1,0,1
737743,65535,255,6645,-7977,0,0,0
737744,0,0,0,0,0,0,0
737745,280,0,2468,-8151,1,0,0
737746,65535,255,1406,9903,0,0,0
737747,273,0,4508,9853,1,0,1
737748,65535,255,6292,9777,0,0,0
737749,247,0,5723,-7999,1,0,1
737750,65535,255,3519,-8072,0,0,0
737751,254,2,91,8283,1,0,1
737752,304,0,3652,9809,1,0,1
737753,65535,255,5806,9811,0,0,0
737754,65535,255,6220,-7982,0,0,0
737755,263,0,4398,-8037,1,0,1
737756,305,2,1236,-8288,1,0,0
737757,253,2,2614,9931,1,0,1
737758,275,0,5224,9790,1,0,1
737759,233,2,6640,-7968,1,0,1
737760,276,0,5121,-8018,1,0,1
737761,65535,255,2457,-8139,0,0,0
737762,278,0,1412,9903,1,0,1
737763,175,2,4515,9859,1,0,0
737764,65535,255,6297,9784,0,0,0
737765,65535,255,5719,-8012,0,0,0
737766,210,0,3511,-8107,1,0,1
737767,65535,255,104,10092,0,0,0
737768,235,0,3660,9858,1,0,1
737769,240,0,5811,9773,1,0,1
737770,65535,255,6214,-8008,0,0,0
737771,162,0,4391,-8094,1,0,1
737772,166,0,1219,-8098,1,0,1
737773,65535,255,2629,9858,0,0,0
737774,65535,255,5227,9827,0,0,0
737775,65535,255,6634,-7974,0,0,0
737776,251,0,5112,-8003,1,0,1
737777,220,0,2438,-8113,1,0,1
737778,205,0,1434,9879,1,0,1
737779,222,0,4525,9853,1,0,1
737780,65535,255,6303,9781,0,0,0
737781,234,0,5709,-8016,1,0,1
737782,247,0,3494,-8115,1,0,1
737783,242,0,122,10335,1,0,0
737784,312,0,3672,9874,1,0,1
737785,284,0,5820,9786,1,0,1
737786,221,0,6207,-8024,1,0,1
737787,299,0,4371,-8017,1,0,1
737788,257,0,1197,-8237,1,0,1
737789,235,0,2649,9930,1,0,1
737790,217,0,5242,9800,1,0,1
737791,65535,255,6627,-7978,0,0,0
737792,65535,255,5099,-8044,0,0,0
737793,284,0,2409,-8008,1,0,1
737794,261,0,1463,9719,1,0,1
737795,343,0,4545,9816,1,0,1
737796,65535,255,6313,9763,0,0,0
737797,65535,255,5695,-7993,0,0,0
737798,241,0,3473,-8081,1,0,1
737799,237,0,160,8570,1,0,1
737800,242,0,3696,9818,1,0,1
737801,185,0,5830,9825,1,0,1
737802,65535,255,6194,-7998,0,0,0
737803,222,0,4354,-8083,1,0,1
737804,234,0,1162,-8103,1,0,1
737805,222,0,2679,9871,1,0,1
737806,231,0,5260,9780,1,0,1
737807,205,0,6616,-7968,1,0,1
737808,240,0,5082,-8034,1,0,1
737809,227,0,2379,-7995,1,0,1
737810,230,0,1497,9704,1,0,1
737811,213,0,4566,9816,1,0,1
737812,65535,255,6325,9764,0,0,0
737813,65535,255,5682,-8043,0,0,0
737814,264,0,3448,-8091,1,0,1
737815,248,0,181,10567,1,0,1
737816,233,0,3713,9810,1,0,1
737817,215,0,5840,9774,1,0,1
737818,65535,255,6190,-8010,0,0,0
737819,65535,255,4347,-8063,0,0,0
737820,231,0,1157,-8131,1,0,1
737821,231,0,2684,9752,1,0,1
737822,233,0,5256,9831,1,0,1
737823,170,0,6618,-7961,1,0,1
737824,282,0,5087,-8044,1,0,1
737825,228,0,2399,-8088,1,0,1
737826,260,0,1474,9972,1,0,1
737827,189,0,4549,9823,1,0,1
737828,209,0,6315,9786,1,0,1
737829,240,0,5695,-8039,1,0,1
737830,233,0,3473,-8082,1,0,1
737831,65535,255,153,10917,0,0,0
737832,65535,255,3692,9819,0,0,0
737833,65535,255,5828,9783,0,0,0
737834,178,0,6201,-7978,1,0,1
737835,65535,255,4367,-8082,0,0,0
737836,249,0,1185,-8242,1,0,1
737837,241,0,2659,9812,1,0,1
737838,238,0,5244,9781,1,0,1
737839,160,0,6628,-7984,1,0,1
737840,214,0,5101,-8002,1,0,1
737841,65535,255,2418,-7983,0,0,0
737842,225,0,1451,9813,1,0,1
737843,0,0,0,0,0,0,0
737844,65535,255,6307,9764,0,0,0
737845,0,0,0,0,0,0,0
737846,65535,255,3490,-8046,0,0,0
737847,65535,255,127,9829,0,0,0
737848,169,0,3676,9787,1,0,1
737849,242,0,5820,9771,1,0,1
737850,65535,255,6209,-8000,0,0,0
737851,250,0,4380,-8069,1,0,1
737852,280,0,1207,-8211,1,0,1
737853,223,2,2639,9799,1,0,1
737854,65535,255,5236,9781,0,0,0
737855,65535,255,6635,-7984,0,0,0
737856,65535,255,5109,-8008,0,0,0
737857,65535,255,2438,-8009,0,0,0
737858,65535,255,1434,9860,0,0,0
737859,253,0,4525,9799,1,0,1
737860,65535,255,6301,9775,0,0,0
737861,65535,255,5714,-8036,0,0,0
737862,274,0,3502,-8081,1,0,1
737863,65535,255,114,11284,0,0,0
737864,65535,255,3664,9836,0,0,0
737865,0,0,0,0,0,0,0
737866,65535,255,6214,-7996,0,0,0
737867,274,0,4387,-8018,1,0,1
737868,65535,255,1219,-8018,0,0,0
737869,280,0,2624,9909,1,0,1
737870,65535,255,5227,9827,0,0,0
737871,114,2,6637,-7970,1,0,1
737872,65535,255,5120,-8064,0,0,0
737873,0,0,0,0,0,0,0
737874,0,0,0,0,0,0,0
737875,0,0,0,0,0,0,0
737876,296,2,6299,9768,1,0,1
737877,65535,255,5718,-8032,0,0,0
737878,249,0,3511,-8080,1,0,1
737879,257,0,104,11729,1,0,1
737880,0,0,0,0,0,0,0
737881,236,0,5808,9805,1,0,1
737882,65535,255,6218,-8007,0,0,0
737883,0,0,0,0,0,0,0
737884,65535,255,1224,-8153,0,0,0
737885,252,0,2624,9799,1,0,1
737886,65535,255,5224,9786,0,0,0
737887,65535,255,6640,-7992,0,0,0
737888,65535,255,5120,-8028,0,0,0
737889,328,0,2452,-8086,1,0,1
737890,65535,255,1421,9801,0,0,0
737891,263,0,4515,9855,1,0,1
737892,65535,255,6295,9813,0,0,0
737893,257,0,5718,-8019,1,0,1
737894,279,0,3511,-8062,1,0,1
737895,65535,255,102,11434,0,0,0
737896,65535,255,3656,9844,0,0,0
737897,0,0,0,0,0,0,0
737898,65535,255,6217,-8015,0,0,0
737899,65535,255,4394,-8061,0,0,0
737900,314,0,1225,-8236,1,0,1
737901,65535,255,2624,9848,0,0,0
737902,65535,255,5225,9807,0,0,0
737903,158,0,6637,-7963,1,0,0
737904,65535,255,5118,-8063,0,0,0
737905,65535,255,2443,-8000,0,0,0
737906,65535,255,1423,9860,0,0,0
737907,263,0,4519,9818,1,0,1
737908,65535,255,6297,9794,0,0,0
737909,239,0,5714,-8002,1,0,1
737910,65535,255,3502,-8036,0,0,0
737911,65535,255,106,10741,0,0,0
737912,65535,255,3661,9836,0,0,0
737913,258,0,5811,9809,1,0,1
737914,65535,255,6213,-8015,0,0,0
737915,65535,255,4387,-8073,0,0,0
737916,65535,255,1214,-7878,0,0,0
737917,65535,255,2629,9885,0,0,0
737918,65535,255,5231,9832,0,0,0
737919,300,0,6634,-7979,1,0,1
737920,65535,255,5110,-8016,0,0,0
737921,306,0,2438,-8073,1,0,1
737922,65535,255,1436,9672,0,0,0
737923,65535,255,4527,9825,0,0,0
737924,359,0,6302,9771,1,0,1
737925,361,0,5710,-8045,1,0,1
737926,292,0,3492,-8035,1,0,1
737927,65535,255,122,9813,0,0,0
737928,252,0,3673,9819,1,0,1
737929,0,0,0,0,0,0,0
737930,65535,255,6207,-8015,0,0,0
737931,65535,255,4378,-8074,0,0,0
737932,65535,255,1197,-7903,0,0,0
737933,348,0,2644,9908,1,0,1
737934,337,0,5239,9842,1,0,1
737935,250,0,6628,-7990,1,0,1
737936,249,0,5101,-8037,1,0,1
737937,65535,255,2423,-8139,0,0,0
737938,65535,255,1451,9813,0,0,0
737939,65535,255,4539,9811,0,0,0
737940,0,0,0,0,0,0,0
737941,65535,255,5700,-8014,0,0,0
737942,65535,255,3477,-8080,0,0,0
737943,65535,255,150,8488,0,0,0
737944,0,0,0,0,0,0,0
737945,65535,255,5828,9784,0,0,0
737946,292,0,6199,-8000,1,0,1
737947,277,0,4360,-8055,1,0,1
737948,65535,255,1179,-8266,0,0,0
737949,0,0,0,0,0,0,0
737950,181,0,5250,9842,1,0,1
737951,65535,255,6621,-7990,0,0,0
737952,206,0,5090,-8043,1,0,1
737953,65535,255,2398,-8165,0,0,0
737954,226,0,1480,9881,1,0,1
737955,138,0,4553,9835,1,0,0
737956,65535,255,6317,9812,0,0,0
737957,205,0,5690,-8033,1,0,1
737958,65535,255,3460,-8124,0,0,0
737959,259,2,174,9828,1,0,0
737960,65535,255,3712,9827,0,0,0
737961,65535,255,5839,9813,0,0,0
737962,272,0,6188,-7976,1,0,1
737963,65535,255,4343,-8009,0,0,0
737964,243,2,1145,-8099,1,0,1
737965,65535,255,2693,9824,0,0,0
737966,207,2,5267,9817,1,0,1
737967,118,0,6612,-7963,1,0,1
737968,65535,255,5078,-8038,0,0,0
737969,248,2,2379,-8047,1,0,1
737970,65535,255,1496,9837,0,0,0
737971,65535,255,4565,9796,0,0,0
737972,65535,255,6322,9804,0,0,0
737973,65535,255,5684,-7988,0,0,0
737974,65535,255,3456,-8097,0,0,0
737975,65535,255,175,10581,0,0,0
737976,65535,255,3713,9795,0,0,0
737977,0,0,0,0,0,0,0
737978,65535,255,6192,-8008,0,0,0
737979,65535,255,4351,-8016,0,0,0
737980,270,0,1157,-7898,1,0,1
737981,65535,255,2679,9824,0,0,0
737982,65535,255,5259,9776,0,0,0
737983,65535,255,6619,-7973,0,0,0
737984,65535,255,5089,-8052,0,0,0
737985,65535,255,2398,-8087,0,0,0
737986,65535,255,1474,9927,0,0,0
737987,292,0,4556,9805,1,0,1
737988,65535,255,6318,9768,0,0,0
737989,283,2,5693,-8010,1,0,1
737990,0,0,0,0,0,0,0
737991,289,0,160,8769,1,0,1
737992,275,0,3697,9851,1,0,1
737993,233,0,5831,9791,1,0,0
737994,65535,255,6197,-7981,0,0,0
737995,65535,255,4362,-8074,0,0,0
737996,65535,255,1178,-8181,0,0,0
737997,65535,255,2670,9763,0,0,0
737998,300,0,5248,9827,1,0,1
737999,103,0,6625,-7956,1,0,1
738000,65535,255,5097,-8032,0,0,0
738001,65535,255,2412,-8046,0,0,0
738002,331,0,1458,9879,1,0,0
738003,302,0,4543,9792,1,0,0
738004,65535,255,6312,9761,0,0,0
738005,231,0,5701,-8009,1,0,0
738006,344,0,3480,-8009,1,0,1
738007,268,0,149,8686,1,0,1
738008,245,0,3686,9859,1,0,1
738009,280,0,5824,9796,1,0,1
738010,345,0,6203,-7988,1,0,1
738011,143,0,4373,-8092,1,0,1
738012,246,0,1196,-8264,1,0,1
738013,273,0,2655,9811,1,0,1
738014,319,0,5242,9780,1,0,1
738015,65535,255,6629,-7976,0,0,0
738016,334,0,5103,-8062,1,0,1
738017,65535,255,2422,-8137,0,0,0
738018,65535,255,1452,9681,0,0,0
738019,207,2,4536,9836,1,0,1
738020,270,0,6306,9790,1,0,1
738021,321,2,5706,-8044,1,0,1
738022,65535,255,3489,-8088,0,0,0
738023,92,0,131,11052,1,0,1
738024,267,0,3677,9811,1,0,1
738025,175,2,5819,9775,1,0,1
738026,90,2,6205,-7972,1,0,1
738027,203,2,4377,-8067,1,0,1
738028,287,2,1201,-8179,1,0,1
738029,279,0,2645,9774,1,0,1
738030,315,0,5235,9842,1,0,1
738031,65535,255,6629,-7972,0,0,0
738032,65535,255,5106,-8062,0,0,0
738033,65535,255,2427,-8124,0,0,0
738034,65535,255,1447,9695,0,0,0
738035,65535,255,4530,9842,0,0,0
738036,65535,255,6303,9798,0,0,0
738037,273,0,5706,-7988,1,0,1
738038,65535,255,3493,-8113,0,0,0
738039,65535,255,136,8051,0,0,0
738040,272,0,3673,9852,1,0,1
738041,156,0,5817,9801,1,0,1
738042,71,0,6208,-7995,1,0,1
738043,65535,255,4376,-8015,0,0,0
738044,65535,255,1201,-7958,0,0,0
738045,257,0,2640,9883,1,0,1
738046,301,0,5235,9807,1,0,1
738047,102,0,6629,-7975,1,0,1
738048,122,2,5106,-8036,1,0,1
738049,252,0,2427,-8084,1,0,1
738050,65535,255,1441,9974,0,0,0
738051,65535,255,4530,9830,0,0,0
738052,199,2,6303,9790,1,0,1
738053,300,0,5706,-7984,1,0,1
738054,65535,255,3494,-8121,0,0,0
738055,65535,255,134,8289,0,0,0
738056,243,0,3674,9867,1,0,1
738057,125,2,5817,9809,1,0,1
738058,177,0,6206,-8010,1,0,1
738059,65535,255,4377,-8051,0,0,0
738060,252,0,1207,-8291,1,0,1
738061,226,0,2640,9904,1,0,1
738062,335,0,5233,9794,1,0,1
738063,65535,255,6632,-7996,0,0,0
738064,65535,255,5109,-8055,0,0,0
738065,65535,255,2432,-7996,0,0,0
738066,65535,255,1435,9971,0,0,0
738067,234,0,4527,9864,1,0,1
738068,332,0,6301,9776,1,0,1
738069,256,0,5708,-7995,1,0,1
738070,65535,255,3497,-8047,0,0,0
738071,65535,255,123,9418,0,0,0
738072,65535,255,3669,9773,0,0,0
738073,263,0,5815,9785,1,0,0
738074,65535,255,6212,-8009,0,0,0
738075,192,0,4387,-8083,1,0,0
738076,65535,255,1212,-7990,0,0,0
738077,65535,255,2635,9785,0,0,0
738078,183,0,5231,9804,1,0,1
738079,65535,255,6635,-7975,0,0,0
738080,65535,255,5111,-8024,0,0,0
738081,65535,255,2442,-8139,0,0,0
738082,65535,255,1430,9878,0,0,0
738083,203,0,4523,9846,1,0,1
738084,65535,255,6300,9769,0,0,0
738085,65535,255,5713,-7991,0,0,0
738086,337,0,3501,-8046,1,0,1
738087,65535,255,124,7896,0,0,0
738088,246,0,3669,9785,1,0,1
738089,157,0,5813,9798,1,0,1
738090,65535,255,6212,-8025,0,0,0
738091,65535,255,4384,-8012,0,0,0
738092,65535,255,1213,-8184,0,0,0
738093,65535,255,2634,9870,0,0,0
738094,266,0,5231,9801,1,0,1
738095,65535,255,6634,-7986,0,0,0
738096,221,0,5113,-8032,1,0,1
738097,282,0,2437,-8076,1,0,1
738098,65535,255,1434,9810,0,0,0
738099,328,0,4529,9828,1,0,1
738100,315,0,6303,9765,1,0,1
738101,65535,255,5711,-7991,0,0,0
738102,65535,255,3498,-8057,0,0,0
738103,225,0,125,8474,1,0,1
738104,65535,255,3672,9817,0,0,0
738105,65535,255,5817,9819,0,0,0
738106,180,0,6210,-7990,1,0,0
738107,65535,255,4380,-8063,0,0,0
738108,65535,255,1202,-7990,0,0,0
738109,216,2,2644,9810,1,0,1
738110,248,2,5239,9825,1,0,1
738111,260,0,6633,-7991,1,0,1
738112,65535,255,5106,-8066,0,0,0
738113,65535,255,2428,-8062,0,0,0
738114,278,2,1451,9788,1,0,1
738115,328,0,4539,9834,1,0,1
738116,65535,255,6309,9770,0,0,0
738117,0,0,0,0,0,0,0
738118,246,0,3485,-8091,1,0,1
738119,65535,255,140,9820,0,0,0
738120,65535,255,3684,9866,0,0,0
738121,65535,255,5827,9782,0,0,0
738122,208,0,6204,-8021,1,0,1
738123,258,0,4367,-8018,1,0,0
738124,311,0,1185,-8270,1,0,1
738125,267,0,2664,9750,1,0,1
738126,359,0,5250,9805,1,0,1
738127,65535,255,6624,-7985,0,0,0
738128,284,0,5095,-8060,1,0,1
738129,218,0,2403,-8062,1,0,0
738130,276,0,1474,9834,1,0,0
738131,440,0,4552,9847,1,0,1
738132,387,0,6318,9785,1,0,1
738133,284,0,5694,-8021,1,0,1
738134,65535,255,3464,-8012,0,0,0
738135,65535,255,170,9807,0,0,0
738136,329,0,3709,9778,1,0,1
738137,212,0,5835,9793,1,0,1
738138,212,0,6196,-8024,1,0,1
738139,369,0,4357,-8069,1,0,1
738140,65535,255,1174,-8241,0,0,0
738141,65535,255,2674,9822,0,0,0
738142,65535,255,5253,9789,0,0,0
738143,212,0,6623,-7995,1,0,1
738144,283,0,5092,-8023,1,0,1
738145,65535,255,2408,-8061,0,0,0
738146,65535,255,1463,9972,0,0,0
738147,291,0,4546,9828,1,0,1
738148,65535,255,6311,9796,0,0,0
738149,308,0,5699,-7994,1,0,1
738150,344,0,3477,-8012,1,0,1
738151,65535,255,146,9369,0,0,0
738152,358,0,3689,9778,1,0,1
738153,321,0,5825,9770,1,0,1
738154,65535,255,6203,-7975,0,0,0
738155,271,0,4374,-8088,1,0,1
738156,258,0,1191,-7904,1,0,1
738157,65535,255,2649,9870,0,0,0
738158,291,0,5239,9816,1,0,1
738159,191,0,6629,-7964,1,0,0
738160,249,0,5104,-8059,1,0,1
738161,65535,255,2428,-8165,0,0,0
738162,65535,255,1446,9811,0,0,0
738163,65535,255,4533,9791,0,0,0
738164,65535,255,6304,9777,0,0,0
738165,269,0,5707,-8042,1,0,1
738166,249,0,3494,-8115,1,0,1
738167,243,2,126,8474,1,0,1
738168,309,2,3668,9883,1,0,1
738169,65535,255,5814,9802,0,0,0
738170,240,0,6208,-7974,1,0,1
738171,339,0,4381,-8088,1,0,1
738172,65535,255,1209,-7908,0,0,0
738173,65535,255,2633,9883,0,0,0
738174,65535,255,5232,9826,0,0,0
738175,136,0,6633,-7971,1,0,1
738176,65535,255,5109,-8025,0,0,0
738177,238,0,2435,-8009,1,0,1
738178,256,0,1427,9904,1,0,1
738179,212,0,4524,9828,1,0,1
738180,65535,255,6298,9797,0,0,0
738181,239,0,5711,-8002,1,0,1
738182,259,0,3500,-8047,1,0,1
738183,315,0,110,10690,1,0,1
738184,65535,255,3663,9834,0,0,0
738185,244,0,5812,9804,1,0,0
738186,65535,255,6213,-8011,0,0,0
738187,65535,255,4386,-8061,0,0,0
738188,225,0,1220,-8235,1,0,1
738189,261,0,2628,9847,1,0,1
738190,201,0,5226,9811,1,0,1
738191,117,0,6634,-7967,1,0,1
738192,250,0,5117,-8069,1,0,1
738193,238,0,2444,-7996,1,0,1
738194,293,0,1422,9905,1,0,1
738195,271,0,4521,9829,1,0,1
738196,65535,255,6298,9804,0,0,0
738197,204,0,5714,-8015,1,0,1
738198,347,0,3504,-8063,1,0,1
738199,65535,255,110,11934,0,0,0
738200,281,0,3659,9867,1,0,1
738201,276,0,5809,9821,1,0,1
738202,65535,255,6213,-7974,0,0,0
738203,65535,255,4389,-8100,0,0,0
738204,65535,255,1220,-7989,0,0,0
738205,65535,255,2632,9784,0,0,0
738206,65535,255,5229,9775,0,0,0
738207,65535,255,6635,-7994,0,0,0
738208,65535,255,5114,-8037,0,0,0
738209,65535,255,2444,-8139,0,0,0
738210,235,0,1427,9810,1,0,1
738211,65535,255,4524,9804,0,0,0
738212,253,0,6299,9789,1,0,1
738213,65535,255,5713,-8002,0,0,0
738214,284,0,3504,-8045,1,0,1
738215,395,0,112,11283,1,0,1
738216,65535,255,3663,9859,0,0,0
738217,256,0,5813,9826,1,0,1
738218,65535,255,6212,-7977,0,0,0
738219,291,0,4385,-8010,1,0,1
738220,65535,255,1214,-8071,0,0,0
738221,65535,255,2638,9786,0,0,0
738222,361,0,5234,9796,1,0,1
738223,233,0,6633,-7960,1,0,1
738224,65535,255,5113,-8069,0,0,0
738225,65535,255,2434,-8021,0,0,0
738226,65535,255,1433,9974,0,0,0
738227,0,0,0,0,0,0,0
738228,0,0,0,0,0,0,0
738229,0,0,0,0,0,0,0
738230,0,0,0,0,0,0,0
738231,65535,255,121,10064,0,0,0
738232,65535,255,3675,9827,0,0,0
738233,0,0,0,0,0,0,0
738234,65535,255,6209,-7997,0,0,0
738235,65535,255,4376,-8041,0,0,0
738236,65535,255,1198,-8070,0,0,0
738237,65535,255,2647,9799,0,0,0
738238,65535,255,5239,9801,0,0,0
738239,65535,255,6629,-7966,0,0,0
738240,65535,255,5102,-8006,0,0,0
738241,292,0,2424,-8073,1,0,1
738242,65535,255,1456,9719,0,0,0
738243,65535,255,4541,9792,0,0,0
738244,65535,255,6310,9789,0,0,0
738245,271,0,5703,-8010,1,0,1
738246,65535,255,3482,-8080,0,0,0
738247,296,0,147,8678,1,0,1
738248,65535,255,3691,9787,0,0,0
738249,65535,255,5828,9796,0,0,0
738250,281,0,6202,-8015,1,0,1
738251,160,0,4365,-8086,1,0,1
738252,256,0,1175,-8040,1,0,1
738253,256,0,2668,9799,1,0,1
738254,311,2,5252,9806,1,0,1
738255,65535,255,6622,-7973,0,0,0
738256,65535,255,5091,-8021,0,0,0
738257,354,0,2400,-8113,1,0,1
738258,299,0,1478,9835,1,0,1
738259,273,2,4554,9829,1,0,0
738260,65535,255,6318,9812,0,0,0
738261,65535,255,5691,-8042,0,0,0
738262,225,0,3457,-8010,1,0,1
738263,0,0,0,0,0,0,0
738264,65535,255,3711,9867,0,0,0
738265,65535,255,5840,9775,0,0,0
738266,65535,255,6190,-8000,0,0,0
738267,326,0,4344,-8068,1,0,1
738268,288,0,1146,-7952,1,0,1
738269,65535,255,2699,9776,0,0,0
738270,65535,255,5268,9806,0,0,0
738271,65535,255,6612,-7974,0,0,0
738272,301,0,5073,-8028,1,0,1
738273,65535,255,2369,-8155,0,0,0
738274,65535,255,1512,9924,0,0,0
738275,0,0,0,0,0,0,0
738276,65535,255,6329,9773,0,0,0
738277,65535,255,5675,-7993,0,0,0
738278,65535,255,3439,-8081,0,0,0
738279,65535,255,191,9831,0,0,0
738280,0,0,0,0,0,0,0
738281,65535,255,5842,9792,0,0,0
738282,65535,255,6186,-7974,0,0,0
738283,65535,255,4343,-8042,0,0,0
738284,65535,255,1146,-7953,0,0,0
738285,65535,255,2688,9824,0,0,0
738286,65535,255,5259,9842,0,0,0
738287,325,0,6616,-7960,1,0,1
738288,282,0,5081,-8022,1,0,1
738289,356,0,2389,-7980,1,0,1
738290,286,2,1485,9727,1,0,1
738291,315,0,4553,9829,1,0,1
738292,65535,255,6318,9775,0,0,0
738293,65535,255,5690,-8011,0,0,0
738294,348,0,3465,-8052,1,0,1
738295,65535,255,163,10342,0,0,0
738296,239,2,3697,9811,1,0,1
738297,65535,255,5828,9802,0,0,0
738298,267,0,6199,-8008,1,0,0
738299,278,0,4361,-8016,1,0,1
738300,341,0,1183,-8091,1,0,0
738301,65535,255,2664,9800,0,0,0
738302,65535,255,5242,9832,0,0,0
738303,324,0,6623,-7956,1,0,1
738304,65535,255,5099,-8022,0,0,0
738305,65535,255,2413,-7994,0,0,0
738306,65535,255,1452,9768,0,0,0
738307,0,0,0,0,0,0,0
738308,65535,255,6306,9790,0,0,0
738309,65535,255,5705,-8032,0,0,0
738310,65535,255,3486,-8054,0,0,0
738311,65535,255,128,9301,0,0,0
738312,65535,255,3673,9876,0,0,0
738313,65535,255,5818,9801,0,0,0
738314,236,2,6207,-7984,1,0,1
738315,389,0,4381,-8080,1,0,1
738316,65535,255,1207,-8154,0,0,0
738317,0,0,0,0,0,0,0
738318,0,0,0,0,0,0,0
738319,65535,255,6632,-7996,0,0,0
738320,65535,255,5110,-8001,0,0,0
738321,65535,255,2438,-8125,0,0,0
738322,264,2,1423,9930,1,0,1
738323,65535,255,4522,9780,0,0,0
738324,65535,255,6297,9802,0,0,0
738325,365,0,5717,-8040,1,0,1
738326,65535,255,3507,-8053,0,0,0
738327,65535,255,101,8805,0,0,0
738328,0,0,0,0,0,0,0
738329,65535,255,5806,9780,0,0,0
738330,65535,255,6219,-8018,0,0,0
738331,65535,255,4397,-8022,0,0,0
738332,65535,255,1236,-7883,0,0,0
738333,313,0,2614,9787,1,0,0
738334,211,0,5216,9828,1,0,1
738335,65535,255,6644,-7998,0,0,0
738336,65535,255,5127,-8005,0,0,0
738337,65535,255,2472,-8149,0,0,0
738338,65535,255,1395,10003,0,0,0
738339,0,0,0,0,0,0,0
738340,0,0,0,0,0,0,0
738341,65535,255,5728,-8001,0,0,0
738342,238,0,3532,-8113,1,0,1
738343,65535,255,67,11763,0,0,0
738344,228,2,3636,9786,1,0,1
738345,186,2,5794,9818,1,0,1
738346,65535,255,6230,-7998,0,0,0
738347,234,0,4418,-8091,1,0,0
738348,305,0,1270,-8203,1,0,1
738349,65535,255,2588,9808,0,0,1
738350,187,2,5204,9818,1,0,1
738351,65535,255,6652,-7994,0,0,0
738352,65535,255,5143,-8005,0,0,0
738353,65535,255,2497,-8149,0,0,0
738354,0,0,0,0,0,0,0
738355,65535,255,4486,9817,0,0,0
738356,297,0,6278,9771,1,0,1
738357,166,0,5741,-8013,1,0,1
738358,216,0,3548,-8010,1,0,1
738359,294,0,59,5332,1,0,1
738360,232,0,3616,9827,1,0,1
738361,238,0,5785,9775,1,0,1
738362,270,0,6239,-8021,1,0,1
738363,351,0,4433,-8034,1,0,1
738364,0,0,0,0,0,0,0
738365,0,0,0,0,0,0,0
738366,0,0,0,0,0,0,0
738367,0,0,0,0,0,0,0
738368,0,0,0,0,0,0,0
738369,0,0,0,0,0,0,0
738370,0,0,0,0,0,0,0
738371,0,0,0,0,0,0,0
738372,0,0,0,0,0,0,0
738373,65535,255,5748,-8013,0,0,0
738374,0,0,0,0,0,0,0
738375,0,0,0,0,0,0,0
738376,294,0,3599,9845,1,0,1
738377,0,0,0,0,0,0,0
738378,0,0,0,0,0,0,0
738379,0,0,0,0,0,0,0
738380,0,0,0,0,0,0,0
738381,0,0,0,0,0,0,0
738382,0,0,0,0,0,0,0
738383,0,0,0,0,0,0,0
738384,0,0,0,0,0,0,0
738385,0,0,0,0,0,0,0
738386,0,0,0,0,0,0,0
738387,0,0,0,0,0,0,0
738388,0,0,0,0,0,0,0
738389,0,0,0,0,0,0,0
738390,0,0,0,0,0,0,0
738391,0,0,0,0,0,0,0
738392,0,0,0,0,0,0,0
738393,0,0,0,0,0,0,0
738394,0,0,0,0,0,0,0
738395,0,0,0,0,0,0,0
738396,0,0,0,0,0,0,0
738397,65535,255,2538,9840,0,0,0
738398,65535,255,5177,9828,0,0,0
738399,65535,255,6666,-7958,0,0,0
738400,65535,255,5168,-8040,0,0,0
738401,65535,255,2535,-8071,0,0,0
738402,65535,255,1322,9934,0,0,0
738403,65535,255,4459,9806,0,0,0
738404,65535,255,6262,9772,0,0,0
738405,222,2,5758,-8024,1,0,1
738406,65535,255,3582,-8051,0,0,0
738407,65535,255,5,-5659,0,0,0
738408,169,0,3587,9768,1,0,1
738409,180,0,5766,9823,1,0,1
738410,65535,255,6252,-8012,0,0,0
738411,65535,255,4454,-8039,0,0,0
738412,393,0,1325,-8070,1,0,1
738413,65535,255,2531,9924,0,0,0
738414,65535,255,5172,9823,0,0,0
738415,65535,255,6668,-7961,0,0,0
738416,178,0,5169,-8045,1,0,1
738417,219,0,2540,-8096,1,0,1
738418,65535,255,1317,10010,0,0,0
738419,65535,255,4456,9831,0,0,0
738420,312,0,6259,9792,1,0,1
738421,275,0,5759,-7986,1,0,0
738422,65535,255,3587,-8110,0,0,0
738423,300,0,42,285,1,0,1
738424,65535,255,3582,9854,0,0,0
738425,65535,255,5764,9802,0,0,0
738426,0,0,0,0,0,0,0
738427,65535,255,4454,-8027,0,0,0
738428,65535,255,1325,-8019,0,0,0
738429,65535,255,2531,9912,0,0,0
738430,313,0,5174,9824,1,0,1
738431,65535,255,6666,-7964,0,0,0
738432,65535,255,5168,-8059,0,0,0
738433,65535,255,2536,-8146,0,0,0
738434,300,0,1323,9733,1,0,1
738435,314,0,4456,9853,1,0,1
738436,65535,255,6261,9790,0,0,0
738437,107,2,5756,-8020,1,0,0
738438,327,0,3578,-8059,1,0,1
738439,65535,255,21,-17391,0,0,0
738440,65535,255,3591,9820,0,0,0
738441,65535,255,5771,9794,0,0,0
738442,65535,255,6247,-7996,0,0,0
738443,387,0,4444,-8027,1,0,1
738444,256,0,1320,-8171,1,0,1
738445,310,0,2536,9836,1,0,1
738446,65535,255,5174,9820,0,0,0
738447,65535,255,6668,-7976,0,0,1
738448,65535,255,5171,-8018,0,0,0
738449,65535,255,2546,-8108,0,0,0
738450,284,0,1305,9782,1,0,1
738451,65535,255,4446,9807,0,0,0
738452,65535,255,6253,9800,0,0,0
738453,65535,255,5769,-8015,0,0,0
738454,65535,255,3605,-8094,0,0,0
738455,65535,255,39,-5263,0,0,0
738456,65535,255,3560,9804,0,0,0
738457,386,0,5751,9803,1,0,1
738458,65535,255,6265,-7992,0,0,0
738459,65535,255,4478,-8019,0,0,0
738460,65535,255,1371,-8096,0,0,0
738461,65535,255,2490,9825,0,0,0
738462,307,0,5148,9820,1,0,1
738463,65535,255,6663,9770,0,0,1
738464,288,0,5197,-8034,1,0,1
738465,299,0,2596,-8156,1,0,1
738466,65535,255,1253,9916,0,0,0
738467,293,0,4414,9859,1,0,1
738468,65535,255,6236,9774,0,0,0
738469,263,0,5788,-7993,1,0,1
738470,65535,255,3637,-8059,0,0,0
738471,314,0,88,-5704,1,0,1
738472,276,0,3526,9796,1,0,1
738473,300,0,5733,9809,1,0,1
738474,65535,255,6280,-7973,0,0,0
738475,336,0,4506,-8025,1,0,1
738476,65535,255,1416,-8214,0,0,0
738477,65535,255,2456,9903,0,0,0
738478,259,0,5130,9779,1,0,1
738479,65535,255,6654,9782,0,0,0
738480,65535,255,5215,-8057,0,0,0
738481,286,0,2610,-8074,1,0,0
738482,65535,255,1237,9885,0,0,0
738483,65535,255,4410,9772,0,0,0
738484,371,0,6234,9801,1,0,1
738485,386,0,5790,-7991,1,0,1
738486,401,0,3641,-8079,1,0,1
738487,65535,255,75,-8456,0,0,0
738488,65535,255,3539,9766,0,0,0
738489,65535,255,5741,9809,0,0,0
738490,65535,255,6274,-7996,0,0,0
738491,326,0,4495,-8092,1,0,1
738492,65535,255,1388,-8219,0,0,0
738493,329,0,2486,9758,1,0,1
738494,355,0,5147,9827,1,0,1
738495,65535,255,6665,9779,0,0,1
738496,65535,255,5195,-8027,0,0,0
738497,301,0,2581,-8024,1,0,1
738498,291,0,1276,9806,1,0,0
738499,65535,255,4431,9860,0,0,0
738500,65535,255,6248,9801,0,0,0
738501,295,0,5776,-7989,1,0,1
738502,393,0,3613,-8105,1,0,1
738503,65535,255,49,-11501,0,0,0
738504,292,0,3564,9809,1,0,1
738505,65535,255,5757,9770,0,0,0
738506,65535,255,6262,-8022,0,0,0
738507,291,0,4468,-8048,1,0,1
738508,271,0,1343,-8050,1,0,1
738509,384,0,2520,9898,1,0,0
738510,335,0,5170,9806,1,0,1
738511,65535,255,6672,-7998,0,0,0
738512,236,0,5172,-8017,1,0,1
738513,344,0,2542,-8012,1,0,1
738514,315,0,1321,9808,1,0,1
738515,226,0,4459,9818,1,0,0
738516,264,0,6264,9808,1,0,1
738517,339,0,5756,-8002,1,0,1
738518,65535,255,3571,-8004,0,0,0
738519,65535,255,35,3851,0,0,0
738520,65535,255,3597,9860,0,0,0
738521,274,0,5776,9804,1,0,1
