sdate,line_t,line_tmq,line_tvza,line_tvaa,line_tm2,line_QFDNB,line_tm_buf
735235,292,0,2422,9880,1,0,1
735236,65535,255,4465,9619,0,0,0
735237,257,0,5116,-6895,1,0,1
735238,260,0,3504,-7282,1,0,1
735239,420,0,1164,-7790,1,0,1
735240,340,0,1580,10087,1,0,1
735241,292,0,3874,9754,1,0,1
735242,65535,255,5447,9384,0,0,0
735243,65535,255,4110,-7093,0,0,0
735244,65535,255,2015,-7530,0,0,0
735245,335,2,690,9868,1,0,1
735246,294,2,3203,9824,1,0,0
735247,65535,255,5000,9499,0,0,0
735248,65535,255,4641,-7047,0,0,0
735249,65535,255,2788,-7428,0,0,0
735250,65535,255,229,-6940,0,0,0
735251,65535,255,2436,10009,0,0,0
735252,336,0,4479,9580,1,0,1
735253,392,2,5111,-6938,1,0,0
735254,65535,255,3496,-7223,0,0,0
735255,65535,255,1152,-7562,0,0,0
735256,65535,255,1583,10034,0,0,0
735257,275,0,3873,9693,1,0,1
735258,65535,255,5444,9414,0,0,0
735259,295,0,4118,-7127,1,0,1
735260,65535,255,2026,-7354,0,0,0
735261,596,0,666,10110,1,0,0
735262,65535,255,3180,9856,0,0,0
735263,316,0,4982,9514,1,0,1
735264,637,0,4660,-7059,1,0,1
735265,351,0,2820,-7434,1,0,1
735266,454,0,274,-8154,1,0,1
735267,65535,255,2407,9922,0,0,0
735268,65535,255,4452,9648,0,0,0
735269,65535,255,5128,-6917,0,0,0
735270,374,0,3522,-7201,1,0,1
735271,65535,255,1191,-7531,0,0,0
735272,65535,255,1545,10038,0,0,0
735273,413,0,3846,9698,1,0,1
735274,65535,255,5425,9420,0,0,0
735275,328,0,4139,-7150,1,0,1
735276,65535,255,2057,-7429,0,0,0
735277,65535,255,632,10373,0,0,0
735278,1578,0,3154,9773,1,0,1
735279,516,2,4964,9475,1,0,1
735280,65535,255,4676,-7020,0,0,0
735281,65535,255,2844,-7374,0,0,0
735282,65535,255,302,-7557,0,0,0
735283,65535,255,2377,9872,0,0,0
735284,415,0,4432,9633,3,0,0
735285,318,0,5139,-6913,1,0,0
735286,65535,255,3543,-7197,0,0,0
735287,65535,255,1220,-7556,0,0,0
735288,65535,255,1518,10084,0,0,0
735289,0,0,0,0,0,0,0
735290,65535,255,5412,9365,0,0,0
735291,698,0,4154,-7167,1,0,1
735292,65535,255,2079,-7442,0,0,0
735293,65535,255,603,10384,0,0,0
735294,427,0,3127,9914,3,0,1
735295,65535,255,4946,9544,0,0,0
735296,467,0,4690,-6998,1,0,1
735297,495,0,2868,-7326,1,0,1
735298,297,0,333,-6973,1,0,1
735299,65535,255,2348,9996,0,0,0
735300,65535,255,4415,9579,0,0,0
735301,65535,255,5154,-6868,0,0,0
735302,65535,255,3565,-7252,0,0,0
735303,65535,255,1249,-7686,0,0,0
735304,517,0,1485,10177,1,0,1
735305,65535,255,3801,9752,0,0,0
735306,65535,255,5396,9383,0,0,0
735307,592,0,4173,-7094,1,0,1
735308,610,0,2110,-7544,1,0,1
735309,588,0,574,9938,1,0,1
735310,65535,255,3105,9849,0,0,0
735311,65535,255,4932,9520,0,0,0
735312,560,0,4703,-6983,1,0,1
735313,65535,255,2887,-7312,0,0,0
735314,349,0,361,-7116,1,0,1
735315,520,0,2322,10030,1,0,1
735316,65535,255,4398,9608,0,0,0
735317,65535,255,5165,-6900,0,0,0
735318,65535,255,3577,-7182,0,0,0
735319,65535,255,1271,-7524,0,0,0
735320,65535,255,1468,10069,0,0,0
735321,65535,255,3789,9731,0,0,0
735322,65535,255,5388,9376,0,0,0
735323,65535,255,4183,-7099,0,0,0
735324,65535,255,2122,-7432,0,0,0
735325,65535,255,556,10169,0,0,0
735326,65535,255,3092,9910,0,0,0
735327,65535,255,4923,9478,0,0,0
735328,65535,255,4715,-7039,0,0,0
735329,65535,255,2902,-7323,0,0,0
735330,65535,255,378,-8050,0,0,0
735331,65535,255,2311,10018,0,0,0
735332,65535,255,4388,9610,0,0,0
735333,65535,255,5171,-6914,0,0,0
735334,340,0,3590,-7223,1,0,1
735335,322,2,1283,-7704,1,0,0
735336,65535,255,1457,9910,0,0,0
735337,276,0,3781,9686,1,0,1
735338,398,0,5382,9421,1,0,1
735339,660,0,4194,-7097,1,0,1
735340,65535,255,2131,-7374,0,0,0
735341,65535,255,545,10475,0,0,0
735342,324,0,3087,9812,1,0,1
735343,65535,255,4919,9524,0,0,1
735344,65535,255,4718,-7009,0,0,0
735345,65535,255,2910,-7406,0,0,0
735346,65535,255,385,-8269,0,0,0
735347,65535,255,2305,10033,0,0,0
735348,241,0,4388,9637,1,0,1
735349,397,0,5173,-6862,1,0,1
735350,65535,255,3594,-7281,0,0,0
735351,0,0,0,0,0,0,0
735352,65535,255,1457,10164,0,0,0
735353,65535,255,3781,9789,0,0,0
735354,65535,255,5384,9431,0,0,0
735355,65535,255,4194,-7097,0,0,0
735356,65535,255,2136,-7405,0,0,0
735357,342,0,552,9752,1,0,1
735358,403,0,3087,9872,1,0,1
735359,65535,255,4922,9480,0,0,0
735360,65535,255,6151,9171,0,0,0
735361,281,0,2905,-7364,1,0,1
735362,65535,255,378,-8105,0,0,0
735363,65535,255,2311,10047,0,0,0
735364,65535,255,4391,9656,0,0,0
735365,65535,255,5795,9290,0,0,0
735366,65535,255,6752,8954,0,0,0
735367,479,0,1277,-7393,1,0,1
735368,610,0,1462,10095,1,0,1
735369,312,2,3789,9780,1,0,1
735370,0,0,0,0,0,0,0
735371,65535,255,6470,9065,0,0,0
735372,65535,255,-32768,-32768,0,65535,0
735373,65535,255,562,10288,0,0,0
735374,65535,255,3100,9831,0,0,0
735375,65535,255,4929,9512,0,0,0
735376,567,0,6155,9173,1,0,1
735377,65535,255,7011,8849,0,0,0
735378,65535,255,-32768,-32768,0,65535,0
735379,65535,255,2331,9933,0,0,0
735380,292,0,4404,9621,1,0,1
735381,472,0,5802,9275,1,0,1
735382,0,0,0,0,0,0,0
735383,65535,255,-32768,-32768,0,65535,0
735384,65535,255,-32768,-32768,0,65535,0
735385,553,0,3801,9707,1,0,1
735386,65535,255,5400,9403,0,0,0
735387,65535,255,6477,9073,0,0,0
735388,65535,255,-32768,-32768,0,65535,0
735389,65535,255,-32768,-32768,0,65535,1
735390,65535,255,3118,9848,0,0,0
735391,65535,255,4943,9487,0,0,0
735392,65535,255,6163,9189,0,0,0
735393,0,0,0,0,0,0,0
735394,65535,255,-32768,-32768,0,65535,0
735395,65535,255,-32768,-32768,0,65535,1
735396,65535,255,4421,9593,0,0,0
735397,406,0,5812,9268,1,0,1
735398,65535,255,6765,8949,0,0,1
735399,0,0,0,0,0,0,0
735400,65535,255,-32768,-32768,0,0,0
735401,65535,255,-32768,-32768,0,65535,1
735402,65535,255,5411,9413,0,0,0
735403,355,0,6487,9044,1,0,1
735404,0,0,0,0,0,0,0
735405,65535,255,-32768,-32768,0,65535,1
735406,65535,255,-32768,-32768,0,65535,1
735407,487,0,4958,9472,1,0,1
735408,502,0,6174,9182,1,0,1
735409,0,0,0,0,0,0,0
735410,65535,255,-32768,-32768,0,65535,1
735411,65535,255,-32768,-32768,0,65535,1
735412,368,0,4438,9620,1,0,1
735413,65535,255,5825,9289,0,0,0
735414,65535,255,6774,8946,0,0,1
735415,65535,255,-32768,-32768,0,65535,1
735416,65535,255,-32768,-32768,0,65535,1
735417,420,0,3845,9707,1,0,1
735418,65535,255,5428,9415,0,0,0
735419,458,0,6496,9037,1,0,1
735420,65535,255,-32768,-32768,0,0,0
735421,65535,255,-32768,-32768,0,65535,1
735422,324,0,3172,9830,1,0,1
735423,65535,255,4976,9490,0,0,0
735424,65535,255,6187,9146,0,0,0
735425,65535,255,-32768,-32768,0,65535,1
735426,65535,255,-32768,-32768,0,65535,0
735427,356,0,2412,10015,1,0,1
735428,335,2,4463,9584,1,0,1
735429,385,0,5840,9272,1,0,1
735430,65535,255,6785,8937,0,0,1
735431,65535,255,-32768,-32768,0,65535,1
735432,294,0,1584,9995,1,0,1
735433,357,2,3870,9722,1,0,1
735434,312,0,5442,9387,1,0,1
735435,288,0,6504,9068,1,0,1
735436,65535,255,-32768,-32768,0,65535,1
735437,352,0,672,10259,1,0,1
735438,65535,255,3181,9877,0,0,0
735439,65535,255,4980,9516,0,0,0
735440,366,0,6188,9158,1,0,0
735441,299,0,2812,-7389,1,0,1
735442,395,0,268,-7303,1,0,1
735443,333,0,2407,10016,1,0,1
735444,248,0,4456,9585,1,0,1
735445,503,0,5832,9265,1,0,1
735446,293,0,3514,-7218,1,0,1
735447,474,0,1186,-7531,1,0,1
735448,582,0,1551,9998,1,0,1
735449,410,0,3850,9676,1,0,1
735450,337,0,5428,9400,1,0,1
735451,526,0,4133,-7102,1,0,1
735452,278,0,2047,-7539,1,0,1
735453,65535,255,644,9804,0,0,0
735454,65535,255,3159,9803,0,0,0
735455,65535,255,4967,9481,0,0,0
735456,286,0,4667,-7014,1,0,1
735457,383,0,2835,-7352,1,0,1
735458,310,0,292,-7102,1,0,1
735459,406,0,2382,10007,1,0,1
735460,65535,255,4438,9583,0,0,0
735461,65535,255,5134,-6867,0,0,0
735462,296,0,3535,-7240,1,0,1
735463,316,0,1209,-7639,1,0,1
735464,321,0,1529,10107,1,0,1
735465,359,0,3833,9725,1,0,1
735466,387,0,5420,9365,1,0,1
735467,321,0,4147,-7174,1,0,1
735468,323,0,2068,-7458,1,0,1
735469,65535,255,620,10488,0,0,0
735470,65535,255,3145,9786,0,0,0
735471,65535,255,4958,9483,0,0,0
735472,65535,255,4679,-7029,0,0,0
735473,65535,255,2853,-7382,0,0,0
735474,65535,255,314,-7669,0,0,0
735475,65535,255,2367,9889,0,0,0
735476,370,0,4428,9636,1,0,1
735477,65535,255,5145,-6921,0,0,0
735478,65535,255,3548,-7212,0,0,0
735479,0,0,0,0,0,0,0
735480,543,0,1512,10110,1,0,1
735481,295,0,3825,9735,1,0,1
735482,419,0,5414,9376,1,0,1
735483,281,0,4154,-7091,1,0,1
735484,432,0,2084,-7549,1,0,1
735485,65535,255,608,10059,0,0,0
735486,256,2,3136,9875,1,0,0
735487,65535,255,4951,9535,0,0,0
735488,224,0,4686,-7004,1,0,1
735489,65535,255,2863,-7359,0,0,0
735490,272,0,319,-7565,1,0,0
735491,330,0,2362,9890,1,0,1
735492,65535,255,4424,9650,0,0,0
735493,372,0,5148,-6903,1,0,1
735494,65535,255,3556,-7245,0,0,0
735495,306,0,1232,-7743,1,0,1
735496,308,0,1513,9915,1,0,1
735497,65535,255,3821,9681,0,0,0
735498,404,0,5411,9426,1,0,1
735499,338,0,4161,-7178,1,0,1
735500,432,0,2089,-7516,1,0,1
735501,447,0,602,10005,1,0,1
735502,428,0,3131,9887,1,0,1
735503,393,0,4950,9506,1,0,1
735504,65535,255,4689,-7032,0,0,0
735505,65535,255,2863,-7435,0,0,0
735506,65535,255,324,-7486,0,0,0
735507,65535,255,2357,10025,0,0,0
735508,65535,255,4425,9624,0,0,0
735509,65535,255,5148,-6925,0,0,0
735510,65535,255,3552,-7245,0,0,0
735511,65535,255,1228,-7487,0,0,0
735512,65535,255,1512,9980,0,0,0
735513,65535,255,3821,9721,0,0,0
735514,65535,255,5412,9382,0,0,0
735515,65535,255,4158,-7123,0,0,0
735516,65535,255,2078,-7440,0,0,0
735517,65535,255,610,9788,0,0,0
735518,65535,255,3136,9866,0,0,0
735519,65535,255,4952,9532,0,0,0
735520,65535,255,4686,-7039,0,0,0
735521,65535,255,2853,-7294,0,0,0
735522,65535,255,314,-7351,0,0,0
735523,380,0,2367,9917,1,0,1
735524,266,0,4428,9586,1,0,1
735525,481,0,5142,-6905,1,0,1
735526,369,0,3543,-7229,1,0,1
735527,65535,255,1215,-7363,0,0,0
735528,65535,255,1524,10044,0,0,0
735529,65535,255,3829,9758,0,0,0
735530,65535,255,5417,9414,0,0,0
735531,65535,255,4147,-7084,0,0,0
735532,65535,255,2063,-7379,0,0,0
735533,65535,255,627,9745,0,0,0
735534,65535,255,3150,9874,0,0,1
735535,65535,255,4961,9489,0,0,0
735536,65535,255,4673,-6988,0,0,0
735537,65535,255,2839,-7394,0,0,0
735538,65535,255,293,-6876,0,0,0
735539,279,0,2387,9888,1,0,1
735540,0,0,0,0,0,0,0
735541,65535,255,5131,-6923,0,0,0
735542,0,0,0,0,0,0,0
735543,253,0,1192,-7613,1,0,1
735544,65535,255,1551,9958,0,0,0
735545,559,0,3846,9740,1,0,1
735546,65535,255,5428,9421,0,0,0
735547,65535,255,4126,-7108,0,0,0
735548,270,0,2036,-7476,1,0,1
735549,427,0,654,10266,1,0,1
735550,422,0,3172,9842,1,0,1
735551,331,0,4979,9485,1,0,1
735552,65535,255,4654,-7004,0,0,0
735553,65535,255,2807,-7287,0,0,0
735554,65535,255,256,-7925,0,0,0
735555,65535,255,2417,9846,0,0,0
735556,65535,255,4466,9586,0,0,0
735557,65535,255,5111,-6938,0,0,0
735558,65535,255,3497,-7279,0,0,0
735559,65535,255,1158,-7588,0,0,0
735560,65535,255,1579,9935,0,0,0
735561,65535,255,3866,9729,0,0,0
735562,65535,255,5439,9409,0,0,0
735563,432,0,4118,-7133,1,0,1
735564,284,0,2026,-7413,1,0,1
735565,436,0,661,9966,1,0,1
735566,302,0,3177,9783,1,0,1
735567,364,0,4977,9530,1,0,1
735568,65535,255,4657,-7043,0,0,0
735569,555,0,2821,-7351,1,0,1
735570,65535,255,276,-8511,0,0,0
735571,284,0,2402,9888,1,0,1
735572,489,0,4449,9602,1,0,1
735573,429,0,5126,-6938,1,0,1
735574,269,0,3518,-7188,1,0,1
735575,289,0,1189,-7499,1,0,1
735576,327,0,1545,10149,1,0,1
735577,299,0,3845,9710,1,0,1
735578,324,0,5426,9408,1,0,1
735579,410,0,4136,-7098,1,0,1
735580,270,0,2052,-7504,1,0,1
735581,592,0,632,10429,1,0,1
735582,388,0,3154,9894,1,0,1
735583,419,0,4964,9522,1,0,1
735584,334,0,4670,-7052,1,0,1
735585,422,0,2839,-7404,1,0,1
735586,486,0,296,-7555,1,0,1
735587,65535,255,2382,10036,0,0,0
735588,65535,255,4438,9592,0,0,0
735589,65535,255,5134,-6869,0,0,0
735590,65535,255,3535,-7237,0,0,0
735591,65535,255,1209,-7608,0,0,0
735592,65535,255,1534,10066,0,0,0
735593,65535,255,3837,9704,0,0,0
735594,65535,255,5420,9420,0,0,0
735595,65535,255,4147,-7137,0,0,0
735596,65535,255,2063,-7378,0,0,0
735597,65535,255,625,10170,0,0,0
735598,267,0,3149,9876,1,0,1
735599,65535,255,4961,9524,0,0,0
735600,532,0,4676,-6980,1,0,1
735601,65535,255,2844,-7293,0,0,0
735602,65535,255,305,-8430,0,0,0
735603,0,0,0,0,0,0,0
735604,65535,255,4436,9627,0,0,0
735605,235,0,5136,-6864,1,0,1
735606,278,2,3539,-7245,1,0,1
735607,65535,255,1209,-7718,0,0,0
735608,65535,255,1529,10195,0,0,0
735609,65535,255,3833,9767,0,0,0
735610,65535,255,5422,9401,0,0,0
735611,531,0,4147,-7124,1,0,1
735612,65535,255,2063,-7393,0,0,0
735613,65535,255,626,10327,0,0,0
735614,65535,255,3154,9778,0,0,0
735615,65535,255,4964,9486,0,0,0
735616,65535,255,4676,-7039,0,0,0
735617,65535,255,2844,-7436,0,0,0
735618,65535,255,298,-8335,0,0,0
735619,65535,255,2382,9997,0,0,0
735620,65535,255,4441,9598,0,0,0
735621,65535,255,5133,-6890,0,0,0
735622,65535,255,3534,-7263,0,0,0
735623,265,0,1203,-7692,1,0,0
735624,490,0,1534,10131,1,0,1
735625,357,0,3841,9719,1,0,1
735626,65535,255,5422,9430,0,0,0
735627,315,2,4143,-7145,1,0,1
735628,313,0,2058,-7394,1,0,1
735629,65535,255,631,10222,0,0,0
735630,65535,255,3154,9876,0,0,0
735631,65535,255,4963,9524,0,0,0
735632,65535,255,4673,-6974,0,0,0
735633,65535,255,2840,-7271,0,0,0
735634,65535,255,297,-8227,0,0,0
735635,65535,255,2382,10010,0,0,0
735636,65535,255,4441,9586,0,0,0
735637,65535,255,5134,-6879,0,0,0
735638,233,0,3535,-7263,1,0,1
735639,65535,255,1204,-7747,0,0,0
735640,65535,255,1537,10021,0,0,0
735641,65535,255,3837,9774,0,0,0
735642,433,0,5422,9406,1,0,1
735643,65535,255,4140,-7131,0,0,0
735644,332,0,2057,-7393,1,0,1
735645,65535,255,637,10376,0,0,0
735646,65535,255,3159,9778,0,0,0
735647,65535,255,4967,9485,0,0,0
735648,204,0,4667,-7040,1,0,1
735649,65535,255,2835,-7437,0,0,0
735650,65535,255,292,-8351,0,0,0
735651,65535,255,2392,9996,0,0,0
735652,65535,255,4445,9604,0,0,0
735653,65535,255,5128,-6901,0,0,0
735654,345,0,3522,-7195,1,0,1
735655,481,0,1192,-7611,1,0,1
735656,65535,255,1551,10191,0,0,0
735657,65535,255,3849,9780,0,0,0
735658,369,2,5431,9418,1,0,1
735659,65535,255,4129,-7181,0,0,0
735660,65535,255,2037,-7569,0,0,0
735661,65535,255,655,10268,0,0,0
735662,65535,255,3176,9795,0,0,0
735663,329,2,4979,9515,1,0,0
735664,65535,255,4654,-7007,0,0,0
735665,308,0,2811,-7418,1,0,1
735666,315,0,259,-6772,1,0,1
735667,335,0,2417,9874,1,0,1
735668,474,0,4462,9619,1,0,1
735669,65535,255,5111,-6895,0,0,0
735670,306,0,3497,-7225,1,0,1
735671,317,0,1158,-7586,1,0,1
735672,483,0,1573,10083,1,0,1
735673,440,0,3862,9716,1,0,1
735674,499,0,5437,9364,1,0,1
735675,524,0,4122,-7169,1,0,1
735676,298,0,2031,-7490,1,0,1
735677,65535,255,661,9817,0,0,0
735678,455,0,3168,9825,1,0,1
735679,65535,255,4973,9506,0,0,0
735680,0,0,0,0,0,0,0
735681,65535,255,2830,-7293,0,0,0
735682,65535,255,287,-6976,0,0,0
735683,410,0,2382,10037,1,0,1
735684,65535,255,4439,9624,0,0,0
735685,65535,255,5134,-6919,0,0,0
735686,418,0,3535,-7227,1,0,1
735687,304,0,1209,-7745,1,0,1
735688,65535,255,1529,9939,0,0,0
735689,393,2,3830,9698,1,0,1
735690,401,2,5415,9374,1,0,1
735691,329,0,4147,-7101,1,0,1
735692,65535,255,2073,-7390,0,0,0
735693,65535,255,610,10386,0,0,0
735694,65535,255,3136,9850,0,0,0
735695,65535,255,4950,9549,0,0,0
735696,444,0,4686,-7035,1,0,1
735697,0,0,0,0,0,0,0
735698,337,0,325,-7463,1,0,1
735699,357,0,2353,9935,1,0,1
735700,331,0,4418,9604,1,0,1
735701,65535,255,5151,-6920,0,0,0
735702,65535,255,3560,-7265,0,0,0
735703,289,0,1237,-7522,1,0,1
735704,321,0,1496,10182,1,0,1
735705,512,0,3810,9694,1,0,1
735706,289,0,5404,9387,1,0,1
735707,374,0,4169,-7145,1,0,1
735708,65535,255,2100,-7557,0,0,0
735709,65535,255,585,10458,0,0,0
735710,65535,255,3114,9864,0,0,0
735711,65535,255,4940,9492,0,0,0
735712,439,0,4699,-6997,1,0,1
735713,295,0,2877,-7265,1,0,1
735714,501,2,348,-7570,1,0,1
735715,315,2,2337,10006,1,0,1
735716,65535,255,4408,9657,0,0,0
735717,65535,255,5159,-6902,0,0,0
735718,65535,255,3569,-7263,0,0,0
735719,65535,255,1254,-7601,0,0,0
735720,348,0,1485,9986,1,0,1
735721,65535,255,3801,9767,0,0,0
735722,497,0,5398,9375,1,0,1
735723,65535,255,4176,-7150,0,0,0
735724,342,0,2105,-7357,1,0,1
735725,65535,255,580,9948,0,0,0
735726,65535,255,3114,9804,0,0,0
735727,437,0,4934,9554,1,0,1
735728,65535,255,6158,9181,0,0,0
735729,275,0,2882,-7276,1,0,1
735730,289,0,348,-7949,1,0,0
735731,306,0,2338,9867,1,0,1
735732,423,0,4408,9605,1,0,1
735733,478,0,5802,9280,1,0,1
735734,65535,255,6759,8942,0,0,1
735735,65535,255,1253,-7600,0,0,0
735736,495,0,1485,10053,1,0,1
735737,333,0,3805,9688,1,0,1
735738,65535,255,5398,9409,0,0,0
735739,65535,255,6475,9089,0,0,0
735740,65535,255,-32768,-32768,0,65535,1
735741,65535,255,580,9889,0,0,0
735742,65535,255,3114,9824,0,0,0
735743,432,0,4940,9492,1,0,1
735744,65535,255,6161,9197,0,0,0
735745,0,0,0,0,0,0,0
735746,65535,255,-32768,-32768,0,65535,0
735747,322,0,2343,10053,1,0,1
735748,65535,255,4414,9605,0,0,0
735749,255,0,5808,9291,1,0,0
735750,0,0,0,0,0,0,0
735751,65535,255,-32768,-32768,0,0,1
735752,65535,255,-32768,-32768,0,65535,0
735753,65535,255,3809,9765,0,0,0
735754,65535,255,5403,9388,0,0,0
735755,65535,255,6479,9081,0,0,0
735756,0,0,0,0,0,0,0
735757,65535,255,-32768,-32768,0,65535,0
735758,65535,255,-32768,-32768,0,65535,1
735759,280,0,4946,9518,1,0,1
735760,348,0,6166,9170,1,0,1
735761,0,0,0,0,0,0,0
735762,65535,255,-32768,-32768,0,65535,1
735763,65535,255,-32768,-32768,0,65535,0
735764,65535,255,-32768,-32768,0,65535,1
735765,65535,255,5812,9281,0,0,0
735766,0,0,0,0,0,0,0
735767,0,0,0,0,0,0,0
735768,65535,255,-32768,-32768,0,65535,0
735769,65535,255,-32768,-32768,0,0,0
735770,65535,255,5412,9414,0,0,0
735771,644,0,6486,9050,1,0,1
735772,0,0,0,0,0,0,0
735773,0,0,0,0,0,0,0
735774,65535,255,-32768,-32768,0,65535,0
735775,65535,255,4956,9500,0,0,0
735776,415,0,6173,9164,1,0,1
735777,0,0,0,0,0,0,0
735778,0,0,0,0,0,0,0
735779,65535,255,-32768,-32768,0,65535,0
735780,389,0,4435,9607,1,0,1
735781,65535,255,5822,9299,0,0,0
735782,0,0,0,0,0,0,0
735783,65535,255,-32768,-32768,0,65535,1
735784,65535,255,-32768,-32768,0,65535,0
735785,65535,255,3833,9761,0,0,0
735786,393,0,5417,9415,1,0,1
735787,211,0,6488,9066,1,0,1
735788,0,0,0,0,0,0,0
735789,65535,255,-32768,-32768,0,65535,1
735790,65535,255,3145,9859,0,0,0
735791,454,0,4959,9493,1,0,1
735792,447,0,6173,9191,1,0,1
735793,65535,255,7024,8820,0,0,1
735794,65535,255,-32768,-32768,0,65535,0
735795,511,0,2372,10040,1,0,1
735796,335,0,4432,9664,1,0,1
735797,453,0,5818,9313,1,0,1
735798,65535,255,6769,8956,0,0,1
735799,65535,255,-32768,-32768,0,65535,1
735800,65535,255,1524,10048,0,0,0
735801,65535,255,3830,9738,0,0,0
735802,65535,255,5415,9389,0,0,0
735803,410,0,6488,9063,1,0,1
735804,65535,255,-32768,-32768,0,65535,0
735805,65535,255,620,10066,0,0,0
735806,65535,255,3145,9820,0,0,0
735807,65535,255,4957,9485,0,0,0
735808,65535,255,6173,9183,0,0,0
735809,65535,255,7023,8840,0,0,1
735810,65535,255,308,-7771,0,0,0
735811,483,2,2363,9892,1,0,1
735812,316,2,4432,9612,1,0,1
735813,65535,255,5820,9280,0,0,0
735814,65535,255,3530,-7255,0,0,0
735815,553,0,1197,-7638,1,0,1
735816,403,2,1551,10064,1,0,1
735817,368,0,3858,9684,1,0,1
735818,65535,255,5437,9406,0,0,0
735819,362,2,4114,-7116,1,0,0
735820,65535,255,2016,-7479,0,0,0
735821,65535,255,678,10116,0,0,0
735822,65535,255,3186,9802,0,0,0
735823,65535,255,4985,9534,0,0,0
735824,0,0,0,0,0,0,0
735825,306,0,2807,-7331,1,0,1
735826,65535,255,262,-8173,0,0,0
735827,65535,255,2412,10044,0,0,0
735828,483,0,4456,9636,1,0,1
735829,65535,255,5120,-6899,0,0,0
735830,65535,255,3514,-7250,0,0,0
735831,65535,255,1181,-7500,0,0,0
735832,243,0,1558,10071,1,0,1
735833,400,0,3853,9717,3,0,1
735834,65535,255,5431,9408,0,0,0
735835,532,0,4129,-7079,1,0,1
735836,65535,255,2042,-7411,0,0,0
735837,65535,255,649,10014,0,0,0
735838,341,0,3168,9795,3,0,0
735839,427,2,4970,9538,1,0,1
735840,476,0,4667,-7053,1,0,1
735841,65535,255,2830,-7372,0,0,0
735842,65535,255,287,-6858,0,0,0
735843,319,0,2392,9929,1,0,1
735844,247,0,4445,9622,1,0,1
735845,314,0,5131,-6875,1,0,1
735846,65535,255,3530,-7221,0,0,0
735847,65535,255,1197,-7472,0,0,0
735848,65535,255,1536,10154,0,0,0
735849,65535,255,3842,9733,0,0,0
735850,65535,255,5422,9425,0,0,0
735851,65535,255,4143,-7117,0,0,1
735852,443,0,2062,-7533,1,0,1
735853,65535,255,615,9790,0,0,0
735854,305,0,3140,9873,1,0,1
735855,600,0,4955,9478,1,0,1
735856,445,0,4686,-7059,1,0,1
735857,65535,255,2858,-7339,0,0,0
735858,337,0,314,-7885,1,0,1
735859,65535,255,2367,9995,0,0,0
735860,65535,255,4428,9628,0,0,0
735861,65535,255,5144,-6866,0,0,0
735862,65535,255,3548,-7308,0,0,0
735863,455,0,1225,-7636,1,0,1
735864,563,2,1518,9956,1,0,1
735865,65535,255,3829,9725,0,0,0
735866,386,0,5417,9403,1,0,1
735867,65535,255,4154,-7181,0,0,0
735868,374,0,2073,-7365,1,0,1
735869,299,0,620,10059,1,0,1
735870,65535,255,3145,9785,0,0,0
735871,456,0,4957,9527,1,0,1
735872,65535,255,4679,-7019,0,0,0
735873,65535,255,2853,-7306,0,0,0
735874,305,2,314,-7990,1,0,0
735875,65535,255,2368,9848,0,0,0
735876,65535,255,4428,9584,0,0,0
735877,334,2,5150,-6926,1,0,0
735878,65535,255,3556,-7178,0,0,0
735879,65535,255,1234,-7568,0,0,0
735880,65535,255,1501,10154,0,0,0
735881,65535,255,3813,9712,0,0,0
735882,65535,255,5403,9431,0,0,0
735883,65535,255,4168,-7137,0,0,0
735884,65535,255,2100,-7377,0,0,0
735885,65535,255,586,9887,0,0,0
735886,65535,255,3114,9809,0,0,0
735887,65535,255,4937,9477,0,0,0
735888,65535,255,4715,-6976,0,0,0
735889,65535,255,2900,-7415,0,0,0
735890,379,0,365,-7588,1,0,1
735891,65535,255,2327,10038,0,0,0
735892,317,0,4405,9582,1,0,1
735893,347,0,5162,-6867,1,0,1
735894,546,0,3573,-7224,1,0,1
735895,267,0,1249,-7560,1,0,1
735896,600,0,1490,9996,1,0,1
735897,279,0,3813,9676,1,0,1
735898,65535,255,5405,9400,0,0,0
735899,65535,255,4162,-7117,0,0,0
735900,394,0,2089,-7570,1,0,1
735901,65535,255,608,9998,0,0,0
735902,65535,255,3136,9849,0,0,0
735903,418,0,4955,9472,1,0,1
735904,65535,255,4683,-6988,0,0,0
735905,342,0,2859,-7421,1,0,1
735906,293,0,314,-7575,1,0,1
735907,230,0,2362,10003,1,0,1
735908,65535,255,4425,9643,0,0,0
735909,65535,255,5145,-6917,0,0,0
735910,65535,255,3552,-7295,0,0,0
735911,515,0,1232,-7749,1,0,1
735912,65535,255,1507,10126,0,0,0
735913,65535,255,3821,9705,0,0,0
735914,65535,255,5409,9414,0,0,0
735915,65535,255,4158,-7124,0,0,0
735916,65535,255,2100,-7573,0,0,0
735917,65535,255,585,9990,0,0,0
735918,65535,255,3114,9838,0,0,0
735919,65535,255,4937,9509,0,0,0
735920,65535,255,4703,-7059,0,0,0
735921,65535,255,2887,-7442,0,0,0
735922,342,0,356,-8147,1,0,1
735923,292,0,2332,9949,1,0,1
735924,467,2,4402,9604,1,0,1
735925,358,0,5165,-6866,1,0,1
735926,65535,255,3578,-7261,0,0,1
735927,65535,255,1271,-7745,0,0,0
735928,65535,255,1475,9901,0,0,0
735929,65535,255,3793,9688,0,0,0
735930,65535,255,5388,9414,0,0,0
735931,65535,255,4187,-7164,0,0,0
735932,65535,255,2126,-7492,0,0,0
735933,0,0,0,0,0,0,0
735934,65535,255,3092,9861,0,0,0
735935,65535,255,4922,9540,0,0,0
735936,65535,255,4715,-7026,0,0,0
735937,65535,255,2906,-7428,0,0,0
735938,65535,255,375,-6981,0,0,0
735939,65535,255,2311,10037,0,0,0
735940,65535,255,4392,9632,0,0,0
735941,65535,255,5171,-6872,0,0,0
735942,65535,255,3590,-7284,0,0,0
735943,364,0,1282,-7508,1,0,1
735944,493,0,1457,10062,1,0,1
735945,475,0,3781,9754,1,0,1
735946,65535,255,5384,9411,0,0,0
735947,65535,255,4194,-7183,0,0,0
735948,65535,255,2132,-7421,0,0,0
735949,65535,255,551,10524,0,0,0
735950,361,0,3087,9842,1,0,1
735951,304,0,4923,9464,1,0,1
735952,270,0,4718,-7041,1,0,1
735953,284,0,2905,-7363,1,0,1
735954,283,0,379,-8205,1,0,1
735955,65535,255,2317,9855,0,0,0
735956,65535,255,4395,9568,0,0,0
735957,65535,255,5173,-6914,0,0,0
735958,375,2,3590,-7275,1,0,1
735959,325,0,1276,-7586,1,0,1
735960,65535,255,1463,9948,0,0,0
735961,65535,255,3789,9746,0,0,0
735962,65535,255,5389,9417,0,0,0
735963,513,0,4190,-7129,1,0,1
735964,386,0,2126,-7537,1,0,1
735965,326,0,563,10516,1,0,1
735966,377,0,3100,9890,1,0,1
735967,65535,255,4931,9512,0,0,0
735968,424,0,4711,-7039,1,0,1
735969,314,0,2891,-7354,1,0,1
735970,351,0,357,-6936,1,0,1
735971,65535,255,2332,9923,0,0,0
735972,65535,255,4404,9624,0,0,0
735973,65535,255,5164,-6896,0,0,0
735974,477,0,3577,-7260,1,0,1
735975,508,0,1259,-7641,1,0,1
735976,440,0,1485,10037,1,0,1
735977,307,0,3809,9680,1,0,1
735978,65535,255,5403,9398,0,0,0
735979,265,0,4172,-7105,1,0,1
735980,65535,255,2104,-7525,0,0,0
735981,65535,255,592,9767,0,0,0
735982,65535,255,3127,9778,0,0,0
735983,316,0,4949,9465,1,0,1
735984,65535,255,4695,-7007,0,0,0
735985,301,0,2867,-7325,1,0,0
735986,65535,255,328,-6870,0,0,0
735987,65535,255,2362,9960,0,0,0
735988,429,0,4424,9652,1,0,1
735989,65535,255,5150,-6930,0,0,0
735990,65535,255,3552,-7205,0,0,0
735991,65535,255,1220,-7511,0,0,0
735992,346,2,1523,9991,1,0,0
735993,65535,255,3833,9676,0,0,0
735994,65535,255,5419,9408,0,0,0
735995,544,0,4150,-7136,1,0,1
735996,322,0,2063,-7375,1,0,1
735997,368,0,631,10157,1,0,1
735998,65535,255,3158,9872,0,0,0
735999,65535,255,4970,9526,0,0,0
736000,65535,255,4673,-7053,0,0,0
736001,65535,255,2839,-7405,0,0,0
736002,65535,255,290,-7682,0,0,0
736003,862,1,2387,9864,1,0,1
736004,562,0,4441,9611,1,0,1
736005,695,0,5139,-6897,1,0,0
736006,412,0,3539,-7292,3,0,1
736007,397,0,1210,-7374,3,0,1
736008,65535,255,1529,9905,0,0,0
736009,65535,255,3833,9753,0,0,0
736010,65535,255,5419,9399,0,0,0
736011,65535,255,4150,-7122,0,0,0
736012,65535,255,2070,-7479,0,0,0
736013,357,0,619,10157,1,0,1
736014,368,0,3145,9874,1,0,1
736015,375,0,4958,9534,1,0,1
736016,65535,255,4682,-6998,0,0,0
736017,65535,255,2853,-7348,0,0,0
736018,474,0,314,-7366,1,0,1
736019,65535,255,2372,9852,0,0,0
736020,65535,255,4428,9620,0,0,0
736021,535,0,5148,-6915,1,0,1
736022,65535,255,3547,-7214,0,0,0
736023,65535,255,1226,-7619,0,0,0
736024,431,0,1512,10143,1,0,1
736025,0,0,0,0,0,0,0
736026,462,0,5412,9395,1,0,1
736027,329,0,4158,-7127,1,0,1
736028,65535,255,2078,-7419,0,0,0
736029,327,0,609,10486,1,0,1
736030,398,0,3136,9807,1,0,1
736031,423,0,4952,9508,1,0,1
736032,437,0,4686,-6990,1,0,1
736033,325,0,2858,-7347,1,0,1
736034,65535,255,319,-7680,0,0,0
736035,375,0,2363,9920,1,0,1
736036,402,0,4425,9570,1,0,1
736037,65535,255,5148,-6889,0,0,0
736038,65535,255,3552,-7235,0,0,0
736039,65535,255,1231,-7590,0,0,0
736040,65535,255,1513,10186,0,0,0
736041,424,0,3821,9715,1,0,1
736042,65535,255,5410,9384,0,0,0
736043,65535,255,4154,-7096,0,0,0
736044,65535,255,2080,-7440,0,0,0
736045,65535,255,608,10377,0,0,0
736046,450,2,3136,9817,1,0,1
736047,65535,255,4952,9524,0,0,0
736048,65535,255,4683,-7020,0,0,0
736049,65535,255,2859,-7434,0,0,0
736050,302,0,316,-7052,1,0,1
736051,366,0,2368,9879,1,0,1
736052,445,0,4429,9569,1,0,1
736053,0,0,0,0,0,0,0
736054,333,0,3543,-7230,1,0,1
736055,348,0,1215,-7373,1,0,1
736056,65535,255,1523,10078,0,0,0
736057,335,0,3830,9764,1,0,1
736058,65535,255,5417,9382,0,0,0
736059,65535,255,4147,-7108,0,0,0
736060,466,0,2068,-7451,1,0,1
736061,403,0,626,10053,1,0,1
736062,648,0,3150,9786,1,0,1
736063,460,0,4961,9523,1,0,1
736064,335,0,4673,-7039,1,0,1
736065,308,0,2840,-7316,1,0,1
736066,448,0,296,-8018,1,0,1
736067,570,0,2382,10037,1,0,1
736068,65535,255,4442,9613,0,0,0
736069,65535,255,5134,-6907,0,0,0
736070,388,0,3531,-7259,1,0,1
736071,65535,255,1192,-7567,0,0,0
736072,294,0,1551,9947,1,0,1
736073,65535,255,3850,9745,0,0,0
736074,352,0,5433,9352,1,0,1
736075,423,0,4132,-7125,1,0,1
736076,312,0,2042,-7533,1,0,1
736077,349,0,655,10510,1,0,1
736078,603,0,3172,9899,1,0,1
736079,65535,255,4979,9519,0,0,0
736080,65535,255,4657,-7055,0,0,0
736081,65535,255,2816,-7386,0,0,0
736082,0,0,0,0,0,0,0
736083,462,0,2416,9993,1,0,1
736084,65535,255,4466,9563,0,0,0
736085,0,0,0,0,0,0,0
736086,259,0,3505,-7228,1,0,0
736087,65535,255,1170,-7427,0,0,0
736088,0,0,0,0,0,0,0
736089,65535,255,3862,9696,0,0,1
736090,65535,255,5439,9395,0,0,0
736091,666,0,6502,9062,1,0,1
736092,398,0,2036,-7392,1,0,1
736093,65535,255,655,9954,0,0,0
736094,534,0,3172,9783,1,0,1
736095,367,0,4976,9531,1,0,1
736096,65535,255,6186,9162,0,0,0
736097,65535,255,-32768,-32768,0,65535,1
736098,308,0,281,-6972,1,0,1
736099,65535,255,2392,9944,0,0,0
736100,65535,255,4448,9636,0,0,0
736101,65535,255,5829,9293,0,0,0
736102,65535,255,6777,8943,0,0,0
736103,65535,255,-32768,-32768,0,65535,0
736104,65535,255,1540,10012,0,0,0
736105,65535,255,3842,9669,0,0,0
736106,65535,255,5425,9384,0,0,0
736107,65535,255,6494,9065,0,0,0
736108,65535,255,-32768,-32768,0,65535,1
736109,65535,255,-32768,-32768,0,65535,1
736110,65535,255,3150,9865,0,0,0
736111,306,0,4964,9512,1,0,1
736112,412,0,6178,9153,1,0,1
736113,65535,255,-32768,-32768,0,256,1
736114,65535,255,-32768,-32768,0,65535,1
736115,65535,255,-32768,-32768,0,65535,1
736116,307,0,4435,9576,1,0,1
736117,65535,255,5821,9257,0,0,0
736118,65535,255,6771,8924,0,0,1
736119,65535,255,-32768,-32768,0,65535,1
736120,65535,255,-32768,-32768,0,65535,1
736121,382,0,3825,9773,1,0,1
736122,471,0,5414,9387,1,0,1
736123,0,0,0,0,0,0,0
736124,0,0,0,0,0,0,0
736125,65535,255,-32768,-32768,0,65535,1
736126,65535,255,-32768,-32768,0,65535,1
736127,407,0,4952,9466,1,0,1
736128,0,0,0,0,0,0,0
736129,0,0,0,0,0,0,0
736130,65535,255,-32768,-32768,0,65535,1
736131,65535,255,-32768,-32768,0,65535,1
736132,65535,255,4425,9571,0,0,0
736133,65535,255,5814,9268,0,0,0
736134,0,0,0,0,0,0,0
736135,0,0,0,0,0,0,0
736136,65535,255,-32768,-32768,0,65535,1
736137,65535,255,-32768,-32768,0,65535,1
736138,65535,255,5409,9364,0,0,0
736139,335,0,6483,9059,1,0,1
736140,0,0,0,0,0,0,0
736141,65535,255,-32768,-32768,0,65535,1
736142,65535,255,-32768,-32768,0,65535,1
736143,380,0,4946,9489,1,0,1
736144,411,0,6166,9150,1,0,1
736145,0,0,0,0,0,0,0
736146,65535,255,-32768,-32768,0,65535,1
736147,65535,255,-32768,-32768,0,65535,1
736148,373,0,4415,9649,1,0,1
736149,65535,255,5810,9256,0,0,0
736150,65535,255,6763,8930,0,0,1
736151,65535,255,-32768,-32768,0,65535,1
736152,65535,255,-32768,-32768,0,65535,1
736153,276,0,3809,9745,1,0,0
736154,339,0,5404,9385,1,0,1
736155,610,0,6478,9065,1,0,1
736156,65535,255,-32768,-32768,0,65535,1
736157,65535,255,-32768,-32768,0,65535,1
736158,65535,255,3119,9888,0,0,0
736159,379,0,4941,9506,1,0,1
736160,327,0,6163,9184,1,0,1
736161,65535,255,7016,8841,0,0,0
736162,65535,255,-32768,-32768,0,65535,1
736163,296,0,2348,9910,1,0,1
736164,512,0,4411,9656,1,0,1
736165,332,0,5808,9265,1,0,1
736166,65535,255,6761,8944,0,0,1
736167,65535,255,-32768,-32768,0,65535,1
736168,351,0,1496,9928,1,0,1
736169,65535,255,3810,9682,0,0,0
736170,65535,255,5401,9424,0,0,0
736171,65535,255,6479,9060,0,0,0
736172,65535,255,2099,-7523,0,0,0
736173,308,0,591,9936,1,0,0
736174,509,0,3119,9870,1,0,1
736175,65535,255,4941,9539,0,0,0
736176,65535,255,6163,9193,0,0,0
736177,65535,255,2873,-7387,0,0,0
736178,441,0,337,-7971,1,0,1
736179,521,0,2348,9950,1,0,1
736180,314,0,4419,9578,1,0,1
736181,375,0,5809,9286,1,0,1
736182,354,0,3559,-7285,1,0,1
736183,299,0,1237,-7535,1,0,0
736184,283,0,1502,10125,1,0,1
736185,65535,255,3813,9752,0,0,0
736186,65535,255,5407,9398,0,0,0
736187,274,0,4162,-7152,1,0,1
736188,65535,255,2089,-7478,0,0,0
736189,65535,255,603,9885,0,0,0
736190,355,2,3128,9859,1,0,1
736191,296,0,4946,9543,1,0,1
736192,65535,255,4690,-7029,0,0,0
736193,65535,255,2863,-7422,0,0,0
736194,65535,255,326,-8275,0,0,0
736195,65535,255,2358,10030,0,0,0
736196,460,0,4422,9623,1,0,1
736197,365,2,5148,-6933,1,0,0
736198,293,2,3552,-7262,1,0,0
736199,65535,255,1226,-7399,0,0,0
736200,65535,255,1512,10036,0,0,0
736201,65535,255,3821,9735,0,0,0
736202,447,0,5412,9392,1,0,1
736203,297,0,4154,-7147,1,0,1
736204,381,0,2078,-7480,1,0,1
736205,323,0,614,9947,1,0,1
736206,328,0,3141,9886,1,0,1
736207,65535,255,4959,9481,0,0,0
736208,513,0,4683,-7060,1,0,1
736209,65535,255,2849,-7325,0,0,0
736210,65535,255,307,-7569,0,0,0
736211,65535,255,2372,9934,0,0,0
736212,65535,255,4435,9588,0,0,0
736213,304,0,5139,-6910,1,0,1
736214,327,0,3539,-7231,1,0,1
736215,65535,255,1212,-7615,0,0,0
736216,304,0,1534,10012,1,0,1
736217,65535,255,3837,9740,0,0,0
736218,65535,255,5422,9404,0,0,0
736219,65535,255,4143,-7170,0,0,0
736220,65535,255,2063,-7560,0,0,0
736221,65535,255,637,10314,0,0,0
736222,65535,255,3159,9806,0,0,0
736223,65535,255,4970,9523,0,0,0
736224,65535,255,4669,-7022,0,0,0
736225,65535,255,2834,-7442,0,0,0
736226,610,0,285,-7215,1,0,1
736227,309,2,2397,9905,1,0,1
736228,416,0,4451,9586,1,0,1
736229,65535,255,5130,-6913,0,0,0
736230,65535,255,3522,-7250,0,0,0
736231,260,0,1194,-7543,1,0,1
736232,432,0,1545,10071,1,0,1
736233,65535,255,3845,9753,0,0,0
736234,305,0,5430,9377,1,0,1
736235,65535,255,4143,-7185,0,0,0
736236,65535,255,2057,-7484,0,0,0
736237,65535,255,632,10473,0,0,0
736238,65535,255,3159,9775,0,0,0
736239,65535,255,4970,9467,0,0,0
736240,65535,255,4676,-7011,0,0,0
736241,65535,255,2844,-7349,0,0,0
736242,65535,255,297,-7120,0,0,0
736243,65535,255,2382,10024,0,0,0
736244,65535,255,4441,9593,0,0,0
736245,65535,255,5141,-6881,0,0,0
736246,65535,255,3543,-7274,0,0,0
736247,65535,255,1215,-7756,0,0,0
736248,65535,255,1529,10017,0,0,0
736249,65535,255,3833,9771,0,0,0
736250,65535,255,5422,9394,0,0,0
736251,65535,255,4150,-7115,0,0,0
736252,65535,255,2073,-7591,0,0,0
736253,65535,255,620,10103,0,0,0
736254,483,0,3145,9875,1,0,1
736255,65535,255,4961,9529,0,0,0
736256,416,0,4682,-6997,1,0,1
736257,403,0,2853,-7337,1,0,1
736258,65535,255,309,-7251,0,0,0
736259,445,0,2373,9839,1,0,1
736260,65535,255,4432,9620,0,0,0
736261,349,0,5144,-6915,1,0,1
736262,65535,255,3547,-7204,0,0,0
736263,65535,255,1220,-7592,0,0,0
736264,648,0,1518,10121,1,0,1
736265,65535,255,3829,9741,0,0,0
736266,65535,255,5416,9386,0,0,0
736267,403,0,4154,-7120,1,0,1
736268,317,0,2073,-7372,1,0,1
736269,376,0,614,10321,1,0,1
736270,286,0,3145,9778,1,0,1
736271,292,0,4958,9491,1,0,1
736272,65535,255,4682,-7055,0,0,0
736273,350,0,2854,-7293,1,0,1
736274,238,0,309,-7034,1,0,1
736275,305,0,2368,9947,1,0,1
736276,352,0,4428,9640,1,0,1
736277,337,0,5145,-6904,1,0,1
736278,65535,255,3552,-7279,0,0,0
736279,65535,255,1225,-7698,0,0,0
736280,307,0,1513,10079,1,0,1
736281,313,0,3821,9695,1,0,1
736282,413,0,5409,9407,1,0,0
736283,65535,255,4161,-7111,0,0,0
736284,65535,255,2089,-7540,0,0,0
736285,65535,255,604,9777,0,0,0
736286,65535,255,3128,9780,0,0,0
736287,114,2,4947,9467,1,0,1
736288,65535,255,4693,-6999,0,0,0
736289,65535,255,2868,-7312,0,0,0
736290,65535,255,339,-8362,0,0,0
736291,65535,255,2348,9937,0,0,0
736292,266,0,4415,9649,1,0,1
736293,65535,255,5153,-6921,0,0,0
736294,426,0,3561,-7192,1,0,1
736295,330,0,1243,-7454,1,0,1
736296,296,0,1497,9950,1,0,1
736297,65535,255,3805,9777,0,0,0
736298,317,0,5402,9395,1,0,1
736299,491,0,4169,-7109,1,0,1
736300,301,0,2100,-7553,1,0,1
736301,308,0,586,9880,1,0,1
736302,400,0,3114,9831,1,0,0
736303,65535,255,4938,9501,0,0,0
736304,65535,255,4699,-7050,0,0,0
736305,65535,255,2877,-7418,0,0,0
736306,65535,255,343,-7871,0,0,0
736307,65535,255,2338,9896,0,0,0
736308,65535,255,4408,9638,0,0,0
736309,65535,255,5157,-6920,0,0,0
736310,65535,255,3569,-7207,0,0,0
736311,65535,255,1253,-7558,0,0,0
736312,65535,255,1485,10061,0,0,0
736313,374,0,3802,9707,1,0,1
736314,65535,255,5398,9380,0,0,0
736315,286,0,4172,-7170,1,0,1
736316,278,0,2104,-7476,1,0,1
736317,371,2,581,9706,1,0,1
736318,307,0,3114,9812,1,0,1
736319,65535,255,4938,9502,0,0,0
736320,65535,255,4702,-7055,0,0,0
736321,65535,255,2877,-7288,0,0,0
736322,65535,255,346,-7432,0,0,0
736323,323,0,2338,9994,1,0,1
736324,65535,255,4409,9594,0,0,0
736325,316,0,5156,-6894,1,0,1
736326,353,0,3569,-7309,1,0,1
736327,286,0,1248,-7505,1,0,1
736328,65535,255,1491,10039,0,0,0
736329,65535,255,3806,9722,0,0,0
736330,65535,255,5401,9376,0,0,0
736331,65535,255,4172,-7101,0,0,0
736332,65535,255,2101,-7414,0,0,0
736333,65535,255,585,10217,0,0,0
736334,65535,255,3118,9785,0,0,0
736335,65535,255,4940,9480,0,0,0
736336,325,0,4699,-7044,1,0,1
736337,252,0,2872,-7277,1,0,1
736338,65535,255,339,-6993,0,0,0
736339,65535,255,2348,10032,0,0,0
736340,65535,255,4415,9619,0,0,0
736341,65535,255,5156,-6920,0,0,0
736342,376,0,3564,-7225,1,0,1
736343,271,0,1243,-7694,1,0,1
736344,65535,255,1502,9907,0,0,0
736345,65535,255,3814,9682,0,0,0
736346,422,0,5407,9394,1,0,1
736347,309,0,4165,-7083,1,0,1
736348,345,0,2094,-7569,1,0,1
736349,65535,255,597,10217,0,0,0
736350,294,0,3132,9771,1,0,1
736351,301,0,4951,9495,1,0,1
736352,65535,255,4689,-6982,0,0,0
736353,320,0,2862,-7333,1,0,1
736354,517,0,325,-7576,1,0,1
736355,321,0,2363,9923,1,0,1
736356,330,0,4428,9573,1,0,1
736357,65535,255,5147,-6892,0,0,0
736358,65535,255,3551,-7193,0,0,0
736359,65535,255,1225,-7615,0,0,0
736360,65535,255,1518,10209,0,0,0
736361,442,0,3829,9681,1,0,1
736362,65535,255,5419,9359,0,0,0
736363,65535,255,4153,-7098,0,0,0
736364,339,0,2073,-7386,1,0,1
736365,296,0,620,10480,1,0,1
736366,298,0,3149,9837,1,0,1
736367,0,0,0,0,0,0,0
736368,65535,255,4679,-7025,0,0,0
736369,65535,255,2849,-7444,0,0,0
736370,65535,255,298,-7008,0,0,0
736371,300,0,2387,9881,1,0,1
736372,65535,255,4443,9607,0,0,0
736373,247,0,5136,-6889,1,0,0
736374,65535,255,3534,-7196,0,0,0
736375,324,2,1203,-7702,1,0,1
736376,65535,255,1545,9950,0,0,0
736377,65535,255,3845,9717,0,0,0
736378,65535,255,5430,9390,0,0,0
736379,562,0,4139,-7156,1,0,1
736380,616,0,2051,-7529,1,0,1
736381,295,0,649,10208,1,0,1
736382,307,0,3172,9796,1,0,0
736383,65535,255,4979,9522,0,0,0
736384,367,0,4663,-7022,1,0,1
736385,65535,255,2820,-7427,0,0,0
736386,547,0,274,-8279,1,0,1
736387,65535,255,2407,9971,0,0,0
736388,0,0,0,0,0,0,0
736389,65535,255,5121,-6882,0,0,0
736390,65535,255,3517,-7284,0,0,0
736391,383,0,1175,-7425,1,0,1
736392,65535,255,1567,9990,0,0,0
736393,404,0,3862,9699,1,0,1
736394,65535,255,5439,9359,0,0,0
736395,65535,255,4125,-7186,0,0,0
736396,65535,255,2031,-7533,0,0,0
736397,375,0,667,10007,1,0,1
736398,65535,255,3181,9871,0,0,0
736399,65535,255,4986,9492,0,0,0
736400,508,0,4653,-7018,1,0,1
736401,65535,255,2806,-7396,0,0,0
736402,65535,255,256,-8061,0,0,0
736403,65535,255,2422,9956,0,0,0
736404,505,0,4466,9584,1,0,1
736405,65535,255,5114,-6889,0,0,0
736406,65535,255,3501,-7312,0,0,0
736407,410,0,1158,-7539,1,0,1
736408,300,0,1584,10113,1,0,1
736409,333,0,3874,9751,1,0,1
736410,385,0,5447,9395,1,0,1
736411,65535,255,4110,-7140,0,0,0
736412,65535,255,2010,-7455,0,0,0
736413,397,0,691,9865,1,0,1
736414,65535,255,3199,9801,0,0,0
736415,508,0,4992,9524,1,0,1
736416,415,0,4644,-7020,1,0,1
736417,65535,255,2802,-7452,0,0,0
736418,65535,255,245,-7137,0,0,0
736419,65535,255,2422,9916,0,0,0
736420,65535,255,4466,9591,0,0,0
736421,65535,255,5114,-6919,0,0,0
736422,65535,255,3505,-7259,0,0,0
736423,65535,255,1163,-7480,0,0,0
736424,65535,255,1567,10157,0,0,0
736425,65535,255,3862,9683,0,0,0
736426,65535,255,5437,9373,0,0,0
736427,65535,255,4122,-7130,0,0,0
736428,65535,255,2031,-7484,0,0,0
736429,65535,255,660,10157,0,0,0
736430,65535,255,3177,9795,0,0,0
736431,370,0,4977,9527,1,0,1
736432,367,2,4657,-7034,1,0,1
736433,465,0,2821,-7304,1,0,0
736434,65535,255,273,-7674,0,0,0
736435,65535,255,2397,9998,0,0,0
736436,65535,255,4449,9632,0,0,0
736437,65535,255,5125,-6880,0,0,0
736438,65535,255,3522,-7205,0,0,0
736439,523,0,1192,-7787,1,0,1
736440,356,0,1549,10013,1,0,1
736441,424,0,3846,9709,1,0,1
736442,65535,255,5428,9400,0,0,0
736443,65535,255,4137,-7176,0,0,0
736444,65535,255,2047,-7371,0,0,0
736445,307,0,644,9851,1,0,1
736446,318,0,3159,9905,1,0,1
736447,65535,255,4967,9508,0,0,0
736448,65535,255,4670,-7019,0,0,0
736449,65535,255,2835,-7302,0,0,0
736450,65535,255,290,-7787,0,0,0
736451,65535,255,2382,10014,0,0,0
736452,65535,255,4439,9653,0,0,0
736453,601,0,5823,9297,1,0,1
736454,327,0,3534,-7245,1,0,1
736455,305,2,1203,-7534,1,0,1
736456,362,0,1535,9887,1,0,1
736457,349,0,3838,9727,1,0,1
736458,65535,255,5420,9412,0,0,0
736459,65535,255,6491,9076,0,0,0
736460,0,0,0,0,0,0,0
736461,0,0,0,0,0,0,0
736462,65535,255,3150,9828,0,0,0
736463,0,0,0,0,0,0,0
736464,65535,255,6175,9180,0,0,0
736465,65535,255,-32768,-32768,0,256,1
736466,552,0,308,-7568,1,0,1
736467,458,0,2372,10016,1,0,1
736468,490,0,4432,9661,1,0,1
736469,65535,255,5820,9307,0,0,0
736470,65535,255,6771,8952,0,0,1
736471,65535,255,-32768,-32768,0,65535,1
736472,572,0,1523,10037,1,0,1
736473,65535,255,3831,9723,0,0,0
736474,65535,255,5420,9379,0,0,0
736475,418,0,6490,9056,1,0,1
736476,0,0,0,0,0,0,0
736477,65535,255,-32768,-32768,0,65535,1
736478,315,0,3145,9819,1,0,1
736479,236,0,4960,9473,1,0,0
736480,0,0,0,0,0,0,0
736481,0,0,0,0,0,0,0
736482,0,0,0,0,0,0,0
736483,65535,255,-32768,-32768,0,65535,0
736484,65535,255,4431,9592,0,0,0
736485,65535,255,5819,9269,0,0,0
736486,65535,255,6771,8927,0,0,1
736487,65535,255,-32768,-32768,0,65535,1
736488,65535,255,-32768,-32768,0,65535,1
736489,345,0,3829,9745,1,0,1
736490,65535,255,5417,9361,0,0,0
736491,490,0,6489,9046,1,0,1
736492,0,0,0,0,0,0,0
736493,65535,255,-32768,-32768,0,65535,0
736494,65535,255,-32768,-32768,0,65535,1
736495,65535,255,4958,9478,0,0,0
736496,65535,255,6174,9189,0,0,0
736497,0,0,0,0,0,0,0
736498,65535,255,-32768,-32768,0,65535,0
736499,65535,255,-32768,-32768,0,65535,0
736500,65535,255,4432,9623,0,0,0
736501,572,0,5819,9291,1,0,1
736502,0,0,0,0,0,0,0
736503,0,0,0,0,0,0,0
736504,65535,255,-32768,-32768,0,65535,1
736505,65535,255,-32768,-32768,0,65535,1
736506,452,0,5417,9409,1,0,1
736507,374,0,6491,9032,1,0,1
736508,0,0,0,0,0,0,0
736509,65535,255,-32768,-32768,0,65535,1
736510,65535,255,-32768,-32768,0,65535,0
736511,65535,255,4961,9472,0,0,0
736512,461,0,6174,9192,1,0,1
736513,0,0,0,0,0,0,0
736514,65535,255,-32768,-32768,0,0,1
736515,65535,255,-32768,-32768,0,65535,0
736516,316,2,4435,9649,1,0,1
736517,383,0,5821,9299,1,0,1
736518,65535,255,6772,8962,0,0,1
736519,65535,255,-32768,-32768,0,65535,0
736520,65535,255,-32768,-32768,0,0,1
736521,340,0,3833,9752,1,0,1
736522,65535,255,5420,9374,0,0,0
736523,355,0,6490,9062,1,0,1
736524,65535,255,-32768,-32768,0,65535,0
736525,65535,255,626,10424,0,0,0
736526,288,0,3150,9907,1,0,1
736527,353,0,4962,9537,1,0,1
736528,501,0,6177,9176,1,0,1
736529,65535,255,-32768,-32768,0,256,1
736530,605,0,304,-8333,1,0,1
736531,340,0,2382,9935,1,0,1
736532,286,0,4439,9648,1,0,1
736533,306,0,5824,9275,1,0,1
736534,65535,255,6774,8919,0,0,0
736535,65535,255,1203,-7479,0,0,0
736536,515,0,1535,9973,1,0,1
736537,65535,255,3842,9664,0,0,0
736538,65535,255,5423,9401,0,0,0
736539,65535,255,6493,9030,0,0,0
736540,345,0,2058,-7573,1,0,1
736541,337,0,637,10003,1,0,1
736542,65535,255,3159,9837,0,0,0
736543,65535,255,4968,9503,0,0,0
736544,65535,255,6181,9155,0,0,0
736545,405,2,2835,-7412,1,0,0
736546,309,0,285,-7789,1,0,1
736547,65535,255,2393,9881,0,0,0
736548,65535,255,4445,9627,0,0,0
736549,65535,255,5128,-6909,0,0,0
736550,408,0,3527,-7306,1,0,1
736551,65535,255,1192,-7423,0,0,0
736552,65535,255,1551,9951,0,0,0
736553,65535,255,3850,9671,0,0,0
736554,439,0,5429,9405,1,0,1
736555,337,0,4129,-7128,1,0,1
736556,396,0,2042,-7435,1,0,1
736557,444,0,649,10362,1,0,1
736558,65535,255,3172,9760,0,0,0
736559,383,0,4976,9465,1,0,1
736560,374,0,4660,-7015,1,0,0
736561,65535,255,2820,-7359,0,0,0
736562,65535,255,268,-7320,0,0,0
736563,65535,255,2407,9840,0,0,0
736564,426,0,4456,9613,1,0,1
736565,341,0,5120,-6901,1,0,1
736566,569,0,3514,-7309,1,0,1
736567,317,0,1169,-7450,1,0,1
736568,65535,255,1567,9991,0,0,0
736569,470,0,3862,9692,1,0,1
736570,493,0,5438,9392,1,0,1
736571,65535,255,4118,-7158,0,0,0
736572,65535,255,2025,-7436,0,0,0
736573,65535,255,673,10454,0,0,0
736574,326,0,3190,9785,1,0,1
736575,327,0,4989,9482,1,0,1
736576,291,0,4647,-7036,1,0,1
736577,315,0,2802,-7417,1,0,1
736578,65535,255,250,-8070,0,0,0
736579,391,0,2427,9930,1,0,1
736580,295,0,4473,9565,1,0,1
736581,65535,255,5111,-6945,0,0,0
736582,534,0,3497,-7260,1,0,1
736583,65535,255,1152,-7768,0,0,0
736584,65535,255,1596,9907,0,0,0
736585,65535,255,3882,9666,0,0,0
736586,367,0,5450,9414,1,0,1
736587,317,0,4102,-7104,1,0,1
736588,65535,255,2010,-7582,0,0,0
736589,346,0,690,10156,1,0,1
736590,463,0,3194,9890,1,0,1
736591,65535,255,4995,9465,0,0,0
736592,65535,255,4647,-7012,0,0,0
736593,308,0,2801,-7383,1,0,1
736594,65535,255,250,-7804,0,0,0
736595,65535,255,2421,9918,0,0,0
736596,65535,255,4463,9624,0,0,0
736597,327,0,5119,-6943,1,0,1
736598,331,0,3509,-7257,1,0,1
736599,331,0,1175,-7791,1,0,1
736600,353,2,1568,9930,1,0,0
736601,336,0,3862,9685,1,0,1
736602,395,0,5436,9378,1,0,1
736603,65535,255,4139,-7184,0,0,0
736604,65535,255,2052,-7373,0,0,0
736605,65535,255,638,9795,0,0,0
736606,344,0,3158,9884,1,0,1
736607,384,0,4967,9491,1,0,1
736608,350,0,4676,-6991,1,0,1
736609,311,2,2844,-7413,1,0,1
736610,65535,255,303,-7021,0,0,0
736611,448,0,2378,9920,1,0,1
736612,65535,255,4435,9602,0,0,0
736613,65535,255,5144,-6929,0,0,0
736614,65535,255,3547,-7289,0,0,0
736615,317,0,1219,-7644,1,0,1
736616,0,0,0,0,0,0,0
736617,0,0,0,0,0,0,0
736618,65535,255,5414,9422,0,0,0
736619,65535,255,4157,-7104,0,0,0
736620,0,0,0,0,0,0,0
736621,500,0,603,10161,1,0,1
736622,65535,255,3136,9810,0,0,0
736623,65535,255,4950,9491,0,0,0
736624,65535,255,4692,-7063,0,0,0
736625,65535,255,2867,-7376,0,0,0
736626,65535,255,333,-6977,0,0,0
736627,65535,255,2353,9910,0,0,0
736628,65535,255,4418,9606,0,0,0
736629,65535,255,5155,-6920,0,0,0
736630,408,0,3564,-7191,1,0,1
736631,65535,255,1248,-7746,0,0,0
736632,323,0,1496,10105,1,0,1
736633,560,0,3810,9684,1,0,1
736634,396,0,5404,9386,1,0,1
736635,65535,255,4175,-7169,0,0,0
736636,65535,255,2104,-7383,0,0,0
736637,346,0,586,9937,1,0,1
736638,65535,255,3114,9793,0,0,0
736639,65535,255,4937,9536,0,0,0
736640,65535,255,4703,-7022,0,0,0
736641,396,0,2886,-7394,1,0,0
736642,65535,255,349,-7202,0,0,0
736643,609,0,2332,9968,1,0,1
736644,401,0,4404,9640,1,0,1
736645,509,0,5164,-6897,1,0,1
736646,543,0,3577,-7256,1,0,1
736647,65535,255,1259,-7584,0,0,0
736648,65535,255,1480,9974,0,0,0
736649,65535,255,3794,9773,0,0,0
736650,493,0,5393,9370,1,0,1
736651,551,0,4183,-7159,1,0,1
736652,65535,255,2115,-7366,0,0,0
736653,65535,255,568,9933,0,0,0
736654,65535,255,3101,9795,0,0,0
736655,65535,255,4929,9516,0,0,0
736656,65535,255,4708,-6988,0,0,0
736657,0,0,0,0,0,0,0
736658,65535,255,365,-7766,0,0,0
736659,0,0,0,0,0,0,0
736660,65535,255,4399,9584,0,0,0
736661,320,0,5165,-6860,1,0,1
736662,65535,255,3581,-7204,0,0,0
736663,65535,255,1271,-7450,0,0,0
736664,334,0,1469,9883,1,0,1
736665,338,0,3789,9750,1,0,1
736666,544,0,5388,9380,1,0,1
736667,65535,255,4187,-7152,0,0,0
736668,65535,255,2120,-7381,0,0,0
736669,65535,255,556,9987,0,0,0
736670,337,0,3096,9826,1,0,1
736671,302,0,4926,9484,1,0,1
736672,507,0,4712,-7016,1,0,1
736673,333,0,2896,-7327,1,0,1
736674,334,0,370,-7521,1,0,1
736675,65535,255,2316,9943,0,0,0
736676,65535,255,4392,9637,0,0,0
736677,364,0,5168,-6909,1,0,1
736678,65535,255,3586,-7288,0,0,0
736679,65535,255,1277,-7738,0,0,0
736680,65535,255,1463,10158,0,0,0
736681,311,0,3786,9728,1,0,1
736682,430,0,5386,9425,1,0,1
736683,65535,255,4187,-7144,0,0,0
736684,137,0,2125,-7380,1,0,1
736685,65535,255,557,9809,0,0,0
736686,467,0,3092,9797,1,0,1
736687,529,0,4923,9474,1,0,1
736688,65535,255,4712,-7009,0,0,0
736689,65535,255,2896,-7337,0,0,0
736690,276,0,368,-7041,1,0,1
736691,426,0,2317,9971,1,0,1
736692,427,0,4392,9656,1,0,1
736693,358,0,5168,-6925,1,0,1
736694,364,0,3582,-7203,1,0,1
736695,334,0,1271,-7477,1,0,1
736696,631,0,1463,9953,1,0,1
736697,552,0,3785,9783,1,0,1
736698,465,2,5388,9396,1,0,1
736699,335,0,4183,-7104,1,0,1
736700,445,0,2126,-7531,1,0,1
736701,440,0,563,9812,1,0,1
736702,346,0,3101,9806,1,0,1
736703,65535,255,4929,9484,0,0,0
736704,353,0,4709,-7028,1,0,1
736705,65535,255,2896,-7369,0,0,0
736706,65535,255,360,-7399,0,0,0
736707,65535,255,2322,10041,0,0,0
736708,65535,255,4401,9598,0,0,0
736709,313,0,5164,-6879,1,0,1
736710,65535,255,3582,-7262,0,0,0
736711,345,0,1265,-7687,1,0,1
736712,388,0,1474,10156,1,0,1
736713,580,0,3793,9735,1,0,1
736714,332,0,5395,9371,1,0,1
736715,518,0,4182,-7175,1,0,1
736716,294,0,2115,-7472,1,0,1
736717,499,0,569,10575,1,0,1
736718,65535,255,3110,9786,0,0,0
736719,521,0,4934,9478,1,0,1
736720,429,0,4705,-7023,1,0,1
736721,361,0,2886,-7371,1,0,1
736722,65535,255,348,-7391,0,0,0
736723,65535,255,2334,9984,0,0,0
736724,434,0,4408,9610,1,0,1
736725,65535,255,5162,-6895,0,0,0
736726,65535,255,3573,-7289,0,0,0
736727,65535,255,1254,-7397,0,0,0
736728,65535,255,1491,9911,0,0,0
736729,65535,255,3805,9781,0,0,0
736730,65535,255,5403,9403,0,0,0
736731,237,0,4171,-7127,1,0,1
736732,65535,255,2099,-7366,0,0,0
736733,252,0,585,10165,1,0,1
736734,65535,255,3118,9883,0,0,0
736735,65535,255,4943,9537,0,0,0
736736,65535,255,4695,-7001,0,0,0
736737,65535,255,2872,-7340,0,0,0
736738,65535,255,331,-7276,0,0,0
736739,317,0,2353,10034,1,0,0
736740,65535,255,4421,9608,0,0,0
736741,441,0,5153,-6898,1,0,1
736742,359,0,3560,-7300,1,0,1
736743,541,0,1237,-7450,1,0,1
736744,498,0,1507,9976,1,0,1
736745,428,0,3821,9684,1,0,1
736746,346,0,5411,9420,1,0,1
736747,65535,255,4161,-7156,0,0,0
736748,65535,255,2083,-7445,0,0,0
736749,65535,255,609,10490,0,0,0
736750,65535,255,3140,9792,0,0,0
736751,65535,255,4955,9491,0,0,0
736752,404,0,4685,-7045,1,0,1
736753,548,2,2858,-7429,1,0,0
736754,65535,255,314,-8094,0,0,0
736755,315,0,2372,9951,1,0,1
736756,444,0,4435,9567,1,0,1
736757,469,2,5141,-6875,1,0,1
736758,0,0,0,0,0,0,0
736759,65535,255,1211,-7563,0,0,0
736760,65535,255,1535,9931,0,0,0
736761,65535,255,3837,9674,0,0,0
736762,366,0,5423,9417,1,0,1
736763,338,0,4143,-7160,1,0,1
736764,346,0,2057,-7464,1,0,1
736765,416,0,639,9746,1,0,1
736766,65535,255,3159,9818,0,0,0
736767,352,0,4970,9504,1,0,1
736768,339,0,4666,-7000,1,0,1
736769,65535,255,2830,-7302,0,0,0
736770,348,0,281,-6962,1,0,1
736771,365,0,2397,10040,1,0,1
736772,65535,255,4452,9614,0,0,0
736773,65535,255,5127,-6914,0,0,0
736774,65535,255,3517,-7204,0,0,0
736775,65535,255,1180,-7619,0,0,0
736776,65535,255,1557,10140,0,0,0
736777,65535,255,3858,9755,0,0,0
736778,65535,255,5437,9399,0,0,0
736779,65535,255,4121,-7135,0,0,0
736780,65535,255,2031,-7419,0,0,0
736781,65535,255,667,10456,0,0,0
736782,346,0,3186,9815,1,0,1
736783,415,0,4986,9489,1,0,1
736784,542,0,4650,-6987,1,0,1
736785,322,0,2806,-7393,1,0,1
736786,65535,255,263,-8224,0,0,0
736787,291,2,2417,9866,1,0,0
736788,354,0,4463,9568,1,0,1
736789,349,0,5116,-6901,1,0,1
736790,65535,255,3509,-7231,0,0,0
736791,65535,255,1170,-7421,0,0,0
736792,65535,255,1568,10118,0,0,0
736793,360,0,3862,9670,1,0,1
736794,413,0,5437,9370,1,0,1
736795,386,0,4122,-7128,1,0,1
736796,360,0,2031,-7498,1,0,1
736797,364,0,661,10210,1,0,0
736798,370,0,3177,9816,1,0,1
736799,444,0,4978,9509,1,0,1
736800,65535,255,4657,-7044,0,0,0
736801,439,0,2815,-7336,1,0,1
736802,354,0,268,-8166,1,0,1
736803,327,0,2407,10038,1,0,1
736804,536,0,4453,9648,1,0,1
736805,636,0,5122,-6899,1,0,1
736806,383,0,3513,-7238,1,0,1
736807,449,0,1180,-7449,1,0,1
736808,436,0,1557,10162,1,0,1
736809,65535,255,3854,9695,0,0,0
736810,65535,255,5434,9390,0,0,0
736811,0,0,0,0,0,0,0
736812,65535,255,2036,-7380,0,0,0
736813,65535,255,662,9809,0,0,0
736814,428,0,3172,9895,1,0,1
736815,355,0,4977,9508,1,0,1
736816,65535,255,4657,-7020,0,0,0
736817,232,0,2816,-7291,1,0,1
736818,65535,255,273,-7793,0,0,0
736819,65535,255,2402,10013,0,0,0
736820,311,0,4453,9652,1,0,1
736821,399,0,5833,9296,1,0,0
736822,65535,255,3517,-7255,0,0,0
736823,65535,255,1180,-7533,0,0,0
736824,65535,255,1563,9910,0,0,0
736825,65535,255,3854,9734,0,0,0
736826,65535,255,5434,9415,0,0,0
736827,65535,255,6501,9044,0,0,0
736828,65535,255,2036,-7480,0,0,0
736829,413,0,655,10211,1,0,0
736830,568,0,3172,9837,1,0,1
736831,65535,255,4979,9475,0,0,0
736832,339,0,6188,9181,1,0,1
736833,65535,255,-32768,-32768,0,65535,1
736834,65535,255,267,-7550,0,0,0
736835,350,2,2407,10000,1,0,1
736836,396,0,4456,9652,1,0,1
736837,613,0,5834,9300,1,0,1
736838,65535,255,6782,8946,0,0,0
736839,65535,255,-32768,-32768,0,65535,0
736840,65535,255,1562,9994,0,0,0
736841,65535,255,3858,9772,0,0,0
736842,371,0,5439,9371,1,0,1
736843,391,0,6504,9049,1,0,1
736844,65535,255,-32768,-32768,0,0,1
736845,65535,255,-32768,-32768,0,65535,1
736846,360,0,3181,9778,1,0,1
736847,341,0,4982,9535,1,0,1
736848,422,0,6191,9166,1,0,1
736849,0,0,0,0,0,0,0
736850,65535,255,-32768,-32768,0,65535,0
736851,65535,255,-32768,-32768,0,65535,0
736852,65535,255,4462,9651,0,0,0
736853,481,0,5839,9304,1,0,1
736854,0,0,0,0,0,0,0
736855,0,0,0,0,0,0,0
736856,65535,255,-32768,-32768,0,65535,1
736857,363,0,3870,9677,1,0,1
736858,304,0,5444,9394,1,0,1
736859,297,0,6507,9069,1,0,1
736860,0,0,0,0,0,0,0
736861,65535,255,-32768,-32768,0,65535,0
736862,65535,255,-32768,-32768,0,65535,1
736863,65535,255,4988,9495,0,0,0
736864,413,0,6197,9141,1,0,1
736865,0,0,0,0,0,0,0
736866,65535,255,-32768,-32768,0,0,1
736867,65535,255,-32768,-32768,0,65535,1
736868,354,0,4472,9624,1,0,1
736869,65535,255,5845,9289,0,0,0
736870,0,0,0,0,0,0,0
736871,0,0,0,0,0,0,0
736872,65535,255,-32768,-32768,0,65535,1
736873,65535,255,3878,9676,0,0,0
736874,65535,255,5449,9392,0,0,0
736875,0,0,0,0,0,0,0
736876,0,0,0,0,0,0,0
736877,65535,255,-32768,-32768,0,65535,1
736878,449,2,3199,9881,1,0,1
736879,389,0,4997,9515,1,0,1
736880,323,0,6202,9158,1,0,1
736881,0,0,0,0,0,0,0
736882,65535,255,-32768,-32768,0,65535,1
736883,294,0,2441,10007,1,0,1
736884,305,0,4483,9572,1,0,1
736885,283,0,5853,9253,1,0,0
736886,0,0,0,0,0,0,0
736887,65535,255,-32768,-32768,0,65535,1
736888,333,0,1607,9888,1,0,1
736889,385,0,3890,9743,1,0,1
736890,300,0,5458,9366,1,0,1
736891,299,0,6517,9054,1,0,1
736892,65535,255,-32768,-32768,0,65535,1
736893,65535,255,707,10154,0,0,0
736894,473,0,3212,9850,1,0,1
736895,341,0,5007,9502,1,0,1
736896,65535,255,6206,9137,0,0,0
736897,65535,255,-32768,-32768,0,65535,1
736898,234,2,221,-7972,1,0,0
736899,65535,255,2446,9929,0,0,0
736900,65535,255,4483,9572,0,0,0
736901,409,0,5853,9278,1,0,1
736902,65535,255,6793,8940,0,0,1
736903,515,0,1141,-7449,3,0,0
736904,507,0,1595,10032,1,0,1
736905,65535,255,3882,9722,0,0,0
736906,65535,255,5451,9377,0,0,0
736907,65535,255,6512,9025,0,0,0
736908,315,0,2007,-7471,1,0,1
736909,394,0,684,10255,1,0,1
736910,446,0,3195,9775,1,0,1
736911,312,0,4992,9494,1,0,1
736912,310,0,4644,-7058,1,0,1
736913,401,0,2797,-7294,1,0,1
736914,337,0,246,-6861,1,0,1
736915,65535,255,2427,9853,0,0,0
736916,65535,255,4466,9631,0,0,0
736917,65535,255,5113,-6927,0,0,0
736918,331,0,3500,-7240,1,0,1
736919,65535,255,1164,-7764,0,0,0
736920,432,0,1573,9952,1,0,1
736921,372,0,3866,9693,1,0,1
736922,326,0,5439,9366,1,0,1
736923,65535,255,4118,-7085,0,0,0
736924,321,0,2031,-7577,1,0,1
736925,474,0,661,10259,1,0,1
736926,65535,255,3177,9778,0,0,0
736927,344,0,4980,9492,1,0,1
736928,431,0,4657,-7061,1,0,1
736929,369,0,2816,-7313,1,0,1
736930,65535,255,268,-7298,0,0,0
736931,350,0,2407,9881,1,0,1
736932,65535,255,4452,9653,0,0,0
736933,456,0,5122,-6873,1,0,1
736934,387,0,3518,-7288,1,0,1
736935,65535,255,1186,-7645,0,0,0
736936,343,0,1551,10206,1,0,1
736937,380,0,3850,9673,1,0,1
736938,170,0,5428,9393,1,0,1
736939,65535,255,4133,-7187,0,0,0
736940,65535,255,2046,-7573,0,0,0
736941,65535,255,643,10265,0,0,0
736942,65535,255,3163,9780,0,0,0
736943,310,0,4971,9505,1,0,1
736944,439,0,4666,-6982,1,0,1
736945,335,0,2830,-7355,1,0,1
736946,65535,255,284,-7790,0,0,0
736947,65535,255,2387,9950,0,0,0
736948,65535,255,4442,9598,0,0,0
736949,65535,255,5130,-6906,0,0,0
736950,65535,255,3530,-7226,0,0,0
736951,583,0,1203,-7753,1,0,1
736952,65535,255,1541,9975,0,0,0
736953,299,0,3842,9721,1,0,1
736954,65535,255,5423,9385,0,0,0
736955,65535,255,4140,-7137,0,0,0
736956,65535,255,2057,-7477,0,0,0
736957,65535,255,632,9953,0,0,0
736958,65535,255,3154,9899,0,0,0
736959,412,0,4965,9485,1,0,1
736960,445,0,4673,-7016,1,0,1
736961,65535,255,2839,-7343,0,0,0
736962,65535,255,296,-7785,0,0,0
736963,65535,255,2382,9978,0,0,0
736964,65535,255,4439,9612,0,0,0
736965,65535,255,5136,-6925,0,0,0
736966,65535,255,3539,-7259,0,0,0
736967,558,0,1231,-7507,1,0,1
736968,65535,255,1513,9907,0,0,0
736969,65535,255,3817,9729,0,0,0
736970,65535,255,5409,9413,0,0,0
736971,65535,255,4161,-7097,0,0,0
736972,343,0,2088,-7462,1,0,1
736973,384,0,597,10217,1,0,0
736974,350,0,3128,9830,1,0,1
736975,562,0,4946,9479,1,0,1
736976,412,0,4695,-6992,1,0,0
736977,437,0,2877,-7429,1,0,1
736978,65535,255,336,-7580,0,0,0
736979,346,0,2348,10005,1,0,1
736980,531,0,4412,9657,1,0,0
736981,443,0,5158,-6909,1,0,1
736982,373,0,3568,-7275,1,0,1
736983,513,0,1254,-7637,1,0,1
736984,346,0,1491,10017,1,0,1
736985,371,0,3805,9780,1,0,1
736986,458,0,5401,9382,1,0,1
736987,349,0,4175,-7169,1,0,1
736988,65535,255,2104,-7398,0,0,0
736989,65535,255,580,9993,0,0,0
736990,65535,255,3114,9813,0,0,0
736991,489,0,4937,9471,1,0,1
736992,522,0,4704,-6995,1,0,1
736993,65535,255,2886,-7275,0,0,0
736994,351,0,354,-7770,1,0,1
736995,65535,255,2332,9949,0,0,0
736996,591,0,4405,9589,1,0,1
736997,65535,255,5165,-6894,0,0,0
736998,383,2,3577,-7206,1,0,0
736999,462,0,1265,-7451,1,0,0
737000,392,0,1479,9962,1,0,1
737001,65535,255,3797,9741,0,0,0
737002,65535,255,5395,9374,0,0,0
737003,65535,255,4182,-7153,0,0,0
737004,65535,255,2115,-7367,0,0,0
737005,65535,255,568,9988,0,0,0
737006,65535,255,3105,9815,0,0,0
737007,65535,255,4932,9478,0,0,0
737008,65535,255,4708,-7012,0,0,0
737009,252,0,2891,-7317,1,0,1
737010,609,0,367,-8304,1,0,1
737011,331,0,2327,9927,1,0,0
737012,65535,255,4398,9636,0,0,1
737013,65535,255,5167,-6906,0,0,0
737014,353,0,3581,-7281,1,0,0
737015,408,0,1271,-7739,1,0,1
737016,465,0,1468,10134,1,0,1
737017,378,0,3793,9718,1,0,1
737018,65535,255,5390,9424,0,0,0
737019,480,0,4186,-7139,1,0,1
737020,65535,255,2120,-7366,0,0,0
737021,65535,255,562,10049,0,0,0
737022,65535,255,3101,9835,0,0,0
737023,420,0,4928,9495,1,0,1
737024,65535,255,4711,-7034,0,0,0
737025,405,0,2896,-7381,1,0,1
737026,65535,255,366,-7403,0,0,1
737027,65535,255,2322,10026,0,0,0
737028,65535,255,4399,9585,0,0,0
737029,65535,255,5167,-6869,0,0,0
737030,65535,255,3581,-7238,0,0,0
737031,65535,255,1271,-7633,0,0,0
737032,342,0,1474,10087,1,0,1
737033,351,0,3794,9702,1,0,1
737034,540,0,5390,9420,1,0,1
737035,651,0,4183,-7145,1,0,1
737036,334,0,2115,-7381,1,0,1
737037,65535,255,568,10166,0,0,0
737038,541,0,3101,9865,1,0,1
737039,65535,255,4929,9517,0,0,0
737040,0,0,0,0,0,0,0
737041,65535,255,2887,-7317,0,0,0
737042,317,0,360,-8039,1,0,1
737043,65535,255,2327,9914,0,0,0
737044,319,0,4402,9642,1,0,1
737045,65535,255,5162,-6921,0,0,0
737046,65535,255,3573,-7196,0,0,0
737047,379,0,1259,-7504,1,0,1
737048,375,0,1480,9997,1,0,1
737049,499,0,3798,9687,1,0,1
737050,283,0,5396,9413,1,0,1
737051,65535,255,4176,-7139,0,0,0
737052,65535,255,2110,-7381,0,0,0
737053,527,0,574,10224,1,0,1
737054,330,0,3110,9883,1,0,1
737055,65535,255,4935,9532,0,0,0
737056,0,0,0,0,0,0,0
737057,65535,255,2882,-7317,0,0,0
737058,460,0,351,-7013,1,0,1
737059,0,0,0,0,0,0,0
737060,401,0,4409,9590,1,0,1
737061,65535,255,5156,-6881,0,0,0
737062,362,0,3568,-7265,1,0,1
737063,379,0,1248,-7743,1,0,1
737064,65535,255,1491,10216,0,0,0
737065,437,0,3806,9764,1,0,1
737066,65535,255,5402,9393,0,0,0
737067,65535,255,4169,-7113,0,0,0
737068,65535,255,2097,-7517,0,0,0
737069,65535,255,591,10109,0,0,0
737070,65535,255,3123,9872,0,0,0
737071,158,2,4944,9531,1,0,1
737072,65535,255,4692,-6996,0,0,0
737073,380,0,2867,-7330,1,0,1
737074,530,0,332,-7176,1,0,1
737075,65535,255,2353,10034,0,0,0
737076,65535,255,4422,9607,0,0,0
737077,65535,255,5150,-6898,0,0,0
737078,585,0,3556,-7309,1,0,1
737079,555,0,1231,-7478,1,0,1
737080,65535,255,1513,9996,0,0,0
737081,65535,255,3822,9699,0,0,0
737082,408,2,5412,9424,1,0,1
737083,591,0,4157,-7170,1,0,1
737084,389,0,2078,-7477,1,0,1
737085,65535,255,616,9732,0,0,0
737086,0,0,0,0,0,0,0
737087,65535,255,4955,9501,0,0,0
737088,65535,255,4682,-7063,0,0,0
737089,331,0,2849,-7289,1,0,1
737090,447,0,309,-7245,1,0,1
737091,65535,255,2378,9843,0,0,0
737092,0,0,0,0,0,0,0
737093,65535,255,5139,-6917,0,0,0
737094,65535,255,3539,-7201,0,0,0
737095,445,0,1208,-7588,1,0,1
737096,65535,255,1535,10101,0,0,0
737097,0,0,0,0,0,0,0
737098,65535,255,5426,9383,0,0,0
737099,516,0,4143,-7111,1,0,1
737100,65535,255,2057,-7355,0,0,0
737101,65535,255,637,10264,0,0,0
737102,384,0,3162,9817,1,0,1
737103,65535,255,4973,9476,0,0,0
737104,693,0,4669,-7036,1,0,1
737105,65535,255,2829,-7379,0,0,0
737106,364,0,278,-7791,1,0,1
737107,65535,255,2402,9921,0,0,0
737108,65535,255,4453,9627,0,0,0
737109,298,2,5124,-6883,1,0,0
737110,65535,255,3517,-7273,0,0,0
737111,65535,255,1181,-7366,0,0,0
737112,65535,255,1562,9972,0,0,0
737113,65535,255,3862,9693,0,0,0
737114,65535,255,5439,9361,0,0,0
737115,65535,255,4125,-7191,0,0,0
737116,65535,255,2030,-7547,0,0,0
737117,65535,255,667,10059,0,0,0
737118,65535,255,3186,9882,0,0,0
737119,405,0,4989,9467,1,0,1
737120,65535,255,4650,-7005,0,0,0
737121,65535,255,2811,-7404,0,0,0
737122,1085,1,260,-6646,1,0,1
737123,65535,255,2422,9852,0,0,0
737124,65535,255,4464,9605,0,0,0
737125,65535,255,5119,-6886,0,0,0
737126,298,0,3509,-7197,1,0,1
737127,344,0,1174,-7705,1,0,1
737128,411,0,1568,9992,1,0,0
737129,0,0,0,0,0,0,0
737130,95,2,5439,9404,1,0,0
737131,65535,255,4125,-7170,0,0,0
737132,65535,255,2036,-7577,0,0,0
737133,403,0,661,10358,1,0,1
737134,65535,255,3177,9836,0,0,0
737135,65535,255,4980,9497,0,0,0
737136,65535,255,4660,-7044,0,0,0
737137,65535,255,2820,-7314,0,0,0
737138,65535,255,273,-7794,0,0,0
737139,65535,255,2402,9987,0,0,0
737140,65535,255,4455,9620,0,0,0
737141,65535,255,5127,-6940,0,0,0
737142,346,0,3521,-7298,1,0,1
737143,65535,255,1185,-7646,0,0,0
737144,65535,255,1557,9930,0,0,0
737145,350,0,3853,9726,1,0,1
737146,395,0,5431,9401,1,0,0
737147,348,0,4132,-7174,1,0,1
737148,65535,255,2047,-7563,0,0,0
737149,65535,255,644,10468,0,0,0
737150,65535,255,3163,9857,0,0,0
737151,65535,255,4974,9476,0,0,0
737152,334,0,4663,-6978,1,0,1
737153,65535,255,2829,-7379,0,0,0
737154,65535,255,287,-8485,0,0,0
737155,65535,255,2398,9855,0,0,0
737156,370,0,4449,9571,1,0,1
737157,426,0,5130,-6903,1,0,1
737158,65535,255,3526,-7245,0,0,0
737159,65535,255,1192,-7478,0,0,0
737160,65535,255,1540,10164,0,0,0
737161,65535,255,3846,9688,0,0,0
737162,65535,255,5426,9383,0,0,0
737163,65535,255,4136,-7153,0,0,0
737164,349,2,2052,-7557,1,0,1
737165,65535,255,638,10421,0,0,0
737166,65535,255,3159,9858,0,0,0
737167,471,0,4968,9483,1,0,1
737168,470,0,4667,-6988,1,0,1
737169,476,0,2834,-7399,1,0,1
737170,373,0,286,-6976,1,0,1
737171,657,0,2387,9923,1,0,1
737172,439,0,4443,9604,1,0,1
737173,360,0,5131,-6938,1,0,1
737174,600,0,3531,-7313,1,0,1
737175,65535,255,1197,-7700,0,0,0
737176,455,0,1540,10038,1,0,1
737177,65535,255,3842,9766,0,0,0
737178,376,0,5426,9364,1,0,1
737179,65535,255,4136,-7131,0,0,0
737180,266,0,2052,-7526,1,0,1
737181,364,0,638,10368,1,0,1
737182,65535,255,3159,9849,0,0,0
737183,65535,255,4968,9483,0,0,0
737184,65535,255,4666,-6994,0,0,0
737185,312,0,2835,-7421,1,0,1
737186,65535,255,290,-7328,0,0,0
737187,65535,255,2388,9962,0,0,0
737188,391,0,4442,9629,1,0,1
737189,65535,255,5825,9285,0,0,0
737190,65535,255,3526,-7227,0,0,0
737191,446,0,1197,-7449,1,0,1
737192,498,0,1541,10208,1,0,1
737193,308,2,3846,9720,1,0,1
737194,65535,255,5426,9407,0,0,0
737195,65535,255,6494,9076,0,0,0
737196,65535,255,-32768,-32768,0,65535,0
737197,65535,255,643,10213,0,0,0
737198,65535,255,3163,9828,0,0,0
737199,364,0,4971,9477,1,0,1
737200,65535,255,6182,9180,0,0,0
737201,65535,255,-32768,-32768,0,65535,1
737202,65535,255,284,-7555,0,0,0
737203,65535,255,2393,10015,0,0,0
737204,486,0,4446,9660,1,0,1
737205,337,0,5830,9306,1,0,1
737206,65535,255,6778,8951,0,0,0
737207,65535,255,-32768,-32768,0,65535,1
737208,65535,255,1551,10038,0,0,0
737209,65535,255,3851,9727,0,0,0
737210,325,0,5431,9383,1,0,1
737211,335,0,6499,9058,1,0,1
737212,65535,255,-32768,-32768,0,65535,1
737213,65535,255,-32768,-32768,0,65535,1
737214,379,0,3172,9808,1,0,1
737215,65535,255,4977,9471,0,0,0
737216,474,0,6186,9179,1,0,1
737217,0,0,0,0,0,0,0
737218,65535,255,-32768,-32768,0,65535,0
737219,65535,255,-32768,-32768,0,0,0
737220,363,2,4456,9577,1,0,0
737221,65535,255,5837,9257,0,0,1
737222,65535,255,6783,8917,0,0,1
737223,0,0,0,0,0,0,0
737224,65535,255,-32768,-32768,0,65535,0
737225,65535,255,3862,9725,0,0,0
737226,324,0,5439,9419,1,0,1
737227,65535,255,6504,9036,0,0,0
737228,0,0,0,0,0,0,0
737229,65535,255,-32768,-32768,0,65535,0
737230,65535,255,-32768,-32768,0,65535,1
737231,65535,255,4985,9534,0,0,0
737232,260,0,6193,9169,1,0,1
737233,0,0,0,0,0,0,0
737234,65535,255,-32768,-32768,0,65535,1
737235,65535,255,-32768,-32768,0,65535,1
737236,65535,255,4465,9581,0,0,0
737237,65535,255,5844,9259,0,0,0
737238,65535,255,6788,8922,0,0,1
737239,65535,255,-32768,-32768,0,65535,1
737240,65535,255,-32768,-32768,0,65535,0
737241,65535,255,3874,9746,0,0,0
737242,384,0,5447,9365,1,0,1
737243,65535,255,6511,9051,0,0,0
737244,65535,255,-32768,-32768,0,65535,0
737245,65535,255,-32768,-32768,0,65535,0
737246,65535,255,3194,9834,0,0,0
737247,377,0,4994,9494,1,0,1
737248,65535,255,6200,9140,0,0,0
737249,65535,255,-32768,-32768,0,65535,1
737250,65535,255,-32768,-32768,0,65535,1
737251,65535,255,2436,9957,0,0,0
737252,65535,255,4476,9649,0,0,0
737253,65535,255,5850,9277,0,0,0
737254,65535,255,6792,8935,0,0,1
737255,65535,255,-32768,-32768,0,65535,1
737256,592,0,1595,10176,1,0,1
737257,342,0,3886,9729,1,0,1
737258,476,0,5455,9358,1,0,1
737259,544,0,6515,9038,1,0,1
737260,65535,255,-32768,-32768,0,65535,0
737261,323,0,703,9777,1,0,1
737262,65535,255,3203,9842,0,0,0
737263,533,0,4997,9531,1,0,1
737264,65535,255,6202,9139,0,0,0
737265,65535,255,-32768,-32768,0,65535,1
737266,65535,255,240,-8367,0,0,0
737267,474,0,2436,9999,1,0,1
737268,65535,255,4476,9617,0,0,0
737269,444,0,5848,9250,1,0,1
737270,65535,255,6791,8939,0,0,0
737271,398,0,1153,-7794,1,0,1
737272,352,0,1589,9991,1,0,1
737273,436,0,3874,9715,1,0,1
737274,65535,255,5447,9383,0,0,0
737275,65535,255,4110,-7122,0,0,0
737276,65535,255,2015,-7434,0,0,0
737277,65535,255,680,9815,0,0,0
737278,402,0,3190,9854,1,0,1
737279,65535,255,4989,9462,0,0,0
737280,65535,255,4650,-7027,0,0,0
737281,488,0,2806,-7448,1,0,1
737282,65535,255,252,-6875,0,0,0
737283,65535,255,2422,9853,0,0,0
737284,310,2,4466,9650,1,0,0
737285,65535,255,5113,-6870,0,0,0
737286,65535,255,3505,-7299,0,0,0
737287,364,0,1163,-7533,1,0,1
737288,349,0,1573,10159,1,0,1
737289,411,2,3864,9701,1,0,1
737290,65535,255,5440,9377,0,0,0
737291,391,0,4120,-7155,1,0,1
737292,65535,255,2028,-7490,0,0,0
737293,65535,255,667,10357,0,0,0
737294,331,0,3182,9816,1,0,1
737295,65535,255,4979,9524,0,0,0
737296,65535,255,4653,-7014,0,0,0
737297,65535,255,2816,-7424,0,0,0
737298,340,0,265,-6664,1,0,1
737299,396,0,2413,9854,1,0,1
737300,379,0,4456,9652,1,0,1
737301,443,0,5119,-6873,1,0,1
737302,65535,255,3514,-7306,0,0,0
737303,65535,255,1174,-7589,0,0,0
737304,65535,255,1558,10113,0,0,0
737305,65535,255,3858,9687,0,0,0
737306,65535,255,5435,9367,0,0,0
737307,499,0,4125,-7112,1,0,1
737308,507,0,2036,-7432,1,0,1
737309,481,0,656,9855,1,0,1
737310,65535,255,3173,9876,0,0,0
737311,421,0,4977,9482,1,0,1
737312,544,0,4660,-7060,1,0,1
737313,574,0,2820,-7345,1,0,1
737314,521,2,273,-7908,1,0,1
737315,482,0,2402,9987,1,0,1
737316,344,0,4453,9615,1,0,1
737317,65535,255,5122,-6934,0,0,0
737318,430,0,3518,-7279,1,0,1
737319,65535,255,1180,-7532,0,0,0
737320,318,0,1557,10183,1,0,1
737321,363,2,3854,9680,1,0,0
737322,379,0,5432,9373,1,0,1
737323,447,0,4129,-7118,1,0,1
737324,551,0,2041,-7463,1,0,1
737325,65535,255,655,10006,0,0,0
737326,389,0,3173,9759,1,0,1
737327,65535,255,4974,9504,0,0,0
737328,65535,255,4660,-7000,0,0,0
737329,65535,255,2820,-7411,0,0,0
737330,531,0,276,-6826,1,0,1
737331,402,0,2383,9906,1,0,1
737332,309,0,4439,9613,1,0,1
737333,349,0,5136,-6874,1,0,1
737334,65535,255,3538,-7221,0,0,0
737335,293,0,1208,-7508,1,0,1
737336,380,0,1530,9927,1,0,1
737337,464,0,3830,9749,1,0,1
737338,482,0,5418,9367,1,0,1
737339,65535,255,4150,-7147,0,0,0
737340,286,0,2067,-7371,1,0,1
737341,65535,255,621,9945,0,0,0
737342,353,0,3146,9807,1,0,1
737343,65535,255,4959,9470,0,0,0
737344,65535,255,4682,-6995,0,0,0
737345,65535,255,2853,-7291,0,0,0
737346,371,0,313,-7991,1,0,1
737347,460,0,2368,9867,1,0,1
737348,393,2,4429,9603,1,0,1
737349,65535,255,5144,-6877,0,0,0
737350,572,0,3551,-7236,1,0,0
737351,387,0,1225,-7561,1,0,1
737352,65535,255,1513,9993,0,0,0
737353,419,0,3823,9726,1,0,1
737354,65535,255,5412,9389,0,0,0
737355,65535,255,4157,-7084,0,0,0
737356,544,0,2083,-7479,1,0,1
737357,65535,255,603,10379,0,0,0
737358,65535,255,3132,9899,0,0,0
737359,65535,255,4953,9527,0,0,0
737360,0,0,0,0,0,0,0
737361,65535,255,2862,-7420,0,0,0
737362,65535,255,325,-7677,0,0,0
737363,65535,255,2358,10004,0,0,0
737364,0,0,0,0,0,0,0
737365,65535,255,5153,-6895,0,0,0
737366,65535,255,3559,-7251,0,0,0
737367,65535,255,1236,-7533,0,0,0
737368,65535,255,1502,9908,0,0,0
737369,65535,255,3813,9738,0,0,0
737370,65535,255,5406,9419,0,0,0
737371,65535,255,4168,-7116,0,0,0
737372,65535,255,2099,-7506,0,0,0
737373,65535,255,591,10331,0,0,0
737374,65535,255,3123,9861,0,0,0
737375,65535,255,4943,9492,0,0,0
737376,65535,255,4698,-7008,0,0,0
737377,0,0,0,0,0,0,0
737378,328,0,342,-7870,1,0,1
737379,65535,255,2343,9935,0,0,0
737380,337,2,4412,9575,1,0,1
737381,65535,255,5161,-6924,0,0,0
737382,65535,255,3572,-7300,0,0,0
737383,65535,255,1259,-7717,0,0,0
737384,65535,255,1485,10085,0,0,0
737385,322,0,3806,9685,1,0,1
737386,65535,255,5398,9398,0,0,0
737387,65535,255,4175,-7086,0,0,0
737388,65535,255,2109,-7443,0,0,0
737389,65535,255,574,10223,0,0,0
737390,65535,255,3110,9843,0,0,0
737391,65535,255,4934,9488,0,0,0
737392,377,0,4705,-7012,1,0,1
737393,322,0,2886,-7307,1,0,1
737394,0,0,0,0,0,0,0
737395,65535,255,2333,9871,0,0,0
737396,311,0,4404,9604,1,0,0
737397,65535,255,5164,-6870,0,0,0
737398,269,0,3577,-7221,1,0,1
737399,316,0,1265,-7478,1,0,1
737400,65535,255,1475,9906,0,0,0
737401,65535,255,3794,9749,0,0,0
737402,65535,255,5394,9365,0,0,0
737403,387,0,4182,-7152,1,0,1
737404,379,0,2115,-7366,1,0,1
737405,385,0,569,9934,1,0,1
737406,334,0,3105,9805,1,0,1
737407,65535,255,4932,9473,0,0,0
737408,390,0,4708,-6999,1,0,1
737409,391,0,2891,-7295,1,0,1
737410,0,0,0,0,0,0,0
737411,65535,255,2327,9886,0,0,0
737412,450,0,4398,9610,1,0,1
737413,65535,255,5167,-6884,0,0,0
737414,65535,255,3581,-7246,0,0,0
737415,65535,255,1270,-7607,0,0,0
737416,0,0,0,0,0,0,0
737417,355,0,3793,9690,1,0,1
737418,406,0,5391,9395,1,0,1
737419,376,0,4183,-7090,1,0,1
737420,368,0,2120,-7487,1,0,1
737421,399,0,563,10459,1,0,1
737422,65535,255,3096,9906,0,0,0
737423,624,0,4926,9529,1,0,1
737424,65535,255,4708,-6975,0,0,0
737425,422,0,2895,-7424,1,0,1
737426,652,0,365,-7765,1,0,1
737427,611,0,2322,9859,1,0,1
737428,450,0,4399,9598,1,0,1
737429,415,0,5165,-6879,1,0,1
737430,65535,255,3581,-7245,0,0,0
737431,65535,255,1270,-7607,0,0,0
737432,589,0,1469,10043,1,0,1
737433,0,0,0,0,0,0,0
737434,65535,255,5391,9405,0,0,0
737435,65535,255,4183,-7111,0,0,0
737436,549,0,2120,-7547,1,0,1
737437,362,0,569,9817,1,0,1
737438,515,0,3101,9796,1,0,1
737439,416,0,4929,9473,1,0,1
737440,376,0,4705,-7010,1,0,1
737441,382,0,2891,-7327,1,0,1
737442,65535,255,362,-7030,0,0,0
737443,294,0,2327,9970,1,0,0
737444,65535,255,4399,9655,0,0,0
737445,561,0,5165,-6925,1,0,1
737446,578,0,3577,-7195,1,0,1
737447,460,0,1265,-7529,1,0,1
737448,65535,255,1480,9998,0,0,0
737449,65535,255,3798,9679,0,0,0
737450,482,0,5394,9405,1,0,1
737451,435,0,4179,-7111,1,0,1
737452,65535,255,2115,-7563,0,0,0
737453,65535,255,575,9877,0,0,0
737454,362,0,3110,9815,1,0,1
737455,65535,255,4935,9489,0,0,0
737456,65535,255,4702,-7029,0,0,0
737457,65535,255,2886,-7370,0,0,0
737458,65535,255,348,-7676,0,0,0
737459,65535,255,2338,9858,0,0,0
737460,65535,255,4409,9609,0,0,0
737461,65535,255,5159,-6891,0,0,0
737462,562,0,3573,-7272,1,0,1
737463,405,0,1254,-7741,1,0,1
737464,507,0,1485,10173,1,0,1
737465,65535,255,3806,9741,0,0,0
737466,0,0,0,0,0,0,0
737467,323,2,4172,-7151,1,0,1
737468,656,0,2104,-7489,1,0,1
737469,65535,255,586,10559,0,0,0
737470,500,0,3119,9784,1,0,1
737471,363,0,4944,9476,1,0,1
737472,554,0,4698,-7018,1,0,1
737473,348,0,2872,-7362,1,0,1
737474,513,0,337,-7377,1,0,1
737475,395,0,2348,10034,1,0,1
737476,357,0,4419,9602,1,0,1
737477,437,0,5153,-6887,1,0,1
737478,413,0,3560,-7275,1,0,1
737479,484,0,1243,-7745,1,0,1
737480,436,0,1502,10215,1,0,1
737481,338,0,3818,9763,1,0,1
737482,437,0,5409,9387,1,0,1
737483,383,0,4161,-7101,1,0,1
737484,402,0,2088,-7553,1,0,1
737485,436,0,603,9944,1,0,1
737486,545,0,3132,9842,1,0,1
737487,356,0,4952,9513,1,0,1
737488,65535,255,4686,-7016,0,0,0
737489,246,0,2858,-7276,1,0,1
737490,65535,255,321,-8292,0,0,0
737491,65535,255,2367,9952,0,0,0
737492,65535,255,4429,9623,0,0,0
737493,495,0,5144,-6890,1,0,1
737494,517,0,3547,-7242,1,0,1
737495,434,0,1219,-7668,1,0,1
737496,442,0,1524,10145,1,0,1
737497,410,0,3833,9744,1,0,1
737498,470,0,5420,9380,1,0,1
737499,536,0,4150,-7096,1,0,1
737500,65535,255,2068,-7555,0,0,0
737501,65535,255,626,10002,0,0,0
737502,65535,255,3150,9859,0,0,0
737503,65535,255,4964,9522,0,0,0
737504,613,0,4675,-6987,1,0,1
737505,448,0,2839,-7312,1,0,1
737506,440,0,293,-6878,1,0,1
737507,467,0,2387,10015,1,0,1
737508,483,0,4445,9597,1,0,1
737509,607,0,5133,-6892,1,0,1
737510,65535,255,3530,-7297,0,0,0
737511,411,0,1192,-7421,1,0,1
737512,410,0,1551,9972,1,0,1
737513,511,0,3850,9695,1,0,1
737514,411,0,5431,9394,1,0,1
737515,420,0,4132,-7168,1,0,1
737516,377,0,2041,-7481,1,0,1
737517,426,0,657,9804,1,0,1
737518,425,2,3172,9827,1,0,0
737519,65535,255,4980,9507,0,0,0
737520,65535,255,4658,-7054,0,0,0
737521,0,0,0,0,0,0,0
737522,65535,255,264,-6792,0,0,0
737523,409,0,2412,10024,1,0,1
737524,65535,255,4463,9606,0,0,0
737525,385,0,5118,-6901,1,0,1
737526,65535,255,3509,-7274,0,0,0
737527,65535,255,1169,-7450,0,0,0
737528,65535,255,1568,10075,0,0,0
737529,65535,255,3862,9747,0,0,0
737530,65535,255,5437,9404,0,0,0
737531,65535,255,4125,-7155,0,0,0
737532,558,0,2036,-7498,1,0,1
737533,65535,255,661,10057,0,0,0
737534,65535,255,3173,9894,0,0,0
737535,406,0,4980,9481,1,0,1
737536,65535,255,4660,-7055,0,0,0
737537,65535,255,2820,-7313,0,0,0
737538,0,0,0,0,0,0,0
737539,65535,255,2402,9920,0,0,0
737540,65535,255,4453,9583,0,0,0
737541,65535,255,5127,-6898,0,0,0
737542,384,0,3521,-7203,1,0,1
737543,65535,255,1192,-7700,0,0,0
737544,65535,255,1551,9951,0,0,0
737545,527,2,3846,9712,1,0,0
737546,328,0,5428,9382,1,0,1
737547,483,0,4136,-7125,1,0,1
737548,65535,255,2051,-7448,0,0,0
737549,65535,255,638,9901,0,0,0
737550,65535,255,3159,9887,0,0,0
737551,366,0,4968,9483,1,0,1
737552,508,0,6180,9165,1,0,1
737553,0,0,0,0,0,0,0
737554,65535,255,290,-7785,0,0,0
737555,65535,255,2383,9963,0,0,0
737556,368,2,4439,9611,1,0,1
737557,65535,255,5823,9252,0,0,0
737558,65535,255,6773,8946,0,0,0
737559,340,0,1203,-7450,1,0,1
737560,455,0,1530,10102,1,0,1
737561,425,0,3834,9776,1,0,1
737562,65535,255,5418,9416,0,0,0
737563,0,0,0,0,0,0,0
737564,65535,255,-32768,-32768,0,65535,0
737565,65535,255,625,10012,0,0,0
737566,65535,255,3146,9860,0,0,0
737567,65535,255,4959,9469,0,0,0
737568,542,0,6173,9163,1,0,1
737569,65535,255,7023,8830,0,0,1
737570,65535,255,-32768,-32768,0,65535,1
737571,65535,255,2373,9978,0,0,0
737572,65535,255,4429,9619,0,0,0
737573,65535,255,5818,9262,0,0,0
737574,0,0,0,0,0,0,0
737575,65535,255,-32768,-32768,0,65535,0
737576,65535,255,-32768,-32768,0,0,1
737577,577,0,3826,9700,1,0,1
737578,388,0,5415,9381,1,0,1
737579,616,0,6486,9045,1,0,1
737580,65535,255,-32768,-32768,0,65535,0
737581,65535,255,-32768,-32768,0,65535,0
737582,360,2,3141,9793,1,0,1
737583,365,0,4953,9525,1,0,1
737584,239,0,6171,9163,1,0,1
737585,0,0,0,0,0,0,0
737586,65535,255,-32768,-32768,0,65535,0
737587,65535,255,-32768,-32768,0,65535,1
737588,65535,255,4425,9608,0,0,0
737589,482,0,5815,9255,1,0,1
737590,65535,255,6767,8952,0,0,1
737591,0,0,0,0,0,0,0
737592,65535,255,-32768,-32768,0,0,1
737593,65535,255,-32768,-32768,0,65535,1
737594,65535,255,5412,9392,0,0,0
737595,0,0,0,0,0,0,0
737596,0,0,0,0,0,0,0
737597,65535,255,-32768,-32768,0,65535,1
737598,65535,255,-32768,-32768,0,65535,0
737599,273,0,4953,9470,1,0,1
737600,504,0,6169,9165,1,0,1
737601,0,0,0,0,0,0,0
737602,65535,255,-32768,-32768,0,65535,0
737603,65535,255,-32768,-32768,0,0,1
737604,423,0,4422,9659,1,0,1
737605,302,0,5813,9294,1,0,1
737606,65535,255,6767,8936,0,0,1
737607,65535,255,-32768,-32768,0,65535,1
737608,65535,255,-32768,-32768,0,65535,0
737609,65535,255,3822,9677,0,0,0
737610,232,0,5412,9378,1,0,1
737611,284,0,6485,9045,1,0,1
737612,65535,255,-32768,-32768,0,65535,0
737613,65535,255,-32768,-32768,0,65535,0
737614,345,0,3132,9833,1,0,1
737615,65535,255,4952,9471,0,0,0
737616,265,0,6168,9169,1,0,0
737617,65535,255,7020,8842,0,0,1
737618,65535,255,-32768,-32768,0,0,1
737619,65535,255,2358,9887,0,0,0
737620,395,0,4425,9587,1,0,1
737621,65535,255,5813,9293,0,0,0
737622,65535,255,6767,8950,0,0,0
737623,65535,255,-32768,-32768,0,65535,1
737624,65535,255,1508,9931,0,0,0
737625,463,0,3818,9731,1,0,0
737626,417,0,5410,9411,1,0,1
737627,65535,255,6484,9074,0,0,0
737628,65535,255,-32768,-32768,0,65535,0
737629,402,0,603,9996,1,0,1
737630,413,0,3133,9783,1,0,1
737631,65535,255,4950,9530,0,0,0
737632,65535,255,6169,9153,0,0,0
737633,266,0,2862,-7340,1,0,1
737634,65535,255,325,-8070,0,0,0
737635,65535,255,2364,9844,0,0,0
737636,261,0,4426,9575,1,0,1
737637,447,0,5813,9306,1,0,1
737638,405,0,3555,-7265,1,0,1
737639,65535,255,1230,-7581,0,0,0
737640,351,0,1514,9930,3,0,1
737641,65535,255,3822,9738,0,0,0
737642,65535,255,5410,9416,0,0,0
737643,303,0,4157,-7100,1,0,0
737644,65535,255,2082,-7458,0,0,0
737645,65535,255,603,10159,0,0,0
737646,65535,255,3133,9822,0,0,0
737647,65535,255,4952,9488,0,0,0
737648,320,0,4685,-6973,1,0,1
737649,617,0,2862,-7395,1,0,1
737650,380,0,320,-7030,1,0,1
737651,398,0,2363,9937,1,0,1
737652,368,0,4426,9619,1,0,1
737653,323,0,5144,-6873,1,0,1
737654,65535,255,3550,-7206,0,0,0
737655,685,0,1225,-7392,1,0,1
737656,65535,255,1513,10125,0,0,0
737657,65535,255,3826,9691,0,0,0
737658,65535,255,5413,9391,0,0,0
737659,65535,255,4157,-7175,0,0,0
737660,491,0,2077,-7396,1,0,1
737661,391,0,615,9943,1,0,1
737662,65535,255,3142,9791,0,0,0
737663,65535,255,4953,9535,0,0,0
737664,349,0,4682,-7056,1,0,1
737665,65535,255,2853,-7384,0,0,0
737666,257,2,309,-7019,1,0,1
737667,635,0,2368,9937,1,0,1
737668,65535,255,4430,9619,0,0,0
737669,65535,255,5141,-6878,0,0,0
737670,65535,255,3542,-7224,0,0,0
737671,365,0,1214,-7447,1,0,1
737672,474,0,1519,10189,1,0,1
737673,390,0,3830,9721,3,0,1
737674,65535,255,5416,9414,0,0,0
737675,65535,255,4146,-7109,0,0,0
737676,65535,255,2067,-7490,0,0,0
737677,529,2,621,10317,1,0,1
737678,65535,255,3146,9859,0,0,0
737679,65535,255,4960,9495,0,0,0
737680,452,0,4675,-7015,1,0,1
737681,540,0,2843,-7309,1,0,1
737682,531,0,302,-8102,1,0,1
737683,65535,255,2384,9869,0,0,0
737684,422,0,4437,9592,1,0,1
737685,404,0,5133,-6914,1,0,1
737686,521,0,3533,-7199,1,0,1
737687,65535,255,1202,-7418,0,0,0
737688,65535,255,1536,10185,0,0,0
737689,445,0,3839,9720,1,0,1
737690,65535,255,5424,9422,0,0,0
737691,65535,255,4139,-7124,0,0,0
737692,518,0,2056,-7539,1,0,1
737693,442,0,639,10208,1,0,0
737694,65535,255,3160,9820,0,0,0
737695,341,2,4957,9530,1,0,1
737696,65535,255,4682,-7060,0,0,0
737697,443,0,2852,-7411,1,0,1
737698,560,0,312,-7561,1,0,1
737699,388,0,2369,10027,1,0,1
737700,65535,255,4430,9582,0,0,0
737701,395,0,5144,-6939,1,0,1
737702,478,0,3546,-7202,1,0,1
737703,549,0,1224,-7478,1,0,1
737704,321,0,1520,9926,1,0,1
737705,65535,255,3823,9757,0,0,0
737706,65535,255,5414,9377,0,0,0
737707,65535,255,4156,-7173,0,0,0
737708,400,0,2082,-7431,1,0,0
737709,65535,255,610,10261,0,0,0
737710,468,0,3133,9876,1,0,1
737711,343,0,4951,9515,1,0,1
737712,65535,255,4688,-7051,0,0,0
737713,65535,255,2862,-7398,0,0,0
737714,419,0,324,-7563,1,0,1
737715,360,0,2359,10042,1,0,1
737716,65535,255,4423,9591,0,0,0
737717,0,0,0,0,0,0,0
737718,65535,255,3555,-7235,0,0,0
737719,65535,255,1231,-7589,0,0,0
737720,65535,255,1507,10038,0,0,0
737721,549,0,3818,9689,1,0,1
737722,65535,255,5410,9408,0,0,0
737723,65535,255,4161,-7124,0,0,0
737724,376,0,2089,-7585,1,0,1
737725,380,0,603,9995,3,0,1
737726,65535,255,3132,9829,0,0,0
737727,65535,255,4950,9500,0,0,0
737728,65535,255,4692,-7039,0,0,0
737729,65535,255,2867,-7397,0,0,0
737730,65535,255,325,-7780,0,0,0
737731,65535,255,2358,9883,0,0,0
737732,65535,255,4422,9618,0,0,0
737733,298,0,5150,-6900,1,0,1
737734,65535,255,3556,-7294,0,0,0
737735,344,0,1232,-7371,1,0,1
737736,65535,255,1508,9887,0,0,0
737737,65535,255,3818,9768,0,0,0
737738,65535,255,5409,9389,0,0,0
737739,366,0,4161,-7096,1,0,1
737740,403,0,2088,-7539,1,0,1
737741,65535,255,604,9886,0,0,0
737742,65535,255,3132,9821,0,0,0
737743,508,0,4949,9495,1,0,1
737744,65535,255,4692,-7045,0,0,0
737745,65535,255,2862,-7409,0,0,0
737746,65535,255,325,-7879,0,0,0
737747,65535,255,2363,9896,0,0,0
737748,65535,255,4425,9636,0,0,0
737749,65535,255,5150,-6915,0,0,0
737750,65535,255,3551,-7201,0,0,0
737751,65535,255,1231,-7533,0,0,0
737752,65535,255,1513,10037,0,0,0
737753,65535,255,3822,9698,0,0,0
737754,65535,255,5413,9396,0,0,0
737755,273,0,4157,-7164,1,0,1
737756,65535,255,2083,-7446,0,0,0
737757,65535,255,609,10488,0,0,0
737758,297,0,3141,9781,1,0,1
737759,331,0,4956,9483,1,0,1
737760,65535,255,4686,-7034,0,0,0
737761,90,2,2858,-7409,1,0,1
737762,65535,255,313,-7886,0,0,0
737763,65535,255,2368,9909,0,0,0
737764,65535,255,4429,9649,0,0,0
737765,307,0,5144,-6937,1,0,1
737766,65535,255,3547,-7235,0,0,0
737767,417,0,1220,-7670,1,0,1
737768,65535,255,1524,10166,0,0,0
737769,65535,255,3829,9752,0,0,0
737770,355,0,5420,9388,1,0,1
737771,65535,255,4150,-7111,0,0,0
737772,65535,255,2068,-7355,0,0,0
737773,65535,255,626,10214,0,0,0
737774,290,0,3150,9896,1,0,1
737775,65535,255,4963,9486,0,0,0
737776,65535,255,4676,-7018,0,0,0
737777,65535,255,2843,-7378,0,0,0
737778,65535,255,301,-7786,0,0,0
737779,65535,255,2383,9908,0,0,0
737780,65535,255,4439,9647,0,0,0
737781,65535,255,5136,-6940,0,0,0
737782,65535,255,3534,-7247,0,0,0
737783,418,0,1203,-7727,1,0,1
737784,562,0,1540,9898,1,0,1
737785,402,0,3843,9734,1,0,1
737786,65535,255,5425,9411,0,0,0
737787,596,0,4139,-7147,1,0,1
737788,457,2,2051,-7449,1,0,1
737789,65535,255,639,10524,0,0,0
737790,613,0,3163,9808,1,0,1
737791,615,0,4971,9502,1,0,1
737792,534,0,4666,-7067,1,0,1
737793,65535,255,2825,-7304,0,0,0
737794,563,0,281,-6962,1,0,1
737795,536,0,2398,10038,1,0,1
737796,309,0,4452,9619,1,0,1
737797,450,0,5125,-6916,1,0,1
737798,556,0,3517,-7213,1,0,1
737799,453,0,1180,-7507,1,0,1
737800,65535,255,1562,10075,0,0,0
737801,365,0,3858,9732,1,0,1
737802,422,0,5437,9379,1,0,1
737803,389,0,4121,-7109,1,0,1
737804,297,0,2026,-7374,1,0,1
737805,65535,255,667,10310,0,0,0
737806,452,0,3182,9776,1,0,1
737807,296,0,4986,9489,1,0,1
737808,65535,255,4653,-7053,0,0,0
737809,318,0,2806,-7285,1,0,1
737810,349,0,252,-6896,1,0,1
737811,425,0,2422,9979,1,0,1
737812,65535,255,4466,9623,0,0,0
737813,326,0,5110,-6899,1,0,1
737814,512,0,3500,-7225,1,0,1
737815,377,0,1162,-7669,1,0,1
737816,65535,255,1579,10055,0,0,1
737817,348,0,3867,9762,1,0,1
737818,65535,255,5440,9417,0,0,0
737819,65535,255,4118,-7177,0,0,0
737820,65535,255,2025,-7375,0,0,0
737821,65535,255,669,9764,0,0,0
737822,65535,255,3182,9873,0,0,1
737823,298,0,4983,9484,1,0,1
737824,461,0,4656,-7047,1,0,1
737825,65535,255,2815,-7372,0,0,0
737826,400,0,269,-8429,1,0,1
737827,612,0,2408,9841,1,0,1
737828,383,0,4456,9630,1,0,1
737829,65535,255,5121,-6892,0,0,0
737830,343,0,3513,-7214,1,0,1
737831,65535,255,1181,-7603,0,0,0
737832,343,0,1557,10058,1,0,1
737833,359,0,3854,9772,1,0,1
737834,336,0,5434,9357,1,0,1
737835,65535,255,4128,-7107,0,0,0
737836,324,0,2041,-7436,1,0,1
737837,377,0,650,10011,1,0,1
737838,65535,255,3168,9769,0,0,0
737839,65535,255,4971,9515,0,0,0
737840,555,0,4666,-7020,1,0,1
737841,547,0,2829,-7334,1,0,1
737842,524,0,284,-7457,1,0,1
737843,543,0,2393,9963,1,0,1
737844,513,0,4445,9616,1,0,1
737845,65535,255,5133,-6940,0,0,0
737846,65535,255,3530,-7306,0,0,0
737847,468,0,1197,-7675,1,0,1
737848,374,0,1546,9974,1,0,1
737849,626,0,3842,9743,1,0,1
737850,65535,255,5426,9417,0,0,0
737851,65535,255,4139,-7092,0,0,0
737852,447,0,2057,-7417,1,0,1
737853,65535,255,638,9958,0,0,0
737854,328,0,3159,9770,1,0,1
737855,65535,255,4965,9516,0,0,0
737856,65535,255,4672,-7024,0,0,0
737857,410,0,2839,-7302,1,0,1
737858,471,0,296,-7683,1,0,1
737859,426,0,2383,9990,1,0,1
737860,522,0,4439,9636,1,0,1
737861,467,0,5135,-6882,1,0,1
737862,391,0,3534,-7211,1,0,1
737863,65535,255,1206,-7586,0,0,0
737864,65535,255,1535,10104,0,0,0
737865,65535,255,3838,9667,0,0,0
737866,340,0,5423,9375,1,0,1
737867,439,0,4146,-7145,1,0,1
737868,486,0,2067,-7542,1,0,1
737869,422,0,627,10430,1,0,1
737870,417,0,3150,9860,1,0,1
737871,392,0,4962,9484,1,0,1
737872,65535,255,4676,-6994,0,0,0
737873,65535,255,2848,-7421,0,0,0
737874,65535,255,302,-7348,0,0,0
737875,381,0,2378,9964,1,0,0
737876,460,0,4436,9624,1,0,1
737877,65535,255,5138,-6876,0,0,0
737878,65535,255,3538,-7209,0,0,0
737879,331,2,1209,-7395,1,0,1
737880,65535,255,1529,10125,0,0,0
737881,65535,255,3834,9691,0,0,0
737882,65535,255,5421,9390,0,0,0
737883,443,0,4150,-7172,1,0,1
737884,463,0,2067,-7385,1,0,1
737885,384,0,627,9901,1,0,1
737886,368,0,3150,9771,1,0,1
737887,320,0,4962,9528,1,0,1
737888,465,0,4679,-7045,1,0,1
737889,477,0,2848,-7354,1,0,1
737890,469,0,307,-7647,1,0,1
737891,424,0,2378,9898,1,0,1
737892,595,0,4436,9605,1,0,1
737893,589,0,5139,-6880,1,0,1
737894,65535,255,3539,-7192,0,0,0
737895,65535,255,1209,-7368,0,0,0
737896,321,2,1530,10146,1,0,0
737897,546,0,3834,9698,1,0,1
737898,330,0,5421,9399,1,0,1
737899,498,0,4146,-7083,1,0,1
737900,451,0,2067,-7431,1,0,1
737901,65535,255,626,10163,0,0,0
737902,0,0,0,0,0,0,0
737903,474,2,4962,9479,1,0,0
737904,567,0,4675,-6999,1,0,1
737905,489,0,2844,-7357,1,0,1
737906,554,0,301,-7787,1,0,1
737907,65535,255,2378,10031,0,0,0
737908,65535,255,4439,9573,0,0,0
737909,65535,255,5136,-6927,0,0,0
737910,65535,255,3538,-7303,0,0,0
737911,65535,255,1208,-7753,0,0,0
737912,65535,255,1535,10102,0,0,0
737913,536,0,3838,9698,1,0,1
737914,65535,255,5423,9404,0,0,0
737915,536,0,4142,-7097,1,0,1
737916,316,0,2057,-7480,1,0,0
737917,65535,255,632,10373,0,0,0
737918,478,0,3155,9869,1,0,1
737919,65535,255,4965,9506,0,0,0
737920,65535,255,6180,9146,0,0,0
737921,65535,255,2834,-7356,0,0,0
737922,0,0,0,0,0,0,0
737923,65535,255,2388,9937,0,0,0
737924,65535,255,4443,9636,0,0,0
737925,65535,255,5828,9294,0,0,0
737926,65535,255,6776,8948,0,0,0
737927,65535,255,1197,-7672,0,0,0
737928,65535,255,1546,10059,0,0,0
737929,434,2,3847,9689,1,0,1
737930,65535,255,5429,9402,0,0,0
737931,65535,255,6496,9076,0,0,0
737932,65535,255,-32768,-32768,0,65535,1
737933,471,0,644,10420,1,0,1
737934,65535,255,3164,9897,0,0,0
737935,224,0,4974,9526,1,0,1
737936,65535,255,6184,9164,0,0,0
737937,65535,255,-32768,-32768,0,65535,1
737938,65535,255,-32768,-32768,0,65535,1
737939,582,0,2398,10028,1,0,1
737940,436,0,4453,9583,1,0,1
737941,65535,255,5833,9266,0,0,0
737942,0,0,0,0,0,0,0
737943,65535,255,-32768,-32768,0,65535,0
737944,65535,255,-32768,-32768,0,65535,0
737945,296,0,3858,9772,1,0,1
737946,65535,255,5437,9386,0,0,0
737947,0,0,0,0,0,0,0
737948,0,0,0,0,0,0,0
737949,65535,255,-32768,-32768,0,65535,0
737950,65535,255,-32768,-32768,0,65535,1
737951,65535,255,4983,9524,0,0,0
737952,65535,255,6192,9166,0,0,0
737953,0,0,0,0,0,0,0
737954,65535,255,-32768,-32768,0,65535,0
737955,65535,255,-32768,-32768,0,65535,1
737956,65535,255,4466,9606,0,0,0
737957,636,0,5840,9282,1,0,1
737958,0,0,0,0,0,0,0
737959,0,0,0,0,0,0,0
737960,65535,255,-32768,-32768,0,65535,1
737961,65535,255,-32768,-32768,0,65535,1
737962,409,0,5445,9418,3,0,1
737963,65535,255,6510,9040,0,0,0
737964,0,0,0,0,0,0,0
737965,65535,255,-32768,-32768,0,65535,1
737966,65535,255,-32768,-32768,0,65535,1
737967,329,0,4995,9483,1,0,1
737968,65535,255,6199,9163,0,0,0
737969,0,0,0,0,0,0,0
737970,65535,255,-32768,-32768,0,65535,1
737971,65535,255,-32768,-32768,0,65535,1
737972,523,2,4469,9593,1,0,1
737973,335,0,5845,9302,1,0,0
737974,0,0,0,0,0,0,0
737975,65535,255,-32768,-32768,0,65535,1
737976,65535,255,-32768,-32768,0,65535,0
737977,472,0,3870,9723,1,0,1
737978,371,0,5445,9389,1,0,1
737979,513,0,6508,9044,1,0,1
737980,65535,255,-32768,-32768,0,65535,0
737981,65535,255,-32768,-32768,0,65535,1
737982,376,0,3189,9794,1,0,1
737983,65535,255,4986,9496,0,0,0
737984,492,0,6192,9173,1,0,1
737985,65535,255,-32768,-32768,0,65535,1
737986,65535,255,-32768,-32768,0,65535,0
737987,65535,255,2417,9999,0,0,0
737988,402,0,4462,9620,1,0,1
737989,65535,255,5840,9260,0,0,0
737990,65535,255,6784,8951,0,0,0
737991,65535,255,-32768,-32768,0,65535,1
737992,389,0,1568,10137,1,0,1
737993,438,0,3862,9693,1,0,1
737994,65535,255,5440,9356,0,0,0
737995,65535,255,6503,9056,0,0,0
737996,308,2,2030,-7386,1,0,1
737997,569,0,663,9756,1,0,0
737998,65535,255,3177,9855,0,0,0
737999,443,0,4980,9469,3,0,0
738000,286,0,6190,9161,1,0,1
738001,476,0,2820,-7325,1,0,1
738002,65535,255,272,-7668,0,0,0
738003,311,0,2408,9972,1,0,1
738004,421,0,4456,9614,1,0,1
738005,65535,255,5837,9257,0,0,0
738006,282,0,3516,-7272,1,0,1
738007,65535,255,1179,-7504,0,0,0
738008,408,0,1557,10161,1,0,1
738009,247,0,3859,9679,1,0,1
738010,408,0,5435,9367,1,0,1
738011,427,0,4131,-7112,1,0,1
738012,343,0,2040,-7448,1,0,1
738013,508,0,650,9953,1,0,1
738014,65535,255,3169,9853,0,0,0
738015,65535,255,4974,9498,0,0,0
738016,65535,255,4662,-6995,0,0,0
738017,65535,255,2829,-7400,0,0,0
738018,569,0,281,-6723,1,0,1
738019,65535,255,2399,9868,0,0,0
738020,65535,255,4453,9564,0,0,0
738021,65535,255,5126,-6893,0,0,0
738022,378,2,3521,-7220,1,0,1
738023,418,0,1188,-7629,1,0,1
738024,369,0,1552,10057,1,0,1
738025,279,0,3851,9764,1,0,1
738026,496,0,5429,9420,1,0,1
738027,368,0,4131,-7092,1,0,1
738028,238,2,2046,-7400,1,0,0
738029,65535,255,645,9851,0,0,0
738030,372,0,3164,9896,1,0,1
738031,399,2,4971,9493,1,0,1
738032,65535,255,4665,-6994,0,0,0
738033,65535,255,2829,-7400,0,0,0
738034,65535,255,281,-6837,0,0,0
738035,359,0,2399,9881,1,0,1
738036,65535,255,4450,9577,0,0,1
738037,494,0,5129,-6908,1,0,1
738038,510,0,3525,-7253,1,0,1
738039,510,0,1191,-7477,1,0,1
738040,407,0,1547,10162,1,0,1
738041,65535,255,3847,9688,0,0,0
738042,65535,255,5429,9378,0,0,0
738043,562,0,4135,-7146,1,0,1
738044,456,0,2051,-7524,3,0,1
738045,65535,255,644,10313,0,0,0
738046,291,0,3165,9837,1,0,1
738047,370,0,4972,9466,1,0,1
738048,317,0,4665,-7059,1,0,1
738049,65535,255,2828,-7366,0,0,0
738050,65535,255,285,-8363,0,0,0
738051,332,0,2399,9855,1,0,1
738052,65535,255,4450,9571,0,0,0
738053,309,0,5126,-6907,1,0,1
738054,295,2,3521,-7253,1,0,0
738055,534,0,1190,-7503,1,0,1
738056,65535,255,1547,10206,0,0,0
738057,65535,255,3847,9704,0,0,0
738058,65535,255,5430,9397,0,0,0
738059,42,2,4146,-7182,1,0,0
738060,65535,255,2066,-7465,0,0,0
738061,596,0,622,10423,1,0,1
738062,307,0,3149,9842,1,0,1
738063,345,0,4960,9535,1,0,0
738064,250,0,4675,-6991,1,0,1
738065,65535,255,2843,-7293,0,0,0
738066,0,0,0,0,0,0,0
738067,65535,255,2374,9933,0,0,0
738068,65535,255,4433,9639,0,0,0
738069,65535,255,5141,-6914,0,0,0
738070,292,0,3539,-7247,1,0,1
738071,65535,255,1213,-7452,0,0,0
738072,499,0,1525,9948,1,0,1
738073,65535,255,3831,9735,0,0,0
738074,340,0,5416,9396,3,0,1
738075,512,0,4149,-7106,1,0,1
738076,65535,255,2072,-7557,0,0,0
738077,408,0,622,9890,1,0,1
738078,65535,255,3142,9827,0,0,0
738079,65535,255,4957,9498,0,0,0
738080,65535,255,4681,-7042,0,0,0
738081,65535,255,2848,-7412,0,0,0
738082,356,0,306,-7784,1,0,1
738083,65535,255,2374,9880,0,0,0
738084,308,0,4433,9627,1,0,1
738085,65535,255,5140,-6909,0,0,0
738086,342,2,3542,-7288,1,0,0
738087,65535,255,1214,-7454,0,0,0
738088,65535,255,1524,9973,0,0,0
738089,65535,255,3834,9679,0,0,0
738090,65535,255,5418,9411,0,0,0
738091,65535,255,4150,-7140,0,0,0
738092,65535,255,2067,-7403,0,0,0
738093,0,0,0,0,0,0,0
738094,65535,255,3146,9897,0,0,0
738095,374,0,4960,9490,1,0,1
738096,423,0,4679,-7007,1,0,1
738097,518,0,2848,-7357,1,0,1
738098,65535,255,302,-7351,0,0,0
738099,65535,255,2378,9842,0,0,0
738100,65535,255,4436,9615,0,0,0
738101,65535,255,5138,-6909,0,0,0
738102,527,0,3538,-7191,1,0,1
738103,371,0,1208,-7508,1,0,1
738104,483,0,1529,10036,1,0,1
738105,373,0,3838,9711,1,0,1
738106,413,0,5423,9362,3,0,1
738107,65535,255,4146,-7189,0,0,0
738108,65535,255,2062,-7528,0,0,0
738109,65535,255,632,9950,0,0,0
738110,65535,255,3154,9847,0,0,0
738111,65535,255,4967,9525,0,0,0
738112,357,0,4672,-6990,1,0,1
738113,65535,255,2838,-7336,0,0,0
738114,431,0,290,-7225,1,0,1
738115,65535,255,2393,9854,0,0,0
738116,315,2,4445,9627,1,0,0
738117,335,0,5133,-6921,1,0,1
738118,533,0,3529,-7222,1,0,1
738119,65535,255,1197,-7647,0,0,0
738120,328,0,1546,10183,1,0,1
738121,547,0,3846,9771,1,0,1
738122,276,0,5431,9404,1,0,1
738123,65535,255,4135,-7143,0,0,0
738124,65535,255,2046,-7436,0,0,0
738125,583,0,646,10296,1,0,1
738126,65535,255,3168,9816,0,0,0
738127,65535,255,4977,9512,0,0,0
738128,65535,255,4663,-6986,0,0,0
738129,65535,255,2824,-7338,0,0,0
738130,65535,255,273,-7439,0,0,0
738131,65535,255,2408,9892,0,0,0
738132,65535,255,4455,9650,0,0,0
738133,65535,255,5124,-6948,0,0,0
738134,65535,255,3517,-7275,0,0,0
738135,65535,255,1175,-7424,0,0,0
738136,65535,255,1568,9950,0,0,0
738137,65535,255,3862,9731,0,0,0
738138,418,2,5437,9412,1,0,1
738139,332,0,4124,-7089,1,0,1
738140,65535,255,2035,-7420,0,0,0
738141,65535,255,655,10009,0,0,0
738142,65535,255,3177,9786,0,0,0
738143,65535,255,4977,9529,0,0,0
738144,65535,255,4662,-7040,0,0,0
738145,0,0,0,0,0,0,0
738146,65535,255,279,-8273,0,0,1
738147,65535,255,2403,9854,0,0,0
738148,0,0,0,0,0,0,0
738149,65535,255,5127,-6916,0,0,0
738150,65535,255,3525,-7273,0,0,0
738151,328,0,1191,-7592,1,0,1
738152,396,0,1552,9951,1,0,1
738153,65535,255,3850,9749,0,0,0
738154,1129,1,5429,9389,1,0,1
738155,65535,255,4135,-7114,0,0,0
738156,1320,1,2052,-7497,3,0,0
738157,65535,255,638,10266,0,0,0
738158,65535,255,3163,9847,0,0,0
738159,65535,255,4971,9481,0,0,0
738160,65535,255,4669,-6990,0,0,0
738161,65535,255,2834,-7434,0,0,0
738162,65535,255,290,-7453,0,0,0
738163,291,0,2388,9988,1,0,1
738164,65535,255,4442,9641,0,0,0
738165,65535,255,5133,-6893,0,0,0
738166,65535,255,3530,-7247,0,0,0
738167,492,0,1202,-7536,1,0,1
738168,379,0,1541,9910,1,0,1
738169,484,0,3838,9735,1,0,1
738170,373,0,5423,9422,3,0,1
738171,65535,255,4143,-7112,0,0,0
738172,307,0,2058,-7510,1,0,1
738173,65535,255,631,10373,0,0,0
738174,374,0,3154,9858,1,0,1
738175,410,0,4964,9494,1,0,1
738176,65535,255,4674,-7011,0,0,0
738177,65535,255,2840,-7301,0,0,0
738178,65535,255,297,-8012,0,0,0
738179,65535,255,2382,9857,0,0,0
738180,65535,255,4438,9585,0,0,0
738181,688,0,5138,-6932,1,0,1
738182,451,0,3536,-7274,1,0,1
738183,450,0,1210,-7754,1,0,1
738184,65535,255,1528,10103,0,0,0
738185,65535,255,3837,9689,0,0,0
738186,552,0,5419,9399,3,0,1
738187,65535,255,4144,-7083,0,0,0
738188,65535,255,2063,-7447,0,0,0
738189,518,0,625,10215,1,0,1
738190,65535,255,3149,9840,0,0,0
738191,65535,255,4961,9484,0,0,0
738192,65535,255,4674,-7005,0,0,0
738193,65535,255,2845,-7299,0,0,0
738194,65535,255,303,-8002,0,0,0
738195,65535,255,2377,9857,0,0,0
738196,65535,255,4435,9592,0,0,0
738197,65535,255,5137,-6942,0,0,0
738198,290,0,3535,-7201,1,0,1
738199,65535,255,1210,-7421,0,0,0
738200,65535,255,1528,10188,0,0,0
738201,565,0,3833,9729,1,0,1
738202,272,0,5419,9423,1,0,1
738203,436,0,4144,-7124,1,0,1
738204,65535,255,2063,-7555,0,0,0
738205,65535,255,627,9738,0,0,0
738206,65535,255,3150,9762,0,0,0
738207,65535,255,4960,9528,0,0,0
738208,65535,255,4677,-7062,0,0,0
738209,65535,255,2845,-7409,0,0,0
738210,524,0,303,-7453,1,0,1
738211,436,0,2377,10004,1,0,1
738212,479,0,4437,9590,1,0,1
738213,535,0,5137,-6926,1,0,1
738214,65535,255,3535,-7240,0,0,0
738215,65535,255,1204,-7366,0,0,0
738216,350,0,1534,10187,1,0,1
738217,509,0,3837,9728,1,0,1
738218,65535,255,5422,9422,0,0,0
738219,65535,255,4144,-7137,0,0,0
738220,65535,255,2063,-7586,0,0,0
738221,65535,255,632,9899,0,0,0
738222,486,0,3154,9800,1,0,1
738223,312,0,4967,9472,1,0,1
738224,480,0,4673,-7005,1,0,1
738225,273,0,2835,-7311,1,0,1
738226,0,0,0,0,0,0,0
738227,65535,255,2386,9910,0,0,0
738228,526,0,4441,9623,1,0,1
738229,65535,255,5134,-6892,0,0,0
738230,481,0,3531,-7270,1,0,1
738231,412,0,1198,-7672,1,0,1
738232,386,0,1545,10080,1,0,1
738233,512,2,3845,9704,1,0,1
738234,65535,255,5427,9412,0,0,0
738235,401,0,4136,-7125,3,0,1
738236,65535,255,2052,-7572,0,0,0
738237,65535,255,643,9901,0,0,0
738238,656,0,3163,9809,1,0,1
738239,425,0,4972,9482,1,0,1
738240,506,0,4666,-7018,1,0,1
738241,563,0,2830,-7344,1,0,1
738242,65535,255,281,-6965,0,0,0
738243,609,0,2397,9976,1,0,1
738244,334,0,4453,9608,1,0,1
738245,446,0,5128,-6928,1,0,1
738246,353,0,3518,-7203,1,0,1
738247,308,0,1180,-7504,1,0,1
738248,313,0,1561,9972,1,0,1
738249,498,0,3857,9672,1,0,1
738250,65535,255,5435,9396,0,0,0
738251,507,0,4128,-7106,1,0,1
738252,303,0,2037,-7560,1,0,1
738253,488,0,661,9909,1,0,0
738254,345,0,3181,9817,1,0,1
738255,584,0,4981,9492,1,0,1
738256,65535,255,4656,-7032,0,0,0
738257,65535,255,2816,-7379,0,0,0
738258,65535,255,262,-7417,0,0,0
738259,65535,255,2420,9897,0,0,0
738260,423,0,4465,9600,1,0,1
738261,65535,255,5116,-6885,0,0,0
738262,65535,255,3505,-7274,0,0,0
738263,438,0,1164,-7734,1,0,0
738264,65535,255,1578,10180,0,0,0
738265,322,0,3873,9747,1,0,1
738266,407,0,5446,9379,1,0,1
738267,65535,255,4112,-7139,0,0,0
738268,410,0,2015,-7515,1,0,1
738269,550,0,685,9869,1,0,1
738270,359,0,3200,9814,1,0,1
738271,473,0,4995,9494,1,0,1
738272,65535,255,4643,-7042,0,0,0
738273,65535,255,2791,-7418,0,0,0
738274,65535,255,232,-7961,0,0,0
738275,65535,255,2442,9904,0,0,0
738276,65535,255,4479,9616,0,0,0
738277,65535,255,5107,-6914,0,0,0
738278,65535,255,3492,-7216,0,0,0
738279,254,0,1146,-7683,1,0,1
738280,471,2,1590,10001,1,0,1
738281,361,2,3879,9668,1,0,1
738282,439,2,5447,9389,1,0,1
738283,65535,255,4113,-7172,0,0,0
738284,299,2,2015,-7533,1,0,1
738285,420,0,679,10061,1,0,1
738286,65535,255,3191,9892,0,0,0
738287,65535,255,4989,9479,0,0,0
738288,65535,255,6194,9157,0,0,0
738289,65535,255,-32768,-32768,0,65535,0
738290,276,2,252,-6886,1,0,1
738291,233,0,2423,9854,1,0,1
738292,238,2,4463,9639,1,0,0
738293,65535,255,5840,9265,0,0,0
738294,65535,255,6784,8948,0,0,1
738295,65535,255,-32768,-32768,0,65535,0
738296,279,0,1568,10056,1,0,1
738297,545,0,3858,9741,1,0,1
738298,65535,255,5437,9396,0,0,0
738299,426,0,6501,9047,1,0,0
738300,65535,255,-32768,-32768,0,65535,0
738301,269,0,661,9968,1,0,1
738302,381,0,3173,9886,1,0,1
738303,452,0,4977,9471,1,0,1
738304,608,0,6186,9156,1,0,1
738305,65535,255,-32768,-32768,0,65535,1
738306,65535,255,-32768,-32768,0,65535,1
738307,65535,255,2402,9895,0,0,0
738308,65535,255,4453,9565,0,0,0
738309,65535,255,5830,9285,0,0,0
738310,65535,255,6778,8918,0,0,0
738311,65535,255,-32768,-32768,0,65535,1
738312,65535,255,-32768,-32768,0,0,0
738313,546,0,3847,9689,1,0,1
738314,65535,255,5429,9368,0,0,0
738315,0,0,0,0,0,0,0
738316,0,0,0,0,0,0,0
738317,65535,255,-32768,-32768,0,0,1
738318,65535,255,-32768,-32768,0,65535,1
738319,263,0,4968,9529,1,0,1
738320,452,0,6180,9156,1,0,1
738321,0,0,0,0,0,0,0
738322,65535,255,-32768,-32768,0,65535,0
738323,65535,255,-32768,-32768,0,65535,0
738324,276,0,4439,9592,1,0,1
738325,205,0,5821,9292,1,0,1
738326,65535,255,6771,8950,0,0,1
738327,0,0,0,0,0,0,0
738328,65535,255,-32768,-32768,0,65535,0
738329,65535,255,-32768,-32768,0,65535,1
738330,251,0,5418,9409,1,0,1
738331,607,0,6488,9051,1,0,1
738332,0,0,0,0,0,0,0
738333,65535,255,-32768,-32768,0,65535,1
738334,65535,255,-32768,-32768,0,65535,1
738335,65535,255,4956,9541,0,0,0
738336,65535,255,6171,9157,0,0,0
738337,0,0,0,0,0,0,0
738338,65535,255,-32768,-32768,0,65535,1
738339,65535,255,-32768,-32768,0,65535,1
738340,65535,255,4426,9621,0,0,0
738341,402,0,5813,9289,1,0,1
738342,65535,255,6766,8940,0,0,1
738343,65535,255,-32768,-32768,0,0,0
738344,65535,255,-32768,-32768,0,65535,1
738345,389,2,3818,9718,1,0,1
738346,302,0,5410,9378,1,0,1
738347,429,0,6483,9058,1,0,1
738348,65535,255,-32768,-32768,0,65535,0
738349,65535,255,-32768,-32768,0,0,1
738350,277,2,3128,9845,1,0,1
738351,418,0,4944,9533,1,0,1
738352,65535,255,6165,9197,0,0,0
738353,65535,255,7017,8833,0,0,1
738354,292,2,338,-8359,1,0,0
738355,475,2,2344,10038,1,0,1
738356,65535,255,4412,9628,0,0,0
738357,315,0,5809,9261,1,0,1
738358,65535,255,6761,8948,0,0,1
738359,65535,255,1247,-7448,0,0,0
738360,324,0,1491,10086,1,0,0
738361,326,0,3806,9757,1,0,1
738362,65535,255,5402,9404,0,0,0
738363,65535,255,6477,9055,0,0,0
738364,65535,255,2104,-7533,0,0,0
738365,65535,255,580,10165,0,0,0
738366,385,0,3115,9776,3,0,1
738367,298,0,4938,9500,1,0,1
738368,65535,255,6159,9179,0,0,0
738369,65535,255,2885,-7370,0,0,0
738370,65535,255,353,-7951,0,0,0
738371,65535,255,2333,9998,0,0,0
738372,0,0,0,0,0,0,0
738373,65535,255,5801,9263,0,0,0
738374,340,0,3576,-7270,1,0,1
738375,65535,255,1258,-7474,0,0,0
738376,65535,255,1480,10111,0,0,0
738377,65535,255,3798,9775,0,0,0
738378,411,0,5394,9425,1,0,1
738379,295,0,4178,-7083,1,0,1
738380,323,0,2114,-7363,1,0,1
738381,65535,255,569,10454,0,0,0
738382,275,0,3106,9837,1,0,1
738383,475,0,4929,9541,1,0,1
738384,65535,255,4710,-7031,0,0,0
738385,65535,255,2894,-7292,0,0,0
738386,65535,255,365,-7397,0,0,0
738387,65535,255,2323,9930,0,0,0
738388,432,0,4399,9587,1,0,1
738389,527,0,5169,-6912,1,0,1
738390,255,0,3580,-7243,1,0,1
738391,414,0,1270,-7420,1,0,1
738392,456,0,1469,10067,1,0,0
738393,65535,255,3790,9760,0,0,0
738394,386,0,5391,9417,1,0,1
738395,372,0,4185,-7081,1,0,1
738396,65535,255,2125,-7377,0,0,0
738397,529,0,559,10582,1,0,1
738398,412,0,3097,9857,1,0,1
738399,65535,255,4927,9470,0,0,0
738400,364,0,4712,-6996,1,0,1
738401,488,0,2899,-7344,1,0,1
738402,320,0,370,-7933,1,0,0
738403,388,0,2318,10014,1,0,0
738404,291,0,4396,9632,1,0,0
738405,65535,255,5169,-6871,0,0,0
738406,65535,255,3584,-7175,0,0,0
738407,327,2,1275,-7656,1,0,0
738408,65535,255,1464,9932,0,0,0
738409,65535,255,3787,9721,0,0,0
738410,65535,255,5389,9402,0,0,0
738411,363,0,4189,-7168,1,0,1
738412,366,0,2125,-7400,1,0,1
738413,591,0,552,10527,1,0,1
738414,0,0,0,0,0,0,0
738415,65535,255,4926,9476,0,0,0
738416,65535,255,4714,-6977,0,0,0
738417,356,0,2899,-7376,1,0,1
738418,208,0,372,-8289,1,0,0
738419,479,0,2318,9861,1,0,1
738420,65535,255,4393,9671,0,0,0
738421,65535,255,5169,-6906,0,0,0
738422,348,0,3584,-7243,1,0,0
738423,494,0,1275,-7472,1,0,1
738424,65535,255,1464,10159,0,0,0
738425,65535,255,3787,9691,0,0,0
738426,65535,255,5389,9384,0,0,0
738427,309,0,4185,-7154,1,0,1
738428,65535,255,2125,-7559,0,0,0
738429,437,0,558,10521,1,0,1
738430,313,0,3097,9868,1,0,1
738431,65535,255,4927,9487,0,0,0
738432,445,0,4710,-6996,1,0,1
738433,65535,255,2895,-7421,0,0,0
738434,65535,255,365,-7301,0,0,0
738435,65535,255,2323,9944,0,0,0
738436,417,0,4396,9613,1,0,1
738437,65535,255,5164,-6871,0,0,0
738438,65535,255,3580,-7192,0,0,0
738439,65535,255,1268,-7686,0,0,0
738440,565,0,1470,10091,1,0,1
738441,65535,255,3793,9726,0,0,0
738442,401,0,5392,9378,1,0,1
738443,432,0,4182,-7155,1,0,1
738444,263,0,2114,-7408,1,0,1
738445,359,0,563,10169,1,0,1
738446,319,0,3098,9858,1,0,1
738447,351,0,4925,9505,1,0,1
738448,65535,255,4714,-7040,0,0,0
738449,295,0,2899,-7387,1,0,1
738450,65535,255,376,-7405,0,0,0
738451,431,0,2307,10031,1,0,1
738452,65535,255,4389,9585,0,0,0
738453,65535,255,5173,-6864,0,0,0
738454,65535,255,3594,-7231,0,0,0
738455,494,0,1293,-7576,1,0,1
738456,348,0,1446,10027,1,0,1
738457,481,0,3770,9695,1,0,1
738458,65535,255,5374,9413,0,0,0
738459,65535,255,4204,-7124,0,0,0
738460,65535,255,2147,-7359,0,0,0
738461,65535,255,528,10048,0,0,0
738462,241,0,3069,9854,1,0,1
738463,65535,255,4905,9510,0,0,0
738464,65535,255,4731,-6960,0,0,0
738465,357,0,2929,-7413,1,0,1
738466,496,0,411,-7912,1,0,1
738467,533,0,2280,9910,1,0,1
738468,587,0,4365,9641,1,0,1
738469,480,0,5190,-6914,1,0,1
738470,65535,255,3615,-7194,0,0,0
738471,65535,255,1321,-7522,0,0,0
738472,320,0,1418,10006,1,0,1
738473,65535,255,3750,9690,0,0,0
738474,65535,255,5361,9422,0,0,0
738475,65535,255,4222,-7146,0,0,0
738476,65535,255,2173,-7430,0,0,0
738477,65535,255,499,10445,0,0,0
738478,453,0,3045,9921,1,0,1
738479,65535,255,4884,9499,0,0,0
738480,65535,255,4753,-6984,0,0,0
738481,65535,255,2956,-7352,0,0,0
738482,65535,255,446,-7747,0,0,0
738483,65535,255,2253,9937,0,0,0
738484,65535,255,4354,9585,0,0,0
738485,65535,255,5201,-6902,0,0,0
738486,65535,255,3635,-7214,0,0,0
738487,65535,255,1338,-7675,0,0,0
738488,65535,255,1407,9908,0,0,0
738489,315,0,3746,9694,1,0,1
738490,499,0,5361,9369,1,0,0
738491,564,0,4226,-7118,1,0,1
738492,65535,255,2178,-7421,0,0,0
738493,65535,255,506,9715,0,0,0
738494,65535,255,3055,9863,0,0,0
738495,65535,255,4896,9546,0,0,0
738496,330,0,4740,-7045,1,0,1
738497,410,2,2937,-7301,1,0,1
738498,65535,255,417,-7439,0,0,0
738499,65535,255,2279,9920,0,0,0
738500,274,0,4372,9584,1,0,1
738501,352,0,5190,-6905,1,0,1
738502,469,0,3614,-7233,1,0,1
738503,65535,255,1312,-7508,0,0,0
738504,522,0,1429,10024,1,0,1
738505,65535,255,3765,9739,0,0,0
738506,568,0,5374,9404,3,0,1
738507,370,0,4207,-7169,1,0,1
738508,353,0,2152,-7559,1,0,1
738509,347,0,534,10357,1,0,1
738510,386,0,3079,9808,1,0,1
738511,65535,255,4917,9531,0,0,0
738512,65535,255,4724,-7031,0,0,0
738513,65535,255,2909,-7293,0,0,0
738514,65535,255,383,-7416,0,0,0
738515,65535,255,2311,9930,0,0,0
738516,314,0,4392,9593,1,0,1
738517,65535,255,5175,-6924,0,0,0
738518,65535,255,3589,-7271,0,0,0
738519,299,0,1276,-7504,1,0,1
738520,65535,255,1463,10181,0,0,0
738521,271,0,3793,9687,1,0,1
