sdate,line_t,line_tmq,line_tvza,line_tvaa,line_tm2,line_QFDNB,line_tm_buf
735235,65535,255,4508,9781,0,0,0
735236,65535,255,6292,9784,0,0,1
735237,65535,255,5724,-8006,0,0,0
735238,629,1,3520,-8071,1,0,0
735239,460,0,97,8036,1,0,0
735240,665,2,3655,9796,1,0,0
735241,395,0,5806,9802,1,0,1
735242,453,0,6219,-8002,1,0,1
735243,471,0,4395,-8010,1,0,0
735244,65535,255,1225,-8151,0,0,0
735245,552,0,2628,9860,1,0,0
735246,782,0,5229,9834,1,0,1
735247,512,0,6636,-7997,1,0,1
735248,496,0,5116,-8063,1,0,1
735249,65535,255,2433,-8033,0,0,0
735250,385,0,1433,9904,1,0,0
735251,65535,255,4524,9843,0,0,0
735252,504,0,6300,9794,1,0,1
735253,537,0,5717,-8041,1,0,1
735254,517,0,3508,-8010,1,0,1
735255,483,0,99,10769,1,0,0
735256,65535,255,3651,9861,0,0,0
735257,65535,255,5804,9811,0,0,0
735258,65535,255,6221,-7988,0,0,0
735259,65535,255,4405,-8041,0,0,0
735260,65535,255,1248,-8256,0,0,0
735261,0,0,0,0,0,0,0
735262,591,0,5212,9778,1,0,1
735263,65535,255,6647,-7989,0,0,0
735264,608,0,5139,-8067,1,0,1
735265,367,0,2483,-8046,1,0,0
735266,65535,255,1377,9713,0,0,0
735267,65535,255,4491,9800,0,0,0
735268,65535,255,6278,9800,0,0,1
735269,65535,255,5739,-8023,0,0,1
735270,65535,255,3550,-8113,0,0,0
735271,453,0,40,10426,1,0,0
735272,65535,255,3614,9854,0,0,0
735273,65535,255,5781,9798,0,0,0
735274,65535,255,6238,-7995,0,0,0
735275,65535,255,4435,-8059,0,0,0
735276,65535,255,1293,-7967,0,0,0
735277,65535,255,2559,9774,0,0,0
735278,65535,255,5184,9804,0,0,0
735279,65535,255,6660,-7976,0,0,1
735280,760,0,5159,-8031,1,0,0
735281,65535,255,2528,-8160,0,0,0
735282,65535,255,1326,9959,0,0,0
735283,944,0,4462,9818,1,0,1
735284,65535,255,6262,9789,0,0,0
735285,1318,0,5756,-8013,1,0,0
735286,65535,255,3585,-8111,0,0,1
735287,65535,255,8,-11174,0,0,0
735288,65535,255,3580,9863,0,0,1
735289,65535,255,5762,9778,0,0,1
735290,65535,255,6253,-8002,0,0,0
735291,65535,255,4460,-8065,0,0,0
735292,65535,255,1339,-7970,0,0,0
735293,537,0,2520,9761,1,0,0
735294,65535,255,5164,9794,0,0,1
735295,65535,255,6670,9793,0,0,0
735296,65535,255,5179,-8009,0,0,0
735297,65535,255,2562,-8096,0,0,0
735298,65535,255,1287,9808,0,0,0
735299,911,0,4433,9826,1,0,1
735300,0,0,0,0,0,0,0
735301,517,2,5776,-8042,1,0,1
735302,65535,255,3614,-8026,0,0,0
735303,65535,255,62,-11297,0,0,0
735304,65535,255,3546,9898,0,0,0
735305,1139,0,5745,9791,1,0,1
735306,1046,0,6269,-8016,1,0,1
735307,65535,255,4484,-8039,0,0,0
735308,65535,255,1383,-8119,0,0,0
735309,65535,255,2480,9863,0,0,0
735310,1374,0,5141,9841,1,0,1
735311,65535,255,6658,9777,0,0,1
735312,697,0,5199,-7999,1,0,1
735313,65535,255,2597,-8083,0,0,0
735314,0,0,0,0,0,0,0
735315,0,0,0,0,0,0,0
735316,0,0,0,0,0,0,0
735317,0,0,0,0,0,0,0
735318,65535,255,3642,-8092,0,0,1
735319,65535,255,88,-8000,0,0,0
735320,65535,255,3520,9864,0,0,0
735321,65535,255,5733,9779,0,0,0
735322,0,0,0,0,0,0,0
735323,856,0,4503,-8007,1,0,1
735324,65535,255,1412,-8189,0,0,0
735325,65535,255,2455,9915,0,0,0
735326,989,0,5129,9795,1,0,1
735327,65535,255,6650,9804,0,0,0
735328,65535,255,5216,-8044,0,0,1
735329,65535,255,2617,-8034,0,0,0
735330,65535,255,1225,9752,0,0,0
735331,65535,255,4396,9840,0,0,0
735332,65535,255,6228,9779,0,0,0
735333,65535,255,5799,-8016,0,0,0
735334,65535,255,3655,-8002,0,0,0
735335,545,0,117,-10031,1,0,0
735336,1045,0,3512,9804,1,0,1
735337,65535,255,5725,9827,0,0,0
735338,794,0,6287,-8007,1,0,1
735339,1189,0,4513,-8007,1,0,0
735340,65535,255,1429,-8258,0,0,0
735341,65535,255,2450,9773,0,0,0
735342,65535,255,5123,9831,0,0,0
735343,65535,255,6650,9785,0,0,0
735344,65535,255,5222,-8023,0,0,0
735345,65535,255,2627,-8010,0,0,0
735346,65535,255,1219,9751,0,0,0
735347,65535,255,4392,9853,0,0,0
735348,65535,255,6225,9795,0,0,1
735349,1623,0,5803,-8041,1,0,1
735350,755,0,3662,-8067,1,0,1
735351,65535,255,111,-8324,0,0,0
735352,65535,255,3509,9826,0,0,1
735353,65535,255,5725,9818,0,0,0
735354,65535,255,6289,-8003,0,0,0
735355,1053,0,4516,-8013,1,0,1
735356,0,0,0,0,0,0,0
735357,65535,255,2450,9838,0,0,0
735358,953,0,5126,9785,1,0,1
735359,0,0,0,0,0,0,0
735360,1421,2,5219,-7998,1,0,1
735361,65535,255,2626,-8131,0,0,0
735362,65535,255,1225,9726,0,0,0
735363,65535,255,4399,9860,0,0,0
735364,65535,255,6229,9806,0,0,0
735365,65535,255,5798,-8002,0,0,0
735366,65535,255,3654,-8011,0,0,0
735367,65535,255,102,-6709,0,0,0
735368,65535,255,3516,9883,0,0,0
735369,1167,0,5729,9814,1,0,1
735370,65535,255,6284,-8011,0,0,0
735371,65535,255,4509,-8045,0,0,0
735372,65535,255,1412,-8119,0,0,0
735373,65535,255,2465,9761,0,0,0
735374,65535,255,5134,9847,0,0,0
735375,65535,255,6654,9800,0,0,0
735376,65535,255,5210,-8003,0,0,0
735377,65535,255,2607,-8010,0,0,0
735378,65535,255,1247,9888,0,0,0
735379,773,0,4413,9809,1,0,1
735380,0,0,0,0,0,0,0
735381,0,0,0,0,0,0,0
735382,0,0,0,0,0,0,0
735383,0,0,0,0,0,0,0
735384,65535,255,3542,9771,0,0,0
735385,65535,255,5742,9775,0,0,0
735386,65535,255,6271,-7982,0,0,0
735387,65535,255,4489,-8007,0,0,0
735388,65535,255,1378,-8023,0,0,0
735389,65535,255,2489,9932,0,0,0
735390,65535,255,5149,9847,0,0,0
735391,65535,255,6666,9762,0,0,0
735392,65535,255,5190,-8024,0,0,0
735393,767,0,2577,-8083,1,0,1
735394,65535,255,1282,9679,0,0,0
735395,65535,255,4433,9872,0,0,0
735396,65535,255,6250,9772,0,0,0
735397,65535,255,5772,-8042,0,0,0
735398,65535,255,3606,-8119,0,0,0
735399,397,0,32,-5733,1,0,0
735400,784,0,3567,9797,1,0,1
735401,540,0,5757,9788,1,0,1
735402,33,2,6256,-8001,1,0,1
735403,460,0,4463,-8052,1,0,1
735404,65535,255,1339,-8220,0,0,0
735405,65535,255,2524,9851,0,0,0
735406,736,0,5169,9821,1,0,1
735407,65535,255,6667,-7974,0,0,0
735408,324,0,5168,-8014,1,0,1
735409,65535,255,2532,-8071,0,0,0
735410,65535,255,1327,9685,0,0,0
735411,781,0,4464,9783,1,0,1
735412,1050,0,6265,9783,1,0,1
735413,269,0,5751,-7995,1,0,1
735414,65535,255,3568,-8043,0,0,0
735415,65535,255,32,15769,0,0,0
735416,580,0,3601,9872,1,0,0
735417,65535,255,5776,9825,0,0,0
735418,65535,255,6238,-7991,0,0,0
735419,65535,255,4429,-8040,0,0,0
735420,65535,255,1288,-8199,0,0,0
735421,65535,255,2574,9863,0,0,0
735422,734,0,5195,9831,1,0,1
735423,65535,255,6651,-7988,0,0,0
735424,65535,255,5139,-8041,0,0,0
735425,65535,255,2488,-8160,0,0,0
735426,569,0,1377,9885,1,0,0
735427,65535,255,4494,9839,0,0,0
735428,65535,255,6284,9788,0,0,0
735429,65535,255,5728,-8043,0,0,0
735430,65535,255,3525,-8018,0,0,0
735431,65535,255,83,11379,0,0,0
735432,65535,255,3644,9822,0,0,0
735433,65535,255,5798,9808,0,0,1
735434,65535,255,6224,-8018,0,0,0
735435,65535,255,4409,-8078,0,0,0
735436,65535,255,1254,-7962,0,0,0
735437,65535,255,2594,9936,0,0,0
735438,692,0,5207,9779,1,0,1
735439,65535,255,6648,-7997,0,0,0
735440,65535,255,5139,-8051,0,0,0
735441,65535,255,2487,-8117,0,0,0
735442,472,0,1371,9910,1,0,0
735443,65535,255,4487,9839,0,0,0
735444,65535,255,6276,9817,0,0,0
735445,65535,255,5739,-8034,0,0,0
735446,65535,255,3550,-8116,0,0,0
735447,65535,255,40,9657,0,0,0
735448,846,0,3614,9830,1,0,0
735449,65535,255,5781,9817,0,0,0
735450,38,2,6238,-7972,1,0,1
735451,65535,255,4432,-8014,0,0,1
735452,65535,255,1293,-8122,0,0,1
735453,65535,255,2559,9838,0,0,0
735454,65535,255,5186,9821,0,0,0
735455,65535,255,6662,-7981,0,0,0
735456,779,0,5159,-8030,1,0,0
735457,923,0,2523,-8134,1,0,0
735458,172,2,1337,9861,1,0,1
735459,65535,255,4466,9840,0,0,0
735460,839,0,6266,9789,1,0,1
735461,273,2,5755,-8040,1,0,1
735462,65535,255,3575,-8026,0,0,0
735463,65535,255,28,17868,0,0,1
735464,613,0,3588,9882,1,0,1
735465,925,0,5770,9784,1,0,1
735466,65535,255,6251,-8008,0,0,1
735467,378,0,4456,-8083,1,0,1
735468,65535,255,1327,-8020,0,0,1
735469,809,0,2534,9801,1,0,0
735470,65535,255,5174,9816,0,0,0
735471,65535,255,6671,-7984,0,0,0
735472,65535,255,5176,-8040,0,0,0
735473,65535,255,2548,-7995,0,0,0
735474,65535,255,1309,10014,0,0,0
735475,482,0,4453,9789,1,0,1
735476,65535,255,6257,9798,0,0,0
735477,65535,255,5767,-8025,0,0,0
735478,65535,255,3597,-8068,0,0,0
735479,65535,255,32,-12252,0,0,0
735480,231,2,3571,9882,1,0,1
735481,90,2,5761,9788,1,0,1
735482,65535,255,6261,-8016,0,0,0
735483,861,2,4465,-8007,1,0,1
735484,65535,255,1350,-8170,0,0,0
735485,65535,255,2514,9902,0,0,0
735486,65535,255,5166,9786,0,0,0
735487,65535,255,6673,9792,0,0,0
735488,386,2,5181,-8024,1,0,0
735489,65535,255,2562,-8157,0,0,0
735490,65535,255,1292,9990,0,0,0
735491,850,2,4443,9790,1,0,1
735492,65535,255,6253,9803,0,0,0
735493,65535,255,5772,-8037,0,0,0
735494,578,0,3605,-8042,1,0,1
735495,568,0,47,-3065,1,0,0
735496,65535,255,3563,9814,0,0,1
735497,493,0,5754,9827,1,0,1
735498,65535,255,6263,-8000,0,0,0
735499,539,0,4476,-8089,1,0,1
735500,65535,255,1355,-8119,0,0,0
735501,65535,255,2509,9890,0,0,0
735502,65535,255,5160,9791,0,0,0
735503,65535,255,6670,9801,0,0,1
735504,1408,0,5184,-8044,1,0,1
735505,65535,255,2562,-8045,0,0,0
735506,354,0,1292,9784,1,0,1
735507,786,0,4437,9853,1,0,1
735508,1201,2,6252,9787,1,0,1
735509,611,0,5773,-8028,1,0,1
735510,533,2,3605,-8033,1,0,1
735511,65535,255,42,-3536,0,0,0
735512,65535,255,3563,9840,0,0,0
735513,520,0,5757,9780,1,0,1
735514,951,2,6260,-7996,1,0,1
735515,712,0,4469,-8032,1,0,1
735516,65535,255,1350,-7971,0,0,0
735517,65535,255,2514,9839,0,0,0
735518,1172,0,5162,9807,1,0,1
735519,65535,255,6671,9798,0,0,0
735520,65535,255,5179,-8049,0,0,0
735521,414,0,2557,-8082,1,0,0
735522,468,0,1298,9913,1,0,0
735523,732,0,4447,9790,1,0,1
735524,819,0,6252,9806,1,0,1
735525,65535,255,5765,-8007,0,0,0
735526,693,0,3593,-8008,1,0,1
735527,65535,255,41,-1765,0,0,0
735528,489,0,3572,9857,1,0,1
735529,65535,255,5762,9797,0,0,0
735530,65535,255,6252,-7989,0,0,0
735531,654,0,4460,-8095,1,0,1
735532,65535,255,1333,-8270,0,0,0
735533,65535,255,2534,9814,0,0,0
735534,713,0,5172,9781,1,0,1
735535,65535,255,6666,-7983,0,0,0
735536,65535,255,5165,-8003,0,0,0
735537,425,0,2528,-7982,1,0,1
735538,65535,255,1327,9786,0,0,0
735539,65535,255,4461,9778,0,0,0
735540,65535,255,6263,9794,0,0,0
735541,65535,255,5752,-8020,0,0,0
735542,65535,255,3572,-8059,0,0,0
735543,65535,255,20,12939,0,0,0
735544,65535,255,3598,9806,0,0,0
735545,1421,0,5777,9785,1,0,1
735546,1546,0,6239,-7989,1,0,1
735547,65535,255,4433,-8013,0,0,0
735548,65535,255,1287,-8018,0,0,0
735549,1002,0,2564,9926,1,0,0
735550,816,0,5193,9842,1,0,1
735551,65535,255,6653,-7983,0,0,0
735552,65535,255,5143,-8013,0,0,0
735553,65535,255,2493,-8057,0,0,0
735554,65535,255,1372,10008,0,0,0
735555,874,0,4491,9853,1,0,1
735556,1063,0,6281,9804,1,0,1
735557,1483,0,5730,-8033,1,0,1
735558,750,0,3533,-8051,1,0,0
735559,65535,255,64,10776,0,0,0
735560,65535,255,3631,9798,0,0,0
735561,65535,255,5790,9780,0,0,0
735562,1363,0,6230,-7978,1,0,0
735563,65535,255,4422,-8089,0,0,0
735564,65535,255,1277,-7912,0,0,0
735565,65535,255,2573,9864,0,0,0
735566,457,0,5195,9812,1,0,0
735567,65535,255,6654,-7957,0,0,0
735568,863,0,5150,-8049,1,0,1
735569,65535,255,2508,-8133,0,0,0
735570,65535,255,1349,9738,0,0,0
735571,1064,0,4474,9779,1,0,1
735572,0,0,0,0,0,0,0
735573,65535,255,5751,-8036,0,0,0
735574,65535,255,3572,-8100,0,0,0
735575,65535,255,40,3396,0,0,0
735576,65535,255,3593,9891,0,0,0
735577,65535,255,5771,9821,0,0,0
735578,257,2,6247,-7981,1,0,1
735579,65535,255,4446,-8012,0,0,0
735580,65535,255,1315,-8068,0,0,0
735581,954,0,2544,9778,1,0,0
735582,785,0,5178,9792,1,0,1
735583,65535,255,6666,-7956,0,0,0
735584,378,0,5170,-8063,1,0,1
735585,65535,255,2537,-8006,0,0,0
735586,582,0,1315,9964,1,0,0
735587,510,0,4456,9855,1,0,0
735588,65535,255,6261,9770,0,0,0
735589,715,0,5760,-7980,1,0,1
735590,65535,255,3589,-8024,0,0,0
735591,357,0,25,-14143,1,0,1
735592,645,0,3580,9867,1,0,1
735593,618,0,5763,9837,1,0,1
735594,1092,0,6255,-7991,1,0,1
735595,65535,255,4459,-8050,0,0,0
735596,65535,255,1333,-7960,0,0,0
735597,554,0,2524,9928,1,0,0
735598,864,2,5172,9782,1,0,0
735599,65535,255,6671,-7959,0,0,0
735600,65535,255,5176,-8002,0,0,0
735601,65535,255,2547,-8081,0,0,0
735602,65535,255,1310,9786,0,0,0
735603,466,0,4450,9823,1,0,1
735604,635,0,6257,9816,1,0,1
735605,65535,255,5766,-8019,0,0,0
735606,513,0,3592,-8040,1,0,0
735607,477,0,49,-553,1,0,0
735608,563,0,3580,9790,1,0,0
735609,749,0,5764,9807,1,0,1
735610,65535,255,6255,-7976,0,0,0
735611,424,0,4462,-8037,1,0,1
735612,65535,255,1333,-7918,0,0,0
735613,608,0,2529,9765,1,0,0
735614,372,0,5172,9813,1,0,0
735615,65535,255,6671,-7984,0,0,0
735616,672,0,5173,-8053,1,0,1
735617,65535,255,2542,-8044,0,0,0
735618,65535,255,1315,9761,0,0,0
735619,653,0,4457,9836,1,0,1
735620,65535,255,6261,9774,0,0,1
735621,730,0,5760,-8001,1,0,1
735622,216,2,3588,-8057,1,0,1
735623,65535,255,42,-8863,0,0,0
735624,666,0,3580,9893,1,0,1
735625,65535,255,5767,9782,0,0,0
735626,784,0,6254,-7999,1,0,1
735627,65535,255,4459,-8056,0,0,1
735628,773,0,1327,-7917,1,0,1
735629,1090,0,2529,9929,1,0,0
735630,65535,255,5172,9783,0,0,0
735631,65535,255,6668,-7956,0,0,0
735632,65535,255,5171,-7996,0,0,0
735633,65535,255,2542,-8056,0,0,0
735634,65535,255,1315,9736,0,0,0
735635,652,0,4453,9842,1,0,1
735636,871,0,6259,9795,1,0,1
735637,611,0,5761,-7988,1,0,1
735638,65535,255,3589,-8049,0,0,0
735639,65535,255,42,23,0,0,0
735640,65535,255,3580,9799,0,0,0
735641,65535,255,5764,9807,0,0,0
735642,770,0,6252,-7980,1,0,1
735643,65535,255,4456,-8037,0,0,1
735644,65535,255,1322,-7916,0,0,0
735645,65535,255,2534,9766,0,0,0
735646,65535,255,5173,9808,0,0,0
735647,65535,255,6667,-7981,0,0,0
735648,65535,255,5168,-8047,0,0,0
735649,65535,255,2533,-8031,0,0,0
735650,65535,255,1327,9737,0,0,0
735651,751,0,4460,9830,1,0,1
735652,65535,255,6264,9771,0,0,0
735653,511,0,5754,-8005,1,0,0
735654,65535,255,3576,-8108,0,0,0
735655,65535,255,19,15409,0,0,0
735656,65535,255,3596,9822,0,0,0
735657,65535,255,5772,9812,0,0,0
735658,65535,255,6243,-7991,0,0,0
735659,65535,255,4439,-8081,0,0,0
735660,65535,255,1299,-8170,0,0,0
735661,65535,255,2554,9928,0,0,0
735662,65535,255,5187,9818,0,0,0
735663,65535,255,6655,-7953,0,0,0
735664,1025,0,5148,-8017,1,0,1
735665,65535,255,2503,-8005,0,0,0
735666,684,0,1360,9790,1,0,0
735667,65535,255,4481,9867,0,0,0
735668,65535,255,6275,9808,0,0,0
735669,65535,255,5735,-7997,0,0,0
735670,65535,255,3538,-8025,0,0,0
735671,398,0,52,10981,1,0,0
735672,65535,255,3618,9858,0,0,0
735673,65535,255,5783,9791,0,0,0
735674,65535,255,6236,-7999,0,0,0
735675,65535,255,4433,-8068,0,0,0
735676,65535,255,1293,-8016,0,0,0
735677,65535,255,2559,9816,0,0,0
735678,888,0,5184,9829,1,0,1
735679,65535,255,6663,-7991,0,0,0
735680,934,0,5165,-8063,1,0,1
735681,65535,255,2533,-8068,0,0,0
735682,65535,255,1321,9814,0,0,0
735683,65535,255,4453,9849,0,0,0
735684,65535,255,6258,9786,0,0,0
735685,65535,255,5763,-8017,0,0,0
735686,65535,255,3593,-8006,0,0,0
735687,65535,255,49,-3376,0,0,0
735688,1073,0,3568,9808,1,0,1
735689,1487,0,5754,9830,1,0,1
735690,65535,255,6262,-8005,0,0,0
735691,779,0,4473,-8011,1,0,1
735692,65535,255,1356,-7895,0,0,0
735693,65535,255,2500,9803,0,0,0
735694,1216,0,5152,9845,1,0,1
735695,65535,255,6664,9794,0,0,0
735696,996,0,5193,-8046,1,0,1
735697,65535,255,2582,-8080,0,0,0
735698,65535,255,1264,9944,0,0,0
735699,947,0,4423,9805,1,0,1
735700,65535,255,6241,9775,0,0,0
735701,65535,255,5784,-8021,0,0,0
735702,469,0,3630,-8048,1,0,1
735703,0,0,0,0,0,0,0
735704,1079,0,3538,9774,1,0,1
735705,3666,1,5738,9830,1,0,1
735706,895,0,6276,-7995,1,0,1
735707,65535,255,4500,-8054,0,0,1
735708,0,0,0,0,0,0,0
735709,461,0,2470,9790,1,0,1
735710,0,0,0,0,0,0,0
735711,65535,255,6656,9771,0,0,0
735712,65535,255,5210,-8015,0,0,0
735713,65535,255,2607,-8055,0,0,0
735714,65535,255,1236,9972,0,0,0
735715,1085,2,4406,9838,1,0,0
735716,0,0,0,0,0,0,0
735717,992,2,5794,-8008,1,0,1
735718,961,0,3646,-8048,1,0,1
735719,65535,255,96,-9412,0,0,0
735720,65535,255,3520,9834,0,0,0
735721,65535,255,5732,9809,0,0,0
735722,65535,255,6283,-8011,0,0,0
735723,0,0,0,0,0,0,0
735724,0,0,0,0,0,0,0
735725,65535,255,2455,9868,0,0,0
735726,65535,255,5129,9825,0,0,0
735727,65535,255,6653,9802,0,0,0
735728,0,0,0,0,0,0,0
735729,65535,255,2616,-8067,0,0,0
735730,1119,0,1237,9649,1,0,0
735731,65535,255,4402,9833,0,0,0
735732,65535,255,6232,9780,0,0,0
735733,0,0,0,0,0,0,0
735734,65535,255,3650,-8031,0,0,0
735735,65535,255,96,-9396,0,0,0
735736,65535,255,3520,9861,0,0,1
735737,65535,255,5730,9831,0,0,1
735738,65535,255,6281,-7985,0,0,0
735739,65535,255,4506,-8029,0,0,0
735740,65535,255,1412,-8186,0,0,0
735741,65535,255,2460,9868,0,0,0
735742,911,0,5131,9835,1,0,1
735743,65535,255,6655,9768,0,0,0
735744,849,0,5210,-8045,1,0,0
735745,65535,255,2606,-7993,0,0,0
735746,0,0,0,0,0,0,0
735747,0,0,0,0,0,0,0
735748,65535,255,6233,9780,0,0,0
735749,65535,255,5789,-7999,0,0,0
735750,812,0,3638,-8064,1,0,1
735751,65535,255,84,-5557,0,0,0
735752,65535,255,3529,9791,0,0,0
735753,1276,0,5737,9805,1,0,1
735754,65535,255,6274,-7970,0,0,0
735755,0,0,0,0,0,0,0
735756,65535,255,1395,-8164,0,0,0
735757,65535,255,2475,9880,0,0,0
735758,65535,255,5141,9846,0,0,0
735759,65535,255,6659,9778,0,0,1
735760,65535,255,5199,-7994,0,0,0
735761,65535,255,2592,-8067,0,0,0
735762,65535,255,1264,9760,0,0,0
735763,65535,255,4420,9825,0,0,1
735764,65535,255,6240,9817,0,0,0
735765,1522,0,5778,-7986,1,0,1
735766,65535,255,3618,-8047,0,0,0
735767,65535,255,64,-4646,0,0,0
735768,579,0,3550,9809,1,0,1
735769,65535,255,5745,9817,0,0,0
735770,65535,255,6264,-7985,0,0,0
735771,488,0,4476,-8054,1,0,1
735772,65535,255,1361,-7970,0,0,1
735773,65535,255,2505,9791,0,0,0
735774,65535,255,5155,9825,0,0,0
735775,65535,255,6668,9766,0,0,0
735776,65535,255,5185,-8061,0,0,0
735777,65535,255,2562,-8067,0,0,0
735778,65535,255,1292,9788,0,0,0
735779,65535,255,4440,9837,0,0,0
735780,65535,255,6253,9775,0,0,0
735781,65535,255,5766,-8004,0,0,0
735782,65535,255,3597,-8073,0,0,0
735783,65535,255,36,-12951,0,0,0
735784,65535,255,3568,9834,0,0,0
735785,0,0,0,0,0,0,0
735786,65535,255,6258,-7997,0,0,0
735787,65535,255,4466,-8029,0,0,0
735788,229,0,1350,-8091,1,0,1
735789,1011,0,2515,9754,1,0,0
735790,65535,255,5158,9850,0,0,0
735791,65535,255,6671,9771,0,0,0
735792,196,2,5179,-8015,1,0,1
735793,287,0,2558,-8055,1,0,1
735794,65535,255,1293,9994,0,0,0
735795,65535,255,4437,9844,0,0,0
735796,187,2,6250,9810,1,0,1
735797,65535,255,5770,-8016,0,0,0
735798,65535,255,3605,-8064,0,0,0
735799,65535,255,48,-12402,0,0,0
735800,336,0,3559,9852,1,0,1
735801,43,0,5752,9817,1,0,0
735802,65535,255,6259,-7995,0,0,1
735803,168,2,4473,-8073,1,0,0
735804,65535,255,1350,-7919,0,0,0
735805,65535,255,2509,9880,0,0,0
735806,65535,255,5158,9830,0,0,0
735807,65535,255,6668,9801,0,0,1
735808,65535,255,5182,-8005,0,0,0
735809,410,2,2562,-8042,1,0,1
735810,352,2,1287,9994,1,0,1
735811,65535,255,4437,9779,0,0,0
735812,65535,255,6254,9778,0,0,0
735813,65535,255,5761,-7993,0,0,0
735814,65535,255,3580,-8032,0,0,0
735815,485,0,24,16223,1,0,1
735816,65535,255,3601,9858,0,0,0
735817,65535,255,5781,9823,0,0,0
735818,65535,255,6234,-7985,0,0,0
735819,108,0,4415,-8025,1,0,1
735820,65535,255,1259,-8015,0,0,0
735821,512,0,2588,9902,1,0,1
735822,1127,1,5204,9822,1,0,1
735823,1320,1,6650,-7960,1,0,1
735824,65535,255,5145,-8049,0,0,0
735825,466,0,2498,-8120,1,0,0
735826,65535,255,1366,9691,0,0,0
735827,987,1,4484,9854,1,0,1
735828,65535,255,6275,9811,0,0,0
735829,65535,255,5743,-8006,0,0,1
735830,65535,255,3554,-8033,0,0,0
735831,65535,255,34,9593,0,0,0
735832,65535,255,3610,9790,0,0,0
735833,189,0,5781,9777,1,0,1
735834,552,0,6241,-7981,1,0,1
735835,65535,255,4441,-8067,0,0,0
735836,331,2,1299,-7939,1,0,1
735837,364,2,2554,9890,1,0,1
735838,65535,255,5186,9823,0,0,0
735839,65535,255,6664,-7966,0,0,1
735840,545,2,5164,-8063,1,0,1
735841,202,2,2530,-8078,1,0,1
735842,65535,255,1332,9838,0,0,0
735843,432,2,4463,9804,1,0,0
735844,65535,255,6264,9785,0,0,0
735845,65535,255,5758,-7984,0,0,0
735846,735,0,3580,-8007,1,0,0
735847,65535,255,7,236,0,0,0
735848,65535,255,3589,9799,0,0,0
735849,65535,255,5768,9786,0,0,0
735850,65535,255,6253,-7995,0,0,0
735851,65535,255,4459,-8030,0,0,0
735852,379,0,1332,-8143,1,0,1
735853,569,0,2529,9850,1,0,0
735854,597,0,5172,9784,1,0,1
735855,65535,255,6673,-7981,0,0,0
735856,94,2,5174,-8063,1,0,0
735857,65535,255,2547,-8134,0,0,0
735858,495,0,1316,9682,1,0,1
735859,65535,255,4453,9839,0,0,0
735860,65535,255,6259,9790,0,0,0
735861,65535,255,5763,-8039,0,0,0
735862,711,2,3593,-8094,1,0,1
735863,65535,255,35,-15069,0,0,0
735864,797,0,3580,9821,1,0,1
735865,953,0,5766,9787,1,0,1
735866,65535,255,6253,-7983,0,0,0
735867,65535,255,4459,-8090,0,0,0
735868,65535,255,1331,-8172,0,0,0
735869,65535,255,2534,9900,0,0,0
735870,65535,255,5175,9815,0,0,0
735871,65535,255,6668,-7962,0,0,0
735872,65535,255,5170,-8035,0,0,0
735873,287,2,2542,-8097,1,0,1
735874,65535,255,1316,9682,0,0,0
735875,640,0,4446,9865,1,0,1
735876,65535,255,6255,9784,0,0,0
735877,65535,255,5770,-8029,0,0,0
735878,415,0,3605,-8102,1,0,1
735879,492,0,42,-3526,1,0,1
735880,65535,255,3560,9848,0,0,0
735881,65535,255,5752,9775,0,0,0
735882,143,2,6266,-8001,1,0,0
735883,925,0,4479,-8051,1,0,1
735884,65535,255,1372,-8216,0,0,0
735885,65535,255,2489,9864,0,0,0
735886,65535,255,5147,9826,0,0,0
735887,65535,255,6661,9804,0,0,0
735888,674,0,5198,-8060,1,0,1
735889,507,0,2582,-8026,1,0,1
735890,463,2,1275,9988,1,0,1
735891,323,2,4430,9848,1,0,0
735892,65535,255,6249,9763,0,0,0
735893,65535,255,5773,-8042,0,0,0
735894,767,2,3602,-8032,1,0,0
735895,611,0,25,-9134,1,0,0
735896,819,2,3572,9834,1,0,0
735897,824,0,5761,9817,1,0,1
735898,65535,255,6251,-7983,0,0,0
735899,65535,255,4450,-8025,0,0,0
735900,65535,255,1316,-8202,0,0,0
735901,833,2,2549,9871,1,0,1
735902,65535,255,5183,9842,0,0,0
735903,65535,255,6659,-7976,0,0,0
735904,566,0,5157,-8004,1,0,1
735905,481,0,2519,-8025,1,0,0
735906,816,0,1338,9956,1,0,0
735907,65535,255,4467,9835,0,0,1
735908,65535,255,6264,9805,0,0,0
735909,65535,255,5752,-8017,0,0,0
735910,630,0,3576,-8073,1,0,1
735911,571,0,49,2103,1,0,0
735912,402,0,3589,9886,1,0,0
735913,891,0,5771,9770,1,0,1
735914,65535,255,6248,-7987,0,0,0
735915,65535,255,4446,-8031,0,0,0
735916,65535,255,1316,-8179,0,0,0
735917,526,0,2544,9867,1,0,0
735918,1257,0,5178,9838,1,0,1
735919,65535,255,6667,-7995,0,0,1
735920,65535,255,5171,-8063,0,0,0
735921,65535,255,2543,-8041,0,0,0
735922,65535,255,1315,9700,0,0,0
735923,293,2,4451,9807,1,0,1
735924,1330,0,6256,9809,1,0,1
735925,1129,2,5766,-8041,1,0,1
735926,542,2,3597,-8033,1,0,0
735927,65535,255,51,-1171,0,0,0
735928,496,0,3567,9797,1,0,1
735929,65535,255,5757,9814,0,0,0
735930,389,0,6259,-7990,1,0,0
735931,65535,255,4472,-8065,0,0,0
735932,313,2,1355,-8053,1,0,0
735933,695,0,2510,9856,1,0,0
735934,625,0,5161,9773,1,0,1
735935,65535,255,6670,9793,0,0,0
735936,1109,0,5187,-8037,1,0,0
735937,65535,255,2572,-8029,0,0,0
735938,65535,255,1281,9776,0,0,0
735939,1107,0,4433,9852,1,0,1
735940,854,0,6248,9791,1,0,1
735941,1033,0,5777,-8040,1,0,1
735942,709,0,3614,-8066,1,0,0
735943,598,0,47,-7905,1,0,0
735944,930,0,3554,9857,1,0,0
735945,65535,255,5749,9793,0,0,0
735946,65535,255,6268,-7989,0,0,0
735947,65535,255,4482,-8084,0,0,0
735948,65535,255,1372,-8224,0,0,0
735949,65535,255,2500,9793,0,0,0
735950,679,0,5156,9803,1,0,1
735951,65535,255,6667,9777,0,0,1
735952,65535,255,5193,-8067,0,0,0
735953,611,0,2577,-8152,1,0,0
735954,65535,255,1281,9750,0,0,0
735955,812,0,4434,9822,1,0,1
735956,65535,255,6248,9781,0,0,0
735957,426,0,5779,-8019,1,0,1
735958,65535,255,3613,-8058,0,0,0
735959,604,0,46,-10877,1,0,1
735960,65535,255,3558,9824,0,0,0
735961,65535,255,5754,9793,0,0,0
735962,728,0,6265,-8004,1,0,1
735963,65535,255,4476,-8046,0,0,0
735964,511,0,1355,-8152,1,0,0
735965,65535,255,2514,9806,0,0,0
735966,65535,255,5163,9793,0,0,0
735967,65535,255,6674,9777,0,0,1
735968,734,0,5184,-8052,1,0,1
735969,417,0,2562,-8152,1,0,1
735970,602,0,1304,9828,1,0,0
735971,519,0,4450,9808,1,0,1
735972,65535,255,6259,9791,0,0,0
735973,65535,255,5766,-8002,0,0,0
735974,512,0,3592,-8050,1,0,1
735975,65535,255,30,-14729,0,0,0
735976,496,0,3584,9866,1,0,1
735977,683,0,5768,9824,1,0,1
735978,824,0,6253,-7986,1,0,1
735979,530,0,4452,-8028,1,0,0
735980,65535,255,1321,-8153,0,0,0
735981,65535,255,2544,9831,0,0,0
735982,447,0,5183,9819,1,0,1
735983,65535,255,6666,-7981,0,0,0
735984,786,0,5161,-8026,1,0,1
735985,65535,255,2522,-8128,0,0,0
735986,543,0,1343,9829,1,0,0
735987,682,2,4476,9820,1,0,1
735988,494,2,6273,9806,1,0,1
735989,805,0,5746,-8032,1,0,1
735990,65535,255,3559,-8127,0,0,0
735991,65535,255,40,10442,0,0,0
735992,65535,255,3618,9840,0,0,0
735993,634,0,5788,9823,1,0,1
735994,947,0,6233,-7990,1,0,1
735995,613,0,4422,-8047,1,0,1
735996,504,0,1269,-8180,1,0,1
735997,65535,255,2594,9929,0,0,0
735998,65535,255,5212,9783,0,0,0
735999,65535,255,6646,-7966,0,0,0
736000,315,0,5133,-8063,1,0,1
736001,65535,255,2473,-8013,0,0,0
736002,65535,255,1389,9998,0,0,0
736003,65535,255,4501,9776,0,0,0
736004,1018,0,6285,9783,1,0,1
736005,1002,0,5734,-8002,1,0,1
736006,65535,255,3542,-8076,0,0,0
736007,0,0,0,0,0,0,0
736008,65535,255,3627,9807,0,0,0
736009,364,0,5790,9810,1,0,1
736010,865,0,6234,-7979,1,0,1
736011,84,0,4422,-8034,1,0,1
736012,984,0,1276,-8233,1,0,0
736013,65535,255,2574,9918,0,0,0
736014,65535,255,5198,9783,0,0,0
736015,0,0,0,0,0,0,0
736016,65535,255,5147,-8016,0,0,0
736017,0,0,0,0,0,0,0
736018,65535,255,1360,9904,0,0,0
736019,65535,255,4480,9864,0,0,0
736020,65535,255,6274,9787,0,0,0
736021,65535,255,5743,-8019,0,0,0
736022,65535,255,3560,-8126,0,0,0
736023,65535,255,33,12771,0,0,0
736024,533,0,3606,9869,1,0,0
736025,65535,255,5779,9794,0,0,0
736026,207,0,6241,-8002,1,0,1
736027,65535,255,4436,-8040,0,0,0
736028,65535,255,1293,-7921,0,0,0
736029,65535,255,2564,9794,0,0,0
736030,796,0,5189,9824,1,0,1
736031,65535,255,6660,-8000,0,0,1
736032,65535,255,5153,-8005,0,0,0
736033,65535,255,2513,-8128,0,0,0
736034,65535,255,1344,9979,0,0,0
736035,707,0,4474,9795,1,0,1
736036,65535,255,6270,9787,0,0,0
736037,1687,1,5746,-7993,1,0,0
736038,65535,255,3563,-8092,0,0,0
736039,431,0,28,13314,1,0,0
736040,65535,255,3606,9773,0,0,0
736041,433,0,5777,9811,1,0,1
736042,65535,255,6242,-7996,0,0,0
736043,814,0,4436,-8096,1,0,1
736044,65535,255,1299,-8231,0,0,0
736045,65535,255,2564,9770,0,0,0
736046,65535,255,5190,9830,0,0,0
736047,65535,255,6657,-7958,0,0,0
736048,65535,255,5153,-8031,0,0,0
736049,65535,255,2508,-8039,0,0,0
736050,65535,255,1354,9830,0,0,0
736051,983,0,4481,9777,1,0,1
736052,65535,255,6272,9810,0,0,0
736053,65535,255,5741,-8006,0,0,0
736054,65535,255,3556,-8056,0,0,0
736055,65535,255,54,5651,0,0,0
736056,65535,255,3614,9858,0,0,0
736057,65535,255,5786,9802,0,0,0
736058,65535,255,6236,-8000,0,0,0
736059,65535,255,4425,-8021,0,0,0
736060,526,0,1276,-7997,1,0,0
736061,65535,255,2579,9881,0,0,0
736062,65535,255,5201,9814,0,0,0
736063,65535,255,6651,-7961,0,0,0
736064,774,0,5142,-8047,1,0,1
736065,65535,255,2488,-8103,0,0,0
736066,0,0,0,0,0,0,0
736067,565,0,4494,9846,1,0,1
736068,500,2,6284,9807,1,0,0
736069,509,0,5732,-8010,1,0,1
736070,65535,255,3532,-8041,0,0,0
736071,639,0,75,10620,1,0,0
736072,65535,255,3644,9816,0,0,0
736073,731,0,5802,9790,1,0,1
736074,984,2,6223,-8001,1,0,1
736075,65535,255,4401,-8040,0,0,0
736076,65535,255,1236,-8129,0,0,0
736077,65535,255,2619,9807,0,0,0
736078,65535,255,5226,9794,0,0,0
736079,1066,0,6639,-7986,1,0,1
736080,817,0,5118,-8063,1,0,1
736081,65535,255,2444,-7995,0,0,0
736082,65535,255,1428,9901,0,0,0
736083,65535,255,4528,9833,0,0,0
736084,65535,255,6304,9806,0,0,0
736085,1221,0,5710,-7998,1,0,1
736086,65535,255,3499,-8015,0,0,0
736087,65535,255,116,9220,0,0,0
736088,65535,255,3668,9776,0,0,0
736089,1230,0,5814,9768,1,0,1
736090,65535,255,6217,-8001,0,0,0
736091,764,0,4398,-8084,1,0,1
736092,65535,255,1231,-7886,0,0,0
736093,830,0,2618,9869,1,0,0
736094,887,0,5220,9814,1,0,1
736095,1345,0,6644,-7965,1,0,1
736096,1015,0,5130,-8067,1,0,1
736097,65535,255,2471,-8104,0,0,0
736098,65535,255,1394,9855,0,0,0
736099,0,0,0,0,0,0,0
736100,65535,255,6288,9796,0,0,0
736101,65535,255,5731,-8002,0,0,0
736102,65535,255,3537,-8049,0,0,0
736103,65535,255,67,11745,0,0,0
736104,676,0,3631,9850,1,0,1
736105,0,0,0,0,0,0,0
736106,1190,0,6234,-8019,1,0,1
736107,65535,255,4425,-8096,0,0,0
736108,0,0,0,0,0,0,0
736109,700,2,2584,9758,1,0,0
736110,65535,255,5203,9784,0,0,0
736111,65535,255,6657,-8003,0,0,0
736112,65535,255,5150,-8056,0,0,0
736113,0,0,0,0,0,0,0
736114,65535,255,1360,9928,0,0,0
736115,560,0,4480,9846,1,0,1
736116,65535,255,6277,9762,0,0,0
736117,0,0,0,0,0,0,0
736118,0,0,0,0,0,0,0
736119,65535,255,28,9557,0,0,0
736120,325,0,3610,9825,1,0,1
736121,65535,255,5780,9812,0,0,0
736122,65535,255,6245,-8026,0,0,0
736123,65535,255,4440,-8056,0,0,0
736124,65535,255,1304,-8075,0,0,0
736125,0,0,0,0,0,0,0
736126,564,0,5186,9810,1,0,0
736127,65535,255,6664,-7977,0,0,1
736128,65535,255,5161,-8025,0,0,1
736129,65535,255,2528,-8127,0,0,0
736130,0,0,0,0,0,0,0
736131,65535,255,4467,9834,0,0,1
736132,65535,255,6266,9791,0,0,0
736133,65535,255,5755,-8044,0,0,0
736134,65535,255,3575,-8023,0,0,0
736135,623,2,28,17780,1,0,0
736136,65535,255,3589,9884,0,0,0
736137,65535,255,5771,9782,0,0,0
736138,65535,255,6250,-8007,0,0,0
736139,65535,255,4452,-8083,0,0,0
736140,550,2,1321,-8050,1,0,0
736141,65535,255,2540,9820,0,0,0
736142,65535,255,5176,9820,0,0,1
736143,65535,255,6668,-7990,0,0,0
736144,65535,255,5167,-8050,0,0,0
736145,65535,255,2532,-8013,0,0,0
736146,65535,255,1322,9653,0,0,0
736147,335,0,4457,9796,1,0,1
736148,65535,255,6260,9800,0,0,0
736149,65535,255,5758,-8030,0,0,0
736150,437,0,3584,-8006,1,0,0
736151,65535,255,28,-15804,0,0,1
736152,529,0,3580,9893,1,0,1
736153,747,0,5765,9791,1,0,1
736154,243,0,6252,-8022,1,0,0
736155,65535,255,4453,-8013,0,0,0
736156,65535,255,1327,-8202,0,0,0
736157,660,2,2529,9908,1,0,0
736158,65535,255,5173,9785,0,0,0
736159,65535,255,6667,-7970,0,0,0
736160,419,2,5170,-8030,1,0,1
736161,65535,255,2542,-8164,0,0,0
736162,838,0,1315,10008,1,0,0
736163,370,2,4454,9790,1,0,1
736164,65535,255,6259,9804,0,0,0
736165,65535,255,5761,-8039,0,0,0
736166,65535,255,3584,-8040,0,0,0
736167,273,2,42,823,1,0,1
736168,493,2,3581,9808,1,0,1
736169,65535,255,5765,9821,0,0,0
736170,1420,0,6250,-7996,1,0,1
736171,298,2,4456,-8076,1,0,0
736172,65535,255,1327,-8075,0,0,0
736173,65535,255,2535,9857,0,0,0
736174,65535,255,5175,9774,0,0,0
736175,65535,255,6667,-7967,0,0,1
736176,1067,0,5168,-8025,1,0,1
736177,796,0,2536,-8106,1,0,0
736178,579,0,1324,9756,1,0,0
736179,65535,255,4457,9809,0,0,0
736180,65535,255,6261,9788,0,0,0
736181,65535,255,5756,-7996,0,0,0
736182,65535,255,3580,-8091,0,0,0
736183,516,0,4,-16186,1,0,1
736184,197,2,3584,9876,1,0,1
736185,65535,255,5769,9795,0,0,0
736186,1011,2,6248,-7977,1,0,1
736187,65535,255,4449,-8051,0,0,0
736188,65535,255,1315,-8024,0,0,0
736189,661,0,2545,9845,1,0,0
736190,65535,255,5181,9769,0,0,0
736191,65535,255,6664,-7970,0,0,0
736192,65535,255,5164,-8035,0,0,0
736193,65535,255,2527,-8026,0,0,0
736194,335,2,1337,9758,1,0,1
736195,96,2,4467,9847,1,0,1
736196,128,2,6268,9785,1,0,1
736197,65535,255,5753,-8030,0,0,0
736198,65535,255,3571,-8040,0,0,0
736199,440,0,30,4324,1,0,0
736200,780,0,3601,9850,1,0,1
736201,65535,255,5778,9786,0,0,0
736202,1081,0,6243,-8000,1,0,1
736203,369,0,4439,-8051,1,0,0
736204,560,0,1299,-8050,1,0,0
736205,646,0,2564,9870,1,0,1
736206,975,0,5192,9790,1,0,1
736207,65535,255,6659,-7983,0,0,1
736208,65535,255,5155,-8066,0,0,0
736209,227,0,2507,-8114,1,0,1
736210,586,0,1355,9978,1,0,0
736211,65535,255,4484,9809,0,0,0
736212,508,0,6277,9770,1,0,1
736213,65535,255,5742,-8018,0,0,0
736214,287,0,3554,-8023,1,0,1
736215,463,2,56,6518,1,0,1
736216,926,0,3623,9850,1,0,0
736217,473,2,5790,9791,1,0,1
736218,1161,0,6234,-7984,1,0,1
736219,65535,255,4425,-8077,0,0,0
736220,65535,255,1270,-8180,0,0,0
736221,439,0,2589,9759,1,0,1
736222,65535,255,5206,9831,0,0,0
736223,65535,255,6651,-7964,0,0,0
736224,65535,255,5138,-8041,0,0,0
736225,409,2,2483,-8064,1,0,1
736226,65535,255,1388,9903,0,0,0
736227,617,0,4504,9796,1,0,1
736228,973,0,6289,9770,1,0,1
736229,304,0,5731,-8023,1,0,1
736230,444,2,3528,-8040,1,0,0
736231,577,0,84,8170,1,0,0
736232,65535,255,3644,9799,0,0,0
736233,146,2,5800,9798,1,0,1
736234,241,0,6229,-8020,1,0,0
736235,30,2,4415,-8097,1,0,1
736236,65535,255,1258,-8075,0,0,0
736237,545,0,2599,9807,1,0,0
736238,65535,255,5209,9814,0,0,0
736239,1234,0,6650,-7978,1,0,1
736240,716,0,5141,-8031,1,0,1
736241,65535,255,2488,-8141,0,0,0
736242,588,0,1377,9902,1,0,0
736243,506,0,4494,9852,1,0,1
736244,159,0,6283,9773,1,0,0
736245,65535,255,5738,-7993,0,0,0
736246,782,0,3545,-8058,1,0,1
736247,65535,255,63,6381,0,0,0
736248,697,0,3623,9799,1,0,1
736249,944,0,5788,9807,1,0,1
736250,1134,0,6235,-7999,1,0,1
736251,65535,255,4425,-8027,0,0,0
736252,65535,255,1281,-8231,0,0,0
736253,386,2,2574,9906,1,0,1
736254,65535,255,5198,9784,0,0,0
736255,65535,255,6655,-7965,0,0,0
736256,123,2,5150,-8016,1,0,1
736257,65535,255,2503,-8128,0,0,0
736258,65535,255,1360,9905,0,0,0
736259,65535,255,4481,9859,0,0,0
736260,65535,255,6274,9784,0,0,0
736261,416,0,5743,-8019,1,0,1
736262,533,0,3559,-8117,1,0,1
736263,262,0,38,12346,1,0,0
736264,734,0,3610,9883,1,0,1
736265,65535,255,5784,9790,0,0,0
736266,1117,0,6239,-8026,1,0,1
736267,333,0,4432,-8026,1,0,1
736268,395,0,1292,-8227,1,0,0
736269,65535,255,2570,9758,0,0,0
736270,65535,255,5193,9810,0,0,0
736271,65535,255,6658,-7990,0,0,0
736272,65535,255,5153,-8061,0,0,0
736273,624,0,2508,-8076,1,0,0
736274,513,2,1355,9831,1,0,0
736275,220,0,4478,9808,1,0,1
736276,717,0,6271,9796,1,0,0
736277,121,0,5746,-8005,1,0,1
736278,65535,255,3563,-8057,0,0,0
736279,65535,255,37,16142,0,0,0
736280,65535,255,3598,9867,0,0,0
736281,677,0,5772,9812,1,0,1
736282,849,0,6244,-7984,1,0,1
736283,65535,255,4442,-8019,0,0,0
736284,737,0,1310,-8126,1,0,0
736285,672,0,2544,9820,1,0,0
736286,502,0,5179,9810,1,0,0
736287,65535,255,6664,-7973,0,0,1
736288,1039,0,5165,-8009,1,0,1
736289,65535,255,2532,-8088,0,0,0
736290,65535,255,1321,9754,0,0,0
736291,65535,255,4458,9803,0,0,0
736292,65535,255,6259,9796,0,0,0
736293,200,0,5759,-8017,1,0,1
736294,902,0,3584,-8091,1,0,1
736295,65535,255,20,-961,0,0,0
736296,794,0,3581,9808,1,0,1
736297,727,0,5762,9808,1,0,1
736298,587,0,6253,-8002,1,0,1
736299,65535,255,4456,-8013,0,0,0
736300,65535,255,1332,-8125,0,0,0
736301,65535,255,2525,9845,0,0,0
736302,65535,255,5167,9831,0,0,0
736303,65535,255,6671,-7992,0,0,0
736304,65535,255,5176,-8055,0,0,0
736305,65535,255,2548,-8013,0,0,0
736306,65535,255,1304,10035,0,0,0
736307,65535,255,4447,9784,0,0,0
736308,594,0,6254,9793,1,0,1
736309,339,0,5765,-8021,1,0,1
736310,661,0,3597,-8115,1,0,1
736311,516,0,24,-9068,1,0,0
736312,65535,255,3568,9851,0,0,0
736313,360,0,5760,9770,1,0,1
736314,239,0,6258,-8002,1,0,1
736315,711,0,4465,-8075,1,0,1
736316,65535,255,1343,-8025,0,0,0
736317,909,0,2520,9808,1,0,0
736318,531,0,5164,9826,1,0,0
736319,0,0,0,0,0,0,0
736320,65535,255,5182,-8065,0,0,0
736321,526,0,2557,-8063,1,0,0
736322,65535,255,1304,9779,0,0,0
736323,65535,255,4447,9829,0,0,0
736324,65535,255,6256,9767,0,0,0
736325,65535,255,5767,-8000,0,0,0
736326,65535,255,3601,-8089,0,0,0
736327,65535,255,24,-6325,0,0,0
736328,682,0,3572,9860,1,0,1
736329,695,0,5761,9779,1,0,1
736330,537,0,6259,-8017,1,0,1
736331,329,0,4462,-8013,1,0,1
736332,65535,255,1344,-8224,0,0,0
736333,65535,255,2521,9888,0,0,0
736334,65535,255,5169,9806,0,0,0
736335,65535,255,6674,-7985,0,0,0
736336,65535,255,5178,-8060,0,0,0
736337,65535,255,2547,-8063,0,0,0
736338,65535,255,1309,9831,0,0,0
736339,65535,255,4453,9848,0,0,0
736340,820,0,6259,9786,1,0,1
736341,696,0,5764,-8025,1,0,1
736342,65535,255,3588,-8013,0,0,1
736343,592,0,48,183,1,0,0
736344,65535,255,3585,9809,0,0,0
736345,556,0,5768,9826,1,0,1
736346,839,0,6254,-8006,1,0,1
736347,65535,255,4457,-8066,0,0,0
736348,428,0,1327,-8225,1,0,0
736349,643,0,2544,9746,1,0,0
736350,65535,255,5180,9816,0,0,0
736351,65535,255,6669,-7995,0,0,0
736352,664,0,5167,-8003,1,0,1
736353,65535,255,2532,-8138,0,0,0
736354,341,0,1326,10008,1,0,0
736355,570,0,4467,9804,1,0,1
736356,520,0,6268,9780,1,0,1
736357,326,0,5755,-8004,1,0,1
736358,65535,255,3575,-8115,0,0,1
736359,65535,255,32,15671,0,0,0
736360,65535,255,3605,9800,0,0,1
736361,295,0,5777,9826,1,0,1
736362,465,0,6246,-8010,1,0,1
736363,643,0,4438,-8019,1,0,1
736364,549,0,1293,-7919,1,0,0
736365,479,0,2564,9809,1,0,1
736366,332,0,5192,9847,1,0,1
736367,65535,255,6660,-7969,0,0,0
736368,65535,255,5152,-8044,0,0,0
736369,609,0,2502,-8062,1,0,0
736370,603,0,1360,9881,1,0,0
736371,615,0,4488,9785,1,0,1
736372,457,2,6278,9813,1,0,1
736373,680,0,5740,-8000,1,0,1
736374,65535,255,3550,-8124,0,0,0
736375,65535,255,72,7355,0,0,0
736376,65535,255,3627,9826,0,0,0
736377,472,0,5793,9778,1,0,1
736378,563,0,6231,-7976,1,0,1
736379,686,0,4415,-8070,1,0,1
736380,559,0,1259,-8153,1,0,0
736381,705,0,2597,9809,1,0,0
736382,65535,255,5212,9826,0,0,0
736383,65535,255,6646,-7960,0,0,0
736384,717,0,5130,-8040,1,0,1
736385,65535,255,2468,-8037,0,0,0
736386,65535,255,1406,9738,0,0,0
736387,482,0,4508,9822,1,0,1
736388,65535,255,6291,9772,0,0,0
736389,642,0,5722,-7991,1,0,1
736390,65535,255,3520,-8065,0,0,0
736391,527,0,89,8637,1,0,0
736392,684,0,3648,9834,1,0,1
736393,1024,0,5804,9789,1,0,1
736394,776,0,6220,-8007,1,0,1
736395,65535,255,4398,-8089,0,0,0
736396,65535,255,1231,-8127,0,0,0
736397,65535,255,2618,9882,0,0,0
736398,65535,255,5224,9780,0,0,0
736399,65535,255,6638,-7970,0,0,0
736400,65535,255,5119,-8030,0,0,0
736401,65535,255,2449,-7985,0,0,0
736402,65535,255,1423,9669,0,0,0
736403,65535,255,4521,9810,0,0,0
736404,65535,255,6297,9798,0,0,0
736405,1038,0,5713,-7996,1,0,1
736406,65535,255,3503,-8091,0,0,0
736407,0,0,0,0,0,0,0
736408,65535,255,3664,9874,0,0,0
736409,948,0,5813,9791,1,0,1
736410,65535,255,6208,-7977,0,0,0
736411,65535,255,4378,-8044,0,0,0
736412,583,0,1203,-7989,1,0,0
736413,65535,255,2643,9821,0,0,0
736414,65535,255,5236,9821,0,0,0
736415,1071,0,6631,-7981,1,0,1
736416,65535,255,5108,-8030,0,0,0
736417,65535,255,2434,-8036,0,0,0
736418,65535,255,1428,9880,0,0,0
736419,65535,255,4522,9791,0,0,0
736420,65535,255,6297,9767,0,0,0
736421,65535,255,5715,-8017,0,0,0
736422,65535,255,3508,-8030,0,0,0
736423,65535,255,99,9102,0,0,0
736424,672,2,3652,9891,1,0,1
736425,719,0,5803,9817,1,0,1
736426,65535,255,6218,-8010,0,0,0
736427,979,2,4398,-8031,1,0,1
736428,65535,255,1236,-8045,0,0,0
736429,65535,255,2609,9907,0,0,0
736430,65535,255,5216,9816,0,0,0
736431,65535,255,6642,-7963,0,0,0
736432,895,2,5130,-8039,1,0,1
736433,65535,255,2473,-8075,0,0,0
736434,670,0,1389,9976,1,0,1
736435,65535,255,4498,9829,0,0,0
736436,65535,255,6285,9790,0,0,0
736437,65535,255,5730,-8028,0,0,0
736438,513,0,3537,-8115,1,0,0
736439,65535,255,76,6524,0,0,0
736440,1122,0,3632,9785,1,0,1
736441,1241,0,5794,9771,1,0,1
736442,1122,0,6230,-7976,1,0,1
736443,565,0,4422,-8081,1,0,1
736444,1034,0,1271,-8257,1,0,0
736445,678,0,2584,9834,1,0,0
736446,65535,255,5201,9796,0,0,0
736447,65535,255,6653,-7998,0,0,0
736448,1432,1,5144,-8028,1,0,1
736449,65535,255,2496,-8082,0,0,0
736450,65535,255,1361,10004,0,0,0
736451,719,0,4484,9842,1,0,1
736452,65535,255,6276,9802,0,0,0
736453,65535,255,5743,-8003,0,0,0
736454,65535,255,3554,-8030,0,0,0
736455,65535,255,35,9586,0,0,0
736456,65535,255,3614,9801,0,0,0
736457,65535,255,5783,9784,0,0,0
736458,1408,2,6239,-7990,1,0,1
736459,767,2,4435,-8012,1,0,0
736460,65535,255,1292,-8021,0,0,0
736461,65535,255,2564,9934,0,0,0
736462,541,2,5189,9843,1,0,1
736463,0,0,0,0,0,0,0
736464,65535,255,5155,-8013,0,0,0
736465,65535,255,2517,-8049,0,0,0
736466,65535,255,1343,9981,0,0,0
736467,65535,255,4474,9842,0,0,0
736468,0,0,0,0,0,0,0
736469,65535,255,5750,-8016,0,0,0
736470,1244,0,3566,-8064,1,0,1
736471,65535,255,37,16125,0,0,0
736472,775,0,3601,9852,1,0,1
736473,65535,255,5778,9814,0,0,0
736474,65535,255,6246,-8024,0,0,0
736475,65535,255,4445,-8081,0,0,0
736476,65535,255,1304,-7920,0,0,0
736477,555,0,2554,9897,1,0,0
736478,1171,1,5186,9833,1,0,1
736479,65535,255,6663,-7981,0,0,0
736480,827,0,5161,-8018,1,0,1
736481,65535,255,2522,-8074,0,0,0
736482,65535,255,1339,9684,0,0,0
736483,65535,255,4471,9773,0,0,0
736484,869,2,6270,9772,1,0,0
736485,944,2,5755,-8046,1,0,1
736486,828,0,3573,-8078,1,0,1
736487,65535,255,18,7445,0,0,0
736488,602,0,3601,9810,1,0,0
736489,65535,255,5775,9797,0,0,0
736490,0,0,0,0,0,0,0
736491,0,0,0,0,0,0,0
736492,65535,255,1310,-8276,0,0,0
736493,0,0,0,0,0,0,0
736494,65535,255,5183,9833,0,0,0
736495,0,0,0,0,0,0,0
736496,65535,255,5161,-8023,0,0,0
736497,568,0,2527,-8099,1,0,0
736498,65535,255,1338,9758,0,0,0
736499,65535,255,4470,9799,0,0,0
736500,292,0,6268,9791,1,0,1
736501,65535,255,5752,-8003,0,0,0
736502,65535,255,3571,-8054,0,0,0
736503,536,0,40,17283,1,0,0
736504,65535,255,3597,9878,0,0,0
736505,65535,255,5776,9784,0,0,0
736506,65535,255,6245,-7989,0,0,0
736507,1044,0,4442,-8030,1,0,1
736508,528,0,1309,-8175,1,0,0
736509,918,0,2554,9847,1,0,0
736510,486,0,5184,9822,1,0,1
736511,65535,255,6663,-7981,0,0,1
736512,596,0,5159,-8028,1,0,1
736513,65535,255,2522,-8112,0,0,0
736514,1094,0,1344,9783,1,0,0
736515,65535,255,4470,9811,0,0,0
736516,65535,255,6270,9799,0,0,0
736517,1014,0,5748,-8020,1,0,1
736518,450,0,3567,-8097,1,0,1
736519,65535,255,34,5139,0,0,0
736520,1078,0,3606,9793,1,0,1
736521,65535,255,5777,9797,0,0,0
736522,65535,255,6241,-8016,0,0,0
736523,65535,255,4439,-8087,0,0,0
736524,65535,255,1293,-7996,0,0,0
736525,65535,255,2565,9773,0,0,0
736526,65535,255,5190,9797,0,0,0
736527,65535,255,6657,-7965,0,0,1
736528,65535,255,5151,-8008,0,0,0
736529,508,0,2507,-8074,1,0,1
736530,65535,255,1355,9733,0,0,0
736531,65535,255,4478,9805,0,0,0
736532,450,0,6273,9798,1,0,1
736533,65535,255,5744,-8020,0,0,0
736534,65535,255,3555,-8106,0,0,0
736535,65535,255,42,8056,0,0,0
736536,789,0,3614,9819,1,0,0
736537,65535,255,5781,9814,0,0,0
736538,70,2,6236,-7975,1,0,1
736539,329,0,4425,-8024,1,0,0
736540,460,2,1282,-8176,1,0,1
736541,65535,255,2574,9859,0,0,0
736542,296,2,5196,9838,1,0,0
736543,65535,255,6654,-7994,0,0,1
736544,750,0,5144,-8054,1,0,1
736545,213,2,2493,-8010,1,0,1
736546,65535,255,1366,10004,0,0,0
736547,652,2,4489,9774,1,0,1
736548,588,0,6279,9787,1,0,1
736549,65535,255,5734,-8007,0,0,0
736550,211,2,3542,-8081,1,0,1
736551,615,0,63,7545,1,0,1
736552,928,2,3627,9810,1,0,0
736553,65535,255,5791,9814,0,0,0
736554,615,0,6227,-7979,1,0,1
736555,486,0,4415,-8031,1,0,1
736556,418,0,1259,-7940,1,0,1
736557,65535,255,2594,9761,0,0,0
736558,691,0,5207,9797,1,0,1
736559,626,0,6646,-7972,1,0,1
736560,198,0,5133,-8023,1,0,1
736561,65535,255,2478,-8151,0,0,0
736562,65535,255,1394,9905,0,0,0
736563,65535,255,4501,9855,0,0,0
736564,299,0,6288,9779,1,0,1
736565,264,0,5726,-8003,1,0,1
736566,998,0,3524,-8081,1,0,1
736567,351,0,83,8549,1,0,1
736568,65535,255,3648,9827,0,0,0
736569,65535,255,5801,9822,0,0,0
736570,65535,255,6219,-7994,0,0,0
736571,443,2,4398,-8062,1,0,1
736572,770,0,1231,-7963,1,0,0
736573,65535,255,2619,9786,0,0,0
736574,65535,255,5224,9812,0,0,0
736575,65535,255,6639,-7985,0,0,0
736576,380,0,5119,-8049,1,0,1
736577,520,2,2448,-8010,1,0,1
736578,65535,255,1429,9694,0,0,0
736579,65535,255,4522,9805,0,0,0
736580,65535,255,6298,9810,0,0,1
736581,65535,255,5715,-8043,0,0,0
736582,65535,255,3499,-8038,0,0,0
736583,65535,255,128,7966,0,0,0
736584,65535,255,3672,9803,0,0,0
736585,65535,255,5817,9814,0,0,0
736586,65535,255,6208,-7991,0,0,0
736587,65535,255,4377,-8018,0,0,0
736588,65535,255,1208,-8236,0,0,0
736589,65535,255,2633,9920,0,0,0
736590,65535,255,5234,9791,0,0,0
736591,225,0,6637,-7972,1,0,0
736592,221,0,5118,-8029,1,0,1
736593,635,0,2449,-8049,1,0,1
736594,476,0,1412,10023,1,0,0
736595,65535,255,4515,9799,0,0,0
736596,65535,255,6293,9806,0,0,1
736597,65535,255,5726,-8042,0,0,0
736598,65535,255,3524,-8046,0,0,0
736599,65535,255,89,7448,0,0,0
736600,1302,0,3644,9819,1,0,1
736601,509,0,5797,9827,1,0,1
736602,65535,255,6229,-8001,0,0,0
736603,924,0,4418,-8095,1,0,1
736604,65535,255,1266,-8014,0,0,0
736605,888,0,2589,9833,1,0,1
736606,65535,255,5206,9790,0,0,0
736607,65535,255,6655,-7993,0,0,1
736608,87,2,5146,-8014,1,0,0
736609,682,0,2497,-8025,1,0,0
736610,65535,255,1360,9880,0,0,0
736611,65535,255,4484,9803,0,0,0
736612,65535,255,6276,9774,0,0,0
736613,65535,255,5747,-8035,0,0,0
736614,546,0,3562,-8082,1,0,0
736615,65535,255,40,15443,0,0,0
736616,958,0,3606,9834,1,0,1
736617,888,0,5778,9796,1,0,1
736618,65535,255,6246,-7999,0,0,0
736619,65535,255,4445,-8025,0,0,0
736620,65535,255,1310,-8024,0,0,0
736621,726,0,2545,9921,1,0,0
736622,65535,255,5181,9832,0,0,0
736623,65535,255,6667,-7972,0,0,1
736624,997,0,5170,-8070,1,0,1
736625,65535,255,2539,-8090,0,0,0
736626,396,0,1321,9830,1,0,0
736627,547,0,4457,9797,1,0,1
736628,65535,255,6262,9778,0,0,0
736629,65535,255,5765,-8042,0,0,0
736630,65535,255,3593,-8106,0,0,0
736631,65535,255,38,-925,0,0,0
736632,622,0,3572,9877,1,0,1
736633,816,0,5760,9822,1,0,1
736634,65535,255,6258,-8001,0,0,0
736635,65535,255,4466,-8081,0,0,0
736636,65535,255,1344,-7936,0,0,0
736637,1172,0,2515,9872,1,0,0
736638,65535,255,5161,9817,0,0,0
736639,65535,255,6672,9793,0,0,1
736640,65535,255,5184,-8069,0,0,0
736641,163,0,2562,-8000,1,0,0
736642,594,0,1287,9883,1,0,0
736643,835,0,4437,9817,1,0,1
736644,65535,255,6249,9794,0,0,0
736645,568,0,5772,-8003,1,0,0
736646,65535,255,3610,-8038,0,0,0
736647,65535,255,48,-9312,0,0,0
736648,65535,255,3555,9827,0,0,0
736649,65535,255,5748,9801,0,0,0
736650,815,0,6266,-8012,1,0,1
736651,1176,1,4479,-8061,1,0,1
736652,659,0,1372,-8245,1,0,0
736653,65535,255,2495,9860,0,0,0
736654,65535,255,5150,9817,0,0,0
736655,65535,255,6663,9797,0,0,1
736656,65535,255,5193,-8002,0,0,0
736657,65535,255,2582,-8037,0,0,0
736658,65535,255,1265,10015,0,0,0
736659,65535,255,4424,9855,0,0,0
736660,65535,255,6240,9779,0,0,0
736661,65535,255,5782,-8037,0,0,0
736662,542,0,3626,-8112,1,0,1
736663,65535,255,61,-6300,0,0,0
736664,892,0,3543,9793,1,0,1
736665,1042,0,5741,9789,1,0,1
736666,65535,255,6272,-8004,0,0,0
736667,65535,255,4489,-8055,0,0,0
736668,65535,255,1383,-8243,0,0,0
736669,65535,255,2480,9873,0,0,0
736670,899,0,5142,9828,1,0,1
736671,65535,255,6660,9772,0,0,1
736672,825,0,5199,-8022,1,0,0
736673,65535,255,2591,-8099,0,0,0
736674,823,0,1259,9751,1,0,0
736675,65535,255,4417,9799,0,0,0
736676,65535,255,6237,9791,0,0,0
736677,65535,255,5785,-8006,0,0,0
736678,65535,255,3630,-8062,0,0,0
736679,65535,255,80,-4431,0,0,0
736680,65535,255,3534,9888,0,0,0
736681,981,0,5741,9776,1,0,1
736682,190,2,6274,-7996,1,0,1
736683,649,0,4493,-8048,1,0,1
736684,655,0,1389,-8242,1,0,0
736685,255,0,2480,9835,1,0,1
736686,65535,255,5141,9818,0,0,0
736687,65535,255,6658,9802,0,0,0
736688,618,0,5202,-8022,1,0,1
736689,65535,255,2596,-8110,0,0,0
736690,571,0,1259,9804,1,0,0
736691,217,2,4417,9818,1,0,0
736692,65535,255,6239,9803,0,0,0
736693,266,2,5786,-8027,1,0,1
736694,519,0,3630,-8111,1,0,1
736695,0,0,0,0,0,0,0
736696,451,0,3538,9819,1,0,1
736697,561,0,5740,9811,1,0,1
736698,442,0,6273,-7973,1,0,1
736699,584,0,4489,-8017,1,0,1
736700,65535,255,1383,-8122,0,0,0
736701,967,0,2485,9835,1,0,0
736702,320,0,5147,9828,1,0,0
736703,65535,255,6663,9759,0,0,1
736704,65535,255,5198,-8042,0,0,0
736705,687,0,2591,-8160,1,0,1
736706,480,0,1264,9937,1,0,0
736707,65535,255,4423,9850,0,0,0
736708,838,0,6244,9773,1,0,1
736709,897,0,5781,-7989,1,0,1
736710,65535,255,3626,-8046,0,0,0
736711,65535,255,70,-9023,0,0,0
736712,540,0,3549,9815,1,0,0
736713,414,0,5749,9789,1,0,1
736714,409,0,6270,-8011,1,0,1
736715,720,0,4485,-8086,1,0,1
736716,461,0,1371,-8049,1,0,1
736717,65535,255,2495,9809,0,0,0
736718,65535,255,5155,9818,0,0,0
736719,65535,255,6669,9756,0,0,0
736720,65535,255,5192,-8037,0,0,0
736721,513,0,2582,-8172,1,0,1
736722,431,0,1276,9963,1,0,0
736723,661,0,4433,9862,1,0,0
736724,617,0,6249,9780,1,0,1
736725,727,0,5776,-8006,1,0,1
736726,65535,255,3613,-8079,0,0,0
736727,65535,255,43,-4598,0,0,0
736728,65535,255,3563,9819,0,0,0
736729,953,0,5756,9815,1,0,1
736730,680,0,6262,-7985,1,0,1
736731,533,0,4475,-8042,1,0,0
736732,581,0,1351,-8038,1,0,0
736733,721,0,2515,9904,1,0,0
736734,599,0,5167,9792,1,0,1
736735,65535,255,6674,9794,0,0,0
736736,490,0,5181,-8022,1,0,1
736737,65535,255,2557,-8136,0,0,0
736738,65535,255,1303,9910,0,0,0
736739,65535,255,4450,9856,0,0,0
736740,65535,255,6258,9780,0,0,0
736741,828,0,5766,-8006,1,0,1
736742,560,0,3596,-8088,1,0,0
736743,65535,255,18,-3275,0,0,0
736744,0,0,0,0,0,0,0
736745,65535,255,5766,9828,0,0,0
736746,855,0,6254,-7996,1,0,1
736747,467,0,4455,-8067,1,0,1
736748,65535,255,1321,-7997,0,0,0
736749,65535,255,2539,9810,0,0,0
736750,65535,255,5178,9823,0,0,0
736751,65535,255,6667,-7990,0,0,0
736752,65535,255,5166,-8058,0,0,0
736753,65535,255,2527,-8035,0,0,0
736754,65535,255,1333,9733,0,0,0
736755,65535,255,4467,9812,0,0,0
736756,65535,255,6268,9814,0,0,0
736757,65535,255,5751,-8010,0,0,0
736758,65535,255,3567,-8054,0,0,0
736759,0,0,0,0,0,0,0
736760,65535,255,3606,9811,0,0,0
736761,65535,255,5779,9819,0,0,0
736762,65535,255,6241,-7993,0,0,0
736763,725,0,4435,-8068,1,0,1
736764,65535,255,1287,-8020,0,0,0
736765,510,0,2569,9823,1,0,0
736766,743,0,5196,9833,1,0,1
736767,65535,255,6656,-8000,0,0,0
736768,65535,255,5145,-8024,0,0,0
736769,65535,255,2493,-8086,0,0,0
736770,498,0,1372,9858,1,0,0
736771,65535,255,4488,9849,0,0,0
736772,1015,0,6281,9780,1,0,1
736773,909,0,5734,-8016,1,0,1
736774,0,0,0,0,0,0,0
736775,65535,255,67,11726,0,0,0
736776,65535,255,3632,9894,0,0,0
736777,65535,255,5796,9797,0,0,0
736778,65535,255,6223,-7974,0,0,0
736779,65535,255,4405,-8042,0,0,0
736780,65535,255,1242,-7936,0,0,0
736781,65535,255,2609,9798,0,0,0
736782,0,0,0,0,0,0,0
736783,65535,255,6640,-7984,0,0,0
736784,65535,255,5122,-8002,0,0,0
736785,65535,255,2462,-8157,0,0,0
736786,65535,255,1406,9762,0,0,0
736787,65535,255,4505,9862,0,0,0
736788,640,0,6287,9810,1,0,1
736789,0,0,0,0,0,0,0
736790,65535,255,3520,-8011,0,0,0
736791,65535,255,85,8167,0,0,0
736792,65535,255,3640,9876,0,0,0
736793,627,0,5796,9815,1,0,0
736794,65535,255,6224,-8008,0,0,0
736795,65535,255,4405,-8036,0,0,0
736796,65535,255,1247,-8044,0,0,0
736797,65535,255,2599,9921,0,0,0
736798,65535,255,5210,9823,0,0,0
736799,65535,255,6645,-7964,0,0,0
736800,65535,255,5133,-8053,0,0,0
736801,65535,255,2478,-8112,0,0,0
736802,65535,255,1390,9666,0,0,0
736803,657,0,4499,9849,1,0,1
736804,65535,255,6283,9803,0,0,0
736805,65535,255,5729,-7998,0,0,0
736806,65535,255,3533,-8011,0,0,0
736807,65535,255,71,8795,0,0,0
736808,65535,255,3634,9825,0,0,0
736809,604,0,5791,9828,1,0,1
736810,65535,255,6227,-8001,0,0,0
736811,0,0,0,0,0,0,0
736812,65535,255,1264,-8230,0,0,0
736813,555,0,2594,9824,1,0,0
736814,65535,255,5207,9788,0,0,0
736815,65535,255,6650,-7997,0,0,0
736816,65535,255,5136,-8027,0,0,0
736817,65535,255,2482,-8073,0,0,0
736818,65535,255,1384,10003,0,0,0
736819,0,0,0,0,0,0,0
736820,65535,255,6283,9803,0,0,0
736821,65535,255,5731,-8006,0,0,0
736822,1088,0,3537,-8028,1,0,1
736823,65535,255,64,10234,0,0,0
736824,623,0,3632,9803,1,0,1
736825,65535,255,5796,9785,0,0,0
736826,65535,255,6229,-7993,0,0,0
736827,65535,255,4414,-8017,0,0,0
736828,65535,255,1258,-8044,0,0,0
736829,554,0,2589,9934,1,0,1
736830,0,0,0,0,0,0,0
736831,65535,255,6649,-7980,0,0,0
736832,65535,255,5135,-8012,0,0,0
736833,65535,255,2482,-8034,0,0,0
736834,499,0,1383,9955,1,0,0
736835,695,0,4498,9837,1,0,1
736836,65535,255,6286,9803,0,0,0
736837,1034,0,5731,-8011,1,0,1
736838,538,0,3536,-8054,1,0,1
736839,65535,255,73,11596,0,0,0
736840,685,0,3636,9836,1,0,1
736841,65535,255,5798,9807,0,0,0
736842,65535,255,6229,-8015,0,0,0
736843,829,0,4411,-8061,1,0,1
736844,65535,255,1259,-8256,0,0,0
736845,522,0,2599,9860,1,0,1
736846,65535,255,5212,9813,0,0,0
736847,65535,255,6647,-7968,0,0,0
736848,846,2,5133,-8043,1,0,0
736849,65535,255,2472,-8009,0,0,0
736850,65535,255,1395,9930,0,0,0
736851,65535,255,4504,9837,0,0,0
736852,65535,255,6290,9807,0,0,0
736853,1080,0,5728,-8015,1,0,1
736854,610,0,3528,-8071,1,0,0
736855,65535,255,90,12423,0,0,0
736856,360,0,3644,9869,1,0,1
736857,0,0,0,0,0,0,0
736858,65535,255,6222,-7974,0,0,0
736859,65535,255,4403,-8072,0,0,0
736860,65535,255,1236,-8017,0,0,0
736861,65535,255,2613,9759,0,0,0
736862,65535,255,5221,9777,0,0,0
736863,65535,255,6643,-7994,0,0,0
736864,183,0,5127,-8038,1,0,0
736865,65535,255,2458,-8138,0,0,0
736866,65535,255,1411,9811,0,0,0
736867,65535,255,4518,9806,0,0,0
736868,716,2,6296,9792,1,0,1
736869,65535,255,5719,-8002,0,0,0
736870,65535,255,3511,-8045,0,0,0
736871,65535,255,102,11433,0,0,0
736872,65535,255,3660,9861,0,0,0
736873,65535,255,5810,9824,0,0,0
736874,65535,255,6214,-7974,0,0,0
736875,65535,255,4388,-8004,0,0,0
736876,65535,255,1219,-8043,0,0,0
736877,65535,255,2634,9775,0,0,0
736878,65535,255,5230,9787,0,0,0
736879,65535,255,6634,-7968,0,0,0
736880,65535,255,5115,-8059,0,0,0
736881,65535,255,2438,-7982,0,0,0
736882,65535,255,1434,9928,0,0,0
736883,65535,255,4529,9837,0,0,0
736884,200,0,6301,9814,1,0,0
736885,65535,255,5710,-8029,0,0,1
736886,65535,255,3494,-8106,0,0,0
736887,377,0,129,9027,1,0,1
736888,644,0,3676,9796,1,0,1
736889,887,0,5818,9793,1,0,1
736890,1138,0,6207,-8009,1,0,1
736891,740,0,4375,-8068,1,0,1
736892,285,0,1192,-7903,1,0,1
736893,201,0,2649,9908,1,0,1
736894,635,0,5239,9824,1,0,1
736895,65535,255,6627,-7995,0,0,0
736896,571,2,5099,-8023,1,0,1
736897,506,0,2423,-8178,1,0,1
736898,547,0,1446,9970,1,0,0
736899,65535,255,4536,9806,0,0,0
736900,741,0,6303,9810,1,0,1
736901,65535,255,5707,-8028,0,0,0
736902,65535,255,3495,-8062,0,0,1
736903,265,2,123,8995,1,0,1
736904,65535,255,3668,9844,0,0,0
736905,281,2,5813,9776,1,0,1
736906,552,2,6212,-8012,1,0,1
736907,513,0,4385,-8010,1,0,1
736908,489,2,1219,-8233,1,0,1
736909,65535,255,2626,9858,0,0,0
736910,65535,255,5225,9808,0,0,0
736911,153,2,6637,-7984,1,0,1
736912,822,0,5119,-8058,1,0,1
736913,65535,255,2453,-8073,0,0,0
736914,418,0,1411,9834,1,0,1
736915,387,0,4509,9856,1,0,0
736916,65535,255,6292,9788,0,0,0
736917,878,0,5722,-8028,1,0,1
736918,65535,255,3520,-8019,0,0,0
736919,65535,255,99,6990,0,0,0
736920,353,0,3644,9812,1,0,1
736921,65535,255,5796,9828,0,0,0
736922,65535,255,6223,-8004,0,0,0
736923,65535,255,4409,-8099,0,0,0
736924,65535,255,1253,-8177,0,0,0
736925,65535,255,2594,9922,0,0,0
736926,65535,255,5208,9808,0,0,1
736927,1315,0,6647,-7986,1,0,1
736928,65535,255,5136,-8063,0,0,1
736929,65535,255,2483,-8086,0,0,0
736930,436,0,1378,9907,1,0,1
736931,1028,0,4495,9775,1,0,1
736932,498,2,6281,9804,1,0,1
736933,65535,255,5736,-8044,0,0,0
736934,65535,255,3541,-8062,0,0,0
736935,647,0,56,12098,1,0,1
736936,65535,255,3624,9778,0,0,0
736937,493,2,5786,9816,1,0,1
736938,65535,255,6234,-7996,0,0,0
736939,265,0,4425,-8086,1,0,1
736940,437,0,1281,-8174,1,0,1
736941,65535,255,2569,9936,0,0,0
736942,706,0,5195,9809,1,0,1
736943,65535,255,6656,-7992,0,0,1
736944,333,0,5147,-8000,1,0,1
736945,449,0,2507,-8135,1,0,1
736946,65535,255,1355,10007,0,0,0
736947,516,0,4478,9813,1,0,1
736948,857,0,6275,9770,1,0,0
736949,399,0,5746,-8010,1,0,1
736950,65535,255,3558,-8002,0,0,0
736951,0,0,0,0,0,0,0
736952,65535,255,3606,9829,0,0,0
736953,125,0,5781,9777,1,0,0
736954,65535,255,6242,-8020,0,0,0
736955,222,2,4438,-8047,1,0,1
736956,492,0,1298,-8019,1,0,1
736957,692,0,2554,9874,1,0,1
736958,169,2,5187,9794,1,0,1
736959,65535,255,6662,-7985,0,0,1
736960,65535,255,5160,-8048,0,0,0
736961,65535,255,2522,-8135,0,0,0
736962,572,0,1338,9997,1,0,0
736963,65535,255,4471,9826,0,0,0
736964,253,2,6268,9782,1,0,1
736965,65535,255,5752,-8026,0,0,0
736966,603,0,3571,-8044,1,0,1
736967,65535,255,12,9043,0,0,0
736968,65535,255,3593,9808,0,0,0
736969,311,0,5774,9783,1,0,1
736970,65535,255,6250,-7991,0,0,0
736971,799,0,4452,-8013,1,0,1
736972,250,0,1320,-8024,1,0,1
736973,65535,255,2535,9916,0,0,0
736974,65535,255,5175,9842,0,0,0
736975,65535,255,6670,-7982,0,0,0
736976,65535,255,5172,-8014,0,0,0
736977,65535,255,2546,-8050,0,0,0
736978,65535,255,1310,9984,0,0,0
736979,65535,255,4450,9842,0,0,0
736980,65535,255,6258,9809,0,0,0
736981,65535,255,5766,-8016,0,0,0
736982,312,0,3596,-8064,1,0,1
736983,65535,255,40,-13600,0,0,0
736984,877,2,3572,9852,1,0,0
736985,65535,255,5760,9813,0,0,0
736986,65535,255,6262,-8020,0,0,0
736987,623,0,4472,-8081,1,0,1
736988,65535,255,1349,-7926,0,0,0
736989,65535,255,2510,9897,0,0,0
736990,916,0,5161,9832,1,0,1
736991,65535,255,6672,9771,0,0,1
736992,65535,255,5186,-8013,0,0,0
736993,65535,255,2567,-8062,0,0,0
736994,677,0,1285,9808,1,0,0
736995,65535,255,4434,9868,0,0,0
736996,65535,255,6250,9768,0,0,0
736997,65535,255,5776,-8042,0,0,0
736998,699,0,3614,-8122,1,0,1
736999,65535,255,43,-6305,0,0,0
737000,602,0,3555,9801,1,0,1
737001,0,0,0,0,0,0,0
737002,65535,255,6266,-8008,0,0,0
737003,314,0,4482,-8062,1,0,0
737004,616,0,1372,-8269,1,0,0
737005,65535,255,2495,9885,0,0,0
737006,65535,255,5153,9833,0,0,0
737007,65535,255,6667,9758,0,0,0
737008,65535,255,5192,-8027,0,0,0
737009,284,0,2581,-8111,1,0,1
737010,65535,255,1271,9752,0,0,0
737011,661,0,4427,9805,1,0,1
737012,65535,255,6244,9794,0,0,0
737013,65535,255,5779,-8011,0,0,0
737014,65535,255,3622,-8071,0,0,0
737015,65535,255,71,-3845,0,0,0
737016,65535,255,3542,9881,0,0,0
737017,65535,255,5746,9775,0,0,0
737018,1138,0,6269,-7997,1,0,1
737019,65535,255,4486,-8049,0,0,0
737020,65535,255,1377,-8244,0,0,0
737021,0,0,0,0,0,0,0
737022,65535,255,5147,9838,0,0,0
737023,65535,255,6664,9765,0,0,0
737024,65535,255,5196,-8043,0,0,0
737025,306,2,2587,-8160,1,0,0
737026,65535,255,1264,9910,0,0,0
737027,65535,255,4424,9843,0,0,0
737028,1015,0,6243,9764,1,0,1
737029,65535,255,5782,-8045,0,0,0
737030,437,0,3622,-8022,1,0,0
737031,530,0,62,-10128,1,0,0
737032,65535,255,3543,9861,0,0,0
737033,65535,255,5745,9790,0,0,0
737034,65535,255,6267,-7993,0,0,0
737035,705,0,4486,-8048,1,0,1
737036,533,0,1377,-8240,1,0,0
737037,65535,255,2491,9911,0,0,0
737038,65535,255,5150,9771,0,0,0
737039,65535,255,6664,9778,0,0,1
737040,410,0,5193,-8068,1,0,1
737041,496,0,2577,-8049,1,0,1
737042,65535,255,1277,9674,0,0,0
737043,685,0,4427,9792,1,0,1
737044,448,0,6243,9795,1,0,1
737045,65535,255,5777,-8019,0,0,0
737046,65535,255,3618,-8105,0,0,0
737047,65535,255,47,-7205,0,0,0
737048,633,0,3551,9836,1,0,1
737049,65535,255,5748,9819,0,0,0
737050,65535,255,6265,-7985,0,0,0
737051,65535,255,4479,-8042,0,0,0
737052,65535,255,1366,-8270,0,0,0
737053,65535,255,2500,9924,0,0,0
737054,663,0,5156,9782,1,0,1
737055,65535,255,6667,9785,0,0,1
737056,659,0,5187,-8007,1,0,1
737057,626,0,2567,-8099,1,0,1
737058,803,0,1287,9806,1,0,1
737059,638,0,4437,9830,1,0,1
737060,551,0,6250,9777,1,0,1
737061,593,0,5770,-7991,1,0,1
737062,558,0,3605,-8046,1,0,1
737063,280,0,56,-2215,1,0,1
737064,65535,255,3564,9785,0,0,0
737065,306,0,5756,9802,1,0,1
737066,253,0,6259,-7994,1,0,1
737067,587,0,4465,-8023,1,0,0
737068,65535,255,1349,-8197,0,0,0
737069,65535,255,2520,9898,0,0,0
737070,540,0,5167,9777,1,0,1
737071,65535,255,6673,-7961,0,0,1
737072,735,0,5175,-8012,1,0,1
737073,663,0,2552,-8111,1,0,1
737074,65535,255,1310,9858,0,0,0
737075,623,0,4451,9850,1,0,1
737076,588,2,6259,9776,1,0,1
737077,65535,255,5762,-8006,0,0,0
737078,492,0,3588,-8088,1,0,1
737079,617,0,15,-1563,1,0,0
737080,843,0,3584,9836,1,0,1
737081,759,0,5766,9811,1,0,1
737082,690,0,6252,-8000,1,0,1
737083,65535,255,4452,-8074,0,0,0
737084,387,0,1321,-8048,1,0,0
737085,65535,255,2545,9823,0,0,0
737086,379,2,5181,9833,1,0,1
737087,65535,255,6665,-7997,0,0,1
737088,430,0,5164,-8069,1,0,0
737089,459,0,2527,-8074,1,0,1
737090,65535,255,1338,9907,0,0,0
737091,694,0,4471,9862,1,0,1
737092,761,0,6270,9788,1,0,1
737093,389,0,5750,-8019,1,0,1
737094,65535,255,3566,-8122,0,0,0
737095,451,0,28,13248,1,0,0
737096,519,0,3606,9886,1,0,1
737097,184,0,5783,9793,1,0,1
737098,659,0,6240,-8000,1,0,1
737099,622,0,4431,-8024,1,0,1
737100,65535,255,1287,-8253,0,0,0
737101,65535,255,2578,9780,0,0,0
737102,65535,255,5201,9802,0,0,0
737103,65535,255,6655,-7981,0,0,0
737104,786,0,5147,-8048,1,0,1
737105,65535,255,2495,-8100,0,0,0
737106,65535,255,1372,9992,0,0,0
737107,65535,255,4494,9799,0,0,0
737108,65535,255,6283,9810,0,0,0
737109,65535,255,5734,-8036,0,0,0
737110,386,0,3537,-8055,1,0,1
737111,65535,255,74,7919,0,0,0
737112,65535,255,3640,9836,0,0,0
737113,65535,255,5799,9793,0,0,0
737114,948,0,6226,-8009,1,0,1
737115,65535,255,4408,-8100,0,0,0
737116,65535,255,1242,-8179,0,0,0
737117,65535,255,2608,9908,0,0,0
737118,0,0,0,0,0,0,0
737119,65535,255,6642,-7975,0,0,0
737120,65535,255,5123,-8023,0,0,0
737121,65535,255,2458,-8009,0,0,0
737122,849,0,1412,9810,1,0,0
737123,65535,255,4513,9819,0,0,1
737124,65535,255,6292,9810,0,0,0
737125,65535,255,5723,-7994,0,0,0
737126,597,0,3524,-8123,1,0,0
737127,65535,255,94,6823,0,0,0
737128,65535,255,3644,9835,0,0,0
737129,65535,255,5800,9789,0,0,0
737130,662,0,6225,-7982,1,0,1
737131,620,0,4411,-8080,1,0,1
737132,65535,255,1253,-8204,0,0,0
737133,338,0,2599,9786,1,0,0
737134,895,0,5210,9843,1,0,1
737135,65535,255,6647,-7971,0,0,0
737136,65535,255,5135,-8053,0,0,0
737137,65535,255,2482,-8111,0,0,0
737138,65535,255,1383,10003,0,0,0
737139,605,2,4495,9831,1,0,1
737140,1156,0,6283,9788,1,0,1
737141,904,0,5736,-8041,1,0,1
737142,65535,255,3541,-8088,0,0,0
737143,65535,255,64,12384,0,0,0
737144,65535,255,3628,9811,0,0,0
737145,65535,255,5791,9780,0,0,0
737146,65535,255,6231,-7978,0,0,0
737147,639,0,4422,-8080,1,0,1
737148,529,0,1276,-8228,1,0,0
737149,65535,255,2584,9799,0,0,0
737150,745,0,5201,9772,1,0,0
737151,0,0,0,0,0,0,0
737152,65535,255,5142,-8032,0,0,0
737153,65535,255,2497,-8174,0,0,0
737154,65535,255,1367,9760,0,0,0
737155,65535,255,4485,9862,0,0,0
737156,724,0,6275,9811,1,0,1
737157,65535,255,5739,-8006,0,0,0
737158,65535,255,3550,-8019,0,0,0
737159,65535,255,43,8080,0,0,0
737160,65535,255,3616,9847,0,0,0
737161,1007,2,5782,9824,1,0,1
737162,65535,255,6236,-8019,0,0,0
737163,872,0,4428,-8055,1,0,1
737164,65535,255,1287,-8149,0,0,0
737165,65535,255,2570,9774,0,0,0
737166,65535,255,5193,9834,0,0,0
737167,65535,255,6655,-7980,0,0,0
737168,65535,255,5147,-8001,0,0,0
737169,65535,255,2502,-7996,0,0,0
737170,65535,255,1355,9833,0,0,0
737171,0,0,0,0,0,0,0
737172,796,0,6273,9773,1,0,1
737173,65535,255,5743,-8036,0,0,0
737174,596,0,3554,-8087,1,0,1
737175,65535,255,48,14244,0,0,0
737176,65535,255,3611,9845,0,0,0
737177,65535,255,5782,9802,0,0,0
737178,936,0,6237,-8004,1,0,1
737179,654,0,4428,-8035,1,0,1
737180,65535,255,1287,-8098,0,0,0
737181,647,0,2570,9762,1,0,0
737182,65535,255,5193,9844,0,0,0
737183,65535,255,6656,-7980,0,0,0
737184,65535,255,5147,-8006,0,0,0
737185,493,0,2502,-8022,1,0,1
737186,65535,255,1355,9907,0,0,0
737187,65535,255,4481,9818,0,0,0
737188,65535,255,6275,9788,0,0,0
737189,0,0,0,0,0,0,0
737190,65535,255,3554,-8002,0,0,0
737191,0,0,0,0,0,0,0
737192,931,2,3615,9778,1,0,0
737193,65535,255,5784,9773,0,0,0
737194,151,0,6237,-7984,1,0,1
737195,65535,255,4428,-8004,0,0,0
737196,65535,255,1281,-7992,0,0,0
737197,65535,255,2569,9923,0,0,0
737198,0,0,0,0,0,0,0
737199,65535,255,6655,-7980,0,0,1
737200,65535,255,5147,-8006,0,0,0
737201,1033,0,2497,-8035,1,0,0
737202,65535,255,1361,9956,0,0,0
737203,65535,255,4484,9837,0,0,0
737204,65535,255,6276,9807,0,0,0
737205,65535,255,5740,-8014,0,0,0
737206,65535,255,3549,-8062,0,0,0
737207,0,0,0,0,0,0,0
737208,65535,255,3619,9853,0,0,0
737209,905,0,5788,9815,1,0,1
737210,65535,255,6234,-8022,0,0,0
737211,65535,255,4425,-8080,0,0,0
737212,65535,255,1270,-7914,0,0,0
737213,859,0,2584,9885,1,0,0
737214,65535,255,5204,9829,0,0,0
737215,65535,255,6652,-7977,0,0,0
737216,657,0,5141,-8011,1,0,1
737217,224,0,2487,-8047,1,0,0
737218,65535,255,1378,10003,0,0,0
737219,65535,255,4494,9856,0,0,0
737220,859,0,6282,9792,1,0,1
737221,65535,255,5735,-8036,0,0,0
737222,745,2,3541,-8105,1,0,0
737223,567,2,68,7760,1,0,0
737224,920,0,3636,9778,1,0,1
737225,1042,0,5798,9781,1,0,1
737226,65535,255,6228,-7996,0,0,0
737227,908,0,4411,-8035,1,0,1
737228,0,0,0,0,0,0,0
737229,65535,255,2599,9823,0,0,0
737230,65535,255,5213,9808,0,0,0
737231,0,0,0,0,0,0,0
737232,65535,255,5130,-8028,0,0,0
737233,625,0,2468,-8022,1,0,1
737234,65535,255,1395,9978,0,0,0
737235,65535,255,4508,9856,0,0,0
737236,1257,0,6291,9789,1,0,1
737237,65535,255,5726,-8036,0,0,0
737238,65535,255,3524,-8122,0,0,0
737239,65535,255,88,9013,0,0,0
737240,65535,255,3652,9804,0,0,0
737241,65535,255,5807,9794,0,0,0
737242,0,0,0,0,0,0,0
737243,65535,255,4398,-8067,0,0,0
737244,65535,255,1225,-7879,0,0,0
737245,65535,255,2618,9897,0,0,0
737246,65535,255,5223,9839,0,0,0
737247,65535,255,6640,-7993,0,0,0
737248,65535,255,5118,-8043,0,0,0
737249,65535,255,2448,-8151,0,0,0
737250,65535,255,1423,9835,0,0,0
737251,65535,255,4525,9818,0,0,0
737252,65535,255,6300,9803,0,0,0
737253,65535,255,5714,-8020,0,0,0
737254,65535,255,3502,-8088,0,0,0
737255,65535,255,126,8462,0,0,0
737256,712,2,3672,9780,1,0,0
737257,65535,255,5818,9785,0,0,0
737258,65535,255,6209,-8004,0,0,0
737259,65535,255,4381,-8036,0,0,0
737260,65535,255,1202,-7930,0,0,0
737261,502,2,2639,9823,1,0,0
737262,65535,255,5233,9843,0,0,0
737263,529,0,6634,-7961,1,0,1
737264,397,0,5112,-8027,1,0,1
737265,497,0,2438,-8007,1,0,0
737266,65535,255,1429,9741,0,0,0
737267,65535,255,4522,9837,0,0,0
737268,1122,0,6299,9784,1,0,1
737269,776,0,5714,-8024,1,0,1
737270,65535,255,3507,-8019,0,0,0
737271,65535,255,111,7956,0,0,0
737272,522,0,3656,9836,1,0,1
737273,929,0,5808,9777,1,0,1
737274,807,0,6217,-8019,1,0,1
737275,541,0,4394,-8029,1,0,0
737276,65535,255,1230,-7961,0,0,0
737277,1079,0,2619,9824,1,0,1
737278,1079,0,5219,9811,1,0,1
737279,1287,0,6639,-7968,1,0,1
737280,449,2,5124,-8042,1,0,1
737281,581,0,2458,-8047,1,0,0
737282,636,0,1406,9834,1,0,0
737283,841,0,4505,9862,1,0,0
737284,807,0,6289,9800,1,0,1
737285,1258,0,5724,-8045,1,0,1
737286,65535,255,3524,-8071,0,0,0
737287,425,0,81,10140,1,0,1
737288,670,0,3640,9893,1,0,1
737289,373,0,5799,9811,1,0,1
737290,178,2,6223,-7993,1,0,1
737291,65535,255,4408,-8092,0,0,0
737292,65535,255,1253,-8229,0,0,0
737293,868,0,2599,9762,1,0,0
737294,588,0,5208,9829,1,0,0
737295,65535,255,6644,-7957,0,0,0
737296,65535,255,5133,-8026,0,0,1
737297,65535,255,2473,-8008,0,0,0
737298,65535,255,1389,9785,0,0,0
737299,305,0,4495,9856,1,0,1
737300,1095,0,6283,9800,1,0,1
737301,750,0,5730,-8039,1,0,0
737302,65535,255,3537,-8079,0,0,0
737303,65535,255,65,11228,0,0,0
737304,0,0,0,0,0,0,0
737305,65535,255,5791,9824,0,0,1
737306,65535,255,6229,-8007,0,0,0
737307,65535,255,4415,-8022,0,0,0
737308,309,2,1265,-7938,1,0,1
737309,65535,255,2585,9836,0,0,0
737310,65535,255,5205,9783,0,0,1
737311,65535,255,6649,-7979,0,0,0
737312,65535,255,5141,-8067,0,0,0
737313,65535,255,2487,-8123,0,0,0
737314,65535,255,1373,10028,0,0,0
737315,65535,255,4492,9825,0,0,0
737316,65535,255,6281,9781,0,0,0
737317,65535,255,5736,-8031,0,0,0
737318,1151,0,3541,-8053,1,0,1
737319,65535,255,52,9657,0,0,0
737320,1103,0,3627,9783,1,0,1
737321,65535,255,5789,9820,0,0,1
737322,65535,255,6233,-8011,0,0,0
737323,307,0,4421,-8028,1,0,1
737324,481,0,1270,-7991,1,0,1
737325,65535,255,2580,9873,0,0,0
737326,65535,255,5202,9804,0,0,0
737327,65535,255,6652,-7995,0,0,1
737328,65535,255,5141,-8016,0,0,0
737329,65535,255,2493,-8008,0,0,0
737330,744,0,1372,9810,1,0,1
737331,65535,255,4488,9790,0,0,0
737332,65535,255,6279,9778,0,0,0
737333,193,2,5742,-8048,1,0,1
737334,1028,0,3550,-8016,1,0,1
737335,586,0,41,9625,1,0,0
737336,765,0,3615,9808,1,0,1
737337,65535,255,5784,9795,0,0,0
737338,65535,255,6241,-8007,0,0,0
737339,491,0,4435,-8057,1,0,1
737340,65535,255,1292,-8254,0,0,0
737341,736,0,2565,9870,1,0,1
737342,339,2,5190,9826,1,0,0
737343,65535,255,6660,-7979,0,0,0
737344,65535,255,5155,-8014,0,0,0
737345,65535,255,2517,-8075,0,0,0
737346,65535,255,1350,9682,0,0,0
737347,65535,255,4474,9778,0,0,0
737348,1481,0,6270,9778,1,0,1
737349,65535,255,5752,-8012,0,0,0
737350,65535,255,3571,-8022,0,0,0
737351,65535,255,20,12806,0,0,0
737352,552,0,3597,9842,1,0,1
737353,1365,0,5776,9813,1,0,1
737354,1085,0,6247,-8002,1,0,1
737355,65535,255,4447,-8088,0,0,0
737356,65535,255,1309,-8049,0,0,0
737357,647,0,2550,9784,1,0,0
737358,0,0,0,0,0,0,0
737359,65535,255,6665,-7963,0,0,0
737360,930,0,5166,-8075,1,0,0
737361,633,0,2531,-8037,1,0,0
737362,65535,255,1327,10007,0,0,0
737363,65535,255,4461,9842,0,0,0
737364,1146,0,6264,9805,1,0,0
737365,65535,255,5759,-8008,0,0,0
737366,510,0,3583,-8039,1,0,1
737367,65535,255,11,-14079,0,0,0
737368,351,0,3585,9809,1,0,1
737369,810,2,5767,9792,1,0,1
737370,162,0,6254,-7998,1,0,0
737371,65535,255,4461,-8031,0,0,0
737372,597,2,1337,-8099,1,0,0
737373,65535,255,2525,9771,0,0,0
737374,65535,255,5170,9776,0,0,0
737375,65535,255,6675,-7991,0,0,1
737376,879,0,5178,-8028,1,0,1
737377,380,0,2556,-8087,1,0,1
737378,667,2,1305,9677,1,0,0
737379,1018,0,4444,9861,1,0,1
737380,687,0,6254,9778,1,0,1
737381,65535,255,5771,-8029,0,0,0
737382,65535,255,3604,-8089,0,0,0
737383,587,0,51,-2527,1,0,0
737384,65535,255,3564,9878,0,0,0
737385,65535,255,5755,9827,0,0,0
737386,65535,255,6262,-7974,0,0,0
737387,65535,255,4478,-8099,0,0,0
737388,65535,255,1360,-8000,0,0,0
737389,65535,255,2500,9936,0,0,0
737390,65535,255,5156,9843,0,0,0
737391,65535,255,6669,9761,0,0,0
737392,545,0,5190,-8028,1,0,0
737393,65535,255,2576,-8099,0,0,0
737394,65535,255,1282,9700,0,0,0
737395,635,0,4434,9779,1,0,1
737396,65535,255,6247,9776,0,0,0
737397,65535,255,5779,-8045,0,0,0
737398,693,0,3615,-8044,1,0,1
737399,65535,255,53,-7309,0,0,0
737400,737,2,3551,9801,1,0,1
737401,65535,255,5748,9793,0,0,0
737402,65535,255,6269,-8008,0,0,0
737403,819,0,4482,-8055,1,0,1
737404,65535,255,1378,-8244,0,0,0
737405,65535,255,2490,9873,0,0,0
737406,65535,255,5147,9823,0,0,0
737407,65535,255,6663,9800,0,0,1
737408,65535,255,5193,-8012,0,0,0
737409,778,0,2581,-8074,1,0,1
737410,952,0,1271,9673,1,0,0
737411,65535,255,4424,9779,0,0,0
737412,869,0,6241,9780,1,0,1
737413,65535,255,5781,-7989,0,0,0
737414,65535,255,3622,-8030,0,0,0
737415,451,0,66,-9481,1,0,0
737416,65535,255,3543,9844,0,0,0
737417,690,0,5741,9815,1,0,1
737418,382,0,6270,-7977,1,0,1
737419,541,0,4487,-8044,1,0,1
737420,465,0,1377,-8050,1,0,1
737421,641,0,2486,9771,1,0,0
737422,412,0,5148,9792,1,0,1
737423,65535,255,6663,9784,0,0,1
737424,440,0,5199,-8068,1,0,1
737425,328,0,2587,-8024,1,0,0
737426,65535,255,1260,10016,0,0,0
737427,441,0,4421,9862,1,0,1
737428,686,0,6241,9772,1,0,1
737429,508,0,5781,-8004,1,0,1
737430,626,0,3622,-8022,1,0,1
737431,65535,255,66,-9480,0,0,0
737432,65535,255,3542,9853,0,0,0
737433,580,2,5741,9823,1,0,1
737434,634,0,6269,-7981,1,0,1
737435,417,2,4486,-8023,1,0,0
737436,65535,255,1377,-8147,0,0,0
737437,65535,255,2485,9835,0,0,0
737438,65535,255,5147,9818,0,0,0
737439,65535,255,6662,9801,0,0,1
737440,360,0,5195,-8022,1,0,1
737441,630,0,2586,-8110,1,0,1
737442,65535,255,1271,9805,0,0,0
737443,65535,255,4424,9818,0,0,0
737444,296,0,6243,9803,1,0,1
737445,817,0,5779,-8023,1,0,1
737446,508,0,3622,-8103,1,0,1
737447,398,0,58,-8534,1,0,1
737448,586,0,3547,9837,1,0,0
737449,65535,255,5746,9819,0,0,0
737450,65535,255,6267,-7981,0,0,0
737451,65535,255,4482,-8023,0,0,0
737452,65535,255,1372,-8170,0,0,0
737453,65535,255,2495,9860,0,0,0
737454,800,0,5153,9828,1,0,1
737455,65535,255,6668,9762,0,0,0
737456,65535,255,5192,-8042,0,0,0
737457,65535,255,2577,-8160,0,0,0
737458,65535,255,1276,9989,0,0,0
737459,65535,255,4430,9863,0,0,0
737460,709,0,6249,9776,1,0,1
737461,648,0,5774,-7997,1,0,0
737462,620,2,3613,-8054,1,0,0
737463,65535,255,58,-3496,0,0,0
737464,65535,255,3560,9777,0,0,0
737465,842,0,5755,9789,1,0,1
737466,65535,255,6265,-8015,0,0,0
737467,526,0,4476,-8092,1,0,1
737468,65535,255,1355,-8049,0,0,0
737469,532,2,2510,9810,1,0,0
737470,463,0,5161,9813,1,0,0
737471,65535,255,6672,9780,0,0,1
737472,659,0,5183,-8032,1,0,1
737473,65535,255,2562,-8160,0,0,0
737474,65535,255,1298,9934,0,0,0
737475,551,0,4444,9856,1,0,1
737476,0,0,0,0,0,0,0
737477,65535,255,5766,-7997,0,0,0
737478,646,0,3596,-8062,1,0,1
737479,587,0,40,-1628,1,0,1
737480,616,0,3577,9794,1,0,0
737481,936,0,5765,9802,1,0,1
737482,65535,255,6256,-7995,0,0,0
737483,864,0,4458,-8017,1,0,1
737484,65535,255,1332,-8174,0,0,0
737485,65535,255,2529,9873,0,0,0
737486,65535,255,5172,9834,0,0,0
737487,65535,255,6670,-7984,0,0,1
737488,65535,255,5170,-8041,0,0,0
737489,566,0,2536,-8073,1,0,0
737490,808,0,1327,9758,1,0,0
737491,65535,255,4461,9818,0,0,0
737492,65535,255,6264,9814,0,0,0
737493,65535,255,5757,-8045,0,0,0
737494,802,2,3575,-8028,1,0,0
737495,65535,255,39,-17920,0,0,0
737496,745,0,3598,9769,1,0,1
737497,906,0,5776,9794,1,0,1
737498,691,0,6246,-8023,1,0,1
737499,65535,255,4441,-8017,0,0,0
737500,65535,255,1304,-8174,0,0,0
737501,65535,255,2559,9885,0,0,0
737502,65535,255,5193,9777,0,0,0
737503,65535,255,6660,-7961,0,0,1
737504,875,0,5152,-8007,1,0,1
737505,65535,255,2512,-8098,0,0,0
737506,0,0,0,0,0,0,0
737507,65535,255,4481,9843,0,0,0
737508,65535,255,6276,9773,0,0,0
737509,65535,255,5742,-7998,0,0,0
737510,884,0,3549,-8079,1,0,0
737511,65535,255,48,8262,0,0,0
737512,65535,255,3623,9836,0,0,0
737513,726,0,5789,9827,1,0,1
737514,685,0,6233,-8001,1,0,1
737515,65535,255,4421,-8074,0,0,0
737516,65535,255,1264,-8044,0,0,0
737517,65535,255,2594,9835,0,0,0
737518,0,0,0,0,0,0,0
737519,65535,255,6649,-8000,0,0,0
737520,65535,255,5133,-8028,0,0,0
737521,0,0,0,0,0,0,0
737522,65535,255,1395,9833,0,0,0
737523,0,0,0,0,0,0,0
737524,65535,255,6291,9776,0,0,0
737525,1063,2,5724,-8007,1,0,1
737526,65535,255,3520,-8054,0,0,0
737527,0,0,0,0,0,0,0
737528,65535,255,3644,9868,0,0,0
737529,65535,255,5799,9793,0,0,0
737530,65535,255,6223,-7978,0,0,0
737531,567,0,4408,-8061,1,0,1
737532,0,0,0,0,0,0,0
737533,65535,255,2594,9884,0,0,0
737534,799,0,5210,9792,1,0,1
737535,739,0,6647,-7981,1,0,0
737536,757,0,5138,-8063,1,0,1
737537,65535,255,2483,-8099,0,0,0
737538,65535,255,1378,9931,0,0,0
737539,65535,255,4492,9793,0,0,0
737540,0,0,0,0,0,0,0
737541,831,0,5736,-8002,1,0,1
737542,65535,255,3545,-8122,0,0,0
737543,529,0,60,13856,1,0,0
737544,65535,255,3619,9811,0,0,0
737545,1034,0,5786,9773,1,0,1
737546,65535,255,6235,-8015,0,0,0
737547,65535,255,4425,-8035,0,0,0
737548,65535,255,1281,-7994,0,0,0
737549,65535,255,2569,9848,0,0,0
737550,65535,255,5193,9788,0,0,0
737551,65535,255,6656,-7980,0,0,0
737552,778,0,5153,-8067,1,0,1
737553,65535,255,2507,-8124,0,0,0
737554,65535,255,1350,10006,0,0,0
737555,65535,255,4475,9818,0,0,0
737556,1282,0,6271,9777,1,0,1
737557,65535,255,5748,-8023,0,0,0
737558,786,0,3562,-8036,1,0,1
737559,65535,255,27,6923,0,0,0
737560,65535,255,3598,9879,0,0,0
737561,833,0,5775,9807,1,0,1
737562,65535,255,6243,-7996,0,0,0
737563,65535,255,4440,-8062,0,0,0
737564,65535,255,1309,-8236,0,0,0
737565,65535,255,2550,9811,0,0,0
737566,979,0,5183,9809,1,0,1
737567,65535,255,6663,-7973,0,0,0
737568,65535,255,5161,-8057,0,0,0
737569,65535,255,2527,-8110,0,0,0
737570,65535,255,1327,10010,0,0,0
737571,0,0,0,0,0,0,0
737572,1227,0,6265,9785,1,0,1
737573,65535,255,5755,-8035,0,0,0
737574,486,0,3579,-8070,1,0,1
737575,0,0,0,0,0,0,0
737576,65535,255,3590,9786,0,0,0
737577,0,0,0,0,0,0,0
737578,65535,255,6251,-8018,0,0,0
737579,714,0,4452,-8047,1,0,1
737580,65535,255,1320,-8072,0,0,0
737581,65535,255,2535,9924,0,0,0
737582,65535,255,5176,9819,0,0,0
737583,65535,255,6667,-7957,0,0,1
737584,215,0,5169,-8031,1,0,1
737585,65535,255,2542,-8060,0,0,0
737586,370,0,1315,9935,1,0,0
737587,65535,255,4457,9806,0,0,0
737588,65535,255,6260,9777,0,0,0
737589,789,0,5762,-8031,1,0,1
737590,512,0,3588,-8062,1,0,1
737591,65535,255,15,-12188,0,0,0
737592,65535,255,3581,9795,0,0,0
737593,634,0,5765,9769,1,0,1
737594,475,0,6253,-8001,1,0,0
737595,785,0,4458,-8066,1,0,1
737596,485,0,1332,-8172,1,0,1
737597,406,0,2530,9774,1,0,1
737598,698,0,5170,9845,1,0,1
737599,65535,255,6672,-7976,0,0,0
737600,65535,255,5175,-8067,0,0,0
737601,65535,255,2552,-8147,0,0,0
737602,65535,255,1310,9731,0,0,0
737603,65535,255,4450,9863,0,0,0
737604,250,2,6258,9808,1,0,1
737605,65535,255,5764,-8005,0,0,0
737606,65535,255,3592,-8019,0,0,0
737607,655,0,18,-3237,1,0,0
737608,686,0,3576,9897,1,0,1
737609,65535,255,5762,9824,0,0,0
737610,65535,255,6258,-8018,0,0,0
737611,65535,255,4462,-8053,0,0,0
737612,535,0,1338,-8146,1,0,0
737613,65535,255,2525,9761,0,0,0
737614,65535,255,5169,9845,0,0,0
737615,65535,255,6673,-7976,0,0,0
737616,65535,255,5176,-8022,0,0,0
737617,523,2,2549,-8060,1,0,1
737618,65535,255,1310,9808,0,0,0
737619,65535,255,4450,9781,0,0,0
737620,206,0,6258,9766,1,0,1
737621,355,0,5766,-8026,1,0,1
737622,65535,255,3596,-8061,0,0,0
737623,65535,255,27,-13221,0,0,0
737624,65535,255,3578,9819,0,0,0
737625,354,0,5763,9785,1,0,1
737626,65535,255,6257,-7987,0,0,0
737627,154,2,4461,-8009,1,0,1
737628,306,0,1336,-7969,1,0,1
737629,539,0,2521,9886,1,0,0
737630,559,0,5168,9818,1,0,1
737631,65535,255,6672,-7963,0,0,1
737632,958,0,5177,-8051,1,0,1
737633,527,0,2550,-8134,1,0,1
737634,65535,255,1311,9704,0,0,0
737635,65535,255,4448,9863,0,0,0
737636,65535,255,6256,9806,0,0,0
737637,65535,255,5766,-8018,0,0,1
737638,65535,255,3591,-8053,0,0,1
737639,227,2,22,-12360,1,0,0
737640,65535,255,3578,9811,0,0,1
737641,601,2,5764,9789,1,0,1
737642,65535,255,6255,-7991,0,0,0
737643,65535,255,4461,-8015,0,0,0
737644,310,0,1336,-8019,1,0,1
737645,618,0,2526,9923,1,0,1
737646,65535,255,5171,9834,0,0,0
737647,65535,255,6671,-7972,0,0,1
737648,65535,255,5172,-8028,0,0,1
737649,237,0,2541,-7996,1,0,1
737650,534,0,1311,9855,1,0,1
737651,603,0,4452,9806,1,0,1
737652,65535,255,6258,9781,0,0,0
737653,865,0,5761,-8029,1,0,1
737654,65535,255,3591,-8120,0,0,0
737655,65535,255,32,27,0,0,0
737656,641,0,3577,9887,1,0,1
737657,65535,255,5764,9828,0,0,0
737658,387,0,6250,-7972,1,0,1
737659,65535,255,4457,-8085,0,0,0
737660,65535,255,1326,-7892,0,0,0
737661,182,0,2536,9873,1,0,1
737662,65535,255,5174,9814,0,0,0
737663,65535,255,6666,-7966,0,0,1
737664,828,2,5169,-8061,1,0,1
737665,476,2,2536,-8140,1,0,0
737666,65535,255,1322,9832,0,0,1
737667,852,0,4459,9799,1,0,1
737668,52,2,6262,9782,1,0,1
737669,65535,255,5754,-7987,0,0,0
737670,65535,255,3580,-8053,0,0,0
737671,511,0,15,3471,1,0,1
737672,934,0,3591,9777,1,0,0
737673,900,0,5771,9777,1,0,1
737674,65535,255,6246,-7987,0,0,0
737675,65535,255,4444,-8015,0,0,0
737676,65535,255,1314,-8043,0,0,0
737677,540,0,2551,9748,1,0,1
737678,65535,255,5181,9808,0,0,0
737679,65535,255,6663,-7988,0,0,0
737680,722,0,5160,-8026,1,0,0
737681,65535,255,2521,-8096,0,0,0
737682,65535,255,1340,9682,0,0,0
737683,65535,255,4466,9858,0,0,0
737684,65535,255,6269,9770,0,0,0
737685,376,0,5749,-8039,1,0,1
737686,65535,255,3566,-8111,0,0,0
737687,65535,255,35,5260,0,0,0
737688,65535,255,3604,9777,0,0,0
737689,65535,255,5779,9777,0,0,0
737690,254,0,6240,-7991,1,0,1
737691,65535,255,4434,-8028,0,0,0
737692,323,2,1291,-8120,1,0,1
737693,342,2,2566,9810,1,0,0
737694,65535,255,5192,9798,0,0,0
737695,65535,255,6658,-7960,0,0,0
737696,0,0,0,0,0,0,0
737697,65535,255,2511,-8011,0,0,0
737698,65535,255,1345,9953,0,0,0
737699,65535,255,4472,9847,0,0,0
737700,1046,0,6270,9785,1,0,1
737701,1023,0,5749,-8034,1,0,1
737702,65535,255,3570,-8115,0,0,0
737703,65535,255,28,6889,0,0,0
737704,576,0,3603,9808,1,0,1
737705,851,0,5775,9800,1,0,1
737706,65535,255,6245,-8014,0,0,0
737707,65535,255,4444,-8081,0,0,0
737708,65535,255,1308,-7970,0,0,0
737709,65535,255,2548,9829,0,0,0
737710,65535,255,5186,9780,0,0,0
737711,65535,255,6665,-8001,0,0,0
737712,65535,255,5165,-8060,0,0,0
737713,65535,255,2526,-7999,0,0,0
737714,65535,255,1328,9954,0,0,0
737715,794,0,4462,9854,1,0,1
737716,65535,255,6266,9767,0,0,0
737717,65535,255,5757,-8046,0,0,0
737718,0,0,0,0,0,0,0
737719,65535,255,17,16791,0,0,0
737720,588,0,3589,9860,1,0,1
737721,65535,255,5770,9826,0,0,0
737722,65535,255,6250,-7987,0,0,0
737723,65535,255,4452,-8037,0,0,0
737724,65535,255,1321,-8225,0,0,0
737725,65535,255,2539,9883,0,0,0
737726,848,0,5178,9842,1,0,1
737727,65535,255,6668,-7995,0,0,0
737728,1363,0,5169,-8049,1,0,1
737729,65535,255,2532,-7999,0,0,0
737730,65535,255,1323,9923,0,0,0
737731,706,0,4461,9779,1,0,1
737732,65535,255,6264,9786,0,0,0
737733,65535,255,5759,-8008,0,0,0
737734,424,2,3583,-8081,1,0,1
737735,661,0,31,915,1,0,1
737736,615,0,3589,9800,1,0,1
737737,891,0,5769,9805,1,0,1
737738,65535,255,6251,-7999,0,0,0
737739,817,0,4452,-8012,1,0,0
737740,65535,255,1320,-8148,0,0,0
737741,65535,255,2540,9859,0,0,0
737742,506,0,5179,9837,1,0,1
737743,65535,255,6668,-7994,0,0,0
737744,0,0,0,0,0,0,0
737745,479,0,2532,-8024,1,0,1
737746,65535,255,1327,9665,0,0,0
737747,525,0,4464,9791,1,0,1
737748,1228,0,6264,9794,1,0,1
737749,549,0,5759,-8021,1,0,1
737750,65535,255,3583,-8114,0,0,0
737751,65535,255,7,13143,0,0,0
737752,587,0,3589,9852,1,0,1
737753,654,0,5772,9770,1,0,1
737754,1059,2,6248,-8001,1,0,1
737755,754,0,4448,-8074,1,0,1
737756,520,2,1315,-7998,1,0,1
737757,65535,255,2550,9797,0,0,0
737758,735,0,5181,9817,1,0,1
737759,65535,255,6665,-7985,0,0,1
737760,736,0,5163,-8049,1,0,1
737761,65535,255,2522,-8011,0,0,0
737762,65535,255,1339,9657,0,0,0
737763,65535,255,4471,9798,0,0,0
737764,65535,255,6269,9801,0,0,0
737765,65535,255,5752,-8037,0,0,0
737766,65535,255,3566,-8022,0,0,0
737767,65535,255,37,16132,0,0,0
737768,534,0,3602,9776,1,0,0
737769,65535,255,5777,9796,0,0,0
737770,65535,255,6242,-7995,0,0,0
737771,1058,0,4438,-8025,1,0,1
737772,584,0,1298,-8252,1,0,0
737773,65535,255,2559,9921,0,0,0
737774,65535,255,5190,9791,0,0,0
737775,65535,255,6659,-7972,0,0,1
737776,621,0,5152,-8034,1,0,1
737777,556,0,2511,-8127,1,0,0
737778,599,0,1355,10005,1,0,0
737779,564,0,4481,9792,1,0,0
737780,475,0,6275,9802,1,0,1
737781,408,0,5743,-8037,1,0,1
737782,568,0,3554,-8029,1,0,1
737783,600,0,67,5312,1,0,1
737784,676,0,3620,9793,1,0,1
737785,952,0,5787,9809,1,0,1
737786,593,0,6233,-7986,1,0,1
737787,468,0,4425,-8055,1,0,0
737788,186,0,1270,-7967,1,0,1
737789,847,0,2584,9797,1,0,0
737790,163,0,5202,9827,1,0,1
737791,65535,255,6651,-7995,0,0,0
737792,387,0,5141,-8069,1,0,1
737793,550,0,2482,-8087,1,0,1
737794,65535,255,1384,9832,0,0,0
737795,813,0,4495,9849,1,0,1
737796,65535,255,6285,9783,0,0,0
737797,454,0,5729,-8016,1,0,1
737798,617,0,3533,-8123,1,0,1
737799,496,0,70,9728,1,0,1
737800,552,0,3636,9860,1,0,1
737801,474,0,5799,9784,1,0,1
737802,65535,255,6225,-8022,0,0,0
737803,677,0,4401,-8019,1,0,1
737804,574,0,1242,-8263,1,0,0
737805,765,0,2614,9777,1,0,0
737806,698,0,5219,9807,1,0,1
737807,621,0,6641,-7988,1,0,1
737808,657,0,5121,-8060,1,0,1
737809,857,0,2453,-8062,1,0,1
737810,457,0,1417,9835,1,0,0
737811,638,0,4515,9849,1,0,1
737812,65535,255,6297,9784,0,0,0
737813,65535,255,5714,-8000,0,0,0
737814,573,0,3510,-8094,1,0,1
737815,580,0,110,7976,1,0,1
737816,814,0,3656,9852,1,0,1
737817,679,0,5806,9797,1,0,1
737818,65535,255,6219,-7991,0,0,0
737819,65535,255,4401,-8095,0,0,0
737820,588,0,1242,-8289,1,0,0
737821,538,0,2614,9824,1,0,1
737822,942,0,5219,9777,1,0,1
737823,576,0,6644,-7982,1,0,1
737824,748,0,5129,-8067,1,0,1
737825,65535,255,2473,-8165,0,0,1
737826,851,0,1401,9740,1,0,1
737827,826,0,4502,9856,1,0,1
737828,733,0,6287,9803,1,0,1
737829,65535,255,5729,-7999,0,0,1
737830,548,0,3537,-8132,1,0,1
737831,65535,255,79,7166,0,0,0
737832,65535,255,3632,9862,0,0,0
737833,65535,255,5794,9806,0,0,0
737834,273,0,6228,-7998,1,0,1
737835,65535,255,4414,-8018,0,0,0
737836,65535,255,1264,-7969,0,0,0
737837,678,0,2589,9873,1,0,1
737838,699,0,5204,9808,1,0,1
737839,65535,255,6653,-8001,0,0,1
737840,763,0,5141,-8029,1,0,1
737841,518,2,2492,-8062,1,0,0
737842,65535,255,1372,9933,0,0,0
737843,65535,255,4488,9819,0,0,0
737844,65535,255,6278,9784,0,0,0
737845,0,0,0,0,0,0,0
737846,646,2,3549,-8090,1,0,1
737847,510,2,53,13800,1,0,0
737848,981,0,3619,9829,1,0,1
737849,592,0,5787,9794,1,0,1
737850,65535,255,6238,-7990,0,0,0
737851,699,0,4428,-8016,1,0,1
737852,464,2,1286,-7945,1,0,0
737853,65535,255,2570,9874,0,0,0
737854,65535,255,5196,9808,0,0,0
737855,65535,255,6657,-7995,0,0,0
737856,65535,255,5152,-8038,0,0,0
737857,65535,255,2507,-8087,0,0,0
737858,65535,255,1350,10008,0,0,0
737859,1097,0,4478,9831,1,0,1
737860,65535,255,6273,9796,0,0,0
737861,65535,255,5747,-7990,0,0,0
737862,426,0,3566,-8131,1,0,1
737863,65535,255,42,5296,0,0,0
737864,608,0,3606,9879,1,0,1
737865,0,0,0,0,0,0,0
737866,65535,255,6244,-8016,0,0,0
737867,648,0,4437,-8056,1,0,1
737868,65535,255,1298,-8152,0,0,0
737869,647,2,2560,9787,1,0,1
737870,65535,255,5190,9778,0,0,0
737871,65535,255,6661,-7987,0,0,1
737872,65535,255,5157,-8013,0,0,0
737873,0,0,0,0,0,0,0
737874,0,0,0,0,0,0,0
737875,0,0,0,0,0,0,0
737876,952,2,6269,9789,1,0,1
737877,65535,255,5749,-7989,0,0,0
737878,521,0,3571,-8130,1,0,1
737879,503,0,30,4439,1,0,0
737880,65535,255,3598,9896,0,0,0
737881,489,0,5774,9828,1,0,1
737882,65535,255,6244,-7998,0,0,0
737883,0,0,0,0,0,0,0
737884,65535,255,1306,-8036,0,0,0
737885,676,0,2554,9861,1,0,0
737886,65535,255,5184,9809,0,0,0
737887,65535,255,6661,-7961,0,0,0
737888,65535,255,5161,-8058,0,0,0
737889,1033,0,2522,-8149,1,0,1
737890,65535,255,1338,9785,0,0,0
737891,1196,0,4471,9787,1,0,1
737892,65535,255,6269,9777,0,0,0
737893,65535,255,5752,-8040,0,0,0
737894,630,0,3571,-8113,1,0,1
737895,65535,255,35,3888,0,0,0
737896,65535,255,3598,9888,0,0,0
737897,0,0,0,0,0,0,0
737898,65535,255,6243,-7977,0,0,0
737899,65535,255,4442,-8098,0,0,0
737900,675,2,1304,-7972,1,0,0
737901,65535,255,2550,9911,0,0,0
737902,65535,255,5185,9839,0,0,0
737903,65535,255,6662,-7980,0,0,1
737904,65535,255,5158,-8012,0,0,0
737905,65535,255,2517,-8048,0,0,0
737906,65535,255,1339,10009,0,0,0
737907,637,2,4471,9851,1,0,0
737908,65535,255,6269,9815,0,0,0
737909,1347,0,5747,-8023,1,0,1
737910,65535,255,3566,-8088,0,0,0
737911,65535,255,51,4379,0,0,0
737912,65535,255,3602,9879,0,0,0
737913,835,0,5777,9832,1,0,1
737914,65535,255,6241,-7981,0,0,0
737915,0,0,0,0,0,0,0
737916,65535,255,1292,-8047,0,0,0
737917,65535,255,2565,9763,0,0,0
737918,566,0,5191,9778,1,0,0
737919,65535,255,6658,-7996,0,0,0
737920,65535,255,5152,-8042,0,0,0
737921,65535,255,2507,-8137,0,0,0
737922,65535,255,1355,9810,0,0,0
737923,65535,255,4478,9806,0,0,0
737924,1485,0,6273,9792,1,0,1
737925,1100,0,5743,-8002,1,0,1
737926,1210,0,3553,-8045,1,0,1
737927,65535,255,44,13663,0,0,0
737928,632,0,3615,9862,1,0,1
737929,65535,255,5782,9824,0,0,0
737930,65535,255,6235,-7978,0,0,0
737931,65535,255,4425,-8010,0,0,0
737932,65535,255,1275,-8072,0,0,0
737933,745,2,2580,9787,1,0,1
737934,895,0,5199,9793,1,0,1
737935,65535,255,6652,-7958,0,0,0
737936,1119,0,5144,-8063,1,0,1
737937,65535,255,2487,-8010,0,0,0
737938,65535,255,1372,9958,0,0,0
737939,65535,255,4491,9844,0,0,0
737940,0,0,0,0,0,0,0
737941,65535,255,5736,-8036,0,0,0
737942,65535,255,3541,-8131,0,0,0
737943,65535,255,64,9230,0,0,0
737944,0,0,0,0,0,0,0
737945,65535,255,5794,9807,0,0,0
737946,855,0,6228,-8023,1,0,1
737947,680,0,4414,-8093,1,0,1
737948,65535,255,1252,-8019,0,0,0
737949,0,0,0,0,0,0,0
737950,1290,0,5213,9788,1,0,1
737951,65535,255,6645,-7958,0,0,0
737952,1017,0,5132,-8068,1,0,1
737953,65535,255,2467,-8021,0,0,0
737954,602,0,1395,10003,1,0,1
737955,65535,255,4505,9853,0,0,0
737956,65535,255,6291,9777,0,0,0
737957,65535,255,5723,-7990,0,0,0
737958,65535,255,3520,-8037,0,0,0
737959,65535,255,91,11638,0,0,0
737960,65535,255,3652,9869,0,0,0
737961,65535,255,5807,9788,0,0,0
737962,991,0,6218,-7993,1,0,1
737963,65535,255,4394,-8042,0,0,0
737964,65535,255,1231,-8260,0,0,0
737965,372,2,2624,9885,1,0,0
737966,65535,255,5227,9844,0,0,0
737967,715,0,6637,-7984,1,0,1
737968,65535,255,5118,-8064,0,0,0
737969,65535,255,2448,-8112,0,0,0
737970,65535,255,1417,9978,0,0,0
737971,65535,255,4518,9806,0,0,0
737972,65535,255,6297,9769,0,0,0
737973,65535,255,5718,-8011,0,0,0
737974,65535,255,3511,-8011,0,0,0
737975,65535,255,107,7578,0,0,0
737976,397,0,3652,9836,1,0,1
737977,0,0,0,0,0,0,0
737978,65535,255,6221,-7992,0,0,0
737979,65535,255,4401,-8054,0,0,0
737980,65535,255,1235,-8071,0,0,0
737981,65535,255,2609,9898,0,0,0
737982,65535,255,5218,9803,0,0,0
737983,65535,255,6645,-7990,0,0,0
737984,618,0,5129,-8001,1,0,0
737985,65535,255,2473,-8163,0,0,0
737986,65535,255,1401,9692,0,0,0
737987,597,0,4505,9838,1,0,1
737988,801,2,6288,9789,1,0,1
737989,673,2,5729,-8036,1,0,1
737990,65535,255,3527,-8062,0,0,0
737991,463,0,76,9742,1,0,0
737992,703,0,3638,9848,1,0,1
737993,818,0,5797,9814,1,0,1
737994,65535,255,6227,-8000,0,0,0
737995,142,2,4410,-8010,1,0,1
737996,527,2,1252,-7910,1,0,1
737997,394,0,2595,9823,1,0,1
737998,841,0,5211,9777,1,0,1
737999,652,0,6648,-7977,1,0,1
738000,65535,255,5140,-8063,0,0,0
738001,420,2,2481,-8123,1,0,1
738002,146,2,1379,10003,1,0,1
738003,708,0,4496,9824,1,0,1
738004,65535,255,6284,9781,0,0,0
738005,833,0,5734,-8031,1,0,1
738006,572,0,3540,-8062,1,0,1
738007,491,0,59,10233,1,0,1
738008,600,0,3629,9777,1,0,1
738009,1146,0,5790,9819,1,0,1
738010,597,0,6231,-8011,1,0,1
738011,141,2,4420,-8029,1,0,1
738012,242,2,1269,-7992,1,0,1
738013,271,0,2580,9872,1,0,1
738014,994,0,5203,9797,1,0,1
738015,65535,255,6654,-7993,0,0,0
738016,934,0,5143,-8011,1,0,1
738017,65535,255,2491,-7996,0,0,0
738018,65535,255,1373,9809,0,0,0
738019,557,2,4486,9838,1,0,1
738020,889,0,6278,9811,1,0,1
738021,65535,255,5737,-8001,0,0,1
738022,65535,255,3544,-8016,0,0,0
738023,65535,255,60,6098,0,0,0
738024,65535,255,3620,9853,0,0,1
738025,759,0,5786,9799,1,0,1
738026,36,2,6234,-7992,1,0,1
738027,520,2,4424,-8003,1,0,1
738028,65535,255,1275,-7912,0,0,0
738029,65535,255,2576,9835,0,0,0
738030,918,0,5197,9787,1,0,1
738031,65535,255,6654,-7989,0,0,0
738032,65535,255,5146,-8006,0,0,0
738033,65535,255,2496,-7996,0,0,0
738034,65535,255,1362,9808,0,0,0
738035,626,0,4486,9781,1,0,1
738036,931,0,6274,9798,1,0,1
738037,125,2,5739,-8010,1,0,1
738038,65535,255,3548,-8027,0,0,0
738039,65535,255,44,8079,0,0,0
738040,635,0,3613,9847,1,0,1
738041,147,2,5783,9824,1,0,1
738042,31,2,6236,-8018,1,0,1
738043,206,2,4427,-8047,1,0,1
738044,65535,255,1280,-8122,0,0,0
738045,65535,255,2576,9749,0,0,0
738046,1350,0,5194,9834,1,0,0
738047,65535,255,6654,-7973,0,0,0
738048,65535,255,5149,-8062,0,0,0
738049,479,0,2501,-8148,1,0,0
738050,65535,255,1362,9736,0,0,0
738051,65535,255,4483,9862,0,0,0
738052,671,0,6275,9811,1,0,1
738053,741,0,5739,-8009,1,0,1
738054,65535,255,3549,-8027,0,0,0
738055,163,2,43,8810,1,0,1
738056,742,0,3617,9777,1,0,1
738057,124,2,5784,9801,1,0,1
738058,706,0,6234,-7972,1,0,1
738059,65535,255,4427,-8088,0,0,0
738060,65535,255,1280,-8020,0,0,1
738061,1073,0,2576,9771,1,0,0
738062,673,0,5194,9795,1,0,1
738063,65535,255,6656,-7967,0,0,0
738064,65535,255,5148,-8003,0,0,0
738065,65535,255,2506,-8074,0,0,0
738066,65535,255,1356,9732,0,0,1
738067,892,0,4479,9797,1,0,1
738068,1393,0,6272,9797,1,0,1
738069,885,0,5744,-8017,1,0,1
738070,65535,255,3561,-8098,0,0,0
738071,65535,255,41,7058,0,0,0
738072,303,0,3612,9808,1,0,0
738073,65535,255,5781,9808,0,0,0
738074,65535,255,6240,-7994,0,0,0
738075,65535,255,4434,-8013,0,0,0
738076,65535,255,1291,-8150,0,0,0
738077,65535,255,2566,9858,0,0,0
738078,998,0,5192,9831,1,0,1
738079,65535,255,6659,-7992,0,0,0
738080,65535,255,5154,-8054,0,0,0
738081,65535,255,2511,-7999,0,0,0
738082,65535,255,1351,10004,0,0,0
738083,1098,0,4479,9778,1,0,1
738084,65535,255,6272,9786,0,0,0
738085,65535,255,5746,-8012,0,0,0
738086,680,0,3561,-8098,1,0,1
738087,65535,255,32,7498,0,0,0
738088,435,0,3607,9826,1,0,1
738089,869,0,5779,9822,1,0,1
738090,65535,255,6240,-7987,0,0,0
738091,65535,255,4434,-8051,0,0,0
738092,65535,255,1293,-7895,0,0,0
738093,65535,255,2570,9748,0,0,0
738094,936,0,5193,9796,1,0,1
738095,65535,255,6659,-7972,0,0,0
738096,1060,0,5152,-8024,1,0,1
738097,537,0,2512,-8151,1,0,0
738098,65535,255,1355,9931,0,0,0
738099,1170,0,4478,9861,1,0,1
738100,951,0,6275,9783,1,0,1
738101,65535,255,5745,-8013,0,0,0
738102,65535,255,3558,-8107,0,0,0
738103,511,0,35,10542,1,0,0
738104,65535,255,3615,9859,0,0,0
738105,65535,255,5786,9774,0,0,0
738106,65535,255,6240,-8010,0,0,0
738107,65535,255,4431,-8094,0,0,0
738108,788,2,1281,-8126,1,0,0
738109,531,2,2574,9871,1,0,0
738110,65535,255,5200,9784,0,0,0
738111,65535,255,6654,-7960,0,0,1
738112,65535,255,5146,-8014,0,0,0
738113,65535,255,2497,-8126,0,0,0
738114,65535,255,1366,9931,0,0,0
738115,501,0,4488,9837,1,0,1
738116,65535,255,6280,9790,0,0,0
738117,0,0,0,0,0,0,0
738118,777,0,3545,-8005,1,0,1
738119,65535,255,62,13102,0,0,0
738120,65535,255,3632,9785,0,0,0
738121,65535,255,5793,9805,0,0,0
738122,703,0,6232,-7983,1,0,1
738123,442,0,4417,-8057,1,0,1
738124,580,0,1258,-7995,1,0,0
738125,613,0,2594,9823,1,0,0
738126,1246,0,5210,9832,1,0,1
738127,65535,255,6650,-8005,0,0,0
738128,796,0,5135,-8008,1,0,1
738129,65535,255,2477,-8127,0,0,0
738130,663,0,1389,9954,1,0,0
738131,65535,255,4505,9786,0,0,1
738132,65535,255,6288,9805,0,0,0
738133,672,0,5728,-8047,1,0,1
738134,854,0,3523,-8056,1,0,1
738135,65535,255,89,8656,0,0,0
738136,190,0,3648,9819,1,0,1
738137,743,0,5803,9788,1,0,1
738138,800,0,6223,-7990,1,0,1
738139,930,0,4404,-8006,1,0,1
738140,524,2,1247,-7966,1,0,0
738141,65535,255,2599,9884,0,0,0
738142,65535,255,5213,9817,0,0,0
738143,921,0,6647,-7962,1,0,1
738144,593,0,5135,-8054,1,0,1
738145,65535,255,2477,-8126,0,0,0
738146,65535,255,1389,9738,0,0,0
738147,427,2,4495,9867,1,0,0
738148,65535,255,6284,9788,0,0,0
738149,726,0,5733,-8021,1,0,1
738150,349,0,3541,-8056,1,0,0
738151,65535,255,62,11914,0,0,0
738152,498,0,3628,9826,1,0,0
738153,167,2,5792,9793,1,0,1
738154,65535,255,6232,-7998,0,0,0
738155,502,0,4421,-8024,1,0,1
738156,508,0,1269,-8073,1,0,0
738157,65535,255,2583,9787,0,0,0
738158,65535,255,5199,9843,0,0,0
738159,65535,255,6654,-7981,0,0,1
738160,773,0,5144,-8008,1,0,1
738161,65535,255,2497,-8036,0,0,0
738162,65535,255,1366,9932,0,0,0
738163,65535,255,4485,9824,0,0,0
738164,575,0,6275,9795,1,0,0
738165,522,0,5740,-7999,1,0,1
738166,323,0,3549,-8029,1,0,1
738167,867,0,41,9673,1,0,0
738168,65535,255,3615,9803,0,0,0
738169,65535,255,5782,9785,0,0,0
738170,846,0,6237,-7993,1,0,1
738171,617,0,4428,-8024,1,0,1
738172,65535,255,1288,-8074,0,0,0
738173,65535,255,2569,9761,0,0,0
738174,65535,255,5192,9779,0,0,0
738175,65535,255,6658,-7991,0,0,1
738176,65535,255,5151,-8023,0,0,0
738177,65535,255,2508,-8087,0,0,0
738178,618,0,1354,9696,1,0,0
738179,441,0,4473,9862,1,0,1
738180,65535,255,6271,9783,0,0,0
738181,493,0,5747,-8029,1,0,1
738182,467,0,3564,-8089,1,0,1
738183,470,0,51,4245,1,0,1
738184,582,0,3605,9878,1,0,1
738185,642,0,5778,9827,1,0,1
738186,65535,255,6241,-7974,0,0,0
738187,601,0,4436,-8093,1,0,1
738188,65535,255,1294,-7970,0,0,0
738189,842,0,2559,9910,1,0,0
738190,524,0,5186,9838,1,0,1
738191,65535,255,6660,-7984,0,0,1
738192,679,0,5154,-8017,1,0,1
738193,561,0,2513,-8074,1,0,0
738194,681,0,1349,9660,1,0,0
738195,729,0,4470,9862,1,0,1
738196,65535,255,6270,9768,0,0,0
738197,716,0,5749,-8037,1,0,1
738198,65535,255,3568,-8113,0,0,1
738199,65535,255,33,5056,0,0,0
738200,831,0,3606,9777,1,0,1
738201,786,0,5778,9780,1,0,1
738202,65535,255,6243,-7993,0,0,0
738203,65535,255,4436,-8036,0,0,0
738204,65535,255,1299,-8149,0,0,0
738205,65535,255,2559,9810,0,0,0
738206,65535,255,5189,9802,0,0,0
738207,65535,255,6659,-7962,0,0,0
738208,600,2,5157,-8068,1,0,1
738209,65535,255,2514,-7998,0,0,0
738210,572,0,1343,9931,1,0,1
738211,584,0,4474,9837,1,0,1
738212,65535,255,6271,9810,0,0,0
738213,65535,255,5749,-8024,0,0,0
738214,65535,255,3564,-8097,0,0,0
738215,65535,255,41,5099,0,0,0
738216,65535,255,3609,9777,0,0,0
738217,614,0,5782,9781,1,0,1
738218,646,0,6242,-7996,1,0,1
738219,684,0,4436,-8042,1,0,1
738220,65535,255,1294,-8200,0,0,0
738221,65535,255,2563,9860,0,0,0
738222,799,0,5191,9823,1,0,1
738223,65535,255,6658,-7977,0,0,0
738224,65535,255,5153,-8017,0,0,0
738225,65535,255,2508,-8099,0,0,0
738226,65535,255,1360,9735,0,0,0
738227,0,0,0,0,0,0,0
738228,0,0,0,0,0,0,0
738229,0,0,0,0,0,0,0
738230,0,0,0,0,0,0,0
738231,65535,255,55,14336,0,0,0
738232,65535,255,3613,9878,0,0,0
738233,0,0,0,0,0,0,0
738234,65535,255,6236,-7989,0,0,0
738235,65535,255,4426,-8035,0,0,0
738236,65535,255,1282,-8201,0,0,0
738237,65535,255,2578,9860,0,0,0
738238,65535,255,5200,9828,0,0,0
738239,65535,255,6655,-7984,0,0,0
738240,65535,255,5145,-8032,0,0,0
738241,831,0,2493,-8137,1,0,0
738242,65535,255,1371,9858,0,0,0
738243,65535,255,4493,9831,0,0,0
738244,65535,255,6282,9811,0,0,0
738245,692,0,5736,-8032,1,0,1
738246,65535,255,3542,-8122,0,0,0
738247,65535,255,63,9704,0,0,0
738248,65535,255,3630,9836,0,0,0
738249,491,0,5794,9819,1,0,0
738250,683,0,6228,-7978,1,0,1
738251,747,0,4412,-8023,1,0,1
738252,616,0,1259,-8177,1,0,0
738253,696,0,2598,9860,1,0,0
738254,813,0,5211,9834,1,0,1
738255,65535,255,6648,-7990,0,0,0
738256,65535,255,5134,-8047,0,0,0
738257,65535,255,2469,-7984,0,0,0
738258,65535,255,1399,9953,0,0,0
738259,65535,255,4507,9862,0,0,0
738260,65535,255,6291,9777,0,0,0
738261,65535,255,5725,-7998,0,0,0
738262,561,0,3521,-8062,1,0,1
738263,0,0,0,0,0,0,0
738264,65535,255,3655,9787,0,0,0
738265,65535,255,5807,9798,0,0,0
738266,65535,255,6220,-8019,0,0,0
738267,411,0,4392,-8027,1,0,1
738268,365,0,1225,-8125,1,0,0
738269,65535,255,2624,9848,0,0,0
738270,65535,255,5227,9833,0,0,0
738271,65535,255,6637,-7994,0,0,0
738272,1194,0,5115,-8054,1,0,1
738273,65535,255,2438,-8022,0,0,0
738274,65535,255,1435,9673,0,0,0
738275,0,0,0,0,0,0,0
738276,65535,255,6303,9781,0,0,0
738277,65535,255,5712,-8016,0,0,0
738278,65535,255,3503,-8132,0,0,0
738279,65535,255,115,11557,0,0,0
738280,0,0,0,0,0,0,0
738281,65535,255,5809,9815,0,0,0
738282,65535,255,6215,-7993,0,0,0
738283,0,0,0,0,0,0,0
738284,65535,255,1230,-8126,0,0,0
738285,65535,255,2619,9897,0,0,0
738286,65535,255,5222,9793,0,0,0
738287,1725,0,6640,-7977,1,0,1
738288,789,0,5124,-8053,1,0,1
738289,529,0,2458,-8061,1,0,0
738290,1281,2,1406,9835,1,0,0
738291,889,0,4505,9862,1,0,1
738292,65535,255,6288,9796,0,0,0
738293,65535,255,5726,-8037,0,0,0
738294,911,0,3524,-8045,1,0,1
738295,65535,255,78,8479,0,0,0
738296,874,0,3636,9853,1,0,1
738297,65535,255,5797,9790,0,0,0
738298,65535,255,6225,-7993,0,0,0
738299,65535,255,4411,-8048,0,0,0
738300,65535,255,1259,-8019,0,0,0
738301,65535,255,2590,9861,0,0,0
738302,65535,255,5205,9783,0,0,0
738303,773,0,6649,-7977,1,0,0
738304,65535,255,5138,-8053,0,0,0
738305,65535,255,2487,-8073,0,0,0
738306,65535,255,1372,9884,0,0,0
738307,65535,255,4489,9781,0,0,0
738308,65535,255,6277,9808,0,0,0
738309,65535,255,5736,-7989,0,0,0
738310,65535,255,3550,-8097,0,0,0
738311,65535,255,51,12373,0,0,0
738312,65535,255,3620,9787,0,0,0
738313,65535,255,5785,9825,0,0,0
738314,948,2,6235,-8004,1,0,1
738315,65535,255,4428,-8010,0,0,0
738316,65535,255,1281,-7944,0,0,0
738317,65535,255,2570,9800,0,0,0
738318,0,0,0,0,0,0,0
738319,65535,255,6656,-7967,0,0,0
738320,65535,255,5152,-8026,0,0,0
738321,907,2,2507,-7985,1,0,0
738322,65535,255,1350,9687,0,0,0
738323,65535,255,4475,9813,0,0,0
738324,65535,255,6270,9770,0,0,0
738325,1251,0,5748,-7997,1,0,1
738326,65535,255,3571,-8096,0,0,0
738327,65535,255,20,12824,0,0,0
738328,0,0,0,0,0,0,0
738329,65535,255,5772,9803,0,0,0
738330,65535,255,6246,-7981,0,0,0
738331,65535,255,4448,-8060,0,0,0
738332,65535,255,1315,-8047,0,0,0
738333,65535,255,2540,9850,0,0,0
738334,893,0,5178,9776,1,0,1
738335,65535,255,6667,-7966,0,0,0
738336,527,0,5169,-8037,1,0,1
738337,65535,255,2536,-8022,0,0,0
738338,65535,255,1316,9759,0,0,0
738339,0,0,0,0,0,0,0
738340,0,0,0,0,0,0,0
738341,65535,255,5764,-8023,0,0,0
738342,634,0,3592,-8028,1,0,1
738343,65535,255,38,-883,0,0,0
738344,576,2,3576,9829,1,0,0
738345,65535,255,5763,9777,0,0,0
738346,65535,255,6259,-8018,0,0,0
738347,738,2,4465,-8028,1,0,1
738348,255,0,1343,-7949,1,0,1
738349,65535,255,2515,9812,0,0,1
738350,729,2,5161,9845,1,0,1
738351,65535,255,6672,9790,0,0,0
738352,65535,255,5183,-8031,0,0,0
738353,65535,255,2561,-8023,0,0,0
738354,0,0,0,0,0,0,0
738355,65535,255,4438,9851,0,0,0
738356,1116,0,6249,9793,1,0,1
738357,65535,255,5775,-8035,0,0,0
738358,717,0,3612,-8053,1,0,0
738359,869,0,41,-6211,1,0,0
738360,65535,255,3556,9871,0,0,0
738361,1188,0,5751,9799,1,0,1
738362,961,0,6265,-7984,1,0,1
738363,704,0,4481,-8072,1,0,0
738364,0,0,0,0,0,0,0
738365,0,0,0,0,0,0,0
738366,0,0,0,0,0,0,0
738367,0,0,0,0,0,0,0
738368,0,0,0,0,0,0,0
738369,0,0,0,0,0,0,0
738370,0,0,0,0,0,0,0
738371,0,0,0,0,0,0,0
738372,0,0,0,0,0,0,0
738373,65535,255,5784,-8034,0,0,1
738374,0,0,0,0,0,0,0
738375,0,0,0,0,0,0,0
738376,605,0,3539,9889,1,0,1
738377,0,0,0,0,0,0,0
738378,0,0,0,0,0,0,0
738379,0,0,0,0,0,0,0
738380,0,0,0,0,0,0,0
738381,0,0,0,0,0,0,0
738382,0,0,0,0,0,0,0
738383,0,0,0,0,0,0,0
738384,0,0,0,0,0,0,0
738385,0,0,0,0,0,0,0
738386,0,0,0,0,0,0,0
738387,0,0,0,0,0,0,0
738388,0,0,0,0,0,0,0
738389,0,0,0,0,0,0,0
738390,0,0,0,0,0,0,0
738391,0,0,0,0,0,0,0
738392,0,0,0,0,0,0,0
738393,0,0,0,0,0,0,0
738394,0,0,0,0,0,0,0
738395,0,0,0,0,0,0,0
738396,0,0,0,0,0,0,0
738397,65535,255,2467,9810,0,0,0
738398,65535,255,5136,9786,0,0,0
738399,65535,255,6656,9803,0,0,0
738400,65535,255,5208,-8065,0,0,0
738401,534,0,2610,-8133,1,0,1
738402,125,2,1244,9644,1,0,0
738403,65535,255,4408,9839,0,0,0
738404,65535,255,6232,9793,0,0,0
738405,643,2,5793,-8015,1,0,1
738406,65535,255,3645,-8092,0,0,0
738407,65535,255,90,-9850,0,0,0
738408,513,0,3522,9821,1,0,1
738409,65535,255,5733,9778,0,0,1
738410,1029,2,6278,-7978,1,0,1
738411,638,2,4505,-8077,1,0,1
738412,579,0,1410,-8213,1,0,0
738413,65535,255,2462,9785,0,0,0
738414,0,0,0,0,0,0,0
738415,65535,255,6653,9790,0,0,0
738416,516,0,5209,-8017,1,0,1
738417,405,0,2610,-8169,1,0,0
738418,65535,255,1238,9751,0,0,0
738419,65535,255,4405,9864,0,0,0
738420,792,0,6231,9813,1,0,1
738421,65535,255,5792,-8008,0,0,0
738422,65535,255,3641,-8027,0,0,0
738423,65535,255,87,-7215,0,0,0
738424,65535,255,3523,9853,0,0,0
738425,65535,255,5731,9825,0,0,0
738426,0,0,0,0,0,0,0
738427,65535,255,4501,-8058,0,0,0
738428,65535,255,1404,-8166,0,0,0
738429,65535,255,2467,9786,0,0,0
738430,211,0,5133,9807,1,0,0
738431,65535,255,6655,9788,0,0,0
738432,65535,255,5206,-8008,0,0,0
738433,504,2,2605,-8022,1,0,0
738434,613,0,1243,9885,1,0,0
738435,65535,255,4412,9807,0,0,0
738436,65535,255,6235,9782,0,0,0
738437,65535,255,5790,-8042,0,0,0
738438,764,2,3637,-8108,1,0,1
738439,65535,255,85,-5138,0,0,0
738440,65535,255,3531,9864,0,0,0
738441,65535,255,5735,9817,0,0,0
738442,65535,255,6276,-8016,0,0,0
738443,767,0,4495,-8064,1,0,1
738444,682,0,1394,-7903,1,0,1
738445,670,0,2467,9915,1,0,0
738446,942,0,5132,9847,1,0,1
738447,65535,255,6653,9771,0,0,1
738448,1185,0,5211,-8044,1,0,1
738449,65535,255,2619,-8141,0,0,0
738450,65535,255,1226,9915,0,0,0
738451,65535,255,4395,9846,0,0,0
738452,65535,255,6224,9787,0,0,0
738453,65535,255,5803,-8041,0,0,0
738454,65535,255,3662,-8011,0,0,0
738455,65535,255,122,-8597,0,0,0
738456,65535,255,3496,9848,0,0,0
738457,1369,1,5717,9827,1,0,1
738458,65535,255,6292,-7986,0,0,0
738459,65535,255,4529,-8039,0,0,0
738460,65535,255,1451,-8212,0,0,0
738461,65535,255,2422,9891,0,0,0
738462,923,0,5105,9848,1,0,1
738463,1434,0,6639,9775,1,0,0
738464,834,0,5238,-8059,1,0,1
738465,547,0,2660,-8035,1,0,0
738466,65535,255,1181,9637,0,0,0
738467,195,0,4367,9789,1,0,1
738468,65535,255,6208,9795,0,0,0
738469,65535,255,5822,-8019,0,0,0
738470,65535,255,3697,-8107,0,0,0
738471,544,0,168,-8072,1,0,0
738472,1122,2,3466,9840,1,0,1
738473,919,1,5699,9829,1,0,1
738474,65535,255,6309,-7992,0,0,0
738475,772,1,4557,-8056,1,0,1
738476,65535,255,1489,-7964,0,0,0
738477,65535,255,2387,9773,0,0,0
738478,830,1,5087,9807,1,0,1
738479,65535,255,6631,9771,0,0,0
738480,65535,255,5251,-8007,0,0,0
738481,65535,255,2685,-8145,0,0,0
738482,65535,255,1158,10030,0,0,0
738483,65535,255,4359,9811,0,0,0
738484,987,1,6208,9765,1,0,1
738485,570,1,5824,-8010,1,0,1
738486,696,0,3701,-8127,1,0,0
738487,65535,255,167,-9468,0,0,0
738488,65535,255,3475,9819,0,0,0
738489,65535,255,5707,9797,0,0,0
738490,65535,255,6303,-8018,0,0,0
738491,467,0,4539,-8030,1,0,1
738492,65535,255,1462,-7985,0,0,0
738493,753,0,2416,9835,1,0,0
738494,915,0,5110,9777,1,0,1
738495,836,2,6640,9799,1,0,1
738496,65535,255,5235,-8057,0,0,0
738497,65535,255,2650,-8086,0,0,0
738498,420,0,1191,9943,1,0,1
738499,65535,255,4384,9798,0,0,0
738500,824,0,6220,9765,1,0,1
738501,65535,255,5810,-8015,0,0,0
738502,498,0,3670,-8014,1,0,0
738503,481,0,120,-6655,1,0,0
738504,65535,255,3504,9853,0,0,0
738505,65535,255,5724,9793,0,0,0
738506,65535,255,6288,-7985,0,0,0
738507,865,0,4519,-8079,1,0,1
738508,573,0,1422,-8193,1,0,0
738509,326,0,2456,9758,1,0,0
738510,429,0,5130,9834,1,0,1
738511,65535,255,6654,9788,0,0,0
738512,648,0,5214,-8042,1,0,1
738513,730,0,2610,-8075,1,0,0
738514,460,0,1237,9939,1,0,0
738515,343,0,4413,9805,1,0,1
738516,65535,255,6236,9772,0,0,0
738517,786,0,5790,-8028,1,0,1
738518,65535,255,3633,-8055,0,0,0
738519,65535,255,69,-8467,0,0,0
738520,65535,255,3542,9776,0,0,0
738521,685,0,5743,9828,1,0,1
