sdate,line_t,line_tmq,line_tvza,line_tvaa,line_tm2,line_QFDNB,line_tm_buf
735235,65535,255,4972,9527,0,0,0
735236,0,0,0,0,0,0,0
735237,65535,255,3428,-7405,0,0,0
735238,713,0,818,-7903,1,0,1
735239,948,0,2132,9809,1,0,1
735240,65535,255,4407,9589,0,0,0
735241,923,0,5621,-7003,1,0,1
735242,805,0,4098,-7330,1,0,1
735243,569,0,1765,-7609,1,0,1
735244,522,0,1197,9860,1,0,1
735245,65535,255,3756,9744,0,0,0
735246,65535,255,5473,9447,0,0,1
735247,65535,255,4675,-7196,0,0,0
735248,65535,255,2632,-7522,0,0,0
735249,65535,255,208,10086,0,0,0
735250,0,0,0,0,0,0,0
735251,0,0,0,0,0,0,0
735252,65535,255,5184,-7155,0,0,0
735253,65535,255,3420,-7450,0,0,0
735254,65535,255,807,-7456,0,0,0
735255,767,0,2137,9885,1,0,1
735256,729,0,4407,9615,1,0,1
735257,1074,0,5621,-7016,1,0,1
735258,792,0,4106,-7349,1,0,1
735259,753,0,1776,-7646,1,0,1
735260,1687,1,1180,9888,1,0,1
735261,1230,0,3740,9746,1,0,1
735262,65535,255,5459,9460,0,0,0
735263,65535,255,4694,-7251,0,0,0
735264,65535,255,2662,-7494,0,0,0
735265,0,0,0,0,0,0,0
735266,782,0,2969,9791,1,0,1
735267,65535,255,4961,9536,0,0,0
735268,65535,255,5201,-7131,0,0,0
735269,832,0,3449,-7420,1,0,0
735270,65535,255,848,-7973,0,0,0
735271,65535,255,2095,9858,0,0,0
735272,846,0,4384,9613,3,0,0
735273,65535,255,5637,-7021,0,0,0
735274,65535,255,4129,-7365,0,0,0
735275,2361,0,1814,-7714,3,0,0
735276,65535,255,1140,10004,0,0,0
735277,1263,0,3711,9696,1,0,1
735278,999,0,5443,9415,1,0,1
735279,65535,255,4714,-7224,0,0,0
735280,65535,255,2697,-7608,0,0,0
735281,65535,255,141,8159,0,0,0
735282,65535,255,2937,9849,0,0,0
735283,1047,0,4942,9549,1,0,1
735284,802,0,5216,-7121,1,0,1
735285,881,0,3471,-7407,1,0,1
735286,1086,0,882,-7962,1,0,1
735287,863,0,2069,9876,1,0,1
735288,65535,255,4360,9629,0,0,0
735289,65535,255,5650,-7034,0,0,0
735290,819,0,4147,-7290,1,0,1
735291,863,0,1842,-7726,1,0,1
735292,243,2,1106,10037,1,0,1
735293,65535,255,3684,9787,0,0,0
735294,706,0,5428,9409,1,0,0
735295,65535,255,4728,-7209,0,0,0
735296,65535,255,2722,-7558,0,0,0
735297,983,0,99,11049,1,0,1
735298,814,0,2912,9851,1,0,1
735299,65535,255,4922,9515,0,0,0
735300,65535,255,5228,-7083,0,0,0
735301,65535,255,3497,-7464,0,0,0
735302,1284,0,911,-7586,1,0,1
735303,759,0,2031,9958,1,0,1
735304,65535,255,4338,9652,0,0,0
735305,65535,255,5660,-6982,0,0,0
735306,625,2,4165,-7303,1,0,1
735307,65535,255,1870,-7547,0,0,0
735308,855,0,1073,10227,1,0,1
735309,668,0,3665,9733,1,0,1
735310,922,0,5411,9451,1,0,1
735311,981,0,4744,-7182,1,0,1
735312,0,0,0,0,0,0,0
735313,961,0,64,11006,1,0,1
735314,65535,255,2884,9865,0,0,0
735315,65535,255,4907,9528,0,0,0
735316,797,0,5242,-7104,1,0,1
735317,715,0,3514,-7392,1,0,1
735318,65535,255,941,-7907,0,0,0
735319,65535,255,2016,9864,0,0,0
735320,743,0,4324,9628,1,0,1
735321,1056,0,5669,-6970,1,0,1
735322,65535,255,4179,-7294,0,0,0
735323,704,0,1891,-7580,1,0,1
735324,930,0,1056,9821,1,0,1
735325,535,0,3649,9768,1,0,0
735326,810,0,5403,9410,1,0,1
735327,843,0,4757,-7232,1,0,1
735328,866,0,2759,-7462,1,0,1
735329,65535,255,53,8697,0,0,0
735330,866,0,2874,9835,1,0,1
735331,65535,255,4901,9525,0,0,0
735332,956,0,5250,-7108,1,0,1
735333,65535,255,3526,-7416,0,0,0
735334,65535,255,952,-7520,0,0,0
735335,65535,255,2000,9978,0,0,0
735336,0,0,0,0,0,0,0
735337,155,2,5676,-7022,1,0,0
735338,65535,255,4186,-7279,0,0,0
735339,0,0,0,0,0,0,0
735340,65535,255,1044,9916,0,0,0
735341,65535,255,3643,9712,0,0,0
735342,1069,0,5400,9440,1,0,1
735343,65535,255,4760,-7197,0,0,0
735344,65535,255,2768,-7596,0,0,0
735345,674,0,47,6964,1,0,1
735346,65535,255,2870,9835,0,0,0
735347,65535,255,4897,9531,0,0,0
735348,842,0,5252,-7131,1,0,1
735349,689,0,3530,-7467,1,0,0
735350,699,0,957,-7798,1,0,1
735351,954,0,2000,9866,1,0,1
735352,841,0,4319,9657,1,0,1
735353,65535,255,5678,-7008,0,0,0
735354,65535,255,4189,-7279,0,0,0
735355,707,0,1903,-7597,1,0,1
735356,628,0,1043,10013,1,0,1
735357,65535,255,3648,9713,0,0,0
735358,938,0,5402,9442,1,0,1
735359,922,0,4763,-7243,1,0,1
735360,65535,255,2764,-7540,0,0,0
735361,692,0,62,5907,1,0,1
735362,65535,255,2874,9825,0,0,0
735363,65535,255,4903,9542,0,0,0
735364,762,0,5249,-7073,1,0,1
735365,65535,255,3522,-7382,0,0,0
735366,65535,255,946,-7553,0,0,0
735367,728,0,2005,10059,1,0,1
735368,847,0,4326,9643,1,0,1
735369,65535,255,5676,-7009,0,0,0
735370,65535,255,4186,-7293,0,0,0
735371,905,0,1891,-7667,1,0,1
735372,65535,255,1055,10233,0,0,0
735373,65535,255,3656,9793,0,0,0
735374,65535,255,5407,9454,0,0,0
735375,769,0,4753,-7239,1,0,1
735376,65535,255,2754,-7553,0,0,0
735377,65535,255,66,8455,0,0,0
735378,65535,255,2888,9888,0,0,0
735379,65535,255,4915,9501,0,0,0
735380,1163,0,6225,9211,1,0,0
735381,919,0,3508,-7358,1,0,1
735382,0,0,0,0,0,0,0
735383,65535,255,2026,9833,0,0,0
735384,65535,255,4337,9668,0,0,0
735385,650,0,5849,9323,1,0,1
735386,947,0,4171,-7351,1,0,1
735387,613,0,1869,-7600,1,0,1
735388,65535,255,1078,10135,0,0,0
735389,670,0,3672,9790,1,0,1
735390,65535,255,5421,9460,0,0,0
735391,65535,255,6562,9136,0,0,0
735392,0,0,0,0,0,0,0
735393,65535,255,94,11454,0,0,0
735394,636,0,2912,9821,1,0,1
735395,0,0,0,0,0,0,0
735396,65535,255,6234,9226,0,0,0
735397,760,0,3488,-7482,1,0,1
735398,684,0,894,-7512,1,0,1
735399,65535,255,2053,9848,0,0,0
735400,912,0,4357,9629,1,0,1
735401,864,0,5861,9340,1,0,1
735402,65535,255,6863,9004,0,0,0
735403,65535,255,1842,-7727,0,0,0
735404,65535,255,1112,9920,0,0,0
735405,624,0,3696,9746,1,0,1
735406,738,0,5435,9442,1,0,1
735407,796,0,6572,9126,1,0,1
735408,714,0,2702,-7595,1,0,1
735409,65535,255,129,11109,0,0,0
735410,65535,255,2941,9828,0,0,0
735411,675,0,4945,9537,1,0,1
735412,564,0,6246,9216,1,0,1
735413,65535,255,3458,-7391,0,0,0
735414,724,0,858,-7776,1,0,1
735415,689,0,2084,9984,1,0,1
735416,65535,255,4377,9653,0,0,0
735417,65535,255,5875,9324,0,0,0
735418,65535,255,4125,-7379,0,0,0
735419,65535,255,1804,-7696,0,0,1
735420,685,0,1157,9948,1,0,1
735421,615,0,3725,9758,1,0,1
735422,921,0,5452,9453,1,0,1
735423,679,2,4696,-7267,1,0,1
735424,586,0,2662,-7481,1,0,1
735425,528,0,176,9140,1,0,0
735426,65535,255,2978,9777,0,0,0
735427,65535,255,4966,9541,0,0,0
735428,65535,255,5187,-7106,0,0,0
735429,65535,255,3429,-7500,0,0,0
735430,738,0,818,-7661,1,0,1
735431,767,2,2126,9964,1,0,1
735432,65535,255,4404,9598,0,0,0
735433,856,0,5618,-6992,1,0,1
735434,65535,255,4099,-7298,0,0,0
735435,65535,255,1777,-7773,0,0,1
735436,65535,255,1174,10034,0,0,0
735437,65535,255,3736,9772,0,0,0
735438,65535,255,5458,9425,0,0,0
735439,65535,255,4689,-7263,0,0,0
735440,606,0,2657,-7469,1,0,0
735441,65535,255,178,8773,0,0,0
735442,785,0,2969,9888,1,0,1
735443,65535,255,4960,9520,0,0,0
735444,65535,255,5196,-7111,0,0,0
735445,867,0,3441,-7445,1,0,1
735446,65535,255,843,-7499,0,0,0
735447,65535,255,2100,9860,0,0,0
735448,432,2,4384,9601,1,0,0
735449,0,0,0,0,0,0,0
735450,65535,255,4122,-7324,0,0,0
735451,639,0,1804,-7568,1,0,1
735452,950,0,1146,10181,1,0,1
735453,65535,255,3716,9704,0,0,0
735454,65535,255,5446,9426,0,0,0
735455,0,0,0,0,0,0,0
735456,606,0,2687,-7597,1,0,1
735457,636,0,142,11483,1,0,1
735458,65535,255,2945,9870,0,0,0
735459,65535,255,4948,9517,0,0,0
735460,869,0,5210,-7081,1,0,1
735461,669,0,3467,-7468,1,0,1
735462,765,0,871,-7547,1,0,1
735463,870,0,2079,9923,1,0,1
735464,0,0,0,0,0,0,0
735465,65535,255,5645,-7035,0,0,0
735466,715,0,4139,-7273,1,0,1
735467,816,0,1831,-7746,1,0,1
735468,65535,255,1123,10068,0,0,0
735469,65535,255,3700,9690,0,0,0
735470,1026,0,5437,9424,1,0,1
735471,65535,255,4721,-7233,0,0,0
735472,65535,255,2704,-7524,0,0,0
735473,65535,255,127,8486,0,0,0
735474,514,0,2931,9754,1,0,0
735475,598,0,4936,9558,1,0,1
735476,65535,255,5221,-7124,0,0,0
735477,650,0,3479,-7423,1,0,1
735478,65535,255,889,-7640,0,0,1
735479,65535,255,2063,9894,0,0,0
735480,460,0,4359,9638,1,0,1
735481,711,0,5651,-6974,1,0,1
735482,849,0,4150,-7292,1,0,1
735483,850,0,1842,-7547,1,0,1
735484,65535,255,1109,10074,0,0,1
735485,65535,255,3692,9748,0,0,0
735486,803,0,5429,9464,1,0,1
735487,65535,255,4727,-7203,0,0,0
735488,566,0,2717,-7581,1,0,1
735489,65535,255,111,12207,0,0,0
735490,65535,255,2921,9892,0,0,0
735491,969,0,4932,9559,1,0,1
735492,778,0,5227,-7138,1,0,1
735493,767,0,3487,-7447,1,0,0
735494,736,0,894,-7624,1,0,1
735495,799,0,2052,9989,1,0,1
735496,811,0,4356,9649,1,0,1
735497,707,0,5656,-7013,1,0,1
735498,65535,255,4154,-7373,0,0,0
735499,65535,255,1848,-7494,0,0,0
735500,701,0,1101,10223,1,0,1
735501,628,0,3688,9748,1,0,1
735502,813,0,5429,9402,1,0,1
735503,720,0,4730,-7225,1,0,1
735504,879,0,2716,-7452,1,0,1
735505,1032,0,104,9423,1,0,1
735506,742,0,2921,9842,1,0,1
735507,792,0,4933,9532,1,0,1
735508,875,0,5226,-7117,1,0,1
735509,688,0,3483,-7439,1,0,1
735510,580,0,894,-7623,1,0,1
735511,65535,255,2052,10021,0,0,0
735512,626,2,4356,9606,1,0,0
735513,65535,255,5653,-7002,0,0,0
735514,627,2,4150,-7311,1,0,0
735515,601,0,1842,-7654,1,0,0
735516,65535,255,1106,10040,0,0,0
735517,65535,255,3692,9716,0,0,0
735518,488,2,5429,9464,1,0,0
735519,65535,255,4727,-7225,0,0,0
735520,65535,255,2712,-7475,0,0,0
735521,745,2,110,10659,1,0,1
735522,667,0,2926,9905,1,0,1
735523,0,0,0,0,0,0,0
735524,65535,255,5218,-7088,0,0,0
735525,728,0,3475,-7405,1,0,1
735526,933,0,882,-7547,1,0,1
735527,708,0,2063,10035,1,0,1
735528,864,0,4363,9625,1,0,1
735529,962,0,5644,-6993,1,0,1
735530,65535,255,4143,-7360,0,0,0
735531,788,0,1826,-7547,1,0,1
735532,843,0,1123,9951,1,0,1
735533,670,0,3705,9714,1,0,1
735534,65535,255,5438,9400,0,0,0
735535,852,0,4715,-7250,1,0,1
735536,65535,255,2692,-7560,0,0,0
735537,65535,255,135,9087,0,0,0
735538,836,2,2945,9860,1,0,1
735539,0,0,0,0,0,0,0
735540,792,2,5205,-7100,1,0,0
735541,65535,255,3454,-7442,0,0,0
735542,600,0,859,-7813,1,0,1
735543,65535,255,2089,9924,0,0,0
735544,834,0,4381,9597,1,0,1
735545,65535,255,5633,-6986,0,0,0
735546,941,2,4122,-7371,1,0,1
735547,832,0,1798,-7622,1,0,1
735548,65535,255,1152,10152,0,0,0
735549,737,0,3725,9774,1,0,1
735550,0,0,0,0,0,0,0
735551,777,0,4696,-7254,1,0,1
735552,879,0,2662,-7599,1,0,1
735553,639,0,174,10658,1,0,1
735554,65535,255,2978,9804,0,0,0
735555,355,0,4966,9553,1,0,1
735556,65535,255,5185,-7099,0,0,0
735557,65535,255,3425,-7472,0,0,0
735558,633,0,818,-7658,1,0,1
735559,65535,255,2126,9860,0,0,0
735560,65535,255,4397,9671,0,0,0
735561,843,0,5623,-7029,1,0,1
735562,945,0,4107,-7324,1,0,1
735563,755,0,1785,-7635,1,0,1
735564,0,0,0,0,0,0,0
735565,65535,255,3729,9719,0,0,0
735566,926,0,5455,9416,1,0,1
735567,0,0,0,0,0,0,0
735568,654,0,2667,-7454,1,0,1
735569,65535,255,157,10923,0,0,0
735570,65535,255,2960,9806,0,0,0
735571,763,2,4954,9551,1,0,1
735572,65535,255,5199,-7086,0,0,0
735573,65535,255,3450,-7441,0,0,0
735574,65535,255,853,-7892,0,0,0
735575,65535,255,2089,10001,0,0,0
735576,65535,255,4377,9637,0,0,0
735577,65535,255,5637,-7021,0,0,0
735578,65535,255,4128,-7334,0,0,0
735579,1167,0,1814,-7548,1,0,1
735580,972,0,1135,10127,1,0,1
735581,908,0,3708,9790,1,0,1
735582,0,0,0,0,0,0,0
735583,65535,255,4708,-7180,0,0,0
735584,65535,255,2687,-7488,0,0,0
735585,65535,255,138,8623,0,0,0
735586,65535,255,2940,9905,0,0,0
735587,1302,0,4945,9531,3,0,0
735588,0,0,0,0,0,0,0
735589,702,0,3467,-7465,1,0,1
735590,0,0,0,0,0,0,0
735591,0,0,0,0,0,0,0
735592,65535,255,4370,9619,0,0,0
735593,1402,0,5644,-7019,1,0,1
735594,738,0,4139,-7353,1,0,0
735595,876,0,1826,-7655,1,0,1
735596,672,0,1124,9921,1,0,1
735597,0,0,0,0,0,0,0
735598,814,0,5437,9464,1,0,1
735599,65535,255,4718,-7190,0,0,0
735600,927,0,2696,-7522,3,0,0
735601,65535,255,127,10072,0,0,0
735602,65535,255,2941,9820,0,0,0
735603,2515,0,4945,9504,3,0,0
735604,2189,0,5215,-7092,3,0,0
735605,65535,255,3470,-7465,0,0,0
735606,1079,0,876,-7582,1,0,1
735607,909,0,2073,9973,1,0,1
735608,65535,255,4370,9664,0,0,0
735609,65535,255,5644,-6992,0,0,0
735610,0,0,0,0,0,0,0
735611,65535,255,1825,-7636,0,0,0
735612,658,0,1129,9951,1,0,1
735613,0,0,0,0,0,0,0
735614,612,0,5440,9421,1,0,1
735615,65535,255,4717,-7237,0,0,0
735616,623,0,2691,-7475,1,0,1
735617,65535,255,134,9576,0,0,0
735618,65535,255,2945,9830,0,0,0
735619,816,0,4948,9515,1,0,1
735620,65535,255,5212,-7098,0,0,0
735621,65535,255,3462,-7361,0,0,0
735622,1884,1,865,-7658,3,0,0
735623,1631,0,2078,9957,3,0,0
735624,65535,255,4373,9638,0,0,0
735625,2744,0,5644,-7028,1,0,1
735626,65535,255,4136,-7367,0,0,0
735627,65535,255,1825,-7690,0,0,0
735628,65535,255,1129,9952,0,0,0
735629,1638,0,3708,9764,1,0,1
735630,65535,255,5440,9464,0,0,0
735631,0,0,0,0,0,0,0
735632,65535,255,2691,-7510,0,0,0
735633,0,0,0,0,0,0,0
735634,2393,0,2945,9809,3,0,0
735635,0,0,0,0,0,0,0
735636,65535,255,5213,-7087,0,0,0
735637,65535,255,3467,-7482,0,0,0
735638,2185,0,870,-7658,3,0,0
735639,2190,0,2079,9988,3,0,0
735640,3058,0,4370,9671,3,0,0
735641,1991,0,5641,-6996,3,0,0
735642,1851,0,4135,-7332,3,0,0
735643,0,0,0,0,0,0,0
735644,65535,255,1135,9952,0,0,0
735645,65535,255,3709,9788,0,0,0
735646,2789,0,5443,9420,3,0,0
735647,2294,0,4711,-7237,3,0,0
735648,65535,255,2687,-7475,0,0,0
735649,65535,255,145,9622,0,0,0
735650,1487,0,2950,9830,1,0,0
735651,65535,255,4952,9514,0,0,0
735652,1604,0,5204,-7099,1,0,1
735653,1184,0,3454,-7396,1,0,1
735654,65535,255,854,-8007,0,0,0
735655,1198,0,2095,9925,1,0,1
735656,65535,255,4381,9663,0,0,0
735657,1371,0,5633,-7003,1,0,1
735658,1303,0,4122,-7361,1,0,1
735659,1059,0,1798,-7510,1,0,1
735660,65535,255,1158,9837,0,0,0
735661,0,0,0,0,0,0,0
735662,1195,0,5454,9432,1,0,1
735663,65535,255,4692,-7188,0,0,0
735664,976,0,2662,-7597,1,0,1
735665,0,0,0,0,0,0,0
735666,65535,255,2974,9859,0,0,0
735667,0,0,0,0,0,0,0
735668,65535,255,5188,-7086,0,0,0
735669,65535,255,3429,-7391,0,0,0
735670,0,0,0,0,0,0,0
735671,65535,255,2121,9831,0,0,0
735672,65535,255,4398,9603,0,0,0
735673,65535,255,5623,-7013,0,0,0
735674,1007,0,4110,-7350,1,0,1
735675,65535,255,1793,-7693,0,0,0
735676,805,0,1157,10009,1,0,1
735677,933,0,3725,9674,1,0,1
735678,65535,255,5449,9424,0,0,0
735679,65535,255,4702,-7238,0,0,0
735680,65535,255,2677,-7464,0,0,0
735681,65535,255,145,9625,0,0,0
735682,752,0,2945,9831,1,0,1
735683,966,0,4946,9515,1,0,1
735684,65535,255,5208,-7097,0,0,0
735685,710,0,3463,-7394,1,0,1
735686,65535,255,876,-7893,0,0,0
735687,65535,255,2068,9944,0,0,1
735688,65535,255,4364,9674,0,0,0
735689,65535,255,5644,-7008,0,0,0
735690,859,0,4143,-7358,1,0,1
735691,604,2,1836,-7544,1,0,1
735692,65535,255,1113,9864,0,0,0
735693,65535,255,3688,9777,0,0,0
735694,65535,255,5427,9443,0,0,0
735695,804,0,4728,-7198,1,0,1
735696,0,0,0,0,0,0,0
735697,65535,255,98,9708,0,0,0
735698,722,0,2912,9878,1,0,1
735699,1026,0,4925,9563,1,0,1
735700,65535,255,5227,-7083,0,0,0
735701,65535,255,3492,-7399,0,0,0
735702,945,0,905,-7582,1,0,1
735703,669,0,2041,9855,1,0,1
735704,65535,255,4345,9644,0,0,0
735705,65535,255,5659,-7008,0,0,0
735706,65535,255,4161,-7292,0,0,0
735707,837,0,1864,-7665,1,0,1
735708,0,0,0,0,0,0,0
735709,65535,255,3669,9787,0,0,0
735710,858,0,5416,9456,1,0,1
735711,890,0,4741,-7231,1,0,0
735712,699,0,2736,-7550,1,0,1
735713,922,0,83,8838,1,0,1
735714,830,0,2898,9902,1,0,1
735715,65535,255,4916,9511,0,0,0
735716,812,0,5239,-7131,1,0,1
735717,709,0,3505,-7380,1,0,1
735718,65535,255,923,-7619,0,0,0
735719,65535,255,2026,9886,0,0,0
735720,65535,255,4336,9622,0,0,0
735721,65535,255,5664,-6989,0,0,0
735722,65535,255,4172,-7277,0,0,0
735723,918,0,1875,-7682,1,0,1
735724,715,0,1073,9860,1,0,1
735725,716,0,3664,9723,1,0,1
735726,776,0,5413,9428,1,0,1
735727,65535,255,4747,-7212,0,0,0
735728,65535,255,2745,-7538,0,0,0
735729,65535,255,75,9588,0,0,0
735730,65535,255,2898,9773,0,0,0
735731,975,0,4915,9544,1,0,1
735732,65535,255,5238,-7095,0,0,0
735733,876,0,3508,-7474,1,0,1
735734,65535,255,923,-7548,0,0,0
735735,65535,255,2026,9901,0,0,0
735736,65535,255,4337,9613,0,0,0
735737,820,0,5847,9366,1,0,1
735738,682,0,4172,-7338,1,0,1
735739,695,0,1875,-7612,1,0,1
735740,65535,255,1075,10060,0,0,0
735741,65535,255,3668,9723,0,0,0
735742,65535,255,5416,9442,0,0,0
735743,65535,255,6559,9131,0,0,0
735744,685,0,2736,-7447,1,0,1
735745,65535,255,91,7397,0,0,0
735746,693,2,2898,9902,1,0,1
735747,65535,255,4918,9538,0,0,0
735748,65535,255,6227,9257,0,0,0
735749,65535,255,3496,-7363,0,0,0
735750,609,0,917,-7728,1,0,1
735751,884,0,2037,9995,1,0,1
735752,710,0,4341,9672,1,0,1
735753,772,0,5851,9344,1,0,1
735754,65535,255,6857,9018,0,0,0
735755,0,0,0,0,0,0,0
735756,65535,255,1090,10258,0,0,0
735757,873,0,3676,9730,1,0,1
735758,1047,0,5421,9451,1,0,1
735759,65535,255,6563,9144,0,0,0
735760,65535,255,2721,-7517,0,0,0
735761,65535,255,98,10041,0,0,0
735762,0,0,0,0,0,0,0
735763,65535,255,4927,9509,0,0,0
735764,65535,255,6233,9239,0,0,0
735765,65535,255,-32768,-32768,0,65535,1
735766,870,0,893,-7692,1,0,1
735767,65535,255,2052,10009,0,0,0
735768,652,0,4352,9683,1,0,1
735769,65535,255,5858,9359,0,0,0
735770,65535,255,6862,9034,0,0,1
735771,65535,255,1842,-7704,0,0,0
735772,65535,255,1112,10043,0,0,0
735773,737,0,3693,9687,1,0,1
735774,65535,255,5432,9434,0,0,0
735775,1409,0,6570,9134,1,0,1
735776,65535,255,2702,-7496,0,0,0
735777,65535,255,121,10077,0,0,0
735778,775,0,2936,9844,1,0,1
735779,638,0,4939,9523,1,0,1
735780,753,0,6242,9256,1,0,1
735781,65535,255,-32768,-32768,0,65535,1
735782,864,0,870,-7731,1,0,1
735783,65535,255,2073,9913,0,0,0
735784,65535,255,4367,9594,0,0,0
735785,1087,0,5866,9335,1,0,1
735786,65535,255,6865,9043,0,0,1
735787,65535,255,1826,-7598,0,0,0
735788,65535,255,1123,10132,0,0,0
735789,65535,255,3697,9783,0,0,1
735790,65535,255,5433,9455,0,0,0
735791,65535,255,6571,9126,0,0,0
735792,631,0,2702,-7566,1,0,1
735793,65535,255,122,9795,0,0,0
735794,65535,255,2933,9862,0,0,0
735795,65535,255,4939,9523,0,0,0
735796,65535,255,6240,9229,0,0,0
735797,65535,255,3471,-7401,0,0,0
735798,594,0,876,-7732,1,0,1
735799,0,0,0,0,0,0,0
735800,65535,255,4364,9615,0,0,0
735801,65535,255,5864,9353,0,0,0
735802,829,0,4139,-7295,1,0,1
735803,651,0,1831,-7741,1,0,1
735804,393,2,1118,9924,1,0,1
735805,65535,255,3697,9735,0,0,0
735806,65535,255,5433,9433,0,0,0
735807,742,2,4718,-7217,1,0,1
735808,65535,255,2702,-7531,0,0,0
735809,1129,0,122,9264,1,0,1
735810,542,0,2931,9919,1,0,1
735811,559,0,4934,9506,1,0,1
735812,802,0,5216,-7143,1,0,0
735813,65535,255,3467,-7421,0,0,0
735814,65535,255,864,-7850,0,0,0
735815,65535,255,2089,10017,0,0,0
735816,65535,255,4384,9661,0,0,0
735817,65535,255,5627,-6982,0,0,0
735818,628,0,4106,-7281,1,0,1
735819,0,0,0,0,0,0,0
735820,859,0,1179,10038,1,0,1
735821,685,0,3740,9743,1,0,1
735822,436,0,5460,9425,1,0,1
735823,0,0,0,0,0,0,0
735824,65535,255,2657,-7460,0,0,0
735825,644,0,174,10658,1,0,1
735826,828,0,2974,9773,1,0,1
735827,613,0,4963,9527,1,0,1
735828,607,0,5196,-7137,1,0,0
735829,694,0,3441,-7372,1,0,1
735830,586,0,836,-7539,1,0,1
735831,711,0,2106,9831,1,0,1
735832,65535,255,4387,9661,0,0,0
735833,65535,255,5632,-7022,0,0,0
735834,65535,255,4121,-7321,0,0,0
735835,867,0,1798,-7514,1,0,1
735836,739,0,1152,9951,1,0,1
735837,671,0,3720,9730,1,0,1
735838,670,0,5449,9423,1,0,1
735839,956,0,4704,-7193,1,0,1
735840,763,0,2681,-7476,1,0,1
735841,706,0,149,11649,1,0,1
735842,65535,255,2950,9840,0,0,0
735843,65535,255,4951,9563,0,0,0
735844,668,0,5209,-7104,1,0,1
735845,65535,255,3462,-7466,0,0,0
735846,876,0,862,-7765,1,0,1
735847,660,0,2080,9987,1,0,1
735848,65535,255,4373,9664,0,0,1
735849,65535,255,5641,-7033,0,0,0
735850,624,0,4135,-7353,1,0,1
735851,674,0,1820,-7601,1,0,1
735852,65535,255,1129,10188,0,0,0
735853,65535,255,3696,9721,0,0,0
735854,736,0,5434,9402,1,0,1
735855,65535,255,4724,-7239,0,0,0
735856,723,0,2711,-7513,1,0,1
735857,651,0,116,12100,1,0,1
735858,65535,255,2931,9796,0,0,0
735859,771,0,4939,9523,1,0,1
735860,1031,0,5221,-7126,1,0,1
735861,827,0,3479,-7476,1,0,1
735862,65535,255,888,-7922,0,0,0
735863,65535,255,2063,9955,0,0,0
735864,65535,255,4363,9596,0,0,0
735865,1054,0,5648,-6977,1,0,1
735866,701,0,4146,-7348,1,0,1
735867,0,0,0,0,0,0,0
735868,0,0,0,0,0,0,0
735869,960,0,3700,9753,1,0,1
735870,882,0,5438,9432,1,0,1
735871,65535,255,4720,-7205,0,0,0
735872,65535,255,2706,-7583,0,0,0
735873,65535,255,115,10347,0,0,0
735874,207,2,2931,9774,1,0,1
735875,65535,255,4936,9535,0,0,0
735876,65535,255,5224,-7079,0,0,0
735877,791,0,3483,-7423,1,0,0
735878,65535,255,899,-7845,0,0,0
735879,65535,255,2047,9989,0,0,0
735880,65535,255,4352,9645,0,0,0
735881,0,0,0,0,0,0,0
735882,786,0,4164,-7365,1,0,1
735883,0,0,0,0,0,0,0
735884,657,0,1090,9827,1,0,1
735885,65535,255,3672,9717,0,0,0
735886,65535,255,5419,9432,0,0,0
735887,65535,255,4743,-7223,0,0,0
735888,65535,255,2754,-7592,0,0,0
735889,65535,255,65,11518,0,0,0
735890,65535,255,2889,9817,0,0,0
735891,65535,255,4912,9561,0,0,0
735892,65535,255,5239,-7122,0,0,0
735893,65535,255,3505,-7382,0,0,0
735894,65535,255,917,-7738,0,0,0
735895,181,2,2036,9970,1,0,1
735896,65535,255,4348,9640,0,0,0
735897,65535,255,5657,-7003,0,0,0
735898,626,0,4154,-7298,1,0,1
735899,828,0,1848,-7731,1,0,1
735900,584,2,1106,10034,1,0,0
735901,593,2,3692,9768,1,0,1
735902,756,0,5435,9408,1,0,1
735903,758,0,4721,-7239,1,0,1
735904,65535,255,2707,-7565,0,0,0
735905,0,0,0,0,0,0,0
735906,632,0,2931,9770,1,0,1
735907,65535,255,4936,9530,0,0,0
735908,0,0,0,0,0,0,0
735909,0,0,0,0,0,0,0
735910,65535,255,888,-7890,0,0,0
735911,698,0,2058,10029,1,0,1
735912,65535,255,4355,9659,0,0,0
735913,820,0,5652,-7038,1,0,1
735914,768,0,4151,-7373,1,0,1
735915,0,0,0,0,0,0,0
735916,951,0,1095,9908,1,0,1
735917,65535,255,3676,9763,0,0,0
735918,1090,0,5421,9406,1,0,1
735919,65535,255,4738,-7194,0,0,1
735920,0,0,0,0,0,0,0
735921,586,0,81,10848,1,0,1
735922,693,0,2898,9844,1,0,1
735923,65535,255,4916,9513,0,0,0
735924,1055,0,5236,-7090,1,0,1
735925,688,0,3509,-7497,1,0,1
735926,65535,255,928,-7778,0,0,0
735927,65535,255,2022,10010,0,0,0
735928,65535,255,4335,9598,0,0,0
735929,0,0,0,0,0,0,0
735930,65535,255,4177,-7328,0,0,0
735931,879,0,1881,-7520,1,0,1
735932,855,0,1062,10159,1,0,0
735933,65535,255,3657,9750,0,0,0
735934,65535,255,5409,9405,0,0,0
735935,65535,255,4753,-7237,0,0,0
735936,65535,255,2755,-7494,0,0,0
735937,655,0,58,11108,1,0,1
735938,852,0,2879,9880,1,0,1
735939,65535,255,4906,9553,0,0,0
735940,65535,255,5250,-7147,0,0,0
735941,65535,255,3520,-7456,0,0,0
735942,65535,255,946,-7915,0,0,0
735943,612,0,2010,9920,1,0,1
735944,65535,255,4323,9647,0,0,0
735945,65535,255,5674,-7010,0,0,0
735946,65535,255,4184,-7310,0,0,0
735947,697,0,1891,-7590,1,0,0
735948,639,0,1055,10004,1,0,1
735949,65535,255,3652,9719,0,0,0
735950,65535,255,5405,9401,0,0,0
735951,65535,255,4757,-7254,0,0,0
735952,802,0,2759,-7562,1,0,1
735953,65535,255,63,7811,0,0,0
735954,65535,255,2879,9869,0,0,0
735955,65535,255,4906,9566,0,0,0
735956,65535,255,5247,-7108,0,0,0
735957,0,0,0,0,0,0,0
735958,65535,255,940,-7882,0,0,0
735959,832,0,2011,9984,1,0,1
735960,806,0,4330,9626,1,0,1
735961,65535,255,5674,-7010,0,0,0
735962,65535,255,4179,-7310,0,0,0
735963,780,0,1886,-7746,1,0,1
735964,65535,255,1067,9909,0,0,0
735965,65535,255,3664,9725,0,0,0
735966,65535,255,5413,9424,0,0,0
735967,65535,255,4749,-7214,0,0,0
735968,65535,255,2745,-7529,0,0,0
735969,1066,0,79,8314,1,0,1
735970,959,0,2898,9899,1,0,1
735971,65535,255,4918,9519,0,0,0
735972,1171,0,5240,-7144,1,0,1
735973,65535,255,3504,-7429,0,0,0
735974,1023,0,917,-7886,1,0,1
735975,935,0,2037,10013,1,0,1
735976,65535,255,4345,9657,0,0,0
735977,65535,255,5662,-7013,0,0,0
735978,695,0,4164,-7381,1,0,1
735979,740,0,1864,-7697,1,0,1
735980,883,0,1095,9910,1,0,1
735981,1043,0,3684,9747,1,0,1
735982,1028,0,5429,9450,1,0,1
735983,719,0,4733,-7264,1,0,1
735984,65535,255,2716,-7473,0,0,0
735985,1036,0,115,8310,1,0,1
735986,65535,255,2927,9856,0,0,0
735987,993,0,4939,9532,1,0,1
735988,65535,255,5223,-7103,0,0,0
735989,65535,255,3479,-7493,0,0,0
735990,65535,255,881,-7670,0,0,0
735991,65535,255,2073,9961,0,0,0
735992,1792,1,4370,9646,3,0,0
735993,1746,0,5646,-7030,1,0,0
735994,65535,255,4139,-7289,0,0,0
735995,1605,0,1822,-7635,1,0,1
735996,65535,255,1135,10115,0,0,0
735997,0,0,0,0,0,0,0
735998,2809,1,5448,9422,3,0,0
735999,65535,255,4707,-7245,0,0,0
736000,65535,255,2682,-7523,0,0,0
736001,1852,0,150,9858,3,0,0
736002,65535,255,2954,9796,0,0,0
736003,0,0,0,0,0,0,0
736004,0,0,0,0,0,0,0
736005,65535,255,3462,-7408,0,0,0
736006,1590,0,865,-7899,1,0,1
736007,65535,255,2084,9836,0,0,0
736008,1268,0,4377,9600,1,0,1
736009,1508,0,5644,-7013,1,0,1
736010,65535,255,4139,-7351,0,0,0
736011,1340,0,1825,-7684,1,0,1
736012,0,0,0,0,0,0,0
736013,1387,0,3705,9769,1,0,0
736014,65535,255,5441,9409,0,0,0
736015,1451,0,4720,-7225,1,0,1
736016,1249,0,2702,-7616,1,0,1
736017,0,0,0,0,0,0,0
736018,0,0,0,0,0,0,0
736019,1510,0,4939,9559,1,0,1
736020,1465,0,5218,-7139,1,0,1
736021,0,0,0,0,0,0,0
736022,1442,0,882,-7557,1,0,1
736023,1470,0,2068,9963,1,0,0
736024,1275,0,4363,9668,1,0,0
736025,0,0,0,0,0,0,0
736026,1535,0,4146,-7349,1,0,0
736027,0,0,0,0,0,0,0
736028,65535,255,1112,10089,0,0,0
736029,2807,0,3697,9714,1,0,1
736030,1582,0,5432,9454,1,0,1
736031,1632,0,4724,-7200,1,0,0
736032,1014,0,2706,-7591,1,0,0
736033,65535,255,121,8400,0,0,0
736034,0,0,0,0,0,0,0
736035,1034,0,4937,9505,1,0,1
736036,854,0,5221,-7102,1,0,1
736037,0,0,0,0,0,0,0
736038,65535,255,882,-7480,0,0,0
736039,764,0,2063,9963,1,0,1
736040,65535,255,4363,9582,0,0,0
736041,1177,0,5649,-7024,1,0,1
736042,696,0,4146,-7294,1,0,1
736043,0,0,0,0,0,0,0
736044,65535,255,1118,10000,0,0,0
736045,491,2,3697,9706,1,0,0
736046,888,0,5434,9429,1,0,1
736047,65535,255,4721,-7224,0,0,0
736048,637,0,2702,-7485,1,0,1
736049,65535,255,122,10871,0,0,0
736050,65535,255,2933,9810,0,0,0
736051,65535,255,4940,9494,0,0,0
736052,65535,255,5216,-7103,0,0,0
736053,65535,255,3471,-7432,0,0,0
736054,837,0,876,-7668,1,0,1
736055,475,0,2074,9853,1,0,1
736056,752,0,4367,9654,1,0,1
736057,0,0,0,0,0,0,0
736058,65535,255,4136,-7302,0,0,0
736059,725,0,1825,-7683,1,0,1
736060,603,0,1129,10205,1,0,1
736061,65535,255,3709,9784,0,0,0
736062,65535,255,5441,9443,0,0,0
736063,65535,255,4711,-7226,0,0,0
736064,65535,255,2687,-7522,0,0,0
736065,65535,255,150,8513,0,0,0
736066,668,0,2950,9839,1,0,1
736067,704,0,4951,9557,1,0,1
736068,65535,255,5204,-7101,0,0,0
736069,931,0,3454,-7443,1,0,1
736070,65535,255,853,-7863,0,0,0
736071,65535,255,2100,9974,0,0,0
736072,879,0,4387,9619,1,0,1
736073,65535,255,5632,-7010,0,0,0
736074,0,0,0,0,0,0,0
736075,65535,255,1798,-7741,0,0,0
736076,685,0,1163,9940,1,0,1
736077,626,0,3733,9733,1,0,1
736078,65535,255,5459,9429,0,0,0
736079,1047,0,4692,-7224,1,0,1
736080,724,0,2657,-7562,1,0,1
736081,65535,255,179,10080,0,0,0
736082,65535,255,2983,9783,0,0,0
736083,822,0,4972,9542,1,0,1
736084,769,0,5186,-7105,1,0,1
736085,65535,255,3424,-7386,0,0,0
736086,896,0,818,-7549,1,0,0
736087,673,0,2126,9850,1,0,1
736088,649,0,4400,9667,1,0,1
736089,65535,255,5627,-7030,0,0,0
736090,65535,255,4110,-7334,0,0,0
736091,617,0,1787,-7523,1,0,1
736092,669,0,1169,9998,1,0,1
736093,714,0,3733,9741,1,0,1
736094,65535,255,5457,9430,0,0,0
736095,622,0,4701,-7216,1,0,0
736096,65535,255,2671,-7523,0,0,0
736097,784,0,159,9033,1,0,1
736098,950,0,2959,9881,1,0,1
736099,65535,255,4957,9507,0,0,0
736100,65535,255,5206,-7136,0,0,0
736101,65535,255,3453,-7399,0,0,0
736102,558,0,852,-7746,1,0,1
736103,65535,255,2095,9945,0,0,0
736104,671,0,4380,9627,1,0,1
736105,0,0,0,0,0,0,0
736106,65535,255,4135,-7330,0,0,0
736107,785,0,1814,-7557,1,0,1
736108,887,0,1135,10117,1,0,1
736109,65535,255,3712,9673,0,0,0
736110,800,0,5445,9404,1,0,1
736111,633,0,6578,9100,1,0,1
736112,65535,255,2696,-7509,0,0,0
736113,65535,255,129,9032,0,0,1
736114,763,0,2941,9746,1,0,1
736115,65535,255,4945,9532,0,0,0
736116,65535,255,6245,9224,0,0,0
736117,0,0,0,0,0,0,0
736118,65535,255,876,-7516,0,0,0
736119,564,0,2068,9886,1,0,0
736120,65535,255,4367,9609,0,0,0
736121,65535,255,5868,9294,0,0,0
736122,65535,255,6867,9024,0,0,1
736123,65535,255,1836,-7591,0,0,0
736124,65535,255,1113,10241,0,0,0
736125,828,0,3697,9707,1,0,1
736126,662,0,5432,9431,1,0,1
736127,65535,255,6571,9125,0,0,0
736128,65535,255,2717,-7613,0,0,0
736129,733,0,113,10647,1,0,0
736130,0,0,0,0,0,0,0
736131,65535,255,4933,9529,0,0,0
736132,712,0,6238,9217,1,0,1
736133,0,0,0,0,0,0,0
736134,65535,255,893,-7667,0,0,0
736135,0,0,0,0,0,0,0
736136,65535,255,4356,9657,0,0,0
736137,864,0,5861,9333,1,0,1
736138,65535,255,6862,9010,0,0,1
736139,717,0,1853,-7536,1,0,1
736140,589,0,1096,10216,1,0,1
736141,65535,255,3684,9717,0,0,0
736142,65535,255,5427,9446,0,0,0
736143,65535,255,6567,9140,0,0,0
736144,724,0,2721,-7506,1,0,1
736145,735,0,97,9808,1,0,1
736146,65535,255,2917,9823,0,0,0
736147,664,0,4930,9502,1,0,1
736148,764,0,6234,9235,1,0,1
736149,0,0,0,0,0,0,0
736150,740,0,905,-7631,1,0,1
736151,65535,255,2047,9982,0,0,0
736152,65535,255,4348,9665,0,0,0
736153,702,0,5856,9347,1,0,1
736154,65535,255,4161,-7332,0,0,0
736155,676,0,1858,-7643,1,0,1
736156,830,0,1095,9942,1,0,1
736157,718,0,3681,9789,1,0,1
736158,65535,255,5425,9413,0,0,0
736159,65535,255,4734,-7238,0,0,0
736160,65535,255,2721,-7459,0,0,0
736161,597,0,100,9054,1,0,1
736162,751,0,2913,9802,1,0,1
736163,65535,255,4928,9497,0,0,0
736164,858,0,5227,-7084,1,0,1
736165,65535,255,3492,-7497,0,0,0
736166,65535,255,905,-7778,0,0,0
736167,571,0,2048,9824,1,0,1
736168,636,0,4349,9611,1,0,1
736169,65535,255,5657,-7034,0,0,0
736170,665,0,4157,-7291,1,0,1
736171,65535,255,1853,-7554,0,0,0
736172,65535,255,1096,9820,0,0,0
736173,804,0,3680,9757,1,0,1
736174,743,0,5424,9404,1,0,1
736175,783,0,4731,-7232,1,0,1
736176,734,0,2722,-7459,1,0,1
736177,587,0,99,9368,1,0,1
736178,752,0,2917,9823,1,0,1
736179,664,0,4928,9519,1,0,1
736180,65535,255,5225,-7105,0,0,0
736181,773,0,3488,-7402,1,0,1
736182,678,0,900,-7645,1,0,0
736183,687,0,2052,9934,1,0,1
736184,707,0,4353,9664,1,0,1
736185,688,0,5655,-7008,1,0,1
736186,829,0,4154,-7360,1,0,1
736187,65535,255,1848,-7768,0,0,0
736188,608,0,1101,10214,1,0,1
736189,740,0,3688,9748,1,0,1
736190,973,0,5430,9403,1,0,1
736191,626,0,4728,-7239,1,0,1
736192,65535,255,2711,-7483,0,0,0
736193,681,0,110,10346,1,0,1
736194,65535,255,2922,9877,0,0,0
736195,636,2,4934,9550,1,0,0
736196,807,0,5222,-7142,1,0,1
736197,65535,255,3479,-7473,0,0,0
736198,65535,255,888,-7780,0,0,0
736199,774,0,2063,9855,1,0,1
736200,692,0,4360,9643,1,0,1
736201,65535,255,5649,-6996,0,0,0
736202,655,0,4146,-7354,1,0,1
736203,626,0,1837,-7770,1,0,1
736204,665,0,1118,10241,1,0,1
736205,804,0,3701,9763,1,0,1
736206,65535,255,5438,9421,0,0,0
736207,639,0,4721,-7263,1,0,1
736208,561,0,2701,-7555,1,0,1
736209,916,0,136,8078,1,0,1
736210,735,0,2940,9789,1,0,1
736211,827,0,4946,9510,1,0,1
736212,679,0,5215,-7118,1,0,1
736213,821,0,3466,-7440,1,0,1
736214,645,0,870,-7706,1,0,1
736215,700,0,2085,9838,1,0,1
736216,729,0,4377,9640,1,0,1
736217,65535,255,5641,-7002,0,0,0
736218,65535,255,4135,-7370,0,0,0
736219,567,0,1814,-7557,1,0,1
736220,65535,255,1140,9942,0,0,0
736221,919,0,3720,9689,1,0,1
736222,763,0,5450,9428,1,0,1
736223,65535,255,4708,-7225,0,0,0
736224,732,0,2681,-7486,1,0,1
736225,636,0,152,10945,1,0,1
736226,628,0,2964,9765,1,0,1
736227,65535,255,4960,9503,0,0,0
736228,65535,255,5203,-7115,0,0,0
736229,65535,255,3449,-7452,0,0,0
736230,751,0,841,-7785,1,0,1
736231,689,0,2100,9821,1,0,1
736232,662,0,4387,9586,1,0,1
736233,0,0,0,0,0,0,0
736234,695,0,4128,-7318,1,0,1
736235,65535,255,1808,-7558,0,0,0
736236,65535,255,1146,10202,0,0,0
736237,0,0,0,0,0,0,0
736238,65535,255,5448,9432,0,0,0
736239,0,0,0,0,0,0,0
736240,0,0,0,0,0,0,0
736241,65535,255,150,8510,0,0,0
736242,65535,255,2952,9832,0,0,0
736243,839,0,4951,9541,1,0,1
736244,65535,255,5212,-7110,0,0,0
736245,65535,255,3466,-7381,0,0,0
736246,65535,255,870,-7821,0,0,0
736247,65535,255,2083,9868,0,0,0
736248,802,0,4377,9588,1,0,1
736249,783,0,5646,-7012,1,0,1
736250,65535,255,4139,-7343,0,0,0
736251,715,0,1825,-7665,1,0,1
736252,797,0,1129,9941,1,0,1
736253,65535,255,3704,9778,0,0,0
736254,845,0,5443,9410,1,0,1
736255,676,0,4720,-7224,1,0,1
736256,686,0,2701,-7603,1,0,1
736257,876,0,136,8079,1,0,1
736258,645,0,2941,9756,1,0,1
736259,65535,255,4942,9554,0,0,0
736260,770,0,5218,-7134,1,0,1
736261,730,0,3470,-7440,1,0,1
736262,0,0,0,0,0,0,0
736263,819,0,2074,9947,1,0,1
736264,65535,255,4367,9662,0,0,0
736265,65535,255,5646,-6998,0,0,0
736266,65535,255,4142,-7336,0,0,0
736267,682,0,1831,-7682,1,0,1
736268,734,0,1123,10031,1,0,1
736269,0,0,0,0,0,0,0
736270,65535,255,5438,9439,0,0,0
736271,865,0,4719,-7237,1,0,1
736272,608,0,2701,-7543,1,0,1
736273,65535,255,124,11401,0,0,0
736274,65535,255,2936,9884,0,0,0
736275,65535,255,4940,9511,0,0,0
736276,934,0,5218,-7143,1,0,1
736277,654,0,3475,-7413,1,0,1
736278,65535,255,882,-7818,0,0,0
736279,172,0,2063,9995,1,0,1
736280,65535,255,4360,9650,0,0,0
736281,835,0,5651,-7036,1,0,1
736282,822,0,4150,-7361,1,0,1
736283,850,0,1842,-7645,1,0,1
736284,904,0,1108,9822,1,0,1
736285,737,0,3689,9724,1,0,1
736286,65535,255,5427,9432,0,0,0
736287,0,0,0,0,0,0,0
736288,65535,255,2721,-7599,0,0,0
736289,860,0,102,11693,1,0,1
736290,65535,255,2917,9855,0,0,0
736291,865,0,4928,9508,1,0,1
736292,1007,0,5228,-7150,1,0,1
736293,807,0,3488,-7445,1,0,1
736294,696,0,900,-7446,1,0,1
736295,789,0,2048,9856,1,0,1
736296,0,0,0,0,0,0,0
736297,0,0,0,0,0,0,0
736298,65535,255,4161,-7345,0,0,0
736299,65535,255,1858,-7642,0,0,0
736300,0,0,0,0,0,0,0
736301,65535,255,3677,9750,0,0,0
736302,851,0,5420,9458,1,0,1
736303,992,0,4734,-7185,1,0,1
736304,808,0,2726,-7517,1,0,1
736305,65535,255,87,9649,0,0,0
736306,65535,255,2903,9814,0,0,0
736307,864,0,4922,9493,1,0,1
736308,717,2,5234,-7148,1,0,1
736309,65535,255,3496,-7452,0,0,0
736310,65535,255,911,-7520,0,0,0
736311,65535,255,2037,9920,0,0,0
736312,0,0,0,0,0,0,0
736313,65535,255,5660,-6979,0,0,0
736314,721,2,4165,-7296,1,0,1
736315,65535,255,1864,-7535,0,0,0
736316,65535,255,1084,10219,0,0,0
736317,65535,255,3672,9727,0,0,0
736318,65535,255,5417,9449,0,0,0
736319,0,0,0,0,0,0,0
736320,0,0,0,0,0,0,0
736321,0,0,0,0,0,0,0
736322,65535,255,2903,9868,0,0,0
736323,65535,255,4919,9532,0,0,0
736324,0,0,0,0,0,0,0
736325,65535,255,3496,-7409,0,0,0
736326,65535,255,917,-7992,0,0,0
736327,65535,255,2037,9905,0,0,0
736328,756,0,4345,9640,1,0,1
736329,65535,255,5661,-6987,0,0,0
736330,65535,255,4164,-7323,0,0,0
736331,706,0,1864,-7641,1,0,1
736332,660,0,1090,9973,1,0,1
736333,677,0,3677,9678,1,0,0
736334,868,0,5422,9430,1,0,1
736335,959,0,4737,-7260,1,0,1
736336,605,0,2726,-7528,1,0,1
736337,953,0,94,11092,1,0,1
736338,65535,255,2912,9889,0,0,0
736339,65535,255,4925,9548,0,0,0
736340,65535,255,5229,-7134,0,0,0
736341,65535,255,3491,-7453,0,0,0
736342,683,0,905,-7666,1,0,1
736343,522,0,2047,10031,1,0,1
736344,877,0,4352,9599,1,0,1
736345,0,0,0,0,0,0,0
736346,65535,255,4157,-7297,0,0,0
736347,826,0,1853,-7607,1,0,1
736348,681,0,1101,9942,1,0,1
736349,849,0,3689,9677,1,0,1
736350,65535,255,5429,9438,0,0,0
736351,689,0,4730,-7191,1,0,1
736352,65535,255,2717,-7576,0,0,0
736353,2358,1,117,8043,1,0,1
736354,2908,1,2926,9791,1,0,1
736355,65535,255,4939,9507,0,0,0
736356,65535,255,5223,-7105,0,0,0
736357,1256,0,3479,-7412,1,0,1
736358,65535,255,882,-7515,0,0,0
736359,1386,0,2068,9980,1,0,1
736360,65535,255,4367,9591,0,0,0
736361,1076,0,5651,-7035,1,0,1
736362,923,0,4146,-7306,1,0,1
736363,65535,255,1830,-7645,0,0,0
736364,65535,255,1123,10062,0,0,0
736365,65535,255,3704,9715,0,0,0
736366,1116,0,5443,9392,1,0,1
736367,765,0,4717,-7234,1,0,1
736368,65535,255,2696,-7495,0,0,0
736369,65535,255,133,10813,0,0,0
736370,65535,255,2948,9809,0,0,0
736371,65535,255,4951,9489,0,0,0
736372,932,0,5209,-7098,1,0,1
736373,863,0,3461,-7405,1,0,1
736374,803,0,859,-7551,1,0,1
736375,65535,255,2089,10024,0,0,0
736376,0,0,0,0,0,0,0
736377,65535,255,5638,-6989,0,0,0
736378,641,0,4128,-7357,1,0,1
736379,637,0,1803,-7520,1,0,1
736380,65535,255,1157,9884,0,0,0
736381,783,0,3729,9680,1,0,1
736382,65535,255,5457,9452,0,0,0
736383,65535,255,4701,-7220,0,0,0
736384,65535,255,2667,-7487,0,0,0
736385,65535,255,168,10271,0,0,0
736386,65535,255,2973,9850,0,0,0
736387,1055,0,4966,9519,1,0,1
736388,1110,0,5195,-7101,1,0,1
736389,699,0,3436,-7390,1,0,1
736390,824,0,830,-7905,1,0,1
736391,65535,255,2116,9868,0,0,0
736392,711,0,4397,9626,1,0,1
736393,65535,255,5629,-7041,0,0,0
736394,985,0,4109,-7296,1,0,1
736395,726,0,1781,-7576,1,0,1
736396,727,0,1174,9858,1,0,1
736397,842,0,3740,9766,1,0,1
736398,913,0,5465,9407,1,0,1
736399,65535,255,4688,-7233,0,0,0
736400,0,0,0,0,0,0,0
736401,65535,255,186,9724,0,0,0
736402,605,2,2983,9828,1,0,1
736403,65535,255,4976,9517,0,0,0
736404,65535,255,5187,-7107,0,0,0
736405,712,0,3424,-7401,1,0,1
736406,634,0,813,-8008,1,0,1
736407,623,0,2131,9927,1,0,1
736408,698,0,4408,9662,1,0,1
736409,1205,0,5617,-7003,1,0,1
736410,65535,255,4095,-7362,0,0,0
736411,670,0,1765,-7763,1,0,1
736412,788,0,1197,10165,1,0,1
736413,712,0,3757,9740,1,0,1
736414,65535,255,5470,9438,0,0,0
736415,65535,255,4676,-7200,0,0,0
736416,65535,255,2642,-7632,0,0,0
736417,65535,255,196,10083,0,0,0
736418,65535,255,2988,9890,0,0,0
736419,865,0,4976,9490,1,0,1
736420,982,0,5184,-7097,1,0,1
736421,0,0,0,0,0,0,0
736422,65535,255,817,-7665,0,0,0
736423,65535,255,2122,9867,0,0,0
736424,65535,255,4397,9657,0,0,0
736425,860,0,5622,-7019,1,0,1
736426,913,0,4106,-7296,1,0,1
736427,65535,255,1781,-7667,0,0,0
736428,584,0,1169,10171,3,0,1
736429,757,2,3733,9767,3,0,1
736430,901,0,5458,9437,3,0,1
736431,65535,255,4692,-7203,0,0,0
736432,65535,255,2662,-7462,0,0,0
736433,618,0,163,10886,1,0,1
736434,794,0,2969,9777,1,0,1
736435,923,0,4961,9520,1,0,1
736436,819,0,5199,-7134,1,0,1
736437,787,0,3445,-7502,1,0,1
736438,906,0,842,-7428,1,0,1
736439,65535,255,2095,10024,0,0,0
736440,959,0,4384,9577,1,0,1
736441,843,0,5635,-7038,1,0,1
736442,65535,255,4121,-7343,0,0,0
736443,65535,255,1803,-7519,0,0,0
736444,657,0,1146,9973,1,0,1
736445,65535,255,3717,9722,0,0,0
736446,65535,255,5447,9416,0,0,0
736447,65535,255,4705,-7188,0,0,0
736448,65535,255,2684,-7523,0,0,0
736449,65535,255,140,10778,0,0,0
736450,65535,255,2951,9789,0,0,0
736451,0,0,0,0,0,0,0
736452,65535,255,5210,-7147,0,0,0
736453,65535,255,3458,-7404,0,0,0
736454,65535,255,864,-7664,0,0,0
736455,318,2,2085,9885,1,0,1
736456,65535,255,4374,9585,0,0,0
736457,65535,255,5642,-6978,0,0,0
736458,65535,255,4136,-7367,0,0,0
736459,727,0,1820,-7608,1,0,1
736460,582,0,1129,10150,1,0,1
736461,701,2,3705,9788,1,0,0
736462,787,0,5441,9456,1,0,1
736463,65535,255,4717,-7245,0,0,0
736464,740,0,2696,-7577,1,0,1
736465,65535,255,127,10069,0,0,0
736466,718,0,2941,9770,1,0,1
736467,65535,255,4945,9529,0,0,0
736468,65535,255,5216,-7111,0,0,0
736469,65535,255,3470,-7429,0,0,0
736470,862,0,876,-7816,1,0,1
736471,65535,255,2074,9965,0,0,0
736472,65535,255,4370,9631,0,0,0
736473,864,0,5871,9300,1,0,0
736474,65535,255,4142,-7318,0,0,0
736475,597,0,1831,-7517,1,0,1
736476,65535,255,1124,10032,0,0,0
736477,65535,255,3700,9765,0,0,0
736478,906,0,5438,9447,1,0,1
736479,650,0,6573,9128,1,0,1
736480,65535,255,2706,-7599,0,0,0
736481,65535,255,122,10868,0,0,0
736482,579,2,2936,9813,1,0,1
736483,791,0,4942,9558,1,0,1
736484,0,0,0,0,0,0,0
736485,332,2,3474,-7480,1,0,0
736486,0,0,0,0,0,0,0
736487,522,2,2074,9873,1,0,1
736488,65535,255,4367,9592,0,0,0
736489,852,0,5867,9344,1,0,1
736490,65535,255,6868,9008,0,0,1
736491,616,0,1836,-7749,1,0,1
736492,707,0,1123,9974,1,0,1
736493,613,0,3700,9758,1,0,1
736494,945,2,5438,9447,1,0,1
736495,65535,255,6574,9131,0,0,0
736496,742,0,2706,-7611,1,0,1
736497,65535,255,124,11401,0,0,0
736498,65535,255,2936,9845,0,0,0
736499,915,0,4945,9494,1,0,1
736500,65535,255,6244,9220,0,0,0
736501,635,0,3474,-7402,1,0,1
736502,65535,255,876,-7778,0,0,0
736503,772,0,2068,9982,1,0,1
736504,843,0,4367,9645,1,0,1
736505,928,0,5868,9318,1,0,1
736506,65535,255,6868,9014,0,0,1
736507,579,0,1830,-7678,1,0,1
736508,65535,255,1124,9885,0,0,0
736509,65535,255,3701,9733,0,0,0
736510,65535,255,5438,9442,0,0,0
736511,738,0,6574,9131,1,0,1
736512,65535,255,2700,-7611,0,0,0
736513,464,0,127,11906,1,0,1
736514,0,0,0,0,0,0,0
736515,895,0,4945,9507,1,0,1
736516,65535,255,6244,9231,0,0,0
736517,739,0,3471,-7437,1,0,1
736518,683,0,877,-7967,1,0,1
736519,556,0,2079,9841,1,0,1
736520,65535,255,4371,9586,0,0,0
736521,65535,255,5870,9351,0,0,0
736522,943,0,4139,-7312,1,0,1
736523,65535,255,1825,-7554,0,0,0
736524,813,0,1129,10149,1,0,1
736525,65535,255,3709,9692,0,0,0
736526,681,0,5441,9423,1,0,1
736527,65535,255,4714,-7227,0,0,0
736528,65535,255,2691,-7589,0,0,0
736529,845,0,135,10998,1,0,1
736530,65535,255,2946,9843,0,0,0
736531,708,0,4949,9507,1,0,1
736532,799,0,5209,-7152,1,0,1
736533,713,0,3462,-7446,1,0,0
736534,579,0,860,-7472,1,0,1
736535,826,0,2084,9872,1,0,1
736536,65535,255,4378,9611,0,0,0
736537,1043,0,5639,-7018,1,0,1
736538,65535,255,4132,-7354,0,0,0
736539,680,0,1814,-7662,1,0,1
736540,65535,255,1141,9914,0,0,0
736541,65535,255,3713,9756,0,0,0
736542,65535,255,5445,9418,0,0,0
736543,65535,255,4705,-7188,0,0,0
736544,65535,255,2681,-7519,0,0,0
736545,740,0,151,9860,1,0,1
736546,749,0,2955,9800,1,0,1
736547,893,0,4954,9500,1,0,1
736548,789,2,5202,-7138,1,0,1
736549,848,0,3449,-7422,1,0,1
736550,65535,255,853,-7974,0,0,0
736551,816,0,2100,9855,1,0,1
736552,65535,255,4384,9609,0,0,0
736553,65535,255,5632,-7020,0,0,0
736554,439,0,4121,-7362,1,0,0
736555,65535,255,1798,-7700,0,0,1
736556,65535,255,1158,10116,0,0,0
736557,767,0,3729,9689,1,0,0
736558,915,0,5453,9424,1,0,1
736559,65535,255,4695,-7242,0,0,0
736560,65535,255,2662,-7449,0,0,0
736561,65535,255,172,8911,0,0,0
736562,697,0,2974,9767,1,0,1
736563,871,0,4964,9553,1,0,1
736564,680,0,5193,-7129,1,0,1
736565,841,0,3436,-7415,1,0,1
736566,984,0,830,-7984,1,0,1
736567,844,0,2116,9869,1,0,1
736568,760,0,4398,9620,1,0,1
736569,737,0,5625,-7035,1,0,1
736570,675,0,4106,-7370,1,0,1
736571,65535,255,1780,-7767,0,0,0
736572,673,0,1180,10141,1,0,1
736573,65535,255,3745,9704,0,0,0
736574,65535,255,5465,9436,0,0,0
736575,685,0,4685,-7262,1,0,1
736576,65535,255,2647,-7498,0,0,0
736577,556,0,191,10082,1,0,1
736578,668,0,2993,9828,1,0,1
736579,876,0,4979,9507,1,0,1
736580,677,0,5181,-7086,1,0,1
736581,643,0,3420,-7497,1,0,1
736582,65535,255,806,-7787,0,0,0
736583,65535,255,2141,9835,0,0,0
736584,65535,255,4414,9599,0,0,0
736585,804,0,5614,-7025,1,0,1
736586,838,0,4090,-7376,1,0,1
736587,65535,255,1754,-7576,0,0,0
736588,65535,255,1203,9859,0,0,0
736589,859,0,3753,9758,1,0,1
736590,65535,255,5470,9403,0,0,0
736591,722,0,4681,-7215,1,0,1
736592,65535,255,2647,-7607,0,0,0
736593,65535,255,196,8894,0,0,0
736594,65535,255,2988,9766,0,0,0
736595,65535,255,4974,9509,0,0,0
736596,1000,0,5192,-7140,1,0,1
736597,65535,255,3436,-7459,0,0,0
736598,847,0,829,-7623,1,0,1
736599,737,0,2116,10007,1,0,1
736600,65535,255,4397,9589,0,0,0
736601,851,0,5629,-7016,1,0,1
736602,0,0,0,0,0,0,0
736603,65535,255,1809,-7538,0,0,0
736604,65535,255,1146,9971,0,0,0
736605,65535,255,3716,9713,0,0,0
736606,65535,255,5448,9405,0,0,0
736607,65535,255,4714,-7259,0,0,0
736608,642,0,2691,-7580,1,0,1
736609,634,0,139,9591,1,0,1
736610,646,0,2945,9884,1,0,1
736611,1001,0,4948,9489,1,0,1
736612,65535,255,5215,-7107,0,0,0
736613,720,0,3470,-7457,1,0,1
736614,889,0,876,-7857,1,0,1
736615,65535,255,2068,9949,0,0,0
736616,676,0,4367,9610,1,0,1
736617,812,0,5650,-6991,1,0,1
736618,904,0,4149,-7374,1,0,1
736619,600,0,1842,-7626,1,0,1
736620,65535,255,1113,10151,0,0,0
736621,729,0,3692,9773,1,0,1
736622,623,0,5432,9447,1,0,1
736623,730,0,4730,-7226,1,0,1
736624,65535,255,2716,-7529,0,0,0
736625,65535,255,109,8503,0,0,0
736626,640,0,2917,9867,1,0,1
736627,65535,255,4930,9492,0,0,0
736628,723,0,5229,-7114,1,0,1
736629,928,0,3491,-7471,1,0,1
736630,65535,255,905,-7996,0,0,0
736631,493,0,2042,10031,1,0,1
736632,65535,255,4348,9647,0,0,0
736633,65535,255,5661,-7023,0,0,0
736634,658,0,4164,-7330,1,0,1
736635,636,0,1864,-7517,1,0,1
736636,65535,255,1090,10005,0,0,0
736637,65535,255,3676,9743,0,0,0
736638,65535,255,5419,9436,0,0,0
736639,666,0,4743,-7223,1,0,1
736640,65535,255,2735,-7537,0,0,0
736641,1007,0,85,8446,1,0,1
736642,632,0,2898,9903,1,0,1
736643,65535,255,4919,9511,0,0,0
736644,65535,255,5238,-7141,0,0,0
736645,719,0,3504,-7399,1,0,1
736646,970,0,922,-7702,1,0,1
736647,927,0,2027,9923,1,0,1
736648,936,0,4338,9609,1,0,1
736649,65535,255,5666,-7003,0,0,0
736650,738,0,4171,-7307,1,0,1
736651,674,0,1880,-7751,1,0,0
736652,706,0,1073,9976,1,0,1
736653,869,0,3661,9746,1,0,1
736654,65535,255,5411,9442,0,0,0
736655,65535,255,4750,-7233,0,0,0
736656,65535,255,2750,-7569,0,0,0
736657,717,0,63,10514,1,0,1
736658,65535,255,2889,9796,0,0,0
736659,65535,255,4907,9552,0,0,0
736660,65535,255,5241,-7104,0,0,0
736661,883,0,3513,-7475,1,0,1
736662,646,0,934,-7522,1,0,1
736663,0,0,0,0,0,0,0
736664,65535,255,4328,9590,0,0,0
736665,65535,255,5669,-6993,0,0,0
736666,720,0,4179,-7299,1,0,1
736667,65535,255,1892,-7758,0,0,0
736668,65535,255,1061,9975,0,0,0
736669,65535,255,3653,9763,0,0,0
736670,993,0,5406,9453,1,0,1
736671,65535,255,4754,-7255,0,0,0
736672,65535,255,2749,-7444,0,0,0
736673,746,0,69,13521,1,0,1
736674,717,0,2880,9862,1,0,1
736675,1019,0,4904,9503,1,0,1
736676,0,0,0,0,0,0,0
736677,755,0,3517,-7422,1,0,1
736678,65535,255,940,-7876,0,0,0
736679,743,0,2011,10037,1,0,0
736680,1020,0,4324,9665,1,0,1
736681,0,0,0,0,0,0,0
736682,65535,255,4179,-7285,0,0,0
736683,0,0,0,0,0,0,0
736684,1013,0,1055,9975,1,0,1
736685,1051,0,3653,9731,1,0,1
736686,65535,255,5406,9439,0,0,0
736687,852,0,4754,-7249,1,0,1
736688,0,0,0,0,0,0,0
736689,65535,255,70,12198,0,0,0
736690,972,0,2880,9873,1,0,1
736691,65535,255,4904,9515,0,0,0
736692,875,2,5245,-7082,1,0,1
736693,0,0,0,0,0,0,0
736694,812,0,941,-7488,1,0,1
736695,905,0,2016,9877,1,0,1
736696,65535,255,4327,9611,0,0,0
736697,65535,255,5671,-7014,0,0,0
736698,0,0,0,0,0,0,0
736699,65535,255,1886,-7636,0,0,0
736700,891,0,1062,9819,1,0,1
736701,65535,255,3657,9739,0,0,0
736702,65535,255,5408,9448,0,0,0
736703,2574,1,4752,-7222,1,0,1
736704,1771,1,2749,-7477,1,0,1
736705,1533,1,70,7580,1,0,1
736706,65535,255,2890,9753,0,0,0
736707,65535,255,4910,9547,0,0,0
736708,617,0,5241,-7114,1,0,1
736709,0,0,0,0,0,0,0
736710,65535,255,934,-7768,0,0,0
736711,1011,0,2021,10004,1,0,1
736712,0,0,0,0,0,0,0
736713,65535,255,5668,-6988,0,0,0
736714,65535,255,4175,-7306,0,0,1
736715,65535,255,1875,-7550,0,0,0
736716,65535,255,1073,10193,0,0,0
736717,65535,255,3665,9714,0,0,0
736718,65535,255,5416,9438,0,0,0
736719,65535,255,4746,-7250,0,0,0
736720,539,0,2740,-7467,1,0,1
736721,65535,255,81,7937,0,0,0
736722,708,2,2903,9763,1,0,1
736723,65535,255,4918,9551,0,0,0
736724,1007,2,5238,-7120,1,0,0
736725,618,2,3504,-7406,1,0,1
736726,683,2,917,-7917,1,0,0
736727,1380,2,2037,9829,1,0,0
736728,65535,255,6651,-6671,0,0,1
736729,1201,0,5663,-7017,1,0,1
736730,728,0,4168,-7362,1,0,1
736731,65535,255,1864,-7692,0,0,0
736732,65535,255,1090,10006,0,0,0
736733,65535,255,3677,9785,0,0,0
736734,65535,255,5424,9413,0,0,0
736735,65535,255,4736,-7228,0,0,0
736736,1818,1,2726,-7617,3,0,0
736737,65535,255,107,7818,0,0,0
736738,0,0,0,0,0,0,0
736739,65535,255,4930,9549,0,0,0
736740,1119,0,5229,-7122,1,0,1
736741,65535,255,3487,-7408,0,0,0
736742,745,0,900,-7958,1,0,0
736743,1033,0,2058,9859,1,0,1
736744,899,0,4359,9621,1,0,1
736745,65535,255,5656,-7032,0,0,0
736746,65535,255,4153,-7275,0,0,0
736747,746,0,1843,-7563,1,0,1
736748,0,0,0,0,0,0,0
736749,646,0,3696,9711,1,0,1
736750,616,0,5435,9444,1,0,1
736751,65535,255,4724,-7210,0,0,0
736752,65535,255,2706,-7515,0,0,0
736753,634,0,121,10336,1,0,1
736754,65535,255,2936,9835,0,0,0
736755,0,0,0,0,0,0,0
736756,821,0,5215,-7094,1,0,1
736757,876,0,3470,-7367,1,0,1
736758,706,0,875,-7815,1,0,1
736759,677,0,2079,9826,1,0,1
736760,859,0,4374,9606,1,0,1
736761,65535,255,5643,-7026,0,0,0
736762,65535,255,4133,-7325,0,0,0
736763,920,0,1814,-7499,1,0,1
736764,0,0,0,0,0,0,0
736765,1172,0,3717,9724,1,0,1
736766,848,0,5446,9456,1,0,1
736767,686,0,4707,-7198,1,0,1
736768,0,0,0,0,0,0,0
736769,2172,1,154,11376,1,0,1
736770,1924,1,2960,9896,1,0,1
736771,1089,1,4958,9550,1,0,1
736772,1397,0,5201,-7132,1,0,1
736773,65535,255,3445,-7440,0,0,0
736774,1184,0,841,-7544,1,0,1
736775,1123,0,2105,9962,1,0,1
736776,795,0,4391,9673,1,0,1
736777,1033,0,5629,-7007,1,0,1
736778,765,2,4113,-7357,1,0,1
736779,0,0,0,0,0,0,0
736780,65535,255,1174,10114,0,0,0
736781,65535,255,3741,9713,0,0,0
736782,65535,255,5463,9451,0,0,0
736783,65535,255,4688,-7254,0,0,0
736784,828,0,2652,-7558,1,0,1
736785,65535,255,182,9167,0,0,0
736786,65535,255,2979,9851,0,0,0
736787,843,0,4967,9553,1,0,1
736788,0,0,0,0,0,0,0
736789,65535,255,3432,-7397,0,0,0
736790,65535,255,824,-7583,0,0,0
736791,0,0,0,0,0,0,0
736792,574,0,4394,9653,1,0,1
736793,65535,255,5624,-7016,0,0,0
736794,731,0,4110,-7300,1,0,1
736795,623,0,1787,-7682,1,0,1
736796,715,0,1169,10201,1,0,1
736797,65535,255,3733,9777,0,0,0
736798,732,0,5455,9444,1,0,1
736799,736,0,4691,-7218,1,0,1
736800,691,0,2662,-7496,1,0,1
736801,651,0,172,11431,1,0,1
736802,654,0,2969,9810,1,0,1
736803,65535,255,4961,9538,0,0,0
736804,65535,255,5195,-7154,0,0,0
736805,65535,255,3437,-7396,0,0,0
736806,0,0,0,0,0,0,0
736807,65535,255,2111,9855,0,0,0
736808,65535,255,4391,9667,0,0,0
736809,1115,0,5627,-7029,1,0,1
736810,0,0,0,0,0,0,0
736811,65535,255,1790,-7674,0,0,0
736812,65535,255,1164,9916,0,0,0
736813,65535,255,3729,9714,0,0,0
736814,65535,255,5455,9411,0,0,0
736815,774,0,4695,-7193,1,0,1
736816,65535,255,2667,-7603,0,0,0
736817,65535,255,163,10686,0,0,0
736818,65535,255,2969,9789,0,0,0
736819,782,0,4961,9533,1,0,1
736820,0,0,0,0,0,0,0
736821,65535,255,3441,-7404,0,0,0
736822,65535,255,835,-7702,0,0,1
736823,633,0,2106,9901,1,0,1
736824,795,0,4391,9591,1,0,1
736825,65535,255,5627,-6984,0,0,0
736826,65535,255,4117,-7370,0,0,0
736827,568,0,1792,-7626,1,0,1
736828,65535,255,1163,10145,0,0,0
736829,295,0,3730,9753,1,0,1
736830,1042,0,5455,9436,1,0,0
736831,656,0,4698,-7246,1,0,1
736832,65535,255,2666,-7579,0,0,0
736833,65535,255,168,10084,0,0,0
736834,771,0,2974,9768,1,0,1
736835,65535,255,4964,9527,0,0,0
736836,718,0,5198,-7153,1,0,1
736837,65535,255,3440,-7414,0,0,0
736838,65535,255,835,-7782,0,0,0
736839,0,0,0,0,0,0,0
736840,0,0,0,0,0,0,0
736841,65535,255,5886,9312,0,0,0
736842,900,0,4113,-7300,1,0,1
736843,681,0,1787,-7756,1,0,1
736844,0,0,0,0,0,0,0
736845,0,0,0,0,0,0,0
736846,65535,255,5460,9430,0,0,0
736847,1095,0,6590,9114,1,0,1
736848,600,0,2661,-7544,1,0,1
736849,652,0,174,9698,1,0,1
736850,65535,255,2979,9747,0,0,1
736851,65535,255,4969,9527,0,0,0
736852,65535,255,6261,9232,0,0,0
736853,65535,255,3432,-7423,0,0,0
736854,1022,0,823,-7823,1,0,1
736855,65535,255,2121,9992,0,0,0
736856,783,0,4404,9640,1,0,1
736857,681,0,5891,9309,1,0,1
736858,65535,255,6884,9025,0,0,1
736859,602,0,1776,-7573,1,0,1
736860,65535,255,1180,10114,0,0,0
736861,934,0,3749,9665,1,0,1
736862,779,0,5467,9396,1,0,1
736863,65535,255,6593,9117,0,0,0
736864,455,0,2652,-7461,1,0,1
736865,737,0,193,9836,1,0,1
736866,65535,255,2988,9861,0,0,0
736867,1145,0,4979,9498,1,0,1
736868,1473,0,6267,9218,1,0,1
736869,65535,255,3423,-7398,0,0,0
736870,65535,255,812,-7744,0,0,0
736871,732,0,2137,9960,1,0,0
736872,667,2,4411,9633,1,0,1
736873,65535,255,5898,9308,0,0,0
736874,65535,255,6888,9027,0,0,1
736875,65535,255,1764,-7592,0,0,0
736876,65535,255,1191,10169,0,0,0
736877,622,0,3757,9688,1,0,1
736878,874,0,5475,9408,1,0,0
736879,798,0,6598,9104,1,0,1
736880,598,0,2636,-7511,1,0,1
736881,749,0,204,9434,1,0,1
736882,65535,255,3003,9752,0,0,0
736883,0,0,0,0,0,0,0
736884,706,0,6272,9206,1,0,1
736885,628,0,3411,-7461,1,0,1
736886,730,0,790,-7485,1,0,1
736887,65535,255,2153,9853,0,0,0
736888,65535,255,4424,9586,0,0,0
736889,65535,255,5903,9339,0,0,0
736890,65535,255,4083,-7297,0,0,0
736891,65535,255,1746,-7718,0,0,0
736892,616,0,1214,10053,1,0,1
736893,65535,255,3769,9761,0,0,0
736894,991,0,5483,9392,1,0,1
736895,781,0,4666,-7228,1,0,1
736896,65535,255,2622,-7597,0,0,0
736897,65535,255,223,9195,0,0,0
736898,65535,255,3012,9785,0,0,0
736899,65535,255,4991,9490,0,0,0
736900,65535,255,5175,-7153,0,0,0
736901,65535,255,3407,-7488,0,0,0
736902,65535,255,794,-7787,0,0,0
736903,65535,255,2148,9823,0,0,0
736904,880,0,4418,9612,1,0,1
736905,0,0,0,0,0,0,0
736906,672,0,4091,-7295,1,0,1
736907,830,0,1759,-7574,1,0,1
736908,885,0,1198,9888,1,0,1
736909,65535,255,3750,9754,0,0,0
736910,65535,255,5468,9423,0,0,0
736911,397,2,4682,-7249,1,0,0
736912,65535,255,2642,-7498,0,0,0
736913,530,0,191,10429,1,0,1
736914,65535,255,2988,9872,0,0,0
736915,65535,255,4973,9542,0,0,0
736916,815,0,5187,-7124,1,0,1
736917,539,0,3428,-7440,1,0,1
736918,65535,255,818,-7580,0,0,0
736919,65535,255,2121,9992,0,0,0
736920,900,0,4402,9589,1,0,1
736921,65535,255,5624,-7020,0,0,0
736922,65535,255,4107,-7323,0,0,0
736923,547,0,1781,-7554,1,0,0
736924,569,0,1169,9860,1,0,1
736925,65535,255,3733,9778,0,0,0
736926,65535,255,5458,9420,0,0,0
736927,687,0,4695,-7252,1,0,1
736928,615,0,2661,-7519,1,0,1
736929,65535,255,169,10861,0,0,0
736930,65535,255,2965,9896,0,0,0
736931,1074,0,4961,9555,1,0,1
736932,954,0,5198,-7142,1,0,1
736933,603,0,3445,-7482,1,0,1
736934,631,0,841,-7819,1,0,1
736935,768,0,2100,9933,1,0,1
736936,0,0,0,0,0,0,0
736937,65535,255,5632,-7009,0,0,0
736938,717,0,4121,-7375,1,0,1
736939,729,0,1803,-7516,1,0,1
736940,961,0,1153,9830,1,0,1
736941,65535,255,3717,9781,0,0,0
736942,999,0,5449,9423,1,0,1
736943,682,0,4704,-7262,1,0,1
736944,65535,255,2682,-7541,0,0,0
736945,65535,255,150,11642,0,0,0
736946,940,0,2956,9770,1,0,1
736947,775,0,4952,9503,1,0,1
736948,628,0,5206,-7099,1,0,1
736949,611,0,3457,-7410,1,0,1
736950,65535,255,859,-7507,0,0,0
736951,706,0,2084,9998,1,0,1
736952,65535,255,4378,9600,0,0,0
736953,866,0,5639,-7039,1,0,1
736954,598,0,4132,-7317,1,0,1
736955,648,0,1820,-7677,1,0,1
736956,65535,255,1135,10123,0,0,0
736957,164,2,3709,9742,1,0,0
736958,65535,255,5444,9405,0,0,0
736959,65535,255,4714,-7248,0,0,0
736960,65535,255,2691,-7528,0,0,0
736961,1067,0,137,11535,1,0,1
736962,672,0,2946,9782,1,0,1
736963,645,0,4946,9510,1,0,1
736964,633,2,5212,-7113,1,0,1
736965,829,0,3466,-7435,1,0,1
736966,65535,255,870,-7699,0,0,0
736967,0,0,0,0,0,0,0
736968,65535,255,4360,9584,0,0,0
736969,1210,0,5654,-6977,1,0,1
736970,596,2,4153,-7366,1,0,1
736971,745,0,1847,-7607,1,0,1
736972,533,0,1101,10155,1,0,1
736973,65535,255,3685,9782,0,0,0
736974,65535,255,5427,9458,0,0,0
736975,953,0,4733,-7243,1,0,1
736976,65535,255,2726,-7584,0,0,0
736977,0,0,0,0,0,0,0
736978,513,0,2913,9771,1,0,1
736979,806,0,4927,9531,1,0,1
736980,65535,255,5233,-7109,0,0,0
736981,603,0,3496,-7426,1,0,1
736982,65535,255,910,-7811,0,0,1
736983,65535,255,2037,9968,0,0,0
736984,65535,255,4345,9627,0,0,0
736985,762,0,5663,-7014,1,0,1
736986,877,0,4167,-7316,1,0,1
736987,646,0,1864,-7517,1,0,1
736988,890,0,1084,10005,1,0,1
736989,783,0,3672,9760,1,0,1
736990,1187,0,5419,9446,1,0,1
736991,727,0,4746,-7240,1,0,1
736992,65535,255,2740,-7582,0,0,0
736993,460,0,76,10894,1,0,1
736994,65535,255,2898,9794,0,0,0
736995,798,0,4915,9550,1,0,1
736996,1027,0,5241,-7101,1,0,1
736997,0,0,0,0,0,0,0
736998,65535,255,923,-7521,0,0,0
736999,598,0,2027,9859,1,0,1
737000,739,0,4338,9589,1,0,1
737001,735,0,5668,-6994,1,0,1
737002,65535,255,4174,-7294,0,0,0
737003,728,0,1880,-7743,1,0,1
737004,65535,255,1073,9974,0,0,0
737005,65535,255,3665,9762,0,0,0
737006,790,0,5413,9452,1,0,1
737007,65535,255,4750,-7251,0,0,0
737008,773,0,2747,-7553,1,0,1
737009,436,0,71,12884,1,0,1
737010,770,0,2889,9850,1,0,1
737011,0,0,0,0,0,0,0
737012,65535,255,5243,-7140,0,0,0
737013,695,0,3513,-7415,1,0,1
737014,898,0,934,-7843,1,0,1
737015,65535,255,2016,10020,0,0,0
737016,648,0,4330,9663,1,0,1
737017,1093,0,5668,-6980,1,0,1
737018,65535,255,4175,-7279,0,0,0
737019,65535,255,1886,-7724,0,0,0
737020,724,0,1067,9975,1,0,1
737021,65535,255,3661,9762,0,0,0
737022,842,0,5408,9463,1,0,1
737023,883,0,4750,-7180,1,0,1
737024,654,0,2749,-7489,1,0,1
737025,65535,255,70,7577,0,0,0
737026,65535,255,2888,9780,0,0,0
737027,900,0,4910,9540,1,0,1
737028,814,0,5244,-7104,1,0,1
737029,787,0,3513,-7383,1,0,1
737030,65535,255,934,-7664,0,0,0
737031,65535,255,2016,9956,0,0,0
737032,65535,255,4331,9644,0,0,0
737033,1090,0,5669,-7004,1,0,1
737034,0,0,0,0,0,0,0
737035,65535,255,1880,-7725,0,0,0
737036,784,0,1067,10007,1,0,0
737037,65535,255,3661,9787,0,0,0
737038,65535,255,5412,9399,0,0,0
737039,2329,1,4746,-7204,1,0,1
737040,65535,255,2745,-7547,0,0,0
737041,0,0,0,0,0,0,0
737042,840,0,2894,9828,1,0,1
737043,65535,255,4914,9502,0,0,0
737044,1034,0,5239,-7116,1,0,1
737045,1860,0,3508,-7449,1,0,1
737046,65535,255,923,-7485,0,0,0
737047,65535,255,2027,9892,0,0,0
737048,65535,255,4334,9623,0,0,0
737049,931,0,5664,-7029,1,0,1
737050,699,0,4172,-7375,1,0,1
737051,65535,255,1875,-7708,0,0,0
737052,0,0,0,0,0,0,0
737053,65535,255,3665,9794,0,0,0
737054,65535,255,5417,9408,0,0,0
737055,65535,255,4740,-7222,0,0,0
737056,65535,255,2736,-7593,0,0,0
737057,1080,0,87,12351,1,0,1
737058,758,0,2898,9882,1,0,1
737059,631,0,4919,9534,1,0,1
737060,2374,1,5233,-7105,1,0,1
737061,1310,0,3496,-7381,1,0,1
737062,1104,0,910,-7809,1,0,1
737063,1263,0,2037,10033,1,0,1
737064,65535,255,4346,9589,0,0,0
737065,2294,1,5659,-7008,1,0,0
737066,1795,1,4161,-7342,1,0,0
737067,1524,1,1858,-7657,1,0,0
737068,65535,255,1095,9945,0,0,0
737069,1394,0,3677,9777,1,0,1
737070,1113,0,5425,9407,1,0,1
737071,65535,255,4734,-7217,0,0,0
737072,249,0,2721,-7597,1,0,1
737073,65535,255,111,9434,0,0,0
737074,1051,0,2918,9902,1,0,1
737075,65535,255,4928,9549,0,0,0
737076,65535,255,5224,-7122,0,0,0
737077,65535,255,3483,-7417,0,0,0
737078,1219,0,894,-7998,1,0,1
737079,1144,0,2058,9874,1,0,1
737080,967,0,4360,9627,1,0,1
737081,1027,2,5651,-7037,1,0,1
737082,0,0,0,0,0,0,0
737083,65535,255,1836,-7535,0,0,0
737084,575,0,1113,10213,1,0,1
737085,970,0,3697,9726,1,0,1
737086,65535,255,5435,9453,0,0,0
737087,999,0,4720,-7191,1,0,1
737088,65535,255,2701,-7552,0,0,0
737089,0,0,0,0,0,0,0
737090,65535,255,2941,9749,0,0,0
737091,718,0,4942,9558,1,0,1
737092,65535,255,5215,-7135,0,0,0
737093,65535,255,3466,-7446,0,0,0
737094,637,0,870,-7549,1,0,1
737095,0,0,0,0,0,0,0
737096,496,0,4374,9663,1,0,1
737097,65535,255,5641,-6995,0,0,0
737098,65535,255,4131,-7333,0,0,0
737099,1109,0,1814,-7662,1,0,0
737100,806,0,1140,10002,1,0,1
737101,0,0,0,0,0,0,0
737102,0,0,0,0,0,0,0
737103,65535,255,4707,-7252,0,0,0
737104,897,0,2676,-7496,1,0,1
737105,930,0,158,9236,1,0,1
737106,201,2,2964,9800,1,0,0
737107,0,0,0,0,0,0,0
737108,65535,255,5200,-7087,0,0,0
737109,65535,255,3444,-7428,0,0,0
737110,65535,255,841,-7821,0,0,0
737111,65535,255,2111,9840,0,0,0
737112,576,0,4397,9621,1,0,0
737113,65535,255,5631,-7038,0,0,0
737114,367,2,4113,-7301,1,0,0
737115,367,0,1787,-7592,1,0,0
737116,0,0,0,0,0,0,0
737117,65535,255,3740,9776,0,0,0
737118,1177,0,5465,9414,1,0,1
737119,1087,0,4688,-7243,1,0,1
737120,687,0,2651,-7594,1,0,1
737121,65535,255,186,9547,0,0,0
737122,65535,255,2983,9850,0,0,0
737123,65535,255,4973,9547,0,0,0
737124,65535,255,5192,-7150,0,0,0
737125,897,0,3432,-7372,1,0,1
737126,65535,255,826,-7545,0,0,0
737127,1187,0,2116,9992,1,0,1
737128,65535,255,4397,9608,0,0,0
737129,1459,0,5627,-7020,1,0,1
737130,1113,0,4113,-7343,1,0,1
737131,936,0,1789,-7655,1,0,1
737132,65535,255,1169,9859,0,0,0
737133,826,0,3737,9681,1,0,1
737134,65535,255,5457,9454,0,0,0
737135,1095,0,4697,-7218,1,0,1
737136,991,0,2666,-7484,1,0,1
737137,615,0,164,11091,1,0,1
737138,747,0,2969,9778,1,0,1
737139,65535,255,4963,9516,0,0,0
737140,0,0,0,0,0,0,0
737141,65535,255,3444,-7474,0,0,0
737142,728,2,841,-7898,1,0,1
737143,65535,255,2100,9948,0,0,0
737144,710,0,4388,9597,1,0,1
737145,875,0,5633,-7035,1,0,1
737146,65535,255,4120,-7341,0,0,0
737147,0,0,0,0,0,0,0
737148,65535,255,1152,9916,0,0,0
737149,65535,255,3725,9699,0,0,0
737150,65535,255,5452,9393,0,0,0
737151,0,0,0,0,0,0,0
737152,0,0,0,0,0,0,0
737153,65535,255,161,8825,0,0,0
737154,65535,255,2960,9843,0,0,0
737155,1132,0,4955,9550,1,0,1
737156,0,0,0,0,0,0,0
737157,65535,255,3453,-7403,0,0,0
737158,65535,255,852,-7625,0,0,0
737159,656,0,2095,9857,1,0,1
737160,65535,255,4381,9662,0,0,0
737161,1225,0,5637,-7022,1,0,1
737162,937,0,4124,-7313,1,0,1
737163,681,0,1809,-7734,1,0,1
737164,960,0,1147,9828,1,0,1
737165,65535,255,3717,9684,0,0,0
737166,65535,255,5447,9408,0,0,0
737167,65535,255,4708,-7244,0,0,0
737168,65535,255,2681,-7565,0,0,0
737169,65535,255,146,9384,0,0,0
737170,850,0,2951,9876,1,0,1
737171,1119,0,4952,9491,1,0,1
737172,1114,0,5204,-7111,1,0,1
737173,927,0,3457,-7464,1,0,1
737174,807,0,859,-7934,1,0,1
737175,65535,255,2090,9996,0,0,0
737176,65535,255,4378,9625,0,0,0
737177,65535,255,5636,-7003,0,0,0
737178,65535,255,4125,-7291,0,0,0
737179,65535,255,1809,-7680,0,0,0
737180,65535,255,1141,10184,0,0,0
737181,65535,255,3718,9676,0,0,0
737182,1044,0,5445,9425,1,0,1
737183,65535,255,4708,-7250,0,0,0
737184,65535,255,2681,-7577,0,0,0
737185,65535,255,145,9839,0,0,0
737186,0,0,0,0,0,0,0
737187,65535,255,4952,9513,0,0,0
737188,808,0,5204,-7136,1,0,1
737189,777,0,3453,-7376,1,0,1
737190,662,0,853,-7584,1,0,0
737191,532,0,2090,9857,1,0,1
737192,65535,255,4378,9653,0,0,0
737193,65535,255,5636,-7027,0,0,0
737194,65535,255,4124,-7360,0,0,1
737195,65535,255,1809,-7588,0,0,0
737196,0,0,0,0,0,0,0
737197,0,0,0,0,0,0,0
737198,0,0,0,0,0,0,0
737199,65535,255,4705,-7245,0,0,0
737200,65535,255,2677,-7578,0,0,0
737201,1093,0,150,10069,1,0,1
737202,0,0,0,0,0,0,0
737203,65535,255,4955,9529,0,0,0
737204,1419,0,6253,9234,1,0,1
737205,907,0,3449,-7420,1,0,1
737206,873,0,847,-7818,1,0,1
737207,65535,255,2100,9963,0,0,0
737208,65535,255,4384,9630,0,0,0
737209,208,2,5881,9299,1,0,0
737210,654,0,4120,-7320,1,0,1
737211,65535,255,1798,-7516,0,0,0
737212,65535,255,1158,10002,0,0,0
737213,568,0,3725,9756,1,0,1
737214,65535,255,5454,9445,0,0,0
737215,65535,255,6585,9126,0,0,0
737216,817,0,2671,-7578,1,0,1
737217,923,0,162,10275,1,0,0
737218,65535,255,2969,9790,0,0,0
737219,895,0,4963,9544,1,0,1
737220,774,0,6256,9220,1,0,1
737221,0,0,0,0,0,0,0
737222,0,0,0,0,0,0,0
737223,621,0,2111,9826,1,0,1
737224,65535,255,4394,9674,0,0,0
737225,65535,255,5887,9332,0,0,0
737226,65535,255,6882,8996,0,0,1
737227,598,0,1786,-7682,1,0,1
737228,661,0,1175,9860,1,0,1
737229,65535,255,3737,9714,0,0,0
737230,0,0,0,0,0,0,0
737231,689,0,6590,9114,1,0,0
737232,65535,255,2656,-7544,0,0,0
737233,724,2,180,9894,1,0,0
737234,65535,255,2984,9778,0,0,0
737235,65535,255,4972,9543,0,0,0
737236,792,0,6264,9199,1,0,1
737237,859,0,3432,-7466,1,0,1
737238,592,0,819,-7460,1,0,1
737239,65535,255,2132,9855,0,0,0
737240,889,0,4408,9589,1,0,1
737241,65535,255,5893,9343,0,0,0
737242,860,0,4101,-7294,1,0,1
737243,901,0,1770,-7759,1,0,1
737244,823,0,1191,10001,1,0,1
737245,554,0,3749,9768,1,0,1
737246,839,0,5470,9423,1,0,1
737247,845,0,6596,9116,1,0,1
737248,837,0,2641,-7462,1,0,1
737249,738,0,207,8966,1,0,1
737250,655,0,2997,9881,1,0,1
737251,1048,0,4984,9513,1,0,1
737252,709,0,6271,9233,1,0,0
737253,604,2,3415,-7434,1,0,0
737254,641,0,801,-7953,1,0,1
737255,661,0,2148,9833,1,0,1
737256,0,0,0,0,0,0,0
737257,1038,0,5903,9336,1,0,1
737258,65535,255,4086,-7289,0,0,0
737259,474,0,1753,-7649,1,0,1
737260,726,0,1208,10026,1,0,1
737261,749,0,3761,9702,1,0,1
737262,65535,255,5475,9454,0,0,0
737263,65535,255,4675,-7203,0,0,0
737264,65535,255,2637,-7607,0,0,0
737265,65535,255,204,9436,0,0,0
737266,388,0,3002,9828,1,0,1
737267,337,0,4982,9524,1,0,1
737268,65535,255,5181,-7115,0,0,0
737269,572,0,3415,-7434,1,0,1
737270,589,0,806,-7579,1,0,1
737271,695,0,2137,10020,1,0,1
737272,641,0,4411,9607,1,0,1
737273,65535,255,5618,-7035,0,0,0
737274,65535,255,4098,-7309,0,0,0
737275,65535,255,1770,-7646,0,0,0
737276,65535,255,1186,10028,0,0,0
737277,753,0,3749,9712,1,0,1
737278,954,0,5468,9386,1,0,1
737279,616,0,4684,-7219,1,0,1
737280,65535,255,2647,-7460,0,0,0
737281,65535,255,185,10074,0,0,0
737282,839,0,2984,9861,1,0,1
737283,65535,255,4973,9547,0,0,0
737284,65535,255,5189,-7139,0,0,0
737285,65535,255,3428,-7484,0,0,0
737286,454,2,823,-7861,1,0,1
737287,732,0,2121,9885,1,0,1
737288,744,0,4398,9654,1,0,1
737289,585,0,5624,-7006,1,0,1
737290,65535,255,4110,-7371,0,0,0
737291,65535,255,1781,-7535,0,0,0
737292,65535,255,1175,9887,0,0,1
737293,640,0,3737,9674,1,0,1
737294,65535,255,5458,9444,0,0,0
737295,65535,255,4691,-7200,0,0,0
737296,641,0,2662,-7615,1,0,1
737297,603,0,174,9693,1,0,1
737298,757,0,2974,9852,1,0,0
737299,825,0,4964,9544,1,0,1
737300,65535,255,5195,-7142,0,0,0
737301,642,0,3436,-7492,1,0,1
737302,65535,255,835,-7898,0,0,0
737303,65535,255,2111,9917,0,0,0
737304,65535,255,4391,9674,0,0,0
737305,983,0,5627,-7019,1,0,1
737306,65535,255,4113,-7291,0,0,0
737307,525,0,1792,-7626,1,0,1
737308,563,0,1164,10058,1,0,1
737309,65535,255,3729,9723,0,0,0
737310,65535,255,5456,9402,0,0,0
737311,0,0,0,0,0,0,0
737312,0,0,0,0,0,0,0
737313,0,0,0,0,0,0,0
737314,65535,255,2970,9790,0,0,0
737315,65535,255,4961,9517,0,0,0
737316,65535,255,5198,-7116,0,0,0
737317,65535,255,3445,-7455,0,0,0
737318,735,2,841,-7778,1,0,1
737319,745,0,2106,9887,1,0,1
737320,65535,255,4388,9662,0,0,0
737321,65535,255,5629,-7018,0,0,0
737322,508,0,4117,-7297,1,0,1
737323,65535,255,1798,-7644,0,0,0
737324,65535,255,1158,10117,0,0,0
737325,65535,255,3725,9748,0,0,0
737326,65535,255,5453,9417,0,0,0
737327,765,0,4698,-7235,1,0,1
737328,0,0,0,0,0,0,0
737329,591,0,163,9470,1,0,1
737330,65535,255,2965,9865,0,0,0
737331,65535,255,4949,9487,0,0,0
737332,1005,0,5209,-7118,1,0,1
737333,647,0,3465,-7485,1,0,1
737334,65535,255,864,-7589,0,0,0
737335,65535,255,2080,9885,0,0,0
737336,555,0,4371,9596,1,0,1
737337,827,0,5644,-6997,1,0,1
737338,684,0,4139,-7293,1,0,0
737339,65535,255,1831,-7752,0,0,0
737340,65535,255,1124,9971,0,0,0
737341,65535,255,3701,9747,0,0,0
737342,65535,255,5439,9445,0,0,0
737343,65535,255,4720,-7240,0,0,0
737344,65535,255,2701,-7589,0,0,0
737345,65535,255,123,10867,0,0,0
737346,0,0,0,0,0,0,0
737347,1056,0,4940,9561,1,0,1
737348,65535,255,5221,-7116,0,0,0
737349,65535,255,3475,-7408,0,0,0
737350,747,0,882,-7627,1,0,1
737351,669,0,2063,9918,1,0,1
737352,872,0,4364,9617,1,0,1
737353,65535,255,5651,-7013,0,0,0
737354,65535,255,4149,-7333,0,0,0
737355,674,0,1841,-7572,1,0,1
737356,65535,255,1113,10181,0,0,0
737357,744,0,3697,9692,1,0,1
737358,888,0,5433,9413,1,0,1
737359,973,0,4727,-7209,1,0,1
737360,65535,255,2711,-7541,0,0,0
737361,65535,255,110,10053,0,0,1
737362,65535,255,2927,9769,0,0,0
737363,586,0,4934,9530,1,0,1
737364,719,0,5226,-7150,1,0,1
737365,65535,255,3487,-7401,0,0,0
737366,0,0,0,0,0,0,0
737367,65535,255,2053,9904,0,0,0
737368,959,0,4356,9592,1,0,1
737369,0,0,0,0,0,0,0
737370,65535,255,4160,-7378,0,0,0
737371,511,0,1858,-7641,1,0,1
737372,65535,255,1096,10217,0,0,0
737373,645,0,3681,9679,1,0,1
737374,65535,255,5425,9396,0,0,0
737375,705,0,4740,-7265,1,0,1
737376,677,0,2730,-7618,1,0,1
737377,0,0,0,0,0,0,0
737378,65535,255,2908,9804,0,0,0
737379,0,0,0,0,0,0,0
737380,65535,255,5234,-7092,0,0,0
737381,65535,255,3500,-7452,0,0,0
737382,65535,255,917,-7919,0,0,0
737383,65535,255,2032,10017,0,0,0
737384,65535,255,4341,9648,0,0,0
737385,1150,0,5666,-7026,1,0,1
737386,749,0,4171,-7342,1,0,1
737387,843,0,1869,-7569,1,0,1
737388,65535,255,1079,10129,0,0,0
737389,65535,255,3669,9785,0,0,0
737390,65535,255,5416,9461,0,0,0
737391,65535,255,4746,-7257,0,0,0
737392,65535,255,2744,-7615,0,0,0
737393,716,0,73,11858,1,0,1
737394,65535,255,2894,9828,0,0,0
737395,65535,255,4913,9562,0,0,0
737396,0,0,0,0,0,0,0
737397,65535,255,3512,-7469,0,0,0
737398,877,0,928,-7557,1,0,1
737399,800,0,2027,9875,1,0,1
737400,685,0,4334,9596,1,0,1
737401,1265,0,5668,-6993,1,0,1
737402,1027,0,4174,-7293,1,0,1
737403,663,0,1881,-7742,1,0,0
737404,769,0,1067,9944,1,0,1
737405,1003,0,3661,9746,1,0,1
737406,65535,255,5411,9443,0,0,0
737407,65535,255,4750,-7244,0,0,0
737408,65535,255,2749,-7591,0,0,0
737409,0,0,0,0,0,0,0
737410,65535,255,2889,9828,0,0,0
737411,65535,255,4910,9568,0,0,0
737412,886,0,5244,-7124,1,0,1
737413,798,0,3512,-7379,1,0,1
737414,602,0,934,-7699,1,0,1
737415,0,0,0,0,0,0,0
737416,65535,255,4331,9624,0,0,0
737417,65535,255,5669,-7020,0,0,0
737418,65535,255,4179,-7340,0,0,0
737419,696,0,1885,-7602,1,0,1
737420,681,0,1062,10226,1,0,1
737421,65535,255,3658,9698,0,0,0
737422,65535,255,5409,9415,0,0,0
737423,628,0,4750,-7215,1,0,1
737424,65535,255,2750,-7546,0,0,0
737425,612,0,64,9991,1,0,1
737426,65535,255,2889,9785,0,0,0
737427,65535,255,4907,9558,0,0,0
737428,0,0,0,0,0,0,0
737429,828,0,3513,-7370,1,0,1
737430,65535,255,934,-7699,0,0,0
737431,474,0,2016,9956,1,0,1
737432,803,0,4331,9637,1,0,1
737433,65535,255,5669,-7028,0,0,0
737434,582,2,4175,-7360,1,0,0
737435,65535,255,1880,-7655,0,0,0
737436,657,0,1068,9851,1,0,1
737437,943,0,3661,9730,1,0,1
737438,0,0,0,0,0,0,0
737439,673,0,4750,-7249,1,0,1
737440,615,0,2745,-7450,1,0,1
737441,776,0,75,12342,1,0,1
737442,914,0,2889,9872,1,0,1
737443,65535,255,4910,9519,0,0,0
737444,662,0,5239,-7083,1,0,1
737445,65535,255,3509,-7457,0,0,0
737446,645,0,928,-7485,1,0,1
737447,685,0,2021,9909,1,0,1
737448,65535,255,4334,9624,0,0,0
737449,65535,255,5666,-7024,0,0,0
737450,65535,255,4171,-7354,0,0,0
737451,939,0,1875,-7655,1,0,1
737452,622,0,1073,9882,1,0,1
737453,65535,255,3665,9746,0,0,0
737454,966,2,5415,9452,1,0,1
737455,708,0,4744,-7199,1,0,1
737456,1491,0,2735,-7479,1,0,0
737457,1559,0,86,8076,1,0,1
737458,842,2,2899,9785,1,0,1
737459,1046,0,4916,9557,1,0,1
737460,927,0,5235,-7120,1,0,1
737461,65535,255,3500,-7397,0,0,0
737462,693,2,916,-7808,1,0,1
737463,65535,255,2032,10034,0,0,0
737464,65535,255,4342,9676,0,0,0
737465,1132,2,5661,-6994,1,0,1
737466,776,0,4164,-7314,1,0,1
737467,0,0,0,0,0,0,0
737468,65535,255,1085,10220,0,0,0
737469,65535,255,3677,9713,0,0,0
737470,65535,255,5422,9437,0,0,0
737471,745,0,4740,-7251,1,0,1
737472,65535,255,2726,-7468,0,0,0
737473,659,0,98,8309,1,0,1
737474,0,0,0,0,0,0,0
737475,896,0,4927,9550,1,0,1
737476,0,0,0,0,0,0,0
737477,65535,255,3491,-7390,0,0,0
737478,0,0,0,0,0,0,0
737479,0,0,0,0,0,0,0
737480,0,0,0,0,0,0,0
737481,1168,0,5656,-7005,1,0,1
737482,742,0,4157,-7336,1,0,1
737483,65535,255,1847,-7641,0,0,0
737484,65535,255,1107,9885,0,0,0
737485,65535,255,3689,9759,0,0,0
737486,65535,255,5431,9425,0,0,0
737487,65535,255,4727,-7201,0,0,0
737488,65535,255,2711,-7551,0,0,0
737489,1372,2,111,10943,1,0,1
737490,1326,0,2931,9857,1,0,1
737491,1356,0,4940,9515,1,0,1
737492,65535,255,5221,-7088,0,0,0
737493,444,2,3479,-7487,1,0,0
737494,65535,255,881,-7700,0,0,0
737495,65535,255,2069,9998,0,0,0
737496,824,0,4367,9672,1,0,1
737497,1140,0,5645,-6998,1,0,1
737498,466,2,4142,-7331,1,0,0
737499,65535,255,1825,-7624,0,0,0
737500,717,0,1130,9885,1,0,1
737501,806,0,3709,9765,1,0,1
737502,923,0,5443,9399,1,0,1
737503,1033,0,4713,-7210,1,0,1
737504,887,0,2691,-7576,1,0,1
737505,65535,255,143,11478,0,0,0
737506,65535,255,2950,9887,0,0,0
737507,65535,255,4952,9540,0,0,0
737508,985,0,5206,-7116,1,0,1
737509,0,0,0,0,0,0,0
737510,848,0,853,-7936,1,0,1
737511,688,0,2095,9871,1,0,1
737512,682,0,4384,9623,1,0,1
737513,0,0,0,0,0,0,0
737514,65535,255,4120,-7286,0,0,0
737515,65535,255,1798,-7536,0,0,0
737516,920,0,1158,10203,1,0,1
737517,803,0,3729,9730,1,0,1
737518,65535,255,5456,9420,0,0,0
737519,762,0,4694,-7201,1,0,1
737520,65535,255,2666,-7567,0,0,0
737521,65535,255,170,11058,0,0,1
737522,663,0,2974,9894,1,0,1
737523,65535,255,4969,9542,0,0,0
737524,409,2,5192,-7124,1,0,1
737525,662,0,3432,-7424,1,0,1
737526,65535,255,823,-7744,0,0,0
737527,65535,255,2122,9839,0,0,0
737528,65535,255,4398,9634,0,0,0
737529,65535,255,5626,-6985,0,0,0
737530,65535,255,4109,-7336,0,0,0
737531,900,0,1787,-7720,1,0,1
737532,65535,255,1163,10173,0,0,0
737533,65535,255,3733,9746,0,0,0
737534,65535,255,5458,9406,0,0,0
737535,65535,255,4697,-7241,0,0,0
737536,65535,255,2666,-7507,0,0,0
737537,65535,255,164,10882,0,0,0
737538,416,0,2969,9767,1,0,0
737539,65535,255,4961,9489,0,0,0
737540,65535,255,5201,-7086,0,0,0
737541,0,0,0,0,0,0,0
737542,65535,255,848,-7428,0,0,0
737543,65535,255,2095,9979,0,0,0
737544,883,0,4385,9591,1,0,1
737545,65535,255,5636,-7031,0,0,0
737546,65535,255,4124,-7306,0,0,0
737547,65535,255,1808,-7662,0,0,0
737548,65535,255,1146,10090,0,0,0
737549,65535,255,3717,9732,0,0,0
737550,0,0,0,0,0,0,0
737551,65535,255,4707,-7244,0,0,0
737552,65535,255,2681,-7517,0,0,0
737553,65535,255,143,11468,0,0,0
737554,590,0,2951,9781,1,0,1
737555,65535,255,4949,9508,0,0,0
737556,65535,255,5209,-7109,0,0,0
737557,0,0,0,0,0,0,0
737558,65535,255,864,-7701,0,0,0
737559,218,2,2080,9842,1,0,1
737560,65535,255,4371,9645,0,0,0
737561,65535,255,5641,-7002,0,0,0
737562,65535,255,4135,-7373,0,0,0
737563,65535,255,1820,-7570,0,0,0
737564,65535,255,1129,9976,0,0,0
737565,65535,255,3705,9702,0,0,0
737566,815,0,5437,9417,1,0,1
737567,605,0,4717,-7231,1,0,1
737568,65535,255,2696,-7504,0,0,0
737569,488,0,126,11658,1,0,1
737570,744,0,2937,9782,1,0,1
737571,65535,255,4940,9515,0,0,0
737572,662,0,6241,9210,1,0,0
737573,0,0,0,0,0,0,0
737574,65535,255,881,-7812,0,0,0
737575,232,0,2069,9905,1,0,0
737576,65535,255,4364,9635,0,0,0
737577,464,0,5864,9316,1,0,1
737578,65535,255,4143,-7316,0,0,0
737579,796,0,1836,-7694,1,0,1
737580,631,0,1113,10214,1,0,1
737581,708,2,3697,9776,1,0,1
737582,65535,255,5433,9435,0,0,0
737583,65535,255,6571,9103,0,0,0
737584,65535,255,2706,-7455,0,0,0
737585,883,0,116,10346,1,0,1
737586,65535,255,2927,9912,0,0,1
737587,65535,255,4937,9499,0,0,0
737588,826,0,6239,9203,1,0,1
737589,0,0,0,0,0,0,0
737590,484,0,887,-7812,1,0,1
737591,753,0,2058,9907,1,0,1
737592,0,0,0,0,0,0,0
737593,65535,255,5862,9321,0,0,0
737594,0,0,0,0,0,0,0
737595,285,0,1842,-7747,1,0,1
737596,65535,255,1113,9827,0,0,0
737597,65535,255,3693,9680,0,0,0
737598,1082,0,5430,9455,1,0,1
737599,1215,0,6569,9121,1,0,1
737600,701,0,2711,-7526,1,0,1
737601,0,0,0,0,0,0,0
737602,564,0,2922,9827,1,0,1
737603,681,0,4931,9545,1,0,1
737604,913,0,6236,9235,1,0,1
737605,65535,255,3483,-7399,0,0,0
737606,814,0,893,-7589,1,0,1
737607,895,0,2058,9829,1,0,1
737608,702,0,4356,9655,1,0,1
737609,65535,255,5862,9304,0,0,0
737610,581,0,4153,-7308,1,0,1
737611,623,0,1847,-7710,1,0,1
737612,65535,255,1105,9993,0,0,0
737613,65535,255,3693,9672,0,0,0
737614,65535,255,5430,9456,0,0,0
737615,615,0,4730,-7234,1,0,1
737616,65535,255,2716,-7537,0,0,0
737617,738,0,110,8222,1,0,1
737618,65535,255,2922,9859,0,0,0
737619,846,0,4930,9561,1,0,1
737620,65535,255,5225,-7096,0,0,0
737621,581,0,3486,-7441,1,0,0
737622,628,0,893,-7810,1,0,1
737623,65535,255,2058,9922,0,0,0
737624,65535,255,4357,9594,0,0,0
737625,65535,255,5653,-6982,0,0,0
737626,698,0,4152,-7363,1,0,1
737627,571,0,1846,-7585,1,0,1
737628,65535,255,1102,10064,0,0,0
737629,65535,255,3690,9751,0,0,0
737630,65535,255,5431,9431,0,0,0
737631,65535,255,4729,-7205,0,0,0
737632,591,0,2715,-7489,1,0,1
737633,589,0,111,12139,1,0,1
737634,605,0,2923,9825,1,0,1
737635,65535,255,4934,9549,0,0,0
737636,741,0,5225,-7086,1,0,1
737637,727,0,3482,-7424,1,0,1
737638,65535,255,892,-7770,0,0,0
737639,65535,255,2059,9920,0,0,0
737640,65535,255,4360,9594,0,0,0
737641,65535,255,5653,-6986,0,0,0
737642,665,0,4153,-7369,1,0,1
737643,65535,255,1846,-7602,0,0,0
737644,356,2,1107,10123,1,0,0
737645,65535,255,3690,9775,0,0,0
737646,1143,0,5431,9445,1,0,1
737647,912,0,4726,-7229,1,0,1
737648,887,0,2710,-7537,1,0,1
737649,819,0,114,8850,1,0,1
737650,0,0,0,0,0,0,0
737651,844,0,4937,9499,1,0,1
737652,610,0,5223,-7121,1,0,1
737653,600,0,3482,-7494,1,0,1
737654,65535,255,887,-7471,0,0,0
737655,0,0,0,0,0,0,0
737656,65535,255,4361,9653,0,0,0
737657,65535,255,5650,-7027,0,0,0
737658,65535,255,4145,-7336,0,0,0
737659,65535,255,1835,-7531,0,0,0
737660,65535,255,1113,10002,0,0,0
737661,613,0,3694,9750,1,0,1
737662,65535,255,5434,9435,0,0,0
737663,718,0,4723,-7218,1,0,0
737664,65535,255,2705,-7525,0,0,0
737665,775,2,126,8715,1,0,1
737666,643,2,2932,9878,1,0,0
737667,1133,0,4941,9498,1,0,1
737668,678,2,5217,-7127,1,0,0
737669,65535,255,3469,-7365,0,0,0
737670,65535,255,875,-7545,0,0,0
737671,560,0,2070,9857,1,0,0
737672,651,0,4365,9646,1,0,1
737673,809,0,5643,-6979,1,0,0
737674,65535,255,4142,-7364,0,0,0
737675,65535,255,1830,-7621,0,0,0
737676,959,0,1125,10180,1,0,1
737677,65535,255,3706,9677,0,0,0
737678,65535,255,5440,9395,0,0,0
737679,65535,255,4715,-7235,0,0,0
737680,65535,255,2691,-7489,0,0,0
737681,65535,255,131,11315,0,0,0
737682,588,0,2942,9823,1,0,1
737683,65535,255,4944,9558,0,0,0
737684,65535,255,5208,-7109,0,0,0
737685,623,0,3461,-7479,1,0,0
737686,574,0,864,-7466,1,0,1
737687,942,0,2086,9825,1,0,1
737688,871,0,4375,9676,1,0,1
737689,732,0,5638,-6980,1,0,1
737690,656,0,4131,-7379,1,0,1
737691,578,0,1813,-7676,1,0,1
737692,645,0,1143,9825,1,0,1
737693,889,0,3718,9708,1,0,1
737694,712,0,5445,9423,1,0,1
737695,897,0,4716,-7211,1,0,1
737696,590,0,2700,-7542,1,0,1
737697,587,0,123,9767,1,0,1
737698,65535,255,2937,9766,0,0,0
737699,65535,255,4941,9538,0,0,0
737700,65535,255,5217,-7096,0,0,0
737701,65535,255,3474,-7474,0,0,0
737702,65535,255,881,-7511,0,0,0
737703,790,0,2070,9869,1,0,1
737704,65535,255,4365,9596,0,0,0
737705,65535,255,5647,-7001,0,0,0
737706,65535,255,4145,-7312,0,0,0
737707,65535,255,1835,-7535,0,0,0
737708,65535,255,1113,10089,0,0,0
737709,807,0,3694,9667,1,0,0
737710,65535,255,5432,9402,0,0,0
737711,899,0,4723,-7198,1,0,1
737712,65535,255,2710,-7517,0,0,0
737713,587,0,112,9432,1,0,1
737714,818,0,2928,9768,1,0,1
737715,65535,255,4935,9545,0,0,0
737716,65535,255,5222,-7105,0,0,0
737717,748,0,3483,-7498,1,0,1
737718,65535,255,893,-7629,0,0,0
737719,65535,255,2058,9950,0,0,0
737720,65535,255,4356,9638,0,0,0
737721,588,0,5654,-7034,1,0,1
737722,939,0,4153,-7366,1,0,1
737723,580,0,1847,-7696,1,0,1
737724,0,0,0,0,0,0,0
737725,65535,255,3689,9758,0,0,0
737726,1066,0,5430,9453,1,0,1
737727,65535,255,4727,-7185,0,0,0
737728,65535,255,2716,-7504,0,0,0
737729,0,0,0,0,0,0,0
737730,65535,255,2922,9803,0,0,0
737731,727,0,4931,9551,1,0,1
737732,960,0,5226,-7129,1,0,1
737733,860,0,3482,-7411,1,0,1
737734,649,2,893,-7925,1,0,1
737735,672,0,2059,9825,1,0,1
737736,878,0,4360,9592,1,0,1
737737,982,0,5653,-7008,1,0,1
737738,685,0,4153,-7338,1,0,1
737739,65535,255,1847,-7623,0,0,0
737740,65535,255,1108,9852,0,0,0
737741,0,0,0,0,0,0,0
737742,724,0,5430,9457,1,0,1
737743,65535,255,4727,-7185,0,0,0
737744,687,0,2711,-7517,1,0,1
737745,988,0,110,9754,1,0,1
737746,641,0,2927,9813,1,0,1
737747,354,0,4936,9492,1,0,1
737748,65535,255,5226,-7144,0,0,0
737749,65535,255,3482,-7445,0,0,0
737750,581,0,888,-7515,1,0,1
737751,65535,255,2063,9919,0,0,0
737752,698,0,4360,9638,1,0,1
737753,65535,255,5653,-7039,0,0,0
737754,613,2,4149,-7284,1,0,0
737755,563,0,1836,-7517,1,0,1
737756,705,2,1113,10153,1,0,0
737757,65535,255,3697,9709,0,0,0
737758,1115,0,5435,9438,1,0,1
737759,65535,255,4724,-7261,0,0,0
737760,65535,255,2706,-7493,0,0,0
737761,106,2,116,9774,1,0,1
737762,65535,255,2931,9813,0,0,0
737763,1069,2,4943,9502,1,0,1
737764,963,0,5218,-7116,1,0,1
737765,65535,255,3474,-7472,0,0,0
737766,760,0,875,-7665,1,0,1
737767,657,0,2069,9997,1,0,1
737768,0,0,0,0,0,0,0
737769,65535,255,5645,-7005,0,0,0
737770,0,0,0,0,0,0,0
737771,690,0,1825,-7680,1,0,1
737772,0,0,0,0,0,0,0
737773,65535,255,3708,9685,0,0,0
737774,1042,0,5441,9417,1,0,1
737775,761,0,4717,-7239,1,0,1
737776,0,0,0,0,0,0,0
737777,467,0,135,9330,1,0,0
737778,1677,0,2946,9800,1,0,1
737779,65535,255,4949,9495,0,0,0
737780,939,0,5210,-7116,1,0,1
737781,806,0,3462,-7482,1,0,1
737782,520,0,858,-7742,1,0,1
737783,768,0,2084,10026,1,0,1
737784,1106,0,4381,9590,1,0,1
737785,65535,255,5639,-7020,0,0,0
737786,65535,255,4128,-7369,0,0,0
737787,728,0,1809,-7755,1,0,1
737788,65535,255,1146,10147,0,0,0
737789,0,0,0,0,0,0,0
737790,65535,255,5449,9449,0,0,0
737791,65535,255,4701,-7195,0,0,0
737792,752,0,2676,-7556,1,0,1
737793,0,0,0,0,0,0,0
737794,0,0,0,0,0,0,0
737795,65535,255,4958,9548,0,0,0
737796,911,0,5198,-7134,1,0,0
737797,65535,255,3445,-7442,0,0,0
737798,545,0,835,-7585,1,0,1
737799,65535,255,2111,9915,0,0,0
737800,0,0,0,0,0,0,0
737801,65535,255,5626,-6990,0,0,0
737802,65535,255,4109,-7331,0,0,0
737803,65535,255,1786,-7667,0,0,0
737804,0,0,0,0,0,0,0
737805,65535,255,3738,9689,0,0,0
737806,65535,255,5460,9433,0,0,0
737807,958,0,4688,-7269,1,0,1
737808,0,0,0,0,0,0,0
737809,65535,255,181,10833,0,0,0
737810,65535,255,2983,9893,0,0,0
737811,1020,0,4973,9551,1,0,1
737812,1135,0,5187,-7137,1,0,1
737813,828,2,3423,-7391,1,0,1
737814,65535,255,812,-7505,0,0,0
737815,65535,255,2127,10037,0,0,0
737816,693,0,4405,9627,1,0,1
737817,917,0,5621,-6992,1,0,1
737818,65535,255,4106,-7367,0,0,0
737819,65535,255,1775,-7559,0,0,0
737820,608,0,1175,9974,1,0,1
737821,624,0,3737,9713,1,0,1
737822,65535,255,5461,9399,0,0,0
737823,65535,255,4691,-7244,0,0,0
737824,358,2,2661,-7546,1,0,1
737825,897,0,179,8794,1,0,1
737826,0,0,0,0,0,0,0
737827,0,0,0,0,0,0,0
737828,0,0,0,0,0,0,0
737829,800,0,3441,-7380,1,0,1
737830,65535,255,835,-7509,0,0,0
737831,0,0,0,0,0,0,0
737832,65535,255,4391,9635,0,0,0
737833,773,0,5631,-7002,1,0,1
737834,0,0,0,0,0,0,0
737835,760,0,1797,-7611,1,0,1
737836,665,0,1152,10091,1,0,1
737837,65535,255,3725,9747,0,0,0
737838,65535,255,5452,9421,0,0,0
737839,65535,255,4701,-7189,0,0,0
737840,65535,255,2676,-7628,0,0,0
737841,65535,255,150,10320,0,0,0
737842,637,0,2960,9759,1,0,1
737843,992,0,4955,9506,1,0,1
737844,778,0,5204,-7122,1,0,1
737845,65535,255,3453,-7475,0,0,0
737846,65535,255,852,-7938,0,0,0
737847,65535,255,2090,9966,0,0,0
737848,0,0,0,0,0,0,0
737849,65535,255,5636,-6988,0,0,0
737850,745,0,4128,-7369,1,0,1
737851,685,0,1814,-7573,1,0,1
737852,831,0,1141,10035,1,0,0
737853,65535,255,3713,9741,0,0,0
737854,1136,0,5447,9422,1,0,1
737855,828,0,4710,-7193,1,0,1
737856,960,0,2686,-7448,1,0,1
737857,65535,255,140,10805,0,0,0
737858,1071,0,2951,9771,1,0,1
737859,65535,255,4949,9525,0,0,0
737860,891,0,5212,-7136,1,0,1
737861,65535,255,3462,-7369,0,0,0
737862,934,0,865,-7475,1,0,1
737863,0,0,0,0,0,0,0
737864,943,0,4374,9645,1,0,1
737865,65535,255,5643,-7013,0,0,0
737866,871,0,4135,-7305,1,0,1
737867,65535,255,1825,-7716,0,0,0
737868,727,0,1136,9831,1,0,1
737869,0,0,0,0,0,0,0
737870,0,0,0,0,0,0,0
737871,65535,255,4717,-7256,0,0,0
737872,65535,255,2696,-7577,0,0,0
737873,0,0,0,0,0,0,0
737874,646,0,2941,9885,1,0,0
737875,65535,255,4946,9509,0,0,0
737876,732,0,5214,-7130,1,0,1
737877,65535,255,3468,-7455,0,0,0
737878,634,0,870,-7511,1,0,1
737879,0,0,0,0,0,0,0
737880,65535,255,4371,9658,0,0,0
737881,65535,255,5646,-7025,0,0,0
737882,65535,255,4138,-7332,0,0,0
737883,788,0,1825,-7517,1,0,1
737884,65535,255,1129,9975,0,0,0
737885,65535,255,3705,9741,0,0,0
737886,914,0,5441,9429,1,0,1
737887,65535,255,4717,-7208,0,0,0
737888,757,0,2696,-7505,1,0,1
737889,0,0,0,0,0,0,0
737890,717,0,2941,9857,3,0,1
737891,65535,255,4944,9518,0,0,0
737892,794,0,5215,-7114,1,0,1
737893,770,0,3470,-7480,1,0,1
737894,0,0,0,0,0,0,0
737895,776,0,2078,9879,1,0,1
737896,65535,255,4371,9658,0,0,0
737897,65535,255,5646,-7034,0,0,0
737898,871,0,4138,-7345,1,0,1
737899,0,0,0,0,0,0,0
737900,828,0,1130,10093,1,0,1
737901,65535,255,3705,9775,0,0,0
737902,1016,0,5441,9453,1,0,1
737903,800,0,4714,-7249,1,0,1
737904,65535,255,2696,-7588,0,0,0
737905,0,0,0,0,0,0,0
737906,687,0,2946,9782,1,0,1
737907,65535,255,4946,9541,0,0,0
737908,65535,255,5209,-7089,0,0,1
737909,65535,255,3461,-7446,0,0,0
737910,673,0,870,-7930,1,0,1
737911,65535,255,2079,10029,0,0,0
737912,65535,255,4375,9651,0,0,0
737913,871,0,5641,-7035,1,0,1
737914,65535,255,4135,-7353,0,0,0
737915,65535,255,1814,-7608,0,0,0
737916,744,0,1135,10181,1,0,1
737917,65535,255,3714,9685,0,0,0
737918,65535,255,5444,9404,0,0,0
737919,1045,0,4707,-7186,1,0,1
737920,537,0,2686,-7482,1,0,1
737921,723,0,151,8540,1,0,1
737922,929,0,2950,9867,1,0,1
737923,1119,0,4952,9503,1,0,1
737924,764,0,5206,-7141,1,0,1
737925,883,0,3453,-7403,1,0,1
737926,65535,255,852,-7782,0,0,0
737927,65535,255,2090,9981,0,0,0
737928,0,0,0,0,0,0,0
737929,0,0,0,0,0,0,0
737930,65535,255,4124,-7348,0,0,0
737931,765,2,1803,-7608,1,0,0
737932,751,0,1147,10207,1,0,1
737933,858,0,3721,9692,1,0,1
737934,65535,255,5450,9418,0,0,0
737935,65535,255,4701,-7211,0,0,0
737936,65535,255,2671,-7531,0,0,0
737937,676,0,157,9666,1,0,1
737938,65535,255,2965,9769,0,0,1
737939,448,2,4958,9539,1,0,1
737940,65535,255,6255,9213,0,0,0
737941,65535,255,3444,-7475,0,0,0
737942,687,0,835,-7544,1,0,1
737943,745,0,2106,9887,1,0,1
737944,667,0,4392,9610,1,0,1
737945,65535,255,5886,9293,0,0,0
737946,65535,255,6879,9020,0,0,1
737947,0,0,0,0,0,0,0
737948,65535,255,1169,10145,0,0,0
737949,709,0,3738,9690,1,0,1
737950,716,0,5461,9415,1,0,1
737951,1273,0,6589,9107,1,0,1
737952,780,0,2656,-7545,1,0,1
737953,65535,255,180,10095,0,0,0
737954,65535,255,2979,9800,0,0,0
737955,929,0,4970,9559,1,0,1
737956,873,0,6263,9208,1,0,1
737957,747,0,3428,-7380,1,0,1
737958,65535,255,817,-7747,0,0,1
737959,743,0,2127,9977,1,0,1
737960,65535,255,4404,9647,0,0,0
737961,65535,255,5894,9321,0,0,0
737962,65535,255,6887,8996,0,0,1
737963,553,0,1770,-7723,1,0,1
737964,589,0,1192,9973,1,0,1
737965,636,0,3753,9768,1,0,1
737966,65535,255,5473,9390,0,0,0
737967,65535,255,6596,9129,0,0,0
737968,683,0,2641,-7511,1,0,1
737969,65535,255,193,10952,0,0,0
737970,722,0,2993,9756,1,0,1
737971,807,0,4979,9498,1,0,1
737972,1011,0,6267,9192,1,0,1
737973,65535,255,3423,-7408,0,0,0
737974,717,0,812,-7500,1,0,1
737975,65535,255,2131,10009,0,0,0
737976,65535,255,4408,9608,0,0,0
737977,807,0,5892,9326,1,0,1
737978,65535,255,4102,-7324,0,0,0
737979,629,0,1775,-7703,1,0,0
737980,65535,255,1180,10144,0,0,0
737981,65535,255,3745,9753,0,0,0
737982,65535,255,5465,9415,0,0,0
737983,65535,255,4691,-7254,0,0,0
737984,637,0,2656,-7545,1,0,1
737985,65535,255,186,8653,0,0,0
737986,656,0,2979,9800,1,0,1
737987,782,0,4970,9522,1,0,1
737988,570,0,5192,-7119,1,0,0
737989,65535,255,3435,-7458,0,0,0
737990,885,0,828,-7742,1,0,1
737991,65535,255,2117,9870,0,0,0
737992,65535,255,4398,9653,0,0,0
737993,65535,255,5628,-7007,0,0,0
737994,65535,255,4113,-7385,0,0,0
737995,811,2,1786,-7572,1,0,1
737996,0,0,0,0,0,0,0
737997,421,2,3734,9705,1,0,1
737998,677,0,5458,9391,1,0,1
737999,843,0,4697,-7229,1,0,1
738000,839,0,2665,-7496,1,0,1
738001,65535,255,165,11077,0,0,0
738002,581,2,2970,9778,1,0,1
738003,65535,255,4965,9510,0,0,0
738004,765,0,5198,-7112,1,0,1
738005,65535,255,3444,-7448,0,0,0
738006,65535,255,840,-7739,0,0,0
738007,0,0,0,0,0,0,0
738008,485,0,4391,9661,1,0,0
738009,65535,255,5632,-7015,0,0,0
738010,65535,255,4116,-7292,0,0,0
738011,65535,255,1797,-7644,0,0,0
738012,824,0,1158,10087,1,0,1
738013,735,0,3726,9739,1,0,1
738014,679,0,5453,9416,1,0,1
738015,65535,255,4703,-7264,0,0,0
738016,65535,255,2675,-7577,0,0,0
738017,686,0,159,9234,1,0,1
738018,583,0,2961,9853,1,0,1
738019,65535,255,4959,9555,0,0,0
738020,756,0,5202,-7138,1,0,1
738021,65535,255,3448,-7385,0,0,0
738022,769,0,846,-7503,1,0,1
738023,647,0,2096,10025,1,0,1
738024,65535,255,4385,9630,0,0,0
738025,65535,255,5633,-6996,0,0,0
738026,667,0,4124,-7375,1,0,1
738027,65535,255,1802,-7570,0,0,0
738028,844,0,1153,10001,1,0,1
738029,828,0,3722,9723,1,0,1
738030,65535,255,5450,9408,0,0,0
738031,941,0,4703,-7257,1,0,1
738032,65535,255,2680,-7566,0,0,0
738033,884,0,154,9177,1,0,1
738034,634,0,2956,9867,1,0,1
738035,65535,255,4956,9561,0,0,0
738036,0,0,0,0,0,0,0
738037,504,0,3452,-7411,1,0,1
738038,515,0,852,-7661,1,0,1
738039,65535,255,2096,9856,0,0,0
738040,802,0,4382,9662,1,0,1
738041,806,0,5635,-7022,1,0,1
738042,628,0,4123,-7312,1,0,1
738043,65535,255,1808,-7715,0,0,0
738044,65535,255,1151,9990,0,0,0
738045,65535,255,3722,9668,0,0,0
738046,1104,0,5448,9451,1,0,0
738047,65535,255,4703,-7227,0,0,0
738048,65535,255,2675,-7517,0,0,0
738049,501,0,157,8577,1,0,1
738050,474,0,2956,9833,1,0,1
738051,65535,255,4956,9551,0,0,0
738052,65535,255,5200,-7085,0,0,0
738053,890,0,3448,-7411,1,0,1
738054,65535,255,845,-7660,0,0,0
738055,666,0,2097,9872,1,0,1
738056,678,0,4382,9675,1,0,1
738057,65535,255,5633,-7036,0,0,0
738058,65535,255,4120,-7334,0,0,0
738059,812,0,1818,-7556,1,0,1
738060,692,0,1131,10176,1,0,0
738061,65535,255,3706,9697,0,0,0
738062,65535,255,5440,9419,0,0,0
738063,929,0,4712,-7224,1,0,1
738064,65535,255,2695,-7578,0,0,0
738065,613,0,130,11071,1,0,1
738066,65535,255,2942,9841,0,0,0
738067,680,0,4945,9504,1,0,1
738068,940,0,5214,-7148,1,0,1
738069,836,0,3465,-7440,1,0,1
738070,781,0,873,-7868,1,0,1
738071,65535,255,2075,9853,0,0,0
738072,979,0,4369,9602,1,0,1
738073,65535,255,5645,-7014,0,0,0
738074,902,0,4138,-7342,1,0,1
738075,65535,255,1829,-7644,0,0,0
738076,65535,255,1126,9881,0,0,0
738077,65535,255,3702,9746,0,0,0
738078,1237,0,5437,9454,1,0,1
738079,897,0,4716,-7182,1,0,1
738080,773,0,2695,-7507,1,0,1
738081,65535,255,129,9798,0,0,0
738082,561,0,2937,9799,1,0,1
738083,65535,255,4943,9503,0,0,0
738084,65535,255,5214,-7138,0,0,0
738085,65535,255,3469,-7430,0,0,0
738086,65535,255,875,-8007,0,0,0
738087,65535,255,2074,9872,0,0,0
738088,65535,255,4371,9617,0,0,0
738089,843,2,5646,-7027,1,0,1
738090,65535,255,4139,-7376,0,0,0
738091,65535,255,1825,-7735,0,0,0
738092,0,0,0,0,0,0,0
738093,0,0,0,0,0,0,0
738094,65535,255,5441,9421,0,0,0
738095,913,0,4717,-7235,1,0,1
738096,65535,255,2694,-7574,0,0,0
738097,741,0,138,8618,1,0,1
738098,918,0,2946,9758,1,0,0
738099,669,0,4945,9556,1,0,0
738100,724,0,5214,-7132,1,0,1
738101,65535,255,3466,-7431,0,0,0
738102,938,0,864,-7436,1,0,1
738103,818,0,2080,9902,1,0,1
738104,719,0,4374,9642,1,0,1
738105,1136,0,5641,-7002,1,0,1
738106,583,0,4134,-7307,1,0,1
738107,65535,255,1819,-7574,0,0,0
738108,65535,255,1142,9827,0,0,1
738109,809,0,3713,9755,1,0,1
738110,1186,0,5447,9397,1,0,1
738111,1059,0,4710,-7212,1,0,1
738112,894,2,2686,-7591,1,0,1
738113,895,0,152,8313,1,0,1
738114,830,0,2955,9758,1,0,1
738115,795,2,4952,9560,1,0,1
738116,1061,0,5209,-7138,1,0,1
738117,0,0,0,0,0,0,0
738118,0,0,0,0,0,0,0
738119,776,2,2095,9994,1,0,1
738120,65535,255,4388,9577,0,0,0
738121,65535,255,5636,-7012,0,0,0
738122,65535,255,4124,-7364,0,0,0
738123,703,0,1803,-7756,1,0,1
738124,722,0,1152,10146,1,0,1
738125,0,0,0,0,0,0,0
738126,693,0,5454,9423,1,0,1
738127,1083,0,4700,-7202,1,0,1
738128,717,0,2671,-7593,1,0,1
738129,65535,255,168,8696,0,0,0
738130,65535,255,2969,9778,0,0,0
738131,1079,0,4967,9492,1,0,1
738132,1020,0,5197,-7130,1,0,1
738133,65535,255,3440,-7504,0,0,0
738134,841,0,829,-7866,1,0,1
738135,626,0,2116,9869,1,0,1
738136,1057,0,4398,9594,1,0,1
738137,65535,255,5629,-7007,0,0,0
738138,642,2,4113,-7366,1,0,1
738139,65535,255,1786,-7575,0,0,0
738140,731,0,1163,10059,1,0,1
738141,65535,255,3733,9753,0,0,0
738142,65535,255,5457,9434,0,0,0
738143,65535,255,4697,-7208,0,0,0
738144,2382,0,2666,-7485,1,0,1
738145,65535,255,166,11485,0,0,0
738146,65535,255,2965,9821,0,0,0
738147,65535,255,4961,9548,0,0,0
738148,1269,0,5200,-7088,1,0,1
738149,65535,255,3448,-7432,0,0,0
738150,65535,255,846,-7783,0,0,0
738151,1019,0,2100,9932,1,0,1
738152,910,0,4385,9603,1,0,1
738153,65535,255,5635,-6989,0,0,0
738154,751,0,4127,-7383,1,0,1
738155,65535,255,1808,-7646,0,0,0
738156,65535,255,1146,10178,0,0,1
738157,1028,0,3721,9667,1,0,1
738158,65535,255,5448,9414,0,0,0
738159,65535,255,4707,-7247,0,0,0
738160,65535,255,2681,-7579,0,0,0
738161,65535,255,145,9856,0,0,0
738162,705,0,2956,9758,1,0,1
738163,847,0,4953,9522,1,0,1
738164,838,0,5209,-7142,1,0,1
738165,843,0,3457,-7396,1,0,1
738166,700,0,858,-7667,1,0,1
738167,706,0,2090,9904,1,0,1
738168,954,0,4378,9592,1,0,1
738169,65535,255,5638,-6987,0,0,0
738170,0,0,0,0,0,0,0
738171,764,0,1814,-7645,1,0,1
738172,65535,255,1134,10211,0,0,0
738173,706,0,3712,9684,1,0,1
738174,65535,255,5443,9395,0,0,0
738175,65535,255,4712,-7262,0,0,0
738176,0,0,0,0,0,0,0
738177,670,0,133,11068,1,0,1
738178,680,0,2945,9812,1,0,1
738179,65535,255,4945,9552,0,0,0
738180,1150,0,5211,-7095,1,0,1
738181,65535,255,3463,-7455,0,0,0
738182,65535,255,866,-7972,0,0,0
738183,65535,255,2078,10029,0,0,0
738184,65535,255,4370,9651,0,0,0
738185,954,0,5643,-7030,1,0,1
738186,889,0,4133,-7346,1,0,1
738187,65535,255,1821,-7571,0,0,0
738188,943,0,1128,10122,1,0,1
738189,65535,255,3704,9782,0,0,0
738190,649,0,5440,9449,1,0,0
738191,65535,255,4716,-7255,0,0,0
738192,65535,255,2692,-7613,0,0,0
738193,1856,0,134,11059,3,0,0
738194,65535,255,2940,9814,0,0,0
738195,2600,0,4944,9558,3,0,0
738196,65535,255,5211,-7104,0,0,0
738197,1851,0,3467,-7480,1,0,0
738198,0,0,0,0,0,0,0
738199,65535,255,2079,9842,0,0,0
738200,65535,255,4370,9652,0,0,0
738201,65535,255,5641,-6981,0,0,0
738202,65535,255,4136,-7373,0,0,0
738203,65535,255,1820,-7678,0,0,0
738204,1351,0,1135,9856,1,0,1
738205,65535,255,3708,9717,0,0,0
738206,65535,255,5440,9424,0,0,0
738207,65535,255,4712,-7214,0,0,0
738208,1677,0,2692,-7541,1,0,1
738209,0,0,0,0,0,0,0
738210,65535,255,2945,9760,0,0,0
738211,1414,0,4945,9530,1,0,1
738212,1103,0,5211,-7088,1,0,1
738213,65535,255,3463,-7453,0,0,0
738214,65535,255,866,-8007,0,0,0
738215,0,0,0,0,0,0,0
738216,0,0,0,0,0,0,0
738217,1287,0,5640,-6981,1,0,1
738218,960,0,4132,-7277,1,0,1
738219,702,0,1820,-7714,1,0,1
738220,699,0,1134,9915,1,0,1
738221,65535,255,3712,9741,0,0,0
738222,65535,255,5443,9442,0,0,0
738223,1023,0,4712,-7244,1,0,1
738224,740,0,2687,-7612,1,0,1
738225,691,0,140,11247,1,0,1
738226,748,0,2949,9834,1,0,1
738227,65535,255,4954,9491,0,0,0
738228,1299,0,5207,-7130,1,0,1
738229,943,0,3458,-7393,1,0,1
738230,725,0,859,-7779,1,0,1
738231,65535,255,2089,9996,0,0,0
738232,65535,255,4380,9651,0,0,0
738233,65535,255,5637,-7036,0,0,0
738234,65535,255,4129,-7373,0,0,0
738235,852,0,1809,-7679,1,0,1
738236,719,0,1146,9887,1,0,1
738237,1034,0,3720,9740,1,0,1
738238,1196,0,5451,9446,1,0,1
738239,65535,255,4705,-7256,0,0,0
738240,65535,255,2677,-7446,0,0,0
738241,65535,255,163,8428,0,0,0
738242,963,0,2963,9885,1,0,1
738243,735,0,4960,9523,1,0,0
738244,849,0,5201,-7086,1,0,0
738245,928,0,3445,-7465,1,0,1
738246,624,0,842,-7504,1,0,1
738247,0,0,0,0,0,0,0
738248,65535,255,4393,9616,0,0,0
738249,1143,0,5631,-7019,1,0,1
738250,65535,255,4118,-7349,0,0,0
738251,828,0,1792,-7645,1,0,1
738252,709,0,1169,9888,1,0,1
738253,737,2,3732,9747,1,0,1
738254,793,0,5459,9454,1,0,1
738255,1090,0,4695,-7265,1,0,1
738256,65535,255,2657,-7484,0,0,0
738257,65535,255,181,9343,0,0,0
738258,65535,255,2983,9768,0,0,0
738259,65535,255,4972,9554,0,0,0
738260,840,0,5192,-7118,1,0,1
738261,65535,255,3428,-7388,0,0,0
738262,503,0,818,-7825,1,0,1
738263,65535,255,2126,10037,0,0,0
738264,65535,255,4408,9576,0,0,0
738265,65535,255,5622,-6999,0,0,0
738266,783,0,4102,-7322,1,0,1
738267,750,0,1770,-7592,1,0,1
738268,739,0,1192,9833,1,0,1
738269,65535,255,3753,9735,0,0,0
738270,1190,0,5470,9450,1,0,1
738271,0,0,0,0,0,0,0
738272,852,0,2636,-7512,1,0,1
738273,65535,255,203,9929,0,0,0
738274,65535,255,3002,9818,0,0,0
738275,0,0,0,0,0,0,0
738276,65535,255,5177,-7112,0,0,0
738277,823,0,3415,-7409,1,0,1
738278,65535,255,801,-7457,0,0,0
738279,0,0,0,0,0,0,0
738280,65535,255,4412,9645,0,0,0
738281,65535,255,5616,-7010,0,0,0
738282,792,0,4098,-7367,1,0,1
738283,65535,255,1769,-7728,0,0,0
738284,65535,255,1186,10226,0,0,0
738285,866,0,3749,9752,1,0,1
738286,65535,255,5468,9405,0,0,0
738287,65535,255,4684,-7232,0,0,0
738288,986,2,2646,-7474,1,0,1
738289,995,0,186,10088,1,0,1
738290,1008,0,2984,9862,1,0,1
738291,1039,0,4970,9543,1,0,1
738292,65535,255,5192,-7129,0,0,0
738293,903,0,3432,-7458,1,0,1
738294,879,0,823,-7704,1,0,1
738295,693,0,2117,9826,1,0,1
738296,65535,255,4395,9623,0,0,0
738297,1350,0,5885,9332,1,0,1
738298,65535,255,4113,-7328,0,0,0
738299,65535,255,1792,-7702,0,0,0
738300,65535,255,1164,10118,0,0,0
738301,65535,255,3729,9731,0,0,0
738302,65535,255,5455,9402,0,0,0
738303,65535,255,4698,-7229,0,0,0
738304,65535,255,2666,-7484,0,0,0
738305,65535,255,163,10493,0,0,0
738306,65535,255,2965,9897,0,0,0
738307,65535,255,4958,9562,0,0,0
738308,1409,0,6253,9234,1,0,1
738309,65535,255,3445,-7380,0,0,0
738310,65535,255,847,-7977,0,0,0
738311,65535,255,2095,9934,0,0,0
738312,813,0,4381,9657,1,0,1
738313,1527,0,5878,9304,1,0,1
738314,65535,255,6874,9004,0,0,1
738315,65535,255,1808,-7589,0,0,0
738316,65535,255,1147,9975,0,0,0
738317,370,0,3718,9701,1,0,0
738318,695,0,5447,9457,1,0,0
738319,65535,255,6579,9111,0,0,0
738320,664,0,2687,-7612,1,0,1
738321,65535,255,148,8957,0,0,0
738322,65535,255,2951,9803,0,0,0
738323,1176,0,4950,9504,1,0,1
738324,65535,255,6245,9248,0,0,0
738325,750,0,3462,-7384,1,0,1
738326,0,0,0,0,0,0,0
738327,600,0,2074,9906,1,0,1
738328,65535,255,4368,9653,0,0,0
738329,0,0,0,0,0,0,0
738330,65535,255,6867,9030,0,0,0
738331,793,0,1831,-7713,1,0,1
738332,939,0,1124,10126,1,0,1
738333,771,0,3701,9727,1,0,0
738334,979,0,5435,9428,1,0,1
738335,65535,255,6572,9113,0,0,0
738336,847,0,2704,-7540,1,0,1
738337,65535,255,117,9229,0,0,1
738338,581,0,2927,9838,1,0,1
738339,65535,255,4934,9528,0,0,0
738340,65535,255,6238,9208,0,0,0
738341,65535,255,3483,-7433,0,0,0
738342,790,0,893,-7591,1,0,1
738343,65535,255,2053,10018,0,0,0
738344,65535,255,4357,9603,0,0,0
738345,65535,255,5859,9322,0,0,0
738346,65535,255,4153,-7301,0,0,0
738347,869,2,1847,-7622,1,0,1
738348,65535,255,1101,10008,0,0,0
738349,65535,255,3685,9698,0,0,0
738350,65535,255,5425,9453,0,0,0
738351,65535,255,4733,-7204,0,0,0
738352,654,0,2726,-7617,1,0,1
738353,571,2,95,8994,1,0,1
738354,65535,255,2909,9838,0,0,0
738355,65535,255,4926,9534,0,0,0
738356,359,2,5231,-7125,1,0,1
738357,545,0,3495,-7458,1,0,1
738358,65535,255,909,-7734,0,0,0
738359,649,0,2038,9830,1,0,1
738360,991,0,4346,9630,1,0,1
738361,1107,0,5660,-6988,1,0,1
738362,0,0,0,0,0,0,0
738363,65535,255,1868,-7742,0,0,0
738364,0,0,0,0,0,0,0
738365,0,0,0,0,0,0,0
738366,0,0,0,0,0,0,0
738367,0,0,0,0,0,0,0
738368,0,0,0,0,0,0,0
738369,0,0,0,0,0,0,0
738370,0,0,0,0,0,0,0
738371,0,0,0,0,0,0,0
738372,0,0,0,0,0,0,0
738373,0,0,0,0,0,0,0
738374,0,0,0,0,0,0,0
738375,0,0,0,0,0,0,0
738376,0,0,0,0,0,0,0
738377,0,0,0,0,0,0,0
738378,0,0,0,0,0,0,0
738379,0,0,0,0,0,0,0
738380,0,0,0,0,0,0,0
738381,0,0,0,0,0,0,0
738382,0,0,0,0,0,0,0
738383,0,0,0,0,0,0,0
738384,0,0,0,0,0,0,0
738385,0,0,0,0,0,0,0
738386,0,0,0,0,0,0,0
738387,0,0,0,0,0,0,0
738388,0,0,0,0,0,0,0
738389,0,0,0,0,0,0,0
738390,0,0,0,0,0,0,0
738391,0,0,0,0,0,0,0
738392,0,0,0,0,0,0,0
738393,0,0,0,0,0,0,0
738394,0,0,0,0,0,0,0
738395,0,0,0,0,0,0,0
738396,0,0,0,0,0,0,0
738397,65535,255,3654,9701,0,0,0
738398,65535,255,5407,9465,0,0,0
738399,65535,255,4755,-7235,0,0,0
738400,0,0,0,0,0,0,0
738401,65535,255,65,13742,0,0,0
738402,727,0,2880,9799,1,0,1
738403,720,0,4905,9527,1,0,1
738404,65535,255,5248,-7130,0,0,0
738405,910,2,3520,-7480,1,0,1
738406,942,0,944,-7906,1,0,1
738407,658,0,2007,9959,1,0,1
738408,65535,255,4325,9594,0,0,0
738409,1046,0,5672,-6976,1,0,1
738410,738,0,4185,-7343,1,0,1
738411,684,0,1891,-7512,1,0,1
738412,65535,255,1057,9882,0,0,0
738413,65535,255,3654,9692,0,0,0
738414,592,2,5404,9465,1,0,1
738415,65535,255,4755,-7240,0,0,0
738416,65535,255,2757,-7542,0,0,0
738417,709,0,70,6952,1,0,0
738418,838,0,2881,9843,1,0,1
738419,742,0,4905,9555,1,0,1
738420,65535,255,5245,-7085,0,0,0
738421,65535,255,3520,-7410,0,0,0
738422,65535,255,944,-7659,0,0,0
738423,65535,255,2012,9846,0,0,0
738424,736,0,4325,9667,1,0,1
738425,1088,0,5672,-7025,1,0,1
738426,1089,0,4181,-7315,1,0,1
738427,775,0,1890,-7738,1,0,1
738428,653,0,1057,9852,1,0,1
738429,65535,255,3654,9693,0,0,0
738430,997,0,5404,9448,1,0,1
738431,941,0,4752,-7252,1,0,1
738432,730,0,2753,-7576,1,0,1
738433,65535,255,60,8847,0,0,0
738434,65535,255,2881,9897,0,0,0
738435,65535,255,4909,9500,0,0,0
738436,830,2,5243,-7121,1,0,0
738437,870,0,3516,-7480,1,0,1
738438,65535,255,935,-7563,0,0,0
738439,65535,255,2017,10023,0,0,0
738440,219,2,4329,9640,1,0,1
738441,991,0,5667,-7017,1,0,1
738442,759,0,4174,-7316,1,0,0
738443,490,0,1885,-7704,1,0,0
738444,607,0,1063,9946,1,0,0
738445,65535,255,3655,9758,0,0,0
738446,1072,0,5405,9452,1,0,1
738447,681,0,4754,-7241,1,0,1
738448,699,0,2753,-7462,1,0,1
738449,903,0,72,5936,1,0,1
738450,800,0,2872,9888,1,0,1
738451,935,0,4900,9523,1,0,1
738452,725,0,5252,-7083,1,0,1
738453,690,0,3530,-7459,1,0,1
738454,65535,255,957,-7522,0,0,0
738455,65535,255,1990,9883,0,0,0
738456,65535,255,4309,9611,0,0,0
738457,1202,0,5681,-7013,1,0,1
738458,1040,0,4200,-7340,1,0,1
738459,65535,255,1918,-7630,0,0,0
738460,65535,255,1027,9853,0,0,0
738461,955,0,3628,9739,1,0,1
738462,65535,255,5387,9452,0,0,0
738463,994,0,4772,-7172,1,0,1
738464,761,0,2787,-7493,1,0,1
738465,649,0,22,4314,1,0,1
738466,693,0,2842,9784,1,0,1
738467,915,0,4878,9562,1,0,1
738468,963,0,5270,-7122,1,0,1
738469,752,0,3555,-7412,1,0,1
738470,65535,255,998,-7925,0,0,0
738471,65535,255,1958,9834,0,0,0
738472,247,2,4291,9608,1,0,1
738473,1037,0,5696,-7017,1,0,1
738474,802,0,4222,-7355,1,0,1
738475,65535,255,1946,-7695,0,0,0
738476,697,0,992,9983,1,0,1
738477,65535,255,3603,9793,0,0,0
738478,1162,0,5376,9412,1,0,1
738479,65535,255,4798,-7195,0,0,0
738480,780,0,2824,-7582,1,0,1
738481,65535,255,43,-2054,0,0,0
738482,65535,255,2819,9804,0,0,0
738483,816,0,4865,9516,1,0,1
738484,1106,0,5281,-7111,1,0,1
738485,974,0,3572,-7425,1,0,1
738486,65535,255,1009,-7599,0,0,0
738487,65535,255,1947,10016,0,0,0
738488,65535,255,4284,9604,0,0,0
738489,65535,255,5698,-6977,0,0,0
738490,844,0,4225,-7320,1,0,1
738491,752,0,1952,-7681,1,0,1
738492,65535,255,997,10145,0,0,0
738493,760,0,3611,9737,1,0,1
738494,942,0,5381,9406,1,0,1
738495,65535,255,4785,-7249,0,0,0
738496,65535,255,2801,-7530,0,0,0
738497,65535,255,33,-17863,0,0,0
738498,0,0,0,0,0,0,0
738499,641,0,4883,9508,1,0,1
738500,65535,255,5270,-7109,0,0,0
738501,0,0,0,0,0,0,0
738502,65535,255,980,-7699,0,0,0
738503,841,0,1980,9831,1,0,1
738504,874,0,4305,9642,1,0,1
738505,65535,255,5687,-7003,0,0,0
738506,65535,255,4203,-7347,0,0,0
738507,65535,255,1918,-7565,0,0,0
738508,65535,255,1033,9914,0,0,0
738509,65535,255,3637,9692,0,0,0
738510,1381,0,5397,9456,1,0,1
738511,990,0,4765,-7230,1,0,1
738512,390,0,2768,-7499,1,0,1
738513,881,0,49,13554,1,0,0
738514,0,0,0,0,0,0,0
738515,65535,255,4901,9510,0,0,0
738516,65535,255,5252,-7123,0,0,0
738517,1035,0,3525,-7464,1,0,1
738518,65535,255,945,-7841,0,0,0
738519,65535,255,2011,9925,0,0,0
738520,65535,255,4330,9601,0,0,0
738521,65535,255,5670,-6987,0,0,0
