sdate,line_t,line_tmq,line_tvza,line_tvaa,line_tm2,line_QFDNB,line_tm_buf
735235,65535,255,3418,-7874,0,0,0
735236,5,0,42,8041,1,0,0
735237,65535,255,3494,9808,0,0,0
735238,65535,255,5652,9607,0,0,0
735239,65535,255,6070,-7723,0,0,0
735240,65535,255,4271,-7903,0,0,0
735241,65535,255,1214,-8132,0,0,1
735242,65535,255,2484,9883,0,0,0
735243,65535,255,5066,9711,0,0,0
735244,65535,255,6487,-7654,0,0,0
735245,6,0,4976,-7847,1,0,1
735246,65535,255,2374,-7963,0,0,0
735247,65535,255,1332,9713,0,0,0
735248,6,0,4364,9766,1,0,1
735249,10,0,6157,9599,1,0,1
735250,5,0,5562,-7759,1,0,1
735251,4,0,3397,-7927,1,0,1
735252,4,0,69,12219,1,0,1
735253,65535,255,3508,9721,0,0,0
735254,65535,255,5658,9634,0,0,0
735255,11,0,6067,-7702,1,0,0
735256,65535,255,4267,-7829,0,0,1
735257,65535,255,1215,-7802,0,0,0
735258,65535,255,2480,9717,0,0,0
735259,65535,255,5060,9644,0,0,0
735260,45,2,6493,-7659,1,0,1
735261,65535,255,4991,-7851,0,0,0
735262,65535,255,2404,-7962,0,0,0
735263,65535,255,1293,9709,0,0,0
735264,65535,255,4335,9761,0,0,0
735265,65535,255,6136,9593,0,0,0
735266,65535,255,5588,-7797,0,0,1
735267,4,0,3435,-7872,1,0,1
735268,5,0,13,6369,1,0,0
735269,3,0,3465,9827,1,0,1
735270,4,0,5633,9622,1,0,1
735271,6,0,6085,-7697,1,0,0
735272,65535,255,4297,-7827,0,0,0
735273,65535,255,1265,-7835,0,0,0
735274,65535,255,2431,9743,0,0,0
735275,65535,255,5031,9661,0,0,0
735276,6,0,6509,-7673,1,0,1
735277,4,0,5012,-7794,1,0,1
735278,3,0,2448,-8051,1,0,1
735279,65535,255,1242,9919,0,0,0
735280,65535,255,4307,9716,0,0,0
735281,65535,255,6120,9572,0,0,0
735282,65535,255,5604,-7773,0,0,0
735283,5,0,3470,-7975,1,0,0
735284,8,0,40,-5258,1,0,0
735285,65535,255,3432,9812,0,0,0
735286,65535,255,5615,9620,0,0,0
735287,65535,255,6098,-7699,0,0,0
735288,65535,255,4322,-7839,0,0,0
735289,65535,255,1304,-7915,0,0,0
735290,65535,255,2396,9771,0,0,0
735291,65535,255,5010,9669,0,0,0
735292,65535,255,6519,-7672,0,0,0
735293,65535,255,5031,-7793,0,0,0
735294,65535,255,2483,-8022,0,0,0
735295,7,0,1202,9813,1,0,0
735296,65535,255,4282,9691,0,0,0
735297,0,0,0,0,0,0,0
735298,65535,255,5622,-7748,0,0,0
735299,65535,255,3500,-7913,0,0,0
735300,0,0,0,0,0,0,0
735301,7,0,3402,9734,1,0,1
735302,65535,255,5595,9644,0,0,0
735303,5,0,6115,-7716,1,0,0
735304,4,0,4348,-7864,1,0,1
735305,4,0,1350,-7991,1,0,1
735306,65535,255,2357,9825,0,0,0
735307,65535,255,4986,9692,0,0,0
735308,65535,255,6522,9562,0,0,0
735309,65535,255,5054,-7833,0,0,0
735310,65535,255,2513,-7944,0,0,0
735311,65535,255,1169,9697,0,0,0
735312,65535,255,4253,9780,0,0,0
735313,65535,255,6089,9610,0,0,0
735314,65535,255,5637,-7751,0,0,0
735315,13,1,3524,-7937,1,0,0
735316,65535,255,118,-5983,0,0,0
735317,65535,255,3372,9789,0,0,0
735318,65535,255,5582,9614,0,0,0
735319,12,1,6125,-7695,1,0,1
735320,0,0,4368,-7837,1,0,1
735321,65535,255,1377,-7942,0,0,0
735322,0,0,2331,9813,1,0,1
735323,65535,255,4973,9698,0,0,0
735324,65535,255,6512,9570,0,0,0
735325,65535,255,5068,-7780,0,0,0
735326,65535,255,2538,-8031,0,0,0
735327,65535,255,1140,9927,0,0,0
735328,65535,255,4241,9741,0,0,0
735329,65535,255,6082,9596,0,0,0
735330,7,0,5648,-7741,1,0,0
735331,6,0,3541,-7936,1,0,1
735332,65535,255,137,-6771,0,0,0
735333,65535,255,3359,9818,0,0,0
735334,65535,255,5574,9633,0,0,0
735335,65535,255,6135,-7724,0,0,0
735336,65535,255,4381,-7900,0,0,0
735337,6,0,1395,-7846,1,0,0
735338,7,0,2320,9785,1,0,1
735339,65535,255,4967,9705,0,0,0
735340,65535,255,6512,9526,0,0,0
735341,8,0,5076,-7805,1,0,0
735342,8,0,2547,-7918,1,0,0
735343,65535,255,1129,9753,0,0,0
735344,65535,255,4238,9714,0,0,0
735345,65535,255,6080,9588,0,0,0
735346,4,0,5653,-7745,1,0,1
735347,65535,255,3550,-7952,0,0,0
735348,65535,255,140,-7761,0,0,0
735349,65535,255,3359,9726,0,0,0
735350,0,0,5573,9670,1,0,1
735351,0,0,6137,-7701,1,0,1
735352,65535,255,4385,-7874,0,0,0
735353,65535,255,1401,-8158,0,0,0
735354,65535,255,2320,9786,0,0,0
735355,28,2,4967,9711,1,0,1
735356,65535,255,6512,9537,0,0,0
735357,15,2,5076,-7831,1,0,1
735358,65535,255,2547,-8005,0,0,0
735359,9,0,1129,10019,1,0,0
735360,65535,255,4239,9718,0,0,1
735361,65535,255,6083,9576,0,0,0
735362,10,0,5650,-7741,1,0,0
735363,65535,255,3546,-7970,0,0,0
735364,65535,255,135,-8734,0,0,0
735365,6,0,3363,9791,1,0,1
735366,6,0,5578,9638,1,0,1
735367,65535,255,6132,-7683,0,0,0
735368,65535,255,4377,-7855,0,0,1
735369,5,0,1389,-8160,1,0,1
735370,6,0,2330,9814,1,0,1
735371,65535,255,4976,9650,0,0,0
735372,65535,255,6516,9560,0,0,0
735373,65535,255,5067,-7796,0,0,0
735374,65535,255,2532,-7969,0,0,0
735375,65535,255,1151,9987,0,0,0
735376,9,0,4252,9687,1,0,0
735377,0,0,0,0,0,0,0
735378,0,0,5643,-7768,1,0,1
735379,65535,255,3524,-7911,0,0,0
735380,0,0,112,-7383,1,0,1
735381,0,0,3384,9763,1,0,1
735382,65535,255,5588,9637,0,0,0
735383,65535,255,6122,-7691,0,0,0
735384,0,0,4361,-7882,1,0,1
735385,65535,255,1355,-7942,0,0,0
735386,65535,255,2356,9719,0,0,0
735387,12,0,4988,9709,1,0,1
735388,10,0,6524,9552,1,0,0
735389,65535,255,5050,-7797,0,0,0
735390,65535,255,2503,-7982,0,0,0
735391,10,0,1179,10068,1,0,1
735392,65535,255,4274,9720,0,0,0
735393,65535,255,6101,9614,0,0,0
735394,0,0,0,0,0,0,0
735395,65535,255,3495,-7860,0,0,0
735396,0,0,0,0,0,0,0
735397,65535,255,3410,9744,0,0,0
735398,65535,255,5605,9635,0,0,0
735399,9,0,6108,-7693,1,0,1
735400,65535,255,4337,-7904,0,0,0
735401,65535,255,1321,-8043,0,0,0
735402,65535,255,2391,9799,0,0,0
735403,65535,255,5009,9664,0,0,0
735404,9,0,6518,-7664,1,0,1
735405,65535,255,5031,-7846,0,0,0
735406,65535,255,2463,-7920,0,0,0
735407,33,2,1224,9951,1,0,1
735408,65535,255,4300,9705,0,0,0
735409,65535,255,6117,9612,0,0,0
735410,65535,255,5604,-7740,0,0,0
735411,65535,255,3461,-7879,0,0,0
735412,65535,255,27,-5143,0,0,0
735413,65535,255,3444,9786,0,0,0
735414,65535,255,5620,9661,0,0,0
735415,12,1,6090,-7726,1,0,1
735416,65535,255,4304,-7859,0,0,0
735417,65535,255,1271,-7915,0,0,0
735418,65535,255,2435,9758,0,0,0
735419,65535,255,5037,9651,0,0,0
735420,65535,255,6502,-7663,0,0,0
735421,65535,255,5001,-7854,0,0,0
735422,6,0,2419,-7947,1,0,0
735423,65535,255,1278,9854,0,0,0
735424,65535,255,4329,9743,0,0,0
735425,65535,255,6136,9576,0,0,0
735426,11,0,5581,-7774,1,0,1
735427,5,0,3423,-7960,1,0,1
735428,3,0,59,4474,1,0,0
735429,65535,255,3486,9749,0,0,0
735430,7,0,5646,9650,1,0,1
735431,7,0,6069,-7721,1,0,1
735432,65535,255,4272,-7908,0,0,0
735433,65535,255,1225,-8074,0,0,0
735434,65535,255,2470,9822,0,0,0
735435,65535,255,5055,9677,0,0,0
735436,73,2,6492,-7671,1,0,0
735437,65535,255,4989,-7803,0,0,0
735438,65535,255,2404,-7960,0,0,0
735439,65535,255,1293,9660,0,0,0
735440,65535,255,4332,9743,0,0,0
735441,65535,255,6135,9576,0,0,0
735442,65535,255,5586,-7764,0,0,0
735443,17,2,3436,-7933,1,0,0
735444,7,0,24,16312,1,0,1
735445,65535,255,3469,9716,0,0,0
735446,65535,255,5633,9628,0,0,0
735447,5,0,6083,-7691,1,0,0
735448,5,0,4297,-7913,1,0,1
735449,65535,255,1265,-8125,0,0,0
735450,65535,255,2430,9875,0,0,0
735451,65535,255,5033,9700,0,0,0
735452,3,0,6505,-7639,1,0,1
735453,5,0,5010,-7821,1,0,0
735454,65535,255,2439,-7881,0,0,0
735455,65535,255,1247,9922,0,0,0
735456,65535,255,4310,9711,0,0,0
735457,65535,255,6124,9566,0,0,0
735458,65535,255,5601,-7754,0,0,0
735459,10,0,3461,-7931,1,0,0
735460,65535,255,40,-12296,0,0,0
735461,65535,255,3444,9734,0,0,0
735462,5,0,5620,9643,1,0,1
735463,65535,255,6098,-7713,0,0,0
735464,65535,255,4318,-7852,0,0,0
735465,35,2,1293,-7941,1,0,1
735466,65535,255,2406,9785,0,0,0
735467,65535,255,5018,9675,0,0,0
735468,65535,255,6516,-7673,0,0,0
735469,65535,255,5027,-7809,0,0,0
735470,65535,255,2463,-7868,0,0,0
735471,65535,255,1219,9951,0,0,0
735472,65535,255,4296,9732,0,0,0
735473,65535,255,6115,9578,0,0,0
735474,65535,255,5616,-7780,0,0,0
735475,65535,255,3482,-7852,0,0,0
735476,65535,255,53,-7261,0,0,0
735477,65535,255,3422,9832,0,0,0
735478,65535,255,5612,9631,0,0,0
735479,11,0,6107,-7708,1,0,0
735480,65535,255,4333,-7851,0,0,0
735481,3,0,1315,-7967,1,0,0
735482,0,0,0,0,0,0,0
735483,65535,255,5009,9703,0,0,0
735484,65535,255,6522,-7650,0,0,0
735485,0,0,0,0,0,0,0
735486,65535,255,2483,-7983,0,0,0
735487,8,0,1207,9815,1,0,0
735488,65535,255,4285,9706,0,0,0
735489,65535,255,6109,9571,0,0,0
735490,65535,255,5621,-7779,0,0,0
735491,9,0,3490,-7861,1,0,1
735492,8,0,65,-8437,1,0,0
735493,65535,255,3418,9717,0,0,0
735494,53,2,5604,9650,1,0,1
735495,47,2,6111,-7730,1,0,0
735496,0,0,0,0,0,0,0
735497,84,2,1327,-7932,1,0,1
735498,65535,255,2381,9760,0,0,0
735499,38,2,5006,9682,1,0,1
735500,0,0,6524,-7643,1,0,0
735501,9,1,5042,-7849,1,0,1
735502,65535,255,2488,-8008,0,0,0
735503,65535,255,1202,9925,0,0,0
735504,4,0,4281,9740,1,0,1
735505,6,0,6107,9595,1,0,0
735506,5,1,5621,-7747,1,0,1
735507,5,0,3495,-7947,1,0,0
735508,4,0,67,-6414,1,0,1
735509,65535,255,3410,9842,0,0,0
735510,65535,255,5604,9650,0,0,0
735511,7,0,6110,-7734,1,0,1
735512,65535,255,4337,-7823,0,0,0
735513,65535,255,1321,-7940,0,0,0
735514,5,0,2381,9853,1,0,1
735515,7,0,5004,9686,1,0,1
735516,65535,255,6523,-7676,0,0,0
735517,65535,255,5037,-7829,0,0,0
735518,65535,255,2483,-7982,0,0,0
735519,3,0,1207,9898,1,0,0
735520,7,0,4285,9747,1,0,0
735521,65535,255,6108,9610,0,0,0
735522,65535,255,5617,-7770,0,0,0
735523,7,0,3482,-7878,1,0,0
735524,4,1,68,-10995,1,0,0
735525,0,0,0,0,0,0,0
735526,65535,255,5610,9640,0,0,0
735527,65535,255,6103,-7736,0,0,0
735528,34,2,4326,-7837,1,0,0
735529,65535,255,1310,-8067,0,0,0
735530,65535,255,2401,9733,0,0,0
735531,0,0,0,0,0,0,0
735532,65535,255,6516,-7667,0,0,0
735533,6,0,5025,-7824,1,0,0
735534,65535,255,2463,-7996,0,0,0
735535,65535,255,1230,10004,0,0,0
735536,8,0,4300,9686,1,0,0
735537,65535,255,6117,9582,0,0,0
735538,2,0,5604,-7753,1,0,1
735539,0,0,0,0,0,0,0
735540,0,0,0,0,0,0,0
735541,0,0,0,0,0,0,0
735542,65535,255,5621,9667,0,0,0
735543,65535,255,6090,-7713,0,0,0
735544,65535,255,4304,-7911,0,0,0
735545,2,0,1270,-8018,1,0,0
735546,65535,255,2431,9747,0,0,0
735547,65535,255,5031,9713,0,0,0
735548,9,0,6502,-7634,1,0,0
735549,65535,255,5001,-7793,0,0,1
735550,65535,255,2424,-7959,0,0,0
735551,5,1,1270,9999,1,0,0
735552,65535,255,4329,9711,0,0,0
735553,65535,255,6134,9608,0,0,0
735554,65535,255,5584,-7795,0,0,0
735555,65535,255,3427,-7976,0,0,0
735556,47,2,55,4000,1,0,0
735557,65535,255,3482,9734,0,0,0
735558,6,0,5643,9652,1,0,1
735559,8,1,6073,-7694,1,0,1
735560,65535,255,4283,-7879,0,0,0
735561,65535,255,1242,-7884,0,0,0
735562,65535,255,2450,9876,0,0,0
735563,6,1,5043,9680,1,0,1
735564,65535,255,6498,-7662,0,0,0
735565,65535,255,5001,-7826,0,0,0
735566,6,0,2424,-8050,1,0,1
735567,4,0,1270,9738,1,0,1
735568,65535,255,4321,9739,0,0,0
735569,7,0,6127,9608,1,0,1
735570,5,0,5594,-7750,1,0,1
735571,7,0,3453,-7974,1,0,0
735572,3,0,41,-15264,1,0,1
735573,65535,255,3449,9777,0,0,0
735574,4,0,5625,9613,1,0,1
735575,5,0,6092,-7727,1,0,1
735576,2,0,4308,-7851,1,0,0
735577,65535,255,1282,-7835,0,0,0
735578,65535,255,2415,9891,0,0,0
735579,65535,255,5024,9697,0,0,0
735580,65535,255,6510,-7630,0,0,0
735581,65535,255,5018,-7797,0,0,0
735582,6,0,2458,-7995,1,0,1
735583,65535,255,1236,9709,0,0,0
735584,65535,255,4300,9754,0,0,0
735585,65535,255,6118,9583,0,0,1
735586,65535,255,5608,-7770,0,0,0
735587,9,1,3473,-7946,1,0,1
735588,65535,255,53,-11928,0,0,0
735589,65535,255,3436,9736,0,0,0
735590,65535,255,5615,9641,0,0,0
735591,0,0,6101,-7707,1,0,1
735592,65535,255,4322,-7836,0,0,0
735593,65535,255,1305,-7837,0,0,0
735594,3,0,2401,9721,1,0,1
735595,65535,255,5018,9649,0,0,0
735596,13,0,6519,-7662,1,0,1
735597,7,0,5028,-7806,1,0,0
735598,65535,255,2468,-7982,0,0,0
735599,65535,255,1224,9761,0,0,0
735600,65535,255,4292,9781,0,0,0
735601,65535,255,6113,9603,0,0,0
735602,65535,255,5613,-7742,0,0,0
735603,65535,255,3477,-7902,0,0,0
735604,65535,255,52,-10495,0,0,0
735605,65535,255,3431,9736,0,0,0
735606,4,0,5612,9651,1,0,0
735607,65535,255,6103,-7722,0,0,0
735608,65535,255,4326,-7882,0,0,0
735609,65535,255,1310,-8092,0,0,0
735610,65535,255,2400,9893,0,0,0
735611,65535,255,5016,9691,0,0,0
735612,65535,255,6519,-7665,0,0,0
735613,65535,255,5027,-7796,0,0,0
735614,7,1,2465,-7964,1,0,1
735615,65535,255,1224,9980,0,0,1
735616,65535,255,4299,9747,0,0,0
735617,65535,255,6117,9595,0,0,0
735618,65535,255,5608,-7742,0,0,0
735619,65535,255,3473,-7928,0,0,0
735620,65535,255,55,-3088,0,0,0
735621,65535,255,3435,9771,0,0,0
735622,7,0,5617,9659,1,0,0
735623,5,0,6099,-7718,1,0,0
735624,65535,255,4322,-7856,0,0,0
735625,65535,255,1299,-7913,0,0,0
735626,65535,255,2405,9761,0,0,0
735627,65535,255,5018,9655,0,0,0
735628,65535,255,6516,-7666,0,0,0
735629,6,0,5024,-7779,1,0,0
735630,65535,255,2463,-7982,0,0,0
735631,65535,255,1230,9735,0,0,0
735632,6,0,4295,9768,1,0,0
735633,5,0,6116,9600,1,0,1
735634,0,0,0,0,0,0,0
735635,65535,255,3474,-7928,0,0,0
735636,65535,255,53,-11925,0,0,0
735637,65535,255,3431,9754,0,0,0
735638,65535,255,5615,9655,0,0,0
735639,65535,255,6100,-7729,0,0,0
735640,65535,255,4322,-7889,0,0,0
735641,65535,255,1299,-8118,0,0,0
735642,65535,255,2406,9893,0,0,0
735643,65535,255,5018,9687,0,0,0
735644,65535,255,6514,-7665,0,0,0
735645,65535,255,5022,-7796,0,0,1
735646,65535,255,2459,-8059,0,0,0
735647,65535,255,1236,9979,0,0,0
735648,65535,255,4303,9741,0,0,0
735649,65535,255,6119,9595,0,0,0
735650,65535,255,5603,-7738,0,0,0
735651,2,0,3461,-7920,1,0,0
735652,3,0,53,-1705,1,0,1
735653,65535,255,3444,9798,0,0,0
735654,65535,255,5621,9623,0,0,0
735655,65535,255,6092,-7711,0,0,0
735656,65535,255,4308,-7876,0,0,0
735657,3,0,1277,-8146,1,0,0
735658,65535,255,2426,9734,0,0,0
735659,65535,255,5031,9682,0,0,0
735660,6,0,6503,-7649,1,0,1
735661,6,0,5007,-7786,1,0,1
735662,3,0,2429,-7879,1,0,1
735663,7,0,1265,9712,1,0,0
735664,65535,255,4322,9706,0,0,0
735665,5,0,6131,9587,1,0,1
735666,65535,255,5586,-7752,0,0,0
735667,4,0,3435,-7973,1,0,1
735668,3,0,27,15154,1,0,1
735669,4,0,3474,9788,1,0,1
735670,65535,255,5639,9635,0,0,0
735671,65535,255,6075,-7689,0,0,0
735672,0,0,4286,-7893,1,0,0
735673,65535,255,1250,-7980,0,0,0
735674,65535,255,2445,9735,0,0,0
735675,65535,255,5037,9660,0,0,0
735676,65535,255,6504,-7670,0,0,0
735677,65535,255,5007,-7797,0,0,0
735678,65535,255,2439,-7890,0,0,0
735679,1,0,1247,9978,1,0,0
735680,4,0,4307,9747,1,0,0
735681,65535,255,6118,9596,0,0,0
735682,7,1,5604,-7737,1,0,1
735683,5,0,3470,-7928,1,0,1
735684,3,0,59,-3482,1,0,0
735685,65535,255,3427,9799,0,0,0
735686,65535,255,5610,9629,0,0,0
735687,65535,255,6102,-7713,0,0,0
735688,65535,255,4329,-7881,0,0,0
735689,65535,255,1322,-8165,0,0,0
735690,65535,255,2386,9762,0,0,0
735691,65535,255,5004,9695,0,0,0
735692,12,0,6523,-7656,1,0,0
735693,65535,255,5040,-7799,0,0,0
735694,65535,255,2493,-7916,0,0,0
735695,65535,255,1190,9789,0,0,0
735696,65535,255,4270,9730,0,0,0
735697,65535,255,6099,9602,0,0,0
735698,65535,255,5629,-7762,0,0,0
735699,12,1,3508,-7865,1,0,0
735700,65535,255,99,-10006,0,0,0
735701,6,0,3389,9810,1,0,1
735702,65535,255,5592,9649,0,0,0
735703,88,2,6118,-7684,1,0,0
735704,0,0,4358,-7859,1,0,0
735705,65535,255,1361,-8183,0,0,1
735706,65535,255,2351,9817,0,0,0
735707,66,2,4985,9653,1,0,0
735708,41,2,6520,9560,1,0,1
735709,65535,255,5059,-7793,0,0,0
735710,65535,255,2522,-7953,0,0,0
735711,65535,255,1157,9961,0,0,0
735712,65535,255,4256,9690,0,0,0
735713,65535,255,6091,9595,0,0,0
735714,10,0,5640,-7770,1,0,1
735715,65535,255,3529,-7916,0,0,0
735716,65535,255,116,-7982,0,0,0
735717,65535,255,3376,9785,0,0,0
735718,65535,255,5581,9655,0,0,0
735719,65535,255,6126,-7702,0,0,0
735720,65535,255,4370,-7887,0,0,0
735721,65535,255,1377,-8060,0,0,0
735722,65535,255,2336,9789,0,0,0
735723,65535,255,4979,9659,0,0,0
735724,11,0,6517,9574,1,0,1
735725,12,0,5067,-7834,1,0,0
735726,4,0,2532,-7877,1,0,0
735727,65535,255,1151,9876,0,0,0
735728,65535,255,4247,9714,0,0,0
735729,65535,255,6088,9600,0,0,0
735730,65535,255,5645,-7787,0,0,0
735731,65535,255,3533,-7975,0,0,0
735732,68,2,124,-6079,1,0,1
735733,65535,255,3376,9749,0,0,0
735734,65535,255,5581,9646,0,0,0
735735,65535,255,6128,-7706,0,0,0
735736,65535,255,4368,-7833,0,0,0
735737,1,0,1372,-7877,1,0,1
735738,65535,255,2336,9914,0,0,0
735739,65535,255,4976,9719,0,0,0
735740,65535,255,6517,9567,0,0,0
735741,65535,255,5065,-7834,0,0,0
735742,65535,255,2527,-7915,0,0,0
735743,65535,255,1151,10018,0,0,0
735744,65535,255,4252,9731,0,0,0
735745,65535,255,6090,9575,0,0,0
735746,65535,255,5640,-7774,0,0,0
735747,65535,255,3524,-7959,0,0,0
735748,65535,255,113,-5877,0,0,0
735749,65535,255,3380,9767,0,0,0
735750,65535,255,5587,9663,0,0,0
735751,3,0,6122,-7729,1,0,0
735752,9,0,4361,-7884,1,0,1
735753,4,0,1361,-8061,1,0,1
735754,7,0,2351,9857,1,0,0
735755,65535,255,4986,9702,0,0,0
735756,65535,255,6522,9567,0,0,0
735757,65535,255,5053,-7839,0,0,0
735758,65535,255,2508,-7953,0,0,0
735759,65535,255,1174,9704,0,0,0
735760,34,2,4263,9771,1,0,0
735761,65535,255,6097,9603,0,0,0
735762,0,0,0,0,0,0,0
735763,70,2,3507,-7908,1,0,1
735764,65535,255,92,-9793,0,0,0
735765,69,2,3402,9748,1,0,1
735766,65535,255,5594,9658,0,0,0
735767,65535,255,6114,-7730,0,0,1
735768,0,0,0,0,0,0,0
735769,14,1,1338,-8162,1,0,1
735770,8,1,2371,9894,1,0,1
735771,65535,255,5001,9658,0,0,0
735772,65535,255,6523,-7673,0,0,0
735773,65535,255,5036,-7809,0,0,0
735774,65535,255,2483,-7890,0,0,0
735775,65535,255,1202,10039,0,0,0
735776,8,0,4282,9756,1,0,1
735777,65535,255,6108,9601,0,0,0
735778,65535,255,5614,-7744,0,0,0
735779,65535,255,3482,-7935,0,0,0
735780,65535,255,63,-3863,0,0,0
735781,65535,255,3423,9791,0,0,1
735782,65535,255,5607,9666,0,0,0
735783,65535,255,6102,-7709,0,0,1
735784,65535,255,4330,-7907,0,0,0
735785,65535,255,1310,-8014,0,0,0
735786,65535,255,2391,9749,0,0,0
735787,65535,255,5006,9712,0,0,0
735788,65535,255,6518,-7633,0,0,0
735789,65535,255,5031,-7783,0,0,0
735790,65535,255,2473,-7941,0,0,0
735791,65535,255,1208,9983,0,0,0
735792,0,0,0,0,0,0,0
735793,65535,255,6107,9598,0,0,0
735794,65535,255,5617,-7776,0,0,1
735795,65535,255,3487,-7935,0,0,0
735796,39,2,59,-9031,1,0,0
735797,65535,255,3414,9809,0,0,0
735798,5,0,5605,9662,1,0,0
735799,9,1,6104,-7712,1,0,1
735800,9,1,4330,-7827,1,0,0
735801,65535,255,1321,-8114,0,0,0
735802,65535,255,2386,9829,0,0,0
735803,65535,255,5007,9668,0,0,0
735804,7,0,6520,-7660,1,0,1
735805,8,0,5034,-7837,1,0,1
735806,65535,255,2478,-7890,0,0,0
735807,65535,255,1207,9873,0,0,0
735808,65535,255,4282,9761,0,0,0
735809,65535,255,6106,9594,0,0,1
735810,65535,255,5616,-7776,0,0,0
735811,65535,255,3491,-7902,0,0,0
735812,65535,255,53,-7892,0,0,0
735813,65535,255,3427,9807,0,0,0
735814,65535,255,5615,9668,0,0,0
735815,65535,255,6093,-7731,0,0,0
735816,65535,255,4304,-7871,0,0,0
735817,65535,255,1259,-7938,0,0,0
735818,65535,255,2450,9759,0,0,1
735819,0,0,0,0,0,0,0
735820,65535,255,6496,-7675,0,0,0
735821,65535,255,4991,-7842,0,0,0
735822,76,2,2411,-7962,1,0,0
735823,65535,255,1287,9765,0,0,0
735824,43,2,4332,9732,1,0,1
735825,65535,255,6135,9612,0,0,1
735826,65535,255,5588,-7789,0,0,0
735827,65535,255,3440,-7940,0,0,0
735828,65535,255,6,13899,0,0,0
735829,65535,255,3465,9779,0,0,0
735830,65535,255,5632,9644,0,0,0
735831,65535,255,6085,-7689,0,0,0
735832,6,0,4300,-7877,1,0,1
735833,0,0,0,0,0,0,0
735834,65535,255,2430,9891,0,0,0
735835,65535,255,5033,9686,0,0,0
735836,65535,255,6508,-7667,0,0,0
735837,7,0,5015,-7835,1,0,1
735838,65535,255,2444,-7913,0,0,0
735839,65535,255,1247,9790,0,0,0
735840,0,0,0,0,0,0,0
735841,12,0,6124,9572,1,0,1
735842,8,0,5603,-7747,1,0,1
735843,65535,255,3461,-7868,0,0,0
735844,65535,255,39,-2835,0,0,0
735845,65535,255,3439,9745,0,0,0
735846,65535,255,5619,9628,0,0,0
735847,65535,255,6097,-7684,0,0,0
735848,65535,255,4318,-7876,0,0,0
735849,32,2,1299,-7939,1,0,1
735850,65535,255,2411,9734,0,0,0
735851,89,2,5018,9715,1,0,1
735852,62,2,6516,-7639,1,0,1
735853,65535,255,5033,-7831,0,0,0
735854,65535,255,2473,-7998,0,0,0
735855,65535,255,1219,9977,0,0,0
735856,65535,255,4292,9771,0,0,0
735857,65535,255,6114,9569,0,0,0
735858,65535,255,5614,-7787,0,0,0
735859,65535,255,3482,-7940,0,0,0
735860,65535,255,48,-7174,0,0,0
735861,65535,255,3427,9743,0,0,0
735862,9,0,5615,9616,1,0,0
735863,65535,255,6103,-7721,0,0,0
735864,8,0,4328,-7904,1,0,0
735865,65535,255,1304,-7993,0,0,0
735866,65535,255,2401,9802,0,0,0
735867,4,0,5018,9690,1,0,0
735868,0,0,0,0,0,0,0
735869,65535,255,5029,-7840,0,0,0
735870,65535,255,2463,-7895,0,0,0
735871,65535,255,1230,9813,0,0,0
735872,7,0,4300,9711,1,0,0
735873,4,0,6114,9608,1,0,1
735874,65535,255,5616,-7789,0,0,0
735875,65535,255,3486,-7957,0,0,0
735876,65535,255,65,-10563,0,0,0
735877,65535,255,3414,9840,0,0,0
735878,65535,255,5605,9608,0,0,0
735879,9,1,6111,-7727,1,0,1
735880,3,0,4340,-7858,1,0,1
735881,0,0,0,0,0,0,0
735882,0,0,2371,9758,1,0,1
735883,65535,255,4998,9648,0,0,1
735884,13,1,6527,9572,1,0,1
735885,3,0,5051,-7828,1,0,0
735886,65535,255,2507,-7881,0,0,0
735887,65535,255,1174,9927,0,0,0
735888,65535,255,4260,9695,0,0,0
735889,7,0,6095,9606,1,0,1
735890,65535,255,5632,-7763,0,0,0
735891,65535,255,3503,-7865,0,0,1
735892,3,0,85,-6377,1,0,1
735893,65535,255,3406,9766,0,0,0
735894,65535,255,5602,9654,0,0,0
735895,65535,255,6109,-7721,0,0,0
735896,65535,255,4334,-7856,0,0,0
735897,11,0,1316,-7895,1,0,1
735898,4,0,2396,9754,1,0,0
735899,65535,255,5015,9654,0,0,0
735900,10,0,6514,-7673,1,0,1
735901,9,0,5019,-7793,1,0,1
735902,0,0,0,0,0,0,0
735903,65535,255,1241,9943,0,0,0
735904,4,0,4307,9686,1,0,0
735905,65535,255,6118,9596,0,0,1
735906,65535,255,5604,-7781,0,0,0
735907,65535,255,3465,-7945,0,0,0
735908,0,0,0,0,0,0,0
735909,65535,255,3435,9835,0,0,0
735910,65535,255,5617,9607,0,0,0
735911,0,0,0,0,0,0,0
735912,65535,255,4319,-7870,0,0,0
735913,52,2,1299,-7920,1,0,1
735914,65535,255,2406,9741,0,0,0
735915,65535,255,5018,9648,0,0,1
735916,6,0,6516,-7660,1,0,1
735917,8,1,5028,-7855,1,0,1
735918,65535,255,2469,-7967,0,0,0
735919,65535,255,1219,9724,0,0,0
735920,65535,255,4288,9724,0,0,0
735921,65535,255,6108,9605,0,0,0
735922,65535,255,5617,-7743,0,0,0
735923,65535,255,3490,-7912,0,0,0
735924,65535,255,77,-10586,0,0,0
735925,7,0,3410,9753,1,0,0
735926,12,0,5600,9659,1,0,0
735927,65535,255,6112,-7739,0,0,0
735928,65535,255,4344,-7911,0,0,0
735929,65535,255,1333,-7845,0,0,0
735930,65535,255,2371,9765,0,0,0
735931,1,0,4998,9679,1,0,1
735932,65535,255,6527,9557,0,0,0
735933,6,0,5048,-7852,1,0,1
735934,65535,255,2503,-8016,0,0,0
735935,1,0,1179,9947,1,0,1
735936,65535,255,4267,9746,0,0,0
735937,38,2,6097,9603,1,0,0
735938,0,0,0,0,0,0,0
735939,65535,255,3512,-7988,0,0,0
735940,0,0,94,-8674,1,0,1
735941,1,0,3393,9755,1,0,1
735942,6,0,5594,9606,1,0,1
735943,65535,255,6120,-7711,0,0,0
735944,65535,255,4354,-7864,0,0,0
735945,65535,255,1355,-8122,0,0,0
735946,65535,255,2356,9765,0,0,0
735947,6,0,4988,9701,1,0,1
735948,65535,255,6525,9531,0,0,0
735949,5,0,5056,-7830,1,0,1
735950,65535,255,2513,-8002,0,0,0
735951,2,0,1174,10005,1,0,1
735952,65535,255,4267,9686,0,0,0
735953,65535,255,6097,9583,0,0,0
735954,65535,255,5633,-7759,0,0,0
735955,4,0,3511,-7876,1,0,0
735956,65535,255,97,-5506,0,0,0
735957,3,0,3397,9710,1,0,0
735958,65535,255,5597,9606,0,0,0
735959,65535,255,6119,-7726,0,0,0
735960,65535,255,4351,-7839,0,0,0
735961,5,0,1349,-8147,1,0,1
735962,5,0,2366,9832,1,0,0
735963,65535,255,4997,9663,0,0,0
735964,65535,255,6530,9524,0,0,1
735965,65535,255,5047,-7836,0,0,0
735966,65535,255,2498,-7876,0,0,0
735967,65535,255,1191,9834,0,0,0
735968,65535,255,4278,9766,0,0,0
735969,65535,255,6107,9583,0,0,0
735970,65535,255,5626,-7773,0,0,0
735971,65535,255,3494,-7928,0,0,0
735972,65535,255,65,-8941,0,0,0
735973,65535,255,3414,9816,0,0,0
735974,65535,255,5610,9605,0,0,0
735975,65535,255,6109,-7735,0,0,0
735976,12,1,4332,-7872,1,0,0
735977,65535,255,1315,-7948,0,0,0
735978,65535,255,2396,9751,0,0,0
735979,65535,255,5015,9651,0,0,1
735980,65535,255,6519,-7665,0,0,0
735981,65535,255,5030,-7854,0,0,0
735982,65535,255,2463,-7953,0,0,0
735983,2,0,1233,9856,1,0,1
735984,2,0,4303,9738,1,0,1
735985,65535,255,6122,9574,0,0,0
735986,8,0,5605,-7775,1,0,1
735987,2,0,3465,-7956,1,0,1
735988,65535,255,51,-1147,0,0,0
735989,65535,255,3452,9744,0,0,0
735990,65535,255,5627,9649,0,0,0
735991,65535,255,6090,-7722,0,0,0
735992,2,0,4303,-7860,1,0,0
735993,65535,255,1265,-7948,0,0,0
735994,65535,255,2440,9790,0,0,0
735995,65535,255,5042,9671,0,0,1
735996,65535,255,6504,-7684,0,0,0
735997,0,0,5000,-7813,1,0,0
735998,65535,255,2417,-8003,0,0,0
735999,65535,255,1286,9937,0,0,0
736000,65535,255,4337,9722,0,0,0
736001,65535,255,6138,9595,0,0,0
736002,0,0,5588,-7794,1,0,1
736003,65535,255,3431,-7861,0,0,0
736004,65535,255,17,4934,0,0,1
736005,65535,255,3469,9804,0,0,0
736006,65535,255,5638,9612,0,0,0
736007,3,0,6086,-7739,1,0,1
736008,65535,255,4297,-7914,0,0,0
736009,3,0,1265,-8184,1,0,0
736010,65535,255,2440,9712,0,0,0
736011,65535,255,5040,9650,0,0,0
736012,65535,255,6506,-7666,0,0,0
736013,65535,255,5006,-7790,0,0,0
736014,65535,255,2438,-8031,0,0,0
736015,65535,255,1258,9887,0,0,1
736016,6,0,4318,9710,1,0,0
736017,65535,255,6128,9573,0,0,0
736018,4,0,5598,-7780,1,0,1
736019,65535,255,3455,-7939,0,0,0
736020,65535,255,14,-4879,0,0,0
736021,65535,255,3453,9700,0,0,0
736022,65535,255,5625,9636,0,0,0
736023,65535,255,6091,-7721,0,0,0
736024,65535,255,4311,-7879,0,0,0
736025,65535,255,1281,-8103,0,0,0
736026,0,0,2421,9892,1,0,1
736027,65535,255,5028,9656,0,0,0
736028,65535,255,6510,-7682,0,0,0
736029,65535,255,5015,-7822,0,0,0
736030,65535,255,2448,-7940,0,0,0
736031,0,0,1247,9754,1,0,1
736032,65535,255,4311,9698,0,0,0
736033,65535,255,6122,9574,0,0,0
736034,65535,255,5604,-7797,0,0,0
736035,65535,255,3461,-7904,0,0,0
736036,65535,255,48,-7538,0,0,0
736037,65535,255,3444,9797,0,0,0
736038,65535,255,5623,9623,0,0,0
736039,65535,255,6093,-7720,0,0,0
736040,5,0,4311,-7899,1,0,1
736041,65535,255,1283,-7901,0,0,0
736042,7,0,2421,9791,1,0,1
736043,65535,255,5025,9705,0,0,0
736044,65535,255,6510,-7668,0,0,0
736045,65535,255,5015,-7816,0,0,0
736046,65535,255,2443,-7953,0,0,0
736047,65535,255,1247,9862,0,0,0
736048,65535,255,4311,9738,0,0,0
736049,65535,255,6123,9605,0,0,0
736050,65535,255,5601,-7774,0,0,0
736051,65535,255,3453,-7885,0,0,0
736052,65535,255,46,-5945,0,0,0
736053,65535,255,3448,9815,0,0,0
736054,14,1,5625,9650,1,0,0
736055,65535,255,6088,-7690,0,0,0
736056,65535,255,4300,-7866,0,0,0
736057,65535,255,1271,-8183,0,0,0
736058,65535,255,2435,9804,0,0,0
736059,65535,255,5036,9645,0,0,0
736060,65535,255,6504,-7639,0,0,0
736061,46,2,5003,-7790,1,0,0
736062,65535,255,2424,-7927,0,0,0
736063,65535,255,1270,9861,0,0,0
736064,65535,255,4325,9757,0,0,0
736065,14,1,6135,9569,1,0,0
736066,12,1,5587,-7744,1,0,0
736067,65535,255,3435,-7992,0,0,1
736068,65535,255,42,16579,0,0,0
736069,65535,255,3475,9769,0,0,0
736070,7,0,5643,9599,1,0,0
736071,65535,255,6079,-7722,0,0,0
736072,65535,255,4282,-7834,0,0,0
736073,65535,255,1236,-8133,0,0,1
736074,65535,255,2470,9816,0,0,0
736075,65535,255,5058,9660,0,0,0
736076,65535,255,6493,-7661,0,0,0
736077,65535,255,4985,-7840,0,0,0
736078,6,0,2389,-7875,1,0,1
736079,3,0,1315,9860,1,0,1
736080,65535,255,4358,9676,0,0,0
736081,65535,255,6151,9595,0,0,0
736082,65535,255,5569,-7791,0,0,0
736083,65535,255,3401,-7968,0,0,0
736084,65535,255,84,6454,0,0,0
736085,11,1,3512,9786,1,0,0
736086,65535,255,5660,9643,0,0,0
736087,65535,255,6065,-7709,0,0,0
736088,65535,255,4263,-7881,0,0,0
736089,65535,255,1208,-7890,0,0,0
736090,65535,255,2480,9892,0,0,0
736091,65535,255,5063,9687,0,0,0
736092,65535,255,6492,-7671,0,0,0
736093,65535,255,4987,-7845,0,0,0
736094,65535,255,2399,-7887,0,0,0
736095,65535,255,1298,9860,0,0,0
736096,65535,255,4344,9724,0,0,0
736097,65535,255,6143,9584,0,0,0
736098,65535,255,5585,-7767,0,0,0
736099,65535,255,3430,-7913,0,0,0
736100,65535,255,23,10921,0,0,0
736101,65535,255,3477,9796,0,0,0
736102,65535,255,5640,9639,0,0,1
736103,65535,255,6084,-7717,0,0,0
736104,7,0,4293,-7839,1,0,1
736105,6,0,1258,-8136,1,0,1
736106,8,0,2445,9882,1,0,1
736107,65535,255,5042,9699,0,0,0
736108,65535,255,6507,-7686,0,0,0
736109,65535,255,5008,-7800,0,0,0
736110,65535,255,2433,-8017,0,0,0
736111,4,0,1265,9756,1,0,1
736112,65535,255,4318,9765,0,0,0
736113,65535,255,6130,9586,0,0,0
736114,65535,255,5600,-7779,0,0,0
736115,65535,255,3456,-7956,0,0,0
736116,65535,255,42,-13684,0,0,0
736117,71,2,3452,9736,1,0,1
736118,65,2,5627,9637,1,0,1
736119,65535,255,6095,-7701,0,0,0
736120,65535,255,4312,-7877,0,0,0
736121,65535,255,1287,-8180,0,0,0
736122,65535,255,2415,9884,0,0,0
736123,65535,255,5024,9706,0,0,0
736124,14,1,6513,-7644,1,0,1
736125,65535,255,5021,-7826,0,0,0
736126,65535,255,2453,-7888,0,0,1
736127,65535,255,1236,9970,0,0,0
736128,65535,255,4303,9719,0,0,0
736129,65535,255,6120,9568,0,0,0
736130,65535,255,5610,-7764,0,0,0
736131,65535,255,3473,-7945,0,0,0
736132,65535,255,57,-7884,0,0,0
736133,65535,255,3435,9755,0,0,0
736134,65535,255,5614,9651,0,0,0
736135,11,0,6101,-7722,1,0,0
736136,65535,255,4322,-7871,0,0,0
736137,5,0,1304,-7998,1,0,1
736138,65535,255,2401,9819,0,0,0
736139,65535,255,5016,9690,0,0,0
736140,65535,255,6517,-7643,0,0,0
736141,65535,255,5030,-7831,0,0,0
736142,65535,255,2468,-7926,0,0,0
736143,65535,255,1226,9646,0,0,0
736144,65535,255,4293,9760,0,0,0
736145,65535,255,6112,9595,0,0,0
736146,65535,255,5613,-7756,0,0,0
736147,65535,255,3478,-7902,0,0,0
736148,65535,255,50,-9903,0,0,0
736149,65535,255,3427,9729,0,0,0
736150,65535,255,5610,9647,0,0,0
736151,65535,255,6104,-7722,0,0,0
736152,65535,255,4329,-7884,0,0,0
736153,65535,255,1315,-8073,0,0,0
736154,65535,255,2391,9885,0,0,1
736155,65535,255,5011,9671,0,0,0
736156,65535,255,6518,-7663,0,0,0
736157,0,0,0,0,0,0,0
736158,0,0,0,0,0,0,0
736159,7,0,1213,9945,1,0,1
736160,65535,255,4289,9733,0,0,0
736161,65535,255,6111,9584,0,0,0
736162,65535,255,5614,-7799,0,0,0
736163,0,0,0,0,0,0,0
736164,4,0,57,-10283,1,0,0
736165,65535,255,3423,9747,0,0,0
736166,7,0,5608,9661,1,0,1
736167,9,0,6104,-7745,1,0,0
736168,10,0,4328,-7897,1,0,0
736169,65535,255,1310,-7871,0,0,0
736170,65535,255,2396,9780,0,0,0
736171,65535,255,5010,9691,0,0,0
736172,65535,255,6518,-7650,0,0,0
736173,65535,255,5031,-7857,0,0,0
736174,65535,255,2473,-8016,0,0,0
736175,65535,255,1219,9891,0,0,0
736176,75,2,4293,9726,1,0,1
736177,65535,255,6113,9587,0,0,0
736178,65535,255,5611,-7752,0,0,1
736179,65535,255,3478,-7919,0,0,0
736180,65535,255,63,-3117,0,0,0
736181,65535,255,3427,9790,0,0,0
736182,65535,255,5613,9620,0,0,0
736183,65535,255,6102,-7711,0,0,0
736184,65535,255,4322,-7877,0,0,0
736185,65535,255,1304,-8125,0,0,0
736186,65535,255,2406,9727,0,0,0
736187,7,0,5016,9669,1,0,1
736188,65535,255,6516,-7640,0,0,0
736189,65535,255,5024,-7847,0,0,0
736190,65535,255,2463,-8016,0,0,0
736191,65535,255,1230,9917,0,0,0
736192,65535,255,4300,9746,0,0,0
736193,65535,255,6117,9599,0,0,0
736194,65535,255,5606,-7759,0,0,0
736195,65535,255,3469,-7972,0,0,0
736196,65535,255,29,-7715,0,0,0
736197,8,0,3440,9728,1,0,0
736198,65535,255,5620,9640,0,0,0
736199,65535,255,6095,-7696,0,0,0
736200,65535,255,4314,-7851,0,0,0
736201,65535,255,1287,-8050,0,0,0
736202,65535,255,2418,9813,0,0,0
736203,65535,255,5028,9668,0,0,0
736204,65535,255,6510,-7644,0,0,0
736205,0,0,0,0,0,0,0
736206,65535,255,2448,-8055,0,0,1
736207,65535,255,1248,9943,0,0,0
736208,65535,255,4318,9678,0,0,0
736209,0,0,6128,9567,1,0,1
736210,65535,255,5600,-7796,0,0,0
736211,65535,255,3452,-7920,0,0,0
736212,65535,255,31,-241,0,0,0
736213,65535,255,3459,9745,0,0,0
736214,65535,255,5630,9655,0,0,0
736215,65535,255,6088,-7689,0,0,0
736216,65535,255,4300,-7852,0,0,0
736217,65535,255,1264,-8104,0,0,0
736218,8,0,2445,9752,1,0,0
736219,0,0,0,0,0,0,0
736220,65535,255,6503,-7665,0,0,0
736221,7,0,5003,-7816,1,0,1
736222,65535,255,2418,-7966,0,0,0
736223,65535,255,1281,9888,0,0,0
736224,65535,255,4336,9751,0,0,0
736225,9,0,6139,9582,1,0,0
736226,7,0,5587,-7784,1,0,1
736227,6,0,3430,-7913,1,0,0
736228,3,0,42,5246,1,0,1
736229,65535,255,3486,9709,0,0,0
736230,65535,255,5647,9617,0,0,0
736231,2,0,6080,-7747,1,0,1
736232,6,0,4285,-7907,1,0,0
736233,65535,255,1242,-8107,0,0,0
736234,65535,255,2460,9867,0,0,0
736235,0,0,5048,9698,1,0,1
736236,0,0,6499,-7643,1,0,0
736237,6,0,4999,-7823,1,0,1
736238,65535,255,2418,-7888,0,0,0
736239,65535,255,1275,9991,0,0,0
736240,0,0,0,0,0,0,0
736241,0,0,0,0,0,0,0
736242,9,1,5592,-7776,1,0,1
736243,65535,255,3443,-7966,0,0,0
736244,65535,255,31,1898,0,0,0
736245,65535,255,3465,9788,0,0,0
736246,65535,255,5635,9604,0,0,0
736247,65535,255,6088,-7744,0,0,0
736248,65535,255,4300,-7906,0,0,0
736249,65535,255,1265,-8158,0,0,0
736250,65535,255,2436,9865,0,0,0
736251,65535,255,5040,9645,0,0,0
736252,12,0,6507,-7666,1,0,0
736253,9,0,5009,-7790,1,0,1
736254,65535,255,2438,-8031,0,0,0
736255,0,0,1259,9888,1,0,1
736256,7,0,4318,9711,1,0,1
736257,65535,255,6129,9570,0,0,0
736258,5,0,5600,-7779,1,0,0
736259,4,0,3455,-7968,1,0,0
736260,5,0,14,-4799,1,0,1
736261,65535,255,3455,9750,0,0,0
736262,65535,255,5628,9636,0,0,0
736263,65535,255,6091,-7717,0,0,0
736264,65535,255,4307,-7879,0,0,0
736265,65535,255,1275,-8077,0,0,1
736266,65535,255,2426,9895,0,0,0
736267,65535,255,5031,9646,0,0,1
736268,65535,255,6508,-7675,0,0,1
736269,65535,255,5012,-7811,0,0,1
736270,65535,255,2438,-7901,0,0,0
736271,65535,255,1254,9676,0,0,0
736272,5,1,4314,9680,1,0,0
736273,65535,255,6125,9569,0,0,0
736274,65535,255,5598,-7761,0,0,0
736275,65535,255,3457,-7912,0,0,0
736276,65535,255,18,-9319,0,0,0
736277,65535,255,3444,9806,0,0,0
736278,65535,255,5623,9601,0,0,0
736279,65535,255,6095,-7727,0,0,0
736280,65535,255,4315,-7858,0,0,0
736281,65535,255,1287,-7895,0,0,0
736282,65535,255,2411,9727,0,0,0
736283,65535,255,5019,9661,0,0,0
736284,10,0,6514,-7650,1,0,0
736285,65535,255,5024,-7831,0,0,0
736286,5,0,2463,-7887,1,0,0
736287,0,0,0,0,0,0,0
736288,8,0,4297,9706,1,0,0
736289,10,1,6114,9573,1,0,0
736290,65535,255,5611,-7750,0,0,0
736291,65535,255,3478,-7910,0,0,1
736292,65535,255,53,-9126,0,0,1
736293,6,1,3419,9809,1,0,0
736294,63,2,5608,9620,1,0,0
736295,52,2,6102,-7695,1,0,0
736296,6,0,4330,-7916,1,0,1
736297,0,0,0,0,0,0,0
736298,65535,255,2387,9899,0,0,0
736299,65535,255,5007,9718,0,0,0
736300,65535,255,6520,-7656,0,0,0
736301,8,1,5033,-7846,1,0,1
736302,5,0,2478,-7951,1,0,1
736303,65535,255,1208,9671,0,0,0
736304,65535,255,4282,9760,0,0,0
736305,65535,255,6107,9596,0,0,0
736306,65535,255,5619,-7802,0,0,0
736307,65535,255,3491,-7883,0,0,0
736308,65535,255,64,-8419,0,0,0
736309,65535,255,3414,9709,0,0,0
736310,4,0,5603,9630,1,0,0
736311,65535,255,6108,-7709,0,0,0
736312,0,0,0,0,0,0,0
736313,2,0,1327,-7947,1,0,1
736314,65535,255,2381,9793,0,0,0
736315,9,0,5001,9686,1,0,1
736316,65535,255,6523,-7642,0,0,0
736317,65535,255,5040,-7834,0,0,1
736318,65535,255,2487,-7937,0,0,0
736319,65535,255,1203,9698,0,0,0
736320,65535,255,4279,9728,0,0,0
736321,65535,255,6106,9608,0,0,0
736322,65535,255,5621,-7757,0,0,0
736323,65535,255,3495,-7952,0,0,0
736324,65535,255,71,-5536,0,0,0
736325,65535,255,3410,9801,0,0,1
736326,65535,255,5605,9617,0,0,0
736327,65535,255,6109,-7705,0,0,0
736328,65535,255,4336,-7855,0,0,0
736329,65535,255,1326,-7997,0,0,0
736330,65535,255,2381,9860,0,0,0
736331,10,1,5007,9696,1,0,0
736332,65535,255,6524,-7669,0,0,0
736333,65535,255,5036,-7803,0,0,0
736334,2,0,2478,-7886,1,0,0
736335,2,0,1209,9979,1,0,1
736336,65535,255,4285,9768,0,0,0
736337,65535,255,6109,9612,0,0,0
736338,7,0,5618,-7767,1,0,1
736339,2,0,3490,-7978,1,0,1
736340,2,0,53,-7250,1,0,1
736341,2,0,3423,9712,1,0,1
736342,7,0,5610,9648,1,0,1
736343,8,0,6107,-7736,1,0,1
736344,4,0,4332,-7915,1,0,0
736345,4,0,1310,-7896,1,0,1
736346,1,0,2396,9820,1,0,1
736347,65535,255,5015,9708,0,0,0
736348,5,0,6520,-7666,1,0,1
736349,65535,255,5029,-7803,0,0,0
736350,5,0,2468,-7912,1,0,1
736351,65535,255,1231,9728,0,0,0
736352,65535,255,4303,9693,0,0,0
736353,65535,255,6119,9573,0,0,0
736354,65535,255,5613,-7798,0,0,0
736355,65535,255,3473,-7910,0,0,0
736356,65535,255,51,-2578,0,0,0
736357,65535,255,3439,9808,0,0,0
736358,65535,255,5622,9634,0,0,0
736359,5,1,6098,-7729,1,0,0
736360,8,1,4318,-7910,1,0,0
736361,6,1,1287,-7893,1,0,0
736362,65535,255,2420,9832,0,0,0
736363,5,0,5030,9653,1,0,1
736364,65535,255,6512,-7680,0,0,0
736365,1,0,5018,-7831,1,0,1
736366,65535,255,2443,-7990,0,0,0
736367,65535,255,1253,9916,0,0,0
736368,1,0,4317,9753,1,0,0
736369,65535,255,6130,9610,0,0,0
736370,65535,255,5597,-7777,0,0,0
736371,65535,255,3447,-7884,0,0,0
736372,65535,255,39,-17003,0,0,0
736373,65535,255,3465,9807,0,0,0
736374,8,0,5635,9637,1,0,1
736375,65535,255,6086,-7739,0,0,0
736376,65535,255,4292,-7838,0,0,0
736377,65535,255,1253,-8023,0,0,0
736378,65535,255,2456,9714,0,0,0
736379,65535,255,5049,9684,0,0,0
736380,65535,255,6498,-7658,0,0,0
736381,5,1,4993,-7805,1,0,0
736382,6,0,2409,-7952,1,0,1
736383,65535,255,1292,9862,0,0,1
736384,65535,255,4343,9744,0,0,0
736385,65535,255,6143,9605,0,0,0
736386,65535,255,5580,-7751,0,0,0
736387,65535,255,3418,-7938,0,0,0
736388,65535,255,58,5281,0,0,0
736389,65535,255,3490,9779,0,0,0
736390,65535,255,5651,9609,0,0,0
736391,65535,255,6072,-7697,0,0,0
736392,7,0,4271,-7839,1,0,1
736393,65535,255,1219,-7942,0,0,0
736394,65535,255,2475,9817,0,0,0
736395,65535,255,5061,9699,0,0,0
736396,65535,255,6490,-7656,0,0,1
736397,65535,255,4982,-7860,0,0,0
736398,2,0,2389,-8032,1,0,1
736399,2,0,1315,9912,1,0,0
736400,5,0,4355,9731,1,0,1
736401,5,0,6148,9589,1,0,1
736402,65535,255,5568,-7770,0,0,0
736403,65535,255,3401,-7921,0,0,0
736404,65535,255,77,6559,0,0,1
736405,65535,255,3503,9796,0,0,0
736406,65535,255,5659,9617,0,0,0
736407,65535,255,6062,-7710,0,0,0
736408,65535,255,4257,-7873,0,0,0
736409,65535,255,1197,-8108,0,0,0
736410,65535,255,2500,9715,0,0,0
736411,65535,255,5073,9667,0,0,0
736412,65535,255,6481,-7684,0,0,0
736413,65535,255,4967,-7839,0,0,0
736414,65535,255,2360,-7900,0,0,0
736415,65535,255,1337,9785,0,0,0
736416,65535,255,4366,9723,0,0,0
736417,65535,255,6152,9601,0,0,0
736418,65535,255,5565,-7766,0,0,0
736419,65535,255,3397,-7877,0,0,0
736420,65535,255,78,7294,0,0,0
736421,65535,255,3500,9822,0,0,0
736422,65535,255,5652,9654,0,0,0
736423,13,0,6066,-7693,1,0,0
736424,65535,255,4267,-7872,0,0,0
736425,65535,255,1220,-8216,0,0,0
736426,2,0,2476,9818,1,0,1
736427,65535,255,5059,9646,0,0,0
736428,65535,255,6490,-7678,0,0,0
736429,65535,255,4985,-7859,0,0,0
736430,65535,255,2394,-7885,0,0,0
736431,65535,255,1298,9786,0,0,0
736432,8,0,4340,9738,1,0,1
736433,10,0,6138,9613,1,0,1
736434,65535,255,5583,-7787,0,0,0
736435,65535,255,3427,-7929,0,0,0
736436,65535,255,24,8064,0,0,0
736437,8,1,3474,9763,1,0,1
736438,7,1,5638,9629,1,0,0
736439,4,0,6081,-7735,1,0,0
736440,65535,255,4289,-7891,0,0,0
736441,0,0,1248,-7917,1,0,1
736442,65535,255,2446,9896,0,0,0
736443,65535,255,5043,9685,0,0,0
736444,0,0,6501,-7664,1,0,1
736445,65535,255,5003,-7831,0,0,0
736446,0,0,0,0,0,0,0
736447,5,1,1270,9706,1,0,0
736448,65535,255,4325,9726,0,0,0
736449,65535,255,6129,9611,0,0,0
736450,0,0,0,0,0,0,0
736451,65535,255,3448,-7954,0,0,0
736452,65535,255,12,-13834,0,0,0
736453,65535,255,3456,9799,0,0,0
736454,10,0,5628,9652,1,0,1
736455,65535,255,6089,-7703,0,0,0
736456,8,0,4304,-7903,1,0,0
736457,10,0,1270,-7996,1,0,0
736458,65535,255,2431,9741,0,0,0
736459,65535,255,5031,9713,0,0,0
736460,11,0,6508,-7665,1,0,1
736461,0,0,0,0,0,0,0
736462,65535,255,2443,-7962,0,0,0
736463,65535,255,1247,9998,0,0,0
736464,65535,255,4314,9701,0,0,0
736465,9,1,6124,9600,1,0,1
736466,9,0,5602,-7785,1,0,0
736467,65535,255,3460,-7953,0,0,0
736468,65535,255,32,-12264,0,0,1
736469,65535,255,3444,9826,0,0,0
736470,65535,255,5625,9603,0,0,0
736471,65535,255,6095,-7725,0,0,0
736472,65535,255,4310,-7842,0,0,0
736473,65535,255,1287,-8202,0,0,0
736474,82,2,2420,9872,1,0,0
736475,31,2,5027,9687,1,0,1
736476,65535,255,6513,-7676,0,0,0
736477,65535,255,5019,-7839,0,0,0
736478,65535,255,2453,-7950,0,0,0
736479,65535,255,1242,9998,0,0,1
736480,6,0,4307,9708,1,0,1
736481,65535,255,6122,9612,0,0,0
736482,0,0,0,0,0,0,0
736483,65535,255,3464,-7856,0,0,0
736484,5,0,43,-2351,1,0,0
736485,65535,255,3444,9748,0,0,0
736486,9,0,5623,9635,1,0,1
736487,10,0,6096,-7698,1,0,1
736488,6,0,4318,-7909,1,0,1
736489,0,0,0,0,0,0,0
736490,65535,255,2416,9820,0,0,0
736491,65535,255,5024,9671,0,0,0
736492,65535,255,6514,-7669,0,0,0
736493,65535,255,5024,-7856,0,0,0
736494,65535,255,2453,-7937,0,0,0
736495,6,0,1236,10026,1,0,1
736496,65535,255,4307,9721,0,0,0
736497,65535,255,6122,9562,0,0,1
736498,65535,255,5605,-7748,0,0,0
736499,65535,255,3464,-7891,0,0,0
736500,65535,255,30,-6662,0,0,1
736501,65535,255,3444,9800,0,0,0
736502,47,2,5621,9629,1,0,0
736503,65535,255,6097,-7728,0,0,0
736504,65535,255,4314,-7862,0,0,1
736505,65535,255,1287,-7918,0,0,0
736506,65535,255,2421,9742,0,0,0
736507,65535,255,5028,9649,0,0,1
736508,8,1,6513,-7659,1,0,1
736509,9,1,5020,-7840,1,0,0
736510,65535,255,2448,-7924,0,0,0
736511,65535,255,1242,9998,0,0,0
736512,65535,255,4307,9721,0,0,0
736513,0,0,0,0,0,0,0
736514,65535,255,5603,-7757,0,0,0
736515,65535,255,3460,-7917,0,0,0
736516,65535,255,28,-11442,0,0,0
736517,65535,255,3444,9812,0,0,0
736518,11,0,5625,9617,1,0,1
736519,65535,255,6093,-7690,0,0,0
736520,65535,255,4311,-7902,0,0,0
736521,65535,255,1281,-8100,0,0,0
736522,65535,255,2421,9846,0,0,0
736523,65535,255,5028,9692,0,0,0
736524,65535,255,6508,-7642,0,0,0
736525,65535,255,5012,-7813,0,0,0
736526,65535,255,2444,-8067,0,0,0
736527,65535,255,1253,9891,0,0,0
736528,7,1,4315,9700,1,0,1
736529,65535,255,6125,9612,0,0,0
736530,65535,255,5596,-7749,0,0,0
736531,65535,255,3452,-7909,0,0,1
736532,65535,255,15,-11982,0,0,0
736533,65535,255,3456,9710,0,0,0
736534,65535,255,5628,9626,0,0,1
736535,65535,255,6087,-7699,0,0,0
736536,65535,255,4297,-7843,0,0,0
736537,65535,255,1269,-8101,0,0,0
736538,65535,255,2432,9835,0,0,0
736539,65535,255,5037,9643,0,0,0
736540,65535,255,6503,-7660,0,0,0
736541,65535,255,5006,-7852,0,0,0
736542,65535,255,2428,-7963,0,0,0
736543,65535,255,1270,9707,0,0,0
736544,65535,255,4322,9760,0,0,0
736545,65535,255,6130,9592,0,0,0
736546,65535,255,5591,-7799,0,0,0
736547,4,0,3435,-7875,1,0,1
736548,65535,255,14,6461,0,0,0
736549,6,0,3466,9817,1,0,1
736550,65535,255,5636,9616,0,0,0
736551,65535,255,6079,-7695,0,0,0
736552,5,0,4289,-7905,1,0,0
736553,65535,255,1251,-8048,0,0,0
736554,65535,255,2456,9715,0,0,0
736555,65535,255,5046,9648,0,0,0
736556,65535,255,6497,-7681,0,0,0
736557,65535,255,4994,-7809,0,0,0
736558,65535,255,2410,-7941,0,0,0
736559,65535,255,1287,9941,0,0,0
736560,65535,255,4337,9726,0,0,0
736561,65535,255,6140,9576,0,0,0
736562,65535,255,5580,-7782,0,0,0
736563,65535,255,3423,-7990,0,0,0
736564,7,0,39,7012,1,0,1
736565,65535,255,3486,9807,0,0,0
736566,65535,255,5646,9615,0,0,0
736567,0,0,0,0,0,0,0
736568,4,0,4271,-7831,1,0,0
736569,65535,255,1220,-7860,0,0,0
736570,3,0,2475,9767,1,0,1
736571,65535,255,5061,9673,0,0,0
736572,65535,255,6489,-7685,0,0,0
736573,65535,255,4982,-7821,0,0,0
736574,65535,255,2384,-7899,0,0,0
736575,65535,255,1316,10040,0,0,0
736576,65535,255,4354,9752,0,0,0
736577,65535,255,6150,9594,0,0,0
736578,65535,255,5567,-7751,0,0,0
736579,65535,255,3401,-7911,0,0,0
736580,65535,255,71,12671,0,0,0
736581,65535,255,3512,9754,0,0,0
736582,65535,255,5661,9633,0,0,0
736583,65535,255,6063,-7741,0,0,0
736584,6,0,4256,-7919,1,0,1
736585,65535,255,1186,-7800,0,0,0
736586,65535,255,2509,9754,0,0,0
736587,65535,255,5077,9709,0,0,0
736588,65535,255,6481,-7656,0,0,0
736589,65535,255,4973,-7860,0,0,0
736590,65535,255,2374,-8019,0,0,0
736591,6,1,1326,9862,1,0,1
736592,65535,255,4358,9719,0,0,0
736593,65535,255,6151,9579,0,0,0
736594,6,0,5574,-7783,1,0,1
736595,3,0,3409,-7867,1,0,1
736596,7,1,47,11125,1,0,1
736597,65535,255,3495,9729,0,0,1
736598,65535,255,5648,9652,0,0,0
736599,65535,255,6075,-7735,0,0,1
736600,65535,255,4281,-7910,0,0,0
736601,65535,255,1238,-7915,0,0,0
736602,65535,255,2460,9768,0,0,0
736603,65535,255,5048,9694,0,0,0
736604,65535,255,6503,-7668,0,0,0
736605,65535,255,5002,-7832,0,0,0
736606,0,0,0,0,0,0,0
736607,0,0,0,0,0,0,0
736608,0,0,0,0,0,0,0
736609,14,0,6130,9594,1,0,1
736610,10,0,5597,-7764,1,0,1
736611,0,0,0,0,0,0,0
736612,65535,255,38,-890,0,0,0
736613,7,0,3452,9720,1,0,0
736614,65535,255,5627,9611,0,0,0
736615,65535,255,6096,-7719,0,0,0
736616,8,0,4311,-7856,1,0,0
736617,65535,255,1287,-8049,0,0,0
736618,65535,255,2416,9767,0,0,0
736619,65535,255,5022,9687,0,0,0
736620,65535,255,6514,-7659,0,0,0
736621,65535,255,5024,-7787,0,0,0
736622,0,0,0,0,0,0,0
736623,65535,255,1225,9918,0,0,0
736624,65535,255,4298,9706,0,0,0
736625,65535,255,6116,9581,0,0,0
736626,10,1,5615,-7758,1,0,1
736627,65535,255,3481,-7883,0,0,1
736628,4,0,60,-5030,1,0,1
736629,4,0,3423,9738,1,0,1
736630,3,0,5610,9621,1,0,1
736631,11,0,6109,-7740,1,0,1
736632,3,0,4333,-7862,1,0,1
736633,65535,255,1321,-7844,0,0,0
736634,3,0,2381,9874,1,0,1
736635,0,0,0,0,0,0,0
736636,65535,255,6525,-7671,0,0,0
736637,7,0,5042,-7849,1,0,1
736638,65535,255,2487,-7898,0,0,0
736639,65535,255,1197,9865,0,0,0
736640,65535,255,4277,9725,0,0,0
736641,65535,255,6104,9586,0,0,0
736642,0,0,0,0,0,0,0
736643,65535,255,3502,-7916,0,0,0
736644,65535,255,81,-7953,0,0,0
736645,65535,255,3398,9793,0,0,0
736646,0,0,0,0,0,0,0
736647,65535,255,6116,-7712,0,0,0
736648,31,2,4347,-7828,1,0,0
736649,65535,255,1349,-8119,0,0,0
736650,14,1,2362,9835,1,0,0
736651,65535,255,4992,9672,0,0,0
736652,65535,255,6524,9531,0,0,0
736653,4,1,5051,-7848,1,0,1
736654,1,0,2508,-7910,1,0,1
736655,65535,255,1174,9923,0,0,0
736656,65535,255,4264,9695,0,0,0
736657,65535,255,6094,9603,0,0,0
736658,65535,255,5634,-7791,0,0,0
736659,65535,255,3516,-7975,0,0,0
736660,5,0,110,-5478,1,0,0
736661,65535,255,3385,9732,0,0,0
736662,0,0,0,0,0,0,0
736663,65535,255,6121,-7695,0,0,0
736664,65535,255,4358,-7905,0,0,0
736665,2,0,1360,-8043,1,0,0
736666,65535,255,2347,9809,0,0,0
736667,65535,255,4983,9667,0,0,0
736668,9,0,6521,9532,1,0,1
736669,65535,255,5059,-7852,0,0,0
736670,65535,255,2517,-7948,0,0,1
736671,65535,255,1163,10038,0,0,0
736672,65535,255,4257,9723,0,0,0
736673,65535,255,6091,9577,0,0,0
736674,65535,255,5636,-7750,0,0,0
736675,65535,255,3520,-7906,0,0,0
736676,65535,255,110,-8287,0,0,0
736677,65535,255,3377,9813,0,0,0
736678,65535,255,5585,9606,0,0,0
736679,65535,255,6122,-7733,0,0,0
736680,34,2,4361,-7879,1,0,0
736681,65535,255,1366,-7970,0,0,1
736682,65535,255,2342,9782,0,0,0
736683,65535,255,4980,9662,0,0,0
736684,65535,255,6519,9532,0,0,0
736685,6,0,5059,-7836,1,0,1
736686,65535,255,2522,-7909,0,0,0
736687,4,0,1157,9982,1,0,0
736688,65535,255,4253,9717,0,0,1
736689,65535,255,6091,9564,0,0,0
736690,7,0,5638,-7759,1,0,1
736691,65535,255,3524,-7923,0,0,0
736692,65535,255,112,-9161,0,0,0
736693,65535,255,3381,9715,0,0,0
736694,65535,255,5587,9629,0,0,0
736695,65535,255,6122,-7699,0,0,0
736696,65535,255,4361,-7821,0,0,0
736697,65535,255,1366,-8166,0,0,0
736698,65535,255,2347,9904,0,0,0
736699,5,0,4982,9717,1,0,0
736700,65535,255,6520,9566,0,0,0
736701,65535,255,5059,-7841,0,0,0
736702,65535,255,2517,-7935,0,0,0
736703,65535,255,1163,10067,0,0,0
736704,65535,255,4260,9744,0,0,0
736705,12,1,6095,9580,1,0,1
736706,0,0,5636,-7781,1,0,1
736707,0,0,3520,-7975,1,0,1
736708,65535,255,103,-6345,0,0,1
736709,65535,255,3389,9777,0,0,0
736710,65535,255,5589,9665,0,0,0
736711,5,1,6121,-7733,1,0,1
736712,65535,255,4357,-7885,0,0,0
736713,65535,255,1354,-8044,0,0,0
736714,1,0,2356,9837,1,0,1
736715,3,0,4991,9695,1,0,1
736716,4,0,6527,9556,1,0,1
736717,65535,255,5053,-7826,0,0,0
736718,65535,255,2507,-7910,0,0,0
736719,65535,255,1180,10035,0,0,0
736720,3,0,4270,9737,1,0,1
736721,6,0,6101,9580,1,0,0
736722,6,0,5630,-7786,1,0,0
736723,65535,255,3504,-7917,0,0,0
736724,4,0,83,-6745,1,0,1
736725,65535,255,3402,9803,0,0,0
736726,65535,255,5602,9610,0,0,0
736727,65535,255,6114,-7692,0,0,0
736728,65535,255,4344,-7862,0,0,0
736729,65535,255,1333,-7888,0,0,0
736730,65535,255,2376,9729,0,0,0
736731,65535,255,5003,9656,0,0,0
736732,65535,255,6527,-7673,0,0,0
736733,65535,255,5041,-7796,0,0,0
736734,65535,255,2492,-8049,0,0,0
736735,65535,255,1202,9921,0,0,0
736736,65535,255,4285,9716,0,0,0
736737,0,0,6109,9572,1,0,1
736738,6,1,5622,-7778,1,0,1
736739,6,0,3490,-7985,1,0,1
736740,4,0,61,-6259,1,0,1
736741,3,0,3423,9811,1,0,1
736742,6,1,5612,9618,1,0,1
736743,65535,255,6105,-7697,0,0,0
736744,2,0,4328,-7834,1,0,1
736745,4,0,1309,-7893,1,0,1
736746,2,0,2401,9782,1,0,1
736747,6,0,5015,9677,1,0,0
736748,65535,255,6518,-7637,0,0,0
736749,65535,255,5026,-7828,0,0,0
736750,7,0,2463,-7923,1,0,1
736751,3,0,1237,9677,1,0,1
736752,65535,255,4303,9769,0,0,0
736753,8,0,6120,9601,1,0,1
736754,65535,255,5605,-7747,0,0,1
736755,65535,255,3464,-7925,0,0,0
736756,65535,255,49,-12352,0,0,0
736757,65535,255,3444,9766,0,0,0
736758,65535,255,5624,9624,0,0,0
736759,5,0,6092,-7686,1,0,1
736760,65535,255,4308,-7860,0,0,0
736761,65535,255,1276,-7864,0,0,0
736762,0,0,2431,9768,1,0,1
736763,65535,255,5034,9681,0,0,0
736764,10,1,6505,-7638,1,0,0
736765,65535,255,5008,-7835,0,0,0
736766,65535,255,2428,-7962,0,0,0
736767,65535,255,1270,9759,0,0,0
736768,65535,255,4326,9687,0,0,0
736769,65535,255,6133,9562,0,0,0
736770,65535,255,5590,-7772,0,0,0
736771,65535,255,3435,-7980,0,0,0
736772,65535,255,22,6122,0,0,0
736773,65535,255,3470,9835,0,0,0
736774,65535,255,5639,9634,0,0,0
736775,8,1,6078,-7722,1,0,1
736776,65535,255,4282,-7883,0,0,0
736777,0,0,0,0,0,0,0
736778,0,0,0,0,0,0,0
736779,0,0,0,0,0,0,0
736780,9,0,6492,-7684,1,0,1
736781,65535,255,4985,-7825,0,0,0
736782,65535,255,2389,-7938,0,0,0
736783,3,0,1304,10016,1,0,1
736784,5,0,4348,9686,1,0,0
736785,6,0,6144,9580,1,0,0
736786,65535,255,5575,-7746,0,0,0
736787,65535,255,3414,-7981,0,0,0
736788,2,0,40,13114,1,0,1
736789,65535,255,3487,9799,0,0,0
736790,65535,255,5644,9643,0,0,0
736791,65535,255,6071,-7714,0,0,0
736792,65535,255,4275,-7864,0,0,0
736793,65535,255,1231,-8185,0,0,0
736794,65535,255,2466,9819,0,0,0
736795,0,0,5052,9648,1,0,1
736796,65535,255,6492,-7640,0,0,0
736797,0,0,4988,-7787,1,0,1
736798,0,0,2403,-7910,1,0,1
736799,0,0,1293,9839,1,0,1
736800,2,0,4337,9754,1,0,1
736801,0,0,6140,9565,1,0,1
736802,0,0,0,0,0,0,0
736803,0,0,0,0,0,0,0
736804,5,0,28,13299,1,0,0
736805,4,0,3478,9791,1,0,1
736806,65535,255,5639,9643,0,0,0
736807,6,0,6076,-7690,1,0,1
736808,65535,255,4282,-7877,0,0,0
736809,65535,255,1236,-7860,0,0,0
736810,65535,255,2455,9872,0,0,0
736811,65535,255,5050,9675,0,0,0
736812,65535,255,6497,-7663,0,0,0
736813,65535,255,4994,-7825,0,0,0
736814,65535,255,2414,-8028,0,0,0
736815,0,0,0,0,0,0,0
736816,65535,255,4336,9720,0,0,0
736817,65535,255,6136,9608,0,0,0
736818,13,0,5585,-7790,1,0,1
736819,8,0,3431,-7953,1,0,1
736820,9,1,23,14128,1,0,1
736821,65535,255,3474,9800,0,0,0
736822,65535,255,5638,9653,0,0,0
736823,69,2,6078,-7706,1,0,0
736824,0,0,0,0,0,0,0
736825,80,2,1242,-7994,1,0,1
736826,89,2,2461,9755,1,0,0
736827,65535,255,5049,9713,0,0,0
736828,65535,255,6496,-7639,0,0,0
736829,65535,255,4993,-7792,0,0,0
736830,65535,255,2408,-7963,0,0,0
736831,65535,255,1287,9994,0,0,0
736832,0,0,0,0,0,0,0
736833,13,1,6139,9600,1,0,1
736834,20,2,5584,-7785,1,0,0
736835,65535,255,3431,-7944,0,0,0
736836,65535,255,28,13354,0,0,0
736837,65535,255,3478,9817,0,0,0
736838,65535,255,5644,9642,0,0,0
736839,10,0,6078,-7718,1,0,1
736840,65535,255,4281,-7829,0,0,0
736841,65535,255,1236,-8156,0,0,0
736842,65535,255,2465,9832,0,0,0
736843,7,0,5055,9670,1,0,0
736844,6,0,6496,-7663,1,0,1
736845,14,0,4993,-7841,1,0,0
736846,65535,255,2403,-7884,0,0,0
736847,65535,255,1298,9889,0,0,1
736848,65535,255,4344,9681,0,0,0
736849,65535,255,6143,9592,0,0,0
736850,6,0,5582,-7777,1,0,1
736851,65535,255,3422,-7945,0,0,0
736852,65535,255,41,13070,0,0,1
736853,65535,255,3486,9825,0,0,0
736854,65535,255,5651,9603,0,0,0
736855,65535,255,6075,-7726,0,0,0
736856,67,2,4274,-7856,1,0,1
736857,65535,255,1225,-7832,0,0,0
736858,65535,255,2475,9896,0,0,0
736859,65535,255,5061,9701,0,0,1
736860,65535,255,6492,-7677,0,0,0
736861,65535,255,4984,-7798,0,0,1
736862,65535,255,2393,-7990,0,0,0
736863,10,1,1316,9686,1,0,0
736864,65535,255,4354,9740,0,0,0
736865,13,0,6149,9569,1,0,1
736866,65535,255,5574,-7754,0,0,0
736867,65535,255,3409,-7901,0,0,0
736868,65535,255,52,9729,0,0,0
736869,65535,255,3503,9799,0,0,0
736870,65535,255,5655,9647,0,0,0
736871,65535,255,6066,-7723,0,0,0
736872,65535,255,4263,-7850,0,0,0
736873,65535,255,1203,-7828,0,0,0
736874,65535,255,2490,9895,0,0,0
736875,8,0,5069,9705,1,0,0
736876,65535,255,6485,-7638,0,0,0
736877,65535,255,4972,-7810,0,0,1
736878,65535,255,2374,-8030,0,0,0
736879,65535,255,1332,9787,0,0,0
736880,65535,255,4365,9765,0,0,0
736881,65535,255,6156,9587,0,0,0
736882,65535,255,5564,-7778,0,0,0
736883,65535,255,3393,-7955,0,0,0
736884,72,2,82,12278,1,0,1
736885,65535,255,3521,9720,0,0,0
736886,0,0,5666,9628,1,0,1
736887,0,0,6056,-7692,1,0,1
736888,65535,255,4249,-7905,0,0,0
736889,10,0,1185,-8079,1,0,0
736890,65535,255,2510,9818,0,0,0
736891,65535,255,5081,9679,0,0,0
736892,65535,255,6478,-7676,0,0,0
736893,65535,255,4958,-7789,0,0,0
736894,65535,255,2349,-7992,0,0,0
736895,65535,255,1355,9714,0,0,0
736896,65535,255,4379,9712,0,0,0
736897,65535,255,6163,9579,0,0,0
736898,8,0,5557,-7787,1,0,0
736899,65535,255,3380,-7884,0,0,0
736900,65535,255,84,11381,0,0,0
736901,5,0,3521,9754,1,0,1
736902,8,0,5665,9629,1,0,1
736903,8,0,6058,-7729,1,0,1
736904,65535,255,4249,-7824,0,0,0
736905,5,0,1191,-7911,1,0,1
736906,65535,255,2495,9819,0,0,0
736907,65535,255,5070,9705,0,0,0
736908,65535,255,6484,-7658,0,0,0
736909,65535,255,4973,-7788,0,0,0
736910,65535,255,2379,-8057,0,0,0
736911,0,0,0,0,0,0,0
736912,65535,255,4355,9759,0,0,0
736913,65535,255,6146,9607,0,0,0
736914,65535,255,5570,-7755,0,0,0
736915,65535,255,3409,-7962,0,0,0
736916,65535,255,50,7684,0,0,0
736917,65535,255,3493,9775,0,0,0
736918,0,0,5649,9643,1,0,1
736919,6,0,6070,-7726,1,0,0
736920,8,1,4275,-7903,1,0,1
736921,15,2,1226,-7805,1,0,1
736922,65535,255,2465,9781,0,0,0
736923,65535,255,5052,9691,0,0,0
736924,65535,255,6494,-7652,0,0,0
736925,65535,255,4988,-7781,0,0,0
736926,65535,255,2409,-8054,0,0,1
736927,4,0,1287,10020,1,0,1
736928,7,0,4333,9768,1,0,1
736929,65535,255,6136,9612,0,0,0
736930,65535,255,5583,-7767,0,0,0
736931,65535,255,3429,-7941,0,0,0
736932,65535,255,17,11240,0,0,0
736933,65535,255,3470,9740,0,0,0
736934,65535,255,5636,9638,0,0,0
736935,65535,255,6081,-7713,0,0,0
736936,5,0,4293,-7882,1,0,1
736937,65535,255,1259,-8153,0,0,0
736938,65535,255,2446,9756,0,0,0
736939,65535,255,5040,9687,0,0,0
736940,19,0,6501,-7651,1,0,0
736941,65535,255,5003,-7785,0,0,0
736942,65535,255,2426,-7927,0,0,0
736943,2,0,1263,9769,1,0,0
736944,65535,255,4322,9682,0,0,0
736945,0,0,0,0,0,0,0
736946,65535,255,5595,-7788,0,0,0
736947,65535,255,3447,-7899,0,0,1
736948,0,0,48,223,1,0,1
736949,65535,255,3453,9810,0,0,0
736950,10,1,5628,9636,1,0,1
736951,0,0,0,0,0,0,0
736952,65535,255,4307,-7921,0,0,0
736953,0,0,0,0,0,0,0
736954,10,0,2426,9861,1,0,0
736955,5,0,5031,9650,1,0,1
736956,13,0,6508,-7666,1,0,0
736957,65535,255,5015,-7844,0,0,0
736958,0,0,0,0,0,0,0
736959,0,0,0,0,0,0,0
736960,0,0,0,0,0,0,0
736961,65535,255,6125,9568,0,0,0
736962,0,0,0,0,0,0,0
736963,65535,255,3460,-7915,0,0,0
736964,0,0,0,0,0,0,0
736965,3,0,3446,9765,1,0,1
736966,65535,255,5623,9655,0,0,0
736967,0,0,0,0,0,0,0
736968,0,0,0,0,0,0,0
736969,0,0,0,0,0,0,0
736970,65535,255,2406,9740,0,0,0
736971,65535,255,5016,9713,0,0,1
736972,65535,255,6518,-7655,0,0,0
736973,65535,255,5030,-7792,0,0,0
736974,65535,255,2472,-7963,0,0,0
736975,0,0,1214,10002,1,0,1
736976,65535,255,4293,9700,0,0,1
736977,9,1,6112,9600,1,0,1
736978,65535,255,5620,-7784,0,0,0
736979,65535,255,3490,-7952,0,0,0
736980,0,0,0,0,0,0,0
736981,65535,255,3415,9827,0,0,0
736982,3,0,5607,9606,1,0,1
736983,6,1,6111,-7724,1,0,1
736984,65535,255,4340,-7842,0,0,0
736985,65535,255,1332,-8196,0,0,0
736986,4,0,2376,9861,1,0,0
736987,65535,255,5004,9682,0,0,0
736988,65535,255,6528,-7674,0,0,0
736989,3,0,5045,-7859,1,0,0
736990,65535,255,2492,-7936,0,0,0
736991,65535,255,1191,9977,0,0,0
736992,65535,255,4278,9701,0,0,0
736993,7,0,6103,9606,1,0,0
736994,65535,255,5630,-7797,0,0,0
736995,3,0,3507,-7985,1,0,1
736996,65535,255,91,-5316,0,0,0
736997,0,0,0,0,0,0,0
736998,5,0,5597,9632,1,0,1
736999,8,0,6117,-7696,1,0,1
737000,6,1,4354,-7906,1,0,1
737001,0,0,1348,-8069,1,0,1
737002,0,0,2362,9808,1,0,1
737003,65535,255,4994,9672,0,0,0
737004,65535,255,6527,9531,0,0,0
737005,65535,255,5053,-7858,0,0,0
737006,0,0,0,0,0,0,0
737007,65535,255,1174,10035,0,0,0
737008,65535,255,4267,9723,0,0,0
737009,65535,255,6098,9563,0,0,0
737010,7,1,5632,-7751,1,0,1
737011,65535,255,3511,-7898,0,0,0
737012,3,0,93,-8325,1,0,1
737013,65535,255,3389,9812,0,0,1
737014,65535,255,5593,9605,0,0,0
737015,0,0,0,0,0,0,0
737016,65535,255,4357,-7880,0,0,0
737017,65535,255,1354,-7995,0,0,0
737018,1,0,2357,9782,1,0,1
737019,65535,255,4989,9662,0,0,0
737020,6,0,6524,9531,1,0,1
737021,4,0,5054,-7820,1,0,1
737022,2,0,2512,-7973,1,0,1
737023,2,0,1175,9668,1,0,1
737024,5,0,4260,9750,1,0,1
737025,65535,255,6096,9583,0,0,0
737026,65535,255,5633,-7777,0,0,0
737027,2,0,3516,-7966,1,0,1
737028,5,0,102,-5628,1,0,1
737029,0,0,3389,9758,1,0,1
737030,65535,255,5590,9651,0,0,0
737031,4,0,6120,-7718,1,0,1
737032,3,0,4354,-7860,1,0,1
737033,41,2,1355,-7921,1,0,0
737034,65535,255,2357,9769,0,0,0
737035,78,2,4989,9662,1,0,0
737036,43,2,6523,9535,1,0,1
737037,65535,255,5051,-7790,0,0,0
737038,12,1,2512,-8011,1,0,1
737039,65535,255,1174,9781,0,0,0
737040,3,0,4266,9697,1,0,0
737041,3,0,6096,9603,1,0,1
737042,65535,255,5631,-7741,0,0,0
737043,65535,255,3507,-7898,0,0,0
737044,65535,255,94,-8680,0,0,0
737045,65535,255,3394,9774,0,0,0
737046,65535,255,5593,9628,0,0,0
737047,65535,255,6116,-7703,0,0,0
737048,4,0,4347,-7834,1,0,1
737049,2,0,1343,-7870,1,0,1
737050,1,0,2367,9742,1,0,1
737051,65535,255,4996,9656,0,0,0
737052,65535,255,6526,9535,0,0,0
737053,65535,255,5045,-7790,0,0,0
737054,65535,255,2502,-8024,0,0,0
737055,65535,255,1186,9865,0,0,0
737056,65535,255,4275,9703,0,0,0
737057,65535,255,6101,9591,0,0,0
737058,65535,255,5626,-7764,0,0,0
737059,4,0,3499,-7950,1,0,1
737060,65535,255,86,-5143,0,0,0
737061,65535,255,3406,9767,0,0,0
737062,0,0,5600,9664,1,0,0
737063,65535,255,6112,-7738,0,0,0
737064,0,0,4340,-7900,1,0,1
737065,65535,255,1332,-8119,0,0,0
737066,8,1,2377,9901,1,0,1
737067,65535,255,5002,9673,0,0,0
737068,65535,255,6523,-7663,0,0,0
737069,65535,255,5036,-7784,0,0,0
737070,5,0,2483,-8025,1,0,0
737071,65535,255,1208,9865,0,0,0
737072,65535,255,4286,9709,0,0,0
737073,1,0,6111,9567,1,0,1
737074,4,0,5616,-7774,1,0,1
737075,65535,255,3486,-7976,0,0,0
737076,65535,255,58,-5509,0,0,0
737077,65535,255,3423,9810,0,0,0
737078,65535,255,5613,9618,0,0,0
737079,65535,255,6103,-7700,0,0,0
737080,6,0,4325,-7841,1,0,1
737081,65535,255,1304,-7918,0,0,0
737082,65535,255,2406,9794,0,0,0
737083,65535,255,5019,9688,0,0,0
737084,9,0,6514,-7641,1,0,1
737085,7,0,5023,-7834,1,0,1
737086,2,0,2457,-7949,1,0,1
737087,2,0,1237,9730,1,0,1
737088,65535,255,4308,9681,0,0,0
737089,0,0,0,0,0,0,0
737090,65535,255,5605,-7780,0,0,0
737091,0,0,3460,-7876,1,0,0
737092,65535,255,25,-6311,0,0,0
737093,65535,255,3450,9775,0,0,1
737094,65535,255,5625,9635,0,0,0
737095,0,0,6092,-7717,1,0,0
737096,65535,255,4307,-7875,0,0,0
737097,65535,255,1275,-8074,0,0,1
737098,6,1,2431,9885,1,0,0
737099,65535,255,5037,9643,0,0,0
737100,65535,255,6507,-7669,0,0,0
737101,65535,255,5008,-7803,0,0,0
737102,65535,255,2428,-7871,0,0,0
737103,65535,255,1270,10022,0,0,0
737104,65535,255,4329,9753,0,0,0
737105,65535,255,6134,9584,0,0,0
737106,65535,255,5592,-7803,0,0,0
737107,65535,255,3435,-7909,0,0,0
737108,65535,255,37,16150,0,0,0
737109,65535,255,3478,9764,0,0,0
737110,65535,255,5643,9602,0,0,0
737111,65535,255,6078,-7691,0,0,0
737112,65535,255,4281,-7837,0,0,0
737113,65535,255,1230,-7941,0,0,0
737114,65535,255,2470,9819,0,0,0
737115,6,0,5058,9707,1,0,1
737116,65535,255,6493,-7657,0,0,0
737117,9,1,4984,-7788,1,0,1
737118,65535,255,2394,-8056,0,0,0
737119,0,0,1309,9964,1,0,1
737120,0,0,4354,9706,1,0,1
737121,0,0,6147,9591,1,0,0
737122,0,0,5576,-7750,1,0,1
737123,0,0,3418,-7980,1,0,1
737124,65535,255,43,12024,0,0,0
737125,0,0,3491,9781,1,0,1
737126,0,0,5648,9629,1,0,1
737127,6,1,6075,-7727,1,0,1
737128,65535,255,4275,-7867,0,0,0
737129,65535,255,1230,-7995,0,0,0
737130,65535,255,2465,9877,0,0,0
737131,65535,255,5052,9680,0,0,0
737132,65535,255,6496,-7657,0,0,0
737133,65535,255,4991,-7804,0,0,0
737134,65535,255,2408,-7950,0,0,0
737135,3,0,1287,9889,1,0,0
737136,65535,255,4336,9753,0,0,0
737137,65535,255,6140,9561,0,0,0
737138,7,0,5587,-7790,1,0,1
737139,4,0,3430,-7927,1,0,1
737140,65535,255,26,5091,0,0,0
737141,65535,255,3474,9739,0,0,0
737142,65535,255,5639,9612,0,0,1
737143,7,0,6080,-7718,1,0,1
737144,65535,255,4293,-7910,0,0,0
737145,65535,255,1247,-7968,0,0,0
737146,1,0,2446,9898,1,0,0
737147,0,0,5043,9681,1,0,1
737148,65535,255,6501,-7659,0,0,0
737149,7,1,5000,-7814,1,0,1
737150,0,0,2423,-7989,1,0,1
737151,0,0,1270,9969,1,0,1
737152,68,2,4326,9681,1,0,1
737153,65535,255,6131,9577,0,0,0
737154,3,0,5590,-7744,1,0,1
737155,65535,255,3443,-7987,0,0,0
737156,65535,255,27,-17031,0,0,0
737157,65535,255,3461,9809,0,0,0
737158,65535,255,5631,9649,0,0,0
737159,65535,255,6085,-7694,0,0,0
737160,65535,255,4296,-7875,0,0,0
737161,65535,255,1259,-7836,0,0,0
737162,65535,255,2436,9846,0,0,0
737163,65535,255,5037,9665,0,0,0
737164,6,0,6502,-7652,1,0,1
737165,65535,255,5006,-7807,0,0,0
737166,65535,255,2428,-7975,0,0,0
737167,7,0,1259,9971,1,0,0
737168,65535,255,4323,9688,0,0,0
737169,65535,255,6128,9586,0,0,0
737170,65535,255,5593,-7762,0,0,0
737171,65535,255,3444,-7882,0,0,0
737172,65535,255,37,910,0,0,0
737173,0,0,0,0,0,0,0
737174,65535,255,5629,9613,0,0,0
737175,65535,255,6087,-7724,0,0,0
737176,65535,255,4300,-7835,0,0,0
737177,65535,255,1270,-8100,0,0,0
737178,0,0,2436,9795,1,0,1
737179,65535,255,5035,9649,0,0,0
737180,80,2,6503,-7644,1,0,1
737181,3,0,5006,-7802,1,0,0
737182,65535,255,2433,-7975,0,0,0
737183,65535,255,1259,9997,0,0,0
737184,65535,255,4319,9695,0,0,0
737185,65535,255,6128,9593,0,0,1
737186,65535,255,5595,-7775,0,0,0
737187,65535,255,3448,-7917,0,0,0
737188,65535,255,10,-2910,0,0,0
737189,65535,255,3457,9775,0,0,1
737190,65535,255,5628,9640,0,0,0
737191,9,0,6084,-7694,1,0,0
737192,65535,255,4300,-7888,0,0,0
737193,65535,255,1264,-7941,0,0,0
737194,65535,255,2441,9730,0,0,0
737195,65535,255,5037,9703,0,0,0
737196,16,0,6503,-7679,1,0,0
737197,10,0,5003,-7785,1,0,0
737198,65535,255,2428,-7948,0,0,0
737199,65535,255,1265,9971,0,0,0
737200,65535,255,4326,9695,0,0,0
737201,65535,255,6129,9601,0,0,0
737202,4,0,5592,-7784,1,0,1
737203,65535,255,3443,-7952,0,0,0
737204,65535,255,21,-17130,0,0,0
737205,65535,255,3462,9818,0,0,0
737206,65535,255,5634,9624,0,0,1
737207,14,1,6084,-7721,1,0,1
737208,55,2,4292,-7842,1,0,1
737209,65535,255,1259,-8179,0,0,0
737210,65535,255,2445,9859,0,0,0
737211,65535,255,5043,9682,0,0,0
737212,65535,255,6502,-7672,0,0,0
737213,56,2,5002,-7856,1,0,1
737214,65535,255,2418,-7923,0,0,0
737215,14,1,1276,9943,1,0,1
737216,65535,255,4333,9701,0,0,0
737217,65535,255,6135,9604,0,0,0
737218,65535,255,5589,-7794,0,0,0
737219,65535,255,3435,-7970,0,0,0
737220,65535,255,48,8631,0,0,0
737221,65535,255,3478,9722,0,0,0
737222,65535,255,5644,9626,0,0,0
737223,6,0,6078,-7713,1,0,1
737224,65535,255,4285,-7889,0,0,0
737225,5,0,1236,-7995,1,0,1
737226,65535,255,2465,9769,0,0,0
737227,65535,255,5055,9649,0,0,0
737228,5,0,6495,-7653,1,0,1
737229,65535,255,4993,-7830,0,0,0
737230,65535,255,2398,-7871,0,0,0
737231,0,0,0,0,0,0,0
737232,4,0,4348,9681,1,0,1
737233,65535,255,6143,9596,0,0,0
737234,65535,255,5579,-7790,0,0,0
737235,9,1,3418,-7971,1,0,1
737236,65535,255,67,5330,0,0,0
737237,65535,255,3495,9730,0,0,0
737238,42,2,5653,9634,1,0,1
737239,65535,255,6070,-7695,0,0,0
737240,65535,255,4270,-7910,0,0,0
737241,65535,255,1219,-8077,0,0,0
737242,65535,255,2485,9819,0,0,0
737243,65535,255,5066,9675,0,0,0
737244,65535,255,6488,-7674,0,0,0
737245,65535,255,4979,-7834,0,0,0
737246,65535,255,2384,-7963,0,0,0
737247,65535,255,1327,9687,0,0,0
737248,65535,255,4362,9739,0,0,0
737249,65535,255,6154,9572,0,0,0
737250,7,1,5569,-7764,1,0,1
737251,65535,255,3396,-7928,0,0,0
737252,6,0,71,11190,1,0,1
737253,65535,255,3512,9811,0,0,0
737254,65535,255,5663,9615,0,0,0
737255,65535,255,6062,-7743,0,0,0
737256,7,0,4252,-7891,1,0,1
737257,65535,255,1191,-8022,0,0,0
737258,6,0,2505,9805,1,0,1
737259,65535,255,5078,9643,0,0,0
737260,12,0,6481,-7675,1,0,1
737261,6,0,4969,-7821,1,0,1
737262,65535,255,2364,-7951,0,0,0
737263,0,0,0,0,0,0,0
737264,65535,255,4366,9719,0,0,0
737265,65535,255,6154,9587,0,0,0
737266,65535,255,5564,-7741,0,0,0
737267,65535,255,3396,-7937,0,0,0
737268,65535,255,69,7766,0,0,0
737269,65535,255,3504,9813,0,0,0
737270,65535,255,5656,9647,0,0,0
737271,65535,255,6065,-7735,0,0,0
737272,65535,255,4262,-7913,0,0,0
737273,65535,255,1208,-7911,0,0,0
737274,65535,255,2485,9844,0,0,0
737275,65535,255,5064,9643,0,0,0
737276,65535,255,6487,-7674,0,0,0
737277,65535,255,4979,-7825,0,0,0
737278,65535,255,2388,-7963,0,0,0
737279,65535,255,1310,9862,0,0,0
737280,65535,255,4351,9733,0,0,0
737281,65535,255,6146,9599,0,0,0
737282,65535,255,5572,-7754,0,0,0
737283,65535,255,3414,-7979,0,0,0
737284,65535,255,41,10469,0,0,0
737285,65535,255,3491,9747,0,0,0
737286,6,0,5649,9603,1,0,1
737287,65535,255,6070,-7702,0,0,0
737288,65535,255,4274,-7869,0,0,0
737289,65535,255,1230,-8129,0,0,0
737290,65535,255,2470,9755,0,0,0
737291,65535,255,5052,9692,0,0,0
737292,7,0,6493,-7656,1,0,0
737293,65535,255,4988,-7802,0,0,0
737294,65535,255,2398,-7909,0,0,0
737295,65535,255,1293,9787,0,0,0
737296,65535,255,4341,9714,0,0,0
737297,65535,255,6139,9592,0,0,0
737298,65535,255,5580,-7749,0,0,0
737299,65535,255,3427,-7970,0,0,0
737300,134,2,23,10890,1,0,1
737301,65535,255,3478,9748,0,0,0
737302,43,2,5642,9608,1,0,0
737303,0,0,0,0,0,0,0
737304,65535,255,4282,-7882,0,0,0
737305,65535,255,1244,-7945,0,0,0
737306,65535,255,2456,9807,0,0,0
737307,65535,255,5044,9714,0,0,0
737308,65535,255,6497,-7676,0,0,0
737309,65535,255,4994,-7829,0,0,0
737310,65535,255,2413,-8001,0,0,0
737311,65535,255,1282,9968,0,0,0
737312,65535,255,4330,9768,0,0,0
737313,6,0,6137,9562,1,0,1
737314,5,0,5587,-7793,1,0,1
737315,65535,255,3431,-7926,0,0,0
737316,65535,255,30,4376,0,0,0
737317,2,0,3474,9713,1,0,1
737318,0,0,0,0,0,0,0
737319,0,0,0,0,0,0,0
737320,65535,255,4289,-7875,0,0,0
737321,65535,255,1250,-8016,0,0,0
737322,5,0,2446,9808,1,0,0
737323,65535,255,5042,9670,0,0,0
737324,65535,255,6500,-7682,0,0,0
737325,65535,255,5000,-7850,0,0,0
737326,65535,255,2423,-8052,0,0,0
737327,65535,255,1277,9682,0,0,0
737328,65535,255,4330,9702,0,0,0
737329,65535,255,6134,9590,0,0,0
737330,65535,255,5587,-7756,0,0,0
737331,65535,255,3443,-7876,0,0,0
737332,65535,255,25,927,0,0,0
737333,65535,255,3457,9763,0,0,0
737334,65535,255,5629,9641,0,0,0
737335,6,0,6088,-7700,1,0,1
737336,2,0,4307,-7911,1,0,1
737337,0,0,0,0,0,0,0
737338,65535,255,2431,9818,0,0,0
737339,0,0,0,0,0,0,0
737340,0,0,0,0,0,0,0
737341,0,0,0,0,0,0,0
737342,65535,255,2442,-7925,0,0,0
737343,65535,255,1248,9969,0,0,0
737344,65535,255,4311,9706,0,0,0
737345,65535,255,6122,9610,0,0,0
737346,0,0,0,0,0,0,0
737347,0,0,0,0,0,0,0
737348,65535,255,34,-3291,0,0,0
737349,65535,255,3445,9763,0,0,0
737350,6,0,5620,9647,1,0,1
737351,65535,255,6098,-7711,0,0,0
737352,2,0,4317,-7830,1,0,1
737353,3,0,1293,-8203,1,0,1
737354,65535,255,2411,9885,0,0,0
737355,65535,255,5021,9702,0,0,0
737356,65535,255,6514,-7639,0,0,0
737357,30,2,5023,-7814,1,0,0
737358,65535,255,2463,-8054,0,0,0
737359,65535,255,1230,9836,0,0,1
737360,65535,255,4304,9680,0,0,0
737361,0,0,6118,9600,1,0,1
737362,1,0,5613,-7789,1,0,1
737363,0,0,3477,-7944,1,0,1
737364,0,0,47,-9266,1,0,1
737365,65535,255,3427,9800,0,0,0
737366,65535,255,5612,9657,0,0,0
737367,6,0,6104,-7706,1,0,1
737368,65535,255,4332,-7909,0,0,0
737369,65535,255,1315,-8021,0,0,0
737370,65535,255,2391,9767,0,0,0
737371,5,0,5013,9643,1,0,1
737372,65535,255,6521,-7645,0,0,1
737373,65535,255,5035,-7807,0,0,0
737374,1,0,2482,-8000,1,0,1
737375,2,0,1209,9643,1,0,1
737376,65535,255,4286,9721,0,0,1
737377,65535,255,6106,9613,0,0,0
737378,65535,255,5624,-7792,0,0,0
737379,65535,255,3498,-7977,0,0,0
737380,65535,255,84,-10517,0,0,0
737381,65535,255,3411,9713,0,0,0
737382,65535,255,5603,9613,0,0,0
737383,65535,255,6113,-7735,0,0,0
737384,65535,255,4343,-7861,0,0,0
737385,65535,255,1338,-7870,0,0,1
737386,65535,255,2367,9902,0,0,0
737387,0,0,4998,9699,1,0,1
737388,42,2,6529,9548,1,0,0
737389,0,0,5047,-7791,1,0,0
737390,0,0,2502,-7973,1,0,1
737391,0,0,1180,10064,1,0,1
737392,5,0,4271,9722,1,0,1
737393,2,0,6100,9581,1,0,1
737394,7,1,5630,-7738,1,0,1
737395,65535,255,3507,-7864,0,0,0
737396,3,0,92,-6118,1,0,1
737397,65535,255,3394,9758,0,0,0
737398,65535,255,5595,9641,0,0,0
737399,65535,255,6117,-7700,0,0,0
737400,65535,255,4354,-7911,0,0,0
737401,65535,255,1354,-8069,0,0,0
737402,65535,255,2357,9809,0,0,0
737403,65535,255,4989,9667,0,0,0
737404,65535,255,6524,9528,0,0,0
737405,65535,255,5053,-7847,0,0,0
737406,4,0,2507,-7922,1,0,1
737407,65535,255,1169,9981,0,0,0
737408,65535,255,4264,9709,0,0,0
737409,65535,255,6093,9611,0,0,0
737410,65535,255,5633,-7737,0,0,0
737411,2,0,3516,-7872,1,0,0
737412,65535,255,102,-6650,0,0,1
737413,65535,255,3389,9776,0,0,0
737414,65535,255,5588,9651,0,0,0
737415,65535,255,6120,-7714,0,0,0
737416,0,0,4357,-7841,1,0,1
737417,65535,255,1355,-7874,0,0,0
737418,86,2,2347,9903,1,0,0
737419,65535,255,4983,9706,0,0,0
737420,65535,255,6521,9556,0,0,0
737421,65535,255,5056,-7811,0,0,0
737422,65535,255,2517,-8049,0,0,0
737423,65535,255,1169,9810,0,0,0
737424,65535,255,4259,9713,0,0,0
737425,1,0,6094,9595,1,0,1
737426,65535,255,5636,-7795,0,0,0
737427,65535,255,3518,-7936,0,0,0
737428,65535,255,103,-6336,0,0,1
737429,65535,255,3386,9768,0,0,0
737430,6,0,5587,9651,1,0,0
737431,65535,255,6120,-7717,0,0,0
737432,65535,255,4357,-7846,0,0,0
737433,65535,255,1355,-7871,0,0,0
737434,65535,255,2352,9715,0,0,0
737435,65535,255,4986,9695,0,0,0
737436,65535,255,6522,9551,0,0,0
737437,65535,255,5053,-7836,0,0,0
737438,2,0,2512,-7909,1,0,0
737439,65535,255,1169,9981,0,0,0
737440,4,0,4261,9717,1,0,1
737441,65535,255,6097,9563,0,0,0
737442,65535,255,5633,-7759,0,0,0
737443,65535,255,3511,-7924,0,0,0
737444,65535,255,101,-9284,0,0,0
737445,65535,255,3394,9706,0,0,0
737446,65535,255,5591,9629,0,0,0
737447,65535,255,6118,-7706,0,0,0
737448,0,0,4351,-7834,1,0,0
737449,65535,255,1349,-7846,0,0,0
737450,72,2,2362,9734,1,0,0
737451,0,0,4990,9679,1,0,1
737452,0,0,6525,9524,1,0,0
737453,65535,255,5050,-7847,0,0,0
737454,65535,255,2502,-7948,0,0,0
737455,1,0,1184,9808,1,0,1
737456,1,0,4267,9744,1,0,1
737457,65535,255,6100,9579,0,0,0
737458,65535,255,5630,-7790,0,0,0
737459,65535,255,3503,-7861,0,0,0
737460,65535,255,85,-6363,0,0,0
737461,65535,255,3402,9794,0,0,1
737462,4,0,5598,9639,1,0,1
737463,65535,255,6115,-7737,0,0,0
737464,65535,255,4347,-7893,0,0,0
737465,4,0,1337,-8070,1,0,0
737466,65535,255,2372,9849,0,0,0
737467,65535,255,5001,9694,0,0,0
737468,65535,255,6525,-7643,0,0,0
737469,3,0,5042,-7827,1,0,0
737470,65535,255,2487,-7909,0,0,0
737471,4,0,1197,10005,1,0,0
737472,65535,255,4282,9736,0,0,0
737473,8,1,6108,9579,1,0,1
737474,65535,255,5623,-7782,0,0,0
737475,65535,255,3494,-7976,0,0,0
737476,65535,255,68,-5955,0,0,0
737477,65535,255,3414,9794,0,0,0
737478,65535,255,5610,9605,0,0,0
737479,65535,255,6108,-7726,0,0,0
737480,65535,255,4336,-7907,0,0,0
737481,1,0,1321,-8145,1,0,1
737482,7,1,2391,9888,1,0,1
737483,65535,255,5013,9721,0,0,0
737484,65535,255,6520,-7657,0,0,0
737485,4,0,5032,-7855,1,0,0
737486,65535,255,2472,-7986,0,0,0
737487,65535,255,1225,9783,0,0,0
737488,65535,255,4300,9682,0,0,0
737489,65535,255,6116,9609,0,0,1
737490,65535,255,5610,-7752,0,0,0
737491,65535,255,3473,-7925,0,0,0
737492,65535,255,52,-11977,0,0,0
737493,65535,255,3440,9748,0,0,0
737494,65535,255,5618,9654,0,0,0
737495,65535,255,6098,-7731,0,0,0
737496,3,0,4318,-7888,1,0,1
737497,2,0,1292,-8098,1,0,0
737498,65535,255,2416,9874,0,0,0
737499,65535,255,5028,9714,0,0,0
737500,65535,255,6510,-7658,0,0,0
737501,4,0,5015,-7828,1,0,1
737502,0,0,2443,-8001,1,0,1
737503,65535,255,1253,9839,0,0,0
737504,65535,255,4318,9701,0,0,0
737505,65535,255,6129,9562,0,0,0
737506,65535,255,5597,-7766,0,0,0
737507,65535,255,3448,-7961,0,0,0
737508,65535,255,31,900,0,0,0
737509,65535,255,3461,9800,0,0,0
737510,65535,255,5636,9612,0,0,0
737511,5,0,6084,-7698,1,0,0
737512,6,1,4292,-7836,1,0,1
737513,65535,255,1253,-7916,0,0,0
737514,5,0,2450,9794,1,0,1
737515,5,0,5046,9686,1,0,1
737516,9,0,6499,-7643,1,0,1
737517,65535,255,4996,-7841,0,0,0
737518,65535,255,2408,-7963,0,0,0
737519,65535,255,1293,9761,0,0,0
737520,65535,255,4340,9687,0,0,0
737521,65535,255,6142,9561,0,0,0
737522,65535,255,5580,-7768,0,0,0
737523,65535,255,3418,-7972,0,0,0
737524,3,0,45,7409,1,0,1
737525,65535,255,3491,9816,0,0,0
737526,65535,255,5649,9639,0,0,0
737527,65535,255,6071,-7691,0,0,0
737528,65535,255,4274,-7844,0,0,0
737529,65535,255,1230,-8022,0,0,0
737530,65535,255,2465,9896,0,0,0
737531,65535,255,5052,9664,0,0,0
737532,65535,255,6494,-7636,0,0,0
737533,65535,255,4994,-7846,0,0,0
737534,65535,255,2409,-8028,0,0,0
737535,65535,255,1287,9968,0,0,0
737536,65535,255,4333,9760,0,0,0
737537,65535,255,6136,9591,0,0,0
737538,0,0,5585,-7776,1,0,1
737539,65535,255,3430,-7883,0,0,0
737540,65535,255,35,17007,0,0,0
737541,65535,255,3470,9791,0,0,0
737542,65535,255,5634,9626,0,0,0
737543,65535,255,6083,-7721,0,0,0
737544,65535,255,4296,-7909,0,0,0
737545,65535,255,1259,-7889,0,0,0
737546,65535,255,2440,9833,0,0,0
737547,65535,255,5037,9644,0,0,0
737548,65535,255,6504,-7682,0,0,0
737549,0,0,0,0,0,0,0
737550,65535,255,2433,-8013,0,0,0
737551,65535,255,1259,9971,0,0,0
737552,65535,255,4315,9768,0,0,0
737553,65535,255,6128,9563,0,0,0
737554,9,0,5598,-7788,1,0,0
737555,65535,255,3451,-7908,0,0,0
737556,65535,255,38,-818,0,0,0
737557,0,0,0,0,0,0,0
737558,65535,255,5624,9654,0,0,0
737559,65535,255,6091,-7689,0,0,0
737560,5,0,4307,-7855,1,0,0
737561,65535,255,1281,-8124,0,0,0
737562,65535,255,2421,9756,0,0,0
737563,65535,255,5025,9699,0,0,0
737564,65535,255,6510,-7664,0,0,0
737565,65535,255,5018,-7817,0,0,0
737566,65535,255,2452,-7974,0,0,0
737567,0,0,1236,9920,1,0,1
737568,65535,255,4304,9762,0,0,0
737569,65535,255,6119,9560,0,0,0
737570,65535,255,5605,-7787,0,0,0
737571,65535,255,3468,-7924,0,0,0
737572,65535,255,38,-4011,0,0,0
737573,65535,255,3436,9723,0,0,0
737574,0,0,0,0,0,0,0
737575,0,0,0,0,0,0,0
737576,0,0,0,0,0,0,0
737577,65535,255,1298,-7865,0,0,0
737578,65535,255,2406,9849,0,0,0
737579,5,0,5019,9656,1,0,1
737580,6,0,6515,-7639,1,0,1
737581,65535,255,5024,-7784,0,0,0
737582,5,0,2463,-7896,1,0,1
737583,4,0,1226,9757,1,0,1
737584,65535,255,4297,9729,0,0,0
737585,65535,255,6115,9603,0,0,0
737586,65535,255,5613,-7773,0,0,0
737587,65535,255,3477,-7898,0,0,0
737588,4,0,59,-4257,1,0,0
737589,2,0,3428,9706,1,0,0
737590,65535,255,5611,9646,0,0,0
737591,14,1,6103,-7707,1,0,1
737592,65535,255,4329,-7893,0,0,0
737593,65535,255,1309,-7917,0,0,0
737594,65535,255,2396,9876,0,0,0
737595,65535,255,5013,9673,0,0,0
737596,41,2,6518,-7653,1,0,1
737597,65535,255,5029,-7805,0,0,0
737598,65535,255,2472,-7960,0,0,0
737599,65535,255,1214,9921,0,0,0
737600,65535,255,4289,9770,0,0,0
737601,65535,255,6113,9572,0,0,0
737602,65535,255,5615,-7741,0,0,0
737603,65535,255,3486,-7975,0,0,1
737604,65535,255,57,-10297,0,0,0
737605,65535,255,3423,9803,0,0,0
737606,65535,255,5610,9646,0,0,0
737607,65535,255,6105,-7691,0,0,0
737608,65535,255,4332,-7873,0,0,0
737609,7,0,1310,-7816,1,0,1
737610,65535,255,2392,9836,0,0,0
737611,65535,255,5013,9657,0,0,0
737612,65535,255,6520,-7649,0,0,0
737613,65535,255,5032,-7799,0,0,0
737614,65535,255,2477,-7960,0,0,0
737615,65535,255,1214,9949,0,0,0
737616,65535,255,4292,9700,0,0,0
737617,65535,255,6112,9580,0,0,0
737618,65535,255,5617,-7754,0,0,0
737619,65535,255,3486,-7871,0,0,0
737620,65535,255,71,-3799,0,0,0
737621,65535,255,3421,9784,0,0,0
737622,65535,255,5608,9641,0,0,0
737623,65535,255,6106,-7714,0,0,0
737624,65535,255,4335,-7913,0,0,0
737625,62,2,1314,-8017,1,0,1
737626,42,2,2393,9742,1,0,1
737627,65535,255,5011,9704,0,0,0
737628,65535,255,6522,-7679,0,0,0
737629,65535,255,5034,-7853,0,0,1
737630,65535,255,2476,-7895,0,0,0
737631,65535,255,1215,9809,0,0,0
737632,65535,255,4290,9756,0,0,0
737633,65535,255,6112,9568,0,0,0
737634,65535,255,5617,-7737,0,0,0
737635,65535,255,3485,-7984,0,0,0
737636,0,0,0,0,0,0,0
737637,0,0,0,0,0,0,0
737638,65535,255,5609,9664,0,0,0
737639,7,0,6106,-7710,1,0,0
737640,5,0,4331,-7913,1,0,1
737641,65535,255,1314,-8017,0,0,0
737642,65535,255,2397,9755,0,0,0
737643,65535,255,5011,9710,0,0,0
737644,65535,255,6519,-7638,0,0,0
737645,6,0,5031,-7783,1,0,1
737646,65535,255,2471,-7933,0,0,0
737647,2,0,1214,9919,1,0,0
737648,65535,255,4294,9675,0,0,0
737649,65535,255,6112,9587,0,0,0
737650,65535,255,5614,-7764,0,0,1
737651,0,0,3480,-7897,1,0,0
737652,65535,255,50,-5725,0,0,0
737653,65535,255,3428,9749,0,0,0
737654,0,0,5612,9628,1,0,1
737655,65535,255,6100,-7710,0,0,0
737656,65535,255,4324,-7873,0,0,0
737657,65535,255,1303,-7863,0,0,1
737658,0,0,2397,9887,1,0,1
737659,5,0,5014,9688,1,0,0
737660,65535,255,6517,-7673,0,0,0
737661,7,1,5029,-7849,1,0,1
737662,65535,255,2462,-7895,0,0,0
737663,3,0,1226,9864,1,0,1
737664,65535,255,4297,9769,0,0,0
737665,2,0,6116,9579,1,0,1
737666,65535,255,5609,-7759,0,0,0
737667,3,0,3472,-7897,1,0,0
737668,6,0,39,-5061,1,0,1
737669,65535,255,3433,9766,0,0,1
737670,65535,255,5617,9636,0,0,0
737671,7,0,6096,-7692,1,0,1
737672,65535,255,4317,-7893,0,0,0
737673,65535,255,1291,-7965,0,0,0
737674,5,0,2412,9741,1,0,1
737675,3,0,5020,9715,1,0,1
737676,65535,255,6510,-7640,0,0,0
737677,5,0,5017,-7800,1,0,1
737678,65535,255,2452,-7985,0,0,0
737679,65535,255,1243,9679,0,0,0
737680,65535,255,4305,9722,0,0,0
737681,65535,255,6121,9610,0,0,1
737682,65535,255,5599,-7737,0,0,1
737683,14,1,3455,-7854,1,0,1
737684,65535,255,46,-1163,0,0,0
737685,65535,255,3450,9731,0,0,0
737686,65535,255,5625,9627,0,0,0
737687,65535,255,6090,-7688,0,0,0
737688,0,0,4306,-7887,1,0,1
737689,0,0,0,0,0,0,0
737690,65535,255,2427,9755,0,0,0
737691,65535,255,5033,9644,0,0,0
737692,65535,255,6504,-7651,0,0,0
737693,0,0,0,0,0,0,0
737694,65535,255,2437,-8063,0,0,0
737695,65535,255,1254,9832,0,0,0
737696,65535,255,4312,9691,0,0,0
737697,5,0,6124,9590,1,0,1
737698,65535,255,5602,-7786,0,0,0
737699,4,0,3459,-7962,1,0,0
737700,4,0,44,-14059,1,0,1
737701,65535,255,3446,9727,0,0,0
737702,65535,255,5622,9629,0,0,0
737703,8,0,6095,-7696,1,0,1
737704,65535,255,4313,-7910,0,0,0
737705,65535,255,1291,-8098,0,0,0
737706,8,0,2412,9844,1,0,0
737707,65535,255,5023,9685,0,0,0
737708,65535,255,6514,-7683,0,0,0
737709,0,0,5019,-7798,1,0,1
737710,0,0,2457,-8013,1,0,1
737711,0,0,1238,9753,1,0,1
737712,65535,255,4301,9765,0,0,0
737713,65535,255,6119,9591,0,0,1
737714,65535,255,5609,-7785,0,0,0
737715,65535,255,3472,-7970,0,0,0
737716,0,0,54,-2910,1,0,1
737717,65535,255,3436,9756,0,0,0
737718,4,0,5616,9648,1,0,0
737719,6,1,6101,-7714,1,0,1
737720,65535,255,4321,-7850,0,0,0
737721,65535,255,1298,-7893,0,0,0
737722,65535,255,2407,9740,0,0,0
737723,6,0,5019,9648,1,0,1
737724,65535,255,6518,-7662,0,0,1
737725,5,0,5030,-7856,1,0,0
737726,65535,255,2467,-7963,0,0,0
737727,65535,255,1225,9700,0,0,0
737728,6,0,4296,9754,1,0,1
737729,0,0,0,0,0,0,0
737730,4,0,5612,-7798,1,0,1
737731,4,0,3477,-7875,1,0,1
737732,65535,255,41,-6998,0,0,1
737733,6,0,3427,9809,1,0,1
737734,65535,255,5616,9611,0,0,0
737735,12,0,6100,-7687,1,0,1
737736,65535,255,4325,-7908,0,0,0
737737,65535,255,1304,-8149,0,0,0
737738,65535,255,2401,9886,0,0,0
737739,65535,255,5016,9713,0,0,1
737740,65535,255,6518,-7656,0,0,0
737741,65535,255,5030,-7845,0,0,0
737742,0,0,2467,-7963,1,0,1
737743,65535,255,1226,9701,0,0,0
737744,0,0,4297,9768,1,0,0
737745,0,0,6116,9596,1,0,0
737746,0,0,5611,-7776,1,0,1
737747,7,0,3473,-7892,1,0,0
737748,65535,255,42,-9418,0,0,0
737749,3,0,3436,9703,1,0,1
737750,7,0,5618,9630,1,0,1
737751,65535,255,6100,-7710,0,0,0
737752,65535,255,4321,-7849,0,0,1
737753,3,0,1298,-7944,1,0,1
737754,65535,255,2406,9794,0,0,1
737755,65535,255,5022,9680,0,0,0
737756,65535,255,6514,-7635,0,0,0
737757,65535,255,5023,-7824,0,0,0
737758,65535,255,2458,-7911,0,0,0
737759,5,0,1231,9987,1,0,1
737760,3,0,4304,9754,1,0,1
737761,65535,255,6121,9592,0,0,0
737762,65535,255,5605,-7756,0,0,1
737763,3,0,3464,-7901,1,0,1
737764,65535,255,36,-11685,0,0,0
737765,65535,255,3445,9738,0,0,0
737766,65535,255,5621,9652,0,0,0
737767,65535,255,6096,-7729,0,0,0
737768,65535,255,4314,-7889,0,0,0
737769,65535,255,1286,-8125,0,0,0
737770,65535,255,2421,9898,0,0,0
737771,65535,255,5031,9648,0,0,0
737772,65535,255,6511,-7669,0,0,1
737773,51,2,5014,-7797,1,0,1
737774,31,2,2443,-8053,1,0,1
737775,65535,255,1253,9943,0,0,0
737776,65535,255,4315,9734,0,0,0
737777,0,0,6127,9585,1,0,0
737778,5,0,5597,-7799,1,0,1
737779,65535,255,3448,-7892,0,0,0
737780,8,0,22,-15469,1,0,0
737781,65535,255,3457,9739,0,0,0
737782,65535,255,5629,9657,0,0,0
737783,65535,255,6087,-7738,0,0,1
737784,65535,255,4300,-7910,0,0,0
737785,65535,255,1263,-8114,0,0,0
737786,65535,255,2441,9741,0,0,1
737787,2,0,5040,9669,1,0,1
737788,65535,255,6501,-7674,0,0,0
737789,65535,255,5000,-7825,0,0,0
737790,5,0,2418,-7938,1,0,1
737791,5,0,1282,9733,1,0,1
737792,65535,255,4333,9679,0,0,0
737793,5,0,6135,9562,1,0,1
737794,4,0,5585,-7768,1,0,1
737795,65535,255,3431,-7981,0,0,0
737796,0,0,27,6912,1,0,1
737797,65535,255,3480,9741,0,0,0
737798,65535,255,5641,9638,0,0,0
737799,65535,255,6076,-7707,0,0,0
737800,65535,255,4278,-7864,0,0,0
737801,65535,255,1230,-8026,0,0,0
737802,65535,255,2466,9871,0,0,1
737803,65535,255,5056,9642,0,0,0
737804,65535,255,6491,-7672,0,0,0
737805,65535,255,4984,-7805,0,0,1
737806,2,0,2389,-7887,1,0,1
737807,65535,255,1311,9661,0,0,0
737808,2,0,4349,9727,1,0,1
737809,65535,255,6147,9590,0,0,0
737810,65535,255,5569,-7766,0,0,0
737811,65535,255,3405,-7983,0,0,0
737812,2,0,58,9222,1,0,1
737813,4,0,3504,9789,1,0,1
737814,5,0,5654,9637,1,0,1
737815,2,0,6067,-7736,1,0,1
737816,65535,255,4263,-7839,0,0,0
737817,0,0,1213,-8054,1,0,1
737818,2,0,2481,9743,1,0,1
737819,65535,255,5059,9696,0,0,0
737820,0,0,6490,-7665,1,0,0
737821,5,0,4985,-7821,1,0,1
737822,65535,255,2393,-7992,0,0,0
737823,1,0,1299,9968,1,0,0
737824,3,0,4345,9680,1,0,1
737825,0,0,6143,9575,1,0,1
737826,65535,255,5580,-7741,0,0,0
737827,65535,255,3422,-7973,0,0,0
737828,65535,255,33,12835,0,0,0
737829,65535,255,3483,9782,0,0,0
737830,65535,255,5641,9634,0,0,0
737831,65535,255,6078,-7739,0,0,0
737832,65535,255,4281,-7844,0,0,0
737833,65535,255,1242,-8106,0,0,0
737834,65535,255,2456,9769,0,0,0
737835,65535,255,5046,9713,0,0,0
737836,17,2,6500,-7681,1,0,0
737837,7,0,4999,-7847,1,0,1
737838,4,0,2422,-8053,1,0,1
737839,65535,255,1276,9735,0,0,1
737840,65535,255,4329,9727,0,0,0
737841,7,0,6133,9604,1,0,0
737842,65535,255,5592,-7777,0,0,0
737843,4,0,3439,-7910,1,0,1
737844,65535,255,25,2318,0,0,1
737845,65535,255,3466,9731,0,0,0
737846,65535,255,5633,9613,0,0,0
737847,5,0,6086,-7722,1,0,0
737848,6,0,4297,-7865,1,0,1
737849,65535,255,1264,-8024,0,0,0
737850,65535,255,2441,9743,0,0,0
737851,65535,255,5037,9703,0,0,0
737852,6,0,6507,-7676,1,0,1
737853,65535,255,5011,-7846,0,0,0
737854,65535,255,2436,-8010,0,0,0
737855,65535,255,1259,9761,0,0,0
737856,65535,255,4318,9735,0,0,0
737857,65535,255,6127,9612,0,0,0
737858,65535,255,5600,-7790,0,0,0
737859,197,2,3455,-7936,1,0,1
737860,65535,255,11,-7461,0,0,0
737861,65535,255,3453,9775,0,0,0
737862,65535,255,5628,9631,0,0,0
737863,3,0,6092,-7740,1,0,0
737864,65535,255,4306,-7863,0,0,0
737865,65535,255,1281,-8207,0,0,0
737866,3,0,2426,9835,1,0,1
737867,65535,255,5031,9661,0,0,0
737868,6,0,6510,-7651,1,0,1
737869,2,0,5017,-7813,1,0,1
737870,65535,255,2448,-7989,0,0,0
737871,65535,255,1248,10028,0,0,0
737872,1,0,4311,9703,1,0,0
737873,65535,255,6123,9598,0,0,0
737874,65535,255,5602,-7775,0,0,0
737875,3,0,3460,-7917,1,0,0
737876,1,0,27,-5129,1,0,0
737877,2,0,3449,9766,1,0,1
737878,65535,255,5623,9632,0,0,0
737879,65535,255,6094,-7711,0,0,0
737880,3,0,4310,-7869,1,0,1
737881,5,0,1281,-7865,1,0,1
737882,4,0,2416,9887,1,0,0
737883,65535,255,5025,9682,0,0,0
737884,65535,255,6512,-7668,0,0,0
737885,5,0,5020,-7845,1,0,1
737886,1,0,2448,-7884,1,0,1
737887,0,0,1242,9814,1,0,1
737888,65535,255,4307,9763,0,0,0
737889,65535,255,6123,9575,0,0,0
737890,65535,255,5602,-7752,0,0,0
737891,65535,255,3460,-7882,0,0,0
737892,65535,255,38,-2813,0,0,0
737893,65535,255,3444,9741,0,0,0
737894,65535,255,5623,9627,0,0,0
737895,65535,255,6095,-7738,0,0,0
737896,65535,255,4310,-7874,0,0,0
737897,65535,255,1281,-7893,0,0,0
737898,65535,255,2417,9914,0,0,0
737899,4,0,5025,9698,1,0,0
737900,4,0,6511,-7682,1,0,0
737901,65535,255,5014,-7786,0,0,0
737902,65535,255,2447,-7950,0,0,0
737903,5,0,1243,10000,1,0,1
737904,65535,255,4311,9703,0,0,0
737905,65535,255,6124,9605,0,0,0
737906,65535,255,5602,-7792,0,0,0
737907,65535,255,3460,-7969,0,0,0
737908,65535,255,37,-14283,0,0,0
737909,65535,255,3449,9705,0,0,0
737910,9,0,5626,9613,1,0,1
737911,65535,255,6092,-7736,0,0,0
737912,65535,255,4307,-7868,0,0,0
737913,5,0,1275,-7892,1,0,0
737914,65535,255,2425,9774,0,0,0
737915,65535,255,5028,9710,0,0,0
737916,65535,255,6505,-7641,0,0,0
737917,11,1,5008,-7802,1,0,1
737918,0,0,0,0,0,0,0
737919,6,0,1260,9708,1,0,0
737920,94,2,4315,9742,1,0,1
737921,65535,255,6128,9571,0,0,0
737922,65535,255,5595,-7757,0,0,0
737923,65535,255,3447,-7909,0,0,0
737924,65535,255,6,-6616,0,0,0
737925,65535,255,3457,9802,0,0,0
737926,65535,255,5629,9663,0,0,0
737927,65535,255,6086,-7724,0,0,0
737928,1,0,4295,-7849,1,0,0
737929,65535,255,1258,-7838,0,0,0
737930,65535,255,2436,9912,0,0,0
737931,65535,255,5038,9709,0,0,0
737932,65535,255,6501,-7642,0,0,0
737933,6,0,5003,-7814,1,0,1
737934,65535,255,2423,-8041,0,0,0
737935,1,0,1276,9814,1,0,1
737936,65535,255,4326,9753,0,0,0
737937,5,0,6134,9590,1,0,1
737938,65535,255,5587,-7785,0,0,0
737939,0,0,0,0,0,0,0
737940,65535,255,49,4665,0,0,0
737941,3,0,3474,9739,1,0,1
737942,65535,255,5639,9635,0,0,0
737943,5,0,6078,-7702,1,0,1
737944,65535,255,4283,-7887,0,0,0
737945,65535,255,1242,-8157,0,0,0
737946,65535,255,2461,9872,0,0,0
737947,65535,255,5049,9698,0,0,0
737948,65535,255,6494,-7645,0,0,0
737949,65535,255,4990,-7809,0,0,0
737950,65535,255,2403,-8042,0,0,1
737951,11,1,1299,9814,1,0,1
737952,65535,255,4345,9674,0,0,0
737953,13,1,6142,9600,1,0,1
737954,5,0,5577,-7795,1,0,1
737955,9,1,3413,-7880,1,0,0
737956,65535,255,48,6813,0,0,1
737957,8,0,3491,9774,1,0,0
737958,8,0,5649,9656,1,0,1
737959,65535,255,6069,-7723,0,0,0
737960,65535,255,4267,-7858,0,0,0
737961,65535,255,1213,-7913,0,0,0
737962,65535,255,2485,9768,0,0,0
737963,7,0,5067,9659,1,0,1
737964,9,0,6487,-7667,1,0,1
737965,5,0,4978,-7858,1,0,0
737966,3,0,2374,-7978,1,0,1
737967,65535,255,1321,9965,0,0,0
737968,65535,255,4358,9766,0,0,0
737969,65535,255,6153,9560,0,0,0
737970,8,0,5571,-7782,1,0,1
737971,2,0,3405,-7893,1,0,1
737972,65535,255,74,6227,0,0,0
737973,65535,255,3500,9807,0,0,0
737974,65535,255,5654,9638,0,0,0
737975,6,0,6069,-7731,1,0,0
737976,65535,255,4268,-7893,0,0,1
737977,65535,255,1213,-7942,0,0,0
737978,65535,255,2475,9871,0,0,0
737979,65535,255,5061,9659,0,0,0
737980,0,0,0,0,0,0,0
737981,37,2,4987,-7852,1,0,0
737982,65535,255,2398,-8044,0,0,0
737983,65535,255,1305,10044,0,0,0
737984,65535,255,4348,9681,0,0,0
737985,7,1,6146,9573,1,0,1
737986,65535,255,5579,-7800,0,0,1
737987,65535,255,3421,-7936,0,0,0
737988,65535,255,40,7110,0,0,0
737989,3,0,3488,9721,1,0,0
737990,65535,255,5646,9631,0,0,0
737991,65535,255,6074,-7699,0,0,0
737992,7,0,4280,-7870,1,0,0
737993,3,0,1235,-8156,1,0,1
737994,65535,255,2466,9780,0,0,0
737995,6,0,5053,9707,1,0,1
737996,65535,255,6496,-7669,0,0,0
737997,65535,255,4995,-7824,0,0,0
737998,6,0,2407,-7989,1,0,0
737999,65535,255,1288,9940,0,0,0
738000,65535,255,4334,9760,0,0,0
738001,10,0,6139,9561,1,0,0
738002,65535,255,5586,-7790,0,0,0
738003,65535,255,3429,-7917,0,0,0
738004,65535,255,31,4573,0,0,0
738005,65535,255,3480,9712,0,0,1
738006,65535,255,5640,9639,0,0,0
738007,5,0,6080,-7701,1,0,0
738008,65535,255,4287,-7876,0,0,1
738009,65535,255,1250,-8062,0,0,0
738010,65535,255,2452,9807,0,0,0
738011,65535,255,5046,9670,0,0,0
738012,14,1,6502,-7683,1,0,1
738013,65535,255,5001,-7846,0,0,0
738014,65535,255,2422,-8053,0,0,0
738015,65535,255,1278,9655,0,0,0
738016,65535,255,4330,9700,0,0,0
738017,65535,255,6135,9585,0,0,0
738018,5,0,5588,-7753,1,0,0
738019,4,0,3438,-7987,1,0,1
738020,65535,255,22,17089,0,0,0
738021,65535,255,3467,9791,0,0,0
738022,65535,255,5635,9635,0,0,0
738023,65535,255,6085,-7736,0,0,0
738024,65535,255,4291,-7842,0,0,0
738025,1,0,1257,-8098,1,0,1
738026,65535,255,2442,9755,0,0,0
738027,65535,255,5039,9703,0,0,0
738028,6,0,6502,-7672,1,0,1
738029,65535,255,5004,-7835,0,0,1
738030,65535,255,2427,-8027,0,0,0
738031,65535,255,1266,10007,0,0,0
738032,65535,255,4324,9694,0,0,0
738033,65535,255,6131,9585,0,0,0
738034,65535,255,5591,-7753,0,0,0
738035,65535,255,3438,-7855,0,0,0
738036,65535,255,33,-17205,0,0,0
738037,65535,255,3462,9809,0,0,0
738038,65535,255,5630,9649,0,0,0
738039,44,2,6084,-7693,1,0,1
738040,65535,255,4295,-7875,0,0,0
738041,13,1,1258,-7809,1,0,1
738042,7,1,2437,9846,1,0,1
738043,65535,255,5039,9660,0,0,0
738044,12,1,6503,-7645,1,0,1
738045,6,1,5004,-7796,1,0,0
738046,65535,255,2427,-7948,0,0,0
738047,3,0,1266,9917,1,0,1
738048,2,0,4320,9768,1,0,1
738049,65535,255,6131,9574,0,0,0
738050,65535,255,5591,-7743,0,0,0
738051,2,0,3442,-7978,1,0,0
738052,2,0,27,-17313,1,0,1
738053,4,0,3463,9809,1,0,1
738054,4,0,5630,9654,1,0,1
738055,5,0,6083,-7697,1,0,1
738056,65535,255,4295,-7889,0,0,0
738057,2,0,1257,-7887,1,0,1
738058,65535,255,2437,9886,0,0,0
738059,3,0,5033,9694,1,0,1
738060,7,0,6504,-7659,1,0,1
738061,8,0,5008,-7815,1,0,1
738062,65535,255,2437,-8055,0,0,0
738063,0,0,0,0,0,0,0
738064,65535,255,4316,9692,0,0,0
738065,65535,255,6125,9610,0,0,0
738066,65535,255,5596,-7746,0,0,0
738067,0,0,0,0,0,0,0
738068,0,0,0,0,0,0,0
738069,42,2,3450,9820,1,0,0
738070,65535,255,5628,9619,0,0,0
738071,65535,255,6089,-7695,0,0,0
738072,2,0,4306,-7918,1,0,0
738073,1,0,1280,-8179,1,0,1
738074,0,0,2422,9897,1,0,1
738075,4,0,5031,9678,1,0,1
738076,65535,255,6507,-7654,0,0,0
738077,4,0,5013,-7848,1,0,1
738078,1,0,2441,-7951,1,0,1
738079,65535,255,1255,9703,0,0,0
738080,4,0,4313,9760,1,0,0
738081,65535,255,6125,9591,0,0,0
738082,65535,255,5601,-7795,0,0,0
738083,2,0,3455,-7875,1,0,1
738084,1,0,16,-7355,1,0,1
738085,65535,255,3450,9825,0,0,0
738086,65535,255,5625,9620,0,0,0
738087,14,0,6092,-7700,1,0,0
738088,4,0,4306,-7831,1,0,0
738089,65535,255,1275,-7841,0,0,0
738090,65535,255,2427,9754,0,0,0
738091,7,0,5032,9664,1,0,1
738092,13,1,6508,-7678,1,0,1
738093,65535,255,5011,-7804,0,0,0
738094,65535,255,2442,-8056,0,0,0
738095,0,0,0,0,0,0,0
738096,65535,255,4315,9726,0,0,1
738097,65535,255,6128,9576,0,0,0
738098,13,1,5599,-7781,1,0,0
738099,65535,255,3452,-7908,0,0,0
738100,65535,255,17,-3211,0,0,0
738101,9,1,3453,9826,1,0,1
738102,65535,255,5629,9629,0,0,0
738103,0,0,0,0,0,0,0
738104,0,0,0,0,0,0,0
738105,0,0,0,0,0,0,0
738106,65535,255,2436,9832,0,0,0
738107,65535,255,5037,9701,0,0,0
738108,7,0,6506,-7654,1,0,0
738109,65535,255,5011,-7853,0,0,0
738110,65535,255,2433,-8004,0,0,0
738111,2,0,1265,9838,1,0,1
738112,4,0,4326,9706,1,0,1
738113,5,0,6133,9572,1,0,0
738114,8,0,5594,-7783,1,0,0
738115,65535,255,3439,-7859,0,0,0
738116,65535,255,6,8533,0,0,0
738117,65535,255,3470,9712,0,0,0
738118,65535,255,5636,9647,0,0,0
738119,65535,255,6084,-7727,0,0,0
738120,65535,255,4292,-7898,0,0,0
738121,2,0,1253,-8184,1,0,1
738122,65535,255,2456,9741,0,0,0
738123,65535,255,5049,9669,0,0,0
738124,0,0,6500,-7665,1,0,1
738125,65535,255,4999,-7832,0,0,0
738126,5,0,2413,-7965,1,0,1
738127,0,0,1287,9785,1,0,1
738128,65535,255,4340,9699,0,0,0
738129,3,0,6141,9572,1,0,1
738130,3,0,5584,-7787,1,0,1
738131,0,0,3422,-7885,1,0,1
738132,3,0,40,14202,1,0,1
738133,7,0,3487,9763,1,0,0
738134,0,0,5649,9606,1,0,1
738135,1,0,6073,-7696,1,0,1
738136,65535,255,4277,-7913,0,0,0
738137,65535,255,1230,-7998,0,0,0
738138,65535,255,2471,9741,0,0,0
738139,4,0,5055,9706,1,0,1
738140,65535,255,6495,-7678,0,0,0
738141,5,0,4993,-7854,1,0,0
738142,65535,255,2403,-7886,0,0,0
738143,3,0,1293,9813,1,0,1
738144,65535,255,4337,9753,0,0,0
738145,65535,255,6140,9568,0,0,0
738146,65535,255,5584,-7741,0,0,0
738147,65535,255,3430,-7981,0,0,0
738148,65535,255,37,16211,0,0,0
738149,7,0,3474,9833,1,0,1
738150,65535,255,5639,9626,0,0,1
738151,6,0,6081,-7715,1,0,1
738152,65535,255,4292,-7918,0,0,0
738153,13,1,1253,-8050,1,0,0
738154,0,0,2446,9767,1,0,1
738155,65535,255,5043,9655,0,0,1
738156,0,0,0,0,0,0,0
738157,0,0,5002,-7797,1,0,1
738158,0,0,2423,-7964,1,0,1
738159,0,0,1265,9997,1,0,1
738160,65535,255,4326,9700,0,0,0
738161,65535,255,6130,9596,0,0,1
738162,65535,255,5592,-7780,0,0,0
738163,3,0,3443,-7928,1,0,1
738164,65535,255,4,-17472,0,0,0
738165,0,0,0,0,0,0,0
738166,65535,255,5629,9653,0,0,0
738167,65535,255,6086,-7703,0,0,0
738168,0,0,4300,-7910,1,0,1
738169,65535,255,1270,-8023,0,0,0
738170,1,0,2431,9755,1,0,1
738171,65535,255,5033,9667,0,0,0
738172,65535,255,6504,-7643,0,0,0
738173,65535,255,5007,-7803,0,0,0
738174,65535,255,2435,-7988,0,0,0
738175,2,0,1257,9780,1,0,1
738176,65535,255,4314,9721,0,0,0
738177,0,0,6124,9612,1,0,1
738178,7,0,5599,-7802,1,0,0
738179,65535,255,3453,-7979,0,0,0
738180,5,0,44,-10136,1,0,0
738181,65535,255,3452,9713,0,0,0
738182,65535,255,5625,9616,0,0,0
738183,0,0,6090,-7736,1,0,1
738184,0,0,4305,-7863,1,0,1
738185,0,0,1277,-7865,1,0,1
738186,0,0,2420,9899,1,0,1
738187,65535,255,5027,9698,0,0,0
738188,65535,255,6508,-7682,0,0,0
738189,65535,255,5013,-7786,0,0,0
738190,7,1,2444,-7963,1,0,1
738191,65535,255,1247,10025,0,0,0
738192,65535,255,4310,9715,0,0,0
738193,65535,255,6122,9612,0,0,0
738194,65535,255,5601,-7778,0,0,0
738195,65535,255,3456,-7959,0,0,0
738196,65535,255,44,-771,0,0,0
738197,65535,255,3448,9731,0,0,0
738198,65535,255,5625,9626,0,0,0
738199,65535,255,6090,-7689,0,0,0
738200,65535,255,4308,-7889,0,0,0
738201,3,0,1276,-7995,1,0,0
738202,65535,255,2425,9768,0,0,0
738203,65535,255,5030,9649,0,0,0
738204,4,0,6509,-7651,1,0,0
738205,65535,255,5013,-7828,0,0,0
738206,65535,255,2444,-8065,0,0,0
738207,65535,255,1247,9837,0,0,0
738208,65535,255,4311,9738,0,0,0
738209,7,0,6124,9590,1,0,1
738210,65535,255,5602,-7779,0,0,0
738211,65535,255,3457,-7951,0,0,1
738212,65535,255,33,-13625,0,0,0
738213,0,0,3452,9713,1,0,1
738214,65535,255,5627,9617,0,0,0
738215,0,0,6091,-7722,1,0,1
738216,65535,255,4308,-7888,0,0,0
738217,65535,255,1276,-7995,0,0,0
738218,65535,255,2430,9781,0,0,0
738219,65535,255,5033,9655,0,0,0
738220,0,0,6507,-7662,1,0,1
738221,4,0,5013,-7845,1,0,1
738222,65535,255,2439,-7923,0,0,0
738223,5,0,1252,9971,1,0,0
738224,65535,255,4317,9714,0,0,0
738225,65535,255,6128,9591,0,0,0
738226,65535,255,5596,-7743,0,0,0
738227,5,0,3448,-7891,1,0,0
738228,65535,255,10,-3351,0,0,0
738229,65535,255,3460,9792,0,0,0
738230,4,0,5632,9648,1,0,1
738231,7,0,6087,-7728,1,0,1
738232,65535,255,4300,-7862,0,0,0
738233,2,0,1259,-7914,1,0,1
738234,65535,255,2440,9755,0,0,0
738235,65535,255,5042,9649,0,0,0
738236,4,0,6504,-7659,1,0,1
738237,65535,255,5006,-7845,0,0,0
738238,65535,255,2424,-7936,0,0,0
738239,65535,255,1270,10021,0,0,0
738240,65535,255,4328,9728,0,0,1
738241,65535,255,6136,9570,0,0,0
738242,0,0,5591,-7766,1,0,0
738243,65535,255,3436,-7935,0,0,0
738244,65535,255,34,17154,0,0,1
738245,65535,255,3477,9730,0,0,0
738246,109,2,5639,9635,1,0,1
738247,65535,255,6081,-7705,0,0,0
738248,65535,255,4286,-7829,0,0,0
738249,65535,255,1243,-7807,0,0,0
738250,8,1,2458,9755,1,0,0
738251,2,0,5053,9665,1,0,1
738252,65535,255,6497,-7656,0,0,0
738253,65535,255,4994,-7851,0,0,0
738254,0,0,0,0,0,0,0
738255,65535,255,1298,9683,0,0,0
738256,65535,255,4343,9748,0,0,0
738257,3,0,6144,9584,1,0,1
738258,65535,255,5580,-7785,0,0,0
738259,65535,255,3419,-7988,0,0,0
738260,65535,255,52,7069,0,0,0
738261,1,0,3494,9791,1,0,1
738262,4,0,5652,9603,1,0,0
738263,65535,255,6070,-7738,0,0,0
738264,5,0,4268,-7897,1,0,1
738265,65535,255,1214,-8103,0,0,0
738266,65535,255,2484,9870,0,0,0
738267,65535,255,5065,9706,0,0,0
738268,65535,255,6487,-7650,0,0,0
738269,65535,255,4978,-7843,0,0,0
738270,31,2,2378,-7951,1,0,0
738271,65535,255,1327,9713,0,0,0
738272,65535,255,4362,9766,0,0,0
738273,65535,255,6154,9599,0,0,0
738274,65535,255,5564,-7792,0,0,1
738275,65535,255,3388,-7893,0,0,0
738276,65535,255,81,7724,0,0,0
738277,65535,255,3513,9815,0,0,0
738278,65535,255,5661,9633,0,0,0
738279,11,1,6062,-7716,1,0,1
738280,65535,255,4259,-7885,0,0,0
738281,65535,255,1208,-8161,0,0,0
738282,65535,255,2491,9743,0,0,0
738283,65535,255,5067,9680,0,0,0
738284,9,0,6487,-7644,1,0,1
738285,65535,255,4981,-7852,0,0,0
738286,0,0,0,0,0,0,0
738287,65535,255,1310,9941,0,0,0
738288,65535,255,4348,9747,0,0,0
738289,65535,255,6144,9603,0,0,0
738290,65535,255,5575,-7754,0,0,0
738291,5,0,3418,-7971,1,0,1
738292,65535,255,41,8922,0,0,0
738293,65535,255,3487,9722,0,0,0
738294,65535,255,5644,9657,0,0,0
738295,8,0,6074,-7719,1,0,1
738296,65535,255,4278,-7837,0,0,0
738297,65535,255,1236,-7996,0,0,0
738298,65535,255,2456,9886,0,0,0
738299,65535,255,5050,9654,0,0,0
738300,0,0,6496,-7683,1,0,1
738301,65535,255,4994,-7840,0,0,0
738302,65535,255,2413,-8002,0,0,0
738303,65535,255,1282,9918,0,0,0
738304,65535,255,4330,9748,0,0,0
738305,65535,255,6134,9608,0,0,0
738306,65535,255,5587,-7766,0,0,0
738307,65535,255,3435,-7857,0,0,0
738308,6,1,17,16975,1,0,0
738309,65535,255,3466,9766,0,0,0
738310,0,0,0,0,0,0,0
738311,65535,255,6082,-7713,0,0,0
738312,65535,255,4296,-7889,0,0,1
738313,65535,255,1260,-7931,0,0,0
738314,65535,255,2436,9796,0,0,0
738315,65535,255,5034,9710,0,0,0
738316,65535,255,6504,-7668,0,0,0
738317,65535,255,5005,-7818,0,0,1
738318,65535,255,2433,-7950,0,0,0
738319,65535,255,1259,9841,0,0,0
738320,7,0,4319,9716,1,0,0
738321,65535,255,6126,9582,0,0,0
738322,65535,255,5600,-7797,0,0,0
738323,65535,255,3456,-7908,0,0,0
738324,4,0,42,-14676,1,0,1
738325,65535,255,3445,9785,0,0,0
738326,65535,255,5621,9614,0,0,0
738327,6,0,6093,-7704,1,0,1
738328,7,0,4314,-7867,1,0,0
738329,65535,255,1292,-8073,0,0,0
738330,65535,255,2411,9915,0,0,0
738331,65535,255,5022,9662,0,0,0
738332,50,2,6513,-7663,1,0,1
738333,47,2,5024,-7833,1,0,0
738334,65535,255,2462,-7973,0,0,0
738335,65535,255,1225,9840,0,0,0
738336,65535,255,4297,9724,0,0,0
738337,65535,255,6115,9591,0,0,0
738338,65535,255,5610,-7741,0,0,0
738339,6,1,3477,-7942,1,0,1
738340,0,0,0,0,0,0,0
738341,65535,255,3423,9830,0,0,1
738342,65535,255,5608,9646,0,0,0
738343,65535,255,6105,-7733,0,0,1
738344,5,0,4330,-7884,1,0,1
738345,65535,255,1315,-7918,0,0,1
738346,65535,255,2387,9837,0,0,0
738347,65535,255,5007,9717,0,0,0
738348,65535,255,6524,-7672,0,0,0
738349,65535,255,5038,-7816,0,0,0
738350,65535,255,2482,-7947,0,0,0
738351,65535,255,1203,9814,0,0,1
738352,65535,255,4282,9724,0,0,0
738353,65535,255,6106,9589,0,0,1
738354,5,0,5624,-7745,1,0,0
738355,65535,255,3497,-7957,0,0,0
738356,65535,255,75,-7046,0,0,0
738357,65535,255,3408,9723,0,0,1
738358,65535,255,5599,9660,0,0,0
738359,65535,255,6114,-7690,0,0,0
738360,65535,255,4345,-7845,0,0,0
738361,51,2,1342,-8042,1,0,1
738362,65535,255,2368,9886,0,0,0
738363,65535,255,4996,9673,0,0,0
738364,6,1,6527,9563,1,0,0
738365,65535,255,5048,-7778,0,0,0
738366,65535,255,2503,-7953,0,0,0
738367,65535,255,1182,9641,0,0,0
738368,65535,255,4268,9684,0,0,0
738369,65535,255,6099,9576,0,0,0
738370,7,1,5632,-7761,1,0,1
738371,0,0,0,0,0,0,0
738372,0,0,0,0,0,0,0
738373,0,0,0,0,0,0,0
738374,65535,255,5591,9661,0,0,0
738375,8,0,6120,-7693,1,0,1
738376,0,0,0,0,0,0,0
738377,65535,255,1359,-8113,0,0,0
738378,4,0,2353,9756,1,0,0
738379,65535,255,4987,9696,0,0,0
738380,65535,255,6524,9526,0,0,0
738381,65535,255,5057,-7809,0,0,0
738382,3,0,2521,-7958,1,0,1
738383,6,0,1164,9865,1,0,0
738384,65535,255,4257,9745,0,0,0
738385,65535,255,6092,9609,0,0,0
738386,6,0,5639,-7775,1,0,0
738387,65535,255,3523,-7887,0,0,0
738388,65535,255,119,-5684,0,0,0
738389,65535,255,3378,9823,0,0,0
738390,65535,255,5584,9648,0,0,0
738391,65535,255,6124,-7685,0,0,0
738392,65535,255,4366,-7851,0,0,0
738393,65535,255,1370,-8089,0,0,0
738394,65535,255,2343,9741,0,0,0
738395,65535,255,4978,9696,0,0,0
738396,65535,255,6518,9530,0,0,0
738397,0,0,0,0,0,0,0
738398,0,0,0,0,0,0,0
738399,0,0,0,0,0,0,0
738400,0,0,0,0,0,0,0
738401,0,0,0,0,0,0,0
738402,0,0,0,0,0,0,0
738403,0,0,0,0,0,0,0
738404,0,0,0,0,0,0,0
738405,0,0,0,0,0,0,0
738406,0,0,0,0,0,0,0
738407,0,0,0,0,0,0,0
738408,0,0,0,0,0,0,0
738409,0,0,0,0,0,0,0
738410,0,0,0,0,0,0,0
738411,0,0,0,0,0,0,0
738412,0,0,0,0,0,0,0
738413,0,0,0,0,0,0,0
738414,0,0,0,0,0,0,0
738415,0,0,0,0,0,0,0
738416,0,0,0,0,0,0,0
738417,0,0,0,0,0,0,0
738418,0,0,0,0,0,0,0
738419,0,0,0,0,0,0,0
738420,0,0,0,0,0,0,0
738421,0,0,0,0,0,0,0
738422,0,0,0,0,0,0,0
738423,0,0,0,0,0,0,0
738424,0,0,0,0,0,0,0
738425,0,0,0,0,0,0,0
738426,0,0,0,0,0,0,0
738427,0,0,0,0,0,0,0
738428,0,0,0,0,0,0,0
738429,0,0,0,0,0,0,0
738430,0,0,0,0,0,0,0
738431,0,0,0,0,0,0,0
738432,0,0,0,0,0,0,0
738433,0,0,0,0,0,0,0
738434,0,0,0,0,0,0,0
738435,0,0,0,0,0,0,0
738436,0,0,0,0,0,0,0
738437,0,0,0,0,0,0,0
738438,0,0,0,0,0,0,0
738439,0,0,0,0,0,0,0
738440,0,0,0,0,0,0,0
738441,0,0,0,0,0,0,0
738442,0,0,0,0,0,0,0
738443,0,0,0,0,0,0,0
738444,0,0,0,0,0,0,0
738445,0,0,0,0,0,0,0
738446,0,0,0,0,0,0,0
738447,0,0,0,0,0,0,0
738448,0,0,0,0,0,0,0
738449,0,0,0,0,0,0,0
738450,0,0,0,0,0,0,0
738451,0,0,0,0,0,0,0
738452,0,0,0,0,0,0,0
738453,0,0,0,0,0,0,0
738454,0,0,0,0,0,0,0
738455,0,0,0,0,0,0,0
738456,0,0,0,0,0,0,0
738457,0,0,0,0,0,0,0
738458,0,0,0,0,0,0,0
738459,0,0,0,0,0,0,0
738460,0,0,0,0,0,0,0
738461,0,0,0,0,0,0,0
738462,0,0,0,0,0,0,0
738463,0,0,0,0,0,0,0
738464,0,0,0,0,0,0,0
738465,0,0,0,0,0,0,0
738466,0,0,0,0,0,0,0
738467,0,0,0,0,0,0,0
738468,0,0,0,0,0,0,0
738469,0,0,0,0,0,0,0
738470,0,0,0,0,0,0,0
738471,0,0,0,0,0,0,0
738472,0,0,0,0,0,0,0
738473,0,0,0,0,0,0,0
738474,0,0,0,0,0,0,0
738475,0,0,0,0,0,0,0
738476,0,0,0,0,0,0,0
738477,0,0,0,0,0,0,0
738478,0,0,0,0,0,0,0
738479,0,0,0,0,0,0,0
738480,0,0,0,0,0,0,0
738481,0,0,0,0,0,0,0
738482,0,0,0,0,0,0,0
738483,0,0,0,0,0,0,0
738484,0,0,0,0,0,0,0
738485,0,0,0,0,0,0,0
738486,6,0,5549,9640,1,0,1
738487,0,0,0,0,0,0,0
738488,0,0,0,0,0,0,0
738489,0,0,0,0,0,0,0
738490,0,0,0,0,0,0,0
738491,0,0,0,0,0,0,0
738492,0,0,0,0,0,0,0
738493,0,0,0,0,0,0,0
738494,0,0,0,0,0,0,0
738495,0,0,0,0,0,0,0
738496,0,0,0,0,0,0,0
738497,0,0,0,0,0,0,0
738498,0,0,0,0,0,0,0
738499,0,0,0,0,0,0,0
738500,0,0,0,0,0,0,0
738501,0,0,0,0,0,0,0
738502,0,0,0,0,0,0,0
738503,0,0,0,0,0,0,0
738504,0,0,0,0,0,0,0
738505,0,0,0,0,0,0,0
738506,0,0,0,0,0,0,0
738507,0,0,0,0,0,0,0
738508,0,0,0,0,0,0,0
738509,0,0,0,0,0,0,0
738510,0,0,0,0,0,0,0
738511,0,0,0,0,0,0,0
738512,0,0,0,0,0,0,0
738513,0,0,0,0,0,0,0
738514,0,0,0,0,0,0,0
738515,0,0,0,0,0,0,0
738516,0,0,0,0,0,0,0
738517,0,0,0,0,0,0,0
738518,0,0,0,0,0,0,0
738519,0,0,0,0,0,0,0
738520,0,0,0,0,0,0,0
738521,0,0,0,0,0,0,0
