sdate,line_t,line_tmq,line_tvza,line_tvaa,line_tm2,line_QFDNB,line_tm_buf
735235,65535,255,4509,9627,0,0,0
735236,65535,255,5449,-6985,0,0,0
735237,65535,255,3872,-7326,0,0,0
735238,65535,255,1490,-7628,0,0,0
735239,65535,255,1423,9950,0,0,0
735240,65535,255,3883,9691,0,0,0
735241,28,0,5533,9394,1,0,0
735242,20,0,4474,-7252,1,0,0
735243,65535,255,2370,-7494,0,0,0
735244,65535,255,463,10106,0,0,0
735245,65535,255,3167,9833,0,0,0
735246,65535,255,5068,9507,0,0,0
735247,65535,255,4987,-7114,0,0,0
735248,65535,255,3159,-7423,0,0,0
735249,65535,255,512,-7353,0,0,0
735250,0,0,0,0,0,0,0
735251,65535,255,4526,9568,0,0,0
735252,65535,255,5441,-7010,0,0,0
735253,65535,255,3864,-7358,0,0,0
735254,65535,255,1485,-7738,0,0,0
735255,65535,255,1428,10042,0,0,1
735256,65535,255,3885,9680,0,0,0
735257,65535,255,5532,9413,0,0,1
735258,65535,255,4478,-7264,0,0,0
735259,65535,255,2385,-7518,0,0,1
735260,65535,255,446,10255,0,0,1
735261,65535,255,3149,9845,0,0,1
735262,65535,255,5053,9505,0,0,0
735263,65535,255,5003,-7110,0,0,0
735264,65535,255,3186,-7409,0,0,0
735265,0,0,0,0,0,0,0
735266,65535,255,2316,9906,0,0,0
735267,65535,255,4498,9629,0,0,0
735268,65535,255,5459,-6986,0,0,0
735269,65535,255,3891,-7337,0,0,0
735270,65535,255,1523,-7689,0,0,0
735271,65535,255,1389,10023,0,0,0
735272,11,0,3857,9677,1,0,1
735273,65535,255,5513,9418,0,0,0
735274,65535,255,4498,-7184,0,0,0
735275,65535,255,2415,-7567,0,0,0
735276,0,0,0,0,0,0,0
735277,65535,255,3123,9742,0,0,0
735278,80,0,5033,9542,3,0,0
735279,65535,255,5019,-7111,0,0,0
735280,65535,255,3213,-7492,0,0,0
735281,65535,255,592,-7849,0,0,0
735282,65535,255,2284,9840,0,0,0
735283,65535,255,4475,9608,0,0,0
735284,65535,255,5472,-6978,0,0,0
735285,65535,255,3910,-7327,0,0,0
735286,65535,255,1550,-7684,0,0,0
735287,65535,255,1360,10051,0,0,0
735288,65535,255,3833,9696,0,0,0
735289,65535,255,5498,9430,0,0,0
735290,65535,255,4512,-7199,0,0,0
735291,65535,255,2440,-7589,0,0,0
735292,65535,255,378,10726,0,0,0
735293,65535,255,3092,9884,0,0,0
735294,65535,255,5015,9535,0,0,0
735295,65535,255,5036,-7134,0,0,0
735296,65535,255,3236,-7459,0,0,0
735297,65535,255,621,-7573,0,0,0
735298,16,0,2252,9986,1,0,1
735299,65535,255,4455,9627,0,0,0
735300,65535,255,5485,-7010,0,0,0
735301,0,0,0,0,0,0,0
735302,46,0,1579,-7473,1,0,1
735303,17,0,1327,10182,1,0,1
735304,65535,255,3809,9723,0,0,0
735305,65535,255,5482,9394,0,0,0
735306,13,0,4533,-7226,1,0,1
735307,65535,255,2464,-7456,0,0,0
735308,65535,255,347,9918,0,0,0
735309,15,0,3068,9817,1,0,1
735310,127,0,5000,9505,1,0,1
735311,28,0,5049,-7115,1,0,1
735312,65535,255,3258,-7437,0,0,0
735313,26,0,650,-7528,1,0,1
735314,65535,255,2227,9989,0,0,1
735315,65535,255,4438,9583,0,0,1
735316,65535,255,5495,-6962,0,0,0
735317,65535,255,3948,-7312,0,0,1
735318,65535,255,1606,-7655,0,0,0
735319,65535,255,1304,10034,0,0,0
735320,65535,255,3793,9694,0,0,1
735321,65535,255,5471,9437,0,0,1
735322,65535,255,4543,-7224,0,0,0
735323,65535,255,2484,-7467,0,0,0
735324,65535,255,324,10213,0,0,1
735325,65535,255,3049,9871,0,0,0
735326,65535,255,4988,9535,0,0,1
735327,65535,255,5057,-7076,0,0,1
735328,21,0,3272,-7378,1,0,1
735329,65535,255,669,-7332,0,0,0
735330,12,0,2211,9963,1,0,1
735331,65535,255,4431,9579,0,0,0
735332,21,0,5503,-6969,1,0,1
735333,65535,255,3959,-7332,0,0,0
735334,65535,255,1622,-7755,0,0,0
735335,65535,255,1287,10216,0,0,0
735336,65535,255,3785,9767,0,0,0
735337,65535,255,5468,9415,0,0,0
735338,65535,255,4552,-7210,0,0,0
735339,65535,255,2494,-7466,0,0,0
735340,12,0,313,10429,1,0,1
735341,65535,255,3045,9759,0,0,0
735342,16,0,4985,9492,1,0,1
735343,65535,255,5065,-7121,0,0,0
735344,0,0,0,0,0,0,0
735345,65535,255,674,-8024,0,0,1
735346,65535,255,2210,9963,0,0,0
735347,65535,255,4428,9592,0,0,0
735348,65535,255,5507,-6986,0,0,0
735349,65535,255,3962,-7285,0,0,0
735350,65535,255,1622,-7593,0,0,1
735351,65535,255,1287,10062,0,0,1
735352,65535,255,3784,9728,0,0,1
735353,65535,255,5469,9402,0,0,0
735354,65535,255,4552,-7204,0,0,0
735355,65535,255,2494,-7479,0,0,1
735356,65535,255,314,10749,0,0,1
735357,65535,255,3049,9800,0,0,0
735358,19,0,4987,9526,1,0,1
735359,65535,255,5064,-7086,0,0,1
735360,13,2,3280,-7443,1,0,1
735361,22,0,667,-7881,1,0,1
735362,65535,255,2215,9949,0,0,0
735363,65535,255,4434,9598,0,0,0
735364,65535,255,5504,-7001,0,0,0
735365,65535,255,3959,-7303,0,0,0
735366,65535,255,1617,-7775,0,0,0
735367,9,0,1298,9933,1,0,1
735368,20,0,3792,9712,1,0,1
735369,20,0,5474,9401,1,0,1
735370,65535,255,4549,-7217,0,0,0
735371,20,0,2489,-7544,1,0,1
735372,65535,255,330,9818,0,0,0
735373,65535,255,3058,9880,0,0,0
735374,65535,255,4996,9507,0,0,0
735375,65535,255,6261,9208,0,0,1
735376,65535,255,3267,-7454,0,0,0
735377,65535,255,657,-8084,0,0,0
735378,0,0,0,0,0,0,0
735379,65535,255,4444,9653,0,0,0
735380,65535,255,5898,9309,0,0,0
735381,65535,255,3944,-7283,0,0,1
735382,65535,255,1601,-7758,0,0,0
735383,65535,255,1321,9982,0,0,0
735384,65535,255,3808,9741,0,0,1
735385,65535,255,5482,9431,0,0,1
735386,65535,255,6589,9108,0,0,1
735387,65535,255,2469,-7482,0,0,1
735388,65535,255,354,9648,0,0,0
735389,18,0,3077,9889,1,0,1
735390,21,0,5008,9511,1,0,1
735391,65535,255,6269,9221,0,0,0
735392,65535,255,-32768,-32768,0,65535,1
735393,65535,255,627,-7630,0,0,0
735394,20,0,2252,9930,1,0,0
735395,65535,255,4461,9619,0,0,0
735396,0,0,0,0,0,0,0
735397,65535,255,6882,9008,0,0,0
735398,25,0,1568,-7765,1,0,1
735399,65535,255,1349,10006,0,0,0
735400,16,0,3825,9769,1,0,1
735401,64,0,5498,9381,1,0,1
735402,44,2,6599,9077,1,0,1
735403,65535,255,-32768,-32768,0,65535,1
735404,14,0,382,10463,1,0,0
735405,65535,255,3104,9834,0,0,1
735406,65535,255,5026,9491,0,0,1
735407,65535,255,6280,9210,0,0,0
735408,65535,255,-32768,-32768,0,65535,1
735409,65535,255,592,-7569,0,0,0
735410,65535,255,2284,9954,0,0,0
735411,65535,255,4482,9634,0,0,0
735412,65535,255,5921,9310,0,0,1
735413,65535,255,6891,8979,0,0,0
735414,65535,255,1534,-7580,0,0,0
735415,65535,255,1384,9834,0,0,0
735416,65535,255,3853,9725,0,0,1
735417,65535,255,5511,9433,0,0,0
735418,65535,255,6610,9066,0,0,0
735419,65535,255,2405,-7567,0,0,1
735420,14,0,423,10427,1,0,1
735421,65535,255,3136,9849,0,0,0
735422,49,0,5045,9503,1,0,1
735423,65535,255,6294,9167,0,0,0
735424,65535,255,3186,-7389,0,0,0
735425,65535,255,552,-7978,0,0,0
735426,65535,255,2321,9852,0,0,0
735427,65535,255,4506,9598,0,0,0
735428,65535,255,5938,9289,0,0,0
735429,65535,255,3869,-7286,0,0,0
735430,12,0,1491,-7516,1,0,1
735431,47,0,1425,10032,1,0,1
735432,19,0,3881,9659,1,0,1
735433,65535,255,5529,9392,0,0,0
735434,65535,255,4472,-7225,0,0,0
735435,58,0,2381,-7611,1,0,1
735436,65535,255,447,10637,0,0,0
735437,65535,255,3145,9868,0,0,0
735438,65535,255,5051,9512,0,0,0
735439,65535,255,5001,-7103,0,0,1
735440,65535,255,3182,-7379,0,0,0
735441,65535,255,551,-7859,0,0,0
735442,65535,255,2316,9854,0,0,0
735443,65535,255,4499,9575,0,0,1
735444,65535,255,5455,-7008,0,0,0
735445,65535,255,3884,-7360,0,0,1
735446,65535,255,1518,-7730,0,0,0
735447,65535,255,1394,10026,0,0,1
735448,65535,255,3861,9662,0,0,0
735449,0,0,0,0,0,0,0
735450,65535,255,4492,-7246,0,0,0
735451,56,0,2405,-7462,1,0,1
735452,8,0,417,9877,1,0,1
735453,134,0,3127,9792,1,0,1
735454,65535,255,5036,9478,0,0,0
735455,0,0,0,0,0,0,0
735456,12,0,3209,-7482,1,0,1
735457,8,0,580,-7681,1,0,1
735458,65535,255,2290,9997,0,0,0
735459,0,0,0,0,0,0,0
735460,65535,255,5467,-7014,0,0,0
735461,15,0,3906,-7371,1,0,1
735462,223,0,1540,-7792,1,0,1
735463,129,0,1372,10125,1,0,1
735464,65535,255,3845,9712,0,0,0
735465,65535,255,5503,9431,0,0,0
735466,65535,255,4508,-7199,0,0,1
735467,65535,255,2430,-7603,0,0,1
735468,65535,255,396,9531,0,0,1
735469,65535,255,3109,9765,0,0,0
735470,65535,255,5025,9501,0,0,1
735471,65535,255,5027,-7076,0,0,1
735472,65535,255,3222,-7355,0,0,0
735473,65535,255,604,-7901,0,0,0
735474,65535,255,2274,9857,0,0,1
735475,65535,255,4472,9617,0,0,0
735476,65535,255,5477,-6980,0,0,0
735477,65535,255,3918,-7339,0,0,0
735478,65535,255,1557,-7725,0,0,0
735479,65535,255,1355,10079,0,0,0
735480,65535,255,3832,9706,0,0,0
735481,15,0,5497,9438,1,0,1
735482,65535,255,4518,-7216,0,0,0
735483,114,0,2439,-7446,1,0,1
735484,31,0,382,10031,1,0,1
735485,65535,255,3095,9836,0,0,0
735486,17,0,5020,9514,1,0,1
735487,65535,255,5035,-7128,0,0,0
735488,17,0,3236,-7468,1,0,1
735489,65535,255,609,-7789,0,0,0
735490,65535,255,2268,9844,0,0,0
735491,40,0,4468,9618,1,0,1
735492,17,0,5481,-6992,1,0,1
735493,65535,255,3925,-7360,0,0,0
735494,65535,255,1562,-7493,0,0,1
735495,65535,255,1350,9858,0,0,1
735496,65535,255,3829,9762,0,0,1
735497,65535,255,5497,9410,0,0,1
735498,65535,255,4522,-7190,0,0,0
735499,65535,255,2449,-7613,0,0,0
735500,65535,255,376,9851,0,0,1
735501,65535,255,3095,9836,0,0,1
735502,65535,255,5017,9526,0,0,1
735503,65535,255,5036,-7068,0,0,0
735504,65535,255,3235,-7372,0,0,1
735505,65535,255,611,-7300,0,0,1
735506,65535,255,2263,9973,0,0,1
735507,26,0,4468,9587,1,0,1
735508,65535,255,5479,-6974,0,0,0
735509,11,0,3925,-7345,1,0,1
735510,12,0,1562,-7492,1,0,1
735511,65535,255,1349,9883,0,0,0
735512,65535,255,3829,9668,0,0,0
735513,65535,255,5497,9433,0,0,0
735514,65535,255,4518,-7234,0,0,0
735515,9,0,2444,-7522,1,0,1
735516,65535,255,383,9661,0,0,0
735517,11,0,3096,9797,1,0,1
735518,71,0,5020,9515,1,0,1
735519,450,0,5030,-7069,1,0,1
735520,65535,255,3226,-7392,0,0,0
735521,9,0,604,-7517,1,0,1
735522,65535,255,2274,9829,0,0,1
735523,65535,255,4468,9637,0,0,1
735524,65535,255,5477,-7020,0,0,0
735525,65535,255,3914,-7323,0,0,0
735526,65535,255,1557,-7787,0,0,1
735527,65535,255,1361,9908,0,0,1
735528,65535,255,3837,9698,0,0,0
735529,65535,255,5503,9386,0,0,1
735530,65535,255,4508,-7185,0,0,1
735531,65535,255,2425,-7446,0,0,1
735532,65535,255,394,10537,0,0,1
735533,65535,255,3109,9795,0,0,1
735534,65535,255,5027,9524,0,0,0
735535,65535,255,5021,-7092,0,0,1
735536,65535,255,3213,-7460,0,0,0
735537,0,0,0,0,0,0,0
735538,17,0,2290,9998,1,0,1
735539,0,0,0,0,0,0,0
735540,25,0,5465,-7027,1,0,1
735541,20,0,3896,-7355,1,0,1
735542,10,0,1529,-7598,1,0,1
735543,65535,255,1383,10126,0,0,0
735544,38,0,3858,9665,1,0,0
735545,65535,255,5514,9379,0,0,0
735546,65535,255,4489,-7195,0,0,0
735547,14,0,2400,-7500,1,0,1
735548,65535,255,429,9807,0,0,0
735549,65535,255,3136,9786,0,0,0
735550,0,0,0,0,0,0,0
735551,13,0,5003,-7096,1,0,1
735552,65535,255,3187,-7493,0,0,0
735553,65535,255,546,-7498,0,0,1
735554,65535,255,2321,9910,0,0,0
735555,65535,255,4506,9613,0,0,0
735556,65535,255,5447,-7031,0,0,0
735557,65535,255,3868,-7365,0,0,1
735558,65535,255,1491,-7515,0,0,1
735559,65535,255,1417,10025,0,0,0
735560,65535,255,3873,9748,0,0,0
735561,65535,255,5524,9427,0,0,0
735562,65535,255,4479,-7246,0,0,1
735563,65535,255,2391,-7620,0,0,1
735564,65535,255,435,10418,0,0,0
735565,0,0,0,0,0,0,0
735566,65535,255,5045,9543,0,0,0
735567,65535,255,5003,-7117,0,0,0
735568,11,0,3191,-7366,1,0,1
735569,65535,255,557,-7620,0,0,0
735570,65535,255,2305,9926,0,0,0
735571,65535,255,4492,9609,0,0,0
735572,40,0,5457,-7019,1,0,1
735573,65535,255,3892,-7349,0,0,0
735574,65535,255,1523,-7641,0,0,0
735575,65535,255,1389,9860,0,0,0
735576,65535,255,3853,9712,0,0,0
735577,65535,255,5510,9417,0,0,0
735578,65535,255,4499,-7255,0,0,0
735579,12,0,2415,-7458,1,0,1
735580,65535,255,413,9633,0,0,1
735581,65535,255,3120,9830,0,0,1
735582,0,0,0,0,0,0,0
735583,65535,255,5018,-7113,0,0,0
735584,65535,255,3209,-7393,0,0,0
735585,65535,255,587,-7961,0,0,0
735586,65535,255,2290,9829,0,0,0
735587,65535,255,4482,9586,0,0,0
735588,65535,255,5470,-7016,0,0,0
735589,65535,255,3907,-7375,0,0,0
735590,0,0,0,0,0,0,0
735591,0,0,0,0,0,0,0
735592,65535,255,3845,9691,0,0,0
735593,65535,255,5505,9415,0,0,1
735594,65535,255,4505,-7172,0,0,0
735595,65535,255,2429,-7535,0,0,1
735596,12,0,394,10369,1,0,1
735597,0,0,0,0,0,0,0
735598,9,0,5027,9515,1,0,1
735599,65535,255,5024,-7118,0,0,0
735600,12,0,3218,-7430,1,0,1
735601,65535,255,592,-7400,0,0,0
735602,65535,255,2284,9943,0,0,0
735603,65535,255,4478,9650,0,0,0
735604,65535,255,5471,-7006,0,0,0
735605,65535,255,3910,-7375,0,0,0
735606,65535,255,1546,-7470,0,0,0
735607,65535,255,1366,10202,0,0,0
735608,65535,255,3840,9739,0,0,0
735609,65535,255,5505,9387,0,0,0
735610,65535,255,4508,-7246,0,0,0
735611,65535,255,2424,-7510,0,0,0
735612,65535,255,399,10450,0,0,1
735613,65535,255,3113,9895,0,0,0
735614,65535,255,5029,9547,0,0,1
735615,65535,255,5021,-7080,0,0,0
735616,65535,255,3213,-7382,0,0,1
735617,65535,255,587,-7355,0,0,0
735618,65535,255,2289,9943,0,0,0
735619,65535,255,4484,9588,0,0,0
735620,65535,255,5469,-7025,0,0,0
735621,65535,255,3902,-7287,0,0,0
735622,65535,255,1535,-7512,0,0,0
735623,65535,255,1372,10176,0,0,0
735624,65535,255,3849,9707,0,0,0
735625,40,0,5507,9428,1,0,1
735626,65535,255,4505,-7184,0,0,0
735627,15,0,2425,-7548,1,0,1
735628,65535,255,400,10448,0,0,0
735629,10,0,3113,9866,1,0,1
735630,0,0,0,0,0,0,0
735631,0,0,0,0,0,0,0
735632,0,0,0,0,0,0,0
735633,0,0,0,0,0,0,0
735634,39,0,2289,9929,3,0,0
735635,0,0,0,0,0,0,0
735636,65535,255,5469,-7016,0,0,0
735637,65535,255,3903,-7271,0,0,0
735638,24,0,1540,-7511,3,0,0
735639,65535,255,1378,9861,0,0,0
735640,65535,255,3845,9754,0,0,0
735641,65535,255,5508,9392,0,0,0
735642,65535,255,4505,-7252,0,0,0
735643,0,0,0,0,0,0,0
735644,65535,255,406,10527,0,0,0
735645,65535,255,3118,9885,0,0,0
735646,65535,255,5032,9547,0,0,0
735647,65535,255,5015,-7081,0,0,0
735648,65535,255,3204,-7383,0,0,0
735649,65535,255,577,-7489,0,0,0
735650,65535,255,2294,9942,0,0,0
735651,0,0,0,0,0,0,0
735652,65535,255,5462,-7031,0,0,0
735653,65535,255,3895,-7310,0,0,0
735654,65535,255,1529,-7704,0,0,0
735655,65535,255,1389,10126,0,0,0
735656,37,0,3857,9736,3,0,0
735657,55,0,5516,9399,3,0,0
735658,25,0,4488,-7186,3,0,0
735659,17,0,2405,-7629,3,0,0
735660,65535,255,428,10120,0,0,0
735661,0,0,0,0,0,0,0
735662,20,0,5045,9479,3,0,0
735663,65535,255,5004,-7116,0,0,0
735664,20,0,3187,-7481,3,0,0
735665,65535,255,553,-8156,0,0,0
735666,65535,255,2321,9996,0,0,0
735667,65535,255,4502,9615,0,0,0
735668,65535,255,5448,-7011,0,0,0
735669,65535,255,3873,-7312,0,0,0
735670,0,0,0,0,0,0,0
735671,65535,255,1417,9980,0,0,0
735672,65535,255,3873,9672,0,0,0
735673,65535,255,5524,9411,0,0,0
735674,65535,255,4479,-7175,0,0,1
735675,65535,255,2395,-7552,0,0,0
735676,65535,255,430,10656,0,0,1
735677,65535,255,3136,9755,0,0,1
735678,0,0,0,0,0,0,0
735679,65535,255,5009,-7081,0,0,0
735680,65535,255,3200,-7382,0,0,0
735681,65535,255,576,-7706,0,0,0
735682,65535,255,2289,9944,0,0,1
735683,14,0,4482,9575,1,0,1
735684,65535,255,5468,-7028,0,0,0
735685,14,0,3903,-7315,1,0,1
735686,65535,255,1546,-7702,0,0,0
735687,18,0,1366,10155,1,0,0
735688,65535,255,3837,9748,0,0,0
735689,65535,255,5500,9408,0,0,0
735690,13,0,4509,-7194,1,0,1
735691,13,0,2435,-7442,1,0,1
735692,13,0,382,10293,1,0,1
735693,65535,255,3099,9758,0,0,0
735694,65535,255,5018,9491,0,0,0
735695,14,0,5033,-7124,1,0,1
735696,65535,255,3231,-7350,0,0,0
735697,65535,255,616,-7355,0,0,0
735698,65535,255,2258,10020,0,0,1
735699,65535,255,4458,9629,0,0,1
735700,65535,255,5482,-7015,0,0,0
735701,65535,255,3929,-7318,0,0,1
735702,65535,255,1573,-7469,0,0,0
735703,65535,255,1332,9961,0,0,1
735704,65535,255,3817,9720,0,0,0
735705,65535,255,5488,9407,0,0,0
735706,65535,255,4529,-7216,0,0,1
735707,65535,255,2459,-7530,0,0,1
735708,65535,255,354,9841,0,0,1
735709,65535,255,3073,9894,0,0,0
735710,65535,255,5006,9504,0,0,1
735711,65535,255,5045,-7074,0,0,0
735712,65535,255,3254,-7451,0,0,0
735713,15,0,639,-8092,1,0,1
735714,15,0,2241,9859,1,0,1
735715,65535,255,4448,9663,0,0,0
735716,65535,255,5492,-6985,0,0,0
735717,24,0,3940,-7301,1,0,1
735718,99,0,1589,-7489,1,0,0
735719,65535,255,1321,10063,0,0,0
735720,65535,255,3804,9777,0,0,0
735721,65535,255,5483,9385,0,0,0
735722,35,0,4535,-7202,1,0,1
735723,23,2,2474,-7553,1,0,1
735724,65535,255,341,10216,0,0,0
735725,16,2,3068,9803,1,0,0
735726,21,0,4999,9555,1,0,1
735727,65535,255,5047,-7058,0,0,0
735728,65535,255,3258,-7441,0,0,0
735729,0,0,0,0,0,0,0
735730,65535,255,2237,9879,0,0,0
735731,65535,255,4448,9607,0,0,1
735732,65535,255,5899,9288,0,0,0
735733,65535,255,3940,-7264,0,0,0
735734,65535,255,1594,-7714,0,0,0
735735,65535,255,1321,10088,0,0,0
735736,65535,255,3808,9683,0,0,0
735737,65535,255,5482,9408,0,0,0
735738,65535,255,6587,9103,0,0,1
735739,65535,255,2469,-7490,0,0,1
735740,65535,255,347,10027,0,0,0
735741,65535,255,3073,9813,0,0,0
735742,65535,255,5005,9489,0,0,0
735743,65535,255,6265,9216,0,0,0
735744,197,0,3249,-7367,1,0,1
735745,65535,255,638,-7885,0,0,0
735746,65535,255,2242,9834,0,0,0
735747,0,0,0,0,0,0,0
735748,22,0,5903,9291,1,0,1
735749,65535,255,6878,8988,0,0,1
735750,14,0,1583,-7550,1,0,1
735751,18,0,1333,9862,1,0,1
735752,13,0,3812,9745,1,0,1
735753,27,0,5487,9384,1,0,1
735754,65535,255,6591,9091,0,0,0
735755,65535,255,-32768,-32768,0,65535,1
735756,65535,255,359,10029,0,0,0
735757,11,0,3082,9822,1,0,1
735758,21,0,5011,9504,1,0,1
735759,65535,255,6270,9204,0,0,1
735760,65535,255,-32768,-32768,0,65535,1
735761,0,0,0,0,0,0,0
735762,0,0,0,0,0,0,0
735763,65535,255,4461,9661,0,0,0
735764,65535,255,5909,9297,0,0,0
735765,65535,255,6883,9012,0,0,1
735766,65535,255,-32768,-32768,0,65535,0
735767,65535,255,1350,9886,0,0,0
735768,65535,255,3825,9766,0,0,0
735769,0,0,0,0,0,0,0
735770,26,0,6597,9106,1,0,1
735771,65535,255,-32768,-32768,0,65535,1
735772,65535,255,384,10330,0,0,0
735773,13,0,3100,9770,1,0,1
735774,65535,255,5024,9480,0,0,0
735775,27,0,6279,9219,1,0,0
735776,65535,255,-32768,-32768,0,65535,1
735777,28,0,592,-7396,1,0,1
735778,11,0,2279,9975,1,0,1
735779,55,0,4479,9577,1,0,1
735780,27,0,5918,9292,1,0,1
735781,65535,255,6888,8980,0,0,0
735782,23,0,1540,-7553,1,0,1
735783,65535,255,1366,10107,0,0,0
735784,65535,255,3841,9722,0,0,0
735785,65535,255,5503,9383,0,0,0
735786,28,0,6601,9115,1,0,1
735787,65535,255,2425,-7494,0,0,0
735788,12,0,395,9699,1,0,1
735789,11,0,3105,9878,1,0,1
735790,40,0,5026,9501,1,0,1
735791,65535,255,6280,9211,0,0,0
735792,7,0,3218,-7456,1,0,1
735793,65535,255,593,-7286,0,0,0
735794,65535,255,2279,9847,0,0,0
735795,65535,255,4476,9577,0,0,0
735796,65535,255,5915,9325,0,0,0
735797,65535,255,3910,-7320,0,0,0
735798,258,2,1545,-7552,1,0,1
735799,65535,255,1360,10131,0,0,0
735800,65535,255,3837,9679,0,0,0
735801,65535,255,5501,9395,0,0,0
735802,24,0,4509,-7225,1,0,1
735803,274,2,2430,-7585,1,0,1
735804,65535,255,388,10459,0,0,0
735805,13,0,3105,9829,1,0,1
735806,65535,255,5024,9479,0,0,0
735807,65535,255,5024,-7061,0,0,0
735808,65535,255,3218,-7436,0,0,0
735809,23,0,599,-8119,1,0,1
735810,65535,255,2279,9847,0,0,0
735811,29,0,4465,9652,1,0,1
735812,65535,255,5472,-7001,0,0,0
735813,65535,255,3907,-7331,0,0,0
735814,65535,255,1534,-7619,0,0,0
735815,65535,255,1389,9885,0,0,0
735816,36,0,3861,9735,1,0,1
735817,65535,255,5518,9432,0,0,0
735818,27,0,4481,-7208,1,0,1
735819,0,0,0,0,0,0,0
735820,12,0,454,9647,1,0,1
735821,6,0,3149,9830,1,0,1
735822,9,0,5054,9471,1,0,1
735823,65535,255,4997,-7118,0,0,0
735824,65535,255,3177,-7358,0,0,0
735825,6,0,546,-7496,1,0,1
735826,23,0,2321,9883,1,0,0
735827,65535,255,4502,9583,0,0,0
735828,65535,255,5452,-6992,0,0,0
735829,392,2,3880,-7298,1,0,1
735830,26,0,1513,-7773,1,0,1
735831,11,0,1400,9979,1,0,1
735832,65535,255,3861,9735,0,0,0
735833,65535,255,5516,9421,0,0,0
735834,65535,255,4492,-7243,0,0,0
735835,65535,255,2405,-7617,0,0,0
735836,18,0,423,10429,1,0,1
735837,21,0,3131,9813,1,0,1
735838,25,0,5039,9517,1,0,1
735839,33,0,5015,-7125,1,0,1
735840,221,0,3199,-7384,1,0,1
735841,12,0,574,-7793,1,0,1
735842,65535,255,2295,9970,0,0,0
735843,65535,255,4488,9630,0,0,0
735844,42,0,5464,-6968,1,0,1
735845,65535,255,3902,-7365,0,0,0
735846,201,0,1534,-7704,1,0,1
735847,11,0,1378,9933,1,0,1
735848,65535,255,3849,9737,0,0,0
735849,65535,255,5507,9433,0,0,0
735850,96,2,4501,-7172,1,0,1
735851,648,2,2420,-7484,1,0,1
735852,35,0,400,9786,1,0,0
735853,65535,255,3100,9804,0,0,0
735854,22,0,5023,9523,1,0,1
735855,65535,255,5029,-7082,0,0,0
735856,540,2,3226,-7423,1,0,1
735857,11,0,603,-7736,1,0,1
735858,0,0,0,0,0,0,0
735859,13,0,4472,9578,1,0,1
735860,34,0,5476,-6981,1,0,1
735861,13,0,3917,-7266,1,0,1
735862,65535,255,1556,-7663,0,0,0
735863,65535,255,1355,10176,0,0,0
735864,65535,255,3837,9665,0,0,0
735865,16,0,5501,9400,1,0,1
735866,22,0,4511,-7174,1,0,1
735867,65535,255,2435,-7459,0,0,0
735868,0,0,0,0,0,0,0
735869,11,0,3104,9853,1,0,1
735870,65535,255,5027,9479,0,0,0
735871,65535,255,5029,-7131,0,0,0
735872,65535,255,3222,-7481,0,0,0
735873,65535,255,598,-7407,0,0,0
735874,65535,255,2274,9884,0,0,0
735875,84,0,4471,9591,1,0,1
735876,65535,255,5479,-7008,0,0,0
735877,20,0,3925,-7339,1,0,1
735878,17,0,1567,-7619,1,0,1
735879,23,0,1344,9856,1,0,1
735880,65535,255,3820,9715,0,0,0
735881,0,0,0,0,0,0,0
735882,307,2,4525,-7190,1,0,1
735883,65535,255,2459,-7521,0,0,0
735884,27,0,353,10116,1,0,0
735885,12,2,3077,9807,1,0,1
735886,65535,255,5006,9478,0,0,0
735887,65535,255,5047,-7068,0,0,0
735888,65535,255,3271,-7479,0,0,0
735889,65535,255,656,-7538,0,0,0
735890,31,0,2231,9926,1,0,0
735891,65535,255,4445,9622,0,0,0
735892,65535,255,5495,-6978,0,0,0
735893,65535,255,3940,-7305,0,0,0
735894,65535,255,1584,-7541,0,0,0
735895,65535,255,1326,10174,0,0,0
735896,65535,255,3817,9717,0,0,0
735897,16,0,5490,9428,1,0,1
735898,33,0,4523,-7203,1,0,1
735899,65535,255,2450,-7581,0,0,0
735900,65535,255,378,10727,0,0,0
735901,65535,255,3100,9827,0,0,0
735902,22,0,5023,9534,1,0,1
735903,26,0,5027,-7082,1,0,1
735904,0,0,0,0,0,0,0
735905,65535,255,599,-7358,0,0,0
735906,18,0,2274,9864,1,0,1
735907,65535,255,4471,9586,0,0,0
735908,65535,255,5478,-7013,0,0,0
735909,65535,255,3918,-7352,0,0,0
735910,65535,255,1556,-7647,0,0,0
735911,65535,255,1355,9901,0,0,0
735912,65535,255,3829,9732,0,0,0
735913,37,0,5495,9436,1,0,0
735914,20,0,4516,-7191,1,0,1
735915,0,0,0,0,0,0,0
735916,9,0,359,10383,1,0,1
735917,65535,255,3082,9857,0,0,0
735918,40,0,5009,9516,1,0,1
735919,16,0,5046,-7120,1,0,1
735920,0,0,0,0,0,0,0
735921,26,2,639,-7484,1,0,0
735922,11,0,2237,9965,1,0,1
735923,65535,255,4448,9566,0,0,0
735924,18,0,5495,-7023,1,0,1
735925,13,0,3944,-7286,1,0,1
735926,65535,255,1595,-7585,0,0,0
735927,65535,255,1316,9922,0,0,0
735928,65535,255,3801,9660,0,0,0
735929,0,0,0,0,0,0,0
735930,117,0,4543,-7203,1,0,0
735931,120,0,2484,-7631,1,0,0
735932,19,0,330,9904,1,0,0
735933,65535,255,3059,9851,0,0,0
735934,65535,255,4994,9530,0,0,0
735935,65535,255,5056,-7081,0,0,0
735936,65535,255,3267,-7398,0,0,0
735937,14,0,662,-7492,1,0,1
735938,19,0,2221,9964,1,0,1
735939,65535,255,4435,9613,0,0,0
735940,65535,255,5502,-7006,0,0,0
735941,65535,255,3955,-7284,0,0,0
735942,0,0,0,0,0,0,0
735943,65535,255,1299,10128,0,0,1
735944,103,2,3793,9725,1,0,0
735945,29,0,5473,9396,1,0,1
735946,65535,255,4549,-7201,0,0,0
735947,13,0,2488,-7477,1,0,1
735948,65535,255,320,10729,0,0,0
735949,20,0,3054,9800,1,0,1
735950,65535,255,4991,9526,0,0,0
735951,65535,255,5062,-7096,0,0,0
735952,48,0,3276,-7462,1,0,0
735953,11,0,668,-8040,1,0,1
735954,65535,255,2216,10012,0,0,0
735955,65535,255,4434,9633,0,0,0
735956,65535,255,5502,-6978,0,0,0
735957,65535,255,3955,-7365,0,0,0
735958,0,0,0,0,0,0,0
735959,15,0,1305,9821,1,0,0
735960,65535,255,3796,9693,0,0,0
735961,65535,255,5477,9400,0,0,0
735962,65535,255,4546,-7233,0,0,0
735963,13,0,2484,-7592,1,0,1
735964,10,0,330,10409,1,0,1
735965,65535,255,3063,9810,0,0,0
735966,17,0,4999,9470,1,0,1
735967,0,0,0,0,0,0,0
735968,0,0,0,0,0,0,0
735969,108,2,651,-8048,1,0,0
735970,65535,255,2237,9821,0,0,0
735971,65535,255,4451,9573,0,0,0
735972,65535,255,5494,-7009,0,0,0
735973,65535,255,3944,-7344,0,0,0
735974,39,0,1589,-7626,3,0,0
735975,28,0,1327,9872,3,0,0
735976,65535,255,3816,9730,0,0,0
735977,65535,255,5487,9435,0,0,0
735978,65535,255,4532,-7199,0,0,0
735979,65535,255,2459,-7557,0,0,0
735980,19,0,359,10385,1,0,0
735981,19,0,3086,9847,1,0,0
735982,47,0,5017,9500,1,0,0
735983,41,0,5038,-7105,1,0,1
735984,65535,255,3235,-7382,0,0,0
735985,65535,255,615,-7960,0,0,0
735986,65535,255,2269,9834,0,0,0
735987,65535,255,4471,9589,0,0,0
735988,65535,255,5479,-7031,0,0,0
735989,65535,255,3918,-7282,0,0,0
735990,65535,255,1551,-7503,0,0,0
735991,65535,255,1361,10167,0,0,0
735992,65535,255,3840,9719,0,0,0
735993,33,0,5508,9361,3,0,0
735994,65535,255,4508,-7215,0,0,0
735995,38,0,2425,-7613,3,0,0
735996,15,0,407,9618,3,0,0
735997,0,0,0,0,0,0,0
735998,42,0,5039,9469,3,0,0
735999,65535,255,5017,-7083,0,0,0
736000,65535,255,3204,-7425,0,0,0
736001,65535,255,570,-7282,0,0,0
736002,107,2,2300,9901,3,0,0
736003,0,0,0,0,0,0,0
736004,65535,255,5466,-6983,0,0,0
736005,65535,255,3902,-7322,0,0,0
736006,28,0,1540,-7652,1,0,0
736007,62,0,1377,9970,3,0,0
736008,34,0,3849,9663,3,0,0
736009,65,0,5507,9407,3,0,0
736010,65535,255,4508,-7259,0,0,0
736011,32,0,2429,-7547,3,0,0
736012,65535,255,394,10527,0,0,0
736013,28,0,3110,9830,3,0,0
736014,65535,255,5029,9536,0,0,0
736015,65535,255,5027,-7151,0,0,0
736016,35,0,3222,-7498,3,0,0
736017,65535,255,597,-7857,0,0,0
736018,65535,255,2279,9861,0,0,0
736019,35,0,4475,9620,3,0,0
736020,65535,255,5477,-6990,0,0,0
736021,65535,255,3917,-7356,0,0,0
736022,41,0,1557,-7797,3,0,0
736023,32,0,1356,10103,1,0,0
736024,51,0,3833,9743,1,0,0
736025,65535,255,5500,9395,0,0,0
736026,25,0,4515,-7243,3,0,0
736027,0,0,0,0,0,0,0
736028,0,0,0,0,0,0,0
736029,20,0,3100,9797,3,0,0
736030,10,0,5021,9505,3,0,0
736031,65535,255,5033,-7127,0,0,0
736032,556,2,3226,-7487,3,0,0
736033,266,2,603,-7910,3,0,0
736034,65535,255,2269,9905,0,0,0
736035,86,2,4470,9585,3,0,0
736036,65535,255,5477,-7030,0,0,0
736037,0,0,0,0,0,0,0
736038,15,0,1562,-7732,3,0,0
736039,39,0,1355,10193,3,0,0
736040,0,0,0,0,0,0,0
736041,25,0,5498,9414,3,0,0
736042,21,0,4515,-7219,3,0,0
736043,53,0,2434,-7493,1,0,0
736044,65535,255,383,10627,0,0,0
736045,72,2,3105,9786,3,0,0
736046,87,2,5024,9509,3,0,0
736047,46,0,5030,-7149,1,0,0
736048,21,0,3222,-7392,1,0,0
736049,65535,255,598,-7523,0,0,0
736050,65535,255,2279,9833,0,0,0
736051,65535,255,4472,9639,0,0,0
736052,50,0,5475,-7031,1,0,1
736053,65535,255,3910,-7341,0,0,0
736054,16,0,1546,-7524,1,0,1
736055,65535,255,1366,9996,0,0,0
736056,65535,255,3841,9727,0,0,0
736057,0,0,0,0,0,0,0
736058,65535,255,4505,-7227,0,0,0
736059,8,0,2425,-7547,1,0,1
736060,18,0,400,9859,1,0,1
736061,0,0,0,0,0,0,0
736062,0,0,0,0,0,0,0
736063,65535,255,5021,-7151,0,0,0
736064,65535,255,3209,-7423,0,0,0
736065,10,0,580,-7860,1,0,1
736066,34,0,2295,9959,1,0,1
736067,15,0,4486,9619,1,0,1
736068,46,2,5465,-7028,1,0,1
736069,68,0,3895,-7359,1,0,1
736070,14,0,1523,-7631,1,0,1
736071,65535,255,1391,10032,0,0,0
736072,16,0,3861,9686,1,0,1
736073,34,0,5518,9396,1,0,1
736074,0,0,0,0,0,0,0
736075,65535,255,2400,-7589,0,0,0
736076,65535,255,434,10334,0,0,0
736077,65535,255,3141,9821,0,0,0
736078,65535,255,5051,9478,0,0,0
736079,18,0,5006,-7154,1,0,1
736080,70,0,3181,-7455,1,0,1
736081,65535,255,541,-7319,0,0,0
736082,23,0,2331,9885,1,0,1
736083,27,0,4512,9602,1,0,1
736084,25,0,5449,-7033,1,0,1
736085,65535,255,3872,-7301,0,0,0
736086,65535,255,1496,-7809,0,0,0
736087,65535,255,1417,9992,0,0,0
736088,19,0,3877,9745,1,0,1
736089,65535,255,5525,9417,0,0,0
736090,65535,255,4484,-7256,0,0,0
736091,14,0,2395,-7643,1,0,1
736092,10,2,435,10563,1,0,1
736093,65535,255,3140,9831,0,0,0
736094,65535,255,5047,9479,0,0,0
736095,25,0,5011,-7142,1,0,1
736096,65535,255,3195,-7425,0,0,0
736097,65535,255,563,-7983,0,0,0
736098,29,0,2311,9803,1,0,1
736099,65535,255,4495,9561,0,0,0
736100,65535,255,5930,9317,0,0,0
736101,65535,255,3899,-7313,0,0,0
736102,14,0,1528,-7544,1,0,1
736103,65535,255,1383,10164,0,0,0
736104,22,0,3853,9695,1,0,1
736105,65535,255,5513,9407,0,0,0
736106,65535,255,6609,9097,0,0,0
736107,14,0,2420,-7456,1,0,1
736108,18,0,407,9698,1,0,1
736109,65535,255,3118,9745,0,0,0
736110,51,0,5032,9530,1,0,1
736111,65535,255,6286,9182,0,0,0
736112,64,2,3217,-7412,1,0,0
736113,23,0,592,-8023,1,0,1
736114,14,0,2284,9848,1,0,1
736115,65535,255,4478,9589,0,0,0
736116,65535,255,5921,9283,0,0,0
736117,0,0,0,0,0,0,0
736118,65535,255,1557,-7775,0,0,0
736119,65535,255,1360,10047,0,0,0
736120,65535,255,3841,9674,0,0,0
736121,65535,255,5502,9401,0,0,0
736122,45,0,6601,9096,1,0,1
736123,65535,255,-32768,-32768,0,65535,1
736124,65535,255,382,9933,0,0,0
736125,15,0,3100,9798,1,0,1
736126,65535,255,5023,9478,0,0,0
736127,65535,255,6277,9207,0,0,0
736128,65535,255,-32768,-32768,0,65535,1
736129,65535,255,609,-7798,0,0,0
736130,65535,255,2266,9882,0,0,0
736131,65535,255,4468,9585,0,0,0
736132,28,0,5912,9285,1,0,1
736133,65535,255,6885,8966,0,0,0
736134,65535,255,-32768,-32768,0,65535,0
736135,65535,255,1346,10048,0,0,0
736136,65535,255,3825,9730,0,0,0
736137,33,0,5495,9375,1,0,1
736138,59,0,6597,9081,1,0,1
736139,65535,255,-32768,-32768,0,65535,1
736140,16,0,371,9838,1,0,1
736141,65535,255,3091,9808,0,0,0
736142,65535,255,5015,9496,0,0,0
736143,65535,255,6274,9167,0,0,0
736144,65535,255,-32768,-32768,0,65535,1
736145,26,0,622,-7377,1,0,1
736146,65535,255,2258,9936,0,0,0
736147,32,0,4458,9650,1,0,1
736148,32,0,5908,9277,1,0,1
736149,65535,255,6881,8977,0,0,0
736150,19,0,1573,-7500,1,0,1
736151,32,0,1338,9899,1,0,1
736152,65535,255,3821,9747,0,0,0
736153,71,0,5491,9389,1,0,1
736154,65535,255,6592,9099,0,0,0
736155,38,0,2454,-7529,1,0,1
736156,14,0,359,10477,1,0,1
736157,27,0,3082,9863,1,0,1
736158,65535,255,5009,9516,0,0,0
736159,65535,255,6271,9205,0,0,0
736160,65535,255,3240,-7380,0,0,0
736161,65535,255,628,-8058,0,0,0
736162,15,0,2253,9923,1,0,1
736163,65535,255,4458,9649,0,0,0
736164,65,2,5906,9274,1,0,1
736165,65535,255,3929,-7285,0,0,0
736166,65535,255,1573,-7583,0,0,0
736167,11,0,1338,9949,1,0,1
736168,118,0,3821,9676,1,0,1
736169,23,0,5488,9422,1,0,1
736170,20,0,4526,-7216,1,0,1
736171,65535,255,2454,-7452,0,0,0
736172,65535,255,365,10106,0,0,0
736173,19,0,3083,9859,1,0,1
736174,65535,255,5009,9535,0,0,0
736175,53,0,5037,-7076,1,0,1
736176,83,0,3236,-7380,1,0,1
736177,32,0,620,-7933,1,0,0
736178,22,0,2258,9951,1,0,1
736179,43,0,4462,9573,1,0,1
736180,65535,255,5483,-7036,0,0,0
736181,15,0,3925,-7323,1,0,1
736182,12,0,1573,-7709,1,0,1
736183,14,0,1338,10149,1,0,1
736184,22,0,3821,9739,1,0,1
736185,65535,255,5493,9398,0,0,0
736186,65535,255,4519,-7186,0,0,0
736187,65535,255,2449,-7607,0,0,0
736188,65535,255,371,9840,0,0,0
736189,13,0,3092,9838,1,0,1
736190,31,0,5015,9528,1,0,1
736191,32,0,5033,-7077,1,0,1
736192,23,2,3231,-7399,1,0,1
736193,15,0,610,-7472,1,0,1
736194,25,0,2263,10007,1,0,1
736195,65535,255,4468,9610,0,0,0
736196,165,2,5477,-6996,1,0,1
736197,65535,255,3921,-7369,0,0,0
736198,65535,255,1556,-7585,0,0,0
736199,16,0,1355,10022,1,0,1
736200,65535,255,3833,9714,0,0,0
736201,65535,255,5501,9383,0,0,0
736202,83,0,4512,-7187,1,0,1
736203,13,2,2439,-7609,1,0,1
736204,10,2,388,9937,1,0,1
736205,65535,255,3105,9866,0,0,0
736206,65535,255,5026,9474,0,0,0
736207,65535,255,5027,-7105,0,0,0
736208,19,0,3222,-7449,1,0,1
736209,68,0,591,-7854,1,0,1
736210,199,2,2284,9905,1,0,1
736211,34,0,4479,9565,1,0,1
736212,27,0,5472,-6971,1,0,1
736213,16,0,3910,-7355,1,0,1
736214,22,0,1540,-7522,1,0,1
736215,19,0,1372,9996,1,0,1
736216,65535,255,3849,9712,0,0,0
736217,65535,255,5511,9390,0,0,0
736218,65535,255,4501,-7189,0,0,0
736219,31,0,2415,-7455,1,0,1
736220,65535,255,411,10430,0,0,0
736221,14,0,3127,9775,1,0,1
736222,21,0,5038,9508,1,0,1
736223,38,0,5017,-7151,1,0,1
736224,11,0,3204,-7393,1,0,1
736225,9,0,569,-7572,1,0,1
736226,15,0,2306,9861,1,0,1
736227,65535,255,4498,9556,0,0,0
736228,123,0,5461,-6993,1,0,1
736229,65535,255,3891,-7366,0,0,0
736230,8,0,1518,-7588,1,0,1
736231,11,0,1394,9970,1,0,1
736232,17,0,3860,9670,1,0,1
736233,0,0,0,0,0,0,0
736234,65535,255,4498,-7242,0,0,1
736235,30,0,2409,-7457,1,0,1
736236,65535,255,417,9866,0,0,0
736237,0,0,0,0,0,0,0
736238,65535,255,5038,9480,0,0,0
736239,65535,255,5020,-7082,0,0,0
736240,0,0,0,0,0,0,0
736241,65535,255,580,-7859,0,0,0
736242,65535,255,2295,9832,0,0,0
736243,13,0,4485,9600,1,0,1
736244,65535,255,5471,-7041,0,0,0
736245,14,0,3906,-7306,1,0,1
736246,65535,255,1540,-7609,0,0,0
736247,34,0,1378,9947,1,0,1
736248,18,0,3849,9649,1,0,1
736249,12,0,5508,9399,1,0,1
736250,65535,255,4508,-7264,0,0,0
736251,8,0,2429,-7534,1,0,1
736252,9,0,394,10442,1,0,1
736253,65535,255,3113,9884,0,0,0
736254,19,0,5029,9536,1,0,1
736255,493,0,5027,-7150,1,0,1
736256,12,0,3222,-7488,1,0,1
736257,23,0,592,-7857,1,0,1
736258,65535,255,2284,9847,0,0,0
736259,65535,255,4478,9614,0,0,0
736260,175,0,5474,-6990,1,0,1
736261,18,2,3914,-7356,1,0,1
736262,65535,255,1551,-7776,0,0,0
736263,9,2,1361,10169,1,0,1
736264,9,2,3841,9736,1,0,1
736265,65535,255,5505,9386,0,0,0
736266,65535,255,4511,-7257,0,0,0
736267,15,2,2434,-7545,1,0,1
736268,15,2,390,10540,1,0,1
736269,0,0,0,0,0,0,0
736270,24,2,5027,9488,1,0,1
736271,231,0,5026,-7111,1,0,1
736272,11,2,3222,-7440,1,0,1
736273,9,2,597,-7633,1,0,1
736274,65535,255,2277,9880,0,0,0
736275,20,2,4475,9565,1,0,0
736276,21,0,5477,-6997,1,0,1
736277,10,0,3917,-7332,1,0,1
736278,65535,255,1556,-7607,0,0,0
736279,23,2,1355,9850,1,0,0
736280,30,0,3833,9721,1,0,1
736281,65535,255,5495,9425,0,0,0
736282,65535,255,4515,-7181,0,0,0
736283,19,0,2444,-7530,1,0,1
736284,68,0,376,10110,1,0,1
736285,12,0,3092,9808,1,0,1
736286,12,0,5015,9480,1,0,1
736287,0,0,0,0,0,0,0
736288,65535,255,3235,-7495,0,0,0
736289,65535,255,620,-7688,0,0,0
736290,65535,255,2258,9993,0,0,0
736291,65535,255,4460,9602,0,0,0
736292,291,2,5483,-7004,1,0,1
736293,17,0,3929,-7352,1,0,1
736294,65535,255,1573,-7708,0,0,0
736295,412,2,1338,10025,1,0,0
736296,65535,255,3817,9669,0,0,0
736297,65535,255,5488,9404,0,0,0
736298,17,0,4528,-7241,1,0,1
736299,16,0,2459,-7516,1,0,1
736300,0,0,0,0,0,0,0
736301,65535,255,3078,9841,0,0,0
736302,65535,255,5006,9509,0,0,0
736303,25,0,5042,-7117,1,0,1
736304,60,0,3244,-7417,1,0,1
736305,65535,255,628,-7371,0,0,0
736306,65535,255,2248,9923,0,0,0
736307,65535,255,4452,9645,0,0,0
736308,65535,255,5488,-7002,0,0,0
736309,65535,255,3937,-7358,0,0,0
736310,65535,255,1584,-7768,0,0,0
736311,65535,255,1327,10126,0,0,0
736312,0,0,0,0,0,0,0
736313,65535,255,5484,9406,0,0,0
736314,209,0,4529,-7221,1,0,1
736315,65535,255,2459,-7438,0,0,0
736316,65535,255,354,9826,0,0,0
736317,65535,255,3078,9810,0,0,0
736318,65535,255,5006,9498,0,0,0
736319,65535,255,5045,-7117,0,0,0
736320,65535,255,3249,-7444,0,0,0
736321,65535,255,632,-7583,0,0,0
736322,65535,255,2242,10010,0,0,0
736323,65535,255,4452,9588,0,0,0
736324,0,0,0,0,0,0,0
736325,65535,255,3936,-7327,0,0,0
736326,65535,255,1583,-7706,0,0,0
736327,65535,255,1327,10101,0,0,0
736328,65535,255,3813,9717,0,0,0
736329,65535,255,5489,9377,0,0,0
736330,65535,255,4532,-7245,0,0,0
736331,65535,255,2459,-7515,0,0,0
736332,275,0,360,10568,1,0,1
736333,18,0,3083,9751,1,0,1
736334,214,0,5011,9477,1,0,1
736335,186,0,5042,-7102,1,0,1
736336,188,0,3244,-7426,1,0,1
736337,11,0,626,-7583,1,0,1
736338,65535,255,2253,9916,0,0,0
736339,0,0,0,0,0,0,0
736340,65535,255,5487,-6989,0,0,0
736341,65535,255,3932,-7365,0,0,0
736342,27,0,1573,-7520,1,0,1
736343,65535,255,1344,9900,0,0,0
736344,95,2,3824,9668,1,0,1
736345,0,0,0,0,0,0,0
736346,12,0,4525,-7222,1,0,1
736347,65535,255,2449,-7490,0,0,0
736348,11,0,371,10466,1,0,1
736349,15,0,3096,9759,1,0,1
736350,65535,255,5020,9486,0,0,0
736351,33,0,5035,-7119,1,0,1
736352,0,0,0,0,0,0,0
736353,56,0,609,-7905,1,0,1
736354,65535,255,2268,9908,0,0,0
736355,65535,255,4470,9602,0,0,0
736356,65535,255,5481,-7032,0,0,0
736357,13,0,3921,-7330,1,0,1
736358,65535,255,1556,-7772,0,0,0
736359,12,0,1361,9852,1,0,1
736360,65535,255,3841,9652,0,0,0
736361,65535,255,5503,9425,0,0,0
736362,11,0,4514,-7230,1,0,1
736363,65535,255,2434,-7517,0,0,0
736364,65535,255,397,9439,0,0,0
736365,65535,255,3113,9807,0,0,0
736366,29,0,5029,9517,1,0,0
736367,32,0,5026,-7089,1,0,0
736368,65535,255,3217,-7401,0,0,0
736369,65535,255,586,-7573,0,0,0
736370,65535,255,2295,9835,0,0,0
736371,35,2,4485,9634,1,0,0
736372,65535,255,5469,-7025,0,0,0
736373,65535,255,3902,-7326,0,0,0
736374,25,0,1534,-7799,1,0,0
736375,65535,255,1389,9900,0,0,0
736376,0,0,0,0,0,0,0
736377,65535,255,5518,9376,0,0,0
736378,31,0,4495,-7215,1,0,1
736379,22,0,2409,-7625,1,0,1
736380,65535,255,423,10263,0,0,0
736381,14,0,3136,9755,1,0,1
736382,65535,255,5047,9502,0,0,0
736383,65535,255,5011,-7151,0,0,0
736384,65535,255,3190,-7394,0,0,0
736385,66,0,552,-7446,1,0,0
736386,65535,255,2316,9973,0,0,0
736387,65535,255,4506,9574,0,0,0
736388,65535,255,5456,-7033,0,0,0
736389,15,0,3883,-7306,1,0,1
736390,65535,255,1506,-7652,0,0,0
736391,65535,255,1411,10018,0,0,0
736392,15,0,3873,9694,1,0,1
736393,65535,255,5526,9360,0,0,0
736394,65535,255,4481,-7223,0,0,0
736395,65535,255,2385,-7469,0,0,0
736396,21,0,446,10179,1,0,1
736397,18,0,3149,9861,1,0,1
736398,30,0,5054,9521,1,0,1
736399,0,0,0,0,0,0,0
736400,0,0,0,0,0,0,0
736401,14,0,539,-7965,1,0,1
736402,65535,255,2332,9943,0,0,0
736403,65535,255,4513,9573,0,0,0
736404,15,2,5447,-7035,1,0,1
736405,65535,255,3868,-7323,0,0,0
736406,8,0,1490,-7720,1,0,1
736407,28,0,1429,10133,1,0,1
736408,24,0,3885,9738,1,0,1
736409,15,0,5534,9395,1,0,1
736410,65535,255,4469,-7220,0,0,0
736411,9,0,2370,-7604,1,0,1
736412,65535,255,470,9823,0,0,0
736413,65535,255,3167,9830,0,0,0
736414,65535,255,5064,9483,0,0,0
736415,65535,255,4988,-7128,0,0,0
736416,65535,255,3168,-7502,0,0,0
736417,0,0,0,0,0,0,0
736418,65535,255,2338,9817,0,0,0
736419,16,0,4513,9635,1,0,1
736420,65535,255,5447,-7030,0,0,0
736421,65535,255,3872,-7337,0,0,0
736422,65535,255,1490,-7522,0,0,0
736423,65535,255,1417,10017,0,0,0
736424,21,0,3874,9733,1,0,1
736425,65535,255,5524,9411,0,0,0
736426,22,0,4478,-7222,1,0,1
736427,0,0,0,0,0,0,0
736428,65535,255,441,9805,0,0,0
736429,13,0,3141,9872,1,0,1
736430,15,0,5048,9481,1,0,1
736431,65535,255,5003,-7130,0,0,0
736432,65535,255,3186,-7384,0,0,0
736433,10,0,557,-7568,1,0,1
736434,14,0,2311,9890,1,0,1
736435,21,0,4496,9576,1,0,1
736436,30,0,5457,-6990,1,0,1
736437,17,0,3887,-7290,1,0,1
736438,14,0,1518,-7735,1,0,1
736439,65535,255,1395,9900,0,0,0
736440,6,0,3858,9758,1,0,1
736441,22,0,5514,9411,1,0,1
736442,65535,255,4495,-7262,0,0,0
736443,65535,255,2410,-7637,0,0,0
736444,10,0,418,10506,1,0,1
736445,65535,255,3127,9816,0,0,0
736446,65535,255,5037,9509,0,0,0
736447,23,0,5015,-7116,1,0,1
736448,65535,255,3203,-7367,0,0,0
736449,65535,255,574,-7569,0,0,0
736450,65535,255,2295,9892,0,0,0
736451,65535,255,4486,9591,0,0,0
736452,65535,255,5467,-7006,0,0,0
736453,65535,255,3902,-7317,0,0,0
736454,15,0,1534,-7520,1,0,1
736455,65535,255,1378,10070,0,0,0
736456,65535,255,3846,9726,0,0,0
736457,65535,255,5508,9370,0,0,0
736458,65535,255,4502,-7186,0,0,0
736459,186,0,2419,-7492,1,0,1
736460,13,0,401,9694,1,0,1
736461,19,0,3114,9887,1,0,1
736462,24,0,5030,9507,1,0,1
736463,65535,255,5024,-7088,0,0,0
736464,84,0,3217,-7476,1,0,1
736465,65535,255,592,-7406,0,0,0
736466,20,0,2284,9879,1,0,1
736467,33,0,4479,9586,1,0,1
736468,27,0,5919,9270,1,0,1
736469,65535,255,3910,-7338,0,0,0
736470,19,0,1545,-7604,1,0,1
736471,318,2,1367,10110,1,0,1
736472,65535,255,3841,9700,0,0,0
736473,52,0,5505,9407,1,0,1
736474,65535,255,6604,9092,0,0,0
736475,65535,255,2434,-7633,0,0,0
736476,65535,255,390,10704,0,0,0
736477,65535,255,3109,9858,0,0,0
736478,27,0,5027,9497,1,0,1
736479,44,0,6281,9213,1,0,1
736480,65535,255,3226,-7484,0,0,0
736481,65535,255,597,-7519,0,0,0
736482,15,0,2279,9922,1,0,1
736483,22,0,4475,9619,1,0,1
736484,65535,255,5919,9295,0,0,0
736485,65535,255,6890,8964,0,0,0
736486,65535,255,1556,-7771,0,0,0
736487,65535,255,1361,10024,0,0,0
736488,65535,255,3839,9700,0,0,0
736489,62,0,5505,9385,1,0,1
736490,49,2,6604,9078,1,0,1
736491,65535,255,-32768,-32768,0,65535,1
736492,15,0,389,10535,1,0,1
736493,65535,255,3105,9849,0,0,0
736494,53,0,5027,9497,1,0,1
736495,24,0,6282,9217,1,0,1
736496,65535,255,-32768,-32768,0,65535,1
736497,65535,255,597,-7686,0,0,0
736498,65535,255,2279,9965,0,0,0
736499,17,0,4476,9640,1,0,1
736500,8,2,5919,9311,1,0,1
736501,65535,255,6890,8982,0,0,1
736502,65535,255,1550,-7582,0,0,0
736503,19,0,1367,9853,1,0,1
736504,10,2,3841,9724,1,0,1
736505,22,0,5502,9427,1,0,1
736506,21,0,6603,9087,1,0,1
736507,65535,255,-32768,-32768,0,65535,1
736508,24,0,394,10276,1,0,1
736509,65535,255,3109,9829,0,0,0
736510,65535,255,5030,9491,0,0,0
736511,15,0,6282,9213,1,0,1
736512,65535,255,-32768,-32768,0,65535,1
736513,65535,255,591,-7741,0,0,0
736514,11,0,2279,9993,1,0,1
736515,31,0,4479,9617,1,0,1
736516,65535,255,5919,9290,0,0,0
736517,65535,255,6890,8994,0,0,1
736518,16,0,1545,-7688,1,0,1
736519,65535,255,1372,9974,0,0,0
736520,65535,255,3843,9711,0,0,0
736521,65535,255,5505,9389,0,0,0
736522,15,0,6604,9088,1,0,1
736523,17,0,2424,-7451,1,0,1
736524,16,0,400,9780,1,0,1
736525,65535,255,3114,9779,0,0,0
736526,23,0,5031,9491,1,0,1
736527,21,0,6283,9201,1,0,1
736528,65535,255,3212,-7475,0,0,0
736529,10,0,586,-7580,1,0,1
736530,65535,255,2290,9978,0,0,0
736531,15,0,4483,9609,1,0,1
736532,126,2,5923,9286,1,0,1
736533,15,0,3903,-7361,1,0,1
736534,17,0,1534,-7733,1,0,1
736535,12,0,1378,10047,1,0,1
736536,16,0,3849,9675,1,0,1
736537,23,0,5509,9411,1,0,1
736538,22,0,4499,-7183,1,0,1
736539,18,0,2415,-7531,1,0,1
736540,65535,255,411,10349,0,0,0
736541,16,0,3123,9856,1,0,1
736542,65535,255,5036,9511,0,0,0
736543,65535,255,5015,-7116,0,0,1
736544,65535,255,3199,-7420,0,0,0
736545,18,0,570,-7335,1,0,1
736546,12,0,2301,9920,1,0,1
736547,17,0,4489,9634,1,0,1
736548,113,0,5460,-6993,1,0,1
736549,30,0,3891,-7340,1,0,1
736550,9,0,1523,-7691,1,0,1
736551,11,0,1389,10022,1,0,1
736552,65535,255,3861,9674,0,0,0
736553,65535,255,5516,9414,0,0,0
736554,65535,255,4488,-7182,0,0,0
736555,65535,255,2400,-7559,0,0,0
736556,65535,255,430,9648,0,0,0
736557,65535,255,3137,9776,0,0,1
736558,65535,255,5046,9472,0,0,0
736559,65535,255,5006,-7085,0,0,0
736560,65535,255,3186,-7364,0,0,0
736561,65535,255,557,-7980,0,0,0
736562,6,0,2316,9862,1,0,1
736563,15,0,4499,9614,1,0,1
736564,24,0,5452,-6985,1,0,1
736565,11,0,3880,-7334,1,0,1
736566,9,0,1507,-7693,1,0,1
736567,13,0,1412,10042,1,0,1
736568,65535,255,3874,9687,0,0,0
736569,20,0,5524,9426,1,0,1
736570,24,0,4478,-7203,1,0,1
736571,29,0,2385,-7614,1,0,0
736572,14,0,453,9742,1,0,1
736573,11,0,3154,9784,1,0,1
736574,65535,255,5058,9485,0,0,0
736575,32,0,4994,-7104,1,0,1
736576,65535,255,3173,-7404,0,0,0
736577,13,0,529,-7309,1,0,1
736578,65535,255,2337,9944,0,0,0
736579,65535,255,4516,9561,0,0,0
736580,29,0,5444,-7020,1,0,1
736581,65535,255,3864,-7283,0,0,0
736582,65535,255,1479,-7565,0,0,0
736583,65535,255,1434,9947,0,0,0
736584,65535,255,3893,9662,0,0,0
736585,69,0,5538,9414,1,0,1
736586,13,0,4464,-7193,1,0,1
736587,18,0,2360,-7470,1,0,1
736588,6,2,469,10176,1,0,1
736589,17,0,3168,9860,1,0,1
736590,65535,255,5063,9527,0,0,0
736591,65535,255,4993,-7142,0,0,0
736592,0,0,0,0,0,0,0
736593,65535,255,534,-7869,0,0,0
736594,65535,255,2332,9876,0,0,0
736595,15,0,4509,9625,1,0,1
736596,65535,255,5451,-6995,0,0,0
736597,65535,255,3880,-7372,0,0,0
736598,11,2,1501,-7499,1,0,1
736599,10,2,1412,9877,1,0,1
736600,65535,255,3872,9687,0,0,0
736601,21,0,5523,9409,1,0,1
736602,31,2,4488,-7188,1,0,1
736603,65535,255,2410,-7442,0,0,0
736604,16,0,412,10511,1,0,1
736605,65535,255,3127,9805,0,0,0
736606,65535,255,5036,9531,0,0,0
736607,65535,255,5020,-7096,0,0,0
736608,13,0,3213,-7469,1,0,1
736609,65535,255,587,-8139,0,0,0
736610,13,0,2287,9907,1,0,1
736611,49,0,4482,9640,1,0,1
736612,65535,255,5474,-7034,0,0,0
736613,24,0,3913,-7362,1,0,1
736614,13,0,1550,-7626,1,0,1
736615,65535,255,1361,10170,0,0,0
736616,65535,255,3841,9675,0,0,0
736617,18,0,5503,9383,1,0,1
736618,111,2,4514,-7193,1,0,1
736619,12,0,2439,-7504,1,0,1
736620,65535,255,384,9678,0,0,0
736621,65535,255,3100,9878,0,0,0
736622,21,0,5020,9491,1,0,1
736623,26,0,5036,-7112,1,0,0
736624,61,0,3235,-7427,1,0,0
736625,65535,255,615,-7955,0,0,0
736626,65535,255,2258,10009,0,0,0
736627,65535,255,4461,9638,0,0,0
736628,304,2,5484,-6971,1,0,1
736629,14,0,3931,-7355,1,0,1
736630,65535,255,1578,-7706,0,0,0
736631,12,2,1339,9900,1,0,1
736632,34,0,3821,9717,1,0,1
736633,65535,255,5490,9414,0,0,0
736634,65535,255,4532,-7245,0,0,0
736635,15,0,2464,-7629,1,0,1
736636,65535,255,355,10672,0,0,0
736637,65535,255,3078,9842,0,0,0
736638,51,2,5009,9483,1,0,1
736639,20,0,5047,-7147,1,0,1
736640,65535,255,3253,-7434,0,0,0
736641,17,0,639,-8050,1,0,1
736642,14,0,2243,9824,1,0,1
736643,65535,255,4451,9572,0,0,0
736644,24,2,5494,-6995,1,0,1
736645,15,0,3943,-7318,1,0,1
736646,10,0,1594,-7539,1,0,1
736647,65535,255,1316,10129,0,0,0
736648,0,0,3805,9681,1,0,1
736649,65535,255,5481,9398,0,0,0
736650,65535,255,4539,-7230,0,0,0
736651,10,0,2478,-7601,1,0,1
736652,8,0,337,10603,1,0,1
736653,11,0,3064,9844,1,0,1
736654,65535,255,4997,9491,0,0,0
736655,65535,255,5054,-7077,0,0,0
736656,15,0,3262,-7470,1,0,1
736657,65535,255,650,-7481,0,0,0
736658,65535,255,2226,9898,0,0,0
736659,65535,255,4438,9610,0,0,0
736660,65535,255,5497,-6998,0,0,0
736661,20,0,3948,-7266,1,0,1
736662,13,0,1606,-7762,1,0,1
736663,65535,255,1304,10029,0,0,0
736664,65535,255,3793,9777,0,0,0
736665,65535,255,5476,9386,0,0,0
736666,15,0,4542,-7222,1,0,1
736667,65535,255,2484,-7600,0,0,0
736668,22,0,331,10708,1,0,1
736669,65535,255,3054,9856,0,0,0
736670,16,0,4991,9503,1,0,1
736671,22,0,5056,-7097,1,0,1
736672,65535,255,3267,-7365,0,0,0
736673,11,0,661,-7737,1,0,1
736674,25,0,2221,10001,1,0,1
736675,25,0,4435,9656,1,0,1
736676,0,0,0,0,0,0,0
736677,12,0,3952,-7338,1,0,1
736678,65535,255,1611,-7639,0,0,0
736679,126,2,1305,9901,1,0,0
736680,67,2,3794,9745,1,0,1
736681,0,0,0,0,0,0,0
736682,0,0,0,0,0,0,0
736683,65535,255,2484,-7587,0,0,0
736684,65535,255,326,10719,0,0,0
736685,65535,255,3055,9825,0,0,0
736686,0,0,0,0,0,0,0
736687,26,0,5056,-7091,1,0,1
736688,65535,255,3267,-7364,0,0,0
736689,24,2,661,-7785,1,0,0
736690,33,0,2221,10015,1,0,1
736691,65535,255,4438,9573,0,0,0
736692,43,0,5500,-7015,1,0,0
736693,65535,255,3952,-7367,0,0,0
736694,14,0,1611,-7741,1,0,1
736695,65535,255,1304,10056,0,0,0
736696,65535,255,3797,9675,0,0,0
736697,65535,255,5474,9410,0,0,0
736698,65535,255,4542,-7182,0,0,0
736699,65535,255,2484,-7510,0,0,0
736700,12,0,330,10210,1,0,1
736701,65535,255,3059,9826,0,0,0
736702,65535,255,4994,9497,0,0,0
736703,79,2,5053,-7102,1,0,1
736704,65535,255,3262,-7393,0,0,1
736705,65535,255,656,-7989,0,0,0
736706,65535,255,2227,9856,0,0,0
736707,65535,255,4441,9605,0,0,0
736708,47,0,5494,-6971,1,0,0
736709,65535,255,3948,-7302,0,0,0
736710,12,0,1600,-7579,1,0,1
736711,16,0,1316,9877,1,0,1
736712,65535,255,3801,9745,0,0,0
736713,65535,255,5480,9381,0,0,0
736714,65535,255,4538,-7229,0,0,0
736715,65535,255,2474,-7447,0,0,0
736716,15,0,342,9820,1,0,1
736717,65535,255,3068,9794,0,0,0
736718,65535,255,5003,9485,0,0,0
736719,0,0,0,0,0,0,0
736720,65535,255,3257,-7375,0,0,0
736721,65535,255,644,-7943,0,0,0
736722,65535,255,2242,9869,0,0,0
736723,22,0,4451,9610,1,0,1
736724,65535,255,5492,-6976,0,0,0
736725,65535,255,3940,-7325,0,0,0
736726,10,0,1589,-7662,1,0,1
736727,65535,255,1326,9978,0,0,0
736728,65535,255,6779,-6557,0,0,1
736729,23,0,5487,9408,1,0,1
736730,65535,255,4532,-7181,0,0,0
736731,65535,255,2464,-7563,0,0,0
736732,65535,255,354,10674,0,0,0
736733,65535,255,3084,9831,0,0,0
736734,65535,255,5011,9539,0,0,0
736735,65535,255,5041,-7072,0,0,0
736736,65535,255,3244,-7499,0,0,0
736737,65535,255,626,-7845,0,0,0
736738,65535,255,2258,9839,0,0,0
736739,65535,255,4461,9609,0,0,0
736740,65535,255,5483,-6978,0,0,0
736741,65535,255,3928,-7327,0,0,0
736742,65535,255,1567,-7685,0,0,0
736743,65535,255,1349,10027,0,0,0
736744,65535,255,3829,9687,0,0,0
736745,26,0,5497,9424,1,0,0
736746,20,0,4521,-7201,1,0,1
736747,28,0,2444,-7618,1,0,1
736748,65535,255,384,9677,0,0,0
736749,55,0,3100,9791,1,0,0
736750,60,2,5024,9493,1,0,1
736751,65535,255,5032,-7106,0,0,0
736752,12,0,3226,-7416,1,0,1
736753,13,0,598,-7407,1,0,1
736754,44,2,2279,9966,1,0,0
736755,0,0,0,0,0,0,0
736756,28,0,5473,-7026,1,0,0
736757,14,0,3910,-7293,1,0,1
736758,11,0,1545,-7604,1,0,1
736759,13,0,1372,9976,1,0,1
736760,24,0,3849,9668,1,0,1
736761,60,0,5508,9421,1,0,0
736762,65535,255,4505,-7204,0,0,0
736763,21,0,2420,-7622,1,0,1
736764,0,0,0,0,0,0,0
736765,19,0,3123,9818,1,0,1
736766,104,2,5039,9506,1,0,1
736767,5,0,5017,-7126,1,0,1
736768,0,0,0,0,0,0,0
736769,65535,255,568,-7683,0,0,0
736770,65535,255,2306,9822,0,0,0
736771,304,2,4496,9609,3,0,0
736772,49,0,5459,-6988,1,0,0
736773,150,2,3887,-7355,1,0,0
736774,21,0,1518,-7799,1,0,1
736775,65535,255,1403,10045,0,0,0
736776,27,0,3865,9751,1,0,0
736777,22,0,5521,9400,1,0,1
736778,65535,255,4481,-7177,0,0,0
736779,65535,255,2390,-7586,0,0,0
736780,92,2,447,9662,3,0,1
736781,65535,255,3150,9805,0,0,0
736782,65535,255,5054,9503,0,0,0
736783,22,2,4997,-7092,1,0,0
736784,15,0,3177,-7461,1,0,1
736785,0,0,0,0,0,0,0
736786,65535,255,2327,9973,0,0,0
736787,36,2,4506,9613,1,0,1
736788,52,0,5449,-7013,1,0,1
736789,65535,255,3876,-7319,0,0,0
736790,65535,255,1502,-7550,0,0,0
736791,0,0,0,0,0,0,0
736792,60,0,3870,9727,1,0,0
736793,41,0,5522,9409,1,0,1
736794,17,0,4481,-7220,1,0,1
736795,65535,255,2390,-7546,0,0,0
736796,14,0,441,9883,1,0,1
736797,10,0,3141,9884,1,0,1
736798,20,0,5049,9493,1,0,1
736799,65535,255,5003,-7144,0,0,0
736800,18,0,3186,-7402,1,0,1
736801,20,0,551,-7744,1,0,1
736802,14,0,2316,9933,1,0,1
736803,21,0,4499,9596,1,0,1
736804,65535,255,5452,-7008,0,0,0
736805,65535,255,3880,-7319,0,0,0
736806,65535,255,1507,-7476,0,0,0
736807,65535,255,1401,10021,0,0,0
736808,65535,255,3866,9744,0,0,0
736809,65535,255,5519,9423,0,0,0
736810,0,0,0,0,0,0,0
736811,65535,255,2395,-7624,0,0,0
736812,30,2,435,10415,1,0,1
736813,65535,255,3141,9806,0,0,0
736814,65535,255,5045,9537,0,0,0
736815,65535,255,5006,-7111,0,0,0
736816,65535,255,3188,-7447,0,0,0
736817,65535,255,557,-7506,0,0,0
736818,65535,255,2311,9892,0,0,0
736819,65535,255,4500,9590,0,0,0
736820,0,0,0,0,0,0,0
736821,65535,255,3883,-7325,0,0,0
736822,65535,255,1512,-7519,0,0,0
736823,65535,255,1400,10093,0,0,0
736824,65535,255,3865,9677,0,0,0
736825,65535,255,5521,9373,0,0,0
736826,65535,255,4485,-7188,0,0,0
736827,94,2,2395,-7506,1,0,0
736828,65535,255,435,9803,0,0,0
736829,65535,255,3141,9778,0,0,0
736830,65535,255,5048,9505,0,0,0
736831,14,0,5006,-7084,1,0,1
736832,65535,255,3190,-7469,0,0,0
736833,48,0,552,-7322,1,0,1
736834,65535,255,2316,9863,0,0,0
736835,65535,255,4503,9583,0,0,0
736836,41,0,5936,9267,1,0,1
736837,65535,255,3883,-7333,0,0,0
736838,41,0,1506,-7562,1,0,1
736839,0,0,0,0,0,0,0
736840,0,0,0,0,0,0,0
736841,65535,255,5523,9396,0,0,0
736842,65535,255,6617,9085,0,0,0
736843,65535,255,2395,-7598,0,0,0
736844,65535,255,441,10409,0,0,0
736845,65535,255,3145,9826,0,0,0
736846,65535,255,5054,9477,0,0,0
736847,53,2,6298,9198,1,0,0
736848,65535,255,-32768,-32768,0,65535,1
736849,27,0,552,-8162,1,0,1
736850,82,2,2327,9849,1,0,1
736851,65535,255,4509,9576,0,0,0
736852,65535,255,5941,9266,0,0,0
736853,65535,255,6904,8989,0,0,0
736854,12,0,1501,-7606,1,0,1
736855,65535,255,1418,9856,0,0,0
736856,13,0,3877,9712,1,0,1
736857,24,0,5528,9418,1,0,1
736858,31,0,6620,9101,1,0,1
736859,65535,255,-32768,-32768,0,65535,1
736860,65535,255,453,9671,0,0,0
736861,142,2,3159,9736,1,0,1
736862,50,0,5057,9520,1,0,0
736863,65535,255,6304,9170,0,0,0
736864,65535,255,-32768,-32768,0,65535,1
736865,65535,255,533,-7806,0,0,0
736866,65535,255,2332,9988,0,0,0
736867,80,0,4515,9635,1,0,1
736868,233,0,5945,9314,1,0,1
736869,65535,255,6908,8980,0,0,0
736870,65535,255,1485,-7562,0,0,0
736871,13,0,1429,10183,1,0,1
736872,20,0,3889,9702,1,0,1
736873,24,0,5535,9416,1,0,1
736874,38,0,6625,9100,1,0,1
736875,65535,255,2370,-7468,0,0,0
736876,36,0,470,9825,1,0,1
736877,24,0,3167,9765,1,0,1
736878,68,0,5066,9533,1,0,1
736879,130,2,6310,9183,1,0,0
736880,16,0,3163,-7414,1,0,1
736881,35,0,517,-8128,1,0,1
736882,65535,255,2352,9852,0,0,0
736883,65535,255,4527,9589,0,0,0
736884,43,0,5951,9280,1,0,0
736885,65535,255,6913,8954,0,0,1
736886,19,0,1468,-7719,1,0,1
736887,65535,255,1446,9994,0,0,0
736888,26,0,3902,9648,1,0,0
736889,65535,255,5544,9387,0,0,0
736890,65535,255,4460,-7224,0,0,0
736891,65535,255,2355,-7617,0,0,0
736892,16,0,488,9696,1,0,1
736893,125,2,3182,9840,1,0,1
736894,65535,255,5074,9520,0,0,0
736895,65535,255,4978,-7117,0,0,0
736896,21,0,3150,-7484,1,0,1
736897,15,0,504,-7941,1,0,1
736898,65535,255,2363,9887,0,0,0
736899,65535,255,4530,9641,0,0,0
736900,65535,255,5436,-7007,0,0,0
736901,19,2,3854,-7346,1,0,0
736902,13,0,1468,-7563,1,0,1
736903,65535,255,1445,9971,0,0,0
736904,15,0,3894,9686,1,0,1
736905,0,0,0,0,0,0,0
736906,16,0,4464,-7223,1,0,1
736907,15,0,2365,-7468,1,0,1
736908,13,0,463,10250,1,0,1
736909,65,0,3164,9840,1,0,1
736910,55,0,5063,9465,1,0,0
736911,34,2,4991,-7087,1,0,1
736912,65535,255,3168,-7403,0,0,1
736913,22,0,529,-7432,1,0,1
736914,65535,255,2332,10001,0,0,0
736915,65535,255,4513,9601,0,0,0
736916,39,0,5444,-6981,1,0,1
736917,21,0,3872,-7350,1,0,1
736918,16,0,1493,-7623,1,0,1
736919,65535,255,1418,9879,0,0,0
736920,65535,255,3878,9658,0,0,0
736921,23,0,5524,9418,1,0,1
736922,65535,255,4478,-7207,0,0,0
736923,19,0,2385,-7453,1,0,1
736924,18,0,440,10185,1,0,1
736925,65535,255,3141,9875,0,0,0
736926,65535,255,5049,9467,0,0,0
736927,25,0,5003,-7095,1,0,1
736928,35,0,3186,-7420,1,0,1
736929,54,0,551,-7563,1,0,1
736930,65535,255,2317,9822,0,0,0
736931,23,0,4496,9616,1,0,1
736932,65535,255,5454,-7001,0,0,0
736933,32,0,3886,-7330,1,0,1
736934,225,0,1512,-7583,1,0,1
736935,24,0,1395,10142,1,0,1
736936,65535,255,3858,9746,0,0,0
736937,65535,255,5516,9406,0,0,0
736938,35,0,4492,-7192,1,0,1
736939,228,0,2405,-7562,1,0,1
736940,15,0,417,10109,1,0,1
736941,65535,255,3127,9877,0,0,0
736942,26,0,5040,9475,1,0,1
736943,65535,255,5012,-7103,0,0,0
736944,65535,255,3200,-7446,0,0,0
736945,65535,255,574,-7739,0,0,0
736946,343,2,2301,9880,1,0,0
736947,12,0,4486,9650,1,0,1
736948,26,0,5464,-7027,1,0,1
736949,26,0,3898,-7322,1,0,1
736950,65535,255,1534,-7772,0,0,0
736951,84,0,1384,9855,1,0,1
736952,33,0,3850,9670,1,0,0
736953,65535,255,5509,9432,0,0,0
736954,29,0,4501,-7240,1,0,1
736955,23,0,2419,-7541,1,0,1
736956,20,2,407,9622,1,0,0
736957,65535,255,3119,9830,0,0,0
736958,65535,255,5033,9536,0,0,0
736959,65535,255,5020,-7085,0,0,0
736960,65535,255,3212,-7425,0,0,0
736961,42,2,585,-7737,1,0,0
736962,36,0,2290,9895,1,0,1
736963,23,0,4482,9577,1,0,1
736964,65535,255,5469,-6966,0,0,0
736965,26,0,3906,-7351,1,0,1
736966,33,0,1540,-7538,1,0,1
736967,0,0,0,0,0,0,0
736968,65535,255,3829,9753,0,0,0
736969,110,0,5498,9370,1,0,1
736970,22,0,4521,-7185,1,0,1
736971,15,0,2449,-7490,1,0,1
736972,12,0,372,9662,1,0,1
736973,65535,255,3092,9889,0,0,0
736974,3,2,5015,9508,1,0,1
736975,144,2,5038,-7086,1,0,0
736976,127,2,3244,-7473,1,0,0
736977,0,0,0,0,0,0,0
736978,12,0,2253,9866,1,0,1
736979,17,0,4458,9588,1,0,1
736980,65535,255,5489,-7007,0,0,0
736981,18,0,3936,-7335,1,0,1
736982,29,0,1583,-7603,1,0,0
736983,18,0,1327,10202,1,0,0
736984,65535,255,3817,9694,0,0,0
736985,24,0,5488,9405,1,0,1
736986,18,0,4535,-7238,1,0,1
736987,16,0,2469,-7629,1,0,1
736988,65535,255,349,10774,0,0,0
736989,14,0,3073,9853,1,0,1
736990,65535,255,5005,9494,0,0,0
736991,20,0,5050,-7084,1,0,1
736992,65535,255,3258,-7480,0,0,0
736993,65535,255,638,-7479,0,0,0
736994,65535,255,2237,9911,0,0,0
736995,15,0,4448,9609,1,0,1
736996,29,0,5495,-7027,1,0,1
736997,65535,255,3943,-7277,0,0,0
736998,12,0,1600,-7744,1,0,1
736999,15,0,1316,10027,1,0,1
737000,65535,255,3805,9774,0,0,0
737001,65535,255,5483,9384,0,0,0
737002,65535,255,4541,-7217,0,0,0
737003,65535,255,2479,-7589,0,0,0
737004,65535,255,337,10600,0,0,0
737005,65535,255,3063,9855,0,0,0
737006,18,0,5000,9501,1,0,1
737007,65535,255,5053,-7093,0,0,0
737008,15,0,3262,-7369,1,0,1
737009,20,0,649,-7738,1,0,1
737010,19,0,2226,9986,1,0,1
737011,65535,255,4442,9648,0,0,0
737012,65535,255,5499,-6994,0,0,0
737013,31,0,3951,-7332,1,0,0
737014,100,0,1600,-7621,1,0,1
737015,65535,255,1310,9901,0,0,0
737016,100,0,3801,9736,1,0,1
737017,157,0,5478,9403,1,0,1
737018,65535,255,4542,-7204,0,0,0
737019,65535,255,2483,-7575,0,0,0
737020,14,0,331,10612,1,0,1
737021,65535,255,3059,9866,0,0,0
737022,114,0,4997,9513,1,0,1
737023,19,0,5055,-7108,1,0,1
737024,112,0,3262,-7394,1,0,1
737025,65535,255,656,-7990,0,0,0
737026,20,0,2227,9855,1,0,0
737027,65535,255,4442,9598,0,0,0
737028,22,0,5497,-6962,1,0,1
737029,20,0,3947,-7288,1,0,1
737030,65535,255,1600,-7519,0,0,0
737031,75,2,1310,10181,1,0,1
737032,65535,255,3801,9720,0,0,0
737033,65535,255,5476,9432,0,0,0
737034,0,0,0,0,0,0,0
737035,65535,255,2478,-7587,0,0,0
737036,13,0,338,10797,1,0,1
737037,65535,255,3064,9886,0,0,0
737038,65535,255,4997,9529,0,0,0
737039,65535,255,5053,-7134,0,0,0
737040,65535,255,3258,-7450,0,0,0
737041,65535,255,650,-7483,0,0,0
737042,65535,255,2232,9956,0,0,0
737043,65535,255,4442,9649,0,0,0
737044,41,0,5494,-7003,1,0,1
737045,36,0,3944,-7361,1,0,1
737046,40,0,1595,-7744,1,0,1
737047,65535,255,1316,10079,0,0,0
737048,60,2,3806,9689,1,0,0
737049,65535,255,5481,9422,0,0,0
737050,21,0,4535,-7192,1,0,1
737051,65535,255,2469,-7576,0,0,0
737052,65535,255,343,10691,0,0,0
737053,18,0,3071,9834,3,0,0
737054,65535,255,5000,9540,0,0,0
737055,65535,255,5046,-7106,0,0,0
737056,65535,255,3253,-7479,0,0,0
737057,65535,255,638,-7738,0,0,0
737058,65535,255,2242,9929,0,0,0
737059,65535,255,4452,9590,0,0,0
737060,85,2,5487,-6964,3,0,0
737061,45,0,3933,-7304,3,0,0
737062,110,2,1583,-7601,1,0,0
737063,144,2,1333,9927,1,0,0
737064,65535,255,3814,9766,0,0,0
737065,515,2,5489,9397,3,0,0
737066,41,0,4527,-7229,3,0,0
737067,162,2,2454,-7526,3,0,0
737068,65535,255,360,10480,0,0,0
737069,45,0,3083,9882,3,0,0
737070,28,0,5009,9533,3,0,0
737071,57,2,5038,-7132,3,0,0
737072,65535,255,3240,-7490,0,0,0
737073,65535,255,620,-7792,0,0,0
737074,13,0,2258,9838,1,0,1
737075,65535,255,4462,9608,0,0,0
737076,65535,255,5479,-6979,0,0,0
737077,65535,255,3921,-7328,0,0,0
737078,26,0,1567,-7685,3,0,0
737079,65535,255,1350,10051,0,0,0
737080,65535,255,3829,9694,0,0,0
737081,65535,255,5498,9428,0,0,0
737082,0,0,0,0,0,0,0
737083,19,2,2439,-7517,1,0,0
737084,11,0,383,9852,1,0,1
737085,65535,255,3101,9820,0,0,0
737086,21,0,5024,9503,1,0,1
737087,22,0,5029,-7123,1,0,1
737088,65535,255,3222,-7445,0,0,0
737089,0,0,0,0,0,0,0
737090,65535,255,2284,9851,0,0,0
737091,65535,255,4479,9618,0,0,0
737092,65535,255,5471,-6990,0,0,0
737093,0,0,0,0,0,0,0
737094,65535,255,1545,-7772,0,0,0
737095,0,0,0,0,0,0,0
737096,54,0,3849,9738,1,0,1
737097,22,0,5511,9388,1,0,1
737098,17,0,4504,-7254,1,0,0
737099,65535,255,2419,-7530,0,0,0
737100,65535,255,412,10590,0,0,0
737101,0,0,0,0,0,0,0
737102,0,0,0,0,0,0,0
737103,65535,255,5014,-7094,0,0,0
737104,20,0,3199,-7410,1,0,1
737105,65535,255,569,-8090,0,0,0
737106,65535,255,2306,9920,0,0,0
737107,0,0,0,0,0,0,0
737108,45,0,5459,-7021,1,0,1
737109,65535,255,3887,-7289,0,0,0
737110,21,0,1512,-7606,1,0,1
737111,65535,255,1406,9997,0,0,0
737112,36,0,3873,9688,1,0,1
737113,43,0,5524,9400,1,0,0
737114,65535,255,4484,-7226,0,0,0
737115,65535,255,2390,-7480,0,0,0
737116,65535,255,440,10261,0,0,0
737117,65535,255,3149,9883,0,0,0
737118,43,0,5057,9489,1,0,1
737119,29,0,4999,-7086,1,0,1
737120,40,0,3177,-7480,1,0,1
737121,0,0,0,0,0,0,0
737122,65535,255,2332,9987,0,0,0
737123,65535,255,4509,9607,0,0,0
737124,65535,255,5451,-7004,0,0,0
737125,201,2,3876,-7296,1,0,1
737126,65535,255,1501,-7716,0,0,0
737127,65535,255,1418,9855,0,0,0
737128,65535,255,3873,9673,0,0,0
737129,65535,255,5526,9372,0,0,0
737130,53,0,4484,-7264,1,0,1
737131,26,0,2394,-7612,1,0,1
737132,65535,255,434,10185,0,0,0
737133,83,2,3145,9756,1,0,0
737134,65535,255,5048,9504,0,0,0
737135,20,0,5008,-7149,1,0,1
737136,16,0,3190,-7401,1,0,1
737137,13,0,557,-7622,1,0,1
737138,65535,255,2316,9891,0,0,0
737139,16,0,4499,9571,1,0,1
737140,0,0,0,0,0,0,0
737141,65535,255,3891,-7377,0,0,0
737142,13,0,1517,-7648,1,0,1
737143,12,0,1395,10164,1,0,1
737144,65535,255,3866,9658,0,0,0
737145,19,0,5518,9369,1,0,1
737146,16,0,4494,-7262,1,0,1
737147,0,0,0,0,0,0,0
737148,17,0,423,10344,1,0,1
737149,65535,255,3132,9778,0,0,0
737150,95,2,5042,9516,1,0,1
737151,65535,255,5011,-7083,0,0,0
737152,65535,255,3199,-7438,0,0,0
737153,25,0,568,-7972,1,0,1
737154,65535,255,2300,9963,0,0,0
737155,31,0,4492,9610,1,0,0
737156,56,0,5462,-7014,1,0,1
737157,65535,255,3895,-7323,0,0,0
737158,65535,255,1523,-7497,0,0,0
737159,36,0,1389,10023,1,0,1
737160,65535,255,3854,9738,0,0,0
737161,19,0,5511,9416,1,0,1
737162,65535,255,4498,-7235,0,0,0
737163,314,0,2409,-7583,1,0,1
737164,65535,255,417,10187,0,0,0
737165,65535,255,3128,9769,0,0,0
737166,0,0,0,0,0,0,0
737167,72,2,5015,-7087,1,0,1
737168,65535,255,3204,-7457,0,0,0
737169,65535,255,575,-8085,0,0,0
737170,23,0,2296,9967,1,0,1
737171,21,0,4486,9642,1,0,1
737172,102,0,5462,-6968,1,0,1
737173,23,0,3899,-7375,1,0,1
737174,65535,255,1528,-7667,0,0,0
737175,65535,255,1384,9854,0,0,0
737176,65535,255,3854,9691,0,0,0
737177,17,2,5511,9393,1,0,0
737178,65535,255,4498,-7216,0,0,0
737179,65535,255,2414,-7542,0,0,0
737180,97,0,411,9949,1,0,0
737181,65535,255,3123,9750,0,0,0
737182,29,0,5037,9512,1,0,1
737183,0,0,0,0,0,0,0
737184,65535,255,3204,-7466,0,0,0
737185,65535,255,576,-7281,0,0,0
737186,0,0,0,0,0,0,0
737187,65535,255,4490,9567,0,0,0
737188,50,0,5462,-6991,1,0,1
737189,28,0,3895,-7301,1,0,1
737190,43,0,1527,-7684,1,0,1
737191,14,0,1384,10023,1,0,1
737192,65535,255,3853,9754,0,0,0
737193,65535,255,5513,9391,0,0,0
737194,43,2,4494,-7179,1,0,0
737195,65535,255,2410,-7477,0,0,0
737196,65535,255,418,9713,0,0,0
737197,0,0,0,0,0,0,0
737198,65535,255,5040,9507,0,0,0
737199,65535,255,6289,9212,0,0,0
737200,65535,255,3199,-7476,0,0,0
737201,14,0,569,-7392,1,0,1
737202,65535,255,2306,9879,0,0,0
737203,65535,255,4493,9585,0,0,0
737204,29,0,5929,9269,1,0,1
737205,117,2,3891,-7339,1,0,1
737206,17,0,1523,-7603,1,0,1
737207,65535,255,1392,10040,0,0,0
737208,65535,255,3862,9698,0,0,0
737209,88,2,5516,9407,1,0,1
737210,18,0,6612,9090,1,0,1
737211,65535,255,2405,-7623,0,0,0
737212,63,0,424,10656,1,0,1
737213,65535,255,3136,9857,0,0,0
737214,65535,255,5046,9495,0,0,0
737215,65535,255,6293,9207,0,0,0
737216,65535,255,-32768,-32768,0,65535,1
737217,65535,255,557,-7445,0,0,0
737218,21,0,2311,9893,1,0,0
737219,19,0,4499,9603,1,0,1
737220,46,0,5935,9284,1,0,1
737221,65535,255,6899,8975,0,0,0
737222,0,0,0,0,0,0,0
737223,14,0,1406,9974,1,0,1
737224,21,2,3869,9752,1,0,0
737225,65535,255,5526,9373,0,0,0
737226,65535,255,6619,9068,0,0,0
737227,65535,255,-32768,-32768,0,65535,1
737228,14,0,440,10183,1,0,1
737229,37,0,3150,9806,1,0,1
737230,65535,255,5054,9472,0,0,0
737231,65535,255,6300,9194,0,0,0
737232,65535,255,-32768,-32768,0,65535,1
737233,18,0,541,-7253,1,0,1
737234,65535,255,2327,9877,0,0,0
737235,65535,255,4509,9602,0,0,0
737236,65535,255,5941,9283,0,0,0
737237,65535,255,6906,8957,0,0,1
737238,65535,255,1495,-7737,0,0,0
737239,65535,255,1423,10020,0,0,0
737240,31,0,3884,9667,1,0,1
737241,65535,255,5534,9385,0,0,0
737242,76,2,6623,9080,1,0,1
737243,347,2,2375,-7600,1,0,1
737244,46,0,459,10543,1,0,1
737245,53,0,3163,9862,1,0,1
737246,53,0,5063,9508,1,0,1
737247,64,0,6306,9170,1,0,1
737248,18,0,3168,-7375,1,0,1
737249,13,0,522,-7871,1,0,1
737250,13,0,2345,9911,1,0,1
737251,17,0,4523,9568,1,0,1
737252,53,0,5951,9264,1,0,1
737253,413,0,3859,-7344,1,0,1
737254,15,0,1473,-7674,1,0,1
737255,27,0,1446,9948,1,0,1
737256,0,0,0,0,0,0,0
737257,51,0,5544,9378,1,0,1
737258,65535,255,4460,-7211,0,0,0
737259,65535,255,2360,-7509,0,0,0
737260,15,0,476,10594,1,0,1
737261,58,0,3177,9782,1,0,1
737262,16,0,5069,9501,1,0,1
737263,65535,255,4987,-7131,0,0,0
737264,65535,255,3163,-7491,0,0,0
737265,20,2,522,-8059,1,0,1
737266,44,0,2348,9942,1,0,1
737267,65535,255,4523,9580,0,0,0
737268,197,2,5441,-7005,1,0,0
737269,65535,255,3864,-7343,0,0,0
737270,10,0,1480,-7553,1,0,1
737271,6,0,1435,9902,1,0,1
737272,34,0,3890,9671,1,0,1
737273,65535,255,5535,9395,0,0,0
737274,65535,255,4471,-7233,0,0,0
737275,65535,255,2375,-7520,0,0,0
737276,22,0,459,9832,1,0,1
737277,15,0,3159,9794,1,0,1
737278,25,0,5058,9514,1,0,1
737279,55,0,4996,-7145,1,0,1
737280,33,0,3173,-7373,1,0,1
737281,65535,255,535,-7308,0,0,0
737282,38,0,2332,10001,1,0,1
737283,65535,255,4510,9607,0,0,0
737284,65535,255,5446,-6994,0,0,0
737285,65535,255,3874,-7333,0,0,0
737286,65535,255,1496,-7605,0,0,0
737287,65535,255,1417,10066,0,0,0
737288,22,0,3874,9727,1,0,1
737289,41,0,5526,9399,1,0,1
737290,65535,255,4478,-7194,0,0,0
737291,26,2,2385,-7439,1,0,1
737292,65535,255,441,10256,0,0,0
737293,28,0,3146,9757,1,0,1
737294,65535,255,5052,9493,0,0,0
737295,65535,255,5002,-7127,0,0,0
737296,42,0,3186,-7496,1,0,1
737297,17,0,552,-8159,1,0,1
737298,6,0,2316,9989,1,0,1
737299,75,2,4503,9602,1,0,1
737300,122,2,5451,-6997,1,0,1
737301,19,0,3880,-7280,1,0,1
737302,65535,255,1507,-7647,0,0,0
737303,65535,255,1407,10116,0,0,0
737304,14,0,3866,9752,1,0,1
737305,23,0,5519,9415,1,0,1
737306,101,2,4484,-7218,1,0,1
737307,24,0,2395,-7504,1,0,1
737308,65535,255,435,9760,0,0,0
737309,17,0,3137,9807,1,0,1
737310,65535,255,5045,9527,0,0,0
737311,0,0,0,0,0,0,0
737312,0,0,0,0,0,0,0
737313,0,0,0,0,0,0,0
737314,65535,255,2311,9892,0,0,0
737315,65535,255,4500,9572,0,0,0
737316,65535,255,5454,-6974,0,0,0
737317,65535,255,3887,-7368,0,0,0
737318,65535,255,1512,-7582,0,0,0
737319,20,0,1400,10069,1,0,1
737320,22,0,3862,9745,1,0,1
737321,65535,255,5517,9411,0,0,0
737322,65535,255,4488,-7217,0,0,0
737323,65535,255,2400,-7516,0,0,0
737324,65535,255,430,9648,0,0,0
737325,65535,255,3137,9836,0,0,0
737326,65535,255,5044,9501,0,0,0
737327,4,0,5008,-7109,1,0,1
737328,0,0,0,0,0,0,0
737329,65535,255,564,-8151,0,0,0
737330,65535,255,2311,10005,0,0,0
737331,65535,255,4483,9633,0,0,0
737332,133,2,5467,-6976,1,0,1
737333,199,2,3902,-7288,1,0,1
737334,65535,255,1542,-7614,0,0,0
737335,65535,255,1372,10069,0,0,0
737336,65535,255,3845,9658,0,0,0
737337,16,0,5506,9386,1,0,0
737338,20,0,4508,-7219,1,0,1
737339,75,2,2429,-7596,1,0,0
737340,65535,255,395,10526,0,0,0
737341,65535,255,3110,9846,0,0,0
737342,65535,255,5027,9494,0,0,0
737343,65535,255,5027,-7083,0,0,0
737344,65535,255,3222,-7486,0,0,0
737345,65535,255,597,-7519,0,0,0
737346,65535,255,2274,9935,0,0,0
737347,15,0,4472,9623,1,0,1
737348,65535,255,5476,-6973,0,0,0
737349,65535,255,3917,-7287,0,0,0
737350,12,0,1556,-7500,1,0,1
737351,14,0,1356,10120,1,0,1
737352,15,0,3833,9683,1,0,1
737353,65535,255,5500,9407,0,0,0
737354,65535,255,4518,-7254,0,0,0
737355,21,0,2439,-7465,1,0,1
737356,65535,255,383,9762,0,0,0
737357,65535,255,3101,9769,0,0,0
737358,55,2,5021,9539,1,0,1
737359,33,0,5035,-7140,1,0,1
737360,0,0,0,0,0,0,0
737361,125,2,610,-7360,1,0,1
737362,65535,255,2269,9879,0,0,0
737363,65535,255,4469,9586,0,0,0
737364,65535,255,5481,-7004,0,0,0
737365,65535,255,3925,-7315,0,0,0
737366,0,0,0,0,0,0,0
737367,65535,255,1344,10098,0,0,0
737368,15,0,3825,9667,1,0,1
737369,0,0,0,0,0,0,0
737370,65535,255,4525,-7196,0,0,0
737371,79,0,2453,-7515,1,0,1
737372,26,0,365,9837,1,0,1
737373,24,0,3087,9751,1,0,1
737374,65535,255,5011,9520,0,0,0
737375,31,0,5044,-7101,1,0,0
737376,44,0,3246,-7455,1,0,1
737377,0,0,0,0,0,0,0
737378,65535,255,2248,9910,0,0,0
737379,0,0,0,0,0,0,0
737380,64,2,5491,-7024,1,0,1
737381,67,2,3939,-7363,1,0,0
737382,73,2,1588,-7663,1,0,0
737383,65535,255,1328,9875,0,0,0
737384,65535,255,3813,9718,0,0,0
737385,65535,255,5485,9420,0,0,0
737386,26,0,4537,-7245,1,0,1
737387,12,2,2468,-7462,1,0,1
737388,65535,255,350,9540,0,0,0
737389,65535,255,3069,9885,0,0,0
737390,65535,255,5003,9512,0,0,0
737391,89,0,5050,-7099,1,0,0
737392,65535,255,3257,-7411,0,0,0
737393,16,0,643,-7634,1,0,1
737394,85,0,2237,9940,1,0,1
737395,13,2,4445,9622,1,0,1
737396,0,0,0,0,0,0,0
737397,65535,255,3943,-7281,0,0,0
737398,65535,255,1600,-7784,0,0,0
737399,51,0,1316,10054,1,0,1
737400,19,0,3803,9701,1,0,1
737401,65535,255,5481,9385,0,0,0
737402,16,0,4542,-7217,1,0,1
737403,15,0,2479,-7588,1,0,1
737404,65535,255,337,10602,0,0,0
737405,17,0,3064,9845,1,0,1
737406,25,0,4997,9491,1,0,1
737407,65535,255,5053,-7082,0,0,0
737408,65535,255,3262,-7488,0,0,0
737409,0,0,0,0,0,0,0
737410,65535,255,2227,9942,0,0,0
737411,65535,255,4442,9629,0,0,0
737412,38,0,5497,-6980,1,0,0
737413,65535,255,3947,-7302,0,0,0
737414,24,0,1600,-7539,1,0,1
737415,65535,255,1304,10157,0,0,0
737416,65535,255,3798,9698,0,0,0
737417,65535,255,5476,9414,0,0,0
737418,65535,255,4542,-7224,0,0,0
737419,18,0,2478,-7485,1,0,1
737420,51,0,337,9817,1,0,1
737421,65535,255,3060,9773,0,0,0
737422,0,0,0,0,0,0,0
737423,27,0,5056,-7138,1,0,1
737424,65535,255,3262,-7450,0,0,0
737425,65535,255,650,-7429,0,0,0
737426,65535,255,2227,9899,0,0,0
737427,14,0,4438,9617,1,0,1
737428,65535,255,5497,-6970,0,0,0
737429,65535,255,3947,-7294,0,0,1
737430,65535,255,1600,-7538,0,0,0
737431,15,0,1305,10183,1,0,1
737432,15,0,3797,9706,1,0,1
737433,65535,255,5476,9423,0,0,0
737434,65535,255,4538,-7179,0,0,0
737435,65535,255,2479,-7523,0,0,0
737436,65535,255,336,10211,0,0,0
737437,65535,255,3064,9824,0,0,0
737438,65535,255,4997,9491,0,0,0
737439,36,2,5051,-7087,1,0,1
737440,76,0,3257,-7355,1,0,1
737441,13,0,649,-7786,1,0,1
737442,13,0,2227,10015,1,0,1
737443,65535,255,4442,9573,0,0,0
737444,65535,255,5495,-7012,0,0,0
737445,0,0,0,0,0,0,0
737446,65535,255,1600,-7742,0,0,0
737447,65535,255,1316,10105,0,0,0
737448,65535,255,3806,9689,0,0,0
737449,65535,255,5479,9418,0,0,0
737450,88,0,4535,-7179,1,0,0
737451,17,0,2473,-7524,1,0,1
737452,19,0,342,10303,1,0,1
737453,65535,255,3069,9835,0,0,0
737454,65535,255,5000,9502,0,0,0
737455,65535,255,5048,-7103,0,0,0
737456,65535,255,3253,-7394,0,0,0
737457,65535,255,644,-7994,0,0,0
737458,65535,255,2237,9884,0,0,0
737459,65535,255,4449,9616,0,0,0
737460,53,0,5489,-6981,1,0,1
737461,65535,255,3940,-7310,0,0,0
737462,21,0,1589,-7600,1,0,1
737463,65535,255,1327,9903,0,0,1
737464,65535,255,3809,9752,0,0,0
737465,22,2,5486,9385,1,0,1
737466,18,0,4532,-7236,1,0,1
737467,65535,255,2459,-7461,0,0,0
737468,65535,255,360,9835,0,0,0
737469,65535,255,3078,9803,0,0,0
737470,45,0,5009,9484,1,0,0
737471,65535,255,5042,-7093,0,0,0
737472,65535,255,3244,-7376,0,0,0
737473,168,2,627,-7948,1,0,0
737474,65535,255,2253,9854,0,0,0
737475,74,0,4459,9609,1,0,0
737476,65535,255,5483,-6973,0,0,0
737477,65535,255,3929,-7311,0,0,0
737478,65535,255,1572,-7621,0,0,0
737479,65535,255,1344,9927,0,0,0
737480,0,0,0,0,0,0,0
737481,65535,255,5496,9397,0,0,0
737482,40,0,4525,-7256,3,0,0
737483,65535,255,2449,-7513,0,0,0
737484,65535,255,371,10290,0,0,0
737485,65535,255,3096,9851,0,0,0
737486,65535,255,5018,9516,0,0,0
737487,65535,255,5035,-7128,0,0,0
737488,65535,255,3230,-7454,0,0,0
737489,101,0,603,-7576,1,0,0
737490,29,0,2269,9982,1,0,0
737491,241,0,4475,9569,1,0,0
737492,212,0,5476,-7021,1,0,0
737493,106,0,3913,-7277,3,0,0
737494,65535,255,1550,-7540,0,0,0
737495,65535,255,1367,9854,0,0,0
737496,72,0,3841,9747,1,0,1
737497,21,0,5505,9390,1,0,1
737498,46,0,4511,-7253,1,0,1
737499,65535,255,2429,-7503,0,0,0
737500,46,0,400,10274,1,0,1
737501,23,0,3114,9859,1,0,0
737502,45,0,5033,9523,1,0,0
737503,18,0,5023,-7141,1,0,1
737504,65535,255,3212,-7475,0,0,0
737505,65535,255,580,-7682,0,0,0
737506,65535,255,2296,9809,0,0,0
737507,65535,255,4489,9598,0,0,0
737508,243,2,5463,-6973,1,0,1
737509,65535,255,3898,-7316,0,0,0
737510,17,0,1528,-7667,1,0,1
737511,13,2,1389,10022,1,0,1
737512,135,0,3861,9690,1,0,1
737513,0,0,0,0,0,0,0
737514,65535,255,4494,-7212,0,0,0
737515,65535,255,2402,-7573,0,0,0
737516,17,0,429,9953,1,0,1
737517,18,0,3136,9826,1,0,1
737518,65535,255,5048,9510,0,0,0
737519,253,0,5005,-7128,1,0,1
737520,65535,255,3186,-7460,0,0,0
737521,15,2,545,-7681,1,0,1
737522,232,0,2327,9821,1,0,1
737523,65535,255,4506,9602,0,0,0
737524,65535,255,5449,-6981,0,0,0
737525,65535,255,3876,-7342,0,0,0
737526,88,0,1495,-7562,1,0,1
737527,65535,255,1417,9996,0,0,0
737528,65535,255,3874,9703,0,0,0
737529,65535,255,5526,9381,0,0,0
737530,65535,255,4484,-7258,0,0,0
737531,618,2,2390,-7572,1,0,1
737532,117,0,441,9808,1,0,0
737533,65535,255,3140,9836,0,0,0
737534,65535,255,5048,9531,0,0,0
737535,65535,255,5006,-7084,0,0,0
737536,65535,255,3190,-7411,0,0,0
737537,65535,255,556,-7565,0,0,0
737538,65535,255,2311,9850,0,0,0
737539,65535,255,4496,9634,0,0,0
737540,65535,255,5458,-7020,0,0,1
737541,65535,255,3891,-7309,0,0,0
737542,9,2,1523,-7733,1,0,1
737543,65535,255,1393,9979,0,0,0
737544,18,0,3858,9660,1,0,1
737545,65535,255,5514,9425,0,0,0
737546,53,2,4494,-7230,1,0,0
737547,65535,255,2409,-7530,0,0,0
737548,36,2,420,9557,1,0,0
737549,65535,255,3123,9818,0,0,0
737550,0,0,0,0,0,0,0
737551,46,2,5014,-7082,1,0,1
737552,49,0,3204,-7418,1,0,1
737553,65535,255,580,-7684,0,0,0
737554,59,0,2295,9879,1,0,1
737555,65535,255,4485,9585,0,0,0
737556,65535,255,5466,-6977,0,0,0
737557,0,0,0,0,0,0,0
737558,29,0,1534,-7518,1,0,0
737559,65535,255,1372,10000,0,0,0
737560,65535,255,3846,9716,0,0,0
737561,23,0,5506,9395,1,0,1
737562,65535,255,4504,-7196,0,0,0
737563,65535,255,2424,-7463,0,0,0
737564,65535,255,395,10531,0,0,0
737565,65535,255,3114,9790,0,0,0
737566,71,0,5027,9514,1,0,1
737567,32,0,6281,9203,1,0,1
737568,65535,255,3217,-7416,0,0,0
737569,610,2,591,-7682,1,0,1
737570,42,0,2280,9895,1,0,1
737571,65535,255,4476,9569,0,0,0
737572,50,0,5916,9305,1,0,1
737573,65535,255,6886,9003,0,0,0
737574,65535,255,1550,-7602,0,0,0
737575,65535,255,1361,10099,0,0,0
737576,65535,255,3833,9757,0,0,0
737577,188,0,5501,9423,1,0,1
737578,65535,255,6600,9091,0,0,0
737579,153,0,2434,-7565,1,0,1
737580,55,0,388,9857,1,0,1
737581,65535,255,3100,9871,0,0,0
737582,65535,255,5022,9483,0,0,0
737583,461,0,6279,9184,1,0,1
737584,65535,255,-32768,-32768,0,65535,1
737585,30,0,603,-7462,1,0,1
737586,25,0,2270,9839,1,0,1
737587,65535,255,4469,9652,0,0,0
737588,35,0,5913,9297,1,0,1
737589,0,0,0,0,0,0,0
737590,51,0,1561,-7580,1,0,0
737591,26,0,1349,10103,1,0,1
737592,0,0,0,0,0,0,0
737593,65535,255,5496,9430,0,0,1
737594,65535,255,6598,9095,0,0,0
737595,65535,255,-32768,-32768,0,65535,1
737596,65535,255,376,10113,0,0,0
737597,65535,255,3096,9753,0,0,0
737598,33,0,5018,9506,1,0,1
737599,53,0,6276,9205,1,0,1
737600,65535,255,-32768,-32768,0,65535,1
737601,65535,255,609,-7845,0,0,0
737602,65535,255,2263,9954,0,0,0
737603,31,0,4466,9602,1,0,1
737604,171,0,5911,9299,1,0,0
737605,65535,255,6885,8980,0,0,0
737606,148,0,1562,-7475,1,0,1
737607,33,0,1349,9978,1,0,1
737608,65535,255,3829,9727,0,0,0
737609,34,0,5496,9412,1,0,1
737610,50,0,6597,9085,1,0,1
737611,65535,255,2444,-7565,0,0,0
737612,65535,255,377,10022,0,0,0
737613,65535,255,3096,9754,0,0,0
737614,65535,255,5018,9506,0,0,0
737615,313,0,6276,9205,1,0,1
737616,33,2,3235,-7433,1,0,1
737617,65535,255,615,-7952,0,0,0
737618,65535,255,2264,9983,0,0,0
737619,33,2,4465,9628,1,0,1
737620,65535,255,5913,9285,0,0,0
737621,34,2,3925,-7348,1,0,1
737622,65535,255,1566,-7580,0,0,0
737623,65535,255,1350,10126,0,0,0
737624,69,0,3830,9655,1,0,1
737625,65,0,5496,9374,1,0,1
737626,33,2,4521,-7181,1,0,1
737627,831,1,2443,-7474,1,0,1
737628,65535,255,380,9405,0,0,0
737629,65535,255,3092,9851,0,0,0
737630,65535,255,5018,9478,0,0,0
737631,31,2,5038,-7131,1,0,1
737632,35,2,3234,-7395,1,0,1
737633,68,0,614,-7733,1,0,1
737634,35,2,2264,9938,1,0,1
737635,65535,255,4466,9608,0,0,0
737636,237,0,5480,-7019,1,0,1
737637,38,0,3924,-7341,1,0,1
737638,65535,255,1561,-7579,0,0,0
737639,227,0,1350,10123,1,0,1
737640,31,2,3830,9655,1,0,1
737641,65535,255,5499,9378,0,0,1
737642,184,0,4517,-7188,1,0,1
737643,36,0,2443,-7487,1,0,1
737644,27,0,379,9664,1,0,0
737645,65535,255,3097,9880,0,0,0
737646,313,0,5021,9493,1,0,1
737647,65535,255,5032,-7073,0,0,0
737648,447,0,3230,-7442,1,0,1
737649,286,0,609,-8058,1,0,1
737650,65535,255,2269,9923,0,0,0
737651,65535,255,4470,9651,0,0,0
737652,44,2,5478,-6978,1,0,1
737653,65535,255,3916,-7275,0,0,0
737654,65535,255,1561,-7745,0,0,0
737655,65535,255,1356,9949,0,0,0
737656,326,0,3834,9733,1,0,0
737657,87,0,5499,9424,1,0,1
737658,65535,255,4514,-7257,0,0,1
737659,65535,255,2438,-7435,0,0,0
737660,65535,255,385,10706,0,0,0
737661,30,2,3101,9840,1,0,1
737662,29,2,5022,9482,1,0,1
737663,471,0,5029,-7143,1,0,1
737664,28,2,3225,-7425,1,0,1
737665,74,0,603,-8009,1,0,1
737666,65535,255,2275,10022,0,0,0
737667,171,0,4473,9651,1,0,1
737668,65535,255,5473,-6983,0,0,0
737669,65535,255,3909,-7290,0,0,0
737670,65535,255,1550,-7789,0,0,0
737671,17,0,1361,10023,1,0,1
737672,111,0,3838,9755,1,0,1
737673,45,0,5504,9388,1,0,1
737674,65535,255,4507,-7189,0,0,0
737675,65535,255,2428,-7501,0,0,0
737676,13,0,395,9850,1,0,1
737677,65535,255,3111,9750,0,0,0
737678,32,0,5028,9519,1,0,1
737679,65535,255,5023,-7107,0,0,0
737680,65535,255,3212,-7358,0,0,0
737681,40,0,585,-7620,1,0,0
737682,44,0,2286,9936,1,0,1
737683,10,2,4480,9618,1,0,0
737684,21,0,5467,-7012,1,0,1
737685,7,2,3903,-7324,1,0,1
737686,14,2,1539,-7727,1,0,1
737687,14,2,1379,9973,1,0,1
737688,17,2,3846,9754,1,0,1
737689,22,0,5510,9371,1,0,1
737690,558,2,4497,-7197,1,0,1
737691,20,2,2413,-7541,1,0,1
737692,14,2,412,10101,1,0,1
737693,16,0,3124,9798,1,0,1
737694,22,0,5037,9485,1,0,1
737695,31,0,5026,-7138,1,0,1
737696,718,0,3217,-7439,1,0,1
737697,65535,255,592,-7290,0,0,1
737698,65535,255,2281,9875,0,0,0
737699,65535,255,4473,9596,0,0,0
737700,65535,255,5473,-7029,0,0,0
737701,65535,255,3913,-7383,0,0,0
737702,65535,255,1555,-7751,0,0,0
737703,12,0,1356,10044,1,0,1
737704,25,2,3835,9659,1,0,1
737705,65535,255,5500,9392,0,0,0
737706,65535,255,4514,-7237,0,0,0
737707,65535,255,2438,-7511,0,0,0
737708,65535,255,385,9582,0,0,0
737709,15,2,3102,9747,1,0,1
737710,96,0,5019,9528,1,0,0
737711,120,0,5032,-7125,1,0,0
737712,23,0,3229,-7418,1,0,1
737713,9,2,609,-8118,1,0,1
737714,22,0,2270,9877,1,0,1
737715,65535,255,4467,9605,0,0,0
737716,96,0,5479,-7027,1,0,0
737717,26,0,3921,-7285,1,0,1
737718,12,2,1562,-7499,1,0,1
737719,65535,255,1350,10147,0,0,0
737720,65535,255,3830,9708,0,0,0
737721,65535,255,5496,9426,0,0,0
737722,31,0,4518,-7185,1,0,1
737723,65535,255,2444,-7555,0,0,0
737724,65535,255,377,10457,0,0,0
737725,65535,255,3096,9858,0,0,0
737726,65535,255,5018,9508,0,0,0
737727,65535,255,5036,-7113,0,0,0
737728,65535,255,3235,-7408,0,0,0
737729,0,0,0,0,0,0,0
737730,65535,255,2264,9922,0,0,0
737731,21,0,4465,9631,1,0,1
737732,65535,255,5481,-6985,0,0,1
737733,17,0,3924,-7329,1,0,1
737734,65535,255,1567,-7645,0,0,0
737735,40,0,1349,9975,1,0,1
737736,65535,255,3829,9676,0,0,0
737737,21,0,5496,9399,1,0,0
737738,22,0,4521,-7259,1,0,1
737739,65535,255,2444,-7504,0,0,0
737740,65535,255,377,10194,0,0,0
737741,0,0,0,0,0,0,0
737742,12,2,5018,9508,1,0,1
737743,65535,255,5035,-7113,0,0,0
737744,89,0,3231,-7417,1,0,1
737745,20,0,610,-7358,1,0,1
737746,109,0,2269,9922,1,0,1
737747,65535,255,4469,9643,0,0,0
737748,65535,255,5481,-6999,0,0,0
737749,65535,255,3921,-7359,0,0,0
737750,96,0,1561,-7751,1,0,1
737751,65535,255,1350,10098,0,0,0
737752,63,0,3833,9708,1,0,1
737753,65535,255,5498,9431,0,0,0
737754,46,2,4518,-7209,1,0,0
737755,65535,255,2444,-7619,0,0,0
737756,65535,255,384,9675,0,0,0
737757,65535,255,3105,9789,0,0,0
737758,67,0,5024,9485,1,0,1
737759,65535,255,5029,-7103,0,0,0
737760,23,0,3226,-7399,1,0,1
737761,125,2,599,-7296,1,0,0
737762,65535,255,2274,9936,0,0,0
737763,65535,255,4472,9649,0,0,0
737764,123,2,5476,-7013,3,0,0
737765,65535,255,3913,-7349,0,0,0
737766,33,0,1550,-7519,1,0,0
737767,96,0,1368,9851,1,0,0
737768,0,0,0,0,0,0,0
737769,65535,255,5505,9393,0,0,0
737770,65535,255,4511,-7260,0,0,0
737771,30,0,2429,-7543,3,0,0
737772,65535,255,394,10529,0,0,0
737773,0,0,0,0,0,0,0
737774,55,0,5031,9507,3,0,0
737775,65535,255,5023,-7082,0,0,0
737776,0,0,0,0,0,0,0
737777,65535,255,586,-8081,0,0,0
737778,70,0,2290,9906,1,0,0
737779,30,0,4482,9648,1,0,1
737780,65535,255,5469,-7011,0,0,0
737781,48,0,3902,-7289,1,0,1
737782,21,0,1534,-7541,1,0,1
737783,42,0,1384,9901,1,0,1
737784,25,0,3854,9659,1,0,1
737785,65535,255,5511,9410,0,0,0
737786,65535,255,4497,-7193,0,0,0
737787,16,0,2414,-7597,1,0,1
737788,65535,255,419,9710,0,0,0
737789,0,0,0,0,0,0,0
737790,41,0,5040,9499,1,0,1
737791,65535,255,5011,-7122,0,0,0
737792,20,0,3199,-7449,1,0,1
737793,65535,255,562,-7683,0,0,0
737794,0,0,0,0,0,0,0
737795,65535,255,4496,9608,0,0,0
737796,65535,255,5456,-6990,0,0,0
737797,21,0,3887,-7356,1,0,1
737798,65535,255,1510,-7727,0,0,0
737799,18,0,1401,10115,1,0,1
737800,65535,255,3870,9718,0,0,0
737801,315,2,5525,9380,1,0,0
737802,65535,255,4484,-7253,0,0,0
737803,65535,255,2390,-7535,0,0,0
737804,65535,255,442,10563,0,0,0
737805,61,0,3150,9765,1,0,0
737806,65535,255,5054,9486,0,0,0
737807,20,0,4999,-7109,1,0,1
737808,0,0,0,0,0,0,0
737809,125,2,533,-7629,1,0,0
737810,35,0,2333,9820,3,0,0
737811,65535,255,4513,9612,0,0,0
737812,65535,255,5444,-6994,0,0,0
737813,65535,255,3868,-7314,0,0,0
737814,65535,255,1490,-7785,0,0,0
737815,65535,255,1423,9926,0,0,0
737816,65535,255,3882,9695,0,0,1
737817,65535,255,5530,9384,0,0,0
737818,65535,255,4474,-7185,0,0,1
737819,33,2,2380,-7455,1,0,1
737820,78,0,447,10484,1,0,1
737821,65535,255,3150,9796,0,0,0
737822,65535,255,5052,9525,0,0,0
737823,65535,255,4999,-7087,0,0,0
737824,13,0,3185,-7442,1,0,1
737825,65535,255,551,-7929,0,0,0
737826,65535,255,2317,9947,0,0,0
737827,0,0,0,0,0,0,0
737828,65535,255,5453,-7004,0,0,0
737829,24,0,3883,-7305,1,0,1
737830,65535,255,1512,-7759,0,0,0
737831,0,0,0,0,0,0,0
737832,65535,255,3866,9706,0,0,0
737833,65535,255,5519,9396,0,0,0
737834,0,0,0,0,0,0,0
737835,27,0,2399,-7494,1,0,1
737836,94,2,431,9579,1,0,1
737837,65535,255,3132,9847,0,0,0
737838,22,0,5043,9467,1,0,1
737839,65535,255,5012,-7117,0,0,0
737840,65535,255,3198,-7481,0,0,0
737841,65535,255,568,-7456,0,0,0
737842,139,0,2307,9850,1,0,1
737843,25,0,4491,9586,1,0,1
737844,62,0,5461,-6975,1,0,1
737845,111,0,3895,-7378,1,0,1
737846,0,0,0,0,0,0,0
737847,65535,255,1384,10194,0,0,0
737848,65535,255,3857,9676,0,0,0
737849,65535,255,5514,9379,0,0,0
737850,30,0,4497,-7187,1,0,1
737851,17,0,2414,-7467,1,0,1
737852,65535,255,410,10106,0,0,0
737853,65535,255,3123,9829,0,0,0
737854,65535,255,5036,9470,0,0,0
737855,24,0,5020,-7121,1,0,1
737856,65535,255,3208,-7372,0,0,0
737857,65535,255,580,-7519,0,0,0
737858,65535,255,2290,9881,0,0,0
737859,65535,255,4486,9580,0,0,0
737860,65535,255,5468,-6991,0,0,0
737861,65535,255,3902,-7294,0,0,0
737862,65535,255,1539,-7754,0,0,0
737863,65535,255,1378,9928,0,0,0
737864,19,0,3845,9717,1,0,1
737865,65535,255,5509,9407,0,0,0
737866,36,0,4504,-7230,1,0,1
737867,65535,255,2424,-7570,0,0,0
737868,18,0,400,10119,1,0,1
737869,65535,255,3114,9770,0,0,0
737870,0,0,0,0,0,0,0
737871,65535,255,5023,-7092,0,0,0
737872,16,0,3217,-7475,1,0,1
737873,65535,255,587,-7296,0,0,0
737874,73,0,2285,9838,1,0,1
737875,28,0,4481,9582,1,0,1
737876,22,0,5471,-6985,1,0,1
737877,65535,255,3905,-7286,0,0,0
737878,15,0,1545,-7752,1,0,1
737879,0,0,0,0,0,0,0
737880,65535,255,3845,9732,0,0,0
737881,65535,255,5506,9422,0,0,0
737882,31,2,4508,-7253,1,0,0
737883,18,0,2429,-7633,1,0,1
737884,65535,255,395,10534,0,0,0
737885,65535,255,3114,9830,0,0,0
737886,65535,255,5030,9476,0,0,0
737887,12,0,5026,-7135,1,0,1
737888,46,0,3217,-7408,1,0,0
737889,0,0,0,0,0,0,0
737890,30,0,2285,9995,1,0,1
737891,12,0,4479,9632,1,0,1
737892,65535,255,5471,-6971,0,0,0
737893,31,0,3906,-7303,1,0,1
737894,0,0,0,0,0,0,0
737895,37,0,1372,9953,1,0,1
737896,65535,255,3841,9732,0,0,0
737897,65535,255,5506,9426,0,0,0
737898,25,0,4507,-7266,1,0,1
737899,65535,255,2424,-7463,0,0,0
737900,12,0,402,9538,1,0,1
737901,65535,255,3114,9879,0,0,0
737902,65535,255,5031,9502,0,0,0
737903,64,0,5020,-7087,1,0,1
737904,38,0,3212,-7484,1,0,1
737905,0,0,0,0,0,0,0
737906,76,0,2290,9895,1,0,1
737907,65535,255,4483,9600,0,0,0
737908,65535,255,5469,-7018,0,0,0
737909,65535,255,3906,-7359,0,0,0
737910,14,0,1539,-7668,1,0,1
737911,0,0,0,0,0,0,0
737912,65535,255,3846,9724,0,0,0
737913,49,0,5509,9426,1,0,0
737914,65535,255,4501,-7173,0,0,0
737915,65535,255,2419,-7490,0,0,0
737916,10,0,406,9791,1,0,1
737917,89,2,3123,9760,1,0,1
737918,8,0,5034,9530,1,0,1
737919,11,0,5017,-7119,1,0,1
737920,65535,255,3203,-7390,0,0,0
737921,94,2,574,-7858,1,0,1
737922,19,0,2296,10007,1,0,1
737923,39,0,4487,9619,1,0,0
737924,21,0,5463,-6996,1,0,1
737925,38,0,3895,-7324,1,0,1
737926,65535,255,1528,-7583,0,0,0
737927,65535,255,1388,9949,0,0,0
737928,65535,255,3854,9715,0,0,0
737929,0,0,0,0,0,0,0
737930,36,0,4493,-7236,1,0,1
737931,65535,255,2404,-7492,0,0,0
737932,49,0,423,9959,1,0,1
737933,24,0,3133,9778,1,0,1
737934,65535,255,5041,9507,0,0,0
737935,21,0,6291,9189,1,0,1
737936,65535,255,3195,-7429,0,0,1
737937,65535,255,560,-7744,0,0,0
737938,41,0,2312,9878,1,0,1
737939,65535,255,4496,9597,0,0,0
737940,65535,255,5932,9284,0,0,0
737941,65535,255,6899,8961,0,0,0
737942,56,0,1512,-7779,1,0,1
737943,13,0,1400,10070,1,0,1
737944,63,2,3870,9674,1,0,1
737945,41,0,5522,9400,1,0,0
737946,0,0,6615,9094,1,0,1
737947,0,0,0,0,0,0,0
737948,65535,255,441,9813,0,0,0
737949,0,0,3146,9767,1,0,1
737950,65535,255,5052,9513,0,0,0
737951,65535,255,6299,9190,0,0,0
737952,65535,255,-32768,-32768,0,65535,1
737953,65535,255,540,-7316,0,0,0
737954,16,0,2327,9904,1,0,0
737955,76,2,4510,9620,1,0,1
737956,19,0,5940,9303,1,0,1
737957,65535,255,6905,8975,0,0,1
737958,35,0,1490,-7541,1,0,1
737959,19,0,1424,9923,1,0,1
737960,65535,255,3882,9719,0,0,0
737961,35,0,5532,9431,1,0,1
737962,29,0,6623,9067,1,0,1
737963,65535,255,-32768,-32768,0,65535,1
737964,65535,255,459,10471,0,0,0
737965,20,0,3163,9862,1,0,1
737966,65535,255,5064,9513,0,0,0
737967,65535,255,6305,9204,0,0,0
737968,65535,255,-32768,-32768,0,65535,1
737969,11,0,527,-7622,1,0,1
737970,70,0,2343,9861,1,0,1
737971,53,0,4516,9644,1,0,1
737972,65535,255,5944,9286,0,0,0
737973,65535,255,6906,8983,0,0,1
737974,12,0,1490,-7783,1,0,1
737975,65535,255,1430,9880,0,0,0
737976,65535,255,3886,9672,0,0,0
737977,10,0,5532,9367,1,0,1
737978,65535,255,6621,9094,0,0,0
737979,4,0,2380,-7560,1,0,1
737980,62,2,453,9817,1,0,0
737981,23,0,3154,9845,1,0,0
737982,3,0,5056,9500,1,0,1
737983,0,0,6301,9164,1,0,0
737984,6,0,3181,-7441,1,0,1
737985,65535,255,545,-7865,0,0,0
737986,12,0,2327,9919,1,0,1
737987,26,0,4510,9577,1,0,1
737988,65535,255,5939,9303,0,0,0
737989,65535,255,3879,-7364,0,0,0
737990,14,0,1500,-7562,1,0,0
737991,15,0,1412,10043,1,0,1
737992,65535,255,3874,9727,0,0,0
737993,15,0,5524,9399,1,0,1
737994,65535,255,4483,-7201,0,0,0
737995,65535,255,2389,-7466,0,0,0
737996,65535,255,436,10486,0,0,0
737997,21,0,3146,9785,1,0,1
737998,65535,255,5049,9515,0,0,0
737999,65535,255,5006,-7114,0,0,0
738000,65535,255,3189,-7410,0,0,0
738001,13,0,555,-7679,1,0,1
738002,65535,255,2317,9876,0,0,0
738003,65535,255,4504,9564,0,0,0
738004,33,0,5455,-6970,1,0,1
738005,65535,255,3886,-7362,0,0,0
738006,8,0,1511,-7561,1,0,1
738007,65535,255,1401,10044,0,0,0
738008,9,0,3867,9736,1,0,1
738009,12,0,5519,9410,1,0,1
738010,65535,255,4490,-7218,0,0,0
738011,65535,255,2398,-7517,0,0,0
738012,19,0,431,9568,1,0,1
738013,20,0,3137,9836,1,0,1
738014,20,0,5044,9505,1,0,1
738015,65535,255,5011,-7104,0,0,0
738016,35,0,3198,-7467,1,0,1
738017,8,0,568,-8030,1,0,1
738018,13,0,2306,9976,1,0,1
738019,65535,255,4496,9616,0,0,0
738020,65535,255,5460,-7011,0,0,0
738021,14,0,3890,-7310,1,0,1
738022,11,0,1522,-7775,1,0,1
738023,12,0,1396,9924,1,0,1
738024,20,0,3862,9698,1,0,1
738025,65535,255,5517,9388,0,0,0
738026,20,0,4493,-7192,1,0,1
738027,65535,255,2403,-7465,0,0,0
738028,12,0,419,10581,1,0,1
738029,12,0,3128,9817,1,0,1
738030,19,0,5040,9532,1,0,1
738031,65535,255,5013,-7098,0,0,0
738032,65535,255,3198,-7466,0,0,0
738033,22,0,568,-8086,1,0,1
738034,7,0,2302,9990,1,0,1
738035,11,0,4490,9623,1,0,1
738036,65535,255,5460,-7019,0,0,0
738037,65535,255,3893,-7331,0,0,0
738038,8,0,1522,-7516,1,0,1
738039,8,0,1390,10022,1,0,1
738040,24,0,3859,9737,1,0,1
738041,25,0,5515,9415,1,0,1
738042,51,2,4493,-7235,1,0,0
738043,12,0,2409,-7569,1,0,1
738044,65535,255,418,10026,0,0,0
738045,16,0,3129,9749,1,0,1
738046,38,2,5041,9501,1,0,1
738047,25,0,5011,-7100,1,0,1
738048,65535,255,3198,-7428,0,0,0
738049,31,0,567,-7855,1,0,1
738050,34,0,2302,9963,1,0,1
738051,37,0,4490,9610,1,0,1
738052,65535,255,5461,-7014,0,0,0
738053,17,0,3890,-7331,1,0,1
738054,16,0,1522,-7517,1,0,1
738055,18,0,1390,10046,1,0,1
738056,30,0,3859,9753,1,0,1
738057,36,0,5515,9429,1,0,1
738058,17,0,4494,-7254,1,0,1
738059,14,0,2423,-7453,1,0,1
738060,15,0,402,9771,1,0,0
738061,12,0,3115,9776,1,0,0
738062,65535,255,5032,9465,0,0,0
738063,30,0,5023,-7149,1,0,0
738064,0,0,0,0,0,0,0
738065,0,0,590,-7574,1,0,1
738066,65535,255,2281,9976,0,0,0
738067,6,0,4478,9621,1,0,1
738068,0,0,5470,-7002,1,0,1
738069,4,0,3909,-7354,1,0,0
738070,12,0,1544,-7711,1,0,1
738071,65535,255,1368,10020,0,0,0
738072,28,0,3843,9673,1,0,1
738073,14,0,5503,9405,1,0,1
738074,65535,255,4507,-7262,0,0,0
738075,29,0,2428,-7519,1,0,0
738076,65535,255,395,10270,0,0,0
738077,18,0,3111,9845,1,0,1
738078,15,0,5026,9505,1,0,1
738079,65535,255,5025,-7116,0,0,0
738080,29,0,3216,-7411,1,0,1
738081,65535,255,592,-7294,0,0,0
738082,12,0,2280,9906,1,0,1
738083,27,0,4477,9634,1,0,1
738084,65535,255,5470,-6993,0,0,0
738085,65535,255,3908,-7340,0,0,0
738086,65535,255,1549,-7711,0,0,0
738087,65535,255,1367,10047,0,0,0
738088,65535,255,3842,9683,0,0,0
738089,65535,255,5504,9420,0,0,0
738090,27,0,4508,-7193,1,0,1
738091,65535,255,2429,-7584,0,0,0
738092,65535,255,401,9734,0,0,0
738093,0,0,0,0,0,0,0
738094,158,2,5030,9472,1,0,0
738095,28,0,5023,-7078,1,0,1
738096,65535,255,3213,-7412,0,0,0
738097,8,0,591,-7913,1,0,1
738098,65535,255,2285,9864,0,0,0
738099,65535,255,4479,9616,0,0,0
738100,33,0,5469,-6988,1,0,1
738101,65535,255,3906,-7340,0,0,0
738102,37,0,1539,-7734,1,0,1
738103,11,0,1373,10095,1,0,1
738104,52,0,3849,9713,1,0,1
738105,49,0,5511,9369,1,0,1
738106,19,0,4504,-7232,1,0,0
738107,65535,255,2419,-7467,0,0,0
738108,27,0,405,10108,1,0,1
738109,15,0,3118,9847,1,0,0
738110,35,0,5036,9521,1,0,1
738111,27,0,5020,-7144,1,0,1
738112,50,0,3208,-7488,1,0,1
738113,65535,255,579,-7860,0,0,0
738114,65535,255,2301,9863,0,0,0
738115,65535,255,4489,9621,0,0,0
738116,19,0,5466,-6994,1,0,1
738117,28,0,3898,-7363,1,0,1
738118,65535,255,1523,-7479,0,0,0
738119,14,0,1390,9854,1,0,1
738120,65535,255,3858,9758,0,0,0
738121,65535,255,5516,9404,0,0,0
738122,17,0,4494,-7183,1,0,1
738123,65535,255,2409,-7600,0,0,0
738124,8,0,424,9723,1,0,1
738125,65535,255,3136,9815,0,0,0
738126,65535,255,5045,9504,0,0,0
738127,25,0,5011,-7129,1,0,1
738128,14,0,3194,-7480,1,0,1
738129,65535,255,556,-7867,0,0,0
738130,65535,255,2317,9876,0,0,0
738131,65535,255,4502,9639,0,0,0
738132,45,0,5456,-7014,1,0,1
738133,38,0,3883,-7283,1,0,1
738134,11,0,1506,-7609,1,0,1
738135,20,0,1412,10018,1,0,0
738136,15,0,3874,9664,1,0,1
738137,27,0,5526,9375,1,0,1
738138,65535,255,4484,-7185,0,0,0
738139,65535,255,2394,-7469,0,0,0
738140,11,0,437,9504,1,0,1
738141,65535,255,3141,9844,0,0,0
738142,65535,255,5048,9482,0,0,0
738143,317,0,5008,-7135,1,0,0
738144,313,0,3190,-7394,1,0,0
738145,0,0,0,0,0,0,0
738146,48,2,2311,9947,3,0,0
738147,65535,255,4496,9608,0,0,0
738148,27,0,5461,-7022,3,0,0
738149,65535,255,3891,-7341,0,0,0
738150,0,0,0,0,0,0,0
738151,65535,255,1390,10142,0,0,0
738152,29,0,3862,9666,1,0,1
738153,65535,255,5516,9382,0,0,0
738154,65535,255,4494,-7200,0,0,0
738155,65535,255,2409,-7519,0,0,0
738156,65535,255,418,9873,0,0,0
738157,19,0,3128,9748,1,0,1
738158,65535,255,5039,9511,0,0,0
738159,21,0,5014,-7090,1,0,1
738160,65535,255,3204,-7469,0,0,0
738161,65535,255,575,-7342,0,0,0
738162,65535,255,2301,9850,0,0,0
738163,65535,255,4490,9578,0,0,0
738164,98,2,5464,-6997,1,0,1
738165,22,0,3898,-7310,1,0,1
738166,37,0,1528,-7521,1,0,0
738167,11,0,1378,10072,1,0,1
738168,43,0,3854,9652,1,0,1
738169,65535,255,5511,9379,0,0,0
738170,65535,255,4501,-7199,0,0,0
738171,23,0,2419,-7517,1,0,0
738172,65535,255,410,9950,0,0,0
738173,57,0,3122,9760,1,0,1
738174,65535,255,5032,9523,0,0,0
738175,23,0,5019,-7104,1,0,1
738176,65535,255,3211,-7433,0,0,0
738177,65535,255,581,-7628,0,0,0
738178,65535,255,2289,9922,0,0,0
738179,16,0,4481,9611,1,0,1
738180,34,0,5468,-7027,1,0,1
738181,65535,255,3904,-7368,0,0,1
738182,65535,255,1541,-7688,0,0,0
738183,65535,255,1377,9902,0,0,0
738184,65535,255,3844,9723,0,0,0
738185,32,0,5505,9422,3,0,0
738186,65535,255,4506,-7259,0,0,0
738187,25,0,2421,-7464,3,0,0
738188,65535,255,406,9622,0,0,0
738189,65535,255,3113,9889,0,0,0
738190,65535,255,5030,9508,0,0,0
738191,109,2,5022,-7097,3,0,0
738192,65535,255,3214,-7494,0,0,0
738193,27,0,587,-7573,3,0,0
738194,65535,255,2284,9923,0,0,0
738195,43,0,4478,9618,3,0,0
738196,65535,255,5470,-7035,0,0,0
738197,65535,255,3906,-7344,0,0,0
738198,65535,255,1541,-7751,0,0,0
738199,65535,255,1371,9999,0,0,0
738200,65535,255,3845,9755,0,0,0
738201,65535,255,5508,9371,0,0,0
738202,65535,255,4503,-7197,0,0,0
738203,65535,255,2425,-7543,0,0,0
738204,26,0,399,10192,3,0,0
738205,65535,255,3113,9800,0,0,0
738206,65535,255,5030,9470,0,0,0
738207,65535,255,5022,-7141,0,0,0
738208,29,0,3213,-7436,3,0,0
738209,65535,255,588,-8016,0,0,0
738210,65535,255,2289,9852,0,0,0
738211,46,0,4481,9587,1,0,1
738212,46,0,5468,-7018,1,0,1
738213,48,0,3903,-7360,1,0,1
738214,59,0,1540,-7688,1,0,1
738215,65535,255,1377,9952,0,0,0
738216,0,0,0,0,0,0,0
738217,79,0,5508,9371,3,0,0
738218,65535,255,4502,-7203,0,0,0
738219,16,0,2420,-7569,1,0,1
738220,16,0,405,10354,3,0,1
738221,65535,255,3117,9838,0,0,0
738222,65535,255,5033,9491,0,0,0
738223,23,0,5018,-7087,1,0,1
738224,65535,255,3209,-7494,0,0,0
738225,14,0,581,-7627,1,0,1
738226,27,2,2294,9965,1,0,0
738227,65535,255,4485,9643,0,0,0
738228,65535,255,5464,-6986,0,0,0
738229,65535,255,3899,-7315,0,0,0
738230,17,0,1529,-7582,1,0,0
738231,65535,255,1389,9854,0,0,0
738232,65535,255,3857,9722,0,0,0
738233,65535,255,5512,9430,0,0,0
738234,65535,255,4495,-7192,0,0,0
738235,22,0,2410,-7543,1,0,1
738236,13,0,417,10346,1,0,1
738237,14,0,3126,9838,1,0,1
738238,33,0,5041,9495,1,0,1
738239,93,2,5012,-7094,1,0,1
738240,65535,255,3200,-7371,0,0,0
738241,65535,255,569,-7855,0,0,0
738242,65535,255,2308,9880,0,0,0
738243,45,0,4498,9578,1,0,1
738244,65535,255,5459,-7019,0,0,0
738245,12,0,3891,-7376,1,0,1
738246,65535,255,1518,-7754,0,0,0
738247,0,0,0,0,0,0,0
738248,24,0,3869,9682,1,0,1
738249,38,0,5522,9410,1,0,1
738250,31,0,4487,-7236,1,0,1
738251,22,0,2395,-7518,1,0,1
738252,13,0,434,10262,1,0,1
738253,24,0,3144,9836,1,0,1
738254,22,0,5050,9500,1,0,1
738255,19,0,5005,-7106,1,0,1
738256,65535,255,3182,-7391,0,0,0
738257,65535,255,546,-8104,0,0,0
738258,65535,255,2326,9878,0,0,0
738259,65535,255,4508,9615,0,0,0
738260,65535,255,5449,-6976,0,0,0
738261,65535,255,3876,-7311,0,0,0
738262,65535,255,1496,-7604,0,0,0
738263,65535,255,1423,9926,0,0,0
738264,65535,255,3881,9758,0,0,0
738265,28,0,5533,9389,1,0,1
738266,41,0,4474,-7246,1,0,1
738267,31,0,2375,-7480,1,0,1
738268,65535,255,463,10109,0,0,0
738269,15,0,3163,9823,1,0,1
738270,21,0,5063,9502,1,0,1
738271,65535,255,4990,-7110,0,0,0
738272,24,0,3163,-7414,1,0,1
738273,17,0,517,-7300,1,0,0
738274,65535,255,2348,9930,0,0,0
738275,65535,255,4523,9643,0,0,0
738276,65535,255,5441,-7040,0,0,0
738277,65535,255,3859,-7329,0,0,0
738278,65535,255,1479,-7741,0,0,0
738279,65535,255,1435,10159,0,0,0
738280,65535,255,3890,9748,0,0,0
738281,65535,255,5534,9402,0,0,0
738282,29,0,4470,-7184,1,0,1
738283,26,0,2375,-7615,1,0,1
738284,65535,255,458,9968,0,0,0
738285,16,0,3159,9844,1,0,1
738286,65535,255,5058,9530,0,0,0
738287,65535,255,4994,-7112,0,0,0
738288,39,0,3172,-7393,1,0,1
738289,74,0,534,-7375,1,0,1
738290,14,0,2327,10002,1,0,1
738291,65535,255,4510,9601,0,0,0
738292,65535,255,5938,9316,0,0,0
738293,22,0,3879,-7364,1,0,1
738294,17,0,1501,-7543,1,0,1
738295,20,0,1412,9975,1,0,1
738296,26,0,3870,9697,1,0,1
738297,29,0,5524,9373,1,0,1
738298,90,0,4484,-7251,1,0,1
738299,29,0,2394,-7558,1,0,1
738300,9,2,436,9658,1,0,1
738301,65535,255,3141,9827,0,0,0
738302,65535,255,5046,9527,0,0,0
738303,65535,255,6293,9204,0,0,0
738304,0,0,0,0,0,0,0
738305,0,0,0,0,0,0,0
738306,65535,255,2312,9823,0,0,0
738307,65535,255,4493,9623,0,0,0
738308,17,0,5930,9269,1,0,1
738309,65535,255,6895,8973,0,0,0
738310,0,0,0,0,0,0,0
738311,65535,255,1390,10144,0,0,0
738312,58,0,3857,9754,1,0,1
738313,73,0,5514,9412,1,0,1
738314,38,0,6609,9078,1,0,1
738315,65535,255,2409,-7478,0,0,0
738316,65535,255,412,10514,0,0,0
738317,38,0,3128,9780,1,0,0
738318,33,0,5037,9507,1,0,1
738319,65535,255,6288,9194,0,0,0
738320,65535,255,-32768,-32768,0,65535,1
738321,42,2,580,-7970,1,0,0
738322,65535,255,2290,9909,0,0,0
738323,55,0,4482,9643,1,0,1
738324,29,0,5922,9283,1,0,1
738325,65535,255,6890,8977,0,0,1
738326,65535,255,1539,-7668,0,0,0
738327,65535,255,1367,10100,0,0,0
738328,65535,255,3842,9725,0,0,0
738329,65535,255,5504,9387,0,0,0
738330,65535,255,6602,9103,0,0,0
738331,65535,255,-32768,-32768,0,65535,1
738332,65535,255,396,9612,0,0,1
738333,65535,255,3105,9812,0,0,0
738334,65535,255,5025,9516,0,0,0
738335,38,0,6279,9196,1,0,1
738336,65535,255,-32768,-32768,0,65535,1
738337,65535,255,604,-8126,0,0,0
738338,65535,255,2269,9955,0,0,0
738339,65535,255,4469,9583,0,0,0
738340,65535,255,5911,9302,0,0,0
738341,65535,255,6884,8995,0,0,0
738342,37,0,1562,-7475,1,0,1
738343,65535,255,1350,9880,0,0,0
738344,90,0,3830,9672,1,0,1
738345,65535,255,5493,9430,0,0,0
738346,65535,255,6596,9086,0,0,0
738347,38,2,2448,-7513,1,0,0
738348,65535,255,372,10651,0,0,0
738349,65535,255,3092,9784,0,0,0
738350,65535,255,5015,9502,0,0,0
738351,65535,255,6273,9187,0,0,0
738352,25,0,3241,-7438,1,0,1
738353,28,2,626,-8056,1,0,1
738354,65535,255,2254,9969,0,0,0
738355,65535,255,4456,9591,0,0,0
738356,65535,255,5904,9312,0,0,0
738357,47,0,3935,-7361,1,0,1
738358,136,2,1577,-7558,1,0,0
738359,91,0,1334,9974,1,0,1
738360,65535,255,3814,9704,0,0,0
738361,3,2,5487,9381,1,0,1
738362,65535,255,4531,-7173,0,0,0
738363,503,2,2463,-7600,1,0,1
738364,0,0,0,0,0,0,0
738365,0,0,0,0,0,0,0
738366,0,0,0,0,0,0,0
738367,0,0,0,0,0,0,0
738368,0,0,0,0,0,0,0
738369,0,0,0,0,0,0,0
738370,0,0,0,0,0,0,0
738371,0,0,0,0,0,0,0
738372,0,0,0,0,0,0,0
738373,0,0,0,0,0,0,0
738374,0,0,0,0,0,0,0
738375,0,0,0,0,0,0,0
738376,0,0,0,0,0,0,0
738377,0,0,0,0,0,0,0
738378,0,0,0,0,0,0,0
738379,0,0,0,0,0,0,0
738380,0,0,0,0,0,0,0
738381,0,0,0,0,0,0,0
738382,0,0,0,0,0,0,0
738383,0,0,0,0,0,0,0
738384,0,0,0,0,0,0,0
738385,0,0,0,0,0,0,0
738386,0,0,0,0,0,0,0
738387,0,0,0,0,0,0,0
738388,0,0,0,0,0,0,0
738389,0,0,0,0,0,0,0
738390,0,0,0,0,0,0,0
738391,0,0,0,0,0,0,0
738392,0,0,0,0,0,0,0
738393,0,0,0,0,0,0,0
738394,0,0,0,0,0,0,0
738395,0,0,0,0,0,0,0
738396,0,0,0,0,0,0,0
738397,65535,255,3060,9785,0,0,0
738398,65535,255,4992,9516,0,0,0
738399,65535,255,5057,-7079,0,0,0
738400,0,0,0,0,0,0,0
738401,65535,255,660,-7782,0,0,0
738402,72,0,2222,9915,1,0,1
738403,18,0,4436,9582,1,0,1
738404,65535,255,5501,-6985,0,0,0
738405,65535,255,3954,-7269,0,0,0
738406,152,0,1609,-7656,1,0,1
738407,42,0,1300,10185,1,0,1
738408,65535,255,3792,9707,0,0,0
738409,65535,255,5472,9439,0,0,0
738410,41,0,4548,-7177,1,0,1
738411,250,0,2487,-7622,1,0,1
738412,65535,255,326,10309,0,0,0
738413,65535,255,3056,9776,0,0,0
738414,65535,255,4992,9516,0,0,0
738415,65535,255,5057,-7083,0,0,0
738416,65535,255,3270,-7437,0,0,0
738417,47,0,660,-7929,1,0,0
738418,8,2,2217,9976,1,0,1
738419,81,0,4436,9614,1,0,1
738420,0,2,5501,-7017,1,0,1
738421,129,0,3954,-7327,1,0,0
738422,6,2,1610,-7514,1,0,1
738423,58,0,1300,10005,1,0,1
738424,97,0,3794,9740,1,0,1
738425,65535,255,5472,9417,0,0,0
738426,12,2,4547,-7238,1,0,1
738427,65535,255,2487,-7583,0,0,0
738428,65535,255,325,10214,0,0,0
738429,65535,255,3056,9776,0,0,0
738430,115,0,4993,9522,1,0,1
738431,109,0,5055,-7094,1,0,1
738432,65535,255,3266,-7465,0,0,0
738433,65535,255,656,-7377,0,0,0
738434,65535,255,2228,9814,0,0,0
738435,27,0,4436,9652,1,0,1
738436,58,0,5496,-6977,1,0,0
738437,65535,255,3946,-7276,0,0,0
738438,65535,255,1604,-7717,0,0,0
738439,65535,255,1312,9903,0,0,0
738440,65535,255,3798,9716,0,0,0
738441,65535,255,5475,9411,0,0,0
738442,65535,255,4541,-7238,0,0,0
738443,17,0,2478,-7571,1,0,0
738444,65535,255,332,10509,0,0,0
738445,20,0,3056,9848,1,0,1
738446,65535,255,4993,9506,0,0,0
738447,65535,255,5055,-7098,0,0,0
738448,15,0,3270,-7370,1,0,1
738449,10,2,665,-7829,1,0,1
738450,77,0,2212,10011,1,0,0
738451,40,0,4430,9578,1,0,1
738452,128,2,5504,-7015,1,0,1
738453,33,0,3962,-7370,1,0,1
738454,65535,255,1627,-7734,0,0,0
738455,0,0,0,0,0,0,0
738456,65535,255,3778,9681,0,0,0
738457,65535,255,5461,9411,0,0,0
738458,65535,255,4559,-7166,0,0,0
738459,65535,255,2513,-7517,0,0,0
738460,65535,255,290,10234,0,0,0
738461,15,0,3027,9833,1,0,1
738462,65535,255,4973,9500,0,0,0
738463,41,0,5076,-7104,1,0,1
738464,65535,255,3298,-7403,0,0,0
738465,64,0,702,-8061,1,0,1
738466,20,0,2180,9894,1,0,1
738467,53,0,4408,9621,1,0,1
738468,65535,255,5519,-6983,0,0,0
738469,28,0,3985,-7329,1,0,1
738470,65535,255,1660,-7671,0,0,0
738471,0,0,0,0,0,0,0
738472,65535,255,3754,9669,0,0,0
738473,90,0,5447,9416,1,0,1
738474,20,0,4579,-7180,1,0,1
738475,65535,255,2537,-7551,0,0,0
738476,15,0,263,10877,1,0,1
738477,65535,255,3002,9900,0,0,0
738478,65535,255,4955,9542,0,0,0
738479,65535,255,5098,-7125,0,0,0
738480,267,2,3329,-7479,1,0,1
738481,86,0,736,-7910,1,0,0
738482,65535,255,2153,9921,0,0,0
738483,284,2,4391,9670,1,0,1
738484,22,0,5532,-6968,1,0,1
738485,20,0,4004,-7338,1,0,1
738486,65535,255,1677,-7478,0,0,0
738487,65535,255,1237,9875,0,0,0
738488,65535,255,3750,9673,0,0,0
738489,65535,255,5444,9435,0,0,0
738490,136,2,4582,-7246,1,0,1
738491,65535,255,2538,-7556,0,0,0
738492,65535,255,269,9374,0,0,0
738493,65535,255,3012,9831,0,0,0
738494,137,0,4964,9531,1,0,1
738495,65535,255,5084,-7092,0,0,0
738496,65535,255,3311,-7425,0,0,0
738497,17,0,713,-7735,1,0,1
738498,0,0,0,0,0,0,0
738499,65535,255,4408,9654,0,0,0
738500,65535,255,5519,-6970,0,0,0
738501,0,0,0,0,0,0,0
738502,65535,255,1649,-7537,0,0,0
738503,24,0,1265,9982,1,0,1
738504,21,0,3769,9710,1,0,1
738505,65535,255,5460,9389,0,0,0
738506,65535,255,4565,-7194,0,0,0
738507,30,0,2513,-7458,1,0,1
738508,65535,255,296,10560,0,0,0
738509,65535,255,3041,9776,0,0,0
738510,21,0,4982,9511,1,0,1
738511,98,2,5067,-7074,1,0,1
738512,65535,255,3284,-7410,0,0,0
738513,134,2,672,-7687,1,0,1
738514,65535,255,2211,9887,0,0,0
738515,65535,255,4431,9635,0,0,0
738516,65535,255,5504,-6979,0,0,0
738517,71,2,3958,-7350,1,0,1
738518,65535,255,1610,-7621,0,0,0
738519,65535,255,1299,10134,0,0,0
738520,65535,255,3797,9769,0,0,0
738521,65535,255,5476,9432,0,0,0
