sdate,line_t,line_tmq,line_tvza,line_tvaa,line_tm2,line_QFDNB,line_tm_buf
735235,245,0,2189,9986,1,0,1
735236,65535,255,4320,9668,0,0,0
735237,113,0,5266,-6877,1,0,0
735238,436,0,3716,-7236,1,0,1
735239,65535,255,1434,-7594,0,0,0
735240,65535,255,1327,10053,0,0,0
735241,65535,255,3705,9694,0,0,0
735242,65535,255,5344,9419,0,0,0
735243,65535,255,4302,-7164,0,0,0
735244,65535,255,2268,-7434,0,0,0
735245,146,0,417,10407,1,0,1
735246,65535,255,3002,9902,0,0,0
735247,65535,255,4876,9539,0,0,0
735248,65535,255,4811,-7020,0,0,0
735249,65535,255,3023,-7362,0,0,0
735250,65535,255,511,-7927,0,0,0
735251,65535,255,2216,9895,0,0,0
735252,438,0,4334,9626,1,0,1
735253,65535,255,5261,-6918,0,0,0
735254,65535,255,3708,-7181,0,0,0
735255,65535,255,1424,-7407,0,0,0
735256,65535,255,1327,10230,0,0,0
735257,65535,255,3701,9751,0,0,0
735258,65535,255,5340,9439,0,0,0
735259,65535,255,4309,-7095,0,0,0
735260,65535,255,2283,-7502,0,0,0
735261,128,0,395,10761,1,0,1
735262,65535,255,2983,9852,0,0,0
735263,65535,255,4859,9560,0,0,0
735264,437,0,4827,-7033,1,0,1
735265,65535,255,3056,-7366,0,0,0
735266,65535,255,545,-7484,0,0,0
735267,65535,255,2174,10034,0,0,0
735268,65535,255,4309,9591,0,0,0
735269,65535,255,5280,-6898,0,0,0
735270,65535,255,3736,-7280,0,0,0
735271,65535,255,1464,-7429,0,0,0
735272,65535,255,1293,10238,0,0,0
735273,82,0,3673,9764,1,0,1
735274,161,0,5322,9390,1,0,1
735275,448,0,4328,-7117,1,0,1
735276,65535,255,2310,-7343,0,0,0
735277,65535,255,365,9901,0,0,0
735278,65535,255,2955,9846,0,0,0
735279,65535,255,4842,9514,0,0,0
735280,130,2,4844,-6995,3,0,0
735281,65535,255,3079,-7312,0,0,0
735282,214,2,582,-7209,3,0,1
735283,65535,255,2147,9992,0,0,0
735284,364,0,4287,9682,3,0,0
735285,468,0,5291,-6894,3,0,0
735286,65535,255,3755,-7267,0,0,0
735287,65535,255,1491,-7409,0,0,0
735288,65535,255,1266,9876,0,0,0
735289,0,0,0,0,0,0,0
735290,65535,255,5307,9404,0,0,0
735291,264,0,4343,-7133,1,0,1
735292,226,0,2336,-7357,1,0,1
735293,65535,255,337,9782,0,0,0
735294,431,0,2932,9828,1,0,1
735295,65535,255,4824,9501,0,0,0
735296,228,0,4857,-6975,1,0,1
735297,61,2,3102,-7269,1,0,1
735298,321,0,610,-7824,1,0,1
735299,0,0,0,0,0,0,0
735300,65535,255,4266,9632,0,0,0
735301,65535,255,5302,-6851,0,0,0
735302,65535,255,3773,-7209,0,0,0
735303,65535,255,1518,-7515,0,0,0
735304,463,0,1236,9982,1,0,1
735305,65535,255,3628,9814,0,0,0
735306,65535,255,5291,9417,0,0,0
735307,65535,255,4361,-7064,0,0,0
735308,65535,255,2361,-7448,0,0,0
735309,388,0,301,10616,1,0,1
735310,65535,255,2903,9929,0,0,0
735311,65535,255,4805,9562,0,0,0
735312,862,0,4869,-6961,1,0,1
735313,323,0,3120,-7256,1,0,1
735314,344,0,638,-7813,1,0,1
735315,307,0,2095,9923,3,0,1
735316,65535,255,4248,9662,0,0,0
735317,65535,255,5315,-6881,0,0,0
735318,65535,255,3792,-7268,0,0,0
735319,65535,255,1540,-7406,0,0,0
735320,65535,255,1212,10069,0,0,0
735321,65535,255,3611,9792,0,0,0
735322,65535,255,5280,9415,0,0,0
735323,65535,255,4371,-7068,0,0,0
735324,148,2,2380,-7485,1,0,1
735325,109,2,287,9362,1,0,1
735326,65535,255,2889,9833,0,0,0
735327,65535,255,4798,9517,0,0,0
735328,221,0,4881,-7013,1,0,1
735329,65535,255,3138,-7371,0,0,0
735330,282,2,650,-7708,1,0,1
735331,65535,255,2085,9909,0,0,0
735332,65535,255,4240,9664,0,0,0
735333,65535,255,5321,-6894,0,0,0
735334,119,2,3800,-7180,1,0,1
735335,483,0,1551,-7533,1,0,1
735336,65535,255,1202,10094,0,0,0
735337,341,0,3607,9751,1,0,1
735338,222,0,5277,9402,1,0,1
735339,49,0,4381,-7066,1,0,1
735340,65535,255,2391,-7509,0,0,0
735341,65535,255,278,9815,0,0,0
735342,433,0,2884,9899,1,0,1
735343,163,0,4791,9565,1,0,1
735344,65535,255,4886,-6984,0,0,0
735345,65535,255,3141,-7341,0,0,0
735346,65535,255,655,-7655,0,0,0
735347,65535,255,2079,9925,0,0,0
735348,434,0,4240,9685,1,0,1
735349,408,0,5323,-6845,1,0,1
735350,65535,255,3804,-7234,0,0,0
735351,65535,255,1551,-7386,0,0,0
735352,376,0,1203,9957,1,0,0
735353,65535,255,3607,9727,0,0,0
735354,0,0,0,0,0,0,0
735355,65535,255,4380,-7067,0,0,0
735356,65535,255,2390,-7537,0,0,0
735357,462,0,278,10296,1,0,1
735358,524,0,2889,9792,1,0,1
735359,391,2,4797,9524,1,0,1
735360,65535,255,6072,9202,0,0,0
735361,456,0,3137,-7303,1,0,1
735362,301,0,650,-7608,1,0,0
735363,289,2,2084,9941,1,0,1
735364,65535,255,4245,9654,0,0,0
735365,65535,255,5703,9321,0,0,0
735366,65535,255,6694,9006,0,0,0
735367,104,0,1551,-7617,1,0,1
735368,261,0,1209,9874,1,0,1
735369,389,0,3615,9717,1,0,1
735370,65535,255,5284,9401,0,0,0
735371,65535,255,6404,9119,0,0,0
735372,65535,255,-32768,-32768,0,65535,1
735373,65535,255,291,9497,0,0,0
735374,436,0,2898,9920,1,0,1
735375,160,0,4804,9511,1,0,1
735376,373,0,6079,9204,1,0,1
735377,65535,255,6960,8875,0,0,0
735378,65535,255,-32768,-32768,0,65535,0
735379,65535,255,2100,10062,0,0,0
735380,308,0,4258,9669,1,0,1
735381,65535,255,5710,9310,0,0,0
735382,0,0,0,0,0,0,0
735383,65535,255,-32768,-32768,0,65535,0
735384,65535,255,1231,9984,0,0,0
735385,343,0,3628,9765,1,0,1
735386,65535,255,5294,9443,0,0,0
735387,65535,255,6410,9102,0,0,0
735388,65535,255,-32768,-32768,0,65535,0
735389,65535,255,-32768,-32768,0,65535,1
735390,65535,255,2917,9928,0,0,0
735391,65535,255,4817,9532,0,0,0
735392,65535,255,6088,9222,0,0,0
735393,0,0,0,0,0,0,0
735394,65535,255,-32768,-32768,0,65535,0
735395,65535,255,-32768,-32768,0,65535,1
735396,65535,255,4272,9646,0,0,0
735397,276,0,5723,9297,1,0,1
735398,65535,255,6708,9000,0,0,1
735399,65535,255,-32768,-32768,0,65535,1
735400,65535,255,-32768,-32768,0,65535,1
735401,65535,255,3649,9802,0,0,0
735402,387,0,5309,9395,1,0,1
735403,330,0,6421,9073,1,0,1
735404,0,0,0,0,0,0,0
735405,65535,255,-32768,-32768,0,65535,0
735406,65535,255,-32768,-32768,0,65535,1
735407,399,0,4835,9512,1,0,1
735408,380,0,6099,9214,1,0,1
735409,0,0,0,0,0,0,0
735410,65535,255,-32768,-32768,0,65535,1
735411,65535,255,-32768,-32768,0,65535,1
735412,112,0,4291,9669,1,0,1
735413,404,0,5735,9320,1,0,1
735414,65535,255,6717,8973,0,0,1
735415,65535,255,-32768,-32768,0,65535,1
735416,65535,255,-32768,-32768,0,65535,1
735417,281,0,3673,9766,1,0,1
735418,65535,255,5323,9455,0,0,0
735419,108,0,6431,9066,1,0,1
735420,65535,255,-32768,-32768,0,65535,1
735421,65535,255,-32768,-32768,0,65535,1
735422,65535,255,2974,9908,0,0,0
735423,230,0,4854,9535,1,0,1
735424,65535,255,6112,9174,0,0,0
735425,65535,255,6984,8863,0,0,1
735426,65535,255,-32768,-32768,0,65535,0
735427,302,0,2190,9915,1,0,1
735428,65535,255,4316,9637,0,0,0
735429,65535,255,5753,9306,0,0,0
735430,65535,255,6729,8965,0,0,1
735431,65535,255,-32768,-32768,0,65535,1
735432,170,0,1327,10182,1,0,1
735433,320,0,3701,9721,1,0,1
735434,168,0,5336,9422,1,0,1
735435,97,0,6439,9094,1,0,0
735436,65535,255,-32768,-32768,0,65535,1
735437,92,0,400,9763,1,0,1
735438,65535,255,2984,9791,0,0,0
735439,323,0,4859,9556,1,0,0
735440,175,0,6113,9189,1,0,1
735441,376,0,3047,-7325,1,0,1
735442,249,0,547,-8032,1,0,1
735443,219,0,2179,9916,1,0,1
735444,399,1,4310,9632,1,0,1
735445,229,0,5743,9300,1,0,1
735446,241,0,3728,-7176,1,0,1
735447,390,1,1453,-7382,1,0,1
735448,371,1,1298,10187,1,0,1
735449,159,0,3677,9733,1,0,1
735450,184,2,5322,9436,1,0,1
735451,300,0,4322,-7070,1,0,1
735452,151,0,2305,-7441,1,0,1
735453,182,2,370,10355,1,0,0
735454,65535,255,2960,9879,0,0,0
735455,65535,255,4845,9520,0,0,0
735456,605,0,4836,-6990,1,0,1
735457,133,0,3071,-7292,1,0,1
735458,504,0,569,-7897,1,0,1
735459,429,0,2158,9903,1,0,1
735460,65535,255,4294,9635,0,0,0
735461,146,0,5286,-6850,1,0,1
735462,136,0,3748,-7196,1,0,1
735463,104,0,1480,-7497,1,0,1
735464,182,0,1276,9930,1,0,1
735465,205,0,3661,9792,1,0,1
735466,65535,255,5314,9404,0,0,0
735467,417,0,4336,-7134,1,0,1
735468,418,0,2321,-7382,1,0,1
735469,35,2,347,10081,1,0,1
735470,65535,255,2945,9870,0,0,0
735471,65535,255,4836,9523,0,0,0
735472,65535,255,4848,-6998,0,0,0
735473,65535,255,3088,-7319,0,0,0
735474,488,0,587,-7270,1,0,1
735475,180,0,2137,9996,1,0,0
735476,394,0,4283,9691,1,0,1
735477,91,2,5296,-6901,1,0,1
735478,65535,255,3760,-7170,0,0,0
735479,0,0,0,0,0,0,0
735480,467,0,1265,9904,1,0,1
735481,411,0,3653,9794,1,0,1
735482,256,0,5308,9416,1,0,1
735483,225,0,4346,-7095,1,0,1
735484,397,0,2336,-7450,1,0,1
735485,65535,255,337,10769,0,0,0
735486,312,0,2936,9787,1,0,1
735487,65535,255,4826,9581,0,0,0
735488,65535,255,4856,-6979,0,0,0
735489,86,0,3097,-7298,1,0,1
735490,401,0,599,-7220,1,0,1
735491,496,0,2131,9997,1,0,1
735492,204,0,4277,9654,1,0,0
735493,190,0,5300,-6891,1,0,1
735494,65535,255,3764,-7209,0,0,0
735495,397,0,1502,-7560,1,0,1
735496,72,2,1253,10117,1,0,1
735497,327,0,3648,9739,1,0,1
735498,314,0,5305,9449,1,0,1
735499,357,0,4350,-7137,1,0,1
735500,188,0,2341,-7436,1,0,1
735501,134,0,331,10782,1,0,1
735502,65535,255,2931,9809,0,0,0
735503,65535,255,4827,9509,0,0,0
735504,65535,255,4856,-7007,0,0,0
735505,65535,255,3097,-7367,0,0,0
735506,65535,255,603,-7717,0,0,0
735507,65535,255,2132,9922,0,0,0
735508,65535,255,4276,9673,0,0,0
735509,65535,255,5298,-6904,0,0,0
735510,65535,255,3764,-7201,0,0,0
735511,65535,255,1502,-7603,0,0,0
735512,65535,255,1259,10196,0,0,0
735513,65535,255,3648,9780,0,0,0
735514,65535,255,5306,9422,0,0,0
735515,65535,255,4346,-7091,0,0,0
735516,65535,255,2336,-7354,0,0,0
735517,65535,255,336,10278,0,0,0
735518,65535,255,2936,9919,0,0,0
735519,65535,255,4829,9508,0,0,0
735520,388,2,4853,-7013,1,0,1
735521,65535,255,3093,-7397,0,0,0
735522,65535,255,593,-7996,0,0,0
735523,282,0,2137,10027,1,0,0
735524,436,0,4284,9631,1,0,1
735525,65535,255,5293,-6885,0,0,0
735526,65535,255,3756,-7186,0,0,0
735527,65535,255,1491,-7604,0,0,0
735528,65535,255,1271,10246,0,0,0
735529,65535,255,3658,9772,0,0,0
735530,65535,255,5312,9454,0,0,0
735531,65535,255,4336,-7152,0,0,0
735532,65535,255,2321,-7521,0,0,0
735533,65535,255,353,10181,0,0,0
735534,220,0,2950,9796,1,0,1
735535,65535,255,4839,9528,0,0,0
735536,65535,255,4839,-6965,0,0,0
735537,65535,255,3075,-7330,0,0,0
735538,65535,255,569,-7779,0,0,0
735539,341,0,2158,10010,1,0,1
735540,65535,255,4295,9636,0,0,0
735541,65535,255,5281,-6903,0,0,0
735542,65535,255,3736,-7236,0,0,0
735543,65535,255,1463,-7448,0,0,0
735544,65535,255,1293,10139,0,0,0
735545,349,0,3677,9807,1,0,1
735546,65535,255,5323,9457,0,0,0
735547,65535,255,4318,-7076,0,0,0
735548,65535,255,2294,-7384,0,0,0
735549,498,0,389,9670,1,0,1
735550,472,0,2974,9921,1,0,1
735551,169,0,4854,9525,1,0,1
735552,65535,255,4821,-6980,0,0,0
735553,65535,255,3047,-7395,0,0,0
735554,101,0,535,-7357,1,0,1
735555,65535,255,2190,9947,0,0,0
735556,65535,255,4320,9639,0,0,0
735557,0,0,0,0,0,0,0
735558,65535,255,3709,-7233,0,0,0
735559,318,0,1429,-7426,1,0,0
735560,65535,255,1321,10109,0,0,0
735561,65535,255,3693,9788,0,0,0
735562,65535,255,5334,9449,0,0,0
735563,105,0,4311,-7150,1,0,1
735564,504,0,2284,-7541,1,0,1
735565,27,2,389,10606,1,0,1
735566,171,0,2974,9858,1,0,1
735567,438,0,4854,9576,1,0,1
735568,65535,255,4828,-7017,0,0,0
735569,387,0,3052,-7291,1,0,1
735570,65535,255,551,-7663,0,0,0
735571,400,0,2174,9994,1,0,1
735572,155,0,4302,9649,1,0,1
735573,84,0,5278,-6918,1,0,1
735574,333,0,3732,-7276,1,0,1
735575,125,0,1463,-7609,1,0,1
735576,340,0,1293,9958,1,0,1
735577,65535,255,3673,9768,0,0,0
735578,65535,255,5320,9448,0,0,0
735579,65535,255,4325,-7067,0,0,0
735580,65535,255,2310,-7410,0,0,0
735581,65535,255,365,9909,0,0,0
735582,68,2,2955,9818,1,0,1
735583,381,0,4841,9568,1,0,1
735584,164,0,4842,-7025,1,0,1
735585,228,0,3075,-7339,1,0,1
735586,438,0,570,-7258,1,0,1
735587,65535,255,2153,9936,0,0,0
735588,65535,255,4294,9638,0,0,0
735589,65535,255,5286,-6852,0,0,0
735590,65535,255,3744,-7194,0,0,0
735591,65535,255,1474,-7450,0,0,0
735592,65535,255,1276,10220,0,0,0
735593,65535,255,3665,9762,0,0,0
735594,65535,255,5314,9455,0,0,0
735595,65535,255,4335,-7105,0,0,0
735596,65535,255,2321,-7520,0,0,0
735597,65535,255,362,9447,0,0,0
735598,396,0,2951,9787,1,0,1
735599,120,0,4835,9570,1,0,1
735600,382,0,4845,-6952,1,0,1
735601,65535,255,3080,-7397,0,0,0
735602,43,2,580,-7659,1,0,1
735603,0,0,0,0,0,0,0
735604,65535,255,4291,9619,0,0,0
735605,392,0,5288,-6847,1,0,1
735606,65535,255,3748,-7201,0,0,0
735607,65535,255,1480,-7538,0,0,0
735608,65535,255,1276,10038,0,0,0
735609,65535,255,3665,9706,0,0,0
735610,65535,255,5317,9436,0,0,0
735611,263,0,4335,-7091,1,0,1
735612,65535,255,2321,-7520,0,0,0
735613,65535,255,360,9721,0,0,0
735614,65535,255,2955,9851,0,0,0
735615,65535,255,4841,9525,0,0,0
735616,65535,255,4844,-7013,0,0,0
735617,65535,255,3075,-7368,0,0,0
735618,65535,255,574,-7659,0,0,0
735619,65535,255,2158,9877,0,0,0
735620,65535,255,4294,9645,0,0,0
735621,65535,255,5285,-6872,0,0,0
735622,65535,255,3744,-7226,0,0,0
735623,65535,255,1474,-7517,0,0,0
735624,319,0,1282,9934,1,0,1
735625,156,0,3665,9779,1,0,1
735626,65535,255,5318,9413,0,0,0
735627,65535,255,4332,-7112,0,0,0
735628,395,0,2316,-7534,1,0,1
735629,65535,255,361,9539,0,0,0
735630,65535,255,2955,9798,0,0,0
735631,25,0,4841,9564,1,0,1
735632,65535,255,4842,-6979,0,0,0
735633,65535,255,3075,-7378,0,0,0
735634,65535,255,575,-7545,0,0,0
735635,65535,255,2158,9907,0,0,0
735636,65535,255,4294,9639,0,0,0
735637,65535,255,5285,-6857,0,0,0
735638,358,0,3744,-7217,1,0,1
735639,65535,255,1474,-7582,0,0,0
735640,0,0,0,0,0,0,0
735641,65535,255,3669,9714,0,0,0
735642,65535,255,5319,9440,0,0,0
735643,65535,255,4328,-7098,0,0,0
735644,191,0,2315,-7534,1,0,1
735645,157,0,365,9820,1,0,1
735646,65535,255,2960,9851,0,0,0
735647,65535,255,4844,9524,0,0,0
735648,97,0,4839,-7013,1,0,1
735649,103,0,3066,-7369,1,0,0
735650,65535,255,563,-7661,0,0,0
735651,65535,255,2163,9877,0,0,0
735652,65535,255,4298,9651,0,0,0
735653,65535,255,5278,-6883,0,0,0
735654,442,0,3735,-7270,1,0,1
735655,336,0,1457,-7470,1,0,1
735656,65535,255,1298,10012,0,0,0
735657,65535,255,3681,9720,0,0,0
735658,65535,255,5325,9458,0,0,0
735659,65535,255,4318,-7140,0,0,0
735660,65535,255,2295,-7466,0,0,0
735661,65535,255,389,9670,0,0,0
735662,65535,255,2974,9870,0,0,0
735663,65535,255,4854,9561,0,0,0
735664,65535,255,4821,-6984,0,0,0
735665,127,0,3047,-7352,1,0,1
735666,65535,255,534,-7789,0,0,0
735667,415,0,2190,9978,1,0,1
735668,155,0,4317,9614,1,0,1
735669,65535,255,5265,-6876,0,0,0
735670,121,0,3712,-7182,1,0,1
735671,351,0,1429,-7425,1,0,1
735672,207,0,1322,9988,1,0,1
735673,335,0,3693,9783,1,0,1
735674,65535,255,5333,9403,0,0,0
735675,454,0,4310,-7134,1,0,1
735676,65535,255,2289,-7396,0,0,0
735677,65535,255,387,10269,0,0,0
735678,372,0,2970,9902,1,0,1
735679,65535,255,4848,9551,0,0,0
735680,65535,255,4834,-7031,0,0,0
735681,65535,255,3066,-7398,0,0,0
735682,65535,255,563,-7838,0,0,0
735683,65535,255,2158,9937,0,0,0
735684,65535,255,4291,9680,0,0,0
735685,65535,255,5283,-6900,0,0,0
735686,382,0,3744,-7184,1,0,1
735687,358,0,1479,-7558,1,0,1
735688,272,2,1270,10118,1,0,1
735689,65535,255,3657,9764,0,0,0
735690,324,0,5310,9409,1,0,1
735691,148,0,4339,-7068,1,0,1
735692,65535,255,2332,-7528,0,0,0
735693,269,2,342,10181,1,0,1
735694,65535,255,2931,9930,0,0,0
735695,65535,255,4827,9506,0,0,0
735696,359,0,4854,-7009,1,0,1
735697,65535,255,3098,-7402,0,0,0
735698,516,0,603,-7875,1,0,1
735699,112,0,2121,10063,1,0,1
735700,207,0,4269,9651,1,0,1
735701,65535,255,5300,-6899,0,0,0
735702,65535,255,3768,-7220,0,0,0
735703,438,0,1509,-7466,1,0,1
735704,157,0,1242,10015,1,0,1
735705,438,0,3637,9751,1,0,1
735706,116,0,5296,9422,1,0,1
735707,332,0,4357,-7111,1,0,1
735708,65535,255,2356,-7456,0,0,0
735709,225,0,313,9865,1,0,1
735710,65535,255,2912,9944,0,0,0
735711,65535,255,4814,9531,0,0,0
735712,301,0,4866,-6973,1,0,1
735713,65535,255,3115,-7370,0,0,1
735714,388,0,622,-7230,1,0,1
735715,330,0,2111,9897,1,0,1
735716,167,2,4259,9665,1,0,1
735717,65535,255,5307,-6883,0,0,0
735718,65535,255,3780,-7218,0,0,0
735719,65535,255,1523,-7445,0,0,0
735720,398,0,1231,10178,1,0,1
735721,65535,255,3628,9703,0,0,0
735722,65535,255,5293,9409,0,0,0
735723,65535,255,4364,-7116,0,0,0
735724,276,0,2366,-7496,1,0,1
735725,455,0,307,10616,1,0,1
735726,65535,255,2908,9881,0,0,0
735727,304,0,4811,9509,1,0,1
735728,65535,255,6081,9212,0,0,0
735729,399,0,3119,-7379,1,0,1
735730,294,0,627,-7444,1,0,1
735731,547,0,2105,9974,1,0,1
735732,469,0,4261,9655,1,0,1
735733,425,0,5713,9314,1,0,1
735734,65535,255,6701,8982,0,0,1
735735,65535,255,1524,-7446,0,0,0
735736,467,0,1231,10261,1,0,1
735737,88,0,3628,9754,1,0,1
735738,324,0,5293,9448,1,0,1
735739,65535,255,6411,9118,0,0,0
735740,65535,255,-32768,-32768,0,65535,1
735741,160,0,307,10613,1,0,0
735742,65535,255,2912,9901,0,0,0
735743,395,0,4814,9537,1,0,1
735744,260,0,6083,9241,1,0,1
735745,0,0,0,0,0,0,0
735746,65535,255,-32768,-32768,0,0,0
735747,304,0,2116,9958,1,0,1
735748,332,0,4265,9659,1,0,1
735749,65535,255,5715,9322,0,0,0
735750,0,0,0,0,0,0,0
735751,65535,255,-32768,-32768,0,65535,0
735752,65535,255,-32768,-32768,0,65535,0
735753,261,0,3637,9781,1,0,1
735754,65535,255,5298,9427,0,0,0
735755,65535,255,6413,9107,0,0,0
735756,0,0,0,0,0,0,0
735757,65535,255,-32768,-32768,0,65535,1
735758,65535,255,-32768,-32768,0,65535,1
735759,331,0,4821,9559,1,0,1
735760,100,0,6088,9202,1,0,1
735761,0,0,0,0,0,0,0
735762,65535,255,-32768,-32768,0,65535,1
735763,65535,255,-32768,-32768,0,0,0
735764,348,0,4276,9630,1,0,1
735765,65535,255,5724,9311,0,0,0
735766,0,0,0,0,0,0,0
735767,0,0,0,0,0,0,0
735768,65535,255,-32768,-32768,0,65535,0
735769,65535,255,-32768,-32768,0,65535,0
735770,65535,255,5306,9454,0,0,0
735771,68,2,6419,9079,1,0,1
735772,0,0,0,0,0,0,0
735773,0,0,0,0,0,0,0
735774,65535,255,-32768,-32768,0,65535,0
735775,65535,255,4833,9544,0,0,0
735776,65535,255,6097,9195,0,0,0
735777,0,0,0,0,0,0,0
735778,0,0,0,0,0,0,0
735779,65535,255,-32768,-32768,0,65535,0
735780,139,0,4288,9655,1,0,1
735781,44,0,5731,9335,1,0,1
735782,0,0,0,0,0,0,0
735783,65535,255,-32768,-32768,0,65535,1
735784,65535,255,-32768,-32768,0,65535,0
735785,65535,255,3666,9699,0,0,0
735786,442,0,5315,9399,1,0,1
735787,65535,255,6423,9120,0,0,0
735788,65535,255,-32768,-32768,0,65535,0
735789,65535,255,-32768,-32768,0,65535,1
735790,329,0,2946,9950,1,0,0
735791,440,0,4835,9535,1,0,1
735792,65535,255,6097,9223,0,0,0
735793,65535,255,6973,8891,0,0,1
735794,65535,255,-32768,-32768,0,65535,0
735795,355,0,2148,9925,1,0,1
735796,406,0,4288,9621,1,0,1
735797,293,0,5728,9348,1,0,1
735798,65535,255,6712,8984,0,0,1
735799,65535,255,-32768,-32768,0,65535,1
735800,65535,255,1270,10277,0,0,0
735801,65535,255,3657,9733,0,0,0
735802,65535,255,5312,9423,0,0,0
735803,150,0,6422,9092,1,0,0
735804,65535,255,-32768,-32768,0,65535,0
735805,65535,255,349,10755,0,0,0
735806,65535,255,2946,9897,0,0,0
735807,65535,255,4833,9517,0,0,0
735808,389,0,6097,9211,1,0,1
735809,65535,255,3080,-7375,0,0,0
735810,65535,255,581,-7317,0,0,0
735811,65535,255,2132,9999,0,0,0
735812,424,2,4284,9660,1,0,1
735813,65535,255,5731,9315,0,0,0
735814,437,0,3740,-7211,1,0,1
735815,423,0,1463,-7471,1,0,1
735816,65535,255,1299,10267,0,0,0
735817,388,0,3685,9750,1,0,1
735818,65535,255,5333,9440,0,0,0
735819,65535,255,4303,-7085,0,0,0
735820,316,0,2273,-7384,1,0,1
735821,65535,255,407,10036,0,0,0
735822,438,0,2988,9877,1,0,1
735823,247,0,4863,9492,1,0,1
735824,0,0,0,0,0,0,0
735825,452,0,3043,-7271,1,0,1
735826,399,0,534,-7478,1,0,0
735827,65535,255,2184,9933,0,0,0
735828,363,0,4313,9614,1,0,1
735829,397,0,5270,-6881,1,0,1
735830,65535,255,3724,-7205,0,0,0
735831,65535,255,1450,-7588,0,0,0
735832,65535,255,1304,10061,0,0,0
735833,94,0,3681,9784,1,0,1
735834,65535,255,5328,9447,0,0,0
735835,117,0,4321,-7154,1,0,1
735836,65535,255,2300,-7482,0,0,0
735837,65535,255,377,10708,0,0,0
735838,65535,255,2964,9871,0,0,0
735839,385,0,4851,9495,1,0,1
735840,233,0,4836,-7026,1,0,1
735841,285,2,3066,-7310,1,0,1
735842,439,0,562,-7779,1,0,1
735843,348,0,2163,10040,1,0,1
735844,425,0,4298,9671,1,0,1
735845,179,0,5282,-6857,1,0,1
735846,65535,255,3740,-7179,0,0,0
735847,122,2,1474,-7694,1,0,1
735848,304,2,1287,10063,1,0,1
735849,227,0,3669,9793,1,0,1
735850,311,0,5319,9459,1,0,1
735851,65535,255,4331,-7085,0,0,0
735852,367,0,2315,-7437,1,0,1
735853,65535,255,341,10372,0,0,0
735854,65535,255,2941,9795,0,0,0
735855,428,0,4832,9517,1,0,1
735856,468,0,4853,-7032,1,0,1
735857,165,0,3092,-7281,1,0,1
735858,65535,255,592,-7440,0,0,0
735859,75,2,2137,9889,1,0,1
735860,65535,255,4283,9677,0,0,0
735861,0,0,0,0,0,0,0
735862,65535,255,3760,-7259,0,0,0
735863,438,0,1491,-7475,1,0,1
735864,195,0,1264,10140,1,0,1
735865,65535,255,3656,9792,0,0,0
735866,423,0,5311,9443,1,0,1
735867,317,2,4342,-7140,1,0,0
735868,306,0,2331,-7506,1,0,1
735869,429,0,349,10746,1,0,1
735870,446,0,2945,9859,1,0,1
735871,422,2,4835,9567,1,0,1
735872,97,0,4850,-6993,1,0,1
735873,65535,255,3088,-7409,0,0,0
735874,65535,255,592,-7440,0,0,0
735875,407,2,2136,9950,1,0,0
735876,179,2,4279,9637,1,0,0
735877,243,0,5301,-6906,1,0,1
735878,65535,255,3768,-7265,0,0,0
735879,65535,255,1507,-7604,0,0,0
735880,65535,255,1248,9956,0,0,0
735881,65535,255,3641,9779,0,0,0
735882,65535,255,5301,9397,0,0,0
735883,65535,255,4357,-7104,0,0,0
735884,65535,255,2356,-7489,0,0,0
735885,65535,255,313,10602,0,0,0
735886,65535,255,2912,9886,0,0,0
735887,65535,255,4814,9521,0,0,0
735888,65535,255,4880,-6980,0,0,0
735889,65535,255,3133,-7349,0,0,0
735890,65535,255,639,-7302,0,0,0
735891,287,0,2100,9933,1,0,1
735892,65535,255,4258,9635,0,0,0
735893,65535,255,5312,-6850,0,0,0
735894,505,0,3780,-7182,1,0,1
735895,391,0,1519,-7414,1,0,1
735896,299,0,1236,10193,1,0,1
735897,400,0,3640,9733,1,0,1
735898,341,0,5300,9435,1,0,1
735899,428,0,4350,-7084,1,0,1
735900,192,0,2341,-7483,1,0,1
735901,455,0,337,10663,1,0,1
735902,166,0,2936,9929,1,0,1
735903,352,0,4832,9511,1,0,1
735904,65535,255,4851,-6965,0,0,0
735905,364,0,3088,-7366,1,0,1
735906,215,0,594,-7317,1,0,0
735907,267,0,2137,9899,1,0,1
735908,65535,255,4280,9612,0,0,0
735909,65535,255,5297,-6897,0,0,0
735910,65535,255,3761,-7248,0,0,0
735911,65535,255,1496,-7567,0,0,0
735912,65535,255,1259,9951,0,0,0
735913,65535,255,3648,9772,0,0,0
735914,65535,255,5304,9454,0,0,0
735915,65535,255,4347,-7091,0,0,0
735916,65535,255,2356,-7473,0,0,0
735917,65535,255,313,10697,0,0,0
735918,65535,255,2912,9918,0,0,0
735919,158,0,4811,9550,1,0,1
735920,65535,255,4869,-7032,0,0,0
735921,65535,255,3120,-7375,0,0,0
735922,65535,255,627,-7565,0,0,0
735923,425,0,2100,10066,1,0,1
735924,281,2,4255,9611,1,0,1
735925,65535,255,5313,-6849,0,0,0
735926,65535,255,3788,-7216,0,0,0
735927,65535,255,1540,-7566,0,0,0
735928,65535,255,1214,10083,0,0,0
735929,65535,255,3620,9730,0,0,0
735930,65535,255,5282,9454,0,0,0
735931,65535,255,4374,-7130,0,0,0
735932,65535,255,2375,-7403,0,0,0
735933,0,0,0,0,0,0,0
735934,65535,255,2892,9820,0,0,0
735935,65535,255,4801,9495,0,0,0
735936,65535,255,4880,-7002,0,0,0
735937,65535,255,3133,-7363,0,0,0
735938,65535,255,650,-7718,0,0,0
735939,65535,255,2084,9930,0,0,1
735940,65535,255,4244,9688,0,0,0
735941,475,0,5321,-6862,1,0,1
735942,65535,255,3800,-7237,0,0,0
735943,357,0,1551,-7654,1,0,1
735944,396,0,1203,10278,1,0,1
735945,293,0,3608,9776,1,0,1
735946,65535,255,5279,9446,0,0,0
735947,65535,255,4381,-7147,0,0,0
735948,65535,255,2385,-7494,0,0,0
735949,65535,255,278,9930,0,0,0
735950,200,0,2889,9933,1,0,1
735951,65535,255,4798,9508,0,0,0
735952,238,2,4887,-7033,1,0,1
735953,65535,255,3137,-7303,0,0,0
735954,65535,255,649,-7616,0,0,0
735955,65535,255,2084,9963,0,0,0
735956,65535,255,4248,9620,0,0,0
735957,65535,255,5323,-6895,0,0,0
735958,65535,255,3800,-7229,0,0,0
735959,65535,255,1545,-7439,0,0,0
735960,358,0,1208,10140,1,0,1
735961,65535,255,3615,9816,0,0,0
735962,65535,255,5285,9391,0,0,0
735963,407,0,4377,-7097,3,0,0
735964,269,0,2380,-7441,3,0,0
735965,546,0,289,9938,3,0,0
735966,527,0,2903,9801,3,0,0
735967,408,0,4807,9553,3,0,1
735968,391,0,4877,-7013,3,0,1
735969,504,0,3124,-7295,1,0,1
735970,435,0,632,-7721,1,0,1
735971,65535,255,2100,10037,0,0,0
735972,65535,255,4258,9672,0,0,0
735973,65535,255,5314,-6877,0,0,0
735974,423,0,3783,-7217,1,0,1
735975,65535,255,1523,-7481,0,0,0
735976,446,0,1231,10244,1,0,1
735977,201,0,3632,9738,1,0,1
735978,65535,255,5298,9437,0,0,0
735979,403,0,4360,-7075,1,0,1
735980,65535,255,2356,-7431,0,0,0
735981,65535,255,318,10271,0,0,0
735982,40,0,2922,9864,1,0,1
735983,234,0,4823,9510,1,0,1
735984,65535,255,4862,-6984,0,0,0
735985,65535,255,3101,-7269,0,0,0
735986,65535,255,603,-7726,0,0,0
735987,65535,255,2133,10021,0,0,0
735988,341,0,4284,9601,1,0,1
735989,91,0,5301,-6910,1,0,1
735990,152,0,3764,-7291,1,0,1
735991,65535,255,1496,-7677,0,0,0
735992,432,2,1270,10183,1,0,1
735993,65535,255,3661,9742,0,0,0
735994,65535,255,5314,9443,0,0,0
735995,83,0,4339,-7104,1,0,1
735996,289,0,2321,-7519,1,0,1
735997,504,2,368,9446,1,0,1
735998,283,0,2960,9795,1,0,1
735999,65535,255,4847,9483,0,0,0
736000,65535,255,4841,-7021,0,0,0
736001,65535,255,3070,-7342,0,0,0
736002,65535,255,570,-7266,0,0,0
736003,855,1,2158,9969,3,0,0
736004,271,0,4294,9666,3,0,0
736005,480,2,5288,-6879,3,0,0
736006,104,0,3752,-7246,3,0,0
736007,590,2,1480,-7617,3,0,0
736008,65535,255,1276,10078,0,0,0
736009,65535,255,3665,9718,0,0,0
736010,65535,255,5316,9433,0,0,0
736011,65535,255,4339,-7084,0,0,0
736012,65535,255,2326,-7503,0,0,0
736013,437,0,355,9563,1,0,1
736014,320,0,2946,9797,1,0,1
736015,287,0,4836,9491,1,0,1
736016,65535,255,4851,-6974,0,0,0
736017,65535,255,3088,-7280,0,0,0
736018,119,0,593,-8008,1,0,1
736019,65535,255,2142,9956,0,0,0
736020,65535,255,4284,9675,0,0,0
736021,65535,255,5296,-6896,0,0,0
736022,65535,255,3762,-7238,0,0,0
736023,65535,255,1496,-7461,0,0,0
736024,426,0,1265,9947,1,0,1
736025,65535,255,3653,9687,0,0,0
736026,207,0,5306,9431,1,0,1
736027,65535,255,4346,-7095,0,0,0
736028,65535,255,2336,-7554,0,0,0
736029,349,0,336,9971,1,0,1
736030,425,0,2936,9884,1,0,1
736031,309,0,4829,9554,1,0,1
736032,310,0,4853,-6967,1,0,1
736033,65535,255,3093,-7289,0,0,0
736034,65535,255,598,-7282,0,0,0
736035,401,0,2132,10033,1,0,1
736036,403,0,4280,9622,1,0,1
736037,65535,255,5296,-6871,0,0,0
736038,65535,255,3764,-7266,0,0,0
736039,65535,255,1496,-7439,0,0,0
736040,65535,255,1259,10001,0,0,0
736041,160,0,3649,9720,1,0,1
736042,107,0,5306,9387,1,0,1
736043,373,0,4346,-7154,1,0,1
736044,65535,255,2336,-7500,0,0,0
736045,65535,255,342,9875,0,0,0
736046,251,0,2936,9895,1,0,1
736047,65535,255,4830,9570,0,0,0
736048,65535,255,4851,-6996,0,0,0
736049,65535,255,3088,-7368,0,0,0
736050,397,0,592,-7839,1,0,1
736051,375,0,2137,9986,1,0,1
736052,348,0,4284,9621,1,0,1
736053,389,0,5294,-6881,1,0,1
736054,108,0,3756,-7188,1,0,1
736055,220,0,1491,-7614,1,0,1
736056,65535,255,1270,9932,0,0,0
736057,489,0,3662,9702,1,0,1
736058,65535,255,5315,9390,0,0,0
736059,65535,255,4335,-7076,0,0,0
736060,65535,255,2321,-7363,0,0,0
736061,342,0,354,10730,1,0,1
736062,326,0,2950,9861,1,0,1
736063,341,0,4839,9568,1,0,1
736064,509,0,4842,-7009,1,0,1
736065,383,0,3075,-7384,1,0,1
736066,398,0,569,-7440,1,0,1
736067,325,0,2158,9925,1,0,1
736068,65535,255,4298,9605,0,0,0
736069,359,2,5283,-6889,1,0,1
736070,408,0,3740,-7215,1,0,1
736071,65535,255,1463,-7414,0,0,0
736072,81,0,1293,10129,1,0,1
736073,65535,255,3678,9769,0,0,0
736074,399,0,5328,9387,1,0,1
736075,267,0,4321,-7092,1,0,1
736076,463,0,2294,-7437,1,0,1
736077,65535,255,388,10081,0,0,0
736078,459,0,2979,9815,1,0,1
736079,336,0,4857,9559,1,0,1
736080,65535,255,4827,-7024,0,0,0
736081,0,0,0,0,0,0,0
736082,65535,255,540,-7981,0,0,0
736083,438,0,2195,9876,1,0,1
736084,65535,255,4323,9608,0,0,0
736085,0,0,0,0,0,0,0
736086,65535,255,3716,-7186,0,0,0
736087,0,0,0,0,0,0,0
736088,0,0,0,0,0,0,0
736089,65535,255,3693,9762,0,0,0
736090,65535,255,5333,9430,0,0,0
736091,65535,255,6437,9088,0,0,0
736092,357,0,2294,-7522,1,0,1
736093,65535,255,382,10516,0,0,0
736094,443,0,2974,9858,1,0,1
736095,268,0,4853,9488,1,0,1
736096,65535,255,6109,9190,0,0,0
736097,65535,255,6983,8868,0,0,0
736098,211,0,563,-7851,1,0,1
736099,65535,255,2163,10074,0,0,0
736100,65535,255,4302,9669,0,0,0
736101,65535,255,5740,9324,0,0,0
736102,65535,255,6721,8971,0,0,1
736103,65535,255,-32768,-32768,0,65535,0
736104,65535,255,1287,10208,0,0,0
736105,403,0,3672,9726,1,0,1
736106,65535,255,5319,9424,0,0,0
736107,65535,255,6428,9095,0,0,0
736108,65535,255,-32768,-32768,0,65535,0
736109,65535,255,-32768,-32768,0,65535,1
736110,65535,255,2950,9788,0,0,0
736111,65535,255,4838,9553,0,0,0
736112,251,0,6101,9185,1,0,1
736113,65535,255,6976,8869,0,0,1
736114,65535,255,-32768,-32768,0,65535,1
736115,65535,255,2147,9897,0,0,0
736116,65535,255,4287,9622,0,0,0
736117,392,0,5732,9292,1,0,1
736118,65535,255,6715,8951,0,0,1
736119,65535,255,-32768,-32768,0,65535,1
736120,65535,255,-32768,-32768,0,65535,1
736121,355,0,3657,9712,1,0,1
736122,259,0,5311,9421,1,0,1
736123,0,0,0,0,0,0,0
736124,0,0,0,0,0,0,0
736125,65535,255,-32768,-32768,0,65535,1
736126,65535,255,-32768,-32768,0,65535,1
736127,362,0,4829,9505,1,0,1
736128,65535,255,6094,9219,0,0,0
736129,0,0,0,0,0,0,0
736130,65535,255,-32768,-32768,0,65535,1
736131,65535,255,-32768,-32768,0,65535,1
736132,65535,255,4276,9624,0,0,0
736133,149,0,5723,9298,1,0,1
736134,65535,255,6710,8962,0,0,0
736135,0,0,0,0,0,0,0
736136,65535,255,-32768,-32768,0,65535,1
736137,65535,255,-32768,-32768,0,65535,1
736138,65535,255,5304,9398,0,0,0
736139,65535,255,6417,9088,0,0,0
736140,0,0,0,0,0,0,0
736141,65535,255,-32768,-32768,0,65535,1
736142,65535,255,-32768,-32768,0,65535,0
736143,290,0,4821,9529,1,0,1
736144,84,0,6088,9181,1,0,1
736145,0,0,0,0,0,0,0
736146,65535,255,-32768,-32768,0,65535,1
736147,65535,255,-32768,-32768,0,65535,1
736148,92,0,4270,9599,1,0,1
736149,65535,255,5719,9291,0,0,0
736150,65535,255,6706,8957,0,0,1
736151,65535,255,-32768,-32768,0,65535,1
736152,65535,255,-32768,-32768,0,65535,1
736153,222,0,3637,9806,1,0,1
736154,334,0,5299,9419,1,0,1
736155,291,0,6413,9107,1,0,1
736156,65535,255,-32768,-32768,0,65535,1
736157,65535,255,-32768,-32768,0,65535,1
736158,348,2,2922,9811,1,0,1
736159,206,0,4817,9500,1,0,1
736160,287,0,6087,9225,1,0,1
736161,65535,255,6965,8867,0,0,1
736162,65535,255,-32768,-32768,0,65535,1
736163,402,2,2116,10021,1,0,1
736164,330,0,4270,9605,1,0,0
736165,80,0,5716,9300,1,0,1
736166,65535,255,6704,8971,0,0,1
736167,428,0,1513,-7588,1,0,1
736168,459,0,1242,10109,1,0,1
736169,400,0,3637,9739,1,0,1
736170,65535,255,5299,9385,0,0,0
736171,118,2,6412,9086,1,0,1
736172,65535,255,2351,-7430,0,0,0
736173,161,0,319,10686,1,0,1
736174,374,0,2923,9779,1,0,1
736175,65535,255,4818,9494,0,0,0
736176,65535,255,6087,9225,0,0,0
736177,65535,255,3101,-7335,0,0,0
736178,241,0,610,-7453,1,0,1
736179,456,0,2121,10067,1,0,1
736180,236,0,4269,9631,1,0,1
736181,325,0,5719,9321,1,0,1
736182,125,0,3772,-7263,1,0,1
736183,223,0,1507,-7415,1,0,1
736184,281,0,1248,9922,1,0,1
736185,292,0,3641,9702,1,0,1
736186,65535,255,5301,9438,0,0,0
736187,65535,255,4350,-7112,0,0,0
736188,331,0,2341,-7390,1,0,1
736189,44,0,324,10475,3,0,1
736190,65535,255,2929,9859,0,0,0
736191,304,2,4824,9495,1,0,0
736192,65535,255,4857,-6999,0,0,0
736193,483,2,3097,-7355,1,0,1
736194,65535,255,597,-7671,0,0,0
736195,65535,255,2132,9913,0,0,0
736196,297,0,4276,9678,1,0,1
736197,65535,255,5299,-6913,0,0,0
736198,58,0,3764,-7217,1,0,1
736199,65535,255,1501,-7633,0,0,0
736200,65535,255,1259,10240,0,0,0
736201,65535,255,3649,9794,0,0,0
736202,108,0,5307,9432,1,0,1
736203,328,0,4343,-7113,1,0,1
736204,422,0,2331,-7390,1,0,1
736205,279,0,343,10650,1,0,1
736206,235,0,2941,9810,1,0,1
736207,182,0,4833,9521,1,0,1
736208,139,0,4851,-7033,1,0,1
736209,65535,255,3084,-7268,0,0,0
736210,65535,255,582,-7216,0,0,0
736211,222,0,2142,10048,1,0,1
736212,65535,255,4288,9635,0,0,0
736213,523,0,5290,-6891,1,0,1
736214,243,0,3752,-7188,1,0,1
736215,65535,255,1479,-7592,0,0,0
736216,324,0,1276,10210,1,0,1
736217,289,2,3665,9800,1,0,1
736218,65535,255,5319,9439,0,0,0
736219,65535,255,4332,-7136,0,0,0
736220,65535,255,2315,-7461,0,0,0
736221,65535,255,366,9715,0,0,0
736222,65535,255,2960,9893,0,0,0
736223,65535,255,4847,9559,0,0,0
736224,436,0,4838,-6998,1,0,1
736225,270,0,3070,-7380,1,0,1
736226,218,2,563,-7967,1,0,1
736227,65535,255,2168,10029,0,0,0
736228,301,0,4305,9633,1,0,1
736229,65535,255,5279,-6894,0,0,0
736230,65535,255,3735,-7207,0,0,0
736231,22,2,1468,-7618,1,0,1
736232,224,0,1293,10051,1,0,1
736233,150,0,3677,9692,1,0,1
736234,65535,255,5325,9412,0,0,0
736235,65535,255,4331,-7151,0,0,0
736236,65535,255,2310,-7393,0,0,0
736237,291,0,365,9986,1,0,0
736238,65535,255,2960,9849,0,0,0
736239,65535,255,4844,9512,0,0,0
736240,65535,255,4844,-6987,0,0,0
736241,65535,255,3074,-7291,0,0,0
736242,65535,255,574,-7903,0,0,0
736243,65535,255,2158,9910,0,0,0
736244,65535,255,4294,9640,0,0,0
736245,65535,255,5290,-6864,0,0,0
736246,65535,255,3751,-7229,0,0,0
736247,65535,255,1485,-7571,0,0,0
736248,65535,255,1276,10053,0,0,0
736249,65535,255,3665,9702,0,0,0
736250,65535,255,5317,9429,0,0,0
736251,65535,255,4338,-7083,0,0,0
736252,65535,255,2326,-7489,0,0,0
736253,65535,255,349,10832,0,0,0
736254,449,0,2950,9787,1,0,1
736255,65535,255,4839,9486,0,0,0
736256,65535,255,4850,-6974,0,0,0
736257,143,0,3088,-7279,1,0,1
736258,459,0,587,-7955,1,0,1
736259,285,0,2142,9941,1,0,1
736260,376,2,4287,9668,1,0,1
736261,308,0,5296,-6891,1,0,1
736262,366,0,3760,-7283,1,0,1
736263,217,0,1490,-7438,1,0,1
736264,65535,255,1271,9922,0,0,0
736265,65535,255,3657,9809,0,0,0
736266,65535,255,5311,9426,0,0,0
736267,99,0,4343,-7082,1,0,1
736268,65535,255,2331,-7514,0,0,0
736269,341,0,348,9787,1,0,1
736270,353,0,2941,9852,1,0,1
736271,328,0,4833,9530,1,0,1
736272,172,0,4853,-7028,1,0,1
736273,486,0,3088,-7398,1,0,1
736274,68,2,591,-7837,1,0,1
736275,117,0,2137,10078,1,0,1
736276,321,0,4282,9629,1,0,1
736277,180,0,5296,-6885,1,0,1
736278,65535,255,3760,-7234,0,0,1
736279,65535,255,1496,-7525,0,0,0
736280,246,0,1260,9896,1,0,1
736281,465,2,3649,9754,1,0,0
736282,65535,255,5304,9447,0,0,0
736283,65535,255,4347,-7080,0,0,0
736284,65535,255,2341,-7444,0,0,0
736285,65535,255,330,10272,0,0,0
736286,65535,255,2927,9865,0,0,0
736287,65535,255,4824,9506,0,0,0
736288,65535,255,4860,-6976,0,0,0
736289,65535,255,3106,-7414,0,0,0
736290,65535,255,609,-7667,0,0,0
736291,65535,255,2116,10067,0,0,0
736292,65535,255,4270,9591,0,0,0
736293,65535,255,5305,-6897,0,0,0
736294,65535,255,3772,-7271,0,0,0
736295,65535,255,1512,-7675,0,0,0
736296,351,0,1242,10136,1,0,1
736297,65535,255,3637,9714,0,0,0
736298,476,0,5296,9429,1,0,1
736299,65535,255,4357,-7072,0,0,0
736300,213,0,2356,-7455,1,0,1
736301,65535,255,313,10599,0,0,0
736302,65535,255,2913,9910,0,0,0
736303,65535,255,4815,9541,0,0,0
736304,65535,255,4866,-7023,0,0,0
736305,65535,255,3110,-7353,0,0,0
736306,65535,255,621,-7400,0,0,0
736307,65535,255,2111,10022,0,0,0
736308,65535,255,4259,9688,0,0,0
736309,65535,255,5307,-6900,0,0,0
736310,65535,255,3777,-7219,0,0,0
736311,39,2,1518,-7415,1,0,0
736312,65535,255,1231,10274,0,0,0
736313,65535,255,3629,9774,0,0,0
736314,65535,255,5294,9391,0,0,0
736315,65535,255,4361,-7135,0,0,0
736316,188,2,2361,-7387,1,0,0
736317,255,0,307,10169,1,0,0
736318,388,2,2913,9889,1,0,1
736319,65535,255,4811,9542,0,0,0
736320,65535,255,4868,-7028,0,0,0
736321,65535,255,3115,-7392,0,0,0
736322,65535,255,621,-7719,0,0,0
736323,65535,255,2111,9886,0,0,0
736324,65535,255,4262,9641,0,0,0
736325,65535,255,5307,-6876,0,0,0
736326,65535,255,3780,-7260,0,0,0
736327,65535,255,1524,-7714,0,0,0
736328,65535,255,1232,10274,0,0,0
736329,65535,255,3633,9783,0,0,0
736330,65535,255,5296,9411,0,0,0
736331,65535,255,4360,-7071,0,0,0
736332,65535,255,2356,-7495,0,0,0
736333,0,0,0,0,0,0,0
736334,65535,255,2917,9835,0,0,0
736335,65535,255,4817,9525,0,0,0
736336,484,0,4865,-7018,1,0,1
736337,65535,255,3111,-7382,0,0,0
736338,17,0,615,-7776,1,0,1
736339,65535,255,2121,9915,0,0,0
736340,65535,255,4269,9667,0,0,0
736341,102,0,5306,-6900,1,0,1
736342,463,0,3772,-7183,1,0,1
736343,181,0,1512,-7544,1,0,1
736344,65535,255,1248,10083,0,0,0
736345,246,0,3641,9740,1,0,1
736346,486,0,5304,9390,1,0,1
736347,177,0,4357,-7155,1,0,1
736348,472,0,2346,-7470,1,0,1
736349,65535,255,332,9575,0,0,0
736350,271,0,2931,9855,1,0,1
736351,415,0,4826,9535,1,0,1
736352,65535,255,4859,-7022,0,0,0
736353,440,0,3097,-7276,1,0,1
736354,442,0,599,-7225,1,0,1
736355,213,0,2131,10036,1,0,1
736356,95,0,4280,9625,1,0,1
736357,65535,255,5298,-6873,0,0,0
736358,65535,255,3764,-7279,0,0,0
736359,65535,255,1496,-7480,0,0,0
736360,65535,255,1265,10030,0,0,0
736361,65535,255,3656,9739,0,0,0
736362,0,0,0,0,0,0,0
736363,65535,255,4342,-7090,0,0,0
736364,171,0,2331,-7525,1,0,1
736365,356,0,348,9982,1,0,1
736366,126,0,2945,9917,1,0,1
736367,0,0,0,0,0,0,0
736368,65535,255,4847,-7000,0,0,0
736369,76,2,3083,-7377,1,0,1
736370,65535,255,574,-7842,0,0,0
736371,332,0,2158,9988,1,0,1
736372,65535,255,4298,9609,0,0,0
736373,174,2,5287,-6871,1,0,1
736374,65535,255,3748,-7283,0,0,0
736375,65535,255,1468,-7526,0,0,0
736376,65535,255,1287,10131,0,0,0
736377,65535,255,3677,9784,0,0,0
736378,65535,255,5325,9429,0,0,0
736379,65535,255,4328,-7122,0,0,0
736380,247,0,2305,-7433,1,0,1
736381,285,0,384,9654,1,0,1
736382,267,0,2974,9882,1,0,1
736383,65535,255,4853,9568,0,0,0
736384,65535,255,4832,-6998,0,0,0
736385,65535,255,3056,-7361,0,0,0
736386,65535,255,545,-7552,0,0,0
736387,65535,255,2184,9879,0,0,0
736388,65535,255,4313,9626,0,0,0
736389,65535,255,5274,-6865,0,0,0
736390,65535,255,3727,-7238,0,0,0
736391,65535,255,1446,-7666,0,0,0
736392,65535,255,1310,10180,0,0,0
736393,156,0,3689,9757,1,0,1
736394,65535,255,5336,9397,0,0,0
736395,65535,255,4313,-7151,0,0,0
736396,65535,255,2284,-7435,0,0,0
736397,252,0,394,10592,1,0,1
736398,65535,255,2988,9795,0,0,0
736399,65535,255,4865,9499,0,0,0
736400,65535,255,4820,-6994,0,0,0
736401,65535,255,3042,-7332,0,0,0
736402,65535,255,528,-7426,0,0,0
736403,65535,255,2195,10071,0,0,0
736404,343,0,4324,9630,1,0,1
736405,65535,255,5266,-6872,0,0,0
736406,65535,255,3716,-7264,0,0,0
736407,300,0,1429,-7462,1,0,1
736408,414,0,1333,9924,1,0,1
736409,348,0,3706,9691,1,0,1
736410,172,0,5342,9435,1,0,1
736411,65535,255,4299,-7107,0,0,0
736412,65535,255,2263,-7366,0,0,0
736413,111,0,417,10324,1,0,1
736414,65535,255,3002,9877,0,0,0
736415,348,0,4871,9491,1,0,1
736416,472,0,4812,-6996,1,0,1
736417,65535,255,3033,-7385,0,0,0
736418,65535,255,523,-7992,0,0,0
736419,65535,255,2195,10026,0,0,0
736420,65535,255,4320,9644,0,0,0
736421,120,0,5264,-6896,1,0,1
736422,65535,255,3716,-7215,0,0,0
736423,91,0,1440,-7713,1,0,1
736424,65535,255,1322,9975,0,0,0
736425,205,2,3694,9741,1,0,1
736426,65535,255,5334,9407,0,0,0
736427,137,0,4310,-7098,1,0,1
736428,315,2,2284,-7393,1,0,1
736429,65535,255,397,9500,0,0,0
736430,65535,255,2974,9871,0,0,0
736431,434,0,4855,9513,1,0,1
736432,476,0,4827,-7003,1,0,1
736433,213,2,3057,-7411,1,0,1
736434,65535,255,546,-7309,0,0,0
736435,65535,255,2174,9881,0,0,0
736436,116,0,4303,9665,1,0,1
736437,65535,255,5275,-6859,0,0,0
736438,268,0,3736,-7283,1,0,1
736439,65535,255,1457,-7594,0,0,0
736440,49,2,1293,10055,1,0,1
736441,316,0,3677,9776,1,0,1
736442,65535,255,5323,9435,0,0,0
736443,65535,255,4325,-7141,0,0,0
736444,65535,255,2305,-7516,0,0,0
736445,441,0,371,10351,1,0,1
736446,413,0,2960,9820,1,0,1
736447,302,0,4845,9554,1,0,1
736448,65535,255,4839,-6995,0,0,0
736449,65535,255,3070,-7397,0,0,0
736450,65535,255,569,-7322,0,0,0
736451,65535,255,2158,9898,0,0,0
736452,65535,255,4295,9603,0,0,0
736453,240,0,5733,9328,1,0,1
736454,537,0,3744,-7203,1,0,1
736455,309,0,1476,-7519,1,0,1
736456,370,0,1282,10081,1,0,1
736457,406,0,3665,9787,1,0,1
736458,65535,255,5315,9452,0,0,0
736459,65535,255,6425,9106,0,0,0
736460,0,0,0,0,0,0,0
736461,0,0,0,0,0,0,0
736462,65535,255,2946,9918,0,0,0
736463,0,0,0,0,0,0,0
736464,65535,255,6099,9213,0,0,0
736465,65535,255,6975,8851,0,0,0
736466,474,0,582,-7212,1,0,1
736467,65535,255,2148,9899,0,0,0
736468,242,0,4288,9605,1,0,1
736469,65535,255,5731,9338,0,0,0
736470,65535,255,6715,8977,0,0,0
736471,65535,255,-32768,-32768,0,65535,1
736472,420,0,1271,10240,1,0,1
736473,65535,255,3661,9725,0,0,0
736474,65535,255,5314,9419,0,0,0
736475,328,0,6425,9085,1,0,1
736476,65535,255,-32768,-32768,0,65535,0
736477,65535,255,-32768,-32768,0,65535,1
736478,87,0,2941,9898,1,0,1
736479,65535,255,4836,9517,0,0,0
736480,65535,255,6099,9213,0,0,0
736481,0,0,0,0,0,0,0
736482,65535,255,-32768,-32768,0,65535,0
736483,349,2,2142,9960,1,0,0
736484,65535,255,4287,9645,0,0,0
736485,65535,255,5730,9300,0,0,0
736486,65535,255,6714,8967,0,0,1
736487,65535,255,-32768,-32768,0,65535,0
736488,65535,255,-32768,-32768,0,65535,1
736489,252,0,3657,9813,1,0,1
736490,65535,255,5314,9399,0,0,0
736491,291,0,6424,9075,1,0,1
736492,0,0,0,0,0,0,0
736493,65535,255,-32768,-32768,0,65535,0
736494,65535,255,-32768,-32768,0,65535,0
736495,65535,255,4836,9518,0,0,0
736496,65535,255,6097,9218,0,0,0
736497,0,0,0,0,0,0,0
736498,65535,255,-32768,-32768,0,65535,1
736499,65535,255,-32768,-32768,0,65535,1
736500,65535,255,4284,9678,0,0,0
736501,182,0,5730,9326,1,0,1
736502,0,0,0,0,0,0,0
736503,65535,255,-32768,-32768,0,65535,1
736504,65535,255,-32768,-32768,0,65535,1
736505,130,0,3657,9756,1,0,1
736506,122,0,5311,9449,1,0,1
736507,273,0,6424,9080,1,0,1
736508,0,0,0,0,0,0,0
736509,65535,255,-32768,-32768,0,65535,1
736510,365,0,2946,9876,1,0,1
736511,65535,255,4835,9518,0,0,0
736512,317,0,6099,9221,1,0,1
736513,0,0,0,0,0,0,0
736514,65535,255,-32768,-32768,0,65535,1
736515,65535,255,2148,10065,0,0,0
736516,321,0,4291,9597,1,0,1
736517,262,0,5733,9304,1,0,1
736518,65535,255,6715,8989,0,0,1
736519,65535,255,-32768,-32768,0,65535,1
736520,435,0,1276,10056,1,0,1
736521,317,0,3665,9689,1,0,1
736522,91,0,5314,9413,1,0,1
736523,208,0,6425,9092,1,0,1
736524,65535,255,-32768,-32768,0,65535,0
736525,102,0,353,9889,1,0,1
736526,65535,255,2951,9822,0,0,0
736527,213,0,4839,9495,1,0,1
736528,428,0,6101,9208,1,0,1
736529,65535,255,6977,8846,0,0,1
736530,414,0,574,-7612,1,0,1
736531,460,0,2153,10049,1,0,1
736532,310,0,4295,9597,1,0,1
736533,181,0,5736,9281,1,0,1
736534,65535,255,6716,8995,0,0,0
736535,65535,255,1474,-7701,0,0,0
736536,65535,255,1282,10160,0,0,0
736537,65535,255,3669,9730,0,0,0
736538,127,0,5317,9437,1,0,0
736539,65535,255,6427,9082,0,0,0
736540,472,0,2310,-7473,1,0,1
736541,304,0,365,10624,1,0,1
736542,65535,255,2955,9917,0,0,0
736543,65535,255,4845,9543,0,0,0
736544,65535,255,6104,9187,0,0,0
736545,455,0,3065,-7348,1,0,1
736546,85,0,563,-7375,1,0,1
736547,65535,255,2164,9987,0,0,0
736548,65535,255,4298,9676,0,0,0
736549,65535,255,5278,-6891,0,0,0
736550,411,0,3736,-7259,1,0,1
736551,340,0,1463,-7661,1,0,1
736552,65535,255,1293,10132,0,0,0
736553,65535,255,3677,9728,0,0,0
736554,466,0,5326,9440,1,0,1
736555,51,0,4321,-7095,1,0,1
736556,387,0,2297,-7459,1,0,1
736557,65535,255,383,9827,0,0,0
736558,73,2,2970,9841,1,0,1
736559,378,0,4854,9509,1,0,1
736560,65535,255,4827,-6991,0,0,0
736561,65535,255,3052,-7298,0,0,0
736562,191,0,546,-8090,1,0,1
736563,118,0,2179,9956,1,0,1
736564,65535,255,4309,9661,0,0,0
736565,132,0,5272,-6883,1,0,1
736566,284,0,3724,-7261,1,0,1
736567,193,0,1446,-7686,1,0,1
736568,489,0,1316,10179,1,0,1
736569,436,0,3694,9749,1,0,1
736570,368,0,5337,9383,1,0,1
736571,134,0,4310,-7117,1,0,1
736572,65535,255,2279,-7350,0,0,0
736573,65535,255,400,10004,0,0,0
736574,288,0,2988,9860,1,0,1
736575,393,0,4866,9522,1,0,1
736576,269,0,4818,-7010,1,0,1
736577,211,0,3037,-7352,1,0,1
736578,65535,255,522,-7421,0,0,0
736579,496,0,2200,10042,1,0,1
736580,369,0,4328,9611,1,0,1
736581,415,0,5262,-6925,1,0,1
736582,65535,255,3708,-7216,0,0,0
736583,175,0,1423,-7575,1,0,1
736584,65535,255,1338,10076,0,0,0
736585,364,0,3713,9723,1,0,1
736586,270,0,5348,9415,1,0,1
736587,420,0,4293,-7118,1,0,1
736588,65535,255,2263,-7480,0,0,0
736589,445,0,426,9545,1,0,0
736590,65535,255,3002,9816,0,0,0
736591,277,0,4872,9505,3,0,1
736592,65535,255,4817,-6988,0,0,0
736593,367,0,3037,-7321,1,0,1
736594,130,0,529,-7297,1,0,1
736595,65535,255,2195,10028,0,0,0
736596,238,0,4320,9606,1,0,1
736597,354,0,5272,-6917,1,0,1
736598,112,0,3724,-7213,1,0,1
736599,198,0,1445,-7594,1,0,1
736600,103,0,1310,10130,1,0,1
736601,381,0,3689,9743,1,0,1
736602,276,0,5333,9391,1,0,1
736603,65535,255,4328,-7150,0,0,0
736604,65535,255,2310,-7517,0,0,0
736605,65535,255,365,10262,0,0,0
736606,65535,255,2960,9808,0,0,0
736607,380,0,4845,9536,1,0,1
736608,418,0,4844,-6968,1,0,1
736609,65535,255,3079,-7348,0,0,0
736610,65535,255,580,-7841,0,0,0
736611,206,0,2148,10032,1,0,1
736612,270,0,4291,9649,1,0,1
736613,65535,255,5295,-6909,0,0,0
736614,65535,255,3759,-7241,0,0,0
736615,289,0,1490,-7480,1,0,1
736616,0,0,0,0,0,0,0
736617,0,0,0,0,0,0,0
736618,65535,255,5311,9401,0,0,0
736619,65535,255,4346,-7073,0,0,0
736620,0,0,0,0,0,0,0
736621,65535,255,339,9391,0,0,0
736622,103,0,2932,9898,1,0,1
736623,65535,255,4827,9501,0,0,0
736624,323,0,4862,-7030,1,0,1
736625,434,0,3101,-7314,1,0,1
736626,65535,255,609,-7775,0,0,0
736627,65535,255,2121,10022,0,0,0
736628,65535,255,4273,9653,0,0,0
736629,65535,255,5305,-6908,0,0,0
736630,310,2,3776,-7269,1,0,1
736631,108,0,1517,-7586,1,0,1
736632,390,0,1243,9896,1,0,1
736633,250,2,3637,9741,1,0,0
736634,65535,255,5298,9426,0,0,0
736635,65535,255,4363,-7134,0,0,0
736636,65535,255,2360,-7520,0,0,0
736637,65535,255,313,10595,0,0,0
736638,65535,255,2913,9869,0,0,0
736639,0,0,0,0,0,0,0
736640,65535,255,4871,-7033,0,0,0
736641,86,0,3119,-7331,1,0,1
736642,65535,255,627,-7930,0,0,0
736643,376,0,2106,10086,1,0,1
736644,376,0,4258,9690,1,0,1
736645,65535,255,5312,-6878,0,0,0
736646,569,0,3784,-7212,1,0,1
736647,65535,255,1529,-7434,0,0,0
736648,65535,255,1220,10170,0,0,0
736649,296,0,3624,9701,1,0,1
736650,237,0,5288,9409,1,0,1
736651,65535,255,4370,-7125,0,0,0
736652,65535,255,2371,-7505,0,0,0
736653,65535,255,296,10622,0,0,0
736654,65535,255,2898,9882,0,0,0
736655,65535,255,4805,9505,0,0,0
736656,65535,255,4874,-6965,0,0,0
736657,0,0,0,0,0,0,0
736658,65535,255,639,-7352,0,0,0
736659,0,0,0,0,0,0,0
736660,65535,255,4248,9637,0,0,0
736661,65535,255,5315,-6843,0,0,0
736662,65535,255,3792,-7163,0,0,0
736663,90,2,1545,-7666,1,0,0
736664,306,0,1214,10088,1,0,1
736665,144,0,3612,9813,1,0,1
736666,332,0,5283,9401,1,0,1
736667,294,0,4374,-7117,1,0,1
736668,65535,255,2380,-7516,0,0,0
736669,65535,255,285,10868,0,0,0
736670,65535,255,2894,9904,0,0,0
736671,65535,255,4798,9524,0,0,0
736672,65535,255,4877,-6991,0,0,0
736673,65535,255,3128,-7270,0,0,0
736674,65535,255,644,-7715,0,0,0
736675,65535,255,2085,10059,0,0,0
736676,65535,255,4245,9693,0,0,0
736677,65535,255,5318,-6890,0,0,0
736678,65535,255,3796,-7240,0,0,0
736679,65535,255,1545,-7580,0,0,0
736680,65535,255,1209,9951,0,0,0
736681,65535,255,3611,9788,0,0,0
736682,65535,255,5280,9435,0,0,0
736683,65535,255,4374,-7111,0,0,0
736684,65535,255,2381,-7516,0,0,0
736685,65535,255,284,10403,0,0,0
736686,173,0,2889,9873,1,0,1
736687,65535,255,4798,9518,0,0,0
736688,445,0,4877,-6985,1,0,1
736689,65535,255,3129,-7279,0,0,0
736690,299,0,644,-7764,1,0,1
736691,241,0,2086,10047,1,0,1
736692,472,0,4248,9605,1,0,1
736693,405,0,5318,-6904,1,0,1
736694,240,0,3793,-7219,1,0,1
736695,406,0,1545,-7687,1,0,1
736696,65535,255,1208,10145,0,0,0
736697,65535,255,3616,9720,0,0,0
736698,65535,255,5282,9431,0,0,0
736699,486,0,4371,-7073,1,0,1
736700,270,0,2375,-7450,1,0,1
736701,488,0,289,10399,1,0,1
736702,251,0,2894,9884,1,0,1
736703,65535,255,4801,9530,0,0,0
736704,340,0,4877,-7002,1,0,1
736705,65535,255,3128,-7309,0,0,0
736706,65535,255,645,-7971,0,0,0
736707,65535,255,2095,9920,0,0,0
736708,65535,255,4251,9645,0,0,0
736709,422,0,5315,-6862,1,0,1
736710,244,0,3788,-7218,1,0,0
736711,143,0,1534,-7539,1,0,0
736712,65535,255,1220,9953,0,0,0
736713,277,0,3620,9795,1,0,1
736714,342,0,5290,9405,1,0,1
736715,205,0,4370,-7144,1,0,1
736716,191,0,2370,-7384,1,0,1
736717,340,0,301,10063,1,0,1
736718,369,0,2908,9860,1,0,1
736719,65535,255,4811,9517,0,0,0
736720,46,0,4874,-6997,1,0,1
736721,196,0,3119,-7310,1,0,1
736722,56,0,633,-8030,1,0,1
736723,79,0,2106,9950,1,0,1
736724,255,0,4262,9657,1,0,1
736725,65535,255,5312,-6877,0,0,0
736726,65535,255,3784,-7242,0,0,0
736727,65535,255,1523,-7626,0,0,0
736728,65535,255,1236,10115,0,0,0
736729,65535,255,3633,9718,0,0,0
736730,172,2,5298,9438,1,0,1
736731,65535,255,4360,-7095,0,0,0
736732,65535,255,2355,-7506,0,0,0
736733,351,2,321,9448,1,0,1
736734,407,2,2922,9805,1,0,1
736735,65535,255,4820,9517,0,0,0
736736,65535,255,4864,-6977,0,0,0
736737,65535,255,3106,-7282,0,0,0
736738,0,0,0,0,0,0,0
736739,65535,255,2126,9932,0,0,0
736740,65535,255,4273,9655,0,0,0
736741,139,0,5303,-6879,1,0,1
736742,207,0,3771,-7252,1,0,1
736743,218,0,1507,-7672,1,0,1
736744,465,2,1253,10166,1,0,1
736745,65535,255,3649,9742,0,0,0
736746,65535,255,5306,9455,0,0,0
736747,65535,255,4349,-7122,0,0,0
736748,65535,255,2336,-7361,0,0,0
736749,65535,255,336,9975,0,0,0
736750,65535,255,2936,9868,0,0,0
736751,65535,255,4833,9530,0,0,0
736752,430,0,4853,-7018,1,0,1
736753,65535,255,3087,-7364,0,0,0
736754,65535,255,586,-7555,0,0,0
736755,284,0,2142,10067,1,0,1
736756,417,0,4291,9618,1,0,1
736757,364,0,5290,-6854,1,0,1
736758,208,2,3751,-7224,1,0,0
736759,65535,255,1484,-7610,0,0,0
736760,286,2,1276,10109,1,0,1
736761,207,0,3665,9731,1,0,1
736762,316,0,5317,9453,1,0,1
736763,30,2,4335,-7125,1,0,1
736764,356,0,2315,-7374,1,0,1
736765,466,0,365,10173,1,0,1
736766,65535,255,2960,9896,0,0,0
736767,359,0,4847,9550,1,0,1
736768,65535,255,4838,-7044,0,0,0
736769,469,0,3066,-7407,1,0,1
736770,463,0,557,-7846,1,0,1
736771,165,0,2169,9928,1,0,1
736772,65535,255,4306,9663,0,0,0
736773,65535,255,5277,-6895,0,0,0
736774,350,0,3730,-7271,1,0,1
736775,65535,255,1451,-7456,0,0,0
736776,65535,255,1310,9978,0,0,0
736777,65535,255,3689,9695,0,0,0
736778,65535,255,5331,9434,0,0,0
736779,65535,255,4313,-7103,0,0,0
736780,65535,255,2287,-7487,0,0,0
736781,407,0,400,10087,1,0,1
736782,85,0,2984,9893,1,0,1
736783,265,0,4863,9535,1,0,1
736784,469,0,4819,-7010,1,0,1
736785,310,0,3042,-7329,1,0,1
736786,65535,255,533,-7669,0,0,0
736787,327,0,2190,9970,1,0,1
736788,65535,255,4317,9613,0,0,0
736789,65535,255,5269,-6883,0,0,0
736790,65535,255,3720,-7189,0,0,0
736791,65535,255,1446,-7663,0,0,1
736792,290,0,1316,9952,1,0,1
736793,154,0,3689,9735,1,0,1
736794,291,0,5334,9410,1,0,1
736795,397,0,4310,-7096,1,0,1
736796,163,0,2289,-7404,1,0,1
736797,350,0,397,9585,1,0,1
736798,381,0,2979,9893,1,0,1
736799,371,0,4857,9497,1,0,1
736800,65535,255,4827,-7018,0,0,0
736801,407,0,3047,-7277,1,0,1
736802,88,0,545,-7489,1,0,0
736803,396,0,2180,9927,1,0,1
736804,160,0,4310,9608,1,0,1
736805,449,0,5272,-6877,1,0,1
736806,517,0,3724,-7196,1,0,1
736807,396,0,1452,-7685,1,0,1
736808,62,0,1305,10003,1,0,1
736809,355,0,3686,9760,1,0,1
736810,65535,255,5329,9426,0,0,0
736811,65535,255,4314,-7135,0,0,0
736812,65535,255,2294,-7502,0,0,0
736813,65535,255,388,10258,0,0,0
736814,231,0,2975,9820,1,0,1
736815,494,0,4854,9548,1,0,1
736816,65535,255,4827,-6990,0,0,0
736817,304,0,3056,-7399,1,0,1
736818,65535,255,546,-7306,0,0,0
736819,65535,255,2179,9913,0,0,0
736820,362,0,4310,9602,1,0,1
736821,287,0,5744,9331,1,0,1
736822,65535,255,3728,-7211,0,0,0
736823,201,0,1452,-7386,1,0,0
736824,65535,255,1304,10080,0,0,0
736825,482,0,3685,9793,1,0,1
736826,65535,255,5329,9425,0,0,0
736827,65535,255,6435,9100,0,0,0
736828,399,0,2289,-7389,1,0,1
736829,163,0,390,9661,1,0,1
736830,407,0,2974,9916,1,0,1
736831,409,0,4857,9520,1,0,1
736832,402,0,6112,9209,1,0,1
736833,65535,255,6984,8861,0,0,1
736834,65535,255,547,-7308,0,0,0
736835,65535,255,2180,9883,0,0,0
736836,454,0,4314,9601,1,0,1
736837,382,0,5748,9335,1,0,1
736838,65535,255,6725,8974,0,0,1
736839,65535,255,-32768,-32768,0,65535,1
736840,65535,255,1310,10182,0,0,0
736841,65535,255,3690,9704,0,0,0
736842,307,0,5333,9406,1,0,1
736843,406,0,6439,9078,1,0,1
736844,65535,255,-32768,-32768,0,65535,1
736845,65535,255,-32768,-32768,0,65535,1
736846,306,0,2983,9852,1,0,1
736847,65535,255,4863,9491,0,0,0
736848,365,0,6116,9197,1,0,1
736849,0,0,0,0,0,0,0
736850,65535,255,-32768,-32768,0,65535,1
736851,65535,255,-32768,-32768,0,65535,0
736852,65535,255,4320,9601,0,0,0
736853,173,0,5751,9306,1,0,1
736854,65535,255,6729,8977,0,0,0
736855,0,0,0,0,0,0,0
736856,65535,255,-32768,-32768,0,0,0
736857,347,0,3697,9735,1,0,1
736858,297,0,5338,9429,1,0,1
736859,304,0,6442,9095,1,0,1
736860,0,0,0,0,0,0,0
736861,65535,255,-32768,-32768,0,65535,0
736862,65535,255,-32768,-32768,0,65535,1
736863,65535,255,4865,9541,0,0,0
736864,97,2,6120,9173,1,0,1
736865,0,0,0,0,0,0,0
736866,65535,255,-32768,-32768,0,65535,1
736867,65535,255,-32768,-32768,0,65535,1
736868,320,0,4327,9680,1,0,1
736869,100,0,5756,9325,1,0,1
736870,65535,255,6733,8971,0,0,1
736871,65535,255,-32768,-32768,0,65535,0
736872,65535,255,-32768,-32768,0,65535,1
736873,403,0,3709,9733,1,0,0
736874,65535,255,5346,9432,0,0,0
736875,65535,255,6446,9098,0,0,0
736876,0,0,0,0,0,0,0
736877,65535,255,-32768,-32768,0,65535,1
736878,123,0,3002,9807,1,0,1
736879,364,0,4874,9561,1,0,1
736880,417,0,6126,9186,1,0,1
736881,65535,255,6994,8869,0,0,1
736882,65535,255,-32768,-32768,0,65535,1
736883,435,0,2216,9895,1,0,1
736884,368,0,4339,9618,1,0,1
736885,242,0,5764,9288,1,0,0
736886,0,0,0,0,0,0,0
736887,65535,255,-32768,-32768,0,65535,0
736888,346,0,1350,10050,1,0,1
736889,403,0,3720,9698,1,0,1
736890,65535,255,5352,9401,0,0,0
736891,408,0,6452,9080,1,0,1
736892,65535,255,-32768,-32768,0,65535,1
736893,537,2,443,9573,3,0,1
736894,304,0,3017,9861,1,0,1
736895,273,0,4884,9548,1,0,1
736896,225,0,6131,9165,1,0,0
736897,65535,255,6997,8870,0,0,1
736898,83,0,499,-7341,1,0,0
736899,65535,255,2221,10055,0,0,0
736900,65535,255,4339,9617,0,0,0
736901,412,0,5765,9313,1,0,1
736902,65535,255,6736,8982,0,0,1
736903,500,0,1412,-7669,1,0,1
736904,439,0,1344,10225,1,0,1
736905,394,0,3713,9780,1,0,1
736906,65535,255,5347,9412,0,0,0
736907,65535,255,4297,-7128,0,0,0
736908,252,0,2268,-7492,1,0,1
736909,154,0,418,9774,1,0,1
736910,371,0,2998,9849,1,0,1
736911,361,0,4869,9534,1,0,1
736912,395,0,4815,-7026,1,0,1
736913,32,2,3037,-7401,1,0,1
736914,320,0,522,-7923,1,0,1
736915,122,0,2195,9956,1,0,1
736916,276,0,4320,9681,1,0,0
736917,531,0,5264,-6907,1,0,1
736918,65535,255,3716,-7197,0,0,0
736919,65535,255,1434,-7571,0,0,0
736920,508,0,1321,10130,1,0,1
736921,283,0,3693,9759,1,0,1
736922,219,0,5334,9401,1,0,1
736923,65535,255,4310,-7162,0,0,0
736924,508,0,2284,-7474,1,0,1
736925,65535,255,396,9671,0,0,1
736926,65535,255,2979,9852,0,0,0
736927,297,0,4857,9537,1,0,1
736928,269,0,4827,-7034,1,0,1
736929,409,0,3052,-7390,1,0,1
736930,65535,255,546,-8031,0,0,0
736931,332,0,2179,10002,1,0,1
736932,65535,255,4310,9602,0,0,0
736933,219,0,5272,-6856,1,0,1
736934,449,0,3728,-7242,1,0,1
736935,89,2,1457,-7477,1,0,0
736936,274,0,1299,10030,1,0,1
736937,192,0,3678,9730,1,0,1
736938,300,0,5326,9388,1,0,1
736939,65535,255,4321,-7152,0,0,0
736940,65535,255,2305,-7472,0,0,0
736941,65535,255,378,9647,0,0,0
736942,341,0,2965,9865,1,0,1
736943,225,0,4845,9545,1,0,1
736944,502,0,4833,-6960,1,0,1
736945,144,0,3066,-7295,1,0,1
736946,65535,255,563,-7313,0,0,0
736947,65535,255,2158,10065,0,0,0
736948,65535,255,4299,9645,0,0,0
736949,65535,255,5283,-6888,0,0,0
736950,65535,255,3740,-7184,0,0,0
736951,435,0,1468,-7566,1,0,1
736952,88,2,1282,10162,1,0,0
736953,65535,255,3669,9780,0,0,0
736954,65535,255,5317,9425,0,0,0
736955,65535,255,4331,-7104,0,0,0
736956,65535,255,2315,-7386,0,0,0
736957,65535,255,360,10635,0,0,0
736958,65535,255,2956,9813,0,0,0
736959,373,0,4842,9530,1,0,1
736960,525,0,4841,-7036,1,0,1
736961,65535,255,3074,-7284,0,0,0
736962,65535,255,575,-7377,0,0,0
736963,65535,255,2153,9886,0,0,0
736964,220,0,4291,9660,1,0,1
736965,65535,255,5288,-6905,0,0,0
736966,65535,255,3747,-7215,0,0,0
736967,214,0,1502,-7719,1,0,1
736968,65535,255,1254,10082,0,0,0
736969,65535,255,3645,9788,0,0,0
736970,65535,255,5304,9453,0,0,0
736971,65535,255,4350,-7071,0,0,0
736972,275,0,2346,-7376,1,0,1
736973,65535,255,333,9472,0,0,0
736974,255,0,2927,9920,1,0,1
736975,427,0,4824,9518,1,0,1
736976,65535,255,4862,-6969,0,0,0
736977,304,0,3105,-7373,1,0,1
736978,65535,255,610,-7232,0,0,0
736979,64,2,2116,9900,1,0,1
736980,285,0,4269,9606,1,0,0
736981,106,0,5309,-6890,1,0,1
736982,237,0,3780,-7230,1,0,1
736983,497,0,1518,-7479,1,0,1
736984,480,2,1237,10219,1,0,0
736985,132,2,3633,9724,1,0,1
736986,303,2,5296,9416,1,0,1
736987,65535,255,4363,-7134,0,0,0
736988,65535,255,2365,-7533,0,0,0
736989,248,2,309,10817,1,0,0
736990,65535,255,2913,9890,0,0,0
736991,384,0,4814,9515,1,0,1
736992,407,0,4870,-6972,1,0,1
736993,482,0,3119,-7381,1,0,1
736994,376,0,627,-7400,1,0,1
736995,65535,255,2106,9948,0,0,0
736996,343,0,4258,9635,1,0,1
736997,65535,255,5314,-6873,0,0,0
736998,224,0,3788,-7191,1,0,1
736999,65535,255,1534,-7668,0,0,0
737000,215,0,1220,10059,1,0,1
737001,65535,255,3624,9810,0,0,0
737002,214,0,5290,9399,1,0,0
737003,65535,255,4369,-7119,0,0,0
737004,65535,255,2370,-7505,0,0,0
737005,65535,255,296,10728,0,0,0
737006,65535,255,2903,9903,0,0,0
737007,65535,255,4808,9522,0,0,0
737008,65535,255,4877,-6987,0,0,0
737009,65535,255,3123,-7262,0,0,1
737010,301,0,638,-7665,1,0,1
737011,65535,255,2095,10042,0,0,0
737012,65535,255,4251,9684,0,0,0
737013,65535,255,5317,-6887,0,0,0
737014,194,0,3792,-7242,1,0,1
737015,65535,255,1539,-7561,0,0,1
737016,405,0,1220,9951,1,0,1
737017,486,0,3620,9778,1,0,1
737018,65535,255,5285,9444,0,0,0
737019,308,0,4373,-7105,1,0,1
737020,294,2,2375,-7504,1,0,0
737021,217,0,291,10856,1,0,1
737022,65535,255,2899,9914,0,0,0
737023,65535,255,4805,9540,0,0,0
737024,65535,255,4877,-7008,0,0,0
737025,95,0,3128,-7319,1,0,1
737026,268,2,644,-7972,1,0,1
737027,65535,255,2095,9919,0,0,0
737028,65535,255,4251,9637,0,0,0
737029,65535,255,5315,-6853,0,0,0
737030,65535,255,3792,-7195,0,0,0
737031,65535,255,1540,-7476,0,0,0
737032,456,0,1219,9954,1,0,1
737033,65535,255,3620,9770,0,0,0
737034,330,0,5285,9459,1,0,1
737035,112,0,4370,-7112,1,0,1
737036,220,0,2375,-7517,1,0,1
737037,65535,255,299,9282,0,0,0
737038,408,0,2901,9856,1,0,1
737039,247,0,4805,9563,1,0,1
737040,0,0,0,0,0,0,0
737041,65535,255,3124,-7378,0,0,0
737042,65535,255,632,-7507,0,0,0
737043,65535,255,2095,10042,0,0,1
737044,65535,255,4252,9692,0,0,0
737045,65535,255,5312,-6901,0,0,0
737046,156,0,3787,-7265,1,0,1
737047,210,0,1533,-7648,1,0,1
737048,397,0,1225,10197,1,0,1
737049,65535,255,3625,9744,0,0,0
737050,284,0,5288,9449,1,0,1
737051,65535,255,4363,-7100,0,0,0
737052,303,2,2365,-7518,1,0,1
737053,304,0,310,9424,1,0,1
737054,221,0,2908,9795,1,0,1
737055,65535,255,4808,9574,0,0,0
737056,0,0,0,0,0,0,0
737057,65535,255,3115,-7261,0,0,0
737058,54,2,627,-7823,1,0,1
737059,0,0,0,0,0,0,0
737060,65535,255,4263,9636,0,0,0
737061,65535,255,5307,-6864,0,0,0
737062,65535,255,3776,-7220,0,0,0
737063,454,0,1518,-7563,1,0,1
737064,65535,255,1237,10033,0,0,0
737065,65535,255,3638,9700,0,0,0
737066,65535,255,5296,9428,0,0,0
737067,65535,255,4357,-7082,0,0,0
737068,65535,255,2351,-7480,0,0,0
737069,65535,255,321,10897,0,0,0
737070,65535,255,2923,9794,0,0,0
737071,65535,255,4818,9573,0,0,0
737072,65535,255,4859,-6972,0,0,0
737073,298,0,3101,-7273,1,0,1
737074,65535,255,609,-7883,0,0,1
737075,65535,255,2127,9917,0,0,0
737076,65535,255,4273,9654,0,0,0
737077,65535,255,5299,-6880,0,0,0
737078,335,0,3764,-7261,1,0,1
737079,241,2,1501,-7695,1,0,0
737080,307,0,1254,10192,1,0,1
737081,65535,255,3649,9757,0,0,0
737082,247,0,5307,9387,1,0,1
737083,286,0,4346,-7129,1,0,1
737084,65535,255,2331,-7388,0,0,0
737085,65535,255,342,10271,0,0,0
737086,0,0,0,0,0,0,0
737087,65535,255,4833,9546,0,0,0
737088,347,0,4850,-7036,1,0,1
737089,65535,255,3088,-7393,0,0,0
737090,65535,255,586,-7949,0,0,0
737091,65535,255,2148,9945,0,0,0
737092,65535,255,4288,9673,0,0,0
737093,65535,255,5291,-6892,0,0,0
737094,65535,255,3751,-7265,0,0,0
737095,177,0,1479,-7435,1,0,1
737096,65535,255,1282,9927,0,0,0
737097,65535,255,3665,9803,0,0,0
737098,65535,255,5319,9423,0,0,0
737099,65535,255,4331,-7079,0,0,0
737100,65535,255,2315,-7500,0,0,0
737101,65535,255,372,9640,0,0,0
737102,93,0,2960,9832,1,0,1
737103,65535,255,4847,9516,0,0,0
737104,91,2,4838,-7011,1,0,0
737105,65535,255,3065,-7317,0,0,0
737106,189,0,557,-7314,1,0,1
737107,65535,255,2169,10032,0,0,0
737108,65535,255,4309,9608,0,0,0
737109,65535,255,5277,-6870,0,0,0
737110,65535,255,3731,-7220,0,0,0
737111,65535,255,1451,-7617,0,0,0
737112,65535,255,1310,10156,0,0,0
737113,65535,255,3689,9760,0,0,0
737114,65535,255,5336,9395,0,0,0
737115,65535,255,4313,-7150,0,0,0
737116,65535,255,2289,-7447,0,0,0
737117,65535,255,396,10758,0,0,0
737118,65535,255,2988,9808,0,0,0
737119,206,0,4866,9507,1,0,1
737120,65535,255,4820,-6976,0,0,0
737121,65535,255,3042,-7340,0,0,0
737122,764,1,534,-7731,1,0,1
737123,65535,255,2190,9970,0,0,0
737124,65535,255,4320,9607,0,0,0
737125,65535,255,5271,-6868,0,0,0
737126,65535,255,3724,-7285,0,0,0
737127,65535,255,1440,-7549,0,0,0
737128,65535,255,1316,10180,0,0,0
737129,0,0,0,0,0,0,0
737130,65535,255,5333,9439,0,0,0
737131,65535,255,4317,-7135,0,0,0
737132,65535,255,2294,-7474,0,0,0
737133,88,0,389,9916,1,0,1
737134,65535,255,2979,9915,0,0,0
737135,65535,255,4857,9503,0,0,0
737136,65535,255,4829,-7018,0,0,0
737137,65535,255,3056,-7352,0,0,0
737138,65535,255,546,-7304,0,0,0
737139,65535,255,2180,9868,0,0,0
737140,65535,255,4309,9676,0,0,0
737141,65535,255,5277,-6920,0,0,0
737142,496,0,3731,-7251,1,0,1
737143,65535,255,1457,-7478,0,0,0
737144,65535,255,1299,10106,0,0,0
737145,362,0,3681,9785,1,0,1
737146,319,0,5326,9436,1,0,1
737147,313,0,4324,-7134,1,0,1
737148,65535,255,2305,-7486,0,0,0
737149,65535,255,377,10085,0,0,0
737150,480,0,2969,9808,1,0,1
737151,65535,255,4851,9521,0,0,0
737152,65535,255,4835,-7044,0,0,0
737153,65535,255,3065,-7316,0,0,0
737154,65535,255,556,-7668,0,0,0
737155,65535,255,2169,9973,0,0,0
737156,445,0,4302,9617,1,0,1
737157,444,0,5280,-6884,1,0,1
737158,65535,255,3736,-7202,0,0,0
737159,65535,255,1468,-7678,0,0,0
737160,65535,255,1293,9978,0,0,0
737161,65535,255,3674,9746,0,0,0
737162,65535,255,5323,9417,0,0,0
737163,65535,255,4324,-7119,0,0,0
737164,65535,255,2310,-7458,0,0,0
737165,65535,255,371,9903,0,0,0
737166,65535,255,2960,9905,0,0,0
737167,284,0,4845,9523,1,0,1
737168,395,0,4836,-6960,1,0,1
737169,491,0,3065,-7336,1,0,1
737170,506,0,563,-7842,1,0,1
737171,205,0,2158,10034,1,0,1
737172,76,0,4295,9658,1,0,1
737173,328,0,5283,-6917,1,0,1
737174,295,0,3740,-7264,1,0,1
737175,373,0,1468,-7522,1,0,1
737176,372,0,1288,10238,1,0,1
737177,389,0,3674,9706,1,0,1
737178,361,0,5321,9399,1,0,1
737179,65535,255,4325,-7099,0,0,0
737180,63,2,2310,-7429,1,0,1
737181,442,0,371,9816,1,0,1
737182,65535,255,2960,9929,0,0,0
737183,65535,255,4846,9522,0,0,0
737184,65535,255,4836,-6970,0,0,0
737185,65535,255,3066,-7355,0,0,0
737186,65535,255,569,-8015,0,0,0
737187,65535,255,2162,9925,0,0,0
737188,132,0,4295,9685,1,0,1
737189,65535,255,5736,9316,0,0,0
737190,65535,255,3740,-7185,0,0,0
737191,406,0,1469,-7678,1,0,1
737192,65535,255,1293,10030,0,0,0
737193,448,0,3673,9779,1,0,1
737194,0,0,0,0,0,0,0
737195,65535,255,6429,9103,0,0,0
737196,240,2,2305,-7373,1,0,1
737197,65535,255,379,9558,0,0,0
737198,70,2,2960,9918,1,0,0
737199,450,0,4848,9517,1,0,1
737200,82,2,6105,9212,1,0,1
737201,65535,255,6980,8860,0,0,1
737202,65535,255,559,-7195,0,0,0
737203,65535,255,2169,9899,0,0,0
737204,65535,255,4303,9610,0,0,0
737205,444,0,5741,9337,1,0,1
737206,65535,255,6721,8978,0,0,1
737207,65535,255,-32768,-32768,0,65535,1
737208,65535,255,1299,10236,0,0,0
737209,65535,255,3682,9721,0,0,0
737210,65535,255,5328,9417,0,0,0
737211,131,0,6433,9087,1,0,1
737212,65535,255,-32768,-32768,0,65535,1
737213,65535,255,-32768,-32768,0,65535,1
737214,234,0,2969,9885,1,0,1
737215,65535,255,4854,9510,0,0,0
737216,236,0,6111,9210,1,0,1
737217,0,0,0,0,0,0,0
737218,65535,255,-32768,-32768,0,65535,0
737219,65535,255,-32768,-32768,0,65535,0
737220,209,0,4310,9629,1,0,1
737221,564,0,5748,9288,1,0,1
737222,65535,255,6724,8994,0,0,1
737223,65535,255,-32768,-32768,0,65535,0
737224,65535,255,-32768,-32768,0,65535,0
737225,317,2,3689,9785,1,0,1
737226,137,0,5334,9412,1,0,1
737227,65535,255,6439,9064,0,0,0
737228,0,0,0,0,0,0,0
737229,65535,255,-32768,-32768,0,65535,0
737230,65535,255,-32768,-32768,0,65535,1
737231,231,2,4863,9492,1,0,1
737232,90,0,6116,9197,1,0,1
737233,0,0,0,0,0,0,0
737234,65535,255,-32768,-32768,0,65535,1
737235,65535,255,-32768,-32768,0,65535,1
737236,65535,255,4320,9628,0,0,0
737237,65535,255,5755,9291,0,0,0
737238,65535,255,6732,8949,0,0,1
737239,65535,255,-32768,-32768,0,65535,1
737240,65535,255,-32768,-32768,0,65535,1
737241,395,0,3702,9753,1,0,1
737242,467,2,5344,9399,1,0,1
737243,65535,255,6444,9077,0,0,0
737244,65535,255,-32768,-32768,0,65535,1
737245,65535,255,-32768,-32768,0,65535,0
737246,65535,255,2998,9912,0,0,0
737247,318,0,4871,9534,1,0,1
737248,65535,255,6125,9172,0,0,0
737249,65535,255,6994,8857,0,0,0
737250,65535,255,-32768,-32768,0,65535,1
737251,214,2,2208,9928,1,0,1
737252,258,0,4335,9598,1,0,1
737253,65535,255,5765,9275,0,0,0
737254,65535,255,6735,8986,0,0,1
737255,65535,255,-32768,-32768,0,65535,1
737256,415,0,1350,10001,1,0,1
737257,65535,255,3717,9788,0,0,0
737258,286,0,5352,9392,1,0,1
737259,145,0,6450,9064,1,0,1
737260,65535,255,-32768,-32768,0,65535,0
737261,405,0,428,10169,1,0,1
737262,65535,255,3007,9921,0,0,0
737263,260,2,4877,9488,1,0,1
737264,65535,255,6127,9167,0,0,0
737265,65535,255,6994,8861,0,0,0
737266,65535,255,510,-7610,0,0,0
737267,65535,255,2211,9899,0,0,0
737268,65535,255,4331,9665,0,0,0
737269,69,2,5759,9285,1,0,1
737270,173,0,3708,-7198,1,0,1
737271,322,0,1423,-7595,1,0,1
737272,202,0,1333,10177,1,0,1
737273,221,0,3705,9782,1,0,1
737274,65535,255,5344,9418,0,0,0
737275,65535,255,4302,-7090,0,0,0
737276,65535,255,2273,-7460,0,0,0
737277,65535,255,412,10251,0,0,0
737278,259,0,2993,9833,1,0,1
737279,65535,255,4866,9502,0,0,0
737280,487,0,4817,-7003,1,0,1
737281,65535,255,3042,-7370,0,0,0
737282,348,2,528,-7855,1,0,1
737283,329,0,2195,9970,1,0,1
737284,77,0,4321,9601,1,0,1
737285,65535,255,5266,-6860,0,0,0
737286,65535,255,3715,-7244,0,0,0
737287,188,0,1435,-7407,1,0,1
737288,65535,255,1322,9977,0,0,0
737289,203,0,3693,9719,1,0,1
737290,357,0,5337,9385,1,0,1
737291,376,0,4310,-7155,1,0,1
737292,65535,255,2284,-7489,0,0,0
737293,77,0,395,9917,1,0,1
737294,248,0,2979,9894,1,0,1
737295,178,0,4857,9547,1,0,1
737296,303,0,4823,-6990,1,0,0
737297,65535,255,3047,-7358,0,0,0
737298,192,0,539,-7789,1,0,0
737299,418,2,2185,9956,1,0,1
737300,398,2,4314,9595,1,0,1
737301,451,2,5269,-6856,1,0,1
737302,387,2,3724,-7258,1,0,1
737303,65535,255,1446,-7453,0,0,0
737304,65535,255,1310,10028,0,0,0
737305,65535,255,3685,9745,0,0,0
737306,65535,255,5329,9407,0,0,0
737307,315,1,4313,-7081,1,0,1
737308,422,2,2290,-7428,1,0,1
737309,400,2,388,10339,1,0,1
737310,65535,255,2975,9800,0,0,0
737311,380,0,4854,9521,1,0,1
737312,114,0,4830,-7032,1,0,1
737313,65535,255,3051,-7285,0,0,0
737314,65535,255,546,-7364,0,0,0
737315,446,0,2180,9869,1,0,1
737316,131,0,4306,9670,1,0,1
737317,65535,255,5275,-6914,0,0,0
737318,387,0,3728,-7234,1,0,1
737319,331,0,1452,-7384,1,0,1
737320,158,0,1305,10003,1,0,1
737321,65535,255,3681,9738,0,0,0
737322,298,0,5329,9407,1,0,1
737323,380,0,4317,-7086,1,0,1
737324,358,0,2294,-7373,1,0,1
737325,65535,255,384,10595,0,0,0
737326,104,0,2970,9842,1,0,1
737327,65535,255,4851,9545,0,0,0
737328,129,0,4829,-6977,1,0,1
737329,481,0,3056,-7346,1,0,1
737330,386,0,551,-7787,1,0,1
737331,321,0,2153,10016,1,0,1
737332,248,0,4291,9662,1,0,1
737333,246,0,5288,-6857,1,0,1
737334,65535,255,3748,-7180,0,0,0
737335,65535,255,1485,-7723,0,0,0
737336,438,0,1276,10105,1,0,1
737337,262,0,3662,9688,1,0,1
737338,408,0,5315,9401,1,0,1
737339,65535,255,4339,-7114,0,0,0
737340,410,0,2325,-7500,1,0,1
737341,65535,255,348,10548,0,0,0
737342,162,0,2942,9885,1,0,1
737343,204,0,4833,9510,1,0,1
737344,65535,255,4850,-6972,0,0,0
737345,65535,255,3088,-7396,0,0,0
737346,167,0,591,-7443,1,0,1
737347,290,0,2137,9973,1,0,1
737348,417,0,4284,9650,1,0,1
737349,65535,255,5295,-6860,0,0,0
737350,65535,255,3759,-7194,0,0,0
737351,65535,255,1496,-7415,0,0,0
737352,65535,255,1259,10187,0,0,0
737353,336,0,3653,9722,1,0,1
737354,306,0,5309,9423,1,0,1
737355,84,0,4349,-7158,1,0,1
737356,414,0,2336,-7390,1,0,1
737357,137,0,336,9876,1,0,1
737358,65535,255,2937,9811,0,0,0
737359,65535,255,4827,9568,0,0,0
737360,65535,255,4859,-7036,0,0,0
737361,65535,255,3096,-7355,0,0,0
737362,65535,255,598,-7279,0,0,0
737363,0,0,0,0,0,0,0
737364,0,0,0,0,0,0,0
737365,65535,255,5300,-6877,0,0,0
737366,65535,255,3768,-7208,0,0,0
737367,65535,255,1507,-7393,0,0,0
737368,65535,255,1248,10109,0,0,0
737369,65535,255,3641,9798,0,0,0
737370,65535,255,5301,9440,0,0,0
737371,65535,255,4356,-7084,0,0,0
737372,65535,255,2350,-7415,0,0,0
737373,65535,255,320,9754,0,0,0
737374,65535,255,2919,9882,0,0,0
737375,65535,255,4817,9537,0,0,0
737376,65535,255,4868,-6984,0,0,0
737377,0,0,0,0,0,0,0
737378,65535,255,621,-7398,0,0,0
737379,65535,255,2111,9947,0,0,0
737380,65535,255,4266,9627,0,0,0
737381,65535,255,5311,-6903,0,0,0
737382,354,0,3784,-7252,1,0,1
737383,65535,255,1523,-7563,0,0,0
737384,65535,255,1232,9896,0,0,0
737385,88,0,3629,9751,1,0,1
737386,65535,255,5293,9432,0,0,0
737387,65535,255,4367,-7152,0,0,0
737388,65535,255,2365,-7359,0,0,0
737389,65535,255,310,9422,0,0,0
737390,65535,255,2908,9924,0,0,0
737391,65535,255,4811,9527,0,0,0
737392,127,0,4873,-6987,1,0,1
737393,65535,255,3123,-7409,0,0,0
737394,65535,255,632,-7506,0,0,0
737395,408,0,2101,9979,1,0,1
737396,214,0,4255,9651,1,0,1
737397,65535,255,5314,-6853,0,0,0
737398,235,0,3787,-7180,1,0,1
737399,553,0,1534,-7690,1,0,1
737400,65535,255,1220,10088,0,0,0
737401,65535,255,3620,9811,0,0,0
737402,65535,255,5288,9400,0,0,0
737403,549,0,4370,-7113,1,0,1
737404,76,0,2375,-7504,1,0,1
737405,444,0,296,10620,1,0,1
737406,246,0,2899,9882,1,0,1
737407,65535,255,4805,9511,0,0,0
737408,109,0,4877,-6975,1,0,1
737409,288,0,3128,-7398,1,0,1
737410,0,0,0,0,0,0,0
737411,65535,255,2095,9996,0,0,0
737412,264,0,4252,9664,1,0,1
737413,65535,255,5317,-6866,0,0,0
737414,65535,255,3791,-7202,0,0,0
737415,65535,255,1540,-7455,0,0,0
737416,0,0,0,0,0,0,0
737417,65535,255,3620,9736,0,0,0
737418,65535,255,5285,9430,0,0,0
737419,65535,255,4370,-7061,0,0,0
737420,65535,255,2375,-7397,0,0,0
737421,65535,255,290,9830,0,0,0
737422,438,0,2899,9817,1,0,1
737423,320,0,4802,9570,1,0,0
737424,65535,255,4875,-6997,0,0,0
737425,65535,255,3128,-7358,0,0,0
737426,65535,255,638,-7351,0,0,0
737427,65535,255,2095,9965,0,0,0
737428,401,0,4251,9651,1,0,1
737429,229,0,5315,-6862,1,0,1
737430,497,0,3788,-7202,1,0,1
737431,457,0,1534,-7454,1,0,1
737432,367,0,1215,10253,1,0,1
737433,65535,255,3621,9745,0,0,0
737434,65535,255,5285,9445,0,0,0
737435,235,2,4370,-7080,1,0,1
737436,482,0,2370,-7450,1,0,1
737437,384,0,295,10398,1,0,1
737438,367,0,2899,9872,1,0,1
737439,270,0,4805,9517,1,0,1
737440,347,0,4874,-6986,1,0,1
737441,124,0,3123,-7279,1,0,1
737442,65535,255,638,-7765,0,0,0
737443,65535,255,2095,10059,0,0,0
737444,65535,255,4255,9604,0,0,0
737445,65535,255,5313,-6906,0,0,0
737446,183,0,3787,-7275,1,0,0
737447,323,0,1529,-7411,1,0,1
737448,65535,255,1220,10199,0,0,0
737449,65535,255,3625,9736,0,0,0
737450,65535,255,5288,9439,0,0,0
737451,220,0,4367,-7080,1,0,1
737452,65535,255,2366,-7465,0,0,0
737453,65535,255,302,10500,0,0,0
737454,164,0,2903,9893,1,0,1
737455,65535,255,4808,9534,0,0,0
737456,65535,255,4871,-7003,0,0,0
737457,65535,255,3115,-7310,0,0,0
737458,65535,255,628,-7294,0,0,0
737459,65535,255,2106,9965,0,0,0
737460,65535,255,4259,9657,0,0,0
737461,65535,255,5309,-6872,0,0,0
737462,551,0,3780,-7227,1,0,1
737463,322,0,1523,-7562,1,0,1
737464,268,0,1237,10006,1,0,1
737465,65535,255,3629,9811,0,0,0
737466,0,0,0,0,0,0,0
737467,395,0,4360,-7145,1,0,1
737468,217,0,2356,-7398,1,0,1
737469,65535,255,313,10069,0,0,0
737470,405,0,2917,9859,1,0,1
737471,445,0,4818,9516,1,0,1
737472,290,0,4865,-6994,1,0,1
737473,544,0,3105,-7301,1,0,1
737474,491,0,616,-7985,1,0,1
737475,379,0,2121,9933,1,0,1
737476,316,0,4269,9649,1,0,1
737477,65535,255,5303,-6869,0,0,0
737478,397,0,3772,-7228,1,0,1
737479,381,0,1506,-7585,1,0,1
737480,520,0,1248,10032,1,0,1
737481,148,0,3645,9701,1,0,1
737482,544,0,5304,9422,1,0,1
737483,501,0,4349,-7069,1,0,1
737484,518,0,2341,-7454,1,0,1
737485,656,0,331,10574,1,0,1
737486,600,0,2931,9921,1,0,1
737487,341,0,4827,9554,1,0,1
737488,65535,255,4856,-7034,0,0,0
737489,65535,255,3096,-7382,0,0,0
737490,533,0,591,-7611,1,0,1
737491,65535,255,2137,10068,0,0,0
737492,65535,255,4284,9613,0,0,0
737493,461,0,5294,-6890,1,0,1
737494,65535,255,3755,-7199,0,0,0
737495,65535,255,1490,-7500,0,0,0
737496,189,0,1271,9979,1,0,1
737497,254,0,3661,9812,1,0,1
737498,149,0,5314,9419,1,0,1
737499,257,0,4339,-7079,1,0,1
737500,65535,255,2325,-7456,0,0,0
737501,65535,255,354,10639,0,0,0
737502,65535,255,2950,9918,0,0,0
737503,65535,255,4841,9562,0,0,0
737504,269,0,4844,-6960,1,0,1
737505,49,2,3079,-7415,1,0,1
737506,868,0,568,-7784,1,0,1
737507,543,0,2164,9899,1,0,1
737508,213,0,4298,9644,1,0,1
737509,260,0,5284,-6870,1,0,1
737510,65535,255,3739,-7249,0,0,0
737511,395,0,1468,-7656,1,0,1
737512,89,0,1293,10184,1,0,1
737513,85,0,3677,9753,1,0,1
737514,384,0,5328,9387,1,0,1
737515,71,0,4324,-7134,1,0,1
737516,281,0,2299,-7389,1,0,1
737517,65535,255,383,10256,0,0,0
737518,65535,255,2974,9905,0,0,0
737519,65535,255,4857,9547,0,0,0
737520,65535,255,4829,-7040,0,0,0
737521,65535,255,3051,-7411,0,0,0
737522,65535,255,539,-7792,0,0,0
737523,495,0,2190,9911,1,0,1
737524,65535,255,4316,9654,0,0,0
737525,65535,255,5269,-6883,0,0,0
737526,65535,255,3719,-7229,0,0,0
737527,65535,255,1440,-7688,0,0,0
737528,65535,255,1322,9876,0,0,0
737529,65535,255,3694,9686,0,0,0
737530,65535,255,5334,9439,0,0,0
737531,390,0,4313,-7116,1,0,1
737532,391,0,2289,-7404,1,0,1
737533,176,0,390,10679,1,0,1
737534,408,0,2979,9820,1,0,1
737535,349,0,4857,9526,1,0,1
737536,0,0,0,0,0,0,0
737537,65535,255,3056,-7386,0,0,0
737538,0,0,0,0,0,0,0
737539,65535,255,2174,10031,0,0,0
737540,236,0,4306,9629,1,0,1
737541,65535,255,5277,-6880,0,0,0
737542,356,0,3734,-7253,1,0,1
737543,170,0,1463,-7523,1,0,1
737544,65535,255,1293,10133,0,0,0
737545,65535,255,3677,9770,0,0,0
737546,265,2,5323,9417,1,0,0
737547,479,0,4324,-7093,1,0,1
737548,65535,255,2305,-7374,0,0,0
737549,65535,255,366,10533,0,0,0
737550,65535,255,2960,9812,0,0,0
737551,65535,255,4845,9523,0,0,0
737552,407,0,6104,9196,1,0,1
737553,0,0,0,0,0,0,0
737554,65535,255,569,-7319,0,0,0
737555,65535,255,2157,9930,0,0,0
737556,135,0,4292,9659,1,0,1
737557,65535,255,5734,9287,0,0,0
737558,65535,255,6715,8971,0,0,0
737559,367,0,1480,-7677,1,0,1
737560,380,0,1282,9927,1,0,1
737561,324,0,3666,9715,1,0,1
737562,65535,255,5315,9390,0,0,0
737563,0,0,0,0,0,0,0
737564,65535,255,-32768,-32768,0,65535,0
737565,65535,255,354,10172,0,0,0
737566,65535,255,2947,9880,0,0,0
737567,242,0,4836,9513,1,0,1
737568,65535,255,6098,9191,0,0,0
737569,65535,255,6974,8856,0,0,1
737570,65535,255,-32768,-32768,0,65535,1
737571,65535,255,2143,9871,0,0,0
737572,65535,255,4285,9674,0,0,0
737573,65535,255,5729,9297,0,0,0
737574,65535,255,6711,8982,0,0,0
737575,65535,255,-32768,-32768,0,65535,0
737576,125,0,1265,10058,1,0,1
737577,233,0,3654,9758,1,0,1
737578,320,0,5310,9421,1,0,1
737579,331,0,6422,9073,1,0,1
737580,65535,255,-32768,-32768,0,65535,1
737581,65535,255,-32768,-32768,0,65535,1
737582,192,0,2936,9869,1,0,1
737583,65535,255,4830,9565,0,0,0
737584,218,0,6094,9205,1,0,1
737585,0,0,0,0,0,0,0
737586,65535,255,-32768,-32768,0,65535,0
737587,65535,255,-32768,-32768,0,65535,1
737588,65535,255,4280,9655,0,0,0
737589,379,0,5726,9289,1,0,1
737590,65535,255,6709,8980,0,0,1
737591,0,0,0,0,0,0,0
737592,65535,255,-32768,-32768,0,65535,1
737593,277,0,3650,9767,1,0,1
737594,330,0,5307,9427,1,0,1
737595,65535,255,6420,9081,0,0,0
737596,0,0,0,0,0,0,0
737597,0,0,0,0,0,0,0
737598,65535,255,-32768,-32768,0,65535,1
737599,194,0,4827,9510,1,0,1
737600,242,0,6093,9196,1,0,1
737601,0,0,0,0,0,0,0
737602,65535,255,-32768,-32768,0,65535,1
737603,65535,255,-32768,-32768,0,65535,1
737604,247,0,4277,9608,1,0,1
737605,146,0,5724,9330,1,0,1
737606,65535,255,6709,8961,0,0,1
737607,65535,255,-32768,-32768,0,65535,1
737608,65535,255,-32768,-32768,0,65535,0
737609,384,0,3649,9734,1,0,1
737610,315,0,5306,9413,1,0,1
737611,293,0,6419,9071,1,0,1
737612,65535,255,-32768,-32768,0,65535,1
737613,65535,255,-32768,-32768,0,65535,0
737614,65535,255,2932,9923,0,0,0
737615,65535,255,4827,9510,0,0,0
737616,65535,255,6093,9201,0,0,0
737617,65535,255,6970,8868,0,0,1
737618,65535,255,-32768,-32768,0,65535,0
737619,176,0,2127,9995,1,0,1
737620,236,0,4276,9634,1,0,1
737621,65535,255,5724,9316,0,0,0
737622,65535,255,6708,8978,0,0,1
737623,65535,255,-32768,-32768,0,65535,1
737624,377,0,1254,10110,1,0,1
737625,65535,255,3646,9799,0,0,0
737626,166,0,5304,9451,1,0,1
737627,65535,255,6418,9100,0,0,0
737628,65535,255,-32768,-32768,0,65535,1
737629,359,0,332,10666,1,0,1
737630,344,0,2932,9857,1,0,1
737631,183,0,4824,9571,1,0,1
737632,65535,255,6093,9184,0,0,0
737633,221,0,3096,-7282,1,0,1
737634,65535,255,603,-7551,0,0,0
737635,65535,255,2132,9946,0,0,0
737636,167,0,4277,9621,1,0,1
737637,279,0,5724,9342,1,0,1
737638,65535,255,3763,-7221,0,0,0
737639,65535,255,1501,-7431,0,0,0
737640,264,0,1254,10109,1,0,1
737641,326,0,3650,9798,1,0,1
737642,65535,255,5304,9456,0,0,0
737643,65535,255,4345,-7068,0,0,0
737644,65535,255,2340,-7371,0,0,0
737645,65535,255,340,9381,0,0,0
737646,65535,255,2932,9899,0,0,0
737647,65535,255,4827,9503,0,0,0
737648,166,0,4855,-7030,1,0,0
737649,57,0,3096,-7331,1,0,1
737650,65535,255,597,-7827,0,0,0
737651,201,0,2133,10051,1,0,1
737652,333,0,4281,9667,1,0,1
737653,356,0,5295,-6855,1,0,1
737654,293,0,3761,-7225,1,0,1
737655,494,2,1495,-7627,1,0,1
737656,65535,255,1266,9950,0,0,0
737657,65535,255,3654,9749,0,0,0
737658,65535,255,5307,9430,0,0,0
737659,65535,255,4346,-7141,0,0,0
737660,65535,255,2335,-7533,0,0,0
737661,65535,255,343,10647,0,0,0
737662,189,0,2937,9867,1,0,1
737663,65535,255,4831,9492,0,0,0
737664,196,0,4853,-7028,1,0,1
737665,65535,255,3087,-7322,0,0,0
737666,123,0,591,-7827,1,0,1
737667,97,0,2138,10051,1,0,1
737668,248,2,4285,9673,1,0,1
737669,254,0,5289,-6861,1,0,1
737670,193,2,3751,-7182,1,0,0
737671,176,0,1490,-7672,1,0,1
737672,343,0,1271,10029,1,0,1
737673,339,0,3658,9780,1,0,1
737674,65535,255,5310,9449,0,0,0
737675,65535,255,4334,-7076,0,0,0
737676,65535,255,2320,-7399,0,0,0
737677,386,0,356,9696,1,0,1
737678,246,2,2947,9875,1,0,1
737679,65535,255,4837,9540,0,0,0
737680,342,0,4843,-6991,1,0,1
737681,355,0,3077,-7403,1,0,1
737682,421,0,573,-7487,1,0,1
737683,357,0,2154,9974,1,0,1
737684,253,0,4293,9645,1,0,1
737685,113,0,5286,-6913,1,0,1
737686,87,0,3747,-7286,1,0,1
737687,65535,255,1473,-7652,0,0,0
737688,65535,255,1283,10028,0,0,0
737689,104,0,3666,9787,1,0,1
737690,65535,255,5319,9432,0,0,0
737691,65535,255,4327,-7091,0,0,0
737692,65535,255,2309,-7442,0,0,0
737693,65535,255,366,10163,0,0,0
737694,232,0,2961,9832,1,0,1
737695,173,0,4834,9515,1,0,0
737696,65535,255,4849,-7033,0,0,0
737697,65535,255,3087,-7346,0,0,0
737698,320,0,586,-7211,1,0,1
737699,226,0,2144,9926,1,0,1
737700,65535,255,4285,9628,0,0,0
737701,334,0,5295,-6913,1,0,1
737702,293,0,3759,-7288,1,0,1
737703,142,0,1495,-7697,1,0,1
737704,139,0,1260,10105,1,0,1
737705,65535,255,3655,9696,0,0,0
737706,326,0,5308,9411,1,0,1
737707,65535,255,4345,-7139,0,0,0
737708,65535,255,2335,-7348,0,0,0
737709,307,0,339,9571,1,0,1
737710,328,0,2938,9788,1,0,1
737711,65535,255,4828,9555,0,0,0
737712,65535,255,4855,-7025,0,0,0
737713,65535,255,3095,-7335,0,0,0
737714,65535,255,598,-7221,0,0,0
737715,65535,255,2133,9927,0,0,0
737716,65535,255,4278,9637,0,0,0
737717,65535,255,5298,-6854,0,0,0
737718,65535,255,3764,-7193,0,0,0
737719,65535,255,1501,-7436,0,0,0
737720,65535,255,1254,10242,0,0,0
737721,65535,255,3645,9747,0,0,0
737722,65535,255,5304,9448,0,0,0
737723,65535,255,4349,-7092,0,0,0
737724,344,0,2341,-7484,1,0,1
737725,337,0,331,10667,1,0,1
737726,225,0,2931,9919,1,0,1
737727,65535,255,4824,9540,0,0,0
737728,65535,255,4859,-7013,0,0,0
737729,65535,255,3097,-7334,0,0,0
737730,65535,255,604,-7338,0,0,0
737731,65535,255,2127,9991,0,0,0
737732,65535,255,4277,9672,0,0,0
737733,143,0,5301,-6882,1,0,1
737734,65535,255,3767,-7247,0,0,0
737735,65535,255,1507,-7609,0,0,0
737736,333,0,1254,10057,1,0,1
737737,65535,255,3650,9699,0,0,0
737738,65535,255,5304,9424,0,0,0
737739,126,0,4349,-7070,1,0,1
737740,65535,255,2340,-7443,0,0,0
737741,65535,255,331,10469,0,0,0
737742,362,0,2932,9898,1,0,0
737743,341,0,4827,9541,1,0,1
737744,65535,255,4859,-7019,0,0,0
737745,65535,255,3096,-7345,0,0,0
737746,65535,255,598,-7389,0,0,0
737747,316,0,2132,10006,1,0,0
737748,65535,255,4277,9686,0,0,0
737749,65535,255,5301,-6896,0,0,0
737750,65535,255,3767,-7278,0,0,0
737751,65535,255,1496,-7429,0,0,0
737752,0,0,0,0,0,0,0
737753,65535,255,3649,9764,0,0,0
737754,65535,255,5310,9389,0,0,0
737755,360,0,4346,-7125,1,0,1
737756,65535,255,2336,-7362,0,0,0
737757,65535,255,342,9976,0,0,0
737758,55,2,2936,9866,1,0,0
737759,65535,255,4830,9523,0,0,0
737760,65535,255,4853,-7009,0,0,0
737761,65535,255,3092,-7335,0,0,0
737762,65535,255,592,-7386,0,0,0
737763,61,0,2137,10035,1,0,1
737764,65535,255,4287,9598,0,0,0
737765,428,0,5295,-6912,1,0,1
737766,65535,255,3756,-7192,0,0,0
737767,65535,255,1490,-7500,0,0,0
737768,65535,255,1271,9976,0,0,0
737769,458,0,3662,9689,1,0,0
737770,260,0,5314,9428,1,0,1
737771,65535,255,4339,-7079,0,0,0
737772,65535,255,2325,-7499,0,0,0
737773,65535,255,356,9516,0,0,0
737774,373,0,2951,9811,1,0,1
737775,65535,255,4839,9505,0,0,0
737776,65535,255,4844,-6993,0,0,0
737777,65535,255,3079,-7317,0,0,0
737778,65535,255,575,-7321,0,0,0
737779,177,0,2153,10018,1,0,0
737780,65535,255,4295,9596,0,0,0
737781,65535,255,5287,-6919,0,0,0
737782,65535,255,3743,-7203,0,0,0
737783,235,0,1473,-7546,1,0,1
737784,413,0,1288,10054,1,0,1
737785,327,0,3674,9721,1,0,1
737786,65535,255,5320,9446,0,0,0
737787,147,0,4327,-7114,1,0,1
737788,65535,255,2305,-7362,0,0,0
737789,65535,255,371,10081,0,0,0
737790,382,0,2965,9884,1,0,1
737791,389,0,4848,9542,1,0,1
737792,378,0,4835,-7035,1,0,1
737793,65535,255,3065,-7408,0,0,0
737794,241,0,557,-7845,1,0,1
737795,374,0,2174,9926,1,0,1
737796,243,0,4306,9667,1,0,1
737797,65535,255,5277,-6896,0,0,0
737798,65535,255,3729,-7202,0,0,0
737799,65535,255,1451,-7675,0,0,0
737800,65535,255,1310,9925,0,0,0
737801,232,0,3686,9792,1,0,1
737802,160,0,5332,9419,1,0,1
737803,65535,255,4313,-7077,0,0,1
737804,65535,255,2289,-7506,0,0,0
737805,85,2,401,9766,1,0,0
737806,65535,255,2984,9850,0,0,0
737807,340,0,4863,9529,1,0,1
737808,65535,255,4820,-7027,0,0,0
737809,65535,255,3042,-7394,0,0,0
737810,65535,255,528,-7868,0,0,0
737811,65535,255,2195,9940,0,0,0
737812,199,2,4321,9672,1,0,1
737813,108,0,5264,-6881,1,0,1
737814,303,0,3711,-7177,1,0,1
737815,65535,255,1434,-7598,0,0,0
737816,65535,255,1322,10257,0,0,0
737817,65535,255,3698,9694,0,0,0
737818,65535,255,5337,9379,0,0,0
737819,82,0,4310,-7158,1,0,1
737820,304,0,2283,-7521,1,0,1
737821,65535,255,400,10178,0,0,0
737822,65535,255,2984,9787,0,0,0
737823,65535,255,4860,9524,0,0,0
737824,65535,255,4826,-7042,0,0,0
737825,65535,255,3051,-7310,0,0,0
737826,326,0,539,-7615,1,0,1
737827,297,0,2180,9942,1,0,1
737828,107,0,4310,9608,1,0,1
737829,162,0,5274,-6873,1,0,1
737830,65535,255,3728,-7173,0,0,0
737831,0,0,0,0,0,0,0
737832,250,0,1305,10069,1,0,1
737833,481,2,3686,9704,1,0,1
737834,65535,255,5329,9391,0,0,0
737835,205,0,4317,-7076,1,0,0
737836,275,0,2299,-7349,1,0,1
737837,309,0,378,10617,1,0,1
737838,65535,255,2970,9853,0,0,0
737839,65535,255,4848,9555,0,0,0
737840,65535,255,4835,-6990,0,0,0
737841,133,0,3066,-7388,1,0,1
737842,187,0,563,-8088,1,0,1
737843,242,0,2164,10079,1,0,1
737844,65535,255,4299,9664,0,0,0
737845,65535,255,5282,-6920,0,0,0
737846,65535,255,3740,-7258,0,0,0
737847,114,0,1468,-7504,1,0,1
737848,340,0,1288,10161,1,0,1
737849,355,0,3674,9803,1,0,1
737850,65535,255,5321,9451,0,0,0
737851,65535,255,4331,-7160,0,0,0
737852,121,0,2315,-7557,1,0,1
737853,65535,255,366,10546,0,0,0
737854,168,0,2956,9844,1,0,0
737855,275,0,4842,9556,1,0,1
737856,65535,255,4841,-6999,0,0,0
737857,65535,255,3074,-7397,0,0,0
737858,398,0,569,-7268,1,0,1
737859,261,0,2159,9886,1,0,1
737860,65535,255,4295,9685,0,0,0
737861,121,0,5287,-6864,1,0,1
737862,185,0,3747,-7224,1,0,1
737863,65535,255,1479,-7613,0,0,0
737864,65535,255,1283,9902,0,0,0
737865,101,0,3665,9732,1,0,1
737866,353,0,5318,9409,1,0,1
737867,336,0,4335,-7106,1,0,0
737868,327,0,2320,-7444,1,0,1
737869,138,0,354,9903,1,0,1
737870,250,0,2951,9841,1,0,1
737871,275,0,4839,9529,1,0,1
737872,65535,255,4844,-6970,0,0,0
737873,65535,255,3078,-7355,0,0,0
737874,239,0,581,-8011,1,0,1
737875,65535,255,2148,10081,0,0,0
737876,65535,255,4292,9672,0,0,0
737877,68,2,5290,-6858,1,0,1
737878,65535,255,3750,-7194,0,0,0
737879,65535,255,1485,-7632,0,0,0
737880,185,0,1277,9954,1,0,1
737881,65535,255,3661,9749,0,0,0
737882,154,0,5315,9429,1,0,0
737883,234,0,4338,-7138,1,0,1
737884,146,0,2325,-7527,1,0,1
737885,362,0,354,10459,1,0,1
737886,61,2,2946,9856,1,0,1
737887,193,0,4836,9574,1,0,1
737888,381,0,4847,-7019,1,0,1
737889,376,0,3078,-7296,1,0,1
737890,168,0,580,-7727,1,0,1
737891,344,0,2148,10006,1,0,1
737892,326,0,4291,9653,1,0,1
737893,308,0,5290,-6895,1,0,1
737894,65535,255,3751,-7279,0,0,0
737895,65535,255,1484,-7612,0,0,0
737896,286,0,1277,9954,1,0,1
737897,253,0,3661,9757,1,0,1
737898,310,0,5315,9434,1,0,1
737899,65535,255,4338,-7158,0,0,0
737900,185,0,2320,-7358,1,0,1
737901,65535,255,362,9446,0,0,0
737902,0,0,0,0,0,0,0
737903,311,0,4839,9518,1,0,1
737904,98,0,4844,-6975,1,0,1
737905,177,0,3079,-7384,1,0,1
737906,204,0,575,-7325,1,0,1
737907,65535,255,2153,9931,0,0,0
737908,65535,255,4292,9619,0,0,0
737909,65535,255,5287,-6902,0,0,0
737910,84,2,3747,-7256,1,0,1
737911,68,2,1479,-7567,1,0,1
737912,235,0,1282,9928,1,0,0
737913,233,0,3666,9756,1,0,1
737914,65535,255,5318,9439,0,0,0
737915,188,0,4331,-7085,1,0,1
737916,268,0,2315,-7387,1,0,1
737917,288,0,366,9817,1,0,1
737918,82,0,2956,9792,1,0,1
737919,65535,255,4842,9551,0,0,0
737920,286,0,6104,9177,1,0,1
737921,65535,255,3069,-7296,0,0,0
737922,0,0,0,0,0,0,0
737923,65535,255,2158,10051,0,0,0
737924,65535,255,4295,9685,0,0,0
737925,65535,255,5736,9330,0,0,0
737926,65535,255,6719,8973,0,0,0
737927,39,2,1468,-7502,1,0,1
737928,65535,255,1291,10052,0,0,0
737929,193,0,3674,9746,1,0,0
737930,65535,255,5323,9437,0,0,0
737931,65535,255,6430,9103,0,0,0
737932,65535,255,-32768,-32768,0,65535,1
737933,196,0,377,10003,1,0,1
737934,65535,255,2970,9822,0,0,0
737935,248,0,4848,9567,1,0,1
737936,314,0,6109,9192,1,0,1
737937,65535,255,6982,8874,0,0,1
737938,65535,255,-32768,-32768,0,0,0
737939,191,0,2174,9928,1,0,1
737940,65535,255,4306,9630,0,0,0
737941,65535,255,5744,9298,0,0,0
737942,0,0,0,0,0,0,0
737943,65535,255,-32768,-32768,0,65535,1
737944,65535,255,-32768,-32768,0,65535,0
737945,106,0,3686,9713,1,0,1
737946,65535,255,5331,9421,0,0,0
737947,65535,255,6436,9093,0,0,0
737948,65535,255,-32768,-32768,0,65535,1
737949,65535,255,-32768,-32768,0,65535,0
737950,65535,255,2984,9809,0,0,0
737951,65535,255,4860,9570,0,0,0
737952,65535,255,6115,9198,0,0,0
737953,0,0,0,0,0,0,0
737954,65535,255,-32768,-32768,0,65535,1
737955,65535,255,-32768,-32768,0,65535,1
737956,65535,255,4321,9654,0,0,0
737957,219,0,5753,9317,1,0,1
737958,0,0,0,0,0,0,0
737959,65535,255,-32768,-32768,0,65535,0
737960,65535,255,-32768,-32768,0,65535,1
737961,65535,255,3701,9767,0,0,0
737962,199,0,5342,9403,3,0,1
737963,263,0,6445,9069,1,0,0
737964,0,0,0,0,0,0,0
737965,65535,255,-32768,-32768,0,65535,0
737966,65535,255,-32768,-32768,0,65535,1
737967,65535,255,4872,9523,0,0,0
737968,65535,255,6123,9195,0,0,0
737969,0,0,0,0,0,0,0
737970,65535,255,-32768,-32768,0,65535,1
737971,65535,255,-32768,-32768,0,65535,1
737972,96,0,4324,9640,1,0,0
737973,65535,255,5756,9313,0,0,0
737974,0,0,0,0,0,0,0
737975,65535,255,-32768,-32768,0,65535,1
737976,65535,255,-32768,-32768,0,65535,0
737977,285,0,3702,9791,1,0,1
737978,115,0,5339,9429,1,0,1
737979,357,0,6443,9074,1,0,1
737980,65535,255,-32768,-32768,0,65535,1
737981,65535,255,-32768,-32768,0,65535,1
737982,332,0,2989,9830,1,0,1
737983,65535,255,4863,9536,0,0,0
737984,65535,255,6117,9205,0,0,0
737985,65535,255,6988,8863,0,0,0
737986,65535,255,-32768,-32768,0,65535,1
737987,65535,255,2191,9883,0,0,0
737988,316,0,4317,9668,1,0,1
737989,65535,255,5751,9291,0,0,0
737990,65535,255,6728,8978,0,0,1
737991,119,0,1445,-7732,1,0,1
737992,382,0,1317,9952,1,0,1
737993,250,0,3694,9727,1,0,1
737994,65535,255,5337,9390,0,0,0
737995,65535,255,6437,9103,0,0,0
737996,62,2,2293,-7530,1,0,0
737997,239,0,389,10170,1,0,1
737998,293,0,2979,9802,1,0,1
737999,212,2,4858,9508,1,0,0
738000,251,0,6113,9190,1,0,1
738001,168,0,3055,-7306,1,0,1
738002,110,2,545,-7301,1,0,0
738003,326,0,2180,9852,1,0,1
738004,253,0,4310,9662,1,0,1
738005,65535,255,5748,9287,0,0,0
738006,65535,255,3731,-7227,0,0,0
738007,154,0,1455,-7620,1,0,0
738008,427,0,1305,9976,1,0,1
738009,326,0,3686,9736,1,0,1
738010,65535,255,5329,9402,0,0,0
738011,65535,255,4320,-7081,0,0,0
738012,65535,255,2298,-7360,0,0,0
738013,178,0,378,10518,1,0,1
738014,141,0,2970,9831,1,0,1
738015,139,0,4852,9543,1,0,0
738016,65535,255,4831,-6968,0,0,0
738017,65535,255,3060,-7337,0,0,0
738018,227,0,556,-7726,1,0,1
738019,101,0,2169,9973,1,0,1
738020,232,0,4307,9616,1,0,1
738021,65535,255,5278,-6875,0,0,0
738022,82,0,3735,-7178,1,0,1
738023,186,0,1461,-7590,1,0,1
738024,56,0,1294,10261,1,0,1
738025,324,0,3682,9696,1,0,1
738026,307,0,5326,9389,1,0,1
738027,65535,255,4323,-7166,0,0,0
738028,283,0,2304,-7542,1,0,1
738029,373,0,377,10343,1,0,1
738030,286,0,2966,9810,1,0,1
738031,195,0,4849,9538,1,0,1
738032,65535,255,4834,-6966,0,0,0
738033,65535,255,3064,-7335,0,0,0
738034,285,0,556,-7784,1,0,1
738035,391,0,2170,9986,1,0,1
738036,260,0,4304,9630,1,0,1
738037,371,0,5278,-6889,1,0,1
738038,220,0,3734,-7209,1,0,1
738039,256,0,1462,-7704,1,0,1
738040,266,0,1294,9978,1,0,1
738041,65535,255,3678,9746,0,0,0
738042,172,0,5324,9417,1,0,1
738043,372,0,4323,-7106,1,0,1
738044,65535,255,2304,-7429,0,0,0
738045,65535,255,379,9729,0,0,0
738046,51,2,2961,9917,1,0,1
738047,334,0,4849,9505,1,0,1
738048,265,0,4834,-7032,1,0,1
738049,243,0,3060,-7305,1,0,1
738050,65535,255,555,-7607,0,0,0
738051,374,0,2170,9958,1,0,1
738052,65535,255,4303,9617,0,0,0
738053,93,0,5279,-6888,1,0,1
738054,110,0,3735,-7209,1,0,0
738055,65535,255,1461,-7690,0,0,0
738056,65535,255,1300,10028,0,0,0
738057,65535,255,3679,9770,0,0,0
738058,65535,255,5324,9432,0,0,1
738059,65535,255,4334,-7148,0,0,0
738060,65535,255,2319,-7377,0,0,0
738061,411,0,355,9885,1,0,1
738062,111,0,2947,9830,1,0,1
738063,199,0,4838,9496,1,0,1
738064,244,0,4843,-6968,1,0,1
738065,65535,255,3082,-7397,0,0,0
738066,65535,255,579,-7611,0,0,0
738067,65535,255,2143,10047,0,0,0
738068,315,0,4288,9616,1,0,1
738069,65535,255,5289,-6895,0,0,0
738070,128,0,3754,-7266,1,0,0
738071,232,0,1484,-7678,1,0,1
738072,241,0,1272,10131,1,0,1
738073,117,0,3659,9720,1,0,1
738074,65535,255,5311,9430,0,0,0
738075,65535,255,4338,-7074,0,0,0
738076,65535,255,2324,-7459,0,0,0
738077,213,0,349,10543,1,0,1
738078,271,0,2943,9906,1,0,1
738079,65535,255,4835,9537,0,0,0
738080,65535,255,4849,-7016,0,0,0
738081,263,0,3082,-7347,1,0,1
738082,362,0,580,-7327,1,0,1
738083,331,0,2144,9988,1,0,1
738084,65535,255,4285,9676,0,0,0
738085,0,0,0,0,0,0,0
738086,196,0,3754,-7266,1,0,1
738087,65535,255,1485,-7679,0,0,0
738088,65535,255,1271,10162,0,0,0
738089,246,0,3662,9738,1,0,1
738090,65535,255,5313,9446,0,0,0
738091,65535,255,4338,-7106,0,0,0
738092,65535,255,2325,-7529,0,0,0
738093,65535,255,356,9616,0,0,0
738094,65535,255,2946,9821,0,0,0
738095,65535,255,4837,9499,0,0,0
738096,65535,255,4847,-6984,0,0,0
738097,65535,255,3078,-7298,0,0,0
738098,65535,255,581,-8014,0,0,0
738099,65535,255,2148,9959,0,0,0
738100,65535,255,4292,9670,0,0,0
738101,65535,255,5290,-6890,0,0,0
738102,142,0,3751,-7274,1,0,1
738103,65535,255,1484,-7681,0,0,0
738104,65535,255,1277,10238,0,0,0
738105,190,0,3665,9778,1,0,1
738106,65535,255,5318,9402,0,0,0
738107,65535,255,4334,-7154,0,0,0
738108,65535,255,2315,-7433,0,0,0
738109,65535,255,360,10541,0,0,0
738110,65535,255,2955,9928,0,0,0
738111,65535,255,4842,9566,0,0,0
738112,367,2,4841,-6968,1,0,1
738113,65535,255,3070,-7279,0,0,0
738114,65535,255,568,-7964,0,0,0
738115,65535,255,2163,9958,0,0,0
738116,313,0,4299,9676,1,0,1
738117,292,0,5284,-6902,1,0,1
738118,65535,255,3739,-7181,0,0,0
738119,65535,255,1468,-7482,0,0,0
738120,272,0,1294,10003,1,0,1
738121,326,0,3678,9704,1,0,1
738122,65535,255,5326,9439,0,0,0
738123,274,0,4323,-7109,1,0,0
738124,65535,255,2299,-7349,0,0,0
738125,334,0,376,10087,1,0,1
738126,65535,255,2969,9893,0,0,0
738127,65535,255,4854,9552,0,0,0
738128,65535,255,4832,-6990,0,0,0
738129,65535,255,3056,-7279,0,0,0
738130,65535,255,552,-8094,0,0,0
738131,65535,255,2180,10000,0,0,0
738132,65535,255,4313,9600,0,0,0
738133,65535,255,5276,-6923,0,0,0
738134,65535,255,3727,-7230,0,0,0
738135,65535,255,1445,-7642,0,0,0
738136,55,2,1310,10129,1,0,1
738137,65535,255,3689,9798,0,0,0
738138,214,2,5334,9421,1,0,1
738139,65535,255,4317,-7164,0,0,0
738140,65535,255,2294,-7511,0,0,0
738141,65535,255,389,10601,0,0,0
738142,65535,255,2974,9861,0,0,0
738143,65535,255,4856,9509,0,0,0
738144,65535,255,4832,-7014,0,0,0
738145,65535,255,3056,-7279,0,0,0
738146,65535,255,551,-7555,0,0,0
738147,65535,255,2174,9957,0,0,0
738148,17,2,4306,9622,1,0,1
738149,65535,255,5279,-6897,0,0,0
738150,65535,255,3735,-7228,0,0,0
738151,65535,255,1463,-7457,0,0,0
738152,65,0,1293,10158,1,0,1
738153,65535,255,3677,9770,0,0,0
738154,65535,255,5326,9387,0,0,0
738155,65535,255,4324,-7082,0,0,0
738156,945,1,2304,-7405,1,0,0
738157,65535,255,373,9639,0,0,0
738158,65535,255,2960,9928,0,0,0
738159,65535,255,4845,9521,0,0,0
738160,65535,255,4838,-6967,0,0,0
738161,65535,255,3070,-7367,0,0,0
738162,65535,255,569,-8080,0,0,0
738163,65535,255,2164,9869,0,0,0
738164,65535,255,4297,9621,0,0,0
738165,65535,255,5285,-6875,0,0,0
738166,65535,255,3743,-7202,0,0,0
738167,346,0,1469,-7407,1,0,1
738168,217,0,1282,10083,1,0,1
738169,44,0,3666,9803,1,0,1
738170,388,0,5319,9397,1,0,1
738171,65535,255,4331,-7080,0,0,0
738172,51,0,2316,-7416,1,0,1
738173,220,2,365,9811,1,0,1
738174,300,0,2954,9796,1,0,1
738175,65535,255,4841,9539,0,0,0
738176,65535,255,4843,-6987,0,0,0
738177,65535,255,3076,-7406,0,0,0
738178,65535,255,575,-7439,0,0,0
738179,65535,255,2152,9960,0,0,0
738180,65535,255,4291,9631,0,0,0
738181,65535,255,5287,-6912,0,0,0
738182,309,0,3749,-7264,1,0,1
738183,76,0,1480,-7588,1,0,1
738184,65535,255,1281,9926,0,0,0
738185,65535,255,3664,9755,0,0,0
738186,161,0,5314,9434,1,0,1
738187,65535,255,4336,-7157,0,0,0
738188,65535,255,2316,-7359,0,0,0
738189,259,0,361,9532,1,0,1
738190,65535,255,2950,9919,0,0,0
738191,65535,255,4839,9529,0,0,0
738192,65535,255,4843,-6981,0,0,0
738193,65535,255,3080,-7404,0,0,0
738194,65535,255,575,-7439,0,0,0
738195,65535,255,2147,9961,0,0,0
738196,65535,255,4291,9639,0,0,0
738197,65535,255,5289,-6921,0,0,0
738198,180,0,3749,-7287,1,0,1
738199,65535,255,1480,-7654,0,0,0
738200,65535,255,1275,10031,0,0,0
738201,259,0,3661,9788,1,0,1
738202,305,0,5315,9420,1,0,1
738203,415,0,4333,-7091,1,0,1
738204,32,2,2321,-7456,1,0,1
738205,110,2,352,10171,1,0,0
738206,65535,255,2950,9834,0,0,0
738207,65535,255,4838,9532,0,0,0
738208,65535,255,4845,-7031,0,0,0
738209,65535,255,3079,-7344,0,0,0
738210,103,0,582,-8065,1,0,1
738211,280,0,2153,9900,1,0,1
738212,157,0,4290,9612,1,0,1
738213,208,0,5286,-6907,1,0,1
738214,65535,255,3749,-7263,0,0,0
738215,98,0,1480,-7610,1,0,1
738216,303,0,1281,10005,1,0,1
738217,257,0,3664,9788,1,0,1
738218,65535,255,5320,9389,0,0,0
738219,88,0,4332,-7104,3,0,1
738220,65535,255,2316,-7485,0,0,0
738221,65535,255,359,10447,0,0,0
738222,358,0,2954,9876,1,0,1
738223,275,0,4841,9512,1,0,1
738224,58,2,4842,-6980,1,0,1
738225,65535,255,3075,-7404,0,0,0
738226,0,0,0,0,0,0,0
738227,65535,255,2157,10020,0,0,0
738228,354,0,4298,9672,1,0,1
738229,454,0,5283,-6874,1,0,1
738230,263,0,3740,-7224,1,0,1
738231,333,0,1469,-7500,1,0,1
738232,65535,255,1293,9901,0,0,0
738233,104,0,3673,9763,1,0,1
738234,65535,255,5322,9452,0,0,0
738235,233,0,4325,-7093,1,0,1
738236,279,0,2305,-7471,1,0,1
738237,65535,255,370,10437,0,0,0
738238,364,0,2964,9886,1,0,1
738239,346,0,4850,9522,1,0,1
738240,120,0,4835,-6993,1,0,1
738241,263,0,3062,-7285,1,0,1
738242,65535,255,557,-7846,0,0,0
738243,169,0,2174,9869,1,0,1
738244,353,0,4309,9610,1,0,1
738245,297,0,5277,-6909,1,0,1
738246,289,0,3732,-7289,1,0,1
738247,278,0,1458,-7705,1,0,1
738248,366,0,1304,10157,1,0,1
738249,79,0,3685,9729,1,0,1
738250,65535,255,5332,9435,0,0,0
738251,293,0,4317,-7074,1,0,1
738252,90,0,2294,-7459,1,0,1
738253,65535,255,388,10429,0,0,0
738254,407,0,2978,9894,1,0,1
738255,336,0,4859,9532,1,0,1
738256,65535,255,4826,-7007,0,0,0
738257,65535,255,3047,-7317,0,0,0
738258,65535,255,541,-8097,0,0,0
738259,65535,255,2189,9942,0,0,0
738260,181,0,4320,9654,1,0,1
738261,265,0,5269,-6867,1,0,1
738262,65535,255,3720,-7228,0,0,0
738263,65535,255,1435,-7570,0,0,0
738264,65535,255,1326,10003,0,0,0
738265,65535,255,3703,9716,0,0,0
738266,362,0,5343,9414,1,0,1
738267,145,0,4306,-7156,1,0,1
738268,65535,255,2273,-7420,0,0,0
738269,138,0,412,10336,1,0,1
738270,357,0,2998,9891,1,0,1
738271,100,0,4872,9540,1,0,1
738272,65535,255,4814,-7016,0,0,0
738273,65535,255,3027,-7352,0,0,0
738274,65535,255,511,-7352,0,0,0
738275,65535,255,2211,10013,0,0,0
738276,65535,255,4335,9664,0,0,0
738277,310,0,5258,-6891,1,0,1
738278,65535,255,3705,-7249,0,0,0
738279,240,0,1417,-7504,1,0,1
738280,258,0,1339,10053,1,0,1
738281,65535,255,3706,9726,0,0,0
738282,399,2,5345,9384,1,0,1
738283,299,0,4302,-7138,1,0,1
738284,65535,255,2272,-7435,0,0,0
738285,78,0,408,10743,1,0,1
738286,65535,255,2993,9819,0,0,0
738287,65535,255,4866,9519,0,0,0
738288,65535,255,6119,9185,0,0,0
738289,65535,255,3042,-7382,0,0,0
738290,89,0,533,-7859,1,0,1
738291,65535,255,2190,9957,0,0,0
738292,65535,255,4319,9634,0,0,0
738293,65535,255,5751,9296,0,0,0
738294,65535,255,6727,8976,0,0,1
738295,256,0,1446,-7663,1,0,1
738296,144,0,1310,10259,1,0,1
738297,65535,255,3689,9801,0,0,0
738298,65535,255,5332,9435,0,0,0
738299,65535,255,6437,9076,0,0,0
738300,65535,255,-32768,-32768,0,65535,0
738301,329,0,389,10513,1,0,1
738302,339,0,2975,9800,1,0,1
738303,266,0,4854,9516,1,0,1
738304,228,0,6111,9187,1,0,1
738305,0,0,0,0,0,0,0
738306,65535,255,-32768,-32768,0,65535,1
738307,427,0,2174,10003,1,0,1
738308,65535,255,4307,9616,0,0,0
738309,198,0,5741,9320,1,0,1
738310,65535,255,6720,8995,0,0,0
738311,65535,255,-32768,-32768,0,65535,0
738312,65535,255,-32768,-32768,0,65535,0
738313,65535,255,3678,9746,0,0,0
738314,65535,255,5324,9403,0,0,0
738315,0,0,0,0,0,0,0
738316,65535,255,-32768,-32768,0,65535,1
738317,65535,255,-32768,-32768,0,65535,1
738318,65535,255,2960,9929,0,0,0
738319,198,0,4845,9501,1,0,1
738320,290,0,6104,9199,1,0,1
738321,0,0,0,0,0,0,0
738322,65535,255,-32768,-32768,0,65535,1
738323,65535,255,-32768,-32768,0,0,0
738324,199,0,4292,9639,1,0,1
738325,143,0,5732,9327,1,0,1
738326,65535,255,6715,8994,0,0,1
738327,65535,255,-32768,-32768,0,65535,0
738328,65535,255,-32768,-32768,0,65535,0
738329,189,0,3662,9709,1,0,1
738330,375,0,5313,9444,1,0,1
738331,45,2,6422,9081,3,0,1
738332,0,0,0,0,0,0,0
738333,65535,255,-32768,-32768,0,65535,1
738334,238,0,2942,9821,1,0,1
738335,365,0,4834,9498,1,0,1
738336,145,0,6094,9203,1,0,1
738337,0,0,0,0,0,0,0
738338,65535,255,-32768,-32768,0,65535,1
738339,65535,255,-32768,-32768,0,65535,0
738340,65535,255,4277,9669,0,0,0
738341,197,0,5725,9284,1,0,1
738342,65535,255,6710,8964,0,0,0
738343,65535,255,-32768,-32768,0,65535,1
738344,65535,255,-32768,-32768,0,65535,0
738345,355,0,3645,9776,1,0,1
738346,279,0,5305,9418,1,0,1
738347,356,0,6416,9115,1,0,1
738348,65535,255,-32768,-32768,0,65535,0
738349,93,0,324,10176,1,0,1
738350,90,2,2922,9925,1,0,1
738351,191,0,4822,9580,1,0,1
738352,0,0,0,0,0,0,0
738353,65535,255,6967,8878,0,0,1
738354,65535,255,614,-7661,0,0,0
738355,349,0,2117,9918,3,0,1
738356,65535,255,4266,9683,0,0,0
738357,170,0,5717,9296,1,0,1
738358,65535,255,6705,8975,0,0,1
738359,238,0,1517,-7668,1,0,0
738360,260,0,1238,9965,1,0,1
738361,65535,255,3634,9788,0,0,1
738362,214,0,5296,9444,1,0,0
738363,51,2,6411,9084,1,0,1
738364,65535,255,2359,-7437,0,0,0
738365,65535,255,317,9331,0,0,0
738366,288,0,2913,9849,1,0,0
738367,305,0,4812,9540,1,0,1
738368,65535,255,6083,9207,0,0,0
738369,92,0,3118,-7308,1,0,1
738370,65535,255,625,-7501,0,0,0
738371,424,0,2107,9873,3,0,0
738372,0,0,0,0,0,0,0
738373,65535,255,5712,9293,0,0,0
738374,65535,255,3787,-7224,0,0,0
738375,306,0,1533,-7686,1,0,1
738376,304,0,1227,9925,1,0,1
738377,260,0,3626,9712,1,0,1
738378,353,0,5288,9460,1,0,1
738379,277,0,4369,-7155,3,0,1
738380,288,0,2369,-7502,1,0,1
738381,65535,255,296,9946,0,0,0
738382,213,0,2899,9916,1,0,1
738383,269,0,4805,9547,1,0,1
738384,65535,255,4876,-7006,0,0,0
738385,65535,255,3128,-7396,0,0,0
738386,71,0,644,-8020,1,0,1
738387,71,0,2091,10044,1,0,0
738388,65535,255,4252,9639,0,0,0
738389,196,0,5316,-6893,1,0,1
738390,208,0,3791,-7200,1,0,0
738391,45,2,1544,-7641,1,0,1
738392,65535,255,1215,10032,0,0,0
738393,195,0,3617,9721,1,0,1
738394,284,0,5283,9457,1,0,1
738395,297,0,4375,-7137,3,0,1
738396,65535,255,2379,-7514,0,0,0
738397,101,0,285,10050,1,0,1
738398,230,0,2895,9949,1,0,1
738399,65535,255,4802,9514,0,0,0
738400,190,0,4882,-7026,1,0,1
738401,257,0,3131,-7286,1,0,1
738402,428,0,643,-7453,1,0,1
738403,361,0,2091,9890,1,0,1
738404,186,0,4245,9682,1,0,1
738405,65535,255,5319,-6854,0,0,0
738406,91,0,3799,-7261,1,0,1
738407,322,2,1544,-7492,1,0,1
738408,65535,255,1209,10147,0,0,0
738409,65535,255,3613,9790,0,0,0
738410,65535,255,5281,9438,0,0,0
738411,316,0,4376,-7133,1,0,1
738412,52,0,2384,-7486,1,0,1
738413,370,0,285,9935,1,0,1
738414,65535,255,2890,9939,0,0,0
738415,65535,255,4799,9521,0,0,0
738416,65535,255,4879,-6955,0,0,0
738417,65535,255,3131,-7315,0,0,0
738418,357,0,648,-7660,1,0,1
738419,273,0,2086,9969,1,0,1
738420,65535,255,4246,9621,0,0,0
738421,65535,255,5319,-6887,0,0,0
738422,252,0,3794,-7199,1,0,1
738423,345,0,1544,-7683,1,0,1
738424,273,0,1210,9980,1,0,1
738425,119,0,3613,9748,1,0,0
738426,65535,255,5281,9418,0,0,0
738427,65535,255,4373,-7121,0,0,0
738428,65535,255,2379,-7460,0,0,0
738429,283,0,291,9944,1,0,1
738430,224,0,2895,9909,1,0,1
738431,65535,255,4800,9526,0,0,0
738432,65535,255,4876,-6971,0,0,0
738433,65535,255,3127,-7354,0,0,0
738434,65535,255,643,-7915,0,0,0
738435,281,2,2091,10060,1,0,1
738436,200,2,4249,9668,1,0,1
738437,65535,255,5314,-6849,0,0,0
738438,65535,255,3789,-7244,0,0,0
738439,65535,255,1539,-7577,0,0,0
738440,468,0,1222,9871,1,0,1
738441,65535,255,3621,9730,0,0,0
738442,234,0,5287,9417,1,0,1
738443,65535,255,4369,-7121,0,0,0
738444,187,0,2374,-7540,1,0,1
738445,266,0,295,9271,1,0,1
738446,396,0,2895,9940,1,0,1
738447,65535,255,4800,9550,0,0,0
738448,65535,255,4879,-7014,0,0,0
738449,257,0,3131,-7324,1,0,1
738450,65535,255,655,-8012,0,0,0
738451,65535,255,2081,9908,0,0,0
738452,65535,255,4238,9637,0,0,0
738453,65535,255,5323,-6846,0,0,0
738454,65535,255,3804,-7188,0,0,0
738455,360,0,1561,-7429,1,0,1
738456,111,0,1187,10266,1,0,1
738457,284,0,3595,9753,1,0,1
738458,254,0,5270,9452,1,0,1
738459,128,0,4390,-7097,1,0,1
738460,65535,255,2405,-7495,0,0,0
738461,65535,255,252,10966,0,0,0
738462,65535,255,2862,9936,0,0,1
738463,65535,255,4779,9556,0,0,0
738464,65535,255,4897,-7005,0,0,0
738465,404,0,3159,-7359,1,0,1
738466,442,0,684,-7464,1,0,1
738467,370,0,2048,10023,1,0,1
738468,65535,255,4219,9689,0,0,0
738469,65535,255,5338,-6895,0,0,0
738470,65535,255,3824,-7161,0,0,0
738471,65535,255,1590,-7456,0,0,0
738472,410,0,1158,10215,1,0,1
738473,65535,255,3574,9756,0,0,0
738474,65535,255,5255,9462,0,0,0
738475,65535,255,4407,-7113,0,0,0
738476,65535,255,2429,-7347,0,0,0
738477,65535,255,227,9596,0,0,0
738478,65535,255,2842,9841,0,0,0
738479,65535,255,4756,9544,0,0,0
738480,203,0,4919,-6961,1,0,1
738481,65535,255,3190,-7292,0,0,0
738482,65535,255,720,-7383,0,0,0
738483,65535,255,2022,10070,0,0,0
738484,133,0,4201,9633,1,0,1
738485,65535,255,5352,-6883,0,0,0
738486,65535,255,3839,-7172,0,0,0
738487,65535,255,1605,-7514,0,0,0
738488,67,2,1146,10126,1,0,0
738489,188,0,3569,9760,1,0,1
738490,255,0,5252,9406,3,0,1
738491,324,0,4410,-7086,1,0,1
738492,65535,255,2429,-7340,0,0,0
738493,65535,255,226,10318,0,0,0
738494,317,0,2847,9945,1,0,1
738495,65535,255,4772,9506,0,0,0
738496,233,0,4906,-7018,1,0,1
738497,65535,255,3172,-7390,0,0,0
738498,65535,255,696,-7994,0,0,0
738499,65535,255,2048,10034,0,0,0
738500,65535,255,4223,9629,0,0,0
738501,493,0,5338,-6886,3,0,0
738502,165,0,3823,-7191,3,0,0
738503,160,0,1583,-7598,1,0,1
738504,306,0,1175,10236,3,0,1
738505,188,0,3590,9808,3,0,1
738506,65535,255,5269,9439,0,0,0
738507,65535,255,4393,-7134,0,0,0
738508,65535,255,2404,-7460,0,0,0
738509,65535,255,263,9551,0,0,0
738510,192,0,2875,9897,1,0,1
738511,65535,255,4788,9573,0,0,0
738512,65535,255,4891,-7005,0,0,0
738513,65535,255,3145,-7385,0,0,0
738514,65535,255,661,-7964,0,0,0
738515,65535,255,2079,10046,0,0,0
738516,65535,255,4244,9646,0,0,0
738517,65535,255,5325,-6904,0,0,0
738518,65535,255,3799,-7225,0,0,0
738519,208,2,1547,-7517,1,0,0
738520,65535,255,1215,10008,0,0,0
738521,65535,255,3620,9745,0,0,0
