sdate,line_t,line_tmq,line_tvza,line_tvaa,line_tm2,line_QFDNB,line_tm_buf
735235,65535,255,3885,9658,0,0,0
735236,65535,255,5526,9398,0,0,1
735237,65535,255,4444,-7239,0,0,1
735238,65535,255,2341,-7461,0,0,1
735239,65535,255,481,10041,0,0,0
735240,65535,255,3167,9816,0,0,0
735241,670,2,5060,9491,1,0,0
735242,838,0,4960,-7085,1,0,1
735243,65535,255,3132,-7378,0,0,0
735244,881,0,494,-8073,1,0,1
735245,242,0,2362,9891,1,0,0
735246,13,2,4522,9624,1,0,0
735247,65535,255,5409,-6974,0,0,0
735248,65535,255,3824,-7322,0,0,0
735249,65535,255,1434,-7671,0,0,0
735250,0,0,0,0,0,0,0
735251,583,2,3901,9702,1,0,0
735252,65535,255,5535,9423,0,0,0
735253,60,2,4434,-7205,1,0,0
735254,65535,255,2336,-7529,0,0,0
735255,65535,255,486,10316,0,0,1
735256,65535,255,3167,9854,0,0,0
735257,65535,255,5056,9514,0,0,0
735258,65535,255,4966,-7099,0,0,0
735259,65535,255,3141,-7395,0,0,1
735260,65535,255,512,-8190,0,0,0
735261,65535,255,2342,9893,0,0,0
735262,65535,255,4508,9627,0,0,0
735263,65535,255,5422,-6966,0,0,0
735264,65535,255,3848,-7310,0,0,0
735265,0,0,0,0,0,0,0
735266,65535,255,1423,9954,0,0,0
735267,65535,255,3873,9660,0,0,1
735268,65535,255,5515,9400,0,0,0
735269,65535,255,4458,-7248,0,0,0
735270,65535,255,2370,-7498,0,0,0
735271,65535,255,445,10264,0,0,0
735272,321,0,3135,9859,1,0,1
735273,0,0,0,0,0,0,0
735274,65535,255,4985,-7111,0,0,0
735275,2991,0,3168,-7430,1,0,0
735276,0,0,0,0,0,0,0
735277,65535,255,2305,9982,0,0,0
735278,1340,0,4485,9569,1,0,1
735279,65535,255,5439,-7004,0,0,0
735280,910,0,3870,-7307,1,0,1
735281,427,2,1507,-7509,1,0,1
735282,65535,255,1390,9860,0,0,0
735283,65535,255,3845,9757,0,0,0
735284,65535,255,5498,9391,0,0,0
735285,65535,255,4478,-7237,0,0,0
735286,65535,255,2395,-7494,0,0,0
735287,65535,255,411,10355,0,0,0
735288,65535,255,3109,9883,0,0,0
735289,65535,255,5018,9538,0,0,0
735290,65535,255,4997,-7124,0,0,0
735291,65535,255,3191,-7446,0,0,1
735292,65535,255,575,-7501,0,0,0
735293,65535,255,2279,9971,0,0,0
735294,65535,255,4462,9655,0,0,0
735295,65535,255,5450,-6991,0,0,0
735296,65535,255,3892,-7347,0,0,0
735297,65535,255,1540,-7741,0,0,0
735298,49,2,1355,10105,1,0,0
735299,64,2,3821,9699,1,0,0
735300,65535,255,5483,9426,0,0,0
735301,0,0,0,0,0,0,0
735302,65535,255,2425,-7569,0,0,0
735303,495,0,385,9429,1,0,1
735304,65535,255,3087,9758,0,0,0
735305,65535,255,5001,9518,0,0,0
735306,143,2,5013,-7066,1,0,0
735307,65535,255,3214,-7378,0,0,0
735308,65535,255,609,-7891,0,0,0
735309,65535,255,2253,9860,0,0,0
735310,1003,0,4445,9619,1,0,1
735311,808,0,5462,-6973,1,0,0
735312,65535,255,3910,-7329,0,0,0
735313,65535,255,1562,-7716,0,0,0
735314,65535,255,1332,10109,0,0,0
735315,65535,255,3801,9725,0,0,0
735316,65535,255,5471,9379,0,0,0
735317,65535,255,4509,-7224,0,0,1
735318,65535,255,2444,-7475,0,0,0
735319,65535,255,359,10299,0,0,0
735320,65535,255,3064,9881,0,0,0
735321,65535,255,4988,9539,0,0,0
735322,65535,255,5022,-7063,0,0,1
735323,65535,255,3231,-7353,0,0,0
735324,65535,255,633,-8040,0,0,1
735325,65535,255,2232,9934,0,0,0
735326,65535,255,4432,9660,0,0,1
735327,65535,255,5472,-7012,0,0,0
735328,65535,255,3921,-7290,0,0,1
735329,65535,255,1578,-7631,0,0,0
735330,853,0,1316,10061,1,0,1
735331,358,0,3793,9719,1,0,0
735332,1016,0,5466,9380,1,0,1
735333,65535,255,4519,-7241,0,0,0
735334,65535,255,2459,-7538,0,0,0
735335,65535,255,350,9453,0,0,0
735336,65535,255,3059,9811,0,0,0
735337,15,2,4984,9518,1,0,0
735338,602,0,5030,-7086,1,0,0
735339,282,0,3240,-7362,1,0,1
735340,168,0,639,-7362,1,0,1
735341,65535,255,2221,9994,0,0,0
735342,65535,255,4431,9604,0,0,1
735343,18,2,5475,-6979,1,0,0
735344,65535,255,3925,-7253,0,0,0
735345,65535,255,1589,-7588,0,0,1
735346,65535,255,1310,10063,0,0,1
735347,65535,255,3789,9728,0,0,0
735348,65535,255,5465,9400,0,0,0
735349,65535,255,4518,-7184,0,0,0
735350,65535,255,2459,-7435,0,0,1
735351,65535,255,341,10415,0,0,1
735352,65535,255,3059,9770,0,0,1
735353,65535,255,4984,9503,0,0,0
735354,65535,255,5033,-7126,0,0,0
735355,65535,255,3240,-7372,0,0,1
735356,65535,255,639,-7467,0,0,1
735357,65535,255,2226,9834,0,0,1
735358,209,0,4430,9649,1,0,1
735359,65535,255,5474,-6947,0,0,0
735360,416,2,3925,-7334,1,0,0
735361,596,0,1584,-7527,1,0,1
735362,65535,255,1315,10038,0,0,0
735363,224,2,3796,9743,1,0,0
735364,65535,255,5469,9418,0,0,0
735365,65535,255,4518,-7222,0,0,0
735366,65535,255,2454,-7552,0,0,0
735367,898,0,353,9936,1,0,1
735368,65535,255,3063,9879,0,0,0
735369,702,0,4993,9501,1,0,1
735370,65535,255,5027,-7057,0,0,0
735371,720,0,3235,-7410,1,0,1
735372,224,0,627,-7885,1,0,1
735373,353,2,2236,9978,1,0,0
735374,65535,255,4441,9622,0,0,0
735375,65535,255,5891,9286,0,0,1
735376,65535,255,3917,-7343,0,0,0
735377,65535,255,1567,-7611,0,0,1
735378,0,0,0,0,0,0,0
735379,65535,255,3808,9687,0,0,0
735380,65535,255,5477,9393,0,0,0
735381,65535,255,6582,9077,0,0,0
735382,65535,255,2439,-7541,0,0,1
735383,65535,255,370,10125,0,0,0
735384,65535,255,3082,9779,0,0,0
735385,65535,255,5002,9532,0,0,0
735386,65535,255,6261,9177,0,0,0
735387,65535,255,-32768,-32768,0,65535,1
735388,65535,255,603,-7731,0,0,0
735389,472,0,2257,9962,1,0,0
735390,451,0,4454,9632,1,0,1
735391,65535,255,5900,9296,0,0,0
735392,65535,255,6872,8980,0,0,0
735393,65535,255,1546,-7761,0,0,0
735394,827,0,1360,10009,1,0,1
735395,594,0,3824,9762,1,0,1
735396,0,0,0,0,0,0,0
735397,8,2,6590,9071,1,0,0
735398,65535,255,-32768,-32768,0,65535,1
735399,65535,255,399,10201,0,0,0
735400,479,0,3104,9816,1,0,1
735401,632,0,5018,9474,1,0,1
735402,65535,255,6272,9196,0,0,0
735403,65535,255,-32768,-32768,0,65535,1
735404,65535,255,570,-7327,0,0,0
735405,653,0,2290,9887,1,0,1
735406,65535,255,4475,9604,0,0,1
735407,65535,255,5912,9284,0,0,1
735408,65535,255,6880,8984,0,0,0
735409,65535,255,1513,-7746,0,0,0
735410,65535,255,1394,10054,0,0,0
735411,65535,255,3853,9664,0,0,0
735412,65535,255,5503,9396,0,0,0
735413,65535,255,6599,9088,0,0,0
735414,65535,255,-32768,-32768,0,65535,0
735415,65535,255,441,9665,0,0,0
735416,65535,255,3136,9763,0,0,0
735417,65535,255,5036,9535,0,0,0
735418,65535,255,6283,9188,0,0,0
735419,65535,255,-32768,-32768,0,65535,1
735420,489,2,530,-7299,1,0,0
735421,65535,255,2326,9911,0,0,0
735422,448,0,4499,9624,1,0,1
735423,65535,255,5926,9301,0,0,0
735424,65535,255,6891,8975,0,0,0
735425,68,2,1469,-7553,1,0,0
735426,65535,255,1435,9885,0,0,0
735427,65535,255,3877,9738,0,0,0
735428,65535,255,5524,9372,0,0,0
735429,65535,255,6612,9076,0,0,0
735430,931,0,2341,-7608,1,0,1
735431,938,0,488,9642,1,0,1
735432,65535,255,3167,9827,0,0,1
735433,65535,255,5054,9488,0,0,0
735434,65535,255,6293,9208,0,0,0
735435,65535,255,3138,-7463,0,0,0
735436,65535,255,506,-7488,0,0,0
735437,65535,255,2343,9936,0,0,0
735438,65535,255,4505,9629,0,0,0
735439,65535,255,5418,-6964,0,0,1
735440,65535,255,3840,-7286,0,0,0
735441,65535,255,1469,-7509,0,0,0
735442,65535,255,1423,10167,0,0,1
735443,65535,255,3869,9716,0,0,0
735444,65535,255,5516,9425,0,0,0
735445,65535,255,4452,-7171,0,0,1
735446,65535,255,2361,-7524,0,0,0
735447,65535,255,452,10264,0,0,0
735448,65535,255,3141,9831,0,0,0
735449,0,0,0,0,0,0,0
735450,633,0,4976,-7079,1,0,1
735451,999,0,3160,-7353,1,0,0
735452,266,0,540,-7857,1,0,1
735453,250,0,2316,9828,1,0,1
735454,65535,255,4489,9589,0,0,0
735455,0,0,0,0,0,0,0
735456,561,2,3864,-7368,1,0,1
735457,338,0,1501,-7757,1,0,1
735458,575,0,1400,10125,1,0,1
735459,0,0,0,0,0,0,0
735460,65535,255,5503,9428,0,0,0
735461,909,0,4468,-7181,1,0,1
735462,806,0,2385,-7561,1,0,1
735463,372,0,423,10590,1,0,1
735464,65535,255,3122,9826,0,0,1
735465,65535,255,5026,9539,0,0,0
735466,65535,255,4991,-7129,0,0,1
735467,65535,255,3182,-7456,0,0,0
735468,65535,255,563,-7614,0,0,0
735469,65535,255,2294,10014,0,0,0
735470,65535,255,4479,9578,0,0,0
735471,65535,255,5444,-7010,0,0,0
735472,65535,255,3876,-7266,0,0,0
735473,65535,255,1518,-7530,0,0,0
735474,65535,255,1384,9886,0,0,1
735475,65535,255,3841,9760,0,0,0
735476,65535,255,5497,9398,0,0,0
735477,65535,255,4482,-7248,0,0,1
735478,65535,255,2400,-7519,0,0,0
735479,172,2,411,10442,1,0,1
735480,323,2,3109,9895,1,0,0
735481,65535,255,5020,9545,0,0,0
735482,510,2,4999,-7057,1,0,0
735483,675,0,3192,-7416,1,0,1
735484,568,0,575,-7960,1,0,1
735485,65535,255,2284,9888,0,0,0
735486,280,0,4468,9637,1,0,1
735487,65535,255,5449,-6986,0,0,0
735488,221,2,3888,-7362,1,0,0
735489,65535,255,1529,-7486,0,0,0
735490,65535,255,1372,9862,0,0,0
735491,52,2,3833,9769,1,0,0
735492,117,0,5492,9409,1,0,1
735493,0,0,0,0,0,0,0
735494,65535,255,2410,-7584,0,0,1
735495,65535,255,406,9710,0,0,1
735496,65535,255,3104,9807,0,0,1
735497,65535,255,5017,9508,0,0,1
735498,65535,255,5005,-7116,0,0,0
735499,65535,255,3199,-7463,0,0,0
735500,65535,255,580,-7846,0,0,1
735501,65535,255,2279,9889,0,0,1
735502,65535,255,4464,9650,0,0,1
735503,65535,255,5451,-7003,0,0,0
735504,65535,255,3887,-7280,0,0,0
735505,65535,255,1529,-7636,0,0,1
735506,65535,255,1366,10082,0,0,1
735507,835,0,3832,9723,1,0,1
735508,649,0,5493,9390,1,0,1
735509,693,0,4484,-7177,1,0,1
735510,282,0,2410,-7583,1,0,1
735511,65535,255,406,9793,0,0,0
735512,65535,255,3104,9847,0,0,0
735513,65535,255,5017,9535,0,0,0
735514,38,2,5000,-7072,1,0,0
735515,65535,255,3195,-7395,0,0,0
735516,65535,255,575,-7557,0,0,0
735517,65535,255,2284,9845,0,0,0
735518,152,2,4468,9637,1,0,1
735519,908,0,5447,-7004,1,0,1
735520,254,2,3884,-7295,1,0,0
735521,478,0,1523,-7721,1,0,1
735522,65535,255,1378,9944,0,0,1
735523,65535,255,3841,9668,0,0,1
735524,65535,255,5495,9436,0,0,1
735525,65535,255,4478,-7234,0,0,0
735526,65535,255,2400,-7558,0,0,1
735527,65535,255,417,9881,0,0,0
735528,65535,255,3113,9875,0,0,1
735529,65535,255,5024,9480,0,0,1
735530,65535,255,4994,-7111,0,0,1
735531,65535,255,3180,-7431,0,0,0
735532,65535,255,558,-7377,0,0,1
735533,65535,255,2300,9831,0,0,1
735534,65535,255,4479,9648,0,0,0
735535,65535,255,5437,-6985,0,0,1
735536,65535,255,3869,-7350,0,0,1
735537,0,0,0,0,0,0,0
735538,227,0,1395,10127,1,0,1
735539,0,0,0,0,0,0,0
735540,815,0,5506,9382,1,0,1
735541,65535,255,4461,-7173,0,0,0
735542,461,0,2371,-7441,1,0,1
735543,713,0,441,10569,1,0,1
735544,65535,255,3136,9833,0,0,0
735545,65535,255,5039,9471,0,0,0
735546,860,0,4976,-7120,1,0,1
735547,65535,255,3155,-7390,0,0,0
735548,65535,255,528,-7795,0,0,0
735549,799,0,2327,9968,1,0,1
735550,65535,255,4499,9632,0,0,0
735551,507,0,5422,-6990,1,0,1
735552,65535,255,3843,-7341,0,0,0
735553,65535,255,1469,-7729,0,0,1
735554,65535,255,1434,9981,0,0,0
735555,65535,255,3878,9755,0,0,1
735556,65535,255,5524,9370,0,0,0
735557,65535,255,4438,-7185,0,0,1
735558,65535,255,2341,-7605,0,0,1
735559,65535,255,475,10257,0,0,1
735560,0,0,0,0,0,0,0
735561,65535,255,5048,9529,0,0,0
735562,65535,255,4964,-7085,0,0,1
735563,65535,255,3146,-7469,0,0,0
735564,65535,255,518,-7285,0,0,0
735565,0,0,0,0,0,0,0
735566,65535,255,4499,9569,0,0,0
735567,65535,255,5423,-6971,0,0,0
735568,732,0,3848,-7275,1,0,1
735569,65535,255,1480,-7771,0,0,0
735570,65535,255,1417,10006,0,0,0
735571,65535,255,3865,9750,0,0,0
735572,198,0,5511,9437,1,0,1
735573,100,2,4456,-7193,1,0,0
735574,65535,255,2371,-7466,0,0,0
735575,65535,255,447,9749,0,0,0
735576,65535,255,3133,9826,0,0,0
735577,65535,255,5033,9517,0,0,0
735578,622,2,4982,-7086,1,0,0
735579,449,0,3169,-7403,1,0,1
735580,65535,255,545,-7672,0,0,1
735581,65535,255,2305,9971,0,0,0
735582,65535,255,4482,9642,0,0,0
735583,65535,255,5434,-6972,0,0,0
735584,65535,255,3864,-7296,0,0,0
735585,65535,255,1501,-7549,0,0,1
735586,65535,255,1397,10035,0,0,0
735587,65535,255,3849,9722,0,0,0
735588,0,0,0,0,0,0,0
735589,65535,255,4468,-7179,0,0,0
735590,0,0,0,0,0,0,0
735591,0,0,0,0,0,0,0
735592,65535,255,3122,9866,0,0,0
735593,65535,255,5027,9519,0,0,0
735594,65535,255,4991,-7105,0,0,0
735595,65535,255,3177,-7406,0,0,1
735596,718,0,559,-7255,1,0,1
735597,65535,255,2300,9916,0,0,0
735598,65535,255,4478,9637,0,0,0
735599,65535,255,5441,-6975,0,0,0
735600,561,0,3872,-7325,1,0,1
735601,65535,255,1513,-7677,0,0,0
735602,65535,255,1389,10034,0,0,0
735603,2459,0,3849,9684,1,0,0
735604,117,2,5500,9423,1,0,1
735605,65535,255,4471,-7178,0,0,0
735606,825,0,2390,-7571,1,0,1
735607,737,0,430,9581,1,0,1
735608,65535,255,3122,9777,0,0,0
735609,65535,255,5029,9486,0,0,0
735610,65535,255,4990,-7084,0,0,0
735611,65535,255,3177,-7396,0,0,0
735612,65535,255,558,-7316,0,0,1
735613,0,0,0,0,0,0,0
735614,65535,255,4482,9574,0,0,1
735615,65535,255,5441,-7018,0,0,0
735616,65535,255,3868,-7287,0,0,0
735617,65535,255,1506,-7635,0,0,0
735618,65535,255,1394,10034,0,0,0
735619,65535,255,3853,9706,0,0,0
735620,65535,255,5506,9406,0,0,0
735621,65535,255,4468,-7204,0,0,0
735622,65535,255,2385,-7598,0,0,1
735623,65535,255,435,9748,0,0,1
735624,65535,255,3122,9879,0,0,0
735625,636,0,5029,9530,1,0,1
735626,65535,255,4991,-7116,0,0,0
735627,65535,255,3177,-7415,0,0,0
735628,65535,255,553,-7310,0,0,0
735629,51,0,2305,9931,1,0,1
735630,65535,255,4481,9637,0,0,0
735631,0,0,0,0,0,0,0
735632,0,0,0,0,0,0,0
735633,0,0,0,0,0,0,0
735634,1049,0,1394,9986,1,0,0
735635,0,0,0,0,0,0,0
735636,65535,255,5503,9431,0,0,0
735637,65535,255,4471,-7190,0,0,0
735638,2428,0,2385,-7598,1,0,0
735639,65535,255,429,9736,0,0,0
735640,65535,255,3127,9797,0,0,0
735641,65535,255,5032,9491,0,0,0
735642,65535,255,4988,-7089,0,0,1
735643,0,0,0,0,0,0,0
735644,65535,255,547,-7369,0,0,0
735645,65535,255,2305,9973,0,0,0
735646,65535,255,4485,9574,0,0,0
735647,65535,255,5436,-7014,0,0,1
735648,65535,255,3860,-7288,0,0,0
735649,65535,255,1496,-7635,0,0,1
735650,65535,255,1405,10033,0,0,1
735651,0,0,0,0,0,0,0
735652,65535,255,5510,9375,0,0,1
735653,65535,255,4461,-7229,0,0,0
735654,65535,255,2371,-7506,0,0,0
735655,721,0,447,10565,1,0,1
735656,883,0,3141,9776,1,0,1
735657,921,0,5039,9495,1,0,1
735658,974,0,4976,-7113,1,0,1
735659,437,0,3160,-7475,1,0,1
735660,0,0,0,0,0,0,0
735661,65535,255,2326,9956,0,0,0
735662,855,0,4499,9590,1,0,1
735663,65535,255,5423,-6974,0,0,0
735664,181,0,3844,-7375,1,0,1
735665,65535,255,1469,-7617,0,0,1
735666,396,2,1428,10099,1,0,0
735667,65535,255,3877,9757,0,0,0
735668,0,0,0,0,0,0,0
735669,65535,255,4441,-7226,0,0,0
735670,0,0,0,0,0,0,0
735671,65535,255,475,10118,0,0,0
735672,65535,255,3158,9842,0,0,1
735673,65535,255,5048,9515,0,0,0
735674,65535,255,4967,-7103,0,0,1
735675,65535,255,3146,-7418,0,0,0
735676,65535,255,523,-7477,0,0,1
735677,65535,255,2321,9984,0,0,1
735678,0,0,0,0,0,0,0
735679,65535,255,5428,-7015,0,0,0
735680,65535,255,3856,-7287,0,0,1
735681,65535,255,1490,-7635,0,0,0
735682,65535,255,1400,10033,0,0,1
735683,797,0,3853,9707,1,0,1
735684,65535,255,5504,9376,0,0,0
735685,676,0,4468,-7227,1,0,1
735686,0,0,0,0,0,0,0
735687,65535,255,424,10667,0,0,0
735688,65535,255,3118,9789,0,0,0
735689,65535,255,5021,9505,0,0,0
735690,562,2,4994,-7119,1,0,1
735691,510,2,3186,-7490,1,0,1
735692,457,0,576,-8129,1,0,1
735693,65535,255,2279,9991,0,0,0
735694,65535,255,4468,9608,0,0,0
735695,817,0,5447,-6982,1,0,1
735696,65535,255,3884,-7269,0,0,0
735697,65535,255,1534,-7652,0,0,0
735698,65535,255,1361,10160,0,0,0
735699,65535,255,3825,9774,0,0,1
735700,0,0,0,0,0,0,0
735701,65535,255,4492,-7235,0,0,0
735702,65535,255,2420,-7565,0,0,0
735703,65535,255,388,10038,0,0,0
735704,65535,255,3090,9762,0,0,0
735705,65535,255,5006,9503,0,0,0
735706,65535,255,5009,-7056,0,0,1
735707,65535,255,3209,-7409,0,0,0
735708,65535,255,603,-7833,0,0,0
735709,65535,255,2258,9966,0,0,1
735710,65535,255,4452,9624,0,0,1
735711,65535,255,5459,-7011,0,0,1
735712,65535,255,3903,-7340,0,0,0
735713,65535,255,1551,-7608,0,0,0
735714,382,0,1344,10181,1,0,1
735715,65535,255,3813,9698,0,0,0
735716,65535,255,5480,9406,0,0,0
735717,589,0,4501,-7214,1,0,1
735718,48,2,2434,-7575,1,0,0
735719,65535,255,371,10392,0,0,0
735720,65535,255,3082,9824,0,0,0
735721,65535,255,5001,9512,0,0,0
735722,65535,255,5017,-7105,0,0,0
735723,65535,255,3217,-7418,0,0,0
735724,131,2,610,-8051,1,0,0
735725,121,0,2253,9852,1,0,0
735726,568,0,4448,9581,1,0,1
735727,0,0,0,0,0,0,0
735728,65535,255,3906,-7332,0,0,0
735729,0,0,0,0,0,0,0
735730,65535,255,1338,9915,0,0,0
735731,65535,255,3812,9745,0,0,0
735732,65535,255,5477,9444,0,0,0
735733,65535,255,4501,-7189,0,0,0
735734,65535,255,2434,-7563,0,0,0
735735,65535,255,371,10485,0,0,1
735736,65535,255,3082,9854,0,0,0
735737,65535,255,5002,9510,0,0,1
735738,65535,255,6259,9228,0,0,0
735739,65535,255,3217,-7379,0,0,0
735740,65535,255,610,-7940,0,0,1
735741,65535,255,2258,9851,0,0,0
735742,15,2,4451,9600,1,0,0
735743,65535,255,5896,9293,0,0,0
735744,65535,255,6869,8982,0,0,0
735745,534,0,1551,-7525,1,0,1
735746,65535,255,1347,9997,0,0,0
735747,65535,255,3817,9737,0,0,0
735748,127,0,5480,9432,1,0,1
735749,65535,255,6584,9080,0,0,0
735750,65535,255,-32768,-32768,0,0,0
735751,386,0,389,9698,1,0,1
735752,781,0,3091,9783,1,0,1
735753,426,0,5008,9481,1,0,1
735754,65535,255,6264,9211,0,0,0
735755,65535,255,-32768,-32768,0,65535,1
735756,65535,255,598,-7945,0,0,0
735757,795,0,2269,9864,1,0,1
735758,512,0,4458,9617,1,0,1
735759,65535,255,5901,9309,0,0,0
735760,65535,255,6872,8987,0,0,0
735761,0,0,0,0,0,0,0
735762,0,0,0,0,0,0,0
735763,65535,255,3829,9696,0,0,0
735764,65535,255,5490,9427,0,0,0
735765,65535,255,6589,9072,0,0,0
735766,65535,255,-32768,-32768,0,65535,0
735767,65535,255,406,9800,0,0,0
735768,65535,255,3104,9811,0,0,0
735769,0,0,0,0,0,0,0
735770,685,0,6270,9175,1,0,1
735771,65535,255,-32768,-32768,0,65535,1
735772,382,0,569,-7551,1,0,1
735773,98,0,2284,10019,1,0,1
735774,252,0,4472,9596,1,0,0
735775,827,0,5911,9297,1,0,0
735776,65535,255,6880,8981,0,0,0
735777,65535,255,-32768,-32768,0,65535,0
735778,608,0,1389,10083,1,0,0
735779,188,0,3845,9717,1,0,1
735780,712,0,5501,9374,1,0,1
735781,65535,255,6596,9090,0,0,0
735782,65535,255,-32768,-32768,0,0,0
735783,65535,255,424,10514,0,0,0
735784,323,2,3118,9829,1,0,0
735785,65535,255,5025,9512,0,0,0
735786,65535,255,6274,9185,0,0,1
735787,65535,255,-32768,-32768,0,65535,1
735788,65535,255,557,-7728,0,0,0
735789,652,0,2295,9947,1,0,0
735790,65535,255,4476,9620,0,0,0
735791,65535,255,5913,9289,0,0,0
735792,65535,255,6878,9000,0,0,0
735793,65535,255,1512,-7654,0,0,0
735794,65535,255,1390,9867,0,0,0
735795,65535,255,3841,9718,0,0,0
735796,65535,255,5498,9415,0,0,0
735797,65535,255,6594,9094,0,0,0
735798,559,0,2395,-7621,1,0,0
735799,65535,255,418,10680,0,0,0
735800,65535,255,3113,9859,0,0,0
735801,246,0,5021,9495,1,0,0
735802,65535,255,6273,9208,0,0,1
735803,65535,255,3182,-7451,0,0,0
735804,267,2,564,-7315,1,0,1
735805,65535,255,2295,9877,0,0,0
735806,525,0,4475,9589,1,0,1
735807,282,0,5910,9302,1,0,1
735808,65535,255,3873,-7330,0,0,0
735809,765,0,1512,-7611,1,0,1
735810,65535,255,1384,9867,0,0,0
735811,844,0,3837,9685,1,0,1
735812,693,2,5498,9404,1,0,1
735813,65535,255,4472,-7247,0,0,0
735814,119,2,2380,-7453,1,0,0
735815,65535,255,446,9823,0,0,0
735816,151,2,3141,9775,1,0,0
735817,65535,255,5045,9542,0,0,0
735818,564,0,4967,-7132,1,0,1
735819,0,0,0,0,0,0,0
735820,141,2,504,-7526,1,0,1
735821,251,0,2342,9884,1,0,1
735822,426,0,4509,9581,1,0,1
735823,65535,255,5418,-6976,0,0,0
735824,65535,255,3841,-7276,0,0,0
735825,331,0,1469,-7728,1,0,1
735826,65535,255,1434,9936,0,0,0
735827,434,0,3873,9718,1,0,1
735828,65535,255,5518,9408,0,0,0
735829,597,0,4451,-7213,1,0,1
735830,79,2,2361,-7562,1,0,0
735831,65535,255,457,10121,0,0,0
735832,65535,255,3145,9774,0,0,0
735833,65535,255,5042,9526,0,0,0
735834,65535,255,4976,-7081,0,0,0
735835,106,2,3160,-7466,1,0,0
735836,320,0,535,-7298,1,0,1
735837,775,0,2321,9858,1,0,1
735838,278,0,4492,9578,1,0,1
735839,275,2,5431,-6982,1,0,1
735840,209,0,3860,-7296,1,0,1
735841,341,0,1491,-7484,1,0,1
735842,65535,255,1405,10056,0,0,0
735843,65535,255,3857,9741,0,0,0
735844,666,0,5508,9379,1,0,0
735845,325,2,4464,-7185,1,0,0
735846,145,0,2380,-7519,1,0,1
735847,603,0,435,9967,1,0,1
735848,64,2,3127,9777,1,0,0
735849,65535,255,5029,9534,0,0,0
735850,84,2,4987,-7106,1,0,1
735851,65535,255,3172,-7367,0,0,0
735852,255,0,551,-7791,1,0,0
735853,163,0,2290,9843,1,0,0
735854,503,0,4471,9641,1,0,0
735855,481,0,5447,-7015,1,0,1
735856,421,0,3884,-7319,1,0,1
735857,664,0,1518,-7466,1,0,1
735858,0,0,0,0,0,0,0
735859,797,0,3841,9712,1,0,1
735860,1170,1,5497,9397,1,0,1
735861,637,0,4481,-7186,1,0,1
735862,265,0,2400,-7481,1,0,1
735863,428,2,420,9485,1,0,0
735864,426,2,3113,9834,1,0,1
735865,135,0,5023,9533,1,0,1
735866,128,0,4996,-7102,1,0,1
735867,65535,255,3191,-7485,0,0,0
735868,0,0,0,0,0,0,0
735869,359,0,2295,9913,1,0,1
735870,722,2,4478,9590,1,0,1
735871,65535,255,5444,-6988,0,0,0
735872,65535,255,3880,-7365,0,0,0
735873,65535,255,1518,-7681,0,0,0
735874,65535,255,1377,9934,0,0,0
735875,633,0,3837,9728,1,0,1
735876,23,2,5493,9426,1,0,0
735877,65535,255,4488,-7248,0,0,0
735878,695,0,2410,-7453,1,0,1
735879,174,0,400,9705,1,0,0
735880,65535,255,3099,9768,0,0,0
735881,0,0,0,0,0,0,0
735882,428,0,5009,-7115,1,0,1
735883,0,0,0,0,0,0,0
735884,529,0,598,-8008,1,0,1
735885,457,0,2263,9846,1,0,1
735886,57,2,4455,9588,1,0,0
735887,700,0,5462,-7001,1,0,0
735888,65535,255,3922,-7364,0,0,0
735889,65535,255,1572,-7720,0,0,0
735890,599,0,1332,10005,1,0,1
735891,65535,255,3809,9766,0,0,0
735892,514,0,5478,9386,1,0,0
735893,65535,255,4501,-7219,0,0,0
735894,43,2,2430,-7614,1,0,0
735895,65535,255,390,9522,0,0,0
735896,65535,255,3095,9742,0,0,0
735897,91,0,5008,9535,1,0,1
735898,65535,255,5006,-7127,0,0,0
735899,65535,255,3196,-7441,0,0,0
735900,297,0,575,-7510,1,0,1
735901,65535,255,2284,9966,0,0,0
735902,538,2,4473,9594,1,0,0
735903,65535,255,5445,-7016,0,0,0
735904,0,0,0,0,0,0,0
735905,65535,255,1518,-7664,0,0,0
735906,370,0,1378,9903,1,0,1
735907,145,0,3836,9731,1,0,0
735908,0,0,0,0,0,0,0
735909,65535,255,4482,-7260,0,0,0
735910,65535,255,2401,-7473,0,0,0
735911,177,0,411,9873,1,0,1
735912,65535,255,3109,9770,0,0,0
735913,348,0,5017,9539,1,0,1
735914,151,0,5001,-7122,1,0,1
735915,0,0,0,0,0,0,0
735916,648,2,594,-7294,1,0,1
735917,65535,255,2263,9921,0,0,0
735918,531,0,4455,9634,1,0,1
735919,727,1,5458,-6980,1,0,1
735920,0,0,0,0,0,0,0
735921,164,2,1551,-7708,1,0,0
735922,632,0,1343,10075,1,0,1
735923,65535,255,3813,9699,0,0,0
735924,65535,255,5476,9422,0,0,0
735925,347,0,4505,-7203,1,0,1
735926,65535,255,2437,-7536,0,0,0
735927,240,2,365,9932,1,0,0
735928,65535,255,3073,9830,0,0,0
735929,0,0,0,0,0,0,0
735930,101,2,5024,-7127,1,0,0
735931,65535,255,3231,-7478,0,0,0
735932,612,0,621,-7899,1,0,1
735933,65535,255,2237,9910,0,0,0
735934,65535,255,4438,9656,0,0,0
735935,65535,255,5470,-7014,0,0,0
735936,65535,255,3918,-7301,0,0,0
735937,190,0,1578,-7702,1,0,1
735938,360,0,1321,10178,1,0,1
735939,0,0,0,0,0,0,0
735940,65535,255,5468,9412,0,0,0
735941,182,0,4515,-7201,1,0,0
735942,0,0,0,0,0,0,0
735943,65535,255,349,10684,0,0,0
735944,89,2,3064,9750,1,0,0
735945,65535,255,4991,9491,0,0,0
735946,65535,255,5030,-7126,0,0,0
735947,96,2,3236,-7363,1,0,0
735948,409,0,633,-7475,1,0,1
735949,32,2,2232,9838,1,0,0
735950,65535,255,4435,9644,0,0,0
735951,65535,255,5472,-6993,0,0,0
735952,778,2,3922,-7352,1,0,1
735953,243,0,1578,-7599,1,0,0
735954,65535,255,1321,10129,0,0,0
735955,51,2,3801,9662,1,0,0
735956,65535,255,5473,9370,0,0,0
735957,65535,255,4512,-7177,0,0,0
735958,0,0,0,0,0,0,0
735959,443,0,361,9558,1,0,1
735960,594,0,3068,9873,1,0,1
735961,65535,255,4993,9497,0,0,0
735962,485,0,5023,-7068,1,0,1
735963,65535,255,3231,-7450,0,0,1
735964,352,0,622,-7313,1,0,1
735965,65535,255,2248,9852,0,0,0
735966,65535,255,4448,9580,0,0,0
735967,0,0,0,0,0,0,0
735968,0,0,0,0,0,0,0
735969,145,0,1561,-7600,1,0,1
735970,528,0,1343,9926,1,0,1
735971,65535,255,3812,9708,0,0,0
735972,108,2,5480,9415,1,0,1
735973,65535,255,4505,-7253,0,0,0
735974,65535,255,2429,-7461,0,0,0
735975,613,0,383,9767,1,0,1
735976,65535,255,3091,9769,0,0,0
735977,65535,255,5008,9537,0,0,0
735978,76,2,5014,-7124,1,0,0
735979,65535,255,3209,-7424,0,0,0
735980,763,0,594,-7294,1,0,0
735981,582,0,2274,9893,1,0,0
735982,65535,255,4464,9615,0,0,0
735983,65535,255,5454,-6963,0,0,0
735984,479,0,3891,-7289,1,0,1
735985,65535,255,1529,-7560,0,0,0
735986,65535,255,1378,9853,0,0,0
735987,262,0,3836,9728,1,0,1
735988,65535,255,5500,9365,0,0,0
735989,1209,0,4481,-7202,1,0,0
735990,65535,255,2400,-7595,0,0,0
735991,65535,255,425,9485,0,0,0
735992,65535,255,3123,9745,0,0,0
735993,725,0,5029,9505,3,0,0
735994,227,0,4993,-7139,1,0,0
735995,141,2,3177,-7467,1,0,0
735996,1188,0,551,-7622,1,0,1
735997,65535,255,2311,10016,0,0,0
735998,1997,1,4492,9579,3,0,0
735999,1311,0,5436,-7018,3,0,0
736000,65535,255,3864,-7324,0,0,0
736001,168,2,1495,-7649,3,0,0
736002,65535,255,1406,9972,0,0,0
736003,0,0,0,0,0,0,0
736004,65535,255,5507,9395,0,0,0
736005,65535,255,4471,-7235,0,0,0
736006,65535,255,2385,-7478,0,0,0
736007,65535,255,428,10107,0,0,0
736008,65535,255,3127,9834,0,0,0
736009,350,0,5029,9506,1,0,0
736010,65535,255,4993,-7101,0,0,0
736011,665,0,3181,-7417,3,0,0
736012,65535,255,558,-7386,0,0,0
736013,65535,255,2295,9962,0,0,0
736014,65535,255,4482,9562,0,0,0
736015,982,0,5444,-7005,1,0,0
736016,422,0,3879,-7374,3,0,0
736017,0,0,0,0,0,0,0
736018,65535,255,1389,9878,0,0,0
736019,442,0,3842,9724,1,0,0
736020,65535,255,5498,9402,0,0,0
736021,65535,255,4480,-7232,0,0,0
736022,386,0,2400,-7568,1,0,1
736023,1147,0,419,9558,1,0,0
736024,1138,0,3114,9786,1,0,0
736025,65535,255,5021,9492,0,0,0
736026,103,2,5000,-7105,1,0,0
736027,0,0,0,0,0,0,0
736028,0,0,0,0,0,0,0
736029,761,0,2290,9835,1,0,0
736030,426,0,4472,9620,1,0,0
736031,935,0,5447,-6986,1,0,0
736032,196,2,3884,-7372,1,0,0
736033,420,0,1524,-7538,1,0,1
736034,65535,255,1377,9975,0,0,0
736035,463,0,3837,9689,1,0,0
736036,65535,255,5496,9366,0,0,1
736037,0,0,0,0,0,0,0
736038,192,2,2404,-7528,1,0,0
736039,587,0,413,9547,1,0,1
736040,0,0,0,0,0,0,0
736041,65535,255,5018,9514,0,0,0
736042,227,0,5000,-7142,1,0,1
736043,65535,255,3186,-7377,0,0,0
736044,114,2,569,-7451,1,0,0
736045,40,2,2290,9821,1,0,0
736046,280,0,4472,9627,1,0,1
736047,530,2,5445,-7005,1,0,0
736048,154,0,3880,-7297,1,0,1
736049,65535,255,1518,-7731,0,0,0
736050,0,0,0,0,0,0,0
736051,65535,255,3841,9673,0,0,0
736052,65535,255,5499,9370,0,0,0
736053,65535,255,4478,-7251,0,0,0
736054,268,0,2395,-7607,1,0,1
736055,517,0,422,10188,1,0,0
736056,65535,255,3119,9766,0,0,0
736057,0,0,0,0,0,0,0
736058,0,0,0,0,0,0,0
736059,525,0,3177,-7417,1,0,1
736060,65535,255,557,-7858,0,0,0
736061,65535,255,2300,9962,0,0,0
736062,65535,255,4482,9606,0,0,0
736063,93,2,5436,-7007,1,0,0
736064,65535,255,3864,-7322,0,0,0
736065,65535,255,1496,-7517,0,0,0
736066,146,0,1400,10069,1,0,1
736067,245,0,3857,9744,1,0,1
736068,65535,255,5509,9363,0,0,0
736069,220,2,4464,-7266,1,0,1
736070,126,0,2370,-7464,1,0,1
736071,65535,255,454,9596,0,0,0
736072,65535,255,3141,9862,0,0,1
736073,452,0,5042,9494,1,0,1
736074,0,0,0,0,0,0,0
736075,65535,255,3155,-7449,0,0,0
736076,440,0,524,-7238,1,0,1
736077,438,0,2332,9860,1,0,0
736078,266,0,4506,9590,1,0,1
736079,575,0,5422,-7006,1,0,1
736080,65535,255,3844,-7348,0,0,0
736081,65535,255,1463,-7674,0,0,0
736082,65535,255,1440,9946,0,0,0
736083,65535,255,3885,9744,0,0,0
736084,65535,255,5528,9369,0,0,0
736085,88,2,4441,-7220,1,0,0
736086,119,0,2346,-7575,1,0,0
736087,65535,255,475,10176,0,0,0
736088,502,0,3163,9782,1,0,1
736089,302,0,5051,9525,1,0,0
736090,65535,255,4969,-7089,0,0,0
736091,643,0,3150,-7479,1,0,1
736092,187,0,517,-7424,1,0,0
736093,99,2,2332,9888,1,0,0
736094,195,0,4502,9591,1,0,0
736095,323,0,5930,9268,1,0,0
736096,31,2,3856,-7324,1,0,0
736097,65535,255,1485,-7561,0,0,1
736098,408,0,1412,10161,1,0,1
736099,457,0,3865,9694,1,0,1
736100,65535,255,5513,9405,0,0,0
736101,522,2,4464,-7228,1,0,1
736102,28,2,2380,-7623,1,0,0
736103,39,2,442,9971,1,0,0
736104,173,0,3131,9874,1,0,1
736105,553,0,5035,9507,1,0,1
736106,65535,255,6284,9162,0,0,0
736107,230,0,3177,-7503,1,0,1
736108,583,0,551,-7683,1,0,1
736109,0,0,0,0,0,0,0
736110,65535,255,4483,9616,0,0,0
736111,65535,255,5916,9316,0,0,0
736112,65535,255,6883,8980,0,0,0
736113,401,0,1512,-7580,1,0,0
736114,65535,255,1389,9878,0,0,0
736115,168,0,3848,9728,1,0,0
736116,0,0,0,0,0,0,0
736117,0,0,0,0,0,0,0
736118,65535,255,-32768,-32768,0,65535,1
736119,175,0,417,10348,1,0,0
736120,65535,255,3113,9847,0,0,0
736121,65535,255,5023,9504,0,0,0
736122,466,0,6275,9161,1,0,0
736123,0,0,0,0,0,0,0
736124,65535,255,574,-7913,0,0,0
736125,65535,255,2285,9837,0,0,0
736126,65535,255,4471,9590,0,0,0
736127,0,0,0,0,0,0,0
736128,65535,255,6879,8964,0,0,0
736129,65535,255,-32768,-32768,0,65535,1
736130,65535,255,1372,10170,0,0,0
736131,65535,255,3833,9722,0,0,0
736132,248,0,5495,9368,1,0,0
736133,65535,255,6591,9073,0,0,0
736134,0,0,0,0,0,0,0
736135,235,0,402,9533,1,0,0
736136,65535,255,3105,9769,0,0,0
736137,125,0,5018,9467,1,0,1
736138,65535,255,6267,9205,0,0,0
736139,65535,255,-32768,-32768,0,65535,1
736140,484,0,586,-7851,1,0,1
736141,65535,255,2274,9852,0,0,0
736142,332,0,4465,9610,1,0,1
736143,65535,255,5903,9304,0,0,0
736144,65535,255,6874,8980,0,0,0
736145,153,0,1537,-7650,1,0,1
736146,65535,255,1360,10026,0,0,0
736147,406,0,3829,9684,1,0,1
736148,65535,255,5488,9420,0,0,0
736149,65535,255,6589,9067,0,0,0
736150,65535,255,-32768,-32768,0,65535,1
736151,193,0,395,9610,1,0,1
736152,417,0,3096,9780,1,0,1
736153,415,0,5012,9484,1,0,1
736154,65535,255,6267,9163,0,0,0
736155,65535,255,-32768,-32768,0,65535,1
736156,279,0,593,-7347,1,0,1
736157,234,0,2268,9967,1,0,0
736158,156,2,4459,9567,1,0,1
736159,65535,255,5902,9283,0,0,0
736160,65535,255,6873,8968,0,0,0
736161,65535,255,1540,-7600,0,0,0
736162,142,0,1361,10001,1,0,0
736163,65535,255,3825,9684,0,0,0
736164,65535,255,5486,9424,0,0,0
736165,65535,255,4491,-7203,0,0,0
736166,65535,255,2415,-7433,0,0,0
736167,464,0,393,10030,1,0,1
736168,153,0,3092,9850,1,0,1
736169,65535,255,5009,9528,0,0,0
736170,143,0,5009,-7139,1,0,1
736171,65535,255,3204,-7499,0,0,0
736172,104,2,592,-8018,1,0,0
736173,65535,255,2268,9924,0,0,0
736174,45,2,4460,9625,1,0,0
736175,65535,255,5455,-7010,0,0,1
736176,192,0,3891,-7287,1,0,1
736177,552,0,1534,-7621,1,0,1
736178,65535,255,1361,10050,0,0,0
736179,149,0,3825,9708,1,0,1
736180,279,0,5489,9373,1,0,0
736181,412,0,4488,-7235,1,0,0
736182,378,0,2415,-7512,1,0,0
736183,65535,255,395,10699,0,0,0
736184,351,0,3101,9779,1,0,1
736185,65535,255,5012,9495,0,0,0
736186,383,0,5003,-7113,1,0,1
736187,365,0,3200,-7461,1,0,0
736188,65535,255,580,-7853,0,0,0
736189,550,0,2279,9894,1,0,1
736190,196,0,4465,9654,1,0,1
736191,278,0,5450,-7016,1,0,1
736192,65535,255,3884,-7303,0,0,0
736193,66,2,1529,-7707,1,0,0
736194,65535,255,1372,10146,0,0,0
736195,173,2,3833,9753,1,0,1
736196,71,2,5494,9404,1,0,0
736197,213,2,4481,-7192,1,0,0
736198,65535,255,2400,-7434,0,0,0
736199,57,2,411,10275,1,0,0
736200,36,2,3110,9739,1,0,0
736201,203,0,5021,9482,1,0,1
736202,519,0,4996,-7104,1,0,1
736203,73,2,3191,-7462,1,0,1
736204,458,0,569,-7912,1,0,1
736205,241,0,2289,9922,1,0,1
736206,65535,255,4476,9577,0,0,0
736207,552,0,5442,-6962,1,0,0
736208,65535,255,3876,-7342,0,0,0
736209,43,2,1512,-7515,1,0,1
736210,134,0,1389,9975,1,0,1
736211,126,0,3849,9704,1,0,1
736212,101,0,5503,9384,1,0,1
736213,296,0,4474,-7253,1,0,1
736214,467,0,2390,-7608,1,0,1
736215,430,0,428,10112,1,0,1
736216,378,0,3132,9737,1,0,0
736217,307,2,5033,9486,1,0,0
736218,65535,255,4987,-7117,0,0,0
736219,565,2,3173,-7494,1,0,1
736220,65535,255,547,-7257,0,0,0
736221,65535,255,2312,9960,0,0,0
736222,262,0,4492,9625,1,0,1
736223,413,0,5436,-7002,1,0,1
736224,537,0,3859,-7299,1,0,1
736225,476,0,1490,-7756,1,0,1
736226,402,0,1417,9903,1,0,1
736227,570,2,3869,9686,1,0,0
736228,427,0,5517,9381,1,0,1
736229,65535,255,4457,-7190,0,0,0
736230,61,2,2365,-7437,1,0,1
736231,294,0,446,10034,1,0,1
736232,65535,255,3140,9813,0,0,0
736233,65535,255,5041,9488,0,0,0
736234,622,0,4984,-7076,1,0,0
736235,114,0,3172,-7505,1,0,1
736236,275,0,539,-7866,1,0,0
736237,0,0,0,0,0,0,0
736238,65535,255,4492,9593,0,0,0
736239,65535,255,5438,-7017,0,0,0
736240,65535,255,3868,-7268,0,0,0
736241,210,0,1501,-7517,1,0,0
736242,71,2,1401,9853,1,0,0
736243,68,2,3853,9742,1,0,1
736244,462,0,5508,9378,1,0,1
736245,126,0,4474,-7221,1,0,1
736246,65535,255,2385,-7450,0,0,0
736247,364,0,429,9955,1,0,1
736248,65535,255,3127,9815,0,0,0
736249,141,0,5030,9497,1,0,1
736250,65535,255,4993,-7100,0,0,0
736251,312,0,3181,-7407,1,0,1
736252,434,0,558,-7325,1,0,0
736253,404,2,2300,9947,1,0,0
736254,351,0,4482,9556,1,0,1
736255,716,0,5443,-7001,1,0,1
736256,321,0,3880,-7373,1,0,1
736257,65535,255,1512,-7516,0,0,0
736258,65535,255,1389,9878,0,0,0
736259,65535,255,3845,9758,0,0,0
736260,347,0,5500,9398,1,0,1
736261,65535,255,4478,-7263,0,0,0
736262,65535,255,2395,-7555,0,0,0
736263,364,0,425,9488,1,0,1
736264,197,0,3118,9777,1,0,1
736265,0,0,0,0,0,0,0
736266,65535,255,4996,-7094,0,0,0
736267,395,0,3186,-7415,1,0,1
736268,373,0,563,-7506,1,0,1
736269,0,0,0,0,0,0,0
736270,65535,255,4478,9601,0,0,0
736271,669,0,5444,-6968,1,0,1
736272,524,0,3876,-7336,1,0,1
736273,253,0,1518,-7774,1,0,1
736274,65535,255,1383,10167,0,0,0
736275,148,2,3841,9697,1,0,0
736276,101,0,5498,9412,1,0,1
736277,65535,255,4481,-7243,0,0,1
736278,65535,255,2400,-7448,0,0,0
736279,65535,255,412,9708,0,0,0
736280,47,2,3110,9749,1,0,0
736281,65535,255,5018,9532,0,0,0
736282,127,0,5000,-7114,1,0,1
736283,118,0,3195,-7404,1,0,1
736284,65535,255,581,-8023,0,0,0
736285,406,0,2280,9852,1,0,1
736286,100,0,4465,9598,1,0,1
736287,0,0,0,0,0,0,0
736288,65535,255,3892,-7377,0,0,0
736289,152,0,1535,-7792,1,0,1
736290,65535,255,1361,10100,0,0,0
736291,65535,255,3825,9692,0,0,0
736292,605,2,5486,9415,1,0,1
736293,556,2,4489,-7191,1,0,1
736294,65535,255,2415,-7525,0,0,0
736295,141,0,388,10282,1,0,1
736296,0,0,0,0,0,0,0
736297,83,0,5007,9507,1,0,0
736298,65535,255,5009,-7100,0,0,0
736299,65535,255,3204,-7393,0,0,0
736300,0,0,0,0,0,0,0
736301,65535,255,2264,9896,0,0,0
736302,500,2,4456,9624,1,0,1
736303,647,2,5455,-6973,1,0,1
736304,65535,255,3899,-7323,0,0,1
736305,65535,255,1545,-7663,0,0,0
736306,65535,255,1350,10003,0,0,0
736307,32,2,3817,9670,1,0,0
736308,46,2,5481,9412,1,0,0
736309,65535,255,4495,-7171,0,0,0
736310,366,2,2425,-7549,1,0,1
736311,0,0,0,0,0,0,0
736312,0,0,0,0,0,0,0
736313,26,2,5003,9541,1,0,0
736314,53,2,5012,-7116,1,0,0
736315,65535,255,3213,-7487,0,0,0
736316,65535,255,603,-7846,0,0,0
736317,65535,255,2259,9853,0,0,0
736318,247,0,4452,9619,1,0,1
736319,65535,255,5457,-6977,0,0,0
736320,0,0,0,0,0,0,0
736321,65535,255,1551,-7745,0,0,0
736322,65535,255,1349,10152,0,0,0
736323,65535,255,3817,9733,0,0,0
736324,0,0,0,0,0,0,0
736325,65535,255,4498,-7238,0,0,0
736326,308,0,2424,-7509,1,0,1
736327,65535,255,383,10548,0,0,0
736328,73,0,3092,9742,1,0,0
736329,65535,255,5006,9470,0,0,0
736330,65535,255,5012,-7078,0,0,0
736331,600,2,3208,-7392,1,0,1
736332,65535,255,598,-7404,0,0,0
736333,467,0,2263,9982,1,0,1
736334,65535,255,4458,9588,0,0,0
736335,366,0,5457,-6963,1,0,0
736336,362,0,3899,-7322,1,0,1
736337,144,2,1545,-7746,1,0,0
736338,65535,255,1355,10175,0,0,0
736339,0,0,0,0,0,0,0
736340,129,2,5488,9402,1,0,1
736341,552,0,4491,-7171,1,0,1
736342,65535,255,2419,-7602,0,0,0
736343,65535,255,394,9863,0,0,0
736344,28,2,3100,9839,1,0,0
736345,0,0,0,0,0,0,0
736346,488,0,5007,-7097,1,0,0
736347,65535,255,3199,-7374,0,0,0
736348,752,0,581,-7339,1,0,0
736349,525,0,2279,9995,1,0,1
736350,65535,255,4468,9599,0,0,0
736351,252,0,5451,-6978,1,0,0
736352,65535,255,3887,-7361,0,0,0
736353,65535,255,1529,-7514,0,0,0
736354,65535,255,1377,9953,0,0,0
736355,65535,255,3837,9692,0,0,0
736356,65535,255,5497,9369,0,0,0
736357,65535,255,4484,-7241,0,0,1
736358,65535,255,2404,-7551,0,0,0
736359,411,0,419,9638,1,0,1
736360,65535,255,3113,9829,0,0,0
736361,65535,255,5023,9527,0,0,0
736362,183,0,4996,-7071,1,0,1
736363,65535,255,3186,-7394,0,0,0
736364,65535,255,563,-7562,0,0,0
736365,65535,255,2300,9837,0,0,0
736366,170,0,4481,9640,1,0,1
736367,196,0,5443,-7012,1,0,0
736368,65535,255,3871,-7304,0,0,0
736369,615,2,1507,-7732,1,0,1
736370,682,0,1401,9856,1,0,1
736371,567,0,3857,9666,1,0,1
736372,882,0,5510,9361,1,0,1
736373,65535,255,4470,-7238,0,0,0
736374,119,2,2380,-7568,1,0,0
736375,285,0,440,9888,1,0,1
736376,0,0,0,0,0,0,0
736377,168,0,5041,9475,1,0,1
736378,289,0,4984,-7106,1,0,1
736379,550,0,3163,-7475,1,0,1
736380,65535,255,535,-8175,0,0,0
736381,65535,255,2326,10002,0,0,0
736382,65535,255,4499,9619,0,0,0
736383,569,0,5428,-7002,1,0,0
736384,65535,255,3852,-7298,0,0,0
736385,65535,255,1474,-7691,0,0,0
736386,65535,255,1428,10091,0,0,0
736387,526,0,3877,9709,1,0,1
736388,65535,255,5521,9373,0,0,0
736389,486,0,4451,-7222,1,0,1
736390,65535,255,2355,-7477,0,0,0
736391,65535,255,463,10252,0,0,0
736392,337,0,3154,9872,1,0,1
736393,136,2,5051,9499,1,0,0
736394,876,2,4972,-7146,1,0,0
736395,65535,255,3146,-7393,0,0,0
736396,341,0,511,-8130,1,0,1
736397,336,0,2342,9931,1,0,1
736398,153,2,4513,9560,1,0,0
736399,0,0,0,0,0,0,0
736400,0,0,0,0,0,0,0
736401,436,0,1457,-7626,1,0,1
736402,65535,255,1440,10042,0,0,0
736403,65535,255,3885,9708,0,0,0
736404,65535,255,5528,9375,0,0,0
736405,27,2,4440,-7231,1,0,0
736406,65535,255,2341,-7505,0,0,0
736407,222,0,482,10520,1,0,1
736408,523,0,3172,9772,1,0,1
736409,287,0,5060,9493,1,0,1
736410,65535,255,4957,-7110,0,0,0
736411,588,0,3128,-7450,1,0,1
736412,65535,255,487,-7811,0,0,0
736413,65535,255,2362,9888,0,0,0
736414,65535,255,4520,9602,0,0,0
736415,198,0,5409,-6987,1,0,1
736416,129,2,3828,-7280,1,0,0
736417,0,0,0,0,0,0,0
736418,65535,255,1450,9946,0,0,0
736419,471,0,3890,9669,1,0,1
736420,65535,255,5526,9371,0,0,0
736421,65535,255,4441,-7249,0,0,0
736422,65535,255,2346,-7611,0,0,0
736423,65535,255,475,10249,0,0,0
736424,141,0,3159,9774,1,0,1
736425,54,2,5052,9510,1,0,0
736426,222,0,4970,-7145,1,0,1
736427,65535,255,3142,-7409,0,0,0
736428,65535,255,516,-7805,0,0,0
736429,164,0,2332,9933,1,0,1
736430,465,0,4502,9593,1,0,1
736431,165,2,5423,-6988,1,0,0
736432,65535,255,3844,-7291,0,0,0
736433,99,0,1480,-7756,1,0,1
736434,65535,255,1423,9927,0,0,0
736435,458,0,3870,9711,1,0,1
736436,542,0,5514,9401,1,0,1
736437,305,0,4454,-7208,1,0,1
736438,387,0,2365,-7528,1,0,1
736439,65535,255,452,9893,0,0,0
736440,222,0,3141,9806,1,0,0
736441,136,0,5036,9536,1,0,1
736442,65535,255,4979,-7094,0,0,0
736443,65535,255,3164,-7483,0,0,0
736444,138,0,535,-7369,1,0,1
736445,65535,255,2317,9851,0,0,0
736446,0,0,0,0,0,0,0
736447,257,0,5431,-6976,1,0,1
736448,65535,255,3860,-7273,0,0,0
736449,488,0,1496,-7731,1,0,1
736450,65535,255,1400,9952,0,0,0
736451,65535,255,3854,9729,0,0,0
736452,16,2,5506,9417,1,0,0
736453,65535,255,4468,-7231,0,0,0
736454,65535,255,2385,-7605,0,0,0
736455,65535,255,429,10424,0,0,0
736456,65535,255,3127,9818,0,0,0
736457,25,2,5033,9467,1,0,0
736458,90,2,4988,-7114,1,0,0
736459,227,0,3177,-7375,1,0,1
736460,103,0,557,-7738,1,0,1
736461,71,0,2300,9965,1,0,1
736462,388,0,4482,9622,1,0,1
736463,65535,255,5915,9291,0,0,0
736464,65535,255,3876,-7363,0,0,0
736465,65535,255,1512,-7686,0,0,0
736466,392,0,1389,9905,1,0,1
736467,65535,255,3845,9731,0,0,0
736468,65535,255,5501,9424,0,0,0
736469,65535,255,4475,-7248,0,0,0
736470,399,0,2390,-7446,1,0,1
736471,328,0,425,9567,1,0,0
736472,65535,255,3118,9878,0,0,0
736473,65535,255,5026,9506,0,0,0
736474,65535,255,6276,9189,0,0,0
736475,180,0,3186,-7480,1,0,0
736476,65535,255,563,-7501,0,0,0
736477,65535,255,2295,9924,0,0,0
736478,151,0,4478,9617,1,0,0
736479,301,0,5914,9288,1,0,0
736480,65535,255,6882,8959,0,0,0
736481,65535,255,1517,-7728,0,0,0
736482,257,0,1383,10002,1,0,1
736483,110,0,3841,9763,1,0,1
736484,65535,255,5501,9379,0,0,0
736485,124,2,6596,9071,1,0,0
736486,0,0,0,0,0,0,0
736487,139,2,417,10272,1,0,0
736488,65535,255,3118,9820,0,0,0
736489,481,0,5027,9479,1,0,1
736490,416,2,6275,9199,1,0,0
736491,65535,255,-32768,-32768,0,65535,1
736492,69,2,564,-7383,1,0,0
736493,227,2,2295,9909,1,0,0
736494,436,2,4478,9611,1,0,1
736495,544,0,5914,9292,1,0,1
736496,65535,255,6882,8962,0,0,0
736497,65535,255,1518,-7771,0,0,0
736498,65535,255,1383,10074,0,0,0
736499,287,0,3845,9677,1,0,1
736500,109,0,5500,9402,1,0,1
736501,377,0,6597,9091,1,0,1
736502,65535,255,-32768,-32768,0,65535,1
736503,469,0,424,9647,1,0,1
736504,303,0,3118,9751,1,0,1
736505,244,0,5026,9533,1,0,1
736506,374,0,6278,9183,1,0,1
736507,65535,255,-32768,-32768,0,65535,1
736508,132,0,564,-8149,1,0,1
736509,65535,255,2295,9881,0,0,0
736510,65535,255,4478,9604,0,0,0
736511,189,0,5914,9292,1,0,1
736512,65535,255,6882,8965,0,0,0
736513,65535,255,1513,-7470,0,0,0
736514,472,0,1389,10122,1,0,1
736515,422,2,3847,9695,1,0,0
736516,0,0,0,0,0,0,0
736517,344,2,6597,9105,1,0,0
736518,404,2,2390,-7498,1,0,0
736519,52,0,422,10116,1,0,0
736520,29,2,3122,9819,1,0,0
736521,11,2,5029,9489,1,0,0
736522,63,0,6276,9213,1,0,1
736523,98,0,3182,-7500,1,0,1
736524,352,2,557,-7737,1,0,1
736525,279,2,2301,10006,1,0,1
736526,65535,255,4482,9579,0,0,0
736527,65535,255,5918,9274,0,0,0
736528,65535,255,3872,-7363,0,0,0
736529,23,2,1507,-7772,1,0,0
736530,65535,255,1395,10097,0,0,0
736531,441,2,3853,9691,1,0,1
736532,72,0,5503,9419,1,0,1
736533,307,2,4467,-7167,1,0,1
736534,536,2,2380,-7526,1,0,1
736535,488,2,435,10342,1,0,1
736536,118,0,3127,9858,1,0,1
736537,65535,255,5033,9510,0,0,0
736538,663,2,4985,-7103,1,0,1
736539,524,2,3168,-7405,1,0,1
736540,65535,255,542,-7421,0,0,0
736541,414,0,2311,9907,1,0,1
736542,65535,255,4486,9628,0,0,0
736543,65535,255,5431,-6975,0,0,0
736544,65535,255,3860,-7319,0,0,0
736545,469,0,1490,-7644,1,0,1
736546,464,0,1412,9976,1,0,1
736547,517,0,3862,9659,1,0,1
736548,141,0,5509,9404,1,0,1
736549,195,0,4461,-7250,1,0,1
736550,187,2,2370,-7501,1,0,1
736551,116,0,446,10259,1,0,1
736552,446,2,3140,9846,1,0,1
736553,258,2,5040,9514,1,0,0
736554,479,2,4976,-7110,1,0,0
736555,65535,255,3155,-7426,0,0,0
736556,65535,255,528,-7675,0,0,0
736557,84,2,2322,10000,1,0,0
736558,442,0,4499,9582,1,0,0
736559,65535,255,5426,-7020,0,0,0
736560,65535,255,3848,-7281,0,0,0
736561,100,0,1474,-7557,1,0,0
736562,297,0,1429,9904,1,0,1
736563,527,0,3873,9757,1,0,1
736564,65535,255,5519,9392,0,0,0
736565,421,0,4448,-7246,1,0,1
736566,413,0,2350,-7502,1,0,1
736567,65535,255,469,10324,0,0,0
736568,65535,255,3154,9863,0,0,0
736569,261,0,5051,9528,1,0,1
736570,255,0,4967,-7129,1,0,0
736571,65535,255,3141,-7466,0,0,0
736572,444,0,504,-7675,1,0,1
736573,65535,255,2348,9823,0,0,0
736574,65535,255,4513,9599,0,0,0
736575,71,2,5417,-7036,1,0,0
736576,65535,255,3832,-7308,0,0,0
736577,170,0,1451,-7671,1,0,1
736578,65535,255,1451,10042,0,0,0
736579,11,2,3890,9693,1,0,0
736580,386,0,5531,9368,1,0,1
736581,106,2,4434,-7205,1,0,0
736582,65535,255,2336,-7639,0,0,0
736583,227,0,493,9974,1,0,1
736584,65535,255,3176,9832,0,0,0
736585,465,0,5066,9514,1,0,1
736586,519,0,4954,-7121,1,0,1
736587,65535,255,3123,-7361,0,0,0
736588,213,0,488,-8149,1,0,1
736589,382,0,2362,9916,1,0,1
736590,65535,255,4520,9613,0,0,0
736591,65535,255,5414,-6998,0,0,0
736592,0,0,0,0,0,0,0
736593,65535,255,1451,-7511,0,0,0
736594,65535,255,1446,9905,0,0,0
736595,65535,255,3886,9656,0,0,0
736596,522,0,5525,9410,1,0,1
736597,63,2,4447,-7177,1,0,0
736598,95,0,2355,-7595,1,0,1
736599,195,0,470,9831,1,0,1
736600,65535,255,3154,9816,0,0,0
736601,185,2,5048,9508,1,0,0
736602,48,2,4975,-7116,1,0,0
736603,65535,255,3168,-7494,0,0,0
736604,65535,255,540,-7374,0,0,0
736605,65535,255,2316,9836,0,0,0
736606,136,2,4490,9613,1,0,0
736607,26,2,5438,-7029,1,0,0
736608,214,0,3872,-7358,1,0,1
736609,66,0,1506,-7623,1,0,1
736610,314,0,1394,10167,1,0,1
736611,511,0,3853,9666,1,0,1
736612,65535,255,5505,9375,0,0,0
736613,40,0,4477,-7174,1,0,1
736614,65535,255,2395,-7460,0,0,1
736615,65535,255,425,9490,0,0,0
736616,88,0,3113,9848,1,0,1
736617,241,0,5024,9478,1,0,1
736618,65535,255,4999,-7124,0,0,1
736619,380,0,3190,-7384,1,0,1
736620,65535,255,574,-7737,0,0,0
736621,65535,255,2284,9937,0,0,0
736622,207,0,4471,9611,1,0,0
736623,377,0,5451,-7006,1,0,1
736624,65535,255,3891,-7331,0,0,0
736625,65535,255,1534,-7556,0,0,0
736626,65535,255,1366,10124,0,0,0
736627,65535,255,3833,9669,0,0,0
736628,180,0,5490,9384,1,0,1
736629,65535,255,4491,-7190,0,0,1
736630,237,0,2419,-7510,1,0,1
736631,65535,255,389,9859,0,0,0
736632,65535,255,3096,9752,0,0,1
736633,65535,255,5009,9519,0,0,0
736634,39,2,5011,-7083,1,0,0
736635,287,2,3213,-7477,1,0,1
736636,94,2,598,-7459,1,0,0
736637,105,0,2263,9898,1,0,1
736638,65535,255,4455,9595,0,0,0
736639,229,0,5461,-7002,1,0,1
736640,65535,255,3906,-7328,0,0,0
736641,140,0,1556,-7597,1,0,1
736642,277,0,1344,10060,1,0,1
736643,65535,255,3813,9703,0,0,0
736644,28,2,5478,9405,1,0,0
736645,224,0,4505,-7230,1,0,1
736646,364,2,2435,-7612,1,0,1
736647,65535,255,372,10645,0,0,0
736648,359,2,3078,9855,1,0,1
736649,65535,255,5000,9494,0,0,0
736650,173,0,5018,-7070,1,0,0
736651,356,2,3222,-7456,1,0,1
736652,278,0,616,-7412,1,0,1
736653,151,0,2247,9899,1,0,1
736654,52,0,4445,9603,1,0,0
736655,65535,255,5467,-7014,0,0,0
736656,65535,255,3914,-7356,0,0,0
736657,65535,255,1567,-7700,0,0,0
736658,65535,255,1333,9956,0,0,0
736659,21,2,3801,9752,1,0,0
736660,65535,255,5474,9369,0,0,0
736661,65535,255,4509,-7191,0,0,0
736662,201,0,2444,-7545,1,0,0
736663,65535,255,359,10301,0,0,0
736664,52,2,3069,9825,1,0,1
736665,65535,255,4991,9480,0,0,0
736666,255,0,5021,-7063,1,0,1
736667,65535,255,3231,-7454,0,0,0
736668,254,0,621,-7465,1,0,1
736669,65535,255,2237,9915,0,0,0
736670,189,0,4435,9617,1,0,1
736671,65535,255,5467,-6958,0,0,0
736672,65535,255,3914,-7274,0,0,0
736673,80,0,1573,-7491,1,0,1
736674,97,0,1321,10133,1,0,1
736675,169,0,3797,9690,1,0,0
736676,0,0,0,0,0,0,0
736677,405,2,4512,-7246,1,0,1
736678,65535,255,2449,-7466,0,0,0
736679,137,0,354,9837,1,0,0
736680,71,0,3064,9785,1,0,0
736681,0,0,0,0,0,0,0
736682,0,0,0,0,0,0,0
736683,65535,255,3231,-7444,0,0,0
736684,65535,255,627,-7466,0,0,0
736685,65535,255,2237,9872,0,0,0
736686,0,0,0,0,0,0,0
736687,51,0,5468,-6996,1,0,0
736688,65535,255,3914,-7273,0,0,0
736689,271,0,1573,-7490,1,0,1
736690,284,0,1321,10159,1,0,1
736691,13,2,3797,9707,1,0,0
736692,38,2,5469,9426,1,0,0
736693,65535,255,4508,-7178,0,0,0
736694,278,0,2444,-7532,1,0,1
736695,149,0,354,10395,1,0,1
736696,65535,255,3068,9857,0,0,0
736697,271,0,4991,9507,1,0,0
736698,103,2,5024,-7100,1,0,0
736699,65535,255,3226,-7387,0,0,0
736700,52,0,627,-8049,1,0,1
736701,65535,255,2243,9871,0,0,0
736702,65535,255,4442,9610,0,0,0
736703,65535,255,5467,-6963,0,0,0
736704,373,1,3914,-7296,1,0,1
736705,666,2,1567,-7574,1,0,0
736706,65535,255,1333,9882,0,0,0
736707,65535,255,3805,9745,0,0,0
736708,358,0,5476,9379,1,0,0
736709,334,0,4508,-7216,1,0,1
736710,65535,255,2440,-7428,0,0,0
736711,219,0,366,9662,1,0,1
736712,341,0,3078,9784,1,0,1
736713,65535,255,5000,9473,0,0,0
736714,65535,255,5018,-7069,0,0,0
736715,65535,255,3223,-7405,0,0,0
736716,35,2,615,-7841,1,0,0
736717,65535,255,2253,9828,0,0,0
736718,16,2,4448,9597,1,0,0
736719,0,0,0,0,0,0,0
736720,65,2,3906,-7289,1,0,0
736721,65535,255,1556,-7574,0,0,0
736722,279,2,1344,9882,1,0,0
736723,49,0,3813,9760,1,0,1
736724,451,0,5483,9387,1,0,1
736725,65535,255,4501,-7236,0,0,0
736726,93,0,2429,-7481,1,0,1
736727,65535,255,382,10115,0,0,0
736728,65535,255,6994,-6416,0,0,0
736729,264,0,5008,9510,1,0,1
736730,65535,255,5014,-7108,0,0,0
736731,65535,255,3212,-7427,0,0,0
736732,65535,255,598,-7458,0,0,0
736733,65535,255,2263,9971,0,0,0
736734,65535,255,4462,9564,0,0,0
736735,65535,255,5459,-7006,0,0,0
736736,1511,1,3895,-7261,1,0,0
736737,65535,255,1540,-7512,0,0,0
736738,65535,255,1367,9858,0,0,0
736739,65535,255,3829,9750,0,0,0
736740,494,0,5492,9390,1,0,0
736741,65535,255,4491,-7238,0,0,0
736742,65535,255,2414,-7496,0,0,0
736743,524,0,400,10280,1,0,0
736744,547,1,3105,9862,1,0,0
736745,400,0,5017,9525,1,0,1
736746,65535,255,5005,-7126,0,0,0
736747,243,0,3195,-7468,1,0,1
736748,65535,255,574,-7736,0,0,0
736749,65535,255,2290,9826,0,0,0
736750,222,2,4475,9606,1,0,0
736751,61,2,5446,-6968,1,0,0
736752,65535,255,3879,-7323,0,0,0
736753,361,0,1517,-7684,1,0,1
736754,112,0,1383,10075,1,0,1
736755,65535,255,3845,9701,0,0,0
736756,65535,255,5500,9434,0,0,0
736757,390,0,4474,-7210,1,0,1
736758,65535,255,2390,-7445,0,0,0
736759,377,0,428,10036,1,0,1
736760,41,2,3122,9849,1,0,1
736761,65535,255,5030,9522,0,0,0
736762,65535,255,4990,-7129,0,0,0
736763,170,0,3177,-7471,1,0,1
736764,0,0,0,0,0,0,0
736765,65535,255,2311,9867,0,0,0
736766,151,0,4488,9623,1,0,1
736767,280,0,5433,-6984,1,0,1
736768,0,0,0,0,0,0,0
736769,395,0,1490,-7766,1,0,0
736770,646,0,1416,9923,1,0,1
736771,482,0,3865,9752,1,0,1
736772,281,0,5516,9398,1,0,1
736773,65535,255,4457,-7263,0,0,0
736774,30,2,2365,-7567,1,0,1
736775,65535,255,460,9606,0,0,0
736776,40,0,3149,9797,1,0,1
736777,207,0,5048,9497,1,0,1
736778,65535,255,4973,-7105,0,0,0
736779,65535,255,3146,-7446,0,0,0
736780,252,2,510,-7674,1,0,0
736781,65535,255,2343,9835,0,0,0
736782,61,2,4510,9618,1,0,0
736783,65535,255,5420,-7025,0,0,0
736784,251,0,3840,-7344,1,0,1
736785,65535,255,1463,-7555,0,0,0
736786,65535,255,1434,10092,0,0,0
736787,65535,255,3878,9757,0,0,0
736788,437,0,5521,9424,1,0,0
736789,0,0,0,0,0,0,0
736790,58,2,2351,-7582,1,0,0
736791,0,0,0,0,0,0,0
736792,177,0,3155,9757,1,0,1
736793,65535,255,5049,9507,0,0,0
736794,527,0,4970,-7143,1,0,1
736795,65535,255,3146,-7416,0,0,0
736796,65535,255,516,-7867,0,0,0
736797,219,0,2332,9948,1,0,0
736798,236,0,4503,9608,1,0,1
736799,32,2,5423,-7000,1,0,1
736800,401,0,3844,-7305,1,0,1
736801,184,0,1469,-7468,1,0,0
736802,351,0,1429,9999,1,0,0
736803,65535,255,3869,9736,0,0,0
736804,424,0,5517,9416,1,0,0
736805,65535,255,4451,-7232,0,0,0
736806,65535,255,2360,-7581,0,0,0
736807,65535,255,458,10187,0,0,0
736808,121,2,3150,9787,1,0,1
736809,180,0,5043,9525,1,0,1
736810,65535,255,4973,-7088,0,0,0
736811,65535,255,3150,-7464,0,0,0
736812,195,2,524,-7232,1,0,0
736813,111,2,2332,9837,1,0,1
736814,0,0,0,0,0,0,0
736815,364,2,5423,-6971,1,0,0
736816,39,2,3848,-7273,1,0,1
736817,65535,255,1479,-7732,0,0,0
736818,165,0,1423,9953,1,0,1
736819,262,0,3870,9728,1,0,1
736820,0,0,0,0,0,0,0
736821,65535,255,4454,-7237,0,0,0
736822,106,0,2360,-7607,1,0,0
736823,65535,255,458,10403,0,0,0
736824,104,0,3150,9826,1,0,1
736825,65535,255,5045,9471,0,0,0
736826,65535,255,4973,-7120,0,0,0
736827,155,0,3150,-7386,1,0,0
736828,65535,255,522,-7738,0,0,0
736829,65535,255,2332,9963,0,0,0
736830,65535,255,4499,9627,0,0,0
736831,292,0,5929,9289,1,0,1
736832,65535,255,3848,-7358,0,0,0
736833,353,0,1474,-7667,1,0,0
736834,65535,255,1429,9906,0,0,0
736835,400,0,3874,9720,1,0,1
736836,433,0,5518,9417,1,0,1
736837,65535,255,6608,9095,0,0,0
736838,34,2,2358,-7591,1,0,0
736839,0,0,0,0,0,0,0
736840,0,0,0,0,0,0,0
736841,65535,255,5048,9498,0,0,0
736842,65535,255,6292,9206,0,0,0
736843,87,2,3150,-7454,1,0,0
736844,72,0,517,-7289,1,0,0
736845,30,2,2337,9879,1,0,0
736846,65535,255,4506,9589,0,0,0
736847,120,2,5933,9272,1,0,1
736848,65535,255,6895,8989,0,0,0
736849,140,0,1468,-7623,1,0,1
736850,49,0,1435,9882,1,0,1
736851,65535,255,3881,9719,0,0,0
736852,0,0,0,0,0,0,0
736853,65535,255,6613,9098,0,0,0
736854,65535,255,-32768,-32768,0,65535,1
736855,65535,255,477,9695,0,0,0
736856,240,0,3163,9738,1,0,1
736857,65535,255,5054,9519,0,0,0
736858,179,0,6296,9167,1,0,0
736859,65535,255,-32768,-32768,0,65535,1
736860,65535,255,504,-7672,0,0,0
736861,208,0,2348,9973,1,0,1
736862,65535,255,4512,9638,0,0,0
736863,65535,255,5937,9304,0,0,0
736864,65535,255,6899,8970,0,0,0
736865,56,0,1457,-7487,1,0,0
736866,65535,255,1446,10113,0,0,0
736867,377,2,3889,9680,1,0,1
736868,346,0,5530,9401,1,0,0
736869,65535,255,6616,9089,0,0,0
736870,65535,255,-32768,-32768,0,65535,0
736871,65535,255,494,9643,0,0,0
736872,145,2,3173,9831,1,0,0
736873,216,0,5063,9516,1,0,1
736874,65535,255,6302,9169,0,0,0
736875,65535,255,-32768,-32768,0,65535,1
736876,65535,255,493,-7808,0,0,0
736877,102,2,2357,9999,1,0,0
736878,233,2,4526,9561,1,0,0
736879,65535,255,5944,9282,0,0,0
736880,65535,255,6903,8983,0,0,0
736881,89,0,1440,-7601,1,0,0
736882,171,0,1463,9881,1,0,1
736883,0,0,0,0,0,0,0
736884,128,0,5539,9362,1,0,0
736885,90,0,6622,9064,1,0,1
736886,450,2,2320,-7517,1,0,0
736887,65535,255,504,10178,0,0,0
736888,424,2,3185,9812,1,0,0
736889,65535,255,5072,9483,0,0,0
736890,42,2,6306,9205,1,0,0
736891,68,0,3114,-7469,1,0,0
736892,489,2,470,-7459,1,0,1
736893,65535,255,2378,9955,0,0,0
736894,134,0,4533,9640,1,0,1
736895,65535,255,5951,9312,0,0,0
736896,166,0,3816,-7371,1,0,0
736897,139,2,1423,-7532,1,0,0
736898,65535,255,1474,9951,0,0,0
736899,65535,255,3909,9670,0,0,0
736900,65535,255,5539,9421,0,0,0
736901,32,2,4424,-7192,1,0,0
736902,206,0,2320,-7588,1,0,1
736903,65535,255,504,10110,0,0,0
736904,161,0,3181,9861,1,0,1
736905,65535,255,5063,9536,0,0,0
736906,32,0,4957,-7146,1,0,1
736907,398,0,3124,-7359,1,0,1
736908,158,2,494,-8210,1,0,1
736909,214,2,2358,9958,1,0,0
736910,65535,255,4520,9574,0,0,0
736911,66,2,5412,-7026,1,0,0
736912,193,0,3832,-7306,1,0,0
736913,128,0,1452,-7716,1,0,0
736914,65535,255,1446,10138,0,0,0
736915,65535,255,3886,9742,0,0,0
736916,200,0,5527,9397,1,0,1
736917,467,0,4441,-7258,1,0,1
736918,329,0,2345,-7568,1,0,1
736919,65535,255,476,9766,0,0,0
736920,65535,255,3159,9826,0,0,0
736921,65535,255,5051,9519,0,0,0
736922,65535,255,4967,-7132,0,0,0
736923,420,0,3146,-7493,1,0,1
736924,188,0,517,-8121,1,0,0
736925,65535,255,2333,9948,0,0,0
736926,65535,255,4503,9577,0,0,0
736927,144,2,5423,-7028,1,0,1
736928,330,2,3844,-7320,1,0,1
736929,168,2,1474,-7754,1,0,0
736930,65535,255,1425,10052,0,0,0
736931,149,2,3870,9756,1,0,1
736932,136,2,5514,9413,1,0,1
736933,221,0,4451,-7193,1,0,1
736934,375,0,2361,-7433,1,0,1
736935,158,0,453,10627,1,0,1
736936,155,0,3141,9789,1,0,0
736937,65535,255,5039,9505,0,0,0
736938,281,0,4979,-7119,1,0,1
736939,180,0,3164,-7481,1,0,1
736940,373,0,534,-8047,1,0,1
736941,65535,255,2316,9951,0,0,0
736942,125,0,4493,9585,1,0,1
736943,51,2,5431,-6964,1,0,1
736944,109,0,3860,-7340,1,0,0
736945,65535,255,1490,-7466,0,0,0
736946,128,0,1406,9931,1,0,1
736947,215,0,3858,9685,1,0,1
736948,418,0,5509,9369,1,0,1
736949,294,0,4464,-7235,1,0,1
736950,114,0,2380,-7550,1,0,1
736951,296,0,441,9741,1,0,1
736952,66,2,3127,9840,1,0,0
736953,65535,255,5030,9534,0,0,0
736954,81,0,4985,-7074,1,0,0
736955,394,2,3173,-7411,1,0,0
736956,103,2,551,-7676,1,0,0
736957,65535,255,2305,9883,0,0,0
736958,65535,255,4483,9622,0,0,0
736959,65535,255,5439,-7023,0,0,0
736960,31,2,3868,-7323,1,0,0
736961,22,2,1501,-7466,1,0,0
736962,193,2,1395,9932,1,0,1
736963,158,2,3850,9694,1,0,0
736964,102,2,5503,9380,1,0,0
736965,313,2,4471,-7238,1,0,1
736966,62,2,2390,-7615,1,0,0
736967,0,0,0,0,0,0,0
736968,65535,255,3105,9819,0,0,0
736969,257,0,5017,9481,1,0,1
736970,65535,255,5005,-7112,0,0,1
736971,200,0,3199,-7374,1,0,1
736972,113,0,585,-7738,1,0,0
736973,65535,255,2274,9953,0,0,0
736974,65535,255,4465,9624,0,0,0
736975,212,0,5454,-7023,1,0,0
736976,396,0,3895,-7361,1,0,0
736977,0,0,0,0,0,0,0
736978,243,0,1361,9904,1,0,0
736979,342,0,3825,9725,1,0,0
736980,65535,255,5485,9421,0,0,0
736981,421,0,4498,-7245,1,0,1
736982,73,0,2424,-7445,1,0,0
736983,285,0,391,9518,1,0,0
736984,65535,255,3087,9882,0,0,0
736985,152,2,5006,9503,1,0,0
736986,392,0,5014,-7077,1,0,1
736987,140,0,3217,-7476,1,0,1
736988,65535,255,603,-7516,0,0,0
736989,315,0,2258,9912,1,0,1
736990,65535,255,4455,9614,0,0,0
736991,65535,255,5464,-7016,0,0,0
736992,65535,255,3906,-7366,0,0,0
736993,65535,255,1556,-7702,0,0,0
736994,65535,255,1344,9979,0,0,0
736995,144,0,3813,9758,1,0,1
736996,286,0,5480,9372,1,0,1
736997,65535,255,4504,-7187,0,0,0
736998,65535,255,2439,-7534,0,0,0
736999,64,2,370,10294,1,0,1
737000,65535,255,3078,9813,0,0,0
737001,65535,255,5000,9478,0,0,0
737002,65535,255,5021,-7079,0,0,0
737003,345,0,3226,-7446,1,0,1
737004,65535,255,615,-7409,0,0,0
737005,167,0,2248,9913,1,0,0
737006,234,0,4445,9615,1,0,1
737007,65535,255,5466,-6967,0,0,0
737008,395,0,3910,-7268,1,0,1
737009,177,0,1563,-7575,1,0,0
737010,282,0,1333,10105,1,0,1
737011,65535,255,3805,9681,0,0,0
737012,65535,255,5475,9406,0,0,0
737013,65535,255,4511,-7241,0,0,0
737014,65535,255,2444,-7454,0,0,0
737015,65535,255,366,9753,0,0,0
737016,317,2,3074,9773,1,0,1
737017,292,0,4994,9538,1,0,1
737018,65535,255,5023,-7133,0,0,0
737019,136,0,3226,-7445,1,0,1
737020,245,0,621,-7414,1,0,1
737021,65535,255,2243,9929,0,0,0
737022,189,0,4442,9629,1,0,1
737023,65535,255,5466,-6968,0,0,1
737024,157,0,3913,-7304,1,0,1
737025,287,2,1567,-7574,1,0,0
737026,65535,255,1333,9881,0,0,0
737027,108,0,3805,9744,1,0,1
737028,65535,255,5473,9374,0,0,0
737029,317,0,4508,-7204,1,0,1
737030,65535,255,2444,-7597,0,0,0
737031,71,0,368,9482,1,0,1
737032,65535,255,3074,9753,0,0,0
737033,74,0,4994,9539,1,0,0
737034,0,0,0,0,0,0,0
737035,65535,255,3226,-7445,0,0,0
737036,65535,255,615,-7518,0,0,1
737037,98,0,2243,9958,1,0,1
737038,65535,255,4442,9648,0,0,0
737039,389,0,5464,-6991,1,0,0
737040,65535,255,3910,-7341,0,0,0
737041,0,0,0,0,0,0,0
737042,65535,255,1332,10056,0,0,0
737043,65535,255,3810,9681,0,0,0
737044,216,0,5476,9416,1,0,0
737045,65535,255,4502,-7168,0,0,0
737046,402,0,2434,-7533,1,0,1
737047,65535,255,371,10469,0,0,0
737048,65535,255,3078,9876,0,0,0
737049,65535,255,4997,9522,0,0,0
737050,173,2,5018,-7118,1,0,0
737051,65535,255,3217,-7436,0,0,0
737052,31,2,609,-7516,1,0,0
737053,148,0,2253,9971,1,0,1
737054,65535,255,4449,9631,0,0,0
737055,871,0,5459,-7001,1,0,1
737056,198,2,3902,-7372,1,0,0
737057,499,0,1551,-7469,1,0,1
737058,489,0,1344,10178,1,0,1
737059,207,0,3814,9728,1,0,1
737060,536,0,5481,9373,1,0,1
737061,541,0,4495,-7218,1,0,1
737062,149,2,2424,-7442,1,0,0
737063,65535,255,383,9941,0,0,0
737064,65535,255,3092,9813,0,0,0
737065,65535,255,5006,9499,0,0,0
737066,524,0,5009,-7098,3,0,0
737067,296,0,3204,-7409,1,0,0
737068,64,2,593,-7344,1,0,0
737069,59,2,2269,9941,1,0,0
737070,878,0,4459,9652,1,0,1
737071,171,0,5454,-7002,1,0,1
737072,99,2,3895,-7373,1,0,0
737073,65535,255,1534,-7491,0,0,0
737074,415,0,1368,9833,1,0,1
737075,65535,255,3830,9749,0,0,0
737076,26,2,5491,9390,1,0,0
737077,65535,255,4488,-7238,0,0,0
737078,439,0,2410,-7496,1,0,0
737079,487,0,406,10359,1,0,1
737080,65535,255,3105,9881,0,0,0
737081,65535,255,5018,9535,0,0,0
737082,0,0,0,0,0,0,0
737083,65535,255,3190,-7488,0,0,0
737084,92,0,574,-7850,1,0,1
737085,77,0,2290,9868,1,0,1
737086,466,0,4475,9618,1,0,1
737087,746,1,5444,-6977,1,0,1
737088,65535,255,3880,-7338,0,0,0
737089,0,0,0,0,0,0,0
737090,65535,255,1390,9881,0,0,0
737091,452,0,3845,9763,1,0,1
737092,0,0,0,0,0,0,0
737093,0,0,0,0,0,0,0
737094,269,0,2389,-7551,1,0,1
737095,0,0,0,0,0,0,0
737096,65535,255,3127,9770,0,0,0
737097,172,0,5033,9484,1,0,1
737098,65535,255,4987,-7092,0,0,1
737099,65535,255,3172,-7404,0,0,0
737100,61,0,546,-7433,1,0,1
737101,0,0,0,0,0,0,0
737102,0,0,0,0,0,0,0
737103,65535,255,5433,-7028,0,0,0
737104,121,0,3859,-7311,1,0,1
737105,147,2,1484,-7600,1,0,0
737106,127,0,1418,10000,1,0,0
737107,0,0,0,0,0,0,0
737108,62,0,5515,9422,1,0,1
737109,65535,255,4457,-7207,0,0,0
737110,309,0,2360,-7448,1,0,1
737111,65535,255,463,10183,0,0,0
737112,72,2,3149,9865,1,0,0
737113,7,2,5048,9535,1,0,0
737114,65535,255,4975,-7149,0,0,0
737115,65535,255,3146,-7368,0,0,0
737116,0,0,0,0,0,0,0
737117,65535,255,2342,9947,0,0,0
737118,375,0,4513,9568,1,0,1
737119,65535,255,5419,-7021,0,0,0
737120,65535,255,3839,-7368,0,0,0
737121,0,0,0,0,0,0,0
737122,65535,255,1440,10091,0,0,0
737123,65535,255,3881,9749,0,0,0
737124,65535,255,5525,9419,0,0,0
737125,83,0,4446,-7214,1,0,0
737126,65535,255,2350,-7516,0,0,0
737127,65535,255,471,9689,0,0,0
737128,662,2,3158,9844,1,0,1
737129,65535,255,5051,9464,0,0,0
737130,467,0,4972,-7095,1,0,0
737131,455,0,3150,-7465,1,0,1
737132,65535,255,523,-8117,0,0,0
737133,65535,255,2332,9989,0,0,0
737134,65535,255,4502,9620,0,0,0
737135,537,2,5425,-7000,1,0,1
737136,65535,255,3848,-7304,0,0,0
737137,173,0,1479,-7777,1,0,1
737138,270,0,1423,9930,1,0,1
737139,118,0,3869,9705,1,0,1
737140,0,0,0,0,0,0,0
737141,65535,255,4454,-7187,0,0,0
737142,50,0,2365,-7474,1,0,1
737143,262,2,456,10129,1,0,1
737144,65535,255,3145,9827,0,0,0
737145,221,0,5042,9498,1,0,0
737146,544,2,4978,-7093,1,0,1
737147,0,0,0,0,0,0,0
737148,269,0,532,-7759,1,0,1
737149,65535,255,2320,9858,0,0,0
737150,9,2,4492,9641,1,0,1
737151,65535,255,5430,-7018,0,0,0
737152,65535,255,3856,-7341,0,0,0
737153,65535,255,1485,-7555,0,0,0
737154,65535,255,1412,10072,0,0,0
737155,87,0,3861,9761,1,0,1
737156,320,0,5511,9427,1,0,1
737157,65535,255,4461,-7236,0,0,0
737158,65535,255,2375,-7592,0,0,0
737159,194,0,440,10188,1,0,1
737160,65535,255,3137,9779,0,0,0
737161,107,2,5036,9521,1,0,1
737162,65535,255,4981,-7076,0,0,0
737163,160,2,3168,-7442,1,0,0
737164,65535,255,540,-8044,0,0,0
737165,65535,255,2311,10007,0,0,0
737166,0,0,0,0,0,0,0
737167,244,0,5433,-7021,1,0,1
737168,65535,255,3860,-7349,0,0,0
737169,65535,255,1490,-7598,0,0,0
737170,65535,255,1406,10168,0,0,0
737171,97,2,3858,9676,1,0,0
737172,343,0,5509,9382,1,0,0
737173,415,0,4461,-7180,1,0,1
737174,65535,255,2375,-7485,0,0,1
737175,65535,255,442,9664,0,0,0
737176,65535,255,3132,9878,0,0,0
737177,65535,255,5033,9495,0,0,1
737178,88,0,4985,-7140,1,0,0
737179,187,0,3168,-7412,1,0,1
737180,143,0,545,-7917,1,0,1
737181,65535,255,2311,9993,0,0,0
737182,65535,255,4486,9630,0,0,0
737183,0,0,0,0,0,0,0
737184,65535,255,3860,-7356,0,0,0
737185,65535,255,1490,-7642,0,0,0
737186,0,0,0,0,0,0,0
737187,65535,255,3858,9699,0,0,0
737188,420,0,5509,9400,1,0,1
737189,65535,255,4461,-7217,0,0,1
737190,65535,255,2375,-7565,0,0,0
737191,100,2,440,10265,1,0,1
737192,298,0,3137,9799,1,0,1
737193,65535,255,5034,9519,0,0,0
737194,174,2,4982,-7107,1,0,0
737195,65535,255,3164,-7374,0,0,0
737196,65535,255,539,-7676,0,0,0
737197,0,0,0,0,0,0,0
737198,65535,255,4493,9622,0,0,0
737199,65535,255,5922,9287,0,0,0
737200,65535,255,3860,-7364,0,0,0
737201,61,0,1490,-7686,1,0,1
737202,263,0,1412,9906,1,0,1
737203,65535,255,3861,9730,0,0,0
737204,246,0,5511,9423,1,0,1
737205,231,0,6603,9100,1,0,1
737206,226,0,2365,-7446,1,0,0
737207,0,0,0,0,0,0,0
737208,65535,255,3141,9877,0,0,0
737209,106,0,5040,9505,1,0,0
737210,93,0,6286,9176,1,0,0
737211,65535,255,-32768,-32768,0,65535,1
737212,102,0,528,-7422,1,0,0
737213,297,1,2327,9907,1,0,0
737214,329,2,4499,9609,1,0,0
737215,65535,255,5927,9286,0,0,0
737216,65535,255,6891,8954,0,0,0
737217,65535,255,1479,-7688,0,0,0
737218,65535,255,1423,9953,0,0,0
737219,65535,255,3869,9745,0,0,0
737220,161,0,5519,9367,1,0,1
737221,65535,255,6608,9065,0,0,0
737222,0,0,0,0,0,0,0
737223,412,0,464,10040,1,0,1
737224,65535,255,3154,9797,0,0,0
737225,65535,255,5051,9465,0,0,0
737226,65535,255,6292,9187,0,0,0
737227,65535,255,-32768,-32768,0,65535,1
737228,379,2,517,-8059,1,0,0
737229,65535,255,2338,9837,0,0,0
737230,65535,255,4509,9582,0,0,0
737231,421,0,5935,9268,1,0,1
737232,65535,255,6895,8992,0,0,0
737233,339,0,1462,-7646,1,0,1
737234,65535,255,1440,9929,0,0,0
737235,41,2,3881,9743,1,0,0
737236,65535,255,5527,9369,0,0,0
737237,241,0,6615,9066,1,0,1
737238,65535,255,-32768,-32768,0,65535,0
737239,65535,255,481,10181,0,0,0
737240,286,0,3167,9815,1,0,0
737241,65535,255,5060,9480,0,0,0
737242,309,0,6298,9201,1,0,0
737243,65535,255,-32768,-32768,0,65535,1
737244,272,0,494,-7405,1,0,1
737245,158,0,2357,9932,1,0,0
737246,258,0,4519,9624,1,0,0
737247,65535,255,5941,9303,0,0,0
737248,65535,255,6901,8972,0,0,1
737249,130,0,1446,-7509,1,0,1
737250,65535,255,1457,10157,0,0,0
737251,268,2,3897,9702,1,0,0
737252,65535,255,5536,9418,0,0,0
737253,65535,255,6620,9086,0,0,0
737254,65535,255,2325,-7488,0,0,0
737255,268,2,504,9982,1,0,1
737256,0,0,0,0,0,0,0
737257,185,2,5071,9473,1,0,0
737258,65535,255,6306,9198,0,0,0
737259,65535,255,3119,-7390,0,0,0
737260,139,0,476,-7462,1,0,1
737261,65535,255,2368,9823,0,0,1
737262,358,0,4526,9616,1,0,1
737263,0,0,0,0,0,0,0
737264,65535,255,3827,-7377,0,0,0
737265,126,2,1440,-7578,1,0,0
737266,15,2,1457,10041,1,0,1
737267,65535,255,3897,9717,0,0,0
737268,242,0,5534,9386,1,0,0
737269,65535,255,4433,-7253,0,0,0
737270,257,0,2330,-7570,1,0,0
737271,67,2,493,9906,1,0,1
737272,229,0,3172,9843,1,0,1
737273,326,0,5060,9533,1,0,1
737274,65535,255,4960,-7069,0,0,0
737275,187,0,3132,-7398,1,0,0
737276,208,0,499,-7473,1,0,0
737277,188,0,2353,9837,1,0,0
737278,78,2,4513,9631,1,0,0
737279,222,0,5417,-6997,1,0,0
737280,61,2,3836,-7282,1,0,0
737281,65535,255,1456,-7668,0,0,0
737282,29,2,1440,10138,1,0,0
737283,65535,255,3882,9750,0,0,0
737284,65535,255,5524,9411,0,0,0
737285,65535,255,4440,-7195,0,0,0
737286,145,2,2345,-7447,1,0,0
737287,65535,255,475,10390,0,0,0
737288,122,2,3159,9767,1,0,0
737289,232,2,5052,9497,1,0,1
737290,65535,255,4967,-7121,0,0,0
737291,65535,255,3146,-7493,0,0,0
737292,87,2,516,-8033,1,0,0
737293,190,2,2338,9989,1,0,1
737294,65535,255,4506,9607,0,0,0
737295,65535,255,5420,-6985,0,0,0
737296,293,0,3842,-7337,1,0,1
737297,226,0,1468,-7621,1,0,1
737298,275,0,1429,10093,1,0,1
737299,74,2,3874,9751,1,0,0
737300,65535,255,5519,9408,0,0,0
737301,138,0,4447,-7200,1,0,0
737302,65535,255,2355,-7473,0,0,0
737303,65535,255,464,10540,0,0,0
737304,75,2,3150,9797,1,0,0
737305,65535,255,5046,9514,0,0,1
737306,65535,255,4973,-7141,0,0,0
737307,65535,255,3150,-7385,0,0,0
737308,63,2,522,-7544,1,0,0
737309,99,0,2328,9851,1,0,0
737310,65535,255,4499,9646,0,0,0
737311,0,0,0,0,0,0,0
737312,0,0,0,0,0,0,0
737313,0,0,0,0,0,0,0
737314,65535,255,1423,9952,0,0,0
737315,65535,255,3870,9706,0,0,0
737316,65535,255,5517,9390,0,0,0
737317,319,0,4451,-7173,1,0,1
737318,143,0,2360,-7438,1,0,1
737319,86,0,458,10401,1,0,1
737320,277,2,3146,9779,1,0,0
737321,65535,255,5043,9510,0,0,0
737322,65535,255,4976,-7146,0,0,0
737323,110,2,3155,-7394,1,0,0
737324,65535,255,527,-7670,0,0,0
737325,65535,255,2327,9893,0,0,0
737326,65535,255,4500,9572,0,0,0
737327,59,2,5425,-6969,1,0,1
737328,65535,255,3852,-7364,0,0,0
737329,65535,255,1479,-7620,0,0,0
737330,65535,255,1418,10118,0,0,0
737331,65535,255,3854,9665,0,0,0
737332,63,2,5504,9389,1,0,1
737333,121,0,4471,-7206,1,0,1
737334,65,2,2389,-7567,1,0,0
737335,65535,255,429,10415,0,0,0
737336,65535,255,3123,9836,0,0,0
737337,26,2,5028,9487,1,0,0
737338,403,0,4993,-7142,1,0,0
737339,125,0,3181,-7453,1,0,1
737340,38,2,557,-7382,1,0,0
737341,19,2,2295,9893,1,0,0
737342,47,2,4479,9608,1,0,0
737343,394,2,5444,-7017,1,0,0
737344,65535,255,3880,-7370,0,0,0
737345,65535,255,1518,-7729,0,0,0
737346,0,0,0,0,0,0,0
737347,304,0,3841,9718,1,0,1
737348,156,0,5498,9386,1,0,1
737349,65535,255,4480,-7211,0,0,0
737350,172,0,2400,-7592,1,0,1
737351,169,0,412,10594,1,0,1
737352,61,0,3109,9868,1,0,0
737353,65535,255,5021,9505,0,0,0
737354,65535,255,4999,-7091,0,0,0
737355,65535,255,3190,-7365,0,0,0
737356,281,0,574,-7793,1,0,0
737357,155,0,2285,10022,1,0,0
737358,295,0,4472,9566,1,0,1
737359,584,2,5448,-6993,1,0,1
737360,65535,255,3887,-7339,0,0,0
737361,118,0,1528,-7664,1,0,1
737362,65535,255,1372,9929,0,0,0
737363,100,0,3833,9723,1,0,1
737364,251,0,5493,9415,1,0,1
737365,65535,255,4487,-7234,0,0,0
737366,0,0,0,0,0,0,0
737367,65535,255,394,10449,0,0,0
737368,58,0,3101,9830,1,0,1
737369,0,0,0,0,0,0,0
737370,49,2,5008,-7122,1,0,0
737371,294,0,3204,-7392,1,0,1
737372,369,0,591,-7848,1,0,1
737373,65535,255,2269,9997,0,0,1
737374,65535,255,4458,9639,0,0,0
737375,413,0,5456,-6962,1,0,1
737376,81,0,3898,-7270,1,0,1
737377,0,0,0,0,0,0,0
737378,65535,255,1355,9978,0,0,0
737379,65535,255,3817,9750,0,0,0
737380,22,2,5483,9419,1,0,0
737381,331,0,4497,-7170,1,0,1
737382,65535,255,2429,-7482,0,0,0
737383,65535,255,383,9769,0,0,0
737384,65535,255,3087,9753,0,0,0
737385,180,0,5003,9521,1,0,1
737386,105,0,5017,-7097,1,0,0
737387,473,2,3217,-7352,1,0,0
737388,144,0,608,-7680,1,0,1
737389,65535,255,2253,9957,0,0,0
737390,118,0,4448,9628,1,0,0
737391,65535,255,5464,-6960,0,0,0
737392,65535,255,3906,-7268,0,0,0
737393,65535,255,1561,-7764,0,0,0
737394,285,0,1338,10030,1,0,1
737395,65535,255,3809,9751,0,0,0
737396,65535,255,5478,9382,0,0,0
737397,65535,255,4504,-7199,0,0,0
737398,359,0,2439,-7559,1,0,1
737399,139,0,365,10384,1,0,1
737400,65535,255,3078,9824,0,0,0
737401,65535,255,4997,9484,0,0,0
737402,65535,255,5020,-7073,0,0,0
737403,336,0,3226,-7445,1,0,1
737404,65535,255,616,-7410,0,0,0
737405,211,0,2248,9900,1,0,1
737406,65535,255,4445,9610,0,0,0
737407,65535,255,5467,-7019,0,0,0
737408,65535,255,3912,-7357,0,0,0
737409,0,0,0,0,0,0,0
737410,65535,255,1332,10031,0,0,0
737411,65535,255,3804,9684,0,0,0
737412,65535,255,5473,9388,0,0,0
737413,65535,255,4508,-7216,0,0,0
737414,170,0,2444,-7609,1,0,1
737415,65535,255,362,10469,0,0,0
737416,115,0,3069,9877,1,0,0
737417,385,0,4994,9512,1,0,1
737418,65535,255,5020,-7096,0,0,0
737419,324,0,3226,-7368,1,0,1
737420,307,0,620,-7838,1,0,1
737421,65535,255,2243,10030,0,0,0
737422,0,0,0,0,0,0,0
737423,355,0,5467,-6995,1,0,0
737424,199,0,3914,-7340,1,0,1
737425,65535,255,1567,-7678,0,0,0
737426,65535,255,1327,9957,0,0,0
737427,301,0,3801,9761,1,0,1
737428,0,0,0,0,0,0,0
737429,65535,255,4508,-7210,0,0,0
737430,65535,255,2444,-7609,0,0,0
737431,149,0,366,9599,1,0,1
737432,243,0,3069,9887,1,0,1
737433,65535,255,4995,9523,0,0,0
737434,65535,255,5021,-7111,0,0,0
737435,65535,255,3226,-7406,0,0,1
737436,241,0,621,-8050,1,0,1
737437,183,0,2248,9871,1,0,1
737438,0,0,0,0,0,0,0
737439,28,2,5466,-7008,1,0,0
737440,113,0,3910,-7273,1,0,1
737441,65535,255,1561,-7489,0,0,0
737442,263,0,1333,10156,1,0,1
737443,65535,255,3806,9706,0,0,0
737444,65535,255,5474,9425,0,0,0
737445,65535,255,4505,-7172,0,0,0
737446,160,0,2439,-7532,1,0,1
737447,65535,255,366,10568,0,0,0
737448,65535,255,3074,9867,0,0,0
737449,65535,255,4997,9517,0,0,0
737450,314,0,5018,-7106,1,0,1
737451,208,0,3217,-7407,1,0,1
737452,65535,255,616,-8109,0,0,0
737453,65535,255,2253,9885,0,0,0
737454,19,2,4449,9616,1,0,0
737455,65535,255,5462,-6964,0,0,0
737456,281,0,3906,-7297,1,0,1
737457,256,0,1556,-7574,1,0,1
737458,451,0,1344,9931,1,0,1
737459,65535,255,3813,9767,0,0,0
737460,307,2,5481,9387,1,0,0
737461,189,2,4498,-7230,1,0,0
737462,29,0,2429,-7455,1,0,1
737463,65535,255,383,9855,0,0,0
737464,65535,255,3087,9794,0,0,0
737465,133,0,5006,9483,1,0,1
737466,203,0,5012,-7075,1,0,1
737467,65535,255,3208,-7351,0,0,0
737468,65535,255,597,-7843,0,0,0
737469,65535,255,2264,9827,0,0,0
737470,65535,255,4459,9596,0,0,0
737471,0,0,0,0,0,0,0
737472,65535,255,3894,-7283,0,0,0
737473,396,2,1539,-7553,1,0,1
737474,65535,255,1361,9882,0,0,0
737475,1019,1,3825,9750,1,0,1
737476,110,0,5488,9386,1,0,0
737477,65535,255,4491,-7225,0,0,0
737478,65535,255,2414,-7456,0,0,0
737479,65535,255,394,9948,0,0,0
737480,0,0,0,0,0,0,0
737481,308,1,5015,9493,1,0,1
737482,80,0,5005,-7093,1,0,1
737483,168,0,3199,-7390,1,0,1
737484,65535,255,586,-8128,0,0,0
737485,65535,255,2279,9912,0,0,0
737486,65535,255,4469,9638,0,0,0
737487,65535,255,5448,-6985,0,0,0
737488,65535,255,3887,-7344,0,0,0
737489,1209,0,1523,-7726,1,0,1
737490,65535,255,1378,10100,0,0,0
737491,65535,255,3841,9701,0,0,1
737492,860,0,5498,9430,1,0,0
737493,65535,255,4480,-7196,0,0,1
737494,65535,255,2400,-7615,0,0,0
737495,65535,255,424,9723,0,0,0
737496,148,0,3118,9791,1,0,1
737497,65535,255,5027,9485,0,0,1
737498,159,2,4993,-7085,1,0,0
737499,65535,255,3181,-7383,0,0,0
737500,181,0,558,-8041,1,0,0
737501,126,0,2300,9923,1,0,1
737502,65535,255,4482,9642,0,0,1
737503,471,0,5438,-6993,1,0,1
737504,195,0,3868,-7364,1,0,1
737505,228,0,1499,-7676,1,0,1
737506,65535,255,1401,10192,0,0,0
737507,65535,255,3857,9738,0,0,0
737508,272,0,5510,9382,1,0,1
737509,65535,255,4464,-7230,0,0,0
737510,135,0,2375,-7486,1,0,1
737511,303,0,446,10262,1,0,1
737512,352,0,3141,9866,1,0,1
737513,0,0,0,0,0,0,0
737514,65535,255,4981,-7136,0,0,0
737515,65535,255,3159,-7483,0,0,0
737516,65535,255,527,-7864,0,0,0
737517,65535,255,2332,9864,0,0,1
737518,65535,255,4502,9626,0,0,0
737519,473,0,5424,-6982,1,0,1
737520,0,0,0,0,0,0,0
737521,65535,255,1469,-7801,0,0,0
737522,138,0,1435,10053,1,0,1
737523,0,0,0,0,0,0,0
737524,65535,255,5524,9392,0,0,0
737525,54,2,4447,-7252,1,0,0
737526,60,2,2350,-7636,1,0,1
737527,80,2,475,10179,1,0,1
737528,65535,255,3156,9810,0,0,0
737529,65535,255,5051,9475,0,0,0
737530,65535,255,4969,-7095,0,0,0
737531,308,0,3150,-7435,1,0,1
737532,206,0,516,-7801,1,0,1
737533,217,0,2332,9892,1,0,0
737534,65535,255,4503,9557,0,0,0
737535,65535,255,5425,-7019,0,0,0
737536,65535,255,3847,-7312,0,0,0
737537,65535,255,1479,-7754,0,0,0
737538,65535,255,1424,9859,0,0,0
737539,65535,255,3870,9666,0,0,0
737540,231,0,5514,9404,1,0,1
737541,0,0,0,0,0,0,0
737542,65535,255,2370,-7526,0,0,0
737543,65535,255,454,9602,0,0,0
737544,38,0,3136,9828,1,0,1
737545,65535,255,5037,9532,0,0,0
737546,65535,255,4982,-7070,0,0,0
737547,0,0,0,0,0,0,0
737548,59,2,539,-7613,1,0,0
737549,65535,255,2316,9866,0,0,0
737550,0,0,0,0,0,0,0
737551,65535,255,5433,-7017,0,0,0
737552,34,0,3864,-7325,1,0,1
737553,65535,255,1498,-7654,0,0,0
737554,180,0,1401,9930,1,0,1
737555,0,0,0,0,0,0,0
737556,65535,255,5504,9383,0,0,0
737557,0,0,0,0,0,0,0
737558,85,0,2385,-7604,1,0,0
737559,65535,255,429,10190,0,0,0
737560,65535,255,3123,9752,0,0,0
737561,65535,255,5027,9496,0,0,0
737562,388,2,6277,9187,1,0,1
737563,65535,255,3177,-7353,0,0,0
737564,65535,255,558,-7379,0,0,0
737565,65535,255,2301,9826,0,0,0
737566,366,2,4479,9631,1,0,0
737567,186,0,5913,9280,1,0,1
737568,65535,255,3872,-7315,0,0,0
737569,209,0,1511,-7760,1,0,0
737570,303,0,1390,9931,1,0,1
737571,65535,255,3841,9702,0,0,0
737572,387,0,5499,9389,1,0,0
737573,65535,255,6595,9065,0,0,0
737574,65535,255,2395,-7444,0,0,0
737575,65535,255,418,10513,0,0,0
737576,65535,255,3114,9802,0,0,0
737577,126,0,5021,9525,1,0,1
737578,65535,255,6273,9211,0,0,0
737579,65535,255,-32768,-32768,0,65535,1
737580,209,0,568,-7849,1,0,1
737581,65535,255,2290,9939,0,0,0
737582,65535,255,4473,9594,0,0,0
737583,65535,255,5909,9320,0,0,0
737584,65535,255,6879,8968,0,0,0
737585,67,0,1523,-7703,1,0,1
737586,119,2,1378,9859,1,0,1
737587,65535,255,3838,9679,0,0,0
737588,280,0,5496,9381,1,0,1
737589,0,0,0,0,0,0,0
737590,65535,255,-32768,-32768,0,65535,0
737591,213,0,406,10524,1,0,1
737592,0,0,0,0,0,0,0
737593,65535,255,5018,9531,0,0,0
737594,65535,255,6271,9191,0,0,0
737595,65535,255,-32768,-32768,0,65535,1
737596,65535,255,580,-8017,0,0,0
737597,0,0,0,0,0,0,0
737598,129,0,4469,9627,1,0,0
737599,282,1,5909,9278,1,0,0
737600,65535,255,6876,8987,0,0,0
737601,65535,255,1528,-7510,0,0,0
737602,199,0,1372,10029,1,0,0
737603,41,0,3833,9750,1,0,1
737604,65535,255,5493,9423,0,0,0
737605,65535,255,6590,9091,0,0,0
737606,65535,255,-32768,-32768,0,65535,1
737607,258,0,405,10114,1,0,1
737608,65535,255,3105,9764,0,0,0
737609,283,0,5018,9510,1,0,1
737610,143,2,6270,9209,1,0,1
737611,65535,255,-32768,-32768,0,65535,1
737612,129,2,580,-7962,1,0,0
737613,65535,255,2279,9984,0,0,0
737614,289,2,4469,9621,1,0,0
737615,264,0,5908,9282,1,0,0
737616,65535,255,6876,8991,0,0,1
737617,246,2,1529,-7553,1,0,0
737618,65535,255,1367,10102,0,0,0
737619,73,0,3833,9732,1,0,0
737620,65535,255,5492,9374,0,0,0
737621,65535,255,6590,9106,0,0,0
737622,65535,255,2410,-7442,0,0,0
737623,65535,255,401,10613,0,0,0
737624,65535,255,3106,9831,0,0,0
737625,114,0,5017,9487,1,0,0
737626,274,0,6271,9178,1,0,0
737627,65535,255,3194,-7361,0,0,0
737628,65535,255,579,-7559,0,0,0
737629,65535,255,2280,9897,0,0,0
737630,65535,255,4469,9588,0,0,0
737631,65535,255,5450,-6989,0,0,0
737632,332,0,3887,-7299,1,0,1
737633,65535,255,1528,-7467,0,0,0
737634,90,0,1367,10026,1,0,1
737635,65535,255,3834,9757,0,0,0
737636,60,2,5491,9432,1,0,0
737637,180,2,4487,-7250,1,0,0
737638,65535,255,2406,-7520,0,0,0
737639,41,2,401,10603,1,0,0
737640,65535,255,3106,9831,0,0,0
737641,65535,255,5019,9471,0,0,0
737642,347,0,5001,-7114,1,0,1
737643,84,2,3194,-7380,1,0,1
737644,189,2,579,-7672,1,0,0
737645,65535,255,2280,9940,0,0,0
737646,158,2,4469,9613,1,0,0
737647,65535,255,5450,-7007,0,0,0
737648,161,2,3887,-7335,1,0,0
737649,156,0,1522,-7594,1,0,0
737650,65535,255,1373,10175,0,0,0
737651,414,0,3838,9678,1,0,0
737652,123,0,5494,9390,1,0,0
737653,65535,255,4480,-7201,0,0,0
737654,134,0,2404,-7533,1,0,0
737655,64,0,412,10028,1,0,0
737656,214,0,3111,9762,1,0,1
737657,59,0,5019,9525,1,0,0
737658,65535,255,4998,-7088,0,0,0
737659,233,0,3190,-7485,1,0,0
737660,65535,255,568,-7496,0,0,0
737661,241,0,2291,9896,1,0,1
737662,297,0,4473,9593,1,0,1
737663,323,0,5445,-6999,1,0,1
737664,340,0,3879,-7322,1,0,1
737665,65535,255,1517,-7573,0,0,0
737666,65535,255,1379,10171,0,0,0
737667,112,0,3843,9685,1,0,1
737668,324,2,5499,9393,1,0,1
737669,160,0,4477,-7207,1,0,1
737670,0,0,0,0,0,0,0
737671,204,0,418,10184,1,0,1
737672,191,0,3119,9800,1,0,1
737673,108,0,5025,9504,1,0,1
737674,65535,255,4993,-7116,0,0,0
737675,65535,255,3180,-7381,0,0,0
737676,37,0,562,-7847,1,0,1
737677,92,2,2296,9994,1,0,0
737678,48,0,4480,9643,1,0,0
737679,65535,255,5437,-6966,0,0,0
737680,117,0,3867,-7276,1,0,0
737681,306,2,1506,-7769,1,0,1
737682,291,2,1396,10024,1,0,1
737683,52,0,3851,9770,1,0,1
737684,65535,255,5505,9378,0,0,0
737685,167,0,4467,-7190,1,0,1
737686,65535,255,2384,-7535,0,0,0
737687,304,2,435,10107,1,0,1
737688,65535,255,3129,9799,0,0,1
737689,311,2,5033,9499,1,0,1
737690,298,2,4984,-7123,1,0,1
737691,102,0,3167,-7412,1,0,1
737692,65535,255,545,-8035,0,0,0
737693,45,0,2313,9838,1,0,1
737694,100,0,4490,9578,1,0,1
737695,363,0,5440,-6995,1,0,1
737696,191,0,3875,-7334,1,0,1
737697,150,2,1511,-7643,1,0,0
737698,222,0,1385,9901,1,0,1
737699,65535,255,3842,9743,0,0,0
737700,65535,255,5500,9366,0,0,0
737701,48,2,4476,-7187,1,0,0
737702,65535,255,2399,-7539,0,0,0
737703,276,0,412,10266,1,0,1
737704,33,0,3110,9837,1,0,1
737705,65535,255,5020,9493,0,0,0
737706,65535,255,4998,-7075,0,0,0
737707,74,2,3190,-7489,1,0,1
737708,65535,255,573,-7676,0,0,0
737709,65535,255,2286,9978,0,0,0
737710,76,0,4470,9653,1,0,0
737711,119,0,5448,-6983,1,0,0
737712,348,2,3883,-7317,1,0,1
737713,211,0,1522,-7620,1,0,1
737714,23,2,1374,9925,1,0,1
737715,65535,255,3835,9746,0,0,0
737716,65535,255,5495,9377,0,0,0
737717,336,2,4484,-7203,1,0,1
737718,224,0,2409,-7591,1,0,1
737719,65535,255,404,10280,0,0,0
737720,65535,255,3105,9850,0,0,0
737721,65535,255,5015,9528,0,0,0
737722,188,0,5003,-7117,1,0,1
737723,65535,255,3195,-7422,0,0,0
737724,65535,255,581,-7336,0,0,0
737725,65535,255,2279,9909,0,0,0
737726,17,2,4465,9630,1,0,0
737727,38,2,5448,-6973,1,0,0
737728,65535,255,3887,-7309,0,0,0
737729,0,0,0,0,0,0,0
737730,65535,255,1372,9977,0,0,0
737731,389,0,3834,9654,1,0,1
737732,355,0,5493,9397,1,0,1
737733,296,0,4488,-7241,1,0,1
737734,65535,255,2409,-7472,0,0,0
737735,65535,255,400,10108,0,0,0
737736,56,0,3105,9829,1,0,1
737737,65535,255,5018,9495,0,0,0
737738,345,2,5002,-7091,1,0,1
737739,342,2,3195,-7383,1,0,0
737740,65535,255,581,-8079,0,0,0
737741,0,0,0,0,0,0,0
737742,146,0,4468,9624,1,0,0
737743,65535,255,5451,-6973,0,0,0
737744,365,2,3887,-7316,1,0,1
737745,65535,255,1528,-7663,0,0,1
737746,198,0,1372,10002,1,0,1
737747,65535,255,3838,9669,0,0,0
737748,65535,255,5495,9411,0,0,0
737749,65535,255,4484,-7166,0,0,0
737750,215,0,2404,-7537,1,0,1
737751,65535,255,406,10522,0,0,0
737752,65535,255,3110,9847,0,0,0
737753,65535,255,5021,9538,0,0,0
737754,361,0,5002,-7134,1,0,1
737755,255,0,3195,-7470,1,0,1
737756,227,0,573,-7738,1,0,1
737757,65535,255,2290,9824,0,0,0
737758,65535,255,4475,9598,0,0,1
737759,332,0,5446,-6960,1,0,0
737760,67,0,3879,-7310,1,0,1
737761,24,2,1517,-7642,1,0,0
737762,65535,255,1384,10001,0,0,0
737763,87,0,3842,9684,1,0,1
737764,65535,255,5498,9424,0,0,0
737765,103,0,4477,-7191,1,0,1
737766,40,0,2400,-7604,1,0,1
737767,257,0,424,9723,1,0,1
737768,0,0,0,0,0,0,0
737769,65535,255,5027,9494,0,0,0
737770,0,0,0,0,0,0,0
737771,165,0,3181,-7413,1,0,1
737772,65535,255,557,-7381,0,0,0
737773,0,0,0,0,0,0,0
737774,100,0,4482,9572,1,0,0
737775,65535,255,5441,-7017,0,0,0
737776,0,0,0,0,0,0,0
737777,65535,255,1501,-7601,0,0,0
737778,128,0,1395,9976,1,0,1
737779,332,2,3854,9675,1,0,1
737780,288,0,5506,9422,1,0,0
737781,65535,255,4467,-7193,0,0,0
737782,65535,255,2380,-7619,0,0,1
737783,247,0,441,9887,1,0,1
737784,117,0,3132,9827,1,0,1
737785,65535,255,5036,9509,0,0,0
737786,65535,255,4984,-7120,0,0,0
737787,213,0,3168,-7453,1,0,1
737788,127,0,539,-7738,1,0,1
737789,0,0,0,0,0,0,0
737790,14,2,4493,9614,1,0,0
737791,65535,255,5430,-6977,0,0,0
737792,65535,255,3856,-7350,0,0,0
737793,65535,255,1485,-7799,0,0,0
737794,65535,255,1418,9957,0,0,0
737795,65535,255,3865,9751,0,0,0
737796,368,0,5516,9397,1,0,1
737797,261,0,4453,-7242,1,0,1
737798,65535,255,2360,-7569,0,0,0
737799,253,0,458,10474,1,0,1
737800,0,0,0,0,0,0,0
737801,195,0,5049,9475,1,0,0
737802,65535,255,4969,-7091,0,0,0
737803,65535,255,3145,-7409,0,0,0
737804,212,0,511,-7423,1,0,0
737805,59,0,2337,10002,1,0,0
737806,65535,255,4509,9593,0,0,0
737807,142,0,5417,-6970,1,0,0
737808,0,0,0,0,0,0,0
737809,65535,255,1457,-7764,0,0,0
737810,65535,255,1444,9984,0,0,0
737811,585,0,3886,9756,1,0,0
737812,65535,255,5527,9404,0,0,0
737813,293,0,4437,-7230,1,0,1
737814,65535,255,2340,-7559,0,0,0
737815,65535,255,481,9913,0,0,0
737816,71,2,3163,9873,1,0,0
737817,65535,255,5055,9484,0,0,0
737818,65535,255,4967,-7113,0,0,0
737819,65535,255,3141,-7497,0,0,0
737820,65535,255,511,-7357,0,0,1
737821,65535,255,2344,9836,0,0,0
737822,65535,255,4506,9645,0,0,0
737823,65535,255,5422,-7022,0,0,0
737824,178,0,3844,-7338,1,0,1
737825,65535,255,1468,-7536,0,0,0
737826,65535,255,1429,10048,0,0,0
737827,0,0,0,0,0,0,0
737828,65535,255,5516,9416,0,0,0
737829,399,0,4450,-7221,1,0,1
737830,360,0,2360,-7543,1,0,1
737831,0,0,0,0,0,0,0
737832,65535,255,3146,9850,0,0,0
737833,65535,255,5045,9492,0,0,0
737834,0,0,0,0,0,0,0
737835,262,0,3154,-7378,1,0,1
737836,175,0,528,-7619,1,0,1
737837,65535,255,2322,9894,0,0,0
737838,345,0,4496,9577,1,0,1
737839,65535,255,5430,-6976,0,0,0
737840,65535,255,3855,-7266,0,0,0
737841,217,0,1490,-7690,1,0,1
737842,65,0,1412,9885,1,0,1
737843,65535,255,3862,9691,0,0,1
737844,125,0,5511,9391,1,0,0
737845,65535,255,4460,-7187,0,0,1
737846,0,0,0,0,0,0,0
737847,65535,255,449,9603,0,0,0
737848,0,0,0,0,0,0,0
737849,306,2,5037,9473,1,0,1
737850,299,0,4984,-7114,1,0,1
737851,358,0,3168,-7357,1,0,1
737852,65535,255,545,-7503,0,0,0
737853,65535,255,2311,9882,0,0,0
737854,65535,255,4489,9579,0,0,0
737855,314,0,5435,-6980,1,0,1
737856,181,0,3863,-7281,1,0,1
737857,65535,255,1501,-7731,0,0,0
737858,194,0,1401,9932,1,0,1
737859,65535,255,3854,9716,0,0,0
737860,65535,255,5506,9406,0,0,0
737861,82,0,4470,-7211,1,0,0
737862,65535,255,2384,-7538,0,0,0
737863,65535,255,429,9969,0,0,0
737864,124,0,3128,9751,1,0,1
737865,65535,255,5030,9507,0,0,0
737866,106,0,4990,-7069,1,0,1
737867,65535,255,3176,-7433,0,0,0
737868,150,0,557,-8039,1,0,1
737869,65535,255,2301,10009,0,0,0
737870,0,0,0,0,0,0,0
737871,65535,255,5441,-7030,0,0,0
737872,267,0,3871,-7364,1,0,1
737873,65535,255,1506,-7644,0,0,0
737874,16,2,1396,9859,1,0,0
737875,22,2,3850,9693,1,0,0
737876,241,2,5503,9397,1,0,1
737877,65535,255,4474,-7203,0,0,0
737878,339,0,2389,-7538,1,0,1
737879,0,0,0,0,0,0,0
737880,17,2,3123,9771,1,0,0
737881,65535,255,5027,9524,0,0,0
737882,105,0,4993,-7085,1,0,0
737883,65535,255,3181,-7480,0,0,0
737884,65535,255,557,-7384,0,0,0
737885,65535,255,2300,9882,0,0,0
737886,83,0,4482,9586,1,0,0
737887,369,0,5441,-6992,1,0,1
737888,65535,255,3871,-7310,0,0,0
737889,0,0,0,0,0,0,0
737890,220,0,1389,10100,1,0,1
737891,288,0,3850,9662,1,0,1
737892,107,0,5503,9384,1,0,1
737893,127,0,4474,-7191,1,0,1
737894,0,0,0,0,0,0,0
737895,148,0,423,9962,1,0,1
737896,65535,255,3123,9772,0,0,0
737897,65535,255,5027,9529,0,0,0
737898,65535,255,4990,-7096,0,0,1
737899,65535,255,3176,-7354,0,0,0
737900,289,0,556,-7620,1,0,1
737901,65535,255,2301,9938,0,0,0
737902,369,0,4483,9618,1,0,1
737903,380,0,5441,-7020,1,0,1
737904,65535,255,3871,-7370,0,0,1
737905,0,0,0,0,0,0,0
737906,105,0,1395,9955,1,0,1
737907,65535,255,3850,9740,0,0,0
737908,6,2,5504,9434,1,0,0
737909,65535,255,4467,-7166,0,0,0
737910,149,0,2385,-7485,1,0,1
737911,65535,255,435,9887,0,0,0
737912,65535,255,3128,9761,0,0,0
737913,65535,255,5030,9529,0,0,0
737914,65535,255,4987,-7107,0,0,0
737915,65535,255,3172,-7375,0,0,0
737916,216,0,550,-7798,1,0,1
737917,309,0,2306,9995,1,0,1
737918,65535,255,4486,9649,0,0,0
737919,433,0,5433,-6974,1,0,1
737920,65535,255,3864,-7294,0,0,0
737921,173,0,1495,-7513,1,0,1
737922,65535,255,1401,10146,0,0,0
737923,117,0,3858,9692,1,0,1
737924,65535,255,5509,9405,0,0,0
737925,236,0,4464,-7235,1,0,1
737926,65535,255,2374,-7441,0,0,0
737927,65535,255,448,9671,0,0,0
737928,65535,255,3137,9741,0,0,0
737929,0,0,0,0,0,0,0
737930,65535,255,6283,9175,0,0,0
737931,0,0,0,0,0,0,0
737932,66,0,533,-7924,1,0,1
737933,217,0,2319,9927,1,0,1
737934,65535,255,4496,9571,0,0,0
737935,220,0,5925,9265,1,0,1
737936,65535,255,6889,8989,0,0,0
737937,303,2,1479,-7624,1,0,1
737938,249,2,1424,9908,1,0,0
737939,65535,255,3866,9745,0,0,0
737940,60,2,5517,9371,1,0,1
737941,65535,255,6607,9068,0,0,0
737942,363,2,2360,-7554,1,0,0
737943,156,0,458,10408,1,0,1
737944,272,0,3150,9846,1,0,0
737945,65535,255,5045,9499,0,0,0
737946,51,0,6290,9161,1,0,0
737947,0,0,0,0,0,0,0
737948,65535,255,516,-7803,0,0,0
737949,290,0,2338,10003,1,0,0
737950,246,0,4506,9564,1,0,0
737951,65535,255,5933,9264,0,0,0
737952,65535,255,6893,8993,0,0,0
737953,65535,255,1462,-7669,0,0,0
737954,65535,255,1440,9977,0,0,0
737955,65535,255,3882,9717,0,0,0
737956,184,0,5525,9388,1,0,1
737957,26,0,6612,9084,1,0,0
737958,65535,255,-32768,-32768,0,65535,1
737959,42,0,482,9705,1,0,0
737960,203,0,3168,9756,1,0,1
737961,398,0,5058,9534,1,0,0
737962,39,2,6297,9190,1,0,1
737963,65535,255,-32768,-32768,0,65535,1
737964,65535,255,494,-7339,0,0,0
737965,99,2,2358,9931,1,0,0
737966,65535,255,4520,9630,0,0,0
737967,38,2,5940,9290,1,0,0
737968,65535,255,6900,8984,0,0,0
737969,65535,255,1451,-7786,0,0,0
737970,41,2,1452,9907,1,0,1
737971,65535,255,3890,9679,0,0,0
737972,65535,255,5531,9368,0,0,0
737973,32,2,6615,9093,1,0,0
737974,65535,255,2340,-7556,0,0,1
737975,65535,255,488,9843,0,0,0
737976,70,2,3168,9844,1,0,0
737977,274,0,5057,9498,1,0,1
737978,43,2,6297,9163,1,0,0
737979,65535,255,3136,-7427,0,0,0
737980,64,2,504,-7743,1,0,0
737981,118,0,2348,9906,1,0,0
737982,183,0,4513,9570,1,0,0
737983,19,2,5935,9296,1,0,0
737984,365,0,3839,-7336,1,0,0
737985,65535,255,1462,-7510,0,0,0
737986,256,0,1440,9977,1,0,0
737987,268,0,3882,9711,1,0,1
737988,109,0,5524,9393,1,0,1
737989,65535,255,4446,-7171,0,0,0
737990,182,0,2354,-7635,1,0,1
737991,66,2,470,10319,1,0,0
737992,65535,255,3160,9766,0,0,0
737993,303,2,5052,9497,1,0,0
737994,231,2,4971,-7127,1,0,0
737995,65535,255,3149,-7357,0,0,0
737996,65535,255,516,-7351,0,0,0
737997,263,0,2338,9822,1,0,1
737998,65535,255,4503,9632,0,0,0
737999,65535,255,5426,-7009,0,0,0
738000,197,2,3846,-7312,1,0,0
738001,65535,255,1479,-7777,0,0,0
738002,65535,255,1429,9928,0,0,0
738003,65535,255,3874,9696,0,0,0
738004,360,0,5519,9384,1,0,1
738005,213,0,4453,-7181,1,0,0
738006,140,0,2364,-7633,1,0,0
738007,0,0,0,0,0,0,0
738008,183,0,3151,9777,1,0,0
738009,262,0,5046,9508,1,0,0
738010,65535,255,4977,-7142,0,0,0
738011,65535,255,3158,-7394,0,0,0
738012,253,0,527,-7609,1,0,0
738013,49,2,2328,9892,1,0,0
738014,161,0,4501,9570,1,0,0
738015,214,0,5429,-6983,1,0,0
738016,273,0,3855,-7357,1,0,0
738017,193,0,1484,-7578,1,0,1
738018,273,0,1418,10093,1,0,1
738019,65535,255,3866,9760,0,0,0
738020,65535,255,5514,9422,0,0,0
738021,65535,255,4459,-7224,0,0,0
738022,99,0,2369,-7551,1,0,1
738023,289,0,453,9891,1,0,1
738024,288,0,3142,9876,1,0,0
738025,65535,255,5040,9488,0,0,0
738026,174,0,4980,-7119,1,0,1
738027,65535,255,3158,-7356,0,0,0
738028,279,2,533,-7425,1,0,1
738029,275,0,2323,9851,1,0,1
738030,65535,255,4493,9593,0,0,0
738031,49,2,5430,-7004,1,0,0
738032,65535,255,3859,-7356,0,0,0
738033,174,0,1484,-7598,1,0,1
738034,287,0,1413,10118,1,0,1
738035,209,0,3863,9732,1,0,1
738036,0,0,0,0,0,0,0
738037,65535,255,4460,-7242,0,0,0
738038,60,2,2369,-7605,1,0,0
738039,65535,255,447,10257,0,0,0
738040,33,2,3137,9779,1,0,1
738041,259,0,5038,9516,1,0,1
738042,169,0,4980,-7070,1,0,1
738043,65535,255,3162,-7433,0,0,0
738044,65535,255,539,-7981,0,0,0
738045,188,0,2317,9978,1,0,0
738046,50,2,4490,9622,1,0,1
738047,321,0,5429,-7007,1,0,1
738048,65535,255,3855,-7325,0,0,0
738049,245,0,1484,-7510,1,0,1
738050,204,0,1413,10047,1,0,1
738051,157,0,3863,9753,1,0,1
738052,65535,255,5510,9428,0,0,0
738053,85,0,4460,-7242,1,0,1
738054,65535,255,2369,-7604,0,0,0
738055,160,0,448,10335,1,0,1
738056,191,0,3142,9798,1,0,1
738057,158,2,5038,9531,1,0,1
738058,213,0,4977,-7092,1,0,1
738059,250,0,3176,-7502,1,0,1
738060,163,2,555,-7798,1,0,0
738061,99,2,2300,9861,1,0,0
738062,39,2,4480,9576,1,0,0
738063,185,0,5440,-7005,1,0,1
738064,0,0,0,0,0,0,0
738065,236,0,1506,-7753,1,0,1
738066,201,0,1390,10069,1,0,0
738067,27,2,3847,9689,1,0,1
738068,135,0,5500,9412,1,0,1
738069,65535,255,4473,-7263,0,0,0
738070,245,0,2389,-7513,1,0,1
738071,65535,255,424,10266,0,0,0
738072,126,0,3120,9846,1,0,1
738073,318,0,5026,9503,1,0,0
738074,195,0,4992,-7098,1,0,0
738075,103,0,3180,-7396,1,0,0
738076,65535,255,562,-8091,0,0,0
738077,34,0,2297,9892,1,0,0
738078,186,0,4477,9621,1,0,1
738079,347,2,5440,-6971,1,0,0
738080,43,2,3875,-7318,1,0,1
738081,65535,255,1511,-7644,0,0,0
738082,308,0,1390,9975,1,0,1
738083,68,0,3847,9666,1,0,1
738084,225,2,5500,9403,1,0,0
738085,44,2,4477,-7250,1,0,0
738086,63,2,2393,-7513,1,0,1
738087,41,2,423,10348,1,0,0
738088,41,2,3119,9858,1,0,0
738089,65535,255,5027,9521,0,0,0
738090,65535,255,4993,-7120,0,0,0
738091,65535,255,3181,-7445,0,0,0
738092,65535,255,557,-7561,0,0,0
738093,0,0,0,0,0,0,0
738094,65535,255,4483,9578,0,0,0
738095,633,2,5441,-7013,1,0,1
738096,65535,255,3871,-7273,0,0,0
738097,243,0,1506,-7537,1,0,1
738098,0,0,0,0,0,0,0
738099,65535,255,3850,9760,0,0,0
738100,129,0,5504,9399,1,0,1
738101,65535,255,4474,-7250,0,0,0
738102,207,0,2384,-7528,1,0,1
738103,258,0,430,10502,1,0,1
738104,276,0,3128,9739,1,0,1
738105,324,0,5032,9498,1,0,1
738106,302,0,4987,-7079,1,0,1
738107,65535,255,3172,-7358,0,0,0
738108,65535,255,551,-8041,0,0,0
738109,86,0,2306,9907,1,0,1
738110,237,0,4485,9640,1,0,1
738111,65535,255,5435,-6995,0,0,0
738112,65535,255,3867,-7374,0,0,0
738113,65535,255,1496,-7515,0,0,0
738114,283,0,1407,9881,1,0,1
738115,65535,255,3859,9709,0,0,0
738116,112,0,5511,9407,1,0,1
738117,101,0,4464,-7176,1,0,1
738118,65535,255,2374,-7582,0,0,0
738119,67,0,448,9743,1,0,1
738120,65535,255,3141,9806,0,0,0
738121,65535,255,5039,9503,0,0,0
738122,462,2,4981,-7111,1,0,0
738123,65535,255,3163,-7455,0,0,0
738124,129,0,533,-7742,1,0,1
738125,65535,255,2327,9850,0,0,0
738126,65535,255,4499,9626,0,0,0
738127,191,0,5429,-6988,1,0,1
738128,84,0,3855,-7368,1,0,1
738129,65535,255,1479,-7515,0,0,0
738130,65535,255,1424,9929,0,0,0
738131,65535,255,3874,9672,0,0,0
738132,112,0,5518,9424,1,0,0
738133,65535,255,4450,-7209,0,0,0
738134,323,0,2355,-7450,1,0,1
738135,65535,255,464,10258,0,0,0
738136,69,0,3154,9834,1,0,1
738137,236,0,5051,9469,1,0,1
738138,65535,255,4975,-7112,0,0,0
738139,289,0,3149,-7360,1,0,1
738140,162,0,522,-7555,1,0,1
738141,65535,255,2332,9906,0,0,0
738142,0,0,0,0,0,0,0
738143,183,2,5427,-6992,1,0,1
738144,193,0,3851,-7306,1,0,1
738145,65535,255,1479,-7471,0,0,0
738146,39,0,1417,10047,1,0,1
738147,65535,255,3866,9759,0,0,0
738148,492,0,5515,9377,1,0,0
738149,65535,255,4461,-7251,0,0,0
738150,0,0,0,0,0,0,0
738151,65535,255,448,10635,0,0,0
738152,107,0,3141,9846,1,0,1
738153,65535,255,5039,9481,0,0,0
738154,65535,255,4981,-7126,0,0,0
738155,214,0,3163,-7396,1,0,0
738156,65535,255,539,-7803,0,0,0
738157,168,0,2316,9978,1,0,1
738158,65535,255,4493,9628,0,0,0
738159,105,0,5433,-7024,1,0,0
738160,65535,255,3864,-7358,0,0,0
738161,50,2,1495,-7667,1,0,0
738162,65535,255,1407,9883,0,0,0
738163,48,2,3858,9714,1,0,0
738164,360,0,5508,9409,1,0,0
738165,305,0,4467,-7225,1,0,1
738166,67,2,2380,-7607,1,0,0
738167,262,0,435,10421,1,0,1
738168,124,0,3132,9829,1,0,1
738169,65535,255,5033,9472,0,0,0
738170,65535,255,4988,-7124,0,0,0
738171,65535,255,3172,-7395,0,0,0
738172,65535,255,546,-7921,0,0,0
738173,269,2,2304,9994,1,0,1
738174,65535,255,4485,9641,0,0,0
738175,263,0,5434,-6965,1,0,1
738176,65535,255,3865,-7271,0,0,0
738177,65535,255,1502,-7752,0,0,0
738178,65535,255,1394,10003,0,0,0
738179,189,0,3849,9754,1,0,0
738180,335,0,5505,9368,1,0,0
738181,56,2,4469,-7178,1,0,0
738182,114,0,2386,-7498,1,0,1
738183,65535,255,428,9885,0,0,0
738184,231,0,3127,9760,1,0,1
738185,683,0,5029,9522,1,0,1
738186,362,0,4989,-7097,1,0,1
738187,647,0,3174,-7354,1,0,1
738188,65535,255,552,-7676,0,0,0
738189,58,2,2299,9952,1,0,0
738190,65535,255,4482,9630,0,0,0
738191,86,2,5439,-7009,1,0,0
738192,145,0,3870,-7301,1,0,1
738193,168,0,1508,-7750,1,0,1
738194,65535,255,1394,10002,0,0,0
738195,115,0,3849,9762,1,0,0
738196,188,2,5503,9374,1,0,0
738197,516,0,4469,-7191,1,0,1
738198,65535,255,2386,-7537,0,0,0
738199,65535,255,428,10114,0,0,0
738200,65535,255,3122,9800,0,0,0
738201,236,2,5030,9468,1,0,0
738202,65535,255,4989,-7128,0,0,0
738203,65535,255,3178,-7412,0,0,0
738204,59,0,558,-8093,1,0,1
738205,65535,255,2305,9839,0,0,0
738206,47,2,4481,9580,1,0,1
738207,335,2,5437,-6996,1,0,0
738208,824,1,3869,-7331,1,0,1
738209,65535,255,1502,-7619,0,0,0
738210,245,0,1395,9882,1,0,1
738211,79,0,3848,9731,1,0,1
738212,65535,255,5503,9430,0,0,0
738213,194,0,4468,-7172,1,0,1
738214,239,0,2386,-7497,1,0,1
738215,168,0,434,10037,1,0,0
738216,0,0,0,0,0,0,0
738217,200,0,5033,9468,1,0,1
738218,65535,255,4989,-7129,0,0,0
738219,65535,255,3173,-7431,0,0,0
738220,65535,255,548,-7250,0,0,0
738221,183,0,2305,9881,1,0,0
738222,65535,255,4485,9605,0,0,0
738223,287,0,5436,-7021,1,0,0
738224,65535,255,3867,-7349,0,0,0
738225,157,0,1502,-7771,1,0,1
738226,75,2,1399,10073,1,0,0
738227,47,2,3857,9676,1,0,0
738228,173,0,5507,9397,1,0,1
738229,65535,255,4465,-7228,0,0,0
738230,65535,255,2376,-7431,0,0,0
738231,138,0,441,9664,1,0,1
738232,276,0,3136,9750,1,0,1
738233,108,0,5035,9532,1,0,1
738234,65535,255,4985,-7118,0,0,0
738235,366,0,3165,-7412,1,0,1
738236,250,0,539,-7799,1,0,1
738237,200,0,2316,9880,1,0,1
738238,308,0,4495,9610,1,0,1
738239,282,0,5434,-7026,1,0,0
738240,65535,255,3856,-7279,0,0,0
738241,65535,255,1486,-7511,0,0,0
738242,284,0,1417,10165,1,0,1
738243,117,0,3869,9714,1,0,0
738244,65535,255,5515,9428,0,0,0
738245,257,0,4454,-7181,1,0,1
738246,65535,255,2366,-7538,0,0,0
738247,0,0,0,0,0,0,0
738248,352,0,3149,9856,1,0,1
738249,368,0,5047,9509,1,0,1
738250,121,0,4976,-7104,1,0,1
738251,65535,255,3150,-7395,0,0,0
738252,354,0,523,-8115,1,0,1
738253,157,0,2337,9893,1,0,1
738254,74,2,4505,9621,1,0,0
738255,208,0,5422,-6966,1,0,0
738256,65535,255,3844,-7303,0,0,0
738257,178,0,1468,-7578,1,0,1
738258,65535,255,1440,9906,0,0,0
738259,25,2,3881,9759,1,0,0
738260,119,2,5525,9385,1,0,0
738261,65535,255,4444,-7226,0,0,0
738262,65535,255,2341,-7447,0,0,0
738263,65535,255,481,9908,0,0,0
738264,65535,255,3167,9805,0,0,0
738265,341,0,5059,9486,1,0,1
738266,275,0,4963,-7079,1,0,1
738267,293,0,3132,-7368,1,0,1
738268,65,0,499,-8002,1,0,0
738269,230,0,2358,9878,1,0,1
738270,190,0,4519,9618,1,0,1
738271,65535,255,5411,-6970,0,0,0
738272,250,0,3827,-7316,1,0,1
738273,79,0,1440,-7672,1,0,1
738274,65535,255,1463,10020,0,0,0
738275,65535,255,3902,9679,0,0,0
738276,65535,255,5536,9381,0,0,0
738277,65535,255,4433,-7242,0,0,0
738278,65535,255,2330,-7531,0,0,0
738279,65535,255,501,9586,0,0,0
738280,65535,255,3177,9795,0,0,0
738281,65535,255,5061,9501,0,0,0
738282,65535,255,4960,-7113,0,0,0
738283,242,2,3132,-7467,1,0,1
738284,65535,255,499,-7940,0,0,0
738285,243,0,2353,9905,1,0,1
738286,65535,255,4513,9651,0,0,0
738287,65535,255,5417,-7011,0,0,0
738288,351,0,3835,-7291,1,0,1
738289,71,0,1456,-7693,1,0,1
738290,361,0,1440,10116,1,0,1
738291,65535,255,3882,9743,0,0,0
738292,203,2,5524,9402,1,0,1
738293,299,0,4444,-7176,1,0,1
738294,145,0,2350,-7623,1,0,1
738295,65535,255,469,10044,0,0,0
738296,203,0,3155,9875,1,0,1
738297,97,0,5049,9471,1,0,1
738298,65535,255,6291,9165,0,0,0
738299,210,0,3150,-7425,1,0,0
738300,65535,255,521,-7677,0,0,1
738301,65535,255,2333,9866,0,0,0
738302,65535,255,4499,9647,0,0,0
738303,65535,255,5929,9282,0,0,0
738304,0,0,0,0,0,0,0
738305,0,0,0,0,0,0,0
738306,65535,255,1419,10110,0,0,0
738307,65535,255,3866,9718,0,0,0
738308,65535,255,5514,9423,0,0,0
738309,65535,255,6604,9080,0,0,0
738310,0,0,0,0,0,0,0
738311,65535,255,448,10636,0,0,0
738312,69,2,3137,9800,1,0,1
738313,65535,255,5037,9516,0,0,0
738314,377,2,6284,9197,1,0,0
738315,65535,255,-32768,-32768,0,65535,1
738316,65535,255,540,-7370,0,0,0
738317,332,0,2315,9859,1,0,0
738318,313,0,4490,9623,1,0,1
738319,65535,255,5921,9267,0,0,0
738320,65535,255,6886,8962,0,0,1
738321,338,0,1495,-7555,1,0,1
738322,65535,255,1401,9980,0,0,0
738323,97,0,3854,9693,1,0,0
738324,65535,255,5503,9387,0,0,0
738325,238,0,6597,9085,1,0,0
738326,65535,255,-32768,-32768,0,65535,0
738327,65535,255,424,10433,0,0,0
738328,201,0,3123,9762,1,0,0
738329,197,0,5027,9487,1,0,0
738330,65535,255,6276,9172,0,0,0
738331,65535,255,-32768,-32768,0,65535,1
738332,72,0,562,-7679,1,0,0
738333,298,0,2296,9856,1,0,1
738334,190,0,4473,9633,1,0,0
738335,65535,255,5911,9269,0,0,0
738336,65535,255,6879,8968,0,0,0
738337,133,0,1517,-7619,1,0,0
738338,236,0,1378,10054,1,0,0
738339,65535,255,3838,9719,0,0,0
738340,65535,255,5494,9386,0,0,0
738341,65535,255,6590,9105,0,0,0
738342,105,0,2409,-7574,1,0,1
738343,245,2,406,9794,1,0,1
738344,65535,255,3105,9843,0,0,0
738345,65535,255,5016,9532,0,0,0
738346,65535,255,6267,9207,0,0,0
738347,65535,255,3199,-7389,0,0,0
738348,169,0,586,-7451,1,0,1
738349,65535,255,2274,9867,0,0,0
738350,65535,255,4462,9622,0,0,0
738351,41,2,5902,9327,1,0,0
738352,117,0,3891,-7268,1,0,1
738353,65535,255,1539,-7617,0,0,0
738354,65535,255,1356,10079,0,0,0
738355,65535,255,3822,9727,0,0,0
738356,20,2,5486,9396,1,0,0
738357,230,0,4493,-7173,1,0,1
738358,65535,255,2423,-7624,0,0,0
738359,213,0,384,10098,1,0,1
738360,65535,255,3088,9884,0,0,0
738361,115,0,5007,9479,1,0,1
738362,65535,255,5014,-7100,0,0,0
738363,145,0,3212,-7454,1,0,1
738364,0,0,0,0,0,0,0
738365,0,0,0,0,0,0,0
738366,0,0,0,0,0,0,0
738367,0,0,0,0,0,0,0
738368,0,0,0,0,0,0,0
738369,0,0,0,0,0,0,0
738370,0,0,0,0,0,0,0
738371,0,0,0,0,0,0,0
738372,0,0,0,0,0,0,0
738373,0,0,0,0,0,0,0
738374,0,0,0,0,0,0,0
738375,0,0,0,0,0,0,0
738376,0,0,0,0,0,0,0
738377,0,0,0,0,0,0,0
738378,0,0,0,0,0,0,0
738379,0,0,0,0,0,0,0
738380,0,0,0,0,0,0,0
738381,0,0,0,0,0,0,0
738382,0,0,0,0,0,0,0
738383,0,0,0,0,0,0,0
738384,0,0,0,0,0,0,0
738385,0,0,0,0,0,0,0
738386,0,0,0,0,0,0,0
738387,0,0,0,0,0,0,0
738388,0,0,0,0,0,0,0
738389,0,0,0,0,0,0,0
738390,0,0,0,0,0,0,0
738391,0,0,0,0,0,0,0
738392,0,0,0,0,0,0,0
738393,0,0,0,0,0,0,0
738394,0,0,0,0,0,0,0
738395,0,0,0,0,0,0,0
738396,0,0,0,0,0,0,0
738397,65535,255,2238,9904,0,0,0
738398,65535,255,4439,9632,0,0,0
738399,65535,255,5470,-7011,0,0,0
738400,0,0,0,0,0,0,0
738401,65535,255,1572,-7488,0,0,0
738402,102,0,1322,9982,1,0,1
738403,245,0,3798,9716,1,0,1
738404,65535,255,5471,9400,0,0,0
738405,65,2,4513,-7194,1,0,0
738406,156,0,2448,-7488,1,0,1
738407,198,0,357,9372,1,0,1
738408,65535,255,3065,9828,0,0,0
738409,65535,255,4989,9542,0,0,0
738410,164,0,5026,-7097,1,0,1
738411,199,0,3234,-7470,1,0,1
738412,65535,255,630,-7814,0,0,0
738413,65535,255,2233,10019,0,0,0
738414,65535,255,4436,9633,0,0,1
738415,65535,255,5471,-7015,0,0,0
738416,51,2,3920,-7337,1,0,0
738417,44,2,1576,-7548,1,0,0
738418,65535,255,1322,10083,0,0,0
738419,307,0,3798,9755,1,0,1
738420,206,0,5470,9428,1,0,0
738421,161,0,4514,-7237,1,0,0
738422,186,0,2448,-7592,1,0,1
738423,65535,255,354,10210,0,0,0
738424,65535,255,3065,9777,0,0,0
738425,65535,255,4989,9521,0,0,0
738426,230,0,5025,-7075,1,0,1
738427,65535,255,3234,-7450,0,0,0
738428,65535,255,626,-8043,0,0,0
738429,65535,255,2233,10019,0,0,0
738430,222,0,4436,9639,1,0,1
738431,132,0,5468,-6955,1,0,0
738432,175,0,3916,-7359,1,0,1
738433,0,0,0,0,0,0,0
738434,65535,255,1325,10084,0,0,0
738435,255,0,3803,9685,1,0,1
738436,141,0,5472,9391,1,0,1
738437,312,0,4507,-7195,1,0,1
738438,33,2,2443,-7515,1,0,0
738439,65535,255,360,9839,0,0,0
738440,107,0,3072,9833,1,0,0
738441,122,2,4993,9509,1,0,1
738442,129,0,5020,-7077,1,0,0
738443,65535,255,3225,-7432,0,0,1
738444,65535,255,620,-7353,0,0,0
738445,65535,255,2239,9904,0,0,0
738446,65535,255,4437,9620,0,0,0
738447,65535,255,5468,-6958,0,0,0
738448,65535,255,3916,-7285,0,0,0
738449,65535,255,1577,-7527,0,0,0
738450,136,0,1312,10188,1,0,0
738451,72,0,3791,9719,1,0,1
738452,65535,255,5461,9428,0,0,0
738453,324,0,4518,-7173,1,0,1
738454,0,0,0,0,0,0,0
738455,0,0,0,0,0,0,0
738456,65535,255,3045,9854,0,0,0
738457,34,2,4977,9508,1,0,0
738458,139,0,5039,-7098,1,0,1
738459,65535,255,3253,-7390,0,0,0
738460,65535,255,661,-8027,0,0,0
738461,323,0,2206,9879,1,0,1
738462,227,2,4415,9619,1,0,0
738463,371,0,5484,-6964,1,0,1
738464,338,0,3943,-7302,1,0,1
738465,263,0,1610,-7608,1,0,1
738466,210,0,1282,9938,1,0,1
738467,277,0,3765,9771,1,0,1
738468,65535,255,5447,9398,0,0,0
738469,276,0,4542,-7237,1,0,1
738470,65535,255,2493,-7483,0,0,0
738471,65535,255,301,10232,0,0,0
738472,0,0,0,0,0,0,0
738473,254,0,4962,9512,1,0,1
738474,323,0,5055,-7105,1,0,1
738475,65535,255,3275,-7424,0,0,0
738476,206,0,690,-7484,1,0,1
738477,272,0,2179,9971,1,0,1
738478,65535,255,4398,9667,0,0,0
738479,65535,255,5504,-6983,0,0,0
738480,199,0,3970,-7279,1,0,1
738481,65535,255,1649,-7569,0,0,0
738482,65535,255,1248,9986,0,0,0
738483,65535,255,3749,9705,0,0,0
738484,385,0,5437,9410,1,0,1
738485,401,0,4552,-7172,1,0,1
738486,65535,255,2513,-7563,0,0,0
738487,65535,255,285,9655,0,0,0
738488,346,0,3012,9843,1,0,1
738489,30,0,4958,9541,1,0,0
738490,103,0,5059,-7083,1,0,1
738491,65535,255,3280,-7420,0,0,0
738492,65535,255,684,-7731,0,0,0
738493,123,0,2185,9876,1,0,1
738494,65535,255,4405,9655,0,0,0
738495,175,2,5494,-6952,1,0,0
738496,65535,255,3955,-7327,0,0,0
738497,157,2,1622,-7470,1,0,0
738498,0,0,0,0,0,0,0
738499,65535,255,3769,9687,0,0,0
738500,65535,255,5451,9384,0,0,0
738501,0,0,0,0,0,0,0
738502,65535,255,2488,-7603,0,0,0
738503,88,2,313,10119,1,0,1
738504,65535,255,3035,9882,0,0,0
738505,65535,255,4976,9488,0,0,0
738506,65535,255,5044,-7117,0,0,0
738507,65535,255,3253,-7348,0,0,0
738508,65535,255,656,-7377,0,0,0
738509,65535,255,2211,10021,0,0,0
738510,65535,255,4425,9626,0,0,1
738511,85,0,5481,-7010,1,0,0
738512,65535,255,3932,-7309,0,0,0
738513,116,0,1589,-7780,1,0,1
738514,65535,255,1311,9933,0,0,0
738515,65535,255,3793,9699,0,0,0
738516,65535,255,5468,9386,0,0,0
738517,199,0,4514,-7185,1,0,0
738518,65535,255,2453,-7467,0,0,0
738519,65535,255,355,10683,0,0,0
738520,65535,255,3068,9816,0,0,0
738521,65535,255,4994,9534,0,0,0
