sdate,line_t,line_tmq,line_tvza,line_tvaa,line_tm2,line_QFDNB,line_tm_buf
735235,126,0,2119,10361,1,0,1
735236,137,0,4398,10601,1,0,1
735237,143,0,5859,10902,1,0,1
735238,99,0,4308,-8338,1,0,1
735239,92,0,1894,-7974,1,0,1
735240,123,0,1165,10100,1,0,1
735241,131,0,3751,10523,1,0,1
735242,65535,255,5447,10789,0,0,0
735243,65535,255,4903,-8469,0,0,0
735244,65535,255,2796,-8102,0,0,0
735245,65535,255,147,11194,0,0,0
735246,0,0,0,0,0,0,0
735247,62,0,4967,10750,1,0,1
735248,156,0,5413,-8513,1,0,1
735249,185,0,3591,-8202,1,0,1
735250,112,0,878,-7805,1,0,1
735251,155,0,2134,10363,1,0,0
735252,65535,255,4409,10603,0,0,0
735253,206,0,5862,10903,1,0,1
735254,163,0,4301,-8330,1,0,1
735255,65535,255,1889,-7956,0,0,0
735256,167,0,1165,10044,1,0,1
735257,100,0,3747,10507,1,0,1
735258,65535,255,5438,10841,0,0,0
735259,65535,255,4912,-8443,0,0,0
735260,198,0,2815,-8215,1,0,0
735261,157,0,121,10035,1,0,1
735262,101,0,2974,10393,1,0,1
735263,135,0,4950,10714,1,0,1
735264,183,0,5432,-8545,1,0,1
735265,93,0,3625,-8257,1,0,0
735266,109,0,930,-8104,1,0,0
735267,65535,255,2098,10252,0,0,1
735268,86,0,4382,10567,1,0,0
735269,110,0,5843,10920,1,0,1
735270,112,0,4327,-8308,1,0,1
735271,164,0,1931,-8127,1,0,1
735272,65535,255,1120,10002,0,0,0
735273,152,0,3715,10503,1,0,1
735274,65535,255,5421,10779,0,0,0
735275,65535,255,4933,-8457,0,0,1
735276,129,0,2843,-8086,1,0,1
735277,143,0,83,11596,1,0,1
735278,128,0,2940,10453,1,0,1
735279,65535,255,4932,10672,0,0,0
735280,167,0,5450,-8541,1,0,1
735281,106,0,3653,-8204,1,0,1
735282,153,0,964,-7931,1,0,1
735283,65535,255,2062,10184,0,0,0
735284,65535,255,4357,10648,0,0,0
735285,73,0,5829,10914,1,0,1
735286,65535,255,4351,-8346,0,0,0
735287,125,0,1963,-8093,1,0,1
735288,155,0,1086,10055,1,0,1
735289,65535,255,3691,10524,0,0,0
735290,65535,255,5404,10785,0,0,0
735291,65535,255,4951,-8460,0,0,0
735292,65535,255,2874,-8175,0,0,0
735293,88,0,48,12015,1,0,1
735294,166,0,2912,10428,1,0,1
735295,191,0,4911,10734,1,0,1
735296,182,0,5466,-8561,1,0,1
735297,75,0,3681,-8280,1,0,1
735298,136,0,1002,-7883,1,0,1
735299,128,0,2029,10322,1,0,1
735300,107,0,4338,10592,1,0,1
735301,174,0,5816,10901,1,0,0
735302,65535,255,4373,-8342,0,0,0
735303,144,0,1997,-8006,1,0,1
735304,65535,255,1051,10173,0,0,0
735305,146,0,3663,10552,1,0,1
735306,65535,255,5390,10806,0,0,0
735307,189,0,4972,-8491,1,0,1
735308,65535,255,2904,-8158,0,0,0
735309,65535,255,27,3461,0,0,0
735310,65535,255,2888,10371,0,0,0
735311,108,0,4895,10715,1,0,1
735312,65535,255,5481,-8554,0,0,0
735313,65535,255,3705,-8291,0,0,0
735314,65535,255,1029,-7778,0,0,0
735315,65535,255,2003,10384,0,0,0
735316,122,0,4320,10629,1,0,1
735317,65535,255,5806,10918,0,0,0
735318,65535,255,4393,-8401,0,0,0
735319,131,0,2023,-8099,1,0,1
735320,65535,255,1022,10071,0,0,0
735321,65535,255,3647,10542,0,0,0
735322,192,0,5379,10813,1,0,1
735323,65535,255,4983,-8422,0,0,0
735324,65535,255,2928,-8204,0,0,0
735325,65535,255,20,-13113,0,0,0
735326,140,0,2869,10467,1,0,1
735327,65535,255,4886,10685,0,0,0
735328,164,0,5493,-8538,1,0,1
735329,171,0,3717,-8268,1,0,1
735330,100,0,1052,-7752,1,0,1
735331,65535,255,1982,10399,0,0,0
735332,127,0,4311,10585,1,0,1
735333,107,2,5801,10888,1,0,1
735334,65535,255,4403,-8345,0,0,0
735335,65535,255,2038,-8075,0,0,0
735336,65535,255,1008,10105,0,0,0
735337,65535,255,3638,10526,0,0,0
735338,65535,255,5376,10812,0,0,0
735339,81,0,4992,-8434,1,0,1
735340,65535,255,2932,-8104,0,0,0
735341,143,0,43,-2196,1,0,1
735342,65535,255,2864,10391,0,0,0
735343,162,0,4883,10662,1,0,1
735344,176,0,5496,-8524,1,0,1
735345,65535,255,3724,-8269,0,0,0
735346,65535,255,1058,-7817,0,0,0
735347,65535,255,1982,10204,0,0,0
735348,135,0,4309,10587,1,0,1
735349,65535,255,5798,10922,0,0,0
735350,156,0,4407,-8403,1,0,1
735351,65535,255,2039,-8012,0,0,0
735352,65535,255,1004,10333,0,0,0
735353,149,0,3638,10518,1,0,1
735354,92,0,5373,10812,1,0,1
735355,105,0,4992,-8445,1,0,1
735356,65535,255,2933,-8130,0,0,0
735357,65535,255,24,-7536,0,0,0
735358,80,0,2865,10478,1,0,1
735359,65535,255,4883,10713,0,0,0
735360,187,0,5496,-8580,1,0,0
735361,165,0,3721,-8253,1,0,1
735362,143,0,1052,-7847,1,0,1
735363,143,0,1987,10255,1,0,1
735364,65535,255,4309,10615,0,0,0
735365,65535,255,5801,10885,0,0,0
735366,65535,255,4403,-8364,0,0,0
735367,130,0,2034,-8066,1,0,1
735368,65535,255,1016,10300,0,0,0
735369,65535,255,3642,10519,0,0,0
735370,65535,255,5376,10828,0,0,0
735371,65535,255,4987,-8476,0,0,0
735372,65535,255,2924,-8214,0,0,1
735373,65535,255,37,151,0,0,0
735374,85,0,2874,10436,1,0,1
735375,159,0,4889,10709,1,0,1
735376,65535,255,5488,-8562,0,0,0
735377,115,0,3709,-8283,1,0,1
735378,105,0,1034,-8037,1,0,1
735379,65535,255,1998,10385,0,0,1
735380,65535,255,4320,10583,0,0,0
735381,181,0,5807,10908,1,0,1
735382,65535,255,4387,-8362,0,0,0
735383,65535,255,2013,-7976,0,0,0
735384,95,0,1034,10370,1,0,1
735385,0,0,0,0,0,0,0
735386,65535,255,5387,10792,0,0,0
735387,33,0,4972,-8447,1,0,1
735388,34,0,2904,-8180,1,0,1
735389,65535,255,45,3315,0,0,0
735390,65535,255,2893,10449,0,0,0
735391,128,0,4902,10722,1,0,1
735392,152,2,5474,-8539,1,0,1
735393,147,0,3685,-8207,1,0,1
735394,125,2,1006,-7770,1,0,0
735395,65535,255,2024,10292,0,0,0
735396,65535,255,4337,10587,0,0,0
735397,0,0,0,0,0,0,0
735398,0,0,0,0,0,0,0
735399,65535,255,1981,-7987,0,0,0
735400,89,0,1069,9989,1,0,1
735401,96,2,3683,10476,1,0,1
735402,65535,255,5399,10819,0,0,0
735403,89,0,4954,-8482,1,0,1
735404,133,0,2872,-8100,1,0,1
735405,160,0,52,11216,1,0,1
735406,157,0,2922,10399,1,0,1
735407,135,0,4919,10704,1,0,1
735408,141,0,5457,-8526,1,0,1
735409,65535,255,3661,-8204,0,0,0
735410,140,0,971,-7795,1,0,1
735411,78,0,2061,10327,1,0,1
735412,65535,255,4361,10577,0,0,0
735413,65535,255,5833,10905,0,0,0
735414,152,0,4344,-8354,1,0,1
735415,65535,255,1950,-8117,0,0,0
735416,81,2,1102,10303,1,0,0
735417,65535,255,3707,10567,0,0,0
735418,111,0,5418,10804,1,0,1
735419,65535,255,4934,-8478,0,0,0
735420,65535,255,2838,-8106,0,0,0
735421,114,0,95,11429,1,0,1
735422,91,0,2955,10424,1,0,1
735423,135,0,4941,10725,1,0,1
735424,65535,255,5438,-8555,0,0,0
735425,88,0,3629,-8264,1,0,1
735426,101,0,930,-8069,1,0,1
735427,0,0,0,0,0,0,0
735428,0,0,0,0,0,0,0
735429,65535,255,5850,10932,0,0,0
735430,65535,255,4316,-8391,0,0,0
735431,128,2,1905,-8113,1,0,0
735432,140,0,1147,10332,1,0,1
735433,65535,255,3735,10571,0,0,0
735434,65535,255,5434,10803,0,0,0
735435,109,0,4917,-8464,1,0,1
735436,133,0,2821,-8110,1,0,1
735437,65535,255,109,10050,0,0,1
735438,65535,255,2969,10383,0,0,0
735439,165,0,4946,10704,1,0,1
735440,65535,255,5437,-8525,0,0,0
735441,129,0,3633,-8208,1,0,1
735442,65535,255,936,-7819,0,0,0
735443,65535,255,2087,10345,0,0,0
735444,65535,255,4378,10594,0,0,1
735445,126,2,5842,10896,1,0,1
735446,65535,255,4334,-8314,0,0,0
735447,140,0,1939,-8167,1,0,1
735448,65535,255,1114,10391,0,0,0
735449,91,0,3715,10472,1,0,1
735450,65535,255,5419,10828,0,0,0
735451,65535,255,4936,-8417,0,0,0
735452,103,0,2852,-8152,1,0,1
735453,65535,255,88,7706,0,0,0
735454,0,0,0,0,0,0,0
735455,104,0,4931,10679,1,0,1
735456,90,0,5453,-8531,1,0,1
735457,122,0,3658,-8239,1,0,1
735458,65535,255,965,-7828,0,0,0
735459,65535,255,2060,10359,0,0,0
735460,65535,255,4360,10610,0,0,0
735461,140,0,5832,10910,1,0,1
735462,65535,255,4352,-8350,0,0,0
735463,65535,255,1965,-8018,0,0,0
735464,65535,255,1085,10178,0,0,0
735465,65535,255,3694,10550,0,0,0
735466,65535,255,5409,10802,0,0,0
735467,65535,255,4953,-8481,0,0,0
735468,65535,255,2871,-8132,0,0,0
735469,100,0,67,6218,1,0,1
735470,65535,255,2926,10335,0,0,0
735471,65535,255,4919,10693,0,0,0
735472,112,0,5463,-8526,1,0,0
735473,65535,255,3673,-8237,0,0,0
735474,65535,255,988,-8035,0,0,0
735475,65535,255,2045,10263,0,0,0
735476,65535,255,4349,10575,0,0,0
735477,65535,255,5824,10895,0,0,0
735478,79,0,4366,-8332,1,0,1
735479,130,0,1981,-8004,1,0,1
735480,65535,255,1068,10176,0,0,0
735481,0,0,0,0,0,0,0
735482,65535,255,5400,10819,0,0,0
735483,65535,255,4959,-8427,0,0,0
735484,136,0,2885,-8199,1,0,1
735485,65535,255,34,10835,0,0,0
735486,65535,255,2907,10430,0,0,0
735487,65535,255,4912,10691,0,0,0
735488,110,0,5469,-8546,1,0,1
735489,65535,255,3681,-8222,0,0,0
735490,65535,255,1000,-8035,0,0,0
735491,64,0,2029,10261,1,0,1
735492,65535,255,4342,10588,0,0,0
735493,0,0,0,0,0,0,0
735494,65535,255,4373,-8365,0,0,0
735495,65535,255,1992,-8102,0,0,0
735496,65535,255,1059,10253,0,0,0
735497,96,0,3675,10515,1,0,1
735498,65535,255,5396,10799,0,0,0
735499,166,0,4964,-8450,1,0,1
735500,98,0,2890,-8188,1,0,0
735501,140,0,29,10946,1,0,1
735502,65535,255,2902,10451,0,0,0
735503,142,0,4907,10681,1,0,1
735504,151,0,5471,-8537,1,0,1
735505,104,0,3685,-8271,1,0,1
735506,132,2,1006,-7803,1,0,0
735507,0,0,0,0,0,0,0
735508,143,0,4339,10561,1,0,1
735509,65535,255,5816,10899,0,0,0
735510,50,0,4373,-8359,1,0,1
735511,65535,255,1992,-8117,0,0,0
735512,65535,255,1057,10019,0,0,0
735513,89,0,3671,10548,1,0,1
735514,65535,255,5393,10824,0,0,0
735515,69,0,4963,-8449,1,0,1
735516,65535,255,2886,-8122,0,0,0
735517,78,0,39,7227,1,0,1
735518,57,0,2903,10419,1,0,1
735519,156,0,4908,10681,1,0,1
735520,101,0,5467,-8541,1,0,1
735521,54,0,3681,-8302,1,0,1
735522,65535,255,1000,-7968,0,0,0
735523,65535,255,2035,10294,0,0,0
735524,99,0,4338,10621,1,0,1
735525,123,0,5818,10903,1,0,1
735526,145,0,4363,-8351,1,0,1
735527,65535,255,1981,-8132,0,0,0
735528,0,0,0,0,0,0,0
735529,65535,255,3683,10461,0,0,0
735530,65535,255,5401,10788,0,0,0
735531,111,0,4951,-8419,1,0,1
735532,65535,255,2876,-8088,0,0,1
735533,98,0,52,7284,1,0,1
735534,65535,255,2917,10443,0,0,0
735535,65535,255,4917,10700,0,0,0
735536,65535,255,5459,-8576,0,0,0
735537,114,2,3665,-8252,1,0,1
735538,112,2,976,-7829,1,0,1
735539,128,0,2050,10280,1,0,1
735540,65535,255,4353,10631,0,0,0
735541,65535,255,5828,10899,0,0,0
735542,65535,255,4353,-8395,0,0,0
735543,127,0,1960,-8032,1,0,1
735544,93,0,1097,10030,1,0,0
735545,0,0,0,0,0,0,0
735546,55,2,5412,10795,1,0,1
735547,67,2,4939,-8444,1,0,0
735548,115,0,2852,-8172,1,0,1
735549,65535,255,86,11550,0,0,0
735550,65535,255,2945,10425,0,0,0
735551,65535,255,4934,10709,0,0,0
735552,65535,255,5443,-8525,0,0,0
735553,91,0,3642,-8260,1,0,1
735554,100,0,943,-7803,1,0,1
735555,102,0,2087,10255,1,0,1
735556,117,0,4378,10641,1,0,1
735557,65535,255,5845,10920,0,0,0
735558,65535,255,4327,-8338,0,0,0
735559,65535,255,1933,-8130,0,0,0
735560,65535,255,1119,10185,0,0,0
735561,65535,255,3719,10499,0,0,0
735562,65535,255,5423,10821,0,0,1
735563,167,0,4933,-8465,1,0,1
735564,144,0,2848,-8204,1,0,1
735565,65535,255,96,7530,0,0,0
735566,119,2,2945,10436,1,0,1
735567,65535,255,4931,10714,0,0,0
735568,168,0,5450,-8516,1,0,1
735569,65535,255,3657,-8290,0,0,0
735570,117,0,965,-8066,1,0,0
735571,65535,255,2061,10423,0,0,0
735572,150,2,4360,10606,1,0,1
735573,136,2,5833,10891,1,0,1
735574,135,0,4356,-8388,1,0,1
735575,151,0,1965,-8048,1,0,1
735576,65535,255,1086,10119,0,0,0
735577,143,0,3694,10504,1,0,1
735578,65535,255,5408,10833,0,0,0
735579,158,0,4950,-8413,1,0,1
735580,67,0,2871,-8129,1,0,1
735581,95,0,53,13207,1,0,0
735582,129,0,2921,10422,1,0,1
735583,65535,255,4916,10722,0,0,0
735584,65535,255,5466,-8539,0,0,0
735585,65535,255,3676,-8227,0,0,0
735586,65535,255,993,-7932,0,0,0
735587,125,0,2039,10391,1,0,1
735588,0,0,0,0,0,0,0
735589,0,0,0,0,0,0,0
735590,0,0,0,0,0,0,0
735591,65535,255,1981,-7985,0,0,0
735592,137,0,1069,10085,1,0,1
735593,120,0,3681,10520,1,0,1
735594,65535,255,5400,10783,0,0,0
735595,65535,255,4959,-8452,0,0,0
735596,129,0,2889,-8211,1,0,1
735597,149,0,36,11719,1,0,1
735598,113,0,2912,10421,1,0,0
735599,169,0,4910,10732,1,0,0
735600,65535,255,5471,-8562,0,0,1
735601,89,0,3685,-8284,1,0,1
735602,65535,255,1000,-7733,0,0,0
735603,136,0,2029,10343,1,0,1
735604,65535,255,4342,10603,0,0,0
735605,65535,255,5820,10914,0,0,0
735606,160,0,4370,-8363,1,0,1
735607,119,0,1986,-8067,1,0,1
735608,113,0,1062,10335,1,0,1
735609,65535,255,3679,10470,0,0,0
735610,65535,255,5398,10841,0,0,0
735611,111,0,4959,-8452,1,0,1
735612,103,0,2885,-8087,1,0,1
735613,65535,255,48,14543,0,0,0
735614,65535,255,2912,10325,0,0,0
735615,129,0,4910,10700,1,0,1
735616,65535,255,5468,-8543,0,0,0
735617,111,0,3677,-8275,1,0,0
735618,65535,255,994,-7731,0,0,0
735619,65535,255,2034,10375,0,0,0
735620,173,0,4342,10637,1,0,0
735621,92,0,5820,10924,1,0,1
735622,0,0,0,0,0,0,0
735623,83,0,1981,-8017,1,0,1
735624,150,0,1068,10148,1,0,1
735625,144,0,3679,10526,1,0,1
735626,164,0,5398,10788,1,0,1
735627,65535,255,4957,-8457,0,0,0
735628,150,0,2886,-8239,1,0,1
735629,113,0,34,10805,1,0,1
735630,157,0,2907,10411,1,0,1
735631,138,0,4907,10722,1,0,1
735632,151,0,5467,-8548,1,0,0
735633,154,0,3681,-8268,1,0,1
735634,153,0,1000,-8132,1,0,1
735635,111,0,2029,10359,1,0,1
735636,159,0,4339,10610,1,0,1
735637,204,2,5819,10915,1,0,0
735638,152,0,4367,-8362,1,0,1
735639,141,0,1986,-8066,1,0,1
735640,132,0,1063,10303,1,0,1
735641,154,0,3679,10470,1,0,1
735642,65535,255,5396,10836,0,0,0
735643,65535,255,4957,-8446,0,0,0
735644,65535,255,2881,-8140,0,0,0
735645,65535,255,48,13590,0,0,0
735646,65535,255,2912,10477,0,0,0
735647,103,0,4913,10685,1,0,0
735648,65535,255,5462,-8533,0,0,0
735649,65535,255,3673,-8259,0,0,0
735650,65535,255,992,-8072,0,0,0
735651,65535,255,2040,10360,0,0,0
735652,65535,255,4346,10625,0,0,0
735653,149,0,5821,10937,1,0,1
735654,112,0,4356,-8314,1,0,1
735655,65535,255,1971,-7999,0,0,0
735656,76,0,1080,10274,1,0,1
735657,122,0,3691,10481,1,0,0
735658,65535,255,5407,10786,0,0,0
735659,65535,255,4947,-8447,0,0,0
735660,65535,255,2867,-8205,0,0,0
735661,65535,255,67,12019,0,0,0
735662,146,0,2931,10350,1,0,1
735663,65535,255,4922,10725,0,0,0
735664,65535,255,5451,-8516,0,0,0
735665,65535,255,3653,-8256,0,0,0
735666,147,0,959,-7821,1,0,1
735667,149,0,2071,10238,1,0,1
735668,65535,255,4368,10602,0,0,0
735669,65535,255,5835,10941,0,0,0
735670,83,0,4338,-8345,1,0,1
735671,130,0,1944,-8045,1,0,1
735672,65535,255,1102,10246,0,0,0
735673,65535,255,3702,10467,0,0,0
735674,149,0,5412,10826,1,0,1
735675,65535,255,4945,-8421,0,0,0
735676,65535,255,2867,-8193,0,0,0
735677,129,0,57,9977,1,0,1
735678,162,0,2922,10424,1,0,1
735679,102,0,4916,10746,1,0,1
735680,65535,255,5465,-8556,0,0,0
735681,113,0,3673,-8209,1,0,1
735682,131,0,999,-8032,1,0,1
735683,65535,255,2034,10281,0,0,0
735684,0,0,0,0,0,0,0
735685,65535,255,5815,10923,0,0,0
735686,168,0,4377,-8388,1,0,1
735687,65535,255,1999,-8030,0,0,0
735688,65535,255,1045,10145,0,0,0
735689,65535,255,3666,10461,0,0,0
735690,65535,255,5389,10780,0,0,0
735691,65535,255,4975,-8470,0,0,0
735692,65535,255,2909,-8176,0,0,0
735693,65535,255,11,16381,0,0,0
735694,98,0,2884,10322,1,0,1
735695,186,0,4892,10719,1,0,1
735696,0,0,0,0,0,0,0
735697,0,0,0,0,0,0,0
735698,65535,255,1041,-7744,0,0,0
735699,65535,255,1998,10211,0,0,0
735700,82,0,4316,10593,1,0,1
735701,111,0,5801,10932,1,0,1
735702,165,0,4400,-8334,1,0,1
735703,126,0,2033,-8102,1,0,1
735704,90,0,1010,10106,1,0,1
735705,152,0,3642,10473,1,0,1
735706,65535,255,5373,10803,0,0,0
735707,144,0,4992,-8440,1,0,1
735708,65535,255,2933,-8146,0,0,0
735709,65535,255,29,-11183,0,0,0
735710,149,0,2860,10373,1,0,0
735711,99,0,4880,10678,1,0,0
735712,117,0,5499,-8558,1,0,1
735713,147,0,3725,-8241,1,0,1
735714,65535,255,1063,-7877,0,0,0
735715,83,0,1971,10323,1,0,1
735716,155,0,4302,10565,1,0,1
735717,0,0,0,0,0,0,0
735718,65535,255,4410,-8348,0,0,0
735719,65535,255,2049,-7945,0,0,1
735720,0,0,0,0,0,0,0
735721,65535,255,3630,10446,0,0,0
735722,65535,255,5368,10797,0,0,0
735723,45,0,4999,-8452,1,0,1
735724,91,2,2942,-8200,1,0,0
735725,61,0,43,-4371,1,0,1
735726,138,0,2855,10318,1,0,1
735727,65535,255,4874,10666,0,0,0
735728,65535,255,5501,-8558,0,0,0
735729,65535,255,3733,-8266,0,0,0
735730,181,0,1069,-8034,1,0,1
735731,189,0,1972,10192,1,0,1
735732,129,0,4298,10625,1,0,1
735733,65535,255,5791,10913,0,0,0
735734,65535,255,4410,-8342,0,0,0
735735,65535,255,2049,-7977,0,0,0
735736,0,0,0,0,0,0,0
735737,65535,255,3630,10497,0,0,0
735738,157,0,5367,10804,1,0,1
735739,62,0,4996,-8430,1,0,1
735740,65535,255,2942,-8190,0,0,0
735741,65535,255,38,-3893,0,0,0
735742,66,0,2855,10352,1,0,0
735743,127,0,4874,10695,1,0,1
735744,65535,255,5497,-8525,0,0,0
735745,0,0,0,0,0,0,0
735746,123,2,1063,-7940,1,0,0
735747,98,0,1973,10321,1,0,1
735748,166,0,4302,10632,1,0,1
735749,65535,255,5794,10923,0,0,0
735750,0,0,0,0,0,0,0
735751,65535,255,2038,-8070,0,0,0
735752,70,2,1004,10271,1,0,1
735753,91,2,3639,10448,1,0,1
735754,65535,255,5371,10822,0,0,0
735755,79,0,4987,-8423,1,0,1
735756,84,0,2928,-8178,1,0,1
735757,65535,255,26,-3290,0,0,0
735758,138,0,2865,10385,1,0,1
735759,65535,255,4884,10719,0,0,0
735760,182,0,5489,-8551,1,0,1
735761,65535,255,3713,-8271,0,0,0
735762,65535,255,1045,-8043,0,0,0
735763,65535,255,1992,10325,0,0,0
735764,65535,255,4313,10601,0,0,0
735765,65535,255,5802,10912,0,0,0
735766,65535,255,4394,-8365,0,0,0
735767,65535,255,2023,-8084,0,0,0
735768,87,0,1028,10370,1,0,1
735769,65535,255,3651,10484,0,0,0
735770,65535,255,5381,10796,0,0,0
735771,181,0,4975,-8459,1,0,1
735772,65535,255,2909,-8100,0,0,0
735773,106,0,44,-7624,1,0,1
735774,65535,255,2889,10334,0,0,0
735775,65535,255,4896,10699,0,0,0
735776,139,0,5479,-8544,1,0,1
735777,57,0,3697,-8269,1,0,0
735778,65535,255,1018,-7736,0,0,0
735779,65535,255,2014,10375,0,0,0
735780,65535,255,4327,10624,0,0,0
735781,65535,255,5811,10935,0,0,0
735782,65535,255,4377,-8356,0,0,0
735783,65535,255,1999,-8055,0,0,0
735784,65535,255,1045,10305,0,0,0
735785,36,2,3663,10542,1,0,1
735786,65535,255,5389,10812,0,0,0
735787,65535,255,4969,-8414,0,0,0
735788,182,0,2900,-8109,1,0,1
735789,102,0,17,9597,1,0,0
735790,121,0,2893,10357,1,0,1
735791,65535,255,4899,10672,0,0,0
735792,129,0,5479,-8558,1,0,1
735793,65535,255,3697,-8244,0,0,0
735794,65535,255,1022,-7868,0,0,0
735795,65535,255,2008,10326,0,0,0
735796,65535,255,4328,10570,0,0,0
735797,65535,255,5809,10931,0,0,0
735798,51,0,4383,-8356,1,0,1
735799,88,0,2007,-7971,1,0,1
735800,130,0,1039,10294,1,0,0
735801,142,0,3662,10453,1,0,0
735802,65535,255,5388,10807,0,0,0
735803,65535,255,4972,-8458,0,0,0
735804,107,2,2909,-8207,1,0,0
735805,65535,255,27,3563,0,0,0
735806,65535,255,2888,10471,0,0,0
735807,179,0,4895,10743,1,0,1
735808,65535,255,5479,-8548,0,0,0
735809,65535,255,3697,-8236,0,0,0
735810,65535,255,1023,-7901,0,0,0
735811,119,0,2024,10215,1,0,1
735812,123,2,4338,10636,1,0,1
735813,147,0,5823,10919,1,0,1
735814,109,0,4360,-8355,1,0,1
735815,102,0,1965,-7999,1,0,0
735816,115,0,1097,10062,1,0,0
735817,85,0,3707,10498,1,0,1
735818,65535,255,5419,10840,0,0,0
735819,0,0,0,0,0,0,0
735820,65535,255,2838,-8070,0,0,0
735821,125,0,96,8626,1,0,1
735822,94,0,2950,10458,1,0,1
735823,65535,255,4937,10715,0,0,0
735824,65535,255,5445,-8515,0,0,1
735825,164,0,3649,-8280,1,0,1
735826,65535,255,953,-7995,0,0,0
735827,143,0,2071,10346,1,0,0
735828,65535,255,4367,10568,0,0,0
735829,65535,255,5835,10922,0,0,0
735830,65535,255,4348,-8333,0,0,0
735831,163,0,1954,-8129,1,0,1
735832,137,0,1097,10213,1,0,1
735833,78,0,3702,10513,1,0,1
735834,195,2,5412,10829,1,0,0
735835,65535,255,4947,-8477,0,0,1
735836,141,0,2866,-8227,1,0,1
735837,65535,255,63,7798,0,0,0
735838,65535,255,2926,10477,0,0,0
735839,151,0,4921,10729,1,0,1
735840,65535,255,5461,-8533,0,0,0
735841,176,0,3669,-8202,1,0,1
735842,65535,255,983,-7754,0,0,0
735843,65535,255,2045,10249,0,0,0
735844,113,0,4349,10631,1,0,1
735845,167,0,5825,10911,1,0,1
735846,117,0,4363,-8317,1,0,1
735847,164,0,1981,-8131,1,0,1
735848,76,0,1068,10242,1,0,1
735849,178,0,3682,10535,1,0,1
735850,65535,255,5401,10779,0,0,0
735851,157,0,4960,-8430,1,0,1
735852,153,0,2885,-8152,1,0,1
735853,114,0,52,9296,1,0,1
735854,65535,255,2922,10462,0,0,0
735855,65535,255,4919,10703,0,0,0
735856,65535,255,5461,-8569,0,0,0
735857,65535,255,3668,-8230,0,0,0
735858,91,0,982,-7858,1,0,1
735859,70,2,2050,10211,1,0,0
735860,65535,255,4353,10582,0,0,0
735861,65535,255,5828,10925,0,0,1
735862,65535,255,4356,-8325,0,0,0
735863,147,0,1970,-8085,1,0,1
735864,162,0,1086,10056,1,0,1
735865,65535,255,3695,10461,0,0,0
735866,65535,255,5409,10791,0,0,0
735867,91,0,4948,-8426,1,0,1
735868,169,0,2866,-8110,1,0,1
735869,150,0,61,12181,1,0,1
735870,65535,255,2926,10377,0,0,0
735871,65535,255,4922,10671,0,0,0
735872,45,0,5459,-8573,1,0,0
735873,86,0,3669,-8270,1,0,1
735874,140,0,988,-8001,1,0,1
735875,138,0,2040,10388,1,0,1
735876,65535,255,4346,10594,0,0,0
735877,185,0,5821,10886,1,0,1
735878,127,0,4370,-8385,1,0,0
735879,113,0,1986,-8053,1,0,1
735880,135,0,1057,10111,1,0,1
735881,0,0,0,0,0,0,0
735882,162,0,5393,10784,1,0,1
735883,151,0,4966,-8440,1,0,1
735884,65535,255,2900,-8179,0,0,0
735885,65535,255,35,4032,0,0,0
735886,131,0,2889,10482,1,0,1
735887,54,0,4899,10666,1,0,1
735888,116,0,5464,-8552,1,0,1
735889,90,0,3671,-8242,1,0,1
735890,65535,255,982,-7939,0,0,0
735891,56,0,2045,10382,1,0,1
735892,183,0,4353,10603,1,0,1
735893,65535,255,5829,10899,0,0,0
735894,65535,255,4349,-8329,0,0,0
735895,65535,255,1955,-8047,0,0,0
735896,65535,255,1103,9994,0,0,0
735897,65535,255,3707,10482,0,0,0
735898,65535,255,5418,10832,0,0,0
735899,92,0,4933,-8435,1,0,1
735900,78,0,2839,-8200,1,0,1
735901,65535,255,98,9694,0,0,0
735902,114,0,2964,10387,1,0,1
735903,65535,255,4943,10697,0,0,0
735904,65535,255,5439,-8546,0,0,0
735905,106,0,3637,-8288,1,0,1
735906,162,0,942,-8111,1,0,1
735907,65535,255,2087,10201,0,0,0
735908,65535,255,4375,10620,0,0,0
735909,65535,255,5840,10903,0,0,0
735910,99,0,4334,-8320,1,0,1
735911,125,0,1939,-8155,1,0,1
735912,164,0,1114,10326,1,0,1
735913,119,0,3713,10475,1,0,1
735914,162,0,5422,10804,1,0,1
735915,65535,255,4933,-8472,0,0,0
735916,65535,255,2824,-8103,0,0,0
735917,65535,255,107,11602,0,0,0
735918,0,0,0,0,0,0,0
735919,65535,255,4947,10666,0,0,0
735920,146,0,5440,-8579,1,0,1
735921,155,2,3637,-8280,1,0,1
735922,65535,255,942,-7867,0,0,0
735923,65535,255,2085,10235,0,0,0
735924,187,0,4375,10642,1,0,1
735925,158,0,5841,10900,1,0,1
735926,65535,255,4339,-8347,0,0,0
735927,69,0,1938,-7955,1,0,0
735928,151,0,1108,10142,1,0,1
735929,65535,255,3710,10558,0,0,0
735930,174,0,5420,10818,1,0,1
735931,168,2,4938,-8438,1,0,1
735932,65535,255,2856,-8220,0,0,0
735933,65535,255,84,12866,0,0,0
735934,65535,255,2945,10349,0,0,0
735935,65535,255,4931,10718,0,0,0
735936,65535,255,5456,-8572,0,0,0
735937,65535,255,3657,-8213,0,0,0
735938,65535,255,970,-8111,0,0,0
735939,65535,255,2061,10333,0,0,0
735940,65535,255,4364,10634,0,0,0
735941,65535,255,5835,10884,0,0,0
735942,177,0,4352,-8352,1,0,1
735943,0,0,0,0,0,0,0
735944,185,0,1096,10027,1,0,1
735945,171,0,3698,10540,1,0,1
735946,166,0,5414,10831,1,0,0
735947,133,0,4947,-8473,1,0,1
735948,65535,255,2866,-8184,0,0,0
735949,65535,255,67,12014,0,0,0
735950,140,0,2935,10359,1,0,1
735951,139,0,4930,10675,1,0,1
735952,65535,255,5458,-8544,0,0,0
735953,169,0,3664,-8318,1,0,1
735954,65535,255,971,-8146,0,0,0
735955,0,0,0,0,0,0,0
735956,189,0,4363,10588,1,0,1
735957,65535,255,5836,10885,0,0,0
735958,65535,255,4352,-8365,0,0,0
735959,127,0,1954,-7975,1,0,1
735960,158,0,1097,10383,1,0,1
735961,65535,255,3706,10445,0,0,0
735962,140,0,5420,10790,1,0,1
735963,65535,255,4941,-8444,0,0,0
735964,145,0,2857,-8172,1,0,1
735965,202,0,93,7406,1,0,1
735966,65535,255,2945,10435,0,0,0
735967,65535,255,4934,10714,0,0,0
735968,65535,255,5450,-8536,0,0,0
735969,156,0,3648,-8210,1,0,0
735970,183,0,953,-7762,1,0,1
735971,0,0,0,0,0,0,0
735972,65535,255,4375,10557,0,0,0
735973,65535,255,5841,10929,0,0,0
735974,65535,255,4337,-8369,0,0,0
735975,161,0,1932,-8021,1,0,1
735976,65535,255,1125,10115,0,0,0
735977,65535,255,3722,10505,0,0,0
735978,65535,255,5429,10803,0,0,0
735979,65535,255,4926,-8441,0,0,0
735980,65535,255,2833,-8191,0,0,1
735981,83,0,112,8842,1,0,0
735982,157,0,2968,10342,1,0,1
735983,139,0,4952,10679,1,0,1
735984,65535,255,5434,-8533,0,0,0
735985,126,0,3624,-8243,1,0,1
735986,65535,255,918,-7787,0,0,0
735987,65535,255,2108,10339,0,0,0
735988,65535,255,4395,10594,0,0,0
735989,135,2,5857,10899,1,0,0
735990,65535,255,4312,-8333,0,0,0
735991,84,0,1894,-7964,1,0,1
735992,121,0,1165,10066,1,0,1
735993,107,0,3751,10509,1,0,1
735994,175,0,5447,10778,1,0,1
735995,65535,255,4903,-8459,0,0,0
735996,65535,255,2796,-8086,0,0,0
735997,130,0,152,10943,1,0,0
735998,65535,255,3002,10442,0,0,0
735999,188,0,4970,10744,1,0,1
736000,165,0,5415,-8568,1,0,1
736001,157,0,3599,-8312,1,0,1
736002,128,0,884,-7739,1,0,1
736003,162,0,2134,10326,1,0,1
736004,175,0,4409,10591,1,0,1
736005,175,0,5862,10901,1,0,1
736006,65535,255,4301,-8337,0,0,0
736007,148,0,1888,-7980,1,0,1
736008,0,0,0,0,0,0,0
736009,65535,255,3747,10539,0,0,0
736010,65535,255,5442,10796,0,0,0
736011,65535,255,4909,-8482,0,0,0
736012,65535,255,2806,-8132,0,0,0
736013,65535,255,138,8592,0,0,0
736014,104,0,2988,10346,1,0,0
736015,65535,255,4959,10698,0,0,0
736016,129,0,5426,-8541,1,0,0
736017,223,0,3616,-8263,1,0,1
736018,65535,255,913,-8185,0,0,0
736019,65535,255,2114,10324,0,0,0
736020,109,0,4395,10601,1,0,1
736021,199,0,5853,10916,1,0,1
736022,0,0,0,0,0,0,0
736023,65535,255,1911,-8138,0,0,0
736024,113,0,1149,10003,1,0,1
736025,65535,255,3735,10515,0,0,0
736026,65535,255,5434,10797,0,0,0
736027,65535,255,4916,-8454,0,0,0
736028,65535,255,2819,-8189,0,0,0
736029,65535,255,116,10327,0,0,0
736030,65535,255,2974,10440,0,0,0
736031,65535,255,4952,10680,0,0,0
736032,65535,255,5432,-8537,0,0,0
736033,173,0,3625,-8272,1,0,1
736034,157,0,918,-7751,1,0,1
736035,65535,255,2104,10360,0,0,0
736036,120,0,4392,10556,1,0,1
736037,65535,255,5850,10898,0,0,0
736038,65535,255,4320,-8367,0,0,0
736039,65535,255,1916,-8139,0,0,0
736040,65535,255,1142,10061,0,0,0
736041,138,0,3731,10555,1,0,1
736042,162,2,5434,10833,1,0,1
736043,65535,255,4918,-8466,0,0,0
736044,137,0,2819,-8155,1,0,1
736045,65535,255,115,10041,0,0,0
736046,109,2,2974,10461,1,0,0
736047,65535,255,4952,10702,0,0,0
736048,65535,255,5432,-8566,0,0,0
736049,65535,255,3620,-8221,0,0,0
736050,126,0,918,-8184,1,0,1
736051,150,0,2108,10400,1,0,1
736052,192,0,4395,10570,1,0,1
736053,106,0,5855,10913,1,0,1
736054,65535,255,4312,-8311,0,0,0
736055,65535,255,1905,-8034,0,0,0
736056,84,0,1154,9978,1,0,1
736057,105,0,3743,10557,1,0,1
736058,119,0,5440,10807,1,0,1
736059,65535,255,4912,-8415,0,0,0
736060,65535,255,2805,-8075,0,0,0
736061,65535,255,135,9071,0,0,0
736062,88,0,2988,10452,1,0,1
736063,98,0,4964,10710,1,0,1
736064,190,0,5423,-8520,1,0,1
736065,0,0,0,0,0,0,0
736066,87,0,894,-8002,1,0,1
736067,65535,255,2129,10372,0,0,0
736068,65535,255,4409,10572,0,0,0
736069,65535,255,5864,10928,0,0,0
736070,0,0,0,0,0,0,0
736071,65535,255,1878,-7970,0,0,0
736072,65535,255,1176,10325,0,0,0
736073,97,0,3763,10551,1,0,1
736074,156,0,5455,10785,1,0,1
736075,76,0,4896,-8440,1,0,1
736076,81,2,2782,-8173,1,0,1
736077,65535,255,173,9030,0,0,0
736078,65535,255,3016,10444,0,0,0
736079,65535,255,4982,10724,0,0,0
736080,158,2,5407,-8545,1,0,1
736081,79,0,3577,-8231,1,0,1
736082,82,0,854,-7882,1,0,1
736083,162,0,2166,10360,1,0,1
736084,53,0,4432,10589,1,0,1
736085,65535,255,5850,-8645,0,0,0
736086,181,0,4283,-8380,1,0,1
736087,65535,255,1855,-7973,0,0,0
736088,65535,255,1198,10381,0,0,0
736089,117,0,3775,10561,1,0,1
736090,65535,255,5461,10787,0,0,0
736091,107,0,4893,-8434,1,0,1
736092,100,0,2782,-8139,1,0,1
736093,65535,255,163,10877,0,0,0
736094,65535,255,3011,10392,0,0,0
736095,65535,255,4976,10691,0,0,0
736096,65535,255,5418,-8576,0,0,0
736097,77,0,3598,-8276,1,0,1
736098,94,0,889,-8076,1,0,1
736099,65535,255,2136,10364,0,0,0
736100,160,0,4409,10611,1,0,1
736101,169,0,5864,10898,1,0,1
736102,0,0,0,0,0,0,0
736103,65535,255,1894,-8118,0,0,0
736104,65535,255,1164,10267,0,0,0
736105,98,2,3747,10541,1,0,1
736106,65535,255,5444,10788,0,0,0
736107,84,0,4911,-8448,1,0,1
736108,65535,255,2810,-8198,0,0,0
736109,95,0,135,9072,1,0,1
736110,65535,255,2983,10336,0,0,0
736111,192,0,4958,10677,1,0,1
736112,113,0,5431,-8575,1,0,1
736113,119,0,3620,-8296,1,0,1
736114,65535,255,918,-8185,0,0,1
736115,65535,255,2108,10263,0,0,0
736116,65535,255,4389,10648,0,0,1
736117,90,0,5852,10930,1,0,1
736118,65535,255,4323,-8372,0,0,0
736119,86,0,1916,-8051,1,0,1
736120,162,0,1137,10178,1,0,1
736121,65535,255,3731,10532,0,0,0
736122,83,0,5431,10786,1,0,1
736123,65535,255,4923,-8455,0,0,0
736124,97,0,2829,-8233,1,0,1
736125,72,0,104,10035,1,0,1
736126,136,0,2964,10397,1,0,1
736127,65535,255,4946,10713,0,0,0
736128,120,0,5437,-8542,1,0,0
736129,108,0,3633,-8247,1,0,1
736130,0,0,0,0,0,0,0
736131,65,2,2093,10231,1,0,0
736132,65535,255,4376,10610,0,0,0
736133,121,0,5843,10936,1,0,1
736134,119,0,4331,-8394,1,0,1
736135,65535,255,1933,-8139,0,0,1
736136,149,0,1120,10385,1,0,1
736137,105,0,3719,10474,1,0,1
736138,65535,255,5423,10836,0,0,0
736139,47,0,4930,-8440,1,0,1
736140,69,0,2839,-8223,1,0,1
736141,65535,255,92,10380,0,0,0
736142,65535,255,2954,10417,0,0,1
736143,65535,255,4938,10734,0,0,0
736144,194,0,5443,-8572,1,0,1
736145,123,0,3641,-8306,1,0,1
736146,65535,255,947,-7795,0,0,0
736147,104,0,2077,10384,1,0,1
736148,65535,255,4371,10625,0,0,0
736149,65535,255,5838,10926,0,0,0
736150,65535,255,4338,-8388,0,0,0
736151,86,0,1938,-8122,1,0,1
736152,134,0,1111,10161,1,0,1
736153,65535,255,3711,10497,0,0,0
736154,201,0,5420,10783,1,0,1
736155,65535,255,4933,-8468,0,0,0
736156,65535,255,2843,-8124,0,0,0
736157,60,2,96,7535,1,0,0
736158,51,2,2950,10353,1,0,1
736159,65535,255,4935,10706,0,0,0
736160,68,2,5446,-8553,1,0,1
736161,41,0,3645,-8290,1,0,1
736162,139,0,948,-7759,1,0,1
736163,200,0,2077,10384,1,0,1
736164,93,0,4372,10632,1,0,1
736165,115,0,5838,10935,1,0,1
736166,0,0,0,0,0,0,0
736167,143,0,1938,-7969,1,0,1
736168,120,0,1114,10146,1,0,1
736169,65535,255,3712,10507,0,0,0
736170,65535,255,5420,10826,0,0,0
736171,102,0,4933,-8441,1,0,1
736172,95,0,2844,-8122,1,0,1
736173,204,0,92,12217,1,0,0
736174,65535,255,2955,10332,0,0,0
736175,189,0,4938,10706,1,0,1
736176,65535,255,5445,-8553,0,0,0
736177,65535,255,3645,-8297,0,0,0
736178,65535,255,947,-7863,0,0,0
736179,65535,255,2082,10198,0,0,0
736180,65535,255,4375,10566,0,0,0
736181,33,0,5843,10897,1,0,1
736182,31,0,4334,-8360,1,0,1
736183,65535,255,1938,-8104,0,0,0
736184,144,0,1120,9968,1,0,1
736185,253,0,3718,10522,1,0,1
736186,65535,255,5425,10808,0,0,0
736187,0,0,0,0,0,0,0
736188,172,0,2838,-8233,1,0,1
736189,65535,255,98,12094,0,0,0
736190,65535,255,2959,10344,0,0,0
736191,428,0,4943,10718,1,0,1
736192,65535,255,5442,-8571,0,0,0
736193,76,0,3636,-8215,1,0,1
736194,97,0,935,-8074,1,0,1
736195,146,2,2092,10323,1,0,1
736196,65535,255,4382,10620,0,0,0
736197,350,0,5847,10937,1,0,1
736198,360,0,4330,-8333,1,0,1
736199,288,0,1927,-8053,1,0,1
736200,289,0,1131,10385,1,0,1
736201,65535,255,3731,10516,0,0,0
736202,247,0,5433,10810,1,0,0
736203,320,0,4923,-8438,1,0,1
736204,65535,255,2824,-8088,0,0,0
736205,159,0,116,8298,1,0,1
736206,65535,255,2973,10398,0,0,0
736207,65535,255,4953,10709,0,0,0
736208,228,0,5434,-8531,1,0,1
736209,65535,255,3624,-8278,0,0,0
736210,65535,255,918,-7857,0,0,1
736211,102,0,2108,10249,1,0,1
736212,65535,255,4395,10596,0,0,0
736213,65535,255,5854,10926,0,0,0
736214,65535,255,4315,-8324,0,0,0
736215,59,0,1905,-8050,1,0,1
736216,65535,255,1151,10161,0,0,0
736217,375,0,3742,10541,1,0,1
736218,391,0,5441,10826,1,0,1
736219,351,0,4914,-8464,1,0,1
736220,399,0,2810,-8164,1,0,1
736221,65535,255,133,10557,0,0,0
736222,238,2,2990,10377,1,0,1
736223,65535,255,4964,10717,0,0,0
736224,46,2,5423,-8522,1,0,1
736225,445,0,3607,-8260,1,0,1
736226,291,0,895,-7778,1,0,1
736227,392,0,2134,10238,1,0,1
736228,65535,255,4409,10599,0,0,0
736229,204,0,5864,10933,1,0,1
736230,264,0,4301,-8348,1,0,1
736231,373,0,1877,-7995,1,0,1
736232,220,0,1182,10098,1,0,1
736233,376,0,3759,10518,1,0,1
736234,341,0,5453,10784,1,0,1
736235,65535,255,4902,-8458,0,0,0
736236,65535,255,2796,-8242,0,0,0
736237,353,0,145,10280,1,0,1
736238,65535,255,2997,10411,0,0,0
736239,145,0,4967,10722,1,0,1
736240,65535,255,5420,-8554,0,0,0
736241,310,0,3607,-8269,1,0,1
736242,65535,255,901,-8187,0,0,0
736243,420,0,2124,10295,1,0,1
736244,327,0,4402,10577,1,0,1
736245,196,2,5859,10893,1,0,0
736246,366,0,4308,-8331,1,0,1
736247,65535,255,1894,-7962,0,0,0
736248,65535,255,1159,10123,0,0,0
736249,340,0,3743,10532,1,0,1
736250,243,0,5440,10797,1,0,1
736251,323,0,4911,-8481,1,0,1
736252,65535,255,2810,-8143,0,0,0
736253,65535,255,132,8523,0,0,0
736254,65535,255,2983,10347,0,0,0
736255,302,0,4956,10698,1,0,1
736256,244,0,5429,-8541,1,0,1
736257,65535,255,3616,-8262,0,0,0
736258,212,0,918,-8186,1,0,1
736259,92,0,2108,10322,1,0,1
736260,349,0,4393,10601,1,0,1
736261,179,0,5853,10913,1,0,1
736262,65535,255,4316,-8378,0,0,0
736263,366,0,1911,-8120,1,0,1
736264,352,0,1146,10186,1,0,1
736265,409,0,3735,10508,1,0,1
736266,397,0,5434,10791,1,0,1
736267,65535,255,4918,-8483,0,0,0
736268,390,0,2819,-8166,1,0,1
736269,65535,255,116,9468,0,0,0
736270,221,0,2974,10409,1,0,1
736271,396,0,4950,10741,1,0,1
736272,0,0,0,0,0,0,0
736273,193,0,3620,-8228,1,0,1
736274,65535,255,918,-7967,0,0,0
736275,272,0,2103,10386,1,0,1
736276,204,0,4386,10595,1,0,1
736277,65535,255,5848,10891,0,0,0
736278,72,2,4324,-8363,1,0,1
736279,65535,255,1921,-8121,0,0,0
736280,132,2,1131,10266,1,0,1
736281,65535,255,3723,10555,0,0,0
736282,65535,255,5426,10794,0,0,0
736283,476,0,4927,-8462,1,0,1
736284,65535,255,2838,-8234,0,0,0
736285,124,0,99,10015,1,0,1
736286,65535,255,2955,10375,0,0,0
736287,65535,255,4941,10701,0,0,0
736288,64,0,5443,-8529,1,0,0
736289,65535,255,3641,-8215,0,0,0
736290,113,0,947,-7865,1,0,1
736291,378,0,2077,10384,1,0,1
736292,199,0,4372,10606,1,0,1
736293,65535,255,5838,10906,0,0,0
736294,354,0,4338,-8348,1,0,1
736295,228,0,1944,-7986,1,0,1
736296,65535,255,1108,10086,0,0,0
736297,359,0,3707,10521,1,0,1
736298,148,0,5418,10783,1,0,0
736299,401,0,4939,-8463,1,0,1
736300,65535,255,2847,-8108,0,0,1
736301,290,0,77,11310,1,0,1
736302,65535,255,2941,10437,0,0,0
736303,222,0,4932,10738,1,0,1
736304,0,0,0,0,0,0,0
736305,65535,255,3656,-8307,0,0,0
736306,65535,255,959,-7762,0,0,0
736307,388,0,2066,10368,1,0,0
736308,413,0,4364,10611,1,0,1
736309,65535,255,5835,10917,0,0,0
736310,65535,255,4349,-8369,0,0,0
736311,339,0,1954,-8072,1,0,1
736312,65535,255,1097,10296,0,0,0
736313,396,0,3703,10464,1,0,1
736314,443,0,5414,10830,1,0,1
736315,414,2,4944,-8441,1,0,1
736316,65535,255,2861,-8224,0,0,0
736317,285,0,70,10938,1,0,1
736318,271,0,2936,10447,1,0,1
736319,65535,255,4931,10667,0,0,0
736320,333,0,5455,-8529,1,0,1
736321,340,0,3656,-8225,1,0,1
736322,420,0,970,-8040,1,0,1
736323,65535,255,2066,10259,0,0,0
736324,234,0,4363,10578,1,0,1
736325,65535,255,5834,10904,0,0,0
736326,442,0,4352,-8362,1,0,1
736327,312,0,1954,-8088,1,0,1
736328,65535,255,1097,10387,0,0,0
736329,65535,255,3706,10497,0,0,0
736330,65535,255,5419,10788,0,0,0
736331,266,0,4944,-8479,1,0,0
736332,333,0,2856,-8158,1,0,1
736333,65535,255,77,9116,0,0,0
736334,65535,255,2940,10416,0,0,0
736335,413,0,4932,10695,1,0,1
736336,65535,255,5452,-8520,0,0,0
736337,65535,255,3652,-8240,0,0,0
736338,329,2,964,-8141,1,0,0
736339,389,0,2071,10338,1,0,1
736340,390,0,4367,10618,1,0,1
736341,291,0,5839,10932,1,0,1
736342,65535,255,4344,-8314,0,0,0
736343,65535,255,1944,-7986,0,0,0
736344,426,0,1108,10236,1,0,1
736345,388,2,3714,10474,1,0,1
736346,163,0,5425,10779,1,0,1
736347,415,0,4938,-8478,1,0,1
736348,0,0,0,0,0,0,0
736349,65535,255,87,10007,0,0,0
736350,65535,255,2950,10450,0,0,0
736351,65535,255,4940,10685,0,0,0
736352,207,0,5447,-8542,1,0,1
736353,140,0,3644,-8288,1,0,0
736354,339,0,947,-7863,1,0,1
736355,0,0,0,0,0,0,0
736356,65535,255,4378,10582,0,0,0
736357,65535,255,5844,10912,0,0,0
736358,65535,255,4334,-8392,0,0,0
736359,65535,255,1927,-7948,0,0,0
736360,378,0,1125,10207,1,0,1
736361,255,0,3727,10469,1,0,1
736362,65535,255,5431,10782,0,0,0
736363,65535,255,4924,-8458,0,0,0
736364,228,0,2828,-8209,1,0,1
736365,406,0,107,11597,1,0,1
736366,366,0,2969,10346,1,0,1
736367,318,2,4949,10721,1,0,1
736368,65535,255,5435,-8544,0,0,0
736369,65535,255,3624,-8244,0,0,0
736370,398,0,919,-7711,1,0,1
736371,65535,255,2103,10394,0,0,0
736372,570,0,4392,10572,1,0,1
736373,65535,255,5853,10910,0,0,0
736374,318,2,4314,-8367,1,0,1
736375,65535,255,1899,-7996,0,0,0
736376,65535,255,1154,10326,0,0,0
736377,65535,255,3743,10511,0,0,0
736378,325,0,5442,10813,1,0,1
736379,96,2,4908,-8451,1,0,1
736380,434,0,2804,-8141,1,0,1
736381,420,0,139,10049,1,0,1
736382,65535,255,2993,10465,0,0,0
736383,65535,255,4965,10708,0,0,0
736384,65535,255,5418,-8537,0,0,0
736385,401,0,3599,-8207,1,0,1
736386,65535,255,889,-7961,0,0,0
736387,65535,255,2135,10223,0,0,0
736388,375,0,4408,10565,1,0,1
736389,389,0,5862,10892,1,0,0
736390,419,0,4298,-8341,1,0,1
736391,136,0,1877,-8027,1,0,1
736392,249,0,1176,10241,1,0,0
736393,65535,255,3760,10466,0,0,0
736394,65535,255,5448,10835,0,0,0
736395,65535,255,4897,-8455,0,0,0
736396,65535,255,2786,-8093,0,0,0
736397,433,0,162,8916,1,0,1
736398,65535,255,3007,10352,0,0,0
736399,65535,255,4971,10704,0,0,1
736400,156,2,5410,-8554,1,0,1
736401,65535,255,3590,-8298,0,0,0
736402,65535,255,871,-7845,0,0,0
736403,345,2,2146,10210,1,0,1
736404,282,0,4416,10614,1,0,1
736405,229,0,5856,-8653,1,0,1
736406,0,0,0,0,0,0,0
736407,65535,255,1866,-8079,0,0,0
736408,65535,255,1194,10383,0,0,0
736409,232,0,3771,10516,1,0,1
736410,122,0,5459,10799,1,0,1
736411,367,0,4884,-8419,1,0,1
736412,65535,255,2773,-8214,0,0,0
736413,65535,255,175,10832,0,0,0
736414,147,0,3021,10365,1,0,0
736415,65535,255,4977,10738,0,0,1
736416,188,0,5404,-8528,1,0,1
736417,65535,255,3586,-8281,0,0,0
736418,65535,255,871,-7921,0,0,0
736419,165,0,2145,10301,1,0,1
736420,255,0,4416,10627,1,0,1
736421,65535,255,5858,-8649,0,0,0
736422,301,0,4294,-8373,1,0,1
736423,270,0,1872,-7939,1,0,1
736424,65535,255,1176,10270,0,0,0
736425,65535,255,3759,10514,0,0,0
736426,288,0,5448,10816,1,0,1
736427,65535,255,4902,-8460,0,0,1
736428,349,0,2795,-8171,1,0,1
736429,65535,255,147,10958,0,0,0
736430,56,2,2993,10361,1,0,1
736431,140,2,4962,10746,1,0,0
736432,173,2,5421,-8541,1,0,1
736433,278,0,3608,-8238,1,0,1
736434,65535,255,900,-8147,0,0,0
736435,65535,255,2119,10404,0,0,0
736436,144,0,4399,10580,1,0,1
736437,270,0,5857,10929,1,0,1
736438,65535,255,4312,-8342,0,0,0
736439,0,0,0,0,0,0,0
736440,65535,255,1148,10416,0,0,0
736441,161,0,3739,10559,1,0,1
736442,65535,255,5440,10780,0,0,0
736443,106,0,4917,-8418,1,0,1
736444,310,0,2819,-8107,1,0,1
736445,141,0,121,10039,1,0,1
736446,441,0,2979,10338,1,0,1
736447,65535,255,4952,10739,0,0,0
736448,65535,255,5434,-8538,0,0,0
736449,220,0,3624,-8201,1,0,1
736450,65535,255,924,-8126,0,0,0
736451,416,0,2103,10219,1,0,1
736452,370,0,4388,10616,1,0,1
736453,65535,255,5850,10893,0,0,1
736454,159,0,4326,-8390,1,0,0
736455,205,2,1921,-8015,1,0,1
736456,385,0,1131,10033,1,0,1
736457,250,2,3727,10462,1,0,1
736458,65535,255,5430,10802,0,0,0
736459,65535,255,4926,-8458,0,0,0
736460,65535,255,2833,-8197,0,0,0
736461,65535,255,112,7924,0,0,0
736462,65535,255,2959,10442,0,0,0
736463,144,0,4946,10715,1,0,1
736464,381,0,5442,-8530,1,0,1
736465,381,0,3639,-8295,1,0,1
736466,267,0,940,-8067,1,0,1
736467,65535,255,2093,10234,0,0,0
736468,65535,255,4378,10628,0,0,0
736469,519,0,5845,10909,1,0,1
736470,65535,255,4333,-8324,0,0,0
736471,117,0,1932,-8136,1,0,1
736472,65535,255,1120,10268,0,0,0
736473,220,0,3719,10533,1,0,1
736474,442,0,5426,10777,1,0,1
736475,65535,255,4932,-8432,0,0,0
736476,65535,255,2843,-8165,0,0,0
736477,188,0,100,11532,1,0,1
736478,65535,255,2955,10441,0,0,0
736479,654,0,4940,10720,1,0,1
736480,252,0,5445,-8535,1,0,1
736481,65535,255,3640,-8213,0,0,0
736482,357,0,947,-7826,1,0,1
736483,394,0,2082,10325,1,0,1
736484,65535,255,4375,10569,0,0,0
736485,65535,255,5841,10938,0,0,0
736486,156,2,4337,-8378,1,0,1
736487,65535,255,1938,-8017,0,0,0
736488,73,0,1114,10089,1,0,1
736489,65535,255,3715,10500,0,0,0
736490,337,2,5422,10834,1,0,1
736491,130,0,4932,-8416,1,0,1
736492,65535,255,2843,-8143,0,0,0
736493,417,0,93,12215,1,0,1
736494,356,0,2950,10430,1,0,1
736495,65535,255,4937,10725,0,0,0
736496,65535,255,5445,-8541,0,0,0
736497,0,0,0,0,0,0,0
736498,0,0,0,0,0,0,0
736499,65535,255,2082,10372,0,0,0
736500,65535,255,4375,10602,0,0,0
736501,65535,255,5840,10896,0,0,0
736502,65535,255,4334,-8318,0,0,0
736503,302,0,1938,-8153,1,0,1
736504,208,0,1114,10328,1,0,1
736505,240,0,3715,10445,1,0,1
736506,387,0,5423,10806,1,0,1
736507,142,0,4933,-8476,1,0,0
736508,294,0,2838,-8099,1,0,1
736509,65535,255,93,11089,0,0,0
736510,330,0,2955,10409,1,0,0
736511,43,2,4938,10715,1,0,1
736512,65535,255,5443,-8540,0,0,0
736513,284,0,3637,-8237,1,0,1
736514,65535,255,941,-7965,0,0,0
736515,65535,255,2082,10402,0,0,0
736516,65535,255,4375,10616,0,0,0
736517,65535,255,5841,10909,0,0,0
736518,65535,255,4331,-8344,0,0,0
736519,179,0,1927,-7964,1,0,1
736520,65535,255,1121,10033,0,0,0
736521,65535,255,3719,10501,0,0,0
736522,672,0,5423,10840,1,0,1
736523,65535,255,4927,-8437,0,0,0
736524,154,0,2833,-8187,1,0,1
736525,65535,255,101,9027,0,0,0
736526,65535,255,2960,10357,0,0,1
736527,240,0,4944,10694,1,0,1
736528,65535,255,5438,-8525,0,0,0
736529,0,0,0,0,0,0,0
736530,0,0,0,0,0,0,0
736531,158,0,2092,10388,1,0,1
736532,65535,255,4379,10610,0,0,0
736533,65535,255,5846,10910,0,0,0
736534,191,0,4324,-8349,1,0,1
736535,274,0,1921,-8014,1,0,1
736536,387,0,1131,10151,1,0,1
736537,65535,255,3727,10534,0,0,0
736538,65535,255,5431,10794,0,0,1
736539,65535,255,4921,-8468,0,0,1
736540,65535,255,2824,-8097,0,0,0
736541,65535,255,112,11232,0,0,0
736542,520,0,2969,10443,1,0,1
736543,65535,255,4947,10739,0,0,0
736544,82,0,5432,-8571,1,0,1
736545,260,0,3625,-8302,1,0,1
736546,264,0,919,-7711,1,0,1
736547,65535,255,2103,10328,0,0,0
736548,65535,255,4389,10592,0,0,0
736549,535,0,5850,10903,1,0,1
736550,322,0,4316,-8341,1,0,1
736551,65535,255,1905,-7995,0,0,0
736552,263,0,1148,10153,1,0,1
736553,65535,255,3739,10536,0,0,0
736554,418,0,5436,10799,1,0,1
736555,65535,255,4915,-8484,0,0,0
736556,131,0,2814,-8173,1,0,1
736557,398,0,129,9271,1,0,1
736558,65535,255,2983,10382,0,0,0
736559,674,0,4959,10713,1,0,1
736560,65535,255,5426,-8551,0,0,0
736561,165,0,3612,-8266,1,0,1
736562,65535,255,907,-8183,0,0,0
736563,65535,255,2124,10300,0,0,0
736564,93,2,4402,10588,1,0,1
736565,343,0,5859,10901,1,0,1
736566,65535,255,4305,-8346,0,0,1
736567,231,0,1888,-8028,1,0,1
736568,65535,255,1164,10242,0,0,0
736569,0,0,0,0,0,0,0
736570,498,2,5448,10821,1,0,0
736571,205,2,4902,-8426,1,0,1
736572,65535,255,2796,-8204,0,0,0
736573,110,0,150,10065,1,0,1
736574,65535,255,3002,10415,0,0,0
736575,65535,255,4970,10737,0,0,0
736576,65535,255,5416,-8542,0,0,0
736577,55,2,3594,-8196,1,0,0
736578,65535,255,877,-7883,0,0,0
736579,279,2,2143,10244,1,0,1
736580,397,0,4415,10647,1,0,1
736581,65535,255,5859,-8643,0,0,0
736582,65535,255,4290,-8323,0,0,0
736583,171,0,1866,-7972,1,0,1
736584,65535,255,1193,10188,0,0,0
736585,0,0,0,0,0,0,0
736586,65535,255,5461,10824,0,0,0
736587,231,0,4890,-8435,1,0,0
736588,65535,255,2781,-8225,0,0,1
736589,65535,255,163,10676,0,0,0
736590,65535,255,3007,10458,0,0,0
736591,151,0,4976,10679,1,0,1
736592,65535,255,5417,-8524,0,0,0
736593,65535,255,3598,-8238,0,0,0
736594,65535,255,889,-8110,0,0,0
736595,95,2,2135,10286,1,0,1
736596,65535,255,4405,10595,0,0,0
736597,65535,255,5861,10914,0,0,0
736598,65535,255,4308,-8373,0,0,0
736599,65535,255,1899,-8132,0,0,0
736600,403,0,1160,10012,1,0,1
736601,65535,255,3743,10521,0,0,0
736602,65535,255,5439,10801,0,0,0
736603,65535,255,4911,-8435,0,0,0
736604,65535,255,2809,-8118,0,0,0
736605,65535,255,128,10046,0,0,0
736606,65535,255,2981,10385,0,0,0
736607,196,0,4955,10727,1,0,1
736608,65535,255,5431,-8525,0,0,0
736609,65535,255,3624,-8295,0,0,0
736610,315,0,923,-8003,1,0,1
736611,65535,255,2103,10356,0,0,0
736612,0,0,0,0,0,0,0
736613,65535,255,5850,10918,0,0,0
736614,65535,255,4323,-8324,0,0,0
736615,134,0,1921,-8102,1,0,1
736616,237,0,1131,10149,1,0,1
736617,339,0,3723,10484,1,0,1
736618,65535,255,5426,10810,0,0,0
736619,237,0,4929,-8460,1,0,1
736620,65535,255,2838,-8188,0,0,0
736621,354,0,95,12170,1,0,1
736622,186,0,2950,10408,1,0,1
736623,65535,255,4938,10696,0,0,0
736624,65535,255,5448,-8576,0,0,0
736625,125,0,3645,-8263,1,0,1
736626,65535,255,953,-7934,0,0,0
736627,65535,255,2071,10338,0,0,0
736628,0,0,0,0,0,0,0
736629,160,0,5836,10923,1,0,1
736630,234,0,4345,-8341,1,0,1
736631,394,0,1955,-8169,1,0,1
736632,65535,255,1097,10296,0,0,0
736633,293,2,3699,10537,1,0,1
736634,383,0,5412,10774,1,0,1
736635,357,0,4944,-8424,1,0,1
736636,312,0,2862,-8125,1,0,1
736637,341,0,60,11628,1,0,0
736638,65535,255,2926,10384,0,0,0
736639,65535,255,4923,10683,0,0,0
736640,65535,255,5459,-8572,0,0,0
736641,65535,255,3665,-8274,0,0,0
736642,65535,255,982,-8005,0,0,1
736643,65535,255,2045,10399,0,0,0
736644,413,0,4350,10597,1,0,1
736645,65535,255,5827,10883,0,0,0
736646,65535,255,4360,-8388,0,0,0
736647,65535,255,1976,-8056,0,0,0
736648,390,0,1075,10110,1,0,1
736649,65535,255,3684,10495,0,0,0
736650,238,0,5402,10829,1,0,1
736651,65535,255,4957,-8492,0,0,0
736652,215,0,2881,-8105,1,0,1
736653,369,0,41,11481,1,0,1
736654,245,0,2912,10382,1,0,1
736655,0,0,0,0,0,0,0
736656,65535,255,5466,-8575,0,0,0
736657,65535,255,3681,-8300,0,0,0
736658,65535,255,1000,-8172,0,0,0
736659,65535,255,2035,10256,0,0,1
736660,65535,255,4339,10642,0,0,0
736661,65535,255,5819,10920,0,0,0
736662,65535,255,4370,-8351,0,0,0
736663,256,0,1986,-7976,1,0,1
736664,65535,255,1064,9984,0,0,0
736665,413,2,3675,10478,1,0,1
736666,317,0,5396,10823,1,0,1
736667,198,0,4963,-8493,1,0,1
736668,65535,255,2890,-8117,0,0,0
736669,0,0,0,0,0,0,0
736670,348,0,2903,10413,1,0,1
736671,65535,255,4905,10713,0,0,0
736672,65535,255,5471,-8537,0,0,0
736673,65535,255,3684,-8228,0,0,0
736674,65535,255,1005,-7906,0,0,1
736675,347,0,2024,10383,1,0,1
736676,65535,255,4335,10602,0,0,0
736677,65535,255,5816,10898,0,0,0
736678,259,0,4376,-8319,1,0,1
736679,232,0,1997,-8154,1,0,1
736680,351,0,1051,10391,1,0,1
736681,261,0,3671,10462,1,0,1
736682,246,0,5395,10818,1,0,1
736683,65535,255,4968,-8493,0,0,0
736684,319,0,2894,-8128,1,0,1
736685,65535,255,25,12399,0,0,0
736686,371,0,2903,10403,1,0,1
736687,65535,255,4907,10714,0,0,0
736688,65535,255,5473,-8542,0,0,0
736689,299,0,3688,-8243,1,0,1
736690,65535,255,1011,-7974,0,0,0
736691,65535,255,2024,10192,0,0,0
736692,65535,255,4335,10628,0,0,0
736693,65535,255,5818,10919,0,0,0
736694,65535,255,4376,-8363,0,0,0
736695,65535,255,1996,-8025,0,0,0
736696,65535,255,1057,10170,0,0,0
736697,65535,255,3674,10535,0,0,0
736698,378,0,5398,10795,1,0,1
736699,65535,255,4968,-8471,0,0,0
736700,347,0,2894,-8095,1,0,1
736701,202,0,36,13807,1,0,1
736702,0,0,0,0,0,0,0
736703,65535,255,4907,10736,0,0,0
736704,65535,255,5473,-8564,0,0,0
736705,65535,255,3688,-8284,0,0,0
736706,150,0,1006,-8204,1,0,0
736707,65535,255,2029,10304,0,0,0
736708,65535,255,4342,10577,0,0,0
736709,130,0,5820,10890,1,0,1
736710,196,0,4373,-8318,1,0,1
736711,242,0,1989,-8112,1,0,1
736712,65535,255,1063,10014,0,0,0
736713,65535,255,3678,10503,0,0,0
736714,65535,255,5403,10777,0,0,0
736715,65535,255,4962,-8453,0,0,0
736716,343,0,2890,-8235,1,0,1
736717,65535,255,36,11729,0,0,0
736718,0,0,0,0,0,0,0
736719,362,0,4913,10732,1,0,1
736720,285,0,5470,-8564,1,0,1
736721,65535,255,3680,-8290,0,0,0
736722,327,0,994,-7737,1,0,1
736723,418,0,2040,10337,1,0,1
736724,243,0,4349,10598,1,0,1
736725,65535,255,5825,10905,0,0,0
736726,217,2,4366,-8349,1,0,1
736727,65535,255,1975,-8022,0,0,0
736728,65535,255,1074,10205,0,0,0
736729,408,0,3687,10561,1,0,1
736730,65535,255,5406,10812,0,0,0
736731,65535,255,4953,-8435,0,0,0
736732,100,0,2875,-8168,1,0,1
736733,359,0,55,8117,1,0,1
736734,65535,255,2926,10374,0,0,0
736735,65535,255,4922,10712,0,0,0
736736,287,0,5460,-8552,1,0,1
736737,65535,255,3664,-8272,0,0,0
736738,65535,255,976,-8130,0,0,0
736739,185,0,2056,10323,1,0,1
736740,178,0,4357,10593,1,0,1
736741,65535,255,5830,10906,0,0,0
736742,65535,255,4352,-8360,0,0,0
736743,65535,255,1960,-8053,0,0,0
736744,242,0,1097,10267,1,0,1
736745,65535,255,3703,10451,0,0,0
736746,192,0,5415,10829,1,0,1
736747,382,0,4941,-8438,1,0,1
736748,371,0,2857,-8221,1,0,1
736749,65535,255,76,10875,0,0,0
736750,260,2,2941,10430,1,0,0
736751,262,0,4932,10738,1,0,1
736752,342,0,5448,-8542,1,0,1
736753,136,0,3645,-8204,1,0,1
736754,294,0,953,-7931,1,0,1
736755,376,0,2077,10216,1,0,1
736756,65535,255,4372,10591,0,0,0
736757,321,0,5841,10884,1,0,1
736758,65535,255,4334,-8330,0,0,0
736759,197,0,1932,-7981,1,0,1
736760,395,0,1120,10179,1,0,1
736761,189,0,3719,10566,1,0,1
736762,383,0,5423,10821,1,0,1
736763,106,0,4924,-8435,1,0,1
736764,65535,255,2833,-8219,0,0,0
736765,65535,255,105,10976,0,0,0
736766,65535,255,2965,10454,0,0,0
736767,245,0,4947,10674,1,0,1
736768,176,0,5434,-8523,1,0,1
736769,65535,255,3625,-8233,0,0,0
736770,212,0,924,-8108,1,0,1
736771,377,0,2103,10298,1,0,1
736772,291,0,4389,10593,1,0,1
736773,388,0,5851,10913,1,0,1
736774,65535,255,4316,-8381,0,0,0
736775,65535,255,1905,-8133,0,0,0
736776,345,2,1154,10011,1,0,0
736777,432,0,3740,10521,1,0,1
736778,0,0,0,0,0,0,0
736779,220,2,4906,-8410,1,0,1
736780,65535,255,2805,-8193,0,0,0
736781,208,0,139,10060,1,0,1
736782,354,0,2988,10436,1,0,1
736783,65535,255,4962,10704,0,0,0
736784,65535,255,5421,-8573,0,0,0
736785,205,0,3607,-8239,1,0,1
736786,65535,255,900,-7776,0,0,0
736787,238,0,2125,10239,1,0,1
736788,612,0,4399,10608,1,0,1
736789,370,0,5856,10944,1,0,0
736790,317,0,4309,-8359,1,0,1
736791,347,0,1899,-8157,1,0,1
736792,413,0,1154,10242,1,0,1
736793,65535,255,3743,10506,0,0,0
736794,131,0,5440,10816,1,0,1
736795,65535,255,4911,-8460,0,0,0
736796,65535,255,2810,-8171,0,0,0
736797,241,0,130,11329,1,0,1
736798,65535,255,2983,10383,0,0,0
736799,65535,255,4956,10681,0,0,0
736800,65535,255,5429,-8550,0,0,0
736801,65535,255,3616,-8215,0,0,0
736802,276,0,913,-7895,1,0,1
736803,272,0,2114,10208,1,0,1
736804,65535,255,4392,10600,0,0,0
736805,65535,255,5853,10913,0,0,0
736806,65535,255,4315,-8367,0,0,0
736807,65535,255,1905,-7960,0,0,0
736808,65535,255,1148,10329,0,0,0
736809,0,0,0,0,0,0,0
736810,258,2,5434,10843,1,0,1
736811,140,2,4914,-8410,1,0,0
736812,65535,255,2814,-8093,0,0,0
736813,65535,255,122,9503,0,0,0
736814,65535,255,2975,10454,0,0,0
736815,65535,255,4953,10730,0,0,0
736816,65535,255,5431,-8536,0,0,0
736817,65535,255,3620,-8212,0,0,0
736818,224,0,918,-8180,1,0,1
736819,193,0,2109,10207,1,0,1
736820,65535,255,4392,10613,0,0,0
736821,65535,255,5855,10892,0,0,0
736822,189,0,4319,-8387,1,0,1
736823,177,0,1910,-8029,1,0,1
736824,65535,255,1148,10039,0,0,0
736825,445,0,3739,10474,1,0,1
736826,65535,255,5436,10806,0,0,0
736827,65535,255,4917,-8460,0,0,0
736828,298,0,2819,-8194,1,0,1
736829,530,0,129,8218,1,0,1
736830,370,0,2978,10446,1,0,1
736831,65535,255,4955,10714,0,0,0
736832,65535,255,5431,-8526,0,0,0
736833,0,0,0,0,0,0,0
736834,65535,255,918,-8178,0,0,0
736835,251,0,2114,10223,1,0,1
736836,270,0,4395,10620,1,0,1
736837,65535,255,5854,10901,0,0,0
736838,65535,255,4315,-8313,0,0,0
736839,132,0,1910,-8097,1,0,1
736840,65535,255,1148,10213,0,0,0
736841,534,0,3739,10521,1,0,1
736842,65535,255,5439,10840,0,0,0
736843,65535,255,4914,-8416,0,0,0
736844,65535,255,2814,-8127,0,0,0
736845,135,0,128,10830,1,0,1
736846,485,0,2983,10393,1,0,1
736847,65535,255,4958,10698,0,0,0
736848,65535,255,5428,-8516,0,0,0
736849,262,0,3615,-8298,1,0,1
736850,65535,255,912,-8144,0,0,0
736851,65535,255,2119,10224,0,0,0
736852,179,0,4399,10627,1,0,0
736853,264,0,5857,10906,1,0,1
736854,186,0,4311,-8325,1,0,0
736855,313,0,1899,-8149,1,0,1
736856,296,0,1159,10302,1,0,1
736857,175,0,3747,10555,1,0,1
736858,65535,255,5445,10793,0,0,0
736859,243,0,4908,-8448,1,0,1
736860,65535,255,2805,-8193,0,0,0
736861,494,0,142,8887,1,0,1
736862,566,0,2988,10478,1,0,1
736863,65535,255,4961,10743,0,0,0
736864,269,0,5423,-8558,1,0,1
736865,72,2,3603,-8255,1,0,1
736866,136,0,894,-7959,1,0,1
736867,65535,255,2129,10393,0,0,0
736868,65535,255,4406,10603,0,0,0
736869,65535,255,5862,10895,0,0,0
736870,65535,255,4301,-8311,0,0,0
736871,65535,255,1883,-8112,0,0,0
736872,376,0,1170,10273,1,0,1
736873,65535,255,3755,10548,0,0,0
736874,67,2,5448,10790,1,0,0
736875,190,0,4899,-8452,1,0,1
736876,334,0,2791,-8213,1,0,1
736877,196,0,159,9235,1,0,1
736878,197,0,3003,10333,1,0,1
736879,65535,255,4969,10713,0,0,0
736880,65535,255,5413,-8561,0,0,0
736881,292,0,3594,-8288,1,0,1
736882,65535,255,877,-8147,0,0,0
736883,269,0,2146,10229,1,0,1
736884,65535,255,4413,10636,0,0,0
736885,163,0,5855,-8615,1,0,1
736886,67,2,4290,-8349,1,0,1
736887,267,0,1866,-7970,1,0,1
736888,65535,255,1194,10051,0,0,0
736889,258,0,3768,10487,1,0,0
736890,538,0,5454,10830,1,0,1
736891,171,0,4887,-8417,1,0,1
736892,65535,255,2772,-8144,0,0,0
736893,356,2,180,9493,1,0,0
736894,107,2,3016,10461,1,0,0
736895,65535,255,4980,10741,0,0,0
736896,180,0,5404,-8511,1,0,1
736897,219,0,3582,-8218,1,0,1
736898,65535,255,865,-8070,0,0,0
736899,184,0,2151,10289,1,0,1
736900,65535,255,4416,10599,0,0,0
736901,127,0,5855,-8607,1,0,1
736902,251,0,4291,-8383,1,0,1
736903,65535,255,1872,-8147,0,0,0
736904,0,0,0,0,0,0,0
736905,65535,255,3760,10533,0,0,0
736906,65535,255,5449,10809,0,0,0
736907,321,0,4896,-8424,1,0,1
736908,253,0,2791,-8213,1,0,0
736909,131,0,152,10935,1,0,1
736910,65535,255,2993,10479,0,0,0
736911,65535,255,4965,10695,0,0,0
736912,65535,255,5418,-8543,0,0,0
736913,148,0,3603,-8280,1,0,1
736914,65535,255,895,-7774,0,0,0
736915,65535,255,2119,10423,0,0,1
736916,65535,255,4399,10653,0,0,0
736917,65535,255,5858,10894,0,0,0
736918,65535,255,4308,-8345,0,0,0
736919,62,2,1899,-8079,1,0,0
736920,65535,255,1154,10388,0,0,0
736921,246,0,3739,10506,1,0,1
736922,112,0,5437,10797,1,0,1
736923,65535,255,4912,-8415,0,0,0
736924,236,0,2815,-8205,1,0,1
736925,203,2,122,10867,1,0,1
736926,114,0,2974,10478,1,0,1
736927,0,0,0,0,0,0,0
736928,177,0,5432,-8550,1,0,1
736929,65535,255,3624,-8308,0,0,0
736930,65535,255,923,-7891,0,0,0
736931,185,0,2104,10237,1,0,1
736932,65535,255,4385,10587,0,0,0
736933,65535,255,5848,10917,0,0,0
736934,146,0,4327,-8388,1,0,1
736935,105,0,1921,-8013,1,0,1
736936,248,0,1131,10300,1,0,1
736937,65535,255,3727,10496,0,0,0
736938,883,1,5429,10795,1,0,1
736939,215,0,4923,-8412,1,0,1
736940,65535,255,2833,-8206,0,0,0
736941,65535,255,102,11661,0,0,0
736942,65535,255,2960,10338,0,0,0
736943,125,0,4943,10712,1,0,1
736944,200,0,5442,-8571,1,0,1
736945,69,0,3636,-8218,1,0,1
736946,65535,255,947,-8104,0,0,1
736947,347,0,2082,10343,1,0,0
736948,766,1,4375,10637,1,0,1
736949,381,0,5843,10886,1,0,1
736950,65535,255,4337,-8349,0,0,0
736951,65535,255,1938,-8116,0,0,0
736952,65535,255,1115,10031,0,0,1
736953,65535,255,3715,10559,0,0,0
736954,65535,255,5422,10837,0,0,0
736955,65535,255,4935,-8468,0,0,0
736956,65535,255,2847,-8163,0,0,0
736957,397,0,81,10409,1,0,1
736958,65535,255,2946,10475,0,0,0
736959,65535,255,4934,10705,0,0,0
736960,65535,255,5450,-8567,0,0,0
736961,65535,255,3648,-8219,0,0,0
736962,65535,255,958,-8172,0,0,0
736963,345,0,2072,10389,1,0,1
736964,65535,255,4369,10605,0,0,0
736965,619,2,5837,10906,1,0,1
736966,290,0,4345,-8390,1,0,1
736967,0,0,0,0,0,0,0
736968,298,0,1120,10029,1,0,1
736969,169,0,3719,10467,1,0,1
736970,305,0,5423,10804,1,0,1
736971,263,0,4935,-8456,1,0,1
736972,65535,255,2847,-8189,0,0,0
736973,65535,255,96,7538,0,0,0
736974,65535,255,2945,10439,0,0,0
736975,65535,255,4934,10717,0,0,0
736976,177,0,5450,-8528,1,0,1
736977,269,0,3656,-8314,1,0,1
736978,325,0,965,-8210,1,0,1
736979,87,0,2066,10229,1,0,0
736980,243,0,4364,10625,1,0,1
736981,65535,255,5835,10905,0,0,0
736982,263,0,4348,-8321,1,0,1
736983,65535,255,1960,-8121,0,0,0
736984,256,0,1091,10235,1,0,1
736985,229,0,3699,10529,1,0,1
736986,82,0,5412,10773,1,0,0
736987,264,0,4947,-8430,1,0,1
736988,65535,255,2866,-8147,0,0,0
736989,96,0,66,13085,1,0,1
736990,64,0,2926,10426,1,0,1
736991,162,2,4923,10716,1,0,1
736992,65535,255,5460,-8531,0,0,0
736993,65535,255,3668,-8237,0,0,0
736994,313,0,982,-7769,1,0,1
736995,65535,255,2051,10289,0,0,0
736996,65535,255,4354,10557,0,0,0
736997,65535,255,5826,10929,0,0,0
736998,115,0,4359,-8363,1,0,1
736999,65535,255,1975,-8008,0,0,0
737000,65535,255,1075,10048,0,0,0
737001,65535,255,3687,10495,0,0,0
737002,324,0,5401,10829,1,0,1
737003,217,0,4954,-8463,1,0,1
737004,65535,255,2880,-8138,0,0,0
737005,124,0,49,13515,1,0,1
737006,65535,255,2912,10425,0,0,0
737007,197,0,4914,10720,1,0,1
737008,249,0,5466,-8541,1,0,1
737009,65535,255,3676,-8235,0,0,0
737010,246,0,993,-7904,1,0,1
737011,355,0,2035,10383,1,0,1
737012,325,0,4342,10603,1,0,1
737013,363,0,5821,10899,1,0,1
737014,65535,255,4366,-8325,0,0,0
737015,65535,255,1986,-8170,0,0,0
737016,65535,255,1063,10390,0,0,0
737017,344,0,3679,10463,1,0,1
737018,154,0,5399,10819,1,0,1
737019,65535,255,4959,-8492,0,0,0
737020,319,0,2885,-8127,1,0,1
737021,288,0,48,14478,1,0,1
737022,65535,255,2908,10447,0,0,0
737023,65535,255,4908,10736,0,0,0
737024,65535,255,5468,-8560,0,0,0
737025,65535,255,3681,-8267,0,0,0
737026,258,0,999,-8105,1,0,1
737027,216,0,2035,10241,1,0,1
737028,302,0,4342,10565,1,0,1
737029,65535,255,5819,10917,0,0,0
737030,65535,255,4370,-8389,0,0,0
737031,65535,255,1985,-8107,0,0,0
737032,65535,255,1063,10297,0,0,0
737033,224,0,3680,10447,1,0,1
737034,65535,255,5396,10814,0,0,0
737035,65535,255,4963,-8492,0,0,0
737036,65535,255,2885,-8137,0,0,0
737037,107,0,63,5148,1,0,1
737038,65535,255,2910,10411,0,0,0
737039,65535,255,4911,10671,0,0,0
737040,65535,255,5468,-8583,0,0,0
737041,350,0,3681,-8323,1,0,1
737042,65535,255,993,-7836,0,0,0
737043,337,0,2035,10384,1,0,1
737044,65535,255,4342,10610,0,0,0
737045,65535,255,5821,10912,0,0,0
737046,65535,255,4366,-8362,0,0,0
737047,0,0,0,0,0,0,0
737048,298,0,1069,10203,1,0,0
737049,123,0,3679,10552,1,0,1
737050,358,0,5402,10806,1,0,1
737051,246,2,4959,-8491,1,0,1
737052,65535,255,2880,-8147,0,0,0
737053,469,0,59,6316,1,0,1
737054,377,0,2917,10340,1,0,1
737055,392,0,4917,10694,1,0,1
737056,0,0,0,0,0,0,0
737057,200,0,3672,-8241,1,0,1
737058,65535,255,987,-8037,0,0,0
737059,201,0,2046,10243,1,0,1
737060,65535,255,4353,10565,0,0,0
737061,65535,255,5828,10884,0,0,0
737062,65535,255,4359,-8322,0,0,0
737063,215,0,1970,-7939,1,0,1
737064,65535,255,1080,10051,0,0,0
737065,339,0,3691,10522,1,0,1
737066,259,0,5409,10793,1,0,0
737067,65535,255,4950,-8478,0,0,0
737068,65535,255,2866,-8134,0,0,0
737069,207,0,76,6788,1,0,1
737070,343,0,2931,10342,1,0,1
737071,0,0,0,0,0,0,0
737072,65535,255,5458,-8538,0,0,0
737073,131,0,3660,-8255,1,0,1
737074,65535,255,970,-8139,0,0,1
737075,224,0,2061,10292,1,0,1
737076,160,0,4364,10594,1,0,1
737077,225,0,5835,10907,1,0,1
737078,217,0,4348,-8359,1,0,1
737079,65535,255,1954,-8052,0,0,0
737080,65535,255,1097,10298,0,0,0
737081,65535,255,3707,10460,0,0,0
737082,318,2,5417,10833,1,0,1
737083,257,0,4941,-8444,1,0,1
737084,65535,255,2852,-8217,0,0,0
737085,65535,255,84,11595,0,0,0
737086,65535,255,2945,10462,0,0,0
737087,263,0,4937,10676,1,0,1
737088,269,0,5447,-8525,1,0,1
737089,65535,255,3644,-8237,0,0,0
737090,318,0,949,-7892,1,0,1
737091,342,0,2082,10342,1,0,1
737092,322,0,4375,10616,1,0,1
737093,281,0,5842,10922,1,0,1
737094,196,0,4333,-8390,1,0,1
737095,65535,255,1932,-8152,0,0,0
737096,248,0,1126,10003,1,0,0
737097,321,0,3723,10518,1,0,1
737098,262,0,5431,10798,1,0,1
737099,65535,255,4925,-8467,0,0,0
737100,193,0,2828,-8174,1,0,1
737101,450,0,111,9434,1,0,1
737102,65535,255,2969,10412,0,0,0
737103,379,0,4949,10739,1,0,1
737104,65535,255,5434,-8561,0,0,0
737105,173,0,3624,-8309,1,0,1
737106,244,2,918,-7853,1,0,1
737107,241,0,2109,10191,1,0,1
737108,381,0,4392,10657,1,0,1
737109,65535,255,5855,10888,0,0,0
737110,284,0,4315,-8340,1,0,1
737111,246,0,1904,-8028,1,0,1
737112,0,0,0,0,0,0,0
737113,0,0,0,0,0,0,0
737114,65535,255,5442,10845,0,0,0
737115,65535,255,4908,-8465,0,0,0
737116,235,0,2800,-8126,1,0,1
737117,165,0,148,8938,1,0,1
737118,134,0,2998,10384,1,0,1
737119,65535,255,4965,10726,0,0,0
737120,65535,255,5420,-8525,0,0,0
737121,147,0,3603,-8272,1,0,1
737122,65535,255,894,-7848,0,0,0
737123,215,0,2125,10254,1,0,1
737124,340,0,4403,10608,1,0,1
737125,340,0,5858,10940,1,0,1
737126,259,0,4308,-8346,1,0,1
737127,169,0,1894,-8114,1,0,1
737128,399,0,1159,10099,1,0,1
737129,279,0,3744,10458,1,0,1
737130,65535,255,5440,10782,0,0,0
737131,65535,255,4908,-8415,0,0,0
737132,267,0,2812,-8155,1,0,1
737133,65535,255,133,8530,0,0,0
737134,363,0,2979,10413,1,0,1
737135,65535,255,4956,10681,0,0,0
737136,65535,255,5429,-8555,0,0,0
737137,207,0,3616,-8206,1,0,1
737138,65535,255,918,-8142,0,0,0
737139,331,0,2103,10391,1,0,1
737140,157,0,4389,10568,1,0,0
737141,294,0,5851,10917,1,0,1
737142,65535,255,4316,-8313,0,0,0
737143,0,0,0,0,0,0,0
737144,258,0,1143,10009,1,0,1
737145,152,0,3731,10568,1,0,1
737146,65535,255,5431,10799,0,0,0
737147,65535,255,4918,-8411,0,0,0
737148,253,0,2824,-8127,1,0,1
737149,65535,255,114,8571,0,0,0
737150,65535,255,2964,10433,0,0,0
737151,250,0,4947,10696,1,0,1
737152,65535,255,5435,-8571,0,0,0
737153,65535,255,3629,-8242,0,0,0
737154,354,0,930,-7785,1,0,1
737155,65535,255,2098,10251,0,0,0
737156,65535,255,4382,10612,0,0,0
737157,601,2,5846,10886,1,0,1
737158,65535,255,4327,-8368,0,0,0
737159,259,0,1922,-7944,1,0,0
737160,65535,255,1126,10300,0,0,0
737161,65535,255,3723,10527,0,0,0
737162,65535,255,5426,10832,0,0,0
737163,65535,255,4927,-8479,0,0,0
737164,65535,255,2833,-8217,0,0,0
737165,103,0,110,8205,1,0,1
737166,65535,255,2960,10433,0,0,0
737167,651,0,4941,10701,1,0,1
737168,65535,255,5439,-8566,0,0,0
737169,65535,255,3636,-8259,0,0,0
737170,216,0,935,-7893,1,0,1
737171,65535,255,2088,10312,0,0,0
737172,65535,255,4376,10650,0,0,0
737173,503,0,5843,10915,1,0,1
737174,209,2,4330,-8322,1,0,1
737175,286,0,1932,-8099,1,0,1
737176,230,0,1126,10151,1,0,1
737177,347,0,3719,10487,1,0,1
737178,65535,255,5426,10813,0,0,0
737179,150,0,4929,-8463,1,0,1
737180,187,0,2838,-8196,1,0,1
737181,65535,255,107,7808,0,0,0
737182,534,0,2955,10433,1,0,1
737183,65535,255,4941,10706,0,0,0
737184,65535,255,5439,-8513,0,0,0
737185,258,0,3636,-8283,1,0,1
737186,65535,255,941,-8035,0,0,0
737187,65535,255,2088,10389,0,0,0
737188,567,0,4379,10585,1,0,1
737189,65535,255,5843,10941,0,0,0
737190,65535,255,4330,-8369,0,0,0
737191,65535,255,1927,-7979,0,0,0
737192,65535,255,1121,10318,0,0,0
737193,486,0,3722,10476,1,0,1
737194,65535,255,5428,10795,0,0,0
737195,102,0,4929,-8446,1,0,1
737196,65535,255,2833,-8173,0,0,0
737197,65535,255,109,10737,0,0,0
737198,65535,255,2959,10433,0,0,0
737199,65535,255,4943,10712,0,0,0
737200,65535,255,5439,-8522,0,0,0
737201,65535,255,3636,-8307,0,0,0
737202,85,0,935,-8177,1,0,1
737203,65535,255,2098,10221,0,0,0
737204,65535,255,4382,10624,0,0,0
737205,619,2,5847,10904,1,0,1
737206,65535,255,4326,-8314,0,0,0
737207,65535,255,1927,-8116,0,0,0
737208,65535,255,1131,10242,0,0,0
737209,65535,255,3727,10528,0,0,0
737210,303,0,5432,10823,1,0,1
737211,297,0,4923,-8428,1,0,1
737212,312,0,2828,-8150,1,0,1
737213,176,0,115,11796,1,0,0
737214,289,0,2969,10424,1,0,1
737215,128,0,4949,10713,1,0,1
737216,192,0,5434,-8526,1,0,1
737217,257,0,3624,-8198,1,0,1
737218,65535,255,924,-7709,0,0,0
737219,301,0,2103,10284,1,0,1
737220,65535,255,4388,10651,0,0,0
737221,527,0,5852,10926,1,0,1
737222,65535,255,4319,-8359,0,0,0
737223,309,0,1910,-7976,1,0,1
737224,293,0,1149,10010,1,0,1
737225,144,0,3739,10474,1,0,1
737226,281,0,5437,10816,1,0,0
737227,65535,255,4917,-8482,0,0,0
737228,157,0,2814,-8093,1,0,1
737229,105,0,127,10311,1,0,1
737230,65535,255,2983,10383,0,0,0
737231,343,0,4958,10693,1,0,1
737232,91,2,5428,-8515,1,0,1
737233,257,0,3613,-8270,1,0,1
737234,102,0,907,-7666,1,0,1
737235,65535,255,2119,10270,0,0,1
737236,179,0,4399,10653,1,0,1
737237,65535,255,5857,10928,0,0,0
737238,211,0,4308,-8365,1,0,1
737239,65535,255,1893,-8008,0,0,0
737240,257,0,1165,10101,1,0,1
737241,263,0,3751,10500,1,0,1
737242,423,0,5445,10837,1,0,1
737243,65535,255,4905,-8425,0,0,0
737244,65535,255,2800,-8147,0,0,0
737245,65535,255,149,9700,0,0,0
737246,65535,255,2997,10449,0,0,0
737247,65535,255,4965,10738,0,0,0
737248,65535,255,5417,-8556,0,0,0
737249,89,0,3599,-8262,1,0,1
737250,78,2,888,-8032,1,0,1
737251,65535,255,2138,10291,0,0,0
737252,65535,255,4409,10623,0,0,0
737253,65535,255,5860,-8630,0,0,0
737254,65535,255,4294,-8343,0,0,0
737255,302,0,1872,-7953,1,0,1
737256,65535,255,1188,10022,0,0,0
737257,258,0,3764,10478,1,0,1
737258,354,0,5454,10825,1,0,1
737259,290,0,4893,-8450,1,0,1
737260,65535,255,2781,-8111,0,0,0
737261,199,0,165,9055,1,0,1
737262,65535,255,3007,10397,0,0,0
737263,706,1,4968,10744,1,0,1
737264,65535,255,5412,-8522,0,0,0
737265,249,0,3594,-8253,1,0,1
737266,239,0,883,-7692,1,0,1
737267,236,0,2135,10393,1,0,1
737268,504,2,4406,10654,1,0,1
737269,65535,255,5862,-8651,0,0,0
737270,133,0,4301,-8357,1,0,1
737271,65535,255,1888,-8112,0,0,0
737272,124,0,1172,10045,1,0,1
737273,257,0,3752,10547,1,0,1
737274,65535,255,5443,10823,0,0,0
737275,59,0,4902,-8446,1,0,1
737276,65535,255,2800,-8113,0,0,0
737277,65535,255,142,9110,0,0,0
737278,335,2,2988,10415,1,0,0
737279,65535,255,4960,10723,0,0,0
737280,96,0,5420,-8533,1,0,1
737281,65535,255,3607,-8271,0,0,0
737282,65535,255,900,-7811,0,0,0
737283,65535,255,2120,10224,0,0,0
737284,65,0,4396,10583,1,0,1
737285,65535,255,5853,10915,0,0,0
737286,65535,255,4310,-8355,0,0,0
737287,246,0,1899,-7957,1,0,1
737288,147,0,1154,10242,1,0,1
737289,65535,255,3740,10482,0,0,0
737290,65535,255,5437,10792,0,0,0
737291,65535,255,4911,-8415,0,0,1
737292,153,0,2815,-8226,1,0,1
737293,65535,255,128,11883,0,0,0
737294,573,2,2979,10373,1,0,1
737295,303,0,4953,10736,1,0,0
737296,306,0,5429,-8520,1,0,1
737297,187,0,3620,-8256,1,0,1
737298,314,0,918,-7779,1,0,1
737299,183,0,2109,10207,1,0,1
737300,423,0,4389,10582,1,0,1
737301,217,0,5851,10918,1,0,1
737302,0,0,0,0,0,0,0
737303,148,0,1910,-7993,1,0,1
737304,65535,255,1137,10329,0,0,0
737305,112,0,3732,10513,1,0,1
737306,404,0,5432,10810,1,0,1
737307,237,0,4920,-8444,1,0,0
737308,65535,255,2824,-8116,0,0,0
737309,65535,255,112,9140,0,0,0
737310,389,0,2969,10445,1,0,1
737311,105,2,4950,10692,1,0,0
737312,96,2,5437,-8560,1,0,1
737313,245,0,3628,-8208,1,0,1
737314,65535,255,929,-8140,0,0,0
737315,65535,255,2098,10375,0,0,0
737316,511,0,4384,10622,1,0,1
737317,65535,255,5848,10909,0,0,0
737318,65535,255,4327,-8394,0,0,0
737319,65535,255,1921,-7977,0,0,0
737320,65535,255,1131,10329,0,0,0
737321,235,0,3727,10520,1,0,0
737322,289,0,5428,10819,1,0,1
737323,65535,255,4923,-8455,0,0,0
737324,229,0,2828,-8150,1,0,1
737325,437,0,105,10658,1,0,1
737326,139,0,2965,10328,1,0,1
737327,347,0,4947,10724,1,0,1
737328,128,0,5439,-8517,1,0,1
737329,65535,255,3632,-8273,0,0,0
737330,65535,255,929,-7888,0,0,0
737331,290,0,2109,10341,1,0,0
737332,65535,255,4396,10578,0,0,1
737333,569,0,5852,10939,1,0,1
737334,65535,255,4319,-8377,0,0,0
737335,65535,255,1910,-8031,0,0,0
737336,128,0,1142,10092,1,0,1
737337,476,0,3735,10501,1,0,1
737338,437,0,5434,10830,1,0,1
737339,181,0,4919,-8414,1,0,1
737340,65535,255,2823,-8131,0,0,0
737341,65535,255,113,11494,0,0,0
737342,65535,255,2969,10420,0,0,0
737343,266,0,4946,10714,1,0,1
737344,265,0,5439,-8536,1,0,1
737345,295,0,3632,-8212,1,0,1
737346,330,0,935,-7824,1,0,1
737347,219,0,2093,10324,1,0,1
737348,65535,255,4382,10576,0,0,0
737349,65535,255,5846,10899,0,0,0
737350,65535,255,4334,-8392,0,0,0
737351,175,0,1932,-8086,1,0,1
737352,158,0,1125,10208,1,0,1
737353,319,0,3719,10539,1,0,1
737354,181,0,5429,10791,1,0,1
737355,241,0,4932,-8455,1,0,1
737356,65535,255,2842,-8222,0,0,1
737357,441,0,94,9303,1,0,1
737358,65535,255,2955,10366,0,0,0
737359,65535,255,4940,10691,0,0,0
737360,258,0,5444,-8517,1,0,1
737361,65535,255,3644,-8303,0,0,0
737362,311,0,953,-8212,1,0,1
737363,65535,255,2082,10215,0,0,0
737364,272,0,4371,10613,1,0,1
737365,0,0,0,0,0,0,0
737366,65535,255,4344,-8394,0,0,0
737367,189,0,1949,-8053,1,0,1
737368,0,0,0,0,0,0,0
737369,65535,255,3707,10482,0,0,0
737370,182,0,5418,10813,1,0,1
737371,65535,255,4944,-8468,0,0,0
737372,65535,255,2861,-8223,0,0,0
737373,65535,255,74,8158,0,0,0
737374,125,0,2936,10470,1,0,1
737375,345,0,4925,10733,1,0,1
737376,65535,255,5455,-8539,0,0,0
737377,65535,255,3660,-8208,0,0,0
737378,65535,255,970,-7765,0,0,0
737379,324,0,2056,10274,1,0,1
737380,213,0,4357,10645,1,0,1
737381,306,0,5828,10917,1,0,1
737382,265,0,4355,-8335,1,0,1
737383,65535,255,1970,-8169,0,0,0
737384,65535,255,1080,10327,0,0,0
737385,65535,255,3688,10552,0,0,0
737386,65535,255,5407,10787,0,0,0
737387,65535,255,4953,-8441,0,0,0
737388,65535,255,2876,-8180,0,0,0
737389,294,0,67,6234,1,0,1
737390,65535,255,2917,10448,0,0,0
737391,152,0,4917,10726,1,0,1
737392,65535,255,5463,-8536,0,0,1
737393,271,0,3673,-8217,1,0,1
737394,307,0,988,-7803,1,0,1
737395,65535,255,2040,10305,0,0,0
737396,313,0,4347,10564,1,0,1
737397,204,2,5822,10933,1,0,1
737398,254,0,4366,-8369,1,0,1
737399,314,0,1980,-8007,1,0,1
737400,318,2,1069,10047,1,0,0
737401,65535,255,3679,10487,0,0,0
737402,65535,255,5399,10824,0,0,0
737403,65535,255,4959,-8492,0,0,0
737404,65535,255,2885,-8116,0,0,0
737405,65535,255,38,12520,0,0,0
737406,65535,255,2908,10404,0,0,0
737407,142,0,4911,10709,1,0,1
737408,65535,255,5468,-8528,0,0,0
737409,65535,255,3680,-8211,0,0,0
737410,289,0,999,-7806,1,0,1
737411,65535,255,2030,10319,0,0,0
737412,0,0,0,0,0,0,0
737413,285,0,5819,10877,1,0,1
737414,65535,255,4370,-8389,0,0,0
737415,270,0,1991,-8073,1,0,1
737416,65535,255,1057,10202,0,0,0
737417,191,0,3675,10535,1,0,1
737418,238,0,5397,10781,1,0,1
737419,272,0,4962,-8448,1,0,1
737420,203,0,2889,-8203,1,0,1
737421,0,0,0,0,0,0,0
737422,65535,255,2908,10339,0,0,0
737423,65535,255,4908,10676,0,0,0
737424,65535,255,5471,-8578,0,0,0
737425,262,0,3684,-8299,1,0,1
737426,65535,255,1005,-8021,0,0,0
737427,65535,255,2030,10288,0,0,0
737428,306,0,4339,10563,1,0,1
737429,65535,255,5818,10896,0,0,0
737430,82,2,4373,-8389,1,0,0
737431,65535,255,1991,-8089,0,0,0
737432,65535,255,1057,10234,0,0,0
737433,171,2,3675,10552,1,0,1
737434,326,0,5396,10795,1,0,1
737435,65535,255,4962,-8464,0,0,0
737436,243,0,2891,-8141,1,0,1
737437,431,0,31,11972,1,0,1
737438,227,0,2908,10404,1,0,1
737439,252,0,4908,10714,1,0,1
737440,226,0,5471,-8541,1,0,1
737441,65535,255,3684,-8242,0,0,0
737442,65535,255,1005,-7973,0,0,0
737443,65535,255,2035,10178,0,0,0
737444,308,0,4339,10629,1,0,1
737445,65535,255,5821,10917,0,0,0
737446,65535,255,4372,-8356,0,0,0
737447,178,0,1986,-8056,1,0,1
737448,215,0,1063,10203,1,0,1
737449,207,0,3679,10552,1,0,1
737450,65535,255,5401,10801,0,0,0
737451,65535,255,4962,-8475,0,0,0
737452,65535,255,2885,-8105,0,0,0
737453,231,0,41,13300,1,0,1
737454,306,0,2912,10437,1,0,1
737455,229,0,4913,10737,1,0,1
737456,147,0,5467,-8563,1,0,1
737457,211,0,3680,-8298,1,0,1
737458,314,0,994,-7737,1,0,1
737459,170,0,2040,10321,1,0,1
737460,65535,255,4346,10584,0,0,0
737461,323,0,5826,10896,1,0,1
737462,65535,255,4365,-8329,0,0,0
737463,65535,255,1975,-7940,0,0,0
737464,65535,255,1075,10019,0,0,0
737465,376,0,3687,10505,1,0,1
737466,237,0,5406,10774,1,0,1
737467,272,0,4956,-8452,1,0,1
737468,151,2,2876,-8234,1,0,1
737469,181,0,52,10562,1,0,1
737470,244,2,2922,10417,1,0,0
737471,307,0,4919,10728,1,0,1
737472,190,0,5462,-8557,1,0,1
737473,65535,255,3668,-8280,0,0,0
737474,264,0,982,-8129,1,0,1
737475,180,0,2051,10307,1,0,0
737476,65535,255,4357,10587,0,0,0
737477,65535,255,5830,10898,0,0,0
737478,234,0,4355,-8333,1,0,1
737479,208,0,1965,-7971,1,0,1
737480,362,0,1091,10115,1,0,1
737481,304,0,3699,10531,1,0,1
737482,65535,255,5415,10795,0,0,1
737483,282,0,4947,-8477,1,0,1
737484,65535,255,2861,-8122,0,0,0
737485,337,0,82,7777,1,0,1
737486,219,0,2938,10389,1,0,1
737487,65535,255,4932,10686,0,0,0
737488,65535,255,5452,-8527,0,0,0
737489,65535,255,3656,-8230,0,0,0
737490,65535,255,964,-8001,0,0,0
737491,65535,255,2072,10216,0,0,0
737492,268,0,4368,10596,1,0,1
737493,284,0,5836,10904,1,0,1
737494,65535,255,4341,-8311,0,0,0
737495,65535,255,1943,-8042,0,0,0
737496,65535,255,1115,10029,0,0,0
737497,65535,255,3715,10517,0,0,0
737498,260,0,5423,10788,1,0,1
737499,181,2,4932,-8475,1,0,0
737500,218,0,2842,-8120,1,0,1
737501,384,0,102,7670,1,0,1
737502,65535,255,2955,10336,0,0,0
737503,65535,255,4941,10694,0,0,0
737504,65535,255,5442,-8534,0,0,0
737505,65535,255,3636,-8251,0,0,0
737506,65535,255,935,-8106,0,0,0
737507,65535,255,2093,10282,0,0,0
737508,147,0,4383,10579,1,0,1
737509,65535,255,5848,10899,0,0,0
737510,65535,255,4323,-8348,0,0,0
737511,65535,255,1915,-8030,0,0,0
737512,65535,255,1137,10271,0,0,0
737513,289,0,3732,10456,1,0,1
737514,65535,255,5432,10828,0,0,0
737515,65535,255,4917,-8444,0,0,0
737516,274,0,2817,-8203,1,0,1
737517,191,0,124,11126,1,0,1
737518,199,0,2979,10456,1,0,1
737519,293,0,4956,10676,1,0,1
737520,65535,255,5426,-8526,0,0,0
737521,253,0,3611,-8239,1,0,1
737522,327,0,906,-8108,1,0,1
737523,65535,255,2119,10285,0,0,0
737524,65535,255,4399,10589,0,0,0
737525,65535,255,5858,10907,0,0,0
737526,174,0,4305,-8385,1,0,1
737527,0,0,0,0,0,0,0
737528,351,0,1159,10157,1,0,1
737529,496,0,3744,10458,1,0,1
737530,65535,255,5437,10844,0,0,0
737531,65535,255,4911,-8471,0,0,0
737532,65535,255,2810,-8160,0,0,0
737533,325,0,122,10047,1,0,1
737534,286,0,2974,10456,1,0,1
737535,300,0,4953,10692,1,0,1
737536,65535,255,5431,-8551,0,0,0
737537,65535,255,3622,-8272,0,0,0
737538,65535,255,918,-7998,0,0,0
737539,326,0,2103,10298,1,0,1
737540,65535,255,4386,10612,0,0,0
737541,65535,255,5848,10938,0,0,0
737542,65535,255,4323,-8334,0,0,1
737543,65535,255,1921,-8065,0,0,1
737544,270,0,1132,10254,1,0,1
737545,0,0,0,0,0,0,0
737546,65535,255,5426,10823,0,0,0
737547,65535,255,4926,-8451,0,0,0
737548,65535,255,2833,-8130,0,0,0
737549,64,0,99,9366,1,0,1
737550,204,2,2955,10454,1,0,1
737551,544,0,4941,10695,1,0,1
737552,65535,255,5442,-8557,0,0,0
737553,284,0,3637,-8202,1,0,1
737554,65535,255,947,-8106,0,0,0
737555,65535,255,2082,10358,0,0,0
737556,98,2,4372,10643,1,0,1
737557,65535,255,5841,10898,0,0,0
737558,288,0,4337,-8376,1,0,1
737559,267,0,1940,-8036,1,0,0
737560,65535,255,1114,10210,0,0,0
737561,545,0,3711,10486,1,0,1
737562,422,0,5420,10798,1,0,1
737563,212,0,4935,-8425,1,0,1
737564,205,0,2847,-8087,1,0,1
737565,65535,255,87,8064,0,0,0
737566,160,0,2945,10432,1,0,1
737567,532,0,4932,10688,1,0,1
737568,65535,255,5450,-8554,0,0,0
737569,65535,255,3649,-8203,0,0,0
737570,65535,255,959,-8138,0,0,0
737571,65535,255,2067,10388,0,0,0
737572,65535,255,4364,10563,0,0,0
737573,65535,255,5836,10913,0,0,0
737574,65535,255,4346,-8354,0,0,0
737575,41,0,1954,-8019,1,0,1
737576,65535,255,1098,10390,0,0,0
737577,65535,255,3703,10541,0,0,0
737578,65535,255,5412,10834,0,0,0
737579,65535,255,4944,-8470,0,0,0
737580,65535,255,2861,-8187,0,0,0
737581,65535,255,69,12435,0,0,0
737582,65535,255,2936,10366,0,0,0
737583,516,0,4926,10730,1,0,1
737584,65535,255,5455,-8536,0,0,0
737585,0,0,0,0,0,0,0
737586,225,0,970,-8035,1,0,1
737587,0,0,0,0,0,0,0
737588,303,0,4359,10597,1,0,1
737589,382,0,5831,10912,1,0,1
737590,200,0,4353,-8355,1,0,1
737591,65535,255,1959,-8035,0,0,0
737592,65535,255,1090,10053,0,0,0
737593,65535,255,3695,10556,0,0,0
737594,160,0,5410,10797,1,0,1
737595,222,0,4948,-8463,1,0,1
737596,65535,255,2871,-8232,0,0,0
737597,65535,255,73,7137,0,0,0
737598,206,0,2927,10429,1,0,1
737599,65535,255,4923,10697,0,0,0
737600,266,0,5460,-8569,1,0,1
737601,203,0,3664,-8246,1,0,1
737602,307,0,976,-7798,1,0,1
737603,175,0,2056,10261,1,0,1
737604,65535,255,4357,10621,0,0,0
737605,65535,255,5830,10891,0,0,0
737606,234,0,4359,-8378,1,0,1
737607,228,0,1965,-7969,1,0,1
737608,267,0,1080,10330,1,0,1
737609,394,0,3691,10531,1,0,1
737610,310,0,5406,10833,1,0,1
737611,310,0,4953,-8482,1,0,1
737612,65535,255,2871,-8220,0,0,0
737613,65535,255,68,6916,0,0,0
737614,229,0,2926,10440,1,0,1
737615,166,2,4923,10702,1,0,1
737616,65535,255,5460,-8578,0,0,0
737617,283,0,3668,-8263,1,0,1
737618,214,0,981,-7899,1,0,1
737619,205,0,2050,10309,1,0,1
737620,65535,255,4353,10647,0,0,0
737621,65535,255,5828,10908,0,0,0
737622,65535,255,4356,-8312,0,0,1
737623,167,0,1970,-8069,1,0,1
737624,65535,255,1081,10051,0,0,0
737625,576,0,3692,10467,1,0,1
737626,536,0,5408,10800,1,0,1
737627,169,0,4949,-8443,1,0,1
737628,65535,255,2870,-8154,0,0,0
737629,324,0,57,12271,1,0,1
737630,89,2,2928,10376,1,0,1
737631,65535,255,4921,10675,0,0,0
737632,208,0,5459,-8559,1,0,1
737633,174,0,3667,-8229,1,0,0
737634,65535,255,975,-7792,0,0,0
737635,118,2,2052,10261,1,0,1
737636,226,0,4354,10633,1,0,1
737637,65535,255,5827,10903,0,0,0
737638,72,0,4356,-8360,1,0,1
737639,95,2,1964,-8050,1,0,1
737640,48,0,1087,10052,1,0,1
737641,65535,255,3692,10467,0,0,0
737642,65535,255,5408,10800,0,0,0
737643,65535,255,4949,-8448,0,0,0
737644,65535,255,2865,-8175,0,0,0
737645,65535,255,67,12996,0,0,1
737646,65535,255,2928,10408,0,0,0
737647,65535,255,4921,10692,0,0,0
737648,65535,255,5457,-8577,0,0,1
737649,65535,255,3663,-8269,0,0,1
737650,131,0,974,-7963,1,0,1
737651,289,0,2052,10354,1,0,1
737652,65535,255,4358,10568,0,0,0
737653,65535,255,5827,10929,0,0,0
737654,65535,255,4351,-8350,0,0,0
737655,65535,255,1963,-8139,0,0,0
737656,65535,255,1087,10327,0,0,0
737657,65535,255,3696,10540,0,0,0
737658,65535,255,5410,10780,0,0,0
737659,65535,255,4943,-8426,0,0,0
737660,242,0,2860,-8130,1,0,1
737661,65535,255,65,10932,0,0,0
737662,475,0,2932,10377,1,0,1
737663,125,0,4927,10682,1,0,1
737664,65535,255,5455,-8566,0,0,0
737665,102,0,3656,-8260,1,0,1
737666,205,0,969,-7927,1,0,1
737667,237,0,2062,10356,1,0,1
737668,65535,255,4362,10576,0,0,0
737669,65535,255,5832,10935,0,0,0
737670,65535,255,4348,-8363,0,0,0
737671,272,0,1953,-7966,1,0,1
737672,87,0,1099,10418,1,0,1
737673,65535,255,3704,10445,0,0,0
737674,65535,255,5416,10797,0,0,0
737675,65535,255,4940,-8452,0,0,1
737676,65535,255,2856,-8195,0,0,0
737677,65535,255,87,7182,0,0,1
737678,437,0,2942,10453,1,0,1
737679,694,2,4930,10726,1,0,1
737680,65535,255,5450,-8538,0,0,0
737681,170,0,3647,-8209,1,0,1
737682,65535,255,952,-7751,0,0,0
737683,65535,255,2073,10279,0,0,0
737684,167,0,4369,10650,1,0,1
737685,654,2,5836,10923,1,0,1
737686,216,0,4340,-8348,1,0,1
737687,65535,255,1937,-7944,0,0,1
737688,0,0,0,0,0,0,0
737689,65535,255,3716,10455,0,0,0
737690,246,2,5421,10804,1,0,1
737691,199,0,4931,-8466,1,0,1
737692,237,0,2842,-8237,1,0,1
737693,305,0,94,9637,1,0,1
737694,331,0,2956,10348,1,0,1
737695,65535,255,4950,10682,0,0,0
737696,65535,255,5436,-8578,0,0,0
737697,82,0,3632,-8293,1,0,1
737698,324,0,935,-8175,1,0,1
737699,181,2,2099,10247,1,0,0
737700,425,0,4383,10647,1,0,1
737701,65535,255,5846,10925,0,0,0
737702,65535,255,4329,-8365,0,0,1
737703,65535,255,1926,-7998,0,0,0
737704,65535,255,1126,10087,0,0,0
737705,65535,255,3724,10508,0,0,0
737706,65535,255,5427,10816,0,0,0
737707,127,0,4928,-8431,1,0,1
737708,239,0,2837,-8175,1,0,1
737709,211,0,104,8390,1,0,1
737710,219,0,2959,10368,1,0,0
737711,65535,255,4941,10670,0,0,0
737712,65535,255,5443,-8574,0,0,0
737713,0,0,0,0,0,0,0
737714,65535,255,944,-8055,0,0,0
737715,218,0,2083,10277,1,0,1
737716,137,0,4375,10561,1,0,1
737717,225,0,5842,10910,1,0,1
737718,65535,255,4337,-8392,0,0,0
737719,65535,255,1938,-8103,0,0,0
737720,345,0,1114,10296,1,0,1
737721,144,0,3718,10454,1,0,1
737722,261,0,5422,10809,1,0,1
737723,65535,255,4934,-8488,0,0,0
737724,65535,255,2847,-8123,0,0,0
737725,378,0,90,12676,1,0,1
737726,201,0,2950,10460,1,0,1
737727,65535,255,4936,10693,0,0,0
737728,200,0,5450,-8571,1,0,1
737729,227,0,3647,-8305,1,0,1
737730,65535,255,952,-7795,0,0,0
737731,258,2,2077,10354,1,0,0
737732,65535,255,4372,10601,0,0,1
737733,139,0,5840,10903,1,0,0
737734,65535,255,4341,-8346,0,0,0
737735,65535,255,1943,-8000,0,0,0
737736,65535,255,1109,10116,0,0,0
737737,218,0,3711,10531,1,0,0
737738,65535,255,5421,10794,0,0,0
737739,253,0,4938,-8472,1,0,1
737740,65535,255,2847,-8100,0,0,0
737741,126,0,85,11980,1,0,0
737742,65535,255,2945,10460,0,0,0
737743,65535,255,4937,10669,0,0,0
737744,254,0,5450,-8581,1,0,1
737745,65535,255,3647,-8290,0,0,0
737746,235,0,952,-7828,1,0,1
737747,209,0,2077,10386,1,0,0
737748,328,0,4371,10621,1,0,1
737749,65535,255,5841,10920,0,0,0
737750,151,0,4341,-8373,1,0,1
737751,210,0,1943,-8086,1,0,1
737752,162,0,1114,10327,1,0,1
737753,291,0,3716,10468,1,0,1
737754,65535,255,5421,10829,0,0,0
737755,265,0,4935,-8438,1,0,1
737756,251,0,2847,-8221,1,0,1
737757,65535,255,87,10393,0,0,0
737758,65535,255,2950,10419,0,0,0
737759,65535,255,4938,10736,0,0,0
737760,65535,255,5444,-8574,0,0,0
737761,65535,255,3644,-8311,0,0,0
737762,65535,255,941,-7861,0,0,0
737763,65535,255,2083,10402,0,0,0
737764,65535,255,4375,10635,0,0,0
737765,318,0,5841,10934,1,0,1
737766,65535,255,4332,-8363,0,0,0
737767,194,0,1932,-8170,1,0,1
737768,65535,255,1126,10032,0,0,0
737769,65535,255,3719,10517,0,0,0
737770,65535,255,5426,10792,0,0,0
737771,65535,255,4929,-8481,0,0,0
737772,65535,255,2833,-8152,0,0,0
737773,65535,255,103,8400,0,0,0
737774,65535,255,2960,10367,0,0,0
737775,222,0,4944,10716,1,0,1
737776,145,0,5437,-8558,1,0,1
737777,65535,255,3633,-8293,0,0,0
737778,301,0,929,-7786,1,0,1
737779,65535,255,2093,10388,0,0,0
737780,350,2,4383,10635,1,0,1
737781,185,0,5848,10936,1,0,1
737782,232,2,4323,-8309,1,0,1
737783,290,0,1916,-7945,1,0,1
737784,65535,255,1137,10094,0,0,0
737785,65535,255,3731,10543,0,0,0
737786,281,0,5431,10813,1,0,1
737787,299,0,4917,-8423,1,0,1
737788,222,0,2819,-8206,1,0,1
737789,65535,255,116,10328,0,0,0
737790,208,0,2974,10433,1,0,1
737791,244,0,4954,10708,1,0,1
737792,268,0,5429,-8523,1,0,1
737793,224,0,3615,-8233,1,0,1
737794,65535,255,912,-8109,0,0,0
737795,65535,255,2114,10298,0,0,0
737796,65535,255,4396,10600,0,0,0
737797,65535,255,5856,10917,0,0,1
737798,65535,255,6816,11241,0,0,0
737799,65535,255,1894,-8081,0,0,0
737800,232,0,1159,10360,1,0,1
737801,65535,255,3748,10490,0,0,0
737802,154,0,5443,10783,1,0,1
737803,156,0,4905,-8482,1,0,1
737804,117,0,2800,-8150,1,0,1
737805,65535,255,147,9399,0,0,0
737806,65535,255,2998,10406,0,0,0
737807,115,0,4968,10738,1,0,1
737808,162,0,5415,-8515,1,0,1
737809,65535,255,3599,-8231,0,0,0
737810,65535,255,882,-8114,0,0,0
737811,166,0,2140,10303,1,0,1
737812,0,0,0,0,0,0,0
737813,162,0,5861,-8636,1,0,1
737814,232,0,4297,-8352,1,0,1
737815,256,0,1882,-8150,1,0,1
737816,65535,255,1177,10160,0,0,0
737817,306,2,3755,10476,1,0,1
737818,65535,255,5448,10794,0,0,0
737819,221,0,4902,-8427,1,0,1
737820,189,0,2795,-8093,1,0,1
737821,0,0,0,0,0,0,0
737822,65535,255,2993,10448,0,0,0
737823,65535,255,4965,10704,0,0,0
737824,65535,255,5423,-8574,0,0,0
737825,65535,255,3611,-8240,0,0,0
737826,163,0,900,-7744,1,0,1
737827,65535,255,2120,10240,0,0,0
737828,265,0,4399,10608,1,0,1
737829,297,0,5855,10943,1,0,1
737830,65535,255,4311,-8354,0,0,0
737831,158,0,1904,-8152,1,0,1
737832,65535,255,1148,10215,0,0,1
737833,65535,255,3739,10497,0,0,0
737834,315,0,5437,10810,1,0,1
737835,65535,255,4914,-8451,0,0,0
737836,66,0,2819,-8153,1,0,1
737837,173,0,117,10927,1,0,1
737838,177,0,2979,10350,1,0,1
737839,65535,255,4953,10740,0,0,0
737840,65535,255,5433,-8537,0,0,0
737841,218,0,3628,-8309,1,0,1
737842,205,0,923,-8074,1,0,1
737843,221,0,2098,10376,1,0,1
737844,65535,255,4389,10574,0,0,0
737845,65535,255,5848,10921,0,0,0
737846,65535,255,4326,-8329,0,0,0
737847,290,0,1921,-8101,1,0,1
737848,65535,255,1131,10126,0,0,0
737849,65535,255,3727,10472,0,0,0
737850,184,0,5432,10800,1,0,1
737851,65535,255,4925,-8441,0,0,0
737852,65535,255,2833,-8143,0,0,0
737853,65535,255,99,10725,0,0,0
737854,0,0,0,0,0,0,0
737855,65535,255,4943,10744,0,0,0
737856,65535,255,5442,-8544,0,0,0
737857,65535,255,3636,-8203,0,0,0
737858,341,0,941,-8181,1,0,1
737859,252,0,2088,10190,1,0,1
737860,285,0,4379,10599,1,0,1
737861,348,0,5843,10941,1,0,1
737862,282,0,4333,-8357,1,0,1
737863,237,0,1935,-8058,1,0,0
737864,133,0,1120,10302,1,0,1
737865,197,0,3719,10526,1,0,1
737866,173,0,5423,10832,1,0,1
737867,292,0,4932,-8486,1,0,1
737868,65535,255,2842,-8242,0,0,0
737869,262,0,96,8665,1,0,1
737870,319,0,2950,10464,1,0,1
737871,65535,255,4938,10717,0,0,0
737872,65535,255,5445,-8525,0,0,0
737873,225,0,3644,-8302,1,0,1
737874,65535,255,952,-8072,0,0,0
737875,145,2,2077,10404,1,0,1
737876,65535,255,4372,10584,0,0,0
737877,65535,255,5839,10936,0,0,0
737878,241,2,4337,-8357,1,0,1
737879,163,0,1938,-7948,1,0,0
737880,206,0,1109,10330,1,0,0
737881,344,0,3711,10549,1,0,1
737882,0,0,0,0,0,0,0
737883,65535,255,4932,-8425,0,0,0
737884,0,0,0,0,0,0,0
737885,325,0,82,10820,1,0,0
737886,117,0,2950,10369,1,0,1
737887,169,0,4936,10678,1,0,1
737888,65535,255,5447,-8563,0,0,0
737889,161,0,3644,-8253,1,0,1
737890,347,0,952,-7897,1,0,1
737891,65535,255,2077,10327,0,0,0
737892,126,0,4372,10564,1,0,1
737893,65535,255,5837,10926,0,0,0
737894,65535,255,4337,-8350,0,0,0
737895,260,0,1940,-8059,1,0,1
737896,65535,255,1109,10362,0,0,0
737897,224,0,3711,10558,1,0,1
737898,411,0,5421,10788,1,0,1
737899,65535,255,4932,-8436,0,0,0
737900,0,0,0,0,0,0,0
737901,226,0,88,12356,1,0,1
737902,247,0,2946,10421,1,0,1
737903,65535,255,4935,10711,0,0,0
737904,65535,255,5444,-8524,0,0,0
737905,243,0,3644,-8317,1,0,1
737906,0,0,0,0,0,0,0
737907,102,0,2083,10235,1,0,1
737908,257,0,4372,10630,1,0,1
737909,65535,255,5839,10911,0,0,0
737910,65535,255,4334,-8329,0,0,0
737911,0,0,0,0,0,0,0
737912,65535,255,1114,10302,0,0,0
737913,131,0,3715,10558,1,0,1
737914,150,0,5424,10789,1,0,1
737915,239,0,4929,-8452,1,0,1
737916,65535,255,2842,-8197,0,0,0
737917,65535,255,98,8323,0,0,0
737918,65535,255,2951,10475,0,0,0
737919,294,0,4938,10739,1,0,1
737920,168,0,5442,-8552,1,0,1
737921,243,0,3636,-8243,1,0,1
737922,229,0,941,-7929,1,0,1
737923,65535,255,2088,10375,0,0,0
737924,65535,255,4379,10599,0,0,0
737925,169,0,5843,10891,1,0,0
737926,174,0,4327,-8349,1,0,1
737927,295,0,1927,-8117,1,0,1
737928,362,0,1125,10272,1,0,1
737929,272,2,3724,10544,1,0,1
737930,65535,255,5429,10790,0,0,0
737931,65535,255,4923,-8451,0,0,0
737932,65535,255,2828,-8206,0,0,0
737933,304,0,106,9108,1,0,1
737934,66,0,2970,10340,1,0,1
737935,275,0,4947,10675,1,0,1
737936,277,0,5437,-8575,1,0,1
737937,297,0,3628,-8292,1,0,1
737938,137,0,929,-8179,1,0,1
737939,304,0,2104,10253,1,0,1
737940,243,0,4386,10645,1,0,1
737941,65535,255,5851,10926,0,0,0
737942,198,0,4319,-8367,1,0,1
737943,65535,255,1910,-8029,0,0,1
737944,107,0,1143,10128,1,0,1
737945,65535,255,3735,10521,0,0,1
737946,532,2,5435,10808,1,0,1
737947,65535,255,4914,-8443,0,0,0
737948,199,0,2814,-8194,1,0,0
737949,194,0,130,9037,1,0,1
737950,201,0,2984,10342,1,0,1
737951,65535,255,4959,10683,0,0,0
737952,197,0,5425,-8510,1,0,1
737953,65535,255,3613,-8259,0,0,0
737954,65535,255,900,-7740,0,0,0
737955,65535,255,2119,10316,0,0,0
737956,65535,255,4403,10577,0,0,0
737957,65535,255,5858,10918,0,0,0
737958,90,2,4305,-8304,1,0,1
737959,221,0,1893,-8131,1,0,1
737960,263,0,1165,10330,1,0,0
737961,65535,255,3755,10454,0,0,0
737962,152,0,5448,10814,1,0,1
737963,65535,255,4902,-8408,0,0,0
737964,65535,255,2795,-8136,0,0,0
737965,109,0,151,11251,1,0,1
737966,65535,255,2998,10459,0,0,0
737967,301,0,4968,10701,1,0,1
737968,102,0,5420,-8562,1,0,1
737969,159,0,3598,-8203,1,0,1
737970,192,0,894,-8071,1,0,1
737971,203,0,2130,10333,1,0,1
737972,65535,255,4406,10635,0,0,0
737973,65535,255,5861,10906,0,0,0
737974,65535,255,4304,-8357,0,0,0
737975,147,0,1894,-8131,1,0,1
737976,65535,255,1165,10102,0,0,1
737977,232,0,3747,10571,1,0,1
737978,174,0,5442,10842,1,0,1
737979,65535,255,4908,-8474,0,0,0
737980,235,0,2804,-8181,1,0,1
737981,65535,255,135,10799,0,0,0
737982,65535,255,2986,10399,0,0,0
737983,65535,255,4959,10716,0,0,0
737984,65535,255,5426,-8531,0,0,0
737985,99,0,3611,-8239,1,0,1
737986,174,2,907,-7735,1,0,1
737987,270,0,2114,10408,1,0,1
737988,345,0,4396,10570,1,0,1
737989,443,0,5854,10914,1,0,1
737990,65535,255,4314,-8356,0,0,0
737991,101,0,1904,-7974,1,0,1
737992,100,0,1149,10301,1,0,1
737993,140,0,3740,10507,1,0,1
737994,65535,255,5435,10807,0,0,0
737995,65535,255,4916,-8437,0,0,0
737996,65535,255,2817,-8115,0,0,0
737997,65535,255,125,9232,0,0,0
737998,65535,255,2975,10445,0,0,0
737999,65535,255,4954,10693,0,0,0
738000,65535,255,5433,-8559,0,0,0
738001,276,0,3623,-8214,1,0,1
738002,259,0,922,-8139,1,0,1
738003,65535,255,2104,10376,0,0,0
738004,366,0,4389,10593,1,0,1
738005,530,2,5849,10909,1,0,0
738006,164,0,4321,-8380,1,0,0
738007,65535,255,1915,-7994,0,0,0
738008,65535,255,1138,10328,0,0,1
738009,65535,255,3728,10521,0,0,0
738010,0,0,0,0,0,0,0
738011,418,0,4922,-8455,1,0,1
738012,524,2,2827,-8150,1,0,1
738013,417,0,106,10338,1,0,1
738014,65535,255,2967,10436,0,0,0
738015,65535,255,4945,10718,0,0,0
738016,191,0,5436,-8512,1,0,0
738017,111,0,3627,-8257,1,0,1
738018,65535,255,928,-7815,0,0,0
738019,65535,255,2094,10252,0,0,1
738020,65535,255,4380,10612,0,0,0
738021,65535,255,5845,10943,0,0,0
738022,65535,255,4326,-8353,0,0,0
738023,80,2,1926,-8148,1,0,0
738024,65535,255,1126,10151,0,0,0
738025,65535,255,3725,10480,0,0,0
738026,65535,255,5428,10796,0,0,1
738027,344,0,4925,-8433,1,0,1
738028,92,0,2828,-8116,1,0,1
738029,532,2,100,9675,1,0,1
738030,115,0,2961,10465,1,0,0
738031,502,2,4942,10713,1,0,1
738032,207,0,5437,-8545,1,0,1
738033,65535,255,3635,-8257,0,0,1
738034,485,2,934,-7854,1,0,1
738035,65535,255,2089,10266,0,0,0
738036,65535,255,4376,10625,0,0,0
738037,167,0,5844,10888,1,0,1
738038,65535,255,4329,-8373,0,0,0
738039,424,0,1926,-7959,1,0,1
738040,65535,255,1121,10300,0,0,0
738041,65535,255,3720,10520,0,0,0
738042,514,2,5424,10829,1,0,1
738043,317,0,4928,-8471,1,0,1
738044,492,0,2837,-8206,1,0,1
738045,0,0,0,0,0,0,0
738046,65535,255,2961,10402,0,0,0
738047,70,0,4942,10686,1,0,1
738048,65535,255,5438,-8564,0,0,0
738049,459,0,3636,-8233,1,0,1
738050,65535,255,935,-7745,0,0,0
738051,251,0,2088,10251,1,0,1
738052,441,0,4376,10619,1,0,1
738053,65535,255,5845,10891,0,0,0
738054,65535,255,4329,-8379,0,0,0
738055,65535,255,1926,-7978,0,0,0
738056,65535,255,1126,10388,0,0,0
738057,162,0,3720,10544,1,0,1
738058,65535,255,5425,10819,0,0,0
738059,65535,255,4916,-8441,0,0,0
738060,65535,255,2818,-8196,0,0,1
738061,500,0,118,9185,1,0,1
738062,393,0,2975,10357,1,0,1
738063,0,0,0,0,0,0,0
738064,215,0,5433,-8524,1,0,1
738065,346,0,3623,-8210,1,0,1
738066,197,0,922,-7854,1,0,1
738067,65535,255,2099,10387,0,0,0
738068,65535,255,4386,10609,0,0,0
738069,138,0,5849,10909,1,0,1
738070,65535,255,4322,-8349,0,0,0
738071,65535,255,1920,-7998,0,0,0
738072,65535,255,1138,10121,0,0,0
738073,65535,255,3728,10532,0,0,0
738074,65535,255,5432,10792,0,0,0
738075,421,0,4922,-8469,1,0,1
738076,419,0,2828,-8097,1,0,1
738077,520,0,108,11572,1,0,1
738078,393,0,2965,10452,1,0,1
738079,65535,255,4947,10743,0,0,0
738080,65535,255,5438,-8573,0,0,0
738081,65535,255,3631,-8310,0,0,1
738082,149,0,929,-7749,1,0,1
738083,195,0,2099,10357,1,0,1
738084,65535,255,4386,10603,0,0,0
738085,379,0,5848,10909,1,0,1
738086,65535,255,4325,-8356,0,0,0
738087,65535,255,1921,-8034,0,0,0
738088,65535,255,1131,10239,0,0,0
738089,512,0,3727,10565,1,0,1
738090,65535,255,5431,10816,0,0,0
738091,226,0,4922,-8415,1,0,1
738092,416,0,2828,-8176,1,0,0
738093,277,0,112,9164,1,0,1
738094,65535,255,2969,10379,0,0,0
738095,65535,255,4950,10716,0,0,0
738096,228,0,5438,-8554,1,0,1
738097,339,0,3632,-8278,1,0,1
738098,122,0,925,-7805,1,0,1
738099,211,0,2098,10342,1,0,1
738100,65535,255,4386,10603,0,0,0
738101,65535,255,5850,10914,0,0,1
738102,371,0,4326,-8371,1,0,1
738103,95,0,1915,-8101,1,0,1
738104,328,0,1137,10358,1,0,1
738105,65535,255,3735,10486,0,0,0
738106,251,0,5435,10817,1,0,1
738107,65535,255,4920,-8463,0,0,0
738108,65535,255,2823,-8108,0,0,1
738109,374,0,122,9449,1,0,1
738110,65535,255,2974,10338,0,0,0
738111,460,0,4953,10700,1,0,1
738112,365,0,5433,-8543,1,0,1
738113,65535,255,3624,-8268,0,0,0
738114,251,0,918,-7675,1,0,1
738115,448,0,2109,10359,1,0,1
738116,65535,255,4392,10618,0,0,0
738117,65535,255,5852,10928,0,0,0
738118,65535,255,4316,-8347,0,0,0
738119,384,0,1907,-8041,1,0,1
738120,188,0,1154,10097,1,0,1
738121,393,0,3740,10543,1,0,1
738122,65535,255,5439,10814,0,0,0
738123,65535,255,4913,-8430,0,0,0
738124,65535,255,2809,-8229,0,0,0
738125,65535,255,130,11084,0,0,0
738126,289,0,2984,10466,1,0,1
738127,209,0,4962,10687,1,0,1
738128,338,0,5426,-8541,1,0,1
738129,65535,255,3611,-8275,0,0,0
738130,417,0,900,-7743,1,0,1
738131,65535,255,2124,10391,0,0,0
738132,65535,255,4403,10645,0,0,0
738133,65535,255,5861,10916,0,0,0
738134,39,2,4301,-8340,1,0,1
738135,350,0,1887,-8046,1,0,1
738136,338,0,1171,10074,1,0,1
738137,65535,255,3752,10467,0,0,0
738138,229,0,5445,10797,1,0,1
738139,220,0,4905,-8443,1,0,1
738140,65535,255,2804,-8150,0,0,0
738141,450,2,135,11042,1,0,0
738142,65535,255,2988,10372,0,0,0
738143,205,0,4959,10676,1,0,1
738144,297,0,5425,-8556,1,0,1
738145,200,0,3611,-8225,1,0,1
738146,65535,255,906,-7780,0,0,0
738147,65535,255,2114,10268,0,0,0
738148,65535,255,4393,10631,0,0,0
738149,65535,255,5853,10900,0,0,0
738150,251,0,4313,-8345,1,0,1
738151,206,0,1904,-8065,1,0,1
738152,151,0,1149,10098,1,0,0
738153,148,0,3735,10473,1,0,1
738154,491,0,5435,10809,1,0,1
738155,65535,255,4917,-8457,0,0,0
738156,65535,255,2819,-8196,0,0,0
738157,65535,255,126,7899,0,0,0
738158,65535,255,2969,10433,0,0,0
738159,65535,255,4948,10706,0,0,0
738160,65535,255,5431,-8518,0,0,0
738161,65535,255,3628,-8293,0,0,0
738162,301,0,929,-8073,1,0,1
738163,272,0,2098,10405,1,0,1
738164,490,0,4383,10598,1,0,1
738165,201,2,5847,10909,1,0,1
738166,65535,255,4327,-8383,0,0,0
738167,65535,255,1921,-8015,0,0,0
738168,65535,255,1132,10006,0,0,0
738169,150,2,3728,10464,1,0,1
738170,65535,255,5429,10804,0,0,0
738171,189,0,4923,-8457,1,0,1
738172,65535,255,2834,-8198,0,0,0
738173,65535,255,110,8205,0,0,0
738174,336,0,2959,10453,1,0,1
738175,192,0,4944,10721,1,0,1
738176,220,0,5437,-8535,1,0,1
738177,453,0,3633,-8204,1,0,1
738178,277,0,936,-7719,1,0,1
738179,455,0,2087,10263,1,0,1
738180,156,0,4379,10641,1,0,1
738181,65535,255,5842,10914,0,0,0
738182,65535,255,4331,-8331,0,0,0
738183,65535,255,1933,-8153,0,0,0
738184,65535,255,1119,10299,0,0,0
738185,65535,255,3718,10541,0,0,0
738186,65535,255,5426,10782,0,0,0
738187,257,0,4930,-8437,1,0,1
738188,273,0,2838,-8165,1,0,1
738189,116,0,100,12415,1,0,1
738190,432,0,2954,10431,1,0,1
738191,65535,255,4940,10715,0,0,0
738192,277,0,5443,-8531,1,0,1
738193,222,0,3637,-8204,1,0,1
738194,65535,255,942,-7754,0,0,0
738195,128,0,2087,10280,1,0,1
738196,326,2,4375,10643,1,0,1
738197,235,0,5842,10922,1,0,1
738198,65535,255,4334,-8351,0,0,0
738199,366,0,1933,-7965,1,0,1
738200,325,0,1117,10094,1,0,1
738201,65535,255,3719,10461,0,0,0
738202,271,0,5425,10811,1,0,1
738203,65535,255,4933,-8476,0,0,0
738204,347,0,2840,-8137,1,0,1
738205,503,0,92,10019,1,0,1
738206,65535,255,2955,10366,0,0,0
738207,65535,255,4943,10682,0,0,0
738208,65535,255,5446,-8579,0,0,0
738209,479,0,3641,-8294,1,0,1
738210,156,0,942,-8143,1,0,1
738211,477,0,2087,10233,1,0,1
738212,169,0,4378,10635,1,0,1
738213,65535,255,5842,10917,0,0,0
738214,208,0,4334,-8344,1,0,1
738215,417,0,1933,-7964,1,0,1
738216,374,0,1125,10002,1,0,0
738217,65535,255,3722,10470,0,0,0
738218,65535,255,5427,10821,0,0,0
738219,175,0,4932,-8487,1,0,0
738220,65535,255,2834,-8119,0,0,0
738221,424,0,100,11355,1,0,1
738222,0,0,0,0,0,0,0
738223,305,2,4943,10715,1,0,1
738224,381,0,5442,-8539,1,0,1
738225,472,0,3637,-8228,1,0,1
738226,355,0,935,-7893,1,0,1
738227,286,0,2092,10373,1,0,1
738228,354,0,4381,10597,1,0,1
738229,205,0,5846,10894,1,0,1
738230,91,0,4327,-8316,1,0,1
738231,250,0,1927,-8150,1,0,1
738232,354,0,1131,10357,1,0,1
738233,240,0,3730,10455,1,0,1
738234,362,0,5430,10813,1,0,1
738235,0,0,0,0,0,0,0
738236,65535,255,2829,-8119,0,0,0
738237,65535,255,112,11524,0,0,0
738238,28,2,2968,10433,1,0,1
738239,65535,255,4948,10728,0,0,0
738240,161,0,5437,-8553,1,0,1
738241,65535,255,3625,-8258,0,0,0
738242,336,0,924,-8069,1,0,1
738243,194,0,2103,10220,1,0,1
738244,647,2,4388,10644,1,0,1
738245,65535,255,5852,10929,0,0,0
738246,321,0,4320,-8375,1,0,1
738247,266,0,1911,-8064,1,0,1
738248,191,0,1147,10213,1,0,1
738249,290,0,3738,10552,1,0,1
738250,60,0,5439,10800,1,0,1
738251,537,2,4915,-8478,1,0,1
738252,65535,255,2811,-8104,0,0,0
738253,65535,255,129,11334,0,0,0
738254,65535,255,2982,10446,0,0,0
738255,65535,255,4958,10741,0,0,0
738256,265,2,5427,-8569,1,0,1
738257,65535,255,3613,-8290,0,0,0
738258,286,0,902,-7702,1,0,1
738259,65535,255,2123,10315,0,0,0
738260,344,0,4402,10582,1,0,1
738261,357,2,5859,10894,1,0,1
738262,65535,255,4306,-8325,0,0,0
738263,65535,255,1889,-7939,0,0,0
738264,65535,255,1170,10045,0,0,0
738265,65535,255,3754,10507,0,0,0
738266,65535,255,5445,10810,0,0,0
738267,65535,255,4900,-8459,0,0,0
738268,65535,255,2792,-8079,0,0,0
738269,65535,255,152,10946,0,0,0
738270,118,0,3003,10439,1,0,0
738271,191,0,4968,10744,1,0,1
738272,65535,255,5413,-8538,0,0,0
738273,291,0,3592,-8240,1,0,1
738274,368,0,877,-7807,1,0,1
738275,156,0,2146,10380,1,0,1
738276,302,0,4413,10643,1,0,1
738277,65535,255,5859,-8642,0,0,0
738278,65535,255,4294,-8337,0,0,0
738279,65535,255,1877,-8043,0,0,0
738280,192,0,1176,10303,1,0,1
738281,65535,255,3756,10493,0,0,0
738282,382,0,5448,10790,1,0,1
738283,65535,255,4900,-8448,0,0,0
738284,65535,255,2795,-8181,0,0,0
738285,492,0,139,10313,1,0,1
738286,65535,255,2988,10448,0,0,0
738287,262,0,4963,10684,1,0,1
738288,140,0,5420,-8538,1,0,1
738289,118,0,3607,-8281,1,0,1
738290,65535,255,900,-7813,0,0,0
738291,343,0,2120,10210,1,0,1
738292,65535,255,4396,10570,0,0,0
738293,346,0,5853,10906,1,0,1
738294,279,0,4312,-8373,1,0,1
738295,395,0,1905,-8167,1,0,1
738296,228,0,1149,10100,1,0,1
738297,226,0,3736,10562,1,0,1
738298,262,0,5435,10834,1,0,1
738299,65535,255,4917,-8460,0,0,0
738300,65535,255,2819,-8139,0,0,0
738301,250,0,117,9494,1,0,1
738302,65535,255,2970,10436,0,0,0
738303,116,0,4950,10681,1,0,1
738304,65535,255,5434,-8541,0,0,0
738305,487,0,3628,-8299,1,0,1
738306,417,0,929,-7928,1,0,1
738307,65535,255,2099,10253,0,0,0
738308,65535,255,4383,10600,0,0,0
738309,65535,255,5846,10929,0,0,0
738310,65535,255,4326,-8315,0,0,0
738311,139,0,1921,-8014,1,0,1
738312,146,0,1126,10330,1,0,1
738313,65535,255,3724,10512,0,0,0
738314,438,0,5427,10809,1,0,1
738315,65535,255,4926,-8435,0,0,0
738316,65535,255,2833,-8096,0,0,0
738317,167,0,105,8119,1,0,1
738318,65535,255,2955,10401,0,0,0
738319,65535,255,4938,10745,0,0,0
738320,65535,255,5442,-8519,0,0,0
738321,65535,255,3640,-8235,0,0,0
738322,65535,255,952,-8140,0,0,0
738323,346,0,2077,10328,1,0,1
738324,193,2,4368,10617,1,0,1
738325,65535,255,5838,10932,0,0,1
738326,220,0,4341,-8310,1,0,1
738327,355,0,1944,-7982,1,0,1
738328,448,0,1103,10241,1,0,1
738329,0,0,0,0,0,0,0
738330,65535,255,5416,10808,0,0,0
738331,65535,255,4940,-8469,0,0,0
738332,264,0,2856,-8143,1,0,1
738333,65535,255,71,9068,0,0,0
738334,304,0,2936,10421,1,0,1
738335,374,0,4929,10671,1,0,1
738336,412,0,5455,-8527,1,0,1
738337,329,0,3660,-8262,1,0,1
738338,164,0,971,-7727,1,0,1
738339,77,0,2056,10419,1,0,1
738340,231,0,4356,10588,1,0,1
738341,317,0,5830,10900,1,0,1
738342,83,0,4355,-8365,1,0,1
738343,65535,255,1970,-8119,0,0,0
738344,65535,255,1081,10024,0,0,0
738345,65535,255,3687,10547,0,0,0
738346,161,0,5405,10823,1,0,1
738347,65535,255,4952,-8450,0,0,0
738348,65535,255,2875,-8112,0,0,0
738349,65535,255,52,7348,0,0,0
738350,65535,255,2917,10408,0,0,0
738351,476,0,4917,10669,1,0,1
738352,65535,255,5465,-8528,0,0,0
738353,248,0,3676,-8272,1,0,1
738354,65535,255,992,-7799,0,0,0
738355,65535,255,2042,10196,0,0,0
738356,65535,255,4344,10572,0,0,0
738357,202,0,5822,10910,1,0,1
738358,316,0,4371,-8386,1,0,1
738359,65535,255,1985,-7940,0,0,0
738360,195,0,1064,10204,1,0,1
738361,65535,255,3676,10473,0,0,0
738362,65535,255,5397,10783,0,0,0
738363,65535,255,4964,-8488,0,0,0
738364,0,0,0,0,0,0,0
738365,0,0,0,0,0,0,0
738366,0,0,0,0,0,0,0
738367,0,0,0,0,0,0,0
738368,0,0,0,0,0,0,0
738369,0,0,0,0,0,0,0
738370,0,0,0,0,0,0,0
738371,0,0,0,0,0,0,0
738372,0,0,0,0,0,0,0
738373,65535,255,5815,10913,0,0,0
738374,0,0,0,0,0,0,0
738375,0,0,0,0,0,0,0
738376,472,0,1046,10265,1,0,1
738377,65535,255,3664,10496,0,0,0
738378,0,0,0,0,0,0,0
738379,0,0,0,0,0,0,0
738380,0,0,0,0,0,0,0
738381,0,0,0,0,0,0,0
738382,0,0,0,0,0,0,0
738383,0,0,0,0,0,0,0
738384,50,2,5479,-8544,1,0,1
738385,0,0,0,0,0,0,0
738386,0,0,0,0,0,0,0
738387,0,0,0,0,0,0,0
738388,0,0,0,0,0,0,0
738389,0,0,0,0,0,0,0
738390,0,0,0,0,0,0,0
738391,0,0,0,0,0,0,0
738392,0,0,0,0,0,0,0
738393,0,0,0,0,0,0,0
738394,0,0,0,0,0,0,0
738395,0,0,0,0,0,0,0
738396,0,0,0,0,0,0,0
738397,88,2,26,2659,1,0,1
738398,302,0,2880,10436,1,0,1
738399,167,2,4894,10692,1,0,0
738400,454,0,5485,-8564,1,0,1
738401,65535,255,3703,-8218,0,0,0
738402,65535,255,1034,-8197,0,0,0
738403,65535,255,2002,10280,0,0,0
738404,88,2,4322,10576,1,0,1
738405,65535,255,5806,10924,0,0,0
738406,68,0,4389,-8318,1,0,1
738407,65535,255,2016,-8071,0,0,0
738408,344,2,1030,10006,1,0,1
738409,65535,255,3653,10438,0,0,0
738410,65535,255,5384,10776,0,0,0
738411,65535,255,4979,-8477,0,0,1
738412,199,0,2918,-8234,1,0,1
738413,721,1,31,1238,1,0,1
738414,381,0,2876,10435,1,0,1
738415,491,2,4891,10697,1,0,1
738416,65535,255,5485,-8569,0,0,0
738417,332,0,3707,-8243,1,0,0
738418,65535,255,1034,-7808,0,0,0
738419,65535,255,1999,10255,0,0,0
738420,65535,255,4318,10616,0,0,1
738421,307,0,5806,10886,1,0,1
738422,220,0,4392,-8369,1,0,1
738423,147,0,2017,-7960,1,0,1
738424,452,2,1023,10330,1,0,1
738425,293,0,3652,10535,1,0,1
738426,404,0,5381,10833,1,0,1
738427,65535,255,4980,-8481,0,0,0
738428,0,0,0,0,0,0,0
738429,65535,255,31,1313,0,0,0
738430,65535,255,2880,10447,0,0,0
738431,65535,255,4891,10709,0,0,0
738432,65535,255,5485,-8583,0,0,0
738433,65535,255,3704,-8281,0,0,0
738434,208,0,1033,-7970,1,0,1
738435,65535,255,1999,10352,0,0,0
738436,279,0,4322,10564,1,0,1
738437,65535,255,5805,10925,0,0,0
738438,65535,255,4389,-8336,0,0,0
738439,426,2,2017,-8151,1,0,1
738440,262,0,1034,10235,1,0,1
738441,65535,255,3656,10520,0,0,0
738442,65535,255,5386,10835,0,0,0
738443,386,0,4976,-8452,1,0,1
738444,65535,255,2913,-8223,0,0,0
738445,115,0,8,1498,1,0,1
738446,269,0,2880,10371,1,0,1
738447,447,0,4888,10698,1,0,1
738448,470,2,5490,-8523,1,0,1
738449,65535,255,3716,-8203,0,0,0
738450,65535,255,1051,-7845,0,0,0
738451,65535,255,1983,10368,0,0,0
738452,418,0,4306,10601,1,0,1
738453,65535,255,5797,10901,0,0,0
738454,407,0,4406,-8327,1,0,1
738455,65535,255,2047,-8095,0,0,0
738456,65535,255,1000,9969,0,0,0
738457,186,0,3630,10493,1,0,1
738458,164,0,5369,10768,1,0,1
738459,234,0,5001,-8436,1,0,1
738460,416,0,2951,-8207,1,0,1
738461,653,0,47,-7030,1,0,1
738462,65535,255,2842,10389,0,0,0
738463,65535,255,4866,10710,0,0,0
738464,65535,255,5510,-8541,0,0,0
738465,65535,255,3744,-8247,0,0,0
738466,65535,255,1091,-8072,0,0,0
738467,65535,255,1950,10250,0,0,0
738468,483,0,4284,10564,1,0,1
738469,65535,255,5783,10884,0,0,0
738470,65535,255,4433,-8407,0,0,0
738471,0,0,0,0,0,0,0
738472,0,0,0,0,0,0,0
738473,65535,255,3605,10514,0,0,0
738474,65535,255,5352,10784,0,0,0
738475,140,0,5019,-8460,1,0,1
738476,65535,255,2979,-8104,0,0,0
738477,240,0,88,-10112,1,0,1
738478,65535,255,2814,10426,0,0,0
738479,65535,255,4869,10684,0,0,0
738480,65535,255,5508,-8546,0,0,0
738481,315,0,3744,-8291,1,0,1
738482,65535,255,1080,-7890,0,0,0
738483,65535,255,1961,10229,0,0,0
738484,65535,255,4295,10587,0,0,0
738485,65535,255,5792,10916,0,0,0
738486,65535,255,4419,-8397,0,0,1
738487,65535,255,2054,-7971,0,0,1
738488,509,0,993,10262,1,0,1
738489,158,0,3630,10479,1,0,1
738490,211,0,5371,10793,1,0,1
738491,147,2,4998,-8499,1,0,0
738492,65535,255,2941,-8231,0,0,0
738493,485,2,52,-12745,1,0,1
738494,65535,255,2861,10365,0,0,0
738495,243,0,4880,10736,1,0,1
738496,65535,255,5497,-8574,0,0,0
738497,265,0,3724,-8265,1,0,1
738498,65535,255,1051,-7821,0,0,0
738499,65535,255,1988,10219,0,0,0
738500,384,0,4313,10591,1,0,1
738501,519,0,5801,10924,1,0,1
738502,449,0,4399,-8323,1,0,1
738503,65535,255,2027,-8046,0,0,0
738504,65535,255,1023,10301,0,0,0
738505,229,0,3651,10532,1,0,1
738506,483,0,5382,10825,1,0,1
738507,209,0,4980,-8463,1,0,1
738508,105,2,2913,-8163,1,0,1
738509,628,0,10,-17025,1,0,1
738510,65535,255,2889,10325,0,0,0
738511,65535,255,4896,10718,0,0,0
738512,414,0,5483,-8586,1,0,0
738513,169,0,3696,-8260,1,0,1
738514,65535,255,1016,-7811,0,0,0
738515,65535,255,2019,10239,0,0,0
738516,65535,255,4332,10601,0,0,0
738517,172,0,5816,10894,1,0,1
738518,497,0,4376,-8352,1,0,1
738519,360,2,1996,-8140,1,0,1
738520,479,0,1057,10172,1,0,1
738521,398,0,3679,10479,1,0,1
