sdate,line_t,line_tmq,line_tvza,line_tvaa,line_tm2,line_QFDNB,line_tm_buf
735235,527,0,2327,9956,1,0,1
735236,65535,255,4408,9650,0,0,0
735237,515,0,5182,-6934,1,0,1
735238,65535,255,3594,-7207,0,0,0
735239,65535,255,1271,-7531,0,0,0
735240,65535,255,1479,9996,0,0,0
735241,417,2,3809,9679,1,0,1
735242,65535,255,5406,9411,0,0,0
735243,65535,255,4190,-7143,0,0,0
735244,65535,255,2120,-7384,0,0,0
735245,537,2,579,10162,1,0,1
735246,65535,255,3122,9874,0,0,0
735247,65535,255,4948,9528,0,0,0
735248,65535,255,4711,-6998,0,0,0
735249,65535,255,2886,-7321,0,0,0
735250,65535,255,342,-7769,0,0,0
735251,65535,255,2348,9873,0,0,0
735252,1210,0,4421,9610,1,0,1
735253,65535,255,5173,-6895,0,0,0
735254,65535,255,3586,-7275,0,0,0
735255,65535,255,1271,-7714,0,0,0
735256,65535,255,1479,10155,0,0,0
735257,586,0,3805,9735,1,0,1
735258,65535,255,5403,9369,0,0,0
735259,65535,255,4198,-7175,0,0,0
735260,65535,255,2131,-7458,0,0,0
735261,479,0,557,10464,1,0,1
735262,65535,255,3100,9917,0,0,0
735263,494,0,4933,9548,1,0,1
735264,65535,255,4728,-7006,0,0,0
735265,65535,255,2914,-7338,0,0,0
735266,65535,255,385,-7154,0,0,0
735267,65535,255,2310,10001,0,0,0
735268,65535,255,4398,9582,0,0,0
735269,65535,255,5190,-6879,0,0,0
735270,65535,255,3611,-7254,0,0,0
735271,65535,255,1305,-7681,0,0,0
735272,65535,255,1445,10161,0,0,0
735273,65535,255,3777,9747,0,0,0
735274,541,0,5387,9377,1,0,1
735275,619,0,4219,-7095,1,0,1
735276,65535,255,2162,-7528,0,0,0
735277,65535,255,528,9791,0,0,0
735278,65535,255,3073,9821,0,0,0
735279,65535,255,4916,9502,0,0,0
735280,65535,255,4744,-6967,0,0,0
735281,65535,255,2939,-7271,0,0,0
735282,804,2,419,-8065,3,0,1
735283,65535,255,2285,9948,0,0,0
735284,797,0,4374,9664,3,0,1
735285,65535,255,5205,-6870,0,0,0
735286,65535,255,3632,-7257,0,0,0
735287,65535,255,1333,-7701,0,0,0
735288,65535,255,1412,10215,0,0,0
735289,0,0,0,0,0,0,0
735290,65535,255,5372,9391,0,0,0
735291,411,0,4234,-7105,1,0,1
735292,482,0,2189,-7538,1,0,1
735293,65535,255,493,9769,0,0,0
735294,594,0,3050,9814,1,0,1
735295,65535,255,4899,9490,0,0,0
735296,630,0,4761,-7038,1,0,1
735297,591,0,2967,-7393,1,0,1
735298,1308,0,447,-7595,1,0,1
735299,0,0,0,0,0,0,0
735300,65535,255,4353,9616,0,0,0
735301,65535,255,5217,-6907,0,0,0
735302,65535,255,3652,-7180,0,0,0
735303,65535,255,1361,-7448,0,0,0
735304,65535,255,1390,9932,0,0,0
735305,65535,255,3733,9795,0,0,0
735306,487,2,5355,9409,1,0,1
735307,65535,255,4252,-7141,0,0,0
735308,417,0,2210,-7403,1,0,1
735309,566,0,463,10317,1,0,1
735310,65535,255,3026,9911,0,0,0
735311,65535,255,4880,9549,0,0,0
735312,976,0,4774,-7023,1,0,1
735313,707,2,2986,-7379,1,0,1
735314,288,2,470,-7665,1,0,1
735315,1429,0,2232,9883,1,0,1
735316,65535,255,4338,9645,0,0,0
735317,65535,255,5226,-6859,0,0,0
735318,65535,255,3668,-7241,0,0,0
735319,65535,255,1384,-7689,0,0,0
735320,65535,255,1361,10202,0,0,0
735321,65535,255,3717,9774,0,0,0
735322,65535,255,5345,9403,0,0,0
735323,65535,255,4266,-7145,0,0,0
735324,415,0,2231,-7444,1,0,1
735325,65535,255,441,10625,0,0,0
735326,65535,255,3012,9809,0,0,0
735327,811,0,4872,9507,1,0,1
735328,1079,0,4784,-6986,1,0,1
735329,65535,255,3000,-7335,0,0,0
735330,671,2,488,-7463,1,0,1
735331,65535,255,2222,9870,0,0,0
735332,65535,255,4331,9647,0,0,0
735333,65535,255,5234,-6872,0,0,0
735334,487,0,3680,-7280,1,0,1
735335,1600,0,1395,-7447,1,0,1
735336,65535,255,1355,10030,0,0,0
735337,697,0,3709,9736,1,0,1
735338,948,0,5342,9389,1,0,1
735339,635,0,4274,-7143,1,0,1
735340,65535,255,2242,-7457,0,0,0
735341,65535,255,436,9717,0,0,0
735342,504,0,3007,9873,1,0,1
735343,689,0,4869,9552,1,0,1
735344,65535,255,4787,-6962,0,0,0
735345,65535,255,3004,-7303,0,0,0
735346,65535,255,493,-7462,0,0,0
735347,65535,255,2216,9885,0,0,0
735348,943,0,4327,9669,1,0,1
735349,374,0,5237,-6901,1,0,1
735350,65535,255,3680,-7207,0,0,0
735351,0,0,0,0,0,0,0
735352,65535,255,1355,9909,0,0,0
735353,65535,255,3713,9704,0,0,0
735354,65535,255,5344,9385,0,0,0
735355,65535,255,4274,-7144,0,0,0
735356,272,2,2242,-7500,1,0,0
735357,620,0,434,10101,1,0,1
735358,561,0,3007,9915,1,0,1
735359,545,0,4871,9514,1,0,1
735360,65535,255,6120,9191,0,0,0
735361,372,0,3000,-7272,1,0,1
735362,1188,0,489,-7329,1,0,1
735363,1337,0,2221,9900,1,0,1
735364,65535,255,4334,9624,0,0,0
735365,65535,255,5758,9311,0,0,0
735366,65535,255,6731,8947,0,0,0
735367,741,0,1389,-7544,1,0,1
735368,389,0,1361,10228,1,0,1
735369,427,0,3720,9703,1,0,1
735370,65535,255,5349,9394,0,0,0
735371,65535,255,6446,9057,0,0,0
735372,65535,255,-32768,-32768,0,65535,0
735373,65535,255,453,9633,0,0,0
735374,65535,255,3016,9893,0,0,0
735375,65535,255,4880,9501,0,0,0
735376,859,0,6126,9194,1,0,1
735377,65535,255,6992,8867,0,0,0
735378,65535,255,-32768,-32768,0,65535,0
735379,65535,255,2237,10014,0,0,0
735380,837,0,4345,9652,1,0,1
735381,529,0,5766,9301,1,0,1
735382,0,0,0,0,0,0,0
735383,65535,255,-32768,-32768,0,65535,0
735384,65535,255,-32768,-32768,0,65535,1
735385,65535,255,3733,9749,0,0,0
735386,65535,255,5357,9430,0,0,0
735387,65535,255,6451,9094,0,0,0
735388,65535,255,-32768,-32768,0,65535,0
735389,65535,255,-32768,-32768,0,65535,1
735390,65535,255,3035,9900,0,0,0
735391,65535,255,4892,9515,0,0,0
735392,65535,255,6134,9210,0,0,0
735393,0,0,0,0,0,0,0
735394,65535,255,-32768,-32768,0,65535,0
735395,65535,255,-32768,-32768,0,65535,1
735396,828,2,4360,9630,1,0,1
735397,824,0,5775,9289,1,0,1
735398,65535,255,6744,8941,0,0,1
735399,65535,255,-32768,-32768,0,65535,0
735400,65535,255,-32768,-32768,0,65535,0
735401,449,0,3752,9785,1,0,0
735402,839,0,5371,9383,1,0,1
735403,644,0,6460,9065,1,0,1
735404,0,0,0,0,0,0,0
735405,65535,255,-32768,-32768,0,65535,1
735406,65535,255,-32768,-32768,0,65535,1
735407,65535,255,4910,9500,0,0,0
735408,428,0,6145,9206,1,0,1
735409,0,0,0,0,0,0,0
735410,65535,255,-32768,-32768,0,65535,1
735411,65535,255,-32768,-32768,0,65535,1
735412,723,0,4381,9651,1,0,1
735413,65535,255,5788,9311,0,0,0
735414,65535,255,6752,8963,0,0,0
735415,65535,255,-32768,-32768,0,65535,1
735416,65535,255,-32768,-32768,0,65535,1
735417,490,0,3777,9749,1,0,1
735418,65535,255,5386,9396,0,0,0
735419,999,0,6471,9057,1,0,1
735420,65535,255,-32768,-32768,0,65535,0
735421,65535,255,-32768,-32768,0,65535,1
735422,65535,255,3092,9880,0,0,0
735423,65535,255,4928,9523,0,0,0
735424,65535,255,6158,9167,0,0,0
735425,65535,255,7014,8855,0,0,1
735426,65535,255,-32768,-32768,0,65535,0
735427,65535,255,2327,9875,0,0,0
735428,615,0,4405,9621,1,0,1
735429,65535,255,5805,9297,0,0,0
735430,65535,255,6764,8954,0,0,1
735431,65535,255,-32768,-32768,0,65535,1
735432,530,0,1479,10112,1,0,1
735433,652,0,3801,9706,1,0,1
735434,584,0,5399,9414,1,0,1
735435,585,0,6479,9086,1,0,1
735436,65535,255,-32768,-32768,0,65535,1
735437,1083,0,563,9698,1,0,1
735438,65535,255,3105,9780,0,0,0
735439,65535,255,4931,9544,0,0,0
735440,572,0,6158,9178,1,0,1
735441,2683,1,2910,-7283,1,0,1
735442,304,0,378,-8025,1,0,1
735443,546,0,2316,9890,1,0,1
735444,1082,0,4395,9616,1,0,1
735445,583,0,5798,9290,1,0,1
735446,2461,1,3608,-7269,1,0,1
735447,1739,1,1300,-7682,1,0,1
735448,530,0,1451,10116,1,0,1
735449,469,0,3781,9717,1,0,1
735450,393,0,5388,9427,1,0,1
735451,671,0,4213,-7149,1,0,1
735452,413,0,2152,-7393,1,0,1
735453,65535,255,532,10108,0,0,0
735454,65535,255,3078,9853,0,0,0
735455,65535,255,4919,9509,0,0,0
735456,1242,0,4739,-6986,1,0,1
735457,439,0,2934,-7419,1,0,1
735458,946,0,406,-7752,1,0,1
735459,800,0,2295,9864,1,0,1
735460,65535,255,4381,9619,0,0,0
735461,641,0,5200,-6906,1,0,1
735462,418,0,3625,-7298,1,0,1
735463,536,0,1316,-7400,1,0,1
735464,1149,0,1427,9952,1,0,1
735465,481,0,3765,9775,1,0,1
735466,65535,255,5379,9391,0,0,0
735467,524,0,4226,-7113,1,0,1
735468,1553,1,2178,-7554,1,0,1
735469,1079,0,510,9912,1,0,1
735470,65535,255,3064,9845,0,0,0
735471,65535,255,4910,9511,0,0,0
735472,65535,255,4751,-6976,0,0,0
735473,65535,255,2948,-7289,0,0,0
735474,65535,255,430,-8131,0,0,0
735475,65535,255,2274,9966,0,0,0
735476,543,0,4370,9673,1,0,0
735477,598,0,5208,-6878,1,0,1
735478,65535,255,3636,-7263,0,0,0
735479,0,0,0,0,0,0,0
735480,456,0,1412,10165,1,0,1
735481,471,0,3757,9777,1,0,1
735482,693,0,5371,9403,1,0,1
735483,668,0,4237,-7137,1,0,1
735484,1052,0,2189,-7404,1,0,1
735485,65535,255,498,10372,0,0,0
735486,505,0,3055,9891,1,0,1
735487,1185,0,4902,9497,1,0,1
735488,519,0,4761,-7043,1,0,1
735489,593,0,2960,-7391,1,0,1
735490,480,0,436,-8048,1,0,1
735491,65535,255,2269,9967,0,0,0
735492,65535,255,4365,9612,0,0,0
735493,1214,0,5213,-6892,1,0,1
735494,65535,255,3640,-7173,0,0,0
735495,636,0,1344,-7499,1,0,1
735496,579,0,1406,10052,1,0,1
735497,752,0,3753,9723,1,0,1
735498,639,0,5370,9380,1,0,1
735499,65535,255,4240,-7116,0,0,0
735500,383,0,2189,-7389,1,0,1
735501,621,0,492,10377,1,0,1
735502,65535,255,3054,9785,0,0,0
735503,764,0,4901,9498,1,0,1
735504,65535,255,4760,-6979,0,0,0
735505,65535,255,2962,-7329,0,0,0
735506,65535,255,436,-7519,0,0,0
735507,65535,255,2268,9882,0,0,0
735508,65535,255,4363,9656,0,0,0
735509,65535,255,5210,-6882,0,0,0
735510,65535,255,3641,-7220,0,0,0
735511,65535,255,1338,-7523,0,0,0
735512,65535,255,1406,10125,0,0,0
735513,65535,255,3753,9763,0,0,0
735514,65535,255,5371,9409,0,0,0
735515,65535,255,4238,-7170,0,0,0
735516,65535,255,2189,-7522,0,0,0
735517,65535,255,498,10107,0,0,0
735518,65535,255,3054,9919,0,0,0
735519,65535,255,4904,9497,0,0,0
735520,65535,255,4754,-6991,0,0,0
735521,65535,255,2953,-7362,0,0,0
735522,65535,255,430,-7898,0,0,0
735523,65535,255,2274,9996,0,0,0
735524,1018,0,4371,9616,1,0,1
735525,695,0,5205,-6862,1,0,1
735526,429,0,3632,-7287,1,0,1
735527,65535,255,1327,-7549,0,0,0
735528,856,0,1417,10170,1,0,1
735529,65535,255,3761,9782,0,0,0
735530,65535,255,5374,9442,0,0,0
735531,65535,255,4227,-7131,0,0,0
735532,65535,255,2173,-7479,0,0,0
735533,65535,255,515,10046,0,0,0
735534,65535,255,3068,9811,0,0,0
735535,65535,255,4914,9517,0,0,0
735536,65535,255,4745,-7028,0,0,0
735537,65535,255,2934,-7300,0,0,0
735538,65535,255,406,-7588,0,0,0
735539,609,0,2295,9964,1,0,1
735540,65535,255,4385,9626,0,0,0
735541,65535,255,5194,-6880,0,0,0
735542,65535,255,3612,-7207,0,0,0
735543,65535,255,1304,-7693,0,0,0
735544,65535,255,1446,10073,0,0,0
735545,848,0,3777,9782,1,0,1
735546,65535,255,5388,9393,0,0,0
735547,65535,255,4209,-7155,0,0,0
735548,459,2,2146,-7514,1,0,1
735549,835,0,546,10141,1,0,1
735550,628,0,3091,9902,1,0,1
735551,65535,255,4929,9514,0,0,0
735552,65535,255,4725,-7044,0,0,0
735553,65535,255,2910,-7356,0,0,0
735554,65535,255,375,-6965,0,0,0
735555,65535,255,2327,9919,0,0,0
735556,65535,255,4405,9623,0,0,0
735557,0,0,0,0,0,0,0
735558,65535,255,3586,-7203,0,0,0
735559,312,0,1271,-7738,1,0,1
735560,65535,255,1474,10047,0,0,0
735561,65535,255,3797,9771,0,0,0
735562,65535,255,5396,9436,0,0,0
735563,537,0,4198,-7129,1,0,1
735564,1340,0,2136,-7499,1,0,1
735565,752,0,550,10293,1,0,1
735566,473,0,3096,9842,1,0,1
735567,850,0,4928,9488,1,0,1
735568,65535,255,4728,-6990,0,0,0
735569,442,0,2920,-7419,1,0,1
735570,65535,255,384,-7410,0,0,0
735571,781,0,2306,9964,1,0,1
735572,1214,2,4391,9632,1,0,1
735573,385,0,5188,-6896,1,0,1
735574,1370,0,3611,-7240,1,0,1
735575,472,0,1299,-7525,1,0,1
735576,582,0,1446,9911,1,0,1
735577,65535,255,3777,9751,0,0,0
735578,688,2,5382,9435,1,0,0
735579,65535,255,4216,-7146,0,0,0
735580,65535,255,2158,-7361,0,0,0
735581,400,0,528,9861,1,0,1
735582,439,0,3078,9794,1,0,1
735583,395,0,4916,9556,1,0,1
735584,420,0,4741,-7004,1,0,1
735585,338,0,2934,-7310,1,0,1
735586,525,0,413,-8069,1,0,1
735587,65535,255,2290,9896,0,0,0
735588,65535,255,4381,9628,0,0,0
735589,65535,255,5199,-6903,0,0,0
735590,65535,255,3624,-7287,0,0,0
735591,65535,255,1320,-7623,0,0,0
735592,65535,255,1428,10193,0,0,0
735593,65535,255,3765,9746,0,0,0
735594,65535,255,5379,9421,0,0,0
735595,437,0,4223,-7077,1,0,1
735596,65535,255,2173,-7478,0,0,0
735597,65535,255,516,10561,0,0,0
735598,570,2,3068,9868,1,0,0
735599,65535,255,4913,9557,0,0,0
735600,529,0,4747,-7020,1,0,1
735601,65535,255,2943,-7361,0,0,0
735602,228,2,413,-7426,1,0,0
735603,0,0,0,0,0,0,0
735604,65535,255,4377,9604,0,0,0
735605,459,0,5202,-6902,1,0,1
735606,65535,255,3624,-7173,0,0,0
735607,65535,255,1322,-7447,0,0,0
735608,65535,255,1429,9982,0,0,0
735609,65535,255,3769,9691,0,0,0
735610,65535,255,5378,9423,0,0,0
735611,502,0,4225,-7167,1,0,0
735612,65535,255,2173,-7478,0,0,0
735613,65535,255,523,9732,0,0,0
735614,65535,255,3073,9826,0,0,0
735615,65535,255,4915,9513,0,0,0
735616,65535,255,4744,-6991,0,0,0
735617,65535,255,2938,-7330,0,0,0
735618,65535,255,407,-7422,0,0,0
735619,65535,255,2293,9937,0,0,0
735620,65535,255,4384,9635,0,0,0
735621,65535,255,5199,-6928,0,0,0
735622,65535,255,3620,-7188,0,0,0
735623,65535,255,1316,-7447,0,0,0
735624,1196,0,1435,9889,1,0,1
735625,869,0,3768,9762,1,0,1
735626,65535,255,5382,9384,0,0,0
735627,65535,255,4223,-7090,0,0,0
735628,472,0,2168,-7493,1,0,1
735629,65535,255,522,10557,0,0,0
735630,65535,255,3073,9864,0,0,0
735631,146,0,4916,9552,1,0,1
735632,65535,255,4744,-7014,0,0,0
735633,65535,255,2938,-7350,0,0,0
735634,65535,255,407,-7261,0,0,0
735635,65535,255,2290,9868,0,0,0
735636,65535,255,4381,9623,0,0,0
735637,0,0,0,0,0,0,0
735638,417,0,3620,-7188,1,0,1
735639,65535,255,1316,-7498,0,0,0
735640,65535,255,1434,10006,0,0,0
735641,65535,255,3773,9699,0,0,0
735642,65535,255,5381,9428,0,0,0
735643,65535,255,4219,-7079,0,0,0
735644,365,0,2163,-7493,1,0,1
735645,989,1,528,9736,1,0,1
735646,65535,255,3078,9826,0,0,0
735647,65535,255,4919,9513,0,0,0
735648,65535,255,4738,-6992,0,0,0
735649,65535,255,2929,-7330,0,0,0
735650,65535,255,401,-7338,0,0,0
735651,779,0,2300,9875,1,0,0
735652,65535,255,4388,9634,0,0,0
735653,65535,255,5191,-6859,0,0,0
735654,448,0,3611,-7256,1,0,1
735655,866,0,1300,-7431,1,0,1
735656,65535,255,1446,9959,0,0,0
735657,65535,255,3781,9705,0,0,0
735658,869,2,5388,9399,1,0,1
735659,65535,255,4209,-7119,0,0,0
735660,65535,255,2141,-7420,0,0,0
735661,65535,255,550,9952,0,0,0
735662,65535,255,3096,9854,0,0,0
735663,858,2,4928,9544,1,0,0
735664,65535,255,4725,-7047,0,0,0
735665,652,0,2910,-7312,1,0,1
735666,429,0,372,-7583,1,0,1
735667,620,0,2321,9949,1,0,1
735668,999,0,4405,9599,1,0,1
735669,65535,255,5176,-6916,0,0,0
735670,877,0,3591,-7277,1,0,1
735671,464,0,1271,-7736,1,0,1
735672,665,0,1468,10209,1,0,1
735673,1308,0,3793,9758,1,0,1
735674,65535,255,5396,9390,0,0,0
735675,983,0,4198,-7107,1,0,1
735676,786,0,2139,-7464,1,0,1
735677,65535,255,544,10054,0,0,0
735678,895,0,3087,9875,1,0,1
735679,65535,255,4922,9540,0,0,0
735680,65535,255,4735,-7010,0,0,0
735681,65535,255,2929,-7362,0,0,0
735682,65535,255,400,-7669,0,0,0
735683,404,0,2295,9910,1,0,1
735684,65535,255,4378,9662,0,0,0
735685,65535,255,5197,-6877,0,0,0
735686,526,0,3624,-7285,1,0,1
735687,1199,0,1322,-7470,1,0,1
735688,65535,255,1423,10054,0,0,0
735689,1045,0,3762,9740,1,0,1
735690,453,0,5374,9401,1,0,1
735691,1093,0,4230,-7148,1,0,1
735692,680,2,2183,-7489,1,0,1
735693,65535,255,498,9978,0,0,0
735694,586,2,3054,9902,1,0,1
735695,65535,255,4902,9489,0,0,0
735696,437,0,4754,-6987,1,0,1
735697,65535,255,2957,-7368,0,0,0
735698,738,0,441,-7965,1,0,1
735699,1156,0,2258,10015,1,0,1
735700,691,0,4360,9634,1,0,1
735701,65535,255,5214,-6877,0,0,0
735702,65535,255,3644,-7184,0,0,0
735703,65535,255,1356,-7666,0,0,0
735704,508,0,1395,9961,1,0,1
735705,650,0,3741,9736,1,0,1
735706,1416,1,5361,9410,1,0,1
735707,417,0,4245,-7090,1,0,1
735708,65535,255,2205,-7412,0,0,0
735709,513,0,475,9832,1,0,1
735710,65535,255,3035,9926,0,0,0
735711,65535,255,4889,9520,0,0,0
735712,1362,0,4771,-7036,1,0,1
735713,1257,0,2976,-7334,1,0,1
735714,489,2,459,-8022,1,0,1
735715,65535,255,2247,9875,0,0,0
735716,65535,255,4349,9638,0,0,0
735717,65535,255,5222,-6859,0,0,0
735718,65535,255,3656,-7190,0,0,0
735719,65535,255,1364,-7584,0,0,0
735720,634,0,1383,10108,1,0,1
735721,65535,255,3733,9705,0,0,0
735722,354,2,5357,9401,1,0,1
735723,65535,255,4252,-7096,0,0,0
735724,1189,0,2215,-7456,1,0,1
735725,1041,0,463,10253,1,0,1
735726,65535,255,3030,9854,0,0,0
735727,693,0,4886,9499,1,0,1
735728,65535,255,6128,9205,0,0,0
735729,364,0,2980,-7354,1,0,1
735730,654,0,466,-7167,1,0,1
735731,706,0,2242,9946,1,0,1
735732,65535,255,4349,9643,0,0,0
735733,570,0,5768,9305,1,0,1
735734,65535,255,6737,8959,0,0,1
735735,778,0,1367,-7496,1,0,1
735736,407,0,1383,10181,1,0,1
735737,1218,0,3733,9730,1,0,1
735738,589,0,5357,9435,1,0,1
735739,65535,255,6450,9083,0,0,0
735740,65535,255,-32768,-32768,0,65535,1
735741,660,0,469,10250,1,0,0
735742,65535,255,3030,9875,0,0,0
735743,440,0,4889,9526,1,0,1
735744,65535,255,6130,9170,0,0,0
735745,0,0,0,0,0,0,0
735746,65535,255,-32768,-32768,0,65535,1
735747,534,0,2253,9916,1,0,1
735748,696,0,4353,9643,1,0,1
735749,65535,255,5771,9312,0,0,0
735750,0,0,0,0,0,0,0
735751,65535,255,-32768,-32768,0,65535,1
735752,65535,255,-32768,-32768,0,65535,0
735753,583,0,3741,9776,1,0,1
735754,65535,255,5362,9415,0,0,0
735755,65535,255,6453,9098,0,0,0
735756,0,0,0,0,0,0,0
735757,65535,255,-32768,-32768,0,65535,0
735758,65535,255,-32768,-32768,0,65535,1
735759,536,0,4895,9547,1,0,1
735760,501,0,6135,9192,1,0,1
735761,0,0,0,0,0,0,0
735762,65535,255,-32768,-32768,0,65535,1
735763,65535,255,-32768,-32768,0,65535,0
735764,65535,255,4364,9614,0,0,0
735765,65535,255,5778,9302,0,0,0
735766,0,0,0,0,0,0,0
735767,0,0,0,0,0,0,0
735768,65535,255,-32768,-32768,0,65535,0
735769,65535,255,-32768,-32768,0,65535,1
735770,65535,255,5371,9441,0,0,0
735771,578,0,6459,9070,1,0,1
735772,0,0,0,0,0,0,0
735773,0,0,0,0,0,0,0
735774,65535,255,-32768,-32768,0,65535,1
735775,65535,255,4907,9527,0,0,0
735776,65535,255,6143,9185,0,0,0
735777,0,0,0,0,0,0,0
735778,0,0,0,0,0,0,0
735779,65535,255,-32768,-32768,0,65535,0
735780,1015,0,4378,9637,1,0,1
735781,1518,0,5786,9321,1,0,1
735782,0,0,0,0,0,0,0
735783,65535,255,-32768,-32768,0,65535,1
735784,65535,255,-32768,-32768,0,65535,0
735785,65535,255,3765,9730,0,0,0
735786,1145,0,5377,9386,1,0,1
735787,65535,255,6464,9058,0,0,0
735788,0,0,0,0,0,0,0
735789,65535,255,-32768,-32768,0,65535,1
735790,65535,255,3064,9921,0,0,0
735791,1097,0,4908,9526,1,0,1
735792,536,0,6143,9215,1,0,1
735793,65535,255,7005,8838,0,0,1
735794,65535,255,-32768,-32768,0,0,0
735795,447,0,2285,9899,1,0,1
735796,678,0,4375,9606,1,0,1
735797,1428,0,5783,9286,1,0,1
735798,65535,255,6747,8977,0,0,1
735799,65535,255,-32768,-32768,0,65535,1
735800,65535,255,1423,10196,0,0,0
735801,65535,255,3761,9717,0,0,0
735802,65535,255,5374,9416,0,0,0
735803,65535,255,6462,9084,0,0,0
735804,65535,255,-32768,-32768,0,65535,0
735805,65535,255,510,10373,0,0,0
735806,65535,255,3064,9871,0,0,0
735807,65535,255,4908,9506,0,0,0
735808,644,0,6142,9204,1,0,1
735809,65535,255,7004,8832,0,0,0
735810,65535,255,420,-8216,0,0,0
735811,584,0,2269,9969,1,0,1
735812,65535,255,4371,9649,0,0,0
735813,65535,255,5786,9305,0,0,0
735814,942,0,3620,-7180,1,0,1
735815,479,0,1305,-7396,1,0,1
735816,65535,255,1446,10190,0,0,0
735817,684,0,3789,9726,1,0,1
735818,65535,255,5395,9432,0,0,0
735819,938,0,4194,-7164,1,0,1
735820,65535,255,2126,-7575,0,0,0
735821,65535,255,562,10466,0,0,0
735822,712,0,3105,9861,1,0,1
735823,65535,255,4938,9480,0,0,0
735824,0,0,0,0,0,0,0
735825,886,0,2910,-7399,1,0,0
735826,450,0,373,-7136,1,0,1
735827,65535,255,2321,9907,0,0,0
735828,555,0,4401,9599,1,0,1
735829,65535,255,5182,-6862,0,0,0
735830,65535,255,3601,-7247,0,0,0
735831,65535,255,1294,-7679,0,0,0
735832,457,0,1457,10004,1,0,1
735833,1202,0,3785,9759,3,0,1
735834,65535,255,5390,9434,0,0,0
735835,949,0,4208,-7127,1,0,1
735836,65535,255,2152,-7511,0,0,0
735837,65535,255,539,10358,0,0,0
735838,65535,255,3087,9855,0,0,0
735839,1048,0,4922,9484,1,0,1
735840,65535,255,4738,-7005,0,0,0
735841,65535,255,2929,-7278,0,0,0
735842,65535,255,400,-7585,0,0,0
735843,320,0,2300,10008,1,0,1
735844,1196,0,4384,9653,1,0,1
735845,1623,2,5196,-6909,1,0,1
735846,65535,255,3620,-7272,0,0,0
735847,65535,255,1316,-7625,0,0,0
735848,520,2,1434,10005,1,0,0
735849,693,0,3769,9777,1,0,1
735850,705,0,5382,9393,1,0,1
735851,65535,255,4223,-7164,0,0,0
735852,541,0,2168,-7389,1,0,1
735853,65535,255,503,10107,0,0,0
735854,65535,255,3059,9847,0,0,0
735855,516,0,4907,9505,1,0,1
735856,1746,0,4757,-7005,1,0,1
735857,763,0,2957,-7406,1,0,1
735858,521,0,431,-7133,1,0,1
735859,65535,255,2275,9851,0,0,0
735860,65535,255,4370,9665,0,0,0
735861,65535,255,5208,-6905,0,0,0
735862,65535,255,3636,-7232,0,0,0
735863,538,0,1333,-7400,1,0,1
735864,443,0,1417,10073,1,0,1
735865,65535,255,3757,9768,0,0,0
735866,912,0,5373,9430,1,0,1
735867,545,2,4234,-7119,1,0,0
735868,420,0,2178,-7465,1,0,1
735869,1227,0,504,10368,1,0,1
735870,486,0,3063,9844,1,0,1
735871,558,0,4910,9555,1,0,1
735872,65535,255,4751,-6965,0,0,0
735873,65535,255,2952,-7374,0,0,0
735874,838,0,431,-7132,1,0,1
735875,599,0,2274,9923,1,0,1
735876,65535,255,4367,9621,0,0,0
735877,446,0,5213,-6888,1,0,1
735878,65535,255,3644,-7238,0,0,0
735879,65535,255,1350,-7524,0,0,0
735880,65535,255,1401,9933,0,0,0
735881,65535,255,3745,9754,0,0,0
735882,65535,255,5365,9384,0,0,0
735883,65535,255,4248,-7075,0,0,0
735884,65535,255,2204,-7447,0,0,0
735885,65535,255,474,10245,0,0,0
735886,65535,255,3035,9859,0,0,0
735887,65535,255,4889,9504,0,0,0
735888,65535,255,4786,-7015,0,0,0
735889,65535,255,2995,-7321,0,0,0
735890,65535,255,482,-8018,0,0,0
735891,571,0,2237,9892,1,0,0
735892,442,2,4345,9619,1,0,1
735893,65535,255,5228,-6906,0,0,0
735894,392,0,3661,-7282,1,0,1
735895,614,0,1367,-7700,1,0,1
735896,790,0,1388,10120,1,0,1
735897,562,0,3741,9718,1,0,1
735898,65535,255,5362,9427,0,0,0
735899,921,0,4245,-7163,1,0,0
735900,299,0,2189,-7440,1,0,1
735901,366,0,498,10366,1,0,1
735902,65535,255,3059,9901,0,0,0
735903,478,0,4907,9500,1,0,1
735904,65535,255,4755,-7028,0,0,0
735905,472,0,2953,-7327,1,0,1
735906,65535,255,430,-8062,0,0,0
735907,290,0,2274,9875,1,0,1
735908,65535,255,4367,9595,0,0,0
735909,65535,255,5208,-6874,0,0,0
735910,611,0,3640,-7220,1,0,0
735911,763,0,1339,-7481,1,0,0
735912,65535,255,1412,9903,0,0,0
735913,65535,255,3749,9748,0,0,0
735914,65535,255,5368,9393,0,0,0
735915,65535,255,4238,-7171,0,0,0
735916,65535,255,2205,-7429,0,0,0
735917,65535,255,475,10373,0,0,0
735918,65535,255,3035,9900,0,0,0
735919,65535,255,4886,9538,0,0,0
735920,65535,255,4774,-7005,0,0,0
735921,65535,255,2982,-7338,0,0,0
735922,417,0,465,-7323,1,0,1
735923,408,0,2237,10031,1,0,1
735924,365,0,4346,9601,1,0,1
735925,65535,255,5228,-6905,0,0,0
735926,65535,255,3668,-7180,0,0,0
735927,65535,255,1378,-7507,0,0,0
735928,65535,255,1366,10020,0,0,0
735929,65535,255,3721,9708,0,0,0
735930,65535,255,5348,9416,0,0,0
735931,65535,255,4267,-7102,0,0,0
735932,65535,255,2231,-7418,0,0,0
735933,0,0,0,0,0,0,0
735934,65535,255,3012,9905,0,0,0
735935,65535,255,4874,9486,0,0,0
735936,65535,255,4783,-6979,0,0,0
735937,65535,255,3000,-7324,0,0,0
735938,65535,255,488,-7548,0,0,0
735939,65535,255,2222,9903,0,0,0
735940,65535,255,4331,9671,0,0,0
735941,65535,255,5237,-6902,0,0,0
735942,65535,255,3680,-7209,0,0,0
735943,423,0,1395,-7673,1,0,1
735944,376,0,1355,10194,1,0,1
735945,341,0,3713,9798,1,0,1
735946,65535,255,5342,9438,0,0,0
735947,65535,255,4274,-7121,0,0,0
735948,65535,255,2236,-7453,0,0,0
735949,65535,255,441,9791,0,0,0
735950,436,0,3007,9905,1,0,1
735951,65535,255,4871,9498,0,0,0
735952,65535,255,4790,-7012,0,0,0
735953,65535,255,3004,-7398,0,0,0
735954,65535,255,488,-7405,0,0,0
735955,65535,255,2221,9919,0,0,0
735956,65535,255,4335,9604,0,0,0
735957,65535,255,5236,-6872,0,0,0
735958,821,2,3676,-7194,1,0,0
735959,65535,255,1390,-7746,0,0,0
735960,65535,255,1360,10071,0,0,0
735961,65535,255,3717,9790,0,0,0
735962,65535,255,5350,9378,0,0,0
735963,566,0,4269,-7156,1,0,1
735964,727,0,2231,-7396,1,0,1
735965,435,0,452,9873,3,0,1
735966,605,0,3021,9788,1,0,1
735967,631,0,4880,9541,1,0,1
735968,282,0,4780,-6991,3,0,1
735969,416,0,2990,-7420,1,0,1
735970,480,0,470,-7535,1,0,1
735971,65535,255,2237,10005,0,0,0
735972,65535,255,4345,9662,0,0,0
735973,65535,255,5227,-6930,0,0,0
735974,501,0,3664,-7188,1,0,1
735975,848,0,1367,-7385,1,0,1
735976,930,0,1383,10165,1,0,1
735977,575,0,3737,9723,1,0,1
735978,65535,255,5360,9425,0,0,0
735979,1041,0,4255,-7152,1,0,1
735980,65535,255,2205,-7384,0,0,0
735981,65535,255,481,10027,0,0,0
735982,65535,255,3044,9837,0,0,0
735983,434,0,4898,9499,1,0,1
735984,65535,255,4767,-7046,0,0,0
735985,65535,255,2967,-7392,0,0,0
735986,65535,255,441,-7527,0,0,0
735987,259,2,2268,10043,1,0,0
735988,243,0,4371,9593,1,0,1
735989,811,0,5213,-6888,1,0,1
735990,65535,255,3640,-7265,0,0,0
735991,65535,255,1333,-7684,0,0,0
735992,1252,2,1417,10112,1,0,1
735993,65535,255,3765,9718,0,0,0
735994,65535,255,5378,9416,0,0,0
735995,305,0,4230,-7183,1,0,1
735996,65535,255,2173,-7476,0,0,0
735997,337,0,522,10544,1,0,1
735998,65535,255,3078,9772,0,0,0
735999,65535,255,4922,9472,0,0,0
736000,65535,255,4744,-6999,0,0,0
736001,0,0,0,0,0,0,0
736002,65535,255,408,-8169,0,0,0
736003,600,0,2295,9939,1,0,1
736004,576,0,4384,9647,1,0,1
736005,254,0,5202,-6936,1,0,1
736006,539,0,3628,-7218,3,0,1
736007,381,0,1321,-7561,3,0,1
736008,65535,255,1428,10041,0,0,0
736009,65535,255,3769,9694,0,0,0
736010,65535,255,5379,9425,0,0,0
736011,65535,255,4230,-7163,0,0,0
736012,65535,255,2178,-7445,0,0,0
736013,465,0,510,10487,1,0,1
736014,1027,0,3064,9774,1,0,1
736015,519,0,4910,9480,1,0,1
736016,65535,255,4754,-7043,0,0,0
736017,65535,255,2952,-7415,0,0,0
736018,65535,255,430,-7913,0,0,0
736019,65535,255,2274,9928,0,0,0
736020,65535,255,4371,9657,0,0,0
736021,65535,255,5208,-6873,0,0,0
736022,65535,255,3640,-7264,0,0,0
736023,65535,255,1337,-7669,0,0,0
736024,1021,0,1412,9900,1,0,1
736025,0,0,0,0,0,0,0
736026,987,0,5371,9417,1,0,1
736027,625,0,4238,-7174,1,0,1
736028,65535,255,2189,-7517,0,0,0
736029,453,0,499,9898,1,0,1
736030,488,0,3054,9868,1,0,1
736031,1263,1,4901,9537,1,0,1
736032,402,0,4757,-7030,1,0,1
736033,491,0,2957,-7414,1,0,1
736034,65535,255,437,-8135,0,0,0
736035,524,0,2269,10000,1,0,1
736036,556,0,4367,9606,1,0,1
736037,65535,255,5211,-6928,0,0,0
736038,65535,255,3640,-7239,0,0,0
736039,65535,255,1344,-7731,0,0,0
736040,65535,255,1412,9948,0,0,0
736041,665,0,3753,9705,1,0,1
736042,758,0,5371,9374,1,0,1
736043,65535,255,4237,-7133,0,0,0
736044,65535,255,2183,-7458,0,0,0
736045,65535,255,500,9765,0,0,0
736046,1037,0,3054,9868,1,0,1
736047,65535,255,4903,9486,0,0,0
736048,0,0,0,0,0,0,0
736049,65535,255,2952,-7340,0,0,0
736050,835,0,429,-7680,1,0,1
736051,708,0,2274,9956,1,0,1
736052,383,0,4371,9606,1,0,1
736053,65535,255,5206,-6908,0,0,0
736054,940,0,3636,-7280,1,0,1
736055,211,0,1327,-7559,1,0,1
736056,65535,255,1417,10207,0,0,0
736057,772,0,3761,9688,1,0,1
736058,993,0,5377,9378,1,0,0
736059,65535,255,4226,-7155,0,0,0
736060,243,0,2173,-7549,1,0,0
736061,353,0,516,10420,1,0,1
736062,816,0,3068,9835,1,0,1
736063,715,0,4914,9506,1,0,1
736064,714,0,4745,-6986,1,0,1
736065,362,0,2938,-7395,1,0,1
736066,390,0,408,-7112,1,0,1
736067,424,0,2296,9898,1,0,1
736068,65535,255,4385,9597,0,0,0
736069,1031,0,5196,-6875,1,0,1
736070,1193,2,3616,-7184,1,0,1
736071,0,0,0,0,0,0,0
736072,391,2,1446,10063,1,0,1
736073,65535,255,3781,9669,0,0,0
736074,502,0,5390,9379,1,0,1
736075,1232,0,4212,-7172,1,0,1
736076,1347,0,2147,-7388,1,0,1
736077,1274,0,545,9917,1,0,1
736078,1362,0,3096,9792,1,0,1
736079,467,0,4932,9518,1,0,1
736080,65535,255,4728,-7002,0,0,0
736081,0,0,0,0,0,0,0
736082,65535,255,371,-7859,0,0,0
736083,680,0,2327,9853,1,0,1
736084,65535,255,4408,9593,0,0,0
736085,0,0,0,0,0,0,0
736086,279,0,3594,-7289,1,0,0
736087,0,0,0,0,0,0,0
736088,0,0,0,0,0,0,0
736089,65535,255,3793,9738,0,0,0
736090,65535,255,5395,9422,0,0,0
736091,1255,0,6477,9079,1,0,1
736092,473,0,2141,-7479,1,0,1
736093,65535,255,544,10223,0,0,0
736094,1108,0,3091,9833,1,0,1
736095,631,0,4928,9477,1,0,1
736096,65535,255,6155,9183,0,0,0
736097,65535,255,7012,8828,0,0,0
736098,436,0,394,-7682,1,0,1
736099,65535,255,2300,10025,0,0,0
736100,65535,255,4389,9626,0,0,0
736101,65535,255,5795,9314,0,0,0
736102,65535,255,6756,8961,0,0,1
736103,65535,255,-32768,-32768,0,65535,0
736104,65535,255,1434,10135,0,0,0
736105,65535,255,3773,9711,0,0,0
736106,65535,255,5384,9410,0,0,0
736107,65535,255,6467,9083,0,0,0
736108,65535,255,-32768,-32768,0,65535,1
736109,65535,255,-32768,-32768,0,65535,1
736110,65535,255,3073,9764,0,0,0
736111,463,0,4912,9541,1,0,1
736112,883,0,6147,9175,1,0,1
736113,65535,255,7006,8843,0,0,1
736114,65535,255,-32768,-32768,0,65535,1
736115,408,0,2285,9872,1,0,1
736116,494,0,4377,9607,1,0,1
736117,377,0,5785,9283,1,0,0
736118,65535,255,6748,8941,0,0,1
736119,65535,255,-32768,-32768,0,65535,1
736120,65535,255,-32768,-32768,0,65535,1
736121,353,0,3761,9697,1,0,1
736122,472,0,5373,9413,1,0,1
736123,0,0,0,0,0,0,0
736124,0,0,0,0,0,0,0
736125,65535,255,-32768,-32768,0,65535,1
736126,65535,255,-32768,-32768,0,65535,1
736127,586,0,4904,9493,1,0,1
736128,0,0,0,0,0,0,0
736129,0,0,0,0,0,0,0
736130,65535,255,-32768,-32768,0,65535,1
736131,65535,255,-32768,-32768,0,65535,1
736132,65535,255,4364,9608,0,0,0
736133,65535,255,5778,9289,0,0,0
736134,0,0,0,0,0,0,0
736135,0,0,0,0,0,0,0
736136,65535,255,-32768,-32768,0,65535,1
736137,65535,255,-32768,-32768,0,65535,1
736138,65535,255,5366,9386,0,0,0
736139,65535,255,6457,9080,0,0,0
736140,0,0,0,0,0,0,0
736141,65535,255,-32768,-32768,0,65535,1
736142,65535,255,-32768,-32768,0,65535,1
736143,1000,0,4895,9517,1,0,1
736144,909,0,6135,9171,1,0,1
736145,0,0,0,0,0,0,0
736146,65535,255,-32768,-32768,0,65535,1
736147,65535,255,-32768,-32768,0,65535,1
736148,682,0,4360,9582,1,0,1
736149,65535,255,5774,9277,0,0,0
736150,65535,255,6741,8950,0,0,1
736151,65535,255,-32768,-32768,0,65535,1
736152,65535,255,-32768,-32768,0,65535,1
736153,583,0,3741,9787,1,0,1
736154,340,0,5363,9411,1,0,1
736155,435,0,6453,9051,1,0,1
736156,65535,255,-32768,-32768,0,65535,1
736157,65535,255,-32768,-32768,0,65535,1
736158,65535,255,3041,9787,0,0,0
736159,566,0,4893,9490,1,0,1
736160,928,0,6133,9156,1,0,1
736161,65535,255,6996,8859,0,0,1
736162,65535,255,-32768,-32768,0,65535,1
736163,620,0,2253,9990,1,0,1
736164,731,0,4357,9589,1,0,1
736165,461,0,5772,9290,1,0,1
736166,65535,255,6739,8960,0,0,1
736167,465,0,1355,-7530,1,0,1
736168,262,0,1395,10069,1,0,1
736169,740,0,3741,9723,1,0,1
736170,65535,255,5361,9377,0,0,0
736171,65535,255,6452,9078,0,0,0
736172,65535,255,2200,-7382,0,0,0
736173,65535,255,481,10302,0,0,0
736174,656,0,3040,9867,1,0,1
736175,65535,255,4893,9484,0,0,0
736176,65535,255,6134,9156,0,0,0
736177,65535,255,2967,-7294,0,0,0
736178,684,0,448,-7161,1,0,1
736179,429,0,2258,10032,1,0,1
736180,660,0,4357,9615,1,0,1
736181,604,0,5772,9312,1,0,1
736182,507,0,3648,-7237,1,0,1
736183,65535,255,1350,-7704,0,0,0
736184,870,0,1399,9946,1,0,1
736185,65535,255,3744,9714,0,0,0
736186,65535,255,5363,9425,0,0,0
736187,65535,255,4241,-7091,0,0,0
736188,485,0,2195,-7559,1,0,1
736189,65535,255,486,10165,0,0,0
736190,65535,255,3045,9922,0,0,0
736191,521,2,4899,9484,1,0,0
736192,65535,255,4757,-6976,0,0,0
736193,548,2,2962,-7327,1,0,1
736194,65535,255,435,-7451,0,0,0
736195,65535,255,2269,9887,0,0,0
736196,511,2,4364,9661,1,0,1
736197,65535,255,5211,-6891,0,0,0
736198,1169,0,3640,-7181,1,0,0
736199,65535,255,1338,-7581,0,0,0
736200,65535,255,1406,10163,0,0,0
736201,65535,255,3753,9777,0,0,0
736202,536,0,5371,9419,1,0,1
736203,628,0,4234,-7085,1,0,1
736204,376,0,2184,-7575,1,0,1
736205,438,0,504,10296,1,0,1
736206,582,0,3064,9786,1,0,1
736207,65535,255,4907,9509,0,0,0
736208,814,0,4751,-7006,1,0,1
736209,65535,255,2948,-7393,0,0,0
736210,65535,255,424,-8067,0,0,0
736211,607,0,2279,10015,1,0,1
736212,65535,255,4377,9625,0,0,0
736213,672,0,5202,-6868,1,0,1
736214,349,0,3628,-7289,1,0,1
736215,65535,255,1322,-7533,0,0,0
736216,458,0,1428,10159,1,0,1
736217,65535,255,3769,9783,0,0,0
736218,65535,255,5382,9426,0,0,0
736219,65535,255,4222,-7108,0,0,0
736220,65535,255,2162,-7414,0,0,0
736221,65535,255,529,9661,0,0,0
736222,65535,255,3078,9866,0,0,0
736223,0,0,0,0,0,0,0
736224,1071,0,4740,-6988,1,0,0
736225,65535,255,2933,-7341,0,0,0
736226,633,0,400,-7845,1,0,1
736227,65535,255,2305,9982,0,0,0
736228,277,0,4394,9622,1,0,1
736229,65535,255,5192,-6875,0,0,0
736230,65535,255,3615,-7301,0,0,0
736231,391,0,1304,-7537,1,0,1
736232,409,0,1446,9993,1,0,1
736233,462,0,3781,9677,3,0,1
736234,65535,255,5387,9404,0,0,0
736235,65535,255,4222,-7123,0,0,0
736236,65535,255,2168,-7565,0,0,0
736237,65535,255,527,9912,0,0,0
736238,65535,255,3078,9824,0,0,0
736239,65535,255,4919,9495,0,0,0
736240,65535,255,4747,-7050,0,0,0
736241,65535,255,2943,-7417,0,0,0
736242,65535,255,412,-7759,0,0,0
736243,65535,255,2290,9885,0,0,0
736244,65535,255,4380,9630,0,0,0
736245,65535,255,5204,-6920,0,0,0
736246,65535,255,3628,-7193,0,0,0
736247,65535,255,1321,-7509,0,0,0
736248,65535,255,1429,9994,0,0,0
736249,65535,255,3769,9687,0,0,0
736250,65535,255,5378,9421,0,0,0
736251,65535,255,4233,-7161,0,0,0
736252,65535,255,2178,-7445,0,0,0
736253,65535,255,510,10486,0,0,0
736254,441,0,3069,9774,1,0,1
736255,65535,255,4913,9475,0,0,0
736256,65535,255,4753,-7037,0,0,0
736257,646,0,2952,-7404,1,0,1
736258,568,0,424,-7837,1,0,1
736259,697,0,2279,9914,1,0,1
736260,65535,255,4374,9657,0,0,0
736261,475,0,5207,-6873,1,0,1
736262,65535,255,3636,-7256,0,0,0
736263,65535,255,1333,-7734,0,0,0
736264,65535,255,1424,9877,0,0,0
736265,65535,255,3761,9784,0,0,0
736266,65535,255,5376,9412,0,0,0
736267,864,0,4233,-7161,1,0,1
736268,903,0,2183,-7472,1,0,1
736269,756,0,506,9704,1,0,1
736270,366,0,3064,9837,1,0,1
736271,589,0,4908,9519,1,0,1
736272,368,0,4754,-7007,1,0,0
736273,1783,1,2952,-7361,1,0,1
736274,65535,255,423,-7676,0,0,0
736275,848,0,2274,10028,1,0,1
736276,963,0,4370,9589,1,0,1
736277,1067,0,5208,-6887,1,0,1
736278,65535,255,3636,-7198,0,0,0
736279,65535,255,1339,-7433,0,0,0
736280,499,0,1406,10234,1,0,1
736281,480,0,3753,9737,1,0,1
736282,65535,255,5369,9434,0,0,0
736283,65535,255,4241,-7158,0,0,0
736284,65535,255,2194,-7397,0,0,0
736285,65535,255,487,10031,0,0,0
736286,65535,255,3045,9839,0,0,0
736287,134,2,4896,9495,1,0,0
736288,65535,255,4764,-7039,0,0,0
736289,65535,255,2967,-7379,0,0,0
736290,65535,255,447,-7451,0,0,0
736291,65535,255,2253,10018,0,0,0
736292,503,0,4357,9582,1,0,1
736293,65535,255,5216,-6879,0,0,0
736294,65535,255,3652,-7244,0,0,0
736295,1045,0,1355,-7604,1,0,1
736296,620,0,1389,10069,1,0,1
736297,779,0,3738,9701,1,0,0
736298,617,0,5358,9422,1,0,1
736299,65535,255,4248,-7150,0,0,0
736300,515,0,2204,-7410,1,0,1
736301,65535,255,475,10242,0,0,0
736302,65535,255,3036,9882,0,0,0
736303,65535,255,4887,9530,0,0,0
736304,65535,255,4767,-6997,0,0,0
736305,65535,255,2976,-7314,0,0,0
736306,1028,2,461,-7098,1,0,0
736307,65535,255,2248,9976,0,0,0
736308,65535,255,4350,9651,0,0,0
736309,65535,255,5219,-6882,0,0,0
736310,65535,255,3656,-7259,0,0,0
736311,65535,255,1367,-7699,0,0,0
736312,65535,255,1384,10191,0,0,0
736313,65535,255,3734,9757,0,0,0
736314,65535,255,5356,9384,0,0,0
736315,438,0,4252,-7115,1,0,1
736316,579,0,2212,-7478,1,0,1
736317,479,2,469,10026,1,0,0
736318,1199,2,3031,9863,1,0,1
736319,65535,255,4887,9530,0,0,0
736320,65535,255,4771,-7007,0,0,0
736321,65535,255,2976,-7356,0,0,0
736322,65535,255,458,-7530,0,0,0
736323,65535,255,2248,9847,0,0,0
736324,65535,255,4349,9631,0,0,0
736325,65535,255,5221,-6908,0,0,0
736326,65535,255,3656,-7234,0,0,0
736327,65535,255,1361,-7652,0,0,0
736328,65535,255,1383,10192,0,0,0
736329,65535,255,3737,9765,0,0,0
736330,65535,255,5358,9399,0,0,0
736331,65535,255,4252,-7148,0,0,0
736332,65535,255,2210,-7453,0,0,0
736333,65535,255,476,10652,0,0,0
736334,65535,255,3040,9810,0,0,0
736335,65535,255,4893,9508,0,0,0
736336,462,0,4767,-6996,1,0,1
736337,381,2,2971,-7346,1,0,1
736338,65535,255,453,-7603,0,0,0
736339,65535,255,2253,9890,0,0,0
736340,65535,255,4357,9650,0,0,0
736341,65535,255,5219,-6877,0,0,0
736342,448,0,3652,-7284,1,0,1
736343,423,0,1350,-7455,1,0,1
736344,65535,255,1394,10022,0,0,0
736345,663,2,3745,9724,1,0,0
736346,734,0,5365,9383,1,0,1
736347,756,0,4245,-7130,1,0,1
736348,912,0,2199,-7425,1,0,1
736349,65535,255,488,10605,0,0,0
736350,577,0,3049,9830,1,0,1
736351,715,0,4901,9523,1,0,1
736352,65535,255,4763,-7021,0,0,0
736353,619,0,2962,-7400,1,0,1
736354,475,0,436,-8056,1,0,1
736355,475,0,2269,10003,1,0,1
736356,409,0,4370,9609,1,0,1
736357,65535,255,5213,-6930,0,0,0
736358,65535,255,3639,-7253,0,0,0
736359,65535,255,1334,-7381,0,0,0
736360,65535,255,1417,9997,0,0,0
736361,397,0,3761,9723,1,0,0
736362,0,0,0,0,0,0,0
736363,65535,255,4233,-7145,0,0,0
736364,1538,0,2183,-7471,1,0,1
736365,434,0,510,9908,1,0,1
736366,393,0,3068,9889,1,0,1
736367,0,0,0,0,0,0,0
736368,65535,255,4750,-6977,0,0,0
736369,65535,255,2942,-7339,0,0,0
736370,65535,255,412,-7676,0,0,0
736371,1274,0,2290,9944,1,0,1
736372,65535,255,4384,9593,0,0,0
736373,356,2,5201,-6928,1,0,1
736374,65535,255,3623,-7256,0,0,0
736375,65535,255,1310,-7431,0,0,0
736376,65535,255,1440,10065,0,0,0
736377,65535,255,3777,9759,0,0,0
736378,65535,255,5389,9416,0,0,0
736379,434,0,4215,-7095,1,0,1
736380,437,0,2152,-7385,1,0,1
736381,407,0,540,10593,1,0,1
736382,65535,255,3091,9855,0,0,0
736383,65535,255,4929,9505,0,0,0
736384,817,0,4734,-7014,1,0,1
736385,65535,255,2919,-7331,0,0,0
736386,880,0,384,-7249,1,0,1
736387,65535,255,2316,10039,0,0,0
736388,0,0,0,0,0,0,0
736389,65535,255,5187,-6921,0,0,0
736390,65535,255,3603,-7209,0,0,0
736391,474,0,1287,-7586,1,0,1
736392,65535,255,1463,10109,0,0,0
736393,632,0,3793,9741,1,0,1
736394,65535,255,5398,9385,0,0,0
736395,65535,255,4204,-7123,0,0,0
736396,65535,255,2136,-7386,0,0,0
736397,522,0,556,10341,1,0,1
736398,65535,255,3105,9774,0,0,0
736399,65535,255,4937,9483,0,0,0
736400,65535,255,4724,-7058,0,0,0
736401,65535,255,2905,-7290,0,0,0
736402,65535,255,368,-7050,0,0,0
736403,65535,255,2327,10023,0,0,0
736404,780,0,4408,9614,1,0,1
736405,65535,255,5179,-6928,0,0,0
736406,65535,255,3590,-7236,0,0,0
736407,519,0,1271,-7693,1,0,1
736408,1037,0,1480,9945,1,0,1
736409,592,0,3806,9676,1,0,1
736410,579,0,5406,9421,1,0,1
736411,512,0,4188,-7147,1,0,0
736412,65535,255,2121,-7554,0,0,0
736413,690,0,579,10101,1,0,1
736414,65535,255,3118,9860,0,0,0
736415,542,0,4947,9470,1,0,1
736416,361,0,4715,-7065,1,0,1
736417,65535,255,2896,-7345,0,0,0
736418,65535,255,360,-7865,0,0,0
736419,65535,255,2332,9994,0,0,0
736420,65535,255,4408,9627,0,0,0
736421,65535,255,5176,-6877,0,0,0
736422,65535,255,3592,-7264,0,0,0
736423,488,2,1276,-7639,1,0,0
736424,65535,255,1469,9925,0,0,0
736425,65535,255,3793,9725,0,0,0
736426,65535,255,5396,9400,0,0,0
736427,65535,255,4201,-7178,0,0,0
736428,65535,255,2140,-7515,0,0,0
736429,65535,255,551,10524,0,0,0
736430,378,2,3097,9854,1,0,1
736431,612,0,4929,9474,1,0,1
736432,1289,0,4728,-6980,1,0,1
736433,65535,255,2920,-7373,0,0,0
736434,65535,255,390,-8271,0,0,0
736435,65535,255,2312,9857,0,0,0
736436,65535,255,4392,9643,0,0,0
736437,65535,255,5190,-6914,0,0,0
736438,65535,255,3612,-7257,0,0,0
736439,794,0,1299,-7506,1,0,1
736440,771,0,1446,9996,1,0,1
736441,65535,255,3777,9752,0,0,0
736442,65535,255,5385,9422,0,0,0
736443,65535,255,4215,-7113,0,0,0
736444,65535,255,2157,-7473,0,0,0
736445,1215,0,527,10104,1,0,1
736446,711,0,3078,9806,1,0,1
736447,1270,0,4917,9537,1,0,1
736448,65535,255,4741,-7027,0,0,0
736449,450,0,2934,-7371,1,0,0
736450,65535,255,408,-8244,0,0,0
736451,65535,255,2296,9873,0,0,0
736452,65535,255,4382,9588,0,0,0
736453,764,0,5788,9318,1,0,1
736454,564,0,3623,-7294,1,0,1
736455,557,0,1321,-7681,1,0,0
736456,584,0,1429,10021,1,0,1
736457,485,0,3769,9769,1,0,1
736458,65535,255,5380,9407,0,0,0
736459,65535,255,6466,9052,0,0,0
736460,0,0,0,0,0,0,0
736461,65535,255,517,10616,0,0,0
736462,65535,255,3069,9890,0,0,0
736463,0,0,0,0,0,0,0
736464,526,2,6145,9201,1,0,1
736465,65535,255,7005,8830,0,0,1
736466,953,0,424,-8066,1,0,1
736467,394,0,2285,9874,1,0,1
736468,410,0,4378,9596,1,0,1
736469,65535,255,5786,9264,0,0,0
736470,65535,255,6750,8971,0,0,1
736471,65535,255,-32768,-32768,0,65535,1
736472,407,0,1423,10163,1,0,1
736473,65535,255,3765,9708,0,0,0
736474,65535,255,5376,9406,0,0,0
736475,659,0,6464,9077,1,0,1
736476,65535,255,-32768,-32768,0,65535,0
736477,65535,255,-32768,-32768,0,65535,1
736478,553,0,3063,9871,1,0,1
736479,417,0,4910,9506,1,0,1
736480,65535,255,6143,9206,0,0,0
736481,0,0,0,0,0,0,0
736482,65535,255,-32768,-32768,0,65535,0
736483,65535,255,-32768,-32768,0,65535,0
736484,65535,255,4374,9629,0,0,0
736485,65535,255,5785,9290,0,0,0
736486,65535,255,6749,8944,0,0,1
736487,65535,255,-32768,-32768,0,65535,0
736488,65535,255,-32768,-32768,0,65535,1
736489,65535,255,3761,9787,0,0,0
736490,65535,255,5376,9387,0,0,0
736491,692,0,6464,9066,1,0,1
736492,0,0,0,0,0,0,0
736493,65535,255,-32768,-32768,0,65535,0
736494,65535,255,-32768,-32768,0,65535,1
736495,65535,255,4910,9506,0,0,0
736496,65535,255,6144,9178,0,0,0
736497,0,0,0,0,0,0,0
736498,65535,255,-32768,-32768,0,65535,1
736499,65535,255,-32768,-32768,0,65535,1
736500,65535,255,4374,9659,0,0,0
736501,439,0,5786,9316,1,0,1
736502,0,0,0,0,0,0,0
736503,65535,255,-32768,-32768,0,65535,1
736504,65535,255,-32768,-32768,0,65535,1
736505,809,0,3761,9740,1,0,1
736506,852,0,5376,9435,1,0,1
736507,694,0,6464,9052,1,0,1
736508,0,0,0,0,0,0,0
736509,65535,255,-32768,-32768,0,65535,1
736510,65535,255,-32768,-32768,0,65535,1
736511,65535,255,4910,9506,0,0,0
736512,1152,0,6145,9165,1,0,1
736513,0,0,0,0,0,0,0
736514,65535,255,-32768,-32768,0,65535,1
736515,65535,255,-32768,-32768,0,65535,0
736516,458,0,4378,9583,1,0,1
736517,65535,255,5786,9269,0,0,0
736518,65535,255,6750,8963,0,0,1
736519,65535,255,-32768,-32768,0,65535,0
736520,65535,255,-32768,-32768,0,65535,1
736521,720,0,3765,9712,1,0,1
736522,463,0,5379,9401,1,0,1
736523,380,0,6465,9083,1,0,1
736524,65535,255,-32768,-32768,0,65535,0
736525,996,0,517,9782,1,0,1
736526,65535,255,3069,9808,0,0,0
736527,524,0,4913,9484,1,0,1
736528,650,0,6146,9201,1,0,1
736529,65535,255,7006,8838,0,0,1
736530,662,0,413,-7355,1,0,1
736531,430,0,2290,10016,1,0,1
736532,535,0,4382,9583,1,0,1
736533,350,0,5789,9272,1,0,0
736534,65535,255,6751,8936,0,0,0
736535,65535,255,1316,-7632,0,0,0
736536,372,0,1434,10091,1,0,1
736537,65535,255,3770,9707,0,0,0
736538,703,0,5382,9423,1,0,1
736539,65535,255,6468,9050,0,0,0
736540,528,0,2162,-7427,1,0,1
736541,486,0,527,10291,1,0,1
736542,65535,255,3078,9889,0,0,0
736543,65535,255,4917,9532,0,0,0
736544,65535,255,6150,9177,0,0,0
736545,427,0,2929,-7318,1,0,1
736546,578,2,399,-7690,1,0,1
736547,65535,255,2300,9957,0,0,0
736548,65535,255,4388,9664,0,0,0
736549,65535,255,5191,-6867,0,0,0
736550,637,0,3611,-7231,1,0,1
736551,610,0,1305,-7609,1,0,1
736552,65535,255,1445,10066,0,0,0
736553,65535,255,3782,9712,0,0,0
736554,65535,255,5388,9431,0,0,0
736555,609,0,4212,-7175,1,0,1
736556,1126,0,2152,-7518,1,0,1
736557,65535,255,545,9801,0,0,0
736558,65535,255,3091,9818,0,0,0
736559,632,0,4926,9498,1,0,1
736560,65535,255,4732,-7054,0,0,0
736561,65535,255,2920,-7426,0,0,0
736562,475,0,384,-8026,1,0,1
736563,65535,255,2317,9914,0,0,0
736564,65535,255,4398,9650,0,0,0
736565,525,0,5184,-6924,1,0,1
736566,442,0,3599,-7233,1,0,1
736567,1447,0,1287,-7610,1,0,1
736568,65535,255,1463,10109,0,0,0
736569,554,0,3793,9734,1,0,1
736570,603,0,5399,9371,1,0,1
736571,564,0,4198,-7096,1,0,1
736572,65535,255,2131,-7536,0,0,0
736573,65535,255,563,9868,0,0,0
736574,1104,0,3105,9834,1,0,1
736575,65535,255,4937,9511,0,0,0
736576,724,0,4718,-6987,1,0,1
736577,920,0,2901,-7310,1,0,1
736578,65535,255,362,-7039,0,0,0
736579,741,0,2332,10010,1,0,1
736580,558,0,4415,9595,1,0,1
736581,65535,255,5173,-6902,0,0,0
736582,587,2,3584,-7261,1,0,1
736583,65535,255,1259,-7509,0,0,0
736584,65535,255,1491,10017,0,0,0
736585,700,0,3814,9708,1,0,1
736586,600,0,5412,9364,1,0,1
736587,395,0,4183,-7153,1,0,1
736588,65535,255,2115,-7433,0,0,0
736589,419,0,580,10505,1,0,0
736590,65535,255,3119,9793,0,0,0
736591,65535,255,4944,9494,0,0,0
736592,65535,255,4718,-7057,0,0,0
736593,707,0,2901,-7278,1,0,1
736594,65535,255,367,-8307,0,0,0
736595,65535,255,2327,9982,0,0,0
736596,547,0,4408,9591,1,0,1
736597,400,0,5181,-6900,1,0,1
736598,635,0,3600,-7252,1,0,1
736599,977,0,1288,-7506,1,0,1
736600,452,0,1463,10065,1,0,0
736601,682,0,3789,9728,1,0,1
736602,678,2,5395,9378,1,0,0
736603,1139,2,4219,-7122,1,0,1
736604,65535,255,2162,-7474,0,0,0
736605,65535,255,527,10039,0,0,0
736606,569,0,3078,9784,1,0,1
736607,333,0,4919,9524,1,0,1
736608,438,0,4747,-7036,1,0,1
736609,724,2,2942,-7308,1,0,0
736610,65535,255,417,-7677,0,0,0
736611,929,0,2284,9986,1,0,1
736612,65535,255,4378,9632,0,0,0
736613,65535,255,5207,-6886,0,0,0
736614,65535,255,3635,-7214,0,0,0
736615,1721,0,1333,-7381,1,0,1
736616,0,0,0,0,0,0,0
736617,0,0,0,0,0,0,0
736618,65535,255,5374,9376,0,0,0
736619,65535,255,4237,-7151,0,0,0
736620,0,0,0,0,0,0,0
736621,65535,255,493,10502,0,0,0
736622,65535,255,3054,9870,0,0,0
736623,65535,255,4904,9490,0,0,0
736624,614,0,4763,-7009,1,0,1
736625,65535,255,2966,-7283,0,0,1
736626,65535,255,441,-7599,0,0,0
736627,65535,255,2258,9990,0,0,0
736628,65535,255,4360,9636,0,0,0
736629,65535,255,5218,-6898,0,0,0
736630,65535,255,3651,-7243,0,0,0
736631,65535,255,1355,-7504,0,0,0
736632,622,0,1390,10179,1,0,1
736633,575,0,3741,9726,1,0,1
736634,65535,255,5363,9413,0,0,0
736635,65535,255,4251,-7108,0,0,0
736636,65535,255,2210,-7482,0,0,0
736637,621,0,469,10310,1,0,1
736638,65535,255,3035,9842,0,0,0
736639,65535,255,4889,9482,0,0,0
736640,65535,255,4773,-7012,0,0,0
736641,797,0,2980,-7291,1,0,1
736642,65535,255,464,-7817,0,0,0
736643,590,0,2242,10036,1,0,1
736644,65535,255,4346,9672,0,0,0
736645,65535,255,5225,-6894,0,0,0
736646,65535,255,3663,-7183,0,0,0
736647,65535,255,1373,-7722,0,0,0
736648,65535,255,1372,10098,0,0,0
736649,65535,255,3729,9688,0,0,0
736650,810,0,5352,9396,1,0,1
736651,65535,255,4259,-7099,0,0,0
736652,65535,255,2220,-7465,0,0,0
736653,65535,255,457,10316,0,0,0
736654,65535,255,3021,9855,0,0,0
736655,65535,255,4881,9495,0,0,0
736656,65535,255,4780,-7032,0,0,0
736657,0,0,0,0,0,0,0
736658,148,2,482,-7980,1,0,0
736659,0,0,0,0,0,0,0
736660,65535,255,4339,9621,0,0,0
736661,547,0,5230,-6898,1,0,1
736662,65535,255,3672,-7262,0,0,0
736663,65535,255,1384,-7622,0,0,0
736664,354,0,1367,10026,1,0,1
736665,477,0,3718,9794,1,0,1
736666,694,0,5348,9388,1,0,1
736667,65535,255,4263,-7097,0,0,0
736668,65535,255,2231,-7478,0,0,0
736669,65535,255,446,10392,0,0,0
736670,65535,255,3012,9878,0,0,0
736671,561,2,4875,9513,1,0,1
736672,65535,255,4780,-6968,0,0,0
736673,65535,255,2995,-7393,0,0,0
736674,65535,255,481,-7535,0,0,0
736675,65535,255,2222,10025,0,0,0
736676,65535,255,4332,9676,0,0,0
736677,65535,255,5231,-6867,0,0,0
736678,65535,255,3672,-7213,0,0,0
736679,65535,255,1384,-7501,0,0,0
736680,65535,255,1361,9928,0,0,0
736681,65535,255,3713,9771,0,0,0
736682,65535,255,5345,9379,0,0,0
736683,65535,255,4263,-7090,0,0,0
736684,65535,255,2231,-7477,0,0,0
736685,65535,255,446,10170,0,0,0
736686,65535,255,3012,9846,0,0,0
736687,461,0,4875,9502,1,0,1
736688,831,0,4780,-6982,1,0,1
736689,65535,255,2995,-7403,0,0,0
736690,269,0,482,-7601,1,0,1
736691,506,0,2222,10054,1,0,1
736692,585,0,4335,9596,1,0,1
736693,456,0,5231,-6887,1,0,1
736694,660,0,3672,-7253,1,0,1
736695,381,0,1384,-7646,1,0,1
736696,839,2,1361,10076,1,0,1
736697,65535,255,3722,9706,0,0,0
736698,65535,255,5347,9418,0,0,0
736699,529,2,4267,-7150,1,0,1
736700,769,0,2226,-7391,1,0,1
736701,330,0,452,10169,1,0,1
736702,484,0,3017,9867,1,0,1
736703,65535,255,4878,9513,0,0,0
736704,593,0,4780,-6979,1,0,1
736705,65535,255,2990,-7278,0,0,0
736706,65535,255,476,-7881,0,0,0
736707,433,0,2232,9894,1,0,0
736708,65535,255,4342,9628,0,0,0
736709,663,0,5231,-6918,1,0,1
736710,65535,255,3668,-7189,0,0,0
736711,596,0,1378,-7453,1,0,1
736712,1137,0,1373,9905,1,0,1
736713,628,0,3725,9777,1,0,1
736714,1136,0,5352,9393,1,0,1
736715,480,0,4259,-7118,1,0,1
736716,423,0,2220,-7495,1,0,1
736717,399,0,464,9884,1,0,1
736718,65535,255,3026,9835,0,0,0
736719,433,0,4886,9506,1,0,1
736720,267,0,4773,-6975,1,0,1
736721,509,0,2981,-7280,1,0,1
736722,342,2,464,-7958,1,0,1
736723,712,0,2242,9908,1,0,1
736724,607,0,4349,9640,1,0,1
736725,65535,255,5224,-6890,0,0,0
736726,65535,255,3659,-7215,0,0,0
736727,65535,255,1367,-7550,0,0,0
736728,65535,255,1383,10050,0,0,0
736729,65535,255,3737,9704,0,0,0
736730,65535,255,5360,9430,0,0,0
736731,353,2,4255,-7172,1,0,1
736732,65535,255,2210,-7465,0,0,0
736733,65535,255,476,10588,0,0,0
736734,65535,255,3040,9782,0,0,0
736735,65535,255,4895,9482,0,0,0
736736,65535,255,4770,-7040,0,0,0
736737,65535,255,2971,-7407,0,0,0
736738,0,0,0,0,0,0,0
736739,65535,255,2264,9891,0,0,0
736740,65535,255,4363,9638,0,0,0
736741,705,0,5216,-6890,1,0,1
736742,516,0,3647,-7225,1,0,1
736743,543,0,1349,-7602,1,0,1
736744,435,0,1406,10095,1,0,1
736745,65535,255,3753,9726,0,0,0
736746,65535,255,5370,9387,0,0,0
736747,65535,255,4241,-7094,0,0,0
736748,65535,255,2189,-7542,0,0,0
736749,65535,255,499,9903,0,0,0
736750,65535,255,3059,9841,0,0,0
736751,65535,255,4907,9519,0,0,0
736752,557,0,4756,-6996,1,0,1
736753,65535,255,2952,-7325,0,0,0
736754,65535,255,424,-7285,0,0,0
736755,350,0,2279,10032,1,0,1
736756,448,0,4378,9603,1,0,1
736757,443,0,5204,-6909,1,0,1
736758,0,0,0,0,0,0,0
736759,65535,255,1321,-7529,0,0,0
736760,65535,255,1428,10045,0,0,0
736761,65535,255,3769,9715,0,0,0
736762,1275,1,5382,9380,1,0,1
736763,533,0,4222,-7097,1,0,1
736764,507,0,2168,-7560,1,0,1
736765,357,0,527,10042,1,0,1
736766,65535,255,3078,9869,0,0,0
736767,654,0,4919,9538,1,0,1
736768,1065,1,4741,-7017,1,0,1
736769,65535,255,2928,-7381,0,0,0
736770,626,0,394,-7673,1,0,1
736771,579,0,2306,9902,1,0,1
736772,65535,255,4391,9652,0,0,0
736773,65535,255,5190,-6872,0,0,0
736774,65535,255,3607,-7265,0,0,0
736775,65535,255,1293,-7570,0,0,0
736776,65535,255,1457,9928,0,0,0
736777,65535,255,3790,9681,0,0,0
736778,65535,255,5396,9421,0,0,0
736779,466,2,4205,-7182,1,0,1
736780,65535,255,2136,-7520,0,0,0
736781,971,2,557,9926,1,0,1
736782,445,0,3105,9865,1,0,1
736783,527,0,4938,9517,1,0,1
736784,486,0,4721,-7027,1,0,1
736785,564,0,2905,-7287,1,0,1
736786,65535,255,371,-7407,0,0,0
736787,475,0,2322,9941,1,0,1
736788,65535,255,4402,9605,0,0,0
736789,369,2,5182,-6940,1,0,1
736790,65535,255,3599,-7291,0,0,0
736791,65535,255,1282,-7584,0,0,0
736792,65535,255,1464,9905,0,0,0
736793,694,0,3794,9711,1,0,1
736794,504,0,5396,9397,1,0,1
736795,578,0,4201,-7176,1,0,1
736796,899,0,2136,-7353,1,0,1
736797,65535,255,551,10587,0,0,0
736798,661,0,3097,9866,1,0,1
736799,380,0,4932,9486,1,0,1
736800,65535,255,4725,-6996,0,0,0
736801,683,0,2915,-7404,1,0,1
736802,355,0,379,-7152,1,0,1
736803,445,0,2316,9901,1,0,0
736804,417,0,4399,9593,1,0,1
736805,563,0,5185,-6934,1,0,1
736806,734,0,3603,-7290,1,0,1
736807,624,0,1293,-7633,1,0,1
736808,651,0,1457,9951,1,0,1
736809,65535,255,3785,9737,0,0,0
736810,65535,255,5390,9418,0,0,0
736811,65535,255,4205,-7106,0,0,0
736812,65535,255,2141,-7458,0,0,0
736813,65535,255,545,10045,0,0,0
736814,773,0,3092,9797,1,0,1
736815,715,0,4926,9537,1,0,1
736816,65535,255,4730,-7055,0,0,0
736817,1207,0,2919,-7360,1,0,1
736818,65535,255,390,-8267,0,0,0
736819,65535,255,2312,9873,0,0,0
736820,1074,0,4395,9588,1,0,1
736821,560,0,5798,9291,1,0,1
736822,65535,255,3605,-7250,0,0,0
736823,65535,255,1293,-7710,0,0,0
736824,65535,255,1457,10043,0,0,0
736825,65535,255,3785,9776,0,0,0
736826,65535,255,5394,9369,0,0,0
736827,65535,255,6475,9046,0,0,0
736828,1167,0,2146,-7562,1,0,1
736829,553,0,546,10528,1,0,0
736830,1460,0,3092,9887,1,0,1
736831,65535,255,4928,9509,0,0,0
736832,416,0,6158,9202,1,0,1
736833,65535,255,7015,8828,0,0,1
736834,65535,255,384,-8107,0,0,0
736835,65535,255,2317,9858,0,0,0
736836,848,0,4398,9587,1,0,1
736837,1599,0,5800,9289,1,0,1
736838,65535,255,6760,8967,0,0,1
736839,65535,255,-32768,-32768,0,0,1
736840,65535,255,1463,10112,0,0,0
736841,65535,255,3793,9689,0,0,0
736842,65535,255,5396,9398,0,0,0
736843,512,0,6478,9070,1,0,1
736844,65535,255,-32768,-32768,0,65535,1
736845,65535,255,-32768,-32768,0,65535,1
736846,621,0,3100,9837,1,0,1
736847,880,0,4934,9481,1,0,0
736848,834,0,6162,9186,1,0,1
736849,0,0,0,0,0,0,0
736850,65535,255,-32768,-32768,0,65535,0
736851,65535,255,-32768,-32768,0,65535,0
736852,65535,255,4405,9586,0,0,0
736853,567,0,5807,9260,1,0,1
736854,0,0,0,0,0,0,0
736855,0,0,0,0,0,0,0
736856,65535,255,-32768,-32768,0,65535,1
736857,677,0,3801,9719,1,0,1
736858,1295,0,5400,9417,1,0,1
736859,520,0,6481,9074,1,0,1
736860,0,0,0,0,0,0,0
736861,65535,255,-32768,-32768,0,0,0
736862,65535,255,-32768,-32768,0,65535,1
736863,65535,255,4940,9523,0,0,0
736864,142,2,6168,9162,1,0,1
736865,0,0,0,0,0,0,0
736866,65535,255,-32768,-32768,0,65535,1
736867,65535,255,-32768,-32768,0,65535,1
736868,757,0,4411,9662,1,0,1
736869,65535,255,5810,9315,0,0,0
736870,65535,255,6767,8961,0,0,1
736871,65535,255,-32768,-32768,0,0,0
736872,65535,255,-32768,-32768,0,65535,1
736873,619,0,3809,9718,1,0,0
736874,65535,255,5409,9419,0,0,0
736875,0,0,0,0,0,0,0
736876,0,0,0,0,0,0,0
736877,65535,255,-32768,-32768,0,65535,1
736878,374,0,3123,9784,1,0,1
736879,595,0,4949,9543,1,0,1
736880,455,0,6172,9179,1,0,1
736881,65535,255,-32768,-32768,0,256,1
736882,65535,255,-32768,-32768,0,65535,1
736883,710,0,2348,9873,1,0,1
736884,493,0,4425,9602,1,0,1
736885,591,0,5817,9279,1,0,1
736886,65535,255,6772,8936,0,0,0
736887,65535,255,-32768,-32768,0,65535,1
736888,405,0,1501,10017,1,0,1
736889,745,0,3821,9705,1,0,1
736890,65535,255,5417,9393,0,0,0
736891,814,0,6491,9072,1,0,1
736892,65535,255,-32768,-32768,0,65535,0
736893,65535,255,597,10494,0,0,0
736894,65535,255,3132,9911,0,0,0
736895,473,0,4958,9530,1,0,1
736896,65535,255,6177,9158,0,0,0
736897,65535,255,-32768,-32768,0,65535,1
736898,399,0,334,-6982,1,0,1
736899,65535,255,2353,10006,0,0,0
736900,416,0,4425,9608,1,0,1
736901,622,0,5817,9304,1,0,1
736902,65535,255,6770,8955,0,0,1
736903,530,0,1253,-7614,1,0,1
736904,710,0,1491,10149,1,0,1
736905,477,0,3814,9764,1,0,1
736906,65535,255,5409,9404,0,0,0
736907,65535,255,6486,9045,0,0,0
736908,1270,0,2115,-7446,1,0,1
736909,756,0,582,9706,1,0,1
736910,676,0,3114,9834,1,0,1
736911,387,0,4944,9522,1,0,1
736912,652,0,4715,-7004,1,0,1
736913,525,0,2900,-7363,1,0,1
736914,414,0,360,-7767,1,0,1
736915,425,0,2332,9927,1,0,0
736916,65535,255,4409,9668,0,0,0
736917,1182,0,5176,-6884,1,0,1
736918,590,0,3594,-7299,1,0,1
736919,65535,255,1276,-7505,0,0,0
736920,683,0,1468,10065,1,0,1
736921,1251,0,3794,9736,1,0,1
736922,1396,0,5396,9388,1,0,1
736923,65535,255,4201,-7134,0,0,0
736924,1340,0,2136,-7428,1,0,1
736925,65535,255,554,10181,0,0,0
736926,65535,255,3096,9827,0,0,0
736927,65535,255,4929,9526,0,0,0
736928,551,0,4728,-7012,1,0,1
736929,1008,0,2915,-7382,1,0,1
736930,418,0,383,-7933,1,0,0
736931,1074,0,2311,9958,1,0,1
736932,65535,255,4395,9594,0,0,0
736933,1434,0,5188,-6907,1,0,1
736934,574,0,3607,-7213,1,0,1
736935,65535,255,1294,-7376,0,0,0
736936,843,0,1452,9975,1,0,1
736937,599,0,3781,9714,1,0,1
736938,384,0,5388,9380,1,0,1
736939,65535,255,4212,-7125,0,0,0
736940,65535,255,2152,-7426,0,0,0
736941,65535,255,534,10336,0,0,0
736942,429,0,3083,9839,1,0,0
736943,691,0,4920,9534,1,0,1
736944,2028,1,4738,-7022,1,0,1
736945,394,0,2929,-7422,1,0,1
736946,65535,255,402,-8206,0,0,0
736947,65535,255,2296,10031,0,0,0
736948,65535,255,4385,9629,0,0,0
736949,65535,255,5193,-6864,0,0,0
736950,484,0,3620,-7277,1,0,0
736951,895,0,1310,-7477,1,0,1
736952,65535,255,1434,10093,0,0,0
736953,686,0,3770,9764,1,0,1
736954,65535,255,5382,9412,0,0,0
736955,65535,255,4220,-7100,0,0,0
736956,65535,255,2168,-7558,0,0,0
736957,65535,255,521,10296,0,0,0
736958,65535,255,3074,9800,0,0,0
736959,1591,0,4914,9513,1,0,1
736960,611,0,4744,-7014,1,0,1
736961,65535,255,2938,-7410,0,0,0
736962,65535,255,413,-7752,0,0,0
736963,65535,255,2285,10047,0,0,0
736964,539,0,4378,9643,1,0,0
736965,65535,255,5199,-6883,0,0,0
736966,65535,255,3624,-7186,0,0,0
736967,641,0,1344,-7655,1,0,1
736968,65535,255,1406,10021,0,0,0
736969,65535,255,3749,9771,0,0,0
736970,65535,255,5366,9408,0,0,0
736971,65535,255,4244,-7144,0,0,0
736972,649,0,2199,-7557,1,0,1
736973,65535,255,488,10643,0,0,0
736974,582,0,3045,9892,1,0,1
736975,479,0,4898,9507,1,0,1
736976,65535,255,4767,-7031,0,0,0
736977,592,0,2971,-7335,1,0,1
736978,65535,255,453,-8041,0,0,0
736979,65535,255,2259,9860,0,0,0
736980,888,0,4357,9591,1,0,1
736981,998,0,5221,-6867,1,0,1
736982,633,0,3655,-7202,1,0,1
736983,723,0,1362,-7406,1,0,1
736984,597,0,1384,10168,1,0,1
736985,998,0,3737,9702,1,0,1
736986,366,0,5360,9408,1,0,1
736987,498,2,4255,-7107,1,0,0
736988,65535,255,2215,-7495,0,0,0
736989,579,2,469,10381,1,0,1
736990,65535,255,3031,9864,0,0,0
736991,716,0,4889,9499,1,0,1
736992,826,0,4776,-7034,1,0,1
736993,65535,255,2985,-7343,0,0,0
736994,786,2,467,-7435,1,0,1
736995,65535,255,2242,9920,0,0,0
736996,1432,0,4346,9619,1,0,1
736997,65535,255,5230,-6895,0,0,0
736998,1482,0,3667,-7256,1,0,1
736999,65535,255,1378,-7599,0,0,0
737000,1071,0,1372,10000,1,0,1
737001,65535,255,3725,9792,0,0,0
737002,65535,255,5355,9386,0,0,0
737003,65535,255,4262,-7091,0,0,0
737004,65535,255,2225,-7465,0,0,0
737005,65535,255,458,10385,0,0,0
737006,65535,255,3021,9876,0,0,0
737007,65535,255,4883,9511,0,0,0
737008,65535,255,4780,-6998,0,0,0
737009,302,0,2990,-7384,1,0,1
737010,516,0,476,-7465,1,0,1
737011,65535,255,2232,10009,0,0,0
737012,65535,255,4342,9667,0,0,0
737013,65535,255,5230,-6863,0,0,0
737014,1438,0,3671,-7206,1,0,1
737015,332,0,1378,-7477,1,0,1
737016,464,0,1373,9903,1,0,0
737017,910,0,3721,9761,1,0,1
737018,65535,255,5352,9377,0,0,0
737019,467,0,4262,-7084,1,0,1
737020,65535,255,2225,-7464,0,0,0
737021,65535,255,452,10391,0,0,0
737022,65535,255,3017,9887,0,0,0
737023,65535,255,4877,9524,0,0,0
737024,65535,255,4780,-6986,0,0,0
737025,423,0,2990,-7279,1,0,1
737026,65535,255,476,-7880,0,0,1
737027,65535,255,2232,9878,0,0,0
737028,65535,255,4339,9621,0,0,0
737029,65535,255,5231,-6908,0,0,0
737030,65535,255,3672,-7294,0,0,0
737031,65535,255,1378,-7381,0,0,0
737032,503,0,1367,10221,1,0,1
737033,65535,255,3721,9745,0,0,0
737034,659,0,5350,9408,1,0,1
737035,396,0,4259,-7084,1,0,1
737036,65535,255,2225,-7478,0,0,0
737037,65535,255,453,10609,0,0,0
737038,934,0,3021,9918,1,0,1
737039,65535,255,4878,9551,0,0,0
737040,0,0,0,0,0,0,0
737041,65535,255,2985,-7342,0,0,0
737042,65535,255,471,-7251,0,0,0
737043,65535,255,2232,9995,0,0,0
737044,405,0,4343,9650,1,0,1
737045,65535,255,5225,-6879,0,0,0
737046,477,2,3664,-7255,1,0,0
737047,788,0,1372,-7648,1,0,1
737048,863,0,1372,10123,1,0,1
737049,65535,255,3729,9729,0,0,0
737050,899,0,5353,9436,1,0,1
737051,65535,255,4255,-7078,0,0,0
737052,65535,255,2215,-7479,0,0,0
737053,763,0,464,10600,1,0,1
737054,386,0,3031,9782,1,0,1
737055,65535,255,4885,9519,0,0,0
737056,0,0,0,0,0,0,0
737057,65535,255,2980,-7384,0,0,0
737058,287,0,458,-7674,1,0,1
737059,0,0,0,0,0,0,0
737060,719,0,4350,9620,1,0,1
737061,65535,255,5219,-6915,0,0,0
737062,343,0,3652,-7192,1,0,1
737063,583,0,1361,-7502,1,0,1
737064,0,0,0,0,0,0,0
737065,614,0,3738,9688,1,0,1
737066,65535,255,5361,9415,0,0,0
737067,65535,255,4248,-7160,0,0,0
737068,65535,255,2204,-7436,0,0,0
737069,65535,255,481,10445,0,0,0
737070,65535,255,3042,9866,0,0,0
737071,65535,255,4894,9522,0,0,0
737072,65535,255,4763,-7036,0,0,0
737073,630,0,2967,-7397,1,0,1
737074,749,2,446,-7748,1,0,1
737075,65535,255,2264,9891,0,0,0
737076,65535,255,4361,9638,0,0,0
737077,65535,255,5210,-6872,0,0,0
737078,1736,0,3644,-7226,1,0,1
737079,65535,255,1344,-7627,0,0,0
737080,65535,255,1406,10119,0,0,0
737081,65535,255,3753,9741,0,0,0
737082,449,0,5372,9379,1,0,1
737083,335,0,4233,-7108,1,0,1
737084,591,2,2189,-7571,1,0,0
737085,65535,255,499,10036,0,0,0
737086,0,0,0,0,0,0,0
737087,65535,255,4907,9535,0,0,0
737088,1327,0,4754,-7009,1,0,1
737089,65535,255,2947,-7357,0,0,0
737090,703,0,423,-7830,1,0,1
737091,65535,255,2285,9918,0,0,0
737092,65535,255,4378,9654,0,0,0
737093,65535,255,5201,-6874,0,0,0
737094,65535,255,3628,-7261,0,0,0
737095,704,0,1322,-7731,1,0,1
737096,65535,255,1433,9986,0,0,0
737097,0,0,0,0,0,0,0
737098,65535,255,5382,9410,0,0,0
737099,479,0,4223,-7159,1,0,1
737100,65535,255,2162,-7457,0,0,0
737101,65535,255,529,10434,0,0,0
737102,580,0,3083,9808,1,0,1
737103,65535,255,4922,9504,0,0,0
737104,65535,255,4737,-6983,0,0,0
737105,65535,255,2928,-7280,0,0,0
737106,430,0,396,-8259,1,0,1
737107,65535,255,2306,10000,0,0,0
737108,65535,255,4395,9594,0,0,0
737109,65535,255,5190,-6908,0,0,0
737110,65535,255,3607,-7190,0,0,0
737111,65535,255,1293,-7558,0,0,0
737112,65535,255,1457,10089,0,0,0
737113,65535,255,3793,9735,0,0,0
737114,65535,255,5398,9387,0,0,0
737115,65535,255,4204,-7128,0,0,0
737116,65535,255,2136,-7399,0,0,0
737117,65535,255,556,10403,0,0,0
737118,470,0,3110,9785,1,0,1
737119,451,0,4940,9495,1,0,1
737120,65535,255,4724,-7045,0,0,0
737121,65535,255,2905,-7309,0,0,0
737122,605,0,365,-7494,1,0,1
737123,65535,255,2327,9927,0,0,0
737124,65535,255,4408,9591,0,0,0
737125,65535,255,5184,-6925,0,0,0
737126,65535,255,3598,-7258,0,0,0
737127,410,0,1282,-7455,1,0,1
737128,65535,255,1462,10110,0,0,0
737129,0,0,0,0,0,0,0
737130,65535,255,5395,9431,0,0,0
737131,65535,255,4204,-7108,0,0,0
737132,65535,255,2141,-7428,0,0,0
737133,756,0,551,9806,1,0,1
737134,65535,255,3096,9886,0,0,0
737135,65535,255,4931,9492,0,0,0
737136,65535,255,4730,-6996,0,0,0
737137,65535,255,2919,-7393,0,0,0
737138,65535,255,390,-8269,0,0,0
737139,65535,255,2314,9950,0,0,0
737140,65535,255,4394,9658,0,0,0
737141,65535,255,5190,-6898,0,0,0
737142,558,0,3607,-7223,1,0,1
737143,65535,255,1299,-7377,0,0,0
737144,65535,255,1451,10066,0,0,0
737145,644,0,3781,9769,1,0,1
737146,481,0,5390,9428,1,0,0
737147,457,0,4212,-7113,1,0,1
737148,65535,255,2151,-7442,0,0,0
737149,65535,255,539,9921,0,0,0
737150,65535,255,3083,9889,0,0,0
737151,65535,255,4925,9510,0,0,0
737152,1070,0,4737,-7017,1,0,1
737153,65535,255,2924,-7274,0,0,0
737154,65535,255,395,-7422,0,0,0
737155,65535,255,2301,9930,0,0,0
737156,549,0,4388,9608,1,0,1
737157,1339,0,5193,-6860,1,0,1
737158,65535,255,3615,-7297,0,0,0
737159,65535,255,1305,-7632,0,0,0
737160,65535,255,1446,9928,0,0,0
737161,65535,255,3777,9730,0,0,0
737162,65535,255,5385,9410,0,0,0
737163,65535,255,4215,-7091,0,0,0
737164,65535,255,2157,-7411,0,0,0
737165,65535,255,528,9853,0,0,0
737166,65535,255,3079,9910,0,0,0
737167,480,0,4920,9511,1,0,1
737168,422,0,4737,-7028,1,0,1
737169,456,0,2929,-7305,1,0,1
737170,661,0,400,-7672,1,0,1
737171,583,0,2296,10001,1,0,1
737172,452,0,4385,9640,1,0,1
737173,599,0,5194,-6895,1,0,1
737174,384,0,3616,-7237,1,0,1
737175,665,0,1310,-7452,1,0,1
737176,673,0,1435,10162,1,0,1
737177,65535,255,3774,9691,0,0,0
737178,555,0,5383,9391,1,0,1
737179,65535,255,4219,-7178,0,0,0
737180,365,0,2157,-7380,1,0,1
737181,1620,1,529,9730,1,0,1
737182,65535,255,3078,9911,0,0,0
737183,185,0,4920,9511,1,0,0
737184,65535,255,4738,-7034,0,0,0
737185,65535,255,2928,-7326,0,0,0
737186,441,0,400,-7921,1,0,1
737187,65535,255,2296,10044,0,0,0
737188,65535,255,4385,9666,0,0,0
737189,65535,255,5792,9306,0,0,0
737190,65535,255,3615,-7287,0,0,0
737191,564,0,1310,-7630,1,0,1
737192,65535,255,1441,9975,0,0,0
737193,610,0,3774,9763,1,0,1
737194,0,0,0,0,0,0,0
737195,65535,255,6470,9065,0,0,0
737196,65535,255,2157,-7545,0,0,0
737197,65535,255,534,10539,0,0,0
737198,65535,255,3083,9888,0,0,0
737199,531,0,4923,9505,1,0,1
737200,65535,255,6152,9200,0,0,0
737201,65535,255,7010,8830,0,0,1
737202,65535,255,401,-8086,0,0,0
737203,65535,255,2306,9874,0,0,0
737204,418,0,4392,9595,1,0,1
737205,641,0,5794,9263,1,0,1
737206,65535,255,6755,8968,0,0,1
737207,65535,255,-32768,-32768,0,65535,1
737208,65535,255,1446,10161,0,0,0
737209,65535,255,3782,9706,0,0,0
737210,354,0,5390,9409,1,0,1
737211,343,0,6473,9079,1,0,1
737212,65535,255,-32768,-32768,0,65535,1
737213,65535,255,-32768,-32768,0,65535,1
737214,354,0,3092,9868,1,0,1
737215,65535,255,4929,9499,0,0,0
737216,858,0,6156,9199,1,0,1
737217,0,0,0,0,0,0,0
737218,65535,255,-32768,-32768,0,65535,0
737219,65535,255,-32768,-32768,0,65535,0
737220,774,0,4398,9613,1,0,1
737221,1477,0,5800,9279,1,0,1
737222,65535,255,6760,8938,0,0,1
737223,65535,255,-32768,-32768,0,65535,0
737224,65535,255,-32768,-32768,0,65535,0
737225,65535,255,3793,9768,0,0,0
737226,428,0,5398,9374,1,0,1
737227,65535,255,6479,9056,0,0,0
737228,0,0,0,0,0,0,0
737229,65535,255,-32768,-32768,0,65535,0
737230,65535,255,-32768,-32768,0,65535,1
737231,65535,255,4938,9480,0,0,0
737232,371,0,6162,9190,1,0,1
737233,0,0,0,0,0,0,0
737234,65535,255,-32768,-32768,0,65535,0
737235,65535,255,-32768,-32768,0,65535,1
737236,65535,255,4408,9612,0,0,0
737237,65535,255,5809,9284,0,0,0
737238,65535,255,6765,8940,0,0,1
737239,65535,255,-32768,-32768,0,65535,1
737240,65535,255,-32768,-32768,0,65535,0
737241,524,0,3805,9736,1,0,1
737242,435,0,5406,9391,1,0,1
737243,65535,255,6485,9068,0,0,0
737244,65535,255,-32768,-32768,0,65535,0
737245,65535,255,-32768,-32768,0,65535,0
737246,65535,255,3114,9884,0,0,0
737247,485,0,4946,9522,1,0,1
737248,65535,255,6170,9161,0,0,0
737249,65535,255,7022,8850,0,0,1
737250,65535,255,-32768,-32768,0,65535,1
737251,65535,255,2343,10037,0,0,0
737252,445,2,4422,9584,1,0,0
737253,430,0,5817,9266,1,0,1
737254,65535,255,6772,8930,0,0,0
737255,65535,255,-32768,-32768,0,65535,1
737256,760,0,1497,9953,1,0,1
737257,65535,255,3817,9771,0,0,0
737258,632,0,5414,9384,1,0,1
737259,779,0,6491,9055,1,0,1
737260,65535,255,-32768,-32768,0,65535,0
737261,615,0,585,10049,1,0,1
737262,65535,255,3123,9892,0,0,0
737263,466,0,4952,9477,1,0,1
737264,65535,255,6173,9160,0,0,0
737265,65535,255,7025,8824,0,0,1
737266,65535,255,349,-7301,0,0,0
737267,439,0,2347,9876,1,0,1
737268,65535,255,4418,9654,0,0,0
737269,514,0,5813,9275,1,0,1
737270,1215,0,3585,-7293,1,0,1
737271,567,0,1265,-7532,1,0,1
737272,658,0,1485,10106,1,0,1
737273,606,0,3809,9757,1,0,1
737274,415,0,5407,9410,1,0,1
737275,570,0,4194,-7170,1,0,0
737276,65535,255,2125,-7519,0,0,0
737277,65535,255,568,10105,0,0,0
737278,553,0,3110,9914,1,0,1
737279,65535,255,4940,9490,0,0,0
737280,532,0,4718,-6980,1,0,1
737281,400,0,2900,-7341,1,0,1
737282,543,0,365,-7671,1,0,1
737283,716,0,2332,9927,1,0,1
737284,470,0,4409,9586,1,0,1
737285,471,2,5179,-6909,1,0,1
737286,1365,2,3594,-7215,1,0,1
737287,247,0,1276,-7713,1,0,1
737288,65535,255,1469,9928,0,0,0
737289,537,0,3798,9704,1,0,0
737290,525,0,5399,9378,1,0,1
737291,560,0,4201,-7127,1,0,1
737292,65535,255,2136,-7443,0,0,0
737293,918,2,558,9806,1,0,1
737294,420,0,3101,9876,1,0,1
737295,65535,255,4935,9470,0,0,0
737296,65535,255,4728,-7053,0,0,0
737297,65535,255,2910,-7318,0,0,0
737298,330,0,377,-7583,1,0,0
737299,718,0,2317,9929,1,0,1
737300,331,0,4402,9587,1,0,1
737301,65535,255,5182,-6913,0,0,0
737302,65535,255,3599,-7231,0,0,0
737303,65535,255,1288,-7762,0,0,0
737304,65535,255,1458,9997,0,0,0
737305,65535,255,3790,9729,0,0,0
737306,696,0,5394,9394,3,0,1
737307,420,0,4204,-7160,1,0,1
737308,521,0,2141,-7517,1,0,1
737309,633,0,545,10164,1,0,1
737310,65535,255,3097,9778,0,0,0
737311,470,0,4929,9509,1,0,1
737312,430,0,4728,-7012,1,0,1
737313,65535,255,2919,-7412,0,0,0
737314,65535,255,385,-6984,0,0,0
737315,743,0,2312,9920,1,0,1
737316,495,0,4395,9652,1,0,1
737317,560,0,5185,-6891,1,0,1
737318,431,0,3603,-7204,1,0,1
737319,520,0,1293,-7683,1,0,1
737320,751,0,1452,9951,1,0,1
737321,65535,255,3786,9722,0,0,0
737322,1623,0,5391,9395,1,0,1
737323,1693,0,4208,-7165,1,0,1
737324,356,0,2147,-7561,1,0,1
737325,65535,255,539,10349,0,0,0
737326,395,0,3092,9817,1,0,1
737327,1162,0,4926,9533,1,0,1
737328,65535,255,4731,-7040,0,0,0
737329,1339,0,2919,-7305,1,0,1
737330,705,0,388,-7587,1,0,1
737331,819,0,2290,9970,1,0,1
737332,1566,0,4378,9644,1,0,1
737333,568,0,5202,-6913,1,0,1
737334,65535,255,3628,-7280,0,0,0
737335,309,0,1322,-7658,1,0,1
737336,717,0,1423,10042,1,0,1
737337,862,0,3764,9705,1,0,1
737338,2860,0,5377,9388,1,0,1
737339,65535,255,4229,-7092,0,0,0
737340,716,0,2178,-7457,1,0,1
737341,65535,255,510,10293,0,0,0
737342,505,0,3064,9857,1,0,1
737343,65535,255,4907,9499,0,0,0
737344,65535,255,4754,-7040,0,0,0
737345,65535,255,2952,-7359,0,0,0
737346,474,2,425,-7127,1,0,1
737347,706,0,2274,9944,1,0,1
737348,378,0,4372,9639,1,0,1
737349,65535,255,5210,-6911,0,0,0
737350,65535,255,3639,-7286,0,0,0
737351,65535,255,1338,-7705,0,0,0
737352,65535,255,1412,10114,0,0,0
737353,416,0,3758,9706,1,0,1
737354,583,0,5371,9415,1,0,1
737355,65535,255,4237,-7131,0,0,0
737356,326,0,2189,-7574,1,0,1
737357,460,0,500,9769,1,0,1
737358,65535,255,3055,9798,0,0,0
737359,65535,255,4902,9523,0,0,0
737360,0,0,0,0,0,0,0
737361,65535,255,2961,-7326,0,0,0
737362,65535,255,442,-8125,0,0,0
737363,65535,255,2269,9860,0,0,0
737364,0,0,0,0,0,0,0
737365,65535,255,5215,-6909,0,0,0
737366,65535,255,3647,-7244,0,0,0
737367,65535,255,1349,-7702,0,0,0
737368,65535,255,1401,10046,0,0,0
737369,65535,255,3745,9780,0,0,0
737370,65535,255,5365,9374,0,0,0
737371,65535,255,4248,-7162,0,0,0
737372,65535,255,2199,-7366,0,0,0
737373,65535,255,483,9686,0,0,0
737374,65535,255,3041,9914,0,0,0
737375,65535,255,4892,9526,0,0,0
737376,65535,255,4769,-7053,0,0,0
737377,65535,255,2976,-7366,0,0,0
737378,65535,255,455,-7090,0,0,0
737379,65535,255,2248,9905,0,0,0
737380,495,2,4353,9611,1,0,0
737381,65535,255,5224,-6886,0,0,0
737382,864,2,3659,-7225,1,0,0
737383,585,0,1367,-7478,1,0,0
737384,65535,255,1378,10243,0,0,0
737385,1054,0,3733,9727,1,0,1
737386,65535,255,5357,9424,0,0,0
737387,65535,255,4258,-7133,0,0,0
737388,65535,255,2220,-7538,0,0,0
737389,65535,255,465,10598,0,0,0
737390,65535,255,3026,9896,0,0,0
737391,65535,255,4887,9516,0,0,0
737392,470,0,4776,-7019,1,0,1
737393,447,0,2985,-7374,1,0,1
737394,0,0,0,0,0,0,0
737395,65535,255,2237,9950,0,0,0
737396,474,0,4346,9634,1,0,1
737397,65535,255,5230,-6909,0,0,0
737398,1404,0,3667,-7271,1,0,1
737399,451,0,1378,-7647,1,0,1
737400,65535,255,1372,10026,0,0,0
737401,65535,255,3725,9792,0,0,0
737402,65535,255,5353,9387,0,0,0
737403,568,0,4262,-7091,1,0,1
737404,612,0,2225,-7464,1,0,1
737405,353,0,458,10316,1,0,1
737406,869,0,3022,9855,1,0,1
737407,65535,255,4881,9501,0,0,0
737408,2883,0,4780,-7038,1,0,1
737409,551,0,2990,-7363,1,0,1
737410,0,0,0,0,0,0,0
737411,65535,255,2232,9965,0,0,0
737412,727,0,4339,9648,1,0,1
737413,65535,255,5231,-6918,0,0,0
737414,65535,255,3668,-7174,0,0,0
737415,65535,255,1382,-7628,0,0,0
737416,0,0,0,0,0,0,0
737417,1068,0,3721,9713,1,0,1
737418,65535,255,5348,9423,0,0,0
737419,1628,0,4262,-7137,1,0,1
737420,65535,255,2226,-7347,0,0,0
737421,65535,255,453,9806,0,0,0
737422,65535,255,3022,9803,0,0,0
737423,491,2,4878,9557,1,0,1
737424,65535,255,4780,-7014,0,0,0
737425,65535,255,2990,-7331,0,0,0
737426,702,2,483,-8152,1,0,1
737427,478,2,2232,9922,1,0,1
737428,663,0,4339,9635,1,0,1
737429,4343,0,5230,-6913,1,0,1
737430,1031,0,3668,-7192,1,0,1
737431,709,0,1380,-7500,1,0,1
737432,594,0,1367,10172,1,0,1
737433,65535,255,3722,9730,0,0,0
737434,65535,255,5347,9432,0,0,0
737435,65535,255,4263,-7157,0,0,0
737436,704,0,2225,-7405,1,0,1
737437,849,0,452,10099,1,0,1
737438,357,0,3022,9856,1,0,1
737439,335,0,4881,9507,1,0,1
737440,1971,0,4778,-6993,1,0,1
737441,606,0,2990,-7404,1,0,1
737442,65535,255,475,-7600,0,0,0
737443,65535,255,2233,10053,0,0,0
737444,65535,255,4343,9595,0,0,0
737445,623,0,5225,-6883,1,0,1
737446,511,0,3664,-7254,1,0,1
737447,661,0,1378,-7695,1,0,1
737448,65535,255,1372,10124,0,0,0
737449,65535,255,3725,9722,0,0,0
737450,828,0,5353,9426,1,0,1
737451,4453,1,4259,-7158,1,0,1
737452,65535,255,2215,-7421,0,0,0
737453,322,0,463,10241,1,0,0
737454,577,0,3026,9876,1,0,1
737455,65535,255,4884,9517,0,0,0
737456,65535,255,4773,-6981,0,0,0
737457,65535,255,2981,-7279,0,0,0
737458,65535,255,465,-8101,0,0,0
737459,65535,255,2243,9922,0,0,0
737460,65535,255,4350,9640,0,0,0
737461,65535,255,5222,-6929,0,0,0
737462,474,0,3656,-7199,1,0,1
737463,1134,0,1366,-7477,1,0,1
737464,659,0,1384,9953,1,0,1
737465,65535,255,3733,9784,0,0,0
737466,0,0,0,0,0,0,0
737467,2860,0,4251,-7119,1,0,1
737468,679,0,2207,-7436,1,0,1
737469,590,0,475,9962,1,0,1
737470,1051,0,3036,9833,1,0,1
737471,628,0,4892,9505,1,0,1
737472,754,0,4766,-6971,1,0,1
737473,598,0,2971,-7333,1,0,1
737474,688,0,452,-7889,1,0,1
737475,422,2,2259,9906,1,0,1
737476,65535,255,4357,9633,0,0,1
737477,412,2,5216,-6926,1,0,1
737478,879,0,3647,-7200,1,0,1
737479,742,0,1350,-7502,1,0,1
737480,917,0,1401,9976,1,0,1
737481,1093,0,3750,9678,1,0,1
737482,483,2,5368,9414,1,0,1
737483,773,0,4244,-7147,1,0,1
737484,741,0,2194,-7408,1,0,1
737485,493,0,492,10304,1,0,1
737486,629,0,3050,9904,1,0,1
737487,740,0,4901,9542,1,0,1
737488,65535,255,4760,-7013,0,0,0
737489,65535,255,2957,-7355,0,0,0
737490,65535,255,429,-7367,0,0,1
737491,65535,255,2274,10033,0,0,0
737492,1273,2,4371,9598,1,0,1
737493,679,0,5207,-6898,1,0,1
737494,425,2,3635,-7300,1,0,1
737495,65535,255,1327,-7428,0,0,0
737496,529,0,1424,9929,1,0,1
737497,918,0,3761,9788,1,0,1
737498,530,0,5379,9406,1,0,1
737499,846,0,4229,-7144,1,0,1
737500,65535,255,2172,-7411,0,0,0
737501,65535,255,516,10359,0,0,0
737502,65535,255,3069,9912,0,0,0
737503,65535,255,4916,9550,0,0,0
737504,749,0,4747,-7027,1,0,1
737505,658,0,2938,-7380,1,0,1
737506,928,0,406,-7592,1,0,1
737507,419,0,2301,9874,1,0,1
737508,662,0,4388,9627,1,0,1
737509,1850,0,5198,-6926,1,0,1
737510,65535,255,3615,-7221,0,0,0
737511,389,2,1304,-7607,1,0,1
737512,492,0,1446,10113,1,0,1
737513,650,0,3781,9737,1,0,1
737514,3387,0,5390,9375,1,0,1
737515,777,0,4211,-7106,1,0,1
737516,667,0,2152,-7577,1,0,1
737517,65535,255,545,10103,0,0,0
737518,65535,255,3092,9877,0,0,0
737519,65535,255,4931,9536,0,0,0
737520,65535,255,4730,-7019,0,0,0
737521,65535,255,2914,-7373,0,0,0
737522,65535,255,377,-7587,0,0,0
737523,490,0,2322,9886,1,0,1
737524,65535,255,4405,9643,0,0,0
737525,526,0,5181,-6906,1,0,1
737526,65535,255,3594,-7199,0,0,0
737527,65535,255,1282,-7636,0,0,0
737528,65535,255,1463,10201,0,0,0
737529,65535,255,3796,9718,0,0,0
737530,65535,255,5396,9431,0,0,0
737531,377,2,4201,-7094,1,0,1
737532,666,0,2141,-7353,1,0,1
737533,466,0,550,10343,1,0,0
737534,790,0,3096,9797,1,0,1
737535,361,2,4931,9514,1,0,1
737536,0,0,0,0,0,0,0
737537,65535,255,2919,-7382,0,0,0
737538,0,0,0,0,0,0,0
737539,65535,255,2311,9999,0,0,0
737540,65535,255,4395,9613,0,0,0
737541,65535,255,5190,-6933,0,0,0
737542,586,0,3611,-7264,1,0,1
737543,346,0,1299,-7454,1,0,1
737544,65535,255,1446,10067,0,0,0
737545,65535,255,3778,9754,0,0,0
737546,65535,255,5385,9405,0,0,0
737547,535,0,4216,-7172,1,0,1
737548,65535,255,2157,-7546,0,0,0
737549,65535,255,527,10228,0,0,0
737550,65535,255,3079,9788,0,0,0
737551,740,2,4917,9512,1,0,1
737552,782,0,6151,9185,1,0,1
737553,0,0,0,0,0,0,0
737554,65535,255,407,-8242,0,0,0
737555,65535,255,2291,10045,0,0,0
737556,590,0,4382,9641,1,0,1
737557,65535,255,5789,9277,0,0,0
737558,65535,255,6750,8963,0,0,0
737559,605,0,1321,-7630,1,0,1
737560,696,0,1429,9965,1,0,1
737561,594,0,3766,9700,1,0,1
737562,410,0,5380,9378,1,0,1
737563,0,0,0,0,0,0,0
737564,65535,255,-32768,-32768,0,65535,0
737565,65535,255,516,9975,0,0,0
737566,65535,255,3064,9913,0,0,0
737567,65535,255,4911,9502,0,0,1
737568,65535,255,6144,9184,0,0,0
737569,65535,255,7004,8848,0,0,1
737570,65535,255,-32768,-32768,0,0,1
737571,65535,255,2280,9963,0,0,0
737572,65535,255,4371,9656,0,0,0
737573,0,0,0,0,0,0,0
737574,65535,255,6746,8975,0,0,0
737575,65535,255,-32768,-32768,0,65535,0
737576,65535,255,-32768,-32768,0,65535,1
737577,809,0,3757,9742,1,0,1
737578,731,0,5372,9408,1,0,1
737579,715,0,6461,9065,1,0,1
737580,65535,255,-32768,-32768,0,65535,1
737581,65535,255,-32768,-32768,0,65535,0
737582,469,0,3060,9853,1,0,1
737583,65535,255,4904,9553,0,0,0
737584,602,0,6142,9162,1,0,1
737585,0,0,0,0,0,0,0
737586,65535,255,-32768,-32768,0,65535,0
737587,65535,255,-32768,-32768,0,65535,1
737588,65535,255,4368,9638,0,0,0
737589,799,0,5779,9280,1,0,1
737590,65535,255,6744,8970,0,0,1
737591,65535,255,-32768,-32768,0,65535,1
737592,65535,255,-32768,-32768,0,65535,1
737593,590,0,3753,9751,1,0,1
737594,603,0,5369,9414,1,0,1
737595,65535,255,6460,9073,0,0,0
737596,0,0,0,0,0,0,0
737597,65535,255,-32768,-32768,0,65535,0
737598,65535,255,-32768,-32768,0,65535,0
737599,674,0,4902,9499,1,0,1
737600,588,0,6140,9186,1,0,1
737601,0,0,0,0,0,0,0
737602,65535,255,-32768,-32768,0,65535,1
737603,65535,255,-32768,-32768,0,65535,1
737604,628,0,4364,9599,1,0,1
737605,301,0,5777,9320,1,0,0
737606,65535,255,6744,8954,0,0,1
737607,65535,255,-32768,-32768,0,65535,1
737608,65535,255,-32768,-32768,0,65535,0
737609,442,0,3754,9719,1,0,1
737610,65535,255,5369,9400,0,0,0
737611,566,0,6460,9063,1,0,1
737612,65535,255,-32768,-32768,0,65535,0
737613,65535,255,-32768,-32768,0,65535,0
737614,65535,255,3050,9895,0,0,0
737615,65535,255,4901,9499,0,0,0
737616,65535,255,6139,9190,0,0,0
737617,65535,255,7000,8859,0,0,0
737618,65535,255,-32768,-32768,0,65535,0
737619,585,0,2264,9964,1,0,1
737620,638,0,4364,9623,1,0,1
737621,65535,255,5779,9273,0,0,0
737622,65535,255,6745,8970,0,0,0
737623,65535,255,-32768,-32768,0,65535,1
737624,687,0,1407,10046,1,0,1
737625,734,0,3749,9774,1,0,1
737626,476,0,5369,9438,1,0,1
737627,569,0,6458,9091,1,0,0
737628,65535,255,-32768,-32768,0,65535,0
737629,412,0,493,10366,1,0,1
737630,661,0,3050,9842,1,0,1
737631,595,0,4899,9534,1,0,1
737632,65535,255,6140,9173,0,0,0
737633,431,0,2961,-7407,1,0,1
737634,65535,255,435,-7286,0,0,0
737635,65535,255,2269,9919,0,0,0
737636,1272,0,4364,9605,1,0,1
737637,696,0,5779,9267,1,0,1
737638,713,0,3643,-7192,1,0,1
737639,65535,255,1343,-7723,0,0,0
737640,880,0,1407,10045,1,0,1
737641,316,0,3754,9781,1,0,1
737642,65535,255,5369,9418,0,0,0
737643,65535,255,4240,-7147,0,0,0
737644,65535,255,2193,-7553,0,0,0
737645,65535,255,494,10566,0,0,0
737646,65535,255,3055,9872,0,0,0
737647,65535,255,4902,9492,0,0,0
737648,502,0,4759,-7018,1,0,1
737649,791,0,2956,-7290,1,0,1
737650,1000,0,434,-7667,1,0,1
737651,1059,0,2270,10004,1,0,1
737652,502,0,4368,9650,1,0,1
737653,65535,255,5210,-6906,0,0,0
737654,65535,255,3639,-7257,0,0,0
737655,537,0,1337,-7549,1,0,0
737656,65535,255,1413,9903,0,0,0
737657,65535,255,3758,9733,0,0,0
737658,65535,255,5372,9417,0,0,0
737659,65535,255,4233,-7114,0,0,0
737660,393,0,2182,-7495,1,0,0
737661,65535,255,499,10296,0,0,0
737662,520,0,3060,9840,1,0,0
737663,65535,255,4906,9481,0,0,0
737664,568,0,4753,-7007,1,0,1
737665,65535,255,2947,-7281,0,0,0
737666,316,0,422,-7665,1,0,1
737667,636,0,2275,10018,1,0,1
737668,65535,255,4372,9655,0,0,0
737669,726,0,5204,-6913,1,0,1
737670,65535,255,3631,-7275,0,0,0
737671,307,0,1326,-7626,1,0,1
737672,418,0,1424,9974,1,0,1
737673,442,0,3762,9764,3,0,1
737674,65535,255,5375,9423,0,0,0
737675,535,0,4229,-7155,1,0,1
737676,65535,255,2173,-7384,0,0,0
737677,370,0,519,9713,1,0,1
737678,65535,255,3065,9922,0,0,0
737679,65535,255,4912,9523,0,0,0
737680,664,0,4746,-7002,1,0,1
737681,916,0,2942,-7377,1,0,1
737682,715,0,412,-7182,1,0,1
737683,352,0,2291,9945,1,0,1
737684,605,0,4379,9628,1,0,1
737685,621,0,5198,-6898,1,0,1
737686,570,0,3623,-7259,1,0,1
737687,65535,255,1314,-7576,0,0,0
737688,65535,255,1436,9973,0,0,0
737689,619,0,3770,9770,1,0,1
737690,65535,255,5383,9371,0,0,0
737691,65535,255,4218,-7171,0,0,0
737692,633,0,2162,-7394,1,0,1
737693,648,0,528,9972,1,0,1
737694,65535,255,3079,9808,0,0,0
737695,65535,255,4909,9475,0,0,0
737696,65535,255,4750,-7012,0,0,0
737697,65535,255,2947,-7317,0,0,0
737698,384,0,423,-8062,1,0,1
737699,459,0,2281,9885,1,0,1
737700,65535,255,4373,9612,0,0,0
737701,600,0,5206,-6896,1,0,1
737702,494,0,3635,-7262,1,0,1
737703,662,0,1337,-7629,1,0,1
737704,676,0,1413,10041,1,0,1
737705,65535,255,3755,9681,0,0,0
737706,65535,255,5370,9399,0,0,0
737707,65535,255,4236,-7112,0,0,0
737708,65535,255,2188,-7528,0,0,0
737709,662,0,500,9784,1,0,1
737710,975,0,3056,9765,1,0,1
737711,489,0,4903,9543,1,0,1
737712,65535,255,4756,-6998,0,0,0
737713,65535,255,2956,-7305,0,0,0
737714,204,0,435,-8049,1,0,1
737715,416,0,2271,9901,1,0,1
737716,65535,255,4365,9627,0,0,0
737717,65535,255,5213,-6910,0,0,0
737718,65535,255,3644,-7293,0,0,0
737719,65535,255,1344,-7729,0,0,0
737720,65535,255,1406,10164,0,0,0
737721,662,0,3749,9731,1,0,0
737722,65535,255,5366,9436,0,0,0
737723,65535,255,4240,-7171,0,0,0
737724,598,0,2194,-7440,1,0,1
737725,262,0,492,10365,1,0,1
737726,65535,255,3050,9891,0,0,0
737727,65535,255,4899,9529,0,0,0
737728,65535,255,4760,-6991,0,0,0
737729,65535,255,2962,-7294,0,0,0
737730,65535,255,440,-7796,0,0,0
737731,65535,255,2264,9946,0,0,0
737732,65535,255,4364,9655,0,0,0
737733,656,2,5213,-6878,1,0,0
737734,65535,255,3644,-7220,0,0,0
737735,370,2,1344,-7554,1,0,1
737736,65535,255,1406,10022,0,0,0
737737,65535,255,3749,9684,0,0,0
737738,65535,255,5369,9416,0,0,0
737739,517,0,4240,-7143,1,0,1
737740,65535,255,2194,-7396,0,0,0
737741,65535,255,492,10232,0,0,0
737742,65535,255,3050,9882,0,0,0
737743,410,0,4902,9529,1,0,1
737744,65535,255,4760,-6997,0,0,0
737745,65535,255,2961,-7315,0,0,0
737746,65535,255,437,-7066,0,0,0
737747,65535,255,2269,9974,0,0,0
737748,65535,255,4364,9669,0,0,0
737749,65535,255,5213,-6878,0,0,0
737750,65535,255,3643,-7252,0,0,0
737751,65535,255,1344,-7678,0,0,0
737752,65535,255,1407,10164,0,0,0
737753,65535,255,3753,9748,0,0,0
737754,65535,255,5371,9377,0,0,0
737755,65535,255,4237,-7103,0,0,0
737756,65535,255,2188,-7543,0,0,0
737757,65535,255,499,9901,0,0,0
737758,417,2,3059,9839,1,0,1
737759,65535,255,4908,9511,0,0,0
737760,65535,255,4756,-6986,0,0,0
737761,65535,255,2952,-7305,0,0,0
737762,65535,255,426,-7049,0,0,0
737763,65535,255,2274,9988,0,0,0
737764,65535,255,4375,9583,0,0,0
737765,383,2,5207,-6895,1,0,1
737766,65535,255,3636,-7293,0,0,0
737767,65535,255,1327,-7428,0,0,0
737768,65535,255,1424,9950,0,0,0
737769,616,0,3764,9710,1,0,1
737770,653,0,5377,9415,1,0,1
737771,65535,255,4230,-7158,0,0,0
737772,65535,255,2177,-7456,0,0,0
737773,705,0,511,10555,1,0,1
737774,555,0,3069,9798,1,0,1
737775,0,0,0,0,0,0,0
737776,65535,255,4748,-6999,0,0,0
737777,65535,255,2942,-7285,0,0,0
737778,65535,255,414,-8236,0,0,0
737779,65535,255,2290,9986,0,0,0
737780,65535,255,4381,9582,0,0,0
737781,65535,255,5199,-6897,0,0,0
737782,65535,255,3624,-7304,0,0,0
737783,575,0,1315,-7479,1,0,1
737784,892,0,1435,9996,1,0,1
737785,613,0,3774,9706,1,0,1
737786,65535,255,5385,9428,0,0,0
737787,554,0,4215,-7086,1,0,1
737788,476,2,2157,-7533,1,0,1
737789,65535,255,534,9978,0,0,0
737790,1119,0,3083,9857,1,0,1
737791,725,0,4923,9530,1,0,1
737792,765,0,4737,-7013,1,0,1
737793,65535,255,2924,-7373,0,0,0
737794,591,0,394,-7672,1,0,1
737795,372,0,2311,9899,1,0,1
737796,412,0,4395,9649,1,0,1
737797,65535,255,5187,-6873,0,0,0
737798,65535,255,3606,-7266,0,0,0
737799,65535,255,1293,-7686,0,0,0
737800,65535,255,1458,10202,0,0,0
737801,499,0,3790,9775,1,0,1
737802,496,0,5396,9405,1,0,1
737803,495,0,4201,-7157,1,0,1
737804,65535,255,2136,-7462,0,0,0
737805,65535,255,559,9695,0,0,0
737806,65535,255,3101,9825,0,0,0
737807,713,0,4935,9518,1,0,1
737808,65535,255,4721,-7005,0,0,0
737809,444,0,2905,-7365,1,0,1
737810,65535,255,365,-7688,0,0,0
737811,65535,255,2333,9899,0,0,0
737812,65535,255,4409,9660,0,0,0
737813,637,0,5176,-6933,1,0,1
737814,568,0,3589,-7278,1,0,1
737815,338,2,1270,-7536,1,0,1
737816,65535,255,1474,10179,0,0,0
737817,65535,255,3802,9679,0,0,0
737818,65535,255,5402,9371,0,0,0
737819,651,0,4197,-7130,1,0,1
737820,451,0,2130,-7478,1,0,1
737821,65535,255,557,10050,0,0,0
737822,65535,255,3101,9776,0,0,0
737823,704,2,4932,9513,1,0,1
737824,65535,255,4728,-7021,0,0,0
737825,65535,255,2914,-7422,0,0,0
737826,465,0,377,-7334,1,0,1
737827,674,0,2317,9915,1,0,1
737828,674,0,4399,9592,1,0,1
737829,65535,255,5187,-6930,0,0,0
737830,595,0,3607,-7274,1,0,1
737831,0,0,0,0,0,0,0
737832,971,0,1452,10183,1,0,1
737833,1046,0,3786,9689,1,0,1
737834,615,0,5391,9384,1,0,1
737835,65535,255,4212,-7154,0,0,0
737836,618,0,2151,-7535,1,0,1
737837,389,0,539,10355,1,0,1
737838,65535,255,3088,9828,0,0,0
737839,65535,255,4922,9543,0,0,0
737840,65535,255,4736,-7052,0,0,0
737841,660,0,2928,-7351,1,0,1
737842,596,0,401,-8017,1,0,1
737843,949,0,2301,10030,1,0,1
737844,65535,255,4389,9653,0,0,0
737845,65535,255,5193,-6898,0,0,0
737846,65535,255,3615,-7231,0,0,0
737847,65535,255,1305,-7406,0,0,0
737848,1037,0,1440,10092,1,0,1
737849,804,0,3773,9786,1,0,1
737850,65535,255,5385,9373,0,0,0
737851,65535,255,4219,-7139,0,0,0
737852,405,0,2162,-7517,1,0,1
737853,65535,255,522,10237,0,0,0
737854,65535,255,3078,9819,0,0,0
737855,65535,255,4917,9544,0,0,0
737856,65535,255,4744,-6975,0,0,0
737857,65535,255,2938,-7371,0,0,0
737858,641,0,413,-8164,1,0,1
737859,65535,255,2296,9848,0,0,0
737860,508,0,4382,9673,1,0,0
737861,583,0,5201,-6920,1,0,1
737862,715,0,3623,-7262,1,0,1
737863,65535,255,1315,-7533,0,0,0
737864,65535,255,1429,10219,0,0,0
737865,1127,0,3769,9709,1,0,1
737866,686,0,5380,9402,1,0,1
737867,625,0,4226,-7083,1,0,1
737868,923,0,2172,-7397,1,0,1
737869,586,0,517,9854,1,0,1
737870,1120,0,3069,9913,1,0,1
737871,525,0,4914,9518,1,0,1
737872,65535,255,4750,-7038,0,0,0
737873,65535,255,2942,-7326,0,0,0
737874,651,0,417,-7914,1,0,1
737875,908,2,2285,10032,1,0,1
737876,494,0,4379,9661,1,0,1
737877,65535,255,5204,-6914,0,0,0
737878,65535,255,3627,-7269,0,0,0
737879,462,0,1321,-7554,1,0,0
737880,65535,255,1430,9906,0,0,0
737881,65535,255,3766,9732,0,0,0
737882,65535,255,5377,9417,0,0,0
737883,793,0,4229,-7110,1,0,1
737884,283,0,2172,-7485,1,0,1
737885,623,0,510,10236,1,0,1
737886,522,0,3069,9830,1,0,1
737887,711,0,4912,9510,1,0,1
737888,651,0,4750,-6997,1,0,1
737889,582,0,2947,-7431,1,0,1
737890,571,0,417,-7519,1,0,1
737891,612,0,2285,9976,1,0,1
737892,841,0,4379,9635,1,0,1
737893,1255,0,5204,-6899,1,0,1
737894,65535,255,3627,-7253,0,0,0
737895,65535,255,1321,-7555,0,0,0
737896,65535,255,1430,9907,0,0,0
737897,620,0,3766,9740,1,0,1
737898,649,0,5377,9426,1,0,1
737899,483,2,4226,-7130,1,0,0
737900,671,0,2173,-7529,1,0,1
737901,65535,255,516,10490,0,0,0
737902,0,0,0,0,0,0,0
737903,571,0,4914,9507,1,0,1
737904,573,0,4747,-7038,1,0,1
737905,637,0,2942,-7347,1,0,1
737906,362,0,413,-8237,1,0,1
737907,65535,255,2291,9890,0,0,0
737908,65535,255,4381,9610,0,0,0
737909,65535,255,5199,-6884,0,0,0
737910,364,2,3624,-7229,1,0,1
737911,65535,255,1315,-7480,0,0,0
737912,65535,255,1434,9976,0,0,0
737913,470,0,3770,9740,1,0,1
737914,65535,255,5380,9431,0,0,0
737915,658,0,4222,-7144,1,0,1
737916,585,0,2165,-7522,1,0,1
737917,948,0,524,9729,1,0,1
737918,1071,0,3078,9793,1,0,1
737919,65535,255,4917,9534,0,0,0
737920,1137,0,6151,9167,1,0,1
737921,65535,255,2933,-7423,0,0,0
737922,0,0,0,0,0,0,0
737923,65535,255,2296,10017,0,0,0
737924,65535,255,4385,9667,0,0,0
737925,65535,255,5791,9320,0,0,0
737926,65535,255,6754,8966,0,0,0
737927,65535,255,1305,-7403,0,0,0
737928,65535,255,1441,10185,0,0,0
737929,568,0,3778,9730,1,0,1
737930,65535,255,5385,9425,0,0,0
737931,65535,255,6470,9070,0,0,0
737932,65535,255,-32768,-32768,0,65535,1
737933,544,0,540,9865,1,0,1
737934,65535,255,3088,9799,0,0,0
737935,590,0,4924,9518,1,0,1
737936,658,0,6154,9185,1,0,1
737937,65535,255,7014,8823,0,0,1
737938,65535,255,-32768,-32768,0,65535,1
737939,896,0,2312,9888,1,0,1
737940,65535,255,4396,9619,0,0,0
737941,65535,255,5799,9288,0,0,0
737942,0,0,0,0,0,0,0
737943,65535,255,-32768,-32768,0,65535,1
737944,65535,255,-32768,-32768,0,65535,0
737945,633,0,3790,9697,1,0,1
737946,65535,255,5394,9408,0,0,0
737947,0,0,0,0,0,0,0
737948,65535,255,-32768,-32768,0,65535,1
737949,65535,255,-32768,-32768,0,65535,0
737950,65535,255,3101,9797,0,0,0
737951,65535,255,4934,9487,0,0,0
737952,65535,255,6161,9187,0,0,0
737953,0,0,0,0,0,0,0
737954,65535,255,-32768,-32768,0,65535,0
737955,65535,255,-32768,-32768,0,65535,1
737956,65535,255,4405,9643,0,0,0
737957,1194,0,5806,9303,1,0,1
737958,0,0,0,0,0,0,0
737959,65535,255,-32768,-32768,0,65535,0
737960,65535,255,-32768,-32768,0,65535,1
737961,323,2,3806,9750,1,0,1
737962,670,0,5404,9373,3,0,1
737963,65535,255,6484,9060,0,0,0
737964,0,0,0,0,0,0,0
737965,65535,255,-32768,-32768,0,65535,1
737966,65535,255,-32768,-32768,0,65535,1
737967,499,2,4947,9511,1,0,1
737968,65535,255,6169,9184,0,0,0
737969,0,0,0,0,0,0,0
737970,65535,255,-32768,-32768,0,65535,1
737971,65535,255,-32768,-32768,0,65535,1
737972,65535,255,4412,9623,0,0,0
737973,395,0,5811,9263,1,0,1
737974,0,0,0,0,0,0,0
737975,65535,255,-32768,-32768,0,65535,1
737976,65535,255,-32768,-32768,0,65535,0
737977,1170,0,3802,9766,1,0,1
737978,998,0,5401,9416,1,0,1
737979,749,0,6482,9066,1,0,1
737980,65535,255,-32768,-32768,0,0,0
737981,65535,255,-32768,-32768,0,65535,1
737982,678,0,3110,9805,1,0,1
737983,65535,255,4937,9524,0,0,0
737984,614,0,6162,9198,1,0,1
737985,65535,255,7019,8854,0,0,1
737986,65535,255,-32768,-32768,0,65535,0
737987,65535,255,2328,9859,0,0,0
737988,445,0,4405,9657,1,0,1
737989,365,0,5806,9285,1,0,1
737990,65535,255,6763,8968,0,0,0
737991,745,0,1286,-7661,1,0,1
737992,437,0,1469,9927,1,0,1
737993,932,0,3794,9704,1,0,1
737994,65535,255,5399,9382,0,0,0
737995,245,2,6479,9044,1,0,0
737996,562,0,2140,-7488,1,0,0
737997,552,0,551,10043,1,0,1
737998,65535,255,3097,9915,0,0,0
737999,1166,2,4932,9497,3,0,1
738000,607,0,6159,9182,1,0,1
738001,611,0,2918,-7393,1,0,1
738002,65535,255,384,-8276,0,0,1
738003,667,0,2312,10055,1,0,1
738004,808,0,4399,9644,1,0,1
738005,65535,255,5801,9278,0,0,0
738006,65535,255,3606,-7197,0,0,0
738007,65535,255,1293,-7684,0,0,0
738008,490,0,1458,9950,1,0,1
738009,751,0,3786,9721,1,0,1
738010,304,0,5394,9393,1,0,1
738011,650,0,4211,-7160,1,0,1
738012,490,0,2151,-7547,1,0,1
738013,660,0,540,10285,1,0,1
738014,409,0,3093,9807,1,0,1
738015,65535,255,4926,9531,0,0,0
738016,65535,255,4736,-7035,0,0,0
738017,621,0,2923,-7296,1,0,1
738018,613,0,394,-7504,1,0,1
738019,630,0,2307,9943,1,0,1
738020,65535,255,4392,9601,0,0,0
738021,65535,255,5192,-6932,0,0,0
738022,265,0,3610,-7280,1,0,0
738023,453,0,1298,-7528,1,0,1
738024,594,0,1447,10182,1,0,1
738025,737,2,3782,9682,1,0,1
738026,725,0,5389,9375,1,0,1
738027,600,0,4214,-7139,1,0,1
738028,543,0,2156,-7500,1,0,0
738029,629,0,534,10164,1,0,1
738030,550,0,3088,9788,1,0,1
738031,65535,255,4924,9521,0,0,0
738032,65535,255,4736,-7034,0,0,0
738033,65535,255,2928,-7305,0,0,0
738034,65535,255,393,-7588,0,0,0
738035,675,0,2302,9957,1,0,1
738036,65535,255,4389,9614,0,0,0
738037,65535,255,5192,-6865,0,0,0
738038,551,0,3613,-7258,1,0,1
738039,655,0,1303,-7631,1,0,1
738040,924,0,1447,9928,1,0,1
738041,65535,255,3779,9730,0,0,0
738042,65535,255,5386,9405,0,0,0
738043,461,0,4211,-7084,1,0,1
738044,438,0,2151,-7380,1,0,1
738045,65535,255,536,9730,0,0,0
738046,483,0,3084,9888,1,0,1
738047,534,0,4924,9494,1,0,1
738048,282,0,4736,-7010,1,0,1
738049,525,0,2928,-7433,1,0,1
738050,543,2,394,-7336,3,0,1
738051,578,0,2302,9930,1,0,1
738052,65535,255,4390,9608,0,0,0
738053,611,0,5189,-6865,1,0,1
738054,65535,255,3611,-7220,0,0,0
738055,925,2,1303,-7656,1,0,1
738056,65535,255,1447,9974,0,0,0
738057,65535,255,3779,9746,0,0,0
738058,65535,255,5386,9419,0,0,0
738059,65535,255,4225,-7127,0,0,0
738060,65535,255,2172,-7562,0,0,0
738061,498,0,518,9841,1,0,1
738062,579,0,3070,9805,1,0,1
738063,868,0,4912,9480,1,0,1
738064,676,0,4749,-7030,1,0,1
738065,65535,255,2946,-7361,0,0,0
738066,0,0,0,0,0,0,0
738067,65535,255,2281,9999,0,0,0
738068,65535,255,4376,9574,0,0,0
738069,202,0,5201,-6877,1,0,0
738070,723,0,3631,-7239,1,0,1
738071,528,0,1326,-7606,1,0,0
738072,366,0,1425,10064,1,0,1
738073,65535,255,3763,9696,0,0,0
738074,65535,255,5376,9422,0,0,0
738075,65535,255,4229,-7153,0,0,0
738076,577,0,2177,-7413,1,0,0
738077,442,0,511,10226,1,0,1
738078,479,2,3065,9878,1,0,1
738079,65535,255,4909,9526,0,0,0
738080,65535,255,4749,-6995,0,0,0
738081,676,0,2946,-7307,1,0,1
738082,621,0,423,-8182,1,0,1
738083,602,0,2281,9957,1,0,1
738084,641,0,4373,9664,1,0,1
738085,0,0,0,0,0,0,0
738086,65535,255,3630,-7239,0,0,0
738087,0,0,0,0,0,0,0
738088,65535,255,1424,10092,0,0,0
738089,517,0,3762,9722,1,0,0
738090,65535,255,5375,9401,0,0,0
738091,65535,255,4226,-7086,0,0,0
738092,65535,255,2178,-7487,0,0,0
738093,65535,255,518,9657,0,0,0
738094,65535,255,3069,9797,0,0,0
738095,952,0,4911,9488,1,0,1
738096,65535,255,4750,-7052,0,0,0
738097,65535,255,2947,-7424,0,0,0
738098,65535,255,417,-7917,0,0,0
738099,65535,255,2285,9916,0,0,0
738100,498,0,4378,9652,1,0,1
738101,65535,255,5201,-6866,0,0,0
738102,589,0,3627,-7247,1,0,1
738103,465,0,1321,-7684,1,0,1
738104,382,0,1429,10184,1,0,1
738105,599,0,3770,9753,1,0,1
738106,584,0,5383,9389,1,0,0
738107,65535,255,4226,-7126,0,0,0
738108,65535,255,2167,-7384,0,0,0
738109,65535,255,522,10229,0,0,0
738110,65535,255,3074,9910,0,0,0
738111,65535,255,4917,9530,0,0,0
738112,500,0,4744,-7035,1,0,1
738113,65535,255,2938,-7404,0,0,0
738114,65535,255,406,-7844,0,0,0
738115,65535,255,2295,9930,0,0,0
738116,569,0,4385,9664,1,0,1
738117,634,0,5195,-6878,1,0,1
738118,65535,255,3619,-7274,0,0,0
738119,65535,255,1304,-7406,0,0,0
738120,458,0,1447,9951,1,0,1
738121,614,0,3782,9688,1,0,1
738122,1067,0,5387,9427,1,0,1
738123,699,0,4215,-7081,1,0,1
738124,65535,255,2157,-7535,0,0,0
738125,549,0,539,9984,1,0,1
738126,65535,255,3088,9876,0,0,0
738127,65535,255,4925,9541,0,0,0
738128,65535,255,4733,-7027,0,0,0
738129,65535,255,2924,-7406,0,0,0
738130,65535,255,389,-8021,0,0,0
738131,65535,255,2316,9969,0,0,0
738132,65535,255,4402,9585,0,0,0
738133,65535,255,5186,-6906,0,0,0
738134,65535,255,3602,-7192,0,0,0
738135,65535,255,1287,-7586,0,0,0
738136,464,2,1463,10064,1,0,1
738137,65535,255,3790,9774,0,0,0
738138,65535,255,5396,9366,0,0,0
738139,1000,2,4207,-7136,1,0,1
738140,65535,255,2146,-7520,0,0,0
738141,65535,255,545,10350,0,0,0
738142,65535,255,3097,9836,0,0,0
738143,65535,255,4932,9474,0,0,0
738144,65535,255,4733,-6991,0,0,0
738145,65535,255,2923,-7406,0,0,0
738146,65535,255,389,-7258,0,0,0
738147,65535,255,2311,9928,0,0,0
738148,65535,255,4395,9612,0,0,0
738149,65535,255,5190,-6874,0,0,0
738150,65535,255,3611,-7199,0,0,0
738151,65535,255,1305,-7762,0,0,0
738152,496,0,1446,10089,1,0,1
738153,65535,255,3779,9758,0,0,0
738154,65535,255,5388,9379,0,0,0
738155,65535,255,4215,-7161,0,0,0
738156,1455,1,2157,-7421,1,0,1
738157,65535,255,536,9671,0,0,0
738158,65535,255,3078,9899,0,0,0
738159,65535,255,4919,9510,0,0,0
738160,65535,255,4740,-7036,0,0,0
738161,65535,255,2933,-7329,0,0,0
738162,65535,255,406,-8007,0,0,0
738163,65535,255,2296,9945,0,0,0
738164,65535,255,4385,9575,0,0,0
738165,65535,255,5199,-6932,0,0,0
738166,540,0,3623,-7304,1,0,1
738167,690,0,1316,-7684,1,0,1
738168,610,0,1435,10046,1,0,1
738169,491,0,3770,9786,1,0,1
738170,549,0,5383,9376,1,0,1
738171,65535,255,4223,-7159,0,0,0
738172,508,0,2163,-7366,1,0,1
738173,65535,255,522,9787,0,0,0
738174,480,0,3073,9891,1,0,1
738175,65535,255,4915,9522,0,0,0
738176,65535,255,4745,-7056,0,0,0
738177,65535,255,2939,-7370,0,0,0
738178,43,0,409,-7108,1,0,0
738179,65535,255,2289,9917,0,0,0
738180,248,0,4381,9621,1,0,1
738181,627,2,5200,-6889,1,0,1
738182,642,2,3625,-7236,1,0,1
738183,454,0,1317,-7504,1,0,1
738184,65535,255,1428,9969,0,0,0
738185,65535,255,3765,9732,0,0,0
738186,339,0,5379,9426,1,0,1
738187,65535,255,4224,-7131,0,0,0
738188,65535,255,2169,-7545,0,0,0
738189,577,2,516,10553,1,0,1
738190,65535,255,3068,9892,0,0,0
738191,65535,255,4913,9512,0,0,0
738192,65535,255,4748,-7050,0,0,0
738193,65535,255,2944,-7368,0,0,0
738194,65535,255,414,-7118,0,0,0
738195,65535,255,2284,9932,0,0,0
738196,65535,255,4377,9629,0,0,0
738197,65535,255,5200,-6899,0,0,0
738198,280,0,3625,-7261,1,0,1
738199,65535,255,1322,-7579,0,0,0
738200,65535,255,1428,9975,0,0,0
738201,655,0,3764,9772,1,0,1
738202,65535,255,5379,9373,0,0,1
738203,567,0,4224,-7171,1,0,1
738204,65535,255,2169,-7410,0,0,0
738205,65535,255,515,10038,0,0,0
738206,65535,255,3068,9820,0,0,0
738207,65535,255,4913,9473,0,0,0
738208,65535,255,4745,-7010,0,0,0
738209,538,0,2939,-7304,1,0,1
738210,392,0,413,-7994,1,0,1
738211,470,0,2289,9876,1,0,1
738212,468,0,4381,9603,1,0,1
738213,625,0,5200,-6884,1,0,1
738214,65535,255,3624,-7236,0,0,0
738215,65535,255,1317,-7554,0,0,0
738216,505,0,1434,9952,1,0,1
738217,525,0,3769,9771,1,0,1
738218,65535,255,5381,9377,0,0,0
738219,65535,255,4220,-7105,0,0,0
738220,65535,255,2168,-7440,0,0,0
738221,65535,255,521,10230,0,0,0
738222,1115,0,3073,9850,1,0,1
738223,754,0,4916,9501,1,0,1
738224,538,0,4745,-7044,1,0,1
738225,65535,255,2938,-7378,0,0,0
738226,0,0,0,0,0,0,0
738227,65535,255,2295,9988,0,0,0
738228,560,0,4384,9660,1,0,1
738229,524,0,5197,-6931,1,0,1
738230,431,0,3616,-7195,1,0,1
738231,629,0,1311,-7427,1,0,1
738232,923,2,1440,10208,1,0,1
738233,490,0,3776,9747,1,0,1
738234,65535,255,5385,9397,0,0,0
738235,526,0,4219,-7172,1,0,1
738236,65535,255,2158,-7426,0,0,0
738237,65535,255,533,10226,0,0,0
738238,985,0,3082,9859,1,0,1
738239,456,0,4925,9510,1,0,1
738240,514,0,4738,-7040,1,0,1
738241,588,0,2929,-7412,1,0,1
738242,65535,255,395,-7675,0,0,0
738243,513,0,2306,10003,1,0,0
738244,1132,0,4394,9595,1,0,1
738245,481,0,5190,-6891,1,0,1
738246,538,0,3611,-7263,1,0,1
738247,402,0,1294,-7658,1,0,1
738248,602,0,1456,10089,1,0,1
738249,531,0,3789,9713,1,0,1
738250,65535,255,5395,9423,0,0,0
738251,65535,255,4208,-7153,0,0,0
738252,453,0,2142,-7412,1,0,1
738253,452,2,550,10226,1,0,0
738254,676,0,3100,9866,1,0,1
738255,605,0,4933,9520,1,0,1
738256,65535,255,4728,-6984,0,0,0
738257,65535,255,2910,-7285,0,0,0
738258,65535,255,372,-8030,0,0,0
738259,65535,255,2326,9915,0,0,0
738260,478,0,4408,9637,1,0,1
738261,65535,255,5182,-6924,0,0,0
738262,623,0,3594,-7198,1,0,1
738263,65535,255,1277,-7478,0,0,0
738264,416,2,1479,9974,1,0,0
738265,65535,255,3803,9707,0,0,0
738266,431,0,5406,9406,1,0,1
738267,580,0,4194,-7135,1,0,1
738268,65535,255,2121,-7369,0,0,0
738269,802,0,574,10109,1,0,1
738270,437,0,3119,9873,1,0,1
738271,936,0,4947,9522,1,0,1
738272,65535,255,4714,-6994,0,0,0
738273,65535,255,2890,-7311,0,0,0
738274,65535,255,345,-6914,0,0,0
738275,65535,255,2348,9980,0,0,0
738276,65535,255,4422,9647,0,0,0
738277,453,0,5170,-6872,1,0,1
738278,65535,255,3581,-7269,0,0,0
738279,65535,255,1259,-7402,0,0,0
738280,571,0,1485,9998,1,0,1
738281,65535,255,3810,9710,0,0,0
738282,531,0,5407,9376,1,0,1
738283,65535,255,4190,-7110,0,0,0
738284,65535,255,2120,-7385,0,0,0
738285,623,0,568,10399,1,0,1
738286,65535,255,3115,9795,0,0,0
738287,65535,255,4940,9507,0,0,0
738288,65535,255,6164,9178,0,0,0
738289,65535,255,2905,-7352,0,0,0
738290,65535,255,365,-7679,0,0,1
738291,65535,255,2327,9928,0,0,0
738292,867,2,4405,9670,1,0,1
738293,65535,255,5806,9286,0,0,0
738294,65535,255,6762,8966,0,0,1
738295,278,0,1281,-7610,1,0,1
738296,466,0,1463,10181,1,0,1
738297,65535,255,3790,9784,0,0,0
738298,65535,255,5393,9423,0,0,0
738299,65535,255,6475,9067,0,0,0
738300,65535,255,-32768,-32768,0,65535,0
738301,1036,0,545,10231,1,0,1
738302,705,0,3097,9778,1,0,1
738303,474,0,4929,9504,1,0,1
738304,892,0,6157,9177,1,0,1
738305,65535,255,7013,8838,0,0,1
738306,65535,255,-32768,-32768,0,65535,1
738307,582,0,2306,9973,1,0,1
738308,511,0,4392,9601,1,0,0
738309,569,0,5794,9311,1,0,1
738310,65535,255,6756,8936,0,0,0
738311,65535,255,-32768,-32768,0,0,1
738312,65535,255,-32768,-32768,0,65535,0
738313,601,2,3778,9731,1,0,1
738314,65535,255,5386,9391,0,0,0
738315,0,0,0,0,0,0,0
738316,0,0,0,0,0,0,0
738317,65535,255,-32768,-32768,0,65535,1
738318,65535,255,-32768,-32768,0,65535,1
738319,890,0,4920,9484,1,0,1
738320,779,0,6151,9159,1,0,1
738321,0,0,0,0,0,0,0
738322,65535,255,-32768,-32768,0,65535,0
738323,65535,255,-32768,-32768,0,65535,0
738324,720,0,4379,9623,1,0,1
738325,145,0,5787,9317,1,0,0
738326,65535,255,6749,8939,0,0,1
738327,0,0,0,0,0,0,0
738328,65535,255,-32768,-32768,0,65535,0
738329,810,1,3766,9686,1,0,1
738330,509,0,5375,9436,1,0,1
738331,65535,255,6462,9072,0,0,0
738332,0,0,0,0,0,0,0
738333,65535,255,-32768,-32768,0,65535,1
738334,65535,255,-32768,-32768,0,65535,1
738335,65535,255,4905,9487,0,0,0
738336,377,0,6143,9166,1,0,0
738337,0,0,0,0,0,0,0
738338,65535,255,-32768,-32768,0,65535,1
738339,65535,255,-32768,-32768,0,65535,0
738340,0,0,0,0,0,0,0
738341,65535,255,5780,9276,0,0,0
738342,65535,255,6743,8958,0,0,1
738343,65535,255,-32768,-32768,0,65535,1
738344,65535,255,-32768,-32768,0,65535,1
738345,488,0,3749,9760,1,0,1
738346,779,0,5366,9405,1,0,1
738347,790,0,6457,9053,1,0,1
738348,65535,255,-32768,-32768,0,65535,1
738349,65535,255,-32768,-32768,0,65535,1
738350,501,0,3046,9896,1,0,0
738351,716,0,4896,9503,1,0,1
738352,65535,255,6136,9160,0,0,0
738353,65535,255,6997,8855,0,0,1
738354,65535,255,452,-7449,0,0,0
738355,669,0,2254,9892,1,0,1
738356,65535,255,4354,9666,0,0,0
738357,434,0,5773,9286,1,0,1
738358,65535,255,6739,8968,0,0,1
738359,482,0,1360,-7622,1,0,0
738360,471,0,1385,10219,1,0,0
738361,65535,255,3738,9800,0,0,0
738362,65535,255,5359,9431,0,0,0
738363,65535,255,6452,9075,0,0,0
738364,65535,255,2209,-7391,0,0,0
738365,65535,255,471,10521,0,0,0
738366,712,0,3032,9825,3,0,1
738367,767,0,4887,9529,1,0,1
738368,65535,255,6130,9200,0,0,0
738369,65535,255,2980,-7287,0,0,0
738370,65535,255,464,-7239,0,0,0
738371,65535,255,2242,9901,0,0,0
738372,0,0,0,0,0,0,0
738373,65535,255,5765,9284,0,0,0
738374,561,0,3663,-7197,1,0,1
738375,436,0,1371,-7644,1,0,1
738376,65535,255,1378,9995,0,0,0
738377,512,0,3730,9698,1,0,1
738378,543,0,5354,9406,1,0,1
738379,689,0,4261,-7129,1,0,1
738380,535,0,2224,-7461,1,0,1
738381,65535,255,460,9809,0,0,0
738382,908,0,3022,9889,1,0,1
738383,595,0,4881,9486,1,0,1
738384,65535,255,4778,-6984,0,0,0
738385,464,0,2989,-7361,1,0,1
738386,292,0,475,-7947,1,0,1
738387,65535,255,2233,9996,0,0,0
738388,817,0,4339,9623,1,0,1
738389,388,0,5229,-6871,1,0,0
738390,515,0,3670,-7256,1,0,1
738391,574,0,1383,-7569,1,0,1
738392,953,0,1362,10199,1,0,1
738393,529,0,3721,9705,1,0,1
738394,1023,0,5348,9444,1,0,1
738395,880,0,4265,-7128,1,0,1
738396,65535,255,2229,-7475,0,0,0
738397,636,0,448,9947,1,0,1
738398,643,0,3013,9921,1,0,1
738399,65535,255,4876,9504,0,0,0
738400,65535,255,4782,-7006,0,0,0
738401,634,0,2998,-7410,1,0,1
738402,398,0,482,-7186,1,0,0
738403,503,0,2228,9867,1,0,1
738404,490,2,4336,9671,1,0,1
738405,65535,255,5235,-6905,0,0,0
738406,65535,255,3674,-7235,0,0,0
738407,317,0,1383,-7424,1,0,1
738408,65535,255,1361,10078,0,0,0
738409,65535,255,3718,9772,0,0,0
738410,65535,255,5345,9425,0,0,0
738411,1381,0,4268,-7107,1,0,1
738412,336,0,2230,-7446,1,0,1
738413,472,0,448,9873,1,0,1
738414,65535,255,3013,9910,0,0,0
738415,65535,255,4876,9504,0,0,0
738416,454,2,4785,-7016,1,0,1
738417,65535,255,2994,-7274,0,0,0
738418,349,0,480,-7461,1,0,1
738419,633,0,2223,9940,1,0,0
738420,65535,255,4336,9604,0,0,0
738421,65535,255,5232,-6864,0,0,0
738422,668,0,3671,-7171,1,0,1
738423,545,0,1388,-7641,1,0,1
738424,65535,255,1363,9929,0,0,0
738425,65535,255,3719,9733,0,0,0
738426,65535,255,5346,9410,0,0,0
738427,711,0,4265,-7093,1,0,1
738428,65535,255,2229,-7416,0,0,0
738429,975,0,448,9802,1,0,1
738430,574,0,3013,9922,1,0,1
738431,65535,255,4876,9515,0,0,0
738432,65535,255,4782,-7034,0,0,0
738433,65535,255,2993,-7316,0,0,0
738434,65535,255,480,-7801,0,0,0
738435,65535,255,2228,10027,0,0,0
738436,679,2,4337,9651,1,0,1
738437,65535,255,5229,-6905,0,0,0
738438,65535,255,3666,-7251,0,0,0
738439,65535,255,1377,-7521,0,0,0
738440,577,0,1368,10223,1,0,1
738441,65535,255,3723,9716,0,0,0
738442,695,0,5349,9405,1,0,1
738443,423,0,4258,-7101,1,0,0
738444,569,0,2225,-7503,1,0,1
738445,589,0,448,10617,1,0,1
738446,732,0,3014,9912,1,0,1
738447,576,0,4873,9539,1,0,1
738448,65535,255,4782,-6987,0,0,0
738449,650,0,2998,-7284,1,0,1
738450,65535,255,492,-7934,0,0,0
738451,562,0,2218,9884,1,0,1
738452,65535,255,4328,9621,0,0,0
738453,65535,255,5236,-6902,0,0,0
738454,65535,255,3683,-7280,0,0,0
738455,1236,0,1407,-7710,1,0,1
738456,65535,255,1339,10183,0,0,0
738457,448,0,3702,9737,1,0,1
738458,867,0,5332,9440,3,0,1
738459,65535,255,4280,-7069,0,0,0
738460,65535,255,2257,-7455,0,0,0
738461,65535,255,412,10499,0,0,0
738462,707,0,2984,9908,1,0,1
738463,65535,255,4854,9544,0,0,0
738464,65535,255,4802,-7005,0,0,0
738465,380,0,3023,-7322,1,0,1
738466,694,0,523,-7225,1,0,1
738467,563,0,2185,9991,1,0,1
738468,1101,2,4306,9672,1,0,1
738469,1202,0,5253,-6872,1,0,1
738470,65535,255,3708,-7251,0,0,0
738471,65535,255,1434,-7658,0,0,0
738472,65535,255,1310,10137,0,0,0
738473,65535,255,3678,9741,0,0,0
738474,65535,255,5320,9448,0,0,0
738475,65535,255,4298,-7086,0,0,0
738476,65535,255,2284,-7508,0,0,0
738477,65535,255,390,9672,0,0,0
738478,711,0,2965,9816,1,0,1
738479,65535,255,4833,9533,0,0,0
738480,65535,255,4823,-7028,0,0,0
738481,65535,255,3056,-7363,0,0,0
738482,65535,255,558,-8085,0,0,0
738483,65535,255,2158,10021,0,0,0
738484,65535,255,4292,9616,0,0,0
738485,65535,255,5266,-6860,0,0,0
738486,65535,255,3724,-7262,0,0,0
738487,65535,255,1451,-7453,0,0,0
738488,65535,255,1299,10058,0,0,0
738489,670,0,3673,9737,1,0,1
738490,65535,255,5318,9395,0,0,0
738491,681,0,4306,-7163,1,0,1
738492,65535,255,2283,-7514,0,0,0
738493,916,0,389,10003,1,0,1
738494,605,0,2970,9916,1,0,1
738495,65535,255,4848,9491,0,0,0
738496,1282,0,4811,-6992,1,0,1
738497,65535,255,3037,-7367,0,0,0
738498,65535,255,533,-7857,0,0,0
738499,65535,255,2185,9987,0,0,0
738500,65535,255,4309,9614,0,0,0
738501,938,0,5252,-6864,1,0,1
738502,539,0,3703,-7282,1,0,1
738503,590,0,1423,-7524,1,0,1
738504,388,0,1327,10156,1,0,1
738505,969,0,3693,9782,1,0,1
738506,416,0,5334,9431,3,0,1
738507,65535,255,4284,-7114,0,0,0
738508,65535,255,2257,-7418,0,0,0
738509,65535,255,425,9633,0,0,0
738510,397,0,2998,9870,1,0,1
738511,65535,255,4865,9560,0,0,0
738512,364,0,4792,-6984,1,0,1
738513,65535,255,3009,-7360,0,0,0
738514,65535,255,498,-7871,0,0,0
738515,65535,255,2216,10013,0,0,0
738516,484,0,4332,9629,1,0,1
738517,65535,255,5236,-6882,0,0,0
738518,65535,255,3675,-7190,0,0,0
738519,65535,255,1389,-7670,0,0,0
738520,65535,255,1367,9954,0,0,0
738521,65535,255,3721,9730,0,0,0
