sdate,line_t,line_tmq,line_tvza,line_tvaa,line_tm2,line_QFDNB,line_tm_buf
735235,41,0,4473,9780,1,0,1
735236,52,0,6271,9783,1,0,1
735237,65535,255,5750,-8004,0,0,0
735238,46,0,3563,-8069,1,0,1
735239,33,0,50,5185,1,0,1
735240,26,0,3614,9794,1,0,1
735241,33,0,5783,9801,1,0,1
735242,67,0,6239,-7996,1,0,1
735243,43,0,4428,-8008,1,0,1
735244,65535,255,1282,-8122,0,0,0
735245,42,0,2578,9848,1,0,1
735246,37,0,5200,9833,1,0,1
735247,65535,255,6654,-7993,0,0,1
735248,54,0,5145,-8056,1,0,1
735249,37,0,2488,-8033,1,0,1
735250,34,0,1377,9883,1,0,1
735251,65535,255,4490,9837,0,0,0
735252,45,0,6279,9793,1,0,1
735253,61,0,5741,-8038,1,0,1
735254,36,0,3550,-8010,1,0,1
735255,32,0,35,11489,1,0,1
735256,35,0,3610,9853,1,0,1
735257,65535,255,5780,9823,0,0,0
735258,55,0,6242,-7986,1,0,1
735259,65535,255,4439,-8040,0,0,0
735260,65535,255,1305,-8250,0,0,0
735261,0,0,0,0,0,0,0
735262,63,0,5182,9788,1,0,1
735263,65535,255,6665,-7976,0,0,1
735264,46,0,5167,-8065,1,0,1
735265,41,0,2532,-8046,1,0,1
735266,31,0,1321,9682,1,0,1
735267,43,0,4457,9793,1,0,1
735268,51,0,6258,9799,1,0,1
735269,64,0,5763,-8020,1,0,1
735270,43,0,3593,-8110,1,0,1
735271,43,0,18,-7544,1,0,1
735272,65535,255,3567,9845,0,0,0
735273,0,0,0,0,0,0,0
735274,65535,255,6258,-7993,0,0,0
735275,65535,255,4470,-8058,0,0,0
735276,65535,255,1355,-7947,0,0,0
735277,65535,255,2510,9773,0,0,0
735278,65535,255,5155,9803,0,0,0
735279,65535,255,6666,9801,0,0,0
735280,36,0,5188,-8028,1,0,1
735281,65535,255,2578,-8157,0,0,0
735282,65535,255,1270,9964,0,0,0
735283,27,0,4423,9849,1,0,1
735284,65535,255,6241,9788,0,0,0
735285,48,0,5780,-8011,1,0,1
735286,38,0,3627,-8108,1,0,1
735287,24,0,65,-8460,1,0,0
735288,28,0,3537,9863,1,0,1
735289,65,0,5740,9777,1,0,1
735290,65535,255,6273,-7999,0,0,0
735291,65535,255,4493,-8063,0,0,0
735292,65535,255,1395,-7951,0,0,0
735293,31,0,2470,9746,1,0,0
735294,50,0,5132,9794,1,0,1
735295,65535,255,6653,9792,0,0,1
735296,65535,255,5208,-8008,0,0,0
735297,65535,255,2612,-8095,0,0,0
735298,65535,255,1230,9805,0,0,0
735299,24,0,4396,9826,1,0,1
735300,0,0,0,0,0,0,0
735301,65535,255,5800,-8040,0,0,0
735302,65535,255,3655,-8026,0,0,0
735303,65535,255,115,-9760,0,0,0
735304,65535,255,3499,9890,0,0,0
735305,35,0,5719,9786,1,0,1
735306,58,0,6288,-8012,1,0,1
735307,65535,255,4521,-8049,0,0,0
735308,65535,255,1440,-8118,0,0,0
735309,65535,255,2431,9850,0,0,0
735310,38,0,5110,9841,1,0,1
735311,51,0,6642,9776,1,0,1
735312,52,0,5228,-7996,1,0,0
735313,65535,255,2646,-8082,0,0,0
735314,0,0,0,0,0,0,0
735315,0,0,0,0,0,0,0
735316,0,0,0,0,0,0,0
735317,0,0,0,0,0,0,0
735318,35,0,3682,-8090,1,0,1
735319,65535,255,145,-8040,0,0,0
735320,65535,255,3478,9856,0,0,0
735321,65535,255,5709,9777,0,0,0
735322,0,0,0,0,0,0,0
735323,39,0,4537,-8006,1,0,1
735324,21,0,1469,-8183,1,0,0
735325,65535,255,2406,9916,0,0,0
735326,65,0,5101,9794,1,0,1
735327,65535,255,6634,9803,0,0,0
735328,39,0,5245,-8042,1,0,1
735329,65535,255,2666,-8034,0,0,0
735330,65535,255,1168,9746,0,0,0
735331,65535,255,4362,9840,0,0,0
735332,65535,255,6207,9778,0,0,0
735333,65535,255,5822,-8013,0,0,0
735334,65535,255,3694,-8002,0,0,0
735335,32,0,173,-9404,1,0,1
735336,38,0,3470,9804,1,0,1
735337,65535,255,5701,9826,0,0,0
735338,82,0,6306,-8004,1,0,1
735339,45,0,4547,-8006,1,0,1
735340,23,0,1485,-8226,1,0,0
735341,65535,255,2396,9771,0,0,0
735342,47,2,5095,9831,1,0,0
735343,65535,255,6631,9780,0,0,0
735344,65535,255,5250,-8022,0,0,0
735345,65535,255,2676,-8009,0,0,0
735346,65535,255,1162,9746,0,0,0
735347,65535,255,4358,9853,0,0,0
735348,28,0,6205,9793,1,0,1
735349,25,0,5827,-8038,1,0,1
735350,65535,255,3702,-8065,0,0,0
735351,65535,255,169,-8258,0,0,0
735352,20,0,3465,9874,1,0,1
735353,65535,255,5700,9814,0,0,0
735354,65535,255,6307,-8000,0,0,0
735355,65535,255,4550,-8012,0,0,0
735356,0,0,0,0,0,0,0
735357,27,0,2395,9838,1,0,1
735358,34,0,5097,9785,1,0,1
735359,0,0,0,0,0,0,0
735360,65535,255,5247,-7997,0,0,0
735361,65535,255,2676,-8164,0,0,0
735362,65535,255,1168,9719,0,0,0
735363,62,2,4362,9861,1,0,0
735364,65535,255,6208,9805,0,0,0
735365,65535,255,5822,-8000,0,0,0
735366,65535,255,3694,-8009,0,0,0
735367,65535,255,159,-7222,0,0,0
735368,25,2,3474,9874,1,0,0
735369,25,0,5705,9814,1,0,1
735370,65535,255,6304,-8008,0,0,0
735371,65535,255,4543,-8043,0,0,0
735372,65535,255,1468,-8094,0,0,0
735373,65535,255,2411,9746,0,0,0
735374,65535,255,5103,9842,0,0,0
735375,65535,255,6638,9804,0,0,0
735376,34,0,5236,-8001,1,0,0
735377,65535,255,2656,-8009,0,0,0
735378,69,0,1185,9890,1,0,0
735379,18,0,4379,9808,1,0,1
735380,0,0,0,0,0,0,0
735381,0,0,0,0,0,0,0
735382,0,0,0,0,0,0,0
735383,0,0,0,0,0,0,0
735384,65535,255,3495,9770,0,0,0
735385,65535,255,5717,9801,0,0,0
735386,76,0,6291,-7979,1,0,1
735387,65535,255,4523,-8006,0,0,0
735388,65535,255,1434,-8024,0,0,0
735389,65535,255,2435,9942,0,0,0
735390,65535,255,5118,9846,0,0,0
735391,65535,255,6648,9760,0,0,0
735392,26,0,5219,-8022,1,0,0
735393,20,0,2626,-8081,1,0,1
735394,65535,255,1225,9670,0,0,0
735395,65535,255,4396,9865,0,0,0
735396,65535,255,6228,9767,0,0,0
735397,65535,255,5797,-8039,0,0,0
735398,65535,255,3650,-8115,0,0,0
735399,65535,255,89,-6888,0,0,0
735400,65535,255,3525,9787,0,0,0
735401,60,0,5733,9787,1,0,1
735402,65535,255,6276,-7998,0,0,0
735403,44,0,4497,-8050,1,0,1
735404,57,0,1395,-8214,1,0,1
735405,33,0,2475,9851,1,0,1
735406,57,0,5141,9820,1,0,1
735407,65535,255,6660,9796,0,0,1
735408,171,2,5196,-8012,1,0,1
735409,0,2,2582,-8070,1,0,1
735410,65535,255,1270,9678,0,0,0
735411,65,0,4427,9782,1,0,0
735412,56,0,6244,9778,1,0,1
735413,84,2,5773,-7993,1,0,0
735414,65535,255,3610,-8042,0,0,0
735415,65535,255,50,-11449,0,0,0
735416,32,0,3559,9864,1,0,1
735417,65535,255,5752,9829,0,0,0
735418,65535,255,6258,-7988,0,0,0
735419,65535,255,4463,-8032,0,0,0
735420,65535,255,1344,-8194,0,0,0
735421,65535,255,2519,9863,0,0,0
735422,80,0,5167,9830,1,0,1
735423,65535,255,6668,-7985,0,0,0
735424,65535,255,5168,-8033,0,0,0
735425,65535,255,2538,-8146,0,0,0
735426,59,2,1321,9886,1,0,1
735427,65535,255,4460,9839,0,0,0
735428,65535,255,6262,9799,0,0,0
735429,65535,255,5752,-8041,0,0,0
735430,65535,255,3568,-8017,0,0,0
735431,65535,255,31,14270,0,0,0
735432,65535,255,3601,9821,0,0,0
735433,48,0,5774,9803,1,0,1
735434,65535,255,6243,-8015,0,0,0
735435,65535,255,4443,-8076,0,0,0
735436,65535,255,1310,-7968,0,0,0
735437,65535,255,2544,9926,0,0,0
735438,65535,255,5178,9774,0,0,0
735439,65535,255,6665,-7995,0,0,0
735440,65535,255,5168,-8049,0,0,0
735441,65535,255,2538,-8163,0,0,0
735442,45,0,1315,9911,1,0,1
735443,65535,255,4453,9839,0,0,0
735444,65535,255,6256,9815,0,0,0
735445,65535,255,5764,-8032,0,0,0
735446,65535,255,3597,-8127,0,0,0
735447,41,0,18,-7575,1,0,1
735448,34,0,3571,9830,1,0,1
735449,65535,255,5757,9812,0,0,0
735450,65535,255,6258,-7972,0,0,0
735451,65535,255,4469,-8006,0,0,0
735452,65535,255,1355,-8119,0,0,0
735453,65535,255,2509,9826,0,0,0
735454,65535,255,5157,9820,0,0,0
735455,65535,255,6669,9783,0,0,0
735456,44,0,5188,-8027,1,0,1
735457,27,0,2572,-8131,1,0,1
735458,65535,255,1281,9861,0,0,0
735459,65535,255,4429,9839,0,0,0
735460,52,0,6245,9795,1,0,1
735461,65535,255,5779,-8034,0,0,0
735462,65535,255,3619,-8025,0,0,0
735463,65535,255,65,-10605,0,0,0
735464,65535,255,3546,9882,0,0,0
735465,22,0,5747,9782,1,0,1
735466,55,0,6271,-8006,1,0,1
735467,65535,255,4490,-8075,0,0,0
735468,65535,255,1384,-8022,0,0,0
735469,24,0,2485,9800,1,0,1
735470,79,0,5143,9815,1,0,0
735471,65535,255,6661,9766,0,0,1
735472,65535,255,5204,-8037,0,0,0
735473,47,0,2597,-7984,1,0,1
735474,34,0,1247,10022,1,0,1
735475,41,0,4416,9783,1,0,0
735476,65535,255,6237,9794,0,0,0
735477,65535,255,5791,-8022,0,0,0
735478,65535,255,3641,-8102,0,0,0
735479,65535,255,84,-9200,0,0,0
735480,29,0,3528,9882,1,0,1
735481,65535,255,5737,9787,0,0,0
735482,101,2,6279,-8017,1,0,1
735483,65535,255,4500,-8006,0,0,0
735484,65535,255,1406,-8165,0,0,0
735485,65535,255,2465,9890,0,0,0
735486,65535,255,5137,9780,0,0,0
735487,65535,255,6656,9790,0,0,0
735488,65535,255,5210,-8022,0,0,0
735489,65535,255,2612,-8155,0,0,0
735490,65535,255,1236,9997,0,0,0
735491,65535,255,4406,9783,0,0,0
735492,65535,255,6231,9801,0,0,0
735493,65535,255,5796,-8034,0,0,0
735494,23,0,3646,-8034,1,0,1
735495,65535,255,97,-5544,0,0,0
735496,65535,255,3520,9814,0,0,0
735497,65535,255,5730,9826,0,0,0
735498,139,2,6283,-7997,1,0,0
735499,153,2,4510,-8080,1,0,1
735500,65535,255,1411,-8118,0,0,0
735501,65535,255,2455,9890,0,0,0
735502,65535,255,5132,9790,0,0,0
735503,65535,255,6653,9801,0,0,1
735504,76,0,5213,-8042,1,0,1
735505,65535,255,2617,-8045,0,0,0
735506,53,0,1236,9780,1,0,1
735507,52,0,4402,9847,1,0,0
735508,65535,255,6231,9786,0,0,0
735509,65535,255,5796,-8026,0,0,0
735510,65535,255,3647,-8025,0,0,0
735511,65535,255,100,-5984,0,0,0
735512,65535,255,3521,9832,0,0,0
735513,65535,255,5730,9775,0,0,0
735514,65535,255,6280,-8003,0,0,0
735515,46,0,4503,-8030,1,0,1
735516,65535,255,1406,-7975,0,0,0
735517,82,2,2460,9826,1,0,1
735518,32,0,5133,9820,1,0,1
735519,65535,255,6654,9797,0,0,0
735520,75,2,5208,-8047,1,0,1
735521,65535,255,2607,-8069,0,0,0
735522,21,0,1242,9916,1,0,0
735523,88,2,4410,9790,1,0,0
735524,100,2,6232,9817,1,0,1
735525,65535,255,5787,-8004,0,0,0
735526,194,2,3634,-8009,1,0,1
735527,65535,255,84,-5547,0,0,0
735528,65535,255,3529,9849,0,0,1
735529,65535,255,5738,9792,0,0,0
735530,65535,255,6272,-7986,0,0,0
735531,65535,255,4494,-8087,0,0,0
735532,42,0,1390,-8237,1,0,0
735533,65535,255,2480,9813,0,0,0
735534,66,0,5144,9775,1,0,1
735535,65535,255,6660,9784,0,0,0
735536,65535,255,5194,-8001,0,0,0
735537,65535,255,2582,-7982,0,0,0
735538,65535,255,1270,9784,0,0,0
735539,65535,255,4426,9792,0,0,0
735540,41,0,6242,9793,1,0,1
735541,65535,255,5775,-8017,0,0,0
735542,65535,255,3610,-8049,0,0,0
735543,65535,255,43,-9443,0,0,0
735544,65535,255,3555,9806,0,0,0
735545,63,0,5752,9783,1,0,1
735546,103,0,6258,-7986,1,0,1
735547,65535,255,4467,-8011,0,0,0
735548,52,0,1344,-8020,1,0,1
735549,27,0,2515,9928,1,0,0
735550,40,0,5164,9837,1,0,1
735551,65535,255,6669,-7980,0,0,0
735552,72,0,5171,-8011,1,0,1
735553,65535,255,2543,-8056,0,0,0
735554,12,2,1315,10015,1,0,0
735555,36,0,4454,9853,1,0,0
735556,65535,255,6261,9817,0,0,0
735557,85,0,5754,-8031,1,0,1
735558,12,2,3576,-8049,1,0,1
735559,65535,255,7,13592,0,0,0
735560,65535,255,3585,9798,0,0,0
735561,65535,255,5767,9775,0,0,0
735562,65535,255,6250,-7975,0,0,0
735563,65535,255,4459,-8087,0,0,0
735564,65535,255,1333,-7893,0,0,0
735565,65535,255,2524,9864,0,0,0
735566,50,0,5166,9806,1,0,1
735567,65535,255,6672,-7954,0,0,0
735568,31,0,5179,-8047,1,0,1
735569,35,0,2562,-8130,1,0,0
735570,26,0,1292,9734,1,0,1
735571,32,0,4439,9794,1,0,1
735572,65535,255,6250,9768,0,0,0
735573,65535,255,5772,-8030,0,0,0
735574,65535,255,3614,-8099,0,0,0
735575,20,0,55,-3971,1,0,1
735576,30,2,3550,9892,1,0,0
735577,65535,255,5747,9836,0,0,0
735578,65535,255,6265,-7978,0,0,0
735579,65535,255,4483,-8011,0,0,0
735580,32,0,1372,-8069,1,0,0
735581,26,0,2490,9776,1,0,1
735582,65535,255,5149,9791,0,0,1
735583,65535,255,6664,9781,0,0,0
735584,43,0,5199,-8061,1,0,0
735585,65535,255,2587,-8006,0,0,0
735586,65535,255,1259,9969,0,0,0
735587,46,0,4420,9854,1,0,1
735588,55,0,6240,9785,1,0,0
735589,71,0,5784,-7997,1,0,1
735590,48,0,3630,-8016,1,0,1
735591,48,0,72,-9380,1,0,1
735592,46,0,3537,9866,1,0,1
735593,54,0,5739,9832,1,0,1
735594,75,0,6275,-7989,1,0,1
735595,65535,255,4496,-8048,0,0,0
735596,32,0,1392,-8057,1,0,1
735597,62,0,2475,9917,1,0,1
735598,65535,255,5144,9781,0,0,0
735599,65535,255,6660,9785,0,0,0
735600,65535,255,5204,-7999,0,0,0
735601,65535,255,2601,-8079,0,0,0
735602,65535,255,1253,9757,0,0,0
735603,43,0,4416,9823,1,0,1
735604,38,0,6237,9815,1,0,1
735605,65535,255,5787,-8011,0,0,0
735606,50,0,3634,-8032,1,0,1
735607,58,0,85,-4881,1,0,1
735608,50,0,3537,9790,1,0,1
735609,65535,255,5739,9806,0,0,0
735610,65535,255,6275,-7973,0,0,0
735611,55,0,4496,-8035,1,0,1
735612,65535,255,1389,-7925,0,0,0
735613,36,0,2480,9763,1,0,1
735614,88,0,5143,9812,1,0,1
735615,65535,255,6661,9775,0,0,1
735616,111,0,5201,-8050,1,0,1
735617,65535,255,2592,-8043,0,0,0
735618,65535,255,1258,9758,0,0,0
735619,54,0,4420,9835,1,0,1
735620,62,0,6242,9773,1,0,0
735621,66,0,5784,-7999,1,0,0
735622,65535,255,3630,-8048,0,0,0
735623,46,0,81,-10994,1,0,1
735624,50,0,3537,9893,1,0,1
735625,65535,255,5742,9776,0,0,0
735626,59,0,6274,-7996,1,0,1
735627,37,0,4493,-8054,1,0,1
735628,27,0,1384,-7923,1,0,1
735629,36,0,2475,9930,1,0,1
735630,65535,255,5143,9782,0,0,0
735631,65535,255,6660,9782,0,0,0
735632,65535,255,5199,-7994,0,0,0
735633,42,0,2592,-8055,1,0,1
735634,65535,255,1259,9705,0,0,0
735635,48,0,4416,9836,1,0,1
735636,48,0,6237,9788,1,0,1
735637,70,0,5784,-7986,1,0,1
735638,55,2,3631,-8048,1,0,0
735639,65535,255,77,-4799,0,0,0
735640,65535,255,3538,9790,0,0,0
735641,65535,255,5740,9806,0,0,0
735642,78,0,6270,-7977,1,0,1
735643,60,0,4490,-8035,1,0,1
735644,54,0,1384,-7899,1,0,1
735645,65535,255,2485,9751,0,0,0
735646,65535,255,5143,9808,0,0,0
735647,65535,255,6660,9806,0,0,0
735648,65535,255,5197,-8045,0,0,0
735649,53,0,2582,-8030,1,0,1
735650,43,0,1270,9733,1,0,1
735651,61,0,4423,9829,1,0,1
735652,54,0,6242,9769,1,0,1
735653,92,0,5778,-8003,1,0,1
735654,62,0,3619,-8106,1,0,0
735655,65535,255,55,-9751,0,0,0
735656,65535,255,3549,9856,0,0,0
735657,65535,255,5748,9807,0,0,0
735658,65535,255,6263,-7989,0,0,0
735659,65535,255,4476,-8079,0,0,0
735660,65535,255,1361,-8140,0,0,0
735661,65535,255,2505,9930,0,0,0
735662,54,2,5158,9813,1,0,0
735663,65535,255,6670,9773,0,0,0
735664,76,0,5176,-8015,1,0,1
735665,65535,255,2553,-8005,0,0,0
735666,30,0,1304,9786,1,0,1
735667,0,0,0,0,0,0,0
735668,65535,255,6254,9807,0,0,0
735669,65535,255,5759,-7995,0,0,0
735670,65535,255,3582,-8050,0,0,0
735671,23,0,7,-11365,1,0,1
735672,65535,255,3576,9858,0,0,0
735673,65535,255,5758,9810,0,0,0
735674,65535,255,6257,-7996,0,0,0
735675,65535,255,4466,-8066,0,0,0
735676,65535,255,1350,-8017,0,0,0
735677,65535,255,2505,9815,0,0,0
735678,65535,255,5152,9828,0,0,0
735679,65535,255,6665,9770,0,0,0
735680,88,0,5193,-8060,1,0,1
735681,65535,255,2582,-8066,0,0,0
735682,65535,255,1264,9811,0,0,0
735683,65535,255,4416,9849,0,0,0
735684,65535,255,6238,9785,0,0,0
735685,65535,255,5787,-8015,0,0,0
735686,65535,255,3635,-8007,0,0,0
735687,65535,255,95,-9091,0,0,0
735688,44,0,3525,9808,1,0,1
735689,69,0,5731,9829,1,0,1
735690,0,0,0,0,0,0,0
735691,41,0,4507,-8009,1,0,1
735692,65535,255,1413,-7963,0,0,0
735693,35,2,2450,9803,1,0,0
735694,46,0,5121,9845,1,0,1
735695,63,0,6647,9793,1,0,1
735696,99,0,5222,-8044,1,0,1
735697,65535,255,2631,-8078,0,0,0
735698,65535,255,1208,9947,0,0,0
735699,33,0,4386,9805,1,0,1
735700,65535,255,6220,9770,0,0,0
735701,65535,255,5808,-8018,0,0,0
735702,46,0,3670,-8038,1,0,1
735703,0,0,0,0,0,0,0
735704,0,2,3489,9801,1,0,1
735705,81,0,5713,9830,1,0,1
735706,66,0,6295,-7983,1,0,1
735707,44,0,4533,-8052,1,0,1
735708,0,0,0,0,0,0,0
735709,29,0,2421,9776,1,0,1
735710,0,0,0,0,0,0,0
735711,65535,255,6638,9773,0,0,0
735712,65535,255,5236,-8013,0,0,0
735713,65535,255,2661,-8042,0,0,0
735714,65535,255,1180,9978,0,0,0
735715,39,2,4369,9837,1,0,1
735716,0,0,0,0,0,0,0
735717,65535,255,5818,-8005,0,0,1
735718,65535,255,3690,-8046,0,0,0
735719,65535,255,152,-8700,0,0,0
735720,65535,255,3478,9834,0,0,0
735721,65535,255,5705,9804,0,0,0
735722,65535,255,6302,-8008,0,0,0
735723,65535,255,4544,-8058,0,0,0
735724,0,0,0,0,0,0,0
735725,65535,255,2406,9868,0,0,0
735726,65535,255,5100,9824,0,0,0
735727,65535,255,6635,9800,0,0,0
735728,0,0,0,0,0,0,0
735729,65535,255,2666,-8066,0,0,0
735730,10,2,1175,9637,1,0,1
735731,65535,255,4365,9869,0,0,0
735732,65535,255,6211,9778,0,0,0
735733,0,0,0,0,0,0,0
735734,23,0,3690,-8030,1,0,1
735735,65535,255,159,-8890,0,0,0
735736,13,2,3474,9861,1,0,1
735737,65535,255,5705,9826,0,0,0
735738,65535,255,6300,-7983,0,0,0
735739,65535,255,4540,-8027,0,0,0
735740,65535,255,1468,-8179,0,0,0
735741,65535,255,2411,9869,0,0,0
735742,72,0,5103,9835,1,0,0
735743,65535,255,6637,9767,0,0,0
735744,95,0,5239,-8043,1,0,1
735745,65535,255,2657,-7982,0,0,0
735746,0,0,0,0,0,0,0
735747,0,0,0,0,0,0,0
735748,65535,255,6213,9778,0,0,0
735749,65535,255,5813,-7997,0,0,0
735750,28,0,3682,-8062,1,0,1
735751,65535,255,144,-6649,0,0,0
735752,65535,255,3487,9791,0,0,0
735753,79,0,5711,9799,1,0,1
735754,65535,255,6293,-7968,0,0,0
735755,0,0,0,0,0,0,0
735756,65535,255,1451,-8160,0,0,0
735757,65535,255,2426,9868,0,0,0
735758,65535,255,5110,9845,0,0,0
735759,65535,255,6642,9777,0,0,0
735760,65535,255,5227,-7992,0,0,0
735761,65535,255,2641,-8066,0,0,0
735762,20,0,1202,9754,1,0,0
735763,145,0,4386,9825,1,0,1
735764,65535,255,6218,9816,0,0,0
735765,56,0,5801,-7984,1,0,1
735766,65535,255,3662,-8046,0,0,0
735767,65535,255,116,-6298,0,0,0
735768,65535,255,3504,9800,0,0,0
735769,65535,255,5721,9817,0,0,0
735770,65535,255,6284,-7983,0,0,0
735771,81,0,4514,-8052,1,0,0
735772,65535,255,1418,-7973,0,0,0
735773,65535,255,2451,9790,0,0,0
735774,77,0,5127,9819,1,0,1
735775,65535,255,6651,9767,0,0,0
735776,65535,255,5213,-8059,0,0,0
735777,65535,255,2612,-8054,0,0,0
735778,65535,255,1236,9784,0,0,0
735779,65535,255,4406,9837,0,0,0
735780,65535,255,6232,9771,0,0,0
735781,65535,255,5790,-8001,0,0,0
735782,65535,255,3638,-8070,0,0,0
735783,65535,255,92,-9824,0,0,0
735784,65535,255,3525,9834,0,0,0
735785,65535,255,5731,9795,0,0,0
735786,123,2,6277,-7995,1,0,0
735787,65535,255,4500,-8028,0,0,0
735788,65535,255,1406,-8068,0,0,0
735789,58,0,2466,9751,1,0,0
735790,30,0,5130,9850,1,0,0
735791,65535,255,6653,9785,0,0,0
735792,65535,255,5208,-8013,0,0,0
735793,65535,255,2612,-8053,0,0,0
735794,65535,255,1231,10000,0,0,0
735795,65535,255,4403,9844,0,0,0
735796,79,0,6228,9809,1,0,1
735797,65535,255,5792,-8014,0,0,0
735798,65535,255,3647,-8063,0,0,0
735799,65535,255,99,-10062,0,0,0
735800,65535,255,3516,9851,0,0,0
735801,65535,255,5728,9812,0,0,0
735802,79,0,6279,-7989,1,0,1
735803,65535,255,4507,-8071,0,0,0
735804,65535,255,1406,-7900,0,0,0
735805,65535,255,2455,9880,0,0,0
735806,65535,255,5129,9824,0,0,0
735807,65535,255,6652,9800,0,0,1
735808,65535,255,5211,-8003,0,0,0
735809,65535,255,2611,-8041,0,0,0
735810,65535,255,1230,10001,0,0,0
735811,65535,255,4402,9783,0,0,0
735812,65535,255,6232,9776,0,0,0
735813,65535,255,5785,-7991,0,0,0
735814,65535,255,3623,-8032,0,0,0
735815,61,0,57,-10320,1,0,0
735816,65535,255,3559,9857,0,0,0
735817,65535,255,5757,9823,0,0,0
735818,65535,255,6254,-7982,0,0,0
735819,65535,255,4452,-8024,0,0,0
735820,65535,255,1321,-8017,0,0,0
735821,65535,255,2534,9902,0,0,0
735822,0,2,5175,9822,1,0,1
735823,65535,255,6668,-7957,0,0,0
735824,65535,255,5173,-8046,0,0,0
735825,48,0,2547,-8118,1,0,1
735826,20,0,1310,9685,1,0,1
735827,30,0,4447,9854,1,0,1
735828,65535,255,6254,9806,0,0,0
735829,65535,255,5767,-8004,0,0,0
735830,41,0,3597,-8032,1,0,0
735831,65535,255,30,-7816,0,0,0
735832,65535,255,3568,9789,0,0,0
735833,50,0,5757,9776,1,0,1
735834,65535,255,6261,-7978,0,0,0
735835,65535,255,4474,-8063,0,0,0
735836,65535,255,1361,-7945,0,0,0
735837,65535,255,2500,9891,0,0,0
735838,52,2,5154,9822,1,0,0
735839,65535,255,6667,9791,0,0,1
735840,65535,255,5193,-8061,0,0,0
735841,16,2,2580,-8126,1,0,1
735842,65535,255,1275,9837,0,0,0
735843,65535,255,4430,9803,0,0,0
735844,65535,255,6245,9784,0,0,0
735845,65535,255,5781,-7986,0,0,1
735846,44,0,3622,-8007,1,0,1
735847,65535,255,60,-6830,0,0,0
735848,65535,255,3546,9790,0,0,0
735849,65535,255,5745,9785,0,0,0
735850,65535,255,6273,-7992,0,0,0
735851,65535,255,4492,-8029,0,0,0
735852,65535,255,1389,-8141,0,0,0
735853,48,0,2479,9837,1,0,0
735854,29,0,5143,9784,1,0,1
735855,65535,255,6661,9778,0,0,0
735856,65535,255,5204,-8068,0,0,0
735857,49,0,2601,-8132,1,0,1
735858,65535,255,1260,9649,0,0,0
735859,63,0,4416,9832,1,0,0
735860,65535,255,6239,9789,0,0,0
735861,65535,255,5788,-8023,0,0,0
735862,65535,255,3634,-8091,0,0,1
735863,65535,255,75,-10243,0,0,0
735864,65535,255,3537,9821,0,0,0
735865,46,0,5742,9782,1,0,1
735866,65535,255,6273,-7980,0,0,0
735867,65535,255,4493,-8088,0,0,0
735868,65535,255,1390,-8263,0,0,0
735869,65535,255,2480,9889,0,0,0
735870,65535,255,5146,9815,0,0,0
735871,65535,255,6662,9783,0,0,0
735872,65535,255,5199,-8033,0,0,0
735873,65535,255,2596,-8095,0,0,0
735874,52,0,1254,9675,1,0,1
735875,63,0,4413,9865,1,0,1
735876,50,0,6235,9787,1,0,0
735877,65535,255,5791,-8027,0,0,0
735878,88,0,3646,-8091,1,0,0
735879,18,2,100,-5980,1,0,1
735880,65535,255,3516,9899,0,0,0
735881,65535,255,5728,9774,0,0,0
735882,65535,255,6285,-7998,0,0,1
735883,65535,255,4517,-8044,0,0,0
735884,65535,255,1429,-8212,0,0,0
735885,65535,255,2440,9864,0,0,0
735886,65535,255,5118,9826,0,0,0
735887,65535,255,6644,9800,0,0,0
735888,65535,255,5224,-8052,0,0,0
735889,65535,255,2631,-8025,0,0,0
735890,65535,255,1213,9966,0,0,0
735891,65535,255,4396,9848,0,0,0
735892,65535,255,6227,9767,0,0,0
735893,65535,255,5797,-8040,0,0,0
735894,65535,255,3644,-8038,0,0,0
735895,29,0,82,-8410,1,0,1
735896,65535,255,3529,9835,0,0,0
735897,68,0,5737,9816,1,0,1
735898,65535,255,6271,-7980,0,0,0
735899,66,2,4487,-8023,1,0,1
735900,31,0,1373,-8172,1,0,0
735901,65535,255,2494,9872,0,0,0
735902,65535,255,5155,9841,0,0,0
735903,65535,255,6668,9798,0,0,0
735904,65535,255,5185,-8002,0,0,1
735905,37,0,2568,-8025,1,0,0
735906,77,0,1280,9935,1,0,1
735907,65535,255,4429,9835,0,0,0
735908,65535,255,6245,9804,0,0,0
735909,65535,255,5776,-8014,0,0,0
735910,31,0,3619,-8071,1,0,1
735911,24,0,66,-5510,1,0,1
735912,65535,255,3545,9878,0,0,0
735913,49,0,5746,9769,1,0,1
735914,65535,255,6266,-7984,0,0,0
735915,65535,255,4483,-8029,0,0,0
735916,65535,255,1373,-8176,0,0,0
735917,80,0,2489,9869,1,0,0
735918,55,0,5146,9838,1,0,1
735919,65535,255,6663,9768,0,0,1
735920,110,0,5199,-8061,1,0,0
735921,65535,255,2592,-8029,0,0,0
735922,49,2,1259,9695,1,0,0
735923,65535,255,4417,9806,0,0,0
735924,58,0,6234,9805,1,0,1
735925,64,0,5790,-8039,1,0,1
735926,65535,255,3639,-8033,0,0,0
735927,28,0,95,-5085,1,0,1
735928,35,0,3525,9789,1,0,0
735929,65535,255,5733,9814,0,0,0
735930,65535,255,6280,-7987,0,0,0
735931,65535,255,4506,-8064,0,0,0
735932,65535,255,1411,-8055,0,0,0
735933,27,0,2455,9844,1,0,1
735934,44,0,5130,9772,1,0,1
735935,65535,255,6652,9789,0,0,0
735936,47,0,5216,-8034,1,0,1
735937,29,0,2621,-8028,1,0,1
735938,24,0,1225,9772,1,0,1
735939,29,0,4396,9851,1,0,1
735940,65535,255,6228,9790,0,0,0
735941,62,0,5801,-8038,1,0,1
735942,65535,255,3658,-8057,0,0,0
735943,75,0,105,-7723,1,0,1
735944,40,0,3508,9858,1,0,1
735945,65535,255,5726,9792,0,0,0
735946,65535,255,6287,-7987,0,0,0
735947,65535,255,4517,-8082,0,0,0
735948,65535,255,1429,-8218,0,0,0
735949,52,0,2450,9779,1,0,1
735950,73,0,5123,9820,1,0,0
735951,65535,255,6651,9770,0,0,0
735952,65535,255,5222,-8065,0,0,0
735953,65535,255,2631,-8149,0,0,0
735954,65,0,1225,9718,1,0,0
735955,65535,255,4396,9865,0,0,0
735956,30,2,6228,9784,1,0,0
735957,77,0,5801,-8016,1,0,1
735958,77,0,3654,-8057,1,0,1
735959,47,0,106,-8973,1,0,1
735960,44,0,3516,9823,1,0,1
735961,59,0,5730,9793,1,0,1
735962,97,0,6284,-8001,1,0,1
735963,65,0,4509,-8038,1,0,1
735964,61,0,1411,-8149,1,0,0
735965,65535,255,2460,9792,0,0,0
735966,65535,255,5135,9787,0,0,0
735967,65535,255,6656,9776,0,0,1
735968,56,0,5212,-8049,1,0,1
735969,42,0,2611,-8149,1,0,1
735970,75,0,1247,9801,1,0,1
735971,93,0,4416,9801,1,0,1
735972,55,0,6237,9786,1,0,1
735973,125,2,5789,-8004,1,0,0
735974,86,0,3634,-8049,1,0,1
735975,74,0,75,-10228,1,0,1
735976,69,0,3537,9858,1,0,1
735977,85,0,5744,9822,1,0,1
735978,132,2,6273,-7983,1,0,1
735979,65535,255,4489,-8026,0,0,0
735980,65535,255,1378,-8126,0,0,0
735981,65535,255,2494,9831,0,0,0
735982,67,0,5155,9813,1,0,1
735983,65535,255,6669,9767,0,0,1
735984,96,0,5189,-8024,1,0,1
735985,57,0,2572,-8114,1,0,1
735986,37,0,1286,9803,1,0,1
735987,65535,255,4440,9820,0,0,0
735988,54,2,6253,9805,1,0,1
735989,115,0,5770,-8030,1,0,1
735990,65535,255,3601,-8124,0,0,0
735991,65535,255,19,-9398,0,0,0
735992,44,0,3576,9840,1,0,1
735993,55,0,5764,9822,1,0,1
735994,79,0,6255,-7987,1,0,1
735995,65,0,4455,-8045,1,0,1
735996,65535,255,1327,-8278,0,0,0
735997,65535,255,2539,9918,0,0,0
735998,76,0,5183,9782,1,0,1
735999,65535,255,6664,-7966,0,0,0
736000,116,0,5162,-8061,1,0,1
736001,65535,255,2523,-8014,0,0,0
736002,65535,255,1332,10004,0,0,0
736003,65535,255,4467,9769,0,0,0
736004,72,0,6265,9782,1,0,1
736005,84,0,5758,-8000,1,0,1
736006,65535,255,3584,-8074,0,0,0
736007,0,0,0,0,0,0,0
736008,65535,255,3585,9806,0,0,0
736009,82,0,5766,9809,1,0,1
736010,78,0,6253,-7976,1,0,1
736011,65535,255,4459,-8026,0,0,0
736012,36,0,1338,-8226,1,0,1
736013,34,2,2525,9907,1,0,1
736014,65535,255,5169,9783,0,0,0
736015,65535,255,6671,-7962,0,0,0
736016,0,0,0,0,0,0,0
736017,65535,255,2552,-8126,0,0,0
736018,65535,255,1304,9905,0,0,0
736019,65535,255,4443,9858,0,0,0
736020,65535,255,6254,9782,0,0,0
736021,65535,255,5768,-8017,0,0,0
736022,65535,255,3602,-8124,0,0,0
736023,65535,255,33,-10923,0,0,0
736024,65535,255,3564,9883,0,0,0
736025,80,0,5757,9793,1,0,1
736026,100,0,6260,-7999,1,0,1
736027,65535,255,4469,-8038,0,0,0
736028,35,0,1350,-7929,1,0,0
736029,65535,255,2510,9781,0,0,0
736030,92,0,5158,9824,1,0,1
736031,65535,255,6670,9770,0,0,1
736032,65535,255,5182,-8003,0,0,0
736033,65535,255,2567,-8125,0,0,0
736034,65535,255,1287,9958,0,0,0
736035,62,0,4440,9795,1,0,1
736036,65535,255,6248,9800,0,0,0
736037,65,0,5770,-7991,1,0,1
736038,65535,255,3605,-8090,0,0,0
736039,45,0,37,-9701,1,0,0
736040,65535,255,3564,9764,0,0,0
736041,84,2,5752,9810,1,0,1
736042,65535,255,6262,-7994,0,0,0
736043,68,0,4473,-8094,1,0,1
736044,65535,255,1355,-8199,0,0,0
736045,65535,255,2515,9756,0,0,0
736046,65535,255,5161,9824,0,0,0
736047,65535,255,6671,9780,0,0,1
736048,65535,255,5182,-8029,0,0,0
736049,65535,255,2557,-8026,0,0,0
736050,65535,255,1298,9828,0,0,0
736051,37,0,4444,9776,1,0,1
736052,65535,255,6252,9809,0,0,0
736053,65535,255,5767,-8003,0,0,0
736054,39,0,3599,-8076,1,0,1
736055,107,0,41,-1722,1,0,1
736056,65535,255,3572,9858,0,0,0
736057,65535,255,5760,9798,0,0,0
736058,65535,255,6256,-7997,0,0,0
736059,65535,255,4459,-8019,0,0,0
736060,65535,255,1332,-7975,0,0,0
736061,65535,255,2529,9882,0,0,0
736062,65535,255,5172,9809,0,0,0
736063,65535,255,6668,-7956,0,0,0
736064,65535,255,5170,-8044,0,0,0
736065,65535,255,2537,-8101,0,0,0
736066,0,0,0,0,0,0,0
736067,69,0,4460,9845,1,0,1
736068,65535,255,6264,9805,0,0,0
736069,133,0,5755,-8008,1,0,1
736070,65535,255,3575,-8040,0,0,0
736071,83,0,15,14064,1,0,1
736072,71,0,3601,9807,1,0,0
736073,77,0,5778,9789,1,0,1
736074,65535,255,6243,-7998,0,0,0
736075,65535,255,4438,-8038,0,0,0
736076,65535,255,1292,-8126,0,0,0
736077,65535,255,2569,9795,0,0,0
736078,65535,255,5195,9793,0,0,0
736079,65535,255,6656,-7964,0,0,1
736080,116,0,5147,-8060,1,0,1
736081,65535,255,2494,-8054,0,0,0
736082,67,0,1371,9904,1,0,1
736083,65535,255,4494,9826,0,0,0
736084,65535,255,6284,9805,0,0,0
736085,82,0,5733,-7996,1,0,1
736086,0,0,0,0,0,0,0
736087,125,0,59,8548,1,0,1
736088,65535,255,3627,9773,0,0,0
736089,65535,255,5790,9767,0,0,0
736090,0,0,0,0,0,0,0
736091,47,0,4432,-8082,1,0,1
736092,36,0,1289,-8019,1,0,1
736093,39,0,2564,9869,1,0,1
736094,65535,255,5192,9814,0,0,0
736095,65535,255,6660,-7962,0,0,1
736096,44,0,5161,-8060,1,0,1
736097,29,0,2522,-8162,1,0,0
736098,65535,255,1337,9854,0,0,0
736099,0,0,0,0,0,0,0
736100,65535,255,6267,9794,0,0,0
736101,65535,255,5757,-8003,0,0,0
736102,65535,255,3579,-8039,0,0,0
736103,65535,255,21,-16946,0,0,0
736104,65535,255,3588,9850,0,0,0
736105,0,0,0,0,0,0,0
736106,80,0,6253,-8005,1,0,1
736107,65535,255,4459,-8094,0,0,0
736108,65535,255,1332,-8000,0,0,0
736109,68,2,2534,9757,1,0,0
736110,65535,255,5172,9783,0,0,0
736111,65535,255,6673,-8000,0,0,0
736112,65535,255,5178,-8054,0,0,0
736113,0,0,0,0,0,0,0
736114,65535,255,1304,9932,0,0,0
736115,40,0,4446,9840,1,0,1
736116,65535,255,6255,9772,0,0,0
736117,0,0,0,0,0,0,0
736118,0,0,0,0,0,0,0
736119,65535,255,29,-7777,0,0,0
736120,65535,255,3563,9824,0,0,0
736121,65535,255,5754,9807,0,0,0
736122,65535,255,6264,-8012,0,0,0
736123,65535,255,4476,-8069,0,0,0
736124,65535,255,1361,-8076,0,0,1
736125,0,0,0,0,0,0,0
736126,96,0,5157,9809,1,0,1
736127,65535,255,6669,9800,0,0,0
736128,65535,255,5190,-8023,0,0,0
736129,65535,255,2577,-8125,0,0,0
736130,0,0,0,0,0,0,0
736131,71,2,4430,9827,1,0,1
736132,65535,255,6247,9784,0,0,0
736133,65535,255,5779,-8041,0,0,0
736134,65535,255,3618,-8022,0,0,0
736135,65535,255,59,-10856,0,0,0
736136,65535,255,3546,9876,0,0,0
736137,55,2,5748,9777,1,0,1
736138,65535,255,6270,-8004,0,0,0
736139,65535,255,4486,-8081,0,0,0
736140,65535,255,1378,-8028,0,0,0
736141,65535,255,2490,9807,0,0,0
736142,65535,255,5146,9820,0,0,0
736143,65535,255,6663,9761,0,0,0
736144,65535,255,5196,-8048,0,0,0
736145,65535,255,2587,-8014,0,0,0
736146,65535,255,1264,9706,0,0,0
736147,65535,255,4424,9790,0,0,0
736148,65535,255,6241,9799,0,0,0
736149,65535,255,5783,-8028,0,0,0
736150,103,0,3623,-8007,1,0,1
736151,65535,255,67,-9961,0,0,0
736152,65535,255,3538,9885,0,0,0
736153,114,0,5740,9790,1,0,1
736154,113,0,6272,-8019,1,0,1
736155,65535,255,4490,-8012,0,0,0
736156,0,0,0,0,0,0,0
736157,68,2,2480,9909,1,0,0
736158,65535,255,5144,9784,0,0,0
736159,65535,255,6660,9791,0,0,0
736160,65535,255,5197,-8028,0,0,0
736161,65535,255,2592,-8161,0,0,0
736162,77,0,1259,9987,1,0,1
736163,65535,255,4420,9790,0,0,0
736164,65535,255,6238,9799,0,0,0
736165,65535,255,5785,-8037,0,0,0
736166,81,2,3626,-8031,1,0,0
736167,65535,255,77,-4799,0,0,0
736168,44,0,3538,9808,1,0,1
736169,69,0,5741,9820,1,0,1
736170,80,0,6270,-7993,1,0,1
736171,64,0,4490,-8074,1,0,1
736172,65535,255,1383,-8076,0,0,0
736173,65535,255,2480,9858,0,0,0
736174,65535,255,5147,9773,0,0,0
736175,65535,255,6660,9788,0,0,1
736176,44,0,5196,-8022,1,0,1
736177,29,0,2591,-8146,1,0,1
736178,40,0,1261,9876,1,0,1
736179,0,0,0,0,0,0,0
736180,65535,255,6241,9780,0,0,0
736181,65535,255,5780,-7994,0,0,0
736182,65535,255,3622,-8080,0,0,0
736183,84,0,58,-7947,1,0,0
736184,65535,255,3542,9876,0,0,0
736185,65535,255,5745,9794,0,0,0
736186,65535,255,6268,-7977,0,0,0
736187,65535,255,4483,-8049,0,0,0
736188,72,2,1372,-8003,1,0,1
736189,42,0,2495,9833,1,0,1
736190,65535,255,5152,9786,0,0,0
736191,65535,255,6664,9790,0,0,0
736192,65535,255,5193,-8033,0,0,0
736193,65535,255,2577,-8025,0,0,0
736194,74,2,1275,9754,1,0,1
736195,65535,255,4430,9840,0,0,0
736196,65535,255,6248,9784,0,0,0
736197,65535,255,5777,-8028,0,0,0
736198,65535,255,3614,-8039,0,0,0
736199,44,0,48,-5008,1,0,1
736200,53,0,3559,9850,1,0,1
736201,65535,255,5755,9785,0,0,0
736202,107,0,6263,-7992,1,0,1
736203,65535,255,4476,-8049,0,0,0
736204,65535,255,1355,-8050,0,0,0
736205,156,0,2509,9870,1,0,0
736206,41,0,5163,9789,1,0,1
736207,65535,255,6674,9755,0,0,1
736208,69,0,5184,-8064,1,0,1
736209,65535,255,2562,-8112,0,0,1
736210,29,0,1298,9985,1,0,1
736211,65535,255,4447,9802,0,0,0
736212,65535,255,6257,9765,0,0,0
736213,65535,255,5767,-8016,0,0,0
736214,65535,255,3592,-8013,0,0,0
736215,65535,255,33,-1287,0,0,0
736216,45,0,3580,9850,1,0,1
736217,65535,255,5766,9790,0,0,1
736218,122,0,6255,-7982,1,0,1
736219,65535,255,4458,-8075,0,0,0
736220,65535,255,1326,-8175,0,0,0
736221,65535,255,2539,9758,0,0,0
736222,65535,255,5177,9830,0,0,0
736223,65535,255,6667,-7961,0,0,0
736224,65535,255,5169,-8038,0,0,0
736225,65535,255,2532,-8062,0,0,0
736226,65535,255,1332,9905,0,0,0
736227,91,0,4470,9796,1,0,0
736228,77,0,6269,9765,1,0,1
736229,84,0,5754,-8020,1,0,1
736230,65535,255,3571,-8038,0,0,0
736231,27,0,38,4566,1,0,1
736232,65535,255,3602,9798,0,0,0
736233,65535,255,5776,9797,0,0,0
736234,65535,255,6249,-8017,0,0,0
736235,12,2,4449,-8095,1,0,0
736236,65535,255,1315,-8051,0,0,0
736237,94,0,2549,9807,1,0,0
736238,65535,255,5180,9813,0,0,0
736239,65535,255,6668,-7975,0,0,1
736240,76,0,5169,-8029,1,0,1
736241,65535,255,2537,-8139,0,0,0
736242,31,0,1321,9880,1,0,1
736243,65535,255,4457,9845,0,0,0
736244,65535,255,6264,9771,0,0,0
736245,65535,255,5762,-7991,0,0,0
736246,72,0,3588,-8056,1,0,1
736247,69,2,37,-25,1,0,1
736248,38,0,3581,9798,1,0,1
736249,39,0,5764,9806,1,0,1
736250,81,0,6255,-7983,1,0,1
736251,93,2,4462,-8025,1,0,1
736252,65535,255,1338,-8226,0,0,0
736253,65535,255,2524,9908,0,0,0
736254,65535,255,5169,9783,0,0,0
736255,65535,255,6673,-7962,0,0,0
736256,107,2,5178,-8013,1,0,1
736257,97,2,2557,-8125,1,0,0
736258,65535,255,1298,9906,0,0,0
736259,65535,255,4444,9858,0,0,0
736260,65535,255,6254,9783,0,0,0
736261,97,0,5767,-8016,1,0,1
736262,65535,255,3601,-8115,0,0,0
736263,65535,255,28,-11451,0,0,0
736264,28,0,3567,9884,1,0,1
736265,65535,255,5757,9789,0,0,0
736266,65535,255,6259,-8024,0,0,0
736267,65535,255,4466,-8025,0,0,0
736268,65535,255,1350,-8273,0,0,0
736269,65535,255,2520,9757,0,0,0
736270,48,0,5164,9809,1,0,1
736271,65535,255,6673,9761,0,0,0
736272,65535,255,5182,-8059,0,0,0
736273,75,0,2557,-8076,1,0,1
736274,31,2,1298,9831,1,0,0
736275,42,0,4440,9808,1,0,1
736276,65535,255,6251,9791,0,0,0
736277,132,2,5770,-8003,1,0,1
736278,65535,255,3605,-8055,0,0,0
736279,65535,255,53,-12006,0,0,0
736280,65535,255,3555,9868,0,0,0
736281,73,0,5748,9828,1,0,1
736282,65535,255,6264,-7981,0,0,0
736283,80,0,4477,-8018,1,0,1
736284,52,0,1372,-8124,1,0,1
736285,65535,255,2495,9807,0,0,0
736286,64,0,5150,9809,1,0,1
736287,65535,255,6662,9793,0,0,1
736288,48,0,5193,-8007,1,0,1
736289,63,0,2582,-8075,1,0,1
736290,65535,255,1264,9724,0,0,0
736291,47,0,4420,9796,1,0,0
736292,65535,255,6239,9795,0,0,0
736293,66,0,5782,-8015,1,0,1
736294,62,0,3626,-8088,1,0,1
736295,20,0,67,-6457,1,0,1
736296,27,0,3538,9808,1,0,0
736297,47,0,5738,9803,1,0,1
736298,94,0,6273,-7997,1,0,0
736299,43,0,4493,-8011,1,0,1
736300,65535,255,1394,-8124,0,0,0
736301,42,0,2475,9846,1,0,1
736302,65535,255,5139,9831,0,0,0
736303,65535,255,6657,9764,0,0,0
736304,111,0,5205,-8048,1,0,0
736305,118,0,2597,-8001,1,0,1
736306,65535,255,1242,10043,0,0,0
736307,79,0,4413,9784,1,0,1
736308,82,0,6234,9792,1,0,1
736309,131,2,5789,-8019,1,0,1
736310,79,0,3642,-8112,1,0,1
736311,51,0,82,-8006,1,0,1
736312,65535,255,3526,9852,0,0,0
736313,80,0,5736,9769,1,0,1
736314,110,0,6278,-7999,1,0,1
736315,97,0,4500,-8074,1,0,1
736316,47,0,1400,-8028,1,0,1
736317,58,0,2470,9807,1,0,1
736318,76,0,5135,9826,1,0,1
736319,0,0,0,0,0,0,0
736320,65535,255,5210,-8063,0,0,0
736321,66,0,2606,-8050,1,0,1
736322,63,0,1242,9776,1,0,1
736323,65535,255,4410,9828,0,0,0
736324,82,0,6236,9766,1,0,1
736325,65535,255,5791,-7997,0,0,0
736326,65535,255,3642,-8087,0,0,0
736327,80,0,82,-7605,1,0,1
736328,62,0,3529,9851,1,0,1
736329,72,0,5738,9778,1,0,1
736330,137,0,6279,-8014,1,0,1
736331,85,0,4499,-8011,1,0,1
736332,75,0,1400,-8219,1,0,1
736333,65535,255,2470,9936,0,0,0
736334,65535,255,5141,9800,0,0,0
736335,65535,255,6660,9756,0,0,0
736336,65535,255,5207,-8057,0,0,0
736337,65535,255,2601,-8062,0,0,0
736338,65535,255,1253,9803,0,0,0
736339,65535,255,4416,9848,0,0,0
736340,64,0,6239,9781,1,0,1
736341,91,0,5788,-8023,1,0,1
736342,65535,255,3630,-8014,0,0,0
736343,53,0,80,-5392,1,0,1
736344,50,0,3541,9800,1,0,0
736345,72,0,5744,9825,1,0,1
736346,83,0,6274,-8003,1,0,0
736347,84,0,4491,-8069,1,0,1
736348,56,0,1383,-8196,1,0,1
736349,55,0,2489,9779,1,0,1
736350,90,0,5149,9810,1,0,1
736351,65535,255,6666,9769,0,0,0
736352,65535,255,5195,-8001,0,0,0
736353,82,0,2587,-8135,1,0,1
736354,70,0,1270,9988,1,0,1
736355,61,0,4433,9803,1,0,1
736356,72,0,6248,9796,1,0,1
736357,125,0,5779,-8001,1,0,1
736358,106,0,3618,-8113,1,0,1
736359,83,0,54,-11124,1,0,1
736360,82,0,3559,9791,1,0,1
736361,76,0,5754,9825,1,0,1
736362,150,0,6265,-8007,1,0,1
736363,129,0,4472,-8017,1,0,1
736364,99,0,1350,-7902,1,0,1
736365,82,0,2514,9808,1,0,1
736366,72,0,5163,9841,1,0,1
736367,65535,255,6673,9791,0,0,0
736368,65535,255,5181,-8042,0,0,0
736369,93,0,2557,-8062,1,0,1
736370,60,0,1304,9857,1,0,1
736371,80,0,4453,9778,1,0,1
736372,65535,255,6257,9811,0,0,0
736373,119,0,5764,-7998,1,0,1
736374,65535,255,3592,-8122,0,0,0
736375,65535,255,41,-11659,0,0,0
736376,65535,255,3584,9825,0,0,0
736377,87,0,5771,9778,1,0,1
736378,104,0,6251,-7973,1,0,1
736379,77,0,4452,-8062,1,0,1
736380,50,0,1315,-8125,1,0,1
736381,66,0,2545,9878,1,0,1
736382,65535,255,5184,9821,0,0,0
736383,65535,255,6662,-7960,0,0,0
736384,65535,255,5158,-8037,0,0,0
736385,65535,255,2517,-8036,0,0,0
736386,65535,255,1344,9732,0,0,0
736387,84,0,4474,9815,1,0,1
736388,65535,255,6271,9784,0,0,0
736389,137,0,5746,-7989,1,0,1
736390,65535,255,3562,-8063,0,0,0
736391,67,0,35,6505,1,0,0
736392,65,0,3606,9834,1,0,1
736393,80,0,5780,9790,1,0,1
736394,109,0,6239,-8004,1,0,1
736395,65535,255,4435,-8087,0,0,0
736396,65535,255,1293,-8125,0,0,0
736397,65535,255,2564,9883,0,0,0
736398,65535,255,5196,9780,0,0,0
736399,65535,255,6655,-7967,0,0,0
736400,65535,255,5148,-8027,0,0,0
736401,65535,255,2499,-8051,0,0,0
736402,65535,255,1365,9738,0,0,0
736403,61,2,4484,9809,1,0,0
736404,65535,255,6277,9787,0,0,0
736405,49,0,5736,-7994,1,0,1
736406,65535,255,3546,-8080,0,0,0
736407,0,0,0,0,0,0,0
736408,65535,255,3623,9867,0,0,0
736409,72,0,5789,9790,1,0,1
736410,65535,255,6228,-7974,0,0,0
736411,65535,255,4415,-8043,0,0,0
736412,72,0,1259,-7967,1,0,0
736413,65535,255,2594,9821,0,0,0
736414,65535,255,5204,9821,0,0,0
736415,98,0,6647,-7978,1,0,1
736416,65535,255,5136,-8027,0,0,0
736417,65535,255,2488,-8036,0,0,0
736418,65535,255,1372,9881,0,0,0
736419,65535,255,4488,9790,0,0,0
736420,0,0,0,0,0,0,0
736421,65535,255,5739,-8015,0,0,0
736422,65535,255,3550,-8029,0,0,0
736423,65535,255,42,8055,0,0,0
736424,82,0,3611,9884,1,0,1
736425,85,0,5780,9816,1,0,1
736426,65535,255,6238,-8007,0,0,0
736427,65535,255,4432,-8029,0,0,0
736428,40,0,1293,-8021,1,0,0
736429,65535,255,2555,9896,0,0,0
736430,65535,255,5184,9816,0,0,0
736431,65535,255,6660,-7954,0,0,0
736432,65535,255,5159,-8037,0,0,0
736433,65535,255,2522,-8074,0,0,0
736434,77,2,1332,9982,1,0,0
736435,65535,255,4464,9822,0,0,0
736436,65535,255,6265,9789,0,0,0
736437,115,0,5754,-8024,1,0,1
736438,79,0,3580,-8114,1,0,0
736439,41,0,42,1648,1,0,1
736440,40,0,3589,9784,1,0,1
736441,56,0,5769,9770,1,0,1
736442,78,0,6249,-7973,1,0,1
736443,51,0,4456,-8079,1,0,1
736444,45,0,1333,-8248,1,0,1
736445,42,0,2530,9834,1,0,1
736446,65535,255,5173,9790,0,0,0
736447,65535,255,6671,-7995,0,0,0
736448,77,0,5173,-8026,1,0,1
736449,65535,255,2548,-8071,0,0,0
736450,65535,255,1304,10010,0,0,0
736451,53,0,4447,9835,1,0,1
736452,65535,255,6256,9801,0,0,0
736453,95,2,5767,-8001,1,0,0
736454,0,0,0,0,0,0,0
736455,34,0,23,-7744,1,0,0
736456,65535,255,3572,9793,0,0,0
736457,65535,255,5759,9779,0,0,0
736458,185,0,6259,-7987,1,0,1
736459,65535,255,4469,-8010,0,0,0
736460,65535,255,1349,-8024,0,0,0
736461,65535,255,2510,9923,0,0,0
736462,65,0,5161,9837,1,0,1
736463,0,0,0,0,0,0,0
736464,65535,255,5184,-8011,0,0,0
736465,41,2,2566,-8049,1,0,1
736466,38,0,1287,9986,1,0,0
736467,65535,255,4437,9842,0,0,0
736468,0,0,0,0,0,0,0
736469,65535,255,5774,-8014,0,0,0
736470,65535,255,3609,-8062,0,0,0
736471,65535,255,52,-12020,0,0,0
736472,65535,255,3559,9852,0,0,0
736473,65535,255,5754,9813,0,0,0
736474,65535,255,6266,-8021,0,0,0
736475,65535,255,4479,-8078,0,0,0
736476,65535,255,1361,-7926,0,0,0
736477,84,0,2500,9898,1,0,1
736478,107,0,5158,9832,1,0,1
736479,65535,255,6670,9754,0,0,0
736480,65535,255,5189,-8016,0,0,0
736481,65535,255,2576,-8073,0,0,0
736482,65535,255,1282,9675,0,0,0
736483,65535,255,4435,9808,0,0,0
736484,65535,255,6249,9771,0,0,0
736485,65535,255,5779,-8043,0,0,0
736486,100,0,3616,-8088,1,0,1
736487,65535,255,47,-7221,0,0,0
736488,47,0,3559,9801,1,0,1
736489,65535,255,5752,9792,0,0,0
736490,0,0,0,0,0,0,0
736491,0,0,0,0,0,0,0
736492,65535,255,1367,-8269,0,0,0
736493,0,0,0,0,0,0,0
736494,65535,255,5155,9832,0,0,0
736495,0,0,0,0,0,0,0
736496,65535,255,5189,-8021,0,0,0
736497,41,0,2576,-8098,1,0,1
736498,65535,255,1282,9753,0,0,0
736499,65535,255,4434,9798,0,0,0
736500,123,0,6248,9786,1,0,0
736501,65535,255,5776,-8000,0,0,0
736502,65535,255,3613,-8053,0,0,0
736503,63,0,61,-12076,1,0,1
736504,65535,255,3555,9878,0,0,0
736505,74,0,5751,9790,1,0,1
736506,65535,255,6265,-7987,0,0,0
736507,66,0,4476,-8028,1,0,1
736508,49,0,1366,-8172,1,0,1
736509,89,0,2500,9848,1,0,0
736510,65535,255,5156,9822,0,0,0
736511,65535,255,6668,9773,0,0,1
736512,64,0,5187,-8021,1,0,1
736513,53,0,2572,-8110,1,0,1
736514,65535,255,1287,9779,0,0,1
736515,65535,255,4437,9810,0,0,0
736516,65535,255,6248,9797,0,0,0
736517,104,0,5772,-8017,1,0,1
736518,65535,255,3609,-8087,0,0,0
736519,65535,255,43,-4595,0,0,0
736520,59,0,3564,9793,1,0,1
736521,65535,255,5753,9796,0,0,0
736522,65535,255,6262,-8014,0,0,0
736523,65535,255,4472,-8085,0,0,0
736524,40,0,1355,-7999,1,0,1
736525,43,0,2510,9771,1,0,1
736526,65535,255,5162,9791,0,0,0
736527,65535,255,6670,9789,0,0,1
736528,65535,255,5179,-8005,0,0,0
736529,135,0,2557,-8073,1,0,0
736530,65535,255,1298,9729,0,0,0
736531,65535,255,4444,9798,0,0,0
736532,65535,255,6252,9797,0,0,0
736533,65535,255,5768,-8018,0,0,0
736534,65535,255,3597,-8104,0,0,0
736535,65535,255,27,-5174,0,0,0
736536,65535,255,3568,9818,0,0,0
736537,65535,255,5758,9809,0,0,0
736538,65535,255,6254,-7976,0,0,1
736539,65535,255,4462,-8022,0,0,0
736540,65535,255,1338,-8173,0,0,0
736541,23,2,2520,9860,1,0,1
736542,65535,255,5167,9832,0,0,0
736543,65535,255,6670,-7991,0,0,0
736544,76,2,5173,-8052,1,0,1
736545,70,0,2543,-7998,1,0,1
736546,65535,255,1310,10010,0,0,0
736547,90,2,4453,9781,1,0,0
736548,61,0,6258,9782,1,0,1
736549,65535,255,5758,-8005,0,0,0
736550,65535,255,3584,-8079,0,0,0
736551,75,2,25,814,1,0,1
736552,94,2,3585,9810,1,0,1
736553,65535,255,5765,9809,0,0,0
736554,102,0,6248,-7976,1,0,1
736555,74,0,4449,-8029,1,0,1
736556,100,0,1316,-7945,1,0,0
736557,65535,255,2545,9759,0,0,0
736558,71,0,5178,9796,1,0,1
736559,65535,255,6663,-7972,0,0,1
736560,65535,255,5161,-8021,0,0,0
736561,65535,255,2528,-8136,0,0,0
736562,65535,255,1332,9908,0,0,0
736563,65535,255,4467,9855,0,0,0
736564,65535,255,6269,9778,0,0,0
736565,122,0,5748,-8001,1,0,1
736566,65535,255,3567,-8079,0,0,0
736567,65535,255,30,5942,0,0,0
736568,65535,255,3602,9827,0,0,0
736569,65535,255,5776,9822,0,0,0
736570,65535,255,6241,-7991,0,0,0
736571,47,0,4435,-8054,1,0,1
736572,34,0,1287,-7969,1,0,1
736573,65535,255,2569,9785,0,0,0
736574,65535,255,5195,9811,0,0,0
736575,65535,255,6656,-7982,0,0,0
736576,88,0,5150,-8047,1,0,1
736577,65535,255,2497,-8009,0,0,0
736578,65535,255,1367,9686,0,0,0
736579,65535,255,4488,9804,0,0,0
736580,65535,255,6278,9808,0,0,0
736581,65535,255,5738,-8044,0,0,0
736582,65535,255,3541,-8037,0,0,0
736583,65535,255,72,6260,0,0,0
736584,65535,255,3632,9801,0,0,0
736585,65535,255,5793,9813,0,0,0
736586,65535,255,6229,-7988,0,0,0
736587,65535,255,4414,-8016,0,0,0
736588,65535,255,1265,-8230,0,0,0
736589,151,0,2584,9908,1,0,1
736590,65535,255,5203,9790,0,0,0
736591,65535,255,6653,-7969,0,0,0
736592,62,0,5147,-8026,1,0,1
736593,62,0,2504,-8119,1,0,1
736594,65535,255,1355,10006,0,0,0
736595,65535,255,4481,9792,0,0,0
736596,65535,255,6274,9805,0,0,1
736597,65535,255,5750,-8039,0,0,0
736598,65535,255,3566,-8036,0,0,1
736599,96,2,43,4099,1,0,0
736600,31,0,3601,9818,1,0,1
736601,49,0,5773,9826,1,0,1
736602,65535,255,6248,-7998,0,0,0
736603,56,0,4455,-8094,1,0,1
736604,65535,255,1324,-8126,0,0,0
736605,119,2,2539,9833,1,0,1
736606,65535,255,5175,9789,0,0,0
736607,65535,255,6672,-7989,0,0,0
736608,114,2,5175,-8012,1,0,1
736609,55,0,2552,-8024,1,0,0
736610,61,2,1304,9882,1,0,0
736611,65535,255,4447,9797,0,0,0
736612,65535,255,6256,9773,0,0,0
736613,65535,255,5771,-8032,0,0,0
736614,115,2,3605,-8080,1,0,1
736615,65535,255,44,-11874,0,0,0
736616,36,0,3563,9834,1,0,1
736617,38,0,5754,9795,1,0,1
736618,65535,255,6266,-7996,0,0,0
736619,65535,255,4479,-8023,0,0,0
736620,119,0,1366,-8025,1,0,0
736621,78,0,2495,9923,1,0,0
736622,65535,255,5152,9831,0,0,0
736623,65535,255,6664,9795,0,0,1
736624,105,0,5198,-8067,1,0,1
736625,65535,255,2590,-8120,0,0,0
736626,65535,255,1264,9804,0,0,0
736627,51,0,4423,9791,1,0,1
736628,65535,255,6240,9777,0,0,0
736629,104,2,5788,-8040,1,0,0
736630,65535,255,3634,-8103,0,0,0
736631,40,2,79,-5373,1,0,1
736632,50,0,3529,9877,1,0,1
736633,80,0,5735,9821,1,0,1
736634,65535,255,6278,-7997,0,0,0
736635,62,2,4503,-8079,1,0,0
736636,65535,255,1402,-8036,0,0,0
736637,100,0,2465,9872,1,0,1
736638,65535,255,5132,9816,0,0,0
736639,65535,255,6654,9789,0,0,1
736640,64,0,5213,-8067,1,0,1
736641,54,2,2611,-7988,1,0,0
736642,65535,255,1231,9883,0,0,0
736643,86,0,4400,9816,1,0,1
736644,65535,255,6229,9793,0,0,0
736645,114,0,5796,-8000,1,0,1
736646,103,0,3654,-8030,1,0,1
736647,44,0,105,-8649,1,0,1
736648,65535,255,3508,9826,0,0,0
736649,65535,255,5724,9800,0,0,0
736650,98,0,6285,-8009,1,0,1
736651,96,0,4513,-8060,1,0,1
736652,65535,255,1429,-8238,0,0,0
736653,64,0,2441,9860,1,0,0
736654,65535,255,5119,9817,0,0,0
736655,93,0,6646,9796,1,0,1
736656,65535,255,5221,-8000,0,0,0
736657,65535,255,2631,-8037,0,0,0
736658,65535,255,1208,9995,0,0,0
736659,65535,255,4387,9855,0,0,0
736660,65535,255,6220,9783,0,0,0
736661,65535,255,5804,-8034,0,0,0
736662,49,0,3666,-8110,1,0,0
736663,65535,255,123,-7237,0,0,0
736664,61,0,3500,9784,1,0,1
736665,57,0,5717,9787,1,0,1
736666,94,0,6290,-8001,1,0,1
736667,61,2,4523,-8053,1,0,1
736668,65535,255,1445,-8237,0,0,0
736669,73,0,2431,9874,1,0,0
736670,123,2,5113,9827,1,0,1
736671,87,0,6642,9778,1,0,1
736672,76,0,5228,-8020,1,0,1
736673,65535,255,2641,-8097,0,0,0
736674,56,0,1203,9746,1,0,1
736675,65535,255,4383,9798,0,0,0
736676,65535,255,6216,9790,0,0,0
736677,65535,255,5808,-8008,0,0,0
736678,65535,255,3670,-8061,0,0,0
736679,65535,255,136,-6274,0,0,0
736680,65535,255,3491,9888,0,0,0
736681,70,0,5714,9774,1,0,1
736682,65535,255,6293,-7994,0,0,0
736683,61,0,4526,-8046,1,0,1
736684,83,0,1446,-8236,1,0,1
736685,63,0,2426,9835,1,0,1
736686,70,0,5110,9812,1,0,0
736687,65535,255,6641,9800,0,0,0
736688,139,0,5227,-8020,1,0,0
736689,68,2,2646,-8109,1,0,0
736690,50,0,1197,9774,1,0,1
736691,65535,255,4383,9811,0,0,0
736692,65535,255,6218,9802,0,0,0
736693,65535,255,5808,-8025,0,0,0
736694,114,0,3674,-8109,1,0,1
736695,0,0,0,0,0,0,0
736696,92,0,3495,9819,1,0,1
736697,83,0,5716,9810,1,0,1
736698,151,0,6291,-7972,1,0,1
736699,121,0,4523,-8015,1,0,1
736700,76,0,1439,-8121,1,0,1
736701,63,0,2431,9835,1,0,0
736702,69,0,5115,9823,1,0,1
736703,115,0,6645,9760,1,0,1
736704,65535,255,5227,-8035,0,0,0
736705,70,0,2641,-8157,1,0,1
736706,25,2,1202,9913,1,0,0
736707,65535,255,4386,9849,0,0,0
736708,52,0,6223,9768,1,0,1
736709,83,0,5805,-7987,1,0,1
736710,65535,255,3666,-8044,0,0,0
736711,58,0,128,-9877,1,0,1
736712,78,0,3505,9860,1,0,1
736713,61,0,5723,9784,1,0,1
736714,136,0,6290,-8011,1,0,1
736715,82,0,4523,-8084,1,0,0
736716,65535,255,1428,-8051,0,0,0
736717,65535,255,2446,9809,0,0,0
736718,65535,255,5124,9812,0,0,0
736719,65535,255,6650,9784,0,0,0
736720,65535,255,5221,-8035,0,0,0
736721,46,0,2631,-8157,1,0,1
736722,42,0,1219,9940,1,0,1
736723,66,0,4396,9862,1,0,1
736724,71,0,6229,9779,1,0,1
736725,122,0,5800,-8004,1,0,1
736726,65535,255,3654,-8077,0,0,0
736727,65535,255,102,-6701,0,0,0
736728,65535,255,3521,9810,0,0,0
736729,67,0,5730,9814,1,0,1
736730,127,0,6282,-7982,1,0,1
736731,94,0,4509,-8040,1,0,1
736732,90,0,1409,-8122,1,0,1
736733,78,0,2461,9938,1,0,1
736734,65535,255,5135,9792,0,0,0
736735,65535,255,6656,9794,0,0,0
736736,128,0,5209,-8020,1,0,1
736737,65535,255,2611,-8133,0,0,0
736738,65535,255,1242,9911,0,0,0
736739,65535,255,4413,9856,0,0,0
736740,65535,255,6237,9779,0,0,0
736741,158,0,5788,-8004,1,0,1
736742,64,0,3637,-8085,1,0,1
736743,64,0,71,-7029,1,0,1
736744,0,0,0,0,0,0,0
736745,65535,255,5740,9827,0,0,0
736746,132,0,6274,-7994,1,0,1
736747,106,0,4492,-8065,1,0,1
736748,77,0,1383,-8001,1,0,1
736749,65535,255,2490,9797,0,0,0
736750,95,0,5149,9818,1,0,1
736751,65535,255,6666,9764,0,0,0
736752,65535,255,5195,-8056,0,0,0
736753,65535,255,2581,-8036,0,0,0
736754,65535,255,1277,9701,0,0,0
736755,65535,255,4431,9811,0,0,0
736756,65535,255,6246,9813,0,0,0
736757,97,2,5774,-8005,1,0,0
736758,69,2,3609,-8052,1,0,1
736759,0,0,0,0,0,0,0
736760,65535,255,3564,9810,0,0,0
736761,65535,255,5755,9818,0,0,0
736762,65535,255,6259,-7990,0,0,0
736763,100,0,4468,-8065,1,0,1
736764,65535,255,1343,-8022,0,0,0
736765,72,0,2520,9822,1,0,0
736766,48,0,5164,9828,1,0,1
736767,65535,255,6673,-7997,0,0,0
736768,65535,255,5174,-8027,0,0,0
736769,65535,255,2547,-8085,0,0,0
736770,51,0,1315,9833,1,0,0
736771,96,0,4454,9849,1,0,1
736772,67,0,6261,9779,1,0,1
736773,95,0,5758,-8013,1,0,1
736774,0,0,0,0,0,0,0
736775,65535,255,17,16843,0,0,0
736776,65535,255,3589,9886,0,0,0
736777,65535,255,5772,9796,0,0,0
736778,65535,255,6243,-7976,0,0,0
736779,65535,255,4442,-8041,0,0,0
736780,65535,255,1299,-7943,0,0,0
736781,65535,255,2560,9786,0,0,0
736782,65535,255,5187,9822,0,0,0
736783,65535,255,6658,-7984,0,0,0
736784,65535,255,5150,-8000,0,0,0
736785,65535,255,2518,-8173,0,0,0
736786,88,2,1350,9759,1,0,0
736787,65535,255,4468,9861,0,0,0
736788,72,0,6267,9805,1,0,1
736789,0,0,0,0,0,0,0
736790,114,0,3563,-8010,1,0,0
736791,65535,255,30,4366,0,0,0
736792,65535,255,3598,9878,0,0,0
736793,65535,255,5772,9814,0,0,0
736794,65535,255,6243,-8006,0,0,0
736795,65535,255,4442,-8034,0,0,0
736796,39,0,1309,-8046,1,0,0
736797,65535,255,2545,9910,0,0,0
736798,65535,255,5181,9822,0,0,0
736799,65535,255,6661,-7962,0,0,0
736800,65535,255,5162,-8051,0,0,0
736801,65535,255,2527,-8110,0,0,0
736802,65535,255,1332,9676,0,0,0
736803,65535,255,4461,9843,0,0,1
736804,65535,255,6263,9802,0,0,0
736805,65535,255,5753,-8000,0,0,0
736806,0,0,0,0,0,0,0
736807,65535,255,20,2517,0,0,0
736808,65535,255,3591,9841,0,0,0
736809,93,0,5768,9827,1,0,1
736810,65535,255,6248,-7995,0,0,0
736811,65535,255,4449,-8066,0,0,0
736812,65535,255,1321,-8223,0,0,0
736813,65535,255,2540,9810,0,0,1
736814,65535,255,5179,9787,0,0,0
736815,65535,255,6666,-7993,0,0,0
736816,65535,255,5164,-8025,0,0,0
736817,65535,255,2532,-8072,0,0,0
736818,65535,255,1321,9985,0,0,0
736819,0,0,0,0,0,0,0
736820,65535,255,6262,9802,0,0,0
736821,144,0,5755,-8004,1,0,1
736822,53,0,3580,-8027,1,0,1
736823,65535,255,4,-17109,0,0,0
736824,66,0,3589,9803,1,0,1
736825,65535,255,5769,9784,0,0,0
736826,142,0,6249,-7990,1,0,1
736827,65535,255,4448,-8015,0,0,0
736828,65535,255,1315,-8021,0,0,0
736829,54,0,2540,9936,1,0,1
736830,0,0,0,0,0,0,0
736831,65535,255,6665,-7977,0,0,0
736832,65535,255,5164,-8010,0,0,0
736833,65535,255,2532,-8035,0,0,0
736834,83,0,1327,9959,1,0,0
736835,71,0,4464,9837,1,0,1
736836,65535,255,6264,9802,0,0,0
736837,158,0,5755,-8008,1,0,1
736838,102,0,3575,-8052,1,0,1
736839,58,2,22,17373,1,0,0
736840,51,0,3593,9836,1,0,0
736841,65535,255,5774,9806,0,0,0
736842,65535,255,6248,-8013,0,0,0
736843,56,0,4448,-8059,1,0,1
736844,65535,255,1315,-8249,0,0,0
736845,59,0,2549,9848,1,0,0
736846,65535,255,5184,9813,0,0,0
736847,65535,255,6665,-7965,0,0,0
736848,74,2,5162,-8044,1,0,0
736849,65535,255,2522,-8009,0,0,0
736850,65535,255,1338,9934,0,0,0
736851,65535,255,4471,9831,0,0,0
736852,65535,255,6270,9806,0,0,0
736853,65535,255,5752,-8013,0,0,0
736854,29,0,3571,-8069,1,0,1
736855,65535,255,42,16527,0,0,0
736856,65535,255,3601,9862,0,0,0
736857,0,0,0,0,0,0,0
736858,65535,255,6242,-7971,0,0,0
736859,65535,255,4441,-8086,0,0,0
736860,65535,255,1298,-7994,0,0,0
736861,65535,255,2562,9828,0,0,0
736862,65535,255,5191,9783,0,0,0
736863,65535,255,6660,-7994,0,0,0
736864,119,0,5155,-8036,1,0,1
736865,93,0,2512,-8135,1,0,1
736866,65535,255,1355,9809,0,0,0
736867,65535,255,4481,9805,0,0,0
736868,81,0,6276,9790,1,0,1
736869,121,0,5742,-8000,1,0,1
736870,65535,255,3554,-8044,0,0,0
736871,65535,255,49,13267,0,0,0
736872,65535,255,3614,9853,0,0,0
736873,65535,255,5786,9818,0,0,0
736874,121,2,6235,-7972,1,0,0
736875,65535,255,4424,-8020,0,0,0
736876,65535,255,1275,-8045,0,0,0
736877,83,2,2579,9774,1,0,1
736878,65535,255,5201,9787,0,0,0
736879,65535,255,6652,-7952,0,0,0
736880,65535,255,5144,-8056,0,0,0
736881,65535,255,2488,-7982,0,0,0
736882,65535,255,1378,9907,0,0,0
736883,65535,255,4491,9836,0,0,0
736884,65535,255,6281,9809,0,0,0
736885,135,0,5734,-8030,1,0,1
736886,65535,255,3537,-8104,0,0,0
736887,114,0,66,8218,1,0,1
736888,44,0,3636,9794,1,0,1
736889,73,0,5796,9793,1,0,1
736890,110,0,6227,-8006,1,0,1
736891,66,0,4411,-8066,1,0,1
736892,65535,255,1248,-7910,0,0,0
736893,65535,255,2599,9909,0,0,0
736894,107,0,5210,9832,1,0,1
736895,65535,255,6644,-7994,0,0,0
736896,107,2,5127,-8021,1,0,1
736897,65535,255,2473,-8175,0,0,0
736898,115,0,1389,10026,1,0,1
736899,65535,255,4501,9799,0,0,0
736900,65535,255,6283,9809,0,0,0
736901,65535,255,5730,-8022,0,0,0
736902,65535,255,3537,-8061,0,0,0
736903,65535,255,67,8213,0,0,0
736904,65535,255,3627,9844,0,0,0
736905,65535,255,5789,9775,0,0,0
736906,115,0,6231,-8009,1,0,1
736907,84,0,4418,-8009,1,0,0
736908,65535,255,1276,-8228,0,0,0
736909,105,0,2575,9934,1,0,0
736910,65535,255,5196,9807,0,0,0
736911,65535,255,6653,-7984,0,0,0
736912,65535,255,5147,-8056,0,0,0
736913,65535,255,2502,-8072,0,0,0
736914,65535,255,1355,9834,0,0,0
736915,65535,255,4474,9855,0,0,0
736916,65535,255,6271,9787,0,0,0
736917,94,0,5746,-8021,1,0,1
736918,65535,255,3559,-8018,0,0,0
736919,58,0,53,3481,1,0,0
736920,65535,255,3602,9811,0,0,0
736921,65535,255,5772,9823,0,0,0
736922,65535,255,6244,-8001,0,0,0
736923,65535,255,4442,-8091,0,0,0
736924,65535,255,1310,-8172,0,0,0
736925,65535,255,2544,9924,0,0,0
736926,65535,255,5178,9803,0,0,0
736927,65535,255,6663,-7984,0,0,0
736928,122,2,5165,-8061,1,0,1
736929,65535,255,2532,-8084,0,0,0
736930,53,0,1321,9885,1,0,1
736931,79,0,4457,9780,1,0,1
736932,65535,255,6259,9802,0,0,0
736933,65535,255,5760,-8042,0,0,0
736934,65535,255,3584,-8060,0,0,0
736935,43,0,24,-14279,1,0,1
736936,65535,255,3581,9777,0,0,0
736937,72,2,5763,9815,1,0,1
736938,61,2,6253,-7993,1,0,1
736939,98,0,4462,-8083,1,0,1
736940,56,0,1338,-8171,1,0,1
736941,64,0,2520,9924,1,0,1
736942,74,0,5167,9808,1,0,0
736943,65535,255,6673,-7989,0,0,1
736944,65535,255,5175,-7999,0,0,0
736945,42,0,2557,-8134,1,0,1
736946,65535,255,1299,10012,0,0,0
736947,65535,255,4444,9806,0,0,0
736948,130,0,6253,9769,1,0,0
736949,65535,255,5769,-8007,0,0,0
736950,65535,255,3602,-8040,0,0,0
736951,0,0,0,0,0,0,0
736952,65535,255,3564,9820,0,0,0
736953,65535,255,5755,9776,0,0,0
736954,65535,255,6262,-7998,0,0,0
736955,65535,255,4472,-8039,0,0,0
736956,65535,255,1355,-8023,0,0,0
736957,65535,255,2505,9874,0,0,0
736958,65535,255,5158,9788,0,0,0
736959,65535,255,6670,9759,0,0,0
736960,65535,255,5189,-8050,0,0,0
736961,65535,255,2572,-8133,0,0,0
736962,54,0,1282,10041,1,0,1
736963,65535,255,4434,9819,0,0,0
736964,51,0,6248,9776,1,0,1
736965,65535,255,5776,-8024,0,0,0
736966,60,2,3613,-8043,1,0,1
736967,65535,255,52,-7917,0,0,0
736968,65535,255,3550,9800,0,0,0
736969,130,0,5749,9782,1,0,1
736970,65535,255,6270,-7988,0,0,0
736971,65535,255,4485,-8011,0,0,0
736972,65535,255,1377,-8027,0,0,0
736973,65535,255,2485,9935,0,0,1
736974,65535,255,5144,9841,0,0,0
736975,65535,255,6664,9756,0,0,0
736976,65535,255,5201,-8011,0,0,0
736977,65535,255,2596,-8050,0,0,0
736978,85,0,1254,9989,1,0,1
736979,65535,255,4417,9841,0,0,0
736980,65535,255,6236,9808,0,0,0
736981,65535,255,5790,-8014,0,0,0
736982,62,0,3642,-8063,1,0,1
736983,65535,255,86,-9966,0,0,0
736984,124,2,3529,9852,1,0,0
736985,94,2,5735,9813,1,0,1
736986,65535,255,6282,-8020,0,0,0
736987,94,0,4506,-8079,1,0,1
736988,65535,255,1406,-7932,0,0,0
736989,111,2,2460,9898,1,0,0
736990,102,0,5132,9832,1,0,1
736991,65535,255,6654,9776,0,0,0
736992,65535,255,5215,-8011,0,0,0
736993,65535,255,2616,-8062,0,0,0
736994,44,0,1226,9932,1,0,1
736995,75,2,4400,9861,1,0,1
736996,65535,255,6230,9766,0,0,0
736997,94,0,5800,-8039,1,0,0
736998,114,0,3658,-8119,1,0,0
736999,46,0,105,-7400,1,0,1
737000,62,0,3512,9801,1,0,1
737001,0,0,0,0,0,0,0
737002,65535,255,6288,-8005,0,0,0
737003,90,0,4516,-8059,1,0,1
737004,93,0,1428,-8238,1,0,0
737005,65535,255,2446,9886,0,0,0
737006,65535,255,5121,9832,0,0,0
737007,95,0,6649,9756,1,0,1
737008,65535,255,5221,-8026,0,0,0
737009,65535,255,2631,-8109,0,0,0
737010,35,0,1214,9747,1,0,1
737011,73,0,4394,9798,1,0,1
737012,68,0,6223,9790,1,0,0
737013,151,2,5803,-8008,1,0,1
737014,65,2,3662,-8062,1,0,1
737015,65535,255,120,-5775,0,0,0
737016,65535,255,3500,9896,0,0,0
737017,65535,255,5721,9774,0,0,0
737018,149,0,6289,-7998,1,0,1
737019,65535,255,4520,-8047,0,0,0
737020,65535,255,1434,-8237,0,0,0
737021,65535,255,2436,9886,0,0,0
737022,65535,255,5116,9838,0,0,0
737023,65535,255,6646,9763,0,0,0
737024,65535,255,5224,-8041,0,0,0
737025,39,2,2636,-8157,1,0,0
737026,65535,255,1208,9912,0,0,0
737027,65535,255,4387,9842,0,0,0
737028,109,0,6222,9765,1,0,1
737029,88,0,5805,-8042,1,0,1
737030,79,0,3662,-8021,1,0,1
737031,37,0,123,-8851,1,0,1
737032,65535,255,3500,9862,0,0,0
737033,65535,255,5720,9796,0,0,0
737034,65535,255,6289,-7990,0,0,0
737035,95,0,4520,-8047,1,0,1
737036,57,0,1434,-8260,1,0,0
737037,65535,255,2436,9913,0,0,0
737038,65535,255,5120,9785,0,0,0
737039,82,0,6646,9776,1,0,0
737040,164,0,5222,-8066,1,0,1
737041,65535,255,2631,-8036,0,0,1
737042,65535,255,1215,9665,0,0,0
737043,116,0,4394,9792,1,0,1
737044,65535,255,6223,9794,0,0,0
737045,148,2,5801,-8017,1,0,1
737046,65535,255,3662,-8101,0,0,0
737047,65535,255,110,-7721,0,0,0
737048,92,0,3509,9827,1,0,1
737049,65535,255,5722,9819,0,0,0
737050,65535,255,6285,-7983,0,0,0
737051,65535,255,4513,-8040,0,0,0
737052,65535,255,1423,-8238,0,0,0
737053,65,0,2446,9912,1,0,1
737054,94,0,5127,9781,1,0,1
737055,94,0,6649,9783,1,0,1
737056,146,0,5213,-8005,1,0,1
737057,89,0,2621,-8097,1,0,1
737058,93,0,1231,9803,1,0,1
737059,118,0,4400,9830,1,0,1
737060,109,0,6230,9786,1,0,1
737061,129,0,5794,-7983,1,0,1
737062,88,0,3646,-8045,1,0,1
737063,66,0,99,-5227,1,0,1
737064,117,0,3521,9784,1,0,0
737065,92,0,5731,9797,1,0,1
737066,144,0,6279,-7984,1,0,1
737067,138,0,4502,-8022,1,0,1
737068,72,0,1405,-8192,1,0,1
737069,65535,255,2466,9899,0,0,0
737070,88,0,5139,9776,1,0,1
737071,65535,255,6656,9783,0,0,1
737072,120,0,5204,-8010,1,0,1
737073,71,0,2601,-8109,1,0,1
737074,49,0,1248,9858,1,0,0
737075,87,0,4414,9849,1,0,1
737076,115,0,6238,9775,1,0,1
737077,129,2,5786,-8004,1,0,0
737078,146,0,3630,-8085,1,0,1
737079,99,0,65,-6927,1,0,1
737080,91,0,3542,9836,1,0,1
737081,101,0,5743,9831,1,0,1
737082,133,0,6271,-7998,1,0,1
737083,101,0,4489,-8072,1,0,1
737084,82,0,1377,-8048,1,0,1
737085,65535,255,2495,9822,0,0,0
737086,88,0,5152,9827,1,0,1
737087,65535,255,6667,9770,0,0,1
737088,139,0,5192,-8066,1,0,0
737089,115,0,2576,-8072,1,0,1
737090,65535,255,1281,9910,0,0,0
737091,98,0,4433,9862,1,0,1
737092,103,0,6250,9783,1,0,1
737093,191,0,5774,-8017,1,0,1
737094,65535,255,3609,-8120,0,0,0
737095,81,0,38,-10525,1,0,1
737096,130,0,3563,9887,1,0,1
737097,88,0,5759,9788,1,0,1
737098,65535,255,6258,-7989,0,0,0
737099,122,0,4465,-8022,1,0,1
737100,65535,255,1344,-8247,0,0,0
737101,98,0,2522,9852,1,0,0
737102,65535,255,5170,9802,0,0,0
737103,65535,255,6672,-7981,0,0,0
737104,120,0,5175,-8046,1,0,1
737105,65535,255,2545,-8133,0,0,0
737106,65535,255,1315,10036,0,0,0
737107,65535,255,4460,9798,0,0,0
737108,65535,255,6264,9809,0,0,0
737109,65535,255,5758,-8032,0,0,0
737110,78,0,3579,-8053,1,0,0
737111,65535,255,28,3405,0,0,0
737112,65535,255,3598,9827,0,0,0
737113,65535,255,5774,9801,0,0,0
737114,155,0,6246,-8006,1,0,1
737115,65535,255,4445,-8097,0,0,0
737116,0,0,0,0,0,0,0
737117,65535,255,2559,9897,0,0,0
737118,0,0,0,0,0,0,0
737119,65535,255,6659,-7975,0,0,0
737120,65535,255,5152,-8021,0,0,0
737121,65535,255,2507,-8009,0,0,0
737122,25,0,1349,9809,1,0,1
737123,131,0,4474,9844,1,0,0
737124,65535,255,6270,9805,0,0,0
737125,65535,255,5747,-7996,0,0,0
737126,132,0,3567,-8121,1,0,0
737127,65535,255,51,4802,0,0,0
737128,165,0,3602,9836,1,0,0
737129,65535,255,5776,9784,0,0,0
737130,172,0,6244,-7979,1,0,0
737131,104,0,4445,-8079,1,0,0
737132,65535,255,1310,-8198,0,0,0
737133,49,0,2550,9773,1,0,1
737134,113,0,5181,9838,1,0,1
737135,65535,255,6664,-7968,0,0,0
737136,65535,255,5164,-8051,0,0,0
737137,94,2,2532,-8110,1,0,1
737138,65535,255,1322,10009,0,0,0
737139,65535,255,4461,9824,0,0,0
737140,105,0,6263,9786,1,0,1
737141,104,0,5759,-8039,1,0,1
737142,65535,255,3583,-8078,0,0,0
737143,65535,255,22,-15563,0,0,0
737144,65535,255,3585,9811,0,0,0
737145,65535,255,5767,9780,0,0,0
737146,65535,255,6251,-7975,0,0,0
737147,150,0,4455,-8072,1,0,1
737148,101,0,1332,-8196,1,0,0
737149,65535,255,2530,9797,0,0,0
737150,65535,255,5171,9799,0,0,0
737151,65535,255,6669,-7977,0,0,0
737152,65535,255,5171,-8032,0,0,0
737153,65535,255,2547,-8159,0,0,0
737154,65535,255,1310,9757,0,0,0
737155,65535,255,4447,9862,0,0,0
737156,120,0,6255,9809,1,0,1
737157,65535,255,5763,-8004,0,0,0
737158,65535,255,3593,-8019,0,0,0
737159,65535,255,22,-4406,0,0,0
737160,65535,255,3568,9896,0,0,0
737161,65535,255,5758,9823,0,0,0
737162,65535,255,6256,-8016,0,0,0
737163,85,0,4462,-8052,1,0,1
737164,65535,255,1343,-8147,0,0,0
737165,65535,255,2521,9773,0,0,0
737166,65535,255,5162,9844,0,0,0
737167,65535,255,6672,-7977,0,0,0
737168,65535,255,5176,-7999,0,0,0
737169,65535,255,2552,-7985,0,0,0
737170,65535,255,1299,9833,0,0,0
737171,0,0,0,0,0,0,0
737172,109,0,6253,9772,1,0,1
737173,176,0,5768,-8033,1,0,1
737174,105,0,3596,-8078,1,0,1
737175,65535,255,44,-12976,0,0,0
737176,65535,255,3568,9845,0,0,0
737177,65535,255,5758,9801,0,0,0
737178,108,0,6258,-8001,1,0,1
737179,115,0,4465,-8034,1,0,0
737180,65535,255,1343,-8071,0,0,0
737181,65535,255,2521,9747,0,0,0
737182,65535,255,5161,9844,0,0,0
737183,65535,255,6672,9781,0,0,0
737184,65535,255,5178,-8004,0,0,0
737185,67,0,2552,-8022,1,0,1
737186,65535,255,1298,9885,0,0,0
737187,65535,255,4444,9812,0,0,0
737188,65535,255,6253,9787,0,0,0
737189,0,0,0,0,0,0,0
737190,65535,255,3596,-8022,0,0,0
737191,0,0,0,0,0,0,0
737192,65535,255,3573,9777,0,0,0
737193,65535,255,5760,9772,0,0,0
737194,131,0,6255,-7982,1,0,1
737195,65535,255,4462,-8002,0,0,0
737196,125,2,1338,-7997,1,0,0
737197,52,2,2520,9911,1,0,1
737198,0,0,0,0,0,0,0
737199,65535,255,6671,-7977,0,0,0
737200,65535,255,5175,-8004,0,0,0
737201,93,0,2547,-8034,1,0,1
737202,65535,255,1304,9961,0,0,0
737203,65535,255,4451,9837,0,0,0
737204,65535,255,6256,9806,0,0,0
737205,65535,255,5764,-8012,0,0,0
737206,65535,255,3592,-8060,0,0,0
737207,0,0,0,0,0,0,0
737208,33,0,3576,9845,1,0,1
737209,114,0,5764,9810,1,0,1
737210,65535,255,6254,-8020,0,0,0
737211,65535,255,4458,-8071,0,0,0
737212,65535,255,1327,-7895,0,0,0
737213,125,0,2530,9886,1,0,0
737214,65535,255,5172,9828,0,0,0
737215,65535,255,6669,-7974,0,0,0
737216,135,0,5170,-8009,1,0,1
737217,102,0,2536,-8046,1,0,1
737218,0,0,0,0,0,0,0
737219,65535,255,4457,9856,0,0,0
737220,65535,255,6263,9789,0,0,0
737221,65535,255,5759,-8030,0,0,0
737222,65535,255,3583,-8103,0,0,0
737223,52,0,26,2249,1,0,1
737224,52,0,3594,9777,1,0,1
737225,128,0,5774,9780,1,0,1
737226,65535,255,6248,-7993,0,0,0
737227,78,2,4448,-8034,1,0,1
737228,0,0,0,0,0,0,0
737229,65535,255,2550,9823,0,0,0
737230,65535,255,5184,9808,0,0,0
737231,65535,255,6663,-7964,0,0,0
737232,65535,255,5162,-8026,0,0,0
737233,129,0,2522,-8021,1,0,0
737234,59,0,1338,9984,1,0,1
737235,65535,255,4470,9850,0,0,0
737236,157,0,6270,9791,1,0,1
737237,57,0,5750,-8034,1,0,1
737238,65535,255,3566,-8120,0,0,0
737239,65535,255,32,7393,0,0,0
737240,65535,255,3610,9802,0,0,0
737241,65535,255,5783,9793,0,0,0
737242,0,0,0,0,0,0,0
737243,65535,255,4435,-8065,0,0,0
737244,65535,255,1287,-7946,0,0,0
737245,65535,255,2569,9898,0,0,0
737246,65535,255,5195,9838,0,0,0
737247,65535,255,6657,-7990,0,0,0
737248,65535,255,5149,-8036,0,0,0
737249,65535,255,2502,-8148,0,0,0
737250,65535,255,1366,9834,0,0,0
737251,65535,255,4488,9818,0,0,0
737252,65535,255,6278,9802,0,0,0
737253,65535,255,5738,-8017,0,0,0
737254,65535,255,3545,-8087,0,0,0
737255,65535,255,68,6659,0,0,0
737256,65535,255,3632,9778,0,0,0
737257,82,2,5793,9784,1,0,0
737258,65535,255,6231,-8002,0,0,0
737259,65535,255,4415,-8034,0,0,0
737260,65535,255,1265,-7938,0,0,0
737261,58,2,2590,9811,1,0,0
737262,65535,255,5204,9843,0,0,0
737263,120,0,6650,-7958,1,0,1
737264,122,0,5141,-8025,1,0,1
737265,76,0,2487,-7995,1,0,1
737266,65535,255,1372,9736,0,0,0
737267,65535,255,4488,9836,0,0,0
737268,138,0,6279,9779,1,0,0
737269,205,0,5738,-8021,1,0,0
737270,65535,255,3550,-8018,0,0,0
737271,65535,255,59,6044,0,0,0
737272,36,0,3615,9828,1,0,1
737273,87,0,5784,9776,1,0,1
737274,103,0,6237,-8017,1,0,1
737275,78,0,4428,-8027,1,0,1
737276,65535,255,1287,-7941,0,0,0
737277,35,0,2565,9823,1,0,1
737278,96,0,5190,9825,1,0,1
737279,65535,255,6657,-7964,0,0,1
737280,76,0,5153,-8040,1,0,1
737281,65535,255,2512,-8033,0,0,0
737282,140,0,1349,9834,1,0,1
737283,74,0,4471,9862,1,0,1
737284,108,0,6269,9798,1,0,0
737285,63,0,5748,-8042,1,0,1
737286,65535,255,3566,-8069,0,0,0
737287,65535,255,18,9267,0,0,0
737288,103,0,3598,9887,1,0,1
737289,67,0,5773,9806,1,0,1
737290,149,0,6243,-7993,1,0,1
737291,65535,255,4442,-8090,0,0,0
737292,65535,255,1310,-8198,0,0,0
737293,101,0,2550,9761,1,0,0
737294,65535,255,5179,9828,0,0,0
737295,65535,255,6661,-7954,0,0,0
737296,148,0,5161,-8024,1,0,1
737297,65535,255,2527,-8008,0,0,0
737298,65535,255,1333,9783,0,0,0
737299,198,0,4461,9856,1,0,1
737300,62,0,6263,9798,1,0,1
737301,65535,255,5754,-8027,0,0,0
737302,65535,255,3579,-8077,0,0,0
737303,65535,255,10,-17067,0,0,0
737304,0,0,0,0,0,0,0
737305,65535,255,5768,9819,0,0,1
737306,65535,255,6249,-8004,0,0,0
737307,65535,255,4449,-8014,0,0,0
737308,118,2,1321,-7943,1,0,1
737309,98,2,2535,9836,1,0,0
737310,65535,255,5176,9777,0,0,0
737311,65535,255,6666,-7977,0,0,0
737312,65535,255,5170,-8060,0,0,0
737313,65535,255,2537,-8121,0,0,0
737314,65535,255,1316,10011,0,0,0
737315,65535,255,4454,9819,0,0,0
737316,65535,255,6259,9780,0,0,0
737317,65535,255,5760,-8029,0,0,0
737318,104,0,3583,-8051,1,0,1
737319,65535,255,6,-6332,0,0,0
737320,82,0,3579,9813,1,0,1
737321,101,0,5765,9819,1,0,1
737322,65535,255,6253,-8008,0,0,0
737323,193,0,4455,-8027,1,0,1
737324,96,0,1326,-7994,1,0,0
737325,65535,255,2530,9874,0,0,0
737326,65535,255,5173,9798,0,0,0
737327,65535,255,6669,-7992,0,0,0
737328,65535,255,5169,-8013,0,0,0
737329,65535,255,2542,-8008,0,0,0
737330,190,0,1315,9808,1,0,1
737331,65535,255,4454,9783,0,0,0
737332,121,0,6258,9776,1,0,1
737333,197,0,5766,-8033,1,0,0
737334,65535,255,3593,-8040,0,0,0
737335,65535,255,19,-5736,0,0,0
737336,76,0,3572,9808,1,0,1
737337,65535,255,5760,9794,0,0,0
737338,75,2,6260,-8004,1,0,1
737339,132,0,4468,-8055,1,0,1
737340,65535,255,1349,-8247,0,0,0
737341,110,0,2515,9870,1,0,0
737342,80,0,5161,9825,1,0,0
737343,65535,255,6671,9782,0,0,0
737344,65535,255,5183,-8012,0,0,0
737345,65535,255,2566,-8074,0,0,1
737346,65535,255,1288,9674,0,0,0
737347,65535,255,4441,9771,0,0,0
737348,71,0,6250,9773,1,0,1
737349,65535,255,5774,-8009,0,0,0
737350,65535,255,3613,-8021,0,0,0
737351,65535,255,47,-9319,0,0,0
737352,39,0,3555,9834,1,0,1
737353,120,0,5750,9812,1,0,1
737354,93,0,6267,-7996,1,0,1
737355,65535,255,4482,-8098,0,0,0
737356,65535,255,1365,-8050,0,0,0
737357,66,0,2501,9770,1,0,1
737358,0,0,0,0,0,0,0
737359,65535,255,6666,9785,0,0,0
737360,65535,255,5195,-8073,0,0,0
737361,31,0,2581,-8025,1,0,0
737362,65535,255,1271,9987,0,0,0
737363,65535,255,4427,9835,0,0,0
737364,54,0,6242,9800,1,0,1
737365,126,0,5783,-8005,1,0,1
737366,117,0,3626,-8038,1,0,1
737367,65535,255,64,-8491,0,0,0
737368,77,0,3542,9809,1,0,1
737369,65535,255,5743,9787,0,0,0
737370,163,0,6274,-7995,1,0,0
737371,65535,255,4495,-8029,0,0,0
737372,37,2,1394,-8075,1,0,0
737373,41,0,2475,9757,1,0,0
737374,65535,255,5141,9775,0,0,0
737375,65535,255,6659,9765,0,0,1
737376,155,0,5206,-8026,1,0,1
737377,88,0,2606,-8086,1,0,1
737378,54,0,1243,9642,1,0,1
737379,73,0,4407,9861,1,0,1
737380,65535,255,6233,9782,0,0,0
737381,65535,255,5795,-8026,0,0,0
737382,55,0,3650,-8087,1,0,1
737383,87,0,99,-5237,1,0,0
737384,65535,255,3517,9878,0,0,0
737385,65535,255,5729,9826,0,0,0
737386,65535,255,6282,-7973,0,0,0
737387,65535,255,4513,-8097,0,0,0
737388,65535,255,1417,-8004,0,0,0
737389,65535,255,2451,9925,0,0,0
737390,65535,255,5125,9842,0,0,0
737391,65535,255,6651,9759,0,0,0
737392,119,0,5218,-8025,1,0,1
737393,65535,255,2626,-8086,0,0,0
737394,65535,255,1226,9694,0,0,0
737395,69,0,4397,9772,1,0,1
737396,67,0,6227,9771,1,0,0
737397,65535,255,5803,-8047,0,0,0
737398,79,0,3660,-8067,1,0,1
737399,104,2,110,-7723,1,0,1
737400,94,2,3509,9801,1,0,1
737401,65535,255,5722,9792,0,0,0
737402,65535,255,6288,-8005,0,0,0
737403,86,0,4519,-8053,1,0,1
737404,65535,255,1434,-8237,0,0,0
737405,75,0,2441,9860,1,0,1
737406,90,0,5119,9822,1,0,1
737407,119,2,6646,9800,1,0,0
737408,65535,255,5221,-8010,0,0,0
737409,67,0,2636,-8073,1,0,1
737410,67,0,1215,9666,1,0,1
737411,65535,255,4391,9773,0,0,0
737412,88,0,6221,9775,1,0,1
737413,65535,255,5803,-7987,0,0,0
737414,65535,255,3666,-8021,0,0,0
737415,70,0,123,-8851,1,0,1
737416,65535,255,3500,9844,0,0,0
737417,75,0,5717,9814,1,0,1
737418,155,0,6289,-7972,1,0,1
737419,135,0,4521,-8054,1,0,1
737420,160,0,1434,-8050,1,0,1
737421,111,0,2436,9769,1,0,1
737422,130,0,5116,9791,1,0,1
737423,98,0,6644,9783,1,0,1
737424,135,0,5227,-8066,1,0,1
737425,102,0,2636,-8024,1,0,1
737426,89,0,1203,9996,1,0,1
737427,145,0,4383,9862,1,0,1
737428,97,0,6221,9768,1,0,1
737429,151,0,5804,-8003,1,0,1
737430,81,0,3666,-8020,1,0,1
737431,65535,255,123,-8851,0,0,0
737432,65535,255,3496,9845,0,0,0
737433,65535,255,5717,9819,0,0,0
737434,145,0,6289,-7979,1,0,1
737435,146,0,4519,-8021,1,0,1
737436,65535,255,1433,-8120,0,0,0
737437,65535,255,2436,9822,0,0,0
737438,65535,255,5116,9817,0,0,0
737439,85,0,6644,9800,1,0,1
737440,65535,255,5224,-8019,0,0,0
737441,73,0,2636,-8109,1,0,1
737442,65535,255,1209,9775,0,0,0
737443,65535,255,4390,9811,0,0,0
737444,142,0,6221,9802,1,0,1
737445,65535,255,5803,-8021,0,0,0
737446,80,0,3666,-8101,1,0,1
737447,41,0,116,-8032,1,0,1
737448,103,0,3504,9836,1,0,1
737449,65535,255,5721,9815,0,0,0
737450,217,0,6286,-7979,1,0,1
737451,101,0,4516,-8021,1,0,1
737452,65535,255,1428,-8144,0,0,0
737453,65535,255,2446,9848,0,0,0
737454,72,0,5121,9828,1,0,1
737455,55,0,6649,9760,1,0,1
737456,65535,255,5221,-8040,0,0,0
737457,65535,255,2626,-8157,0,0,0
737458,65535,255,1220,9994,0,0,0
737459,65535,255,4397,9862,0,0,0
737460,87,0,6229,9775,1,0,1
737461,65535,255,5798,-7995,0,0,0
737462,75,0,3654,-8052,1,0,1
737463,65535,255,110,-5520,0,0,0
737464,65535,255,3517,9767,0,0,1
737465,129,0,5731,9788,1,0,0
737466,65535,255,6284,-8011,0,0,0
737467,100,0,4509,-8084,1,0,1
737468,102,0,1411,-8049,1,0,0
737469,80,0,2461,9796,1,0,1
737470,109,2,5133,9812,1,0,1
737471,65535,255,6654,9804,0,0,1
737472,65535,255,5212,-8030,0,0,0
737473,165,0,2611,-8158,1,0,1
737474,138,0,1236,9912,1,0,0
737475,167,0,4410,9856,1,0,1
737476,0,0,0,0,0,0,0
737477,65535,255,5790,-7995,0,0,0
737478,116,0,3642,-8061,1,0,1
737479,108,0,84,-5550,1,0,1
737480,62,0,3534,9785,1,0,1
737481,125,0,5740,9801,1,0,1
737482,65535,255,6276,-7995,0,0,0
737483,76,0,4495,-8015,1,0,1
737484,65535,255,1394,-8169,0,0,0
737485,65535,255,2480,9873,0,0,0
737486,65535,255,5144,9843,0,0,0
737487,65535,255,6663,9777,0,0,0
737488,168,2,5199,-8036,1,0,1
737489,71,0,2591,-8060,1,0,1
737490,94,0,1265,9752,1,0,1
737491,65535,255,4427,9818,0,0,0
737492,94,2,6244,9809,1,0,0
737493,65535,255,5781,-8042,0,0,0
737494,65535,255,3617,-8027,0,0,0
737495,65535,255,62,-11331,0,0,0
737496,66,0,3554,9797,1,0,1
737497,106,0,5752,9792,1,0,1
737498,160,0,6265,-8008,1,0,1
737499,65535,255,4475,-8015,0,0,0
737500,91,0,1360,-8171,1,0,0
737501,65535,255,2505,9886,0,0,0
737502,65535,255,5161,9784,0,0,0
737503,65535,255,6672,9780,0,0,0
737504,157,0,5183,-8004,1,0,1
737505,65535,255,2562,-8097,0,0,0
737506,0,0,0,0,0,0,0
737507,65535,255,4447,9843,0,0,0
737508,65535,255,6256,9771,0,0,0
737509,65535,255,5766,-8000,0,0,0
737510,132,0,3592,-8078,1,0,1
737511,65535,255,22,-2224,0,0,0
737512,65535,255,3581,9827,0,0,0
737513,86,0,5765,9827,1,0,1
737514,65535,255,6252,-7998,0,0,0
737515,65535,255,4455,-8072,0,0,0
737516,65535,255,1321,-8047,0,0,0
737517,65535,255,2540,9823,0,0,0
737518,0,0,0,0,0,0,0
737519,65535,255,6666,-8000,0,0,0
737520,65535,255,5162,-8030,0,0,0
737521,0,0,0,0,0,0,0
737522,138,2,1338,9833,1,0,0
737523,0,0,0,0,0,0,0
737524,65535,255,6271,9775,0,0,0
737525,65535,255,5747,-8009,0,0,0
737526,76,0,3562,-8053,1,0,1
737527,0,0,0,0,0,0,0
737528,65535,255,3602,9861,0,0,0
737529,65535,255,5775,9792,0,0,0
737530,65535,255,6243,-7975,0,0,0
737531,119,0,4445,-8059,1,0,1
737532,0,0,0,0,0,0,0
737533,65535,255,2545,9873,0,0,0
737534,131,0,5179,9792,1,0,1
737535,65535,255,6666,-7981,0,0,1
737536,154,0,5167,-8061,1,0,1
737537,65535,255,2532,-8097,0,0,0
737538,65535,255,1321,9934,0,0,0
737539,65535,255,4458,9793,0,0,0
737540,65535,255,6260,9784,0,0,0
737541,65535,255,5760,-8000,0,0,0
737542,65535,255,3588,-8120,0,0,0
737543,65535,255,35,-15194,0,0,0
737544,137,0,3577,9811,1,0,1
737545,90,0,5762,9784,1,0,1
737546,65535,255,6255,-8016,0,0,0
737547,65535,255,4462,-8034,0,0,0
737548,65535,255,1338,-7971,0,0,0
737549,0,0,0,0,0,0,0
737550,65535,255,5165,9782,0,0,0
737551,65535,255,6671,9776,0,0,0
737552,76,0,5181,-8060,1,0,1
737553,0,0,0,0,0,0,0
737554,65535,255,1293,9988,0,0,0
737555,65535,255,4441,9812,0,0,0
737556,50,0,6251,9772,1,0,1
737557,65535,255,5770,-8021,0,0,0
737558,106,0,3605,-8035,1,0,1
737559,65535,255,39,-5211,0,0,0
737560,65535,255,3555,9871,0,0,0
737561,29,0,5751,9802,1,0,1
737562,65535,255,6263,-7993,0,0,0
737563,65535,255,4477,-8068,0,0,0
737564,65535,255,1366,-8267,0,0,0
737565,65535,255,2500,9798,0,0,0
737566,152,0,5153,9830,1,0,1
737567,65535,255,6665,9797,0,0,0
737568,65535,255,5190,-8055,0,0,0
737569,65535,255,2576,-8109,0,0,0
737570,65535,255,1271,10016,0,0,0
737571,0,0,0,0,0,0,0
737572,95,0,6245,9780,1,0,1
737573,65535,255,5779,-8033,0,0,0
737574,141,0,3622,-8068,1,0,1
737575,65535,255,59,-9085,0,0,0
737576,65535,255,3547,9786,0,0,0
737577,0,0,0,0,0,0,0
737578,65535,255,6271,-8019,0,0,0
737579,80,0,4485,-8046,1,0,1
737580,65535,255,1377,-8072,0,0,0
737581,65535,255,2485,9913,0,0,0
737582,65535,255,5147,9818,0,0,0
737583,65535,255,6662,9781,0,0,0
737584,117,0,5198,-8029,1,0,1
737585,100,0,2591,-8059,1,0,1
737586,55,0,1259,9912,1,0,0
737587,65535,255,4420,9806,0,0,0
737588,104,0,6241,9772,1,0,1
737589,201,2,5786,-8029,1,0,1
737590,137,0,3630,-8060,1,0,1
737591,65535,255,70,-8927,0,0,0
737592,65535,255,3538,9794,0,0,0
737593,71,0,5741,9786,1,0,1
737594,65535,255,6273,-7995,0,0,0
737595,182,0,4496,-8064,1,0,1
737596,65535,255,1388,-8167,0,0,0
737597,171,0,2481,9772,1,0,1
737598,65535,255,5141,9844,0,0,1
737599,65535,255,6660,9798,0,0,0
737600,65535,255,5206,-8064,0,0,0
737601,65535,255,2601,-8145,0,0,0
737602,65535,255,1254,9727,0,0,0
737603,65535,255,4414,9857,0,0,0
737604,87,0,6236,9807,1,0,1
737605,65535,255,5788,-8003,0,0,0
737606,65535,255,3633,-8019,0,0,0
737607,65535,255,78,-6681,0,0,0
737608,90,0,3529,9889,1,0,1
737609,65535,255,5738,9820,0,0,0
737610,65535,255,6276,-8015,0,0,0
737611,65535,255,4499,-8051,0,0,0
737612,78,0,1394,-8120,1,0,1
737613,65535,255,2476,9759,0,0,0
737614,144,2,5138,9844,1,0,1
737615,65535,255,6657,9801,0,0,0
737616,65535,255,5204,-8029,0,0,0
737617,65535,255,2604,-8111,0,0,0
737618,65535,255,1248,9778,0,0,0
737619,65535,255,4417,9780,0,0,0
737620,65535,255,6238,9765,0,0,0
737621,160,0,5790,-8024,1,0,0
737622,65535,255,3638,-8060,0,0,0
737623,65535,255,83,-9201,0,0,0
737624,151,0,3535,9811,1,0,1
737625,182,0,5739,9784,1,0,1
737626,65535,255,6277,-7985,0,0,0
737627,65535,255,4498,-8001,0,0,0
737628,153,0,1393,-7974,1,0,0
737629,65535,255,2472,9886,0,0,0
737630,78,0,5140,9813,1,0,1
737631,65535,255,6659,9784,0,0,1
737632,106,0,5206,-8049,1,0,1
737633,142,0,2600,-8119,1,0,0
737634,108,0,1255,9697,1,0,1
737635,65535,255,4411,9863,0,0,0
737636,65535,255,6236,9814,0,0,0
737637,65535,255,5787,-8015,0,0,0
737638,65535,255,3637,-8051,0,0,0
737639,65535,255,76,-9266,0,0,0
737640,65535,255,3535,9810,0,0,0
737641,65535,255,5740,9784,0,0,0
737642,65535,255,6275,-7989,0,0,0
737643,65535,255,4495,-8013,0,0,0
737644,106,0,1393,-7998,1,0,1
737645,65535,255,2472,9911,0,0,0
737646,65535,255,5140,9828,0,0,0
737647,65535,255,6658,9797,0,0,0
737648,65535,255,5201,-8023,0,0,0
737649,65535,255,2596,-7996,0,0,0
737650,65535,255,1254,9830,0,0,0
737651,65535,255,4418,9799,0,0,0
737652,65535,255,6238,9780,0,0,0
737653,208,2,5784,-8022,1,0,0
737654,65535,255,3633,-8116,0,0,0
737655,65535,255,75,-5671,0,0,0
737656,150,0,3535,9887,1,0,1
737657,65535,255,5740,9827,0,0,0
737658,65535,255,6270,-7969,0,0,0
737659,65535,255,4491,-8077,0,0,0
737660,65535,255,1382,-7920,0,0,0
737661,65535,255,2482,9860,0,0,0
737662,65535,255,5146,9813,0,0,0
737663,65535,255,6662,9787,0,0,0
737664,110,2,5197,-8059,1,0,1
737665,65535,255,2590,-8168,0,0,0
737666,65535,255,1266,9830,0,0,1
737667,127,0,4425,9799,1,0,1
737668,65535,255,6243,9780,0,0,0
737669,65535,255,5778,-7984,0,0,0
737670,65535,255,3621,-8064,0,0,0
737671,139,0,60,-6189,1,0,1
737672,79,0,3548,9776,1,0,1
737673,65535,255,5747,9776,0,0,0
737674,65535,255,6266,-7985,0,0,0
737675,65535,255,4481,-8013,0,0,0
737676,65535,255,1370,-8045,0,0,0
737677,102,0,2496,9757,1,0,1
737678,65535,255,5152,9824,0,0,0
737679,65535,255,6666,9762,0,0,0
737680,136,0,5189,-8023,1,0,0
737681,65535,255,2570,-8082,0,0,0
737682,65535,255,1284,9675,0,0,0
737683,65535,255,4432,9869,0,0,0
737684,65535,255,6249,9765,0,0,0
737685,158,0,5773,-8036,1,0,1
737686,65535,255,3608,-8110,0,0,0
737687,65535,255,42,-4408,0,0,0
737688,65535,255,3561,9768,0,0,0
737689,88,0,5754,9776,1,0,1
737690,65535,255,6260,-7989,0,0,0
737691,65535,255,4468,-8026,0,0,0
737692,65535,255,1348,-8119,0,0,0
737693,65535,255,2516,9798,0,0,1
737694,65535,255,5162,9798,0,0,0
737695,65535,255,6672,9784,0,0,0
737696,0,0,0,0,0,0,0
737697,65535,255,2561,-8011,0,0,0
737698,173,2,1288,9957,1,0,1
737699,65535,255,4438,9846,0,0,0
737700,107,0,6249,9785,1,0,1
737701,156,2,5773,-8031,1,0,1
737702,65535,255,3612,-8113,0,0,0
737703,142,2,42,-6203,1,0,0
737704,123,0,3556,9799,1,0,1
737705,53,0,5752,9795,1,0,1
737706,65535,255,6265,-8014,0,0,0
737707,65535,255,4478,-8073,0,0,0
737708,65535,255,1365,-7951,0,0,0
737709,65535,255,2497,9916,0,0,0
737710,65535,255,5154,9775,0,0,0
737711,65535,255,6667,9775,0,0,0
737712,65535,255,5193,-8057,0,0,0
737713,65535,255,2575,-7999,0,0,0
737714,65535,255,1271,9959,0,0,0
737715,142,0,4428,9854,1,0,1
737716,130,0,6246,9765,1,0,1
737717,65535,255,5781,-8044,0,0,0
737718,0,0,0,0,0,0,0
737719,65535,255,60,-9607,0,0,0
737720,108,0,3547,9851,1,0,1
737721,79,0,5745,9825,1,0,1
737722,65535,255,6270,-7984,0,0,0
737723,65535,255,4485,-8035,0,0,0
737724,65535,255,1377,-8196,0,0,0
737725,65535,255,2490,9872,0,0,0
737726,97,0,5149,9837,1,0,1
737727,65535,255,6665,9766,0,0,0
737728,136,0,5197,-8047,1,0,1
737729,65535,255,2586,-8000,0,0,0
737730,144,0,1265,10041,1,0,1
737731,157,0,4427,9779,1,0,1
737732,65535,255,6244,9785,0,0,0
737733,170,0,5783,-8005,1,0,1
737734,65535,255,3625,-8079,0,0,0
737735,110,0,65,-5304,1,0,1
737736,120,0,3547,9800,1,0,0
737737,144,0,5746,9804,1,0,1
737738,129,0,6271,-7997,1,0,1
737739,121,0,4485,-8010,1,0,0
737740,65535,255,1377,-8146,0,0,0
737741,65535,255,2490,9860,0,0,0
737742,186,0,5147,9837,1,0,1
737743,65535,255,6665,9766,0,0,0
737744,0,0,0,0,0,0,0
737745,65535,255,2586,-8024,0,0,0
737746,65535,255,1268,9787,0,0,0
737747,120,0,4427,9785,1,0,1
737748,65535,255,6244,9793,0,0,0
737749,117,0,5781,-8018,1,0,1
737750,65535,255,3625,-8111,0,0,0
737751,102,2,58,-8513,1,0,1
737752,82,0,3547,9852,1,0,1
737753,65535,255,5748,9769,0,0,0
737754,65535,255,6268,-7998,0,0,0
737755,64,0,4485,-8067,1,0,1
737756,132,2,1371,-8002,1,0,0
737757,105,2,2495,9796,1,0,0
737758,141,0,5153,9816,1,0,1
737759,65535,255,6668,9757,0,0,1
737760,65535,255,5192,-8047,0,0,0
737761,65535,255,2576,-8012,0,0,0
737762,104,0,1281,9771,1,0,0
737763,65535,255,4434,9791,0,0,0
737764,65535,255,6247,9801,0,0,0
737765,65535,255,5776,-8035,0,0,0
737766,172,0,3609,-8021,1,0,1
737767,65535,255,52,-12010,0,0,0
737768,68,0,3560,9767,1,0,0
737769,95,0,5753,9796,1,0,1
737770,65535,255,6263,-8002,0,0,0
737771,63,0,4472,-8023,1,0,1
737772,78,0,1360,-8244,1,0,0
737773,99,0,2510,9922,1,0,0
737774,65535,255,5162,9791,0,0,0
737775,65535,255,6670,9795,0,0,0
737776,110,0,5181,-8027,1,0,1
737777,125,0,2562,-8172,1,0,1
737778,139,0,1293,10011,1,0,0
737779,100,0,4444,9785,1,0,0
737780,84,0,6255,9801,1,0,1
737781,179,0,5767,-8035,1,0,1
737782,135,0,3596,-8028,1,0,0
737783,119,0,48,-6506,1,0,1
737784,238,0,3576,9793,1,0,1
737785,112,0,5762,9808,1,0,1
737786,140,0,6255,-7983,1,0,1
737787,189,0,4459,-8054,1,0,1
737788,164,0,1326,-7973,1,0,1
737789,156,0,2535,9797,1,0,1
737790,122,0,5173,9821,1,0,1
737791,65535,255,6668,-7995,0,0,0
737792,92,0,5170,-8067,1,0,1
737793,67,0,2537,-8073,1,0,1
737794,150,0,1327,9832,1,0,1
737795,252,0,4461,9849,1,0,1
737796,137,0,6265,9778,1,0,1
737797,191,0,5752,-8014,1,0,0
737798,160,0,3575,-8122,1,0,1
737799,99,0,14,6559,1,0,1
737800,153,0,3593,9860,1,0,1
737801,100,0,5775,9779,1,0,1
737802,65535,255,6244,-8019,0,0,0
737803,125,0,4438,-8017,1,0,1
737804,79,0,1304,-8230,1,0,1
737805,108,0,2560,9842,1,0,1
737806,200,0,5191,9807,1,0,1
737807,65535,255,6658,-7986,0,0,1
737808,91,0,5153,-8058,1,0,1
737809,125,0,2502,-8061,1,0,1
737810,92,0,1361,9809,1,0,1
737811,101,0,4481,9848,1,0,1
737812,65535,255,6277,9783,0,0,0
737813,65535,255,5738,-7998,0,0,0
737814,172,0,3553,-8108,1,0,1
737815,146,0,54,5751,1,0,1
737816,132,0,3611,9852,1,0,1
737817,122,0,5782,9796,1,0,1
737818,127,0,6239,-7988,1,0,1
737819,65535,255,4435,-8093,0,0,0
737820,108,0,1298,-8255,1,0,1
737821,88,0,2560,9811,1,0,1
737822,111,0,5190,9776,1,0,1
737823,65535,255,6661,-7979,0,0,1
737824,167,0,5157,-8063,1,0,1
737825,149,0,2522,-8162,1,0,1
737826,87,0,1338,9736,1,0,1
737827,118,0,4468,9855,1,0,1
737828,92,0,6265,9802,1,0,1
737829,143,0,5752,-7997,1,0,1
737830,118,0,3579,-8131,1,0,1
737831,65535,255,38,2747,0,0,0
737832,65535,255,3589,9862,0,0,0
737833,65535,255,5770,9801,0,0,0
737834,207,0,6249,-7999,1,0,1
737835,65535,255,4451,-8017,0,0,0
737836,157,0,1320,-7973,1,0,1
737837,124,0,2535,9874,1,0,1
737838,204,0,5176,9807,1,0,1
737839,65535,255,6670,-8001,0,0,1
737840,131,0,5172,-8026,1,0,1
737841,65535,255,2542,-8061,0,0,0
737842,91,0,1310,9936,1,0,1
737843,0,0,0,0,0,0,0
737844,65535,255,6259,9779,0,0,0
737845,0,0,0,0,0,0,0
737846,65535,255,3592,-8088,0,0,0
737847,65535,255,38,-14364,0,0,0
737848,141,0,3576,9828,1,0,1
737849,115,0,5762,9789,1,0,1
737850,65535,255,6256,-7987,0,0,0
737851,135,0,4466,-8036,1,0,1
737852,65535,255,1343,-7952,0,0,0
737853,94,0,2520,9861,1,0,0
737854,65535,255,5165,9802,0,0,0
737855,65535,255,6674,9777,0,0,0
737856,65535,255,5181,-8037,0,0,0
737857,65535,255,2561,-8086,0,0,0
737858,65535,255,1293,9990,0,0,0
737859,60,0,4441,9831,1,0,1
737860,65535,255,6253,9795,0,0,0
737861,65535,255,5771,-7992,0,0,0
737862,113,0,3609,-8121,1,0,1
737863,65535,255,46,-2987,0,0,0
737864,65535,255,3564,9879,0,0,0
737865,0,0,0,0,0,0,0
737866,65535,255,6262,-8013,0,0,0
737867,111,0,4475,-8048,1,0,1
737868,65535,255,1360,-8148,0,0,0
737869,65535,255,2511,9786,0,0,0
737870,65535,255,5159,9777,0,0,0
737871,65535,255,6670,9761,0,0,1
737872,65535,255,5186,-8011,0,0,0
737873,0,0,0,0,0,0,0
737874,0,0,0,0,0,0,0
737875,0,0,0,0,0,0,0
737876,65535,255,6249,9788,0,0,0
737877,65535,255,5774,-7987,0,0,0
737878,78,0,3613,-8120,1,0,1
737879,189,0,47,-4984,1,0,0
737880,0,0,0,0,0,0,0
737881,153,0,5750,9827,1,0,1
737882,65535,255,6265,-7996,0,0,0
737883,0,0,0,0,0,0,0
737884,65535,255,1363,-8137,0,0,0
737885,166,0,2500,9861,1,0,0
737886,65535,255,5156,9808,0,0,0
737887,65535,255,6669,9784,0,0,0
737888,65535,255,5189,-8056,0,0,0
737889,184,0,2576,-8146,1,0,1
737890,65535,255,1282,9781,0,0,0
737891,114,0,4434,9787,1,0,1
737892,65535,255,6249,9772,0,0,0
737893,65535,255,5776,-8038,0,0,0
737894,239,0,3614,-8111,1,0,1
737895,65535,255,50,-4404,0,0,0
737896,65535,255,3555,9888,0,0,0
737897,0,0,0,0,0,0,0
737898,65535,255,6263,-7974,0,0,0
737899,65535,255,4479,-8096,0,0,0
737900,65535,255,1360,-7975,0,0,0
737901,65535,255,2501,9913,0,0,0
737902,65535,255,5156,9833,0,0,0
737903,65535,255,6667,9786,0,0,1
737904,65535,255,5186,-8010,0,0,0
737905,65535,255,2566,-8047,0,0,0
737906,65535,255,1282,9991,0,0,0
737907,179,2,4434,9851,1,0,0
737908,65535,255,6249,9810,0,0,0
737909,117,0,5771,-8021,1,0,1
737910,65535,255,3609,-8077,0,0,0
737911,65535,255,59,-2678,0,0,0
737912,65535,255,3560,9879,0,0,0
737913,104,0,5753,9827,1,0,1
737914,65535,255,6261,-7978,0,0,0
737915,65535,255,4469,-8009,0,0,0
737916,65535,255,1348,-8048,0,0,0
737917,65535,255,2516,9761,0,0,0
737918,65535,255,5162,9777,0,0,0
737919,65535,255,6671,9771,0,0,0
737920,65535,255,5181,-8040,0,0,0
737921,65535,255,2561,-8134,0,0,0
737922,65535,255,1299,9782,0,0,0
737923,52,0,4445,9799,1,0,1
737924,172,0,6254,9791,1,0,1
737925,80,0,5767,-7999,1,0,1
737926,114,0,3596,-8044,1,0,1
737927,65535,255,36,-13151,0,0,0
737928,66,2,3573,9854,1,0,0
737929,0,0,0,0,0,0,0
737930,65535,255,6254,-7975,0,0,0
737931,65535,255,4458,-8009,0,0,0
737932,65535,255,1332,-8047,0,0,0
737933,176,0,2530,9774,1,0,1
737934,200,0,5171,9792,1,0,1
737935,65535,255,6668,-7955,0,0,1
737936,99,0,5172,-8061,1,0,1
737937,65535,255,2542,-7998,0,0,0
737938,65535,255,1316,9936,0,0,0
737939,65535,255,4454,9844,0,0,0
737940,0,0,0,0,0,0,0
737941,82,2,5759,-8034,1,0,0
737942,65535,255,3583,-8121,0,0,0
737943,65535,255,7,1104,0,0,0
737944,0,0,0,0,0,0,0
737945,65535,255,5770,9806,0,0,0
737946,169,0,6249,-8020,1,0,1
737947,196,0,4448,-8091,1,0,1
737948,65535,255,1309,-7996,0,0,0
737949,0,0,0,0,0,0,0
737950,91,0,5185,9787,1,0,1
737951,65535,255,6662,-7958,0,0,0
737952,52,0,5161,-8066,1,0,1
737953,65535,255,2517,-8022,0,0,0
737954,65535,255,1339,10009,0,0,0
737955,65535,255,4472,9868,0,0,0
737956,65535,255,6271,9776,0,0,0
737957,65535,255,5747,-7987,0,0,0
737958,95,0,3562,-8036,1,0,1
737959,65535,255,40,14205,0,0,0
737960,65535,255,3611,9870,0,0,0
737961,65535,255,5781,9831,0,0,0
737962,127,0,6238,-7990,1,0,1
737963,111,0,4431,-8040,1,0,0
737964,65535,255,1287,-8228,0,0,0
737965,108,2,2574,9886,1,0,1
737966,65535,255,5198,9838,0,0,0
737967,65535,255,6654,-7981,0,0,1
737968,65535,255,5149,-8061,0,0,0
737969,132,2,2502,-8110,1,0,0
737970,191,2,1361,9982,1,0,0
737971,65535,255,4485,9805,0,0,0
737972,65535,255,6277,9768,0,0,0
737973,65535,255,5745,-8009,0,0,0
737974,65535,255,3553,-8010,0,0,0
737975,65535,255,54,4853,0,0,0
737976,65535,255,3611,9836,0,0,0
737977,0,0,0,0,0,0,0
737978,131,0,6240,-7992,1,0,1
737979,65535,255,4435,-8053,0,0,0
737980,65535,255,1297,-8047,0,0,0
737981,65535,255,2560,9886,0,0,0
737982,65535,255,5190,9797,0,0,0
737983,65535,255,6662,-7987,0,0,0
737984,65535,255,5157,-7999,0,0,0
737985,65535,255,2522,-8148,0,0,0
737986,65535,255,1345,9686,0,0,0
737987,344,2,4471,9837,1,0,1
737988,65535,255,6268,9783,0,0,0
737989,149,2,5753,-8034,1,0,1
737990,0,0,0,0,0,0,0
737991,65535,255,13,8964,0,0,1
737992,174,0,3595,9870,1,0,1
737993,133,0,5773,9814,1,0,0
737994,65535,255,6247,-7998,0,0,0
737995,65535,255,4447,-8009,0,0,0
737996,65535,255,1314,-7893,0,0,0
737997,65535,255,2546,9823,0,0,0
737998,95,0,5183,9771,1,0,1
737999,65535,255,6665,-7974,0,0,0
738000,65535,255,5168,-8061,0,0,0
738001,65535,255,2536,-8109,0,0,0
738002,91,0,1322,10008,1,0,1
738003,285,2,4462,9824,1,0,1
738004,65535,255,6264,9779,0,0,0
738005,169,0,5758,-8029,1,0,1
738006,64,0,3582,-8052,1,0,1
738007,70,0,2,3249,1,0,1
738008,38,0,3585,9793,1,0,1
738009,65535,255,5766,9818,0,0,0
738010,307,2,6253,-8008,1,0,1
738011,65535,255,4454,-8027,0,0,0
738012,65535,255,1325,-7995,0,0,0
738013,65535,255,2531,9873,0,0,0
738014,116,0,5174,9797,1,0,1
738015,65535,255,6669,-7990,0,0,0
738016,109,0,5171,-8008,1,0,1
738017,118,0,2540,-7996,1,0,1
738018,65535,255,1311,9781,0,0,0
738019,195,0,4452,9869,1,0,1
738020,65535,255,6258,9810,0,0,0
738021,65535,255,5760,-7999,0,0,0
738022,65535,255,3588,-8046,0,0,0
738023,110,0,38,-711,1,0,1
738024,139,0,3578,9853,1,0,1
738025,130,0,5761,9798,1,0,1
738026,65535,255,6253,-7993,0,0,0
738027,65535,255,4457,-8019,0,0,0
738028,118,0,1331,-7895,1,0,1
738029,90,0,2526,9835,1,0,1
738030,107,0,5169,9786,1,0,0
738031,65535,255,6671,-7986,0,0,0
738032,65535,255,5174,-8004,0,0,0
738033,65535,255,2546,-7996,0,0,0
738034,207,0,1305,9807,1,0,0
738035,168,0,4449,9774,1,0,1
738036,210,0,6255,9814,1,0,0
738037,65535,255,5763,-8011,0,0,0
738038,65535,255,3591,-8026,0,0,0
738039,65535,255,21,-4070,0,0,0
738040,150,0,3569,9896,1,0,0
738041,91,0,5759,9823,1,0,1
738042,59,0,6256,-8015,1,0,1
738043,65535,255,4461,-8045,0,0,0
738044,65535,255,1342,-8096,0,0,0
738045,153,0,2524,9785,1,0,1
738046,121,0,5166,9833,1,0,0
738047,65535,255,6672,-7970,0,0,0
738048,92,2,5177,-8060,1,0,0
738049,213,0,2551,-8145,1,0,1
738050,65535,255,1306,9730,0,0,0
738051,65535,255,4445,9863,0,0,0
738052,118,0,6254,9810,1,0,1
738053,195,0,5763,-8007,1,0,1
738054,65535,255,3591,-8025,0,0,0
738055,78,2,18,-5586,1,0,0
738056,114,0,3574,9777,1,0,1
738057,55,0,5760,9809,1,0,1
738058,215,0,6253,-7970,1,0,1
738059,65535,255,4464,-8087,0,0,0
738060,110,0,1337,-7999,1,0,1
738061,97,0,2521,9770,1,0,1
738062,197,0,5166,9794,1,0,1
738063,65535,255,6672,-7963,0,0,0
738064,168,0,5177,-8002,1,0,1
738065,65535,255,2555,-8061,0,0,0
738066,65535,255,1300,9700,0,0,1
738067,149,0,4446,9796,1,0,1
738068,82,0,6253,9792,1,0,1
738069,65535,255,5768,-8014,0,0,0
738070,65535,255,3604,-8088,0,0,0
738071,65535,255,34,-4630,0,0,0
738072,140,0,3565,9808,1,0,0
738073,65535,255,5757,9807,0,0,1
738074,65535,255,6260,-7988,0,0,0
738075,65535,255,4467,-8011,0,0,0
738076,65535,255,1348,-8148,0,0,0
738077,65535,255,2511,9846,0,0,0
738078,93,0,5160,9831,1,0,1
738079,65535,255,6672,9765,0,0,0
738080,65535,255,5182,-8052,0,0,0
738081,65535,255,2560,-7999,0,0,0
738082,65535,255,1289,10011,0,0,0
738083,78,0,4442,9778,1,0,1
738084,65535,255,6252,9785,0,0,0
738085,65535,255,5770,-8010,0,0,0
738086,65535,255,3603,-8088,0,0,0
738087,65535,255,31,-5660,0,0,0
738088,112,0,3564,9826,1,0,1
738089,184,0,5756,9821,1,0,1
738090,65535,255,6260,-7985,0,0,0
738091,65535,255,4471,-8043,0,0,0
738092,65535,255,1349,-7931,0,0,0
738093,65535,255,2513,9815,0,0,0
738094,151,0,5164,9795,1,0,1
738095,65535,255,6673,9794,0,0,0
738096,65535,255,5183,-8022,0,0,0
738097,194,0,2561,-8149,1,0,0
738098,65535,255,1299,9935,0,0,0
738099,89,0,4444,9861,1,0,1
738100,147,0,6255,9781,1,0,1
738101,65535,255,5768,-8010,0,0,0
738102,65535,255,3600,-8106,0,0,0
738103,62,0,23,-7732,1,0,0
738104,65535,255,3572,9860,0,0,0
738105,65535,255,5762,9773,0,0,0
738106,161,2,6259,-8007,1,0,1
738107,65535,255,4468,-8093,0,0,0
738108,65535,255,1343,-8124,0,0,0
738109,65535,255,2525,9872,0,0,0
738110,152,0,5170,9805,1,0,1
738111,65535,255,6673,-7960,0,0,1
738112,65535,255,5174,-8012,0,0,0
738113,65535,255,2551,-8124,0,0,0
738114,65535,255,1310,9909,0,0,0
738115,172,0,4454,9867,1,0,1
738116,65535,255,6260,9789,0,0,0
738117,0,0,0,0,0,0,0
738118,62,0,3588,-8023,1,0,1
738119,170,0,34,-16202,1,0,0
738120,65535,255,3589,9775,0,0,0
738121,65535,255,5769,9804,0,0,0
738122,65535,255,6252,-7981,0,0,0
738123,198,0,4454,-8054,1,0,0
738124,42,0,1320,-7973,1,0,1
738125,50,0,2545,9809,1,0,1
738126,111,0,5178,9832,1,0,1
738127,65535,255,6666,-7988,0,0,0
738128,148,0,5163,-8007,1,0,1
738129,57,0,2527,-8124,1,0,1
738130,177,0,1333,9958,1,0,1
738131,298,2,4471,9785,1,0,1
738132,104,0,6268,9801,1,0,1
738133,154,0,5752,-8045,1,0,1
738134,65535,255,3566,-8055,0,0,1
738135,65535,255,30,6031,0,0,0
738136,65535,255,3607,9818,0,0,0
738137,266,0,5779,9787,1,0,1
738138,164,2,6244,-7988,1,0,0
738139,76,2,4441,-8015,1,0,1
738140,185,0,1303,-7971,1,0,0
738141,65535,255,2550,9884,0,0,0
738142,65535,255,5182,9816,0,0,0
738143,65535,255,6664,-7960,0,0,1
738144,235,0,5163,-8052,1,0,1
738145,65535,255,2531,-8123,0,0,0
738146,65535,255,1333,9708,0,0,0
738147,87,2,4461,9861,1,0,1
738148,65535,255,6263,9789,0,0,0
738149,197,0,5757,-8019,1,0,1
738150,88,0,3583,-8054,1,0,1
738151,65535,255,16,-17178,0,0,0
738152,97,0,3585,9818,1,0,1
738153,160,0,5768,9792,1,0,1
738154,65535,255,6253,-7995,0,0,0
738155,108,0,4455,-8022,1,0,1
738156,110,0,1332,-8049,1,0,1
738157,65535,255,2527,9853,0,0,0
738158,172,0,5170,9842,1,0,1
738159,65535,255,6669,-7979,0,0,1
738160,170,0,5172,-8006,1,0,1
738161,65535,255,2546,-8024,0,0,0
738162,65535,255,1304,9935,0,0,0
738163,65535,255,4448,9823,0,0,0
738164,86,0,6255,9794,1,0,1
738165,163,0,5764,-7997,1,0,1
738166,148,0,3592,-8020,1,0,1
738167,69,0,23,-7711,1,0,0
738168,65535,255,3573,9802,0,0,0
738169,65535,255,5758,9784,0,0,0
738170,118,0,6257,-7990,1,0,1
738171,107,0,4465,-8022,1,0,1
738172,275,0,1344,-8075,1,0,1
738173,65535,255,2519,9759,0,0,0
738174,65535,255,5162,9795,0,0,0
738175,65535,255,6673,9763,0,0,1
738176,65535,255,5180,-8021,0,0,0
738177,97,0,2558,-8073,1,0,1
738178,130,0,1295,9801,1,0,1
738179,134,0,4440,9855,1,0,1
738180,65535,255,6250,9788,0,0,0
738181,173,0,5771,-8026,1,0,1
738182,144,0,3606,-8088,1,0,1
738183,80,0,56,-2315,1,0,1
738184,149,0,3558,9878,1,0,1
738185,104,0,5752,9822,1,0,1
738186,65535,255,6259,-7971,0,0,0
738187,122,0,4473,-8090,1,0,1
738188,173,0,1350,-7974,1,0,1
738189,65535,255,2504,9911,0,0,0
738190,129,0,5157,9838,1,0,1
738191,65535,255,6671,9757,0,0,1
738192,159,0,5183,-8016,1,0,1
738193,107,0,2567,-8073,1,0,1
738194,128,0,1291,9767,1,0,1
738195,134,0,4436,9862,1,0,1
738196,65535,255,6250,9763,0,0,0
738197,143,0,5773,-8034,1,0,1
738198,131,0,3610,-8112,1,0,1
738199,65535,255,43,-4655,0,0,0
738200,131,0,3563,9776,1,0,1
738201,143,0,5754,9779,1,0,1
738202,65535,255,6263,-7990,0,0,0
738203,65535,255,4473,-8028,0,0,0
738204,65535,255,1355,-8122,0,0,0
738205,65535,255,2509,9809,0,0,0
738206,65535,255,5160,9797,0,0,0
738207,65535,255,6670,9783,0,0,0
738208,207,0,5185,-8066,1,0,1
738209,65535,255,2563,-7998,0,0,0
738210,135,0,1286,9936,1,0,1
738211,65535,255,4439,9837,0,0,0
738212,158,0,6251,9809,1,0,1
738213,65535,255,5773,-8021,0,0,0
738214,237,0,3606,-8095,1,0,0
738215,275,0,43,-3555,1,0,1
738216,65535,255,3567,9768,0,0,0
738217,162,0,5756,9779,1,0,1
738218,174,0,6262,-7994,1,0,1
738219,150,0,4469,-8040,1,0,1
738220,65535,255,1350,-8196,0,0,0
738221,65535,255,2514,9848,0,0,0
738222,65535,255,5162,9823,0,0,0
738223,65535,255,6673,9802,0,0,0
738224,65535,255,5182,-8015,0,0,0
738225,65535,255,2557,-8084,0,0,0
738226,65535,255,1298,9729,0,0,0
738227,0,0,0,0,0,0,0
738228,0,0,0,0,0,0,0
738229,0,0,0,0,0,0,0
738230,0,0,0,0,0,0,0
738231,65535,255,41,-13467,0,0,0
738232,65535,255,3571,9870,0,0,0
738233,0,0,0,0,0,0,0
738234,65535,255,6256,-7986,0,0,0
738235,65535,255,4463,-8033,0,0,0
738236,65535,255,1339,-8197,0,0,0
738237,65535,255,2528,9861,0,0,0
738238,65535,255,5171,9828,0,0,0
738239,65535,255,6671,-7984,0,0,0
738240,65535,255,5173,-8030,0,0,0
738241,104,0,2548,-8134,1,0,1
738242,59,0,1314,9832,1,0,0
738243,65535,255,4456,9824,0,0,0
738244,65535,255,6260,9809,0,0,0
738245,225,0,5760,-8029,1,0,1
738246,65535,255,3585,-8120,0,0,0
738247,65535,255,2,-2261,0,0,0
738248,65535,255,3588,9828,0,0,0
738249,152,0,5770,9814,1,0,1
738250,65535,255,6250,-7978,0,0,1
738251,135,0,4449,-8021,1,0,1
738252,230,0,1316,-8172,1,0,1
738253,253,0,2549,9860,1,0,1
738254,65535,255,5183,9833,0,0,0
738255,65535,255,6665,-7990,0,0,0
738256,65535,255,5162,-8045,0,0,0
738257,157,0,2519,-8047,1,0,0
738258,209,2,1342,9957,1,0,0
738259,65535,255,4473,9856,0,0,0
738260,65535,255,6271,9776,0,0,0
738261,65535,255,5748,-7995,0,0,0
738262,95,0,3563,-8052,1,0,1
738263,0,0,0,0,0,0,0
738264,65535,255,3614,9777,0,0,0
738265,65535,255,5783,9793,0,0,0
738266,65535,255,6238,-8017,0,0,0
738267,160,0,4430,-8050,1,0,1
738268,64,0,1281,-8096,1,0,0
738269,48,0,2575,9836,1,0,1
738270,65535,255,5199,9828,0,0,0
738271,65535,255,6653,-7991,0,0,0
738272,79,0,5144,-8051,1,0,1
738273,65535,255,2487,-8009,0,0,0
738274,65535,255,1376,9789,0,0,0
738275,0,0,0,0,0,0,0
738276,65535,255,6281,9779,0,0,0
738277,65535,255,5735,-8013,0,0,0
738278,65535,255,3545,-8130,0,0,0
738279,65535,255,57,13439,0,0,0
738280,0,0,0,0,0,0,0
738281,65535,255,5784,9814,0,0,0
738282,65535,255,6235,-7990,0,0,0
738283,65535,255,4428,-8079,0,0,0
738284,65535,255,1286,-8123,0,0,0
738285,128,2,2565,9886,1,0,0
738286,65535,255,5193,9792,0,0,0
738287,65535,255,6657,-7975,0,0,1
738288,348,0,5152,-8051,1,0,1
738289,240,0,2512,-8060,1,0,0
738290,342,0,1349,9835,1,0,1
738291,84,0,4472,9856,1,0,1
738292,65535,255,6268,9794,0,0,0
738293,65535,255,5750,-8034,0,0,0
738294,176,0,3570,-8044,1,0,1
738295,65535,255,26,5221,0,0,0
738296,136,0,3594,9854,1,0,1
738297,65535,255,5772,9785,0,0,0
738298,65535,255,6245,-7978,0,0,0
738299,65535,255,4448,-8047,0,0,0
738300,65535,255,1315,-8021,0,0,0
738301,65535,255,2540,9862,0,0,0
738302,65535,255,5176,9782,0,0,0
738303,65535,255,6666,-7974,0,0,1
738304,65535,255,5167,-8051,0,0,0
738305,65535,255,2536,-8071,0,0,0
738306,65535,255,1316,9886,0,0,0
738307,0,0,0,0,0,0,0
738308,65535,255,6257,9807,0,0,0
738309,65535,255,5759,-7991,0,0,0
738310,136,0,3592,-8095,1,0,0
738311,65535,255,24,-12379,0,0,0
738312,65535,255,3577,9786,0,0,0
738313,65535,255,5760,9819,0,0,0
738314,291,0,6255,-8004,1,0,1
738315,135,2,4462,-8009,1,0,0
738316,65535,255,1340,-8046,0,0,0
738317,0,0,0,0,0,0,0
738318,0,0,0,0,0,0,0
738319,65535,255,6671,9791,0,0,0
738320,65535,255,5181,-8025,0,0,0
738321,65535,255,2556,-7999,0,0,0
738322,65535,255,1294,9654,0,0,0
738323,65535,255,4438,9812,0,0,0
738324,65535,255,6248,9819,0,0,0
738325,131,0,5771,-7995,1,0,1
738326,65535,255,3614,-8094,0,0,0
738327,65535,255,47,-9355,0,0,1
738328,0,0,0,0,0,0,0
738329,156,0,5749,9802,1,0,1
738330,65535,255,6265,-7978,0,0,0
738331,65535,255,4482,-8058,0,0,0
738332,65535,255,1371,-8025,0,0,0
738333,65535,255,2490,9849,0,0,0
738334,65535,255,5148,9800,0,0,0
738335,65535,255,6662,9791,0,0,0
738336,65535,255,5198,-8034,0,0,0
738337,65535,255,2586,-8010,0,0,0
738338,65535,255,1260,9754,0,0,0
738339,0,0,0,0,0,0,0
738340,0,0,0,0,0,0,0
738341,65535,255,5788,-8020,0,0,0
738342,50,0,3633,-8020,1,0,1
738343,65535,255,83,-5542,0,0,0
738344,142,2,3530,9829,1,0,1
738345,141,2,5739,9772,1,0,1
738346,65535,255,6278,-8015,0,0,0
738347,201,0,4499,-8027,1,0,0
738348,172,0,1400,-7930,1,0,1
738349,207,0,2466,9812,1,0,1
738350,162,2,5133,9840,1,0,1
738351,65535,255,6655,9788,0,0,1
738352,65535,255,5212,-8029,0,0,0
738353,65535,255,2611,-8023,0,0,0
738354,0,0,0,0,0,0,0
738355,165,2,4401,9850,1,0,1
738356,249,0,6230,9791,1,0,1
738357,206,0,5799,-8032,1,0,1
738358,212,0,3652,-8051,1,0,0
738359,166,0,104,-7379,1,0,0
738360,149,0,3510,9871,1,0,0
738361,102,0,5728,9793,1,0,1
738362,129,0,6286,-7981,1,0,1
738363,123,0,4518,-8070,1,0,0
738364,0,0,0,0,0,0,0
738365,0,0,0,0,0,0,0
738366,0,0,0,0,0,0,0
738367,0,0,0,0,0,0,0
738368,0,0,0,0,0,0,0
738369,0,0,0,0,0,0,0
738370,0,0,0,0,0,0,0
738371,0,0,0,0,0,0,0
738372,0,0,0,0,0,0,0
738373,65535,255,5806,-8032,0,0,0
738374,0,0,0,0,0,0,0
738375,0,0,0,0,0,0,0
738376,241,0,3497,9889,1,0,0
738377,0,0,0,0,0,0,0
738378,0,0,0,0,0,0,0
738379,0,0,0,0,0,0,0
738380,0,0,0,0,0,0,0
738381,0,0,0,0,0,0,0
738382,0,0,0,0,0,0,0
738383,0,0,0,0,0,0,0
738384,0,0,0,0,0,0,0
738385,0,0,0,0,0,0,0
738386,0,0,0,0,0,0,0
738387,0,0,0,0,0,0,0
738388,0,0,0,0,0,0,0
738389,0,0,0,0,0,0,0
738390,0,0,0,0,0,0,0
738391,0,0,0,0,0,0,0
738392,0,0,0,0,0,0,0
738393,0,0,0,0,0,0,0
738394,0,0,0,0,0,0,0
738395,0,0,0,0,0,0,0
738396,0,0,0,0,0,0,0
738397,65535,255,2418,9810,0,0,0
738398,65535,255,5107,9802,0,0,0
738399,65535,255,6638,9802,0,0,0
738400,65535,255,5237,-8063,0,0,0
738401,155,0,2659,-8130,1,0,1
738402,65535,255,1188,9634,0,0,0
738403,65535,255,4371,9839,0,0,0
738404,65535,255,6212,9792,0,0,0
738405,163,2,5814,-8015,1,0,1
738406,211,2,3684,-8090,1,0,0
738407,65535,255,152,-9127,0,0,0
738408,96,0,3480,9811,1,0,1
738409,65535,255,5708,9776,0,0,1
738410,65535,255,6298,-7976,0,0,0
738411,65535,255,4539,-8075,0,0,0
738412,124,2,1467,-8183,1,0,0
738413,65535,255,2413,9784,0,0,0
738414,65535,255,5101,9850,0,0,0
738415,65535,255,6635,9802,0,0,0
738416,113,0,5237,-8015,1,0,1
738417,65535,255,2659,-8154,0,0,0
738418,65535,255,1182,9745,0,0,0
738419,65535,255,4368,9866,0,0,0
738420,244,0,6210,9811,1,0,1
738421,65535,255,5814,-8005,0,0,0
738422,65535,255,3684,-8025,0,0,0
738423,208,0,150,-7604,1,0,1
738424,65535,255,3476,9899,0,0,0
738425,65535,255,5706,9825,0,0,0
738426,0,0,0,0,0,0,0
738427,65535,255,4535,-8057,0,0,0
738428,65535,255,1461,-8162,0,0,0
738429,65535,255,2413,9771,0,0,0
738430,145,0,5103,9827,1,0,1
738431,65535,255,6637,9789,0,0,0
738432,65535,255,5234,-8006,0,0,0
738433,65535,255,2654,-8009,0,0,0
738434,63,0,1187,9859,1,0,1
738435,65535,255,4375,9801,0,0,0
738436,65535,255,6214,9778,0,0,0
738437,228,0,5814,-8039,1,0,1
738438,102,2,3681,-8098,1,0,1
738439,65535,255,144,-6411,0,0,0
738440,65535,255,3484,9864,0,0,0
738441,65535,255,5711,9813,0,0,0
738442,65535,255,6295,-8016,0,0,0
738443,164,0,4528,-8057,1,0,1
738444,57,0,1450,-7936,1,0,1
738445,51,0,2413,9903,1,0,1
738446,165,0,5103,9847,1,0,1
738447,65535,255,6637,9769,0,0,0
738448,65535,255,5240,-8042,0,0,0
738449,65535,255,2670,-8165,0,0,0
738450,270,2,1164,9917,1,0,0
738451,65535,255,4361,9840,0,0,0
738452,217,0,6203,9796,1,0,0
738453,65535,255,5826,-8039,0,0,0
738454,65535,255,3701,-8010,0,0,0
738455,65535,255,180,-8435,0,0,0
738456,65535,255,3454,9848,0,0,0
738457,214,0,5693,9826,1,0,1
738458,65535,255,6311,-7983,0,0,0
738459,65535,255,4563,-8031,0,0,0
738460,65535,255,1511,-8203,0,0,0
738461,65535,255,2367,9892,0,0,0
738462,208,0,5077,9847,1,0,1
738463,150,0,6621,9773,1,0,1
738464,103,0,5267,-8056,1,0,1
738465,270,0,2710,-8034,1,0,1
738466,65535,255,1117,9773,0,0,0
738467,210,0,4330,9788,1,0,1
738468,65535,255,6187,9794,0,0,0
738469,216,2,5845,-8017,1,0,1
738470,65535,255,3741,-8105,0,0,0
738471,51,2,226,-7930,1,0,0
738472,91,2,3419,9841,1,0,0
738473,115,0,5674,9828,1,0,1
738474,65535,255,6328,-7989,0,0,0
738475,135,0,4587,-8055,1,0,1
738476,65535,255,1544,-7967,0,0,0
738477,65535,255,2332,9756,0,0,0
738478,326,0,5059,9806,1,0,1
738479,65535,255,6613,9770,0,0,0
738480,65535,255,5278,-8005,0,0,0
738481,179,0,2734,-8142,1,0,1
738482,65535,255,1096,10041,0,0,0
738483,65535,255,4323,9804,0,0,0
738484,151,0,6187,9764,1,0,1
738485,246,0,5846,-8008,1,0,1
738486,288,0,3741,-8125,1,0,0
738487,252,0,223,-9125,1,0,1
738488,65535,255,3433,9809,0,0,0
738489,65535,255,5681,9802,0,0,0
738490,65535,255,6322,-8015,0,0,0
738491,118,0,4573,-8028,1,0,1
738492,65535,255,1517,-7969,0,0,0
738493,267,0,2362,9835,1,0,1
738494,90,0,5079,9771,1,0,1
738495,167,2,6622,9797,1,0,1
738496,65535,255,5265,-8054,0,0,0
738497,139,0,2700,-8084,1,0,1
738498,65535,255,1135,9946,0,0,0
738499,65535,255,4348,9797,0,0,0
738500,65535,255,6200,9764,0,0,0
738501,232,0,5833,-8012,1,0,1
738502,144,0,3709,-8013,1,0,1
738503,96,0,183,-6977,1,0,0
738504,99,0,3458,9844,1,0,1
738505,65535,255,5699,9788,0,0,0
738506,65535,255,6309,-7982,0,0,0
738507,113,0,4553,-8078,1,0,1
738508,109,0,1478,-8165,1,0,1
738509,131,0,2402,9756,1,0,0
738510,134,0,5099,9828,1,0,1
738511,65535,255,6636,9787,0,0,0
738512,188,0,5241,-8040,1,0,1
738513,189,0,2660,-8074,1,0,1
738514,171,0,1180,9944,1,0,1
738515,169,0,4377,9805,1,0,0
738516,65535,255,6216,9771,0,0,0
738517,261,0,5812,-8025,1,0,1
738518,65535,255,3674,-8054,0,0,0
738519,65535,255,128,-8055,0,0,0
738520,65535,255,3500,9775,0,0,0
738521,122,0,5719,9823,1,0,1
