sdate,line_t,line_tmq,line_tvza,line_tvaa,line_tm2,line_QFDNB,line_tm_buf
735235,939,0,2446,9927,1,0,1
735236,65535,255,4489,9640,0,0,0
735237,1189,0,5116,-6925,1,0,1
735238,783,0,3496,-7257,1,0,1
735239,65535,255,1141,-7453,0,0,0
735240,904,0,1611,9967,1,0,1
735241,713,0,3901,9666,1,0,1
735242,65535,255,5468,9403,0,0,0
735243,65535,255,4106,-7130,0,0,0
735244,65535,255,1999,-7577,0,0,0
735245,1250,2,713,10104,1,0,1
735246,65535,255,3230,9857,0,0,0
735247,65535,255,5021,9522,0,0,0
735248,65535,255,4637,-7063,0,0,0
735249,65535,255,2774,-7302,0,0,0
735250,65535,255,203,-7665,0,0,0
735251,65535,255,2471,9847,0,0,0
735252,779,0,4502,9606,1,0,1
735253,65535,255,5107,-6886,0,0,0
735254,65535,255,3488,-7266,0,0,0
735255,65535,255,1135,-7686,0,0,0
735256,65535,255,1611,10130,0,0,0
735257,736,0,3897,9726,1,0,0
735258,65535,255,5465,9363,0,0,0
735259,65535,255,4114,-7164,0,0,0
735260,65535,255,2010,-7425,0,0,0
735261,1042,0,695,10297,1,0,1
735262,65535,255,3208,9872,0,0,0
735263,860,0,5005,9491,1,0,1
735264,1381,0,4653,-6998,1,0,1
735265,65535,255,2806,-7319,0,0,0
735266,65535,255,249,-6598,0,0,0
735267,65535,255,2431,9969,0,0,0
735268,65535,255,4479,9573,0,0,0
735269,65535,255,5128,-6947,0,0,0
735270,1144,0,3514,-7244,1,0,1
735271,1102,0,1169,-7651,1,0,1
735272,65535,255,1572,10116,0,0,0
735273,992,0,3869,9732,1,0,1
735274,65535,255,5449,9371,0,0,0
735275,1258,0,4136,-7186,1,0,1
735276,65535,255,2041,-7500,0,0,0
735277,65535,255,662,9805,0,0,0
735278,1781,2,3181,9816,1,0,1
735279,1486,0,4985,9498,1,0,1
735280,1448,0,4673,-7052,1,0,0
735281,65535,255,2835,-7425,0,0,0
735282,894,0,279,-8145,3,0,1
735283,65535,255,2402,9933,0,0,0
735284,955,0,4455,9654,3,0,1
735285,1171,0,5139,-6943,1,0,1
735286,65535,255,3535,-7240,0,0,0
735287,65535,255,1203,-7673,0,0,0
735288,65535,255,1546,10162,0,0,0
735289,0,0,0,0,0,0,0
735290,65535,255,5434,9384,0,0,0
735291,837,0,4147,-7094,1,0,1
735292,791,0,2068,-7511,1,0,1
735293,65535,255,633,9793,0,0,0
735294,904,0,3159,9800,1,0,1
735295,65535,255,4971,9479,0,0,0
735296,942,0,4686,-7031,1,0,1
735297,986,0,2853,-7378,1,0,1
735298,1139,0,308,-7459,1,0,1
735299,0,0,0,0,0,0,0
735300,65535,255,4436,9607,0,0,0
735301,65535,255,5151,-6898,0,0,0
735302,65535,255,3556,-7295,0,0,0
735303,65535,255,1226,-7396,0,0,0
735304,65535,255,1519,9910,0,0,0
735305,65535,255,3826,9779,0,0,0
735306,65535,255,5418,9403,0,0,0
735307,807,0,4169,-7130,1,0,1
735308,1329,0,2089,-7369,1,0,1
735309,1132,0,602,10218,1,0,1
735310,65535,255,3132,9892,0,0,0
735311,65535,255,4952,9544,0,0,0
735312,899,0,4699,-7016,1,0,1
735313,1126,0,2877,-7363,1,0,0
735314,463,0,337,-7572,1,0,1
735315,1226,0,2353,9873,1,0,1
735316,65535,255,4422,9635,0,0,0
735317,65535,255,5163,-6930,0,0,0
735318,65535,255,3573,-7224,0,0,0
735319,65535,255,1248,-7664,0,0,0
735320,65535,255,1496,10172,0,0,0
735321,65535,255,3813,9758,0,0,0
735322,65535,255,5409,9396,0,0,0
735323,65535,255,4179,-7135,0,0,0
735324,697,0,2110,-7413,1,0,1
735325,65535,255,580,10450,0,0,0
735326,65535,255,3119,9796,0,0,0
735327,65535,255,4944,9502,0,0,0
735328,1082,0,4709,-6979,1,0,1
735329,65535,255,2891,-7318,0,0,0
735330,742,0,349,-7294,1,0,1
735331,65535,255,2343,9859,0,0,0
735332,65535,255,4412,9637,0,0,0
735333,65535,255,5171,-6870,0,0,0
735334,1005,0,3582,-7265,1,0,1
735335,65535,255,1260,-7397,0,0,0
735336,65535,255,1485,9998,0,0,0
735337,807,0,3806,9720,1,0,1
735338,1224,0,5404,9383,1,0,1
735339,1161,0,4187,-7133,1,0,1
735340,65535,255,2120,-7442,0,0,0
735341,65535,255,575,9760,0,0,0
735342,1112,0,3114,9856,1,0,1
735343,972,0,4940,9547,1,0,1
735344,65535,255,4715,-7042,0,0,0
735345,65535,255,2896,-7285,0,0,0
735346,65535,255,355,-7203,0,0,0
735347,65535,255,2338,9873,0,0,0
735348,906,0,4411,9657,1,0,1
735349,1077,0,5173,-6892,1,0,1
735350,65535,255,3582,-7197,0,0,0
735351,0,0,0,0,0,0,0
735352,65535,255,1486,9890,0,0,0
735353,65535,255,3809,9697,0,0,0
735354,65535,255,5406,9379,0,0,0
735355,65535,255,4190,-7133,0,0,0
735356,894,0,2120,-7473,1,0,1
735357,969,0,573,9994,1,0,1
735358,1141,0,3114,9882,1,0,1
735359,1076,0,4946,9503,1,0,1
735360,65535,255,6168,9187,0,0,0
735361,945,0,2896,-7415,1,0,1
735362,1142,0,350,-7109,1,0,1
735363,1159,2,2342,9888,1,0,1
735364,65535,255,4418,9581,0,0,0
735365,503,2,5814,9308,1,0,1
735366,65535,255,6769,8943,0,0,0
735367,1278,0,1259,-7503,1,0,1
735368,1328,0,1490,10175,1,0,1
735369,946,0,3817,9696,1,0,1
735370,0,0,0,0,0,0,0
735371,65535,255,6488,9051,0,0,0
735372,65535,255,-32768,-32768,0,65535,0
735373,65535,255,586,10505,0,0,0
735374,65535,255,3127,9875,0,0,0
735375,65535,255,4951,9496,0,0,0
735376,1757,0,6173,9189,1,0,1
735377,65535,255,-32768,-32768,0,65535,1
735378,65535,255,-32768,-32768,0,65535,0
735379,65535,255,2357,9995,0,0,0
735380,963,0,4427,9642,1,0,1
735381,1592,0,5821,9293,1,0,1
735382,0,0,0,0,0,0,0
735383,65535,255,-32768,-32768,0,65535,0
735384,65535,255,1513,9912,0,0,0
735385,65535,255,3829,9741,0,0,0
735386,65535,255,5419,9424,0,0,0
735387,65535,255,6494,9063,0,0,0
735388,65535,255,-32768,-32768,0,65535,0
735389,65535,255,-32768,-32768,0,65535,1
735390,65535,255,3145,9882,0,0,0
735391,65535,255,4963,9510,0,0,0
735392,65535,255,6182,9148,0,0,0
735393,0,0,0,0,0,0,0
735394,65535,255,-32768,-32768,0,0,0
735395,65535,255,-32768,-32768,0,65535,1
735396,1449,0,4444,9620,1,0,1
735397,1078,0,5831,9285,1,0,1
735398,65535,255,6782,8937,0,0,1
735399,65535,255,-32768,-32768,0,65535,0
735400,65535,255,-32768,-32768,0,65535,1
735401,65535,255,3845,9769,0,0,0
735402,643,0,5433,9376,1,0,0
735403,1529,0,6503,9059,1,0,1
735404,0,0,0,0,0,0,0
735405,65535,255,-32768,-32768,0,65535,1
735406,65535,255,-32768,-32768,0,65535,1
735407,65535,255,4982,9489,0,0,0
735408,1339,0,6192,9160,1,0,1
735409,0,0,0,0,0,0,0
735410,65535,255,-32768,-32768,0,65535,1
735411,65535,255,-32768,-32768,0,65535,1
735412,952,0,4462,9641,1,0,1
735413,775,0,5844,9307,1,0,1
735414,65535,255,6790,8959,0,0,1
735415,65535,255,-32768,-32768,0,0,1
735416,65535,255,-32768,-32768,0,65535,1
735417,961,0,3870,9733,1,0,1
735418,65535,255,5450,9362,0,0,0
735419,1251,0,6513,9055,1,0,1
735420,65535,255,-32768,-32768,0,65535,1
735421,65535,255,-32768,-32768,0,65535,1
735422,916,2,3199,9863,1,0,0
735423,65535,255,5000,9512,0,0,0
735424,65535,255,6206,9162,0,0,0
735425,65535,255,-32768,-32768,0,65535,1
735426,65535,255,-32768,-32768,0,65535,0
735427,65535,255,2446,9865,0,0,0
735428,65535,255,4486,9611,0,0,0
735429,905,0,5860,9289,1,0,1
735430,65535,255,6801,8951,0,0,1
735431,65535,255,-32768,-32768,0,65535,1
735432,940,0,1611,10071,1,0,1
735433,879,0,3894,9690,1,0,1
735434,880,0,5461,9407,1,0,1
735435,1387,0,6522,9028,1,0,1
735436,65535,255,-32768,-32768,0,65535,1
735437,1261,0,696,10489,1,0,1
735438,65535,255,3212,9766,0,0,0
735439,65535,255,5003,9519,0,0,0
735440,1417,0,6206,9173,1,0,1
735441,1255,0,2802,-7441,1,0,1
735442,1123,0,245,-7947,1,0,1
735443,975,0,2436,9866,1,0,1
735444,950,0,4479,9606,1,0,1
735445,1389,0,5851,9283,1,0,1
735446,1178,0,3510,-7260,1,0,1
735447,1196,0,1164,-7652,1,0,1
735448,1074,0,1578,10075,1,0,1
735449,864,0,3874,9702,1,0,1
735450,764,0,5447,9421,1,0,1
735451,1230,0,4126,-7138,1,0,1
735452,1195,0,2031,-7357,1,0,1
735453,65535,255,666,10059,0,0,0
735454,65535,255,3185,9846,0,0,0
735455,65535,255,4988,9504,0,0,0
735456,1340,0,4667,-7046,1,0,1
735457,1065,0,2825,-7404,1,0,1
735458,1174,0,267,-7550,1,0,1
735459,1171,0,2412,9855,1,0,1
735460,65535,255,4462,9610,0,0,0
735461,65535,255,5134,-6897,0,0,0
735462,1392,0,3527,-7283,1,0,1
735463,929,0,1192,-7786,1,0,1
735464,1426,0,1556,10183,1,0,1
735465,1063,0,3858,9758,1,0,1
735466,842,0,5441,9385,1,0,1
735467,1207,0,4140,-7101,1,0,1
735468,1101,0,2052,-7544,1,0,1
735469,1343,0,649,9905,1,0,1
735470,65535,255,3172,9829,0,0,0
735471,65535,255,4982,9506,0,0,0
735472,65535,255,4680,-7055,0,0,0
735473,65535,255,2840,-7445,0,0,0
735474,65535,255,291,-8241,0,0,0
735475,65535,255,2397,9950,0,0,0
735476,918,0,4452,9625,1,0,1
735477,957,0,5143,-6895,1,0,1
735478,65535,255,3539,-7255,0,0,0
735479,0,0,0,0,0,0,0
735480,885,0,1539,10188,1,0,1
735481,810,0,3849,9769,1,0,1
735482,896,0,5433,9397,1,0,1
735483,1189,0,4150,-7127,1,0,1
735484,592,0,2062,-7385,1,0,1
735485,65535,255,631,10267,0,0,0
735486,973,0,3163,9870,1,0,1
735487,65535,255,4975,9475,0,0,0
735488,1048,0,4686,-7031,1,0,1
735489,992,0,2849,-7411,1,0,1
735490,1201,0,302,-8001,1,0,1
735491,762,2,2387,9951,1,0,0
735492,65535,255,4452,9575,0,0,0
735493,1001,0,5148,-6883,1,0,1
735494,65535,255,3547,-7288,0,0,0
735495,1139,0,1209,-7451,1,0,1
735496,1166,0,1540,10018,1,0,1
735497,863,0,3849,9715,1,0,1
735498,1121,0,5433,9373,1,0,1
735499,65535,255,4154,-7105,0,0,0
735500,1142,0,2068,-7390,1,0,1
735501,1156,0,631,10269,1,0,1
735502,65535,255,3163,9773,0,0,0
735503,925,0,4973,9493,1,0,1
735504,65535,255,4686,-7065,0,0,0
735505,65535,255,2849,-7312,0,0,0
735506,65535,255,297,-7232,0,0,0
735507,65535,255,2387,9873,0,0,0
735508,65535,255,4448,9645,0,0,0
735509,65535,255,5147,-6872,0,0,0
735510,65535,255,3548,-7287,0,0,0
735511,198,2,1209,-7478,1,0,1
735512,65535,255,1540,10082,0,0,0
735513,65535,255,3849,9746,0,0,0
735514,65535,255,5433,9402,0,0,0
735515,65535,255,4154,-7159,0,0,0
735516,65535,255,2068,-7509,0,0,0
735517,65535,255,637,10058,0,0,0
735518,65535,255,3163,9900,0,0,0
735519,65535,255,4976,9487,0,0,0
735520,65535,255,4680,-6978,0,0,0
735521,65535,255,2844,-7345,0,0,0
735522,917,0,290,-7785,1,0,0
735523,65535,255,2392,9965,0,0,0
735524,880,0,4455,9606,1,0,1
735525,810,0,5142,-6934,1,0,1
735526,1022,0,3535,-7271,1,0,1
735527,65535,255,1198,-7478,0,0,0
735528,65535,255,1551,10144,0,0,0
735529,65535,255,3856,9711,0,0,0
735530,65535,255,5439,9362,0,0,0
735531,65535,255,4140,-7120,0,0,0
735532,65535,255,2052,-7448,0,0,0
735533,65535,255,655,10010,0,0,0
735534,65535,255,3177,9762,0,0,0
735535,65535,255,4983,9507,0,0,0
735536,65535,255,4670,-7021,0,0,0
735537,65535,255,2827,-7372,0,0,0
735538,65535,255,268,-7301,0,0,0
735539,946,0,2412,9949,1,0,1
735540,65535,255,4466,9617,0,0,0
735541,65535,255,5128,-6876,0,0,0
735542,65535,255,3514,-7212,0,0,0
735543,583,0,1175,-7733,1,0,1
735544,65535,255,1573,10037,0,0,0
735545,1027,0,3874,9773,1,0,1
735546,65535,255,5450,9364,0,0,0
735547,65535,255,4122,-7144,0,0,0
735548,967,0,2026,-7547,1,0,1
735549,1153,0,679,10452,1,0,1
735550,1204,0,3199,9885,1,0,1
735551,1153,0,5001,9508,1,0,1
735552,65535,255,4651,-7036,0,0,0
735553,65535,255,2797,-7339,0,0,0
735554,65535,255,240,-8498,0,0,0
735555,65535,255,2446,9906,0,0,0
735556,65535,255,4489,9612,0,0,0
735557,0,0,0,0,0,0,0
735558,65535,255,3488,-7314,0,0,0
735559,65535,255,1141,-7712,0,0,0
735560,65535,255,1606,10013,0,0,0
735561,65535,255,3890,9755,0,0,0
735562,65535,255,5461,9357,0,0,0
735563,924,0,4111,-7117,1,0,1
735564,967,0,2010,-7485,1,0,1
735565,1060,0,689,10208,1,0,1
735566,1016,0,3203,9827,1,0,1
735567,993,0,5001,9471,1,0,1
735568,65535,255,4654,-7007,0,0,0
735569,953,0,2807,-7404,1,0,1
735570,65535,255,252,-7011,0,0,0
735571,865,0,2427,9948,1,0,1
735572,1030,0,4472,9623,1,0,1
735573,1172,0,5122,-6887,1,0,1
735574,982,0,3514,-7231,1,0,1
735575,1200,0,1170,-7478,1,0,1
735576,899,0,1574,9891,1,0,1
735577,65535,255,3870,9736,0,0,0
735578,1168,2,5445,9389,1,0,1
735579,1108,2,4132,-7134,1,0,1
735580,65535,255,2042,-7575,0,0,0
735581,606,0,661,9862,1,0,1
735582,870,0,3186,9781,1,0,1
735583,1072,0,4986,9504,1,0,1
735584,1149,0,4667,-6991,1,0,1
735585,904,0,2826,-7280,1,0,1
735586,914,0,273,-8035,1,0,1
735587,65535,255,2412,9884,0,0,0
735588,65535,255,4462,9619,0,0,0
735589,65535,255,5133,-6899,0,0,0
735590,65535,255,3526,-7280,0,0,0
735591,65535,255,1186,-7728,0,0,0
735592,65535,255,1556,10145,0,0,0
735593,65535,255,3861,9730,0,0,0
735594,65535,255,5441,9368,0,0,0
735595,65535,255,4140,-7174,0,0,0
735596,65535,255,2047,-7448,0,0,0
735597,65535,255,649,10368,0,0,0
735598,722,0,3176,9813,1,0,1
735599,65535,255,4983,9497,0,0,0
735600,65535,255,4673,-7013,0,0,0
735601,65535,255,2834,-7344,0,0,0
735602,65535,255,281,-7079,0,0,1
735603,0,0,0,0,0,0,0
735604,65535,255,4462,9594,0,0,0
735605,65535,255,5136,-6893,0,0,0
735606,774,0,3530,-7288,1,0,1
735607,65535,255,1187,-7392,0,0,0
735608,65535,255,1556,9955,0,0,0
735609,65535,255,3861,9676,0,0,0
735610,65535,255,5441,9416,0,0,0
735611,1083,0,4139,-7161,1,0,1
735612,65535,255,2046,-7463,0,0,0
735613,65535,255,654,9894,0,0,0
735614,65535,255,3181,9812,0,0,0
735615,65535,255,4987,9508,0,0,0
735616,65535,255,4669,-6978,0,0,0
735617,230,2,2830,-7312,1,0,1
735618,65535,255,275,-7065,0,0,0
735619,65535,255,2413,9996,0,0,0
735620,65535,255,4465,9625,0,0,0
735621,65535,255,5133,-6919,0,0,0
735622,65535,255,3526,-7314,0,0,0
735623,867,0,1181,-7392,1,0,1
735624,1178,0,1563,10105,1,0,1
735625,1141,0,3865,9753,1,0,1
735626,65535,255,5444,9378,0,0,0
735627,65535,255,4140,-7181,0,0,0
735628,1068,0,2047,-7463,1,0,1
735629,65535,255,655,10418,0,0,0
735630,65535,255,3180,9819,0,0,0
735631,65535,255,4986,9506,0,0,0
735632,65535,255,4669,-7007,0,0,0
735633,65535,255,2825,-7334,0,0,0
735634,65535,255,276,-6829,0,0,0
735635,65535,255,2412,9859,0,0,0
735636,65535,255,4465,9613,0,0,0
735637,0,0,0,0,0,0,0
735638,872,0,3527,-7305,1,0,1
735639,65535,255,1181,-7448,0,0,0
735640,65535,255,1562,9976,0,0,0
735641,65535,255,3865,9692,0,0,0
735642,947,0,5444,9421,1,0,1
735643,65535,255,4136,-7167,0,0,0
735644,784,0,2042,-7463,1,0,1
735645,65535,255,668,9766,0,0,0
735646,65535,255,3185,9812,0,0,0
735647,65535,255,4991,9508,0,0,0
735648,354,0,4663,-6979,1,0,1
735649,65535,255,2821,-7312,0,0,0
735650,65535,255,263,-7041,0,0,0
735651,65535,255,2420,9921,0,0,0
735652,905,0,4469,9625,1,0,1
735653,65535,255,5128,-6930,0,0,0
735654,1104,0,3513,-7238,1,0,1
735655,941,0,1170,-7761,1,0,1
735656,65535,255,1579,9935,0,0,0
735657,65535,255,3878,9697,0,0,0
735658,65535,255,5453,9366,0,0,0
735659,65535,255,4122,-7107,0,0,0
735660,65535,255,2021,-7385,0,0,0
735661,65535,255,684,10451,0,0,0
735662,65535,255,3203,9838,0,0,0
735663,65535,255,5000,9538,0,0,0
735664,65535,255,4651,-7040,0,0,0
735665,1172,0,2797,-7293,1,0,1
735666,1217,0,233,-7248,1,0,1
735667,1001,0,2441,9921,1,0,1
735668,1009,0,4486,9590,1,0,1
735669,65535,255,5111,-6924,0,0,0
735670,984,0,3493,-7267,1,0,1
735671,1176,0,1141,-7710,1,0,1
735672,1199,0,1600,10159,1,0,1
735673,1092,0,3890,9749,1,0,1
735674,1118,0,5459,9383,1,0,1
735675,878,0,4115,-7100,1,0,1
735676,859,0,2021,-7561,1,0,1
735677,65535,255,684,10017,0,0,0
735678,1047,0,3194,9858,1,0,1
735679,65535,255,4995,9528,0,0,0
735680,65535,255,4657,-6997,0,0,0
735681,65535,255,2816,-7345,0,0,0
735682,65535,255,262,-7420,0,0,0
735683,960,0,2417,9885,1,0,1
735684,65535,255,4462,9651,0,0,0
735685,65535,255,5130,-6879,0,0,0
735686,65535,255,3526,-7270,0,0,0
735687,1096,0,1187,-7418,1,0,1
735688,65535,255,1556,10040,0,0,0
735689,772,2,3854,9733,1,0,1
735690,65535,255,5436,9394,0,0,0
735691,986,0,4144,-7137,1,0,1
735692,752,0,2057,-7476,1,0,0
735693,65535,255,638,9958,0,0,0
735694,65535,255,3163,9893,0,0,0
735695,65535,255,4973,9485,0,0,0
735696,1110,0,4680,-6974,1,0,1
735697,65535,255,2849,-7352,0,0,0
735698,982,0,302,-7890,1,0,1
735699,1241,0,2382,9996,1,0,1
735700,1024,0,4442,9624,1,0,1
735701,65535,255,5148,-6868,0,0,0
735702,65535,255,3552,-7307,0,0,0
735703,65535,255,1220,-7637,0,0,0
735704,926,0,1524,9937,1,0,1
735705,1089,0,3837,9728,1,0,1
735706,1366,0,5423,9403,1,0,1
735707,1001,0,4162,-7121,1,0,1
735708,65535,255,2084,-7379,0,0,0
735709,629,0,615,9845,1,0,1
735710,65535,255,3141,9907,0,0,0
735711,65535,255,4961,9515,0,0,0
735712,1020,0,4696,-7029,1,0,1
735713,1060,0,2868,-7316,1,0,1
735714,65535,255,326,-8075,0,0,1
735715,65535,255,2366,9904,0,0,0
735716,65535,255,4432,9582,0,0,0
735717,65535,255,5156,-6932,0,0,0
735718,65535,255,3563,-7276,0,0,0
735719,65535,255,1237,-7716,0,0,0
735720,758,0,1512,10068,1,0,1
735721,65535,255,3829,9683,0,0,0
735722,65535,255,5419,9395,0,0,0
735723,65535,255,4168,-7078,0,0,0
735724,609,0,2094,-7440,1,0,1
735725,1102,0,602,10170,1,0,1
735726,65535,255,3136,9839,0,0,0
735727,937,0,4958,9489,1,0,1
735728,65535,255,6176,9196,0,0,0
735729,1220,0,2872,-7327,1,0,1
735730,1065,0,333,-8365,1,0,0
735731,899,0,2362,9932,1,0,1
735732,65535,255,4431,9633,0,0,0
735733,1531,0,5821,9298,1,0,1
735734,65535,255,6774,8955,0,0,1
735735,65535,255,1237,-7715,0,0,0
735736,1368,0,1512,10133,1,0,1
735737,1416,0,3829,9722,1,0,1
735738,1379,0,5420,9429,1,0,0
735739,65535,255,6494,9051,0,0,0
735740,65535,255,-32768,-32768,0,65535,1
735741,65535,255,608,10168,0,0,1
735742,65535,255,3140,9868,0,0,0
735743,1215,0,4961,9515,1,0,1
735744,65535,255,6180,9165,0,0,0
735745,0,0,0,0,0,0,0
735746,65535,255,-32768,-32768,0,65535,0
735747,1286,0,2372,9904,1,0,1
735748,953,0,4435,9633,1,0,1
735749,65535,255,5826,9309,0,0,0
735750,0,0,0,0,0,0,0
735751,65535,255,-32768,-32768,0,65535,1
735752,65535,255,-32768,-32768,0,65535,0
735753,65535,255,3836,9704,0,0,0
735754,65535,255,5425,9408,0,0,0
735755,65535,255,6498,9042,0,0,0
735756,0,0,0,0,0,0,0
735757,65535,255,-32768,-32768,0,65535,1
735758,65535,255,-32768,-32768,0,65535,1
735759,948,0,4967,9536,1,0,1
735760,776,0,6185,9186,1,0,1
735761,0,0,0,0,0,0,0
735762,65535,255,-32768,-32768,0,65535,0
735763,65535,255,-32768,-32768,0,65535,0
735764,1152,0,4445,9606,1,0,1
735765,65535,255,5831,9295,0,0,0
735766,0,0,0,0,0,0,0
735767,0,0,0,0,0,0,0
735768,65535,255,-32768,-32768,0,65535,0
735769,65535,255,-32768,-32768,0,65535,1
735770,1095,0,5433,9398,1,0,1
735771,1620,0,6502,9065,1,0,1
735772,0,0,0,0,0,0,0
735773,0,0,0,0,0,0,0
735774,65535,255,-32768,-32768,0,65535,1
735775,65535,255,4979,9522,0,0,0
735776,1307,0,6191,9180,1,0,1
735777,0,0,0,0,0,0,0
735778,0,0,0,0,0,0,0
735779,65535,255,-32768,-32768,0,65535,0
735780,1149,0,4459,9628,1,0,1
735781,65535,255,5841,9283,0,0,0
735782,0,0,0,0,0,0,0
735783,65535,255,-32768,-32768,0,0,1
735784,65535,255,-32768,-32768,0,65535,0
735785,65535,255,3862,9678,0,0,0
735786,1466,0,5439,9380,1,0,1
735787,576,0,6506,9052,1,0,1
735788,0,0,0,0,0,0,0
735789,65535,255,-32768,-32768,0,65535,1
735790,65535,255,3172,9902,0,0,0
735791,790,0,4980,9515,1,0,1
735792,65535,255,6192,9149,0,0,0
735793,65535,255,-32768,-32768,0,65535,1
735794,65535,255,-32768,-32768,0,65535,0
735795,796,0,2402,9875,1,0,1
735796,922,0,4459,9596,1,0,1
735797,1160,0,5840,9266,1,0,1
735798,65535,255,6785,8969,0,0,1
735799,65535,255,-32768,-32768,0,65535,1
735800,65535,255,1551,10148,0,0,0
735801,65535,255,3858,9709,0,0,0
735802,65535,255,5436,9409,0,0,0
735803,901,0,6504,9077,1,0,1
735804,65535,255,-32768,-32768,0,65535,0
735805,65535,255,649,10268,0,0,0
735806,65535,255,3172,9854,0,0,0
735807,65535,255,4980,9495,0,0,0
735808,967,0,6190,9199,1,0,1
735809,65535,255,2835,-7320,0,0,0
735810,65535,255,286,-8247,0,0,0
735811,65535,255,2392,9953,0,0,0
735812,65535,255,4455,9639,0,0,0
735813,65535,255,5839,9298,0,0,0
735814,1095,0,3522,-7298,1,0,1
735815,1296,0,1175,-7759,1,0,1
735816,65535,255,1578,10141,0,0,0
735817,1219,0,3882,9718,1,0,1
735818,65535,255,5458,9396,0,0,0
735819,1086,2,4111,-7153,1,0,1
735820,65535,255,2005,-7548,0,0,0
735821,65535,255,701,10348,0,0,0
735822,1078,0,3212,9845,1,0,1
735823,65535,255,5007,9476,0,0,0
735824,0,0,0,0,0,0,0
735825,1217,0,2797,-7383,1,0,1
735826,1037,0,237,-6546,1,0,0
735827,65535,255,2441,9895,0,0,0
735828,1283,0,4483,9589,1,0,1
735829,65535,255,5119,-6929,0,0,0
735830,65535,255,3505,-7293,0,0,0
735831,65535,255,1158,-7649,0,0,0
735832,801,0,1584,9975,1,0,1
735833,65535,255,3878,9750,0,0,0
735834,65535,255,5452,9397,0,0,0
735835,1253,0,4122,-7116,1,0,1
735836,65535,255,2026,-7498,0,0,0
735837,65535,255,672,10260,0,0,0
735838,65535,255,3194,9839,0,0,0
735839,1145,0,4994,9479,1,0,1
735840,957,2,4660,-6992,1,0,1
735841,65535,255,2821,-7424,0,0,0
735842,65535,255,262,-7417,0,0,0
735843,762,0,2416,9989,1,0,1
735844,828,0,4469,9643,1,0,1
735845,975,0,5131,-6905,1,0,1
735846,65535,255,3522,-7263,0,0,0
735847,65535,255,1180,-7590,0,0,0
735848,65535,255,1567,9976,0,0,0
735849,805,0,3865,9760,1,0,0
735850,811,0,5444,9368,1,0,1
735851,65535,255,4136,-7154,0,0,0
735852,1037,0,2042,-7354,1,0,1
735853,65535,255,637,10057,0,0,0
735854,65535,255,3167,9787,0,0,0
735855,965,0,4979,9500,1,0,1
735856,1161,0,4683,-6998,1,0,1
735857,65535,255,2844,-7392,0,0,0
735858,713,0,299,-8456,1,0,1
735859,65535,255,2397,9856,0,0,0
735860,65535,255,4451,9655,0,0,0
735861,65535,255,5145,-6896,0,0,0
735862,65535,255,3539,-7214,0,0,0
735863,949,0,1204,-7783,1,0,1
735864,1073,0,1545,10037,1,0,1
735865,65535,255,3853,9759,0,0,0
735866,1466,0,5435,9423,1,0,1
735867,65535,255,4147,-7108,0,0,0
735868,1126,0,2057,-7434,1,0,1
735869,1190,0,643,10263,1,0,1
735870,942,0,3172,9829,1,0,1
735871,1131,0,4982,9485,1,0,1
735872,65535,255,4679,-7050,0,0,0
735873,65535,255,2839,-7358,0,0,0
735874,864,2,293,-7657,1,0,0
735875,886,0,2392,9910,1,0,1
735876,848,2,4448,9612,1,0,0
735877,906,0,5147,-6879,1,0,1
735878,65535,255,3547,-7220,0,0,0
735879,65535,255,1214,-7480,0,0,0
735880,65535,255,1535,9911,0,0,0
735881,65535,255,3837,9747,0,0,0
735882,65535,255,5427,9378,0,0,0
735883,65535,255,4165,-7172,0,0,0
735884,65535,255,2083,-7416,0,0,0
735885,65535,255,608,10164,0,0,0
735886,65535,255,3140,9843,0,0,0
735887,65535,255,4961,9499,0,0,0
735888,65535,255,4712,-7008,0,0,0
735889,65535,255,2886,-7304,0,0,0
735890,1123,0,343,-8070,1,0,1
735891,65535,255,2358,9881,0,0,0
735892,1103,0,4428,9610,1,0,1
735893,65535,255,5162,-6897,0,0,0
735894,1447,0,3565,-7266,1,0,1
735895,1265,0,1232,-7674,1,0,1
735896,1102,0,1517,10078,1,0,1
735897,1272,0,3837,9702,1,0,1
735898,65535,255,5427,9420,0,0,0
735899,1167,0,4158,-7153,1,0,1
735900,1352,0,2068,-7408,1,0,1
735901,65535,255,631,10260,0,0,0
735902,65535,255,3163,9882,0,0,0
735903,65535,255,4979,9494,0,0,0
735904,65535,255,4680,-7021,0,0,0
735905,1274,0,2845,-7308,1,0,1
735906,65535,255,297,-8017,0,0,0
735907,65535,255,2392,9852,0,0,0
735908,65535,255,4452,9587,0,0,0
735909,65535,255,5146,-6946,0,0,0
735910,686,0,3539,-7210,1,0,0
735911,1041,0,1210,-7430,1,0,1
735912,65535,255,1538,9957,0,0,0
735913,65535,255,3845,9740,0,0,0
735914,65535,255,5431,9362,0,0,0
735915,65535,255,4155,-7160,0,0,0
735916,65535,255,2084,-7411,0,0,0
735917,65535,255,608,10208,0,0,0
735918,65535,255,3140,9881,0,0,0
735919,65535,255,4958,9527,0,0,0
735920,65535,255,4699,-6998,0,0,0
735921,65535,255,2873,-7321,0,0,0
735922,1001,0,334,-6989,1,0,1
735923,966,0,2358,9997,1,0,1
735924,925,0,4428,9592,1,0,1
735925,805,2,5162,-6896,1,0,0
735926,809,0,3573,-7303,1,0,0
735927,65535,255,1248,-7461,0,0,0
735928,65535,255,1502,9988,0,0,0
735929,65535,255,3818,9700,0,0,0
735930,65535,255,5412,9361,0,0,0
735931,65535,255,4180,-7101,0,0,0
735932,65535,255,2110,-7561,0,0,0
735933,0,0,0,0,0,0,0
735934,65535,255,3119,9871,0,0,0
735935,65535,255,4946,9481,0,0,0
735936,65535,255,4712,-7059,0,0,0
735937,65535,255,2891,-7307,0,0,0
735938,65535,255,349,-7315,0,0,0
735939,65535,255,2343,9877,0,0,0
735940,65535,255,4415,9637,0,0,0
735941,65535,255,5171,-6893,0,0,0
735942,65535,255,3581,-7190,0,0,0
735943,981,0,1265,-7619,1,0,1
735944,1182,0,1485,10143,1,0,1
735945,1369,0,3808,9702,1,0,1
735946,65535,255,5406,9373,0,0,0
735947,65535,255,4187,-7110,0,0,0
735948,65535,255,2115,-7422,0,0,0
735949,65535,255,580,9813,0,0,0
735950,875,0,3114,9886,1,0,1
735951,892,0,4946,9487,1,0,0
735952,1264,0,4715,-7000,1,0,1
735953,65535,255,2896,-7414,0,0,0
735954,65535,255,350,-7115,0,0,0
735955,65535,255,2343,9905,0,0,0
735956,65535,255,4418,9595,0,0,0
735957,65535,255,5174,-6943,0,0,0
735958,959,0,3582,-7318,1,0,1
735959,65535,255,1260,-7699,0,0,0
735960,65535,255,1490,10034,0,0,0
735961,65535,255,3814,9736,0,0,0
735962,65535,255,5412,9372,0,0,0
735963,1395,0,4183,-7166,1,0,1
735964,1125,0,2110,-7362,1,0,1
735965,983,0,592,9875,1,0,1
735966,1052,0,3132,9776,1,0,1
735967,65535,255,4952,9530,0,0,0
735968,1246,0,4708,-7071,1,0,1
735969,1311,0,2881,-7405,1,0,1
735970,797,0,337,-7387,1,0,1
735971,65535,255,2357,9986,0,0,0
735972,65535,255,4428,9651,0,0,0
735973,65535,255,5164,-6925,0,0,0
735974,1202,0,3569,-7303,1,0,1
735975,983,0,1237,-7757,1,0,1
735976,1095,0,1512,10139,1,0,1
735977,1151,0,3833,9715,1,0,1
735978,65535,255,5422,9418,0,0,0
735979,998,0,4168,-7141,1,0,1
735980,65535,255,2085,-7427,0,0,0
735981,65535,255,614,9992,0,0,0
735982,835,0,3154,9822,1,0,1
735983,1024,0,4970,9488,1,0,1
735984,65535,255,4692,-7040,0,0,0
735985,65535,255,2858,-7376,0,0,0
735986,65535,255,303,-7354,0,0,0
735987,609,0,2387,10021,1,0,1
735988,862,0,4451,9584,1,0,1
735989,65535,255,5147,-6884,0,0,0
735990,65535,255,3543,-7248,0,0,0
735991,65535,255,1203,-7627,0,0,0
735992,1158,2,1551,10091,1,0,1
735993,65535,255,3857,9711,0,0,0
735994,65535,255,5444,9355,0,0,0
735995,812,0,4143,-7173,1,0,1
735996,875,0,2047,-7445,1,0,1
735997,824,0,655,10404,1,0,1
735998,65535,255,3186,9760,0,0,0
735999,65535,255,4994,9467,0,0,0
736000,65535,255,4667,-7028,0,0,0
736001,0,0,0,0,0,0,0
736002,65535,255,269,-8302,0,0,0
736003,910,0,2416,9924,1,0,1
736004,1277,0,4465,9638,1,0,1
736005,1195,0,5139,-6926,1,0,1
736006,1203,0,3531,-7198,1,0,1
736007,1070,0,1192,-7489,1,0,1
736008,65535,255,1556,10007,0,0,0
736009,65535,255,3861,9687,0,0,0
736010,65535,255,5441,9384,0,0,0
736011,65535,255,4147,-7151,0,0,0
736012,65535,255,2057,-7428,0,0,0
736013,1097,0,643,10357,1,0,1
736014,1050,0,3172,9762,1,0,1
736015,934,0,4982,9469,1,0,1
736016,65535,255,4679,-7030,0,0,0
736017,65535,255,2844,-7399,0,0,0
736018,1028,0,290,-7801,1,0,1
736019,65535,255,2397,9900,0,0,0
736020,65535,255,4451,9647,0,0,0
736021,65535,255,5145,-6945,0,0,0
736022,65535,255,3543,-7255,0,0,0
736023,65535,255,1209,-7736,0,0,0
736024,787,0,1546,9880,1,0,1
736025,65535,255,3849,9665,0,0,0
736026,1167,0,5433,9411,1,0,1
736027,1450,0,4154,-7163,1,0,1
736028,65535,255,2068,-7488,0,0,0
736029,1032,0,638,9892,1,0,1
736030,1311,0,3163,9851,1,0,1
736031,1505,0,4973,9531,1,0,1
736032,998,0,4683,-7023,1,0,1
736033,1338,0,2849,-7398,1,0,1
736034,1064,0,297,-8131,1,0,1
736035,1036,0,2387,9981,1,0,1
736036,1283,0,4448,9597,1,0,1
736037,65535,255,5145,-6919,0,0,0
736038,65535,255,3543,-7229,0,0,0
736039,65535,255,1209,-7708,0,0,0
736040,65535,255,1540,9923,0,0,0
736041,859,0,3850,9697,1,0,1
736042,65535,255,5434,9367,0,0,0
736043,65535,255,4151,-7122,0,0,0
736044,65535,255,2062,-7426,0,0,0
736045,65535,255,639,9788,0,0,0
736046,689,0,3163,9860,1,0,1
736047,65535,255,4976,9465,0,0,0
736048,0,0,0,0,0,0,0
736049,65535,255,2844,-7311,0,0,0
736050,992,0,290,-7571,1,0,1
736051,1213,0,2392,9941,1,0,1
736052,1519,0,4452,9596,1,0,1
736053,65535,255,5142,-6930,0,0,0
736054,1056,0,3539,-7272,1,0,1
736055,1309,0,1198,-7488,1,0,1
736056,65535,255,1551,10155,0,0,0
736057,1337,0,3858,9680,1,0,1
736058,65535,255,5439,9371,0,0,0
736059,65535,255,4143,-7144,0,0,0
736060,1227,0,2052,-7521,1,0,1
736061,927,0,649,10305,1,0,1
736062,1294,0,3176,9820,1,0,1
736063,1285,0,4986,9464,1,0,1
736064,1480,0,4673,-7066,1,0,1
736065,1163,0,2830,-7379,1,0,1
736066,1483,0,276,-8530,1,0,1
736067,1328,0,2412,9873,1,0,1
736068,65535,255,4466,9587,0,0,0
736069,65535,255,5131,-6938,0,0,0
736070,1454,0,3522,-7302,1,0,1
736071,0,0,0,0,0,0,0
736072,918,0,1578,10026,1,0,1
736073,65535,255,3873,9771,0,0,0
736074,1636,0,5453,9373,1,0,1
736075,1438,0,4125,-7161,1,0,1
736076,1234,0,2022,-7452,1,0,1
736077,1432,0,684,9906,1,0,1
736078,1675,0,3203,9787,1,0,1
736079,1067,2,5003,9455,1,0,1
736080,65535,255,4655,-7038,0,0,0
736081,65535,255,2802,-7439,0,0,0
736082,65535,255,238,-7681,0,0,0
736083,65535,255,2447,9844,0,0,0
736084,65535,255,4492,9583,0,0,0
736085,0,0,0,0,0,0,0
736086,1384,0,3496,-7271,1,0,1
736087,0,0,0,0,0,0,0
736088,0,0,0,0,0,0,0
736089,65535,255,3890,9729,0,0,0
736090,925,0,5459,9379,1,0,0
736091,2799,1,6520,9024,1,0,1
736092,1254,0,2020,-7462,1,0,0
736093,65535,255,684,10150,0,0,0
736094,1410,0,3199,9817,1,0,1
736095,1670,0,5000,9472,1,0,1
736096,65535,255,6203,9178,0,0,0
736097,65535,255,-32768,-32768,0,65535,1
736098,1278,0,261,-7432,1,0,1
736099,65535,255,2422,10004,0,0,0
736100,65535,255,4472,9562,0,0,0
736101,65535,255,5850,9246,0,0,0
736102,65535,255,6794,8927,0,0,1
736103,65535,255,-32768,-32768,0,65535,0
736104,65535,255,1567,10111,0,0,0
736105,65535,255,3869,9695,0,0,0
736106,65535,255,5446,9404,0,0,0
736107,65535,255,6513,9027,0,0,0
736108,65535,255,-32768,-32768,0,65535,0
736109,65535,255,-32768,-32768,0,65535,1
736110,65535,255,3181,9753,0,0,0
736111,1473,0,4984,9530,1,0,1
736112,2145,1,6195,9170,1,0,1
736113,65535,255,-32768,-32768,0,65535,1
736114,65535,255,-32768,-32768,0,65535,1
736115,1324,0,2402,9849,1,0,1
736116,1090,0,4458,9597,1,0,0
736117,1109,0,5840,9275,1,0,0
736118,65535,255,6787,8937,0,0,1
736119,65535,255,-32768,-32768,0,65535,1
736120,65535,255,-32768,-32768,0,65535,1
736121,1314,0,3853,9682,1,0,1
736122,1398,0,5436,9407,1,0,1
736123,0,0,0,0,0,0,0
736124,0,0,0,0,0,0,0
736125,65535,255,-32768,-32768,0,65535,1
736126,65535,255,-32768,-32768,0,65535,1
736127,1123,0,4976,9488,1,0,1
736128,0,0,0,0,0,0,0
736129,0,0,0,0,0,0,0
736130,65535,255,-32768,-32768,0,65535,1
736131,65535,255,-32768,-32768,0,65535,1
736132,65535,255,4449,9598,0,0,0
736133,65535,255,5831,9286,0,0,0
736134,0,0,0,0,0,0,0
736135,0,0,0,0,0,0,0
736136,65535,255,-32768,-32768,0,65535,1
736137,65535,255,-32768,-32768,0,65535,0
736138,65535,255,5428,9385,0,0,0
736139,1917,0,6499,9073,1,0,1
736140,0,0,0,0,0,0,0
736141,65535,255,-32768,-32768,0,65535,1
736142,65535,255,-32768,-32768,0,65535,0
736143,65535,255,4967,9512,0,0,1
736144,1523,0,6185,9166,1,0,1
736145,0,0,0,0,0,0,0
736146,65535,255,-32768,-32768,0,65535,1
736147,65535,255,-32768,-32768,0,65535,1
736148,1153,0,4442,9575,1,0,1
736149,65535,255,5829,9274,0,0,0
736150,65535,255,6778,8944,0,0,1
736151,65535,255,-32768,-32768,0,65535,1
736152,65535,255,-32768,-32768,0,65535,1
736153,65535,255,3834,9736,0,0,0
736154,849,0,5425,9404,1,0,1
736155,2095,0,6496,9041,1,0,1
736156,65535,255,-32768,-32768,0,65535,1
736157,65535,255,-32768,-32768,0,65535,1
736158,65535,255,3150,9775,0,0,0
736159,1652,0,4964,9485,1,0,1
736160,1394,0,6181,9151,1,0,1
736161,65535,255,-32768,-32768,0,65535,1
736162,65535,255,-32768,-32768,0,65535,1
736163,2168,0,2372,9972,1,0,1
736164,1437,0,4439,9581,1,0,1
736165,1049,0,5827,9282,1,0,1
736166,65535,255,6777,8957,0,0,1
736167,2223,0,1226,-7485,1,0,1
736168,1643,0,1524,10032,1,0,1
736169,65535,255,3833,9716,0,0,0
736170,65535,255,5423,9371,0,0,0
736171,65535,255,6495,9074,0,0,0
736172,65535,255,2084,-7593,0,0,0
736173,65535,255,614,10208,0,0,0
736174,1766,0,3148,9793,1,0,1
736175,65535,255,4965,9474,0,0,0
736176,65535,255,6182,9151,0,0,0
736177,65535,255,2858,-7450,0,0,0
736178,1251,0,314,-8020,1,0,1
736179,1376,0,2377,10011,1,0,1
736180,2096,0,4439,9606,1,0,1
736181,1909,0,5827,9303,1,0,1
736182,1563,0,3552,-7218,1,0,1
736183,65535,255,1220,-7677,0,0,0
736184,1928,0,1525,10114,1,0,1
736185,65535,255,3842,9668,0,0,0
736186,65535,255,5426,9418,0,0,0
736187,65535,255,4158,-7188,0,0,0
736188,1395,0,2073,-7548,1,0,1
736189,65535,255,625,10101,0,0,0
736190,65535,255,3154,9902,0,0,0
736191,1790,0,4970,9479,1,0,1
736192,65535,255,4686,-7056,0,0,0
736193,1466,0,2849,-7309,1,0,1
736194,65535,255,303,-7247,0,0,0
736195,65535,255,2387,9877,0,0,0
736196,2259,0,4445,9649,1,0,1
736197,65535,255,5145,-6881,0,0,0
736198,953,2,3543,-7305,1,0,0
736199,65535,255,1208,-7541,0,0,0
736200,65535,255,1540,10115,0,0,0
736201,65535,255,3849,9768,0,0,0
736202,1707,0,5433,9412,1,0,1
736203,1649,0,4150,-7183,1,0,1
736204,1507,0,2062,-7549,1,0,1
736205,2297,1,637,10205,1,0,1
736206,1437,0,3168,9774,1,0,1
736207,1237,0,4979,9499,1,0,1
736208,1587,0,4676,-6999,1,0,1
736209,65535,255,2839,-7377,0,0,0
736210,1450,0,285,-8145,1,0,1
736211,65535,255,2402,9994,0,0,0
736212,65535,255,4458,9616,0,0,0
736213,1842,0,5139,-6940,1,0,1
736214,1385,0,3530,-7273,1,0,1
736215,65535,255,1192,-7486,0,0,0
736216,2551,0,1556,10113,1,0,1
736217,65535,255,3862,9747,0,0,0
736218,65535,255,5445,9387,0,0,0
736219,65535,255,4136,-7096,0,0,0
736220,65535,255,2042,-7379,0,0,0
736221,65535,255,661,10406,0,0,0
736222,65535,255,3185,9849,0,0,0
736223,0,0,0,0,0,0,0
736224,65535,255,4669,-7054,0,0,0
736225,65535,255,2820,-7324,0,0,0
736226,1454,0,261,-7683,1,0,1
736227,65535,255,2426,9964,0,0,0
736228,1875,0,4475,9613,1,0,1
736229,65535,255,5130,-6942,0,0,0
736230,65535,255,3517,-7292,0,0,0
736231,1668,0,1175,-7489,1,0,1
736232,1646,0,1573,9964,1,0,1
736233,1544,0,3873,9662,3,0,1
736234,1475,0,5450,9397,1,0,1
736235,65535,255,4136,-7112,0,0,0
736236,65535,255,2041,-7554,0,0,0
736237,65535,255,667,9902,0,0,0
736238,65535,255,3185,9818,0,0,0
736239,65535,255,4991,9490,0,0,0
736240,65535,255,4673,-7043,0,0,0
736241,65535,255,2829,-7402,0,0,0
736242,65535,255,273,-7681,0,0,0
736243,65535,255,2412,9860,0,0,0
736244,65535,255,4465,9620,0,0,0
736245,65535,255,5138,-6911,0,0,0
736246,1857,2,3535,-7316,1,0,1
736247,65535,255,1192,-7460,0,0,0
736248,1287,2,1557,9965,1,0,0
736249,65535,255,3861,9680,0,0,0
736250,65535,255,5441,9414,0,0,0
736251,65535,255,4146,-7151,0,0,0
736252,65535,255,2052,-7412,0,0,0
736253,65535,255,649,10354,0,0,0
736254,1540,0,3177,9762,1,0,1
736255,65535,255,4985,9470,0,0,0
736256,1669,0,4679,-7029,1,0,1
736257,1542,0,2843,-7388,1,0,0
736258,65535,255,284,-7685,0,0,0
736259,1499,0,2402,9900,1,0,1
736260,65535,255,4455,9647,0,0,0
736261,1666,0,5144,-6940,1,0,1
736262,65535,255,3539,-7247,0,0,0
736263,65535,255,1203,-7709,0,0,0
736264,1563,0,1547,10075,1,0,1
736265,65535,255,3855,9721,0,0,0
736266,65535,255,5439,9406,0,0,0
736267,1383,0,4150,-7149,1,0,1
736268,1109,0,2057,-7457,1,0,1
736269,1946,0,645,9740,1,0,1
736270,1300,0,3172,9821,1,0,1
736271,1417,0,4980,9513,1,0,1
736272,897,0,4679,-6994,1,0,0
736273,917,0,2839,-7345,1,0,1
736274,65535,255,290,-7451,0,0,0
736275,65535,255,2397,10007,0,0,0
736276,1110,0,4455,9565,1,0,1
736277,1705,0,5145,-6933,1,0,1
736278,65535,255,3543,-7322,0,0,0
736279,65535,255,1204,-7376,0,0,0
736280,1428,0,1540,10179,1,0,1
736281,1691,0,3846,9729,3,0,1
736282,65535,255,5431,9355,0,0,0
736283,65535,255,4154,-7147,0,0,0
736284,65535,255,2068,-7362,0,0,0
736285,65535,255,626,9997,0,0,0
736286,65535,255,3154,9824,0,0,0
736287,65535,255,4968,9490,0,0,0
736288,65535,255,4689,-7032,0,0,0
736289,154,2,2858,-7363,1,0,1
736290,65535,255,309,-7142,0,0,0
736291,65535,255,2377,9997,0,0,0
736292,1766,0,4439,9575,1,0,1
736293,65535,255,5154,-6946,0,0,0
736294,1235,0,3552,-7235,1,0,1
736295,1454,0,1226,-7567,1,0,1
736296,1480,0,1524,10032,1,0,1
736297,1426,0,3834,9693,1,0,1
736298,1653,0,5420,9415,1,0,1
736299,65535,255,4165,-7138,0,0,0
736300,1373,0,2084,-7376,1,0,1
736301,65535,255,608,10161,0,0,0
736302,65535,255,3141,9865,0,0,0
736303,65535,255,4959,9519,0,0,0
736304,65535,255,4693,-6989,0,0,0
736305,65535,255,2863,-7296,0,0,0
736306,65535,255,327,-8393,0,0,0
736307,673,2,2368,9959,1,0,0
736308,65535,255,4433,9564,0,0,0
736309,65535,255,5156,-6923,0,0,0
736310,65535,255,3560,-7250,0,0,0
736311,65535,255,1231,-7674,0,0,0
736312,65535,255,1513,10141,0,0,0
736313,65535,255,3830,9741,0,0,0
736314,65535,255,5421,9377,0,0,0
736315,941,0,4165,-7103,1,0,1
736316,864,0,2089,-7560,1,0,1
736317,1159,0,608,9993,1,0,1
736318,1031,0,3141,9856,1,0,1
736319,65535,255,4959,9520,0,0,0
736320,788,0,4696,-7000,1,0,0
736321,65535,255,2867,-7339,0,0,0
736322,65535,255,320,-7266,0,0,0
736323,1445,0,2368,9840,1,0,1
736324,65535,255,4432,9621,0,0,0
736325,65535,255,5157,-6924,0,0,0
736326,65535,255,3560,-7215,0,0,0
736327,1391,0,1231,-7620,1,0,1
736328,65535,255,1518,10141,0,0,0
736329,65535,255,3829,9757,0,0,0
736330,65535,255,5420,9392,0,0,0
736331,65535,255,4165,-7138,0,0,0
736332,65535,255,2083,-7422,0,0,0
736333,65535,255,609,10481,0,0,0
736334,65535,255,3145,9806,0,0,0
736335,65535,255,4964,9503,0,0,0
736336,1009,0,4693,-6989,1,0,1
736337,1211,0,2863,-7328,1,0,1
736338,65535,255,314,-7367,0,0,0
736339,779,2,2378,9879,1,0,1
736340,65535,255,4439,9645,0,0,0
736341,65535,255,5155,-6939,0,0,0
736342,1326,0,3556,-7268,1,0,1
736343,1562,0,1220,-7403,1,0,1
736344,65535,255,1529,9989,0,0,0
736345,65535,255,3841,9716,0,0,0
736346,1885,0,5428,9376,1,0,1
736347,1712,0,4161,-7118,1,0,1
736348,1040,0,2073,-7408,1,0,1
736349,1132,0,626,10472,1,0,1
736350,1543,0,3158,9815,1,0,1
736351,1321,0,4973,9518,1,0,1
736352,65535,255,4689,-7008,0,0,0
736353,1570,0,2853,-7384,1,0,1
736354,1286,0,302,-8011,1,0,1
736355,916,0,2392,9970,1,0,1
736356,1397,0,4451,9599,1,0,1
736357,65535,255,5147,-6921,0,0,0
736358,65535,255,3543,-7235,0,0,0
736359,65535,255,1209,-7760,0,0,0
736360,65535,255,1545,9968,0,0,0
736361,65535,255,3853,9707,0,0,0
736362,65535,255,5438,9379,0,0,0
736363,65535,255,4150,-7134,0,0,0
736364,1449,0,2057,-7455,1,0,1
736365,1094,0,650,9900,1,0,1
736366,1091,0,3176,9871,1,0,1
736367,0,0,0,0,0,0,0
736368,65535,255,4676,-7058,0,0,0
736369,65535,255,2834,-7321,0,0,0
736370,637,2,273,-7557,1,0,1
736371,1661,0,2412,9929,1,0,1
736372,65535,255,4469,9590,0,0,0
736373,1160,2,5135,-6919,1,0,1
736374,65535,255,3525,-7239,0,0,0
736375,65535,255,1181,-7373,0,0,0
736376,65535,255,1573,10049,0,0,0
736377,65535,255,3873,9750,0,0,0
736378,726,0,5452,9409,1,0,1
736379,65535,255,4132,-7192,0,0,0
736380,1308,0,2034,-7526,1,0,1
736381,1286,0,673,10447,1,0,1
736382,65535,255,3199,9839,0,0,0
736383,65535,255,5003,9463,0,0,0
736384,1283,0,4659,-7055,1,0,1
736385,65535,255,2806,-7313,0,0,0
736386,1111,0,246,-6874,1,0,1
736387,65535,255,2436,10017,0,0,0
736388,0,0,0,0,0,0,0
736389,65535,255,5122,-6912,0,0,0
736390,982,0,3507,-7290,1,0,1
736391,1312,0,1158,-7544,1,0,1
736392,65535,255,1595,10088,0,0,0
736393,1500,0,3886,9733,1,0,1
736394,65535,255,5460,9378,0,0,0
736395,65535,255,4118,-7111,0,0,0
736396,65535,255,2013,-7527,0,0,0
736397,1144,0,695,10245,1,0,1
736398,65535,255,3213,9760,0,0,0
736399,65535,255,5009,9477,0,0,0
736400,1473,0,4649,-7051,1,0,1
736401,65535,255,2797,-7448,0,0,0
736402,65535,255,234,-8372,0,0,0
736403,65535,255,2446,10002,0,0,0
736404,1171,0,4489,9605,1,0,1
736405,65535,255,5113,-6919,0,0,0
736406,65535,255,3492,-7217,0,0,0
736407,1505,0,1141,-7661,1,0,1
736408,1495,0,1607,10123,1,0,1
736409,1493,0,3902,9662,1,0,1
736410,1668,0,5468,9361,1,0,1
736411,1220,0,4103,-7177,1,0,0
736412,65535,255,1994,-7526,0,0,0
736413,1567,0,713,10054,1,0,1
736414,65535,255,3226,9844,0,0,0
736415,1647,0,5016,9465,1,0,1
736416,1683,0,4641,-7052,1,0,1
736417,65535,255,2783,-7327,0,0,0
736418,65535,255,221,-7830,0,0,0
736419,65535,255,2451,9975,0,0,0
736420,65535,255,4490,9617,0,0,0
736421,65535,255,5114,-6944,0,0,0
736422,65535,255,3496,-7302,0,0,0
736423,65535,255,1147,-7601,0,0,0
736424,65535,255,1601,9923,0,0,0
736425,65535,255,3890,9709,0,0,0
736426,824,0,5459,9393,1,0,1
736427,971,0,4114,-7167,1,0,1
736428,65535,255,2015,-7571,0,0,0
736429,65535,255,684,10345,0,0,0
736430,1319,0,3204,9838,1,0,1
736431,1170,0,5001,9468,1,0,1
736432,1811,0,4657,-7060,1,0,1
736433,65535,255,2807,-7357,0,0,0
736434,1069,0,251,-8338,1,0,1
736435,65535,255,2432,9835,0,0,0
736436,65535,255,4476,9564,0,0,0
736437,65535,255,5125,-6910,0,0,0
736438,65535,255,3514,-7247,0,0,0
736439,1494,0,1169,-7456,1,0,1
736440,1615,0,1578,9967,1,0,1
736441,1093,0,3874,9743,1,0,1
736442,65535,255,5448,9398,0,0,0
736443,65535,255,4129,-7102,0,0,0
736444,65535,255,2036,-7441,0,0,0
736445,1836,0,667,10055,1,0,1
736446,1686,0,3186,9792,1,0,1
736447,1517,0,4989,9531,1,0,1
736448,65535,255,4666,-7052,0,0,0
736449,65535,255,2825,-7354,0,0,0
736450,65535,255,274,-8282,0,0,0
736451,65535,255,2412,9863,0,0,0
736452,65535,255,4466,9578,0,0,0
736453,1717,0,5844,9250,1,0,1
736454,1733,0,3526,-7288,1,0,1
736455,65535,255,1186,-7652,0,0,0
736456,1754,0,1562,9989,1,0,1
736457,1417,0,3861,9761,1,0,1
736458,65535,255,5442,9360,0,0,0
736459,65535,255,6510,9038,0,0,0
736460,0,0,0,0,0,0,0
736461,65535,255,649,10410,0,0,0
736462,65535,255,3177,9871,0,0,0
736463,0,0,0,0,0,0,0
736464,1989,2,6194,9138,1,0,0
736465,65535,255,-32768,-32768,0,65535,1
736466,65535,255,285,-8145,0,0,0
736467,65535,255,2403,9852,0,0,0
736468,1705,0,4459,9587,1,0,1
736469,65535,255,5841,9256,0,0,0
736470,65535,255,6786,8938,0,0,1
736471,65535,255,-32768,-32768,0,65535,1
736472,1761,0,1551,10117,1,0,1
736473,65535,255,3857,9693,0,0,0
736474,65535,255,5439,9400,0,0,0
736475,1133,0,6507,9074,1,0,1
736476,65535,255,-32768,-32768,0,65535,0
736477,65535,255,-32768,-32768,0,65535,1
736478,1316,0,3172,9853,1,0,1
736479,1062,0,4982,9496,1,0,1
736480,65535,255,6193,9143,0,0,0
736481,0,0,0,0,0,0,0
736482,65535,255,-32768,-32768,0,65535,0
736483,65535,255,2402,9918,0,0,0
736484,65535,255,4455,9619,0,0,0
736485,65535,255,5838,9283,0,0,0
736486,65535,255,6787,8940,0,0,1
736487,65535,255,-32768,-32768,0,65535,0
736488,65535,255,-32768,-32768,0,65535,1
736489,1590,0,3854,9739,1,0,1
736490,65535,255,5438,9380,0,0,0
736491,1670,0,6507,9060,1,0,1
736492,0,0,0,0,0,0,0
736493,65535,255,-32768,-32768,0,65535,0
736494,65535,255,-32768,-32768,0,65535,1
736495,65535,255,4982,9501,0,0,0
736496,561,0,6193,9147,1,0,0
736497,0,0,0,0,0,0,0
736498,65535,255,-32768,-32768,0,65535,0
736499,65535,255,-32768,-32768,0,65535,1
736500,65535,255,4455,9649,0,0,0
736501,2069,0,5840,9276,1,0,1
736502,0,0,0,0,0,0,0
736503,0,0,0,0,0,0,0
736504,65535,255,-32768,-32768,0,65535,1
736505,1559,0,3857,9731,1,0,1
736506,1686,0,5439,9357,1,0,1
736507,2388,0,6507,9046,1,0,1
736508,0,0,0,0,0,0,0
736509,65535,255,-32768,-32768,0,65535,1
736510,65535,255,-32768,-32768,0,65535,1
736511,65535,255,4982,9496,0,0,0
736512,1963,0,6193,9147,1,0,1
736513,0,0,0,0,0,0,0
736514,65535,255,-32768,-32768,0,65535,1
736515,65535,255,-32768,-32768,0,65535,0
736516,1685,0,4459,9574,1,0,1
736517,1918,0,5842,9261,1,0,1
736518,65535,255,6788,8927,0,0,1
736519,65535,255,-32768,-32768,0,65535,0
736520,1261,0,1557,9989,1,0,1
736521,1236,0,3862,9668,1,0,1
736522,65535,255,5442,9394,0,0,0
736523,65535,255,6508,9054,0,0,0
736524,65535,255,-32768,-32768,0,65535,0
736525,1552,0,656,9800,1,0,1
736526,1695,0,3177,9794,1,0,1
736527,1563,0,4985,9473,1,0,1
736528,2055,0,6195,9159,1,0,1
736529,65535,255,-32768,-32768,0,65535,1
736530,1579,0,275,-6957,1,0,1
736531,1438,0,2407,9996,1,0,1
736532,1671,0,4463,9574,1,0,1
736533,314,2,5844,9264,1,0,0
736534,65535,255,6790,8932,0,0,0
736535,1423,0,1186,-7597,1,0,0
736536,1554,0,1562,10052,1,0,1
736537,65535,255,3866,9699,0,0,0
736538,65535,255,5443,9394,0,0,0
736539,65535,255,6510,9044,0,0,0
736540,1575,0,2041,-7393,1,0,1
736541,65535,255,661,10204,0,0,0
736542,65535,255,3186,9871,0,0,0
736543,1192,2,4989,9526,1,0,0
736544,65535,255,6198,9171,0,0,0
736545,1584,0,2821,-7288,1,0,1
736546,922,0,263,-8436,1,0,1
736547,65535,255,2422,9941,0,0,0
736548,1277,0,4469,9654,1,0,1
736549,1442,0,5128,-6939,1,0,1
736550,1487,0,3513,-7221,1,0,1
736551,1331,0,1169,-7570,1,0,1
736552,65535,255,1578,10050,0,0,0
736553,65535,255,3874,9697,0,0,0
736554,1492,0,5450,9367,1,0,1
736555,1811,0,4125,-7164,1,0,1
736556,1550,0,2026,-7505,1,0,1
736557,65535,255,679,9811,0,0,0
736558,65535,255,3199,9803,0,0,0
736559,1882,0,4998,9487,1,0,1
736560,65535,255,4657,-7047,0,0,0
736561,65535,255,2806,-7412,0,0,0
736562,65535,255,244,-7956,0,0,0
736563,643,0,2437,9901,1,0,0
736564,1732,0,4479,9640,1,0,1
736565,2046,0,5119,-6931,1,0,1
736566,1832,0,3501,-7214,1,0,1
736567,1682,0,1152,-7571,1,0,1
736568,65535,255,1595,10068,0,0,0
736569,1650,0,3886,9718,1,0,1
736570,1322,0,5461,9364,1,0,1
736571,1630,0,4114,-7188,1,0,1
736572,65535,255,2010,-7507,0,0,0
736573,65535,255,702,9867,0,0,0
736574,1273,0,3213,9828,1,0,1
736575,1174,0,5010,9506,1,0,1
736576,1292,0,4644,-7068,1,0,1
736577,65535,255,2788,-7291,0,0,1
736578,65535,255,226,-7201,0,0,0
736579,1267,0,2457,9989,1,0,1
736580,1451,0,4496,9586,1,0,1
736581,65535,255,5108,-6898,0,0,0
736582,932,0,3488,-7303,1,0,0
736583,65535,255,1130,-7426,0,0,0
736584,65535,255,1617,10005,0,0,0
736585,65535,255,3905,9700,0,0,0
736586,1332,0,5474,9358,1,0,1
736587,1524,0,4099,-7141,1,0,1
736588,65535,255,1989,-7414,0,0,0
736589,1145,0,713,10382,1,0,0
736590,979,0,3226,9779,1,0,0
736591,65535,255,5016,9483,0,0,0
736592,65535,255,4643,-7044,0,0,0
736593,65535,255,2792,-7436,0,0,0
736594,1250,0,228,-8401,1,0,0
736595,1158,0,2446,9964,1,0,1
736596,1379,0,4489,9582,1,0,1
736597,1048,0,5116,-6891,1,0,1
736598,1605,0,3505,-7300,1,0,1
736599,1619,0,1152,-7455,1,0,1
736600,65535,255,1590,10029,0,0,0
736601,1105,0,3885,9719,1,0,1
736602,1002,0,5458,9371,1,0,1
736603,65535,255,4132,-7110,0,0,0
736604,65535,255,2041,-7442,0,0,0
736605,65535,255,667,10003,0,0,0
736606,1538,0,3186,9772,1,0,1
736607,2068,0,4988,9514,1,0,1
736608,1799,0,4672,-7024,1,0,1
736609,65535,255,2829,-7289,0,0,0
736610,65535,255,278,-7562,0,0,0
736611,1494,0,2407,9967,1,0,1
736612,65535,255,4459,9623,0,0,0
736613,65535,255,5141,-6877,0,0,0
736614,65535,255,3538,-7202,0,0,0
736615,1794,0,1203,-7763,1,0,1
736616,0,0,0,0,0,0,0
736617,0,0,0,0,0,0,0
736618,65535,255,5436,9370,0,0,0
736619,65535,255,4154,-7140,0,0,0
736620,0,0,0,0,0,0,0
736621,65535,255,632,10364,0,0,0
736622,65535,255,3163,9853,0,0,0
736623,65535,255,4976,9485,0,0,0
736624,65535,255,4688,-7002,0,0,0
736625,1540,0,2858,-7428,1,0,1
736626,65535,255,308,-7356,0,0,0
736627,0,0,0,0,0,0,0
736628,65535,255,4442,9633,0,0,0
736629,65535,255,5153,-6889,0,0,0
736630,333,2,3555,-7233,1,0,0
736631,65535,255,1226,-7457,0,0,0
736632,1241,0,1523,10184,1,0,1
736633,1289,0,3837,9710,1,0,1
736634,65535,255,5425,9406,0,0,0
736635,1437,0,4168,-7096,1,0,1
736636,66,2,2088,-7467,1,0,1
736637,1348,0,608,10158,1,0,1
736638,982,2,3141,9827,1,0,1
736639,0,0,0,0,0,0,0
736640,65535,255,4698,-6999,0,0,0
736641,65535,255,2872,-7430,0,0,0
736642,65535,255,325,-7681,0,0,0
736643,1574,0,2362,10015,1,0,1
736644,1484,0,4430,9608,1,0,1
736645,65535,255,5162,-6927,0,0,0
736646,1538,0,3568,-7299,1,0,1
736647,65535,255,1243,-7698,0,0,0
736648,1078,0,1507,10080,1,0,1
736649,65535,255,3826,9681,0,0,0
736650,1668,0,5415,9390,1,0,1
736651,65535,255,4176,-7110,0,0,0
736652,65535,255,2099,-7450,0,0,0
736653,65535,255,591,10160,0,0,0
736654,65535,255,3128,9839,0,0,0
736655,65535,255,4952,9490,0,0,0
736656,65535,255,4705,-7020,0,0,0
736657,0,0,0,0,0,0,0
736658,65535,255,343,-8163,0,0,0
736659,0,0,0,0,0,0,0
736660,65535,255,4422,9611,0,0,0
736661,1264,0,5164,-6889,1,0,1
736662,65535,255,3573,-7246,0,0,0
736663,65535,255,1254,-7588,0,0,0
736664,1479,0,1497,9993,1,0,1
736665,1583,0,3814,9777,1,0,1
736666,1598,0,5410,9382,1,0,1
736667,65535,255,4181,-7136,0,0,0
736668,65535,255,2109,-7449,0,0,0
736669,65535,255,585,10272,0,0,0
736670,65535,255,3123,9860,0,0,0
736671,1319,0,4947,9508,1,0,1
736672,1653,0,4709,-7048,1,0,1
736673,1397,0,2887,-7378,1,0,1
736674,65535,255,349,-7300,0,0,0
736675,65535,255,2343,9993,0,0,0
736676,65535,255,4416,9620,0,0,0
736677,65535,255,5168,-6939,0,0,0
736678,65535,255,3577,-7202,0,0,0
736679,65535,255,1254,-7455,0,0,0
736680,65535,255,1491,9906,0,0,0
736681,1499,0,3810,9754,1,0,1
736682,65535,255,5407,9373,0,0,0
736683,65535,255,4183,-7180,0,0,0
736684,214,2,2110,-7448,1,0,1
736685,65535,255,580,10046,0,0,0
736686,65535,255,3119,9841,0,0,0
736687,1517,0,4947,9497,1,0,0
736688,1256,0,4708,-7042,1,0,1
736689,65535,255,2887,-7388,0,0,0
736690,1222,0,349,-7392,1,0,1
736691,1226,0,2343,10020,1,0,1
736692,1353,0,4419,9587,1,0,1
736693,1155,0,5165,-6878,1,0,1
736694,1313,0,3577,-7245,1,0,1
736695,1161,0,1254,-7615,1,0,1
736696,1125,0,1490,10061,1,0,1
736697,1564,0,3814,9691,1,0,1
736698,1410,0,5409,9411,1,0,1
736699,1657,0,4180,-7140,1,0,1
736700,1528,0,2105,-7372,1,0,1
736701,1322,0,585,10046,1,0,1
736702,1577,0,3123,9851,1,0,1
736703,65535,255,4950,9508,0,0,0
736704,2088,0,4709,-7059,1,0,1
736705,65535,255,2882,-7421,0,0,0
736706,65535,255,342,-7873,0,0,0
736707,65535,255,2353,9883,0,0,0
736708,65535,255,4425,9618,0,0,0
736709,1652,0,5165,-6909,1,0,1
736710,1538,0,3573,-7304,1,0,1
736711,1297,0,1243,-7402,1,0,1
736712,1226,0,1502,9907,1,0,0
736713,1242,0,3821,9768,1,0,1
736714,1850,0,5415,9386,1,0,1
736715,1653,0,4176,-7106,1,0,1
736716,1081,0,2099,-7556,1,0,1
736717,1456,0,598,9882,1,0,1
736718,65535,255,3136,9820,0,0,0
736719,975,0,4958,9496,1,0,1
736720,1046,0,4702,-7055,1,0,1
736721,1462,0,2877,-7422,1,0,1
736722,65535,255,331,-7880,0,0,0
736723,65535,255,2367,9895,0,0,0
736724,65535,255,4432,9630,0,0,0
736725,65535,255,5161,-6920,0,0,0
736726,65535,255,3564,-7196,0,0,0
736727,65535,255,1231,-7509,0,0,0
736728,65535,255,1518,10015,0,0,0
736729,65535,255,3834,9697,0,0,0
736730,65535,255,5422,9419,0,0,0
736731,65535,255,4168,-7162,0,0,0
736732,65535,255,2083,-7450,0,0,0
736733,831,0,615,10428,1,0,1
736734,65535,255,3150,9770,0,0,0
736735,65535,255,4967,9478,0,0,0
736736,65535,255,4695,-7033,0,0,0
736737,65535,255,2862,-7391,0,0,0
736738,0,0,0,0,0,0,0
736739,65535,255,2382,9881,0,0,0
736740,65535,255,4445,9628,0,0,0
736741,1140,0,5152,-6927,1,0,1
736742,1509,0,3551,-7206,1,0,1
736743,1375,0,1214,-7565,1,0,1
736744,1292,0,1535,10056,1,0,1
736745,65535,255,3845,9718,0,0,0
736746,65535,255,5433,9363,0,0,0
736747,65535,255,4157,-7192,0,0,0
736748,65535,255,2067,-7515,0,0,0
736749,65535,255,638,9897,0,0,0
736750,65535,255,3167,9836,0,0,0
736751,65535,255,4979,9508,0,0,0
736752,1781,0,4682,-6983,1,0,1
736753,1446,2,2844,-7307,1,0,1
736754,65535,255,287,-6871,0,0,0
736755,751,0,2402,10011,1,0,1
736756,1456,0,4459,9594,1,0,1
736757,65535,255,5141,-6900,0,0,0
736758,0,0,0,0,0,0,0
736759,65535,255,1192,-7483,0,0,0
736760,65535,255,1556,10011,0,0,0
736761,65535,255,3866,9707,0,0,0
736762,1661,0,5444,9361,1,0,1
736763,1662,0,4139,-7195,1,0,1
736764,1495,0,2046,-7534,1,0,1
736765,1414,0,661,10005,1,0,1
736766,65535,255,3185,9862,0,0,0
736767,1351,0,4991,9527,1,0,1
736768,1798,0,4666,-7009,1,0,1
736769,65535,255,2820,-7365,0,0,0
736770,1029,0,255,-7544,1,0,1
736771,1246,0,2427,9876,1,0,1
736772,65535,255,4475,9641,0,0,0
736773,65535,255,5125,-6945,0,0,0
736774,65535,255,3509,-7255,0,0,0
736775,65535,255,1163,-7741,0,0,0
736776,65535,255,1590,9906,0,0,0
736777,65535,255,3886,9673,0,0,0
736778,65535,255,5456,9392,0,0,0
736779,1174,2,4118,-7172,1,0,1
736780,65535,255,2015,-7506,0,0,0
736781,65535,255,696,9913,0,0,0
736782,1370,0,3213,9848,1,0,1
736783,1874,0,5007,9512,1,0,1
736784,1625,0,4647,-7019,1,0,1
736785,1340,0,2797,-7446,1,0,1
736786,1222,2,233,-7103,1,0,0
736787,65535,255,2442,9913,0,0,0
736788,65535,255,4486,9595,0,0,0
736789,1450,0,5116,-6931,1,0,1
736790,65535,255,3501,-7274,0,0,0
736791,1282,0,1152,-7541,1,0,1
736792,65535,255,1595,9924,0,0,0
736793,1721,0,3886,9704,1,0,1
736794,1842,0,5456,9391,1,0,1
736795,1468,0,4118,-7165,1,0,1
736796,1090,0,2015,-7585,1,0,1
736797,852,0,690,10442,1,0,1
736798,1340,0,3204,9849,1,0,1
736799,1728,0,5001,9476,1,0,1
736800,65535,255,4652,-7042,0,0,0
736801,1344,0,2802,-7389,1,0,1
736802,1625,0,248,-6607,1,0,1
736803,1135,0,2437,9889,1,0,0
736804,1800,0,4480,9584,1,0,1
736805,1553,0,5119,-6925,1,0,1
736806,1612,0,3505,-7281,1,0,1
736807,1424,0,1158,-7597,1,0,1
736808,1536,0,1590,9926,1,0,1
736809,65535,255,3882,9728,0,0,0
736810,65535,255,5453,9411,0,0,0
736811,65535,255,4118,-7093,0,0,0
736812,65535,255,2020,-7425,0,0,0
736813,65535,255,684,10008,0,0,0
736814,1795,0,3199,9783,1,0,1
736815,1708,0,4998,9526,1,0,1
736816,65535,255,4657,-7046,0,0,0
736817,1142,0,2806,-7343,1,0,1
736818,65535,255,251,-8334,0,0,0
736819,65535,255,2432,9863,0,0,0
736820,994,0,4480,9578,1,0,1
736821,1568,0,5854,9249,1,0,1
736822,65535,255,3509,-7298,0,0,0
736823,65535,255,1163,-7654,0,0,0
736824,65535,255,1590,10009,0,0,0
736825,1144,0,3882,9767,1,0,1
736826,65535,255,5456,9363,0,0,0
736827,65535,255,6517,9043,0,0,0
736828,1060,0,2020,-7552,1,0,0
736829,1261,0,685,10444,1,0,1
736830,1300,0,3199,9879,1,0,1
736831,1526,0,5000,9498,1,0,1
736832,1539,0,6207,9140,1,0,1
736833,65535,255,-32768,-32768,0,65535,1
736834,65535,255,244,-8083,0,0,0
736835,65535,255,2437,9849,0,0,0
736836,1157,0,4483,9577,1,0,1
736837,2060,0,5855,9253,1,0,1
736838,65535,255,6798,8937,0,0,1
736839,65535,255,-32768,-32768,0,65535,1
736840,65535,255,1590,10092,0,0,0
736841,65535,255,3886,9682,0,0,0
736842,1381,0,5458,9391,1,0,1
736843,1566,0,6520,9063,1,0,1
736844,65535,255,-32768,-32768,0,65535,1
736845,65535,255,-32768,-32768,0,65535,1
736846,1610,0,3208,9821,1,0,1
736847,65535,255,5006,9476,0,0,0
736848,2254,0,6208,9182,1,0,1
736849,0,0,0,0,0,0,0
736850,65535,255,-32768,-32768,0,65535,0
736851,65535,255,-32768,-32768,0,0,0
736852,65535,255,4489,9577,0,0,0
736853,2203,0,5860,9257,1,0,1
736854,0,0,0,0,0,0,0
736855,0,0,0,0,0,0,0
736856,65535,255,-32768,-32768,0,65535,0
736857,1594,0,3894,9711,1,0,1
736858,1281,0,5463,9413,1,0,1
736859,927,0,6526,9031,1,0,1
736860,0,0,0,0,0,0,0
736861,65535,255,-32768,-32768,0,65535,0
736862,65535,255,-32768,-32768,0,65535,1
736863,65535,255,5012,9518,0,0,0
736864,2195,0,6214,9157,1,0,1
736865,0,0,0,0,0,0,0
736866,65535,255,-32768,-32768,0,65535,1
736867,65535,255,-32768,-32768,0,65535,1
736868,1458,0,4494,9592,1,0,1
736869,1202,0,5867,9242,1,0,0
736870,65535,255,6806,8937,0,0,1
736871,65535,255,-32768,-32768,0,65535,0
736872,65535,255,-32768,-32768,0,65535,1
736873,668,0,3905,9710,1,0,1
736874,65535,255,5471,9411,0,0,0
736875,0,0,0,0,0,0,0
736876,0,0,0,0,0,0,0
736877,65535,255,-32768,-32768,0,65535,1
736878,1428,0,3231,9770,1,0,1
736879,1316,0,5022,9456,1,0,1
736880,1651,0,6218,9174,1,0,1
736881,0,0,0,0,0,0,0
736882,65535,255,-32768,-32768,0,65535,1
736883,1055,0,2472,9847,1,0,1
736884,1019,0,4506,9592,1,0,1
736885,1524,0,5871,9271,1,0,1
736886,65535,255,6810,8932,0,0,1
736887,65535,255,-32768,-32768,0,65535,1
736888,1052,0,1633,9985,1,0,1
736889,1229,0,3917,9663,1,0,1
736890,1309,0,5478,9386,1,0,1
736891,1225,0,6534,9045,1,0,1
736892,65535,255,-32768,-32768,0,65535,0
736893,65535,255,730,10330,0,0,0
736894,65535,255,3239,9892,0,0,0
736895,932,0,5027,9525,1,0,1
736896,65535,255,6225,9153,0,0,0
736897,65535,255,-32768,-32768,0,65535,1
736898,65535,255,200,-8672,0,0,0
736899,1213,0,2476,9987,1,0,1
736900,1412,0,4506,9598,1,0,1
736901,1767,0,5872,9296,1,0,1
736902,65535,255,6810,8919,0,0,1
736903,1354,0,1118,-7573,1,0,1
736904,1571,0,1622,10107,1,0,1
736905,1303,0,3905,9754,1,0,1
736906,65535,255,5471,9396,0,0,0
736907,65535,255,4099,-7139,0,0,0
736908,1678,0,1994,-7428,1,0,1
736909,1080,0,714,10477,1,0,1
736910,1566,0,3222,9818,1,0,1
736911,1382,0,5013,9512,1,0,1
736912,1548,0,4640,-6996,1,0,1
736913,1463,0,2787,-7345,1,0,1
736914,1160,0,221,-7522,1,0,1
736915,1433,0,2452,9900,1,0,0
736916,65535,255,4490,9557,0,0,0
736917,1540,0,5113,-6930,1,0,1
736918,1688,0,3496,-7282,1,0,1
736919,65535,255,1141,-7453,0,0,0
736920,1526,0,1601,10029,1,0,1
736921,1162,0,3890,9727,1,0,1
736922,1438,0,5459,9381,1,0,1
736923,65535,255,4114,-7122,0,0,0
736924,1081,0,2010,-7409,1,0,1
736925,1332,0,690,10441,1,0,1
736926,65535,255,3204,9812,0,0,0
736927,810,0,5001,9515,1,0,1
736928,1232,0,4651,-6999,1,0,1
736929,1569,0,2806,-7365,1,0,1
736930,65535,255,244,-7809,0,0,0
736931,1611,0,2432,9942,1,0,1
736932,65535,255,4476,9585,0,0,0
736933,1339,0,5122,-6902,1,0,1
736934,1509,0,3509,-7194,1,0,1
736935,65535,255,1169,-7766,0,0,0
736936,1055,0,1579,9969,1,0,1
736937,1197,0,3874,9707,1,0,0
736938,697,0,5451,9374,1,0,1
736939,65535,255,4125,-7113,0,0,0
736940,65535,255,2031,-7392,0,0,0
736941,65535,255,667,10455,0,0,0
736942,1232,0,3190,9823,1,0,0
736943,1277,0,4992,9522,1,0,1
736944,1843,0,4663,-7014,1,0,1
736945,1211,0,2820,-7407,1,0,1
736946,65535,255,268,-8295,0,0,0
736947,65535,255,2417,10010,0,0,0
736948,65535,255,4466,9619,0,0,0
736949,65535,255,5131,-6936,0,0,0
736950,65535,255,3522,-7268,0,0,0
736951,1458,0,1180,-7424,1,0,1
736952,65535,255,1568,10075,0,0,0
736953,1160,0,3866,9747,1,0,1
736954,65535,255,5445,9405,0,0,0
736955,65535,255,4136,-7173,0,0,0
736956,65535,255,2041,-7547,0,0,0
736957,65535,255,660,10207,0,0,0
736958,1252,0,3181,9786,1,0,1
736959,1602,0,4986,9508,1,0,1
736960,1308,0,4670,-7001,1,0,1
736961,65535,255,2830,-7394,0,0,0
736962,65535,255,274,-8401,0,0,0
736963,65535,255,2407,10025,0,0,0
736964,65535,255,4462,9633,0,0,0
736965,65535,255,5133,-6890,0,0,0
736966,65535,255,3530,-7302,0,0,0
736967,1127,0,1208,-7623,1,0,1
736968,65535,255,1540,9988,0,0,0
736969,65535,255,3845,9754,0,0,0
736970,65535,255,5431,9361,0,0,0
736971,65535,255,4157,-7133,0,0,0
736972,1296,0,2078,-7531,1,0,1
736973,1204,0,621,10423,1,0,1
736974,1337,0,3154,9874,1,0,1
736975,960,0,4970,9502,1,0,1
736976,1327,0,4692,-7024,1,0,1
736977,1010,0,2858,-7318,1,0,1
736978,65535,255,313,-8000,0,0,0
736979,1121,0,2378,9852,1,0,1
736980,65535,255,4439,9583,0,0,0
736981,1684,0,5159,-6939,1,0,1
736982,1317,0,3560,-7280,1,0,1
736983,1475,0,1231,-7754,1,0,1
736984,1285,0,1518,10120,1,0,1
736985,1315,0,3834,9694,1,0,1
736986,1357,0,5422,9397,1,0,1
736987,927,0,4168,-7096,1,0,0
736988,65535,255,2094,-7466,0,0,0
736989,65535,255,602,10268,0,0,0
736990,65535,255,3141,9857,0,0,0
736991,1362,0,4961,9494,1,0,1
736992,1509,0,4702,-7028,1,0,1
736993,65535,255,2872,-7327,0,0,0
736994,1524,0,332,-8280,1,0,1
736995,65535,255,2363,9894,0,0,0
736996,1142,0,4428,9616,1,0,1
736997,65535,255,5164,-6891,0,0,0
736998,1181,0,3568,-7248,1,0,1
736999,1211,0,1242,-7564,1,0,1
737000,65535,255,1507,9992,0,0,0
737001,65535,255,3821,9775,0,0,0
737002,65535,255,5417,9380,0,0,0
737003,65535,255,4179,-7182,0,0,0
737004,65535,255,2099,-7450,0,0,0
737005,65535,255,591,10214,0,0,0
737006,65535,255,3132,9858,0,0,0
737007,65535,255,4955,9500,0,0,0
737008,65535,255,4708,-7043,0,0,0
737009,1120,0,2881,-7368,1,0,1
737010,1436,0,337,-7190,1,0,1
737011,65535,255,2353,9976,0,0,0
737012,65535,255,4425,9662,0,0,0
737013,65535,255,5167,-6931,0,0,0
737014,1548,0,3573,-7196,1,0,1
737015,1706,0,1248,-7429,1,0,1
737016,1603,0,1502,9884,1,0,1
737017,1525,0,3817,9753,1,0,1
737018,65535,255,5415,9371,0,0,0
737019,1103,0,4179,-7182,1,0,1
737020,65535,255,2104,-7434,0,0,0
737021,65535,255,591,10272,0,0,0
737022,65535,255,3128,9879,0,0,0
737023,1218,0,4952,9518,1,0,1
737024,65535,255,4707,-7047,0,0,0
737025,65535,255,2886,-7432,0,0,0
737026,65535,255,342,-7776,0,0,1
737027,65535,255,2353,9869,0,0,0
737028,65535,255,4422,9612,0,0,0
737029,968,0,5165,-6900,1,0,1
737030,65535,255,3573,-7280,0,0,0
737031,65535,255,1248,-7749,0,0,0
737032,1642,0,1497,10168,1,0,1
737033,1671,0,3818,9737,1,0,1
737034,1564,0,5415,9366,1,0,1
737035,1533,0,4179,-7181,1,0,1
737036,65535,255,2099,-7464,0,0,0
737037,65535,255,592,10384,0,0,0
737038,1660,0,3128,9908,1,0,1
737039,65535,255,4953,9540,0,0,0
737040,0,0,0,0,0,0,0
737041,65535,255,2877,-7324,0,0,0
737042,65535,255,333,-6983,0,0,0
737043,245,2,2353,9977,1,0,1
737044,65535,255,4426,9567,0,0,0
737045,65535,255,5159,-6880,0,0,0
737046,65535,255,3569,-7238,0,0,0
737047,1682,0,1242,-7617,1,0,1
737048,1016,0,1507,10102,1,0,1
737049,65535,255,3826,9713,0,0,0
737050,1571,0,5416,9388,1,0,1
737051,65535,255,4172,-7168,0,0,0
737052,65535,255,2094,-7449,0,0,0
737053,1198,0,603,10435,1,0,1
737054,1567,0,3137,9770,1,0,1
737055,65535,255,4959,9467,0,0,0
737056,0,0,0,0,0,0,0
737057,65535,255,2867,-7369,0,0,0
737058,1704,0,325,-7477,1,0,1
737059,0,0,0,0,0,0,0
737060,1613,0,4432,9610,1,0,1
737061,65535,255,5156,-6906,0,0,0
737062,1381,0,3560,-7307,1,0,1
737063,1163,0,1226,-7455,1,0,1
737064,0,0,0,0,0,0,0
737065,1219,0,3834,9672,1,0,1
737066,65535,255,5423,9408,0,0,0
737067,65535,255,4162,-7149,0,0,0
737068,65535,255,2078,-7420,0,0,0
737069,65535,255,614,10321,0,0,0
737070,65535,255,3150,9785,0,0,0
737071,65535,255,4968,9466,0,0,0
737072,65535,255,4689,-7029,0,0,0
737073,1453,0,2858,-7381,1,0,1
737074,1074,0,307,-7680,1,0,1
737075,65535,255,2383,9880,0,0,0
737076,65535,255,4442,9634,0,0,0
737077,65535,255,5147,-6928,0,0,0
737078,1136,0,3543,-7216,1,0,1
737079,65535,255,1208,-7593,0,0,0
737080,835,0,1540,10098,1,0,1
737081,65535,255,3846,9726,0,0,0
737082,1467,0,5434,9372,1,0,1
737083,1539,0,4150,-7096,1,0,1
737084,65535,255,2062,-7547,0,0,0
737085,65535,255,638,10001,0,0,0
737086,0,0,0,0,0,0,0
737087,65535,255,4976,9524,0,0,0
737088,1511,0,4679,-7002,1,0,1
737089,65535,255,2839,-7340,0,0,0
737090,908,0,284,-7677,1,0,1
737091,65535,255,2402,9905,0,0,0
737092,65535,255,4459,9644,0,0,0
737093,65535,255,5139,-6941,0,0,0
737094,65535,255,3530,-7244,0,0,0
737095,1299,0,1192,-7706,1,0,1
737096,65535,255,1562,10199,0,0,0
737097,0,0,0,0,0,0,0
737098,65535,255,5444,9403,0,0,0
737099,1203,0,4136,-7148,1,0,1
737100,65535,255,2041,-7424,0,0,0
737101,65535,255,661,10455,0,0,0
737102,1089,0,3190,9793,1,0,1
737103,65535,255,4994,9499,0,0,0
737104,65535,255,4666,-7069,0,0,0
737105,65535,255,2820,-7431,0,0,0
737106,1169,0,257,-8320,1,0,1
737107,65535,255,2426,9968,0,0,0
737108,65535,255,4479,9584,0,0,0
737109,65535,255,5124,-6899,0,0,0
737110,65535,255,3513,-7315,0,0,0
737111,65535,255,1157,-7513,0,0,0
737112,977,2,1589,10050,1,0,0
737113,65535,255,3885,9727,0,0,0
737114,65535,255,5460,9380,0,0,0
737115,65535,255,4117,-7116,0,0,0
737116,65535,255,2015,-7363,0,0,0
737117,65535,255,695,10295,0,0,0
737118,65535,255,3213,9771,0,0,0
737119,1003,0,5012,9484,1,0,1
737120,65535,255,4650,-7032,0,0,0
737121,65535,255,2795,-7396,0,0,0
737122,2044,0,233,-7105,1,0,1
737123,65535,255,2447,9913,0,0,0
737124,65535,255,4489,9582,0,0,0
737125,65535,255,5118,-6916,0,0,0
737126,65535,255,3500,-7240,0,0,0
737127,1237,0,1152,-7397,1,0,1
737128,65535,255,1595,10069,0,0,0
737129,0,0,0,0,0,0,0
737130,65535,255,5459,9377,0,0,0
737131,65535,255,4117,-7095,0,0,0
737132,1127,2,2020,-7393,1,0,1
737133,1250,0,691,9817,1,0,1
737134,65535,255,3203,9869,0,0,0
737135,65535,255,5003,9481,0,0,0
737136,65535,255,4659,-7076,0,0,0
737137,65535,255,2811,-7377,0,0,0
737138,65535,255,251,-8336,0,0,0
737139,65535,255,2432,9997,0,0,0
737140,65535,255,4479,9647,0,0,0
737141,65535,255,5125,-6893,0,0,0
737142,1063,0,3509,-7212,1,0,1
737143,65535,255,1169,-7767,0,0,0
737144,1350,0,1579,10030,1,0,1
737145,1102,0,3878,9752,1,0,1
737146,1398,0,5451,9380,1,0,0
737147,1143,0,4125,-7101,1,0,1
737148,65535,255,2031,-7424,0,0,0
737149,65535,255,673,9908,0,0,0
737150,65535,255,3192,9836,0,0,0
737151,65535,255,4994,9499,0,0,0
737152,65535,255,4663,-7010,0,0,1
737153,65535,255,2820,-7431,0,0,0
737154,65535,255,257,-7030,0,0,0
737155,65535,255,2422,9916,0,0,0
737156,1028,0,4473,9598,1,0,1
737157,810,0,5127,-6933,1,0,0
737158,65535,255,3517,-7288,0,0,0
737159,65535,255,1175,-7596,0,0,0
737160,65535,255,1573,9906,0,0,0
737161,65535,255,3870,9722,0,0,0
737162,65535,255,5448,9403,0,0,0
737163,740,2,4133,-7189,1,0,0
737164,65535,255,2036,-7376,0,0,0
737165,65535,255,668,9856,0,0,0
737166,65535,255,3186,9891,0,0,0
737167,1237,0,4992,9500,1,0,1
737168,966,0,4663,-7021,1,0,1
737169,1083,0,2820,-7376,1,0,1
737170,932,0,261,-7546,1,0,1
737171,1231,0,2417,9969,1,0,1
737172,1494,0,4466,9630,1,0,1
737173,1328,0,5128,-6886,1,0,1
737174,1199,0,3518,-7218,1,0,1
737175,1144,0,1175,-7396,1,0,1
737176,1392,0,1568,10115,1,0,1
737177,65535,255,3870,9684,0,0,0
737178,966,0,5445,9384,1,0,1
737179,65535,255,4132,-7167,0,0,0
737180,828,0,2036,-7597,1,0,1
737181,1290,0,668,9759,1,0,1
737182,65535,255,3186,9891,0,0,0
737183,65535,255,4989,9506,0,0,0
737184,65535,255,4663,-7027,0,0,0
737185,783,0,2820,-7308,1,0,1
737186,65535,255,267,-7798,0,0,0
737187,65535,255,2417,10022,0,0,0
737188,65535,255,4467,9609,0,0,0
737189,65535,255,5845,9303,0,0,0
737190,65535,255,3517,-7270,0,0,0
737191,1181,0,1174,-7595,1,0,1
737192,65535,255,1574,9948,0,0,0
737193,65535,255,3870,9746,0,0,0
737194,65535,255,5448,9355,0,0,0
737195,65535,255,6513,9035,0,0,0
737196,806,2,2036,-7533,1,0,0
737197,806,0,667,10404,1,0,0
737198,65535,255,3190,9871,0,0,0
737199,984,0,4992,9501,1,0,1
737200,65535,255,6201,9138,0,0,0
737201,65535,255,-32768,-32768,0,65535,1
737202,65535,255,262,-8181,0,0,0
737203,65535,255,2423,9852,0,0,0
737204,1315,0,4473,9586,1,0,1
737205,1025,0,5849,9260,1,0,1
737206,65535,255,6793,8917,0,0,0
737207,65535,255,-32768,-32768,0,65535,1
737208,65535,255,1578,10115,0,0,0
737209,65535,255,3878,9698,0,0,0
737210,65535,255,5453,9397,0,0,0
737211,1080,0,6516,9072,1,0,1
737212,65535,255,-32768,-32768,0,65535,1
737213,65535,255,-32768,-32768,0,65535,1
737214,988,0,3199,9851,1,0,1
737215,65535,255,4998,9494,0,0,0
737216,1690,0,6204,9137,1,0,1
737217,0,0,0,0,0,0,0
737218,65535,255,-32768,-32768,0,65535,0
737219,65535,255,-32768,-32768,0,65535,0
737220,1360,0,4479,9604,1,0,1
737221,1565,0,5855,9275,1,0,1
737222,65535,255,6798,8931,0,0,0
737223,65535,255,-32768,-32768,0,65535,0
737224,65535,255,-32768,-32768,0,65535,0
737225,929,2,3886,9751,1,0,1
737226,1036,0,5461,9367,1,0,1
737227,675,0,6520,9050,1,0,1
737228,0,0,0,0,0,0,0
737229,65535,255,-32768,-32768,0,65535,0
737230,65535,255,-32768,-32768,0,65535,1
737231,65535,255,5007,9470,0,0,0
737232,782,0,6210,9185,1,0,1
737233,0,0,0,0,0,0,0
737234,65535,255,-32768,-32768,0,65535,1
737235,65535,255,-32768,-32768,0,65535,1
737236,65535,255,4489,9602,0,0,0
737237,1001,0,5863,9276,1,0,1
737238,65535,255,6804,8935,0,0,1
737239,65535,255,-32768,-32768,0,65535,1
737240,65535,255,-32768,-32768,0,65535,0
737241,1447,0,3901,9677,1,0,1
737242,1308,0,5468,9384,1,0,1
737243,298,0,6526,9065,1,0,0
737244,65535,255,-32768,-32768,0,65535,0
737245,65535,255,-32768,-32768,0,65535,0
737246,65535,255,3221,9867,0,0,0
737247,1276,0,5015,9512,1,0,1
737248,65535,255,6218,9156,0,0,0
737249,65535,255,-32768,-32768,0,65535,1
737250,65535,255,-32768,-32768,0,65535,1
737251,65535,255,2461,10016,0,0,0
737252,65535,255,4503,9574,0,0,0
737253,65535,255,5871,9258,0,0,0
737254,65535,255,6810,8923,0,0,1
737255,65535,255,-32768,-32768,0,65535,1
737256,873,0,1629,9925,1,0,1
737257,1121,0,3912,9761,1,0,1
737258,1275,0,5476,9378,1,0,1
737259,1265,0,6532,9053,1,0,1
737260,65535,255,-32768,-32768,0,65535,0
737261,1119,0,725,9966,1,0,1
737262,65535,255,3230,9875,0,0,0
737263,1198,0,5022,9472,1,0,1
737264,65535,255,6221,9151,0,0,0
737265,65535,255,-32768,-32768,0,65535,1
737266,65535,255,212,-6741,0,0,0
737267,841,0,2465,9851,1,0,1
737268,65535,255,4500,9643,0,0,0
737269,1297,0,5867,9268,1,0,1
737270,1424,0,3488,-7284,1,0,1
737271,1160,0,1130,-7453,1,0,1
737272,850,0,1617,10087,1,0,1
737273,1263,0,3901,9747,1,0,1
737274,1528,0,5466,9403,1,0,1
737275,65535,255,4106,-7159,0,0,0
737276,65535,255,1999,-7506,0,0,0
737277,65535,255,707,10057,0,0,0
737278,1372,0,3217,9876,1,0,1
737279,65535,255,5013,9479,0,0,0
737280,65535,255,4647,-7060,0,0,0
737281,1342,0,2792,-7322,1,0,1
737282,1004,0,227,-7375,1,0,1
737283,65535,255,2451,9913,0,0,0
737284,1242,0,4490,9576,1,0,1
737285,65535,255,5113,-6900,0,0,1
737286,65535,255,3496,-7204,0,0,0
737287,1141,0,1146,-7684,1,0,1
737288,1117,0,1601,9906,3,0,1
737289,1211,0,3890,9696,1,0,1
737290,1228,0,5462,9371,1,0,1
737291,1256,0,4114,-7114,1,0,1
737292,65535,255,2010,-7425,0,0,0
737293,65535,255,697,9817,0,0,0
737294,1146,0,3208,9859,1,0,1
737295,1168,0,5004,9465,1,0,1
737296,65535,255,4650,-7047,0,0,0
737297,65535,255,2802,-7298,0,0,0
737298,1045,0,238,-7252,1,0,1
737299,1078,0,2437,9902,1,0,1
737300,1146,0,4483,9577,1,0,1
737301,65535,255,5117,-6904,0,0,0
737302,65535,255,3501,-7212,0,0,0
737303,65535,255,1158,-7739,0,0,0
737304,65535,255,1590,9967,0,0,0
737305,65535,255,3882,9721,0,0,0
737306,65535,255,5453,9387,0,0,0
737307,1130,0,4118,-7149,1,0,1
737308,1394,0,2020,-7503,1,0,1
737309,1204,0,684,10104,1,0,1
737310,65535,255,3200,9764,0,0,0
737311,1052,0,4998,9499,1,0,1
737312,1186,0,4654,-6998,1,0,1
737313,65535,255,2806,-7397,0,0,0
737314,1131,0,251,-8460,1,0,1
737315,1051,0,2432,9905,1,0,1
737316,1200,0,4476,9642,1,0,1
737317,65535,255,5119,-6882,0,0,0
737318,809,0,3507,-7286,1,0,0
737319,65535,255,1163,-7652,0,0,0
737320,65535,255,1585,9927,0,0,0
737321,65535,255,3878,9714,0,0,0
737322,944,0,5453,9388,1,0,1
737323,1119,0,4122,-7155,1,0,1
737324,1260,0,2025,-7534,1,0,1
737325,65535,255,678,10251,0,0,0
737326,1286,0,3200,9802,1,0,0
737327,1083,0,4998,9527,1,0,1
737328,835,0,4657,-7033,1,0,1
737329,1258,0,2806,-7286,1,0,1
737330,1213,0,249,-7407,1,0,1
737331,1318,0,2407,9954,1,0,1
737332,1466,0,4462,9634,1,0,1
737333,1436,0,5136,-6904,1,0,1
737334,65535,255,3530,-7264,0,0,0
737335,1137,0,1192,-7625,1,0,1
737336,1165,0,1557,10008,1,0,1
737337,1284,0,3858,9666,1,0,1
737338,1203,0,5439,9382,1,0,1
737339,65535,255,4146,-7183,0,0,0
737340,1277,0,2057,-7440,1,0,0
737341,1139,2,643,10204,1,0,1
737342,1012,0,3172,9841,1,0,1
737343,992,0,4979,9494,1,0,0
737344,65535,255,4679,-7027,0,0,0
737345,65535,255,2839,-7343,0,0,0
737346,1229,0,291,-7898,1,0,1
737347,1121,0,2397,9928,1,0,1
737348,1028,0,4453,9630,1,0,1
737349,65535,255,5144,-6906,0,0,0
737350,817,2,3542,-7278,1,0,0
737351,1298,0,1208,-7678,1,0,1
737352,65535,255,1540,10073,0,0,0
737353,939,0,3850,9691,1,0,1
737354,1065,0,5434,9408,1,0,1
737355,65535,255,4154,-7119,0,0,0
737356,1228,0,2067,-7549,1,0,1
737357,1330,0,633,9789,1,0,1
737358,65535,255,3164,9785,0,0,0
737359,65535,255,4977,9462,0,0,0
737360,0,0,0,0,0,0,0
737361,65535,255,2848,-7308,0,0,0
737362,65535,255,302,-8119,0,0,0
737363,65535,255,2388,9851,0,0,0
737364,0,0,0,0,0,0,0
737365,65535,255,5150,-6926,0,0,0
737366,65535,255,3551,-7294,0,0,0
737367,65535,255,1219,-7648,0,0,0
737368,65535,255,1529,10011,0,0,0
737369,65535,255,3837,9772,0,0,0
737370,65535,255,5428,9367,0,0,0
737371,65535,255,4164,-7151,0,0,0
737372,65535,255,2083,-7576,0,0,0
737373,65535,255,622,9729,0,0,0
737374,65535,255,3146,9905,0,0,0
737375,65535,255,4964,9515,0,0,0
737376,65535,255,4698,-7040,0,0,0
737377,65535,255,2867,-7349,0,0,0
737378,672,0,321,-8404,1,0,1
737379,65535,255,2372,9893,0,0,0
737380,65535,255,4435,9602,0,0,0
737381,65535,255,5158,-6876,0,0,0
737382,65535,255,3564,-7214,0,0,0
737383,1238,0,1237,-7429,1,0,1
737384,65535,255,1513,10187,0,0,0
737385,1233,0,3829,9719,1,0,1
737386,65535,255,5419,9413,0,0,0
737387,65535,255,4171,-7122,0,0,0
737388,65535,255,2094,-7512,0,0,0
737389,1040,0,597,10437,1,0,1
737390,65535,255,3136,9877,0,0,0
737391,65535,255,4958,9511,0,0,0
737392,1305,0,4705,-7044,1,0,1
737393,1101,0,2877,-7358,1,0,1
737394,0,0,0,0,0,0,0
737395,1045,0,2358,9935,1,0,1
737396,1036,0,4428,9624,1,0,1
737397,65535,255,5164,-6900,0,0,0
737398,1056,0,3572,-7263,1,0,1
737399,932,0,1248,-7616,1,0,1
737400,65535,255,1502,10016,0,0,0
737401,65535,255,3822,9755,0,0,0
737402,65535,255,5415,9385,0,0,0
737403,991,0,4179,-7188,1,0,1
737404,1238,0,2104,-7433,1,0,1
737405,1055,0,591,10161,1,0,1
737406,1112,0,3128,9849,1,0,1
737407,65535,255,4952,9496,0,0,0
737408,65535,255,4705,-7031,0,0,0
737409,1454,0,2881,-7346,1,0,1
737410,0,0,0,0,0,0,0
737411,65535,255,2353,9936,0,0,0
737412,1241,0,4422,9637,1,0,1
737413,65535,255,5165,-6914,0,0,0
737414,65535,255,3573,-7288,0,0,0
737415,65535,255,1254,-7721,0,0,0
737416,0,0,0,0,0,0,0
737417,1078,0,3818,9706,1,0,1
737418,65535,255,5412,9415,0,0,0
737419,1245,0,4179,-7126,1,0,1
737420,65535,255,2104,-7556,0,0,0
737421,65535,255,593,9825,0,0,0
737422,875,0,3128,9791,1,0,1
737423,1219,0,4950,9464,1,0,1
737424,65535,255,4705,-7007,0,0,0
737425,65535,255,2881,-7303,0,0,0
737426,1081,0,343,-8162,1,0,1
737427,842,0,2353,9909,1,0,1
737428,1529,0,4422,9625,1,0,1
737429,1161,0,5164,-6909,1,0,1
737430,65535,255,3573,-7288,0,0,0
737431,991,0,1248,-7721,1,0,1
737432,883,0,1497,10147,1,0,1
737433,65535,255,3818,9722,0,0,0
737434,65535,255,5412,9425,0,0,0
737435,65535,255,4176,-7147,0,0,0
737436,1024,0,2099,-7372,1,0,1
737437,1152,0,591,10049,1,0,1
737438,65535,255,3128,9840,0,0,0
737439,1067,0,4953,9496,1,0,1
737440,1447,0,4705,-7042,1,0,1
737441,1106,0,2882,-7389,1,0,1
737442,65535,255,336,-7381,0,0,0
737443,65535,255,2353,10017,0,0,0
737444,65535,255,4426,9587,0,0,0
737445,1284,0,5162,-6874,1,0,1
737446,1184,0,3569,-7237,1,0,1
737447,909,0,1242,-7670,1,0,1
737448,65535,255,1502,10081,0,0,0
737449,65535,255,3822,9706,0,0,0
737450,1122,0,5415,9420,1,0,1
737451,945,0,4172,-7148,1,0,1
737452,65535,255,2094,-7388,0,0,0
737453,65535,255,597,10159,0,0,0
737454,1201,0,3132,9860,1,0,1
737455,65535,255,4956,9512,0,0,0
737456,65535,255,4702,-7061,0,0,0
737457,65535,255,2872,-7422,0,0,0
737458,65535,255,331,-8081,0,0,0
737459,65535,255,2363,9909,0,0,0
737460,65535,255,4432,9636,0,0,0
737461,65535,255,5159,-6920,0,0,0
737462,1138,0,3562,-7248,1,0,1
737463,1020,0,1231,-7428,1,0,1
737464,900,0,1519,9928,1,0,1
737465,65535,255,3830,9775,0,0,0
737466,0,0,0,0,0,0,0
737467,912,0,4164,-7108,1,0,1
737468,1227,0,2089,-7558,1,0,1
737469,1017,0,615,9890,1,0,1
737470,1021,0,3146,9828,1,0,1
737471,1054,0,4964,9500,1,0,1
737472,1435,0,4695,-7050,1,0,1
737473,1129,0,2862,-7414,1,0,1
737474,1223,0,313,-7780,1,0,1
737475,1128,0,2378,9881,1,0,1
737476,858,0,4442,9629,1,0,1
737477,1312,0,5153,-6917,1,0,1
737478,1074,0,3551,-7242,1,0,1
737479,1208,0,1220,-7455,1,0,1
737480,1053,0,1529,9971,1,0,1
737481,1372,0,3842,9672,1,0,1
737482,910,0,5431,9407,1,0,1
737483,1189,0,4157,-7137,1,0,1
737484,990,0,2073,-7389,1,0,1
737485,1064,0,626,10211,1,0,1
737486,1080,0,3159,9885,1,0,1
737487,1379,0,4973,9531,1,0,1
737488,65535,255,4685,-7000,0,0,0
737489,1104,0,2848,-7327,1,0,1
737490,836,2,292,-6999,1,0,0
737491,65535,255,2392,10013,0,0,0
737492,855,0,4456,9588,1,0,1
737493,746,0,5141,-6894,1,0,1
737494,65535,255,3538,-7285,0,0,0
737495,65535,255,1199,-7533,0,0,0
737496,1269,0,1552,9907,1,0,1
737497,1156,0,3858,9753,1,0,1
737498,1745,0,5439,9400,1,0,1
737499,1192,0,4143,-7133,1,0,1
737500,65535,255,2052,-7376,0,0,0
737501,65535,255,649,10206,0,0,0
737502,65535,255,3177,9892,0,0,0
737503,65535,255,4988,9475,0,0,0
737504,1110,0,4672,-7020,1,0,1
737505,1296,0,2829,-7363,1,0,1
737506,1134,0,267,-7427,1,0,1
737507,1199,0,2417,9851,1,0,1
737508,1028,0,4469,9624,1,0,1
737509,1565,0,5132,-6917,1,0,1
737510,65535,255,3517,-7202,0,0,0
737511,1041,0,1174,-7567,1,0,1
737512,1424,0,1573,10072,1,0,1
737513,1018,0,3878,9720,1,0,1
737514,1047,0,5452,9373,1,0,1
737515,987,0,4124,-7095,1,0,1
737516,930,0,2025,-7552,1,0,1
737517,65535,255,678,10006,0,0,0
737518,1113,2,3199,9860,1,0,0
737519,65535,255,5000,9530,0,0,0
737520,65535,255,4656,-7006,0,0,0
737521,0,0,0,0,0,0,0
737522,65535,255,238,-7395,0,0,0
737523,749,0,2442,9875,1,0,1
737524,65535,255,4486,9633,0,0,0
737525,1062,0,5116,-6932,1,0,1
737526,65535,255,3500,-7317,0,0,0
737527,65535,255,1146,-7600,0,0,0
737528,828,0,1596,10172,1,0,1
737529,65535,255,3890,9665,0,0,0
737530,65535,255,5459,9386,0,0,0
737531,65535,255,4118,-7193,0,0,0
737532,1134,0,2020,-7569,1,0,1
737533,1180,0,684,10249,1,0,1
737534,65535,255,3204,9782,0,0,0
737535,1378,0,5000,9504,1,0,1
737536,65535,255,4656,-6994,0,0,0
737537,65535,255,2811,-7365,0,0,0
737538,0,0,0,0,0,0,0
737539,65535,255,2427,9981,0,0,0
737540,65535,255,4476,9603,0,0,0
737541,65535,255,5125,-6924,0,0,0
737542,978,0,3513,-7254,1,0,1
737543,1279,0,1169,-7369,1,0,1
737544,65535,255,1573,10031,0,0,0
737545,65535,255,3874,9737,0,0,0
737546,65535,255,5448,9398,0,0,0
737547,1449,0,4132,-7161,1,0,1
737548,65535,255,2036,-7534,0,0,0
737549,65535,255,666,10153,0,0,0
737550,65535,255,3186,9775,0,0,0
737551,1097,0,4989,9506,1,0,1
737552,2349,0,6196,9181,1,0,1
737553,0,0,0,0,0,0,0
737554,65535,255,274,-8280,0,0,0
737555,65535,255,2412,10022,0,0,0
737556,1456,0,4463,9631,1,0,1
737557,65535,255,5842,9270,0,0,0
737558,65535,255,6789,8959,0,0,0
737559,983,0,1186,-7595,1,0,1
737560,1353,0,1557,10201,1,0,1
737561,1229,0,3863,9685,1,0,1
737562,65535,255,5442,9371,0,0,0
737563,0,0,0,0,0,0,0
737564,65535,255,-32768,-32768,0,65535,0
737565,65535,255,650,9952,0,0,0
737566,65535,255,3173,9903,0,0,0
737567,1101,0,4983,9491,1,0,0
737568,741,0,6192,9179,1,0,1
737569,65535,255,-32768,-32768,0,65535,1
737570,65535,255,-32768,-32768,0,65535,0
737571,65535,255,2398,10024,0,0,0
737572,65535,255,4456,9646,0,0,0
737573,65535,255,5837,9280,0,0,0
737574,65535,255,6786,8922,0,0,0
737575,65535,255,-32768,-32768,0,65535,0
737576,65535,255,-32768,-32768,0,65535,1
737577,925,0,3854,9733,1,0,1
737578,1581,0,5434,9402,1,0,1
737579,2277,0,6503,9059,1,0,1
737580,65535,255,-32768,-32768,0,65535,0
737581,65535,255,-32768,-32768,0,65535,1
737582,817,0,3168,9836,1,0,1
737583,65535,255,4976,9490,0,0,0
737584,65535,255,6190,9157,0,0,0
737585,0,0,0,0,0,0,0
737586,65535,255,-32768,-32768,0,65535,0
737587,65535,255,-32768,-32768,0,65535,1
737588,65535,255,4449,9628,0,0,0
737589,1456,0,5835,9272,1,0,1
737590,65535,255,6782,8946,0,0,1
737591,65535,255,-32768,-32768,0,65535,1
737592,65535,255,-32768,-32768,0,65535,1
737593,1010,0,3850,9734,1,0,1
737594,1078,0,5432,9408,1,0,1
737595,65535,255,6502,9067,0,0,0
737596,0,0,0,0,0,0,0
737597,65535,255,-32768,-32768,0,65535,0
737598,65535,255,-32768,-32768,0,65535,0
737599,1390,0,4974,9488,1,0,1
737600,1385,0,6188,9181,1,0,1
737601,0,0,0,0,0,0,0
737602,65535,255,-32768,-32768,0,65535,1
737603,65535,255,-32768,-32768,0,65535,1
737604,1040,0,4449,9590,1,0,1
737605,976,0,5833,9280,1,0,1
737606,65535,255,6782,8950,0,0,1
737607,65535,255,-32768,-32768,0,65535,0
737608,65535,255,-32768,-32768,0,65535,0
737609,65535,255,3846,9711,0,0,0
737610,1265,0,5431,9394,1,0,1
737611,763,0,6502,9060,1,0,1
737612,65535,255,-32768,-32768,0,0,1
737613,65535,255,-32768,-32768,0,0,0
737614,1238,0,3159,9876,1,0,0
737615,65535,255,4973,9494,0,0,0
737616,65535,255,6187,9185,0,0,0
737617,65535,255,-32768,-32768,0,65535,1
737618,65535,255,-32768,-32768,0,65535,1
737619,1199,0,2387,9935,1,0,1
737620,947,0,4449,9613,1,0,1
737621,65535,255,5834,9265,0,0,0
737622,65535,255,6782,8938,0,0,0
737623,65535,255,-32768,-32768,0,65535,1
737624,878,0,1535,10033,1,0,0
737625,904,0,3846,9765,1,0,1
737626,1039,0,5431,9359,1,0,1
737627,65535,255,6503,9035,0,0,0
737628,65535,255,-32768,-32768,0,65535,0
737629,838,0,627,10208,1,0,1
737630,1113,0,3159,9826,1,0,1
737631,1014,0,4974,9466,1,0,0
737632,65535,255,6188,9168,0,0,0
737633,948,0,2853,-7391,1,0,1
737634,65535,255,304,-6905,0,0,0
737635,65535,255,2388,9906,0,0,0
737636,1207,0,4449,9596,1,0,1
737637,1247,0,5835,9259,1,0,1
737638,1127,0,3547,-7308,1,0,1
737639,65535,255,1213,-7698,0,0,0
737640,808,0,1541,10032,1,0,1
737641,1361,0,3846,9765,1,0,1
737642,65535,255,5435,9363,0,0,0
737643,65535,255,4153,-7136,0,0,0
737644,65535,255,2067,-7528,0,0,0
737645,65535,255,632,10362,0,0,0
737646,65535,255,3160,9855,0,0,0
737647,65535,255,4974,9487,0,0,0
737648,994,0,4684,-7005,1,0,1
737649,833,0,2848,-7447,1,0,1
737650,964,0,295,-7556,1,0,1
737651,1076,0,2388,9985,1,0,1
737652,1217,0,4449,9640,1,0,1
737653,1009,0,5144,-6902,1,0,1
737654,65535,255,3542,-7248,0,0,0
737655,925,0,1202,-7506,1,0,1
737656,65535,255,1546,9906,0,0,0
737657,65535,255,3850,9725,0,0,0
737658,65535,255,5435,9410,0,0,0
737659,65535,255,4149,-7102,0,0,0
737660,1001,0,2061,-7466,1,0,1
737661,947,0,638,10205,1,0,0
737662,65535,255,3164,9825,0,0,0
737663,1081,0,4977,9476,1,0,1
737664,856,0,4678,-7000,1,0,1
737665,65535,255,2843,-7436,0,0,0
737666,824,0,289,-7437,1,0,1
737667,1087,0,2398,9984,1,0,1
737668,65535,255,4453,9646,0,0,0
737669,866,0,5138,-6909,1,0,1
737670,65535,255,3534,-7267,0,0,0
737671,1081,0,1196,-7563,3,0,1
737672,1026,0,1552,9947,1,0,1
737673,995,0,3855,9755,3,0,1
737674,65535,255,5438,9362,0,0,0
737675,888,0,4142,-7144,1,0,1
737676,65535,255,2051,-7561,0,0,0
737677,925,0,650,9867,1,0,1
737678,65535,255,3173,9902,0,0,0
737679,65535,255,4984,9518,0,0,0
737680,1121,0,4672,-7048,1,0,1
737681,1021,0,2829,-7361,1,0,1
737682,950,0,275,-6817,1,0,1
737683,65535,255,2408,9930,0,0,0
737684,820,0,4463,9618,1,0,1
737685,1134,0,5132,-6889,1,0,1
737686,1115,0,3525,-7242,1,0,1
737687,65535,255,1185,-7535,0,0,0
737688,1158,0,1564,9946,1,0,1
737689,1187,0,3867,9753,1,0,1
737690,65535,255,5446,9365,0,0,0
737691,65535,255,4131,-7160,0,0,0
737692,1109,0,2036,-7358,1,0,1
737693,65535,255,668,9951,0,0,0
737694,65535,255,3187,9794,0,0,0
737695,65535,255,4981,9465,0,0,0
737696,65535,255,4675,-6999,0,0,0
737697,1037,0,2838,-7288,1,0,1
737698,986,0,290,-8014,1,0,1
737699,1208,0,2398,9874,1,0,1
737700,65535,255,4454,9603,0,0,0
737701,1077,0,5141,-6887,1,0,1
737702,1189,0,3538,-7245,1,0,1
737703,1096,0,1202,-7594,1,0,1
737704,1230,0,1547,10007,1,0,1
737705,65535,255,3851,9674,0,0,0
737706,963,0,5433,9392,1,0,1
737707,65535,255,4149,-7100,0,0,0
737708,65535,255,2066,-7500,0,0,0
737709,1054,0,633,10462,1,0,1
737710,949,0,3165,9753,1,0,1
737711,744,0,4975,9518,1,0,1
737712,65535,255,4681,-6991,0,0,0
737713,65535,255,2850,-7370,0,0,0
737714,678,0,301,-7999,1,0,1
737715,65535,255,2389,9889,0,0,0
737716,65535,255,4447,9618,0,0,0
737717,65535,255,5147,-6901,0,0,0
737718,65535,255,3547,-7278,0,0,0
737719,65535,255,1214,-7705,0,0,0
737720,65535,255,1535,10138,0,0,0
737721,932,0,3846,9723,1,0,1
737722,65535,255,5431,9356,0,0,0
737723,65535,255,4157,-7161,0,0,0
737724,805,0,2073,-7408,1,0,1
737725,965,0,626,10206,1,0,1
737726,65535,255,3159,9873,0,0,0
737727,65535,255,4970,9518,0,0,0
737728,65535,255,4688,-7054,0,0,0
737729,65535,255,2853,-7449,0,0,0
737730,65535,255,303,-8338,0,0,0
737731,65535,255,2387,9931,0,0,0
737732,65535,255,4446,9644,0,0,0
737733,65535,255,5150,-6930,0,0,0
737734,65535,255,3547,-7200,0,0,0
737735,962,0,1214,-7512,1,0,1
737736,888,0,1535,9990,1,0,1
737737,65535,255,3846,9677,0,0,0
737738,65535,255,5431,9404,0,0,0
737739,793,0,4157,-7132,1,0,1
737740,65535,255,2068,-7361,0,0,0
737741,65535,255,626,10102,0,0,0
737742,65535,255,3159,9864,0,0,0
737743,1001,0,4974,9518,1,0,1
737744,65535,255,4685,-6984,0,0,0
737745,65535,255,2848,-7297,0,0,0
737746,65535,255,303,-8336,0,0,0
737747,65535,255,2387,9958,0,0,0
737748,65535,255,4449,9588,0,0,0
737749,65535,255,5150,-6945,0,0,0
737750,65535,255,3547,-7243,0,0,0
737751,65535,255,1208,-7650,0,0,0
737752,0,0,0,0,0,0,0
737753,65535,255,3849,9731,0,0,0
737754,65535,255,5434,9371,0,0,0
737755,744,0,4151,-7128,1,0,1
737756,65535,255,2067,-7531,0,0,0
737757,65535,255,638,9895,0,0,0
737758,801,0,3168,9824,1,0,1
737759,65535,255,4976,9506,0,0,0
737760,65535,255,4682,-7067,0,0,0
737761,65535,255,2844,-7319,0,0,0
737762,65535,255,292,-8360,0,0,0
737763,65535,255,2397,9970,0,0,0
737764,65535,255,4456,9574,0,0,0
737765,844,0,5141,-6886,1,0,1
737766,65535,255,3538,-7278,0,0,0
737767,65535,255,1200,-7580,0,0,0
737768,65535,255,1552,9925,0,0,0
737769,1187,0,3858,9668,1,0,1
737770,1444,0,5439,9408,1,0,1
737771,65535,255,4146,-7146,0,0,0
737772,65535,255,2051,-7424,0,0,0
737773,965,0,650,10409,1,0,1
737774,1054,0,3177,9784,1,0,1
737775,65535,255,4986,9483,0,0,0
737776,65535,255,4673,-7050,0,0,0
737777,65535,255,2834,-7430,0,0,0
737778,65535,255,280,-8271,0,0,0
737779,65535,255,2412,9955,0,0,0
737780,65535,255,4466,9579,0,0,0
737781,65535,255,5133,-6888,0,0,0
737782,1016,0,3526,-7289,1,0,1
737783,1005,0,1180,-7427,1,0,1
737784,990,0,1568,9988,1,0,1
737785,1134,0,3870,9690,1,0,1
737786,1468,0,5447,9354,1,0,1
737787,1059,0,4132,-7184,1,0,1
737788,852,0,2036,-7520,1,0,1
737789,65535,255,673,9906,0,0,0
737790,1099,0,3190,9851,1,0,1
737791,902,0,4995,9525,1,0,1
737792,1565,0,4662,-7005,1,0,1
737793,65535,255,2816,-7355,0,0,0
737794,973,0,255,-7412,1,0,1
737795,1066,0,2427,9888,1,0,1
737796,975,0,4476,9639,1,0,1
737797,65535,255,5125,-6946,0,0,0
737798,65535,255,3509,-7256,0,0,0
737799,1017,0,1163,-7626,1,0,1
737800,65535,255,1590,10151,0,0,0
737801,1036,0,3882,9758,1,0,1
737802,1580,0,5456,9399,1,0,1
737803,1235,0,4118,-7145,1,0,1
737804,65535,255,2015,-7444,0,0,0
737805,65535,255,691,10379,0,0,0
737806,65535,255,3209,9820,0,0,0
737807,868,0,5007,9512,1,0,1
737808,65535,255,4647,-6992,0,0,0
737809,65535,255,2792,-7348,0,0,1
737810,65535,255,226,-7401,0,0,0
737811,65535,255,2452,9887,0,0,0
737812,1252,0,4490,9650,1,0,1
737813,922,0,5110,-6929,1,0,1
737814,65535,255,3491,-7268,0,0,0
737815,904,0,1140,-7487,1,0,1
737816,65535,255,1601,10131,0,0,0
737817,981,0,3895,9672,1,0,1
737818,65535,255,5462,9365,0,0,0
737819,774,0,4110,-7118,1,0,1
737820,887,0,2009,-7461,1,0,1
737821,65535,255,696,10012,0,0,0
737822,65535,255,3209,9762,0,0,0
737823,974,2,5004,9502,1,0,1
737824,889,2,4650,-7008,1,0,1
737825,65535,255,2801,-7425,0,0,0
737826,1087,0,246,-6879,1,0,1
737827,1154,0,2437,9901,1,0,1
737828,1213,0,4480,9583,1,0,1
737829,65535,255,5122,-6921,0,0,0
737830,1091,0,3509,-7257,1,0,1
737831,0,0,0,0,0,0,0
737832,895,0,1584,10155,1,0,1
737833,1052,0,3882,9682,1,0,1
737834,1259,0,5454,9377,1,0,1
737835,916,0,4125,-7143,1,0,1
737836,1014,0,2030,-7507,1,0,1
737837,900,0,673,10207,1,0,1
737838,65535,255,3195,9812,0,0,0
737839,65535,255,4995,9511,0,0,0
737840,986,0,4663,-7052,1,0,1
737841,1013,0,2815,-7334,1,0,1
737842,1010,0,261,-7948,1,0,1
737843,1015,0,2422,10008,1,0,1
737844,65535,255,4470,9643,0,0,0
737845,65535,255,5127,-6893,0,0,0
737846,65535,255,3517,-7212,0,0,0
737847,65535,255,1180,-7751,0,0,0
737848,1310,0,1568,10074,1,0,1
737849,1057,0,3870,9748,1,0,1
737850,65535,255,5448,9360,0,0,0
737851,65535,255,4135,-7127,0,0,0
737852,958,0,2041,-7488,1,0,1
737853,65535,255,661,10160,0,0,0
737854,875,0,3186,9804,1,0,1
737855,65535,255,4989,9507,0,0,0
737856,65535,255,4672,-7056,0,0,0
737857,1350,0,2829,-7354,1,0,1
737858,1060,0,273,-8174,1,0,1
737859,1180,0,2413,9840,1,0,1
737860,1076,0,4466,9562,1,0,0
737861,1510,0,5136,-6911,1,0,1
737862,1016,0,3525,-7253,1,0,1
737863,65535,255,1185,-7486,0,0,0
737864,65535,255,1557,10182,0,0,0
737865,764,0,3866,9701,1,0,1
737866,1324,0,5442,9395,1,0,1
737867,1404,0,4143,-7181,1,0,1
737868,904,0,2046,-7377,1,0,1
737869,933,0,656,9807,1,0,1
737870,1061,0,3177,9903,1,0,1
737871,960,0,4986,9507,1,0,1
737872,65535,255,4675,-7026,0,0,0
737873,65535,255,2834,-7308,0,0,0
737874,977,0,278,-7800,1,0,1
737875,995,0,2407,10011,1,0,1
737876,1185,0,4460,9651,1,0,1
737877,65535,255,5138,-6905,0,0,0
737878,65535,255,3530,-7252,0,0,0
737879,982,0,1191,-7511,1,0,1
737880,65535,255,1558,9886,0,0,0
737881,65535,255,3862,9724,0,0,0
737882,1503,0,5439,9410,1,0,1
737883,1123,0,4142,-7099,1,0,1
737884,1058,0,2051,-7454,1,0,1
737885,954,0,649,10159,1,0,1
737886,891,0,3177,9815,1,0,1
737887,785,0,4986,9469,1,0,1
737888,1357,0,4675,-6984,1,0,1
737889,864,0,2834,-7417,1,0,1
737890,1079,0,279,-7208,1,0,1
737891,883,0,2407,9959,1,0,1
737892,1123,0,4459,9632,1,0,1
737893,1554,0,5138,-6894,1,0,1
737894,65535,255,3530,-7235,0,0,0
737895,65535,255,1191,-7484,0,0,0
737896,65535,255,1558,9887,0,0,0
737897,1186,0,3858,9732,1,0,1
737898,1467,0,5439,9419,1,0,1
737899,65535,255,4143,-7119,0,0,0
737900,1110,0,2051,-7516,1,0,1
737901,65535,255,649,10362,0,0,0
737902,0,0,0,0,0,0,0
737903,65535,255,4986,9502,0,0,0
737904,957,0,4672,-7031,1,0,1
737905,1014,0,2829,-7330,1,0,1
737906,1126,0,279,-8273,1,0,1
737907,65535,255,2413,9879,0,0,0
737908,65535,255,4462,9600,0,0,0
737909,65535,255,5134,-6917,0,0,0
737910,65535,255,3526,-7210,0,0,0
737911,65535,255,1186,-7428,0,0,0
737912,65535,255,1563,10201,0,0,0
737913,1246,0,3862,9732,1,0,1
737914,65535,255,5443,9392,0,0,0
737915,1169,0,4135,-7133,1,0,1
737916,1074,0,2046,-7549,1,0,1
737917,1084,0,663,9759,1,0,1
737918,932,0,3186,9756,1,0,1
737919,65535,255,4989,9528,0,0,0
737920,1193,0,6199,9162,1,0,1
737921,65535,255,2825,-7407,0,0,0
737922,0,0,0,0,0,0,0
737923,65535,255,2417,9997,0,0,0
737924,65535,255,4468,9594,0,0,0
737925,65535,255,5847,9247,0,0,0
737926,65535,255,6792,8931,0,0,0
737927,65535,255,1180,-7793,0,0,0
737928,65535,255,1574,10157,0,0,0
737929,65535,255,3870,9715,0,0,0
737930,65535,255,5448,9406,0,0,0
737931,1119,2,6514,9038,1,0,1
737932,65535,255,-32768,-32768,0,65535,1
737933,1183,0,673,9863,1,0,1
737934,65535,255,3195,9784,0,0,0
737935,843,0,4998,9461,1,0,1
737936,1516,0,6202,9180,1,0,1
737937,65535,255,-32768,-32768,0,65535,1
737938,65535,255,-32768,-32768,0,65535,1
737939,1024,0,2432,9876,1,0,1
737940,1245,0,4477,9610,1,0,1
737941,65535,255,5852,9280,0,0,0
737942,0,0,0,0,0,0,0
737943,65535,255,-32768,-32768,0,65535,0
737944,65535,255,-32768,-32768,0,65535,1
737945,1291,0,3882,9690,1,0,1
737946,65535,255,5456,9401,0,0,0
737947,65535,255,6520,9030,0,0,0
737948,65535,255,-32768,-32768,0,65535,1
737949,65535,255,-32768,-32768,0,65535,0
737950,65535,255,3208,9783,0,0,0
737951,65535,255,5007,9465,0,0,0
737952,65535,255,6209,9181,0,0,0
737953,0,0,0,0,0,0,0
737954,65535,255,-32768,-32768,0,65535,0
737955,65535,255,-32768,-32768,0,65535,1
737956,65535,255,4487,9633,0,0,0
737957,1308,0,5860,9299,1,0,0
737958,0,0,0,0,0,0,0
737959,65535,255,-32768,-32768,0,65535,0
737960,65535,255,-32768,-32768,0,65535,1
737961,1208,0,3898,9733,1,0,1
737962,1458,0,5466,9367,3,0,1
737963,65535,255,6525,9055,0,0,0
737964,0,0,0,0,0,0,0
737965,65535,255,-32768,-32768,0,65535,1
737966,65535,255,-32768,-32768,0,65535,1
737967,674,0,5016,9506,1,0,1
737968,65535,255,6215,9179,0,0,0
737969,0,0,0,0,0,0,0
737970,65535,255,-32768,-32768,0,65535,1
737971,65535,255,-32768,-32768,0,65535,1
737972,1162,0,4493,9614,1,0,1
737973,982,0,5865,9255,1,0,1
737974,0,0,0,0,0,0,0
737975,65535,255,-32768,-32768,0,65535,1
737976,65535,255,-32768,-32768,0,65535,0
737977,1165,0,3898,9755,1,0,1
737978,1134,0,5464,9408,1,0,1
737979,1639,0,6524,9059,1,0,1
737980,65535,255,-32768,-32768,0,65535,0
737981,65535,255,-32768,-32768,0,65535,1
737982,1295,0,3213,9801,1,0,1
737983,65535,255,5010,9513,0,0,0
737984,1567,0,6211,9160,1,0,1
737985,65535,255,-32768,-32768,0,65535,1
737986,65535,255,-32768,-32768,0,0,0
737987,65535,255,2447,9850,0,0,0
737988,1104,0,4486,9647,1,0,1
737989,1624,0,5858,9278,1,0,0
737990,65535,255,6801,8916,0,0,0
737991,1206,0,1151,-7627,1,0,1
737992,1180,0,1596,9905,1,0,1
737993,992,0,3890,9696,1,0,1
737994,65535,255,5459,9376,0,0,0
737995,1306,0,6522,9038,1,0,1
737996,65535,255,2019,-7456,0,0,0
737997,851,0,691,9959,1,0,1
737998,65535,255,3204,9864,0,0,0
737999,65535,255,5004,9492,0,0,1
738000,1536,0,6207,9177,1,0,1
738001,854,0,2810,-7377,1,0,1
738002,950,0,250,-8332,1,0,1
738003,1097,0,2432,10019,1,0,1
738004,1091,0,4480,9634,1,0,1
738005,879,0,5856,9274,1,0,1
738006,1250,0,3512,-7314,3,0,0
738007,65535,255,1163,-7624,0,0,0
738008,893,0,1590,9925,3,0,1
738009,1070,0,3883,9705,3,0,1
738010,1497,0,5454,9387,1,0,1
738011,1017,0,4124,-7149,1,0,1
738012,898,0,2024,-7520,1,0,1
738013,1122,0,679,10199,1,0,1
738014,896,0,3200,9792,1,0,1
738015,65535,255,4998,9520,0,0,0
738016,65535,255,4662,-7028,0,0,0
738017,976,0,2815,-7453,1,0,0
738018,1076,0,256,-7154,1,0,1
738019,1059,0,2428,9915,1,0,1
738020,65535,255,4477,9591,0,0,0
738021,65535,255,5126,-6923,0,0,0
738022,971,0,3512,-7262,1,0,1
738023,1135,0,1168,-7481,1,0,1
738024,1067,0,1579,10133,1,0,1
738025,971,0,3879,9674,1,0,1
738026,1477,0,5451,9368,1,0,1
738027,65535,255,4127,-7128,0,0,0
738028,1108,0,2030,-7470,1,0,1
738029,65535,255,673,10054,0,0,0
738030,831,0,3196,9783,1,0,1
738031,1292,0,4993,9516,1,0,1
738032,65535,255,4662,-7021,0,0,0
738033,65535,255,2818,-7396,0,0,0
738034,65535,255,255,-7283,0,0,0
738035,1143,0,2423,9941,1,0,1
738036,1124,0,4473,9604,1,0,1
738037,1075,0,5126,-6938,1,0,1
738038,1092,0,3517,-7296,1,0,1
738039,1137,0,1173,-7595,1,0,1
738040,816,0,1580,9906,1,0,0
738041,65535,255,3875,9714,0,0,0
738042,65535,255,5449,9398,0,0,0
738043,966,0,4128,-7182,1,0,1
738044,65535,255,2031,-7409,0,0,0
738045,921,0,672,10033,1,0,1
738046,995,0,3191,9870,1,0,1
738047,1090,0,4993,9489,1,0,1
738048,65535,255,4662,-6997,0,0,0
738049,1094,0,2819,-7418,1,0,1
738050,65535,255,257,-6897,0,0,0
738051,1071,0,2423,9916,1,0,1
738052,778,2,4474,9598,1,0,1
738053,1077,0,5127,-6937,1,0,1
738054,65535,255,3516,-7296,0,0,0
738055,65535,255,1168,-7623,0,0,0
738056,65535,255,1580,9947,0,0,0
738057,65535,255,3875,9737,0,0,0
738058,65535,255,5449,9412,0,0,0
738059,65535,255,4138,-7116,0,0,0
738060,950,0,2051,-7536,1,0,1
738061,1096,0,651,9844,1,0,1
738062,941,0,3178,9791,1,0,1
738063,65535,255,4984,9475,0,0,0
738064,1301,0,4675,-7023,1,0,1
738065,65535,255,2833,-7344,0,0,0
738066,0,0,0,0,0,0,0
738067,65535,255,2403,9980,0,0,0
738068,65535,255,4460,9571,0,0,0
738069,65535,255,5138,-6945,0,0,0
738070,1065,0,3533,-7228,1,0,1
738071,1019,0,1196,-7568,1,0,0
738072,1085,0,1553,10028,1,0,1
738073,65535,255,3855,9689,0,0,0
738074,878,0,5438,9410,3,0,0
738075,1347,0,4146,-7141,1,0,1
738076,65535,255,2051,-7378,0,0,0
738077,1121,0,644,10151,1,0,1
738078,998,2,3169,9861,1,0,0
738079,65535,255,4981,9520,0,0,0
738080,65535,255,4676,-7039,0,0,0
738081,793,0,2834,-7335,1,0,1
738082,926,0,284,-8264,1,0,1
738083,65535,255,2404,9941,0,0,0
738084,904,0,4457,9654,1,0,1
738085,0,0,0,0,0,0,0
738086,65535,255,3533,-7221,0,0,0
738087,0,0,0,0,0,0,0
738088,65535,255,1552,10074,0,0,0
738089,65535,255,3858,9714,0,0,0
738090,65535,255,5440,9359,0,0,0
738091,65535,255,4146,-7176,0,0,0
738092,65535,255,2051,-7473,0,0,0
738093,0,0,0,0,0,0,0
738094,65535,255,3177,9783,0,0,0
738095,1211,0,4983,9483,1,0,1
738096,65535,255,4675,-7040,0,0,0
738097,65535,255,2834,-7410,0,0,0
738098,65535,255,278,-7922,0,0,0
738099,65535,255,2408,9903,0,0,0
738100,1061,0,4459,9642,1,0,1
738101,65535,255,5139,-6934,0,0,0
738102,1054,0,3530,-7229,1,0,1
738103,774,0,1191,-7626,1,0,1
738104,1120,0,1557,10136,1,0,1
738105,1170,0,3862,9745,1,0,1
738106,1255,0,5442,9383,1,0,1
738107,65535,255,4139,-7115,0,0,0
738108,65535,255,2046,-7599,0,0,0
738109,65535,255,655,10154,0,0,0
738110,65535,255,3182,9890,0,0,0
738111,65535,255,4989,9461,0,0,0
738112,1014,0,4669,-7023,1,0,1
738113,65535,255,2824,-7389,0,0,0
738114,65535,255,266,-7810,0,0,0
738115,65535,255,2417,9902,0,0,0
738116,770,0,4469,9653,1,0,1
738117,1021,0,5132,-6951,1,0,1
738118,1108,0,3521,-7264,1,0,1
738119,65535,255,1180,-7767,0,0,0
738120,939,0,1574,9926,1,0,1
738121,1164,0,3874,9681,1,0,1
738122,1079,0,5451,9380,1,0,1
738123,1006,0,4131,-7178,1,0,1
738124,65535,255,2030,-7507,0,0,0
738125,792,0,679,9959,1,0,1
738126,65535,255,3195,9859,0,0,0
738127,65535,255,4998,9510,0,0,0
738128,65535,255,4659,-7019,0,0,0
738129,65535,255,2810,-7390,0,0,0
738130,65535,255,250,-7950,0,0,0
738131,65535,255,2432,9940,0,0,0
738132,718,0,4483,9576,1,0,1
738133,65535,255,5121,-6896,0,0,0
738134,65535,255,3508,-7318,0,0,0
738135,65535,255,1157,-7543,0,0,0
738136,735,0,1595,10027,1,0,1
738137,65535,255,3886,9764,0,0,0
738138,65535,255,5459,9360,0,0,0
738139,995,0,4121,-7125,1,0,1
738140,65535,255,2019,-7507,0,0,0
738141,65535,255,684,10251,0,0,0
738142,65535,255,3199,9830,0,0,0
738143,65535,255,5001,9470,0,0,0
738144,65535,255,4659,-7072,0,0,0
738145,65535,255,2810,-7390,0,0,0
738146,254,2,252,-6766,1,0,1
738147,65535,255,2427,9915,0,0,0
738148,65535,255,4476,9602,0,0,0
738149,65535,255,5127,-6946,0,0,0
738150,65535,255,3517,-7316,0,0,0
738151,65535,255,1175,-7740,0,0,0
738152,842,0,1579,10050,1,0,1
738153,65535,255,3874,9704,0,0,0
738154,65535,255,5450,9372,0,0,0
738155,65535,255,4132,-7150,0,0,0
738156,65535,255,2036,-7568,0,0,0
738157,65535,255,667,10504,0,0,0
738158,65535,255,3186,9880,0,0,0
738159,65535,255,4991,9505,0,0,0
738160,65535,255,4666,-7023,0,0,0
738161,65535,255,2820,-7311,0,0,0
738162,65535,255,267,-7935,0,0,0
738163,65535,255,2415,9932,0,0,0
738164,65535,255,4470,9572,0,0,0
738165,65535,255,5133,-6923,0,0,0
738166,1092,0,3525,-7289,1,0,1
738167,858,0,1180,-7655,1,0,1
738168,938,0,1568,10011,1,0,1
738169,998,0,3866,9768,1,0,1
738170,1036,0,5445,9370,1,0,1
738171,65535,255,4136,-7149,0,0,0
738172,848,0,2042,-7581,1,0,1
738173,65535,255,662,9754,0,0,0
738174,1024,0,3180,9864,1,0,1
738175,65535,255,4984,9517,0,0,0
738176,65535,255,4671,-7044,0,0,0
738177,65535,255,2831,-7353,0,0,0
738178,65535,255,276,-7697,0,0,0
738179,65535,255,2411,9904,0,0,0
738180,797,0,4462,9611,1,0,1
738181,989,0,5134,-6880,1,0,0
738182,966,0,3527,-7218,1,0,1
738183,1048,0,1187,-7455,1,0,1
738184,65535,255,1556,10160,0,0,0
738185,65535,255,3861,9723,0,0,0
738186,816,0,5441,9419,1,0,1
738187,65535,255,4137,-7119,0,0,0
738188,65535,255,2047,-7517,0,0,0
738189,1048,0,649,10411,1,0,1
738190,65535,255,3176,9883,0,0,0
738191,65535,255,4982,9507,0,0,0
738192,65535,255,4674,-7037,0,0,0
738193,65535,255,2830,-7351,0,0,0
738194,65535,255,279,-7648,0,0,0
738195,65535,255,2406,9918,0,0,0
738196,65535,255,4458,9619,0,0,0
738197,65535,255,5135,-6890,0,0,0
738198,750,0,3527,-7244,1,0,1
738199,65535,255,1186,-7538,0,0,0
738200,65535,255,1556,9949,0,0,0
738201,917,0,3861,9755,1,0,1
738202,986,0,5442,9366,1,0,1
738203,65535,255,4141,-7160,0,0,0
738204,65535,255,2048,-7375,0,0,0
738205,65535,255,655,9952,0,0,0
738206,65535,255,3176,9805,0,0,0
738207,65535,255,4985,9468,0,0,0
738208,65535,255,4671,-7002,0,0,0
738209,849,0,2831,-7285,1,0,1
738210,702,0,279,-7913,1,0,1
738211,803,0,2411,9852,1,0,1
738212,966,0,4462,9594,1,0,1
738213,1023,0,5134,-6892,1,0,1
738214,65535,255,3527,-7226,0,0,0
738215,65535,255,1187,-7510,0,0,0
738216,851,0,1562,9928,1,0,1
738217,849,0,3861,9754,1,0,1
738218,65535,255,5444,9370,0,0,0
738219,65535,255,4137,-7174,0,0,0
738220,65535,255,2042,-7407,0,0,0
738221,65535,255,660,10154,0,0,0
738222,924,0,3180,9843,1,0,1
738223,927,0,4988,9496,1,0,1
738224,869,0,4670,-7037,1,0,1
738225,890,0,2825,-7362,1,0,1
738226,0,0,0,0,0,0,0
738227,940,2,2416,9957,1,0,1
738228,1062,0,4465,9650,1,0,1
738229,963,0,5131,-6922,1,0,1
738230,1033,0,3523,-7312,1,0,1
738231,1013,0,1177,-7530,1,0,1
738232,1133,0,1567,10179,1,0,1
738233,1020,0,3873,9730,1,0,1
738234,65535,255,5449,9360,0,0,0
738235,1022,0,4133,-7161,1,0,1
738236,65535,255,2037,-7392,0,0,0
738237,65535,255,666,10103,0,0,0
738238,928,0,3189,9843,1,0,1
738239,1002,0,4994,9500,1,0,1
738240,1078,0,4664,-7051,1,0,1
738241,961,0,2816,-7397,1,0,1
738242,65535,255,256,-7419,0,0,0
738243,996,0,2426,10035,1,0,1
738244,749,0,4479,9591,1,0,1
738245,1021,0,5125,-6881,1,0,1
738246,1155,0,3513,-7245,1,0,1
738247,1002,0,1164,-7624,1,0,1
738248,1003,0,1583,10071,1,0,1
738249,954,0,3885,9697,1,0,1
738250,1361,0,5454,9416,1,0,1
738251,1019,0,4121,-7142,1,0,1
738252,963,0,2021,-7377,1,0,1
738253,65535,255,683,10105,0,0,0
738254,945,0,3207,9859,1,0,1
738255,894,0,5006,9514,1,0,1
738256,65535,255,4654,-7065,0,0,0
738257,65535,255,2802,-7432,0,0,0
738258,65535,255,239,-7951,0,0,0
738259,65535,255,2446,9889,0,0,0
738260,1151,0,4489,9627,1,0,1
738261,65535,255,5116,-6915,0,0,0
738262,885,0,3496,-7317,1,0,1
738263,1060,0,1141,-7423,1,0,1
738264,65535,255,1606,9947,0,0,0
738265,879,2,3901,9658,1,0,1
738266,65535,255,5468,9398,0,0,0
738267,958,0,4106,-7123,1,0,1
738268,898,0,1999,-7588,1,0,0
738269,1093,0,708,10060,1,0,1
738270,801,0,3226,9856,1,0,1
738271,1112,0,5016,9517,1,0,1
738272,944,0,4640,-7074,1,0,1
738273,65535,255,2778,-7291,0,0,0
738274,65535,255,212,-8774,0,0,0
738275,65535,255,2466,9964,0,0,0
738276,65535,255,4503,9637,0,0,0
738277,65535,255,5104,-6939,0,0,0
738278,332,0,3483,-7259,1,0,0
738279,1009,0,1130,-7809,1,0,0
738280,981,0,1617,9967,1,0,1
738281,972,0,3902,9702,1,0,1
738282,65535,255,5469,9370,0,0,0
738283,65535,255,4106,-7103,0,0,0
738284,65535,255,1999,-7562,0,0,0
738285,1066,0,707,10293,1,0,1
738286,65535,255,3218,9781,0,0,0
738287,65535,255,5013,9496,0,0,0
738288,65535,255,6213,9172,0,0,0
738289,65535,255,2792,-7334,0,0,0
738290,797,2,232,-7396,1,0,0
738291,758,0,2447,9901,1,0,1
738292,65535,255,4490,9564,0,0,0
738293,934,2,5858,9283,1,0,1
738294,65535,255,6800,8914,0,0,1
738295,858,0,1152,-7570,1,0,1
738296,965,0,1595,10133,1,0,1
738297,65535,255,3886,9737,0,0,0
738298,65535,255,5456,9416,0,0,0
738299,65535,255,6518,9061,0,0,0
738300,65535,255,-32768,-32768,0,65535,0
738301,746,0,684,10157,1,0,1
738302,920,0,3204,9774,1,0,1
738303,1187,0,4998,9494,1,0,1
738304,1173,0,6205,9171,1,0,1
738305,65535,255,-32768,-32768,0,65535,1
738306,65535,255,-32768,-32768,0,65535,1
738307,65535,255,2427,9956,0,0,0
738308,733,0,4476,9591,1,0,0
738309,861,0,5849,9295,1,0,1
738310,65535,255,6794,8932,0,0,0
738311,65535,255,-32768,-32768,0,65535,1
738312,65535,255,-32768,-32768,0,65535,0
738313,867,0,3874,9714,1,0,1
738314,65535,255,5448,9384,0,0,0
738315,0,0,0,0,0,0,0
738316,0,0,0,0,0,0,0
738317,65535,255,-32768,-32768,0,65535,1
738318,65535,255,-32768,-32768,0,65535,1
738319,829,0,4992,9479,1,0,1
738320,1118,0,6199,9154,1,0,1
738321,0,0,0,0,0,0,0
738322,65535,255,-32768,-32768,0,65535,0
738323,65535,255,-32768,-32768,0,65535,0
738324,65535,255,4463,9613,0,0,0
738325,65535,255,5841,9268,0,0,0
738326,65535,255,6788,8935,0,0,1
738327,0,0,0,0,0,0,0
738328,65535,255,-32768,-32768,0,65535,1
738329,1039,0,3858,9679,1,0,1
738330,734,0,5439,9388,1,0,1
738331,1604,0,6505,9066,1,0,1
738332,0,0,0,0,0,0,0
738333,65535,255,-32768,-32768,0,65535,1
738334,65535,255,-32768,-32768,0,65535,1
738335,65535,255,4977,9482,0,0,0
738336,65535,255,6191,9161,0,0,0
738337,0,0,0,0,0,0,0
738338,65535,255,-32768,-32768,0,65535,1
738339,65535,255,-32768,-32768,0,65535,1
738340,65535,255,4449,9648,0,0,0
738341,1055,0,5833,9269,1,0,0
738342,65535,255,6782,8953,0,0,1
738343,65535,255,-32768,-32768,0,65535,1
738344,65535,255,-32768,-32768,0,65535,1
738345,807,0,3842,9744,1,0,1
738346,1083,0,5429,9399,1,0,1
738347,1497,0,6499,9048,1,0,1
738348,65535,255,-32768,-32768,0,65535,1
738349,65535,255,-32768,-32768,0,65535,1
738350,65535,255,3155,9878,0,0,0
738351,862,0,4968,9474,1,0,1
738352,65535,255,6184,9155,0,0,0
738353,65535,255,-32768,-32768,0,65535,1
738354,65535,255,313,-7250,0,0,0
738355,876,0,2379,9881,1,0,1
738356,65535,255,4436,9655,0,0,0
738357,1083,0,5826,9279,1,0,1
738358,65535,255,6777,8961,0,0,1
738359,65535,255,1225,-7588,0,0,0
738360,759,0,1519,10166,1,0,1
738361,406,0,3832,9722,1,0,0
738362,852,0,5421,9420,1,0,1
738363,65535,255,6494,9069,0,0,0
738364,65535,255,2088,-7372,0,0,0
738365,65535,255,604,10379,0,0,0
738366,853,0,3142,9810,3,0,1
738367,872,0,4959,9524,1,0,1
738368,65535,255,6178,9195,0,0,0
738369,391,0,2876,-7421,1,0,0
738370,65535,255,327,-6968,0,0,0
738371,738,0,2361,9916,1,0,0
738372,0,0,0,0,0,0,0
738373,65535,255,5821,9276,0,0,0
738374,929,0,3567,-7286,1,0,1
738375,65535,255,1241,-7613,0,0,0
738376,65535,255,1503,10212,0,0,0
738377,909,0,3826,9683,1,0,1
738378,971,0,5418,9368,1,0,1
738379,964,0,4174,-7118,1,0,1
738380,859,0,2098,-7431,1,0,1
738381,853,0,599,9827,1,0,1
738382,802,0,3128,9881,1,0,1
738383,949,0,4953,9476,1,0,1
738384,65535,255,4705,-7024,0,0,0
738385,1005,0,2881,-7345,1,0,1
738386,930,0,341,-7869,1,0,1
738387,65535,255,2353,9978,0,0,0
738388,65535,255,4423,9614,0,0,1
738389,65535,255,5166,-6938,0,0,0
738390,798,0,3576,-7285,1,0,1
738391,952,0,1253,-7531,1,0,1
738392,965,0,1497,10170,1,0,1
738393,739,0,3819,9677,1,0,0
738394,1155,0,5413,9365,1,0,1
738395,1131,0,4181,-7117,1,0,1
738396,65535,255,2108,-7446,0,0,0
738397,971,0,587,9934,1,0,1
738398,1042,0,3124,9901,1,0,1
738399,65535,255,4950,9493,0,0,0
738400,1066,0,4710,-6998,1,0,1
738401,1025,0,2890,-7396,1,0,1
738402,65535,255,348,-8121,0,0,0
738403,841,0,2349,9844,1,0,1
738404,921,0,4420,9660,1,0,1
738405,65535,255,5169,-6901,0,0,0
738406,856,2,3575,-7218,1,0,1
738407,878,0,1257,-7650,1,0,0
738408,65535,255,1491,10041,0,0,0
738409,742,2,3810,9756,1,0,0
738410,65535,255,5407,9418,0,0,0
738411,1098,0,4181,-7096,1,0,1
738412,1000,0,2109,-7415,1,0,1
738413,752,0,581,9818,1,0,1
738414,65535,255,3120,9902,0,0,0
738415,65535,255,4948,9499,0,0,0
738416,65535,255,4710,-7010,0,0,0
738417,826,0,2890,-7427,1,0,1
738418,65535,255,348,-7199,0,0,0
738419,65535,255,2344,9912,0,0,0
738420,65535,255,4420,9596,0,0,0
738421,917,0,5169,-6936,1,0,1
738422,1030,0,3576,-7285,1,0,1
738423,945,0,1252,-7584,1,0,1
738424,65535,255,1493,9908,0,0,0
738425,65535,255,3815,9725,0,0,0
738426,65535,255,5408,9404,0,0,0
738427,914,0,4178,-7082,1,0,1
738428,65535,255,2108,-7399,0,0,0
738429,1029,0,588,9823,1,0,1
738430,971,0,3124,9902,1,0,1
738431,65535,255,4948,9505,0,0,0
738432,65535,255,4707,-7022,0,0,0
738433,65535,255,2880,-7299,0,0,0
738434,65535,255,341,-7669,0,0,0
738435,65535,255,2349,9993,0,0,0
738436,968,0,4420,9641,1,0,1
738437,65535,255,5163,-6896,0,0,0
738438,65535,255,3571,-7234,0,0,0
738439,65535,255,1247,-7477,0,0,0
738440,884,0,1497,10170,1,0,1
738441,65535,255,3819,9701,0,0,0
738442,994,0,5414,9398,1,0,1
738443,936,0,4175,-7082,1,0,1
738444,870,0,2104,-7476,1,0,1
738445,885,0,587,10389,1,0,1
738446,964,0,3125,9892,1,0,1
738447,867,0,4945,9528,1,0,1
738448,65535,255,4707,-6980,0,0,0
738449,814,0,2890,-7439,1,0,1
738450,65535,255,353,-7861,0,0,0
738451,835,0,2339,9872,1,0,1
738452,880,0,4412,9612,1,0,0
738453,65535,255,5173,-6893,0,0,0
738454,65535,255,3590,-7273,0,0,0
738455,879,0,1276,-7687,1,0,1
738456,65535,255,1469,10136,0,0,0
738457,1008,0,3798,9722,1,0,1
738458,65535,255,5396,9433,0,0,0
738459,65535,255,4197,-7166,0,0,0
738460,65535,255,2136,-7426,0,0,0
738461,65535,255,551,10288,0,0,0
738462,648,0,3092,9889,1,0,1
738463,65535,255,4929,9533,0,0,0
738464,65535,255,4727,-6992,0,0,0
738465,857,0,2914,-7305,1,0,1
738466,1046,0,388,-7961,1,0,1
738467,960,0,2306,9960,1,0,1
738468,762,0,4392,9667,1,0,0
738469,939,0,5187,-6863,1,0,1
738470,65535,255,3611,-7235,0,0,0
738471,65535,255,1304,-7631,0,0,0
738472,820,0,1440,10118,1,0,1
738473,65535,255,3774,9725,0,0,0
738474,65535,255,5383,9412,0,0,0
738475,65535,255,4215,-7074,0,0,0
738476,65535,255,2162,-7497,0,0,0
738477,65535,255,530,9671,0,0,0
738478,729,0,3074,9802,1,0,1
738479,65535,255,4905,9522,0,0,0
738480,65535,255,4750,-7016,0,0,0
738481,65535,255,2947,-7402,0,0,0
738482,65535,255,424,-8070,0,0,0
738483,65535,255,2279,10003,0,0,0
738484,876,0,4375,9608,1,0,1
738485,65535,255,5201,-6932,0,0,0
738486,65535,255,3628,-7255,0,0,1
738487,65535,255,1316,-7406,0,0,0
738488,65535,255,1429,10021,0,0,0
738489,65535,255,3769,9729,0,0,0
738490,1217,0,5382,9388,1,0,1
738491,1150,0,4222,-7153,1,0,1
738492,65535,255,2162,-7488,0,0,0
738493,905,0,528,9977,1,0,1
738494,65535,255,3079,9899,0,0,0
738495,65535,255,4923,9486,0,0,0
738496,997,0,4737,-6984,1,0,1
738497,65535,255,2928,-7351,0,0,0
738498,65535,255,394,-7850,0,0,0
738499,65535,255,2306,9970,0,0,0
738500,65535,255,4395,9605,0,0,0
738501,680,0,5190,-6935,1,0,1
738502,815,0,3606,-7267,1,0,1
738503,747,0,1293,-7483,1,0,1
738504,823,0,1457,10111,1,0,1
738505,833,0,3790,9773,1,0,1
738506,65535,255,5396,9424,0,0,0
738507,920,0,4200,-7096,1,0,0
738508,819,0,2136,-7386,1,0,1
738509,65535,255,558,10381,0,0,0
738510,856,0,3105,9853,1,0,1
738511,65535,255,4939,9500,0,0,0
738512,667,0,4721,-7064,1,0,1
738513,65535,255,2900,-7344,0,0,0
738514,65535,255,359,-7865,0,0,0
738515,65535,255,2337,9981,0,0,0
738516,65535,255,4415,9620,0,0,0
738517,65535,255,5173,-6873,0,0,0
738518,65535,255,3581,-7313,0,0,0
738519,65535,255,1259,-7642,0,0,0
738520,65535,255,1497,9929,0,0,0
738521,65535,255,3818,9714,0,0,0
