sdate,line_t,line_tmq,line_tvza,line_tvaa,line_tm2,line_QFDNB,line_tm_buf
735235,9,1,4599,9791,1,0,1
735236,14,1,6343,9788,1,0,1
735237,65535,255,5660,-8010,0,0,0
735238,4,0,3406,-8089,1,0,1
735239,5,0,250,9302,1,0,1
735240,5,0,3763,9810,1,0,1
735241,4,0,5868,9807,1,0,1
735242,12,0,6164,-7969,1,0,1
735243,6,0,4296,-8015,1,0,1
735244,65535,255,1073,-8190,0,0,0
735245,6,0,2756,9869,1,0,1
735246,9,0,5303,9839,1,0,1
735247,6,0,6590,-8000,1,0,1
735248,6,0,5037,-8065,1,0,1
735249,4,0,2299,-8044,1,0,1
735250,4,0,1583,9919,1,0,1
735251,65535,255,4616,9846,0,0,0
735252,11,0,6352,9766,1,0,1
735253,5,0,5653,-8046,1,0,1
735254,4,0,3393,-8018,1,0,1
735255,4,0,255,10357,1,0,1
735256,7,1,3763,9865,1,0,1
735257,65535,255,5866,9773,0,0,0
735258,8,1,6168,-7992,1,0,1
735259,65535,255,4311,-8048,0,0,0
735260,65535,255,1091,-7936,0,0,0
735261,65535,255,2733,9916,0,0,0
735262,0,0,5285,9781,1,0,1
735263,65535,255,6601,-7955,0,0,0
735264,65535,255,5058,-8038,0,0,0
735265,2,0,2350,-8058,1,0,1
735266,4,0,1528,9751,1,0,1
735267,7,1,4582,9804,1,0,1
735268,10,1,6331,9803,1,0,1
735269,7,1,5674,-8027,1,0,1
735270,8,1,3440,-8131,1,0,1
735271,4,0,196,10162,1,0,1
735272,7,0,3723,9858,1,0,1
735273,0,0,0,0,0,0,0
735274,65535,255,6186,-7998,0,0,0
735275,65535,255,4341,-8067,0,0,1
735276,65535,255,1146,-7979,0,0,0
735277,9,0,2688,9788,1,0,1
735278,65535,255,5258,9811,0,0,0
735279,6,0,6615,-7978,1,0,1
735280,5,0,5083,-8036,1,0,1
735281,65535,255,2391,-8053,0,0,0
735282,65535,255,1479,9971,0,0,0
735283,6,0,4552,9786,1,0,1
735284,16,2,6314,9793,1,0,1
735285,12,0,5691,-8017,1,0,0
735286,8,0,3470,-8122,1,0,1
735287,10,1,150,10247,1,0,1
735288,0,0,3691,9875,1,0,1
735289,65535,255,5827,9783,0,0,0
735290,65535,255,6199,-8005,0,0,0
735291,65535,255,4368,-8078,0,0,0
735292,65535,255,1186,-7984,0,0,0
735293,0,0,2653,9775,1,0,1
735294,10,1,5238,9802,1,0,1
735295,10,1,6627,-7967,1,0,1
735296,65535,255,5103,-8014,0,0,0
735297,65535,255,2429,-8111,0,0,0
735298,65535,255,1434,9834,0,0,0
735299,10,0,4525,9836,1,0,1
735300,65535,255,6299,9763,0,0,0
735301,65535,255,5709,-8024,0,0,0
735302,65535,255,3500,-8034,0,0,0
735303,65535,255,111,11913,0,0,0
735304,65535,255,3660,9779,0,0,0
735305,13,0,5808,9792,1,0,1
735306,13,0,6216,-8019,1,0,1
735307,9,0,4392,-8007,1,0,0
735308,65535,255,1231,-8149,0,0,0
735309,65535,255,2614,9872,0,0,0
735310,17,0,5217,9805,1,0,1
735311,9,0,6639,-7953,1,0,1
735312,11,0,5122,-8003,1,0,1
735313,9,0,2463,-8096,1,0,1
735314,65535,255,1399,9859,0,0,0
735315,65535,255,4504,9849,0,0,0
735316,0,0,0,0,0,0,0
735317,65535,255,5725,-8007,0,0,0
735318,7,0,3529,-8103,1,0,1
735319,65535,255,69,10199,0,0,0
735320,65535,255,3635,9870,0,0,0
735321,65535,255,5795,9784,0,0,0
735322,0,0,0,0,0,0,0
735323,2,0,4412,-8013,1,0,1
735324,1,0,1260,-8227,1,0,1
735325,65535,255,2589,9934,0,0,1
735326,10,0,5207,9802,1,0,1
735327,65535,255,6648,-7979,0,0,0
735328,9,0,5139,-8049,1,0,1
735329,65535,255,2488,-8045,0,0,0
735330,65535,255,1377,9810,0,0,0
735331,65535,255,4490,9850,0,0,0
735332,65535,255,6282,9783,0,0,0
735333,65535,255,5736,-8019,0,0,0
735334,65535,255,3542,-8017,0,0,0
735335,6,0,75,5870,1,0,1
735336,8,0,3623,9820,1,0,1
735337,65535,255,5788,9799,0,0,0
735338,65535,255,6234,-8010,0,0,0
735339,11,0,4422,-8013,1,0,1
735340,4,0,1271,-7907,1,0,1
735341,65535,255,2584,9799,0,0,0
735342,14,0,5200,9838,1,0,1
735343,65535,255,6654,-7959,0,0,0
735344,65535,255,5144,-8029,0,0,0
735345,65535,255,2493,-8019,0,0,0
735346,65535,255,1371,9811,0,0,0
735347,65535,255,4487,9862,0,0,0
735348,0,0,6279,9798,1,0,1
735349,65535,255,5739,-8014,0,0,1
735350,65535,255,3550,-8085,0,0,0
735351,65535,255,47,11116,0,0,0
735352,0,0,3622,9779,1,0,1
735353,65535,255,5787,9823,0,0,0
735354,65535,255,6235,-8007,0,0,0
735355,8,1,4425,-8020,1,0,1
735356,0,0,0,0,0,0,0
735357,7,0,2583,9862,1,0,1
735358,10,0,5203,9793,1,0,1
735359,0,0,0,0,0,0,0
735360,9,0,5144,-8003,1,0,1
735361,65535,255,2488,-7981,0,0,0
735362,65535,255,1377,9787,0,0,0
735363,15,0,4490,9854,1,0,1
735364,65535,255,6281,9810,0,0,0
735365,65535,255,5736,-8006,0,0,0
735366,11,0,3542,-8016,1,0,0
735367,65535,255,60,8056,0,0,0
735368,8,0,3631,9887,1,0,0
735369,8,0,5794,9819,1,0,1
735370,65535,255,6231,-8014,0,0,0
735371,65535,255,4415,-8051,0,0,0
735372,65535,255,1259,-8148,0,0,0
735373,65535,255,2599,9776,0,0,0
735374,65535,255,5210,9808,0,0,0
735375,65535,255,6648,-7982,0,0,0
735376,65535,255,5133,-8008,0,0,0
735377,65535,255,2473,-8032,0,0,0
735378,37,2,1394,9909,1,0,0
735379,65535,255,4507,9819,0,0,1
735380,0,0,0,0,0,0,0
735381,0,0,0,0,0,0,0
735382,0,0,0,0,0,0,0
735383,0,0,0,0,0,0,0
735384,65535,255,3651,9788,0,0,0
735385,65535,255,5804,9776,0,0,0
735386,11,0,6218,-7985,1,0,0
735387,65535,255,4395,-8014,0,0,0
735388,65535,255,1225,-8041,0,0,0
735389,65535,255,2623,9764,0,0,0
735390,65535,255,5226,9777,0,0,0
735391,65535,255,6637,-7989,0,0,0
735392,6,0,5114,-8029,1,0,1
735393,6,0,2443,-8109,1,0,1
735394,65535,255,1434,9720,0,0,0
735395,65535,255,4528,9781,0,0,0
735396,65535,255,6302,9776,0,0,0
735397,65535,255,5707,-8024,0,0,0
735398,9,0,3492,-8032,1,0,1
735399,6,0,127,9543,1,0,1
735400,8,0,3680,9804,1,0,1
735401,17,0,5820,9793,1,0,1
735402,65535,255,6204,-8004,0,0,0
735403,8,0,4369,-8059,1,0,1
735404,65535,255,1186,-8264,0,0,0
735405,65535,255,2658,9873,0,0,0
735406,65535,255,5244,9828,0,0,0
735407,65535,255,6621,-7977,0,0,1
735408,65535,255,5091,-8019,0,0,0
735409,4,0,2400,-8084,1,0,1
735410,65535,255,1479,9747,0,0,0
735411,7,0,4555,9793,1,0,0
735412,8,0,6318,9787,1,0,1
735413,65535,255,5686,-7999,0,0,1
735414,65535,255,3453,-8051,0,0,0
735415,65535,255,177,11147,0,0,0
735416,8,0,3711,9876,1,0,1
735417,65535,255,5842,9771,0,0,0
735418,8,0,6183,-7993,1,0,1
735419,65535,255,4334,-8046,0,0,0
735420,65535,255,1136,-8271,0,0,0
735421,65535,255,2703,9884,0,0,0
735422,13,0,5270,9837,1,0,1
735423,65535,255,6606,-7991,0,0,0
735424,65535,255,5063,-8046,0,0,0
735425,65535,255,2355,-8179,0,0,0
735426,6,0,1528,9902,1,0,1
735427,5,0,4586,9848,1,0,0
735428,65535,255,6337,9765,0,0,0
735429,65535,255,5662,-8010,0,0,0
735430,12,0,3411,-8026,1,0,0
735431,65535,255,238,10534,0,0,0
735432,10,0,3752,9836,1,0,1
735433,11,1,5860,9813,1,0,1
735434,65535,255,6170,-8021,0,0,0
735435,65535,255,4312,-8093,0,0,0
735436,65535,255,1102,-7976,0,0,0
735437,65535,255,2728,9766,0,0,0
735438,0,0,5283,9783,1,0,1
735439,65535,255,6601,-7976,0,0,0
735440,65535,255,5060,-8056,0,0,0
735441,65535,255,2350,-7990,0,0,0
735442,0,0,1523,9945,1,0,1
735443,65535,255,4578,9849,0,0,0
735444,65535,255,6331,9765,0,0,0
735445,65535,255,5674,-8040,0,0,0
735446,65535,255,3436,-7999,0,0,0
735447,65535,255,196,10167,0,0,0
735448,10,0,3723,9844,1,0,0
735449,11,0,5843,9822,1,0,1
735450,65535,255,6183,-7974,0,0,0
735451,5,0,4337,-8019,1,0,1
735452,65535,255,1146,-8153,0,0,0
735453,65535,255,2692,9849,0,0,0
735454,65535,255,5263,9828,0,0,0
735455,65535,255,6615,-7983,0,0,0
735456,8,0,5083,-8035,1,0,1
735457,4,0,2390,-8163,1,0,1
735458,65535,255,1484,9904,0,0,0
735459,6,0,4558,9849,1,0,1
735460,23,0,6319,9769,1,0,1
735461,65535,255,5691,-8001,0,0,0
735462,65535,255,3466,-8034,0,0,0
735463,65535,255,166,11235,0,0,0
735464,65535,255,3700,9861,0,0,1
735465,0,0,5833,9789,1,0,1
735466,65535,255,6197,-8012,0,0,0
735467,65535,255,4362,-8090,0,0,0
735468,65535,255,1175,-8067,0,0,0
735469,0,0,2668,9825,1,0,1
735470,65535,255,5249,9823,0,0,0
735471,65535,255,6625,-7986,0,0,0
735472,65535,255,5099,-8045,0,0,0
735473,4,0,2409,-8005,1,0,1
735474,5,0,1459,9808,1,0,1
735475,9,0,4545,9794,1,0,1
735476,7,0,6311,9802,1,0,1
735477,65535,255,5703,-8028,0,0,0
735478,65535,255,3482,-8008,0,0,0
735479,65535,255,141,10998,0,0,1
735480,65535,255,3683,9887,0,0,0
735481,65535,255,5823,9793,0,0,0
735482,12,0,6206,-8000,1,0,1
735483,65535,255,4375,-8013,0,0,0
735484,4,0,1197,-8234,1,0,0
735485,7,0,2648,9910,1,0,0
735486,65535,255,5240,9788,0,0,0
735487,65535,255,6630,-7969,0,0,0
735488,65535,255,5107,-8029,0,0,0
735489,65535,255,2426,-8087,0,0,0
735490,65535,255,1439,10000,0,0,0
735491,7,0,4534,9800,1,0,1
735492,65535,255,6305,9806,0,0,0
735493,65535,255,5710,-8041,0,0,0
735494,0,0,3490,-8051,1,0,1
735495,65535,255,130,8525,0,0,0
735496,65535,255,3675,9829,0,0,0
735497,65535,255,5818,9815,0,0,0
735498,65535,255,6209,-8003,0,0,0
735499,65535,255,4382,-8096,0,0,0
735500,65535,255,1203,-8178,0,0,0
735501,65535,255,2638,9910,0,0,0
735502,65535,255,5235,9798,0,0,0
735503,13,1,6633,-7979,1,0,0
735504,10,0,5107,-8049,1,0,1
735505,9,0,2429,-8057,1,0,0
735506,9,0,1439,9837,1,0,1
735507,10,0,4531,9856,1,0,0
735508,11,0,6303,9791,1,0,0
735509,65535,255,5708,-8032,0,0,0
735510,65535,255,3491,-8042,0,0,0
735511,65535,255,129,8779,0,0,0
735512,9,0,3675,9846,1,0,0
735513,9,0,5819,9781,1,0,0
735514,16,0,6206,-7981,1,0,1
735515,6,0,4375,-8045,1,0,1
735516,65535,255,1197,-7983,0,0,0
735517,65535,255,2643,9850,0,0,0
735518,7,0,5238,9783,1,0,1
735519,65535,255,6628,-7975,0,0,0
735520,9,0,5102,-8054,1,0,1
735521,65535,255,2424,-8096,0,0,0
735522,14,1,1445,9931,1,0,0
735523,65535,255,4538,9801,0,0,0
735524,65535,255,6307,9766,0,0,1
735525,65535,255,5701,-8010,0,0,0
735526,269,2,3478,-8016,1,0,1
735527,65535,255,141,8863,0,0,0
735528,9,0,3683,9862,1,0,1
735529,65535,255,5824,9803,0,0,0
735530,65535,255,6200,-7992,0,0,1
735531,65535,255,4362,-8000,0,0,0
735532,10,1,1175,-7868,1,0,1
735533,6,0,2663,9838,1,0,1
735534,65535,255,5250,9788,0,0,0
735535,65535,255,6621,-7985,0,0,0
735536,65535,255,5088,-8008,0,0,0
735537,65535,255,2395,-7990,0,0,0
735538,65535,255,1473,9838,0,0,0
735539,65535,255,4552,9788,0,0,0
735540,22,0,6316,9766,1,0,1
735541,65535,255,5687,-8024,0,0,0
735542,65535,255,3457,-8068,0,0,0
735543,65535,255,174,10584,0,0,0
735544,4,0,3712,9821,1,0,1
735545,65535,255,5839,9790,0,0,0
735546,15,0,6186,-7992,1,0,1
735547,7,0,4338,-8018,1,0,1
735548,5,0,1135,-8037,1,0,1
735549,4,0,2701,9803,1,0,1
735550,65535,255,5267,9843,0,0,0
735551,65535,255,6607,-7986,0,0,0
735552,65535,255,5066,-8018,0,0,1
735553,65535,255,2355,-8069,0,0,0
735554,0,0,1523,9689,1,0,1
735555,65535,255,4579,9862,0,0,1
735556,65535,255,6335,9766,0,0,0
735557,65535,255,5667,-8038,0,0,0
735558,65535,255,3419,-8059,0,0,0
735559,65535,255,220,10285,0,0,0
735560,3,0,3740,9814,1,0,1
735561,65535,255,5853,9785,0,0,0
735562,15,2,6177,-7981,1,0,1
735563,65535,255,4329,-8065,0,0,0
735564,65535,255,1124,-7916,0,0,0
735565,65535,255,2707,9873,0,0,0
735566,22,0,5269,9819,1,0,1
735567,16,0,6608,-7959,1,0,1
735568,7,0,5074,-8054,1,0,1
735569,7,0,2375,-8149,1,0,0
735570,5,0,1501,9796,1,0,1
735571,4,0,4566,9789,1,0,1
735572,65535,255,6323,9774,0,0,0
735573,65535,255,5686,-8037,0,0,0
735574,65535,255,3457,-8111,0,0,0
735575,5,0,176,8877,1,0,1
735576,65535,255,3707,9795,0,0,0
735577,65535,255,5836,9773,0,0,0
735578,65535,255,6193,-7984,0,0,0
735579,65535,255,4351,-8019,0,0,0
735580,4,0,1163,-8094,1,0,1
735581,6,0,2673,9803,1,0,1
735582,65535,255,5252,9799,0,0,1
735583,65535,255,6621,-7958,0,0,0
735584,65535,255,5093,-8069,0,0,1
735585,65535,255,2404,-8016,0,0,0
735586,0,0,1468,9976,1,0,1
735587,2,0,4545,9864,1,0,1
735588,65535,255,6313,9774,0,0,1
735589,9,1,5698,-7983,1,0,1
735590,0,0,3474,-8032,1,0,1
735591,6,0,147,10953,1,0,1
735592,6,0,3691,9879,1,0,1
735593,10,1,5829,9774,1,0,1
735594,16,2,6201,-7995,1,0,1
735595,8,1,4368,-8057,1,0,1
735596,6,0,1181,-7896,1,0,1
735597,7,0,2659,9863,1,0,1
735598,10,0,5246,9789,1,0,0
735599,65535,255,6625,-7961,0,0,0
735600,65535,255,5099,-8006,0,0,0
735601,3,0,2414,-8094,1,0,1
735602,65535,255,1456,9817,0,0,0
735603,7,0,4541,9833,1,0,1
735604,14,0,6309,9793,1,0,1
735605,65535,255,5700,-7983,0,0,0
735606,6,0,3478,-8049,1,0,1
735607,7,0,150,8256,1,0,1
735608,6,0,3691,9799,1,0,1
735609,65535,255,5826,9812,0,0,0
735610,65535,255,6201,-7979,0,0,0
735611,6,0,4368,-8043,1,0,1
735612,65535,255,1180,-7925,0,0,0
735613,4,0,2663,9791,1,0,1
735614,4,0,5246,9820,1,0,1
735615,0,0,6626,-7988,1,0,1
735616,0,0,5096,-8058,1,0,1
735617,0,0,2409,-8055,1,0,1
735618,65535,255,1467,9817,0,0,0
735619,8,0,4545,9839,1,0,1
735620,12,1,6313,9778,1,0,1
735621,65535,255,5696,-8005,0,0,0
735622,65535,255,3473,-8067,0,0,0
735623,65535,255,161,8369,0,0,0
735624,6,0,3693,9805,1,0,1
735625,65535,255,5829,9787,0,0,0
735626,9,0,6200,-8002,1,0,1
735627,9,0,4365,-8069,1,0,1
735628,65535,255,1180,-7924,0,0,0
735629,9,0,2662,9789,1,0,0
735630,65535,255,5246,9790,0,0,0
735631,65535,255,6624,-7957,0,0,0
735632,65535,255,5094,-8001,0,0,0
735633,7,0,2409,-8068,1,0,0
735634,65535,255,1462,9771,0,0,0
735635,9,0,4545,9845,1,0,1
735636,65535,255,6312,9771,0,0,0
735637,8,0,5696,-7991,1,0,1
735638,65535,255,3474,-8058,0,0,0
735639,65535,255,153,8728,0,0,0
735640,65535,255,3692,9807,0,0,0
735641,65535,255,5827,9812,0,0,0
735642,10,1,6198,-7983,1,0,1
735643,65535,255,4361,-8049,0,0,1
735644,65535,255,1175,-7923,0,0,0
735645,65535,255,2668,9779,0,0,0
735646,65535,255,5249,9815,0,0,1
735647,65535,255,6621,-7984,0,0,0
735648,65535,255,5091,-8053,0,0,0
735649,65535,255,2399,-8041,0,0,0
735650,65535,255,1473,9795,0,0,1
735651,12,1,4552,9839,1,0,1
735652,19,2,6316,9775,1,0,1
735653,18,2,5689,-8009,1,0,1
735654,11,0,3462,-8119,1,0,1
735655,65535,255,169,10806,0,0,0
735656,65535,255,3708,9783,0,0,0
735657,65535,255,5834,9813,0,0,0
735658,65535,255,6188,-7994,0,0,0
735659,65535,255,4345,-8090,0,0,0
735660,10,0,1152,-8208,1,0,1
735661,65535,255,2692,9778,0,0,0
735662,65535,255,5261,9821,0,0,0
735663,65535,255,6609,-7950,0,0,0
735664,17,0,5071,-8022,1,0,1
735665,65535,255,2365,-8015,0,0,0
735666,8,0,1512,9840,1,0,1
735667,65535,255,4574,9809,0,0,0
735668,65535,255,6327,9811,0,0,0
735669,65535,255,5672,-8001,0,0,0
735670,65535,255,3423,-8005,0,0,0
735671,65535,255,209,10311,0,0,0
735672,65535,255,3728,9871,0,0,0
735673,65535,255,5846,9779,0,0,0
735674,65535,255,6182,-8002,0,0,0
735675,65535,255,4337,-8083,0,0,0
735676,65535,255,1141,-8063,0,0,0
735677,65535,255,2688,9839,0,0,0
735678,11,1,5258,9836,1,0,1
735679,65535,255,6616,-7994,0,0,0
735680,12,0,5083,-8023,1,0,1
735681,65535,255,2399,-8081,0,0,0
735682,65535,255,1468,9863,0,0,0
735683,65535,255,4545,9858,0,0,0
735684,65535,255,6310,9790,0,0,0
735685,65535,255,5699,-8022,0,0,0
735686,65535,255,3478,-8014,0,0,0
735687,65535,255,145,8195,0,0,0
735688,10,0,3680,9824,1,0,1
735689,17,0,5818,9806,1,0,1
735690,65535,255,6208,-8012,0,0,0
735691,9,0,4378,-8016,1,0,1
735692,65535,255,1209,-7927,0,0,0
735693,65535,255,2633,9828,0,0,0
735694,31,0,5227,9817,1,0,1
735695,25,0,6635,-7969,1,0,1
735696,15,0,5116,-8051,1,0,1
735697,65535,255,2449,-8093,0,0,0
735698,65535,255,1417,9957,0,0,0
735699,65535,255,4514,9816,0,0,0
735700,65535,255,6294,9779,0,0,0
735701,65535,255,5722,-8025,0,0,0
735702,5,0,3516,-8056,1,0,1
735703,0,0,0,0,0,0,0
735704,0,0,3648,9792,1,0,1
735705,48,2,5800,9809,1,0,1
735706,9,0,6221,-7966,1,0,1
735707,0,0,4405,-8067,1,0,1
735708,0,0,0,0,0,0,0
735709,2,0,2603,9804,1,0,1
735710,0,0,0,0,0,0,0
735711,65535,255,6646,-7988,0,0,0
735712,65535,255,5133,-8020,0,0,0
735713,65535,255,2478,-8067,0,0,0
735714,65535,255,1389,10008,0,0,0
735715,65535,255,4497,9847,0,0,0
735716,0,0,0,0,0,0,0
735717,14,0,5731,-8011,1,0,0
735718,10,0,3533,-8056,1,0,1
735719,65535,255,69,12205,0,0,0
735720,65535,255,3631,9849,0,0,0
735721,65535,255,5795,9814,0,0,0
735722,65535,255,6229,-8015,0,0,0
735723,0,0,0,0,0,0,0
735724,0,0,0,0,0,0,0
735725,65535,255,2588,9890,0,0,0
735726,65535,255,5206,9832,0,0,0
735727,65535,255,6649,-7978,0,0,0
735728,0,0,0,0,0,0,0
735729,65535,255,2483,-8080,0,0,0
735730,4,0,1383,9718,1,0,1
735731,6,0,4497,9785,1,0,1
735732,65535,255,6283,9783,0,0,0
735733,0,0,0,0,0,0,0
735734,16,0,3537,-8039,1,0,0
735735,65535,255,69,12224,0,0,0
735736,65535,255,3631,9874,0,0,0
735737,53,2,5793,9813,1,0,1
735738,65535,255,6227,-7988,0,0,0
735739,65535,255,4412,-8035,0,0,0
735740,65535,255,1259,-8224,0,0,0
735741,65535,255,2593,9890,0,0,0
735742,17,0,5209,9842,1,0,1
735743,9,0,6648,-7991,1,0,1
735744,9,0,5133,-8050,1,0,1
735745,65535,255,2474,-8003,0,0,0
735746,0,0,0,0,0,0,0
735747,0,0,0,0,0,0,0
735748,65535,255,6288,9783,0,0,0
735749,65535,255,5727,-8003,0,0,0
735750,9,0,3529,-8073,1,0,1
735751,65535,255,86,7811,0,0,0
735752,65535,255,3644,9808,0,0,0
735753,10,0,5800,9810,1,0,1
735754,65535,255,6222,-7973,0,0,0
735755,0,0,0,0,0,0,0
735756,65535,255,1242,-8199,0,0,0
735757,65535,255,2609,9890,0,0,0
735758,65535,255,5216,9818,0,0,0
735759,16,0,6640,-7953,1,0,0
735760,65535,255,5122,-7999,0,0,0
735761,65535,255,2458,-8080,0,0,0
735762,8,0,1411,9816,1,0,0
735763,0,0,4514,9835,1,0,1
735764,65535,255,6293,9800,0,0,0
735765,65535,255,5715,-7990,0,0,1
735766,65535,255,3507,-8064,0,0,0
735767,65535,255,108,8249,0,0,0
735768,65535,255,3660,9816,0,0,0
735769,65535,255,5810,9822,0,0,0
735770,65535,255,6212,-7989,0,0,0
735771,17,0,4385,-8061,1,0,0
735772,7,0,1208,-8009,1,0,1
735773,65535,255,2633,9817,0,0,0
735774,21,0,5230,9827,1,0,0
735775,18,0,6630,-7993,1,0,1
735776,65535,255,5106,-8036,0,0,0
735777,65535,255,2429,-8080,0,0,0
735778,65535,255,1445,9817,0,0,0
735779,14,0,4531,9847,1,0,0
735780,65535,255,6304,9777,0,0,0
735781,65535,255,5701,-8008,0,0,0
735782,65535,255,3482,-8082,0,0,0
735783,65535,255,136,11274,0,0,0
735784,65535,255,3680,9848,0,0,0
735785,0,0,0,0,0,0,0
735786,65535,255,6205,-8001,0,0,0
735787,8,0,4372,-8036,1,0,0
735788,11,0,1197,-8120,1,0,1
735789,2,0,2648,9780,1,0,1
735790,65535,255,5239,9781,0,0,0
735791,32,2,6628,-7989,1,0,1
735792,65535,255,5102,-8020,0,0,0
735793,65535,255,2424,-8080,0,0,0
735794,105,2,1440,9999,1,0,0
735795,65535,255,4528,9853,0,0,0
735796,65535,255,6303,9813,0,0,0
735797,65535,255,5706,-8021,0,0,0
735798,65535,255,3491,-8074,0,0,0
735799,65535,255,127,11564,0,0,0
735800,65535,255,3672,9864,0,0,0
735801,65535,255,5815,9822,0,0,0
735802,10,0,6206,-7966,1,0,1
735803,65535,255,4379,-8080,0,0,0
735804,65535,255,1203,-7925,0,0,0
735805,65535,255,2638,9901,0,0,0
735806,65535,255,5232,9832,0,0,0
735807,65535,255,6630,-7976,0,0,0
735808,65535,255,5105,-8010,0,0,0
735809,5,0,2429,-8054,1,0,0
735810,65535,255,1439,10003,0,0,0
735811,65535,255,4528,9789,0,0,0
735812,65535,255,6306,9782,0,0,0
735813,65535,255,5699,-7996,0,0,0
735814,65535,255,3470,-8041,0,0,0
735815,65535,255,169,10808,0,0,0
735816,65535,255,3711,9862,0,0,0
735817,65535,255,5841,9829,0,0,0
735818,65535,255,6179,-7988,0,0,0
735819,65535,255,4322,-8038,0,0,0
735820,65535,255,1112,-8034,0,0,0
735821,98,2,2717,9921,1,0,1
735822,10,0,5277,9829,1,0,0
735823,65535,255,6604,-7962,0,0,0
735824,65535,255,5065,-8054,0,0,0
735825,65535,255,2360,-8136,0,0,1
735826,2,0,1518,9732,1,0,1
735827,11,0,4572,9863,1,0,1
735828,0,0,0,0,0,0,0
735829,65535,255,5678,-8010,0,0,0
735830,11,0,3444,-8041,1,0,1
735831,65535,255,190,10009,0,0,0
735832,65535,255,3720,9806,0,0,0
735833,14,0,5843,9782,1,0,1
735834,13,0,6189,-7983,1,0,1
735835,65535,255,4344,-8004,0,0,0
735836,7,0,1152,-7977,1,0,0
735837,65535,255,2683,9898,0,0,0
735838,65535,255,5260,9830,0,0,0
735839,65535,255,6618,-7968,0,0,0
735840,65535,255,5086,-8040,0,0,0
735841,65535,255,2389,-7989,0,0,0
735842,65535,255,1479,9862,0,0,0
735843,65535,255,4555,9814,0,0,0
735844,65535,255,6316,9789,0,0,0
735845,65535,255,5693,-7991,0,0,0
735846,65535,255,3469,-8014,0,0,1
735847,65535,255,156,9816,0,0,0
735848,36,2,3699,9807,1,0,0
735849,65535,255,5831,9791,0,0,0
735850,65535,255,6199,-7998,0,0,0
735851,65535,255,4364,-8037,0,0,0
735852,65535,255,1180,-8179,0,0,0
735853,65535,255,2662,9860,0,0,0
735854,65535,255,5249,9792,0,0,0
735855,65535,255,6627,-7984,0,0,0
735856,65535,255,5096,-7994,0,0,0
735857,14,1,2414,-8163,1,0,1
735858,8,0,1462,9722,1,0,0
735859,14,1,4545,9842,1,0,0
735860,65535,255,6311,9797,0,0,0
735861,65535,255,5698,-7996,0,0,0
735862,7,0,3478,-8104,1,0,1
735863,65535,255,149,11387,0,0,0
735864,14,0,3691,9836,1,0,0
735865,23,0,5828,9788,1,0,1
735866,65535,255,6200,-7986,0,0,0
735867,65535,255,4365,-8097,0,0,0
735868,65535,255,1175,-7898,0,0,0
735869,65535,255,2663,9908,0,0,0
735870,65535,255,5249,9822,0,0,0
735871,65535,255,6622,-7963,0,0,0
735872,65535,255,5093,-8040,0,0,0
735873,8,0,2409,-8111,1,0,0
735874,6,0,1462,9722,1,0,1
735875,65535,255,4542,9774,0,0,1
735876,33,2,6310,9769,1,0,1
735877,65535,255,5705,-8034,0,0,0
735878,10,0,3490,-8112,1,0,1
735879,77,2,129,8774,1,0,0
735880,65535,255,3672,9780,0,0,0
735881,65535,255,5815,9780,0,0,0
735882,65535,255,6212,-8004,0,0,0
735883,65535,255,4388,-8058,0,0,0
735884,65535,255,1226,-8259,0,0,0
735885,65535,255,2623,9873,0,0,1
735886,65535,255,5223,9833,0,0,0
735887,13,1,6640,-7979,1,0,1
735888,65535,255,5119,-7997,0,0,0
735889,65535,255,2449,-8036,0,0,0
735890,6,0,1423,9996,1,0,1
735891,18,0,4521,9858,1,0,0
735892,65535,255,6302,9767,0,0,0
735893,65535,255,5708,-8051,0,0,0
735894,65535,255,3487,-8012,0,0,0
735895,4,0,133,10304,1,0,1
735896,13,0,3683,9848,1,0,1
735897,65535,255,5824,9822,0,0,0
735898,65535,255,6196,-7986,0,0,0
735899,65535,255,4359,-8031,0,0,0
735900,7,0,1170,-8243,1,0,1
735901,11,0,2677,9892,1,0,1
735902,65535,255,5261,9772,0,0,0
735903,65535,255,6614,-7978,0,0,0
735904,31,0,5080,-8009,1,0,1
735905,65535,255,2385,-8036,0,0,0
735906,7,0,1484,9966,1,0,1
735907,56,2,4558,9845,1,0,0
735908,65535,255,6317,9811,0,0,0
735909,65535,255,5689,-8021,0,0,0
735910,0,0,3461,-8082,1,0,1
735911,0,0,172,8459,1,0,1
735912,65535,255,3699,9863,0,0,0
735913,12,0,5834,9776,1,0,0
735914,65535,255,6194,-7990,0,0,0
735915,65535,255,4355,-8037,0,0,1
735916,13,1,1164,-8219,1,0,0
735917,20,2,2672,9889,1,0,1
735918,12,0,5255,9769,1,0,1
735919,24,2,6622,-7998,1,0,1
735920,14,0,5094,-8069,1,0,1
735921,9,0,2404,-8053,1,0,0
735922,65535,255,1462,9761,0,0,0
735923,17,0,4542,9817,1,0,0
735924,17,0,6310,9754,1,0,1
735925,65535,255,5704,-8045,0,0,0
735926,8,0,3482,-8041,1,0,1
735927,7,0,143,8404,1,0,1
735928,65535,255,3680,9805,0,0,0
735929,19,0,5819,9819,1,0,1
735930,11,0,6206,-7993,1,0,1
735931,65535,255,4378,-8072,0,0,0
735932,6,0,1202,-8076,1,0,1
735933,17,0,2638,9866,1,0,0
735934,12,0,5235,9780,1,0,1
735935,13,0,6633,-7970,1,0,1
735936,65535,255,5110,-8042,0,0,0
735937,65535,255,2438,-8039,0,0,1
735938,5,0,1434,9829,1,0,1
735939,65535,255,4525,9861,0,0,1
735940,65535,255,6300,9795,0,0,1
735941,12,0,5715,-8045,1,0,1
735942,65535,255,3503,-8076,0,0,1
735943,3,0,109,10093,1,0,1
735944,4,0,3663,9870,1,0,1
735945,65535,255,5812,9798,0,0,0
735946,65535,255,6214,-7992,0,0,0
735947,65535,255,4392,-8097,0,0,0
735948,65535,255,1220,-8266,0,0,0
735949,7,0,2633,9806,1,0,1
735950,11,0,5232,9775,1,0,1
735951,65535,255,6636,-7980,0,0,0
735952,65535,255,5116,-8077,0,0,0
735953,6,0,2444,-8181,1,0,1
735954,6,0,1428,9783,1,0,1
735955,8,0,4528,9774,1,0,1
735956,65535,255,6302,9761,0,0,0
735957,11,0,5715,-8023,1,0,1
735958,9,0,3503,-8067,1,0,1
735959,5,0,118,11206,1,0,1
735960,7,0,3671,9837,1,0,1
735961,21,0,5816,9799,1,0,1
735962,8,0,6211,-8007,1,0,1
735963,8,0,4381,-8052,1,0,1
735964,7,0,1208,-8185,1,0,1
735965,65535,255,2648,9818,0,0,0
735966,65535,255,5241,9795,0,0,0
735967,12,0,6632,-7988,1,0,1
735968,11,0,5107,-8057,1,0,1
735969,8,0,2429,-8169,1,0,1
735970,10,0,1451,9853,1,0,1
735971,65535,255,4541,9811,0,0,1
735972,65535,255,6311,9794,0,0,1
735973,65535,255,5702,-8010,0,0,1
735974,12,0,3478,-8058,1,0,1
735975,11,1,149,11375,1,0,1
735976,10,0,3695,9870,1,0,1
735977,65535,255,5833,9764,0,0,1
735978,17,2,6199,-7989,1,0,1
735979,65535,255,4361,-8033,0,0,1
735980,65535,255,1169,-8188,0,0,0
735981,65535,255,2677,9854,0,0,0
735982,11,0,5258,9826,1,0,1
735983,65535,255,6619,-7984,0,0,0
735984,11,0,5084,-8031,1,0,1
735985,8,0,2389,-8144,1,0,1
735986,65535,255,1495,9853,0,0,0
735987,11,0,4568,9830,1,0,1
735988,65535,255,6327,9777,0,0,0
735989,10,0,5683,-8037,1,0,1
735990,65535,255,3441,-8050,0,0,0
735991,65535,255,196,10161,0,0,0
735992,8,0,3731,9853,1,0,1
735993,15,2,5852,9764,1,0,1
735994,65535,255,6180,-7993,0,0,0
735995,11,0,4326,-8053,1,0,1
735996,1,0,1113,-7893,1,0,1
735997,0,0,2728,9748,1,0,1
735998,13,0,5285,9790,1,0,1
735999,65535,255,6600,-7971,0,0,0
736000,65535,255,5057,-8068,0,0,0
736001,65535,255,2340,-8024,0,0,0
736002,65535,255,1540,9683,0,0,0
736003,65535,255,4592,9780,0,0,0
736004,12,0,6338,9787,1,0,1
736005,7,0,5668,-8010,1,0,1
736006,65535,255,3427,-8085,0,0,0
736007,0,0,0,0,0,0,0
736008,16,2,3736,9821,1,0,1
736009,14,0,5852,9815,1,0,1
736010,15,0,6179,-7981,1,0,1
736011,22,0,4330,-8040,1,0,1
736012,65535,255,1130,-8308,0,0,0
736013,65535,255,2709,9864,0,0,0
736014,16,0,5275,9791,1,0,1
736015,65535,255,6610,-7967,0,0,0
736016,0,0,0,0,0,0,0
736017,65535,255,2370,-8157,0,0,0
736018,65535,255,1506,9939,0,0,1
736019,65535,255,4573,9774,0,0,0
736020,65535,255,6327,9791,0,0,0
736021,65535,255,5681,-8023,0,0,0
736022,65535,255,3445,-8137,0,0,0
736023,65535,255,187,10707,0,0,0
736024,65535,255,3720,9774,0,0,1
736025,65535,255,5843,9799,0,0,0
736026,65535,255,6185,-7977,0,0,1
736027,65535,255,4341,-8046,0,0,0
736028,0,0,1141,-7928,1,0,1
736029,65535,255,2693,9807,0,0,0
736030,9,0,5264,9831,1,0,1
736031,18,0,6614,-8004,1,0,1
736032,65535,255,5077,-8010,0,0,0
736033,65535,255,2380,-8157,0,0,0
736034,65535,255,1496,9984,0,0,0
736035,10,0,4566,9805,1,0,1
736036,65535,255,6324,9759,0,0,0
736037,18,0,5681,-8000,1,0,1
736038,65535,255,3452,-8110,0,0,0
736039,9,0,180,10558,1,0,1
736040,65535,255,3716,9782,0,0,0
736041,25,0,5839,9816,1,0,1
736042,65535,255,6187,-8000,0,0,0
736043,65535,255,4343,-8085,0,0,0
736044,65535,255,1147,-8276,0,0,0
736045,65535,255,2693,9783,0,0,0
736046,65535,255,5264,9832,0,0,0
736047,28,0,6612,-7963,1,0,1
736048,65535,255,5074,-8036,0,0,0
736049,65535,255,2374,-8050,0,0,0
736050,65535,255,1501,9874,0,0,0
736051,65535,255,4569,9787,0,0,0
736052,27,0,6327,9758,1,0,1
736053,65535,255,5678,-8009,0,0,0
736054,65535,255,3440,-8014,0,0,0
736055,5,0,198,9151,1,0,1
736056,65535,255,3724,9870,0,0,0
736057,65535,255,5846,9808,0,0,0
736058,65535,255,6181,-8003,0,0,0
736059,65535,255,4330,-8025,0,0,0
736060,6,0,1123,-8012,1,0,1
736061,0,0,2713,9901,1,0,1
736062,65535,255,5277,9816,0,0,0
736063,65535,255,6604,-7960,0,0,0
736064,9,0,5062,-8052,1,0,1
736065,12,0,2350,-8117,1,0,1
736066,0,0,0,0,0,0,0
736067,12,0,4586,9855,1,0,1
736068,65535,255,6336,9784,0,0,0
736069,12,0,5666,-8014,1,0,1
736070,13,0,3418,-8049,1,0,1
736071,8,0,232,10263,1,0,1
736072,16,0,3751,9822,1,0,1
736073,19,0,5864,9795,1,0,1
736074,65535,255,6170,-8004,0,0,0
736075,65535,255,4307,-8046,0,0,0
736076,65535,255,1084,-8193,0,0,1
736077,65535,255,2751,9819,0,0,0
736078,65535,255,5298,9801,0,0,0
736079,23,0,6591,-7961,1,0,1
736080,18,0,5042,-8068,1,0,1
736081,65535,255,2309,-7993,0,0,0
736082,9,0,1578,9916,1,0,1
736083,65535,255,4616,9836,0,0,0
736084,65535,255,6356,9768,0,0,0
736085,65535,255,5646,-8001,0,0,0
736086,0,0,0,0,0,0,0
736087,12,0,272,9711,1,0,1
736088,65535,255,3776,9790,0,0,0
736089,23,0,5875,9773,1,0,1
736090,65535,255,6161,-7977,0,0,0
736091,9,0,4300,-8093,1,0,1
736092,10,0,1079,-7885,1,0,1
736093,12,0,2747,9887,1,0,1
736094,15,0,5296,9821,1,0,1
736095,25,0,6598,-7967,1,0,1
736096,23,0,5054,-8073,1,0,1
736097,6,0,2330,-7996,1,0,1
736098,65535,255,1544,9895,0,0,0
736099,0,0,0,0,0,0,0
736100,65535,255,6340,9799,0,0,0
736101,65535,255,5667,-8009,0,0,0
736102,65535,255,3422,-8058,0,0,0
736103,65535,255,222,10724,0,0,0
736104,7,0,3743,9862,1,0,1
736105,0,0,0,0,0,0,0
736106,42,0,6179,-7988,1,0,1
736107,65535,255,4327,-8070,0,0,0
736108,0,0,0,0,0,0,0
736109,65535,255,2713,9784,0,0,0
736110,65535,255,5277,9792,0,0,0
736111,65535,255,6610,-7976,0,0,0
736112,65535,255,5073,-8067,0,0,0
736113,0,0,0,0,0,0,0
736114,65535,255,1506,9962,0,0,0
736115,7,0,4572,9849,1,0,1
736116,65535,255,6329,9766,0,0,0
736117,0,0,0,0,0,0,0
736118,0,0,0,0,0,0,0
736119,65535,255,185,9999,0,0,0
736120,65535,255,3719,9838,0,0,0
736121,65535,255,5841,9817,0,0,0
736122,15,0,6189,-7994,1,0,1
736123,65535,255,4344,-8012,0,0,0
736124,19,0,1152,-8131,1,0,0
736125,0,0,0,0,0,0,0
736126,11,0,5260,9817,1,0,1
736127,15,0,6618,-7979,1,0,1
736128,65535,255,5085,-8030,0,0,0
736129,65535,255,2394,-8142,0,0,0
736130,0,0,0,0,0,0,0
736131,4,0,4558,9837,1,0,1
736132,65535,255,6319,9763,0,0,0
736133,65535,255,5693,-8049,0,0,0
736134,65535,255,3460,-8030,0,0,0
736135,65535,255,165,11029,0,0,0
736136,65535,255,3701,9832,0,0,0
736137,65535,255,5834,9787,0,0,0
736138,8,0,6196,-8010,1,0,1
736139,65535,255,4358,-8090,0,0,0
736140,65535,255,1169,-8073,0,0,1
736141,5,0,2673,9831,1,0,1
736142,65535,255,5252,9827,0,0,0
736143,65535,255,6622,-7992,0,0,0
736144,65535,255,5091,-8056,0,0,0
736145,65535,255,2399,-8024,0,0,0
736146,65535,255,1474,9718,0,0,0
736147,65535,255,4549,9807,0,0,0
736148,65535,255,6312,9803,0,0,0
736149,65535,255,5696,-8035,0,0,0
736150,0,0,3470,-8013,1,0,1
736151,65535,255,154,11108,0,0,0
736152,12,0,3696,9775,1,0,1
736153,37,2,5827,9796,1,0,1
736154,65535,255,6198,-8025,0,0,0
736155,65535,255,4362,-8019,0,0,0
736156,0,0,0,0,0,0,0
736157,65535,255,2663,9915,0,0,0
736158,65535,255,5247,9792,0,0,0
736159,65535,255,6623,-7972,0,0,0
736160,65535,255,5091,-8035,0,0,0
736161,65535,255,2405,-7984,0,0,0
736162,5,0,1464,9884,1,0,1
736163,24,0,4545,9800,1,0,1
736164,65535,255,6310,9807,0,0,0
736165,65535,255,5696,-8044,0,0,0
736166,65535,255,3469,-8048,0,0,0
736167,6,0,159,8770,1,0,1
736168,65535,255,3692,9823,0,0,0
736169,34,0,5827,9804,1,0,1
736170,17,0,6198,-7998,1,0,0
736171,9,0,4362,-8083,1,0,0
736172,7,0,1175,-8130,1,0,0
736173,65535,255,2663,9879,0,0,0
736174,65535,255,5250,9782,0,0,0
736175,65535,255,6621,-7969,0,0,1
736176,4,0,5091,-8030,1,0,1
736177,65535,255,2399,-7997,0,0,0
736178,3,0,1474,9695,1,0,1
736179,65535,255,4549,9813,0,0,0
736180,65535,255,6314,9763,0,0,0
736181,65535,255,5693,-7999,0,0,1
736182,65535,255,3470,-8100,0,0,0
736183,65535,255,156,10233,0,0,0
736184,65535,255,3696,9887,0,0,1
736185,65535,255,5832,9800,0,0,0
736186,13,0,6194,-7979,1,0,1
736187,65535,255,4355,-8058,0,0,0
736188,8,0,1163,-8044,1,0,1
736189,5,0,2678,9855,1,0,1
736190,65535,255,5256,9777,0,0,0
736191,65535,255,6619,-7972,0,0,0
736192,65535,255,5087,-8040,0,0,1
736193,65535,255,2389,-8036,0,0,0
736194,14,0,1484,9812,1,0,1
736195,65535,255,4556,9850,0,0,0
736196,65535,255,6319,9789,0,0,0
736197,65535,255,5688,-8035,0,0,0
736198,65535,255,3456,-8048,0,0,0
736199,6,0,174,9252,1,0,1
736200,17,0,3712,9863,1,0,0
736201,65535,255,5839,9791,0,0,0
736202,65535,255,6189,-7976,0,0,0
736203,10,0,4344,-8064,1,0,1
736204,65535,255,1146,-8071,0,0,0
736205,32,2,2693,9890,1,0,0
736206,0,0,5266,9797,1,0,1
736207,65535,255,6614,-7986,0,0,1
736208,11,0,5079,-8071,1,0,1
736209,65535,255,2374,-8130,0,0,0
736210,65535,255,1506,9985,0,0,0
736211,65535,255,4572,9813,0,0,0
736212,65535,255,6330,9774,0,0,0
736213,65535,255,5680,-8022,0,0,0
736214,65535,255,3440,-8031,0,0,0
736215,65535,255,204,9177,0,0,0
736216,13,0,3731,9863,1,0,1
736217,14,0,5852,9796,1,0,1
736218,16,0,6180,-7988,1,0,1
736219,65535,255,4329,-8091,0,0,0
736220,65535,255,1118,-8249,0,0,0
736221,16,0,2722,9785,1,0,0
736222,65535,255,5282,9836,0,0,0
736223,65535,255,6605,-7966,0,0,0
736224,65535,255,5061,-8046,0,0,0
736225,65535,255,2344,-8076,0,0,0
736226,65535,255,1539,9938,0,0,0
736227,11,0,4595,9806,1,0,1
736228,30,0,6342,9774,1,0,1
736229,13,0,5665,-8027,1,0,1
736230,15,0,3414,-8048,1,0,1
736231,4,0,238,9413,1,0,1
736232,65535,255,3756,9805,0,0,0
736233,65535,255,5862,9803,0,0,0
736234,65535,255,6174,-8023,0,0,0
736235,0,0,4317,-8078,1,0,1
736236,65535,255,1107,-8103,0,0,0
736237,65535,255,2727,9830,0,0,0
736238,65535,255,5285,9820,0,0,0
736239,65535,255,6605,-7981,0,0,0
736240,65535,255,5061,-8036,0,0,0
736241,65535,255,2355,-8172,0,0,0
736242,6,0,1528,9917,1,0,1
736243,26,2,4582,9855,1,0,0
736244,62,0,6334,9776,1,0,1
736245,65535,255,5673,-7996,0,0,0
736246,7,0,3431,-8075,1,0,1
736247,15,0,210,9194,1,0,1
736248,14,0,3736,9806,1,0,0
736249,15,0,5850,9812,1,0,1
736250,23,0,6182,-7977,1,0,1
736251,65535,255,4333,-8039,0,0,0
736252,65535,255,1130,-8309,0,0,0
736253,65535,255,2703,9901,0,0,0
736254,65535,255,5272,9791,0,0,0
736255,65535,255,6609,-7967,0,0,0
736256,65535,255,5070,-8020,0,0,0
736257,12,0,2369,-8157,1,0,0
736258,12,0,1507,9940,1,0,1
736259,65535,255,4576,9775,0,0,0
736260,65535,255,6327,9788,0,0,0
736261,14,0,5680,-8023,1,0,1
736262,14,0,3444,-8136,1,0,1
736263,65535,255,192,10512,0,0,0
736264,0,0,3723,9775,1,0,1
736265,65535,255,5844,9795,0,0,0
736266,40,2,6184,-7998,1,0,1
736267,65535,255,4337,-8032,0,0,0
736268,13,0,1135,-7867,1,0,0
736269,65535,255,2698,9784,0,0,0
736270,8,0,5267,9816,1,0,0
736271,65535,255,6611,-7993,0,0,0
736272,65535,255,5074,-8072,0,0,0
736273,4,0,2370,-8090,1,0,1
736274,5,0,1501,9855,1,0,1
736275,17,0,4566,9818,1,0,0
736276,28,0,6322,9799,1,0,1
736277,12,0,5681,-8009,1,0,1
736278,65535,255,3452,-8066,0,0,0
736279,14,0,181,9953,1,0,0
736280,65535,255,3708,9879,0,0,0
736281,21,0,5838,9766,1,0,1
736282,13,0,6190,-7987,1,0,1
736283,11,0,4348,-8025,1,0,1
736284,7,0,1163,-8158,1,0,1
736285,65535,255,2678,9831,0,0,1
736286,65535,255,5253,9817,0,0,0
736287,37,0,6619,-7975,1,0,1
736288,25,0,5088,-8019,1,0,1
736289,65535,255,2399,-8102,0,0,0
736290,65535,255,1473,9786,0,0,0
736291,14,0,4549,9813,1,0,1
736292,65535,255,6313,9800,0,0,0
736293,7,0,5694,-8022,1,0,1
736294,0,0,3474,-8108,1,0,0
736295,65535,255,151,9367,0,0,0
736296,0,0,3692,9823,1,0,1
736297,6,0,5825,9809,1,0,0
736298,10,0,6198,-7975,1,0,1
736299,65535,255,4365,-8019,0,0,0
736300,7,0,1185,-8186,1,0,0
736301,5,0,2658,9868,1,0,1
736302,65535,255,5242,9838,0,0,0
736303,12,0,6626,-7995,1,0,1
736304,65535,255,5099,-8060,0,0,0
736305,11,0,2414,-8023,1,0,0
736306,65535,255,1457,9694,0,0,0
736307,19,0,4539,9795,1,0,1
736308,22,0,6307,9796,1,0,1
736309,15,0,5703,-8025,1,0,1
736310,8,0,3486,-8125,1,0,1
736311,8,0,133,10302,1,0,1
736312,10,0,3680,9865,1,0,1
736313,16,0,5823,9775,1,0,1
736314,8,0,6204,-8005,1,0,1
736315,16,0,4375,-8082,1,0,1
736316,5,0,1191,-8045,1,0,1
736317,8,0,2653,9832,1,0,1
736318,12,0,5241,9833,1,0,1
736319,0,0,0,0,0,0,0
736320,65535,255,5105,-8070,0,0,0
736321,65535,255,2424,-8076,0,0,0
736322,65535,255,1451,9809,0,0,0
736323,65535,255,4538,9838,0,0,0
736324,65535,255,6308,9771,0,0,1
736325,65535,255,5703,-8003,0,0,1
736326,65535,255,3486,-8099,0,0,0
736327,65535,255,133,10056,0,0,0
736328,3,0,3683,9864,1,0,1
736329,12,0,5824,9784,1,0,1
736330,15,2,6205,-8020,1,0,1
736331,65535,255,4371,-8018,0,0,0
736332,7,0,1192,-8268,1,0,1
736333,65535,255,2659,9760,0,0,0
736334,65535,255,5244,9808,0,0,0
736335,9,0,6628,-7988,1,0,1
736336,14,0,5101,-8065,1,0,1
736337,65535,255,2413,-8075,0,0,0
736338,65535,255,1462,9855,0,0,0
736339,65535,255,4545,9857,0,0,0
736340,7,0,6313,9790,1,0,1
736341,10,0,5700,-8030,1,0,1
736342,13,0,3478,-8021,1,0,1
736343,9,0,156,8313,1,0,1
736344,9,0,3695,9816,1,0,1
736345,35,0,5831,9767,1,0,1
736346,14,0,6200,-8009,1,0,1
736347,9,0,4361,-8012,1,0,1
736348,9,0,1175,-8271,1,0,1
736349,8,0,2673,9772,1,0,1
736350,65535,255,5255,9818,0,0,1
736351,65535,255,6623,-7998,0,0,0
736352,65535,255,5090,-8008,0,0,0
736353,64,2,2399,-8154,1,0,0
736354,65535,255,1479,9996,0,0,0
736355,11,0,4558,9814,1,0,1
736356,36,2,6321,9766,1,0,1
736357,65535,255,5690,-8007,0,0,1
736358,13,0,3461,-8126,1,0,1
736359,16,0,177,11141,1,0,1
736360,11,0,3715,9808,1,0,1
736361,16,0,5842,9777,1,0,1
736362,17,0,6190,-8013,1,0,1
736363,65535,255,4344,-8024,0,0,1
736364,9,0,1141,-7925,1,0,1
736365,14,0,2697,9832,1,0,1
736366,17,0,5269,9774,1,0,1
736367,65535,255,6613,-7971,0,0,0
736368,65535,255,5076,-8050,0,0,0
736369,11,0,2369,-8075,1,0,1
736370,65535,255,1512,9898,0,0,0
736371,11,0,4579,9789,1,0,1
736372,65535,255,6332,9761,0,0,0
736373,14,0,5675,-8003,1,0,1
736374,12,0,3434,-8117,1,0,0
736375,65535,255,218,8764,0,0,0
736376,65535,255,3736,9839,0,0,0
736377,65535,255,5856,9784,0,0,0
736378,12,0,6176,-7979,1,0,1
736379,12,0,4322,-8077,1,0,1
736380,8,0,1107,-8191,1,0,0
736381,26,2,2733,9762,1,0,0
736382,65535,255,5285,9832,0,0,0
736383,65535,255,6600,-7965,0,0,0
736384,65535,255,5053,-8045,0,0,0
736385,65535,255,2330,-8047,0,0,0
736386,45,2,1551,9791,1,0,1
736387,22,2,4599,9825,1,0,1
736388,65535,255,6343,9768,0,0,0
736389,23,2,5659,-7995,1,0,1
736390,65535,255,3405,-8083,0,0,0
736391,65535,255,243,9559,0,0,0
736392,65535,255,3760,9847,0,0,0
736393,18,0,5867,9771,1,0,0
736394,22,0,6166,-8010,1,0,1
736395,65535,255,4304,-8097,0,0,0
736396,65535,255,1078,-8161,0,0,0
736397,65535,255,2747,9889,0,0,0
736398,65535,255,5297,9788,0,0,0
736399,65535,255,6592,-7972,0,0,0
736400,65535,255,5040,-8034,0,0,0
736401,65535,255,2309,-7991,0,0,0
736402,13,0,1573,9730,1,0,1
736403,65535,255,4610,9819,0,0,0
736404,65535,255,6349,9764,0,0,0
736405,27,0,5649,-7999,1,0,1
736406,16,0,3389,-8100,1,0,1
736407,0,0,0,0,0,0,0
736408,65535,255,3772,9879,0,0,0
736409,27,0,5874,9796,1,0,1
736410,65535,255,6154,-7979,0,0,0
736411,65535,255,4286,-8058,0,0,0
736412,0,0,1050,-8005,1,0,1
736413,65535,255,2771,9844,0,0,0
736414,65535,255,5307,9827,0,0,0
736415,28,2,6584,-7958,1,0,1
736416,65535,255,5031,-8035,0,0,0
736417,65535,255,2298,-8061,0,0,0
736418,65535,255,1578,9896,0,0,0
736419,65535,255,4614,9801,0,0,0
736420,0,0,0,0,0,0,0
736421,65535,255,5649,-8022,0,0,0
736422,65535,255,3393,-8038,0,0,0
736423,65535,255,254,9708,0,0,0
736424,27,0,3764,9776,1,0,1
736425,24,0,5865,9822,1,0,1
736426,65535,255,6164,-8013,0,0,0
736427,65535,255,4304,-8037,0,0,0
736428,5,0,1084,-8069,1,0,1
736429,65535,255,2738,9914,0,0,0
736430,65535,255,5289,9823,0,0,0
736431,13,0,6596,-7958,1,0,1
736432,65535,255,5051,-8045,0,0,0
736433,65535,255,2335,-8102,0,0,0
736434,10,0,1540,10004,1,0,1
736435,65535,255,4590,9832,0,0,0
736436,65535,255,6335,9794,0,0,0
736437,37,1,5666,-7989,1,0,1
736438,65535,255,3423,-8126,0,0,0
736439,34,0,222,9087,1,0,1
736440,13,0,3740,9801,1,0,1
736441,23,0,5855,9776,1,0,1
736442,39,0,6177,-7978,1,0,1
736443,10,0,4326,-8089,1,0,1
736444,39,0,1121,-8047,1,0,1
736445,10,0,2713,9845,1,0,1
736446,25,0,5275,9799,1,0,1
736447,65535,255,6608,-8001,0,0,0
736448,29,0,5068,-8039,1,0,1
736449,65535,255,2361,-8098,0,0,0
736450,65535,255,1516,9754,0,0,0
736451,23,0,4572,9845,1,0,1
736452,65535,255,6327,9805,0,0,0
736453,65535,255,5678,-8007,0,0,0
736454,0,0,0,0,0,0,0
736455,29,0,191,10177,1,0,1
736456,65535,255,3724,9809,0,0,0
736457,65535,255,5846,9789,0,0,0
736458,20,0,6187,-7993,1,0,0
736459,36,0,4340,-8023,1,0,1
736460,65535,255,1140,-8041,0,0,0
736461,65535,255,2698,9762,0,0,0
736462,24,0,5265,9797,1,0,1
736463,0,0,0,0,0,0,0
736464,65535,255,5079,-8018,0,0,0
736465,65535,255,2379,-8061,0,0,0
736466,11,0,1496,10008,1,0,1
736467,15,0,4565,9852,1,0,0
736468,0,0,0,0,0,0,0
736469,2,0,5687,-8020,1,0,1
736470,65535,255,3456,-8081,0,0,0
736471,65535,255,180,10250,0,0,0
736472,34,0,3712,9865,1,0,1
736473,65535,255,5841,9819,0,0,0
736474,65535,255,6191,-8004,0,0,0
736475,65535,255,4351,-8088,0,0,0
736476,65535,255,1152,-7954,0,0,0
736477,65535,255,2683,9917,0,0,0
736478,20,0,5261,9840,1,0,1
736479,65535,255,6619,-7984,0,0,0
736480,18,0,5084,-8023,1,0,1
736481,65535,255,2389,-8101,0,0,0
736482,65535,255,1490,9724,0,0,0
736483,13,0,4562,9784,1,0,1
736484,65535,255,6323,9776,0,0,0
736485,65535,255,5690,-8019,0,0,0
736486,9,0,3456,-8011,1,0,1
736487,65535,255,173,9822,0,0,0
736488,7,0,3711,9817,1,0,1
736489,65535,255,5838,9798,0,0,0
736490,0,0,0,0,0,0,0
736491,0,0,0,0,0,0,0
736492,65535,255,1158,-7868,0,0,0
736493,0,0,0,0,0,0,0
736494,65535,255,5258,9840,0,0,0
736495,0,0,0,0,0,0,0
736496,17,0,5084,-8028,1,0,0
736497,9,0,2389,-8127,1,0,0
736498,65535,255,1490,9790,0,0,0
736499,65535,255,4562,9808,0,0,0
736500,65535,255,6321,9794,0,0,0
736501,65535,255,5688,-8006,0,0,0
736502,65535,255,3456,-8063,0,0,0
736503,12,0,180,8339,1,0,1
736504,65535,255,3708,9889,0,0,0
736505,65535,255,5839,9772,0,0,0
736506,65535,255,6191,-7993,0,0,0
736507,13,0,4348,-8042,1,0,1
736508,8,0,1157,-8214,1,0,1
736509,65535,255,2683,9869,0,0,0
736510,22,0,5259,9829,1,0,1
736511,19,0,6616,-7983,1,0,1
736512,51,0,5082,-8033,1,0,1
736513,8,0,2384,-8140,1,0,1
736514,65535,255,1490,9833,0,0,0
736515,65535,255,4562,9821,0,0,0
736516,65535,255,6322,9805,0,0,0
736517,22,0,5685,-8024,1,0,1
736518,11,0,3452,-8107,1,0,1
736519,65535,255,180,9273,0,0,0
736520,8,0,3716,9809,1,0,1
736521,65535,255,5839,9802,0,0,0
736522,65535,255,6187,-8020,0,0,0
736523,65535,255,4344,-8095,0,0,0
736524,24,0,1146,-8040,1,0,1
736525,16,0,2693,9798,1,0,0
736526,65535,255,5265,9804,0,0,0
736527,0,0,6612,-7967,1,0,1
736528,19,0,5074,-8012,1,0,1
736529,65535,255,2375,-8088,0,0,0
736530,114,2,1501,9791,1,0,0
736531,65535,255,4569,9809,0,0,0
736532,89,2,6324,9802,1,0,1
736533,65535,255,5678,-8024,0,0,0
736534,65535,255,3444,-8116,0,0,0
736535,65535,255,197,9658,0,0,0
736536,65535,255,3724,9833,0,0,0
736537,65535,255,5844,9815,0,0,0
736538,18,0,6181,-7978,1,0,1
736539,65535,255,4333,-8029,0,0,0
736540,65535,255,1129,-8217,0,0,0
736541,65535,255,2703,9881,0,0,0
736542,65535,255,5270,9843,0,0,0
736543,22,0,6607,-7997,1,0,1
736544,65535,255,5066,-8059,0,0,0
736545,10,0,2355,-8021,1,0,1
736546,65535,255,1522,9788,0,0,0
736547,20,0,4580,9784,1,0,1
736548,25,0,6331,9791,1,0,1
736549,65535,255,5671,-8011,0,0,0
736550,6,0,3427,-8099,1,0,0
736551,4,0,214,9518,1,0,1
736552,65535,255,3736,9825,0,0,0
736553,65535,255,5851,9819,0,0,0
736554,13,0,6175,-7982,1,0,1
736555,65535,255,4318,-8036,0,0,0
736556,65535,255,1107,-7948,0,0,0
736557,65535,255,2723,9786,0,0,0
736558,20,0,5283,9804,1,0,1
736559,10,0,6601,-7977,1,0,1
736560,65535,255,5054,-8033,0,0,0
736561,65535,255,2340,-8169,0,0,0
736562,65535,255,1539,9941,0,0,0
736563,65535,255,4593,9828,0,0,0
736564,42,2,6339,9783,1,0,1
736565,65535,255,5661,-8007,0,0,0
736566,65535,255,3410,-8099,0,0,0
736567,65535,255,238,9697,0,0,0
736568,65535,255,3756,9841,0,0,0
736569,65535,255,5864,9796,0,0,0
736570,65535,255,6166,-7997,0,0,0
736571,14,0,4304,-8070,1,0,0
736572,4,0,1078,-7976,1,0,1
736573,65535,255,2752,9800,0,0,0
736574,65535,255,5296,9819,0,0,0
736575,65535,255,6593,-7988,0,0,0
736576,6,0,5042,-8055,1,0,1
736577,65535,255,2309,-8018,0,0,0
736578,65535,255,1573,9731,0,0,0
736579,65535,255,4613,9814,0,0,0
736580,65535,255,6350,9795,0,0,0
736581,65535,255,5651,-8048,0,0,0
736582,65535,255,3384,-8046,0,0,0
736583,3,0,279,9246,1,0,1
736584,65535,255,3780,9817,0,0,0
736585,65535,255,5878,9819,0,0,0
736586,65535,255,6155,-7994,0,0,0
736587,65535,255,4282,-8023,0,0,0
736588,65535,255,1056,-8288,0,0,0
736589,65535,255,2768,9839,0,0,1
736590,65535,255,5306,9798,0,0,0
736591,74,2,6590,-7974,1,0,1
736592,32,2,5039,-8033,1,0,0
736593,65535,255,2314,-7990,0,0,0
736594,65535,255,1568,9689,0,0,1
736595,65535,255,4606,9803,0,0,0
736596,65535,255,6346,9808,0,0,1
736597,65535,255,5662,-8047,0,0,0
736598,16,0,3409,-8054,1,0,1
736599,65535,255,238,9281,0,0,0
736600,65535,255,3751,9833,0,0,0
736601,16,0,5861,9768,1,0,1
736602,65535,255,6176,-8004,0,0,0
736603,17,0,4323,-8069,1,0,1
736604,65535,255,1112,-7892,0,0,0
736605,15,0,2718,9855,1,0,1
736606,65535,255,5280,9798,0,0,0
736607,65535,255,6608,-7995,0,0,0
736608,65535,255,5070,-8019,0,0,0
736609,14,0,2364,-8035,1,0,1
736610,65535,255,1512,9898,0,0,0
736611,65535,255,4575,9807,0,0,0
736612,65535,255,6329,9778,0,0,0
736613,65535,255,5684,-8039,0,0,0
736614,17,0,3452,-8091,1,0,1
736615,65535,255,183,11091,0,0,0
736616,65535,255,3716,9847,0,0,1
736617,44,2,5841,9801,1,0,1
736618,65535,255,6192,-8002,0,0,0
736619,65535,255,4351,-8031,0,0,0
736620,0,0,1157,-8071,1,0,0
736621,0,0,2681,9792,1,0,1
736622,65535,255,5255,9838,0,0,0
736623,12,0,6621,-7974,1,0,1
736624,12,0,5090,-8021,1,0,0
736625,65535,255,2399,-7996,0,0,0
736626,65535,255,1468,9855,0,0,1
736627,12,0,4548,9801,1,0,1
736628,65535,255,6314,9782,0,0,0
736629,10,0,5700,-8047,1,0,0
736630,65535,255,3478,-8117,0,0,0
736631,65535,255,148,8682,0,0,0
736632,12,0,3684,9881,1,0,1
736633,17,0,5823,9788,1,0,1
736634,65535,255,6203,-7986,0,0,0
736635,65535,255,4375,-8088,0,0,0
736636,7,0,1192,-7904,1,0,1
736637,65535,255,2648,9881,0,0,0
736638,65535,255,5238,9824,0,0,0
736639,28,0,6630,-7970,1,0,1
736640,65535,255,5106,-8045,0,0,0
736641,12,0,2429,-8009,1,0,1
736642,7,0,1440,9902,1,0,1
736643,18,0,4528,9826,1,0,1
736644,40,2,6301,9798,1,0,1
736645,65535,255,5710,-8007,0,0,1
736646,65535,255,3499,-8046,0,0,0
736647,65535,255,112,10971,0,0,0
736648,65535,255,3664,9841,0,0,0
736649,65535,255,5810,9806,0,0,1
736650,65535,255,6213,-8015,0,0,1
736651,12,0,4388,-8068,1,0,1
736652,2,0,1217,-8127,1,0,1
736653,33,2,2624,9881,1,0,1
736654,65535,255,5224,9824,0,0,0
736655,27,2,6635,-7973,1,0,1
736656,65535,255,5116,-8007,0,0,0
736657,65535,255,2448,-8061,0,0,0
736658,65535,255,1419,9897,0,0,0
736659,65535,255,4515,9858,0,0,0
736660,65535,255,6295,9768,0,0,0
736661,65535,255,5717,-8041,0,0,0
736662,65535,255,3512,-8124,0,0,0
736663,65535,255,99,9117,0,0,0
736664,9,0,3653,9801,1,0,1
736665,34,0,5804,9794,1,0,1
736666,21,0,6218,-8007,1,0,1
736667,65535,255,4395,-8061,0,0,0
736668,65535,255,1233,-8060,0,0,0
736669,7,0,2614,9894,1,0,1
736670,12,0,5219,9835,1,0,1
736671,42,0,6640,-7985,1,0,1
736672,12,0,5122,-8027,1,0,1
736673,65535,255,2458,-8125,0,0,0
736674,82,2,1406,9808,1,0,1
736675,65535,255,4508,9809,0,0,0
736676,65535,255,6291,9795,0,0,0
736677,65535,255,5720,-8014,0,0,0
736678,65535,255,3516,-8080,0,0,0
736679,65535,255,102,7430,0,0,0
736680,65535,255,3648,9769,0,0,0
736681,12,0,5803,9781,1,0,1
736682,65535,255,6219,-7999,0,0,0
736683,10,0,4398,-8055,1,0,1
736684,44,2,1240,-8088,1,0,1
736685,17,0,2609,9846,1,0,1
736686,65535,255,5216,9825,0,0,0
736687,65535,255,6641,-7979,0,0,0
736688,20,0,5124,-8027,1,0,1
736689,65535,255,2463,-8125,0,0,0
736690,13,0,1406,9833,1,0,1
736691,65535,255,4511,9822,0,0,0
736692,65535,255,6290,9807,0,0,0
736693,65535,255,5722,-8031,0,0,0
736694,30,0,3520,-8123,1,0,1
736695,0,0,0,0,0,0,0
736696,99,0,3648,9834,1,0,1
736697,45,0,5803,9816,1,0,1
736698,26,0,6219,-7976,1,0,1
736699,31,0,4398,-8023,1,0,1
736700,100,0,1236,-8180,1,0,1
736701,12,0,2619,9858,1,0,1
736702,65535,255,5221,9830,0,0,1
736703,65535,255,6641,-7988,0,0,0
736704,65535,255,5121,-8047,0,0,0
736705,19,0,2453,-8005,1,0,1
736706,12,0,1411,9951,1,0,1
736707,65535,255,4515,9859,0,0,0
736708,253,2,6296,9777,1,0,1
736709,15,0,5719,-7993,1,0,1
736710,65535,255,3511,-8054,0,0,0
736711,13,0,112,7671,1,0,1
736712,17,0,3660,9777,1,0,1
736713,64,2,5809,9794,1,0,1
736714,174,2,6218,-8018,1,0,1
736715,65535,255,4394,-8099,0,0,0
736716,10,0,1219,-8072,1,0,1
736717,65535,255,2628,9822,0,0,0
736718,65535,255,5229,9820,0,0,0
736719,65535,255,6638,-7985,0,0,0
736720,65535,255,5115,-8042,0,0,0
736721,65535,255,2438,-7983,0,0,0
736722,11,0,1428,9974,1,0,1
736723,16,0,4527,9784,1,0,1
736724,22,0,6303,9784,1,0,1
736725,65535,255,5714,-8010,0,0,1
736726,65535,255,3498,-8088,0,0,0
736727,65535,255,122,9250,0,0,0
736728,65535,255,3676,9826,0,0,0
736729,19,0,5819,9820,1,0,1
736730,82,0,6210,-7988,1,0,1
736731,25,0,4381,-8048,1,0,1
736732,19,0,1197,-7904,1,0,1
736733,34,0,2648,9762,1,0,1
736734,65535,255,5240,9800,0,0,0
736735,65535,255,6631,-7972,0,0,0
736736,6,2,5104,-8027,1,0,1
736737,65535,255,2423,-8165,0,0,1
736738,65535,255,1451,9949,0,0,0
736739,65535,255,4538,9845,0,0,0
736740,65535,255,6311,9784,0,0,0
736741,21,0,5702,-8010,1,0,1
736742,65535,255,3481,-8097,0,0,0
736743,28,0,145,9805,1,0,1
736744,65535,255,3692,9850,0,0,0
736745,65535,255,5831,9769,0,0,0
736746,32,0,6200,-8000,1,0,1
736747,21,0,4364,-8074,1,0,1
736748,85,0,1174,-8042,1,0,1
736749,65535,255,2673,9822,0,0,0
736750,25,0,5252,9825,1,0,1
736751,65535,255,6621,-7993,0,0,0
736752,65535,255,5090,-8063,0,0,0
736753,0,0,0,0,0,0,0
736754,65535,255,1485,9768,0,0,0
736755,65535,255,4559,9822,0,0,0
736756,65535,255,6321,9762,0,0,0
736757,65535,255,5687,-7988,0,0,0
736758,65535,255,3452,-8063,0,0,0
736759,0,0,0,0,0,0,0
736760,65535,255,3716,9825,0,0,0
736761,65535,255,5841,9824,0,0,0
736762,65535,255,6187,-7996,0,0,0
736763,65535,255,4340,-8075,0,0,0
736764,65535,255,1134,-8039,0,0,0
736765,15,2,2703,9834,1,0,1
736766,33,0,5270,9839,1,0,1
736767,65535,255,6607,-7977,0,0,0
736768,65535,255,5068,-8001,0,0,0
736769,65535,255,2359,-8114,0,0,0
736770,17,0,1518,9878,1,0,1
736771,26,0,4579,9859,1,0,0
736772,49,0,6332,9784,1,0,0
736773,34,0,5668,-8019,1,0,1
736774,0,0,0,0,0,0,0
736775,65535,255,222,10581,0,0,0
736776,65535,255,3744,9777,0,0,0
736777,65535,255,5858,9802,0,0,0
736778,65535,255,6170,-7978,0,0,0
736779,65535,255,4311,-8049,0,0,0
736780,65535,255,1090,-7946,0,0,0
736781,65535,255,2738,9811,0,0,0
736782,0,0,0,0,0,0,0
736783,65535,255,6594,-7987,0,0,0
736784,65535,255,5046,-8007,0,0,0
736785,65535,255,2325,-7989,0,0,0
736786,65535,255,1551,9814,0,0,0
736787,65535,255,4597,9778,0,0,0
736788,38,0,6340,9791,1,0,1
736789,0,0,0,0,0,0,0
736790,18,0,3406,-8019,1,0,1
736791,31,0,238,9558,1,0,1
736792,65535,255,3748,9889,0,0,0
736793,65535,255,5858,9819,0,0,0
736794,65535,255,6170,-8012,0,0,0
736795,65535,255,4311,-8042,0,0,0
736796,118,0,1101,-8098,1,0,1
736797,65535,255,2730,9855,0,0,0
736798,65535,255,5283,9829,0,0,0
736799,65535,255,6599,-7966,0,0,0
736800,65535,255,5054,-8059,0,0,0
736801,65535,255,2340,-8140,0,0,0
736802,65535,255,1540,9729,0,0,0
736803,21,0,4586,9853,1,0,1
736804,65535,255,6335,9806,0,0,0
736805,65535,255,5664,-8006,0,0,0
736806,0,0,0,0,0,0,0
736807,65535,255,226,9690,0,0,0
736808,65535,255,3744,9778,0,0,0
736809,60,0,5855,9769,1,0,1
736810,65535,255,6172,-7980,0,0,0
736811,65535,255,4319,-8075,0,0,0
736812,65535,255,1112,-8277,0,0,0
736813,17,0,2723,9834,1,0,1
736814,65535,255,5281,9795,0,0,0
736815,66,0,6602,-8000,1,0,1
736816,65535,255,5059,-8032,0,0,0
736817,65535,255,2345,-8086,0,0,0
736818,65535,255,1530,9906,0,0,0
736819,0,0,0,0,0,0,0
736820,65535,255,6335,9806,0,0,0
736821,65535,255,5668,-8010,0,0,0
736822,112,0,3423,-8045,1,0,1
736823,65535,255,220,10136,0,0,0
736824,24,0,3744,9818,1,0,1
736825,65535,255,5855,9790,0,0,0
736826,16,0,6174,-7992,1,0,1
736827,65535,255,4318,-8022,0,0,0
736828,65535,255,1106,-8068,0,0,0
736829,65535,255,2728,9764,0,0,0
736830,65535,255,5281,9802,0,0,0
736831,51,0,6603,-7983,1,0,1
736832,65535,255,5059,-8016,0,0,0
736833,65535,255,2344,-8046,0,0,0
736834,65535,255,1534,9984,0,0,0
736835,10,0,4589,9846,1,0,1
736836,65535,255,6337,9809,0,0,0
736837,19,0,5668,-8015,1,0,1
736838,65535,255,3418,-8063,0,0,1
736839,14,0,228,10703,1,0,1
736840,23,2,3748,9850,1,0,1
736841,65535,255,5859,9812,0,0,0
736842,65535,255,6174,-8019,0,0,0
736843,190,0,4318,-8075,1,0,1
736844,65535,255,1105,-8200,0,0,0
736845,10,0,2733,9870,1,0,1
736846,65535,255,5288,9820,0,0,0
736847,26,2,6601,-7969,1,0,0
736848,32,0,5053,-8001,1,0,1
736849,13,2,2335,-8019,1,0,1
736850,65535,255,1545,9963,0,0,0
736851,65535,255,4596,9840,0,0,0
736852,65535,255,6340,9810,0,0,0
736853,15,0,5662,-8019,1,0,0
736854,44,0,3414,-8080,1,0,1
736855,65535,255,248,8761,0,0,0
736856,64,0,3755,9874,1,0,1
736857,0,0,0,0,0,0,0
736858,65535,255,6169,-7977,0,0,0
736859,65535,255,4307,-8008,0,0,0
736860,65535,255,1089,-8036,0,0,0
736861,65535,255,2747,9778,0,0,0
736862,65535,255,5296,9781,0,0,0
736863,65535,255,6597,-7997,0,0,0
736864,65535,255,5047,-8048,0,0,0
736865,65535,255,2325,-8156,0,0,1
736866,65535,255,1561,9835,0,0,0
736867,65535,255,4606,9815,0,0,0
736868,65535,255,6348,9795,0,0,0
736869,65535,255,5655,-8006,0,0,0
736870,16,0,3397,-8054,1,0,1
736871,65535,255,258,10740,0,0,0
736872,65535,255,3768,9865,0,0,0
736873,65535,255,5871,9805,0,0,0
736874,65535,255,6161,-7977,0,0,0
736875,19,2,4292,-8008,1,0,1
736876,65535,255,1067,-8067,0,0,0
736877,13,0,2762,9789,1,0,1
736878,65535,255,5304,9795,0,0,0
736879,65535,255,6587,-7956,0,0,0
736880,65535,255,5036,-8065,0,0,0
736881,65535,255,2299,-8002,0,0,0
736882,65535,255,1578,9940,0,0,0
736883,65535,255,4617,9846,0,0,0
736884,65535,255,6354,9762,0,0,0
736885,378,2,5646,-8037,1,0,1
736886,65535,255,3380,-8125,0,0,0
736887,19,0,284,9612,1,0,1
736888,61,0,3784,9810,1,0,1
736889,8,0,5881,9799,1,0,1
736890,11,0,6151,-8012,1,0,1
736891,12,0,4278,-8076,1,0,1
736892,65535,255,1039,-7905,0,0,0
736893,65535,255,2780,9924,0,0,0
736894,65535,255,5316,9775,0,0,0
736895,65535,255,6581,-7997,0,0,0
736896,16,2,5021,-8028,1,0,0
736897,65535,255,2283,-7988,0,0,0
736898,33,0,1600,9714,1,0,1
736899,65535,255,4624,9809,0,0,0
736900,48,0,6356,9776,1,0,0
736901,65535,255,5639,-7988,0,0,0
736902,65535,255,3376,-8072,0,0,0
736903,65535,255,278,9722,0,0,0
736904,65535,255,3776,9857,0,0,0
736905,65535,255,5874,9782,0,0,0
736906,25,2,6158,-8015,1,0,0
736907,21,0,4289,-8015,1,0,1
736908,65535,255,1067,-8285,0,0,0
736909,65535,255,2757,9767,0,0,0
736910,65535,255,5297,9815,0,0,0
736911,65535,255,6590,-7987,0,0,0
736912,65535,255,5042,-8064,0,0,0
736913,65535,255,2319,-8086,0,0,0
736914,65,2,1562,9878,1,0,1
736915,0,0,4600,9849,1,0,1
736916,65535,255,6344,9792,0,0,0
736917,65535,255,5656,-8028,0,0,0
736918,65535,255,3402,-8027,0,0,0
736919,65535,255,246,9030,0,0,0
736920,65535,255,3753,9818,0,0,0
736921,65535,255,5859,9791,0,0,0
736922,65535,255,6169,-8007,0,0,0
736923,65535,255,4312,-8028,0,0,0
736924,65535,255,1101,-8248,0,0,0
736925,65535,255,2728,9778,0,0,0
736926,65535,255,5283,9810,0,0,0
736927,65535,255,6601,-7989,0,0,0
736928,65535,255,5060,-8074,0,0,0
736929,65535,255,2344,-8113,0,0,0
736930,10,0,1529,9922,1,0,1
736931,20,0,4583,9785,1,0,1
736932,65535,255,6332,9806,0,0,0
736933,65535,255,5669,-8015,0,0,0
736934,65535,255,3427,-8071,0,0,0
736935,6,0,210,10621,1,0,1
736936,19,0,3732,9795,1,0,1
736937,65535,255,5849,9820,0,0,0
736938,65535,255,6179,-7999,0,0,0
736939,65535,255,4333,-8094,0,0,0
736940,65535,255,1129,-8215,0,0,1
736941,17,0,2708,9753,1,0,1
736942,22,0,5270,9816,1,0,1
736943,65535,255,6609,-7995,0,0,0
736944,65535,255,5070,-8005,0,0,0
736945,65535,255,2369,-8153,0,0,0
736946,65535,255,1505,9812,0,0,0
736947,65535,255,4570,9822,0,0,0
736948,37,0,6326,9774,1,0,1
736949,65535,255,5680,-8014,0,0,0
736950,65535,255,3444,-8009,0,0,0
736951,0,0,0,0,0,0,0
736952,22,0,3716,9835,1,0,0
736953,65535,255,5842,9782,0,0,0
736954,65535,255,6187,-7985,0,0,0
736955,65535,255,4343,-8054,0,0,0
736956,65535,255,1146,-8068,0,0,0
736957,13,0,2688,9883,1,0,1
736958,65535,255,5264,9801,0,0,0
736959,65535,255,6616,-7988,0,0,0
736960,65535,255,5081,-7995,0,0,0
736961,65535,255,2389,-8152,0,0,0
736962,8,0,1491,9683,1,0,1
736963,20,0,4559,9829,1,0,0
736964,40,0,6322,9785,1,0,1
736965,65535,255,5690,-8031,0,0,0
736966,25,0,3460,-8052,1,0,1
736967,65535,255,168,10009,0,0,0
736968,65535,255,3704,9816,0,0,0
736969,55,0,5836,9788,1,0,1
736970,65535,255,6196,-7994,0,0,0
736971,31,0,4357,-8025,1,0,0
736972,65535,255,1168,-8072,0,0,0
736973,0,0,2673,9761,1,0,1
736974,65535,255,5251,9778,0,0,0
736975,65535,255,6624,-7984,0,0,0
736976,65535,255,5095,-8018,0,0,0
736977,65535,255,2413,-8062,0,0,0
736978,0,0,1457,9993,1,0,1
736979,65535,255,4542,9851,0,0,0
736980,65535,255,6310,9789,0,0,0
736981,65535,255,5704,-8020,0,0,0
736982,65535,255,3486,-8073,0,0,1
736983,65535,255,138,11503,0,0,0
736984,22,2,3683,9865,1,0,0
736985,51,0,5821,9818,1,0,0
736986,65535,255,6207,-8012,0,0,0
736987,16,0,4378,-8088,1,0,1
736988,65535,255,1197,-7933,0,0,0
736989,16,0,2643,9905,1,0,1
736990,50,0,5235,9839,1,0,1
736991,364,0,6633,-7984,1,0,0
736992,22,0,5109,-8018,1,0,1
736993,11,2,2433,-8075,1,0,1
736994,26,2,1440,9693,1,0,0
736995,19,0,4532,9777,1,0,1
736996,65535,255,6302,9772,0,0,0
736997,65535,255,5714,-8045,0,0,0
736998,31,0,3500,-8072,1,0,0
736999,10,0,116,9510,1,0,1
737000,65535,255,3668,9809,0,0,0
737001,0,0,0,0,0,0,0
737002,65535,255,6214,-8012,0,0,0
737003,0,0,4387,-8068,1,0,1
737004,0,0,1214,-7879,1,0,1
737005,65535,255,2629,9894,0,0,0
737006,65535,255,5227,9840,0,0,0
737007,38,0,6637,-7986,1,0,1
737008,65535,255,5116,-8033,0,0,0
737009,65535,255,2448,-8126,0,0,0
737010,7,0,1423,9809,1,0,1
737011,18,0,4519,9808,1,0,1
737012,29,0,6297,9798,1,0,1
737013,65535,255,5717,-8015,0,0,0
737014,12,0,3507,-8081,1,0,1
737015,65535,255,110,7953,0,0,0
737016,65535,255,3660,9776,0,0,0
737017,29,2,5808,9781,1,0,1
737018,24,0,6215,-8000,1,0,1
737019,65535,255,4391,-8061,0,0,0
737020,65535,255,1227,-8028,0,0,0
737021,65535,255,2619,9906,0,0,0
737022,65535,255,5222,9809,0,0,0
737023,65535,255,6639,-7995,0,0,0
737024,65535,255,5119,-8048,0,0,0
737025,65535,255,2448,-7984,0,0,0
737026,65535,255,1417,9950,0,0,0
737027,13,0,4515,9852,1,0,1
737028,28,0,6295,9768,1,0,1
737029,27,0,5716,-8002,1,0,1
737030,65535,255,3507,-8028,0,0,0
737031,0,0,102,11420,1,0,1
737032,65535,255,3656,9874,0,0,0
737033,65535,255,5809,9773,0,0,0
737034,65535,255,6215,-7996,0,0,0
737035,0,0,4391,-8055,1,0,1
737036,0,0,1220,-7881,1,0,1
737037,65535,255,2619,9919,0,0,0
737038,24,0,5224,9779,1,0,0
737039,65535,255,6636,-7957,0,0,0
737040,38,0,5117,-8036,1,0,1
737041,44,0,2448,-8061,1,0,1
737042,65535,255,1423,9738,0,0,0
737043,36,0,4519,9802,1,0,1
737044,40,0,6295,9799,1,0,1
737045,65535,255,5715,-8023,0,0,0
737046,65535,255,3507,-8114,0,0,0
737047,65535,255,110,9779,0,0,0
737048,24,2,3661,9842,1,0,1
737049,65535,255,5811,9824,0,0,0
737050,65535,255,6211,-7988,0,0,0
737051,65535,255,4385,-8048,0,0,0
737052,65535,255,1209,-7878,0,0,0
737053,41,0,2630,9887,1,0,1
737054,42,0,5230,9789,1,0,1
737055,80,0,6633,-7966,1,0,1
737056,27,0,5110,-8012,1,0,1
737057,12,0,2433,-8113,1,0,1
737058,39,0,1434,9856,1,0,1
737059,35,0,4529,9840,1,0,1
737060,76,2,6303,9769,1,0,1
737061,18,0,5707,-7989,1,0,1
737062,0,0,3490,-8054,1,0,1
737063,4,0,132,8280,1,0,1
737064,65535,255,3676,9793,0,0,0
737065,36,0,5820,9807,1,0,1
737066,31,0,6205,-7973,1,0,1
737067,42,0,4374,-8029,1,0,1
737068,40,0,1197,-8265,1,0,0
737069,98,2,2649,9918,1,0,0
737070,25,0,5241,9784,1,0,1
737071,72,2,6627,-7966,1,0,1
737072,21,0,5099,-8017,1,0,1
737073,74,0,2418,-8139,1,0,1
737074,15,0,1457,9902,1,0,1
737075,22,0,4542,9859,1,0,1
737076,31,2,6312,9780,1,0,0
737077,65535,255,5697,-8010,0,0,0
737078,19,0,3477,-8097,1,0,1
737079,32,0,151,9805,1,0,1
737080,15,0,3696,9849,1,0,1
737081,24,0,5832,9769,1,0,1
737082,19,0,6197,-8004,1,0,1
737083,18,0,4360,-8080,1,0,1
737084,17,0,1168,-8069,1,0,1
737085,65535,255,2673,9846,0,0,0
737086,65535,255,5255,9835,0,0,0
737087,65535,255,6620,-7996,0,0,0
737088,65535,255,5084,-8008,0,0,0
737089,9,2,2389,-8086,1,0,1
737090,20,0,1485,9923,1,0,0
737091,27,0,4562,9782,1,0,1
737092,29,0,6323,9791,1,0,1
737093,26,0,5687,-8023,1,0,1
737094,65535,255,3449,-8058,0,0,0
737095,14,0,187,10715,1,0,1
737096,17,0,3723,9799,1,0,1
737097,54,0,5846,9798,1,0,1
737098,32,0,6186,-7987,1,0,1
737099,31,0,4336,-8035,1,0,1
737100,65535,255,1130,-7948,0,0,0
737101,67,2,2708,9774,1,0,0
737102,65535,255,5275,9809,0,0,0
737103,10,0,6610,-7984,1,0,1
737104,23,0,5070,-8053,1,0,1
737105,65535,255,2354,-7993,0,0,0
737106,65535,255,1529,9706,0,0,0
737107,65535,255,4586,9809,0,0,0
737108,65535,255,6335,9789,0,0,0
737109,65535,255,5668,-7988,0,0,0
737110,105,0,3422,-8072,1,0,1
737111,65535,255,227,9393,0,0,0
737112,65535,255,3748,9841,0,0,0
737113,65535,255,5862,9773,0,0,0
737114,30,0,6171,-8012,1,0,1
737115,65535,255,4311,-8017,0,0,0
737116,65535,255,1095,-8219,0,0,0
737117,65535,255,2742,9913,0,0,0
737118,65535,255,5294,9799,0,0,0
737119,65535,255,6596,-7980,0,0,0
737120,65535,255,5045,-8028,0,0,0
737121,65535,255,2324,-8031,0,0,0
737122,140,0,1556,9857,1,0,1
737123,74,0,4603,9784,1,0,1
737124,65535,255,6342,9796,0,0,0
737125,65535,255,5660,-8002,0,0,0
737126,15,2,3410,-8134,1,0,1
737127,65535,255,247,8893,0,0,0
737128,100,0,3752,9849,1,0,1
737129,65535,255,5862,9794,0,0,0
737130,42,0,6171,-7985,1,0,1
737131,19,0,4315,-8089,1,0,1
737132,65535,255,1101,-8278,0,0,0
737133,13,0,2733,9799,1,0,1
737134,27,0,5285,9793,1,0,1
737135,65535,255,6602,-7973,0,0,0
737136,65535,255,5059,-8064,0,0,0
737137,10,0,2344,-8127,1,0,1
737138,65535,255,1535,9686,0,0,0
737139,65535,255,4587,9834,0,0,0
737140,28,0,6336,9791,1,0,1
737141,30,0,5670,-8046,1,0,1
737142,65535,255,3426,-8098,0,0,0
737143,65535,255,217,10752,0,0,0
737144,65535,255,3736,9826,0,0,0
737145,65535,255,5853,9786,0,0,0
737146,65535,255,6177,-7981,0,0,0
737147,19,0,4326,-8088,1,0,1
737148,27,0,1124,-8275,1,0,1
737149,65535,255,2713,9822,0,0,0
737150,65535,255,5276,9780,0,0,0
737151,0,0,0,0,0,0,0
737152,65535,255,5065,-8001,0,0,0
737153,64,0,2360,-7979,1,0,1
737154,65535,255,1518,9792,0,0,0
737155,65535,255,4576,9779,0,0,0
737156,65535,255,6329,9779,0,0,0
737157,46,0,5676,-8010,1,0,0
737158,65535,255,3435,-8036,0,0,0
737159,65535,255,203,9663,0,0,0
737160,65535,255,3728,9778,0,0,0
737161,29,0,5845,9797,1,0,1
737162,65535,255,6183,-8022,0,0,0
737163,16,0,4333,-8061,1,0,1
737164,65535,255,1134,-8186,0,0,0
737165,65535,255,2704,9799,0,0,0
737166,65535,255,5271,9776,0,0,0
737167,65535,255,6610,-7982,0,0,0
737168,65535,255,5068,-8006,0,0,0
737169,65535,255,2364,-8006,0,0,0
737170,65535,255,1507,9857,0,0,0
737171,0,0,0,0,0,0,0
737172,39,0,6327,9777,1,0,1
737173,65535,255,5678,-8041,0,0,0
737174,28,0,3444,-8097,1,0,1
737175,65535,255,203,8515,0,0,0
737176,65535,255,3720,9858,0,0,0
737177,65535,255,5842,9807,0,0,0
737178,12,0,6183,-8007,1,0,1
737179,65535,255,4336,-8041,0,0,0
737180,65535,255,1134,-8126,0,0,0
737181,65535,255,2704,9775,0,0,0
737182,65535,255,5268,9771,0,0,0
737183,65535,255,6610,-7982,0,0,0
737184,65535,255,5070,-8011,0,0,0
737185,17,0,2369,-8032,1,0,1
737186,65535,255,1507,9922,0,0,0
737187,65535,255,4570,9822,0,0,0
737188,65535,255,6326,9792,0,0,0
737189,0,0,0,0,0,0,0
737190,65535,255,3439,-8009,0,0,0
737191,0,0,0,0,0,0,0
737192,30,0,3724,9794,1,0,0
737193,65535,255,5847,9778,0,0,0
737194,155,0,6183,-7988,1,0,1
737195,65535,255,4332,-8014,0,0,0
737196,65535,255,1129,-8009,0,0,0
737197,65535,255,2705,9854,0,0,0
737198,0,0,0,0,0,0,0
737199,41,2,6609,-7982,1,0,0
737200,65535,255,5070,-8011,0,0,0
737201,71,0,2364,-8059,1,0,1
737202,65535,255,1512,9987,0,0,0
737203,65535,255,4576,9847,0,0,0
737204,65535,255,6329,9810,0,0,0
737205,65535,255,5675,-8019,0,0,0
737206,65535,255,3435,-8071,0,0,0
737207,65535,255,206,10960,0,0,0
737208,65535,255,3732,9858,0,0,0
737209,35,0,5851,9816,1,0,1
737210,65535,255,6180,-8009,0,0,0
737211,65535,255,4329,-8087,0,0,0
737212,4,2,1118,-7918,1,0,1
737213,2,2,2713,9894,1,0,1
737214,78,0,5278,9835,1,0,1
737215,65535,255,6607,-7979,0,0,0
737216,10,2,5062,-8016,1,0,1
737217,65535,255,2354,-8072,0,0,0
737218,65535,255,1530,9686,0,0,0
737219,65535,255,4583,9850,0,0,0
737220,29,0,6337,9766,1,0,1
737221,65535,255,5670,-8037,0,0,0
737222,77,2,3426,-8124,1,0,0
737223,65535,255,221,9530,0,0,0
737224,13,0,3748,9794,1,0,1
737225,29,0,5860,9786,1,0,1
737226,65535,255,6173,-7999,0,0,0
737227,65535,255,4318,-8041,0,0,0
737228,65535,255,1106,-8217,0,0,0
737229,65535,255,2733,9846,0,0,0
737230,65535,255,5288,9815,0,0,0
737231,0,0,0,0,0,0,0
737232,65535,255,5053,-8001,0,0,0
737233,45,0,2334,-8045,1,0,1
737234,65535,255,1545,10005,0,0,1
737235,65535,255,4596,9859,0,0,0
737236,208,2,6344,9770,1,0,1
737237,26,0,5662,-8041,1,0,0
737238,65535,255,3408,-8104,0,0,0
737239,119,2,243,9834,1,0,0
737240,65535,255,3764,9818,0,0,0
737241,65535,255,5867,9799,0,0,0
737242,0,0,0,0,0,0,0
737243,65535,255,4303,-8075,0,0,0
737244,89,2,1078,-7913,1,0,1
737245,65535,255,2752,9914,0,0,0
737246,65535,255,5300,9803,0,0,0
737247,65535,255,6593,-7996,0,0,0
737248,65535,255,5041,-8048,0,0,0
737249,65535,255,2314,-8170,0,0,0
737250,65535,255,1573,9877,0,0,0
737251,65535,255,4614,9828,0,0,0
737252,44,2,6350,9806,1,0,1
737253,65535,255,5648,-8024,0,0,0
737254,65535,255,3384,-8098,0,0,0
737255,65535,255,279,9368,0,0,0
737256,65535,255,3784,9794,0,0,0
737257,65535,255,5878,9790,0,0,0
737258,65535,255,6155,-8008,0,0,0
737259,65535,255,4285,-8042,0,0,0
737260,65535,255,1050,-7971,0,0,0
737261,65535,255,2771,9834,0,0,0
737262,35,2,5308,9771,1,0,0
737263,65535,255,6587,-7963,0,0,0
737264,22,0,5033,-8032,1,0,1
737265,37,0,2303,-8016,1,0,1
737266,65535,255,1578,9794,0,0,0
737267,65535,255,4610,9846,0,0,0
737268,52,0,6351,9788,1,0,1
737269,59,0,5650,-8028,1,0,0
737270,65535,255,3388,-8036,0,0,0
737271,65535,255,262,9202,0,0,0
737272,0,0,3769,9842,1,0,1
737273,37,0,5870,9782,1,0,1
737274,40,0,6164,-8023,1,0,1
737275,76,2,4300,-8041,1,0,1
737276,29,0,1078,-7973,1,0,0
737277,31,0,2748,9845,1,0,1
737278,22,0,5294,9776,1,0,1
737279,24,0,6593,-7969,1,0,1
737280,65535,255,5045,-8048,0,0,0
737281,40,0,2325,-8058,1,0,1
737282,6,0,1556,9857,1,0,1
737283,65,0,4600,9779,1,0,1
737284,76,0,6340,9803,1,0,1
737285,64,0,5659,-8011,1,0,1
737286,65535,255,3409,-8088,0,0,0
737287,25,0,238,10111,1,0,0
737288,65535,255,3753,9778,0,0,0
737289,195,0,5858,9816,1,0,1
737290,65535,255,6170,-7999,0,0,0
737291,65535,255,4313,-8070,0,0,0
737292,65535,255,1101,-8278,0,0,0
737293,65535,255,2733,9788,0,0,0
737294,65535,255,5284,9834,0,0,0
737295,65535,255,6598,-7959,0,0,0
737296,65535,255,5054,-8032,0,0,1
737297,65535,255,2340,-8031,0,0,0
737298,65535,255,1535,9836,0,0,0
737299,75,0,4588,9829,1,0,1
737300,65535,255,6334,9803,0,0,1
737301,93,0,5666,-8001,1,0,1
737302,65535,255,3422,-8097,0,0,0
737303,65535,255,221,10429,0,0,0
737304,0,0,0,0,0,0,0
737305,65535,255,5851,9821,0,0,0
737306,65535,255,6174,-8010,0,0,0
737307,65535,255,4318,-8028,0,0,0
737308,65535,255,1112,-7946,0,0,0
737309,23,0,2718,9846,1,0,1
737310,65535,255,5278,9786,0,0,0
737311,65535,255,6604,-7982,0,0,0
737312,10,2,5062,-8073,1,0,0
737313,65535,255,2354,-8139,0,0,0
737314,65535,255,1530,9686,0,0,0
737315,65535,255,4580,9829,0,0,0
737316,65535,255,6332,9785,0,0,0
737317,65535,255,5671,-8036,0,0,0
737318,22,0,3426,-8070,1,0,1
737319,59,0,209,10145,1,0,1
737320,26,0,3737,9787,1,0,1
737321,65535,255,5849,9825,0,0,0
737322,65535,255,6178,-8014,0,0,0
737323,23,0,4325,-8034,1,0,1
737324,33,0,1117,-8006,1,0,1
737325,65535,255,2713,9894,0,0,0
737326,65535,255,5275,9806,0,0,0
737327,65535,255,6607,-7999,0,0,0
737328,65535,255,5064,-8020,0,0,0
737329,65535,255,2354,-8018,0,0,0
737330,65535,255,1518,9857,0,0,0
737331,65535,255,4579,9794,0,0,0
737332,65535,255,6329,9782,0,0,0
737333,65535,255,5676,-8011,0,0,0
737334,13,0,3435,-8012,1,0,1
737335,42,0,197,9986,1,0,1
737336,84,2,3724,9823,1,0,0
737337,65535,255,5846,9800,0,0,0
737338,31,2,6186,-8010,1,0,1
737339,25,0,4340,-8064,1,0,1
737340,65535,255,1143,-8076,0,0,0
737341,117,0,2693,9890,1,0,1
737342,65535,255,5267,9832,0,0,0
737343,65535,255,6615,-7982,0,0,0
737344,65535,255,5078,-8018,0,0,0
737345,32,0,2384,-8088,1,0,1
737346,65535,255,1496,9723,0,0,0
737347,41,2,4566,9789,1,0,1
737348,43,0,6323,9782,1,0,1
737349,65535,255,5687,-7990,0,0,0
737350,65535,255,3456,-8030,0,0,0
737351,65535,255,175,10578,0,0,0
737352,32,0,3708,9848,1,0,1
737353,63,0,5836,9818,1,0,0
737354,34,0,6192,-7975,1,0,1
737355,20,2,4351,-8005,1,0,0
737356,65535,255,1162,-8071,0,0,0
737357,65535,255,2684,9796,0,0,1
737358,0,0,0,0,0,0,0
737359,7,2,6619,-7964,1,0,0
737360,65535,255,5087,-7997,0,0,0
737361,0,2,2394,-8049,1,0,1
737362,65535,255,1474,9956,0,0,0
737363,65535,255,4552,9845,0,0,0
737364,65535,255,6316,9808,0,0,0
737365,65535,255,5694,-8012,0,0,1
737366,65535,255,3473,-8047,0,0,0
737367,65535,255,152,10469,0,0,0
737368,13,0,3696,9824,1,0,1
737369,65535,255,5829,9793,0,0,0
737370,131,0,6203,-8001,1,0,1
737371,65535,255,4367,-8037,0,0,0
737372,20,2,1185,-8128,1,0,1
737373,65535,255,2658,9785,0,0,1
737374,65535,255,5247,9783,0,0,0
737375,90,0,6630,-7994,1,0,1
737376,21,0,5101,-8033,1,0,1
737377,17,0,2423,-8101,1,0,1
737378,31,2,1451,9717,1,0,1
737379,65535,255,4538,9780,0,0,0
737380,65535,255,6308,9765,0,0,0
737381,65535,255,5707,-8033,0,0,0
737382,20,0,3494,-8098,1,0,1
737383,19,0,132,8284,1,0,1
737384,65535,255,3672,9889,0,0,0
737385,65535,255,5820,9768,0,0,0
737386,65535,255,6208,-7978,0,0,0
737387,2,2,4381,-8004,1,0,1
737388,65535,255,1208,-8016,0,0,0
737389,65535,255,2639,9749,0,0,0
737390,65535,255,5233,9774,0,0,0
737391,65535,255,6635,-7989,0,0,0
737392,42,0,5112,-8032,1,0,1
737393,65535,255,2443,-8113,0,0,0
737394,65535,255,1429,9739,0,0,0
737395,22,0,4525,9784,1,0,1
737396,108,0,6299,9780,1,0,1
737397,65535,255,5712,-7995,0,0,0
737398,10,0,3503,-8011,1,0,1
737399,65535,255,104,10092,0,0,0
737400,38,2,3660,9817,1,0,1
737401,65535,255,5811,9798,0,0,0
737402,32,2,6215,-8011,1,0,1
737403,80,0,4391,-8068,1,0,1
737404,65535,255,1223,-8186,0,0,0
737405,17,2,2624,9882,1,0,1
737406,29,0,5224,9830,1,0,1
737407,65535,255,6638,-7979,0,0,0
737408,65535,255,5118,-8022,0,0,0
737409,22,0,2453,-8087,1,0,1
737410,61,0,1418,9739,1,0,1
737411,65535,255,4519,9790,0,0,0
737412,51,0,6295,9783,1,0,1
737413,65535,255,5717,-7993,0,0,0
737414,65535,255,3511,-8037,0,0,0
737415,19,0,95,11176,1,0,1
737416,65535,255,3652,9858,0,0,0
737417,63,0,5804,9820,1,0,1
737418,34,0,6215,-7976,1,0,1
737419,27,0,4391,-8010,1,0,1
737420,65535,255,1230,-8071,0,0,1
737421,37,0,2619,9797,1,0,1
737422,52,0,5221,9799,1,0,1
737423,38,0,6638,-7963,1,0,1
737424,33,0,5120,-8029,1,0,1
737425,26,0,2453,-8035,1,0,1
737426,65535,255,1412,9972,0,0,0
737427,38,0,4514,9797,1,0,1
737428,80,0,6293,9776,1,0,1
737429,23,0,5717,-7989,1,0,1
737430,16,2,3511,-8028,1,0,1
737431,65535,255,95,11182,0,0,0
737432,65535,255,3652,9858,0,0,0
737433,65535,255,5806,9804,0,0,0
737434,23,0,6215,-7984,1,0,1
737435,46,2,4394,-8029,1,0,1
737436,32,0,1230,-8179,1,0,1
737437,65535,255,2619,9846,0,0,0
737438,49,2,5222,9825,1,0,1
737439,107,0,6638,-7982,1,0,1
737440,21,0,5119,-8026,1,0,1
737441,20,0,2453,-8125,1,0,1
737442,65535,255,1417,9833,0,0,0
737443,0,0,0,0,0,0,0
737444,83,0,6295,9807,1,0,1
737445,95,0,5717,-8031,1,0,1
737446,47,0,3512,-8114,1,0,1
737447,65535,255,104,10415,0,0,0
737448,16,0,3660,9850,1,0,1
737449,65535,255,5808,9824,0,0,0
737450,46,0,6213,-7984,1,0,1
737451,21,0,4388,-8029,1,0,1
737452,65535,255,1219,-8207,0,0,0
737453,20,0,2629,9870,1,0,0
737454,65535,255,5227,9835,0,0,0
737455,12,2,6636,-7992,1,0,1
737456,65535,255,5115,-8047,0,0,0
737457,65535,255,2438,-7997,0,0,0
737458,65535,255,1429,9997,0,0,0
737459,65535,255,4525,9772,0,0,0
737460,36,0,6301,9780,1,0,1
737461,32,0,5712,-8001,1,0,1
737462,40,0,3499,-8071,1,0,1
737463,16,2,127,8207,1,0,1
737464,20,0,3672,9785,1,0,1
737465,42,0,5817,9794,1,0,1
737466,65535,255,6210,-8018,0,0,0
737467,23,0,4381,-8099,1,0,0
737468,21,0,1202,-8097,1,0,1
737469,65535,255,2643,9822,0,0,0
737470,35,0,5238,9820,1,0,1
737471,26,0,6632,-7983,1,0,1
737472,52,0,5106,-8042,1,0,1
737473,33,0,2427,-8140,1,0,0
737474,30,0,1445,9950,1,0,1
737475,80,0,4535,9865,1,0,1
737476,0,0,0,0,0,0,0
737477,65535,255,5704,-8001,0,0,0
737478,65535,255,3486,-8071,0,0,0
737479,16,0,142,8636,1,0,1
737480,25,0,3688,9802,1,0,1
737481,42,0,5827,9807,1,0,1
737482,65535,255,6202,-7973,0,0,0
737483,33,0,4367,-8023,1,0,1
737484,65535,255,1185,-8238,0,0,0
737485,22,2,2663,9894,1,0,0
737486,65535,255,5250,9775,0,0,0
737487,65535,255,6624,-7956,0,0,0
737488,46,0,5093,-8001,1,0,0
737489,22,0,2403,-8086,1,0,1
737490,60,0,1474,9811,1,0,1
737491,72,2,4552,9828,1,0,0
737492,65535,255,6319,9759,0,0,0
737493,65535,255,5693,-8021,0,0,0
737494,22,2,3464,-8036,1,0,0
737495,13,2,180,8333,1,0,1
737496,42,0,3708,9785,1,0,1
737497,26,0,5839,9798,1,0,1
737498,35,0,6191,-7995,1,0,1
737499,23,0,4347,-8022,1,0,1
737500,65535,255,1151,-8243,0,0,0
737501,65535,255,2688,9905,0,0,0
737502,65535,255,5265,9779,0,0,0
737503,53,0,6613,-7963,1,0,1
737504,39,0,5075,-8011,1,0,1
737505,65535,255,2374,-8127,0,0,0
737506,0,0,0,0,0,0,0
737507,65535,255,4572,9852,0,0,0
737508,65535,255,6329,9777,0,0,0
737509,65535,255,5677,-8006,0,0,0
737510,16,0,3439,-8089,1,0,1
737511,34,0,203,9666,1,0,1
737512,65535,255,3732,9842,0,0,0
737513,44,0,5853,9768,1,0,1
737514,65535,255,6178,-8004,0,0,0
737515,65535,255,4325,-8082,0,0,0
737516,65535,255,1112,-8068,0,0,0
737517,21,2,2723,9846,1,0,1
737518,0,0,0,0,0,0,0
737519,65535,255,6601,-7978,0,0,0
737520,65535,255,5053,-8001,0,0,0
737521,0,0,0,0,0,0,0
737522,32,2,1545,9878,1,0,1
737523,0,0,0,0,0,0,0
737524,65535,255,6343,9780,0,0,0
737525,25,0,5658,-8015,1,0,1
737526,65535,255,3405,-8072,0,0,0
737527,0,0,0,0,0,0,0
737528,65535,255,3752,9873,0,0,0
737529,65535,255,5861,9798,0,0,0
737530,65535,255,6170,-7981,0,0,0
737531,45,0,4314,-8069,1,0,1
737532,0,0,0,0,0,0,0
737533,65535,255,2728,9893,0,0,0
737534,65535,255,5283,9800,0,0,0
737535,39,0,6602,-7983,1,0,1
737536,50,0,5059,-8069,1,0,1
737537,65535,255,2349,-8113,0,0,1
737538,65535,255,1529,9964,0,0,0
737539,65535,255,4583,9803,0,0,0
737540,0,0,0,0,0,0,0
737541,25,0,5670,-8006,1,0,1
737542,65535,255,3431,-8133,0,0,0
737543,53,0,214,8584,1,0,0
737544,127,0,3728,9826,1,0,1
737545,72,0,5849,9773,1,0,1
737546,161,0,6182,-8022,1,0,1
737547,65535,255,4333,-8042,0,0,0
737548,12,2,1129,-8009,1,0,1
737549,0,0,0,0,0,0,0
737550,65535,255,5268,9791,0,0,0
737551,65535,255,6611,-7983,0,0,0
737552,23,0,5073,-8073,1,0,1
737553,0,0,0,0,0,0,0
737554,65535,255,1497,9952,0,0,0
737555,65535,255,4566,9822,0,0,0
737556,65535,255,6323,9781,0,0,0
737557,65535,255,5683,-8027,0,0,0
737558,14,0,3447,-8045,1,0,1
737559,65535,255,180,9635,0,0,0
737560,65535,255,3708,9882,0,0,0
737561,65535,255,5837,9812,0,0,0
737562,58,0,6189,-7999,1,0,1
737563,65535,255,4347,-8008,0,0,0
737564,65535,255,1152,-7866,0,0,0
737565,65535,255,2683,9823,0,0,0
737566,65535,255,5259,9780,0,0,0
737567,65535,255,6616,-7975,0,0,0
737568,11,0,5085,-8068,1,0,1
737569,65535,255,2394,-8139,0,0,0
737570,65535,255,1484,9757,0,0,0
737571,0,0,0,0,0,0,0
737572,286,0,6316,9788,1,0,1
737573,65535,255,5693,-8041,0,0,0
737574,17,0,3465,-8079,1,0,1
737575,65535,255,163,10428,0,0,0
737576,65535,255,3700,9802,0,0,0
737577,0,0,0,0,0,0,0
737578,65535,255,6196,-8017,0,0,0
737579,15,0,4357,-8054,1,0,1
737580,65535,255,1174,-8125,0,0,0
737581,65535,255,2669,9897,0,0,0
737582,65535,255,5250,9826,0,0,0
737583,51,2,6621,-7958,1,0,1
737584,46,0,5092,-8041,1,0,1
737585,25,2,2403,-8073,1,0,1
737586,13,0,1468,9949,1,0,1
737587,65535,255,4549,9816,0,0,0
737588,65535,255,6312,9781,0,0,0
737589,27,0,5697,-8036,1,0,1
737590,18,0,3473,-8070,1,0,1
737591,18,0,145,10498,1,0,0
737592,65535,255,3692,9803,0,0,0
737593,65535,255,5829,9774,0,0,0
737594,24,0,6199,-7972,1,0,1
737595,73,0,4367,-8073,1,0,1
737596,65535,255,1185,-8208,0,0,0
737597,65535,255,2664,9799,0,0,0
737598,65535,255,5246,9793,0,0,1
737599,65535,255,6626,-7978,0,0,0
737600,65535,255,5098,-8026,0,0,0
737601,65535,255,2418,-8177,0,0,0
737602,65535,255,1463,9767,0,0,0
737603,65535,255,4544,9817,0,0,0
737604,65535,255,6310,9814,0,0,0
737605,65535,255,5700,-8009,0,0,0
737606,27,2,3477,-8027,1,0,1
737607,9,0,145,9575,1,0,1
737608,65535,255,3688,9778,0,0,0
737609,91,2,5824,9815,1,0,1
737610,65535,255,6204,-8021,0,0,0
737611,65535,255,4370,-8060,0,0,0
737612,37,0,1185,-8181,1,0,0
737613,65535,255,2659,9787,0,0,0
737614,23,0,5246,9793,1,0,1
737615,65535,255,6628,-7978,0,0,0
737616,65535,255,5098,-8000,0,0,0
737617,65535,255,2413,-7994,0,0,0
737618,65535,255,1457,9834,0,0,0
737619,65535,255,4542,9791,0,0,0
737620,65535,255,6310,9771,0,0,0
737621,65535,255,5702,-8031,0,0,0
737622,65535,255,3481,-8079,0,0,0
737623,65535,255,141,10985,0,0,0
737624,32,0,3685,9826,1,0,1
737625,65535,255,5825,9791,0,0,0
737626,65535,255,6203,-7991,0,0,0
737627,65535,255,4370,-8015,0,0,0
737628,16,0,1184,-7982,1,0,1
737629,106,2,2655,9906,1,0,0
737630,31,0,5243,9820,1,0,1
737631,65535,255,6627,-7965,0,0,0
737632,27,0,5100,-8057,1,0,1
737633,65535,255,2418,-8150,0,0,0
737634,16,0,1458,9764,1,0,1
737635,65535,255,4543,9778,0,0,0
737636,65535,255,6311,9763,0,0,0
737637,65535,255,5701,-8022,0,0,0
737638,24,0,3481,-8061,1,0,0
737639,65535,255,142,10725,0,0,0
737640,65535,255,3689,9826,0,0,0
737641,40,0,5826,9791,1,0,1
737642,65535,255,6202,-7994,0,0,0
737643,65535,255,4366,-8021,0,0,0
737644,40,0,1184,-8039,1,0,1
737645,65535,255,2661,9880,0,0,0
737646,21,0,5246,9835,1,0,1
737647,65535,255,6625,-7975,0,0,0
737648,65535,255,5095,-8000,0,0,0
737649,65535,255,2408,-8005,0,0,0
737650,65535,255,1463,9878,0,0,0
737651,65535,255,4544,9810,0,0,0
737652,65535,255,6312,9785,0,0,0
737653,106,2,5697,-7986,1,0,1
737654,65535,255,3475,-8113,0,0,0
737655,65535,255,153,9145,0,0,0
737656,65,2,3694,9770,1,0,1
737657,65535,255,5828,9785,0,0,0
737658,65535,255,6198,-7975,0,0,0
737659,65535,255,4363,-8092,0,0,0
737660,65535,255,1173,-7924,0,0,0
737661,65535,255,2665,9881,0,0,0
737662,65535,255,5248,9821,0,0,0
737663,65535,255,6620,-7968,0,0,0
737664,33,0,5092,-8072,1,0,1
737665,65535,255,2398,-7979,0,0,0
737666,65535,255,1469,9856,0,0,0
737667,65535,255,4551,9809,0,0,1
737668,65535,255,6314,9789,0,0,0
737669,85,0,5692,-7990,1,0,1
737670,65535,255,3464,-8008,0,0,0
737671,40,0,164,9587,1,0,1
737672,38,0,3702,9794,1,0,1
737673,59,0,5834,9782,1,0,1
737674,65535,255,6192,-7991,0,0,0
737675,65535,255,4350,-8021,0,0,0
737676,65535,255,1161,-8065,0,0,0
737677,65535,255,2680,9774,0,0,0
737678,65535,255,5258,9780,0,0,0
737679,65535,255,6617,-7992,0,0,0
737680,45,0,5084,-8030,1,0,1
737681,65535,255,2388,-8111,0,0,0
737682,65535,255,1492,9724,0,0,0
737683,65535,255,4561,9779,0,0,0
737684,93,2,6320,9771,1,0,1
737685,55,2,5684,-8044,1,0,1
737686,65535,255,3455,-8122,0,0,0
737687,65535,255,182,9262,0,0,0
737688,65535,255,3717,9786,0,0,0
737689,65535,255,5841,9782,0,0,0
737690,65535,255,6185,-7994,0,0,0
737691,65535,255,4339,-8033,0,0,0
737692,65535,255,1139,-8153,0,0,0
737693,26,0,2699,9822,1,0,0
737694,65535,255,5268,9806,0,0,0
737695,65535,255,6611,-7961,0,0,0
737696,0,0,0,0,0,0,0
737697,65535,255,2373,-8021,0,0,0
737698,25,0,1497,9961,1,0,1
737699,65535,255,4564,9849,0,0,0
737700,61,0,6324,9764,1,0,1
737701,33,0,5686,-8038,1,0,1
737702,65535,255,3455,-8126,0,0,0
737703,16,2,181,9622,1,0,1
737704,20,0,3713,9815,1,0,1
737705,53,0,5838,9805,1,0,1
737706,65535,255,6191,-8020,0,0,0
737707,65535,255,4350,-8088,0,0,0
737708,55,0,1156,-7983,1,0,1
737709,89,2,2685,9760,1,0,1
737710,65535,255,5260,9788,0,0,0
737711,65535,255,6618,-7974,0,0,0
737712,65535,255,5085,-8065,0,0,0
737713,65535,255,2392,-8008,0,0,0
737714,27,0,1481,9989,1,0,1
737715,0,2,4553,9857,1,0,1
737716,31,0,6319,9771,1,0,1
737717,65535,255,5691,-8021,0,0,0
737718,65535,255,3465,-8030,0,0,0
737719,60,0,164,10821,1,0,1
737720,32,0,3700,9864,1,0,1
737721,65535,255,5834,9767,0,0,0
737722,65535,255,6196,-7990,0,0,0
737723,65535,255,4357,-8043,0,0,0
737724,65535,255,1169,-8271,0,0,0
737725,65535,255,2673,9892,0,0,0
737726,69,0,5254,9804,1,0,1
737727,65535,255,6623,-7998,0,0,0
737728,62,0,5092,-8060,1,0,1
737729,65535,255,2398,-8009,0,0,0
737730,44,0,1474,9697,1,0,1
737731,62,0,4552,9790,1,0,1
737732,65535,255,6316,9790,0,0,0
737733,65535,255,5695,-8012,0,0,0
737734,65535,255,3468,-8090,0,0,0
737735,62,0,158,9175,1,0,1
737736,65535,255,3700,9815,0,0,0
737737,66,0,5832,9810,1,0,1
737738,26,0,6196,-7975,1,0,1
737739,29,0,4357,-8024,1,0,1
737740,65535,255,1174,-8183,0,0,0
737741,65535,255,2673,9869,0,0,0
737742,28,0,5253,9821,1,0,1
737743,65535,255,6622,-7997,0,0,0
737744,65535,255,5092,-8064,0,0,0
737745,14,0,2398,-8035,1,0,1
737746,65535,255,1480,9720,0,0,0
737747,26,0,4556,9796,1,0,1
737748,65535,255,6316,9798,0,0,0
737749,34,0,5695,-8025,1,0,1
737750,65535,255,3469,-8134,0,0,0
737751,65535,255,163,10220,0,0,0
737752,46,0,3700,9864,1,0,1
737753,77,0,5834,9775,1,0,1
737754,65535,255,6196,-8004,0,0,0
737755,130,0,4357,-8082,1,0,1
737756,65535,255,1162,-8043,0,0,0
737757,65535,255,2678,9821,0,0,0
737758,153,0,5256,9824,1,0,1
737759,65535,255,6619,-7988,0,0,0
737760,28,0,5087,-8054,1,0,1
737761,16,2,2388,-8022,1,0,1
737762,15,0,1491,9702,1,0,0
737763,117,2,4559,9808,1,0,1
737764,65535,255,6320,9805,0,0,0
737765,65535,255,5687,-8043,0,0,0
737766,43,0,3456,-8029,1,0,1
737767,65535,255,183,9300,0,0,0
737768,11,0,3712,9785,1,0,1
737769,13,0,5839,9802,1,0,1
737770,65535,255,6188,-7974,0,0,0
737771,5,2,4343,-8037,1,0,1
737772,33,0,1150,-8205,1,0,1
737773,65535,255,2694,9750,0,0,0
737774,65535,255,5265,9799,0,0,0
737775,65535,255,6612,-7977,0,0,0
737776,52,0,5076,-8039,1,0,1
737777,17,0,2369,-7994,1,0,1
737778,44,0,1506,9772,1,0,1
737779,28,0,4573,9802,1,0,1
737780,62,0,6326,9805,1,0,1
737781,65,0,5680,-8042,1,0,1
737782,40,0,3439,-8037,1,0,1
737783,14,0,207,8708,1,0,1
737784,122,0,3728,9809,1,0,1
737785,22,0,5848,9814,1,0,1
737786,57,0,6180,-7989,1,0,1
737787,40,0,4329,-8063,1,0,1
737788,13,0,1118,-7980,1,0,1
737789,47,0,2713,9822,1,0,1
737790,32,0,5276,9828,1,0,1
737791,48,2,6606,-7998,1,0,1
737792,65535,255,5060,-8035,0,0,0
737793,37,0,2350,-8101,1,0,1
737794,110,0,1529,9877,1,0,1
737795,35,0,4586,9858,1,0,1
737796,65535,255,6336,9787,0,0,0
737797,65535,255,5665,-8020,0,0,0
737798,35,0,3415,-8045,1,0,1
737799,33,0,231,9978,1,0,1
737800,63,0,3748,9872,1,0,1
737801,85,0,5861,9789,1,0,0
737802,65535,255,6169,-8025,0,0,0
737803,25,0,4307,-8024,1,0,1
737804,60,0,1093,-8210,1,0,1
737805,9,2,2744,9766,1,0,1
737806,49,0,5292,9814,1,0,1
737807,258,2,6595,-7991,1,0,1
737808,29,0,5045,-8065,1,0,1
737809,82,0,2319,-8088,1,0,1
737810,33,0,1562,9856,1,0,1
737811,23,0,4607,9858,1,0,1
737812,65535,255,6347,9788,0,0,0
737813,65535,255,5651,-8008,0,0,0
737814,58,0,3392,-8011,1,0,1
737815,15,0,263,9221,1,0,1
737816,26,0,3765,9864,1,0,1
737817,41,0,5868,9802,1,0,1
737818,65535,255,6163,-7994,0,0,0
737819,65535,255,4301,-8067,0,0,0
737820,17,0,1084,-7856,1,0,0
737821,36,0,2743,9835,1,0,1
737822,47,0,5291,9785,1,0,1
737823,25,0,6596,-7985,1,0,1
737824,21,0,5047,-7997,1,0,1
737825,17,0,2335,-8183,1,0,1
737826,19,0,1545,9774,1,0,1
737827,44,0,4593,9822,1,0,1
737828,92,2,6338,9809,1,0,1
737829,35,0,5665,-8002,1,0,1
737830,34,0,3414,-8002,1,0,1
737831,65535,255,228,9269,0,0,0
737832,65535,255,3744,9873,0,0,0
737833,65535,255,5856,9807,0,0,0
737834,39,0,6176,-8001,1,0,1
737835,65535,255,4321,-8024,0,0,0
737836,34,0,1111,-7981,1,0,1
737837,40,0,2718,9894,1,0,1
737838,65535,255,5278,9815,0,0,1
737839,41,0,6605,-7979,1,0,1
737840,65535,255,5064,-8039,0,0,0
737841,65535,255,2354,-8075,0,0,0
737842,35,0,1518,9966,1,0,1
737843,65535,255,4580,9822,0,0,0
737844,65535,255,6332,9788,0,0,0
737845,0,0,0,0,0,0,0
737846,65535,255,3439,-8099,0,0,0
737847,65535,255,201,11007,0,0,0
737848,36,0,3728,9843,1,0,1
737849,44,0,5848,9795,1,0,1
737850,65535,255,6184,-7993,0,0,0
737851,51,0,4336,-8010,1,0,1
737852,29,0,1134,-7956,1,0,1
737853,65535,255,2699,9882,0,0,1
737854,65535,255,5270,9815,0,0,0
737855,65535,255,6611,-7962,0,0,0
737856,65535,255,5075,-8044,0,0,0
737857,65535,255,2374,-8101,0,0,0
737858,65535,255,1503,9916,0,0,0
737859,19,0,4569,9841,1,0,1
737860,65535,255,6326,9799,0,0,0
737861,63,2,5682,-7997,1,0,0
737862,27,0,3447,-8002,1,0,1
737863,65535,255,187,9136,0,0,0
737864,29,0,3716,9890,1,0,1
737865,0,0,0,0,0,0,0
737866,65535,255,6190,-8019,0,0,0
737867,73,2,4346,-8063,1,0,1
737868,65535,255,1151,-8216,0,0,0
737869,65535,255,2694,9811,0,0,0
737870,65535,255,5265,9785,0,0,0
737871,22,2,6615,-7990,1,0,1
737872,65535,255,5081,-8018,0,0,0
737873,0,0,0,0,0,0,0
737874,0,0,0,0,0,0,0
737875,0,0,0,0,0,0,0
737876,39,2,6322,9792,1,0,1
737877,65535,255,5685,-7992,0,0,0
737878,21,0,3451,-8001,1,0,1
737879,13,0,181,9283,1,0,1
737880,65535,255,3713,9778,0,0,0
737881,77,0,5840,9769,1,0,1
737882,0,0,0,0,0,0,0
737883,0,0,0,0,0,0,0
737884,65535,255,1151,-7897,0,0,0
737885,65535,255,2683,9870,0,0,1
737886,65535,255,5259,9816,0,0,0
737887,65535,255,6616,-7963,0,0,0
737888,42,0,5084,-8064,1,0,0
737889,53,0,2389,-8179,1,0,0
737890,65535,255,1491,9836,0,0,0
737891,8,2,4563,9798,1,0,1
737892,65535,255,6320,9781,0,0,0
737893,36,0,5686,-8039,1,0,1
737894,36,0,3456,-8123,1,0,1
737895,65535,255,176,9071,0,0,0
737896,32,0,3713,9770,1,0,0
737897,0,0,0,0,0,0,0
737898,65535,255,6189,-7980,0,0,0
737899,65535,255,4347,-8002,0,0,0
737900,14,0,1151,-7983,1,0,1
737901,65535,255,2684,9930,0,0,0
737902,65535,255,5259,9841,0,0,0
737903,47,0,6616,-7982,1,0,1
737904,65535,255,5078,-8017,0,0,0
737905,65535,255,2383,-8073,0,0,0
737906,65535,255,1493,9890,0,0,0
737907,20,0,4563,9854,1,0,1
737908,65535,255,6323,9763,0,0,0
737909,25,0,5685,-8028,1,0,1
737910,65535,255,3452,-8097,0,0,0
737911,65535,255,189,8774,0,0,0
737912,65535,255,3713,9890,0,0,0
737913,83,0,5841,9769,1,0,1
737914,65535,255,6186,-7984,0,0,0
737915,65535,255,4340,-8015,0,0,0
737916,65535,255,1145,-8069,0,0,0
737917,103,2,2694,9788,1,0,1
737918,16,0,5265,9785,1,0,1
737919,38,0,6613,-7999,1,0,1
737920,65535,255,5073,-8048,0,0,0
737921,65535,255,2374,-8166,0,0,0
737922,65535,255,1507,9836,0,0,0
737923,65535,255,4570,9816,0,0,0
737924,143,2,6325,9796,1,0,1
737925,22,0,5677,-8005,1,0,1
737926,58,0,3439,-8063,1,0,1
737927,65535,255,195,11029,0,0,0
737928,13,0,3725,9866,1,0,1
737929,0,0,0,0,0,0,0
737930,65535,255,6180,-7981,0,0,0
737931,65535,255,4329,-8015,0,0,0
737932,65535,255,1129,-8098,0,0,0
737933,29,0,2708,9800,1,0,1
737934,131,0,5273,9800,1,0,1
737935,44,0,6605,-7959,1,0,1
737936,50,0,5065,-8074,1,0,1
737937,65535,255,2354,-8020,0,0,0
737938,65535,255,1524,9965,0,0,0
737939,65535,255,4580,9853,0,0,0
737940,0,0,0,0,0,0,0
737941,65535,255,5670,-8041,0,0,0
737942,65535,255,3422,-8001,0,0,0
737943,65535,255,220,9993,0,0,0
737944,0,0,0,0,0,0,0
737945,65535,255,5856,9812,0,0,0
737946,54,0,6172,-8004,1,0,1
737947,26,0,4317,-8085,1,0,1
737948,65535,255,1100,-8038,0,0,0
737949,65535,255,2734,9788,0,0,0
737950,65535,255,5287,9796,0,0,0
737951,111,0,6598,-7963,1,0,1
737952,14,2,5050,-8021,1,0,1
737953,65535,255,2330,-8046,0,0,0
737954,44,0,1551,9698,1,0,1
737955,65535,255,4600,9779,0,0,0
737956,65535,255,6343,9781,0,0,0
737957,89,0,5657,-7997,1,0,1
737958,65535,255,3405,-8046,0,0,0
737959,106,2,246,10785,1,0,1
737960,65535,255,3760,9881,0,0,0
737961,65535,255,5869,9774,0,0,0
737962,33,0,6162,-7996,1,0,1
737963,168,2,4299,-8055,1,0,1
737964,65535,255,1077,-8240,0,0,0
737965,65535,255,2752,9903,0,0,0
737966,65535,255,5301,9788,0,0,1
737967,65535,255,6591,-7987,0,0,0
737968,65535,255,5041,-8074,0,0,0
737969,65535,255,2314,-8129,0,0,0
737970,23,2,1568,9983,1,0,1
737971,65535,255,4607,9816,0,0,0
737972,65535,255,6349,9774,0,0,0
737973,65535,255,5655,-8015,0,0,0
737974,65535,255,3397,-8018,0,0,0
737975,65535,255,257,9200,0,0,0
737976,65535,255,3761,9849,0,0,0
737977,65535,255,5867,9787,0,0,0
737978,36,0,6165,-7973,1,0,1
737979,65535,255,4307,-8061,0,0,0
737980,65535,255,1089,-8099,0,0,0
737981,65535,255,2738,9905,0,0,0
737982,65535,255,5291,9810,0,0,0
737983,65535,255,6598,-7993,0,0,0
737984,41,0,5050,-8006,1,0,1
737985,24,0,2335,-8182,1,0,1
737986,45,0,1551,9753,1,0,1
737987,17,0,4596,9841,1,0,0
737988,176,2,6341,9792,1,0,1
737989,25,2,5664,-8042,1,0,1
737990,0,0,0,0,0,0,0
737991,20,0,233,10112,1,0,1
737992,65535,255,3749,9778,0,0,1
737993,65535,255,5859,9820,0,0,0
737994,8,2,6174,-8004,1,0,1
737995,34,0,4317,-8015,1,0,1
737996,65535,255,1105,-7917,0,0,0
737997,26,2,2729,9834,1,0,0
737998,17,0,5285,9781,1,0,1
737999,157,0,6603,-7979,1,0,1
738000,65535,255,5060,-8068,0,0,0
738001,65535,255,2348,-8140,0,0,0
738002,17,2,1536,9686,1,0,1
738003,65535,255,4587,9834,0,0,0
738004,65535,255,6335,9784,0,0,0
738005,35,0,5671,-8036,1,0,0
738006,65535,255,3425,-8071,0,0,0
738007,19,2,215,10134,1,0,1
738008,0,2,3741,9786,1,0,1
738009,65535,255,5852,9824,0,0,0
738010,303,2,6178,-8014,1,0,1
738011,65535,255,4324,-8035,0,0,0
738012,65535,255,1116,-8007,0,0,0
738013,17,2,2714,9881,1,0,1
738014,43,0,5277,9805,1,0,1
738015,65535,255,6607,-7996,0,0,0
738016,47,0,5066,-8015,1,0,1
738017,26,2,2358,-8005,1,0,1
738018,65535,255,1519,9834,0,0,0
738019,65535,255,4581,9779,0,0,0
738020,116,0,6330,9782,1,0,1
738021,41,0,5674,-8005,1,0,1
738022,65535,255,3429,-8009,0,0,0
738023,66,0,205,9176,1,0,1
738024,23,0,3729,9866,1,0,1
738025,65535,255,5848,9804,0,0,0
738026,65535,255,6181,-7999,0,0,0
738027,65535,255,4328,-8007,0,0,0
738028,65535,255,1128,-7919,0,0,0
738029,53,0,2704,9857,1,0,1
738030,33,0,5271,9795,1,0,1
738031,65535,255,6607,-7992,0,0,0
738032,65535,255,5066,-8011,0,0,0
738033,65535,255,2363,-8004,0,0,0
738034,9,2,1514,9835,1,0,1
738035,65535,255,4575,9785,0,0,0
738036,65535,255,6328,9763,0,0,0
738037,343,2,5677,-8018,1,0,1
738038,65535,255,3434,-8035,0,0,0
738039,138,2,198,9816,1,0,1
738040,33,0,3726,9778,1,0,1
738041,65535,255,5846,9806,0,0,0
738042,65535,255,6183,-8021,0,0,0
738043,26,0,4331,-8054,1,0,0
738044,0,0,0,0,0,0,0
738045,65535,255,2705,9776,0,0,1
738046,17,0,5269,9839,1,0,1
738047,28,0,6608,-7975,1,0,1
738048,65535,255,5069,-8073,0,0,0
738049,24,0,2368,-8165,1,0,1
738050,65535,255,1514,9770,0,0,0
738051,65535,255,4573,9804,0,0,0
738052,65535,255,6327,9790,0,0,0
738053,67,0,5676,-8014,1,0,1
738054,65535,255,3434,-8043,0,0,0
738055,65535,255,198,9988,0,0,0
738056,15,0,3730,9794,1,0,1
738057,65535,255,5848,9774,0,0,0
738058,45,0,6179,-7976,1,0,1
738059,65535,255,4335,-8097,0,0,0
738060,36,0,1133,-8040,1,0,0
738061,35,0,2704,9796,1,0,1
738062,65535,255,5269,9802,0,0,0
738063,69,0,6609,-7968,1,0,0
738064,65535,255,5072,-8008,0,0,0
738065,65535,255,2368,-8087,0,0,0
738066,65535,255,1508,9766,0,0,0
738067,0,2,4571,9807,1,0,1
738068,37,0,6326,9800,1,0,1
738069,6,2,5679,-8021,1,0,1
738070,65535,255,3446,-8108,0,0,0
738071,65535,255,193,9477,0,0,0
738072,65535,255,3722,9824,0,0,0
738073,65535,255,5841,9813,0,0,0
738074,65535,255,6185,-7975,0,0,0
738075,65535,255,4339,-8024,0,0,0
738076,65535,255,1145,-8187,0,0,0
738077,65535,255,2694,9868,0,0,0
738078,27,0,5266,9838,1,0,1
738079,65535,255,6614,-7995,0,0,0
738080,65535,255,5077,-8060,0,0,0
738081,65535,255,2373,-8021,0,0,0
738082,65535,255,1503,9681,0,0,0
738083,65535,255,4571,9789,0,0,0
738084,65535,255,6325,9793,0,0,0
738085,65535,255,5684,-8016,0,0,0
738086,40,0,3450,-8108,1,0,1
738087,65535,255,186,9651,0,0,0
738088,15,0,3721,9840,1,0,1
738089,40,0,5842,9804,1,0,1
738090,65535,255,6186,-7991,0,0,0
738091,65535,255,4339,-8057,0,0,0
738092,65535,255,1140,-7925,0,0,0
738093,65535,255,2699,9774,0,0,0
738094,41,0,5267,9803,1,0,1
738095,65535,255,6612,-7975,0,0,0
738096,11,0,5075,-8029,1,0,1
738097,7,2,2374,-8169,1,0,1
738098,65535,255,1502,9943,0,0,0
738099,28,0,4573,9777,1,0,1
738100,41,0,6328,9786,1,0,1
738101,65535,255,5682,-8016,0,0,0
738102,65535,255,3443,-8118,0,0,0
738103,52,0,191,10175,1,0,0
738104,65535,255,3724,9872,0,0,0
738105,65535,255,5849,9779,0,0,0
738106,41,0,6185,-8013,1,0,1
738107,65535,255,4335,-8060,0,0,0
738108,65535,255,1134,-8159,0,0,0
738109,65535,255,2703,9880,0,0,0
738110,45,2,5275,9779,1,0,1
738111,44,0,6609,-7961,1,0,1
738112,65535,255,5069,-8019,0,0,0
738113,65535,255,2364,-8156,0,0,0
738114,65535,255,1518,9943,0,0,1
738115,18,0,4583,9777,1,0,1
738116,65535,255,6333,9794,0,0,0
738117,0,0,0,0,0,0,0
738118,20,0,3430,-8012,1,0,1
738119,65535,255,213,10818,0,0,0
738120,65535,255,3740,9793,0,0,0
738121,65535,255,5855,9810,0,0,0
738122,65535,255,6177,-7987,0,0,0
738123,90,2,4325,-8063,1,0,1
738124,35,0,1111,-8011,1,0,1
738125,36,0,2723,9833,1,0,1
738126,62,0,5283,9838,1,0,1
738127,65535,255,6602,-7980,0,0,0
738128,46,0,5056,-8014,1,0,1
738129,60,0,2344,-8156,1,0,1
738130,13,0,1540,9962,1,0,1
738131,19,0,4597,9796,1,0,1
738132,75,2,6341,9808,1,0,1
738133,108,2,5662,-8023,1,0,1
738134,15,0,3409,-8065,1,0,1
738135,65535,255,244,9572,0,0,0
738136,156,0,3756,9833,1,0,1
738137,25,0,5865,9793,1,0,1
738138,65535,255,6169,-7994,0,0,0
738139,21,0,4311,-8010,1,0,1
738140,65535,255,1095,-7979,0,0,0
738141,65535,255,2733,9903,0,0,0
738142,65535,255,5286,9823,0,0,0
738143,65535,255,6599,-7964,0,0,0
738144,66,2,5058,-8060,1,0,1
738145,23,0,2344,-8155,1,0,1
738146,65535,255,1535,9771,0,0,0
738147,30,0,4590,9778,1,0,1
738148,65535,255,6336,9765,0,0,0
738149,101,0,5670,-8025,1,0,1
738150,149,0,3426,-8073,1,0,1
738151,65535,255,216,10607,0,0,0
738152,45,0,3736,9833,1,0,1
738153,90,0,5851,9798,1,0,1
738154,62,0,6178,-8001,1,0,1
738155,29,0,4325,-8029,1,0,1
738156,74,0,1123,-8100,1,0,1
738157,65535,255,2714,9775,0,0,0
738158,28,0,5276,9770,1,0,1
738159,40,0,6607,-7984,1,0,1
738160,50,0,5067,-8012,1,0,1
738161,65535,255,2359,-8048,0,0,0
738162,65535,255,1513,9965,0,0,0
738163,65535,255,4573,9833,0,0,0
738164,53,0,6328,9801,1,0,0
738165,20,0,5675,-8003,1,0,1
738166,80,0,3439,-8037,1,0,1
738167,19,2,197,10165,1,0,1
738168,49,0,3725,9818,1,0,0
738169,65535,255,5845,9790,0,0,0
738170,30,0,6183,-7996,1,0,1
738171,22,0,4336,-8029,1,0,1
738172,65535,255,1135,-8101,0,0,0
738173,65535,255,2697,9787,0,0,0
738174,65535,255,5266,9780,0,0,0
738175,22,0,6612,-7991,1,0,1
738176,65535,255,5074,-8028,0,0,0
738177,45,0,2375,-8101,1,0,1
738178,15,0,1506,9705,1,0,1
738179,65535,255,4567,9811,0,0,1
738180,65535,255,6325,9766,0,0,0
738181,28,0,5682,-8033,1,0,1
738182,31,0,3449,-8099,1,0,1
738183,31,0,188,8767,1,0,1
738184,65535,255,3715,9889,0,0,0
738185,36,0,5839,9786,1,0,1
738186,65535,255,6186,-7977,0,0,0
738187,65535,255,4343,-8056,0,0,0
738188,35,0,1147,-7982,1,0,1
738189,77,0,2687,9900,1,0,1
738190,65535,255,5262,9811,0,0,0
738191,34,0,6613,-7987,1,0,1
738192,38,0,5078,-8023,1,0,1
738193,20,0,2380,-8087,1,0,1
738194,93,0,1496,9725,1,0,1
738195,62,0,4565,9778,1,0,1
738196,65535,255,6323,9769,0,0,0
738197,65535,255,5684,-8042,0,0,1
738198,42,0,3453,-8124,1,0,1
738199,65535,255,185,9292,0,0,0
738200,48,0,3715,9794,1,0,1
738201,55,0,5841,9786,1,0,1
738202,65535,255,6188,-7996,0,0,0
738203,65535,255,4341,-8042,0,0,0
738204,65535,255,1147,-8186,0,0,0
738205,65535,255,2692,9833,0,0,0
738206,65535,255,5263,9809,0,0,0
738207,65535,255,6614,-7963,0,0,0
738208,65535,255,5080,-8074,0,0,0
738209,65535,255,2380,-8020,0,0,0
738210,65535,255,1495,9944,0,0,1
738211,81,0,4565,9846,1,0,1
738212,97,2,6323,9782,1,0,1
738213,18,0,5684,-8028,1,0,0
738214,0,2,3449,-8106,1,0,1
738215,4,2,186,9107,1,0,1
738216,65535,255,3719,9786,0,0,0
738217,66,0,5842,9786,1,0,1
738218,65535,255,6187,-8000,0,0,0
738219,78,0,4341,-8055,1,0,1
738220,65535,255,1142,-8273,0,0,0
738221,65535,255,2697,9869,0,0,0
738222,65535,255,5265,9830,0,0,0
738223,26,0,6612,-7980,1,0,1
738224,65535,255,5074,-8022,0,0,0
738225,65535,255,2375,-8113,0,0,0
738226,65535,255,1506,9769,0,0,0
738227,0,0,0,0,0,0,0
738228,0,0,0,0,0,0,0
738229,0,0,0,0,0,0,0
738230,0,0,0,0,0,0,0
738231,18,2,208,8544,1,0,1
738232,65535,255,3727,9881,0,0,0
738233,0,0,0,0,0,0,0
738234,65535,255,6183,-7992,0,0,0
738235,65535,255,4334,-8041,0,0,0
738236,65535,255,1130,-8245,0,0,0
738237,65535,255,2707,9881,0,0,0
738238,65535,255,5273,9834,0,0,0
738239,65535,255,6608,-7986,0,0,0
738240,65535,255,5068,-8037,0,0,0
738241,21,0,2360,-8153,1,0,1
738242,65535,255,1522,9878,0,0,0
738243,65535,255,4581,9834,0,0,0
738244,65535,255,6334,9782,0,0,0
738245,75,0,5673,-8037,1,0,1
738246,65535,255,3424,-8034,0,0,1
738247,43,0,219,10134,1,0,1
738248,65535,255,3743,9842,0,0,0
738249,65535,255,5856,9820,0,0,0
738250,30,0,6175,-7981,1,0,1
738251,36,0,4319,-8028,1,0,1
738252,22,0,1107,-8217,1,0,1
738253,154,0,2727,9881,1,0,1
738254,74,2,5285,9839,1,0,1
738255,65535,255,6601,-7993,0,0,0
738256,65535,255,5054,-8052,0,0,0
738257,12,0,2331,-7992,1,0,1
738258,65535,255,1544,9984,0,0,0
738259,53,2,4597,9806,1,0,1
738260,65535,255,6343,9781,0,0,0
738261,65535,255,5658,-8001,0,0,0
738262,104,0,3406,-8071,1,0,1
738263,0,0,0,0,0,0,0
738264,65535,255,3763,9794,0,0,0
738265,65535,255,5868,9799,0,0,0
738266,65535,255,6165,-8023,0,0,0
738267,30,0,4297,-8008,1,0,1
738268,14,2,1073,-8159,1,0,1
738269,65535,255,2757,9857,0,0,0
738270,65535,255,5300,9834,0,0,0
738271,65535,255,6591,-7997,0,0,0
738272,0,2,5036,-8060,1,0,1
738273,65535,255,2303,-8031,0,0,0
738274,65535,255,1584,9734,0,0,0
738275,0,0,0,0,0,0,0
738276,65535,255,6353,9784,0,0,0
738277,48,0,5645,-8020,1,0,1
738278,65535,255,3384,-8001,0,0,0
738279,65535,255,269,10707,0,0,0
738280,0,0,0,0,0,0,0
738281,65535,255,5870,9820,0,0,0
738282,65535,255,6161,-7996,0,0,0
738283,65535,255,4300,-8089,0,0,0
738284,65535,255,1078,-8160,0,0,0
738285,65535,255,2748,9904,0,0,0
738286,93,2,5294,9800,1,0,1
738287,52,0,6594,-7980,1,0,1
738288,139,0,5048,-8059,1,0,1
738289,20,0,2324,-8073,1,0,1
738290,65535,255,1551,9858,0,0,0
738291,18,0,4598,9805,1,0,1
738292,65535,255,6340,9799,0,0,0
738293,65535,255,5661,-8042,0,0,0
738294,13,0,3409,-8054,1,0,1
738295,65535,255,232,9559,0,0,0
738296,65535,255,3745,9866,0,0,0
738297,65535,255,5858,9791,0,0,0
738298,65535,255,6171,-7974,0,0,0
738299,65535,255,4318,-8055,0,0,0
738300,65535,255,1106,-8038,0,0,0
738301,65535,255,2723,9871,0,0,0
738302,65535,255,5281,9791,0,0,0
738303,240,2,6604,-7979,1,0,1
738304,65535,255,5062,-8058,0,0,0
738305,65535,255,2354,-8086,0,0,0
738306,65535,255,1524,9923,0,0,0
738307,0,0,0,0,0,0,0
738308,65535,255,6330,9807,0,0,0
738309,65535,255,5672,-7996,0,0,0
738310,65535,255,3435,-8107,0,0,0
738311,65535,255,205,10650,0,0,0
738312,65535,255,3729,9803,0,0,0
738313,65535,255,5845,9805,0,0,0
738314,65535,255,6182,-8010,0,0,0
738315,127,2,4333,-8021,1,0,1
738316,65535,255,1129,-7892,0,0,0
738317,0,0,0,0,0,0,0
738318,0,0,0,0,0,0,0
738319,65535,255,6611,-7969,0,0,0
738320,65535,255,5073,-8032,0,0,0
738321,12,2,2374,-7993,1,0,0
738322,11,2,1502,9728,1,0,1
738323,65535,255,4563,9823,0,0,0
738324,65535,255,6322,9771,0,0,0
738325,35,0,5685,-8001,1,0,1
738326,65535,255,3456,-8114,0,0,0
738327,65535,255,175,10587,0,0,1
738328,0,0,0,0,0,0,0
738329,25,0,5835,9808,1,0,1
738330,65535,255,6193,-7983,0,0,0
738331,65535,255,4354,-8067,0,0,0
738332,65535,255,1162,-8070,0,0,0
738333,65535,255,2674,9871,0,0,0
738334,65535,255,5253,9781,0,0,0
738335,65535,255,6621,-7971,0,0,0
738336,118,2,5093,-8041,1,0,0
738337,65535,255,2403,-8033,0,0,0
738338,65535,255,1468,9790,0,0,0
738339,65535,255,4546,9848,0,0,0
738340,0,0,0,0,0,0,0
738341,65535,255,5699,-8027,0,0,0
738342,33,0,3477,-8036,1,0,1
738343,65535,255,148,8696,0,0,0
738344,73,2,3684,9844,1,0,1
738345,65535,255,5825,9778,0,0,0
738346,65535,255,6205,-8021,0,0,0
738347,65535,255,4371,-8035,0,0,0
738348,8,0,1191,-7958,1,0,1
738349,65535,255,2649,9836,0,0,0
738350,65535,255,5240,9803,0,0,0
738351,65535,255,6630,-7965,0,0,0
738352,65535,255,5106,-8036,0,0,0
738353,65535,255,2428,-8033,0,0,0
738354,65535,255,1441,9811,0,0,0
738355,65535,255,4530,9860,0,0,0
738356,150,2,6302,9796,1,0,1
738357,65535,255,5710,-8039,0,0,0
738358,65535,255,3497,-8061,0,0,0
738359,15,0,117,9788,1,0,1
738360,65535,255,3666,9883,0,0,0
738361,138,2,5814,9804,1,0,0
738362,76,2,6213,-7986,1,0,1
738363,56,0,4389,-8078,1,0,1
738364,0,0,0,0,0,0,0
738365,0,0,0,0,0,0,0
738366,0,0,0,0,0,0,0
738367,0,0,0,0,0,0,0
738368,0,0,0,0,0,0,0
738369,0,0,0,0,0,0,0
738370,0,0,0,0,0,0,0
738371,0,0,0,0,0,0,0
738372,0,0,0,0,0,0,0
738373,65535,255,5720,-8038,0,0,0
738374,0,0,0,0,0,0,0
738375,0,0,0,0,0,0,0
738376,34,0,3656,9787,1,0,1
738377,0,0,0,0,0,0,0
738378,0,0,0,0,0,0,0
738379,0,0,0,0,0,0,0
738380,0,0,0,0,0,0,0
738381,0,0,0,0,0,0,0
738382,0,0,0,0,0,0,0
738383,0,0,0,0,0,0,0
738384,0,0,0,0,0,0,0
738385,0,0,0,0,0,0,0
738386,0,0,0,0,0,0,0
738387,0,0,0,0,0,0,0
738388,0,0,0,0,0,0,0
738389,0,0,0,0,0,0,0
738390,0,0,0,0,0,0,0
738391,0,0,0,0,0,0,0
738392,0,0,0,0,0,0,0
738393,0,0,0,0,0,0,0
738394,0,0,0,0,0,0,0
738395,0,0,0,0,0,0,0
738396,0,0,0,0,0,0,0
738397,65535,255,2600,9823,0,0,0
738398,65535,255,5214,9781,0,0,0
738399,65535,255,6646,-7980,0,0,0
738400,65535,255,5132,-8043,0,0,0
738401,51,0,2476,-8148,1,0,1
738402,35,2,1397,9714,1,0,1
738403,65535,255,4499,9848,0,0,0
738404,65535,255,6286,9797,0,0,0
738405,46,2,5727,-7986,1,0,1
738406,65535,255,3531,-8103,0,0,0
738407,65535,255,80,12728,0,0,0
738408,65535,255,3637,9827,0,0,1
738409,38,0,5795,9783,1,0,1
738410,65535,255,6225,-7981,0,0,0
738411,65535,255,4410,-8084,0,0,0
738412,65535,255,1258,-8254,0,0,0
738413,65535,255,2595,9811,0,0,0
738414,65535,255,5211,9776,0,0,0
738415,65535,255,6646,-7983,0,0,0
738416,33,0,5131,-7998,1,0,1
738417,65535,255,2472,-7981,0,0,0
738418,41,0,1390,9785,1,0,1
738419,65535,255,4500,9773,0,0,0
738420,176,0,6284,9779,1,0,1
738421,65535,255,5728,-8012,0,0,0
738422,65535,255,3531,-8033,0,0,0
738423,65535,255,71,9267,0,0,0
738424,65535,255,3638,9777,0,0,0
738425,65535,255,5794,9806,0,0,0
738426,0,0,0,0,0,0,0
738427,65535,255,4410,-8065,0,0,0
738428,65535,255,1252,-8201,0,0,0
738429,65535,255,2601,9799,0,0,0
738430,65535,255,5212,9781,0,0,0
738431,65535,255,6645,-7986,0,0,0
738432,65535,255,5128,-8013,0,0,0
738433,65535,255,2471,-8032,0,0,0
738434,18,0,1396,9906,1,0,1
738435,24,0,4503,9812,1,0,1
738436,65535,255,6287,9783,0,0,0
738437,65535,255,5725,-8001,0,0,0
738438,69,0,3527,-8120,1,0,0
738439,65535,255,90,7490,0,0,0
738440,65535,255,3642,9877,0,0,0
738441,65535,255,5800,9822,0,0,0
738442,65535,255,6220,-8015,0,0,0
738443,134,0,4403,-8071,1,0,1
738444,17,0,1241,-7933,1,0,1
738445,16,0,2601,9922,1,0,1
738446,65535,255,5212,9777,0,0,0
738447,65535,255,6646,-7995,0,0,0
738448,65535,255,5137,-8049,0,0,0
738449,65535,255,2482,-7980,0,0,0
738450,36,0,1373,9932,1,0,1
738451,65535,255,4490,9850,0,0,0
738452,65535,255,6280,9768,0,0,0
738453,65535,255,5739,-8037,0,0,0
738454,65535,255,3549,-8017,0,0,0
738455,65535,255,38,12322,0,0,0
738456,65535,255,3611,9863,0,0,0
738457,83,2,5780,9803,1,0,1
738458,65535,255,6239,-7988,0,0,0
738459,65535,255,4438,-8045,0,0,0
738460,65535,255,1304,-8250,0,0,0
738461,65535,255,2555,9912,0,0,0
738462,63,0,5184,9773,1,0,1
738463,65535,255,6662,-7949,0,0,1
738464,35,0,5163,-8064,1,0,1
738465,23,0,2526,-8046,1,0,1
738466,65535,255,1327,9710,0,0,0
738467,77,0,4461,9801,1,0,0
738468,65535,255,6262,9799,0,0,0
738469,63,0,5759,-8023,1,0,1
738470,65535,255,3587,-8118,0,0,0
738471,65535,255,12,-10194,0,0,0
738472,77,0,3576,9855,1,0,0
738473,45,0,5763,9794,1,0,1
738474,65535,255,6256,-7995,0,0,0
738475,43,0,4465,-8063,1,0,1
738476,65535,255,1337,-7996,0,0,0
738477,65535,255,2520,9788,0,0,0
738478,155,2,5164,9814,1,0,1
738479,65535,255,6674,-8001,0,0,0
738480,26,0,5175,-8011,1,0,1
738481,33,0,2551,-8162,1,0,1
738482,65535,255,1315,9713,0,0,0
738483,65535,255,4454,9815,0,0,0
738484,102,0,6260,9769,1,0,1
738485,60,0,5761,-8014,1,0,1
738486,23,0,3583,-8004,1,0,1
738487,19,0,48,946,1,0,1
738488,17,0,3590,9825,1,0,0
738489,65535,255,5771,9773,0,0,0
738490,37,2,6250,-8018,1,0,1
738491,17,0,4448,-8036,1,0,1
738492,65535,255,1315,-7998,0,0,0
738493,65535,255,2550,9847,0,0,0
738494,192,0,5184,9784,1,0,1
738495,65535,255,6663,-7979,0,0,1
738496,45,2,5160,-8062,1,0,0
738497,96,0,2522,-8111,1,0,1
738498,57,0,1344,9982,1,0,1
738499,65535,255,4478,9809,0,0,0
738500,63,0,6275,9769,1,0,1
738501,90,0,5747,-8018,1,0,1
738502,65535,255,3558,-8029,0,0,0
738503,65535,255,48,6746,0,0,0
738504,33,0,3615,9859,1,0,1
738505,65535,255,5786,9799,0,0,0
738506,65535,255,6236,-7988,0,0,0
738507,19,2,4425,-8087,1,0,1
738508,33,0,1276,-8231,1,0,1
738509,65,0,2589,9785,1,0,0
738510,39,0,5204,9835,1,0,1
738511,65535,255,6650,-7969,0,0,0
738512,38,0,5138,-8048,1,0,1
738513,18,2,2477,-8088,1,0,1
738514,28,2,1389,9954,1,0,1
738515,65535,255,4505,9815,0,0,0
738516,65535,255,6291,9776,0,0,0
738517,43,0,5725,-8032,1,0,1
738518,28,2,3520,-8063,1,0,1
738519,65535,255,87,10542,0,0,0
738520,65535,255,3656,9793,0,0,0
738521,45,0,5808,9764,1,0,1
