sdate,line_t,line_tmq,line_tvza,line_tvaa,line_tm2,line_QFDNB,line_tm_buf
735235,228,2,1979,10093,1,0,1
735236,65535,255,4178,9708,0,0,0
735237,65535,255,5387,-6841,0,0,0
735238,265,2,3888,-7176,1,0,1
735239,65535,255,1666,-7410,0,0,0
735240,56,0,1095,10223,1,0,0
735241,65535,255,3539,9742,0,0,0
735242,65535,255,5240,9451,0,0,0
735243,65535,255,4454,-7114,0,0,0
735244,65535,255,2489,-7528,0,0,0
735245,65535,255,184,8895,0,0,0
735246,65535,255,2816,9837,0,0,0
735247,65535,255,4755,9573,0,0,0
735248,65535,255,4946,-6977,0,0,0
735249,65535,255,3218,-7272,0,0,0
735250,65535,255,749,-7477,0,0,0
735251,65535,255,2000,9993,0,0,0
735252,67,0,4192,9665,1,0,1
735253,65535,255,5382,-6881,0,0,0
735254,65535,255,3884,-7237,0,0,0
735255,93,0,1661,-7568,3,0,0
735256,65535,255,1101,9979,0,0,0
735257,197,2,3538,9802,1,0,1
735258,65535,255,5237,9444,0,0,0
735259,65535,255,4463,-7096,0,0,0
735260,75,0,2499,-7386,3,0,0
735261,5,2,157,9515,1,0,1
735262,65535,255,2795,9843,0,0,0
735263,65535,255,4739,9594,0,0,0
735264,65535,255,4964,-6988,0,0,0
735265,65535,255,3249,-7286,0,0,0
735266,65535,255,789,-7817,0,0,0
735267,65535,255,1969,9883,0,0,0
735268,65535,255,4168,9629,0,0,0
735269,65535,255,5398,-6862,0,0,0
735270,65535,255,3910,-7217,0,0,0
735271,65535,255,1693,-7544,0,0,0
735272,65535,255,1061,9979,0,0,0
735273,65535,255,3509,9816,0,0,0
735274,256,0,5220,9415,1,0,1
735275,196,0,4482,-7069,1,0,1
735276,65535,255,2529,-7444,0,0,0
735277,65535,255,122,10948,0,0,0
735278,65535,255,2767,9914,0,0,0
735279,65535,255,4720,9551,0,0,0
735280,65535,255,4976,-6952,0,0,0
735281,195,2,3272,-7376,3,0,1
735282,138,0,818,-7606,3,0,1
735283,52,0,1931,10087,3,0,1
735284,120,0,4143,9679,3,0,0
735285,212,0,5410,-6858,3,0,0
735286,65535,255,3926,-7221,0,0,0
735287,65535,255,1721,-7559,0,0,0
735288,65535,255,1032,10045,0,0,0
735289,65535,255,3488,9837,0,0,0
735290,65535,255,5203,9429,0,0,0
735291,65535,255,4495,-7079,0,0,0
735292,132,0,2553,-7453,1,0,1
735293,65535,255,93,11184,0,0,0
735294,65535,255,2738,9896,0,0,0
735295,106,0,4701,9532,1,0,1
735296,124,0,4992,-6963,1,0,1
735297,85,0,3294,-7334,1,0,1
735298,256,0,848,-7407,1,0,1
735299,0,0,0,0,0,0,0
735300,65535,255,4124,9670,0,0,0
735301,65535,255,5423,-6869,0,0,0
735302,65535,255,3944,-7143,0,0,0
735303,150,0,1749,-7649,1,0,1
735304,96,0,1003,10145,1,0,1
735305,65535,255,3463,9728,0,0,0
735306,65535,255,5186,9449,0,0,0
735307,65535,255,4513,-7112,0,0,0
735308,65535,255,2573,-7338,0,0,0
735309,145,0,70,7625,1,0,1
735310,65535,255,2714,9829,0,0,0
735311,65535,255,4681,9600,0,0,0
735312,260,0,5007,-7003,1,0,1
735313,134,0,3312,-7331,1,0,1
735314,23,2,877,-7451,1,0,1
735315,114,0,1881,10008,3,0,0
735316,65535,255,4105,9703,0,0,0
735317,65535,255,5432,-6846,0,0,0
735318,65535,255,3960,-7206,0,0,0
735319,65535,255,1770,-7533,0,0,0
735320,65535,255,980,10014,0,0,0
735321,65535,255,3446,9845,0,0,0
735322,65535,255,5175,9441,0,0,0
735323,65535,255,4526,-7115,0,0,0
735324,65535,255,2593,-7373,0,0,0
735325,65535,255,41,9129,0,0,0
735326,65535,255,2699,9890,0,0,0
735327,140,0,4675,9554,1,0,0
735328,194,0,5013,-6969,1,0,1
735329,65535,255,3326,-7282,0,0,0
735330,50,0,894,-7499,1,0,1
735331,65535,255,1864,9994,0,0,0
735332,65535,255,4098,9704,0,0,0
735333,65535,255,5439,-6858,0,0,0
735334,65535,255,3971,-7233,0,0,0
735335,65535,255,1782,-7628,0,0,0
735336,65535,255,969,10322,0,0,0
735337,65535,255,3437,9803,0,0,0
735338,80,0,5172,9427,1,0,1
735339,95,0,4533,-7114,1,0,1
735340,65535,255,2603,-7396,0,0,0
735341,65535,255,37,12640,0,0,0
735342,39,0,2689,9963,1,0,1
735343,60,0,4668,9603,1,0,1
735344,65535,255,5018,-6941,0,0,0
735345,65535,255,3330,-7263,0,0,0
735346,65535,255,900,-7894,0,0,0
735347,65535,255,1864,10011,0,0,0
735348,94,0,4093,9728,1,0,1
735349,86,0,5442,-6885,1,0,1
735350,65535,255,3974,-7174,0,0,0
735351,65535,255,1787,-7532,0,0,0
735352,65535,255,968,10152,0,0,0
735353,65535,255,3441,9776,0,0,0
735354,65535,255,5172,9462,0,0,0
735355,65535,255,4533,-7114,0,0,0
735356,65535,255,2602,-7421,0,0,0
735357,28,2,55,8405,1,0,1
735358,104,0,2693,9856,1,0,1
735359,160,2,4674,9556,1,0,0
735360,65535,255,5994,9226,0,0,0
735361,175,0,3329,-7350,1,0,1
735362,76,2,894,-7862,1,0,0
735363,65535,255,1869,10030,0,0,0
735364,65535,255,4101,9641,0,0,0
735365,65535,255,5612,9348,0,0,0
735366,65535,255,6634,9025,0,0,0
735367,205,0,1776,-7441,1,0,1
735368,100,0,974,10049,1,0,1
735369,65535,255,3449,9767,0,0,0
735370,65535,255,5180,9432,0,0,0
735371,65535,255,6335,9140,0,0,0
735372,65535,255,-32768,-32768,0,65535,1
735373,65535,255,46,10751,0,0,0
735374,91,0,2706,9874,1,0,1
735375,92,0,4680,9549,1,0,0
735376,87,0,6000,9228,1,0,0
735377,65535,255,6907,8892,0,0,0
735378,65535,255,-32768,-32768,0,65535,0
735379,65535,255,1886,9906,0,0,0
735380,26,2,4112,9711,1,0,1
735381,41,0,5620,9333,1,0,1
735382,0,0,0,0,0,0,0
735383,65535,255,-32768,-32768,0,65535,0
735384,65535,255,997,10148,0,0,0
735385,65535,255,3462,9817,0,0,0
735386,65535,255,5188,9471,0,0,0
735387,65535,255,6343,9123,0,0,0
735388,65535,255,-32768,-32768,0,65535,0
735389,65535,255,-32768,-32768,0,65535,1
735390,65535,255,2728,9817,0,0,0
735391,224,2,4696,9563,1,0,1
735392,187,0,6009,9246,1,0,1
735393,0,0,0,0,0,0,0
735394,65535,255,-32768,-32768,0,65535,0
735395,65535,255,-32768,-32768,0,65535,1
735396,65535,255,4131,9686,0,0,0
735397,65535,255,5633,9324,0,0,0
735398,93,0,6648,9020,1,0,1
735399,65535,255,-32768,-32768,0,65535,0
735400,65535,255,-32768,-32768,0,65535,1
735401,47,0,3484,9718,1,0,1
735402,40,0,5203,9421,1,0,1
735403,127,0,6351,9124,1,0,1
735404,0,0,0,0,0,0,0
735405,65535,255,-32768,-32768,0,65535,0
735406,65535,255,-32768,-32768,0,65535,1
735407,152,0,4713,9543,1,0,1
735408,358,2,6021,9238,1,0,1
735409,0,0,0,0,0,0,0
735410,65535,255,-32768,-32768,0,65535,1
735411,65535,255,-32768,-32768,0,65535,1
735412,55,0,4150,9709,1,0,1
735413,57,0,5644,9348,1,0,0
735414,65535,255,6658,8992,0,0,1
735415,65535,255,-32768,-32768,0,65535,1
735416,65535,255,-32768,-32768,0,65535,1
735417,171,0,3509,9817,1,0,1
735418,65535,255,5217,9484,0,0,0
735419,110,0,6363,9141,1,0,1
735420,65535,255,-32768,-32768,0,65535,1
735421,65535,255,-32768,-32768,0,65535,0
735422,65535,255,2784,9846,0,0,0
735423,84,0,4733,9567,1,0,1
735424,65535,255,6034,9219,0,0,0
735425,65535,255,6933,8883,0,0,0
735426,65535,255,-32768,-32768,0,65535,0
735427,75,0,1974,9999,1,0,1
735428,65535,255,4175,9677,0,0,0
735429,65535,255,5662,9330,0,0,0
735430,65535,255,6670,8984,0,0,1
735431,65535,255,-32768,-32768,0,65535,1
735432,163,0,1102,9922,1,0,1
735433,65535,255,3535,9770,0,0,0
735434,259,0,5235,9453,1,0,1
735435,96,0,6371,9116,1,0,1
735436,65535,255,-32768,-32768,0,65535,1
735437,257,0,161,10370,1,0,1
735438,60,0,2795,9856,1,0,1
735439,39,2,4736,9590,1,0,1
735440,173,0,6035,9213,1,0,1
735441,60,0,3242,-7305,1,0,1
735442,66,0,783,-7564,1,0,1
735443,72,0,1968,10000,1,0,1
735444,65535,255,4168,9671,0,0,0
735445,121,0,5654,9327,1,0,1
735446,73,0,3904,-7231,1,0,1
735447,59,0,1688,-7543,1,0,1
735448,282,0,1073,9921,1,0,1
735449,76,0,3513,9782,1,0,1
735450,65535,255,5220,9468,0,0,0
735451,72,0,4475,-7119,1,0,1
735452,146,0,2519,-7429,1,0,1
735453,163,0,141,8247,1,0,1
735454,65535,255,2771,9949,0,0,0
735455,65535,255,4723,9558,0,0,0
735456,112,0,4971,-6951,1,0,1
735457,235,0,3263,-7358,1,0,1
735458,26,0,813,-7443,1,0,1
735459,55,0,1941,9986,1,0,1
735460,65535,255,4150,9675,0,0,0
735461,200,0,5407,-6891,1,0,1
735462,109,0,3922,-7257,1,0,1
735463,110,0,1710,-7618,1,0,1
735464,24,0,1044,10078,1,0,1
735465,148,0,3496,9846,1,0,1
735466,65535,255,5211,9430,0,0,0
735467,41,0,4489,-7085,1,0,1
735468,75,0,2539,-7467,1,0,1
735469,114,0,107,11691,1,0,1
735470,65535,255,2752,9930,0,0,0
735471,65535,255,4713,9554,0,0,0
735472,65535,255,4982,-6960,0,0,0
735473,51,0,3281,-7241,1,0,0
735474,212,2,830,-7686,1,0,1
735475,64,0,1924,10108,1,0,1
735476,145,0,4142,9622,1,0,1
735477,166,0,5415,-6864,1,0,1
735478,73,0,3933,-7225,1,0,1
735479,65535,255,1727,-7577,0,0,0
735480,255,0,1032,10079,1,0,1
735481,62,0,3486,9757,1,0,1
735482,181,0,5205,9442,1,0,1
735483,103,0,4498,-7108,1,0,1
735484,150,0,2548,-7341,1,0,1
735485,65535,255,101,8818,0,0,0
735486,65535,255,2748,9852,0,0,0
735487,54,0,4706,9527,1,0,1
735488,65535,255,4991,-6936,0,0,0
735489,171,0,3289,-7362,1,0,1
735490,18,0,841,-7604,1,0,1
735491,137,0,1914,10110,1,0,1
735492,65535,255,4135,9636,0,0,0
735493,65535,255,5420,-6877,0,0,0
735494,65535,255,3937,-7143,0,0,0
735495,40,0,1732,-7405,1,0,0
735496,78,0,1020,10308,1,0,1
735497,139,0,3483,9789,1,0,1
735498,140,0,5200,9451,1,0,1
735499,82,0,4502,-7088,1,0,1
735500,65,0,2556,-7429,1,0,1
735501,269,2,96,8725,1,0,1
735502,122,0,2743,9864,1,0,1
735503,255,2,4706,9545,1,0,1
735504,217,2,4991,-6963,1,0,1
735505,65535,255,3289,-7278,0,0,0
735506,65535,255,842,-7327,0,0,0
735507,65535,255,1919,10007,0,0,0
735508,253,0,4135,9714,1,0,1
735509,65535,255,5417,-6868,0,0,0
735510,65535,255,3937,-7234,0,0,0
735511,65535,255,1732,-7423,0,0,0
735512,65535,255,1027,9887,0,0,0
735513,65535,255,3483,9832,0,0,0
735514,65535,255,5202,9448,0,0,0
735515,65535,255,4498,-7038,0,0,0
735516,65535,255,2553,-7439,0,0,0
735517,65535,255,108,8157,0,0,0
735518,65535,255,2748,9841,0,0,0
735519,65535,255,4706,9539,0,0,0
735520,34,0,4988,-6969,1,0,1
735521,65535,255,3285,-7316,0,0,0
735522,65535,255,830,-7524,0,0,0
735523,65535,255,1925,9955,0,0,0
735524,65535,255,4139,9671,0,0,1
735525,65535,255,5412,-6850,0,0,0
735526,65535,255,3929,-7240,0,0,0
735527,65535,255,1716,-7424,0,0,0
735528,65535,255,1038,9984,0,0,0
735529,65535,255,3492,9744,0,0,0
735530,65535,255,5206,9483,0,0,0
735531,65535,255,4489,-7102,0,0,0
735532,65535,255,2533,-7404,0,0,0
735533,65535,255,116,12185,0,0,0
735534,65535,255,2762,9862,0,0,0
735535,65535,255,4716,9560,0,0,0
735536,65535,255,4977,-7009,0,0,0
735537,65535,255,3267,-7252,0,0,0
735538,65535,255,813,-7360,0,0,0
735539,71,0,1941,10106,1,0,1
735540,65535,255,4154,9675,0,0,0
735541,65535,255,5402,-6866,0,0,0
735542,65535,255,3911,-7169,0,0,0
735543,65535,255,1694,-7598,0,0,0
735544,73,2,1063,10190,1,0,1
735545,65535,255,3514,9724,0,0,1
735546,65535,255,5221,9459,0,0,0
735547,65535,255,4472,-7124,0,0,0
735548,65535,255,2509,-7482,0,0,0
735549,143,0,144,10162,1,0,1
735550,68,0,2786,9825,1,0,1
735551,67,0,4733,9563,1,0,1
735552,65535,255,4956,-6937,0,0,0
735553,65535,255,3240,-7312,0,0,0
735554,65535,255,778,-7734,0,0,0
735555,215,2,1979,10049,1,0,1
735556,65535,255,4179,9678,0,0,0
735557,0,0,0,0,0,0,0
735558,65535,255,3884,-7165,0,0,0
735559,210,2,1661,-7584,1,0,0
735560,65535,255,1090,10290,0,0,0
735561,65535,255,3531,9789,0,0,0
735562,65535,255,5229,9478,0,0,0
735563,54,0,4462,-7101,1,0,1
735564,149,0,2499,-7420,1,0,1
735565,50,0,153,9071,1,0,1
735566,84,0,2785,9927,1,0,1
735567,45,0,4733,9523,1,0,1
735568,65535,255,4961,-6973,0,0,0
735569,133,0,3249,-7358,1,0,1
735570,65535,255,796,-7937,0,0,0
735571,86,0,1958,10105,1,0,1
735572,60,0,4161,9689,1,0,1
735573,99,0,5397,-6881,1,0,1
735574,59,0,3907,-7206,1,0,1
735575,86,0,1694,-7424,1,0,1
735576,65535,255,1061,10110,0,0,0
735577,65535,255,3509,9820,0,0,0
735578,121,2,5214,9476,1,0,0
735579,65535,255,4479,-7116,0,0,0
735580,65535,255,2524,-7492,0,0,0
735581,65535,255,123,11234,0,0,0
735582,13,2,2767,9874,1,0,1
735583,65535,255,4719,9602,0,0,0
735584,65535,255,4973,-6981,0,0,0
735585,88,0,3267,-7260,1,0,1
735586,192,2,813,-7604,1,0,1
735587,65535,255,1941,10022,0,0,0
735588,65535,255,4149,9685,0,0,0
735589,65535,255,5407,-6888,0,0,0
735590,65535,255,3922,-7247,0,0,0
735591,65535,255,1710,-7596,0,0,0
735592,65535,255,1050,10016,0,0,0
735593,65535,255,3497,9814,0,0,0
735594,65535,255,5211,9488,0,0,0
735595,174,2,4485,-7052,1,0,0
735596,65535,255,2533,-7402,0,0,0
735597,65535,255,115,9855,0,0,0
735598,65535,255,2762,9852,0,0,0
735599,65535,255,4716,9603,0,0,0
735600,242,0,4979,-6996,1,0,1
735601,65535,255,3271,-7306,0,0,0
735602,65535,255,825,-7923,0,0,0
735603,0,0,0,0,0,0,0
735604,65535,255,4149,9658,0,0,0
735605,65535,255,5409,-6887,0,0,0
735606,65535,255,3922,-7146,0,0,0
735607,65535,255,1716,-7671,0,0,0
735608,65535,255,1043,10208,0,0,0
735609,65535,255,3500,9753,0,0,0
735610,65535,255,5210,9468,0,0,0
735611,65535,255,4485,-7040,0,0,0
735612,65535,255,2533,-7403,0,0,0
735613,65535,255,116,10720,0,0,0
735614,65535,255,2762,9920,0,0,0
735615,65535,255,4719,9562,0,0,0
735616,65535,255,4979,-6969,0,0,0
735617,65535,255,3267,-7288,0,0,0
735618,65535,255,819,-7926,0,0,0
735619,65535,255,1941,9973,0,0,0
735620,65535,255,4153,9685,0,0,0
735621,65535,255,5404,-6836,0,0,0
735622,65535,255,3918,-7159,0,0,0
735623,47,0,1710,-7653,1,0,1
735624,43,0,1049,10112,1,0,1
735625,20,0,3500,9831,1,0,1
735626,65535,255,5213,9422,0,0,0
735627,65535,255,4485,-7064,0,0,0
735628,80,0,2533,-7414,1,0,1
735629,65535,255,116,9857,0,0,0
735630,65535,255,2767,9852,0,0,0
735631,65535,255,4719,9603,0,0,0
735632,65535,255,4976,-6996,0,0,0
735633,65535,255,3267,-7297,0,0,0
735634,65535,255,818,-7845,0,0,0
735635,65535,255,1941,9989,0,0,0
735636,65535,255,4150,9679,0,0,0
735637,65535,255,5404,-6825,0,0,0
735638,86,0,3918,-7158,1,0,1
735639,65535,255,1705,-7403,0,0,0
735640,0,0,0,0,0,0,0
735641,65535,255,3504,9762,0,0,0
735642,65535,255,5214,9473,0,0,0
735643,65535,255,4482,-7046,0,0,0
735644,57,0,2528,-7415,1,0,1
735645,65535,255,121,10699,0,0,0
735646,65535,255,2766,9920,0,0,0
735647,65535,255,4723,9562,0,0,0
735648,170,2,4971,-6970,1,0,1
735649,65535,255,3263,-7278,0,0,0
735650,65535,255,807,-7930,0,0,0
735651,96,0,1952,9971,1,0,1
735652,65535,255,4157,9691,0,0,0
735653,65535,255,5399,-6846,0,0,0
735654,188,0,3910,-7219,1,0,1
735655,48,0,1694,-7597,1,0,1
735656,65535,255,1066,10174,0,0,0
735657,65535,255,3513,9769,0,0,0
735658,65535,255,5220,9474,0,0,0
735659,65535,255,4472,-7091,0,0,0
735660,65535,255,2509,-7354,0,0,0
735661,65535,255,144,10165,0,0,0
735662,65535,255,2785,9940,0,0,0
735663,65535,255,4733,9594,0,0,0
735664,65535,255,4958,-6940,0,0,0
735665,94,0,3240,-7262,1,0,1
735666,50,0,778,-7347,1,0,1
735667,22,0,1974,10068,1,0,1
735668,80,0,4175,9653,1,0,1
735669,65535,255,5383,-6841,0,0,0
735670,121,2,3888,-7237,1,0,1
735671,251,2,1661,-7582,1,0,1
735672,31,0,1090,10017,1,0,1
735673,97,0,3526,9836,1,0,1
735674,65535,255,5229,9429,0,0,0
735675,105,0,4462,-7086,1,0,1
735676,65535,255,2504,-7481,0,0,0
735677,65535,255,149,11736,0,0,0
735678,227,2,2781,9974,1,0,1
735679,65535,255,4726,9584,0,0,0
735680,45,0,4968,-6986,1,0,1
735681,65535,255,3258,-7316,0,0,0
735682,65535,255,807,-7395,0,0,0
735683,197,0,1947,10040,1,0,1
735684,65535,255,4150,9720,0,0,0
735685,65535,255,5405,-6862,0,0,0
735686,154,0,3919,-7246,1,0,1
735687,44,0,1711,-7421,1,0,1
735688,65535,255,1039,10339,0,0,0
735689,188,0,3493,9816,1,0,1
735690,271,0,5206,9439,1,0,1
735691,106,0,4492,-7123,1,0,1
735692,65535,255,2544,-7412,0,0,0
735693,199,0,103,12085,1,0,1
735694,65535,255,2743,9833,0,0,0
735695,65535,255,4704,9537,0,0,0
735696,35,0,4988,-6965,1,0,1
735697,65535,255,3290,-7311,0,0,0
735698,211,0,841,-7598,1,0,1
735699,255,0,1914,9908,1,0,1
735700,169,0,4128,9690,1,0,1
735701,198,0,5418,-6863,1,0,0
735702,65535,255,3941,-7153,0,0,0
735703,64,0,1743,-7531,1,0,1
735704,44,2,1009,10183,1,0,1
735705,123,0,3471,9802,1,0,1
735706,196,0,5192,9453,1,0,1
735707,275,0,4505,-7064,1,0,0
735708,65535,255,2568,-7347,0,0,0
735709,76,0,72,11960,1,0,0
735710,65535,255,2723,9845,0,0,0
735711,65535,255,4690,9569,0,0,0
735712,40,2,5000,-6930,1,0,1
735713,256,0,3303,-7290,1,0,1
735714,45,0,865,-7637,1,0,1
735715,115,0,1892,9979,1,0,1
735716,65535,255,4120,9642,0,0,0
735717,65535,255,5426,-6847,0,0,0
735718,65535,255,3951,-7158,0,0,0
735719,65535,255,1754,-7586,0,0,0
735720,123,0,998,9887,1,0,1
735721,65535,255,3462,9752,0,0,0
735722,65535,255,5188,9440,0,0,0
735723,189,0,4516,-7068,1,0,1
735724,181,0,2573,-7395,1,0,1
735725,17,0,73,7244,1,0,1
735726,65535,255,2718,9952,0,0,0
735727,36,0,4687,9541,1,0,1
735728,65535,255,6003,9236,0,0,0
735729,234,0,3307,-7299,1,0,1
735730,44,2,870,-7750,1,0,1
735731,277,0,1891,10083,1,0,1
735732,79,0,4115,9701,1,0,1
735733,271,0,5623,9341,1,0,1
735734,106,0,6640,9038,1,0,1
735735,65535,255,1759,-7586,0,0,0
735736,92,0,997,9987,1,0,1
735737,45,2,3462,9804,1,0,1
735738,170,0,5188,9475,1,0,1
735739,65535,255,6341,9140,0,0,0
735740,0,0,0,0,0,0,0
735741,65535,255,78,7468,0,0,0
735742,65535,255,2718,9976,0,0,0
735743,80,0,4691,9569,1,0,1
735744,134,0,6005,9264,1,0,1
735745,65535,255,6911,8890,0,0,0
735746,65535,255,-32768,-32768,0,65535,0
735747,51,0,1897,10048,1,0,1
735748,128,0,4120,9700,1,0,1
735749,65535,255,5626,9349,0,0,0
735750,65535,255,6644,8999,0,0,0
735751,65535,255,-32768,-32768,0,65535,0
735752,65535,255,-32768,-32768,0,65535,1
735753,94,0,3471,9751,1,0,1
735754,64,0,5194,9454,1,0,1
735755,65535,255,6345,9131,0,0,0
735756,0,0,0,0,0,0,0
735757,65535,255,-32768,-32768,0,65535,1
735758,65535,255,-32768,-32768,0,65535,1
735759,40,0,4697,9591,1,0,1
735760,226,0,6012,9225,1,0,1
735761,0,0,0,0,0,0,0
735762,65535,255,-32768,-32768,0,0,1
735763,65535,255,-32768,-32768,0,65535,0
735764,44,0,4131,9669,1,0,1
735765,65535,255,5633,9338,0,0,0
735766,0,0,0,0,0,0,0
735767,65535,255,-32768,-32768,0,65535,0
735768,65535,255,-32768,-32768,0,65535,0
735769,65535,255,-32768,-32768,0,65535,1
735770,65535,255,5203,9482,0,0,0
735771,149,0,6351,9133,1,0,1
735772,0,0,0,0,0,0,0
735773,0,0,0,0,0,0,0
735774,65535,255,-32768,-32768,0,65535,0
735775,59,0,4710,9577,1,0,1
735776,121,0,6019,9219,1,0,1
735777,0,0,0,0,0,0,0
735778,65535,255,-32768,-32768,0,65535,1
735779,65535,255,-32768,-32768,0,65535,0
735780,25,0,4146,9694,1,0,1
735781,83,0,5641,9358,1,0,1
735782,0,0,0,0,0,0,0
735783,65535,255,-32768,-32768,0,65535,1
735784,65535,255,-32768,-32768,0,65535,1
735785,77,0,3497,9747,1,0,0
735786,39,0,5209,9424,1,0,1
735787,185,0,6354,9142,1,0,1
735788,65535,255,-32768,-32768,0,65535,0
735789,65535,255,-32768,-32768,0,65535,1
735790,65535,255,2757,9844,0,0,0
735791,71,0,4712,9572,1,0,1
735792,72,0,6019,9247,1,0,1
735793,65535,255,6921,8909,0,0,0
735794,65535,255,-32768,-32768,0,65535,0
735795,134,0,1930,10027,1,0,1
735796,138,0,4143,9660,1,0,1
735797,191,0,5639,9372,1,0,1
735798,65535,255,6653,9006,0,0,1
735799,65535,255,-32768,-32768,0,65535,1
735800,65535,255,1038,9987,0,0,0
735801,65535,255,3493,9782,0,0,0
735802,65535,255,5206,9455,0,0,1
735803,95,0,6354,9113,1,0,1
735804,65535,255,-32768,-32768,0,65535,0
735805,58,2,112,8958,1,0,0
735806,65535,255,2752,9969,0,0,0
735807,65535,255,4710,9548,0,0,0
735808,65535,255,6017,9236,0,0,0
735809,65535,255,3272,-7294,0,0,0
735810,65535,255,824,-7681,0,0,0
735811,60,2,1919,10111,1,0,0
735812,140,0,4139,9707,1,0,1
735813,188,2,5642,9342,1,0,1
735814,83,2,3915,-7152,1,0,1
735815,83,0,1699,-7616,1,0,1
735816,18,2,1067,9985,1,0,1
735817,240,0,3522,9801,1,0,1
735818,65535,255,5229,9473,0,0,0
735819,173,0,4458,-7133,1,0,1
735820,188,0,2489,-7483,1,0,1
735821,65535,255,162,9755,0,0,0
735822,159,0,2799,9947,1,0,1
735823,166,0,4743,9527,1,0,0
735824,65535,255,4956,-6969,0,0,0
735825,16,2,3241,-7340,1,0,1
735826,185,0,778,-7816,1,0,0
735827,65535,255,1974,10034,0,0,0
735828,99,0,4172,9653,1,0,1
735829,58,0,5391,-6844,1,0,0
735830,65535,255,3899,-7241,0,0,0
735831,65535,255,1683,-7522,0,0,0
735832,57,0,1073,10234,1,0,1
735833,147,0,3518,9837,1,0,1
735834,65535,255,5222,9475,0,0,0
735835,65535,255,4472,-7098,0,0,0
735836,65535,255,2514,-7430,0,0,0
735837,65535,255,141,9212,0,0,0
735838,65535,255,2776,9940,0,0,0
735839,194,0,4729,9530,1,0,1
735840,65535,255,4970,-6982,0,0,0
735841,65535,255,3263,-7383,0,0,0
735842,209,0,801,-7397,1,0,1
735843,65535,255,1953,9886,0,0,0
735844,219,0,4157,9711,1,0,1
735845,110,2,5402,-6854,1,0,1
735846,65535,255,3914,-7234,0,0,0
735847,65535,255,1704,-7500,0,0,0
735848,128,2,1049,10239,1,0,1
735849,92,0,3502,9793,1,0,1
735850,187,0,5214,9469,1,0,1
735851,65535,255,4485,-7118,0,0,0
735852,65535,255,2530,-7389,0,0,0
735853,65535,255,109,7622,0,0,0
735854,65535,255,2748,9850,0,0,0
735855,193,0,4710,9554,1,0,1
735856,105,0,4988,-6987,1,0,1
735857,150,0,3285,-7355,1,0,1
735858,65535,255,836,-7764,0,0,0
735859,42,0,1924,9970,1,0,1
735860,55,0,4138,9724,1,0,1
735861,65535,255,5415,-6885,0,0,0
735862,65535,255,3932,-7190,0,0,0
735863,36,0,1726,-7616,1,0,1
735864,150,0,1034,10222,1,0,1
735865,65535,255,3488,9847,0,0,0
735866,78,0,5205,9471,1,0,1
735867,65535,255,4495,-7091,0,0,0
735868,109,0,2543,-7393,1,0,1
735869,40,0,107,8889,1,0,1
735870,85,0,2752,9929,1,0,1
735871,205,2,4713,9606,1,0,1
735872,183,0,4982,-6950,1,0,1
735873,65535,255,3280,-7318,0,0,0
735874,65535,255,835,-7763,0,0,0
735875,65535,255,1919,10057,0,0,0
735876,65535,255,4135,9677,0,0,0
735877,231,0,5417,-6870,1,0,1
735878,65535,255,3940,-7196,0,0,0
735879,65535,255,1737,-7424,0,0,0
735880,65535,255,1014,10145,0,0,0
735881,65535,255,3475,9832,0,0,0
735882,65535,255,5197,9422,0,0,0
735883,65535,255,4508,-7057,0,0,0
735884,65535,255,2568,-7376,0,0,0
735885,65535,255,83,7637,0,0,0
735886,65535,255,2723,9958,0,0,0
735887,65535,255,4691,9552,0,0,0
735888,65535,255,5015,-6997,0,0,0
735889,65535,255,3321,-7272,0,0,0
735890,65535,255,882,-7645,0,0,0
735891,65535,255,1881,10021,0,0,0
735892,65535,255,4112,9675,0,0,0
735893,65535,255,5431,-6891,0,0,0
735894,60,0,3956,-7236,1,0,1
735895,99,0,1755,-7560,1,0,1
735896,146,0,1009,9911,1,0,1
735897,96,0,3471,9783,1,0,1
735898,65535,255,5194,9468,0,0,0
735899,57,0,4506,-7132,1,0,1
735900,41,0,2554,-7360,1,0,1
735901,192,0,101,8808,1,0,1
735902,159,0,2748,9822,1,0,1
735903,123,0,4710,9542,1,0,1
735904,65535,255,4986,-7004,0,0,0
735905,197,0,3281,-7277,1,0,1
735906,56,0,836,-7611,1,0,1
735907,128,0,1924,9982,1,0,1
735908,65535,255,4139,9650,0,0,0
735909,65535,255,5415,-6861,0,0,0
735910,65535,255,3934,-7187,0,0,0
735911,147,0,1728,-7459,1,0,0
735912,65535,255,1026,10106,0,0,0
735913,65535,255,3479,9826,0,0,0
735914,65535,255,5200,9482,0,0,0
735915,65535,255,4499,-7094,0,0,0
735916,65535,255,2568,-7362,0,0,0
735917,144,0,80,8004,1,0,1
735918,65535,255,2724,9818,0,0,0
735919,198,0,4690,9583,1,0,1
735920,65535,255,5005,-6988,0,0,0
735921,65535,255,3308,-7286,0,0,0
735922,65535,255,871,-7841,0,0,0
735923,126,0,1886,9912,1,0,1
735924,65535,255,4113,9649,0,0,0
735925,65535,255,5434,-6889,0,0,0
735926,65535,255,3960,-7151,0,0,0
735927,65535,255,1765,-7396,0,0,0
735928,65535,255,986,10273,0,0,0
735929,65535,255,3450,9773,0,0,0
735930,65535,255,5177,9483,0,0,0
735931,65535,255,4526,-7076,0,0,0
735932,65535,255,2593,-7494,0,0,0
735933,0,0,0,0,0,0,0
735934,65535,255,2704,9844,0,0,0
735935,65535,255,4678,9533,0,0,0
735936,29,2,5015,-6963,1,0,0
735937,65535,255,3326,-7284,0,0,0
735938,65535,255,888,-7347,0,0,1
735939,65535,255,1870,10036,0,0,0
735940,65535,255,4100,9638,0,0,0
735941,197,0,5442,-6886,1,0,1
735942,65535,255,3971,-7171,0,0,0
735943,44,0,1781,-7524,1,0,1
735944,104,0,974,9971,1,0,1
735945,95,0,3441,9731,1,0,1
735946,65535,255,5172,9479,0,0,0
735947,65535,255,4532,-7093,0,0,0
735948,65535,255,2598,-7383,0,0,0
735949,65535,255,40,13421,0,0,0
735950,65535,255,2699,9821,0,0,0
735951,65535,255,4674,9540,0,0,0
735952,65535,255,5019,-6989,0,0,1
735953,65535,255,3330,-7366,0,0,0
735954,65535,255,894,-7870,0,0,0
735955,65535,255,1869,10055,0,0,0
735956,65535,255,4101,9659,0,0,0
735957,65535,255,5439,-6859,0,0,0
735958,65535,255,3970,-7163,0,0,0
735959,65535,255,1776,-7580,0,0,0
735960,180,0,978,10018,1,0,1
735961,65535,255,3450,9730,0,0,0
735962,65535,255,5180,9416,0,0,0
735963,218,0,4526,-7045,3,0,0
735964,65535,255,2589,-7373,0,0,0
735965,39,0,53,13268,3,0,0
735966,49,0,2708,9868,3,0,0
735967,237,0,4684,9586,1,0,0
735968,140,0,5012,-6969,1,0,1
735969,181,0,3317,-7359,1,0,1
735970,16,2,877,-7348,1,0,1
735971,65535,255,1892,9877,0,0,0
735972,65535,255,4116,9714,0,0,0
735973,65535,255,5431,-6842,0,0,0
735974,65535,255,3955,-7158,0,0,0
735975,65535,255,1760,-7619,0,0,0
735976,204,0,1003,9972,1,0,0
735977,39,0,3467,9789,1,0,1
735978,65,0,5191,9465,1,0,1
735979,44,0,4515,-7122,1,0,1
735980,65535,255,2571,-7480,0,0,0
735981,65535,255,84,12952,0,0,0
735982,65535,255,2733,9923,0,0,0
735983,224,0,4703,9541,1,0,1
735984,65535,255,4994,-6962,0,0,0
735985,65535,255,3294,-7344,0,0,0
735986,65535,255,842,-7339,0,0,0
735987,65535,255,1919,9927,0,0,0
735988,41,0,4138,9640,1,0,1
735989,276,0,5417,-6875,1,0,1
735990,65535,255,3932,-7221,0,0,0
735991,126,0,1726,-7530,1,0,1
735992,37,2,1038,9908,1,0,1
735993,0,0,0,0,0,0,0
735994,65535,255,5211,9476,0,0,0
735995,192,0,4491,-7093,1,0,1
735996,65535,255,2533,-7403,0,0,0
735997,243,0,121,9861,1,0,1
735998,65535,255,2771,9861,0,0,1
735999,65535,255,4726,9519,0,0,0
736000,65535,255,4976,-6983,0,0,0
736001,65535,255,3267,-7263,0,0,0
736002,65535,255,812,-7655,0,0,0
736003,425,2,1947,10077,3,0,0
736004,65535,255,4153,9706,0,0,0
736005,536,2,5406,-6843,3,0,0
736006,101,0,3922,-7178,3,0,0
736007,204,0,1710,-7435,3,0,0
736008,65535,255,1044,10292,0,0,0
736009,65535,255,3500,9758,0,0,0
736010,65535,255,5211,9466,0,0,0
736011,65535,255,4495,-7132,0,0,0
736012,65535,255,2538,-7377,0,0,0
736013,239,0,110,9530,1,0,1
736014,224,0,2757,9863,1,0,1
736015,88,0,4713,9522,1,0,1
736016,65535,255,4988,-7018,0,0,0
736017,65535,255,3280,-7355,0,0,0
736018,117,0,830,-7533,1,0,1
736019,65535,255,1925,10047,0,0,0
736020,65535,255,4139,9716,0,0,0
736021,65535,255,5415,-6860,0,0,0
736022,65535,255,3933,-7228,0,0,0
736023,65535,255,1727,-7604,0,0,0
736024,126,0,1032,10101,1,0,1
736025,65535,255,3488,9734,0,0,0
736026,148,0,5203,9458,1,0,1
736027,65535,255,4499,-7105,0,0,0
736028,65535,255,2548,-7425,0,0,0
736029,10,2,95,11521,1,0,1
736030,33,2,2743,9956,1,0,1
736031,366,2,4707,9587,1,0,1
736032,72,0,4991,-7005,1,0,1
736033,42,0,3290,-7353,1,0,1
736034,236,0,835,-7653,1,0,0
736035,143,0,1920,9877,1,0,1
736036,103,0,4135,9661,1,0,1
736037,197,0,5415,-6836,1,0,0
736038,65535,255,3933,-7205,0,0,0
736039,65535,255,1732,-7585,0,0,0
736040,65535,255,1026,10168,0,0,0
736041,65,0,3484,9770,1,0,1
736042,90,0,5203,9412,1,0,1
736043,124,0,4499,-7105,1,0,1
736044,65535,255,2548,-7375,0,0,0
736045,0,0,0,0,0,0,0
736046,169,0,2748,9967,1,0,1
736047,65535,255,4710,9511,0,0,0
736048,0,0,0,0,0,0,0
736049,65535,255,3281,-7288,0,0,0
736050,65535,255,830,-7453,0,0,0
736051,214,0,1925,10098,1,0,1
736052,65535,255,4139,9661,0,0,0
736053,65535,255,5413,-6846,0,0,0
736054,82,0,3930,-7243,1,0,1
736055,168,0,1721,-7433,1,0,1
736056,60,0,1038,10005,1,0,1
736057,162,0,3492,9751,1,0,1
736058,65535,255,5209,9416,0,0,0
736059,65535,255,4489,-7125,0,0,0
736060,99,0,2538,-7463,1,0,1
736061,118,0,117,9273,1,0,1
736062,268,0,2762,9931,1,0,1
736063,189,0,4719,9525,1,0,1
736064,189,0,4976,-6965,1,0,1
736065,255,0,3267,-7338,1,0,1
736066,223,0,812,-7776,1,0,1
736067,141,0,1947,10011,1,0,1
736068,65535,255,4157,9644,0,0,0
736069,65535,255,5402,-6853,0,0,1
736070,140,0,3911,-7183,1,0,1
736071,65535,255,1699,-7570,0,0,0
736072,65535,255,1062,10228,0,0,0
736073,65535,255,3514,9722,0,0,0
736074,159,0,5223,9418,1,0,1
736075,54,0,4475,-7141,1,0,1
736076,63,0,2514,-7530,1,0,1
736077,271,0,147,11279,1,0,1
736078,270,0,2790,9882,1,0,1
736079,186,0,4737,9544,1,0,1
736080,65535,255,4961,-6980,0,0,0
736081,0,0,0,0,0,0,0
736082,65535,255,778,-7488,0,0,0
736083,48,2,1979,9973,1,0,1
736084,65535,255,4182,9647,0,0,0
736085,0,0,0,0,0,0,0
736086,65535,255,3891,-7242,0,0,0
736087,0,0,0,0,0,0,0
736088,0,0,0,0,0,0,0
736089,65535,255,3526,9807,0,0,0
736090,200,0,5231,9462,1,0,0
736091,62,0,6370,9109,1,0,0
736092,47,2,2509,-7404,1,0,1
736093,65535,255,149,8801,0,0,0
736094,277,0,2785,9927,1,0,1
736095,82,0,4733,9519,1,0,1
736096,65535,255,6032,9214,0,0,0
736097,65535,255,6930,8886,0,0,0
736098,33,0,801,-7408,1,0,1
736099,65535,255,1958,9908,0,0,0
736100,65535,255,4161,9617,0,0,0
736101,65535,255,5651,9352,0,0,0
736102,65535,255,6660,8990,0,0,1
736103,65535,255,-32768,-32768,0,65535,0
736104,65535,255,1056,9943,0,0,0
736105,84,0,3505,9776,1,0,1
736106,65535,255,5217,9451,0,0,0
736107,65535,255,6360,9113,0,0,0
736108,65535,255,-32768,-32768,0,65535,0
736109,65535,255,116,10414,0,0,0
736110,65535,255,2762,9853,0,0,0
736111,65535,255,4716,9587,0,0,0
736112,61,0,6023,9205,1,0,1
736113,65535,255,6924,8886,0,0,1
736114,65535,255,-32768,-32768,0,65535,1
736115,77,0,1930,9996,1,0,1
736116,148,0,4146,9661,1,0,1
736117,128,0,5641,9319,1,0,1
736118,65535,255,6654,9020,0,0,1
736119,65535,255,-32768,-32768,0,65535,0
736120,65535,255,-32768,-32768,0,65535,1
736121,233,2,3492,9761,1,0,1
736122,173,0,5205,9453,1,0,1
736123,0,0,0,0,0,0,0
736124,65535,255,-32768,-32768,0,65535,0
736125,65535,255,-32768,-32768,0,65535,1
736126,65535,255,-32768,-32768,0,65535,1
736127,65535,255,4707,9542,0,0,0
736128,65535,255,6014,9240,0,0,0
736129,0,0,0,0,0,0,0
736130,65535,255,-32768,-32768,0,65535,1
736131,65535,255,-32768,-32768,0,65535,1
736132,65535,255,4135,9663,0,0,0
736133,65535,255,5634,9326,0,0,0
736134,65535,255,6649,8984,0,0,0
736135,65535,255,-32768,-32768,0,65535,1
736136,65535,255,-32768,-32768,0,65535,1
736137,65535,255,3475,9833,0,0,0
736138,65535,255,5199,9429,0,0,0
736139,65535,255,6349,9110,0,0,0
736140,0,0,0,0,0,0,0
736141,65535,255,-32768,-32768,0,65535,1
736142,65535,255,-32768,-32768,0,65535,1
736143,253,2,4700,9566,1,0,1
736144,65535,255,6012,9204,0,0,0
736145,0,0,0,0,0,0,0
736146,65535,255,-32768,-32768,0,65535,1
736147,65535,255,-32768,-32768,0,65535,1
736148,83,0,4128,9636,1,0,1
736149,65535,255,5628,9313,0,0,0
736150,188,0,6645,9014,1,0,1
736151,65535,255,-32768,-32768,0,65535,1
736152,65535,255,-32768,-32768,0,65535,1
736153,115,0,3471,9729,1,0,1
736154,159,0,5194,9451,1,0,1
736155,28,0,6344,9127,1,0,0
736156,65535,255,-32768,-32768,0,65535,1
736157,65535,255,-32768,-32768,0,65535,1
736158,65535,255,2729,9867,0,0,0
736159,161,0,4697,9532,1,0,1
736160,277,0,6008,9250,1,0,1
736161,65535,255,6913,8885,0,0,1
736162,65535,255,-32768,-32768,0,65535,1
736163,112,0,1909,9862,1,0,1
736164,83,0,4124,9643,1,0,1
736165,38,0,5627,9323,1,0,1
736166,305,0,6645,8989,1,0,1
736167,99,0,1743,-7413,1,0,1
736168,219,0,1010,10336,1,0,1
736169,65535,255,3471,9790,0,0,0
736170,65535,255,5192,9415,0,0,0
736171,65535,255,6344,9107,0,0,0
736172,282,0,2563,-7509,1,0,1
736173,236,0,86,8150,1,0,1
736174,235,0,2734,9843,1,0,1
736175,65535,255,4698,9525,0,0,0
736176,65535,255,6008,9250,0,0,0
736177,65535,255,3294,-7248,0,0,0
736178,65535,255,853,-7767,0,0,0
736179,123,0,1909,9913,1,0,1
736180,337,0,4128,9671,1,0,1
736181,166,0,5629,9344,1,0,1
736182,103,0,3941,-7202,1,0,1
736183,52,2,1743,-7544,1,0,1
736184,93,0,1015,10072,1,0,1
736185,80,0,3475,9737,1,0,1
736186,65535,255,5195,9466,0,0,0
736187,65535,255,4502,-7065,0,0,0
736188,137,0,2558,-7472,1,0,1
736189,66,0,96,7630,1,0,1
736190,65535,255,2739,9843,0,0,0
736191,187,2,4701,9531,1,0,1
736192,65535,255,4992,-6960,0,0,0
736193,84,2,3290,-7277,1,0,1
736194,156,0,842,-7598,1,0,1
736195,65535,255,1919,10015,0,0,0
736196,132,0,4132,9720,1,0,1
736197,308,0,5418,-6876,1,0,1
736198,90,0,3933,-7155,1,0,1
736199,126,0,1726,-7452,1,0,0
736200,65535,255,1027,9942,0,0,0
736201,137,0,3488,9718,1,0,1
736202,149,0,5203,9459,1,0,1
736203,80,0,4495,-7061,1,0,1
736204,64,0,2547,-7484,1,0,1
736205,221,0,109,8564,1,0,1
736206,226,0,2753,9877,1,0,1
736207,147,0,4710,9553,1,0,1
736208,218,0,4985,-6989,1,0,1
736209,65535,255,3280,-7334,0,0,0
736210,176,0,824,-7613,1,0,1
736211,165,0,1936,9894,1,0,1
736212,65535,255,4146,9675,0,0,0
736213,247,0,5409,-6855,1,0,1
736214,19,2,3925,-7242,1,0,1
736215,112,0,1710,-7415,1,0,1
736216,195,0,1050,9944,1,0,1
736217,279,0,3505,9725,1,0,1
736218,65535,255,5214,9467,0,0,0
736219,141,0,4485,-7082,1,0,1
736220,57,0,2528,-7351,1,0,1
736221,65535,255,121,10406,0,0,0
736222,65535,255,2771,9954,0,0,0
736223,107,2,4726,9515,1,0,1
736224,116,0,4973,-6954,1,0,1
736225,60,2,3262,-7299,1,0,1
736226,173,0,801,-7489,1,0,1
736227,65535,255,1958,9860,0,0,0
736228,72,0,4164,9672,1,0,1
736229,65535,255,5401,-6858,0,0,0
736230,65535,255,3910,-7260,0,0,0
736231,65535,255,1694,-7436,0,0,0
736232,173,0,1061,10225,1,0,1
736233,170,0,3513,9739,1,0,1
736234,65535,255,5219,9444,0,0,0
736235,65535,255,4485,-7096,0,0,0
736236,65535,255,2528,-7478,0,0,0
736237,60,0,124,11477,1,0,1
736238,441,2,2771,9918,1,0,1
736239,65535,255,4722,9544,0,0,0
736240,65535,255,4979,-6974,0,0,0
736241,65535,255,3271,-7356,0,0,0
736242,65535,255,818,-7453,0,0,0
736243,65535,255,1941,10012,0,0,0
736244,65535,255,4153,9680,0,0,0
736245,56,0,5411,-6891,1,0,0
736246,99,0,3925,-7162,1,0,1
736247,65535,255,1710,-7396,0,0,0
736248,65535,255,1044,10229,0,0,0
736249,209,0,3500,9750,1,0,1
736250,65535,255,5211,9457,0,0,0
736251,65535,255,4495,-7131,0,0,0
736252,65535,255,2538,-7376,0,0,0
736253,126,2,111,9242,1,0,0
736254,67,0,2757,9852,1,0,1
736255,65535,255,4716,9522,0,0,0
736256,65535,255,4988,-7017,0,0,0
736257,65535,255,3280,-7345,0,0,0
736258,48,0,829,-7492,1,0,1
736259,174,0,1930,10047,1,0,1
736260,64,0,4142,9709,1,0,1
736261,170,0,5414,-6859,1,0,1
736262,65535,255,3929,-7220,0,0,0
736263,65535,255,1721,-7586,0,0,0
736264,65535,255,1038,10069,0,0,0
736265,65535,255,3493,9725,0,0,0
736266,65535,255,5208,9452,0,0,0
736267,65535,255,4495,-7131,0,0,0
736268,162,0,2543,-7400,1,0,1
736269,242,0,104,10752,1,0,1
736270,177,0,2752,9921,1,0,1
736271,111,0,4710,9564,1,0,1
736272,231,0,4985,-6985,1,0,1
736273,65535,255,3280,-7316,0,0,0
736274,65535,255,830,-7413,0,0,0
736275,215,0,1931,9928,1,0,1
736276,279,0,4142,9627,1,0,1
736277,240,0,5415,-6849,1,0,1
736278,65535,255,3933,-7167,0,0,0
736279,96,0,1732,-7660,1,0,1
736280,56,0,1026,10040,1,0,1
736281,65535,255,3484,9805,0,0,0
736282,65535,255,5200,9475,0,0,0
736283,65535,255,4502,-7128,0,0,0
736284,65535,255,2554,-7394,0,0,0
736285,65535,255,95,12444,0,0,0
736286,65535,255,2738,9924,0,0,0
736287,65535,255,4701,9543,0,0,0
736288,65535,255,4994,-7001,0,0,0
736289,65535,255,3294,-7323,0,0,0
736290,65535,255,854,-7921,0,0,0
736291,65535,255,1909,9896,0,0,0
736292,65535,255,4128,9635,0,0,0
736293,65535,255,5421,-6865,0,0,0
736294,65535,255,3944,-7209,0,0,0
736295,206,0,1743,-7487,1,0,1
736296,248,0,1009,10247,1,0,1
736297,65535,255,3472,9764,0,0,0
736298,202,0,5189,9462,1,0,1
736299,65535,255,4509,-7125,0,0,0
736300,65535,255,2568,-7346,0,0,0
736301,65535,255,83,7637,0,0,0
736302,65535,255,2726,9882,0,0,0
736303,65535,255,4691,9574,0,0,0
736304,43,2,5001,-6979,1,0,1
736305,65535,255,3303,-7274,0,0,0
736306,65535,255,865,-7763,0,0,0
736307,65535,255,1895,9979,0,0,0
736308,65535,255,4121,9623,0,0,0
736309,65535,255,5426,-6864,0,0,0
736310,378,2,3948,-7222,1,0,1
736311,65535,255,1754,-7561,0,0,0
736312,65535,255,1003,9974,0,0,0
736313,65535,255,3463,9826,0,0,0
736314,65535,255,5187,9422,0,0,0
736315,65535,255,4512,-7087,0,0,0
736316,187,0,2573,-7481,1,0,1
736317,96,0,74,13370,1,0,1
736318,65535,255,2718,9963,0,0,1
736319,65535,255,4687,9575,0,0,0
736320,65535,255,5000,-6990,0,0,0
736321,65535,255,3303,-7302,0,0,0
736322,65535,255,860,-7340,0,0,1
736323,65535,255,1897,9967,0,0,0
736324,65535,255,4120,9680,0,0,0
736325,65535,255,5426,-6840,0,0,0
736326,65535,255,3948,-7193,0,0,0
736327,65535,255,1754,-7524,0,0,0
736328,65535,255,1003,9975,0,0,0
736329,65535,255,3467,9835,0,0,0
736330,80,0,5189,9437,1,0,0
736331,65535,255,4512,-7118,0,0,0
736332,65535,255,2568,-7383,0,0,0
736333,0,0,0,0,0,0,0
736334,65535,255,2728,9904,0,0,0
736335,65535,255,4694,9557,0,0,0
736336,175,0,5000,-6979,1,0,1
736337,97,2,3303,-7302,1,0,1
736338,65535,255,853,-7376,0,0,0
736339,65535,255,1903,10018,0,0,0
736340,65535,255,4124,9709,0,0,0
736341,335,0,5423,-6864,1,0,1
736342,238,0,3944,-7245,1,0,1
736343,162,0,1743,-7674,1,0,1
736344,65535,255,1015,10270,0,0,0
736345,65535,255,3475,9791,0,0,0
736346,225,0,5197,9421,1,0,1
736347,260,0,4505,-7101,1,0,1
736348,247,0,2558,-7359,1,0,1
736349,65535,255,87,10118,0,0,0
736350,54,0,2738,9914,1,0,1
736351,253,0,4703,9573,1,0,1
736352,65535,255,4994,-6997,0,0,0
736353,147,0,3293,-7350,1,0,1
736354,97,0,841,-7610,1,0,1
736355,138,0,1920,9880,1,0,1
736356,188,0,4138,9664,1,0,1
736357,65535,255,5417,-6838,0,0,0
736358,65535,255,3936,-7210,0,0,0
736359,65535,255,1726,-7602,0,0,0
736360,65535,255,1032,10234,0,0,0
736361,65535,255,3492,9789,0,0,0
736362,65535,255,5208,9424,0,0,0
736363,65535,255,4498,-7116,0,0,0
736364,117,0,2543,-7398,1,0,1
736365,50,0,107,11698,1,0,1
736366,293,0,2762,9809,1,0,1
736367,65535,255,4719,9523,0,0,0
736368,65535,255,4981,-6962,0,0,0
736369,22,0,3276,-7287,1,0,1
736370,22,2,819,-7410,1,0,1
736371,81,0,1941,10082,1,0,1
736372,65535,255,4157,9647,0,0,0
736373,174,2,5406,-6836,1,0,1
736374,65535,255,3917,-7220,0,0,0
736375,65535,255,1704,-7663,0,0,0
736376,65535,255,1061,9926,0,0,0
736377,65535,255,3509,9829,0,0,0
736378,65535,255,5222,9457,0,0,0
736379,65535,255,4478,-7069,0,0,0
736380,88,0,2523,-7526,1,0,1
736381,354,2,139,10149,1,0,1
736382,47,0,2780,9942,1,0,1
736383,65535,255,4735,9526,0,0,0
736384,66,0,4966,-6955,1,0,1
736385,65535,255,3249,-7281,0,0,0
736386,125,0,789,-7865,1,0,1
736387,65535,255,1969,9944,0,0,0
736388,0,0,0,0,0,0,0
736389,65535,255,5395,-6901,0,0,0
736390,65535,255,3899,-7171,0,0,0
736391,65535,255,1677,-7472,0,0,0
736392,65535,255,1085,9916,0,0,0
736393,79,0,3526,9809,1,0,1
736394,65535,255,5231,9424,0,0,0
736395,65535,255,4468,-7096,0,0,0
736396,65535,255,2504,-7529,0,0,0
736397,65535,255,158,9314,0,0,0
736398,65535,255,2799,9850,0,0,0
736399,65535,255,4743,9530,0,0,0
736400,65535,255,4958,-6950,0,0,0
736401,65535,255,3239,-7365,0,0,0
736402,65535,255,772,-7786,0,0,0
736403,65535,255,1985,9926,0,0,0
736404,261,0,4183,9670,1,0,1
736405,65535,255,5386,-6866,0,0,0
736406,65535,255,3888,-7195,0,0,0
736407,223,0,1661,-7552,1,0,1
736408,237,0,1101,10067,1,0,1
736409,157,0,3539,9738,1,0,1
736410,285,0,5240,9462,1,0,1
736411,101,0,4451,-7061,1,0,1
736412,65535,255,2484,-7468,0,0,0
736413,164,0,186,8720,1,0,1
736414,283,0,2814,9948,1,0,1
736415,124,0,4753,9511,1,0,1
736416,59,0,4949,-6952,1,0,1
736417,65535,255,3227,-7293,0,0,0
736418,69,0,766,-7483,1,0,0
736419,65535,255,1990,9877,0,0,0
736420,65535,255,4179,9684,0,0,0
736421,81,0,5386,-6859,1,0,0
736422,65535,255,3892,-7269,0,0,0
736423,243,0,1666,-7513,1,0,1
736424,65535,255,1090,10129,0,0,0
736425,65535,255,3526,9792,0,0,0
736426,125,2,5229,9439,1,0,1
736427,103,0,4465,-7146,1,0,1
736428,65535,255,2504,-7491,0,0,0
736429,65535,255,151,9711,0,0,0
736430,86,0,2786,9941,1,0,1
736431,121,0,4734,9515,1,0,1
736432,174,0,4962,-6965,1,0,1
736433,57,0,3249,-7318,1,0,0
736434,65535,255,789,-7697,0,0,0
736435,65535,255,1964,9978,0,0,0
736436,114,0,4165,9618,1,0,1
736437,65535,255,5396,-6899,0,0,0
736438,94,0,3907,-7221,1,0,1
736439,338,0,1688,-7413,1,0,0
736440,120,0,1061,10229,1,0,1
736441,35,2,3509,9821,1,0,1
736442,65535,255,5217,9463,0,0,0
736443,65535,255,4475,-7087,0,0,0
736444,65535,255,2519,-7400,0,0,0
736445,65535,255,141,8235,0,0,0
736446,182,0,2771,9888,1,0,1
736447,202,0,4720,9588,1,0,1
736448,65535,255,4973,-6951,0,0,0
736449,65535,255,3263,-7316,0,0,0
736450,60,0,812,-7692,1,0,1
736451,65535,255,1941,9998,0,0,0
736452,65535,255,4154,9641,0,0,0
736453,279,0,5644,9356,1,0,1
736454,221,0,3918,-7263,1,0,1
736455,27,0,1710,-7527,1,0,0
736456,298,0,1050,10262,1,0,1
736457,179,0,3501,9778,1,0,1
736458,120,0,5212,9480,1,0,0
736459,65535,255,6358,9127,0,0,0
736460,0,0,0,0,0,0,0
736461,0,0,0,0,0,0,0
736462,65535,255,2762,9810,0,0,0
736463,65535,255,4716,9554,0,0,0
736464,65535,255,6021,9236,0,0,0
736465,65535,255,6922,8902,0,0,0
736466,65535,255,824,-7610,0,0,0
736467,276,0,1935,9999,1,0,1
736468,41,2,4146,9643,1,0,1
736469,65535,255,5641,9367,0,0,0
736470,65535,255,6655,8999,0,0,0
736471,65535,255,-32768,-32768,0,65535,1
736472,25,2,1038,9946,1,0,1
736473,65535,255,3495,9775,0,0,0
736474,65535,255,5208,9446,0,0,0
736475,239,0,6356,9107,1,0,1
736476,65535,255,-32768,-32768,0,65535,1
736477,65535,255,-32768,-32768,0,65535,0
736478,105,0,2752,9970,1,0,1
736479,65535,255,4714,9548,0,0,0
736480,65535,255,6019,9237,0,0,0
736481,65535,255,6921,8909,0,0,0
736482,65535,255,-32768,-32768,0,65535,0
736483,65535,255,1930,10068,0,0,0
736484,65535,255,4142,9685,0,0,0
736485,65535,255,5641,9327,0,0,0
736486,65535,255,6653,9023,0,0,1
736487,65535,255,-32768,-32768,0,65535,1
736488,65535,255,-32768,-32768,0,65535,1
736489,65535,255,3492,9729,0,0,0
736490,65535,255,5208,9426,0,0,0
736491,137,0,6357,9096,1,0,1
736492,65535,255,-32768,-32768,0,65535,0
736493,65535,255,-32768,-32768,0,65535,1
736494,65535,255,-32768,-32768,0,65535,1
736495,65535,255,4713,9555,0,0,0
736496,65535,255,6020,9241,0,0,0
736497,0,0,0,0,0,0,0
736498,65535,255,-32768,-32768,0,65535,1
736499,65535,255,-32768,-32768,0,0,1
736500,65535,255,4142,9720,0,0,0
736501,147,0,5641,9350,1,0,0
736502,0,0,0,0,0,0,0
736503,65535,255,-32768,-32768,0,65535,1
736504,65535,255,-32768,-32768,0,65535,1
736505,56,2,3492,9808,1,0,1
736506,100,0,5208,9476,1,0,1
736507,65535,255,6355,9136,0,0,0
736508,65535,255,-32768,-32768,0,65535,0
736509,65535,255,-32768,-32768,0,65535,1
736510,99,0,2752,9948,1,0,1
736511,65535,255,4713,9549,0,0,0
736512,464,0,6021,9245,1,0,1
736513,65535,255,6923,8872,0,0,1
736514,65535,255,-32768,-32768,0,65535,1
736515,65535,255,1936,9913,0,0,0
736516,125,0,4147,9636,1,0,1
736517,146,0,5641,9348,1,0,1
736518,65535,255,6655,9009,0,0,1
736519,65535,255,-32768,-32768,0,65535,1
736520,218,0,1043,10261,1,0,1
736521,112,0,3496,9737,1,0,1
736522,303,0,5212,9439,1,0,1
736523,460,0,6357,9113,1,0,0
736524,65535,255,-32768,-32768,0,65535,1
736525,61,0,111,11026,1,0,1
736526,65535,255,2762,9889,0,0,0
736527,114,0,4717,9525,1,0,1
736528,628,2,6024,9232,1,0,1
736529,65535,255,6922,8909,0,0,1
736530,192,0,819,-7893,1,0,1
736531,87,0,1942,9897,1,0,1
736532,428,2,4154,9635,1,0,1
736533,67,0,5644,9340,1,0,1
736534,65535,255,6656,9015,0,0,0
736535,65535,255,1704,-7507,0,0,0
736536,65535,255,1056,9882,0,0,0
736537,65535,255,3505,9779,0,0,0
736538,119,0,5215,9464,1,0,1
736539,65535,255,6360,9134,0,0,0
736540,284,0,2524,-7361,1,0,1
736541,276,0,131,8875,1,0,1
736542,236,0,2772,9809,1,0,1
736543,65535,255,4723,9576,0,0,0
736544,273,0,6026,9211,1,0,1
736545,311,0,3258,-7268,1,0,1
736546,126,0,806,-7733,1,0,1
736547,65535,255,1953,10098,0,0,0
736548,65535,255,4159,9673,0,0,0
736549,65535,255,5399,-6854,0,0,0
736550,300,0,3907,-7198,1,0,1
736551,29,0,1693,-7470,1,0,1
736552,65535,255,1066,10001,0,0,0
736553,65535,255,3514,9778,0,0,0
736554,445,0,5221,9473,1,0,1
736555,196,0,4475,-7143,1,0,1
736556,61,0,2514,-7438,1,0,1
736557,65535,255,139,10629,0,0,0
736558,36,2,2781,9899,1,0,1
736559,437,2,4733,9540,1,0,1
736560,253,0,4961,-6948,1,0,1
736561,65535,255,3249,-7374,0,0,0
736562,112,0,789,-7567,1,0,1
736563,176,0,1969,10044,1,0,0
736564,65535,255,4168,9701,0,0,0
736565,190,0,5391,-6847,1,0,1
736566,178,0,3895,-7193,1,0,1
736567,181,0,1677,-7491,1,0,1
736568,84,0,1085,9917,1,0,1
736569,85,0,3527,9801,1,0,1
736570,258,0,5232,9409,1,0,1
736571,186,0,4462,-7070,1,0,1
736572,65535,255,2494,-7453,0,0,0
736573,65535,255,163,10965,0,0,0
736574,135,0,2800,9929,1,0,1
736575,164,0,4743,9561,1,0,1
736576,110,0,4952,-6967,1,0,1
736577,46,0,3231,-7263,1,0,1
736578,65535,255,765,-7786,0,0,0
736579,45,0,1990,9895,1,0,1
736580,215,0,4186,9650,1,0,1
736581,183,0,5382,-6888,1,0,1
736582,65535,255,3884,-7269,0,0,0
736583,265,0,1650,-7435,1,0,1
736584,87,0,1107,10280,1,0,1
736585,163,0,3548,9773,1,0,1
736586,178,0,5244,9437,1,0,1
736587,276,0,4448,-7124,1,0,1
736588,65535,255,2479,-7366,0,0,0
736589,149,0,180,9788,1,0,1
736590,65535,255,2814,9872,0,0,0
736591,134,0,4749,9537,1,0,0
736592,65535,255,4952,-6945,0,0,0
736593,69,0,3236,-7386,1,0,1
736594,66,0,771,-7698,1,0,0
736595,65535,255,1985,9864,0,0,0
736596,106,0,4179,9645,1,0,1
736597,181,0,5390,-6881,1,0,0
736598,95,0,3899,-7267,1,0,1
736599,72,0,1677,-7413,1,0,1
736600,65535,255,1079,10271,0,0,0
736601,163,0,3522,9794,1,0,1
736602,162,0,5228,9416,1,0,1
736603,65535,255,4481,-7094,0,0,0
736604,277,2,2523,-7401,1,0,1
736605,65535,255,127,11992,0,0,0
736606,65535,255,2772,9863,0,0,0
736607,387,0,4723,9569,1,0,1
736608,145,0,4981,-7012,1,0,1
736609,65535,255,3271,-7269,0,0,0
736610,65535,255,818,-7451,0,0,0
736611,138,0,1936,9878,1,0,1
736612,65535,255,4146,9689,0,0,0
736613,65535,255,5414,-6873,0,0,0
736614,65535,255,3929,-7182,0,0,0
736615,168,0,1726,-7621,1,0,1
736616,0,0,0,0,0,0,0
736617,65535,255,3492,9728,0,0,0
736618,65535,255,5206,9414,0,0,0
736619,149,0,4502,-7121,1,0,1
736620,0,0,0,0,0,0,0
736621,90,0,93,9411,1,0,0
736622,169,0,2743,9959,1,0,1
736623,65535,255,4707,9531,0,0,0
736624,167,0,4993,-6992,1,0,1
736625,36,2,3298,-7377,1,0,1
736626,65535,255,848,-7375,0,0,0
736627,65535,255,1912,9949,0,0,0
736628,0,0,0,0,0,0,0
736629,121,0,5425,-6883,1,0,0
736630,65535,255,3947,-7208,0,0,0
736631,281,0,1743,-7412,1,0,1
736632,37,0,1009,10040,1,0,1
736633,65535,255,3471,9792,0,0,0
736634,65535,255,5194,9453,0,0,0
736635,175,0,4512,-7087,1,0,1
736636,65535,255,2572,-7407,0,0,0
736637,79,2,76,7832,1,0,1
736638,65535,255,2724,9940,0,0,0
736639,65535,255,4694,9529,0,0,0
736640,65535,255,5006,-6988,0,0,0
736641,65535,255,3307,-7254,0,0,0
736642,116,0,870,-7493,1,0,1
736643,189,0,1892,9933,1,0,1
736644,190,0,4117,9625,1,0,1
736645,65535,255,5431,-6842,0,0,0
736646,122,0,3955,-7147,1,0,1
736647,65535,255,1765,-7577,0,0,0
736648,65535,255,993,9874,0,0,0
736649,253,0,3459,9750,1,0,1
736650,96,0,5183,9435,1,0,1
736651,263,0,4519,-7072,1,0,1
736652,65535,255,2583,-7392,0,0,0
736653,65535,255,60,7174,0,0,0
736654,65535,255,2709,9943,0,0,0
736655,65535,255,4681,9543,0,0,0
736656,65535,255,5009,-7008,0,0,0
736657,0,0,0,0,0,0,0
736658,65535,255,881,-7681,0,0,0
736659,0,0,0,0,0,0,0
736660,65535,255,4105,9677,0,0,0
736661,337,0,5437,-6883,1,0,0
736662,65535,255,3963,-7225,0,0,0
736663,65535,255,1770,-7483,0,0,0
736664,339,0,980,10280,1,0,1
736665,140,0,3450,9725,1,0,1
736666,150,0,5178,9426,1,0,1
736667,65535,255,4522,-7071,0,0,0
736668,65535,255,2588,-7403,0,0,0
736669,65535,255,52,7388,0,0,0
736670,65535,255,2699,9961,0,0,0
736671,65535,255,4675,9562,0,0,0
736672,65535,255,5013,-6947,0,0,0
736673,65535,255,3326,-7343,0,0,0
736674,65535,255,889,-7344,0,0,0
736675,65535,255,1876,9900,0,0,0
736676,65535,255,4102,9628,0,0,0
736677,65535,255,5437,-6854,0,0,0
736678,65535,255,3963,-7181,0,0,0
736679,65535,255,1771,-7408,0,0,0
736680,65535,255,974,10146,0,0,0
736681,120,0,3442,9841,1,0,1
736682,65535,255,5175,9434,0,0,0
736683,65535,255,4526,-7064,0,0,0
736684,65535,255,2592,-7402,0,0,0
736685,65535,255,62,5969,0,0,0
736686,95,0,2699,9945,1,0,1
736687,226,0,4675,9550,1,0,1
736688,245,0,5013,-6947,1,0,1
736689,65535,255,3325,-7343,0,0,0
736690,65535,255,888,-7382,0,0,0
736691,313,0,1876,9936,1,0,1
736692,63,0,4102,9643,1,0,1
736693,50,0,5437,-6868,1,0,1
736694,411,0,3963,-7217,1,0,1
736695,222,0,1770,-7500,1,0,1
736696,75,2,979,9948,1,0,1
736697,440,2,3450,9770,1,0,1
736698,65535,255,5178,9463,0,0,0
736699,196,0,4526,-7119,1,0,1
736700,128,0,2588,-7341,1,0,1
736701,20,0,67,5636,1,0,1
736702,243,0,2704,9957,1,0,1
736703,65535,255,4678,9562,0,0,0
736704,367,2,5009,-6959,1,0,1
736705,65535,255,3321,-7380,0,0,0
736706,65535,255,882,-7567,0,0,0
736707,273,0,1881,10023,1,0,1
736708,65535,255,4109,9685,0,0,0
736709,375,2,5434,-6830,1,0,1
736710,65535,255,3959,-7152,0,0,0
736711,50,0,1771,-7649,1,0,1
736712,65535,255,986,10145,0,0,0
736713,282,0,3456,9779,1,0,1
736714,65535,255,5183,9431,0,0,0
736715,153,0,4522,-7089,1,0,1
736716,243,0,2583,-7478,1,0,1
736717,381,0,64,12739,1,0,1
736718,65535,255,2713,9932,0,0,0
736719,65535,255,4688,9549,0,0,0
736720,213,0,5006,-6954,1,0,1
736721,364,0,3312,-7373,1,0,1
736722,65535,255,870,-7568,0,0,0
736723,171,0,1892,10039,1,0,1
736724,144,0,4116,9698,1,0,1
736725,282,0,5428,-6841,1,0,1
736726,65535,255,3951,-7182,0,0,0
736727,65535,255,1754,-7446,0,0,0
736728,65535,255,1003,10309,0,0,0
736729,65535,255,3466,9768,0,0,0
736730,19,2,5191,9471,1,0,0
736731,65535,255,4512,-7042,0,0,0
736732,65535,255,2568,-7393,0,0,0
736733,65535,255,75,9642,0,0,0
736734,65535,255,2728,9872,0,0,0
736735,65535,255,4700,9523,0,0,0
736736,65535,255,4996,-6945,0,0,0
736737,65535,255,3302,-7346,0,0,0
736738,65535,255,853,-7490,0,0,0
736739,65535,255,1908,10020,0,0,0
736740,65535,255,4131,9696,0,0,0
736741,226,0,5422,-6843,1,0,1
736742,184,0,3940,-7192,1,0,1
736743,72,2,1737,-7484,1,0,1
736744,65535,255,1021,9880,0,0,0
736745,65535,255,3483,9792,0,0,0
736746,65535,255,5202,9469,0,0,0
736747,65535,255,4501,-7069,0,0,0
736748,149,0,2553,-7457,1,0,1
736749,65535,255,96,11858,0,0,0
736750,65535,255,2748,9938,0,0,0
736751,65535,255,4710,9563,0,0,0
736752,195,0,4988,-6974,1,0,1
736753,153,2,3280,-7283,1,0,1
736754,65535,255,830,-7849,0,0,0
736755,65535,255,1930,9915,0,0,0
736756,65535,255,4146,9658,0,0,0
736757,322,0,5411,-6894,1,0,1
736758,65535,255,3925,-7157,0,0,0
736759,65535,255,1715,-7429,0,0,0
736760,71,2,1044,10297,1,0,1
736761,144,0,3501,9781,1,0,1
736762,355,0,5214,9454,1,0,1
736763,353,0,4484,-7072,1,0,1
736764,403,0,2528,-7473,1,0,1
736765,209,0,127,11991,1,0,1
736766,65535,255,2771,9968,0,0,0
736767,111,0,4723,9583,1,0,1
736768,65535,255,4973,-6999,0,0,0
736769,197,0,3262,-7324,1,0,1
736770,42,2,801,-7403,1,0,1
736771,219,0,1958,10031,1,0,1
736772,65535,255,4164,9703,0,0,0
736773,65535,255,5398,-6855,0,0,0
736774,65535,255,3906,-7227,0,0,0
736775,34,2,1688,-7606,1,0,0
736776,65535,255,1078,10133,0,0,0
736777,65535,255,3522,9743,0,0,0
736778,65535,255,5229,9462,0,0,0
736779,65535,255,4465,-7053,0,0,0
736780,65535,255,2503,-7439,0,0,0
736781,308,0,159,11200,1,0,1
736782,42,0,2795,9953,1,0,1
736783,407,0,4743,9567,1,0,1
736784,234,0,4955,-7008,1,0,1
736785,132,0,3240,-7393,1,0,1
736786,254,0,775,-7679,1,0,1
736787,82,0,1975,10076,1,0,1
736788,65535,255,4176,9652,0,0,0
736789,65535,255,5388,-6847,0,0,0
736790,65535,255,3895,-7251,0,0,0
736791,65535,255,1671,-7471,0,0,0
736792,297,0,1084,10101,1,0,1
736793,141,0,3527,9777,1,0,1
736794,65535,255,5229,9436,0,0,0
736795,279,0,4465,-7111,1,0,1
736796,203,0,2504,-7501,1,0,1
736797,162,0,150,10149,1,0,1
736798,145,0,2786,9966,1,0,1
736799,360,0,4737,9528,1,0,1
736800,65535,255,4961,-6974,0,0,0
736801,184,0,3245,-7345,1,0,1
736802,65535,255,789,-7821,0,0,0
736803,454,2,1969,10029,1,0,1
736804,177,0,4169,9647,1,0,1
736805,238,0,5390,-6846,1,0,1
736806,399,0,3899,-7250,1,0,1
736807,52,0,1682,-7489,1,0,1
736808,112,0,1073,10164,1,0,1
736809,50,0,3518,9804,1,0,1
736810,65535,255,5226,9457,0,0,0
736811,65535,255,4468,-7080,0,0,0
736812,65535,255,2509,-7386,0,0,0
736813,309,0,149,11722,1,0,1
736814,174,0,2786,9876,1,0,1
736815,401,0,4733,9581,1,0,1
736816,65535,255,4961,-6952,0,0,0
736817,109,0,3249,-7316,1,0,1
736818,65535,255,789,-7694,0,0,0
736819,65535,255,1963,9997,0,0,0
736820,347,0,4168,9641,1,0,1
736821,169,0,5655,9355,1,0,1
736822,65535,255,3903,-7264,0,0,0
736823,65535,255,1682,-7547,0,0,0
736824,65535,255,1074,10289,0,0,0
736825,249,0,3523,9718,1,0,1
736826,65535,255,5225,9434,0,0,0
736827,65535,255,6367,9129,0,0,0
736828,113,0,2509,-7475,1,0,1
736829,116,0,145,10147,1,0,1
736830,161,0,2791,9809,1,0,0
736831,135,0,4733,9553,1,0,1
736832,423,0,6034,9234,1,0,1
736833,65535,255,6932,8899,0,0,1
736834,65535,255,789,-7609,0,0,0
736835,204,0,1969,9979,1,0,0
736836,401,0,4172,9640,1,0,1
736837,127,0,5656,9360,1,0,1
736838,65535,255,6666,8993,0,0,1
736839,65535,255,-32768,-32768,0,65535,1
736840,65535,255,1085,9918,0,0,0
736841,116,0,3526,9752,1,0,1
736842,498,0,5231,9437,1,0,1
736843,246,0,6370,9100,1,0,1
736844,65535,255,-32768,-32768,0,65535,1
736845,65535,255,-32768,-32768,0,65535,1
736846,65535,255,2790,9921,0,0,0
736847,65535,255,4740,9528,0,0,0
736848,65535,255,6039,9221,0,0,0
736849,0,0,0,0,0,0,0
736850,65535,255,-32768,-32768,0,65535,0
736851,65535,255,1974,9963,0,0,0
736852,65535,255,4179,9639,0,0,0
736853,116,0,5661,9363,1,0,1
736854,0,0,0,0,0,0,0
736855,0,0,0,0,0,0,0
736856,65535,255,-32768,-32768,0,65535,0
736857,245,0,3535,9785,1,0,1
736858,65,2,5234,9457,1,0,0
736859,134,0,6374,9117,1,0,1
736860,0,0,0,0,0,0,0
736861,65535,255,-32768,-32768,0,65535,0
736862,65535,255,-32768,-32768,0,65535,1
736863,65535,255,4745,9574,0,0,0
736864,323,0,6043,9225,1,0,1
736865,0,0,0,0,0,0,0
736866,65535,255,-32768,-32768,0,0,1
736867,65535,255,-32768,-32768,0,65535,1
736868,68,0,4186,9611,1,0,1
736869,246,0,5668,9348,1,0,1
736870,65535,255,6674,8991,0,0,1
736871,65535,255,-32768,-32768,0,65535,0
736872,65535,255,-32768,-32768,0,65535,1
736873,65535,255,3543,9784,0,0,0
736874,450,0,5243,9460,1,0,1
736875,65535,255,6380,9119,0,0,0
736876,65535,255,-32768,-32768,0,65535,1
736877,65535,255,-32768,-32768,0,65535,1
736878,56,0,2813,9862,1,0,1
736879,151,0,4753,9561,1,0,1
736880,632,2,6049,9210,1,0,1
736881,65535,255,6942,8889,0,0,1
736882,65535,255,-32768,-32768,0,65535,1
736883,30,2,2000,9977,1,0,1
736884,463,2,4197,9657,1,0,1
736885,65535,255,5676,9310,0,0,0
736886,65535,255,6678,9015,0,0,1
736887,65535,255,-32768,-32768,0,65535,0
736888,55,0,1118,10247,1,0,1
736889,75,0,3556,9730,1,0,1
736890,65535,255,5252,9432,0,0,0
736891,136,0,6384,9102,1,0,1
736892,65535,255,-32768,-32768,0,65535,0
736893,366,2,197,9832,1,0,0
736894,81,0,2828,9827,1,0,1
736895,111,0,4762,9581,1,0,1
736896,336,0,6054,9227,1,0,1
736897,65535,255,6945,8888,0,0,0
736898,109,0,742,-7744,1,0,0
736899,46,2,2011,9895,1,0,1
736900,65535,255,4201,9656,0,0,0
736901,287,0,5676,9336,1,0,1
736902,65535,255,6678,9001,0,0,1
736903,86,0,1644,-7472,1,0,1
736904,294,0,1118,9980,1,0,1
736905,294,0,3548,9813,1,0,1
736906,65535,255,5243,9444,0,0,0
736907,57,0,4451,-7115,1,0,1
736908,239,0,2479,-7377,1,0,1
736909,76,2,173,10346,1,0,0
736910,137,0,2809,9918,1,0,1
736911,299,0,4749,9567,1,0,1
736912,159,0,4949,-6987,1,0,1
736913,185,0,3231,-7318,1,0,1
736914,99,0,766,-7438,1,0,1
736915,123,0,1985,10043,1,0,1
736916,65535,255,4183,9618,0,0,0
736917,165,0,5385,-6871,1,0,1
736918,65535,255,3892,-7251,0,0,0
736919,79,0,1667,-7392,1,0,1
736920,82,0,1088,10056,1,0,1
736921,183,0,3531,9803,1,0,1
736922,71,0,5230,9427,1,0,1
736923,65535,255,4465,-7105,0,0,0
736924,233,0,2499,-7362,1,0,1
736925,65535,255,150,10157,0,0,0
736926,65535,255,2790,9921,0,0,0
736927,105,0,4733,9570,1,0,1
736928,139,0,4961,-6990,1,0,1
736929,202,0,3245,-7335,1,0,1
736930,349,0,783,-7525,1,0,0
736931,232,0,1964,10098,1,0,1
736932,207,0,4168,9641,1,0,1
736933,327,0,5394,-6892,1,0,1
736934,34,0,3903,-7174,1,0,1
736935,173,0,1688,-7624,1,0,1
736936,92,0,1067,10228,1,0,1
736937,95,0,3514,9780,1,0,1
736938,167,0,5221,9419,1,0,1
736939,65535,255,4475,-7097,0,0,0
736940,125,0,2514,-7359,1,0,1
736941,65535,255,133,10143,0,0,0
736942,49,0,2772,9924,1,0,0
736943,93,0,4723,9578,1,0,1
736944,266,2,4970,-7003,1,0,1
736945,92,0,3262,-7360,1,0,1
736946,65535,255,806,-7689,0,0,0
736947,123,0,1953,9914,1,0,1
736948,65535,255,4154,9685,0,0,0
736949,65535,255,5401,-6851,0,0,0
736950,65535,255,3914,-7239,0,0,0
736951,342,2,1699,-7419,1,0,1
736952,120,0,1057,9885,1,0,1
736953,120,0,3501,9834,1,0,1
736954,65535,255,5215,9451,0,0,0
736955,185,0,4481,-7052,1,0,1
736956,286,2,2528,-7471,1,0,1
736957,65535,255,125,8806,0,0,0
736958,364,2,2767,9880,1,0,1
736959,454,0,4720,9562,1,0,1
736960,366,0,4976,-6991,1,0,1
736961,65535,255,3271,-7349,0,0,0
736962,65535,255,818,-7727,0,0,0
736963,76,2,1942,9950,1,0,0
736964,360,0,4150,9700,1,0,1
736965,307,2,5406,-6869,1,0,1
736966,65535,255,3921,-7156,0,0,0
736967,96,0,1731,-7526,1,0,1
736968,46,0,1021,10267,1,0,1
736969,65535,255,3480,9818,0,0,0
736970,65535,255,5200,9481,0,0,0
736971,65535,255,4505,-7114,0,0,0
736972,323,2,2558,-7471,1,0,0
736973,65535,255,87,9719,0,0,0
736974,333,2,2739,9810,1,0,1
736975,312,2,4700,9550,1,0,1
736976,65535,255,4997,-7013,0,0,0
736977,238,0,3298,-7284,1,0,1
736978,249,0,853,-7609,1,0,0
736979,65,0,1903,9983,1,0,1
736980,40,0,4124,9645,1,0,0
736981,244,0,5427,-6854,1,0,1
736982,329,2,3947,-7171,1,0,1
736983,63,0,1754,-7617,1,0,1
736984,77,0,1004,9942,1,0,1
736985,47,0,3467,9766,1,0,1
736986,361,0,5191,9448,1,0,1
736987,166,2,4515,-7080,1,0,0
736988,65535,255,2572,-7419,0,0,0
736989,65535,255,68,8083,0,0,0
736990,65535,255,2719,9964,0,0,0
736991,259,0,4690,9547,1,0,1
736992,158,0,5006,-7015,1,0,1
736993,65535,255,3311,-7300,0,0,0
736994,375,0,870,-7722,1,0,1
736995,65535,255,1886,10056,0,0,0
736996,297,0,4117,9675,1,0,1
736997,283,2,5433,-6881,1,0,1
736998,291,0,3959,-7220,1,0,1
736999,91,0,1764,-7485,1,0,1
737000,164,0,986,10277,1,0,1
737001,65535,255,3459,9724,0,0,0
737002,65535,255,5186,9424,0,0,0
737003,65535,255,4522,-7066,0,0,0
737004,65535,255,2583,-7392,0,0,0
737005,65535,255,66,7440,0,0,0
737006,65535,255,2709,9967,0,0,0
737007,65535,255,4684,9554,0,0,0
737008,65535,255,5009,-6944,0,0,0
737009,96,0,3321,-7336,1,0,1
737010,65535,255,882,-7909,0,0,0
737011,65535,255,1881,9882,0,0,0
737012,65535,255,4109,9681,0,0,0
737013,65535,255,5436,-6851,0,0,0
737014,150,0,3962,-7175,1,0,1
737015,65535,255,1771,-7443,0,0,1
737016,218,0,986,10110,1,0,1
737017,54,2,3450,9831,1,0,1
737018,65535,255,5181,9456,0,0,0
737019,408,0,4522,-7059,1,0,0
737020,160,0,2587,-7392,1,0,1
737021,65535,255,58,7664,0,0,0
737022,65535,255,2709,9814,0,0,0
737023,40,2,4681,9573,1,0,0
737024,65535,255,5012,-6964,0,0,0
737025,191,0,3319,-7335,1,0,1
737026,41,0,882,-7531,1,0,1
737027,65535,255,1881,10004,0,0,0
737028,65535,255,4109,9676,0,0,0
737029,65535,255,5435,-6863,0,0,0
737030,233,0,3963,-7255,1,0,1
737031,65535,255,1770,-7613,0,0,0
737032,152,0,986,10010,1,0,1
737033,65535,255,3450,9822,0,0,0
737034,352,2,5181,9487,1,0,1
737035,416,2,4519,-7059,1,0,1
737036,327,0,2583,-7404,1,0,1
737037,56,0,53,9382,1,0,1
737038,123,0,2709,9849,1,0,1
737039,65535,255,4682,9596,0,0,0
737040,0,0,0,0,0,0,0
737041,65535,255,3317,-7289,0,0,0
737042,65535,255,876,-7797,0,0,0
737043,11,2,1887,9882,1,0,1
737044,65535,255,4113,9626,0,0,0
737045,65535,255,5431,-6865,0,0,0
737046,174,0,3955,-7219,1,0,1
737047,65535,255,1759,-7520,0,0,0
737048,99,0,992,9909,1,0,1
737049,65535,255,3459,9795,0,0,0
737050,216,0,5183,9482,1,0,1
737051,65535,255,4516,-7053,0,0,0
737052,89,0,2578,-7404,1,0,1
737053,299,0,64,9546,1,0,1
737054,255,0,2719,9860,1,0,1
737055,65535,255,4688,9529,0,0,0
737056,0,0,0,0,0,0,0
737057,65535,255,3308,-7336,0,0,0
737058,69,0,865,-7414,1,0,1
737059,0,0,0,0,0,0,0
737060,65535,255,4117,9676,0,0,0
737061,161,0,5426,-6828,1,0,0
737062,239,0,3948,-7161,1,0,0
737063,62,0,1749,-7408,1,0,1
737064,65535,255,1003,10243,0,0,0
737065,65535,255,3468,9750,0,0,0
737066,65535,255,5192,9460,0,0,0
737067,65535,255,4509,-7129,0,0,0
737068,65535,255,2563,-7369,0,0,0
737069,166,0,83,8893,1,0,1
737070,65535,255,2734,9847,0,0,0
737071,65535,255,4697,9533,0,0,0
737072,65535,255,4994,-7016,0,0,0
737073,125,0,3294,-7348,1,0,1
737074,65535,255,847,-7451,0,0,0
737075,65535,255,1908,10019,0,0,0
737076,65535,255,4132,9695,0,0,0
737077,65535,255,5418,-6844,0,0,0
737078,71,0,3937,-7192,1,0,1
737079,152,0,1732,-7504,1,0,1
737080,225,0,1027,9912,1,0,1
737081,65535,255,3484,9809,0,0,0
737082,514,0,5204,9416,1,0,1
737083,249,0,4498,-7081,1,0,1
737084,65535,255,2548,-7482,0,0,0
737085,65535,255,105,12381,0,0,0
737086,0,0,0,0,0,0,0
737087,65535,255,4710,9579,0,0,0
737088,272,0,4985,-6991,1,0,1
737089,143,0,3280,-7312,1,0,0
737090,65535,255,824,-7489,0,0,0
737091,230,0,1931,10051,1,0,0
737092,0,0,0,0,0,0,0
737093,65535,255,5409,-6857,0,0,0
737094,65535,255,3921,-7225,0,0,0
737095,267,0,1710,-7583,1,0,1
737096,65535,255,1050,10073,0,0,0
737097,65535,255,3505,9719,0,0,0
737098,17,2,5214,9450,1,0,0
737099,179,0,4485,-7128,1,0,1
737100,77,2,2528,-7385,1,0,1
737101,265,2,127,10147,1,0,0
737102,85,0,2771,9900,1,0,1
737103,65535,255,4726,9547,0,0,0
737104,65535,255,4972,-6967,0,0,0
737105,65535,255,3262,-7381,0,0,0
737106,93,0,800,-7693,1,0,1
737107,65535,255,1964,9878,0,0,0
737108,65535,255,4168,9647,0,0,0
737109,65535,255,5398,-6889,0,0,0
737110,65535,255,3902,-7161,0,0,0
737111,113,0,1683,-7431,1,0,1
737112,65535,255,1079,9886,0,0,0
737113,65535,255,3526,9803,0,0,0
737114,65535,255,5231,9426,0,0,0
737115,65535,255,4467,-7101,0,0,0
737116,65535,255,2498,-7361,0,0,0
737117,65535,255,158,9520,0,0,0
737118,208,0,2800,9874,1,0,1
737119,417,2,4746,9538,1,0,1
737120,65535,255,4958,-7020,0,0,0
737121,65535,255,3235,-7262,0,0,0
737122,480,2,772,-7311,1,0,1
737123,65535,255,1980,10059,0,0,0
737124,65535,255,4179,9645,0,0,0
737125,65535,255,5390,-6855,0,0,0
737126,117,0,3895,-7222,1,0,1
737127,136,0,1677,-7666,1,0,1
737128,65535,255,1085,9887,0,0,0
737129,65535,255,3531,9716,0,0,0
737130,65535,255,5228,9472,0,0,0
737131,65535,255,4467,-7081,0,0,0
737132,65535,255,2503,-7362,0,0,0
737133,93,0,145,10836,1,0,1
737134,65535,255,2791,9808,0,0,0
737135,65535,255,4736,9534,0,0,0
737136,65535,255,4964,-6974,0,0,0
737137,65535,255,3249,-7335,0,0,0
737138,65535,255,788,-7693,0,0,0
737139,65535,255,1964,9963,0,0,0
737140,65535,255,4168,9716,0,0,0
737141,95,0,5398,-6883,1,0,0
737142,65535,255,3906,-7190,0,0,0
737143,166,0,1688,-7606,1,0,0
737144,65535,255,1068,10321,0,0,0
737145,110,0,3514,9814,1,0,1
737146,499,2,5223,9469,1,0,1
737147,451,2,4474,-7086,1,0,1
737148,65535,255,2518,-7373,0,0,0
737149,65535,255,136,11376,0,0,0
737150,65535,255,2781,9843,0,0,0
737151,65535,255,4727,9554,0,0,0
737152,350,2,4970,-6999,1,0,1
737153,65535,255,3258,-7381,0,0,0
737154,65535,255,801,-7940,0,0,0
737155,65535,255,1953,10065,0,0,0
737156,379,2,4161,9655,1,0,1
737157,204,0,5401,-6848,1,0,1
737158,65535,255,3914,-7255,0,0,0
737159,65535,255,1699,-7487,0,0,0
737160,65535,255,1061,10135,0,0,0
737161,383,0,3509,9797,1,0,1
737162,65535,255,5217,9449,0,0,0
737163,65535,255,4478,-7066,0,0,0
737164,65535,255,2518,-7347,0,0,0
737165,65535,255,129,11166,0,0,0
737166,65535,255,2772,9833,0,0,0
737167,279,0,4724,9554,1,0,1
737168,168,0,4973,-7004,1,0,1
737169,441,0,3258,-7257,1,0,1
737170,33,0,807,-7403,1,0,1
737171,439,0,1953,9880,1,0,1
737172,98,0,4154,9698,1,0,1
737173,388,0,5401,-6881,1,0,1
737174,146,0,3914,-7195,1,0,1
737175,112,0,1704,-7659,1,0,1
737176,32,2,1056,9946,1,0,1
737177,127,0,3505,9755,1,0,1
737178,156,0,5215,9430,1,0,1
737179,65535,255,4478,-7067,0,0,0
737180,391,0,2523,-7510,1,0,1
737181,489,0,128,10660,1,0,1
737182,65535,255,2772,9822,0,0,0
737183,65535,255,4724,9554,0,0,0
737184,65535,255,4973,-7009,0,0,0
737185,65535,255,3263,-7276,0,0,0
737186,65535,255,806,-7527,0,0,0
737187,37,2,1947,9931,1,0,1
737188,179,0,4158,9615,1,0,0
737189,65535,255,5648,9344,0,0,0
737190,65535,255,3914,-7240,0,0,0
737191,64,0,1699,-7487,1,0,1
737192,65535,255,1056,10199,0,0,0
737193,118,0,3506,9832,1,0,1
737194,65535,255,5218,9475,0,0,0
737195,65535,255,6362,9124,0,0,0
737196,65535,255,2523,-7460,0,0,0
737197,65535,255,133,9895,0,0,0
737198,321,0,2777,9811,1,0,1
737199,407,0,4727,9554,1,0,1
737200,526,0,6028,9236,1,0,1
737201,65535,255,6928,8901,0,0,0
737202,65535,255,800,-7610,0,0,0
737203,65535,255,1953,9999,0,0,0
737204,223,0,4161,9649,1,0,1
737205,222,0,5650,9366,1,0,1
737206,65535,255,6662,8997,0,0,1
737207,65535,255,-32768,-32768,0,65535,1
737208,65535,255,1067,9981,0,0,0
737209,65535,255,3514,9771,0,0,0
737210,65535,255,5223,9449,0,0,0
737211,167,0,6366,9109,1,0,1
737212,65535,255,-32768,-32768,0,65535,1
737213,65535,255,-32768,-32768,0,65535,1
737214,65535,255,2781,9956,0,0,0
737215,65535,255,4733,9547,0,0,0
737216,93,0,6032,9235,1,0,0
737217,0,0,0,0,0,0,0
737218,65535,255,-32768,-32768,0,65535,0
737219,65535,255,-32768,-32768,0,65535,0
737220,65535,255,4168,9669,0,0,0
737221,178,0,5657,9315,1,0,1
737222,65535,255,6666,9012,0,0,1
737223,65535,255,-32768,-32768,0,65535,0
737224,65535,255,-32768,-32768,0,65535,0
737225,65535,255,3526,9838,0,0,0
737226,320,0,5232,9412,1,0,1
737227,65535,255,6370,9116,0,0,0
737228,65535,255,-32768,-32768,0,0,1
737229,65535,255,-32768,-32768,0,65535,0
737230,65535,255,-32768,-32768,0,65535,1
737231,65535,255,4743,9522,0,0,0
737232,182,0,6039,9221,1,0,1
737233,0,0,0,0,0,0,0
737234,65535,255,-32768,-32768,0,65535,0
737235,65535,255,-32768,-32768,0,65535,1
737236,65535,255,4179,9667,0,0,0
737237,65535,255,5664,9317,0,0,0
737238,65535,255,6671,9017,0,0,1
737239,65535,255,-32768,-32768,0,65535,1
737240,65535,255,-32768,-32768,0,65535,0
737241,117,0,3539,9733,1,0,1
737242,544,0,5240,9430,1,0,1
737243,195,0,6378,9098,1,0,1
737244,65535,255,-32768,-32768,0,65535,1
737245,65535,255,-32768,-32768,0,65535,0
737246,65535,255,2810,9807,0,0,0
737247,330,0,4752,9567,1,0,1
737248,65535,255,6047,9195,0,0,0
737249,65535,255,6942,8878,0,0,1
737250,65535,255,-32768,-32768,0,65535,1
737251,297,0,2000,9928,1,0,1
737252,24,2,4193,9637,1,0,0
737253,106,0,5673,9334,1,0,1
737254,65535,255,6677,9005,0,0,1
737255,65535,255,-32768,-32768,0,65535,1
737256,275,0,1118,10158,1,0,1
737257,280,0,3556,9713,1,0,1
737258,65535,255,5249,9423,0,0,0
737259,401,0,6384,9085,1,0,1
737260,65535,255,-32768,-32768,0,65535,1
737261,315,0,188,11221,1,0,1
737262,65535,255,2823,9816,0,0,0
737263,99,0,4756,9519,1,0,1
737264,65535,255,6049,9216,0,0,0
737265,65535,255,6942,8893,0,0,0
737266,65535,255,755,-7920,0,0,0
737267,357,0,2000,9994,1,0,1
737268,65535,255,4190,9706,0,0,0
737269,103,0,5672,9307,1,0,1
737270,120,0,3884,-7252,1,0,1
737271,83,0,1655,-7411,1,0,1
737272,293,0,1107,9919,1,0,1
737273,316,0,3543,9835,1,0,1
737274,534,0,5241,9450,1,0,1
737275,65535,255,4458,-7138,0,0,0
737276,65535,255,2488,-7439,0,0,0
737277,65535,255,173,10289,0,0,0
737278,30,2,2805,9829,1,0,1
737279,65535,255,4746,9532,0,0,0
737280,62,2,4955,-6959,1,0,1
737281,65535,255,3235,-7289,0,0,0
737282,367,0,766,-7393,1,0,1
737283,101,0,1979,10059,1,0,1
737284,83,2,4179,9639,1,0,1
737285,188,0,5387,-6894,1,0,1
737286,65535,255,3891,-7183,0,0,0
737287,94,0,1671,-7547,1,0,1
737288,65535,255,1090,10131,0,0,0
737289,65535,255,3531,9768,0,0,0
737290,310,0,5232,9416,1,0,1
737291,119,0,4464,-7099,1,0,1
737292,65535,255,2498,-7374,0,0,0
737293,161,0,151,10801,1,0,1
737294,113,0,2791,9919,1,0,1
737295,400,0,4740,9516,1,0,1
737296,200,0,4958,-6947,1,0,1
737297,65535,255,3240,-7278,0,0,0
737298,65535,255,778,-7353,0,0,0
737299,125,0,1970,10061,1,0,1
737300,181,0,4172,9633,1,0,1
737301,439,0,5391,-6897,1,0,1
737302,258,0,3895,-7197,1,0,1
737303,65535,255,1682,-7585,0,0,0
737304,65535,255,1079,10225,0,0,0
737305,65535,255,3523,9795,0,0,0
737306,65535,255,5227,9433,0,0,0
737307,321,0,4468,-7130,1,0,1
737308,57,2,2508,-7436,1,0,1
737309,90,0,151,8595,1,0,1
737310,65535,255,2786,9866,0,0,0
737311,365,0,4734,9553,1,0,1
737312,211,0,4964,-6989,1,0,1
737313,65535,255,3249,-7352,0,0,0
737314,65535,255,789,-7734,0,0,0
737315,128,0,1964,9964,1,0,1
737316,65535,255,4165,9711,0,0,0
737317,65535,255,5393,-6877,0,0,0
737318,74,0,3899,-7174,1,0,0
737319,65535,255,1687,-7545,0,0,0
737320,65535,255,1073,10165,0,0,0
737321,241,0,3518,9788,1,0,1
737322,156,0,5224,9434,1,0,1
737323,209,0,4472,-7135,1,0,1
737324,33,0,2513,-7460,1,0,1
737325,65535,255,141,9187,0,0,0
737326,81,0,2781,9899,1,0,1
737327,481,2,4730,9583,1,0,1
737328,502,2,4964,-7015,1,0,1
737329,65535,255,3249,-7266,0,0,0
737330,253,0,790,-7354,1,0,1
737331,254,0,1942,9972,1,0,1
737332,683,2,4150,9702,1,0,1
737333,395,2,5409,-6897,1,0,1
737334,65535,255,3921,-7242,0,0,0
737335,65535,255,1715,-7527,0,0,0
737336,480,2,1044,10293,1,0,1
737337,272,0,3497,9734,1,0,1
737338,147,0,5209,9427,1,0,1
737339,65535,255,4491,-7067,0,0,0
737340,276,0,2538,-7387,1,0,1
737341,410,0,114,8650,1,0,1
737342,288,0,2753,9956,1,0,1
737343,490,0,4713,9547,1,0,1
737344,65535,255,4985,-7016,0,0,0
737345,65535,255,3280,-7305,0,0,0
737346,357,0,829,-7769,1,0,1
737347,351,0,1925,10082,1,0,1
737348,250,0,4140,9697,1,0,1
737349,65535,255,5415,-6896,0,0,0
737350,65535,255,3933,-7248,0,0,0
737351,65535,255,1726,-7565,0,0,0
737352,375,0,1033,9911,1,0,1
737353,417,0,3488,9771,1,0,1
737354,417,0,5203,9455,1,0,1
737355,501,0,4498,-7103,1,0,1
737356,82,2,2553,-7484,1,0,1
737357,265,0,94,11178,1,0,1
737358,65535,255,2743,9879,0,0,0
737359,65535,255,4706,9539,0,0,0
737360,65535,255,4991,-6992,0,0,0
737361,65535,255,3289,-7275,0,0,0
737362,65535,255,841,-7648,0,0,0
737363,65535,255,1914,9982,0,0,0
737364,0,0,0,0,0,0,0
737365,65535,255,5419,-6842,0,0,0
737366,65535,255,3943,-7246,0,0,0
737367,65535,255,1737,-7544,0,0,0
737368,201,2,1015,10302,1,0,0
737369,65535,255,3476,9721,0,0,0
737370,65535,255,5196,9443,0,0,0
737371,65535,255,4508,-7131,0,0,0
737372,65535,255,2568,-7494,0,0,0
737373,65535,255,76,10954,0,0,0
737374,65535,255,2734,9834,0,0,0
737375,65535,255,4697,9569,0,0,0
737376,65535,255,4999,-6946,0,0,0
737377,0,0,0,0,0,0,0
737378,65535,255,864,-7723,0,0,0
737379,65535,255,1897,10037,0,0,0
737380,65535,255,4120,9667,0,0,0
737381,113,0,5430,-6867,1,0,1
737382,182,0,3955,-7191,1,0,1
737383,255,0,1755,-7474,1,0,1
737384,65535,255,997,10041,0,0,0
737385,65535,255,3463,9802,0,0,0
737386,104,0,5188,9464,1,0,1
737387,65535,255,4518,-7104,0,0,0
737388,65535,255,2577,-7455,0,0,0
737389,65535,255,64,9542,0,0,0
737390,65535,255,2719,9812,0,0,0
737391,65535,255,4688,9565,0,0,0
737392,472,0,5005,-6944,1,0,1
737393,65535,255,3316,-7326,0,0,0
737394,65535,255,876,-7796,0,0,0
737395,450,0,1886,10091,1,0,1
737396,65535,255,4113,9690,0,0,0
737397,65535,255,5433,-6890,0,0,0
737398,546,0,3959,-7234,1,0,1
737399,212,0,1764,-7520,1,0,1
737400,77,2,986,10313,1,0,0
737401,65535,255,3455,9734,0,0,0
737402,65535,255,5183,9430,0,0,0
737403,166,0,4522,-7065,1,0,1
737404,501,0,2582,-7392,1,0,1
737405,88,0,61,7172,1,0,1
737406,435,0,2709,9955,1,0,1
737407,134,2,4681,9549,1,0,0
737408,146,0,5009,-6940,1,0,1
737409,417,0,3316,-7316,1,0,1
737410,65535,255,882,-7794,0,0,0
737411,65535,255,1876,10110,0,0,0
737412,158,0,4105,9706,1,0,1
737413,65535,255,5434,-6831,0,0,0
737414,65535,255,3963,-7192,0,0,0
737415,65535,255,1771,-7594,0,0,0
737416,0,0,0,0,0,0,0
737417,65535,255,3450,9778,0,0,0
737418,65535,255,5178,9462,0,0,0
737419,65535,255,4522,-7108,0,0,0
737420,381,0,2588,-7489,1,0,0
737421,161,0,51,12708,1,0,0
737422,65535,255,2709,9884,0,0,0
737423,475,0,4679,9601,1,0,1
737424,65535,255,5009,-6991,0,0,0
737425,65535,255,3316,-7279,0,0,0
737426,65535,255,882,-7681,0,0,0
737427,107,0,1876,10058,1,0,1
737428,220,0,4106,9691,1,0,1
737429,262,0,5434,-6826,1,0,1
737430,187,0,3961,-7206,1,0,1
737431,142,0,1770,-7594,1,0,1
737432,428,0,986,9977,1,0,1
737433,65535,255,3450,9796,0,0,0
737434,65535,255,5178,9473,0,0,0
737435,148,0,4522,-7127,1,0,1
737436,419,0,2583,-7342,1,0,1
737437,53,0,71,5977,1,0,1
737438,65535,255,2709,9944,0,0,0
737439,65535,255,4682,9549,0,0,0
737440,406,0,5006,-6943,1,0,1
737441,402,0,3316,-7344,1,0,1
737442,129,0,877,-7379,1,0,0
737443,65535,255,1881,9936,0,0,0
737444,65535,255,4109,9642,0,0,0
737445,65535,255,5431,-6869,0,0,0
737446,65535,255,3959,-7210,0,0,0
737447,74,2,1765,-7556,1,0,1
737448,65535,255,992,9910,0,0,0
737449,65535,255,3454,9787,0,0,0
737450,484,0,5183,9472,1,0,1
737451,87,2,4519,-7127,1,0,1
737452,65535,255,2577,-7354,0,0,0
737453,65535,255,73,7256,0,0,0
737454,337,0,2714,9967,1,0,1
737455,125,2,4685,9567,1,0,0
737456,181,0,5003,-6965,1,0,1
737457,65535,255,3311,-7371,0,0,0
737458,65535,255,870,-7644,0,0,0
737459,65535,255,1892,10056,0,0,0
737460,65535,255,4117,9698,0,0,0
737461,254,0,5428,-6836,1,0,1
737462,123,0,3951,-7167,1,0,1
737463,86,0,1754,-7389,1,0,1
737464,448,0,1003,10176,1,0,1
737465,65535,255,3467,9724,0,0,0
737466,0,0,0,0,0,0,0
737467,137,0,4512,-7097,1,0,1
737468,33,0,2573,-7478,1,0,1
737469,65535,255,74,12368,0,0,0
737470,159,0,2724,9930,1,0,1
737471,104,0,4694,9548,1,0,1
737472,73,0,4999,-6950,1,0,1
737473,120,0,3303,-7374,1,0,1
737474,428,2,853,-7529,1,0,1
737475,50,0,1903,10021,1,0,1
737476,429,2,4128,9689,1,0,1
737477,224,0,5422,-6833,1,0,1
737478,538,2,3940,-7170,1,0,1
737479,455,2,1737,-7410,1,0,1
737480,96,0,1015,10239,1,0,1
737481,381,2,3480,9749,1,0,1
737482,681,2,5200,9453,1,0,1
737483,196,0,4505,-7118,1,0,0
737484,151,0,2558,-7344,1,0,1
737485,490,0,98,8392,1,0,1
737486,127,0,2744,9813,1,0,1
737487,107,0,4703,9587,1,0,1
737488,137,0,4991,-6990,1,0,1
737489,65535,255,3285,-7302,0,0,0
737490,65535,255,835,-7886,0,0,0
737491,65535,255,1925,9915,0,0,0
737492,521,0,4143,9651,1,0,1
737493,516,0,5414,-6884,1,0,1
737494,65535,255,3932,-7252,0,0,0
737495,65535,255,1721,-7639,0,0,0
737496,271,0,1038,10139,1,0,1
737497,446,0,3497,9729,1,0,1
737498,593,0,5212,9446,1,0,1
737499,435,0,4491,-7114,1,0,1
737500,65535,255,2538,-7346,0,0,0
737501,65535,255,119,8744,0,0,0
737502,65535,255,2762,9834,0,0,0
737503,441,0,4720,9601,1,0,1
737504,65535,255,4979,-7004,0,0,0
737505,58,2,3271,-7323,1,0,1
737506,156,0,812,-7406,1,0,1
737507,104,0,1947,9999,1,0,1
737508,243,0,4157,9684,1,0,1
737509,245,0,5403,-6839,1,0,1
737510,65535,255,3914,-7182,0,0,0
737511,432,0,1693,-7469,1,0,1
737512,365,0,1068,9886,1,0,1
737513,205,0,3514,9804,1,0,1
737514,246,0,5223,9418,1,0,1
737515,404,0,4474,-7080,1,0,1
737516,328,0,2513,-7488,1,0,1
737517,65535,255,146,10807,0,0,0
737518,65535,255,2789,9860,0,0,0
737519,65535,255,4736,9586,0,0,0
737520,65535,255,4963,-6996,0,0,0
737521,65535,255,3244,-7317,0,0,0
737522,65535,255,778,-7398,0,0,0
737523,84,0,1974,10011,1,0,1
737524,65535,255,4175,9694,0,0,0
737525,93,0,5389,-6847,1,0,1
737526,65535,255,3891,-7163,0,0,0
737527,65535,255,1671,-7490,0,0,0
737528,65535,255,1084,10040,0,0,0
737529,65535,255,3531,9733,0,0,0
737530,65535,255,5229,9472,0,0,0
737531,245,0,4467,-7068,1,0,1
737532,152,0,2508,-7500,1,0,1
737533,982,1,153,9284,1,0,1
737534,678,2,2791,9887,1,0,1
737535,269,0,4733,9558,1,0,1
737536,65535,255,4964,-6985,0,0,0
737537,65535,255,3249,-7335,0,0,0
737538,0,0,0,0,0,0,0
737539,65535,255,1964,9879,0,0,0
737540,377,0,4165,9668,1,0,1
737541,65535,255,5398,-6844,0,0,0
737542,398,0,3906,-7226,1,0,1
737543,515,0,1693,-7663,1,0,0
737544,65535,255,1063,10247,0,0,0
737545,231,0,3510,9823,1,0,1
737546,65535,255,5218,9449,0,0,0
737547,420,0,4478,-7115,1,0,1
737548,65535,255,2523,-7460,0,0,0
737549,65535,255,133,8631,0,0,0
737550,65535,255,2772,9867,0,0,0
737551,65535,255,4723,9554,0,0,0
737552,769,0,6027,9220,1,0,1
737553,0,0,0,0,0,0,0
737554,65535,255,812,-7690,0,0,0
737555,65535,255,1947,9931,0,0,0
737556,188,0,4150,9699,1,0,1
737557,65535,255,5645,9308,0,0,0
737558,65535,255,6657,8992,0,0,0
737559,65535,255,1710,-7486,0,0,0
737560,135,0,1044,10074,1,0,1
737561,144,0,3497,9764,1,0,1
737562,65535,255,5212,9415,0,0,0
737563,0,0,0,0,0,0,0
737564,65535,255,-32768,-32768,0,65535,0
737565,65535,255,115,11882,0,0,0
737566,65535,255,2758,9835,0,0,0
737567,65535,255,4714,9545,0,0,0
737568,65535,255,6019,9215,0,0,0
737569,65535,255,6922,8873,0,0,1
737570,65535,255,-32768,-32768,0,65535,1
737571,65535,255,1931,9949,0,0,0
737572,65535,255,4143,9714,0,0,0
737573,65535,255,5640,9319,0,0,0
737574,65535,255,6651,9001,0,0,0
737575,65535,255,-32768,-32768,0,65535,0
737576,65535,255,1033,10235,0,0,0
737577,65535,255,3488,9809,0,0,0
737578,162,0,5204,9448,1,0,1
737579,218,0,6352,9103,1,0,1
737580,65535,255,-32768,-32768,0,65535,1
737581,65535,255,-32768,-32768,0,65535,1
737582,361,0,2748,9938,1,0,1
737583,354,0,4707,9599,1,0,1
737584,65535,255,6015,9256,0,0,0
737585,0,0,0,0,0,0,0
737586,65535,255,-32768,-32768,0,65535,0
737587,65535,255,-32768,-32768,0,65535,0
737588,65535,255,4136,9696,0,0,0
737589,46,2,5635,9312,1,0,1
737590,266,0,6649,8999,1,0,1
737591,65535,255,-32768,-32768,0,65535,1
737592,65535,255,-32768,-32768,0,65535,1
737593,315,0,3484,9819,1,0,1
737594,47,2,5200,9454,1,0,1
737595,65535,255,6352,9103,0,0,0
737596,0,0,0,0,0,0,0
737597,65535,255,-32768,-32768,0,65535,0
737598,65535,255,-32768,-32768,0,65535,0
737599,105,2,4704,9541,1,0,1
737600,300,0,6015,9216,1,0,1
737601,0,0,0,0,0,0,0
737602,65535,255,-32768,-32768,0,65535,1
737603,65535,255,-32768,-32768,0,65535,1
737604,65535,255,4136,9646,0,0,0
737605,245,0,5634,9357,1,0,1
737606,420,0,6649,9004,1,0,1
737607,65535,255,-32768,-32768,0,65535,0
737608,65535,255,-32768,-32768,0,65535,1
737609,325,0,3484,9784,1,0,1
737610,93,0,5200,9439,1,0,1
737611,341,0,6350,9124,1,0,1
737612,65535,255,-32768,-32768,0,0,1
737613,65535,255,-32768,-32768,0,65535,0
737614,333,0,2744,9815,1,0,1
737615,65535,255,4703,9542,0,0,0
737616,65535,255,6014,9221,0,0,0
737617,65535,255,6917,8885,0,0,1
737618,65535,255,-32768,-32768,0,65535,0
737619,132,0,1914,10107,1,0,1
737620,293,0,4134,9676,1,0,1
737621,65535,255,5633,9332,0,0,0
737622,157,0,6649,8997,1,0,1
737623,65535,255,-32768,-32768,0,65535,1
737624,317,0,1022,10333,1,0,1
737625,65535,255,3483,9760,0,0,0
737626,360,0,5200,9479,1,0,1
737627,65535,255,6350,9121,0,0,0
737628,65535,255,2557,-7442,0,0,0
737629,725,1,96,8694,1,0,1
737630,96,0,2739,9928,1,0,1
737631,184,0,4704,9542,1,0,1
737632,65535,255,6015,9203,0,0,0
737633,52,2,3293,-7346,1,0,0
737634,65535,255,847,-7839,0,0,0
737635,91,2,1914,10053,1,0,1
737636,315,0,4136,9659,1,0,1
737637,367,0,5634,9370,1,0,1
737638,158,0,3935,-7161,1,0,1
737639,65535,255,1731,-7577,0,0,0
737640,78,0,1022,10332,1,0,1
737641,89,0,3485,9713,1,0,1
737642,65535,255,5201,9484,0,0,0
737643,219,0,4501,-7117,1,0,1
737644,65535,255,2552,-7468,0,0,0
737645,204,0,95,9375,1,0,1
737646,241,2,2744,9971,1,0,1
737647,339,0,4708,9539,1,0,1
737648,202,0,4990,-6994,1,0,1
737649,249,0,3284,-7253,1,0,1
737650,460,2,835,-7445,1,0,1
737651,180,0,1920,9898,1,0,1
737652,166,0,4136,9709,1,0,1
737653,259,0,5417,-6891,1,0,1
737654,455,2,3932,-7221,1,0,1
737655,207,0,1726,-7445,1,0,1
737656,163,0,1027,10104,1,0,1
737657,65535,255,3489,9800,0,0,0
737658,300,0,5204,9457,1,0,0
737659,243,0,4497,-7092,1,0,1
737660,155,0,2547,-7418,1,0,1
737661,65535,255,104,8474,0,0,0
737662,252,0,2749,9937,1,0,1
737663,65535,255,4711,9527,0,0,0
737664,313,0,4984,-6985,1,0,1
737665,65535,255,3282,-7311,0,0,0
737666,77,0,830,-7402,1,0,1
737667,402,0,1932,9897,1,0,1
737668,65535,255,4140,9714,0,0,0
737669,269,0,5411,-6871,1,0,1
737670,149,0,3928,-7236,1,0,1
737671,440,0,1715,-7483,1,0,1
737672,313,0,1039,10199,1,0,1
737673,336,0,3493,9834,1,0,1
737674,65535,255,5207,9482,0,0,0
737675,101,2,4491,-7125,1,0,1
737676,65535,255,2538,-7494,0,0,0
737677,65535,255,111,10690,0,0,0
737678,61,0,2758,9834,1,0,1
737679,290,2,4715,9574,1,0,1
737680,148,0,4978,-6947,1,0,1
737681,279,1,3270,-7330,1,0,1
737682,361,2,817,-7806,1,0,1
737683,95,0,1937,10084,1,0,1
737684,387,2,4151,9684,1,0,1
737685,228,0,5406,-6884,1,0,1
737686,239,0,3917,-7216,1,0,1
737687,65535,255,1704,-7465,0,0,0
737688,65535,255,1050,10197,0,0,0
737689,147,0,3502,9841,1,0,1
737690,65535,255,5214,9439,0,0,0
737691,65535,255,4480,-7139,0,0,0
737692,207,0,2523,-7350,1,0,1
737693,65535,255,126,11700,0,0,0
737694,375,0,2773,9900,1,0,1
737695,404,0,4715,9516,1,0,1
737696,65535,255,4984,-6989,0,0,0
737697,149,0,3279,-7267,1,0,1
737698,158,0,828,-7607,1,0,1
737699,92,0,1926,10012,1,0,1
737700,65535,255,4141,9668,0,0,0
737701,65535,255,5414,-6877,0,0,0
737702,94,0,3932,-7218,1,0,1
737703,38,0,1725,-7488,1,0,1
737704,95,0,1028,10295,1,0,1
737705,65535,255,3485,9744,0,0,0
737706,80,0,5202,9438,1,0,1
737707,34,2,4497,-7084,1,0,0
737708,65535,255,2552,-7446,0,0,0
737709,65,0,94,10078,1,0,1
737710,142,0,2745,9854,1,0,1
737711,65535,255,4705,9589,0,0,0
737712,216,0,4990,-6981,1,0,1
737713,188,0,3284,-7257,1,0,0
737714,69,0,840,-7607,1,0,1
737715,327,1,1920,10032,1,0,0
737716,65535,255,4133,9677,0,0,0
737717,0,0,0,0,0,0,0
737718,65535,255,3936,-7247,0,0,0
737719,65535,255,1732,-7583,0,0,0
737720,65535,255,1021,9974,0,0,0
737721,65535,255,3480,9798,0,0,0
737722,65535,255,5200,9476,0,0,0
737723,65535,255,4502,-7109,0,0,0
737724,364,0,2553,-7372,1,0,1
737725,374,0,98,8391,1,0,1
737726,339,0,2744,9810,1,0,1
737727,65535,255,4704,9572,0,0,0
737728,25,2,4991,-6970,1,0,0
737729,65535,255,3289,-7247,0,0,0
737730,33,2,846,-7726,1,0,0
737731,65535,255,1914,10085,0,0,0
737732,42,2,4132,9714,1,0,0
737733,350,0,5420,-6846,1,0,1
737734,65535,255,3940,-7179,0,0,0
737735,65535,255,1732,-7430,0,0,0
737736,401,0,1021,10268,1,0,1
737737,65535,255,3480,9747,0,0,0
737738,65535,255,5200,9456,0,0,0
737739,208,0,4502,-7119,1,0,0
737740,65535,255,2553,-7348,0,0,0
737741,65535,255,102,7777,0,0,0
737742,65535,255,2741,9895,0,0,0
737743,204,0,4704,9573,1,0,1
737744,65535,255,4990,-6976,0,0,0
737745,65535,255,3289,-7266,0,0,0
737746,65535,255,841,-7727,0,0,0
737747,79,2,1914,10121,1,0,1
737748,65535,255,4135,9622,0,0,0
737749,65535,255,5420,-6860,0,0,0
737750,65535,255,3936,-7216,0,0,0
737751,65535,255,1732,-7544,0,0,0
737752,65535,255,1027,9944,0,0,0
737753,65535,255,3484,9816,0,0,0
737754,65535,255,5203,9415,0,0,0
737755,303,0,4498,-7077,1,0,1
737756,65535,255,2553,-7459,0,0,0
737757,65535,255,100,11439,0,0,0
737758,65535,255,2748,9936,0,0,0
737759,65535,255,4710,9555,0,0,0
737760,65535,255,4988,-6965,0,0,0
737761,65535,255,3284,-7257,0,0,0
737762,65535,255,835,-7727,0,0,0
737763,206,0,1931,9862,1,0,1
737764,65535,255,4143,9637,0,0,0
737765,272,0,5414,-6876,1,0,1
737766,65535,255,3928,-7247,0,0,0
737767,471,0,1721,-7639,1,0,1
737768,65535,255,1038,10168,0,0,0
737769,65535,255,3497,9736,0,0,0
737770,348,0,5209,9455,1,0,1
737771,65535,255,4491,-7128,0,0,0
737772,65535,255,2538,-7385,0,0,0
737773,110,0,110,9819,1,0,1
737774,409,0,2762,9877,1,0,1
737775,65535,255,4717,9536,0,0,0
737776,65535,255,4978,-6950,0,0,0
737777,65535,255,3276,-7389,0,0,0
737778,65535,255,817,-7689,0,0,0
737779,65535,255,1942,9948,0,0,0
737780,65535,255,4154,9634,0,0,0
737781,65535,255,5406,-6882,0,0,0
737782,65535,255,3917,-7256,0,0,0
737783,545,0,1705,-7680,3,0,1
737784,280,0,1056,10260,1,0,1
737785,556,0,3510,9770,1,0,1
737786,432,0,5217,9474,1,0,1
737787,522,0,4478,-7062,1,0,1
737788,65535,255,2523,-7450,0,0,0
737789,65535,255,130,11418,0,0,0
737790,562,0,2776,9955,1,0,1
737791,264,0,4727,9581,1,0,1
737792,65535,255,4970,-6991,0,0,0
737793,65535,255,3258,-7316,0,0,0
737794,356,0,795,-7402,1,0,1
737795,101,0,1958,10030,1,0,1
737796,806,1,4165,9708,1,0,0
737797,65535,255,5396,-6861,0,0,0
737798,65535,255,3903,-7229,0,0,0
737799,65535,255,1682,-7529,0,0,0
737800,287,0,1079,10009,1,0,1
737801,116,0,3527,9708,1,0,1
737802,504,0,5230,9446,1,0,1
737803,199,0,4468,-7126,1,0,1
737804,65535,255,2498,-7390,0,0,0
737805,65535,255,157,10389,0,0,0
737806,65535,255,2795,9919,0,0,0
737807,115,0,4740,9562,1,0,1
737808,65535,255,4955,-6983,0,0,0
737809,65535,255,3235,-7311,0,0,0
737810,65535,255,772,-7402,0,0,0
737811,266,2,1985,10026,1,0,0
737812,65535,255,4183,9652,0,0,0
737813,530,0,5382,-6845,1,0,1
737814,126,0,3888,-7240,1,0,1
737815,65535,255,1660,-7416,0,0,0
737816,65535,255,1096,9980,0,0,0
737817,65535,255,3536,9741,0,0,0
737818,65535,255,5236,9408,0,0,0
737819,174,0,4461,-7103,1,0,1
737820,98,0,2498,-7403,1,0,1
737821,496,2,161,11625,1,0,0
737822,65535,255,2795,9853,0,0,0
737823,65535,255,4737,9557,0,0,0
737824,65535,255,4961,-6998,0,0,0
737825,65535,255,3244,-7376,0,0,0
737826,629,0,784,-7911,1,0,1
737827,451,0,1969,10045,1,0,1
737828,149,0,4169,9647,1,0,1
737829,252,0,5393,-6837,1,0,1
737830,35,2,3902,-7229,1,0,1
737831,0,0,0,0,0,0,0
737832,98,0,1074,10011,1,0,1
737833,64,2,3518,9753,1,0,1
737834,231,0,5224,9422,1,0,1
737835,173,0,4474,-7125,1,0,1
737836,461,0,2513,-7452,1,0,1
737837,296,0,142,9007,1,0,1
737838,65535,255,2777,9912,0,0,0
737839,65535,255,4727,9595,0,0,0
737840,65535,255,4969,-6952,0,0,0
737841,235,0,3258,-7298,1,0,1
737842,65535,255,800,-7573,0,0,0
737843,112,0,1953,9931,1,0,1
737844,153,0,4158,9711,1,0,1
737845,65535,255,5400,-6884,0,0,0
737846,65535,255,3910,-7197,0,0,0
737847,338,0,1699,-7645,1,0,1
737848,450,0,1062,9888,1,0,1
737849,371,0,3510,9728,1,0,1
737850,65535,255,5217,9450,0,0,0
737851,65535,255,4481,-7110,0,0,0
737852,86,0,2528,-7437,1,0,1
737853,65535,255,127,8584,0,0,0
737854,220,0,2767,9913,1,0,1
737855,419,0,4720,9596,1,0,1
737856,65535,255,4976,-6956,0,0,0
737857,65535,255,3266,-7316,0,0,0
737858,414,0,812,-7655,1,0,1
737859,66,2,1942,9967,1,0,1
737860,248,0,4154,9623,1,0,1
737861,325,0,5406,-6848,1,0,1
737862,167,0,3921,-7226,1,0,1
737863,65535,255,1710,-7432,0,0,0
737864,65535,255,1050,10044,0,0,0
737865,213,0,3501,9782,1,0,1
737866,185,0,5212,9441,1,0,1
737867,167,0,4487,-7059,1,0,1
737868,301,0,2533,-7336,1,0,1
737869,50,0,111,11061,1,0,1
737870,88,0,2762,9835,1,0,1
737871,279,0,4717,9561,1,0,1
737872,65535,255,4981,-7014,0,0,0
737873,65535,255,3271,-7276,0,0,0
737874,615,0,817,-7530,1,0,1
737875,65535,255,1936,9933,0,0,0
737876,129,2,4146,9720,1,0,1
737877,65535,255,5409,-6899,0,0,0
737878,65535,255,3925,-7224,0,0,0
737879,137,2,1715,-7449,1,0,0
737880,65535,255,1044,10107,0,0,0
737881,65535,255,3497,9799,0,0,0
737882,142,0,5209,9457,1,0,1
737883,95,0,4491,-7083,1,0,1
737884,258,0,2537,-7398,1,0,1
737885,96,0,116,8411,1,0,1
737886,129,0,2758,9914,1,0,1
737887,301,0,4716,9529,1,0,1
737888,269,0,4981,-6975,1,0,1
737889,293,0,3276,-7369,1,0,1
737890,553,2,819,-7491,1,0,1
737891,466,2,1937,10044,1,0,1
737892,119,0,4146,9693,1,0,1
737893,664,2,5409,-6884,1,0,1
737894,65535,255,3925,-7216,0,0,0
737895,65535,255,1715,-7430,0,0,0
737896,364,0,1044,10108,1,0,1
737897,360,0,3497,9808,1,0,1
737898,65535,255,5209,9467,0,0,0
737899,65535,255,4487,-7103,0,0,0
737900,68,0,2537,-7446,1,0,1
737901,65535,255,111,9554,0,0,0
737902,0,0,0,0,0,0,0
737903,110,0,4717,9550,1,0,1
737904,60,0,4981,-7013,1,0,1
737905,120,0,3271,-7294,1,0,1
737906,313,0,817,-7692,1,0,1
737907,213,2,1942,10018,1,0,0
737908,73,2,4150,9658,1,0,0
737909,65535,255,5406,-6866,0,0,0
737910,65535,255,3917,-7195,0,0,0
737911,65535,255,1705,-7391,0,0,0
737912,329,0,1050,10076,1,0,1
737913,65535,255,3501,9807,0,0,0
737914,65535,255,5212,9472,0,0,0
737915,174,0,4484,-7115,1,0,1
737916,480,0,2528,-7485,1,0,1
737917,65535,255,122,10702,0,0,0
737918,86,0,2767,9857,1,0,1
737919,65535,255,4721,9585,0,0,0
737920,65535,255,6027,9200,0,0,0
737921,65535,255,3267,-7361,0,0,0
737922,0,0,0,0,0,0,0
737923,46,2,1948,9898,1,0,1
737924,65535,255,4158,9622,0,0,0
737925,65535,255,5647,9354,0,0,0
737926,65535,255,6659,8995,0,0,0
737927,290,0,1699,-7643,1,0,1
737928,65535,255,1062,10012,0,0,0
737929,285,0,3510,9797,1,0,1
737930,65535,255,5218,9466,0,0,0
737931,65535,255,6362,9124,0,0,0
737932,65535,255,-32768,-32768,0,65535,1
737933,401,0,135,11147,1,0,1
737934,65535,255,2777,9878,0,0,0
737935,268,0,4728,9545,1,0,1
737936,203,0,6030,9216,1,0,1
737937,65535,255,6929,8894,0,0,1
737938,65535,255,-32768,-32768,0,65535,1
737939,409,0,1964,10014,1,0,1
737940,55,2,4165,9669,1,0,0
737941,103,0,5655,9320,1,0,1
737942,65535,255,6664,9024,0,0,0
737943,65535,255,-32768,-32768,0,65535,0
737944,65535,255,-32768,-32768,0,65535,0
737945,140,0,3522,9761,1,0,1
737946,65535,255,5227,9448,0,0,0
737947,65535,255,6368,9115,0,0,0
737948,65535,255,-32768,-32768,0,65535,1
737949,65535,255,-32768,-32768,0,65535,0
737950,65535,255,2795,9876,0,0,0
737951,65535,255,4740,9517,0,0,0
737952,94,0,6037,9222,1,0,0
737953,0,0,0,0,0,0,0
737954,65535,255,-32768,-32768,0,65535,1
737955,65535,255,-32768,-32768,0,65535,1
737956,65535,255,4179,9694,0,0,0
737957,65535,255,5662,9341,0,0,0
737958,0,0,0,0,0,0,0
737959,65535,255,-32768,-32768,0,65535,0
737960,65535,255,-32768,-32768,0,65535,1
737961,65535,255,3540,9819,0,0,0
737962,221,0,5238,9410,1,0,1
737963,516,0,6378,9090,1,0,1
737964,65535,255,-32768,-32768,0,65535,1
737965,65535,255,-32768,-32768,0,65535,0
737966,327,2,2814,9818,1,0,1
737967,62,0,4750,9555,1,0,1
737968,65535,255,6046,9219,0,0,0
737969,0,0,0,0,0,0,0
737970,65535,255,-32768,-32768,0,65535,1
737971,65535,255,-32768,-32768,0,65535,1
737972,163,0,4183,9680,1,0,1
737973,404,2,5667,9354,1,0,1
737974,0,0,0,0,0,0,0
737975,65535,255,-32768,-32768,0,65535,1
737976,65535,255,-32768,-32768,0,65535,0
737977,180,0,3538,9759,1,0,1
737978,71,0,5235,9456,1,0,1
737979,229,0,6375,9095,1,0,1
737980,65535,255,-32768,-32768,0,65535,1
737981,65535,255,-32768,-32768,0,65535,1
737982,166,0,2800,9897,1,0,1
737983,65535,255,4743,9569,0,0,0
737984,747,1,6041,9229,1,0,1
737985,65535,255,6936,8883,0,0,1
737986,65535,255,-32768,-32768,0,65535,1
737987,65535,255,1980,9979,0,0,0
737988,381,2,4176,9715,1,0,1
737989,373,0,5662,9318,1,0,1
737990,65535,255,6669,8998,0,0,1
737991,115,0,1676,-7528,1,0,1
737992,349,0,1085,10132,1,0,1
737993,57,0,3527,9768,1,0,1
737994,410,0,5232,9421,1,0,1
737995,65535,255,6370,9125,0,0,0
737996,65535,255,2503,-7412,0,0,0
737997,59,0,149,11490,1,0,1
737998,65535,255,2792,9841,0,0,0
737999,308,0,4737,9545,1,0,1
738000,271,0,6035,9213,1,0,1
738001,283,0,3247,-7335,1,0,1
738002,342,0,788,-7691,1,0,1
738003,391,0,1970,9946,1,0,1
738004,188,0,4169,9702,1,0,1
738005,65535,255,5658,9314,0,0,0
738006,65535,255,3902,-7160,0,0,0
738007,65535,255,1687,-7527,0,0,0
738008,188,0,1073,10162,1,0,1
738009,141,0,3519,9787,1,0,1
738010,529,0,5227,9433,1,0,1
738011,65535,255,4473,-7130,0,0,0
738012,383,0,2513,-7461,1,0,1
738013,148,0,143,8980,1,0,1
738014,65535,255,2781,9899,0,0,0
738015,207,0,4730,9576,1,0,1
738016,50,2,4968,-7012,1,0,0
738017,127,0,3252,-7258,1,0,1
738018,316,0,795,-7315,1,0,1
738019,227,0,1959,10064,1,0,1
738020,344,0,4165,9655,1,0,1
738021,65535,255,5397,-6839,0,0,0
738022,164,0,3909,-7233,1,0,0
738023,27,0,1693,-7410,1,0,1
738024,49,0,1068,9977,1,0,1
738025,103,0,3515,9744,1,0,1
738026,196,0,5222,9413,1,0,1
738027,65535,255,4477,-7110,0,0,0
738028,202,0,2517,-7423,1,0,1
738029,115,0,141,8457,1,0,1
738030,204,0,2777,9877,1,0,1
738031,322,0,4728,9570,1,0,1
738032,65535,255,4969,-7010,0,0,0
738033,65535,255,3257,-7257,0,0,0
738034,122,0,800,-7359,1,0,1
738035,212,0,1954,10098,1,0,1
738036,65535,255,4162,9669,0,0,0
738037,65535,255,5400,-6853,0,0,0
738038,340,0,3909,-7262,1,0,1
738039,377,1,1692,-7506,1,0,1
738040,42,2,1062,10134,1,0,1
738041,65535,255,3511,9797,0,0,0
738042,65535,255,5219,9444,0,0,0
738043,436,2,4474,-7060,1,0,1
738044,119,0,2521,-7480,1,0,1
738045,65535,255,134,10620,0,0,0
738046,309,0,2778,9810,1,0,1
738047,395,2,4728,9541,1,0,1
738048,279,0,4969,-6988,1,0,1
738049,388,0,3257,-7371,1,0,1
738050,555,0,800,-7898,1,0,1
738051,114,0,1953,10066,1,0,1
738052,370,0,4162,9656,1,0,1
738053,281,0,5398,-6852,1,0,1
738054,65535,255,3908,-7243,0,0,0
738055,65535,255,1692,-7525,0,0,0
738056,65535,255,1062,10196,0,0,0
738057,65535,255,3511,9814,0,0,0
738058,65535,255,5219,9460,0,0,0
738059,65535,255,4487,-7099,0,0,0
738060,65535,255,2537,-7475,0,0,0
738061,116,0,112,11001,1,0,1
738062,65535,255,2759,9898,0,0,0
738063,65535,255,4715,9527,0,0,0
738064,241,0,4981,-7006,1,0,1
738065,87,0,3275,-7316,1,0,0
738066,0,0,0,0,0,0,0
738067,65535,255,1938,9893,0,0,0
738068,468,0,4148,9626,1,0,1
738069,186,0,5408,-6859,1,0,1
738070,143,0,3924,-7205,1,0,1
738071,0,0,0,0,0,0,0
738072,482,0,1040,10274,1,0,1
738073,85,0,3494,9760,1,0,1
738074,337,0,5208,9462,1,0,1
738075,65535,255,4491,-7123,0,0,0
738076,65535,255,2537,-7349,0,0,0
738077,635,2,117,8394,1,0,1
738078,441,0,2760,9796,1,0,1
738079,65535,255,4712,9576,0,0,0
738080,65535,255,4981,-6973,0,0,0
738081,157,0,3275,-7258,1,0,1
738082,411,0,822,-7692,1,0,1
738083,215,2,1932,10099,1,0,0
738084,360,2,4145,9669,1,0,1
738085,0,0,0,0,0,0,0
738086,342,0,3924,-7198,1,0,1
738087,0,0,0,0,0,0,0
738088,65535,255,1045,9882,0,0,0
738089,121,0,3493,9789,1,0,0
738090,65535,255,5209,9479,0,0,0
738091,65535,255,4488,-7055,0,0,0
738092,285,0,2537,-7412,1,0,1
738093,65535,255,110,10442,0,0,0
738094,65535,255,2758,9889,0,0,0
738095,460,0,4717,9535,1,0,1
738096,306,0,4979,-6946,1,0,0
738097,65535,255,3276,-7362,0,0,0
738098,65535,255,818,-7532,0,0,0
738099,65535,255,1936,10049,0,0,1
738100,65535,255,4147,9711,0,0,0
738101,200,0,5409,-6854,1,0,0
738102,376,0,3921,-7205,1,0,1
738103,386,0,1709,-7529,1,0,1
738104,454,0,1050,9978,1,0,1
738105,226,0,3501,9822,1,0,1
738106,65535,255,5215,9427,0,0,0
738107,65535,255,4488,-7099,0,0,0
738108,65535,255,2533,-7513,0,0,0
738109,65535,255,127,8569,0,0,0
738110,65535,255,2767,9832,0,0,0
738111,65535,255,4722,9553,0,0,0
738112,65535,255,4978,-7011,0,0,1
738113,289,2,3266,-7345,1,0,0
738114,374,2,806,-7532,1,0,0
738115,65535,255,1947,10065,0,0,0
738116,214,0,4157,9672,1,0,1
738117,500,0,5403,-6866,1,0,1
738118,65535,255,3913,-7236,0,0,0
738119,65535,255,1699,-7626,0,0,0
738120,280,0,1061,10166,1,0,1
738121,359,0,3514,9752,1,0,1
738122,65535,255,5220,9468,0,0,0
738123,142,0,4477,-7057,1,0,0
738124,65535,255,2518,-7451,0,0,0
738125,65535,255,137,11617,0,0,0
738126,65535,255,2782,9924,0,0,0
738127,65535,255,4733,9586,0,0,0
738128,65535,255,4969,-7008,0,0,0
738129,65535,255,3253,-7347,0,0,0
738130,65535,255,788,-7570,0,0,0
738131,65535,255,1964,10096,0,0,0
738132,253,0,4172,9639,1,0,0
738133,65535,255,5395,-6886,0,0,0
738134,65535,255,3898,-7164,0,0,0
738135,65535,255,1677,-7453,0,0,0
738136,91,0,1080,10285,1,0,1
738137,65535,255,3527,9715,0,0,0
738138,501,0,5230,9451,1,0,1
738139,65535,255,4470,-7108,0,0,0
738140,65535,255,2508,-7440,0,0,0
738141,65535,255,147,9255,0,0,0
738142,65535,255,2786,9931,0,0,0
738143,65535,255,4736,9516,0,0,0
738144,65535,255,4967,-6970,0,0,0
738145,65535,255,3253,-7346,0,0,0
738146,349,2,795,-7864,1,0,1
738147,65535,255,1959,10064,0,0,0
738148,29,2,4164,9661,1,0,1
738149,65535,255,5398,-6861,0,0,0
738150,65535,255,3906,-7169,0,0,0
738151,65535,255,1693,-7587,0,0,0
738152,303,0,1069,9854,1,0,1
738153,65535,255,3514,9726,0,0,0
738154,65535,255,5221,9418,0,0,0
738155,65535,255,4477,-7131,0,0,0
738156,180,0,2523,-7488,3,0,0
738157,65535,255,128,10407,0,0,0
738158,65535,255,2777,9821,0,0,0
738159,65535,255,4724,9553,0,0,0
738160,65535,255,4975,-7011,0,0,0
738161,65535,255,3262,-7277,0,0,0
738162,65535,255,806,-7570,0,0,0
738163,65535,255,1947,9965,0,0,0
738164,65535,255,4158,9628,0,0,0
738165,65535,255,5404,-6839,0,0,0
738166,69,2,3918,-7256,1,0,0
738167,291,0,1704,-7546,1,0,1
738168,136,0,1050,10296,1,0,1
738169,266,0,3506,9719,3,0,1
738170,443,0,5215,9414,3,0,1
738171,65535,255,4485,-7129,0,0,0
738172,317,0,2529,-7498,3,0,1
738173,65535,255,121,10692,0,0,0
738174,519,0,2766,9845,1,0,1
738175,65535,255,4719,9572,0,0,0
738176,65535,255,4974,-6950,0,0,0
738177,65535,255,3268,-7323,0,0,0
738178,65535,255,819,-7772,0,0,0
738179,65535,255,1941,10050,0,0,0
738180,65535,255,4149,9671,0,0,0
738181,65535,255,5405,-6876,0,0,0
738182,199,0,3919,-7203,1,0,1
738183,189,0,1711,-7411,1,0,1
738184,385,0,1049,10074,1,0,1
738185,159,0,3496,9807,1,0,1
738186,528,0,5211,9466,1,0,1
738187,65535,255,4486,-7102,0,0,0
738188,65535,255,2534,-7459,0,0,0
738189,65535,255,115,9859,0,0,0
738190,65535,255,2762,9811,0,0,0
738191,65535,255,4716,9561,0,0,0
738192,65535,255,4977,-6938,0,0,0
738193,65535,255,3272,-7313,0,0,0
738194,65535,255,819,-7772,0,0,0
738195,191,2,1935,10068,1,0,0
738196,65535,255,4146,9679,0,0,0
738197,65535,255,5408,-6884,0,0,0
738198,130,0,3922,-7217,1,0,1
738199,65535,255,1711,-7468,0,0,1
738200,65535,255,1043,10201,0,0,0
738201,247,0,3497,9793,1,0,1
738202,60,0,5210,9433,1,0,1
738203,207,0,4487,-7091,1,0,1
738204,65535,255,2534,-7345,0,0,1
738205,289,0,119,11819,1,0,1
738206,65535,255,2761,9902,0,0,0
738207,65535,255,4717,9520,0,0,0
738208,65535,255,4980,-6992,0,0,1
738209,65535,255,3272,-7256,0,0,0
738210,113,0,819,-7569,1,0,1
738211,209,0,1941,9983,1,0,1
738212,36,2,4149,9651,1,0,1
738213,341,0,5407,-6870,1,0,1
738214,259,0,3919,-7202,1,0,1
738215,355,2,1705,-7428,1,0,1
738216,276,0,1049,10170,1,0,1
738217,321,0,3501,9815,1,0,1
738218,65535,255,5214,9415,0,0,0
738219,65535,255,4482,-7052,0,0,0
738220,65535,255,2529,-7371,0,0,0
738221,304,0,126,8547,1,0,0
738222,65535,255,2766,9947,0,0,0
738223,168,0,4719,9549,1,0,1
738224,65535,255,4975,-6977,0,0,0
738225,65535,255,3268,-7322,0,0,0
738226,0,0,0,0,0,0,0
738227,65535,255,1947,9935,0,0,0
738228,97,0,4153,9713,1,0,1
738229,574,0,5401,-6838,1,0,1
738230,99,0,3915,-7158,1,0,1
738231,471,0,1699,-7641,1,0,1
738232,371,0,1060,10041,1,0,1
738233,193,0,3508,9815,1,0,1
738234,314,2,5217,9481,1,0,0
738235,200,0,4482,-7140,1,0,1
738236,505,0,2519,-7359,1,0,1
738237,141,0,139,8454,1,0,1
738238,503,0,2775,9957,1,0,1
738239,466,0,4729,9553,1,0,1
738240,251,0,4970,-6950,1,0,1
738241,336,0,3258,-7352,1,0,1
738242,65535,255,796,-7399,0,0,0
738243,103,0,1958,9947,1,0,1
738244,393,0,4167,9648,1,0,1
738245,177,0,5399,-6872,1,0,1
738246,105,0,3907,-7219,1,0,1
738247,143,0,1688,-7526,1,0,1
738248,510,0,1079,9888,1,0,1
738249,190,0,3521,9778,1,0,1
738250,65535,255,5228,9463,0,0,0
738251,293,0,4471,-7124,1,0,1
738252,48,0,2509,-7336,1,0,1
738253,65535,255,156,8646,0,0,0
738254,289,0,2790,9966,1,0,1
738255,221,0,4739,9563,1,0,1
738256,65535,255,4961,-6963,0,0,0
738257,65535,255,3245,-7391,0,0,0
738258,65535,255,778,-7567,0,0,0
738259,65535,255,1979,10045,0,0,0
738260,244,0,4178,9695,1,0,0
738261,383,0,5388,-6837,1,0,1
738262,65535,255,3892,-7162,0,0,0
738263,203,0,1666,-7489,1,0,1
738264,65535,255,1095,10192,0,0,0
738265,65535,255,3538,9734,0,0,0
738266,446,0,5240,9446,1,0,1
738267,212,0,4458,-7107,1,0,1
738268,65535,255,2489,-7516,0,0,0
738269,240,0,180,8682,1,0,1
738270,123,0,2809,9946,1,0,1
738271,538,0,4753,9572,1,0,1
738272,65535,255,4948,-6972,0,0,0
738273,65535,255,3221,-7263,0,0,0
738274,65535,255,754,-7745,0,0,0
738275,65535,255,2007,9864,0,0,0
738276,78,2,4193,9705,1,0,0
738277,84,0,5379,-6854,1,0,1
738278,65535,255,3880,-7232,0,0,0
738279,95,0,1655,-7650,1,0,1
738280,531,0,1107,10221,1,0,1
738281,229,2,3544,9775,1,0,1
738282,276,0,5241,9414,1,0,1
738283,65535,255,4454,-7084,0,0,0
738284,299,2,2488,-7529,1,0,1
738285,140,0,169,9582,1,0,1
738286,227,2,2805,9886,1,0,0
738287,0,0,0,0,0,0,0
738288,65535,255,6041,9208,0,0,0
738289,65535,255,3235,-7300,0,0,0
738290,139,0,772,-7399,1,0,1
738291,146,2,1979,10045,1,0,1
738292,65535,255,4180,9626,0,0,0
738293,545,0,5662,9322,1,0,1
738294,65535,255,6667,8996,0,0,1
738295,93,0,1676,-7471,1,0,1
738296,140,0,1085,9981,1,0,1
738297,65535,255,3527,9726,0,0,0
738298,65535,255,5227,9463,0,0,0
738299,816,1,6370,9097,1,0,0
738300,65535,255,-32768,-32768,0,65535,0
738301,65535,255,150,8818,0,0,0
738302,137,0,2786,9866,1,0,1
738303,444,0,4734,9547,1,0,1
738304,355,0,6033,9211,1,0,1
738305,65535,255,6929,8894,0,0,1
738306,65535,255,-32768,-32768,0,65535,0
738307,275,0,1959,10116,1,0,1
738308,547,0,4165,9655,1,0,1
738309,80,0,5653,9343,1,0,1
738310,65535,255,6660,9015,0,0,1
738311,65535,255,-32768,-32768,0,65535,1
738312,65535,255,-32768,-32768,0,65535,0
738313,15,2,3510,9797,1,0,0
738314,65535,255,5218,9430,0,0,0
738315,65535,255,6362,9131,0,0,0
738316,65535,255,-32768,-32768,0,65535,1
738317,65535,255,-32768,-32768,0,65535,1
738318,98,0,2772,9823,1,0,1
738319,454,0,4724,9532,1,0,1
738320,288,0,6025,9253,1,0,1
738321,0,0,0,0,0,0,0
738322,65535,255,-32768,-32768,0,65535,0
738323,65535,255,-32768,-32768,0,65535,1
738324,367,0,4151,9679,1,0,1
738325,65535,255,5643,9355,0,0,0
738326,65535,255,6655,9013,0,0,1
738327,65535,255,-32768,-32768,0,65535,0
738328,65535,255,-32768,-32768,0,65535,0
738329,114,0,3497,9748,1,0,1
738330,65535,255,5207,9477,0,0,0
738331,348,0,6355,9101,1,0,1
738332,65535,255,-32768,-32768,0,65535,1
738333,65535,255,-32768,-32768,0,65535,1
738334,369,0,2753,9847,1,0,1
738335,536,0,4711,9534,1,0,1
738336,305,0,6015,9257,1,0,1
738337,0,0,0,0,0,0,0
738338,65535,255,-32768,-32768,0,65535,1
738339,65535,255,1920,10004,0,0,0
738340,65535,255,4136,9710,0,0,0
738341,96,0,5633,9335,1,0,1
738342,418,0,6648,8992,1,0,1
738343,65535,255,-32768,-32768,0,65535,1
738344,487,0,1028,9885,1,0,1
738345,456,0,3480,9829,1,0,1
738346,167,0,5198,9445,1,0,1
738347,663,0,6348,9137,1,0,1
738348,65535,255,-32768,-32768,0,65535,1
738349,113,0,88,12434,1,0,1
738350,65535,255,2739,9814,0,0,0
738351,131,0,4701,9519,1,0,1
738352,0,0,0,0,0,0,0
738353,65535,255,6914,8896,0,0,0
738354,65535,255,855,-7659,0,0,0
738355,342,0,1904,10020,1,0,0
738356,65535,255,4123,9666,0,0,0
738357,48,0,5627,9318,1,0,0
738358,534,2,6645,8994,1,0,1
738359,222,0,1748,-7483,1,0,1
738360,50,0,1004,10010,1,0,1
738361,88,0,3468,9734,1,0,1
738362,65535,255,5190,9472,0,0,0
738363,329,2,6343,9105,1,0,1
738364,65535,255,2572,-7419,0,0,0
738365,65535,255,72,9127,0,0,0
738366,65535,255,2720,9919,0,0,0
738367,153,0,4688,9579,1,0,1
738368,65535,255,6004,9231,0,0,0
738369,65535,255,3311,-7371,0,0,0
738370,525,2,869,-7794,1,0,1
738371,423,2,1893,9970,1,0,1
738372,0,0,0,0,0,0,0
738373,65535,255,5622,9320,0,0,0
738374,488,2,3954,-7165,1,0,1
738375,19,0,1764,-7499,1,0,1
738376,65535,255,992,10076,0,0,0
738377,444,0,3459,9762,1,0,1
738378,519,0,5184,9484,1,0,1
738379,113,0,4521,-7100,3,0,1
738380,401,0,2582,-7389,1,0,1
738381,339,0,57,12406,1,0,1
738382,83,0,2715,9803,1,0,1
738383,373,0,4685,9527,1,0,1
738384,166,0,5010,-6967,1,0,1
738385,497,0,3317,-7316,1,0,1
738386,126,0,881,-7564,1,0,1
738387,258,0,1882,9883,1,0,1
738388,155,0,4110,9678,1,0,0
738389,360,0,5435,-6857,1,0,1
738390,109,0,3964,-7241,1,0,1
738391,335,0,1769,-7461,1,0,1
738392,98,0,981,10009,1,0,1
738393,76,2,3451,9745,1,0,1
738394,406,0,5178,9490,1,0,1
738395,34,2,4527,-7099,3,0,1
738396,65535,255,2591,-7400,0,0,0
738397,148,0,53,14032,1,0,1
738398,220,0,2705,9839,1,0,1
738399,284,0,4679,9546,1,0,1
738400,224,0,5014,-6988,1,0,1
738401,247,0,3324,-7350,1,0,1
738402,396,0,886,-7752,1,0,1
738403,525,0,1877,9989,1,0,1
738404,374,0,4103,9730,1,0,1
738405,446,0,5438,-6862,1,0,1
738406,460,0,3966,-7200,1,0,1
738407,65535,255,1775,-7626,0,0,0
738408,272,2,976,10269,1,0,0
738409,424,0,3447,9842,1,0,1
738410,65535,255,5175,9465,0,0,0
738411,189,0,4528,-7086,1,0,1
738412,475,0,2591,-7375,1,0,1
738413,582,0,49,13525,1,0,1
738414,65535,255,2700,9828,0,0,0
738415,65535,255,4676,9552,0,0,0
738416,65535,255,5014,-6998,0,0,0
738417,263,0,3324,-7307,1,0,1
738418,111,0,891,-7780,1,0,1
738419,154,0,1871,10079,1,0,1
738420,65535,255,4103,9659,0,0,0
738421,331,0,5438,-6850,1,0,1
738422,102,0,3965,-7148,1,0,1
738423,95,0,1775,-7497,1,0,1
738424,49,2,976,10146,1,0,1
738425,65535,255,3447,9799,0,0,0
738426,65535,255,5176,9450,0,0,0
738427,266,0,4524,-7067,1,0,1
738428,65535,255,2592,-7351,0,0,0
738429,110,0,46,12929,1,0,1
738430,420,0,2706,9840,1,0,1
738431,65535,255,4676,9564,0,0,0
738432,65535,255,5009,-6967,0,0,0
738433,65535,255,3320,-7275,0,0,0
738434,65535,255,881,-7490,0,0,0
738435,65535,255,1877,9903,0,0,1
738436,65535,255,4107,9709,0,0,0
738437,65535,255,5433,-6845,0,0,0
738438,65535,255,3962,-7214,0,0,0
738439,65535,255,1764,-7405,0,0,1
738440,524,0,987,10044,1,0,1
738441,65535,255,3451,9781,0,0,0
738442,578,0,5182,9443,1,0,1
738443,403,0,4518,-7074,1,0,1
738444,139,0,2587,-7424,1,0,1
738445,132,0,48,9290,1,0,1
738446,233,0,2705,9829,1,0,1
738447,459,0,4676,9583,1,0,1
738448,65535,255,5011,-6970,0,0,0
738449,62,2,3324,-7238,1,0,1
738450,65535,255,892,-7563,0,0,1
738451,152,0,1865,10010,1,0,1
738452,199,0,4094,9676,1,0,1
738453,65535,255,5440,-6861,0,0,0
738454,65535,255,3978,-7241,0,0,0
738455,216,0,1792,-7569,1,0,1
738456,65535,255,957,9947,0,0,0
738457,65535,255,3429,9804,0,0,0
738458,126,0,5161,9481,1,0,1
738459,303,0,4539,-7045,1,0,1
738460,65535,255,2617,-7384,0,0,0
738461,65535,255,22,4426,0,0,0
738462,94,0,2675,9822,1,0,1
738463,362,2,4656,9588,1,0,1
738464,65535,255,5030,-6982,0,0,0
738465,107,0,3352,-7279,1,0,1
738466,162,0,928,-7744,1,0,1
738467,324,0,1832,10141,1,0,1
738468,65535,255,4072,9732,0,0,0
738469,65535,255,5457,-6858,0,0,0
738470,65535,255,3996,-7207,0,0,0
738471,65535,255,1819,-7528,0,0,0
738472,345,0,929,9909,1,0,0
738473,125,2,3404,9808,1,0,0
738474,65535,255,5149,9489,0,0,0
738475,65535,255,4556,-7065,0,0,0
738476,125,0,2642,-7440,1,0,1
738477,65535,255,20,-10742,0,0,0
738478,139,0,2650,9910,1,0,1
738479,65535,255,4633,9576,0,0,0
738480,65535,255,5051,-6946,0,0,0
738481,312,0,3381,-7361,1,0,0
738482,65535,255,963,-7673,0,0,0
738483,65535,255,1810,9905,0,0,0
738484,85,0,4056,9671,1,0,1
738485,65535,255,5467,-6847,0,0,0
738486,65535,255,4011,-7225,0,0,0
738487,65535,255,1842,-7638,0,0,0
738488,173,0,911,10338,1,0,0
738489,308,0,3399,9812,1,0,1
738490,269,0,5146,9438,1,0,1
738491,376,0,4559,-7033,1,0,1
738492,65535,255,2641,-7434,0,0,0
738493,65535,255,43,-11615,0,0,0
738494,65535,255,2659,9831,0,0,0
738495,65535,255,4649,9537,0,0,0
738496,558,0,5039,-6974,1,0,1
738497,65535,255,3360,-7320,0,0,0
738498,0,0,0,0,0,0,0
738499,65535,255,1832,9973,0,0,0
738500,65535,255,4075,9669,0,0,0
738501,596,0,5456,-6850,3,0,0
738502,223,0,3996,-7243,3,0,0
738503,524,0,1808,-7425,3,0,0
738504,561,0,946,9940,1,0,0
738505,380,0,3424,9733,3,0,0
738506,65535,255,5163,9471,0,0,0
738507,188,0,4545,-7086,1,0,0
738508,178,0,2617,-7351,1,0,0
738509,65535,255,18,11659,0,0,0
738510,366,0,2684,9971,1,0,1
738511,109,0,4665,9606,1,0,0
738512,65535,255,5024,-6962,0,0,0
738513,65535,255,3338,-7304,0,0,0
738514,85,2,899,-7571,1,0,0
738515,65535,255,1865,9884,0,0,0
738516,180,0,4097,9687,1,0,1
738517,65535,255,5441,-6868,0,0,0
738518,65535,255,3970,-7159,0,0,0
738519,344,2,1775,-7539,1,0,1
738520,65535,255,980,10181,0,0,0
738521,65535,255,3450,9796,0,0,0
