sdate,line_t,line_tmq,line_tvza,line_tvaa,line_tm2,line_QFDNB,line_tm_buf
735235,695,0,2892,9838,1,0,1
735236,1454,0,5101,9579,1,0,1
735237,1213,0,6467,9311,1,0,1
735238,65535,255,4101,-7562,0,0,0
735239,65535,255,1400,-7873,0,0,0
735240,65535,255,1919,9902,0,0,0
735241,65535,255,4490,9608,0,0,0
735242,65535,255,6083,9389,0,0,0
735243,542,2,4752,-7506,1,0,0
735244,620,2,2414,-7729,1,0,0
735245,778,0,852,10156,1,0,1
735246,684,0,3767,9777,1,0,1
735247,65535,255,5639,9484,0,0,0
735248,1365,0,6537,-7155,1,0,1
735249,1145,0,3307,-7656,1,0,1
735250,65535,255,275,-8624,0,0,0
735251,65535,255,2912,9782,0,0,0
735252,907,0,5112,9552,1,0,1
735253,873,0,6470,9296,1,0,1
735254,1125,0,4097,-7627,1,0,1
735255,1006,0,1395,-7706,1,0,1
735256,873,0,1919,9783,1,0,1
735257,65535,255,4484,9660,0,0,0
735258,65535,255,6076,9418,0,0,0
735259,759,0,4762,-7539,1,0,1
735260,65535,255,2434,-7793,0,0,0
735261,0,0,0,0,0,0,0
735262,65535,255,3744,9684,0,0,0
735263,65535,255,5621,9500,0,0,0
735264,65535,255,6549,-7165,0,0,0
735265,65535,255,3347,-7681,0,0,0
735266,65535,255,325,-7801,0,0,0
735267,1406,0,2873,9749,1,0,1
735268,790,0,5087,9535,1,0,1
735269,65535,255,6454,9306,0,0,0
735270,854,0,4128,-7615,1,0,1
735271,65535,255,1440,-7707,0,0,0
735272,799,0,1880,9784,1,0,1
735273,1414,0,4454,9670,1,0,1
735274,914,0,6058,9385,1,0,1
735275,65535,255,4785,-7478,0,0,0
735276,1087,0,2469,-7660,1,0,1
735277,736,0,782,9964,1,0,1
735278,65535,255,3712,9743,0,0,0
735279,65535,255,5601,9472,0,0,0
735280,65535,255,6559,-7141,0,0,0
735281,720,2,3373,-7642,1,0,1
735282,944,0,361,-7446,1,0,1
735283,65535,255,2837,9865,0,0,0
735284,1125,0,5065,9522,1,0,1
735285,1223,0,6440,9335,1,0,1
735286,1526,0,4149,-7618,1,0,1
735287,847,0,1474,-7732,1,0,1
735288,65535,255,1841,9839,0,0,0
735289,1395,0,4430,9686,1,0,1
735290,65535,255,6045,9376,0,0,0
735291,955,0,4801,-7480,1,0,0
735292,65535,255,2498,-7659,0,0,0
735293,804,0,741,9923,1,0,1
735294,65535,255,3684,9722,0,0,0
735295,544,0,5584,9457,1,0,1
735296,65535,255,6569,-7131,0,0,0
735297,1182,0,3403,-7728,1,0,1
735298,550,0,401,-8236,1,0,0
735299,65535,255,2808,9780,0,0,0
735300,65535,255,5044,9562,0,0,0
735301,605,0,6429,9302,1,0,1
735302,670,0,4168,-7547,1,0,1
735303,1055,0,1512,-7818,1,0,1
735304,535,0,1809,9895,1,0,1
735305,0,0,0,0,0,0,0
735306,65535,255,6030,9391,0,0,0
735307,676,2,4820,-7517,1,0,1
735308,65535,255,2528,-7758,0,0,0
735309,831,0,714,9597,1,0,1
735310,1270,2,3660,9684,1,0,1
735311,65535,255,5568,9509,0,0,0
735312,65535,255,6577,-7122,0,0,0
735313,1033,0,3428,-7733,1,0,1
735314,65535,255,437,-8434,0,0,0
735315,939,0,2780,9826,1,0,1
735316,1003,0,5029,9591,1,0,1
735317,786,0,6417,9330,1,0,1
735318,968,0,4189,-7613,1,0,1
735319,65535,255,1534,-7731,0,0,0
735320,65535,255,1781,9842,0,0,0
735321,1225,0,4394,9601,1,0,1
735322,65535,255,6021,9393,0,0,0
735323,65535,255,6238,-7239,0,0,0
735324,1062,0,2553,-7805,1,0,1
735325,1310,0,683,9873,1,0,1
735326,645,0,3644,9751,1,0,1
735327,65535,255,5560,9483,0,0,0
735328,65535,255,6586,-7150,0,0,0
735329,65535,255,3440,-7706,0,0,0
735330,798,0,454,-8342,1,0,1
735331,1050,2,2766,9829,1,0,1
735332,1322,0,5020,9604,1,0,1
735333,688,2,6412,9342,1,0,1
735334,316,2,4200,-7550,1,0,0
735335,669,0,1551,-7921,1,0,1
735336,65535,255,1767,9876,0,0,0
735337,1029,0,4386,9685,1,0,1
735338,835,0,6017,9394,1,0,1
735339,1289,0,6244,-7238,1,0,1
735340,160,2,2557,-7667,1,0,0
735341,691,2,672,10217,1,0,0
735342,65535,255,3640,9686,0,0,0
735343,836,0,5557,9462,1,0,1
735344,65535,255,6589,-7136,0,0,0
735345,65535,255,3449,-7704,0,0,0
735346,65535,255,459,-8333,0,0,0
735347,786,0,2761,9874,1,0,1
735348,1036,0,5019,9550,1,0,1
735349,1138,0,6413,9314,1,0,1
735350,1031,0,4203,-7611,1,0,1
735351,1267,0,1556,-7816,1,0,1
735352,1452,0,1764,9973,1,0,1
735353,811,0,4386,9680,1,0,1
735354,911,0,6018,9395,1,0,1
735355,737,0,6245,-7242,1,0,1
735356,65535,255,2562,-7717,0,0,0
735357,1093,2,678,9730,1,0,1
735358,1040,0,3639,9752,1,0,1
735359,855,0,5559,9508,1,0,1
735360,796,0,6588,-7119,1,0,1
735361,1245,2,3444,-7688,1,0,1
735362,904,0,449,-7315,1,0,1
735363,65535,255,2775,9727,0,0,0
735364,933,0,5025,9577,1,0,1
735365,1088,0,6417,9342,1,0,0
735366,996,0,4196,-7571,1,0,0
735367,1122,0,1545,-7753,1,0,1
735368,575,0,1776,9973,1,0,0
735369,1192,0,4392,9685,1,0,1
735370,65535,255,6022,9410,0,0,0
735371,65535,255,6241,-7232,0,0,0
735372,1153,0,2553,-7830,1,0,1
735373,1173,0,690,10262,1,0,1
735374,662,0,3651,9743,1,0,0
735375,1142,0,5567,9506,1,0,1
735376,934,0,6583,-7121,1,0,1
735377,1196,0,3428,-7615,1,0,1
735378,786,0,429,-7908,1,0,1
735379,542,0,2789,9839,1,0,0
735380,1197,0,5037,9559,1,0,1
735381,874,0,6424,9336,1,0,1
735382,65535,255,4181,-7580,0,0,0
735383,1054,0,1523,-7818,1,0,1
735384,418,0,1803,9788,1,0,0
735385,1028,0,4409,9639,1,0,1
735386,1059,0,6033,9388,1,0,1
735387,805,0,6233,-7237,1,0,1
735388,953,2,2528,-7820,1,0,0
735389,1127,0,720,10088,1,0,1
735390,1132,0,3671,9757,1,0,1
735391,1000,0,5580,9459,1,0,1
735392,883,0,6575,-7136,1,0,1
735393,666,0,3406,-7674,1,0,1
735394,823,2,396,-7404,1,0,1
735395,1109,2,2813,9792,1,0,1
735396,1153,0,5053,9546,1,0,1
735397,65535,255,6433,9334,0,0,0
735398,1130,0,4160,-7589,1,0,1
735399,941,0,1490,-7885,1,0,0
735400,65535,255,1836,9858,0,0,0
735401,945,0,4430,9674,1,0,1
735402,682,2,6044,9418,1,0,0
735403,774,2,6218,-7242,1,0,0
735404,1307,0,2493,-7735,1,0,1
735405,1275,0,759,10056,1,0,1
735406,1472,0,3700,9730,1,0,1
735407,823,0,5597,9473,1,0,0
735408,700,0,6561,-7129,1,0,1
735409,986,0,3373,-7677,1,0,1
735410,858,0,355,-7535,1,0,1
735411,1112,0,2846,9833,1,0,1
735412,783,0,5070,9575,1,0,0
735413,864,0,6447,9302,1,0,1
735414,65535,255,4134,-7610,0,0,0
735415,65535,255,1446,-7729,0,0,1
735416,1124,0,1875,9768,1,0,1
735417,65535,255,4457,9652,0,0,0
735418,1177,0,6060,9406,1,0,1
735419,986,0,6204,-7255,1,0,1
735420,65535,255,2449,-7751,0,0,0
735421,65535,255,806,10172,0,0,0
735422,1229,2,3732,9759,1,0,0
735423,832,2,5617,9470,1,0,1
735424,65535,255,6548,-7146,0,0,0
735425,994,2,3336,-7677,1,0,0
735426,920,0,309,-8444,1,0,1
735427,65535,255,2888,9775,0,0,0
735428,65535,255,5096,9550,0,0,0
735429,1091,0,6463,9292,1,0,1
735430,1276,2,4102,-7632,1,0,1
735431,873,2,1401,-8015,1,0,1
735432,1199,2,1913,9957,1,0,0
735433,782,0,4481,9617,1,0,0
735434,946,0,6074,9384,1,0,0
735435,65535,255,6190,-7228,0,0,0
735436,812,0,2434,-7843,1,0,0
735437,1261,0,823,9764,1,0,0
735438,1375,0,3740,9678,1,0,1
735439,651,0,5616,9493,1,0,1
735440,65535,255,6546,-7157,0,0,0
735441,65535,255,3338,-7625,0,0,0
735442,626,0,322,-8630,1,0,1
735443,1021,0,2874,9776,1,0,0
735444,1147,0,5085,9552,1,0,1
735445,1414,0,6454,9290,1,0,1
735446,65535,255,4121,-7614,0,0,0
735447,1192,0,1437,-7814,1,0,1
735448,65535,255,1880,9996,0,0,0
735449,604,0,4457,9633,1,0,0
735450,65535,255,6060,9399,0,0,0
735451,1382,2,6204,-7243,1,0,0
735452,1566,0,2464,-7724,1,0,1
735453,65535,255,788,10093,0,0,0
735454,1223,2,3716,9753,1,0,1
735455,1020,2,5604,9469,1,0,0
735456,1148,2,6556,-7141,1,0,0
735457,864,0,3365,-7617,1,0,1
735458,883,0,356,-8463,1,0,1
735459,65535,255,2850,9789,0,0,0
735460,65535,255,5070,9560,0,0,0
735461,1073,2,6445,9299,1,0,0
735462,846,2,4138,-7553,1,0,0
735463,65535,255,1463,-7798,0,0,1
735464,1094,0,1853,9840,1,0,0
735465,763,0,4440,9692,1,0,1
735466,958,0,6053,9377,1,0,1
735467,1369,0,6214,-7222,1,0,1
735468,611,0,2484,-7697,1,0,0
735469,65535,255,759,10057,0,0,0
735470,1076,0,3700,9754,1,0,1
735471,940,0,5595,9479,1,0,1
735472,1022,0,6566,-7145,1,0,0
735473,1549,0,3385,-7649,1,0,1
735474,65535,255,378,-7646,0,0,0
735475,761,0,2831,9879,1,0,1
735476,1230,0,5061,9530,1,0,1
735477,65535,255,6439,9341,0,0,0
735478,65535,255,4157,-7630,0,0,0
735479,65535,255,1485,-7776,0,0,0
735480,1331,0,1836,9859,1,0,1
735481,1344,0,4433,9605,1,0,1
735482,1106,0,6046,9394,1,0,1
735483,997,0,6221,-7239,1,0,1
735484,1015,2,2503,-7784,1,0,0
735485,1115,2,748,9750,1,0,1
735486,598,2,3691,9716,1,0,0
735487,1289,0,5590,9458,1,0,1
735488,771,0,6569,-7134,1,0,1
735489,948,0,3393,-7639,1,0,1
735490,1246,0,389,-7653,1,0,1
735491,937,2,2820,9780,1,0,0
735492,997,0,5055,9546,1,0,0
735493,801,0,6436,9302,1,0,0
735494,1153,0,4160,-7561,1,0,1
735495,1228,0,1496,-7928,1,0,1
735496,661,0,1830,9978,1,0,1
735497,1120,0,4426,9669,1,0,1
735498,912,0,6044,9379,1,0,1
735499,622,0,6223,-7224,1,0,0
735500,772,0,2508,-7784,1,0,0
735501,65535,255,742,9792,0,0,0
735502,603,0,3688,9740,1,0,0
735503,1066,0,5587,9481,1,0,1
735504,65535,255,6570,-7150,0,0,0
735505,65535,255,3398,-7710,0,0,0
735506,1211,0,397,-8493,1,0,1
735507,65535,255,2817,9848,0,0,0
735508,1017,0,5056,9536,1,0,1
735509,228,2,6435,9299,1,0,0
735510,1083,2,4160,-7567,1,0,0
735511,65535,255,1488,-7901,0,0,0
735512,671,2,1831,9824,1,0,0
735513,65535,255,4430,9612,0,0,0
735514,633,0,6042,9411,1,0,1
735515,1155,0,6221,-7254,1,0,1
735516,859,0,2498,-7720,1,0,1
735517,835,0,748,9705,1,0,1
735518,670,0,3692,9732,1,0,1
735519,976,2,5590,9485,1,0,1
735520,1035,0,6568,-7154,1,0,0
735521,881,0,3390,-7621,1,0,1
735522,1017,0,378,-7731,1,0,1
735523,564,0,2831,9780,1,0,1
735524,809,0,5059,9594,1,0,1
735525,884,0,6438,9317,1,0,1
735526,1670,0,4149,-7568,1,0,1
735527,1098,0,1474,-7708,1,0,1
735528,793,0,1847,9895,1,0,1
735529,1127,0,4437,9655,1,0,1
735530,839,0,6049,9386,1,0,1
735531,1184,0,6214,-7232,1,0,1
735532,1049,0,2483,-7709,1,0,1
735533,635,0,771,9754,1,0,1
735534,960,0,3704,9755,1,0,1
735535,738,0,5598,9511,1,0,1
735536,1336,0,6560,-7122,1,0,1
735537,753,0,3373,-7720,1,0,1
735538,65535,255,355,-7534,0,0,0
735539,65535,255,2851,9779,0,0,0
735540,740,0,5074,9529,1,0,1
735541,672,0,6448,9311,1,0,1
735542,1259,0,4131,-7625,1,0,1
735543,1208,0,1446,-7935,1,0,1
735544,1157,0,1875,9858,1,0,1
735545,65535,255,4454,9654,0,0,0
735546,65535,255,6060,9396,0,0,0
735547,65535,255,6202,-7242,0,0,0
735548,894,0,2454,-7826,1,0,1
735549,999,0,800,10259,1,0,1
735550,811,0,3732,9752,1,0,1
735551,785,0,5616,9454,1,0,1
735552,672,0,6546,-7132,1,0,1
735553,870,0,3338,-7660,1,0,1
735554,1223,0,311,-7049,1,0,1
735555,65535,255,2888,9776,0,0,0
735556,1058,0,5096,9542,1,0,1
735557,779,0,6461,9315,1,0,1
735558,1150,0,4106,-7629,1,0,1
735559,1044,0,1412,-7940,1,0,0
735560,803,0,1902,9856,1,0,1
735561,819,0,4471,9652,1,0,1
735562,784,0,6069,9391,1,0,0
735563,1075,0,6196,-7232,1,0,1
735564,65535,255,2444,-7763,0,0,0
735565,0,0,0,0,0,0,0
735566,856,2,3732,9705,1,0,0
735567,65535,255,5611,9491,0,0,0
735568,65535,255,6551,-7157,0,0,0
735569,0,0,0,0,0,0,0
735570,656,0,331,-7604,1,0,1
735571,65535,255,2860,9812,0,0,0
735572,0,0,0,0,0,0,0
735573,230,2,6449,9333,1,0,1
735574,65535,255,4128,-7570,0,0,0
735575,344,2,1446,-7820,1,0,0
735576,811,2,1870,9805,1,0,1
735577,1138,2,4451,9648,1,0,1
735578,65535,255,6055,9402,0,0,0
735579,65535,255,6208,-7244,0,0,0
735580,65535,255,2474,-7670,0,0,0
735581,65535,255,777,9843,0,0,0
735582,820,0,3708,9691,1,0,1
735583,1010,0,5601,9498,1,0,1
735584,1535,0,6561,-7161,1,0,1
735585,1359,0,3373,-7639,1,0,1
735586,1597,0,363,-7175,1,0,1
735587,985,0,2841,9803,1,0,1
735588,1335,0,5067,9563,1,0,1
735589,1111,0,6443,9299,1,0,1
735590,1389,0,4146,-7630,1,0,1
735591,1655,0,1469,-7730,1,0,1
735592,1301,0,1853,9788,1,0,1
735593,65535,255,4440,9663,0,0,0
735594,1251,0,6051,9419,1,0,1
735595,1232,0,6214,-7230,1,0,1
735596,65535,255,2488,-7810,0,0,0
735597,1450,0,765,9754,1,0,1
735598,632,0,3703,9700,1,0,1
735599,854,0,5595,9513,1,0,1
735600,1216,0,6563,-7119,1,0,1
735601,886,0,3381,-7709,1,0,1
735602,953,0,372,-8170,1,0,1
735603,633,0,2841,9759,1,0,1
735604,1009,0,5067,9558,1,0,1
735605,1187,0,6443,9303,1,0,1
735606,917,0,4145,-7554,1,0,1
735607,65535,255,1474,-7863,0,0,0
735608,65535,255,1847,9949,0,0,0
735609,65535,255,4440,9638,0,0,0
735610,65535,255,6050,9412,0,0,0
735611,65535,255,6215,-7257,0,0,0
735612,65535,255,2486,-7740,0,0,0
735613,977,0,765,10015,1,0,1
735614,65535,255,3704,9765,0,0,0
735615,579,0,5600,9486,1,0,1
735616,1456,0,6563,-7153,1,0,1
735617,1265,0,3377,-7701,1,0,1
735618,564,0,361,-8361,1,0,1
735619,976,0,2845,9803,1,0,1
735620,1026,0,5070,9584,1,0,1
735621,505,0,6444,9313,1,0,0
735622,1448,0,4142,-7547,1,0,1
735623,1100,0,1463,-7796,1,0,1
735624,65535,255,1858,9824,0,0,0
735625,65535,255,4443,9675,0,0,0
735626,65535,255,6053,9427,0,0,0
735627,65535,255,6213,-7212,0,0,0
735628,1377,0,2483,-7822,1,0,1
735629,1228,0,771,9755,1,0,1
735630,935,0,3708,9692,1,0,1
735631,65535,255,5598,9509,0,0,0
735632,65535,255,6560,-7130,0,0,0
735633,65535,255,3377,-7691,0,0,0
735634,1394,2,367,-8443,1,0,1
735635,1393,0,2841,9792,1,0,1
735636,1302,0,5067,9568,1,0,1
735637,884,0,6443,9310,1,0,1
735638,1535,0,4142,-7561,1,0,1
735639,656,0,1463,-7910,1,0,1
735640,815,0,1853,9967,1,0,1
735641,1225,0,4443,9638,1,0,1
735642,1084,0,6053,9415,1,0,1
735643,1455,0,6212,-7257,1,0,1
735644,992,0,2475,-7710,1,0,1
735645,65535,255,776,10014,0,0,0
735646,1247,0,3708,9757,1,0,1
735647,1554,0,5601,9486,1,0,1
735648,980,0,6558,-7154,1,0,1
735649,1477,0,3369,-7701,1,0,1
735650,556,0,349,-8279,1,0,1
735651,843,0,2850,9814,1,0,1
735652,659,0,5073,9593,1,0,1
735653,650,0,6447,9334,1,0,1
735654,496,0,4132,-7637,1,0,1
735655,65535,255,1446,-7841,0,0,0
735656,677,2,1874,9965,1,0,1
735657,65535,255,4454,9661,0,0,0
735658,1129,0,6060,9378,1,0,1
735659,65535,255,6202,-7225,0,0,0
735660,581,0,2454,-7824,1,0,1
735661,1255,0,799,10054,1,0,1
735662,1126,0,3728,9675,1,0,1
735663,669,2,5614,9456,1,0,1
735664,524,2,6549,-7132,1,0,1
735665,65535,255,3343,-7714,0,0,0
735666,600,2,316,-7274,1,0,0
735667,65535,255,2884,9746,0,0,0
735668,1083,0,5090,9581,1,0,1
735669,450,0,6460,9315,1,0,1
735670,65535,255,4106,-7635,0,0,0
735671,65535,255,1417,-7750,0,0,0
735672,1163,0,1897,9841,1,0,1
735673,1110,0,4465,9662,1,0,1
735674,65535,255,6065,9385,0,0,0
735675,65535,255,6198,-7226,0,0,0
735676,922,0,2454,-7721,1,0,1
735677,65535,255,794,10220,0,0,0
735678,1426,0,3720,9675,1,0,1
735679,1194,0,5604,9508,1,0,1
735680,947,0,6554,-7141,1,0,1
735681,0,0,0,0,0,0,0
735682,65535,255,356,-7252,0,0,0
735683,65535,255,2841,9859,0,0,0
735684,1417,0,5065,9538,1,0,1
735685,1087,0,6440,9300,1,0,1
735686,65535,255,4146,-7559,0,0,0
735687,65535,255,1480,-7971,0,0,0
735688,1446,0,1842,9790,1,0,1
735689,65535,255,4431,9602,0,0,0
735690,752,0,6042,9406,1,0,1
735691,570,0,6218,-7247,1,0,1
735692,1107,2,2503,-7704,1,0,1
735693,1535,0,743,9660,1,0,1
735694,702,0,3684,9735,1,0,1
735695,1382,0,5583,9489,1,0,1
735696,1121,0,6570,-7153,1,0,1
735697,1436,0,3402,-7635,1,0,1
735698,1295,0,406,-7986,1,0,0
735699,1316,0,2804,9818,1,0,1
735700,1130,0,5044,9535,1,0,1
735701,1214,0,6428,9311,1,0,1
735702,889,0,4171,-7611,1,0,1
735703,1199,0,1512,-7858,1,0,1
735704,1192,0,1809,9773,1,0,1
735705,942,0,4410,9617,1,0,0
735706,922,0,6030,9429,1,0,0
735707,870,0,6230,-7214,1,0,1
735708,65535,255,2528,-7678,0,0,0
735709,803,0,713,9696,1,0,1
735710,776,0,3660,9779,1,0,0
735711,1343,0,5573,9459,1,0,1
735712,1007,0,6578,-7131,1,0,1
735713,860,2,3423,-7642,1,0,0
735714,65535,255,430,-8363,0,0,0
735715,65535,255,2790,9741,0,0,0
735716,805,0,5035,9601,1,0,1
735717,65535,255,6424,9312,0,0,0
735718,564,0,5835,-7331,1,0,0
735719,1187,0,1529,-7663,1,0,1
735720,933,0,1792,9956,1,0,1
735721,912,0,4400,9671,1,0,1
735722,1127,0,6027,9430,1,0,1
735723,929,0,6235,-7213,1,0,1
735724,65535,255,2537,-7765,0,0,0
735725,65535,255,701,10166,0,0,0
735726,65535,255,3656,9739,0,0,0
735727,372,0,5567,9508,1,0,0
735728,65535,255,6581,-7127,0,0,0
735729,790,0,3428,-7676,1,0,1
735730,1196,0,430,-7595,1,0,1
735731,1097,0,2784,9832,1,0,1
735732,65535,255,5034,9574,0,0,0
735733,1279,0,6423,9301,1,0,1
735734,1626,0,5837,-7318,1,0,1
735735,1227,0,1528,-7728,1,0,1
735736,841,0,1798,9755,1,0,1
735737,1302,0,4403,9650,1,0,0
735738,446,0,6029,9409,1,0,1
735739,667,0,6235,-7246,1,0,1
735740,868,0,2537,-7765,1,0,1
735741,1117,0,701,10259,1,0,1
735742,993,0,3659,9778,1,0,1
735743,65535,255,5573,9482,0,0,0
735744,65535,255,6580,-7150,0,0,0
735745,1159,0,3419,-7633,1,0,1
735746,702,0,419,-7429,1,0,1
735747,65535,255,2794,9831,0,0,0
735748,767,0,5037,9585,1,0,1
735749,782,2,6426,9315,1,0,1
735750,65535,255,5833,-7336,0,0,0
735751,922,2,1518,-7900,1,0,1
735752,1003,0,1803,9937,1,0,1
735753,65535,255,4413,9623,0,0,0
735754,65535,255,6034,9400,0,0,0
735755,65535,255,6229,-7244,0,0,0
735756,1489,2,2523,-7766,1,0,1
735757,1531,0,725,9609,1,0,1
735758,65535,255,3676,9680,0,0,0
735759,838,0,5578,9508,1,0,0
735760,65535,255,6573,-7115,0,0,1
735761,859,0,3406,-7714,1,0,1
735762,65535,255,401,-8234,0,0,0
735763,983,0,2813,9774,1,0,1
735764,1096,0,5050,9567,1,0,1
735765,1127,0,6432,9310,1,0,1
735766,1545,0,5824,-7329,1,0,1
735767,1046,0,1496,-7924,1,0,1
735768,1252,0,1825,9989,1,0,1
735769,889,0,4424,9654,1,0,1
735770,65535,255,6040,9423,0,0,0
735771,65535,255,6220,-7209,0,0,0
735772,65535,255,2498,-7691,0,0,0
735773,748,2,748,10151,1,0,0
735774,1133,0,3688,9783,1,0,1
735775,1027,0,5591,9497,1,0,1
735776,1204,2,6566,-7161,1,0,0
735777,1487,0,3385,-7716,1,0,1
735778,702,0,373,-8435,1,0,1
735779,65535,255,2832,9817,0,0,0
735780,65535,255,5062,9591,0,0,1
735781,1000,2,6440,9323,1,0,1
735782,65535,255,5813,-7344,0,0,0
735783,65535,255,1468,-7683,0,0,0
735784,829,2,1847,9933,1,0,0
735785,1292,0,4434,9684,1,0,1
735786,737,2,6045,9414,1,0,0
735787,65535,255,6214,-7255,0,0,0
735788,65535,255,2489,-7654,0,0,0
735789,1284,0,759,9714,1,0,1
735790,1283,0,3692,9775,1,0,0
735791,734,0,5591,9465,1,0,1
735792,1015,0,6563,-7134,1,0,1
735793,803,0,3381,-7662,1,0,1
735794,1208,0,374,-7231,1,0,1
735795,1054,0,2832,9762,1,0,0
735796,1200,0,5058,9554,1,0,1
735797,1036,0,6436,9320,1,0,1
735798,65535,255,5815,-7339,0,0,0
735799,508,0,1480,-7728,1,0,0
735800,980,0,1836,10006,1,0,1
735801,768,2,4434,9621,1,0,1
735802,65535,255,6045,9382,0,0,0
735803,914,0,6216,-7225,1,0,1
735804,1463,2,2493,-7781,1,0,1
735805,977,0,753,10194,1,0,1
735806,1490,0,3692,9743,1,0,0
735807,893,2,5590,9486,1,0,0
735808,65535,255,6563,-7127,0,0,0
735809,1449,0,3386,-7654,1,0,1
735810,65535,255,384,-7475,0,0,0
735811,748,2,2827,9815,1,0,0
735812,65535,255,5065,9557,0,0,0
735813,1152,2,6443,9312,1,0,1
735814,788,0,5808,-7317,1,0,1
735815,1081,0,1441,-7658,1,0,0
735816,675,0,1885,9980,1,0,0
735817,1525,0,4468,9628,1,0,1
735818,65535,255,6071,9395,0,0,0
735819,1143,0,6194,-7244,1,0,1
735820,1170,0,2434,-7802,1,0,1
735821,854,0,823,10129,1,0,0
735822,1309,0,3740,9713,1,0,1
735823,1287,0,5619,9491,1,0,1
735824,1149,0,6546,-7155,1,0,0
735825,986,0,3342,-7687,1,0,0
735826,1321,0,322,-7181,1,0,1
735827,1032,0,2874,9757,1,0,1
735828,525,0,5087,9596,1,0,1
735829,65535,255,6455,9307,0,0,0
735830,535,0,5795,-7324,1,0,0
735831,802,0,1435,-7913,1,0,1
735832,781,0,1880,9841,1,0,1
735833,911,2,4460,9648,1,0,1
735834,65535,255,6061,9393,0,0,1
735835,65535,255,6204,-7233,0,0,0
735836,1169,2,2464,-7786,1,0,1
735837,1335,2,788,10096,1,0,1
735838,931,2,3720,9723,1,0,1
735839,927,0,5606,9502,1,0,1
735840,65535,255,6557,-7162,0,0,1
735841,754,0,3368,-7737,1,0,1
735842,65535,255,348,-7904,0,0,0
735843,975,0,2850,9846,1,0,1
735844,1154,2,5073,9572,1,0,1
735845,65535,255,6446,9318,0,0,0
735846,689,0,5807,-7309,1,0,1
735847,1054,0,1463,-7910,1,0,1
735848,1410,0,1858,9860,1,0,1
735849,1471,0,4443,9669,1,0,1
735850,1143,0,6053,9411,1,0,1
735851,65535,255,6213,-7254,0,0,0
735852,65535,255,2493,-7723,0,0,0
735853,843,0,753,9748,1,0,0
735854,65535,255,3696,9746,0,0,0
735855,65535,255,5593,9497,0,0,0
735856,1165,0,6567,-7163,1,0,1
735857,1260,0,3389,-7667,1,0,0
735858,681,0,378,-8344,1,0,1
735859,65535,255,2831,9856,0,0,0
735860,1070,2,5061,9555,1,0,1
735861,65535,255,6440,9321,0,0,0
735862,65535,255,5819,-7348,0,0,0
735863,65535,255,1479,-7954,0,0,0
735864,889,2,1847,9839,1,0,0
735865,796,0,4436,9641,1,0,1
735866,65535,255,6051,9380,0,0,0
735867,609,2,6217,-7226,1,0,0
735868,938,0,2488,-7774,1,0,1
735869,65535,255,759,10013,0,0,0
735870,459,2,3704,9697,1,0,0
735871,1055,0,5598,9473,1,0,1
735872,768,2,6563,-7143,1,0,1
735873,257,0,3385,-7685,1,0,1
735874,1097,0,379,-7380,1,0,1
735875,1263,0,2827,9790,1,0,1
735876,1156,0,5056,9545,1,0,1
735877,1215,0,6435,9330,1,0,1
735878,898,0,5823,-7347,1,0,1
735879,558,0,1495,-7842,1,0,1
735880,65535,255,1820,9823,0,0,0
735881,643,0,4420,9682,1,0,1
735882,532,0,6036,9423,1,0,1
735883,636,0,6227,-7210,1,0,1
735884,1100,0,2523,-7758,1,0,1
735885,65535,255,718,10156,0,0,0
735886,786,0,3668,9749,1,0,1
735887,927,0,5568,9492,1,0,0
735888,1042,0,6584,-7163,1,0,1
735889,859,0,3419,-7625,1,0,1
735890,65535,255,425,-8381,0,0,0
735891,793,0,2799,9765,1,0,1
735892,835,2,5044,9536,1,0,1
735893,770,0,6429,9333,1,0,1
735894,890,0,5827,-7300,1,0,1
735895,1251,0,1502,-7955,1,0,1
735896,1082,0,1825,9962,1,0,1
735897,732,0,4430,9619,1,0,1
735898,930,0,6044,9393,1,0,1
735899,1042,2,6220,-7245,1,0,1
735900,1423,0,2488,-7740,1,0,1
735901,65535,255,765,10223,0,0,0
735902,1106,2,3704,9732,1,0,1
735903,536,2,5596,9476,1,0,0
735904,65535,255,6563,-7175,0,0,0
735905,65535,255,3377,-7629,0,0,0
735906,65535,255,373,-8363,0,0,0
735907,65535,255,2836,9730,0,0,0
735908,607,0,5064,9532,1,0,0
735909,795,0,6440,9317,1,0,1
735910,1243,0,5815,-7340,1,0,1
735911,756,0,1474,-7781,1,0,1
735912,1087,0,1842,9782,1,0,1
735913,1103,0,4434,9650,1,0,1
735914,771,0,6047,9404,1,0,1
735915,65535,255,6219,-7253,0,0,1
735916,1046,0,2503,-7755,1,0,1
735917,1460,0,736,10232,1,0,1
735918,65535,255,3682,9690,0,0,0
735919,499,0,5583,9490,1,0,1
735920,661,0,6572,-7160,1,0,1
735921,862,0,3407,-7683,1,0,1
735922,65535,255,406,-7836,0,0,0
735923,697,0,2808,9738,1,0,1
735924,217,2,5044,9549,1,0,0
735925,65535,255,6429,9297,0,0,0
735926,65535,255,5829,-7320,0,0,0
735927,728,0,1518,-7891,1,0,1
735928,65535,255,1803,9961,0,0,0
735929,65535,255,4410,9649,0,0,0
735930,65535,255,6030,9393,0,0,0
735931,1038,0,6232,-7236,1,0,1
735932,65535,255,2533,-7728,0,0,0
735933,866,0,708,9634,1,0,1
735934,971,0,3660,9709,1,0,1
735935,1284,0,5570,9465,1,0,1
735936,609,0,6580,-7143,1,0,1
735937,619,0,3424,-7707,1,0,1
735938,714,0,430,-8375,1,0,1
735939,1354,0,2784,9853,1,0,1
735940,763,0,5035,9539,1,0,1
735941,65535,255,6422,9306,0,0,0
735942,65535,255,5838,-7331,0,0,0
735943,872,0,1529,-7697,1,0,1
735944,65535,255,1792,9870,0,0,0
735945,969,0,4400,9637,1,0,1
735946,832,0,6027,9372,1,0,1
735947,1087,0,6237,-7222,1,0,0
735948,892,0,2543,-7741,1,0,1
735949,1494,0,696,10250,1,0,1
735950,0,0,0,0,0,0,0
735951,0,0,0,0,0,0,0
735952,0,0,0,0,0,0,0
735953,838,2,3427,-7680,1,0,1
735954,65535,255,432,-7299,0,0,0
735955,957,2,2790,9741,1,0,1
735956,593,2,5034,9589,1,0,0
735957,1451,0,6424,9299,1,0,1
735958,749,0,5837,-7327,1,0,1
735959,1074,0,1528,-7932,1,0,1
735960,819,2,1798,9852,1,0,0
735961,1156,0,4406,9663,1,0,1
735962,1153,0,6031,9400,1,0,1
735963,944,0,6235,-7253,1,0,1
735964,751,0,2528,-7698,1,0,0
735965,641,0,719,9731,1,0,1
735966,65535,255,3668,9782,0,0,0
735967,65535,255,5577,9469,0,0,0
735968,65535,255,6579,-7147,0,0,0
735969,65535,255,3415,-7707,0,0,0
735970,65535,255,406,-7749,0,0,0
735971,65535,255,2808,9840,0,0,0
735972,65535,255,5049,9571,0,0,0
735973,65535,255,6433,9294,0,0,0
735974,655,0,5828,-7320,1,0,1
735975,847,0,1496,-7674,1,0,1
735976,920,0,1825,9976,1,0,1
735977,1378,0,4426,9622,1,0,1
735978,65535,255,6044,9390,0,0,0
735979,65535,255,6225,-7240,0,0,0
735980,65535,255,2503,-7691,0,0,0
735981,1306,0,747,9961,1,0,1
735982,65535,255,3696,9722,0,0,0
735983,711,0,5595,9448,1,0,1
735984,988,0,6568,-7130,1,0,1
735985,1415,0,3385,-7702,1,0,1
735986,65535,255,371,-7914,0,0,0
735987,65535,255,2844,9774,0,0,0
735988,65535,255,5073,9521,0,0,0
735989,65535,255,6446,9327,0,0,0
735990,65535,255,5814,-7357,0,0,0
735991,1119,2,1463,-7966,1,0,1
735992,65535,255,1863,9973,0,0,0
735993,1543,0,4454,9632,1,0,1
735994,758,0,6061,9403,1,0,1
735995,582,0,6209,-7255,1,0,1
735996,1507,0,2463,-7784,1,0,1
735997,1215,0,801,9667,1,0,1
735998,967,0,3731,9687,1,0,1
735999,769,0,5615,9491,1,0,1
736000,1065,0,6553,-7157,1,0,1
736001,65535,255,3355,-7642,0,0,0
736002,967,0,333,-7318,1,0,0
736003,1575,0,2864,9824,1,0,1
736004,733,0,5081,9582,1,0,1
736005,65535,255,6452,9312,0,0,0
736006,65535,255,5805,-7337,0,0,0
736007,65535,255,1451,-7898,0,0,0
736008,1018,2,1869,9936,1,0,1
736009,65535,255,4453,9626,0,0,0
736010,65535,255,6059,9399,0,0,0
736011,65535,255,6211,-7250,0,0,0
736012,65535,255,2473,-7795,0,0,0
736013,65535,255,782,9749,0,0,0
736014,65535,255,3712,9697,0,0,0
736015,1072,2,5603,9447,1,0,1
736016,65535,255,6560,-7141,0,0,0
736017,65535,255,3375,-7710,0,0,0
736018,0,0,0,0,0,0,0
736019,65535,255,2846,9836,0,0,0
736020,1449,0,5070,9525,1,0,1
736021,1296,0,6443,9317,1,0,1
736022,1082,2,5812,-7361,1,0,1
736023,893,0,1468,-7784,1,0,1
736024,1001,0,1852,9885,1,0,1
736025,605,0,4444,9614,1,0,0
736026,65535,255,6051,9405,0,0,1
736027,65535,255,6216,-7253,0,0,0
736028,1409,0,2484,-7690,1,0,1
736029,1367,0,765,10092,1,0,1
736030,65535,255,3704,9658,0,0,0
736031,883,0,5596,9486,1,0,1
736032,65535,255,6565,-7173,0,0,0
736033,65535,255,3377,-7630,0,0,0
736034,65535,255,366,-7643,0,0,0
736035,663,0,2842,9749,1,0,1
736036,926,0,5065,9568,1,0,1
736037,934,0,6442,9321,1,0,1
736038,65535,255,5813,-7348,0,0,0
736039,65535,255,1468,-7805,0,0,0
736040,1188,0,1847,9939,1,0,1
736041,65535,255,4441,9659,0,0,0
736042,65535,255,6052,9377,0,0,0
736043,65535,255,6214,-7230,0,0,0
736044,824,2,2484,-7845,1,0,0
736045,1248,2,764,10092,1,0,0
736046,65535,255,3704,9682,0,0,0
736047,737,0,5599,9462,1,0,1
736048,1023,0,6561,-7137,1,0,1
736049,65535,255,3377,-7720,0,0,0
736050,1221,2,362,-7364,1,0,1
736051,65535,255,2846,9738,0,0,1
736052,655,0,5071,9578,1,0,1
736053,1405,0,6444,9312,1,0,1
736054,65535,255,5808,-7314,0,0,0
736055,1237,0,1458,-7691,1,0,1
736056,65535,255,1863,9903,0,0,0
736057,65535,255,4451,9658,0,0,0
736058,812,0,6058,9392,1,0,0
736059,929,0,6208,-7242,1,0,0
736060,854,0,2464,-7757,1,0,0
736061,1045,0,788,9960,1,0,1
736062,65535,255,3720,9673,0,0,0
736063,65535,255,5609,9469,0,0,0
736064,65535,255,6555,-7145,0,0,0
736065,65535,255,3356,-7650,0,0,0
736066,65535,255,338,-8405,0,0,0
736067,968,2,2870,9715,1,0,0
736068,1093,0,5085,9582,1,0,1
736069,65535,255,6454,9297,0,0,0
736070,1213,2,4120,-7608,1,0,1
736071,1106,2,1429,-7900,1,0,1
736072,952,0,1897,9848,1,0,1
736073,1118,0,4471,9656,1,0,1
736074,505,2,6071,9398,1,0,1
736075,339,2,6197,-7252,1,0,0
736076,1318,2,2436,-7756,1,0,0
736077,665,0,829,9798,1,0,0
736078,1108,0,3748,9671,1,0,1
736079,965,0,5627,9480,1,0,1
736080,1050,0,6545,-7155,1,0,1
736081,1425,0,3329,-7735,1,0,1
736082,1246,0,290,-8138,1,0,1
736083,815,0,2907,9723,1,0,0
736084,991,0,5107,9578,1,0,1
736085,950,0,6469,9290,1,0,0
736086,65535,255,4097,-7589,0,0,0
736087,800,0,1400,-7831,1,0,0
736088,529,0,1919,9778,1,0,0
736089,65535,255,4481,9624,0,0,0
736090,65535,255,6077,9377,0,0,0
736091,1396,0,6195,-7223,1,0,1
736092,732,0,2434,-7746,1,0,1
736093,65535,255,817,9998,0,0,0
736094,963,0,3740,9703,1,0,1
736095,945,0,5619,9491,1,0,1
736096,609,0,6551,-7160,1,0,1
736097,1361,0,3351,-7731,1,0,1
736098,896,2,325,-7912,1,0,0
736099,619,0,2874,9867,1,0,1
736100,779,0,5087,9582,1,0,1
736101,1324,2,6456,9301,1,0,1
736102,1180,2,4127,-7627,1,0,1
736103,797,0,1440,-7840,1,0,1
736104,633,2,1880,9971,1,0,0
736105,1125,0,4461,9613,1,0,1
736106,65535,255,6063,9380,0,0,0
736107,65535,255,6209,-7227,0,0,0
736108,721,2,2468,-7834,1,0,1
736109,956,0,789,9709,1,0,1
736110,766,0,3720,9665,1,0,1
736111,65535,255,5605,9484,0,0,0
736112,65535,255,6561,-7154,0,0,0
736113,919,0,3368,-7613,1,0,1
736114,957,0,361,-8374,1,0,1
736115,910,0,2851,9760,1,0,1
736116,65535,255,5073,9537,0,0,0
736117,904,0,6446,9311,1,0,1
736118,1154,0,4145,-7597,1,0,1
736119,1324,0,1468,-7938,1,0,1
736120,1060,0,1852,9939,1,0,1
736121,956,0,4444,9609,1,0,1
736122,595,0,6052,9386,1,0,1
736123,732,0,6216,-7233,1,0,1
736124,1232,0,2488,-7678,1,0,1
736125,954,0,759,9963,1,0,0
736126,1312,0,3700,9723,1,0,1
736127,804,0,5598,9454,1,0,1
736128,1217,0,6567,-7132,1,0,1
736129,65535,255,3389,-7727,0,0,0
736130,1171,2,377,-8175,1,0,0
736131,757,0,2832,9762,1,0,1
736132,1008,2,5061,9549,1,0,1
736133,898,0,6441,9290,1,0,1
736134,1596,2,4156,-7631,1,0,0
736135,511,2,1485,-7760,1,0,0
736136,976,0,1836,9816,1,0,0
736137,912,2,4430,9680,1,0,1
736138,1351,0,6047,9371,1,0,1
736139,1260,2,6221,-7220,1,0,1
736140,699,2,2498,-7690,1,0,0
736141,65535,255,747,10052,0,0,0
736142,1302,0,3688,9757,1,0,1
736143,812,0,5588,9478,1,0,0
736144,860,2,6569,-7151,1,0,0
736145,65535,255,3394,-7663,0,0,0
736146,65535,255,389,-7743,0,0,0
736147,938,0,2819,9838,1,0,1
736148,1200,0,5056,9533,1,0,0
736149,910,0,6435,9302,1,0,1
736150,525,0,4160,-7636,1,0,1
736151,1219,0,1490,-7783,1,0,0
736152,643,0,1831,9870,1,0,1
736153,65535,255,4427,9605,0,0,0
736154,948,0,6041,9392,1,0,1
736155,655,0,6222,-7242,1,0,1
736156,1000,0,2508,-7791,1,0,1
736157,65535,255,742,9740,0,0,0
736158,631,0,3684,9717,1,0,1
736159,889,0,5586,9460,1,0,1
736160,65535,255,6570,-7137,0,0,0
736161,834,0,3394,-7646,1,0,1
736162,1176,0,390,-7654,1,0,1
736163,654,0,2822,9750,1,0,1
736164,1146,2,5053,9545,1,0,1
736165,873,2,6434,9298,1,0,1
736166,596,0,4160,-7561,1,0,1
736167,809,0,1490,-7914,1,0,1
736168,959,0,1826,9996,1,0,1
736169,922,0,4424,9656,1,0,1
736170,778,2,6041,9368,1,0,1
736171,857,2,6220,-7220,1,0,0
736172,1316,0,2503,-7740,1,0,1
736173,1032,0,743,9646,1,0,1
736174,1193,0,3688,9701,1,0,1
736175,590,0,5589,9455,1,0,1
736176,643,0,6569,-7137,1,0,1
736177,652,0,3394,-7663,1,0,1
736178,65535,255,383,-7911,0,0,0
736179,65535,255,2823,9763,0,0,0
736180,571,0,5056,9566,1,0,1
736181,697,0,6435,9317,1,0,1
736182,714,0,4157,-7609,1,0,1
736183,1167,0,1485,-7739,1,0,1
736184,899,0,1836,9870,1,0,1
736185,1136,2,4430,9623,1,0,1
736186,229,0,6045,9415,1,0,0
736187,1019,0,6220,-7262,1,0,0
736188,65535,255,2493,-7715,0,0,0
736189,1338,2,755,9611,1,0,0
736190,610,0,3696,9708,1,0,1
736191,897,0,5594,9463,1,0,0
736192,65535,255,6565,-7141,0,0,1
736193,850,0,3385,-7700,1,0,1
736194,65535,255,378,-8350,0,0,0
736195,65535,255,2832,9839,0,0,0
736196,65535,255,5065,9528,0,0,0
736197,859,0,6442,9297,1,0,0
736198,802,2,4146,-7570,1,0,1
736199,893,0,1471,-7833,1,0,1
736200,734,2,1853,9833,1,0,1
736201,65535,255,4441,9616,0,0,0
736202,910,0,6051,9410,1,0,1
736203,666,0,6216,-7262,1,0,1
736204,1278,0,2483,-7742,1,0,1
736205,1160,0,771,9747,1,0,0
736206,1339,0,3708,9739,1,0,1
736207,803,0,5601,9490,1,0,1
736208,899,0,6562,-7160,1,0,1
736209,568,0,3368,-7630,1,0,1
736210,767,0,354,-7817,1,0,0
736211,65535,255,2851,9772,0,0,0
736212,65535,255,5076,9589,0,0,0
736213,65535,255,6451,9285,0,0,0
736214,65535,255,4134,-7557,0,0,0
736215,65535,255,1450,-7927,0,0,0
736216,392,2,1875,9850,1,0,1
736217,367,2,4457,9627,1,0,1
736218,329,2,6063,9364,1,0,1
736219,546,2,6207,-7228,1,0,1
736220,852,0,2463,-7821,1,0,1
736221,793,0,794,10087,1,0,1
736222,458,2,3732,9681,1,0,1
736223,593,0,5616,9465,1,0,1
736224,986,0,6554,-7141,1,0,1
736225,872,0,3351,-7740,1,0,1
736226,895,0,325,-7608,1,0,1
736227,994,2,2879,9770,1,0,1
736228,740,0,5092,9557,1,0,1
736229,1017,0,6461,9294,1,0,1
736230,1142,0,4120,-7567,1,0,1
736231,601,0,1429,-7877,1,0,1
736232,966,0,1891,9882,1,0,1
736233,690,0,4467,9599,1,0,0
736234,65535,255,6067,9378,0,0,0
736235,887,0,6204,-7229,1,0,1
736236,65535,255,2453,-7680,0,0,0
736237,65535,255,799,9959,0,0,0
736238,65535,255,3728,9728,0,0,0
736239,671,0,5613,9460,1,0,1
736240,820,0,6557,-7135,1,0,1
736241,65535,255,3363,-7739,0,0,0
736242,665,0,344,-8494,1,0,1
736243,65535,255,2860,9792,0,0,0
736244,775,0,5081,9567,1,0,1
736245,913,0,6452,9305,1,0,1
736246,65535,255,4134,-7558,0,0,0
736247,1064,0,1451,-7875,1,0,1
736248,952,0,1869,9919,1,0,1
736249,65535,255,4454,9620,0,0,0
736250,547,0,6059,9400,1,0,1
736251,1092,0,6211,-7246,1,0,1
736252,1307,2,2473,-7781,1,0,1
736253,1169,0,783,9706,1,0,0
736254,813,2,3716,9697,1,0,1
736255,65535,255,5606,9447,0,0,0
736256,65535,255,6560,-7148,0,0,0
736257,875,0,3373,-7747,1,0,1
736258,1191,0,357,-7172,1,0,1
736259,65535,255,2850,9837,0,0,0
736260,65535,255,5071,9556,0,0,0
736261,757,0,6445,9328,1,0,1
736262,1082,0,4141,-7619,1,0,1
736263,792,0,1462,-7759,1,0,1
736264,714,0,1858,9868,1,0,0
736265,65535,255,4447,9609,0,0,0
736266,65535,255,6053,9397,0,0,0
736267,310,0,6213,-7249,1,0,0
736268,1371,0,2478,-7832,1,0,1
736269,982,0,770,9962,1,0,1
736270,608,0,3708,9762,1,0,1
736271,65535,255,5601,9489,0,0,0
736272,291,0,6562,-7160,1,0,1
736273,65535,255,3430,-6155,0,0,0
736274,65535,255,359,-8007,0,0,0
736275,543,2,2841,9871,1,0,0
736276,846,2,5067,9584,1,0,0
736277,913,2,6443,9308,1,0,1
736278,870,2,4146,-7607,1,0,1
736279,997,0,1468,-7738,1,0,1
736280,841,0,1847,9759,1,0,1
736281,793,0,4437,9642,1,0,1
736282,65535,255,6048,9398,0,0,0
736283,0,0,0,0,0,0,0
736284,65535,255,2493,-7703,0,0,0
736285,569,0,753,10006,1,0,1
736286,813,0,3692,9724,1,0,1
736287,677,0,5591,9450,1,0,1
736288,1328,0,6566,-7128,1,0,1
736289,65535,255,3394,-7699,0,0,0
736290,750,0,383,-7827,1,0,1
736291,781,0,2818,9885,1,0,1
736292,743,0,5055,9557,1,0,1
736293,65535,255,6433,9324,0,0,0
736294,1258,0,4160,-7581,1,0,1
736295,932,0,1495,-7934,1,0,1
736296,1089,0,1825,9943,1,0,1
736297,1323,0,4424,9618,1,0,1
736298,65535,255,6039,9392,0,0,0
736299,65535,255,6222,-7242,0,0,0
736300,828,0,2508,-7739,1,0,1
736301,1092,0,730,10191,1,0,1
736302,1090,0,3676,9774,1,0,1
736303,1024,0,5581,9484,1,0,1
736304,1588,0,6572,-7153,1,0,1
736305,1609,0,3402,-7653,1,0,1
736306,1534,0,401,-7583,1,0,1
736307,1434,0,2808,9864,1,0,1
736308,1299,0,5046,9546,1,0,1
736309,65535,255,6429,9329,0,0,0
736310,65535,255,4168,-7608,0,0,0
736311,65535,255,1502,-7693,0,0,0
736312,907,0,1820,9781,1,0,1
736313,817,0,4417,9670,1,0,0
736314,65535,255,6037,9369,0,0,0
736315,65535,255,6225,-7218,0,0,0
736316,464,2,2513,-7701,1,0,1
736317,65535,255,724,10102,0,0,0
736318,671,0,3676,9775,1,0,1
736319,1197,0,5581,9489,1,0,1
736320,1143,0,6573,-7159,1,0,1
736321,814,0,3407,-7706,1,0,1
736322,881,0,400,-8162,1,0,1
736323,908,0,2808,9786,1,0,1
736324,1514,0,5047,9573,1,0,1
736325,812,0,6430,9318,1,0,1
736326,65535,255,4167,-7594,0,0,0
736327,958,0,1501,-7693,1,0,1
736328,65535,255,1820,9799,0,0,0
736329,65535,255,4422,9633,0,0,0
736330,819,0,6038,9389,1,0,1
736331,938,0,6225,-7237,1,0,1
736332,65535,255,2513,-7815,0,0,0
736333,1092,2,736,9874,1,0,1
736334,1214,0,3680,9743,1,0,1
736335,658,2,5585,9484,1,0,1
736336,1485,0,6573,-7153,1,0,1
736337,750,2,3402,-7715,1,0,1
736338,965,0,396,-8412,1,0,1
736339,65535,255,2818,9830,0,0,0
736340,1308,0,5054,9546,1,0,1
736341,1268,0,6435,9313,1,0,1
736342,65535,255,4159,-7540,0,0,0
736343,1246,2,1490,-7891,1,0,0
736344,1235,0,1831,9997,1,0,1
736345,1051,0,4430,9669,1,0,1
736346,1379,0,6046,9380,1,0,1
736347,1284,0,6223,-7230,1,0,1
736348,65535,255,2503,-7815,0,0,0
736349,653,0,753,9963,1,0,1
736350,1054,0,3696,9766,1,0,1
736351,65535,255,5592,9501,0,0,0
736352,337,0,6568,-7167,1,0,0
736353,65535,255,3385,-7628,0,0,0
736354,65535,255,371,-7736,0,0,0
736355,65535,255,2836,9752,0,0,0
736356,930,0,5067,9571,1,0,1
736357,577,0,6444,9327,1,0,1
736358,1125,0,4149,-7630,1,0,1
736359,888,0,1468,-7848,1,0,1
736360,845,0,1853,9994,1,0,1
736361,1255,0,4443,9674,1,0,1
736362,1386,0,6055,9387,1,0,1
736363,512,0,6214,-7239,1,0,1
736364,65535,255,2478,-7665,0,0,0
736365,65535,255,777,10219,0,0,0
736366,65535,255,3716,9699,0,0,0
736367,65535,255,5605,9468,0,0,0
736368,880,2,6561,-7142,1,0,1
736369,65535,255,3368,-7727,0,0,0
736370,65535,255,344,-7332,0,0,0
736371,895,0,2865,9728,1,0,1
736372,1297,0,5081,9569,1,0,1
736373,830,0,6454,9328,1,0,1
736374,1409,2,4131,-7646,1,0,1
736375,1173,0,1440,-7943,1,0,1
736376,1522,0,1886,9798,1,0,1
736377,65535,255,4464,9615,0,0,0
736378,65535,255,6066,9395,0,0,0
736379,915,0,6205,-7268,1,0,1
736380,1206,0,2448,-7808,1,0,1
736381,65535,255,811,10043,0,0,0
736382,65535,255,3740,9682,0,0,0
736383,694,0,5621,9465,1,0,1
736384,1146,0,6549,-7142,1,0,1
736385,863,0,3338,-7686,1,0,1
736386,962,0,307,-8015,1,0,1
736387,65535,255,2889,9759,0,0,0
736388,1383,0,5095,9562,1,0,1
736389,1031,0,6461,9309,1,0,1
736390,1514,0,4108,-7579,1,0,1
736391,65535,255,1412,-7994,0,0,0
736392,65535,255,1908,9763,0,0,0
736393,1422,0,4478,9669,1,0,1
736394,1028,2,6075,9375,1,0,1
736395,816,2,6193,-7225,1,0,0
736396,65535,255,2429,-7758,0,0,0
736397,1167,0,835,9722,1,0,1
736398,1109,0,3752,9704,1,0,1
736399,1044,0,5627,9460,1,0,1
736400,65535,255,6543,-7136,0,0,0
736401,65535,255,3324,-7659,0,0,0
736402,65535,255,290,-7905,0,0,0
736403,597,2,2903,9769,1,0,1
736404,725,2,5104,9571,1,0,1
736405,958,0,6468,9318,1,0,1
736406,940,0,4094,-7602,1,0,1
736407,1248,0,1389,-7734,1,0,1
736408,65535,255,1930,9865,0,0,0
736409,765,0,4491,9624,1,0,1
736410,1209,0,6082,9410,1,0,1
736411,65535,255,6185,-7260,0,0,0
736412,1277,0,2404,-7706,1,0,1
736413,757,0,858,10075,1,0,1
736414,0,0,0,0,0,0,0
736415,0,0,0,0,0,0,0
736416,679,0,6536,-7141,1,0,1
736417,1024,0,3319,-7723,1,0,1
736418,1349,0,284,-7675,1,0,1
736419,65535,255,2903,9790,0,0,0
736420,906,0,5105,9524,1,0,1
736421,1537,0,6465,9301,1,0,1
736422,65535,255,4098,-7594,0,0,0
736423,907,0,1400,-7805,1,0,1
736424,1310,0,1908,9987,1,0,1
736425,836,0,4478,9594,1,0,1
736426,892,2,6073,9407,1,0,1
736427,65535,255,6193,-7254,0,0,0
736428,65535,255,2434,-7796,0,0,0
736429,556,2,823,10040,1,0,0
736430,1109,0,3740,9689,1,0,1
736431,606,2,5620,9474,1,0,1
736432,805,0,6546,-7148,1,0,1
736433,513,2,3338,-7648,1,0,0
736434,65535,255,319,-8327,0,0,0
736435,1247,0,2874,9858,1,0,1
736436,1134,0,5088,9563,1,0,1
736437,971,0,6455,9306,1,0,1
736438,783,0,4117,-7563,1,0,1
736439,1071,0,1434,-7872,1,0,1
736440,986,0,1886,9798,1,0,1
736441,1018,0,4461,9628,1,0,1
736442,65535,255,6065,9373,0,0,0
736443,1132,0,6201,-7222,1,0,1
736444,904,0,2454,-7716,1,0,1
736445,655,0,794,9878,1,0,1
736446,65535,255,3724,9667,0,0,0
736447,564,0,5609,9468,1,0,0
736448,65535,255,6554,-7139,0,0,0
736449,1708,0,3360,-7647,1,0,1
736450,1052,0,344,-8392,1,0,1
736451,65535,255,2860,9718,0,0,0
736452,65535,255,5076,9586,0,0,0
736453,65535,255,6449,9298,0,0,0
736454,65535,255,4134,-7603,0,0,0
736455,1153,0,1451,-7895,1,0,1
736456,65535,255,1869,9835,0,0,0
736457,1369,0,4451,9648,1,0,1
736458,1189,0,6057,9391,1,0,1
736459,1053,0,6209,-7239,1,0,1
736460,759,0,2473,-7817,1,0,1
736461,1508,0,777,10219,1,0,1
736462,1066,0,3711,9742,1,0,1
736463,65535,255,5604,9446,0,0,0
736464,65535,255,6560,-7130,0,0,0
736465,978,0,3372,-7637,1,0,1
736466,1235,0,361,-8372,1,0,1
736467,65535,255,2851,9730,0,0,0
736468,1077,0,5070,9573,1,0,1
736469,1184,0,6447,9310,1,0,1
736470,65535,255,4145,-7643,0,0,0
736471,65535,255,1463,-7687,0,0,0
736472,65535,255,1858,9959,0,0,0
736473,1010,0,4447,9605,1,0,0
736474,65535,255,6055,9372,0,0,0
736475,65535,255,6214,-7219,0,0,0
736476,1133,0,2483,-7778,1,0,1
736477,1049,0,765,10138,1,0,0
736478,789,0,3708,9741,1,0,1
736479,956,0,5600,9452,1,0,1
736480,65535,255,6563,-7130,0,0,0
736481,1198,0,3380,-7663,1,0,1
736482,661,0,361,-7358,1,0,1
736483,1108,0,2841,9797,1,0,1
736484,730,2,5070,9550,1,0,1
736485,65535,255,6444,9324,0,0,1
736486,704,2,4145,-7595,1,0,0
736487,1215,0,1468,-7892,1,0,1
736488,1328,0,1853,9871,1,0,1
736489,770,2,4444,9681,1,0,1
736490,439,2,6053,9421,1,0,1
736491,735,2,6216,-7256,1,0,1
736492,650,0,2483,-7752,1,0,1
736493,1384,0,765,10138,1,0,1
736494,750,0,3704,9749,1,0,1
736495,960,0,5601,9456,1,0,1
736496,779,2,6564,-7133,1,0,1
736497,1463,0,3381,-7689,1,0,1
736498,1103,0,365,-7639,1,0,1
736499,867,0,2841,9852,1,0,1
736500,645,0,5070,9582,1,0,1
736501,769,0,6445,9306,1,0,1
736502,893,0,4143,-7608,1,0,1
736503,794,0,1463,-7734,1,0,1
736504,1291,0,1859,9765,1,0,1
736505,1351,0,4444,9643,1,0,1
736506,704,0,6053,9404,1,0,1
736507,349,0,6214,-7249,1,0,0
736508,1083,0,2483,-7726,1,0,1
736509,474,0,770,10050,1,0,0
736510,923,0,3708,9741,1,0,1
736511,1161,0,5601,9456,1,0,1
736512,1281,0,6562,-7134,1,0,1
736513,966,2,3376,-7708,1,0,0
736514,65535,255,359,-7908,0,0,0
736515,65535,255,2846,9884,0,0,0
736516,1103,2,5072,9539,1,0,1
736517,1345,0,6446,9320,1,0,1
736518,972,0,4138,-7575,1,0,1
736519,65535,255,1462,-7871,0,0,0
736520,1052,0,1858,9888,1,0,1
736521,630,2,4447,9599,1,0,1
736522,1074,2,6056,9375,1,0,1
736523,65535,255,6211,-7223,0,0,0
736524,1078,0,2478,-7855,1,0,1
736525,1033,0,776,9834,1,0,1
736526,1011,0,3712,9701,1,0,1
736527,1065,0,5603,9471,1,0,0
736528,893,0,6558,-7158,1,0,1
736529,930,0,3368,-7690,1,0,0
736530,1170,0,348,-7822,1,0,1
736531,833,0,2851,9884,1,0,1
736532,1024,0,5076,9524,1,0,1
736533,992,0,6448,9327,1,0,1
736534,1592,0,4131,-7589,1,0,1
736535,65535,255,1451,-7962,0,0,0
736536,65535,255,1869,9957,0,0,0
736537,888,0,4454,9629,1,0,1
736538,927,0,6059,9399,1,0,1
736539,65535,255,6206,-7247,0,0,0
736540,788,0,2464,-7753,1,0,1
736541,65535,255,789,10216,0,0,0
736542,721,0,3720,9780,1,0,1
736543,726,2,5609,9482,1,0,1
736544,666,0,6554,-7155,1,0,1
736545,789,2,3351,-7647,1,0,0
736546,65535,255,332,-7411,0,0,0
736547,1072,2,2865,9839,1,0,0
736548,65535,255,5082,9590,0,0,0
736549,711,2,6452,9319,1,0,1
736550,864,2,4120,-7583,1,0,0
736551,1007,0,1434,-7942,1,0,0
736552,1317,0,1886,9956,1,0,1
736553,831,0,4464,9634,1,0,1
736554,693,0,6065,9406,1,0,1
736555,1089,0,6200,-7252,1,0,1
736556,657,0,2449,-7845,1,0,0
736557,974,0,811,9878,1,0,0
736558,1004,0,3736,9722,1,0,0
736559,65535,255,5617,9458,0,0,0
736560,844,0,6547,-7137,1,0,1
736561,1282,0,3338,-7610,1,0,0
736562,713,0,311,-7257,1,0,1
736563,1042,0,2884,9815,1,0,1
736564,490,0,5093,9583,1,0,0
736565,484,0,6461,9317,1,0,1
736566,340,0,4105,-7585,1,0,0
736567,1342,0,1412,-7970,1,0,0
736568,684,0,1908,10006,1,0,0
736569,1228,0,4478,9652,1,0,1
736570,65535,255,6074,9385,0,0,0
736571,877,2,6193,-7265,1,0,1
736572,65535,255,2426,-7779,0,0,0
736573,1046,0,834,9961,1,0,1
736574,1345,0,3752,9745,1,0,1
736575,1138,2,5629,9474,1,0,1
736576,982,2,6541,-7149,1,0,1
736577,1030,0,3320,-7667,1,0,1
736578,822,0,284,-7789,1,0,1
736579,758,0,2907,9738,1,0,1
736580,1179,2,5110,9545,1,0,1
736581,1197,2,6471,9297,1,0,1
736582,1125,2,4090,-7551,1,0,1
736583,761,0,1383,-7900,1,0,1
736584,1257,2,1936,9950,1,0,0
736585,1369,0,4498,9643,1,0,1
736586,728,0,6086,9402,1,0,1
736587,65535,255,6182,-7245,0,0,0
736588,1217,0,2409,-7810,1,0,1
736589,993,0,852,9843,1,0,0
736590,900,0,3760,9729,1,0,1
736591,760,0,5632,9469,1,0,1
736592,1296,0,6541,-7139,1,0,1
736593,695,0,3324,-7658,1,0,1
736594,1260,0,296,-7686,1,0,1
736595,883,0,2898,9739,1,0,1
736596,1026,0,5101,9552,1,0,1
736597,544,0,6463,9306,1,0,1
736598,958,0,4108,-7563,1,0,1
736599,502,2,1417,-7968,1,0,0
736600,1169,2,1902,9783,1,0,1
736601,65535,255,4471,9672,0,0,0
736602,701,0,6068,9384,1,0,1
736603,756,0,6204,-7231,1,0,1
736604,872,0,2458,-7717,1,0,1
736605,1279,0,794,9793,1,0,1
736606,918,2,3720,9770,1,0,1
736607,1077,0,5611,9448,1,0,0
736608,1025,2,6557,-7142,1,0,1
736609,872,0,3368,-7737,1,0,1
736610,877,0,348,-7723,1,0,0
736611,1178,0,2851,9805,1,0,1
736612,851,2,5075,9538,1,0,0
736613,65535,255,6447,9315,0,0,1
736614,1309,2,4145,-7638,1,0,1
736615,926,0,1468,-7982,1,0,1
736616,857,0,1853,9887,1,0,1
736617,1235,0,4440,9661,1,0,1
736618,652,0,6051,9399,1,0,1
736619,1184,0,6218,-7243,1,0,1
736620,1194,0,2493,-7804,1,0,0
736621,65535,255,753,10140,0,0,0
736622,699,0,3696,9725,1,0,0
736623,1031,0,5593,9497,1,0,1
736624,1029,0,6570,-7164,1,0,1
736625,813,0,3393,-7716,1,0,1
736626,65535,255,383,-7739,0,0,0
736627,675,0,2822,9819,1,0,0
736628,979,0,5056,9546,1,0,1
736629,763,0,6436,9328,1,0,1
736630,65535,255,4163,-7560,0,0,0
736631,1013,0,1495,-7759,1,0,1
736632,905,0,1820,9998,1,0,1
736633,65535,255,4424,9613,0,0,0
736634,65535,255,6040,9374,0,0,0
736635,1406,2,6227,-7221,1,0,1
736636,1438,0,2517,-7751,1,0,1
736637,637,0,724,10056,1,0,1
736638,1043,2,3676,9711,1,0,0
736639,65535,255,5580,9499,0,0,0
736640,65535,255,6576,-7165,0,0,0
736641,1372,0,3413,-7711,1,0,1
736642,1261,0,412,-7990,1,0,1
736643,65535,255,2799,9866,0,0,0
736644,65535,255,5041,9580,0,0,0
736645,616,0,6427,9302,1,0,1
736646,1357,0,4177,-7619,1,0,0
736647,940,0,1517,-7973,1,0,1
736648,65535,255,1803,9928,0,0,0
736649,65535,255,4407,9674,0,0,0
736650,346,0,6030,9424,1,0,1
736651,712,0,6231,-7211,1,0,1
736652,1113,0,2532,-7749,1,0,1
736653,65535,255,707,10059,0,0,0
736654,65535,255,3660,9729,0,0,0
736655,1068,0,5571,9510,1,0,1
736656,802,0,6578,-7123,1,0,1
736657,1163,0,3423,-7650,1,0,1
736658,1027,0,426,-7287,1,0,1
736659,804,0,2790,9778,1,0,1
736660,985,0,5032,9544,1,0,1
736661,1088,0,6421,9332,1,0,1
736662,1070,0,4185,-7584,1,0,1
736663,65535,255,1528,-7886,0,0,0
736664,540,0,1793,9875,1,0,0
736665,65535,255,4397,9680,0,0,0
736666,65535,255,6024,9421,0,0,0
736667,65535,255,6235,-7210,0,0,0
736668,1370,0,2542,-7760,1,0,1
736669,1222,0,695,10159,1,0,1
736670,690,0,3652,9754,1,0,1
736671,1098,0,5566,9461,1,0,1
736672,845,0,6581,-7135,1,0,1
736673,1068,0,3428,-7702,1,0,1
736674,65535,255,435,-7832,0,0,0
736675,65535,255,2780,9868,0,0,0
736676,380,0,5030,9593,1,0,1
736677,65535,255,6418,9312,0,0,0
736678,65535,255,4186,-7556,0,0,0
736679,65535,255,1534,-7800,0,0,0
736680,65535,255,1787,9802,0,0,0
736681,616,0,4397,9667,1,0,1
736682,736,0,6022,9418,1,0,1
736683,65535,255,6236,-7226,0,0,0
736684,982,0,2542,-7722,1,0,1
736685,708,0,695,10062,1,0,1
736686,806,0,3652,9739,1,0,1
736687,65535,255,5566,9456,0,0,0
736688,656,0,6582,-7134,1,0,1
736689,65535,255,3432,-7710,0,0,0
736690,65535,255,435,-7987,0,0,0
736691,648,2,2786,9722,1,0,1
736692,815,2,5032,9528,1,0,1
736693,65535,255,6419,9330,0,0,0
736694,695,0,4185,-7590,1,0,1
736695,65535,255,1534,-7948,0,0,0
736696,65535,255,1787,-7948,0,0,0
736697,847,2,4400,-7948,1,0,1
736698,65535,255,6026,-7948,0,0,0
736699,65535,255,6235,-7948,0,0,0
736700,953,0,2538,-7948,1,0,1
736701,968,0,701,-7948,1,0,1
736702,1320,0,3656,-7948,1,0,1
736703,65535,255,5571,-7948,0,0,0
736704,65535,255,6582,-7948,0,0,0
736705,1439,0,3423,-7948,1,0,1
736706,868,0,431,-7948,1,0,1
736707,1538,0,2789,-7948,1,0,1
736708,65535,255,5035,-7948,0,0,0
736709,65535,255,6424,-7948,0,0,0
736710,1105,0,4181,-7948,1,0,1
736711,65535,255,1522,-7948,0,0,0
736712,65535,255,1798,-7948,0,0,0
736713,1082,0,4407,-7948,1,0,1
736714,65535,255,6032,-7948,0,0,0
736715,514,0,6233,-7948,1,0,1
736716,731,2,2528,-7948,1,0,1
736717,752,0,712,-7948,1,0,1
736718,1168,0,3668,-7948,1,0,1
736719,65535,255,5578,-7948,0,0,0
736720,65535,255,6579,-7948,0,0,0
736721,65535,255,3414,-7948,0,0,0
736722,65535,255,414,-7948,0,0,0
736723,1246,2,2803,-7948,1,0,1
736724,941,0,5046,-7948,1,0,1
736725,518,2,6430,-7948,1,0,1
736726,65535,255,4174,-7948,0,0,0
736727,1213,2,1511,-7948,1,0,1
736728,729,0,1814,-7948,1,0,1
736729,1031,0,4420,-7948,1,0,1
736730,65535,255,6038,-7948,0,0,0
736731,1308,0,6230,-7948,1,0,1
736732,1189,0,2517,-7948,1,0,1
736733,621,0,736,-7948,1,0,1
736734,1162,0,3684,-7948,1,0,1
736735,1082,0,5588,-7948,1,0,1
736736,994,0,6573,-7948,1,0,1
736737,773,0,3398,-7948,1,0,1
736738,1080,0,396,-7948,1,0,0
736739,65535,255,2822,-7948,0,0,0
736740,65535,255,5055,-7948,0,0,0
736741,65535,255,6437,-7948,0,0,0
736742,65535,255,4159,-7948,0,0,0
736743,1035,0,1490,-7948,1,0,1
736744,680,0,1836,-7948,1,0,1
736745,791,0,4434,-7948,1,0,1
736746,785,0,6048,-7948,1,0,1
736747,1158,0,6220,-7948,1,0,1
736748,1213,2,2493,-7948,1,0,0
736749,654,0,759,-7948,1,0,1
736750,1213,0,3700,-7948,1,0,1
736751,952,0,5598,-7948,1,0,1
736752,1372,0,6566,-7948,1,0,1
736753,65535,255,3380,-7948,0,0,0
736754,1161,2,365,-7948,1,0,1
736755,524,0,2846,-7948,1,0,1
736756,751,0,5070,-7948,1,0,1
736757,1253,2,6447,-7948,1,0,0
736758,950,0,4138,-7948,1,0,1
736759,964,0,1456,-7948,1,0,1
736760,1342,0,1864,-7948,1,0,1
736761,1570,0,4450,-7948,1,0,1
736762,951,0,6059,-7948,1,0,1
736763,1131,0,6209,-7948,1,0,1
736764,623,0,2463,-7948,1,0,1
736765,1307,0,788,-7948,1,0,1
736766,880,0,3723,-7948,1,0,1
736767,646,0,5611,-7948,1,0,1
736768,519,0,6555,-7948,1,0,1
736769,65535,255,3355,-7948,0,0,0
736770,65535,255,332,-7948,0,0,0
736771,65535,255,2870,-7948,0,0,0
736772,532,0,5088,-7948,1,0,1
736773,498,0,6457,-7948,1,0,1
736774,65535,255,4116,-7948,0,0,0
736775,65535,255,1423,-7948,0,0,0
736776,65535,255,1897,-7948,0,0,0
736777,782,0,4475,-7948,1,0,1
736778,733,0,6071,-7948,1,0,1
736779,703,2,6195,-7948,1,0,0
736780,1161,2,2429,-7948,1,0,1
736781,1099,0,829,-7948,1,0,1
736782,1159,0,3748,-7948,1,0,1
736783,65535,255,5625,-7948,0,0,0
736784,65535,255,6544,-7948,0,0,0
736785,65535,255,3329,-7948,0,0,0
736786,1059,0,304,-7948,1,0,1
736787,920,0,2889,-7948,1,0,1
736788,528,2,5096,-7948,1,0,1
736789,65535,255,6461,-7948,0,0,0
736790,744,0,4105,-7948,1,0,1
736791,773,0,1411,-7948,1,0,1
736792,1287,0,1903,-7948,1,0,1
736793,1171,0,4475,-7948,1,0,1
736794,0,0,0,0,0,0,0
736795,65535,255,6196,-7948,0,0,0
736796,642,0,2439,-7948,1,0,1
736797,65535,255,817,-7948,0,0,0
736798,65535,255,3741,-7948,0,0,0
736799,710,0,5619,-7948,1,0,0
736800,65535,255,6547,-7948,0,0,0
736801,742,0,3338,-7948,1,0,0
736802,65535,255,321,-7948,0,0,0
736803,1117,0,2880,-7948,1,0,1
736804,450,0,5091,-7948,1,0,1
736805,650,0,6458,-7948,1,0,1
736806,1052,2,4112,-7948,1,0,1
736807,976,0,1423,-7948,1,0,1
736808,65535,255,1898,-7948,0,0,0
736809,1477,0,4468,-7948,1,0,1
736810,730,0,6069,-7948,1,0,1
736811,630,2,6195,-7948,1,0,1
736812,65535,255,2439,-7948,0,0,0
736813,65535,255,812,-7948,0,0,0
736814,1182,0,3736,-7948,1,0,1
736815,735,2,5617,-7948,1,0,1
736816,681,0,6549,-7948,1,0,1
736817,65535,255,3342,-7948,0,0,0
736818,65535,255,320,-7948,0,0,0
736819,636,0,2879,-7948,1,0,0
736820,65535,255,5088,-7948,0,0,0
736821,656,0,6457,-7948,1,0,1
736822,1067,0,4116,-7948,1,0,1
736823,650,0,1423,-7948,1,0,1
736824,597,0,1897,-7948,1,0,1
736825,1046,0,4468,-7948,1,0,1
736826,1260,0,6069,-7948,1,0,0
736827,65535,255,6199,-7948,0,0,0
736828,1098,0,2444,-7948,1,0,1
736829,1218,0,812,-7948,1,0,1
736830,620,0,3736,-7948,1,0,1
736831,1370,0,5620,-7948,1,0,1
736832,65535,255,6548,-7948,0,0,0
736833,1044,0,3342,-7948,1,0,1
736834,1517,0,320,-7948,1,0,1
736835,65535,255,2884,-7948,0,0,0
736836,1106,0,5090,-7948,1,0,1
736837,65535,255,6460,-7948,0,0,0
736838,584,0,4116,-7948,1,0,0
736839,65535,255,1423,-7948,0,0,0
736840,898,2,1902,-7948,1,0,0
736841,1269,0,4474,-7948,1,0,1
736842,863,0,6072,-7948,1,0,1
736843,65535,255,6199,-7948,0,0,0
736844,1348,0,2438,-7948,1,0,1
736845,626,0,823,-7948,1,0,1
736846,1309,2,3744,-7948,1,0,1
736847,1089,0,5622,-7948,1,0,1
736848,495,0,6547,-7948,1,0,1
736849,673,0,3333,-7948,1,0,1
736850,1193,0,308,-7948,1,0,1
736851,690,0,2893,-7948,1,0,1
736852,1022,0,5098,-7948,1,0,1
736853,902,0,6463,-7948,1,0,1
736854,895,0,4106,-7948,1,0,1
736855,65535,255,1406,-7948,0,0,0
736856,65535,255,1908,-7948,0,0,0
736857,65535,255,4481,-7948,0,0,0
736858,65535,255,6077,-7948,0,0,0
736859,65535,255,6194,-7948,0,0,0
736860,65535,255,2428,-7948,0,0,0
736861,806,0,836,-7948,1,0,0
736862,65535,255,3752,-7948,0,0,0
736863,700,0,5629,-7948,1,0,1
736864,765,0,6543,-7948,1,0,1
736865,900,0,3328,-7948,1,0,1
736866,785,0,290,-7948,1,0,1
736867,907,2,2903,-7948,1,0,1
736868,1067,2,5107,-7948,1,0,1
736869,722,2,6469,-7948,1,0,1
736870,1205,2,4097,-7948,1,0,0
736871,688,0,1389,-7948,1,0,1
736872,1023,0,1925,-7948,1,0,1
736873,1086,0,4491,-7948,1,0,1
736874,1006,0,6083,-7948,1,0,1
736875,65535,255,6188,-7948,0,0,0
736876,1254,2,2414,-7948,1,0,0
736877,648,0,852,-7948,1,0,1
736878,599,0,3768,-7948,1,0,1
736879,855,0,5637,-7948,1,0,1
736880,1196,0,6539,-7948,1,0,1
736881,65535,255,3311,-7948,0,0,0
736882,65535,255,274,-7948,0,0,0
736883,886,0,2922,-7948,1,0,1
736884,768,0,5116,-7948,1,0,1
736885,65535,255,6475,-7948,0,0,0
736886,832,0,4082,-7948,1,0,1
736887,526,0,1372,-7948,1,0,0
736888,847,0,1946,-7948,1,0,1
736889,1074,0,4502,-7948,1,0,1
736890,65535,255,6091,-7948,0,0,0
736891,65535,255,6182,-7948,0,0,0
736892,1225,0,2394,-7948,1,0,1
736893,1285,0,877,-7948,1,0,1
736894,906,0,3780,-7948,1,0,1
736895,1291,0,5645,-7948,1,0,1
736896,300,0,6530,-7948,1,0,0
736897,918,2,3297,-7948,1,0,0
736898,65535,255,261,-7948,0,0,0
736899,714,2,2926,-7948,1,0,0
736900,853,2,5116,-7948,1,0,1
736901,776,0,6474,-7948,1,0,1
736902,624,0,4082,-7948,1,0,1
736903,944,0,1378,-7948,1,0,1
736904,852,2,1936,-7948,1,0,0
736905,1377,0,4495,-7948,1,0,1
736906,1141,2,6082,-7948,1,0,0
736907,782,2,6185,-7948,1,0,0
736908,1540,0,2414,-7948,1,0,1
736909,1038,0,846,-7948,1,0,1
736910,65535,255,3756,-7948,0,0,0
736911,699,0,5630,-7948,1,0,1
736912,744,0,6539,-7948,1,0,1
736913,864,0,3324,-7948,1,0,1
736914,1148,0,293,-7948,1,0,1
736915,1021,0,2893,-7948,1,0,0
736916,848,0,5100,-7948,1,0,1
736917,811,0,6463,-7948,1,0,0
736918,1098,0,4101,-7948,1,0,0
736919,686,0,1406,-7948,1,0,1
736920,1100,0,1908,-7948,1,0,1
736921,698,0,4475,-7948,1,0,0
736922,736,0,6072,-7948,1,0,0
736923,65535,255,6193,-7948,0,0,0
736924,788,0,2439,-7948,1,0,1
736925,1122,0,817,-7948,1,0,1
736926,967,0,3736,-7948,1,0,1
736927,1094,2,5617,-7948,1,0,1
736928,788,0,6547,-7948,1,0,1
736929,719,0,3338,-7948,1,0,1
736930,1226,2,320,-7948,1,0,0
736931,65535,255,2875,-7948,0,0,0
736932,798,0,5088,-7948,1,0,1
736933,802,2,6454,-7948,1,0,1
736934,1278,0,4120,-7948,1,0,0
736935,915,2,1434,-7948,1,0,0
736936,65535,255,1881,-7948,0,0,0
736937,65535,255,4461,-7948,0,0,0
736938,65535,255,6063,-7948,0,0,0
736939,65535,255,6202,-7948,0,0,0
736940,828,0,2458,-7948,1,0,1
736941,1257,0,794,-7948,1,0,1
736942,1090,0,3722,-7948,1,0,1
736943,746,0,5608,-7948,1,0,0
736944,544,0,6554,-7948,1,0,0
736945,1041,0,3359,-7948,1,0,1
736946,65535,255,342,-7948,0,0,0
736947,901,0,2860,-7948,1,0,1
736948,783,0,5076,-7948,1,0,1
736949,1256,0,6450,-7948,1,0,1
736950,1330,0,4131,-7948,1,0,1
736951,903,0,1451,-7948,1,0,1
736952,65535,255,1870,-7948,0,0,0
736953,65535,255,4451,-7948,0,0,0
736954,838,0,6056,-7948,1,0,0
736955,65535,255,6209,-7948,0,0,0
736956,768,0,2473,-7948,1,0,1
736957,65535,255,783,-7948,0,0,0
736958,969,2,3712,-7948,1,0,0
736959,763,2,5601,-7948,1,0,1
736960,65535,255,6558,-7948,0,0,0
736961,300,2,3368,-7948,1,0,0
736962,557,0,354,-7948,1,0,1
736963,65535,255,2846,-7948,0,0,0
736964,1375,0,5073,-7948,1,0,1
736965,1187,2,6447,-7948,1,0,1
736966,65535,255,4152,-7948,0,0,0
736967,65535,255,1479,-7948,0,0,0
736968,827,0,1842,-7948,1,0,1
736969,1219,0,4434,-7948,1,0,1
736970,896,0,6047,-7948,1,0,0
736971,740,0,6220,-7948,1,0,1
736972,904,0,2503,-7948,1,0,0
736973,1220,0,742,-7948,1,0,1
736974,1172,0,3688,-7948,1,0,1
736975,744,0,5591,-7948,1,0,1
736976,839,0,6570,-7948,1,0,1
736977,65535,255,3397,-7948,0,0,0
736978,1248,0,395,-7948,1,0,1
736979,1474,0,2818,-7948,1,0,0
736980,1028,0,5050,-7948,1,0,0
736981,746,0,6433,-7948,1,0,0
736982,1022,0,4170,-7948,1,0,1
736983,1091,0,1501,-7948,1,0,0
736984,710,0,1820,-7948,1,0,1
736985,1076,0,4421,-7948,1,0,1
736986,1006,0,6038,-7948,1,0,1
736987,1006,0,6228,-7948,1,0,1
736988,65535,255,2522,-7948,0,0,0
736989,823,2,725,-7948,1,0,1
736990,65535,255,3672,-7948,0,0,0
736991,817,2,5581,-7948,1,0,1
736992,1203,2,6577,-7948,1,0,1
736993,1286,0,3414,-7948,1,0,1
736994,911,0,414,-7948,1,0,1
736995,65535,255,2799,-7948,0,0,0
736996,1073,0,5044,-7948,1,0,1
736997,707,0,6426,-7948,1,0,1
736998,65535,255,4177,-7948,0,0,0
736999,65535,255,1517,-7948,0,0,0
737000,65535,255,1803,-7948,0,0,0
737001,65535,255,4410,-7948,0,0,0
737002,1138,0,6032,-7948,1,0,1
737003,1165,0,6232,-7948,1,0,1
737004,65535,255,2532,-7948,0,0,0
737005,1387,0,707,-7948,1,0,1
737006,65535,255,3664,-7948,0,0,0
737007,781,0,5573,-7948,1,0,1
737008,614,0,6580,-7948,1,0,0
737009,709,0,3423,-7948,1,0,1
737010,852,0,423,-7948,1,0,1
737011,0,0,0,0,0,0,0
737012,1356,0,5035,-7948,1,0,1
737013,1231,0,6424,-7948,1,0,1
737014,989,0,4181,-7948,1,0,1
737015,603,2,1523,-7948,1,0,1
737016,65535,255,1798,-7948,0,0,0
737017,0,0,0,0,0,0,0
737018,65535,255,6028,-7948,0,0,0
737019,65535,255,6235,-7948,0,0,0
737020,65535,255,2537,-7948,0,0,0
737021,65535,255,702,-7948,0,0,0
737022,873,2,3656,-7948,1,0,1
737023,65535,255,5571,-7948,0,0,0
737024,65535,255,6581,-7948,0,0,0
737025,1084,0,3423,-7948,1,0,1
737026,1027,0,430,-7948,1,0,1
737027,65535,255,2790,-7948,0,0,1
737028,65535,255,5035,-7948,0,0,0
737029,989,0,6423,-7948,1,0,1
737030,826,0,4185,-7948,1,0,1
737031,1219,0,1523,-7948,1,0,1
737032,1742,0,1799,-7948,1,0,1
737033,65535,255,4404,-7948,0,0,0
737034,65535,255,6028,-7948,0,0,0
737035,65535,255,6233,-7948,0,0,0
737036,65535,255,2532,-7948,0,0,0
737037,1468,0,708,-7948,1,0,1
737038,1063,0,3661,-7948,1,0,0
737039,1285,0,5571,-7948,1,0,1
737040,1599,0,6580,-7948,1,0,1
737041,65535,255,3419,-7948,0,0,0
737042,640,0,417,-7948,1,0,1
737043,477,2,2790,-7948,1,0,0
737044,1076,0,5037,-7948,1,0,1
737045,675,2,6425,-7948,1,0,1
737046,65535,255,4178,-7948,0,0,0
737047,65535,255,1518,-7948,0,0,0
737048,65535,255,1804,-7948,0,0,0
737049,0,0,0,0,0,0,0
737050,0,0,0,0,0,0,0
737051,0,0,0,0,0,0,0
737052,65535,255,2523,-7948,0,0,0
737053,543,2,719,-7948,1,0,0
737054,855,0,3669,-7948,1,0,1
737055,1417,2,5576,-7948,1,0,1
737056,65535,255,6575,-7948,0,0,0
737057,65535,255,3411,-7948,0,0,0
737058,65535,255,406,-7948,0,0,0
737059,655,0,2804,-7948,1,0,1
737060,65535,255,5044,-7948,0,0,0
737061,65535,255,6429,-7948,0,0,0
737062,65535,255,4167,-7948,0,0,0
737063,1031,0,1501,-7948,1,0,1
737064,65535,255,1820,-7948,0,0,0
737065,65535,255,4421,-7948,0,0,0
737066,1182,0,6039,-7948,1,0,1
737067,1012,0,6225,-7948,1,0,1
737068,999,0,2507,-7948,1,0,1
737069,65535,255,737,-7948,0,0,0
737070,65535,255,3684,-7948,0,0,0
737071,917,0,5585,-7948,1,0,1
737072,983,0,6569,-7948,1,0,1
737073,65535,255,3398,-7948,0,0,0
737074,1229,2,390,-7948,1,0,1
737075,65535,255,2823,-7948,0,0,0
737076,0,0,0,0,0,0,0
737077,65535,255,6436,-7948,0,0,0
737078,598,2,4152,-7948,1,0,1
737079,65535,255,1485,-7948,0,0,0
737080,1471,0,1842,-7948,1,0,1
737081,0,0,0,0,0,0,0
737082,65535,255,6047,-7948,0,0,0
737083,65535,255,6217,-7948,0,0,0
737084,65535,255,2488,-7948,0,0,0
737085,65535,255,759,-7948,0,0,0
737086,484,0,3700,-7948,1,0,1
737087,677,0,5598,-7948,1,0,0
737088,65535,255,6563,-7948,0,0,0
737089,691,0,3376,-7948,1,0,1
737090,895,0,363,-7948,1,0,0
737091,1343,0,2846,-7948,1,0,1
737092,854,0,5070,-7948,1,0,1
737093,941,0,6447,-7948,1,0,1
737094,65535,255,4138,-7948,0,0,0
737095,987,0,1451,-7948,1,0,1
737096,65535,255,1870,-7948,0,0,0
737097,1066,0,4454,-7948,1,0,1
737098,65535,255,6060,-7948,0,0,0
737099,65535,255,6208,-7948,0,0,0
737100,65535,255,2463,-7948,0,0,0
737101,0,0,0,0,0,0,0
737102,65535,255,3724,-7948,0,0,0
737103,0,0,0,0,0,0,0
737104,0,0,0,0,0,0,0
737105,0,0,0,0,0,0,0
737106,575,0,325,-7948,1,0,1
737107,65535,255,2879,-7948,0,0,0
737108,65535,255,5090,-7948,0,0,0
737109,1002,2,6459,-7948,1,0,0
737110,65535,255,4116,-7948,0,0,0
737111,1235,0,1423,-7948,1,0,1
737112,65535,255,1903,-7948,0,0,0
737113,65535,255,4474,-7948,0,0,0
737114,1128,0,6075,-7948,1,0,1
737115,1192,2,6196,-7948,1,0,1
737116,65535,255,2433,-7948,0,0,0
737117,65535,255,835,-7948,0,0,0
737118,1453,0,3752,-7948,1,0,1
737119,1324,0,5629,-7948,1,0,1
737120,1348,0,6544,-7948,1,0,1
737121,481,0,3329,-7948,1,0,1
737122,798,0,297,-7948,1,0,1
737123,1091,0,2894,-7948,1,0,1
737124,65535,255,5098,-7948,0,0,0
737125,65535,255,6464,-7948,0,0,0
737126,65535,255,4109,-7948,0,0,0
737127,1365,0,1417,-7948,1,0,1
737128,65535,255,1908,-7948,0,0,0
737129,705,0,4474,-7948,1,0,0
737130,1366,0,6073,-7948,1,0,1
737131,65535,255,6197,-7948,0,0,0
737132,967,2,2441,-7948,1,0,0
737133,752,0,812,-7948,1,0,1
737134,837,0,3740,-7948,1,0,1
737135,1308,2,5619,-7948,1,0,0
737136,729,0,6549,-7948,1,0,1
737137,566,0,3342,-7948,1,0,1
737138,950,0,319,-7948,1,0,1
737139,904,0,2875,-7948,1,0,1
737140,1055,0,5090,-7948,1,0,1
737141,649,2,6456,-7948,1,0,1
737142,0,0,0,0,0,0,0
737143,848,2,1434,-7948,1,0,0
737144,696,0,1886,-7948,1,0,1
737145,818,0,4464,-7948,1,0,1
737146,0,0,0,0,0,0,0
737147,65535,255,6201,-7948,0,0,0
737148,65535,255,2453,-7948,0,0,0
737149,1160,0,801,-7948,1,0,0
737150,822,0,3728,-7948,1,0,1
737151,1112,0,5612,-7948,1,0,1
737152,65535,255,6553,-7948,0,0,0
737153,1567,0,3355,-7948,1,0,1
737154,882,0,332,-7948,1,0,1
737155,1199,0,2865,-7948,1,0,1
737156,65535,255,5080,-7948,0,0,0
737157,65535,255,6452,-7948,0,0,0
737158,858,0,4127,-7948,1,0,1
737159,752,2,1440,-7948,1,0,0
737160,962,2,1878,-7948,1,0,1
737161,65535,255,4458,-7948,0,0,0
737162,469,0,6060,-7948,1,0,1
737163,613,0,6204,-7948,1,0,1
737164,65535,255,2459,-7948,0,0,0
737165,791,0,795,-7948,1,0,0
737166,1275,0,3720,-7948,1,0,1
737167,725,0,5608,-7948,1,0,1
737168,464,2,6554,-7948,1,0,1
737169,671,2,3360,-7948,1,0,0
737170,65535,255,337,-7948,0,0,0
737171,65535,255,2860,-7948,0,0,0
737172,668,0,5080,-7948,1,0,1
737173,1022,0,6448,-7948,1,0,1
737174,65535,255,4127,-7948,0,0,0
737175,65535,255,1446,-7948,0,0,0
737176,1023,0,1870,-7948,1,0,1
737177,65535,255,4454,-7948,0,0,0
737178,1071,0,6059,-7948,1,0,1
737179,65535,255,6206,-7948,0,0,0
737180,1191,0,2463,-7948,1,0,1
737181,65535,255,794,-7948,0,0,0
737182,774,0,3721,-7948,1,0,0
737183,581,0,5607,-7948,1,0,1
737184,844,0,6553,-7948,1,0,1
737185,65535,255,3356,-7948,0,0,0
737186,0,0,0,0,0,0,0
737187,622,0,2861,-7948,1,0,1
737188,676,2,5079,-7948,1,0,1
737189,827,0,6450,-7948,1,0,1
737190,1557,0,4127,-7948,1,0,1
737191,1195,2,1445,-7948,1,0,0
737192,1260,0,1876,-7948,1,0,1
737193,861,0,4458,-7948,1,0,0
737194,1062,0,6061,-7948,1,0,1
737195,65535,255,6203,-7948,0,0,0
737196,1177,0,2458,-7948,1,0,1
737197,947,2,795,-7948,1,0,1
737198,1047,2,3725,-7948,1,0,1
737199,679,2,5612,-7948,1,0,1
737200,745,2,6553,-7948,1,0,1
737201,65535,255,3355,-7948,0,0,0
737202,981,2,337,-7948,1,0,1
737203,1125,0,2866,-7948,1,0,1
737204,741,0,5082,-7948,1,0,1
737205,733,0,6453,-7948,1,0,1
737206,1072,0,4124,-7948,1,0,1
737207,65535,255,1434,-7948,0,0,0
737208,65535,255,1886,-7948,0,0,0
737209,1171,0,4464,-7948,1,0,1
737210,858,0,6067,-7948,1,0,1
737211,743,0,6201,-7948,1,0,0
737212,680,0,2448,-7948,1,0,1
737213,891,0,806,-7948,1,0,1
737214,1185,0,3732,-7948,1,0,0
737215,865,0,5617,-7948,1,0,1
737216,803,0,6550,-7948,1,0,0
737217,65535,255,3346,-7948,0,0,1
737218,1210,0,325,-7948,1,0,1
737219,829,2,2879,-7948,1,0,0
737220,697,0,5090,-7948,1,0,1
737221,646,0,6458,-7948,1,0,1
737222,490,0,4112,-7948,1,0,0
737223,65535,255,1422,-7948,0,0,0
737224,1130,0,1903,-7948,1,0,1
737225,981,0,4474,-7948,1,0,1
737226,957,0,6073,-7948,1,0,1
737227,1217,0,6198,-7948,1,0,1
737228,651,0,2433,-7948,1,0,1
737229,1443,0,823,-7948,1,0,1
737230,982,0,3744,-7948,1,0,1
737231,1279,2,5624,-7948,1,0,0
737232,712,2,6547,-7948,1,0,0
737233,914,0,3333,-7948,1,0,1
737234,65535,255,304,-7948,0,0,0
737235,889,0,2893,-7948,1,0,1
737236,65535,255,5101,-7948,0,0,0
737237,65535,255,6465,-7948,0,0,0
737238,870,0,4101,-7948,1,0,1
737239,553,0,1400,-7948,1,0,1
737240,1034,0,1919,-7948,1,0,1
737241,684,0,4485,-7948,1,0,1
737242,65535,255,6080,-7948,0,0,0
737243,65535,255,6192,-7948,0,0,0
737244,715,0,2418,-7948,1,0,0
737245,65535,255,841,-7948,0,0,0
737246,65535,255,3760,-7948,0,0,0
737247,804,0,5634,-7948,1,0,1
737248,65535,255,6540,-7948,0,0,0
737249,65535,255,3319,-7948,0,0,1
737250,1421,2,278,-7948,1,0,0
737251,742,0,2916,-7948,1,0,0
737252,711,0,5116,-7948,1,0,1
737253,65535,255,6473,-7948,0,0,0
737254,65535,255,4085,-7948,0,0,0
737255,1250,2,1377,-7948,1,0,1
737256,1221,0,1941,-7948,1,0,1
737257,897,0,4501,-7948,1,0,1
737258,999,0,6088,-7948,1,0,1
737259,65535,255,6181,-7948,0,0,0
737260,0,0,0,0,0,0,0
737261,521,0,862,-7948,1,0,0
737262,898,2,3768,-7948,1,0,0
737263,1087,0,5637,-7948,1,0,0
737264,65535,255,6536,-7948,0,0,0
737265,1108,0,3315,-7948,1,0,1
737266,1282,0,280,-7948,1,0,1
737267,65535,255,2912,-7948,0,0,0
737268,1021,0,5111,-7948,1,0,1
737269,877,0,6470,-7948,1,0,1
737270,1287,0,4093,-7948,1,0,1
737271,718,0,1395,-7948,1,0,1
737272,1243,0,1925,-7948,1,0,1
737273,427,0,4488,-7948,1,0,1
737274,213,2,6080,-7948,1,0,0
737275,484,0,6188,-7948,1,0,1
737276,1192,0,2418,-7948,1,0,1
737277,1266,0,842,-7948,1,0,0
737278,967,0,3753,-7948,1,0,1
737279,682,0,5627,-7948,1,0,1
737280,614,0,6541,-7948,1,0,0
737281,1503,2,3329,-7948,1,0,1
737282,1145,0,298,-7948,1,0,1
737283,941,0,2898,-7948,1,0,1
737284,1219,2,5099,-7948,1,0,1
737285,782,2,6463,-7948,1,0,1
737286,1257,2,4105,-7948,1,0,1
737287,358,2,1405,-7948,1,0,1
737288,1027,2,1908,-7948,1,0,1
737289,1122,2,4475,-7948,1,0,1
737290,781,0,6072,-7948,1,0,1
737291,729,2,6193,-7948,1,0,1
737292,745,0,2434,-7948,1,0,1
737293,831,2,818,-7948,1,0,0
737294,1122,0,3741,-7948,1,0,1
737295,1018,0,5620,-7948,1,0,1
737296,882,0,6545,-7948,1,0,0
737297,65535,255,3338,-7948,0,0,0
737298,521,0,310,-7948,1,0,0
737299,1098,0,2883,-7948,1,0,1
737300,1095,0,5091,-7948,1,0,1
737301,850,0,6457,-7948,1,0,1
737302,1397,0,4113,-7948,1,0,0
737303,1101,0,1422,-7948,1,0,1
737304,983,0,1894,-7948,1,0,1
737305,755,0,4468,-7948,1,0,1
737306,65535,255,6067,-7948,0,0,0
737307,65535,255,6197,-7948,0,0,1
737308,1135,0,2443,-7948,1,0,0
737309,1285,0,812,-7948,1,0,1
737310,65535,255,3732,-7948,0,0,1
737311,974,0,5615,-7948,1,0,1
737312,65535,255,6549,-7948,0,0,0
737313,515,2,3342,-7948,1,0,1
737314,1232,2,325,-7948,1,0,1
737315,647,0,2874,-7948,1,0,1
737316,827,2,5088,-7948,1,0,1
737317,768,0,6455,-7948,1,0,1
737318,925,0,4116,-7948,1,0,0
737319,946,2,1428,-7948,1,0,1
737320,803,0,1887,-7948,1,0,1
737321,1091,0,4464,-7948,1,0,1
737322,65535,255,6065,-7948,0,0,1
737323,921,0,6199,-7948,1,0,1
737324,958,0,2448,-7948,1,0,0
737325,1245,0,806,-7948,1,0,1
737326,1192,0,3731,-7948,1,0,0
737327,966,0,5614,-7948,1,0,0
737328,1122,0,6550,-7948,1,0,1
737329,610,0,3347,-7948,1,0,1
737330,868,0,342,-7948,1,0,1
737331,697,0,2856,-7948,1,0,1
737332,908,0,5077,-7948,1,0,1
737333,65535,255,6448,-7948,0,0,0
737334,65535,255,4134,-7948,0,0,0
737335,966,0,1456,-7948,1,0,0
737336,1061,0,1864,-7948,1,0,1
737337,378,2,4448,-7948,1,0,1
737338,741,0,6055,-7948,1,0,1
737339,348,2,6213,-7948,1,0,1
737340,65535,255,2478,-7948,0,0,1
737341,1371,2,771,-7948,1,0,0
737342,65535,255,3708,-7948,0,0,0
737343,817,2,5601,-7948,1,0,1
737344,65535,255,6561,-7948,0,0,0
737345,1255,0,3376,-7948,1,0,1
737346,629,0,361,-7948,1,0,1
737347,1162,2,2842,-7948,1,0,1
737348,1096,0,5068,-7948,1,0,1
737349,65535,255,6443,-7948,0,0,0
737350,65535,255,4149,-7948,0,0,0
737351,955,0,1473,-7948,1,0,1
737352,65535,255,1847,-7948,0,0,0
737353,743,0,4440,-7948,1,0,1
737354,693,0,6052,-7948,1,0,1
737355,627,0,6216,-7948,1,0,1
737356,65535,255,2492,-7948,0,0,0
737357,65535,255,759,-7948,0,0,0
737358,65535,255,3700,-7948,0,0,0
737359,1378,0,5593,-7948,1,0,1
737360,1014,0,6567,-7948,1,0,1
737361,809,0,3384,-7948,1,0,1
737362,655,0,378,-7948,1,0,1
737363,1237,0,2831,-7948,1,0,1
737364,727,0,5059,-7948,1,0,1
737365,1014,0,6439,-7948,1,0,1
737366,1295,0,4159,-7948,1,0,1
737367,1350,0,1490,-7948,1,0,1
737368,65535,255,1831,-7948,0,0,0
737369,65535,255,4427,-7948,0,0,0
737370,445,2,6042,-7948,1,0,0
737371,1099,2,6224,-7948,1,0,1
737372,1238,0,2513,-7948,1,0,1
737373,1236,0,737,-7948,1,0,1
737374,1205,0,3680,-7948,1,0,1
737375,581,2,5586,-7948,1,0,1
737376,1281,0,6573,-7948,1,0,1
737377,777,0,3405,-7948,1,0,1
737378,590,0,403,-7948,1,0,0
737379,65535,255,2809,-7948,0,0,0
737380,629,0,5050,-7948,1,0,1
737381,1095,0,6430,-7948,1,0,1
737382,65535,255,4170,-7948,0,0,0
737383,767,0,1506,-7948,1,0,1
737384,65535,255,1811,-7948,0,0,0
737385,65535,255,4417,-7948,0,0,0
737386,65535,255,6036,-7948,0,0,0
737387,65535,255,6231,-7948,0,0,0
737388,995,0,2527,-7948,1,0,1
737389,962,0,714,-7948,1,0,1
737390,65535,255,3668,-7948,0,0,0
737391,1019,0,5578,-7948,1,0,1
737392,750,0,6577,-7948,1,0,1
737393,1281,0,3418,-7948,1,0,1
737394,939,0,418,-7948,1,0,1
737395,65535,255,2794,-7948,0,0,0
737396,1133,0,5038,-7948,1,0,1
737397,65535,255,6425,-7948,0,0,0
737398,65535,255,4181,-7948,0,0,0
737399,65535,255,1522,-7948,0,0,0
737400,65535,255,1798,-7948,0,0,0
737401,65535,255,4407,-7948,0,0,0
737402,65535,255,6030,-7948,0,0,0
737403,65535,255,6233,-7948,0,0,0
737404,920,2,2532,-7948,1,0,1
737405,1036,2,707,-7948,1,0,1
737406,65535,255,3661,-7948,0,0,0
737407,782,0,5571,-7948,1,0,1
737408,976,0,6579,-7948,1,0,1
737409,65535,255,3423,-7948,0,0,0
737410,627,0,424,-7948,1,0,1
737411,464,0,2790,-7948,1,0,0
737412,1069,0,5035,-7948,1,0,1
737413,65535,255,6423,-7948,0,0,0
737414,65535,255,4185,-7948,0,0,0
737415,1006,0,1523,-7948,1,0,1
737416,65535,255,1792,-7948,0,0,0
737417,1121,0,4404,-7948,1,0,1
737418,833,0,6028,-7948,1,0,1
737419,704,0,6235,-7948,1,0,1
737420,65535,255,2533,-7948,0,0,0
737421,65535,255,701,-7948,0,0,0
737422,65535,255,3657,-7948,0,0,0
737423,65535,255,5569,-7948,0,0,0
737424,65535,255,6580,-7948,0,0,0
737425,805,0,3423,-7948,1,0,1
737426,65535,255,425,-7948,0,0,0
737427,65535,255,2785,-7948,0,0,0
737428,1022,0,5032,-7948,1,0,1
737429,65535,255,6422,-7948,0,0,0
737430,65535,255,4185,-7948,0,0,0
737431,65535,255,1523,-7948,0,0,0
737432,1023,2,1793,-7948,1,0,0
737433,65535,255,4404,-7948,0,0,0
737434,65535,255,6027,-7948,0,0,0
737435,821,2,6233,-7948,1,0,1
737436,65535,255,2532,-7948,0,0,0
737437,632,0,707,-7948,1,0,1
737438,65535,255,3660,-7948,0,0,0
737439,1071,2,5572,-7948,1,0,1
737440,778,2,6578,-7948,1,0,1
737441,65535,255,3423,-7948,0,0,0
737442,1472,0,423,-7948,1,0,1
737443,1092,0,2795,-7948,1,0,1
737444,865,0,5039,-7948,1,0,1
737445,795,0,6423,-7948,1,0,1
737446,65535,255,4181,-7948,0,0,0
737447,1040,0,1523,-7948,1,0,1
737448,1567,0,1798,-7948,1,0,0
737449,1245,0,4407,-7948,1,0,1
737450,1154,0,6030,-7948,1,0,1
737451,592,0,6231,-7948,1,0,1
737452,65535,255,2527,-7948,0,0,0
737453,65535,255,713,-7948,0,0,0
737454,65535,255,3665,-7948,0,0,0
737455,1181,2,5576,-7948,1,0,1
737456,549,2,6576,-7948,1,0,1
737457,640,0,3410,-7948,1,0,1
737458,1257,0,414,-7948,1,0,1
737459,1248,2,2799,-7948,1,0,0
737460,914,0,5044,-7948,1,0,1
737461,65535,255,6428,-7948,0,0,0
737462,65535,255,4170,-7948,0,0,0
737463,758,0,1506,-7948,1,0,1
737464,65535,255,1814,-7948,0,0,0
737465,65535,255,4417,-7948,0,0,0
737466,838,2,6036,-7948,1,0,1
737467,65535,255,6227,-7948,0,0,0
737468,697,0,2512,-7948,1,0,1
737469,65535,255,730,-7948,0,0,0
737470,65535,255,3676,-7948,0,0,0
737471,65535,255,5583,-7948,0,0,0
737472,65535,255,6574,-7948,0,0,0
737473,910,0,3402,-7948,1,0,1
737474,1225,0,401,-7948,1,0,1
737475,828,0,2818,-7948,1,0,1
737476,1338,0,5053,-7948,1,0,1
737477,1098,0,6436,-7948,1,0,1
737478,804,0,4159,-7948,1,0,1
737479,766,0,1490,-7948,1,0,1
737480,777,0,1831,-7948,1,0,1
737481,806,0,4431,-7948,1,0,1
737482,228,0,6045,-7948,1,0,0
737483,65535,255,6222,-7948,0,0,0
737484,65535,255,2497,-7948,0,0,0
737485,65535,255,749,-7948,0,0,0
737486,704,2,3696,-7948,1,0,1
737487,65535,255,5593,-7948,0,0,0
737488,65535,255,6568,-7948,0,0,0
737489,600,0,3385,-7948,1,0,1
737490,710,0,371,-7948,1,0,0
737491,991,2,2837,-7948,1,0,0
737492,894,0,5068,-7948,1,0,1
737493,1046,0,6444,-7948,1,0,1
737494,1396,0,4147,-7948,1,0,1
737495,1313,0,1468,-7948,1,0,1
737496,65535,255,1859,-7948,0,0,0
737497,888,0,4447,-7948,1,0,1
737498,65535,255,6056,-7948,0,0,0
737499,65535,255,6214,-7948,0,0,0
737500,838,0,2478,-7948,1,0,0
737501,1194,0,784,-7948,1,0,1
737502,818,0,3716,-7948,1,0,1
737503,999,0,5606,-7948,1,0,1
737504,1021,0,6559,-7948,1,0,1
737505,65535,255,3363,-7948,0,0,0
737506,65535,255,343,-7948,0,0,0
737507,65535,255,2860,-7948,0,0,0
737508,65535,255,5082,-7948,0,0,0
737509,65535,255,6452,-7948,0,0,0
737510,65535,255,4127,-7948,0,0,0
737511,793,0,1440,-7948,1,0,0
737512,65535,255,1886,-7948,0,0,0
737513,527,2,4464,-7948,1,0,0
737514,65535,255,6069,-7948,0,0,0
737515,557,2,6201,-7948,1,0,0
737516,65535,255,2443,-7948,0,0,0
737517,752,0,812,-7948,1,0,1
737518,65535,255,3740,-7948,0,0,0
737519,65535,255,5619,-7948,0,0,0
737520,686,2,6549,-7948,1,0,1
737521,1205,2,3338,-7948,1,0,1
737522,1348,0,309,-7948,1,0,1
737523,633,0,2893,-7948,1,0,1
737524,1273,0,5099,-7948,1,0,1
737525,1081,2,6464,-7948,1,0,1
737526,502,2,4104,-7948,1,0,1
737527,1199,0,1411,-7948,1,0,1
737528,65535,255,1908,-7948,0,0,0
737529,646,0,4475,-7948,1,0,1
737530,0,0,0,0,0,0,0
737531,300,0,6196,-7948,1,0,1
737532,759,0,2438,-7948,1,0,1
737533,1102,0,818,-7948,1,0,1
737534,1128,0,3737,-7948,1,0,1
737535,1208,0,5617,-7948,1,0,1
737536,546,0,6549,-7948,1,0,1
737537,65535,255,3342,-7948,0,0,0
737538,1064,0,325,-7948,1,0,1
737539,714,0,2875,-7948,1,0,1
737540,690,0,5085,-7948,1,0,1
737541,65535,255,6454,-7948,0,0,0
737542,971,0,4120,-7948,1,0,1
737543,1102,2,1439,-7948,1,0,1
737544,65535,255,1881,-7948,0,0,0
737545,627,0,4461,-7948,1,0,1
737546,65535,255,6061,-7948,0,0,0
737547,65535,255,6205,-7948,0,0,0
737548,748,0,2458,-7948,1,0,1
737549,65535,255,795,-7948,0,0,0
737550,65535,255,3720,-7948,0,0,0
737551,218,2,5606,-7948,1,0,0
737552,65535,255,6555,-7948,0,0,0
737553,65535,255,3364,-7948,0,0,0
737554,736,2,348,-7948,1,0,0
737555,982,0,2851,-7948,1,0,1
737556,1197,0,5074,-7948,1,0,1
737557,1218,0,6447,-7948,1,0,1
737558,594,0,4134,-7948,1,0,1
737559,1159,0,1457,-7948,1,0,1
737560,1115,0,1859,-7948,1,0,1
737561,1192,0,4444,-7948,1,0,1
737562,823,0,6054,-7948,1,0,0
737563,557,0,6209,-7948,1,0,1
737564,896,0,2478,-7948,1,0,1
737565,955,0,772,-7948,1,0,1
737566,65535,255,3705,-7948,0,0,0
737567,492,0,5599,-7948,1,0,1
737568,65535,255,6560,-7948,0,0,0
737569,1036,0,3376,-7948,1,0,1
737570,1150,0,365,-7948,1,0,1
737571,1014,0,2837,-7948,1,0,1
737572,404,2,5066,-7948,1,0,0
737573,735,0,6441,-7948,1,0,1
737574,682,0,4145,-7948,1,0,1
737575,568,0,1473,-7948,1,0,1
737576,1020,0,1848,-7948,1,0,1
737577,1099,0,4438,-7948,1,0,1
737578,65535,255,6048,-7948,0,0,0
737579,564,0,6215,-7948,1,0,1
737580,602,0,2487,-7948,1,0,1
737581,65535,255,759,-7948,0,0,0
737582,805,2,3697,-7948,1,0,1
737583,802,2,5594,-7948,1,0,1
737584,65535,255,6565,-7948,0,0,1
737585,1241,0,3385,-7948,1,0,1
737586,1124,0,376,-7948,1,0,1
737587,707,0,2832,-7948,1,0,1
737588,567,0,5062,-7948,1,0,1
737589,758,0,6438,-7948,1,0,1
737590,644,0,4152,-7948,1,0,0
737591,699,0,1479,-7948,1,0,1
737592,65535,255,1842,-7948,0,0,0
737593,720,0,4434,-7948,1,0,1
737594,766,0,6045,-7948,1,0,1
737595,562,0,6217,-7948,1,0,1
737596,805,0,2495,-7948,1,0,1
737597,1216,0,748,-7948,1,0,1
737598,1092,0,3692,-7948,1,0,1
737599,65535,255,5591,-7948,0,0,0
737600,753,0,6569,-7948,1,0,1
737601,1281,0,3393,-7948,1,0,1
737602,1194,0,385,-7948,1,0,1
737603,65535,255,2828,-7948,0,0,0
737604,370,2,5056,-7948,1,0,0
737605,65535,255,6438,-7948,0,0,0
737606,742,2,4156,-7948,1,0,0
737607,634,0,1484,-7948,1,0,1
737608,1029,0,1831,-7948,1,0,1
737609,594,0,4434,-7948,1,0,1
737610,1195,0,6045,-7948,1,0,1
737611,1311,2,6223,-7948,1,0,1
737612,1050,2,2502,-7948,1,0,1
737613,869,2,743,-7948,1,0,0
737614,874,0,3688,-7948,1,0,1
737615,838,2,5588,-7948,1,0,0
737616,638,2,6570,-7948,1,0,1
737617,669,2,3393,-7948,1,0,1
737618,843,0,383,-7948,1,0,1
737619,545,0,2823,-7948,1,0,1
737620,1303,0,5059,-7948,1,0,1
737621,1098,0,6438,-7948,1,0,1
737622,632,0,4159,-7948,1,0,1
737623,1451,0,1489,-7948,1,0,1
737624,380,0,1837,-7948,1,0,1
737625,712,0,4431,-7948,1,0,1
737626,209,2,6045,-7948,1,0,0
737627,1424,0,6222,-7948,1,0,1
737628,1266,0,2502,-7948,1,0,1
737629,861,0,748,-7948,1,0,1
737630,866,0,3693,-7948,1,0,1
737631,1141,0,5589,-7948,1,0,1
737632,595,0,6569,-7948,1,0,1
737633,541,0,3392,-7948,1,0,1
737634,1320,0,384,-7948,1,0,1
737635,500,0,2828,-7948,1,0,1
737636,1027,2,5058,-7948,1,0,0
737637,702,2,6439,-7948,1,0,0
737638,384,2,4159,-7948,1,0,0
737639,823,0,1484,-7948,1,0,1
737640,1081,2,1837,-7948,1,0,1
737641,1001,2,4431,-7948,1,0,1
737642,1094,0,6046,-7948,1,0,1
737643,573,0,6221,-7948,1,0,1
737644,804,2,2497,-7948,1,0,0
737645,821,2,749,-7948,1,0,1
737646,819,2,3693,-7948,1,0,1
737647,694,0,5589,-7948,1,0,1
737648,786,2,6568,-7948,1,0,0
737649,908,0,3388,-7948,1,0,1
737650,930,0,376,-7948,1,0,1
737651,885,0,2828,-7948,1,0,1
737652,838,0,5060,-7948,1,0,1
737653,781,0,6439,-7948,1,0,1
737654,251,0,4151,-7948,1,0,1
737655,1181,0,1478,-7948,1,0,1
737656,1045,0,1842,-7948,1,0,1
737657,1307,0,4435,-7948,1,0,1
737658,690,0,6048,-7948,1,0,1
737659,1129,0,6218,-7948,1,0,1
737660,991,0,2492,-7948,1,0,0
737661,604,0,755,-7948,1,0,1
737662,624,0,3697,-7948,1,0,1
737663,684,0,5595,-7948,1,0,1
737664,976,0,6565,-7948,1,0,1
737665,986,2,3384,-7948,1,0,1
737666,1301,2,370,-7948,1,0,1
737667,707,0,2837,-7948,1,0,1
737668,534,2,5066,-7948,1,0,1
737669,671,0,6441,-7948,1,0,1
737670,1334,2,4144,-7948,1,0,0
737671,988,2,1467,-7948,1,0,1
737672,65535,255,1854,-7948,0,0,0
737673,602,0,4442,-7948,1,0,1
737674,894,2,6051,-7948,1,0,1
737675,664,2,6212,-7948,1,0,1
737676,1007,2,2482,-7948,1,0,1
737677,995,0,773,-7948,1,0,1
737678,1184,0,3705,-7948,1,0,0
737679,520,0,5601,-7948,1,0,0
737680,797,0,6559,-7948,1,0,1
737681,785,0,3371,-7948,1,0,1
737682,1419,0,355,-7948,1,0,1
737683,546,0,2852,-7948,1,0,1
737684,826,0,5072,-7948,1,0,1
737685,624,0,6446,-7948,1,0,1
737686,722,0,4133,-7948,1,0,0
737687,506,0,1450,-7948,1,0,1
737688,886,0,1871,-7948,1,0,1
737689,640,0,4452,-7948,1,0,0
737690,838,0,6057,-7948,1,0,1
737691,471,0,6206,-7948,1,0,1
737692,1291,0,2462,-7948,1,0,1
737693,1028,0,789,-7948,1,0,1
737694,1260,0,3710,-7948,1,0,1
737695,1139,2,5600,-7948,1,0,1
737696,859,2,6561,-7948,1,0,1
737697,691,2,3371,-7948,1,0,0
737698,1264,0,366,-7948,1,0,1
737699,1329,0,2843,-7948,1,0,0
737700,965,2,5069,-7948,1,0,1
737701,703,0,6442,-7948,1,0,1
737702,1204,0,4144,-7948,1,0,1
737703,990,0,1472,-7948,1,0,1
737704,1035,0,1849,-7948,1,0,1
737705,694,0,4442,-7948,1,0,1
737706,529,0,6051,-7948,1,0,1
737707,65535,255,6216,-7948,0,0,0
737708,600,0,2487,-7948,1,0,1
737709,1028,0,761,-7948,1,0,0
737710,65535,255,3702,-7948,0,0,0
737711,628,0,5595,-7948,1,0,1
737712,420,0,6564,-7948,1,0,1
737713,1029,0,3384,-7948,1,0,0
737714,821,0,378,-7948,1,0,0
737715,65535,255,2833,-7948,0,0,0
737716,663,0,5063,-7948,1,0,1
737717,759,0,6441,-7948,1,0,1
737718,662,0,4152,-7948,1,0,1
737719,940,0,1479,-7948,1,0,1
737720,65535,255,1840,-7948,0,0,0
737721,65535,255,4434,-7948,0,0,0
737722,853,0,6047,-7948,1,0,1
737723,417,2,6219,-7948,1,0,1
737724,65535,255,2497,-7948,0,0,0
737725,727,2,748,-7948,1,0,1
737726,602,2,3692,-7948,1,0,0
737727,1000,0,5591,-7948,1,0,1
737728,1219,2,6568,-7948,1,0,1
737729,819,0,3389,-7948,1,0,1
737730,639,0,378,-7948,1,0,1
737731,617,0,2827,-7948,1,0,1
737732,1309,0,5059,-7948,1,0,1
737733,897,0,6440,-7948,1,0,1
737734,1090,0,4155,-7948,1,0,1
737735,785,0,1484,-7948,1,0,1
737736,972,0,1836,-7948,1,0,1
737737,1185,0,4434,-7948,1,0,1
737738,504,0,6047,-7948,1,0,1
737739,838,0,6220,-7948,1,0,1
737740,1176,0,2497,-7948,1,0,1
737741,65535,255,754,-7948,0,0,0
737742,926,0,3692,-7948,1,0,1
737743,802,0,5593,-7948,1,0,1
737744,985,0,6568,-7948,1,0,1
737745,1312,0,3389,-7948,1,0,1
737746,1432,0,377,-7948,1,0,1
737747,821,0,2832,-7948,1,0,1
737748,726,0,5064,-7948,1,0,1
737749,1336,0,6440,-7948,1,0,1
737750,65535,255,4152,-7948,0,0,0
737751,797,0,1474,-7948,1,0,1
737752,1166,0,1848,-7948,1,0,1
737753,1396,0,4437,-7948,1,0,1
737754,1070,0,6050,-7948,1,0,1
737755,580,0,6216,-7948,1,0,1
737756,840,0,2487,-7948,1,0,1
737757,987,0,759,-7948,1,0,1
737758,1136,0,3700,-7948,1,0,1
737759,683,0,5599,-7948,1,0,1
737760,866,0,6564,-7948,1,0,1
737761,1302,2,3380,-7948,1,0,0
737762,1202,2,366,-7948,1,0,1
737763,508,2,2841,-7948,1,0,0
737764,931,2,5068,-7948,1,0,1
737765,682,0,6444,-7948,1,0,1
737766,65535,255,4144,-7948,0,0,0
737767,65535,255,1462,-7948,0,0,0
737768,65535,255,1859,-7948,0,0,0
737769,643,0,4447,-7948,1,0,1
737770,65535,255,6054,-7948,0,0,0
737771,65535,255,6212,-7948,0,0,0
737772,65535,255,2478,-7948,0,0,0
737773,65535,255,777,-7948,0,0,0
737774,65535,255,3712,-7948,0,0,0
737775,1140,0,5604,-7948,1,0,1
737776,841,0,6560,-7948,1,0,1
737777,775,0,3367,-7948,1,0,1
737778,1139,0,348,-7948,1,0,1
737779,900,0,2856,-7948,1,0,1
737780,681,0,5079,-7948,1,0,1
737781,955,0,6450,-7948,1,0,1
737782,1028,0,4130,-7948,1,0,1
737783,65535,255,1445,-7948,0,0,0
737784,65535,255,1875,-7948,0,0,0
737785,65535,255,4458,-7948,0,0,0
737786,65535,255,6061,-7948,0,0,0
737787,65535,255,6205,-7948,0,0,0
737788,1304,0,2454,-7948,1,0,1
737789,925,2,800,-7948,1,0,1
737790,625,0,3728,-7948,1,0,1
737791,0,0,0,0,0,0,0
737792,65535,255,6552,-7948,0,0,0
737793,65535,255,3347,-7948,0,0,0
737794,65535,255,326,-7948,0,0,0
737795,953,0,2875,-7948,1,0,1
737796,1254,0,5089,-7948,1,0,1
737797,65535,255,6458,-7948,0,0,0
737798,65535,255,4112,-7948,0,0,0
737799,65535,255,1417,-7948,0,0,0
737800,798,0,1903,-7948,1,0,1
737801,538,0,4475,-7948,1,0,0
737802,770,0,6072,-7948,1,0,1
737803,552,0,6195,-7948,1,0,1
737804,65535,255,2434,-7948,0,0,0
737805,65535,255,829,-7948,0,0,0
737806,65535,255,3748,-7948,0,0,0
737807,181,2,5625,-7948,1,0,0
737808,214,2,6543,-7948,1,0,0
737809,65535,255,3324,-7948,0,0,0
737810,776,2,297,-7948,1,0,1
737811,65535,255,2903,-7948,0,0,0
737812,65535,255,5105,-7948,0,0,0
737813,65535,255,6467,-7948,0,0,0
737814,1451,2,4097,-7948,1,0,1
737815,1256,0,1400,-7948,1,0,1
737816,1139,0,1914,-7948,1,0,1
737817,65535,255,4482,-7948,0,0,0
737818,1112,0,6076,-7948,1,0,1
737819,883,2,6191,-7948,1,0,1
737820,915,2,2428,-7948,1,0,0
737821,900,0,830,-7948,1,0,1
737822,65535,255,3745,-7948,0,0,0
737823,671,0,5622,-7948,1,0,0
737824,1182,2,6546,-7948,1,0,1
737825,1107,0,3337,-7948,1,0,1
737826,1032,0,311,-7948,1,0,1
737827,65535,255,2884,-7948,0,0,0
737828,65535,255,5091,-7948,0,0,0
737829,65535,255,6459,-7948,0,0,0
737830,65535,255,4112,-7948,0,0,0
737831,1075,0,1423,-7948,1,0,1
737832,65535,255,1892,-7948,0,0,0
737833,701,0,4468,-7948,1,0,1
737834,871,0,6067,-7948,1,0,1
737835,841,0,6201,-7948,1,0,1
737836,65535,255,2448,-7948,0,0,0
737837,745,0,806,-7948,1,0,1
737838,752,0,3733,-7948,1,0,1
737839,65535,255,5614,-7948,0,0,0
737840,65535,255,6552,-7948,0,0,0
737841,733,0,3351,-7948,1,0,1
737842,65535,255,330,-7948,0,0,0
737843,65535,255,2865,-7948,0,0,0
737844,1033,0,5082,-7948,1,0,1
737845,616,2,6451,-7948,1,0,1
737846,1233,0,4130,-7948,1,0,1
737847,1059,0,1445,-7948,1,0,1
737848,65535,255,1875,-7948,0,0,0
737849,795,0,4458,-7948,1,0,1
737850,65535,255,6060,-7948,0,0,0
737851,65535,255,6207,-7948,0,0,0
737852,813,0,2463,-7948,1,0,1
737853,878,0,788,-7948,1,0,1
737854,1494,0,3721,-7948,1,0,1
737855,65535,255,5607,-7948,0,0,0
737856,65535,255,6558,-7948,0,0,0
737857,885,0,3363,-7948,1,0,1
737858,1176,0,348,-7948,1,0,1
737859,764,0,2851,-7948,1,0,1
737860,65535,255,5076,-7948,0,0,0
737861,65535,255,6449,-7948,0,0,0
737862,65535,255,4134,-7948,0,0,0
737863,359,0,1456,-7948,1,0,1
737864,775,0,1865,-7948,1,0,1
737865,929,0,4451,-7948,1,0,1
737866,129,0,6056,-7948,1,0,0
737867,264,0,6212,-7948,1,0,0
737868,65535,255,2473,-7948,0,0,0
737869,65535,255,778,-7948,0,0,0
737870,65535,255,3708,-7948,0,0,0
737871,1031,2,5604,-7948,1,0,1
737872,860,2,6559,-7948,1,0,1
737873,637,0,3372,-7948,1,0,1
737874,650,0,359,-7948,1,0,0
737875,938,0,2846,-7948,1,0,1
737876,65535,255,5073,-7948,0,0,0
737877,216,2,6446,-7948,1,0,1
737878,1284,0,4141,-7948,1,0,1
737879,65535,255,1462,-7948,0,0,0
737880,65535,255,1862,-7948,0,0,0
737881,930,0,4448,-7948,1,0,1
737882,848,0,6056,-7948,1,0,1
737883,335,2,6212,-7948,1,0,0
737884,1093,0,2477,-7948,1,0,1
737885,65535,255,771,-7948,0,0,0
737886,65535,255,3709,-7948,0,0,0
737887,512,0,5601,-7948,1,0,1
737888,65535,255,6561,-7948,0,0,0
737889,816,0,3372,-7948,1,0,1
737890,547,0,359,-7948,1,0,0
737891,1198,0,2847,-7948,1,0,1
737892,657,0,5071,-7948,1,0,1
737893,962,0,6446,-7948,1,0,1
737894,589,0,4141,-7948,1,0,0
737895,65535,255,1462,-7948,0,0,0
737896,983,0,1860,-7948,1,0,1
737897,699,2,4447,-7948,1,0,1
737898,65535,255,6055,-7948,0,0,0
737899,575,0,6212,-7948,1,0,1
737900,551,2,2477,-7948,1,0,1
737901,65535,255,771,-7948,0,0,0
737902,1036,0,3709,-7948,1,0,1
737903,943,0,5603,-7948,1,0,1
737904,1236,0,6559,-7948,1,0,1
737905,1304,2,3368,-7948,1,0,1
737906,855,0,355,-7948,1,0,1
737907,1454,0,2852,-7948,1,0,1
737908,1303,0,5074,-7948,1,0,1
737909,65535,255,6448,-7948,0,0,0
737910,1307,2,4134,-7948,1,0,1
737911,887,0,1451,-7948,1,0,1
737912,585,0,1870,-7948,1,0,1
737913,1088,0,4451,-7948,1,0,1
737914,1252,0,6057,-7948,1,0,1
737915,1137,0,6208,-7948,1,0,1
737916,65535,255,2468,-7948,0,0,0
737917,619,0,789,-7948,1,0,1
737918,1024,0,3719,-7948,1,0,1
737919,65535,255,5607,-7948,0,0,0
737920,65535,255,6556,-7948,0,0,0
737921,1108,0,3363,-7948,1,0,1
737922,993,0,342,-7948,1,0,1
737923,612,0,2861,-7948,1,0,1
737924,65535,255,5077,-7948,0,0,0
737925,65535,255,6450,-7948,0,0,0
737926,65535,255,4127,-7948,0,0,0
737927,1145,2,1440,-7948,1,0,1
737928,788,2,1875,-7948,1,0,1
737929,969,2,4458,-7948,1,0,1
737930,629,2,6063,-7948,1,0,1
737931,751,2,6203,-7948,1,0,1
737932,1071,2,2453,-7948,1,0,1
737933,731,2,800,-7948,1,0,1
737934,999,2,3729,-7948,1,0,0
737935,1173,2,5612,-7948,1,0,1
737936,1141,0,6551,-7948,1,0,1
737937,1205,2,3347,-7948,1,0,0
737938,65535,255,326,-7948,0,0,0
737939,676,2,2875,-7948,1,0,0
737940,1149,2,5088,-7948,1,0,1
737941,634,0,6456,-7948,1,0,1
737942,624,2,4116,-7948,1,0,1
737943,724,0,1422,-7948,1,0,1
737944,558,0,1898,-7948,1,0,1
737945,759,0,4472,-7948,1,0,1
737946,904,0,6071,-7948,1,0,1
737947,689,0,6196,-7948,1,0,1
737948,1295,0,2438,-7948,1,0,0
737949,1080,0,824,-7948,1,0,1
737950,720,0,3745,-7948,1,0,1
737951,65535,255,5622,-7948,0,0,0
737952,65535,255,6546,-7948,0,0,0
737953,65535,255,3333,-7948,0,0,0
737954,1144,0,304,-7948,1,0,1
737955,1047,0,2893,-7948,1,0,0
737956,1171,2,5100,-7948,1,0,1
737957,65535,255,6465,-7948,0,0,0
737958,850,0,4101,-7948,1,0,1
737959,882,0,1400,-7948,1,0,1
737960,723,0,1920,-7948,1,0,1
737961,970,2,4485,-7948,1,0,0
737962,913,0,6080,-7948,1,0,1
737963,776,2,6188,-7948,1,0,1
737964,1065,2,2414,-7948,1,0,0
737965,1264,2,847,-7948,1,0,1
737966,1136,0,3760,-7948,1,0,1
737967,65535,255,5632,-7948,0,0,0
737968,1034,2,6538,-7948,1,0,0
737969,1037,0,3319,-7948,1,0,1
737970,65535,255,289,-7948,0,0,0
737971,1078,0,2903,-7948,1,0,0
737972,905,0,5106,-7948,1,0,0
737973,65535,255,6468,-7948,0,0,0
737974,802,0,4096,-7948,1,0,1
737975,832,0,1400,-7948,1,0,1
737976,1257,0,1919,-7948,1,0,1
737977,65535,255,4485,-7948,0,0,0
737978,646,0,6078,-7948,1,0,0
737979,338,0,6192,-7948,1,0,1
737980,898,0,2428,-7948,1,0,1
737981,750,0,829,-7948,1,0,1
737982,65535,255,3749,-7948,0,0,1
737983,1213,0,5625,-7948,1,0,1
737984,65535,255,6545,-7948,0,0,0
737985,902,0,3332,-7948,1,0,1
737986,1252,0,308,-7948,1,0,1
737987,65535,255,2889,-7948,0,0,0
737988,1232,2,5097,-7948,1,0,1
737989,1010,0,6462,-7948,1,0,0
737990,65535,255,4111,-7948,0,0,0
737991,1138,2,1416,-7948,1,0,0
737992,688,0,1903,-7948,1,0,0
737993,890,2,4475,-7948,1,0,1
737994,937,2,6072,-7948,1,0,1
737995,630,2,6197,-7948,1,0,1
737996,860,0,2438,-7948,1,0,1
737997,1001,0,819,-7948,1,0,1
737998,65535,255,3737,-7948,0,0,1
737999,421,0,5620,-7948,1,0,1
738000,476,0,6549,-7948,1,0,1
738001,888,0,3345,-7948,1,0,1
738002,65535,255,318,-7948,0,0,0
738003,922,0,2876,-7948,1,0,0
738004,65535,255,5091,-7948,0,0,0
738005,1051,0,6458,-7948,1,0,1
738006,718,0,4119,-7948,1,0,1
738007,1164,0,1427,-7948,1,0,1
738008,832,0,1892,-7948,1,0,1
738009,1064,0,4467,-7948,1,0,1
738010,65535,255,6067,-7948,0,0,0
738011,65535,255,6201,-7948,0,0,0
738012,65535,255,2452,-7948,0,0,1
738013,938,0,807,-7948,1,0,1
738014,908,0,3729,-7948,1,0,1
738015,888,0,5615,-7948,1,0,1
738016,829,0,6552,-7948,1,0,0
738017,454,0,3350,-7948,1,0,0
738018,670,2,325,-7948,1,0,0
738019,852,0,2871,-7948,1,0,1
738020,622,0,5086,-7948,1,0,1
738021,949,2,6455,-7948,1,0,1
738022,999,0,4122,-7948,1,0,1
738023,870,2,1433,-7948,1,0,0
738024,899,0,1882,-7948,1,0,1
738025,65535,255,4462,-7948,0,0,0
738026,778,0,6064,-7948,1,0,1
738027,456,0,6202,-7948,1,0,1
738028,975,0,2457,-7948,1,0,1
738029,471,2,801,-7948,1,0,0
738030,712,0,3725,-7948,1,0,1
738031,65535,255,5613,-7948,0,0,0
738032,548,0,6552,-7948,1,0,1
738033,506,0,3354,-7948,1,0,1
738034,65535,255,331,-7948,0,0,0
738035,959,0,2866,-7948,1,0,1
738036,794,0,5081,-7948,1,0,1
738037,65535,255,6453,-7948,0,0,0
738038,65535,255,4126,-7948,0,0,0
738039,65535,255,1438,-7948,0,0,1
738040,899,0,1878,-7948,1,0,1
738041,669,0,4459,-7948,1,0,1
738042,630,0,6062,-7948,1,0,0
738043,612,0,6204,-7948,1,0,0
738044,65535,255,2457,-7948,0,0,0
738045,941,0,796,-7948,1,0,1
738046,881,0,3726,-7948,1,0,0
738047,704,0,5611,-7948,1,0,1
738048,893,0,6554,-7948,1,0,1
738049,65535,255,3354,-7948,0,0,0
738050,842,0,332,-7948,1,0,1
738051,65535,255,2867,-7948,0,0,0
738052,65535,255,5081,-7948,0,0,0
738053,702,0,6452,-7948,1,0,1
738054,65535,255,4122,-7948,0,0,0
738055,1038,0,1438,-7948,1,0,1
738056,1067,2,1882,-7948,1,0,1
738057,830,2,4460,-7948,1,0,1
738058,1190,2,6058,-7948,1,0,1
738059,1228,0,6208,-7948,1,0,1
738060,1189,2,2471,-7948,1,0,1
738061,497,0,784,-7948,1,0,1
738062,819,0,3714,-7948,1,0,1
738063,821,0,5603,-7948,1,0,1
738064,845,0,6559,-7948,1,0,1
738065,1226,0,3367,-7948,1,0,1
738066,1276,0,352,-7948,1,0,1
738067,872,0,2848,-7948,1,0,1
738068,1062,0,5072,-7948,1,0,1
738069,1037,0,6446,-7948,1,0,1
738070,1063,0,4136,-7948,1,0,1
738071,1067,0,1461,-7948,1,0,1
738072,1117,0,1860,-7948,1,0,1
738073,656,0,4446,-7948,1,0,1
738074,652,0,6055,-7948,1,0,1
738075,239,0,6211,-7948,1,0,0
738076,699,0,2477,-7948,1,0,0
738077,1081,0,772,-7948,1,0,1
738078,767,2,3710,-7948,1,0,1
738079,972,2,5600,-7948,1,0,1
738080,826,2,6560,-7948,1,0,0
738081,1347,0,3371,-7948,1,0,1
738082,588,2,353,-7948,1,0,0
738083,571,0,2848,-7948,1,0,1
738084,981,2,5069,-7948,1,0,1
738085,676,0,6446,-7948,1,0,1
738086,615,0,4137,-7948,1,0,1
738087,1367,0,1462,-7948,1,0,1
738088,65535,255,1859,-7948,0,0,0
738089,1033,2,4448,-7948,1,0,1
738090,887,0,6054,-7948,1,0,1
738091,683,0,6211,-7948,1,0,1
738092,1153,0,2477,-7948,1,0,1
738093,820,0,777,-7948,1,0,1
738094,65535,255,3713,-7948,0,0,0
738095,1026,0,5604,-7948,1,0,1
738096,65535,255,6560,-7948,0,0,0
738097,65535,255,3368,-7948,0,0,0
738098,1076,0,351,-7948,1,0,1
738099,65535,255,2851,-7948,0,0,0
738100,65535,255,5074,-7948,0,0,0
738101,1149,0,6448,-7948,1,0,1
738102,797,0,4137,-7948,1,0,1
738103,975,0,1451,-7948,1,0,1
738104,829,0,1870,-7948,1,0,1
738105,1139,0,4451,-7948,1,0,1
738106,854,0,6061,-7948,1,0,1
738107,663,0,6208,-7948,1,0,1
738108,1171,2,2468,-7948,1,0,1
738109,65535,255,789,-7948,0,0,0
738110,65535,255,3724,-7948,0,0,0
738111,830,0,5610,-7948,1,0,1
738112,987,0,6557,-7948,1,0,1
738113,1069,0,3361,-7948,1,0,1
738114,964,2,338,-7948,1,0,1
738115,65535,255,2865,-7948,0,0,0
738116,1121,0,5085,-7948,1,0,1
738117,822,0,6454,-7948,1,0,1
738118,758,0,4127,-7948,1,0,1
738119,65535,255,1433,-7948,0,0,0
738120,65535,255,1886,-7948,0,0,0
738121,613,0,4465,-7948,1,0,1
738122,967,0,6066,-7948,1,0,1
738123,1142,0,6204,-7948,1,0,1
738124,1125,0,2448,-7948,1,0,1
738125,1520,0,806,-7948,1,0,1
738126,1215,0,3736,-7948,1,0,1
738127,815,0,5618,-7948,1,0,1
738128,542,0,6550,-7948,1,0,1
738129,0,0,0,0,0,0,0
738130,65535,255,314,-7948,0,0,0
738131,65535,255,2884,-7948,0,0,0
738132,1036,0,5096,-7948,1,0,1
738133,1138,0,6462,-7948,1,0,0
738134,883,0,4108,-7948,1,0,1
738135,728,0,1411,-7948,1,0,1
738136,923,0,1908,-7948,1,0,1
738137,65535,255,4474,-7948,0,0,0
738138,65535,255,6073,-7948,0,0,0
738139,65535,255,6198,-7948,0,0,0
738140,65535,255,2438,-7948,0,0,0
738141,65535,255,812,-7948,0,0,0
738142,65535,255,3740,-7948,0,0,0
738143,771,0,5619,-7948,1,0,1
738144,1200,0,6550,-7948,1,0,1
738145,1223,0,3346,-7948,1,0,1
738146,0,0,0,0,0,0,0
738147,1442,2,2875,-7948,1,0,1
738148,65535,255,5088,-7948,0,0,0
738149,867,0,6457,-7948,1,0,1
738150,1463,0,4123,-7948,1,0,1
738151,866,0,1434,-7948,1,0,1
738152,664,0,1886,-7948,1,0,1
738153,1107,0,4461,-7948,1,0,1
738154,932,0,6063,-7948,1,0,1
738155,1334,0,6204,-7948,1,0,1
738156,1223,0,2458,-7832,1,0,1
738157,65535,255,795,-7832,0,0,0
738158,65535,255,3725,-7832,0,0,0
738159,860,0,5610,-7832,1,0,1
738160,930,0,6554,-7832,1,0,1
738161,854,0,3355,-7832,1,0,1
738162,65535,255,342,-7832,0,0,0
738163,522,0,2861,-7832,1,0,1
738164,982,0,5077,-7832,1,0,1
738165,797,0,6450,-7832,1,0,1
738166,971,0,4131,-7832,1,0,1
738167,65535,255,1451,-7832,0,0,0
738168,65535,255,1870,-7832,0,0,0
738169,65535,255,4451,-7832,0,0,0
738170,65535,255,6059,-7832,0,0,0
738171,424,2,6207,-7832,1,0,1
738172,902,0,2469,-7832,1,0,1
738173,65535,255,788,-7832,0,0,0
738174,65535,255,3715,-7832,0,0,0
738175,65535,255,5605,-7832,0,0,0
738176,65535,255,6556,-7832,0,0,0
738177,1394,0,3365,-7832,1,0,1
738178,1051,0,351,-7832,1,0,1
738179,997,0,2850,-7832,1,0,1
738180,979,0,5073,-7832,1,0,1
738181,1273,0,6446,-7832,1,0,1
738182,65535,255,4136,-7832,0,0,0
738183,678,0,1452,-7832,1,0,0
738184,65535,255,1863,-7832,0,0,0
738185,873,0,4450,-7832,1,0,1
738186,909,0,6055,-7832,1,0,1
738187,503,0,6209,-7832,1,0,0
738188,1542,0,2475,-7832,1,0,1
738189,65535,255,776,-7832,0,0,0
738190,65535,255,3711,-7832,0,0,0
738191,65535,255,5603,-7832,0,0,0
738192,65535,255,6559,-7832,0,0,0
738193,1272,0,3369,-7832,1,0,1
738194,1118,0,357,-7832,1,0,1
738195,65535,255,2850,-7832,0,0,0
738196,65535,255,5073,-7832,0,0,0
738197,938,0,6445,-7832,1,0,1
738198,913,0,4135,-7832,1,0,1
738199,1291,0,1458,-7832,1,0,1
738200,1215,0,1863,-7832,1,0,1
738201,464,2,4447,-7832,1,0,0
738202,65535,255,6055,-7832,0,0,0
738203,65535,255,6211,-7832,0,0,0
738204,65535,255,2474,-7832,0,0,0
738205,65535,255,776,-7832,0,0,0
738206,65535,255,3711,-7832,0,0,0
738207,831,0,5601,-7832,1,0,1
738208,969,0,6558,-7832,1,0,1
738209,1216,0,3369,-7832,1,0,1
738210,65535,255,356,-7832,0,0,0
738211,1239,0,2850,-7832,1,0,1
738212,746,0,5073,-7832,1,0,1
738213,1064,0,6446,-7832,1,0,1
738214,1531,0,4135,-7832,1,0,1
738215,1166,0,1452,-7832,1,0,1
738216,65535,255,1869,-7832,0,0,0
738217,65535,255,4450,-7832,0,0,0
738218,65535,255,6057,-7832,0,0,0
738219,65535,255,6208,-7832,0,0,0
738220,1108,0,2469,-7832,1,0,1
738221,943,0,781,-7832,1,0,1
738222,65535,255,3716,-7832,0,0,0
738223,864,0,5608,-7832,1,0,1
738224,1076,0,6557,-7832,1,0,1
738225,65535,255,3365,-7832,0,0,0
738226,65535,255,343,-7832,0,0,0
738227,1047,2,2859,-7832,1,0,0
738228,1401,0,5078,-7832,1,0,1
738229,65535,255,6451,-7832,0,0,0
738230,904,0,4131,-7832,1,0,1
738231,1205,0,1441,-7832,1,0,1
738232,1433,2,1880,-7832,1,0,0
738233,65535,255,4460,-7832,0,0,0
738234,1114,0,6063,-7832,1,0,1
738235,659,0,6205,-7832,1,0,1
738236,65535,255,2459,-7832,0,0,0
738237,65535,255,799,-7832,0,0,0
738238,65535,255,3727,-7832,0,0,0
738239,65535,255,5615,-7832,0,0,0
738240,1132,0,6554,-7832,1,0,1
738241,833,0,3351,-7832,1,0,1
738242,65535,255,325,-7832,0,0,0
738243,1301,0,2874,-7832,1,0,1
738244,1233,0,5089,-7832,1,0,1
738245,454,0,6457,-7832,1,0,0
738246,288,0,4120,-7832,1,0,0
738247,1427,0,1429,-7832,1,0,1
738248,653,0,1896,-7832,1,0,1
738249,756,0,4470,-7832,1,0,1
738250,810,0,6071,-7832,1,0,1
738251,819,0,6199,-7832,1,0,1
738252,65535,255,2439,-7832,0,0,0
738253,1200,2,817,-7832,1,0,1
738254,1040,0,3743,-7832,1,0,1
738255,882,2,5623,-7832,1,0,1
738256,65535,255,6548,-7832,0,0,0
738257,65535,255,3334,-7832,0,0,0
738258,1147,0,305,-7832,1,0,1
738259,1329,0,2892,-7832,1,0,1
738260,1402,0,5100,-7832,1,0,1
738261,65535,255,6466,-7832,0,0,0
738262,1225,0,4102,-7832,1,0,1
738263,1055,0,1400,-7832,1,0,1
738264,779,2,1918,-7832,1,0,1
738265,65535,255,4487,-7832,0,0,0
738266,717,0,6080,-7832,1,0,1
738267,486,0,6188,-7832,1,0,1
738268,829,0,2414,-7832,1,0,1
738269,65535,255,847,-7832,0,0,0
738270,65535,255,3760,-7832,0,0,0
738271,654,0,5635,-7832,1,0,1
738272,823,0,6538,-7832,1,0,1
738273,65535,255,3310,-7832,0,0,0
738274,65535,255,273,-7832,0,0,0
738275,930,0,2917,-7832,1,0,1
738276,754,0,5114,-7832,1,0,1
738277,1099,0,6472,-7832,1,0,1
738278,65535,255,4093,-7832,0,0,0
738279,1163,0,1388,-7832,1,0,1
738280,729,2,1925,-7832,1,0,1
738281,995,0,4488,-7832,1,0,1
738282,65535,255,6080,-7832,0,0,0
738283,65535,255,6187,-7832,0,0,0
738284,760,0,2418,-7832,1,0,1
738285,65535,255,841,-7832,0,0,0
738286,838,2,3753,-7832,1,0,0
738287,1150,0,5627,-7832,1,0,1
738288,792,0,6542,-7832,1,0,1
738289,632,2,3328,-7832,1,0,0
738290,805,2,298,-7832,1,0,1
738291,1213,0,2889,-7832,1,0,1
738292,975,0,5097,-7832,1,0,1
738293,1028,0,6461,-7832,1,0,1
738294,1169,0,4108,-7832,1,0,1
738295,850,2,1417,-7832,1,0,1
738296,578,0,1903,-7832,1,0,0
738297,739,0,4471,-7832,1,0,0
738298,651,0,6069,-7832,1,0,0
738299,609,0,6197,-7832,1,0,0
738300,907,0,2443,-7832,1,0,1
738301,989,0,812,-7832,1,0,1
738302,1042,0,3733,-7832,1,0,1
738303,1124,0,5615,-7832,1,0,1
738304,1164,0,6550,-7832,1,0,1
738305,1286,0,3347,-7832,1,0,1
738306,1040,0,325,-7832,1,0,1
738307,758,0,2871,-7832,1,0,1
738308,1030,0,5082,-7832,1,0,1
738309,65535,255,6452,-7832,0,0,0
738310,65535,255,4124,-7832,0,0,0
738311,65535,255,1439,-7832,0,0,0
738312,1106,0,1878,-7832,1,0,1
738313,603,2,4458,-7832,1,0,0
738314,65535,255,6061,-7832,0,0,0
738315,1113,2,6203,-7832,1,0,0
738316,975,0,2458,-7832,1,0,1
738317,905,0,794,-7832,1,0,0
738318,764,0,3721,-7832,1,0,1
738319,65535,255,5607,-7832,0,0,1
738320,712,0,6555,-7832,1,0,1
738321,890,0,3364,-7832,1,0,1
738322,881,2,348,-7832,1,0,1
738323,1294,0,2852,-7832,1,0,0
738324,1125,2,5071,-7832,1,0,1
738325,989,0,6445,-7832,1,0,1
738326,719,0,4138,-7832,1,0,1
738327,1241,0,1462,-7832,1,0,1
738328,1256,0,1854,-7832,1,0,1
738329,590,0,4444,-7832,1,0,1
738330,545,0,6051,-7832,1,0,0
738331,615,0,6211,-7832,1,0,1
738332,805,0,2483,-7832,1,0,1
738333,995,0,766,-7832,1,0,1
738334,822,0,3701,-7832,1,0,1
738335,1076,0,5594,-7832,1,0,1
738336,873,0,6564,-7832,1,0,1
738337,671,0,3385,-7832,1,0,1
738338,648,0,378,-7832,1,0,1
738339,945,0,2828,-7832,1,0,1
738340,872,0,5060,-7832,1,0,1
738341,695,0,6437,-7832,1,0,1
738342,65535,255,4156,-7832,0,0,0
738343,981,0,1490,-7832,1,0,1
738344,614,0,1837,-7832,1,0,0
738345,779,0,4428,-7832,1,0,1
738346,847,0,6043,-7832,1,0,1
738347,720,0,6223,-7832,1,0,1
738348,758,0,2502,-7832,1,0,1
738349,1152,2,737,-7832,1,0,1
738350,903,2,3684,-7832,1,0,1
738351,731,2,5584,-7832,1,0,0
738352,65535,255,6571,-7832,0,0,0
738353,693,2,3405,-7832,1,0,1
738354,1104,0,406,-7832,1,0,1
738355,767,0,2810,-7832,1,0,1
738356,950,0,5048,-7832,1,0,1
738357,860,0,6432,-7832,1,0,1
738358,126,2,4169,-7832,1,0,1
738359,1156,0,1505,-7832,1,0,1
738360,686,0,1815,-7832,1,0,1
738361,65535,255,4415,-7832,0,0,0
738362,556,0,6034,-7832,1,0,1
738363,621,0,6229,-7832,1,0,0
738364,1124,0,2527,-7832,1,0,1
738365,773,0,720,-7832,1,0,0
738366,473,0,3669,-7832,1,0,0
738367,450,0,5577,-7832,1,0,1
738368,624,0,6578,-7832,1,0,1
738369,1095,0,3417,-7832,1,0,1
738370,1153,0,423,-7832,1,0,1
738371,0,0,0,0,0,0,0
738372,0,0,0,0,0,0,0
738373,970,0,6425,9308,1,0,1
738374,891,0,4183,9308,1,0,1
738375,980,0,1522,9308,1,0,1
738376,785,0,1799,9948,1,0,1
738377,749,0,4405,9668,1,0,1
738378,970,2,6030,9668,1,0,1
738379,65535,255,6235,9668,0,0,1
738380,930,0,2536,9668,1,0,1
738381,624,2,703,9668,1,0,1
738382,1001,0,3657,9668,1,0,1
738383,1004,2,5569,9668,1,0,1
738384,65535,255,6583,9668,0,0,0
738385,1217,2,3426,9668,1,0,1
738386,1268,0,434,9668,1,0,1
738387,983,0,2786,9668,1,0,1
738388,972,0,5030,9668,1,0,1
738389,920,0,6422,9668,1,0,1
738390,724,0,4187,9668,1,0,1
738391,1234,0,1533,9668,1,0,1
738392,786,0,1788,9668,1,0,1
738393,995,0,4398,9668,1,0,1
738394,581,0,6024,9668,1,0,1
738395,65535,255,6239,9668,0,0,0
738396,65535,255,2546,9668,0,0,0
738397,955,0,697,9634,1,0,1
738398,931,0,3649,9740,1,0,0
738399,908,0,5564,9495,1,0,1
738400,730,0,6584,-7163,1,0,1
738401,65535,255,3435,-7673,0,0,0
738402,744,2,440,-8279,1,0,1
738403,785,0,2777,9870,1,0,1
738404,954,2,5027,9557,1,0,0
738405,65535,255,6418,9324,0,0,0
738406,1262,2,4191,-7533,1,0,0
738407,1249,0,1544,-7944,1,0,1
738408,919,2,1783,9821,1,0,0
738409,65535,255,4395,9632,0,0,0
738410,807,0,6021,9399,1,0,1
738411,662,2,6240,-7222,1,0,1
738412,716,0,2546,-7682,1,0,1
738413,994,0,692,9633,1,0,1
738414,959,2,3645,9741,1,0,1
738415,1056,0,5562,9505,1,0,1
738416,65535,255,6583,-7126,0,0,0
738417,1066,0,3435,-7699,1,0,1
738418,1126,0,441,-7453,1,0,1
738419,511,0,2777,9758,1,0,1
738420,633,0,5027,9590,1,0,1
738421,1119,0,6419,9296,1,0,1
738422,65535,255,4191,-7593,0,0,0
738423,1007,0,1538,-7817,1,0,1
738424,1208,0,1779,9930,1,0,1
738425,1003,0,4395,9606,1,0,1
738426,833,0,6021,9424,1,0,1
738427,1009,0,6238,-7210,1,0,1
738428,1040,0,2546,-7670,1,0,0
738429,987,0,692,9632,1,0,1
738430,932,0,3650,9757,1,0,0
738431,789,0,5565,9513,1,0,1
738432,375,0,6582,-7125,1,0,0
738433,835,2,3426,-7602,1,0,1
738434,544,2,433,-7906,1,0,1
738435,631,0,2782,9837,1,0,1
738436,1155,0,5031,9552,1,0,1
738437,1038,0,6419,9329,1,0,1
738438,901,0,4184,-7560,1,0,1
738439,983,0,1532,-7733,1,0,1
738440,65535,255,1788,9987,0,0,0
738441,65535,255,4402,9599,0,0,0
738442,65535,255,6026,9424,0,0,0
738443,65535,255,6234,-7214,0,0,0
738444,820,2,2541,-7807,1,0,1
738445,858,0,698,9636,1,0,1
738446,65535,255,3648,9705,0,0,0
738447,65535,255,5562,9487,0,0,0
738448,452,0,6584,-7155,1,0,1
738449,999,0,3439,-7627,1,0,1
738450,945,0,459,-8411,1,0,1
738451,705,0,2766,9784,1,0,0
738452,1135,0,5017,9555,1,0,1
738453,547,0,6410,9316,1,0,0
738454,888,0,4206,-7626,1,0,1
738455,741,0,1561,-7712,1,0,1
738456,1067,0,1755,9750,1,0,1
738457,65535,255,4374,9655,0,0,0
738458,912,0,6009,9412,1,0,1
738459,974,0,6250,-7228,1,0,1
738460,65535,255,2582,-7790,0,0,0
738461,794,0,650,9621,1,0,1
738462,666,0,3620,9670,1,0,0
738463,632,0,5543,9500,1,0,1
738464,973,0,6596,-7132,1,0,1
738465,691,0,3469,-7677,1,0,1
738466,887,0,492,-7775,1,0,1
738467,1224,0,2728,9879,1,0,1
738468,1166,0,4996,9607,1,0,1
738469,778,0,6398,9335,1,0,1
738470,1161,0,4232,-7607,1,0,1
738471,1321,0,1599,-7691,1,0,1
738472,1061,0,1722,9750,1,0,1
738473,65535,255,4352,9664,0,0,0
738474,552,0,5994,9428,1,0,1
738475,65535,255,6261,-7211,0,0,0
738476,65535,255,2606,-7665,0,0,0
738477,590,0,615,9977,1,0,1
738478,65535,255,3586,9779,0,0,0
738479,65535,255,5528,9503,0,0,0
738480,699,0,6609,-7118,1,0,0
738481,1085,0,3495,-7644,1,0,1
738482,1257,0,521,-7846,1,0,1
738483,65535,255,2713,9772,0,0,0
738484,634,0,4990,9582,1,0,1
738485,845,0,6395,9331,1,0,1
738486,1081,0,4239,9331,1,0,0
738487,1250,0,1610,-7899,1,0,1
738488,65535,255,1717,9957,0,0,0
738489,1289,0,4352,9687,1,0,1
738490,709,0,5999,9398,1,0,0
738491,65535,255,6263,-7246,0,0,0
738492,1259,0,2601,-7707,1,0,1
738493,65535,255,634,9554,0,0,0
738494,65535,255,3611,9718,0,0,0
738495,65535,255,5542,9479,0,0,0
738496,672,2,6602,-7151,1,0,1
738497,923,0,3469,-7611,1,0,0
738498,663,0,487,-7710,1,0,1
738499,860,0,2743,9759,1,0,1
738500,1003,2,5005,9586,1,0,0
738501,65535,255,6405,9339,0,0,0
738502,65535,255,4217,-7560,0,0,0
738503,65535,255,1573,-7797,0,0,0
738504,586,0,1749,9841,1,0,1
738505,1050,0,4377,9632,1,0,1
738506,843,0,6013,9427,1,0,1
738507,65535,255,6250,-7219,0,0,0
738508,820,0,2572,-7833,1,0,1
738509,65535,255,667,10120,0,0,0
738510,65535,255,3640,9691,0,0,0
738511,65535,255,5561,9466,0,0,0
738512,194,2,6589,-7144,1,0,1
738513,65535,255,3439,-7614,0,0,0
738514,1151,0,446,-7763,1,0,1
738515,715,0,2776,9791,1,0,1
738516,546,0,5029,9574,1,0,1
738517,65535,255,6420,9301,0,0,0
738518,1333,0,4191,-7598,1,0,1
738519,784,0,1533,-7822,1,0,1
738520,65535,255,1793,10003,0,0,0
738521,0,0,0,0,0,0,0
