sdate,line_t,line_tmq,line_tvza,line_tvaa,line_tm2,line_QFDNB,line_tm_buf
735235,680,0,2407,10338,1,0,1
735236,754,0,4598,10633,1,0,1
735237,997,0,5761,-8627,1,0,1
735238,697,0,4123,-8281,1,0,1
735239,407,0,1608,-8097,1,0,1
735240,776,0,1475,10284,1,0,1
735241,844,0,3979,10564,1,0,1
735242,65535,255,5602,10809,0,0,1
735243,650,0,4751,-8419,1,0,1
735244,65535,255,2546,-8182,0,0,0
735245,65535,255,470,9848,0,0,0
735246,0,0,0,0,0,0,0
735247,303,0,5145,10735,1,0,1
735248,968,0,5286,-8542,1,0,1
735249,65535,255,3378,-8263,0,0,0
735250,465,0,575,-8099,1,0,1
735251,65535,255,2425,10322,0,0,0
735252,65535,255,4609,10629,0,0,0
735253,1047,0,5755,-8622,1,0,1
735254,65535,255,4120,-8297,0,0,0
735255,65535,255,1607,-8076,0,0,0
735256,65535,255,1470,10215,0,0,0
735257,782,0,3972,10541,1,0,1
735258,65535,255,5592,10862,0,0,0
735259,65535,255,4758,-8391,0,0,0
735260,503,0,2562,-8109,1,0,0
735261,587,0,436,10582,1,0,1
735262,184,2,3235,10454,1,0,1
735263,1081,0,5124,10737,1,0,1
735264,1041,0,5304,-8502,1,0,1
735265,520,0,3408,-8177,1,0,1
735266,478,0,616,-7662,1,0,0
735267,169,2,2381,10348,1,0,1
735268,65535,255,4582,10600,0,0,0
735269,65535,255,5772,-8604,0,0,0
735270,826,0,4150,-8356,1,0,1
735271,456,0,1646,-8019,1,0,0
735272,638,0,1430,10211,1,0,1
735273,761,0,3942,10545,1,0,1
735274,65535,255,5575,10799,0,0,0
735275,647,0,4781,-8407,1,0,1
735276,666,0,2596,-8162,1,0,1
735277,503,0,401,9702,1,0,1
735278,634,0,3204,10363,1,0,1
735279,65535,255,5108,10693,0,0,0
735280,865,0,5324,-8544,1,0,1
735281,657,0,3442,-8261,1,0,1
735282,601,0,663,-8238,1,0,1
735283,65535,255,2351,10291,0,0,0
735284,65535,255,4560,10609,0,0,0
735285,751,0,5787,-8594,1,0,1
735286,65535,255,4171,-8351,0,0,0
735287,529,0,1679,-8043,1,0,1
735288,605,0,1396,10254,1,0,1
735289,65535,255,3919,10565,0,0,0
735290,65535,255,5561,10805,0,0,0
735291,65535,255,4800,-8409,0,0,0
735292,65535,255,2626,-8153,0,0,0
735293,397,0,367,9482,1,0,1
735294,554,0,3172,10485,1,0,1
735295,772,0,5088,10756,1,0,1
735296,969,0,5340,-8518,1,0,1
735297,722,0,3467,-8212,1,0,1
735298,653,0,691,-7893,1,0,1
735299,692,0,2319,10398,1,0,1
735300,600,0,4538,10624,1,0,1
735301,631,0,5803,-8619,1,0,1
735302,65535,255,4196,-8285,0,0,0
735303,547,0,1718,-8123,1,0,1
735304,616,0,1357,10325,1,0,1
735305,688,0,3900,10471,1,0,1
735306,321,0,5546,10829,1,0,1
735307,65535,255,4822,-8447,0,0,0
735308,65535,255,2655,-8059,0,0,0
735309,65535,255,325,10412,0,0,0
735310,65535,255,3149,10434,0,0,0
735311,1014,0,5073,10738,1,0,1
735312,65535,255,5355,-8516,0,0,0
735313,65535,255,3493,-8214,0,0,0
735314,595,0,726,-7990,1,0,1
735315,477,0,2293,10241,1,0,0
735316,823,0,4524,10659,1,0,1
735317,933,0,5817,-8628,1,0,1
735318,65535,255,4214,-8350,0,0,0
735319,681,0,1745,-8049,1,0,1
735320,65535,255,1334,10275,0,0,0
735321,723,0,3884,10468,1,0,1
735322,1095,0,5535,10831,1,0,1
735323,65535,255,4837,-8460,0,0,0
735324,520,0,2680,-8110,1,0,1
735325,65535,255,310,9352,0,0,0
735326,65535,255,3136,10364,0,0,0
735327,1070,0,5064,10709,1,0,1
735328,918,0,5366,-8494,1,0,1
735329,708,0,3505,-8199,1,0,1
735330,65535,255,744,-7991,0,0,0
735331,65535,255,2277,10252,0,0,1
735332,722,2,4517,10583,1,0,1
735333,1140,2,5824,-8610,1,0,1
735334,65535,255,4225,-8290,0,0,0
735335,537,2,1756,-7919,1,0,1
735336,65535,255,1323,10148,0,0,0
735337,65535,255,3871,10567,0,0,0
735338,65535,255,5532,10830,0,0,0
735339,744,0,4843,-8438,1,0,0
735340,65535,255,2690,-8159,0,0,0
735341,557,0,295,10100,1,0,1
735342,745,0,3127,10451,1,0,1
735343,635,0,5060,10687,1,0,1
735344,896,0,5374,-8558,1,0,1
735345,65535,255,3513,-8191,0,0,0
735346,65535,255,755,-8034,0,0,0
735347,65535,255,2271,10309,0,0,0
735348,65535,255,4510,10613,0,0,1
735349,65535,255,5826,-8640,0,0,0
735350,65535,255,4232,-8352,0,0,0
735351,65535,255,1762,-8124,0,0,0
735352,65535,255,1317,10072,0,0,0
735353,588,0,3871,10552,1,0,1
735354,706,0,5530,10834,1,0,1
735355,768,0,4842,-8399,1,0,1
735356,65535,255,2691,-8206,0,0,0
735357,65535,255,297,10774,0,0,0
735358,372,0,3132,10374,1,0,1
735359,65535,255,5061,10737,0,0,0
735360,65535,255,5372,-8538,0,0,0
735361,604,0,3509,-8182,1,0,1
735362,657,0,749,-8081,1,0,1
735363,488,0,2277,10339,1,0,1
735364,65535,255,4513,10646,0,0,0
735365,65535,255,5824,-8605,0,0,0
735366,423,0,4225,-8310,1,0,1
735367,621,0,1750,-8049,1,0,1
735368,626,0,1329,10050,1,0,1
735369,65535,255,3875,10561,0,0,0
735370,209,0,5535,10845,1,0,1
735371,489,0,4837,-8432,1,0,1
735372,649,0,2675,-8122,1,0,1
735373,65535,255,307,10109,0,0,0
735374,672,0,3137,10437,1,0,1
735375,871,0,5067,10733,1,0,1
735376,65535,255,5364,-8546,0,0,0
735377,666,0,3497,-8214,1,0,1
735378,439,0,727,-7626,1,0,1
735379,726,0,2293,10242,1,0,1
735380,65535,255,4524,10617,0,0,0
735381,1044,0,5813,-8594,1,0,1
735382,692,0,4211,-8308,1,0,1
735383,65535,255,1734,-8085,0,0,0
735384,65535,255,1345,10153,0,0,0
735385,65535,255,3892,10486,0,0,0
735386,65535,255,5543,10815,0,0,0
735387,257,2,4823,-8402,1,0,1
735388,330,0,2656,-8083,1,0,1
735389,65535,255,336,10012,0,0,0
735390,65535,255,3158,10358,0,0,0
735391,886,0,5079,10745,1,0,1
735392,65535,255,5348,-8494,0,0,0
735393,509,0,3476,-8264,1,0,1
735394,65535,255,703,-7990,0,0,0
735395,65535,255,2314,10371,0,0,0
735396,65535,255,4542,10589,0,0,0
735397,65535,255,5801,-8612,0,0,0
735398,65535,255,4189,-8298,0,0,0
735399,267,0,1701,-8102,1,0,0
735400,364,0,1379,10208,1,0,1
735401,502,0,3911,10520,1,0,1
735402,65535,255,5556,10837,0,0,0
735403,1010,0,4804,-8438,1,0,1
735404,604,0,2626,-8177,1,0,1
735405,506,0,373,9495,1,0,1
735406,892,0,3181,10449,1,0,1
735407,751,0,5096,10728,1,0,1
735408,866,0,5329,-8486,1,0,1
735409,65535,255,3450,-8261,0,0,0
735410,496,0,662,-8037,1,0,1
735411,805,0,2346,10402,1,0,1
735412,775,0,4562,10611,1,0,1
735413,401,0,5784,-8605,1,0,1
735414,498,0,4164,-8343,1,0,1
735415,65535,255,1663,-7962,0,0,1
735416,65535,255,1419,10071,0,0,0
735417,65535,255,3942,10488,0,0,0
735418,957,0,5574,10823,1,0,1
735419,65535,255,4781,-8429,0,0,0
735420,562,0,2591,-8173,1,0,1
735421,554,0,413,9641,1,0,1
735422,496,0,3217,10482,1,0,1
735423,1161,0,5116,10748,1,0,1
735424,864,0,5310,-8511,1,0,0
735425,845,0,3416,-8186,1,0,1
735426,500,0,616,-7664,1,0,1
735427,0,0,0,0,0,0,0
735428,65535,255,4587,10631,0,0,0
735429,403,2,5765,-8593,1,0,0
735430,167,0,4135,-8331,1,0,1
735431,65535,255,1619,-7934,0,0,0
735432,65535,255,1459,10102,0,0,0
735433,65535,255,3964,10491,0,0,0
735434,65535,255,5589,10822,0,0,0
735435,525,0,4767,-8420,1,0,1
735436,452,0,2572,-8147,1,0,1
735437,371,0,425,10673,1,0,1
735438,65535,255,3226,10445,0,0,0
735439,721,0,5121,10728,1,0,1
735440,65535,255,5310,-8482,0,0,0
735441,669,0,3421,-8258,1,0,1
735442,0,0,0,0,0,0,0
735443,65535,255,2375,10429,0,0,0
735444,65535,255,4578,10626,0,0,0
735445,65535,255,5778,-8612,0,0,1
735446,65535,255,4156,-8362,0,0,0
735447,639,0,1652,-8019,1,0,1
735448,335,0,1425,10141,1,0,0
735449,65535,255,3945,10517,0,0,0
735450,65535,255,5576,10845,0,0,0
735451,65535,255,4787,-8452,0,0,0
735452,610,0,2601,-8051,1,0,1
735453,344,0,394,10121,1,0,1
735454,65535,255,3203,10394,0,0,0
735455,923,0,5107,10704,1,0,1
735456,1016,0,5328,-8543,1,0,1
735457,739,0,3446,-8251,1,0,1
735458,558,0,662,-8087,1,0,1
735459,533,2,2356,10226,1,0,1
735460,65535,255,4561,10641,0,0,1
735461,65535,255,5790,-8628,0,0,0
735462,472,0,4174,-8288,1,0,1
735463,65535,255,1685,-8139,0,0,0
735464,696,0,1396,10329,1,0,0
735465,635,0,3926,10510,1,0,1
735466,242,0,5565,10820,1,0,1
735467,65535,255,4800,-8437,0,0,0
735468,65535,255,2626,-8212,0,0,0
735469,447,0,371,10028,1,0,1
735470,207,0,3185,10401,1,0,0
735471,65535,255,5095,10717,0,0,0
735472,65535,255,5336,-8487,0,0,0
735473,65535,255,3462,-8281,0,0,0
735474,65535,255,681,-7648,0,0,0
735475,65535,255,2335,10346,0,0,0
735476,65535,255,4551,10603,0,0,0
735477,740,0,5800,-8612,1,0,1
735478,65535,255,4186,-8325,0,0,0
735479,607,0,1701,-8120,1,0,1
735480,65535,255,1379,10353,0,0,0
735481,65535,255,3915,10484,0,0,0
735482,65535,255,5555,10837,0,0,0
735483,626,0,4810,-8434,1,0,1
735484,371,0,2636,-8104,1,0,1
735485,65535,255,355,10095,0,0,0
735486,668,2,3172,10487,1,0,0
735487,391,0,5090,10691,1,0,1
735488,65535,255,5345,-8547,0,0,0
735489,65535,255,3471,-8280,0,0,0
735490,194,0,692,-7653,1,0,0
735491,728,0,2319,10358,1,0,1
735492,65535,255,4541,10620,0,0,0
735493,65535,255,5803,-8630,0,0,0
735494,184,2,4193,-8311,1,0,1
735495,65535,255,1707,-7948,0,0,0
735496,65535,255,1368,10157,0,0,0
735497,834,0,3903,10550,1,0,1
735498,65535,255,5551,10818,0,0,0
735499,660,0,4813,-8444,1,0,1
735500,65535,255,2641,-8092,0,0,0
735501,700,0,347,9987,1,0,1
735502,65535,255,3168,10351,0,0,0
735503,749,0,5085,10706,1,0,1
735504,65535,255,5345,-8493,0,0,1
735505,808,0,3472,-8202,1,0,1
735506,65535,255,697,-8037,0,0,0
735507,65535,255,2319,10275,0,0,0
735508,65535,255,4541,10596,0,0,0
735509,889,0,5803,-8617,1,0,1
735510,1067,0,4193,-8304,1,0,1
735511,65535,255,1707,-7967,0,0,0
735512,65535,255,1368,10231,0,0,0
735513,355,0,3904,10485,1,0,1
735514,65535,255,5549,10841,0,0,0
735515,1013,0,4810,-8404,1,0,1
735516,65535,255,2641,-8201,0,0,0
735517,756,0,348,10400,1,0,1
735518,822,0,3168,10478,1,0,1
735519,895,0,5085,10701,1,0,1
735520,135,2,5340,-8502,1,0,1
735521,322,0,3467,-8227,1,0,1
735522,65535,255,692,-8138,0,0,0
735523,65535,255,2319,10373,0,0,0
735524,888,0,4542,10647,1,0,1
735525,1139,0,5799,-8603,1,0,1
735526,782,0,4186,-8296,1,0,1
735527,65535,255,1701,-7966,0,0,0
735528,0,0,0,0,0,0,0
735529,65535,255,3912,10507,0,0,0
735530,65535,255,5557,10807,0,0,0
735531,827,0,4804,-8460,1,0,1
735532,419,0,2626,-8163,1,0,1
735533,454,0,365,10301,1,0,1
735534,65535,255,3178,10466,0,0,0
735535,65535,255,5093,10724,0,0,0
735536,65535,255,5332,-8534,0,0,0
735537,232,0,3450,-8181,1,0,1
735538,65535,255,674,-8134,0,0,0
735539,801,0,2341,10362,1,0,1
735540,65535,255,4555,10661,0,0,0
735541,414,0,5789,-8622,1,0,0
735542,772,2,4171,-8341,1,0,1
735543,65535,255,1679,-8157,0,0,1
735544,65535,255,1402,10212,0,0,0
735545,65535,255,3930,10502,0,0,0
735546,65535,255,5569,10814,0,0,1
735547,65535,255,4787,-8399,0,0,0
735548,559,0,2601,-8062,1,0,1
735549,517,0,400,9960,1,0,1
735550,65535,255,3203,10483,0,0,0
735551,65535,255,5110,10733,0,0,0
735552,65535,255,5315,-8481,0,0,0
735553,786,0,3428,-8248,1,0,0
735554,549,0,633,-7883,1,0,1
735555,65535,255,2376,10351,0,0,0
735556,980,0,4578,10672,1,0,1
735557,65535,255,5772,-8579,0,0,0
735558,65535,255,4145,-8276,0,0,0
735559,65535,255,1646,-7977,0,0,0
735560,621,0,1430,10356,1,0,1
735561,65535,255,3945,10542,0,0,0
735562,65535,255,5576,10839,0,0,0
735563,675,0,4781,-8415,1,0,1
735564,742,0,2596,-8097,1,0,1
735565,65535,255,399,10044,0,0,0
735566,503,0,3203,10492,1,0,1
735567,65535,255,5107,10732,0,0,0
735568,897,0,5326,-8546,1,0,1
735569,65535,255,3441,-8222,0,0,0
735570,578,0,657,-7682,1,0,1
735571,65535,255,2351,10281,0,0,0
735572,65535,255,4561,10631,0,0,0
735573,961,0,5790,-8608,1,0,1
735574,600,0,4174,-8334,1,0,0
735575,716,0,1683,-8119,1,0,1
735576,65535,255,1396,10284,0,0,0
735577,677,0,3922,10539,1,0,1
735578,65535,255,5563,10850,0,0,0
735579,732,0,4803,-8447,1,0,1
735580,275,0,2626,-8198,1,0,0
735581,65535,255,372,9676,0,0,0
735582,65535,255,3181,10480,0,0,0
735583,65535,255,5095,10745,0,0,0
735584,65535,255,5339,-8495,0,0,0
735585,65535,255,3463,-8286,0,0,0
735586,65535,255,686,-8227,0,0,0
735587,65535,255,2330,10250,0,0,0
735588,65535,255,4547,10642,0,0,0
735589,0,0,0,0,0,0,0
735590,0,0,0,0,0,0,0
735591,413,0,1701,-8099,1,0,1
735592,745,0,1379,10259,1,0,1
735593,65535,255,3910,10554,0,0,0
735594,65535,255,5558,10803,0,0,0
735595,65535,255,4809,-8407,0,0,0
735596,550,0,2640,-8139,1,0,0
735597,644,0,356,9465,1,0,1
735598,675,0,3172,10480,1,0,1
735599,65535,255,5086,10755,0,0,0
735600,65535,255,5344,-8519,0,0,0
735601,65535,255,3471,-8217,0,0,0
735602,818,0,691,-7937,1,0,1
735603,979,0,2319,10416,1,0,1
735604,867,2,4544,10635,1,0,1
735605,65535,255,5803,-8632,0,0,0
735606,629,0,4189,-8302,1,0,1
735607,65535,255,1701,-7906,0,0,0
735608,481,0,1374,10063,1,0,1
735609,65535,255,3911,10515,0,0,0
735610,65535,255,5553,10857,0,0,0
735611,65535,255,4810,-8401,0,0,0
735612,604,0,2641,-8163,1,0,1
735613,65535,255,354,9833,0,0,0
735614,65535,255,3172,10393,0,0,0
735615,611,0,5087,10719,1,0,1
735616,65535,255,5342,-8500,0,0,0
735617,65535,255,3467,-8198,0,0,0
735618,65535,255,691,-7937,0,0,0
735619,65535,255,2330,10237,0,0,0
735620,65535,255,4544,10661,0,0,0
735621,1104,0,5798,-8606,1,0,1
735622,0,0,0,0,0,0,0
735623,520,0,1702,-8137,1,0,1
735624,761,0,1379,10307,1,0,1
735625,882,0,3911,10567,1,0,1
735626,1122,0,5556,10808,1,0,1
735627,65535,255,4807,-8407,0,0,0
735628,670,0,2636,-8138,1,0,1
735629,453,0,356,9923,1,0,1
735630,65535,255,3168,10461,0,0,0
735631,1043,0,5085,10745,1,0,1
735632,992,0,5339,-8509,1,0,0
735633,744,0,3467,-8190,1,0,1
735634,839,0,691,-7793,1,0,1
735635,660,0,2323,10291,1,0,1
735636,640,0,4541,10642,1,0,0
735637,986,0,5798,-8636,1,0,1
735638,823,0,4185,-8308,1,0,1
735639,708,0,1701,-7906,1,0,1
735640,801,0,1380,10065,1,0,1
735641,65535,255,3911,10509,0,0,0
735642,65535,255,5554,10853,0,0,0
735643,65535,255,4807,-8395,0,0,0
735644,65535,255,2636,-8150,0,0,0
735645,65535,255,360,9660,0,0,0
735646,65535,255,3177,10375,0,0,0
735647,65535,255,5088,10710,0,0,0
735648,65535,255,5337,-8489,0,0,0
735649,65535,255,3459,-8180,0,0,0
735650,723,0,680,-7887,1,0,1
735651,65535,255,2332,10347,0,0,0
735652,65535,255,4548,10656,0,0,0
735653,843,0,5794,-8591,1,0,1
735654,763,0,4178,-8361,1,0,1
735655,65535,255,1690,-8117,0,0,0
735656,581,0,1391,10267,1,0,1
735657,622,0,3919,10525,1,0,1
735658,65535,255,5561,10805,0,0,0
735659,65535,255,4797,-8439,0,0,0
735660,65535,255,2616,-8099,0,0,0
735661,606,0,383,9692,1,0,1
735662,770,0,3190,10406,1,0,1
735663,65535,255,5101,10749,0,0,0
735664,65535,255,5326,-8545,0,0,0
735665,796,2,3438,-8186,1,0,1
735666,832,0,651,-8086,1,0,1
735667,523,0,2361,10324,1,0,1
735668,65535,255,4568,10634,0,0,0
735669,65535,255,5779,-8596,0,0,0
735670,894,0,4156,-8290,1,0,1
735671,65535,255,1660,-8053,0,0,0
735672,448,0,1414,10403,1,0,0
735673,65535,255,3934,10498,0,0,0
735674,65535,255,5566,10843,0,0,0
735675,65535,255,4793,-8425,0,0,0
735676,754,0,2616,-8098,1,0,1
735677,636,0,372,10655,1,0,1
735678,650,0,3181,10482,1,0,1
735679,65535,255,5093,10759,0,0,0
735680,65535,255,5337,-8537,0,0,0
735681,65535,255,3463,-8267,0,0,1
735682,513,0,686,-7599,1,0,1
735683,525,0,2319,10361,1,0,1
735684,0,0,0,0,0,0,0
735685,65535,255,5805,-8636,0,0,0
735686,408,2,4196,-8329,1,0,1
735687,65535,255,1717,-8042,0,0,0
735688,645,0,1357,10332,1,0,1
735689,65535,255,3896,10499,0,0,0
735690,65535,255,5546,10797,0,0,0
735691,65535,255,4825,-8426,0,0,0
735692,65535,255,2661,-8068,0,0,0
735693,65535,255,327,9402,0,0,0
735694,630,0,3145,10390,1,0,1
735695,814,0,5070,10743,1,0,1
735696,65535,255,5361,-8536,0,0,0
735697,0,0,0,0,0,0,0
735698,65535,255,732,-7988,0,0,0
735699,65535,255,2287,10302,0,0,0
735700,524,0,4517,10626,1,0,1
735701,773,0,5820,-8618,1,0,1
735702,777,0,4223,-8344,1,0,1
735703,655,0,1751,-7951,1,0,1
735704,503,0,1323,10281,1,0,1
735705,693,0,3875,10518,1,0,1
735706,65535,255,5530,10821,0,0,0
735707,476,0,4842,-8389,1,0,1
735708,65535,255,2688,-8166,0,0,0
735709,65535,255,298,9439,0,0,0
735710,65535,255,3122,10437,0,0,0
735711,65535,255,5058,10703,0,0,0
735712,65535,255,5371,-8519,0,0,0
735713,690,0,3516,-8237,1,0,1
735714,65535,255,761,-8118,0,0,0
735715,522,0,2266,10414,1,0,0
735716,769,0,4506,10599,1,0,1
735717,65535,255,5828,-8619,0,0,0
735718,65535,255,4232,-8293,0,0,0
735719,400,0,1767,-8046,1,0,1
735720,65535,255,1311,10127,0,0,0
735721,65535,255,3863,10494,0,0,0
735722,65535,255,5525,10820,0,0,0
735723,65535,255,4848,-8407,0,0,0
735724,505,0,2695,-8107,1,0,1
735725,65535,255,284,10342,0,0,1
735726,963,0,3118,10387,1,0,1
735727,65535,255,5055,10692,0,0,0
735728,65535,255,5377,-8520,0,0,0
735729,573,0,3518,-8187,1,0,1
735730,712,0,762,-7684,1,0,1
735731,709,0,2261,10300,1,0,1
735732,920,0,4503,10656,1,0,1
735733,1196,0,5829,-8632,1,0,1
735734,65535,255,4232,-8286,0,0,0
735735,65535,255,1773,-8083,0,0,0
735736,0,0,0,0,0,0,0
735737,65535,255,3863,10541,0,0,0
735738,549,0,5523,10812,1,0,1
735739,1014,0,4847,-8415,1,0,1
735740,65535,255,2695,-8084,0,0,1
735741,65535,255,284,10454,0,0,0
735742,844,2,3119,10417,1,0,1
735743,998,0,5055,10719,1,0,1
735744,65535,255,5372,-8519,0,0,0
735745,0,0,0,0,0,0,0
735746,685,0,756,-8206,1,0,1
735747,605,0,2272,10272,1,0,1
735748,677,0,4507,10657,1,0,1
735749,65535,255,5825,-8644,0,0,0
735750,0,0,0,0,0,0,0
735751,181,0,1756,-7914,1,0,1
735752,65535,255,1318,10027,0,0,0
735753,773,0,3872,10496,1,0,1
735754,234,0,5528,10840,1,0,1
735755,65535,255,4840,-8456,0,0,0
735756,555,0,2680,-8082,1,0,1
735757,358,0,302,10549,1,0,1
735758,543,0,3132,10438,1,0,1
735759,310,0,5061,10737,1,0,0
735760,1253,0,5364,-8508,1,0,1
735761,65535,255,3501,-8202,0,0,0
735762,65535,255,738,-7897,0,0,0
735763,65535,255,2283,10416,0,0,0
735764,65535,255,4517,10633,0,0,0
735765,743,0,5817,-8634,1,0,1
735766,686,0,4214,-8311,1,0,1
735767,65535,255,1740,-7911,0,0,1
735768,599,0,1340,10083,1,0,1
735769,65535,255,3884,10521,0,0,0
735770,65535,255,5538,10806,0,0,0
735771,938,2,4825,-8409,1,0,1
735772,65535,255,2666,-8175,0,0,0
735773,65535,255,325,9910,0,0,0
735774,65535,255,3150,10401,0,0,0
735775,65535,255,5073,10723,0,0,0
735776,65535,255,5351,-8500,0,0,0
735777,65535,255,3485,-8200,0,0,0
735778,65535,255,715,-7939,0,0,0
735779,500,0,2309,10235,1,0,1
735780,657,0,4531,10654,1,0,1
735781,65535,255,5805,-8588,0,0,0
735782,635,0,4196,-8294,1,0,1
735783,65535,255,1718,-8041,0,0,0
735784,65535,255,1357,10061,0,0,0
735785,65535,255,3896,10576,0,0,0
735786,65535,255,5544,10829,0,0,0
735787,65535,255,4819,-8452,0,0,0
735788,540,0,2656,-8187,1,0,1
735789,65535,255,332,10813,0,0,0
735790,764,0,3154,10412,1,0,1
735791,65535,255,5076,10698,0,0,0
735792,446,0,5350,-8514,1,0,1
735793,65535,255,3484,-8206,0,0,0
735794,65535,255,715,-8171,0,0,0
735795,65535,255,2303,10418,0,0,0
735796,65535,255,4531,10604,0,0,0
735797,527,0,5808,-8584,1,0,1
735798,191,0,4203,-8295,1,0,1
735799,65535,255,1729,-8080,0,0,1
735800,65535,255,1351,10159,0,0,0
735801,861,0,3892,10499,1,0,1
735802,65535,255,5543,10825,0,0,0
735803,65535,255,4822,-8408,0,0,0
735804,65535,255,2661,-8115,0,0,0
735805,65535,255,324,10322,0,0,0
735806,526,0,3154,10382,1,0,1
735807,799,0,5073,10747,1,0,1
735808,65535,255,5352,-8510,0,0,0
735809,65535,255,3486,-8239,0,0,0
735810,409,0,721,-8169,1,0,0
735811,674,0,2314,10318,1,0,0
735812,522,0,4541,10665,1,0,1
735813,1100,0,5798,-8610,1,0,1
735814,888,0,4177,-8301,1,0,1
735815,318,0,1685,-8118,1,0,1
735816,65535,255,1408,10260,0,0,0
735817,65535,255,3937,10541,0,0,0
735818,65535,255,5576,10857,0,0,0
735819,0,0,0,0,0,0,0
735820,65535,255,2591,-8145,0,0,0
735821,368,0,405,10291,1,0,1
735822,349,0,3212,10394,1,0,1
735823,65535,255,5113,10739,0,0,0
735824,65535,255,5320,-8544,0,0,0
735825,768,0,3433,-8203,1,0,1
735826,65535,255,646,-7611,0,0,0
735827,65535,255,2361,10424,0,0,0
735828,587,0,4568,10602,1,0,1
735829,65535,255,5785,-8603,0,0,1
735830,65535,255,4167,-8303,0,0,0
735831,408,0,1668,-7959,1,0,0
735832,737,0,1408,10356,1,0,1
735833,957,0,3930,10548,1,0,1
735834,65535,255,5566,10846,0,0,0
735835,361,0,4796,-8428,1,0,1
735836,703,2,2616,-8135,1,0,0
735837,525,0,376,10298,1,0,1
735838,65535,255,3190,10376,0,0,0
735839,966,0,5098,10752,1,0,1
735840,65535,255,5334,-8493,0,0,0
735841,555,0,3458,-8259,1,0,1
735842,65535,255,680,-7887,0,0,0
735843,548,0,2335,10334,1,0,1
735844,65535,255,4551,10661,0,0,0
735845,901,2,5797,-8626,1,0,1
735846,644,0,4185,-8363,1,0,1
735847,672,0,1696,-7963,1,0,1
735848,606,0,1380,10384,1,0,1
735849,878,0,3915,10575,1,0,1
735850,65535,255,5558,10799,0,0,0
735851,65535,255,4809,-8416,0,0,0
735852,522,0,2636,-8053,1,0,1
735853,501,0,372,10564,1,0,1
735854,893,0,3186,10362,1,0,1
735855,884,0,5096,10727,1,0,1
735856,65535,255,5334,-8526,0,0,0
735857,65535,255,3459,-8289,0,0,0
735858,480,0,674,-7890,1,0,1
735859,641,0,2340,10290,1,0,1
735860,962,0,4555,10615,1,0,1
735861,322,0,5794,-8608,1,0,1
735862,65535,255,4178,-8372,0,0,0
735863,706,0,1685,-7926,1,0,1
735864,623,0,1391,10255,1,0,1
735865,65535,255,3923,10499,0,0,0
735866,65535,255,5563,10810,0,0,0
735867,381,0,4798,-8427,1,0,1
735868,655,0,2621,-8189,1,0,1
735869,564,0,378,9681,1,0,1
735870,65535,255,3186,10430,0,0,0
735871,1145,0,5099,10697,1,0,1
735872,905,0,5332,-8535,1,0,1
735873,652,0,3454,-8192,1,0,1
735874,65535,255,675,-7594,0,0,1
735875,701,0,2335,10247,1,0,1
735876,625,0,4548,10626,1,0,1
735877,912,0,5798,-8604,1,0,1
735878,65535,255,4189,-8332,0,0,0
735879,679,0,1706,-8134,1,0,1
735880,625,0,1368,10304,1,0,1
735881,0,0,0,0,0,0,0
735882,806,0,5549,10803,1,0,1
735883,693,0,4816,-8390,1,0,1
735884,65535,255,2651,-8082,0,0,0
735885,65535,255,330,10213,0,0,0
735886,645,0,3154,10388,1,0,1
735887,128,0,5074,10692,1,0,1
735888,65535,255,5337,-8508,0,0,0
735889,606,0,3461,-8256,1,0,1
735890,65535,255,680,-8237,0,0,0
735891,160,2,2341,10257,1,0,1
735892,763,0,4555,10635,1,0,1
735893,685,0,5789,-8625,1,0,1
735894,65535,255,4171,-8377,0,0,0
735895,65535,255,1674,-8047,0,0,0
735896,65535,255,1413,10183,0,0,0
735897,65535,255,3938,10525,0,0,0
735898,65535,255,5574,10849,0,0,0
735899,65535,255,4781,-8388,0,0,1
735900,65535,255,2591,-8105,0,0,1
735901,247,2,412,10524,1,0,0
735902,708,0,3221,10448,1,0,1
735903,65535,255,5119,10721,0,0,0
735904,65535,255,5313,-8542,0,0,0
735905,65535,255,3420,-8219,0,0,0
735906,65535,255,628,-7730,0,0,0
735907,65535,255,2376,10304,0,0,0
735908,65535,255,4575,10645,0,0,0
735909,65535,255,5779,-8627,0,0,0
735910,689,0,4156,-8368,1,0,1
735911,65535,255,1652,-7985,0,0,0
735912,65535,255,1425,10090,0,0,0
735913,599,0,3945,10490,1,0,0
735914,1113,0,5577,10822,1,0,1
735915,65535,255,4784,-8428,0,0,0
735916,617,0,2577,-8182,1,0,0
735917,65535,255,429,9811,0,0,0
735918,65535,255,3226,10358,0,0,0
735919,65535,255,5121,10692,0,0,0
735920,1069,0,5312,-8541,1,0,1
735921,65535,255,3425,-8259,0,0,0
735922,65535,255,634,-8206,0,0,0
735923,65535,255,2376,10286,0,0,0
735924,749,0,4579,10579,1,0,1
735925,65535,255,5781,-8597,0,0,0
735926,65535,255,4160,-8358,0,0,0
735927,571,0,1663,-8069,1,0,1
735928,678,0,1419,10296,1,0,1
735929,65535,255,3942,10478,0,0,0
735930,817,2,5573,10835,1,0,1
735931,65535,255,4788,-8423,0,0,0
735932,65535,255,2606,-8147,0,0,0
735933,65535,255,395,9861,0,0,0
735934,683,0,3204,10413,1,0,0
735935,65535,255,5106,10741,0,0,0
735936,65535,255,5328,-8534,0,0,0
735937,65535,255,3446,-8278,0,0,0
735938,65535,255,657,-7691,0,0,0
735939,65535,255,2351,10418,0,0,0
735940,65535,255,4564,10652,0,0,0
735941,65535,255,5790,-8607,0,0,0
735942,845,0,4170,-8297,1,0,1
735943,0,0,0,0,0,0,0
735944,65535,255,1402,10177,0,0,0
735945,847,0,3934,10462,1,0,1
735946,984,0,5568,10847,1,0,1
735947,65535,255,4796,-8422,0,0,1
735948,65535,255,2616,-8086,0,0,0
735949,810,0,383,9679,1,0,1
735950,808,0,3194,10422,1,0,1
735951,993,0,5107,10684,1,0,1
735952,775,0,5331,-8499,1,0,1
735953,733,0,3449,-8252,1,0,1
735954,65535,255,662,-7747,0,0,0
735955,65535,255,2351,10270,0,0,0
735956,65535,255,4564,10620,0,0,0
735957,65535,255,5790,-8602,0,0,0
735958,831,0,4170,-8311,1,0,1
735959,825,0,1673,-8089,1,0,1
735960,551,0,1408,10130,1,0,1
735961,1021,0,3937,10485,1,0,1
735962,1185,0,5573,10808,1,0,1
735963,1018,0,4789,-8398,1,0,1
735964,65535,255,2606,-8073,0,0,0
735965,612,0,394,9946,1,0,1
735966,65535,255,3204,10459,0,0,0
735967,65535,255,5112,10737,0,0,0
735968,643,0,5322,-8493,1,0,0
735969,65535,255,3437,-8268,0,0,0
735970,65535,255,644,-7996,0,0,0
735971,65535,255,2366,10380,0,0,0
735972,65535,255,4575,10592,0,0,0
735973,0,0,0,0,0,0,0
735974,65535,255,4156,-8315,0,0,0
735975,669,0,1652,-8146,1,0,1
735976,65535,255,1430,10275,0,0,0
735977,65535,255,3952,10546,0,0,0
735978,65535,255,5583,10807,0,0,0
735979,814,0,4773,-8389,1,0,1
735980,444,0,2581,-8094,1,0,1
735981,677,0,423,10275,1,0,1
735982,386,2,3230,10408,1,0,0
735983,939,0,5126,10705,1,0,1
735984,65535,255,5309,-8549,0,0,0
735985,758,0,3412,-8256,1,0,1
735986,65535,255,610,-8049,0,0,0
735987,721,0,2395,10398,1,0,1
735988,834,0,4596,10626,1,0,1
735989,734,0,5766,-8626,1,0,1
735990,809,0,4128,-8319,1,0,1
735991,65535,255,1613,-8085,0,0,0
735992,544,0,1470,10232,1,0,1
735993,861,0,3979,10551,1,0,1
735994,65535,255,5599,10797,0,0,0
735995,65535,255,4751,-8414,0,0,0
735996,65535,255,2546,-8165,0,0,0
735997,65535,255,471,9703,0,0,0
735998,65535,255,3257,10497,0,0,0
735999,931,0,5145,10731,1,0,1
736000,942,0,5286,-8539,1,0,1
736001,641,0,3382,-8235,1,0,1
736002,726,0,575,-7991,1,0,1
736003,758,0,2420,10412,1,0,1
736004,921,0,4606,10623,1,0,1
736005,932,0,5757,-8624,1,0,1
736006,65535,255,4120,-8281,0,0,0
736007,478,0,1608,-8104,1,0,1
736008,0,0,0,0,0,0,0
736009,885,0,3975,10572,1,0,1
736010,65535,255,5597,10815,0,0,0
736011,65535,255,4755,-8438,0,0,0
736012,65535,255,2557,-8228,0,0,0
736013,65535,255,447,10120,0,0,0
736014,753,0,3244,10411,1,0,1
736015,65535,255,5133,10722,0,0,0
736016,65535,255,5299,-8502,0,0,0
736017,422,0,3399,-8183,1,0,1
736018,65535,255,604,-7828,0,0,0
736019,829,2,2400,10397,1,0,1
736020,963,0,4592,10633,1,0,1
736021,65535,255,5765,-8639,0,0,0
736022,0,0,0,0,0,0,0
736023,65535,255,1624,-7963,0,0,0
736024,65535,255,1453,10185,0,0,0
736025,65535,255,3964,10556,0,0,0
736026,65535,255,5589,10815,0,0,0
736027,65535,255,4764,-8445,0,0,0
736028,65535,255,2566,-8079,0,0,0
736029,65535,255,431,10440,0,0,1
736030,65535,255,3232,10438,0,0,0
736031,763,0,5128,10706,1,0,1
736032,65535,255,5305,-8494,0,0,0
736033,818,0,3408,-8202,1,0,1
736034,355,0,616,-7993,1,0,1
736035,65535,255,2395,10277,0,0,0
736036,827,0,4589,10589,1,0,1
736037,65535,255,5769,-8623,0,0,0
736038,817,0,4138,-8312,1,0,1
736039,65535,255,1630,-7984,0,0,0
736040,65535,255,1453,10254,0,0,0
736041,732,0,3964,10476,1,0,1
736042,1102,0,5587,10850,1,0,1
736043,65535,255,4764,-8416,0,0,1
736044,843,0,2566,-8054,1,0,1
736045,65535,255,436,10650,0,0,0
736046,65535,255,3235,10371,0,0,0
736047,65535,255,5130,10727,0,0,0
736048,65535,255,5304,-8528,0,0,0
736049,770,2,3408,-8281,1,0,1
736050,823,0,604,-7827,1,0,1
736051,719,0,2401,10265,1,0,1
736052,854,0,4596,10602,1,0,1
736053,1275,0,5767,-8639,1,0,1
736054,65535,255,4134,-8360,0,0,0
736055,65535,255,1624,-8165,0,0,0
736056,769,0,1465,10187,1,0,0
736057,891,0,3972,10477,1,0,1
736058,1057,0,5594,10832,1,0,1
736059,65535,255,4760,-8449,0,0,0
736060,65535,255,2556,-8152,0,0,0
736061,65535,255,452,10342,0,0,0
736062,673,0,3249,10355,1,0,1
736063,1236,0,5138,10734,1,0,1
736064,65535,255,5296,-8550,0,0,0
736065,0,0,0,0,0,0,0
736066,843,0,582,-7538,1,0,1
736067,65535,255,2420,10228,0,0,0
736068,65535,255,4609,10605,0,0,0
736069,65535,255,5756,-8589,0,0,0
736070,0,0,0,0,0,0,0
736071,65535,255,1596,-8041,0,0,0
736072,480,0,1493,10104,1,0,0
736073,745,0,3993,10494,1,0,1
736074,903,0,5609,10805,1,0,1
736075,938,0,4741,-8394,1,0,1
736076,65535,255,2527,-8060,0,0,0
736077,65535,255,487,9990,0,0,0
736078,65535,255,3275,10491,0,0,0
736079,65535,255,5155,10747,0,0,0
736080,65535,255,5277,-8502,0,0,0
736081,65535,255,3364,-8278,0,0,0
736082,65535,255,547,-8235,0,0,1
736083,817,0,2453,10288,1,0,1
736084,1133,0,4633,10622,1,0,1
736085,65535,255,5742,-8607,0,0,0
736086,872,0,4096,-8318,1,0,1
736087,658,0,1569,-8100,1,0,1
736088,65535,255,1509,10151,0,0,0
736089,819,0,4002,10482,1,0,1
736090,65535,255,5614,10806,0,0,0
736091,845,0,4737,-8381,1,0,1
736092,645,0,2529,-8140,1,0,1
736093,65535,255,482,9712,0,0,0
736094,65535,255,3266,10442,0,0,0
736095,65535,255,5150,10716,0,0,0
736096,791,0,5287,-8538,1,0,1
736097,621,2,3381,-8206,1,0,1
736098,230,0,576,-7587,1,0,1
736099,65535,255,2425,10282,0,0,0
736100,599,0,4609,10642,1,0,1
736101,1246,0,5758,-8619,1,0,1
736102,0,0,0,0,0,0,0
736103,456,0,1608,-7959,1,0,1
736104,65535,255,1472,10264,0,0,1
736105,65535,255,3976,10550,0,0,0
736106,65535,255,5597,10807,0,0,0
736107,65535,255,4757,-8402,0,0,0
736108,65535,255,2556,-8102,0,0,0
736109,756,0,446,10343,1,0,1
736110,65535,255,3244,10402,0,0,0
736111,713,0,5133,10702,1,0,1
736112,893,0,5301,-8536,1,0,1
736113,635,0,3403,-8218,1,0,1
736114,438,0,604,-7829,1,0,1
736115,570,0,2395,10344,1,0,1
736116,710,0,4593,10584,1,0,1
736117,65535,255,5769,-8587,0,0,1
736118,65535,255,4138,-8317,0,0,0
736119,536,0,1635,-8184,1,0,1
736120,65535,255,1447,10324,0,0,1
736121,65535,255,3956,10571,0,0,0
736122,1074,0,5587,10805,1,0,1
736123,65535,255,4770,-8410,0,0,0
736124,199,0,2576,-8141,1,0,1
736125,65535,255,425,10663,0,0,0
736126,568,0,3222,10457,1,0,1
736127,1029,0,5119,10736,1,0,1
736128,841,0,5310,-8503,1,0,1
736129,773,0,3416,-8175,1,0,1
736130,65535,255,628,-7622,0,0,0
736131,188,2,2380,10330,1,0,1
736132,65535,255,4579,10582,0,0,0
736133,802,0,5774,-8597,1,0,1
736134,658,2,4149,-8340,1,0,1
736135,496,0,1646,-7966,1,0,1
736136,632,0,1431,10136,1,0,0
736137,65535,255,3949,10519,0,0,0
736138,65535,255,5577,10853,0,0,0
736139,563,0,4777,-8394,1,0,1
736140,552,0,2591,-8118,1,0,1
736141,534,0,412,9778,1,0,1
736142,65535,255,3213,10475,0,0,0
736143,930,0,5113,10756,1,0,1
736144,65535,255,5315,-8529,0,0,0
736145,235,0,3429,-8239,1,0,1
736146,65535,255,639,-8096,0,0,0
736147,444,0,2371,10248,1,0,1
736148,65535,255,4572,10656,0,0,0
736149,65535,255,5779,-8621,0,0,0
736150,65535,255,4156,-8334,0,0,0
736151,65535,255,1657,-7966,0,0,1
736152,692,0,1425,10159,1,0,1
736153,65535,255,3942,10540,0,0,0
736154,65535,255,5575,10802,0,0,0
736155,586,0,4781,-8424,1,0,1
736156,65535,255,2596,-8205,0,0,0
736157,65535,255,406,10115,0,0,0
736158,227,0,3208,10417,1,0,1
736159,65535,255,5110,10729,0,0,0
736160,878,2,5318,-8510,1,0,1
736161,65535,255,3429,-8212,0,0,1
736162,257,0,645,-7992,1,0,1
736163,726,0,2366,10247,1,0,1
736164,933,0,4572,10662,1,0,1
736165,880,0,5779,-8598,1,0,1
736166,0,0,0,0,0,0,0
736167,629,0,1657,-8085,1,0,1
736168,539,0,1419,10323,1,0,1
736169,65535,255,3945,10481,0,0,0
736170,65535,255,5576,10844,0,0,0
736171,855,0,4780,-8394,1,0,1
736172,604,0,2596,-8155,1,0,1
736173,65535,255,406,9872,0,0,0
736174,795,0,3212,10398,1,0,0
736175,832,0,5113,10725,1,0,1
736176,65535,255,5318,-8514,0,0,0
736177,65535,255,3429,-8229,0,0,0
736178,368,0,639,-8150,1,0,0
736179,334,0,2371,10302,1,0,1
736180,65535,255,4575,10594,0,0,0
736181,678,0,5779,-8623,1,0,1
736182,235,0,4153,-8299,1,0,1
736183,65535,255,1652,-7926,0,0,0
736184,65535,255,1430,10183,0,0,0
736185,739,0,3949,10563,1,0,1
736186,911,0,5581,10826,1,0,1
736187,688,0,4778,-8429,1,0,0
736188,412,0,2591,-8142,1,0,1
736189,65535,255,412,9878,0,0,0
736190,392,0,3221,10409,1,0,1
736191,894,0,5118,10736,1,0,1
736192,65535,255,5314,-8528,0,0,0
736193,641,0,3424,-8273,1,0,1
736194,65535,255,628,-7675,0,0,0
736195,65535,255,2380,10396,0,0,0
736196,65535,255,4582,10651,0,0,0
736197,951,0,5776,-8597,1,0,1
736198,599,0,4148,-8373,1,0,1
736199,568,0,1641,-8117,1,0,1
736200,535,0,1442,10138,1,0,0
736201,65535,255,3956,10557,0,0,0
736202,65535,255,5586,10827,0,0,0
736203,65535,255,4770,-8386,0,0,0
736204,257,0,2576,-8165,1,0,1
736205,377,0,429,10119,1,0,1
736206,65535,255,3230,10449,0,0,0
736207,65535,255,5130,10692,0,0,0
736208,65535,255,5306,-8492,0,0,0
736209,65535,255,3411,-8209,0,0,0
736210,65535,255,610,-8155,0,0,0
736211,65535,255,2395,10332,0,0,0
736212,65535,255,4595,10628,0,0,0
736213,579,0,5768,-8590,1,0,1
736214,65535,255,4138,-8372,0,0,1
736215,417,0,1621,-8040,1,0,1
736216,340,0,1464,10165,1,0,1
736217,821,0,3971,10574,1,0,1
736218,959,0,5596,10844,1,0,1
736219,592,0,4760,-8419,1,0,1
736220,648,0,2556,-8063,1,0,1
736221,65535,255,454,9613,0,0,0
736222,564,0,3249,10394,1,0,1
736223,540,0,5138,10740,1,0,0
736224,158,2,5295,-8544,1,0,1
736225,623,2,3390,-8180,1,0,1
736226,436,0,586,-8047,1,0,1
736227,613,0,2420,10321,1,0,1
736228,870,0,4609,10631,1,0,1
736229,65535,255,5756,-8596,0,0,0
736230,566,0,4115,-8284,1,0,1
736231,632,0,1591,-8123,1,0,1
736232,596,0,1487,10278,1,0,1
736233,584,0,3986,10560,1,0,1
736234,735,0,5605,10803,1,0,1
736235,65535,255,4747,-8407,0,0,0
736236,365,0,2546,-8138,1,0,0
736237,564,0,464,9796,1,0,1
736238,65535,255,3253,10460,0,0,0
736239,914,0,5141,10745,1,0,1
736240,65535,255,5293,-8515,0,0,0
736241,664,0,3390,-8199,1,0,1
736242,65535,255,587,-7768,0,0,0
736243,330,2,2410,10371,1,0,0
736244,907,0,4603,10610,1,0,1
736245,65535,255,5761,-8616,0,0,0
736246,65535,255,4127,-8353,0,0,0
736247,65535,255,1613,-8104,0,0,0
736248,65535,255,1464,10279,0,0,0
736249,676,0,3972,10573,1,0,1
736250,899,0,5595,10815,1,0,1
736251,614,0,4761,-8438,1,0,1
736252,65535,255,2562,-8227,0,0,0
736253,65535,255,440,10121,0,0,0
736254,65535,255,3239,10411,0,0,0
736255,1124,0,5130,10722,1,0,1
736256,65535,255,5299,-8502,0,0,0
736257,65535,255,3403,-8192,0,0,0
736258,65535,255,604,-7824,0,0,0
736259,65535,255,2396,10397,0,0,0
736260,834,0,4592,10634,1,0,1
736261,1106,0,5767,-8639,1,0,0
736262,752,0,4134,-8317,1,0,1
736263,610,0,1624,-7963,1,0,1
736264,715,0,1453,10162,1,0,1
736265,520,0,3961,10550,1,0,1
736266,973,0,5590,10810,1,0,1
736267,65535,255,4764,-8439,0,0,0
736268,607,0,2566,-8053,1,0,1
736269,65535,255,436,10423,0,0,0
736270,65535,255,3231,10467,0,0,0
736271,773,0,5125,10741,1,0,1
736272,65535,255,5302,-8546,0,0,0
736273,65535,255,3408,-8290,0,0,0
736274,65535,255,615,-8134,0,0,0
736275,65535,255,2391,10251,0,0,0
736276,897,0,4586,10627,1,0,1
736277,65535,255,5769,-8613,0,0,0
736278,65535,255,4142,-8353,0,0,1
736279,65535,255,1635,-7944,0,0,0
736280,240,0,1441,10150,1,0,0
736281,703,0,3953,10475,1,0,1
736282,65535,255,5582,10813,0,0,0
736283,65535,255,4774,-8411,0,0,0
736284,65535,255,2586,-8130,0,0,0
736285,664,0,413,10600,1,0,1
736286,65535,255,3217,10437,0,0,0
736287,65535,255,5114,10720,0,0,0
736288,901,0,5314,-8517,1,0,1
736289,65535,255,3429,-8274,0,0,0
736290,463,0,639,-8200,1,0,1
736291,757,0,2371,10248,1,0,1
736292,761,0,4572,10638,1,0,1
736293,65535,255,5781,-8632,0,0,0
736294,760,0,4156,-8285,1,0,1
736295,410,0,1663,-8105,1,0,1
736296,65535,255,1419,10276,0,0,0
736297,731,0,3938,10562,1,0,1
736298,65535,255,5574,10803,0,0,0
736299,808,0,4787,-8412,1,0,1
736300,509,0,2601,-8155,1,0,1
736301,815,0,396,9613,1,0,1
736302,710,0,3204,10494,1,0,1
736303,952,0,5108,10724,1,0,1
736304,0,0,0,0,0,0,0
736305,65535,255,3441,-8231,0,0,0
736306,657,0,656,-8043,1,0,1
736307,758,0,2356,10220,1,0,0
736308,815,0,4565,10642,1,0,1
736309,997,0,5788,-8637,1,0,1
736310,65535,255,4167,-8314,0,0,0
736311,519,0,1674,-7910,1,0,1
736312,65535,255,1408,10062,0,0,0
736313,65535,255,3934,10510,0,0,0
736314,1054,0,5571,10847,1,0,1
736315,803,0,4793,-8390,1,0,1
736316,65535,255,2610,-8131,0,0,0
736317,65535,255,391,9522,0,0,0
736318,630,0,3199,10409,1,0,1
736319,65535,255,5107,10693,0,0,0
736320,708,0,5330,-8550,1,0,1
736321,714,0,3446,-8284,1,0,1
736322,584,0,657,-7641,1,0,1
736323,65535,255,2351,10353,0,0,0
736324,65535,255,4565,10611,0,0,0
736325,65535,255,5790,-8629,0,0,0
736326,776,0,4170,-8300,1,0,1
736327,701,0,1674,-7910,1,0,1
736328,65535,255,1408,10134,0,0,0
736329,65535,255,3933,10539,0,0,0
736330,65535,255,5573,10807,0,0,0
736331,65535,255,4792,-8435,0,0,0
736332,65535,255,2606,-8058,0,0,0
736333,652,0,389,10458,1,0,0
736334,460,0,3203,10474,1,0,1
736335,786,0,5110,10688,1,0,1
736336,65535,255,5328,-8554,0,0,0
736337,65535,255,3444,-8281,0,0,0
736338,65535,255,650,-7787,0,0,0
736339,790,0,2360,10409,1,0,1
736340,517,0,4568,10649,1,0,1
736341,928,0,5785,-8593,1,0,1
736342,65535,255,4166,-8361,0,0,0
736343,65535,255,1667,-8104,0,0,0
736344,624,0,1419,10370,1,0,1
736345,65535,255,3945,10512,0,0,0
736346,902,0,5578,10795,1,0,1
736347,818,0,4786,-8428,1,0,1
736348,0,0,0,0,0,0,0
736349,65535,255,401,10615,0,0,0
736350,65535,255,3214,10437,0,0,0
736351,65535,255,5115,10710,0,0,0
736352,65535,255,5320,-8503,0,0,1
736353,65535,255,3428,-8219,0,0,0
736354,712,0,639,-8147,1,0,1
736355,0,0,0,0,0,0,0
736356,65535,255,4579,10614,0,0,0
736357,65535,255,5778,-8639,0,0,0
736358,65535,255,4152,-8339,0,0,0
736359,65535,255,1646,-8063,0,0,0
736360,603,0,1436,10348,1,0,1
736361,747,0,3956,10513,1,0,1
736362,65535,255,5586,10801,0,0,0
736363,65535,255,4774,-8444,0,0,0
736364,450,2,2581,-8115,1,0,0
736365,413,0,430,9738,1,0,1
736366,675,0,3231,10412,1,0,1
736367,65535,255,5124,10744,0,0,0
736368,65535,255,5309,-8545,0,0,0
736369,65535,255,3407,-8172,0,0,0
736370,65535,255,610,-7937,0,0,0
736371,586,0,2396,10280,1,0,1
736372,606,0,4592,10605,1,0,1
736373,65535,255,5768,-8637,0,0,0
736374,850,0,4134,-8343,1,0,1
736375,65535,255,1619,-8121,0,0,0
736376,65535,255,1465,10097,0,0,0
736377,65535,255,3972,10553,0,0,0
736378,861,0,5595,10831,1,0,1
736379,65535,255,4754,-8400,0,0,0
736380,472,0,2555,-8200,1,0,1
736381,680,0,453,10565,1,0,1
736382,65535,255,3253,10377,0,0,0
736383,65535,255,5139,10732,0,0,0
736384,65535,255,5291,-8537,0,0,0
736385,676,0,3387,-8267,1,0,1
736386,65535,255,582,-8142,0,0,0
736387,65535,255,2420,10323,0,0,0
736388,874,0,4606,10595,1,0,1
736389,872,0,5752,-8616,1,0,0
736390,470,0,4113,-8277,1,0,1
736391,65535,255,1597,-8162,0,0,0
736392,636,0,1482,10381,1,0,1
736393,65535,255,3987,10504,0,0,0
736394,997,2,5603,10852,1,0,1
736395,65535,255,4741,-8403,0,0,0
736396,65535,255,2537,-8173,0,0,0
736397,656,0,476,9988,1,0,1
736398,65535,255,3262,10407,0,0,0
736399,65535,255,5145,10728,0,0,0
736400,709,2,5283,-8516,1,0,1
736401,65535,255,3373,-8230,0,0,0
736402,65535,255,570,-8165,0,0,0
736403,577,2,2435,10299,1,0,0
736404,65535,255,4617,10597,0,0,0
736405,1021,0,5745,-8619,1,0,1
736406,65535,255,4101,-8296,0,0,0
736407,65535,255,1575,-7910,0,0,0
736408,65535,255,1504,10152,0,0,0
736409,743,0,3998,10550,1,0,1
736410,1393,0,5610,10817,1,0,1
736411,645,0,4731,-8425,1,0,1
736412,65535,255,2517,-8107,0,0,0
736413,65535,255,500,9736,0,0,0
736414,344,0,3275,10419,1,0,1
736415,237,0,5153,10761,1,0,1
736416,653,0,5277,-8485,1,0,1
736417,65535,255,3365,-8211,0,0,0
736418,65535,255,564,-8284,0,0,0
736419,664,0,2435,10377,1,0,1
736420,846,0,4613,10658,1,0,1
736421,65535,255,5750,-8615,0,0,0
736422,559,0,4108,-8318,1,0,1
736423,765,0,1591,-8057,1,0,1
736424,65535,255,1488,10171,0,0,0
736425,65535,255,3983,10548,0,0,0
736426,901,0,5602,10834,1,0,1
736427,65535,255,4748,-8409,0,0,0
736428,623,0,2541,-8059,1,0,1
736429,501,2,466,9699,1,0,1
736430,65535,255,3253,10425,0,0,0
736431,65535,255,5137,10738,0,0,0
736432,65535,255,5293,-8497,0,0,0
736433,606,2,3394,-8250,1,0,1
736434,65535,255,593,-7712,0,0,0
736435,65535,255,2410,10269,0,0,0
736436,65535,255,4599,10613,0,0,0
736437,711,0,5761,-8587,1,0,1
736438,468,0,4131,-8286,1,0,0
736439,0,0,0,0,0,0,0
736440,65535,255,1459,10144,0,0,0
736441,65535,255,3972,10481,0,0,0
736442,65535,255,5592,10800,0,0,0
736443,836,0,4764,-8459,1,0,1
736444,516,0,2571,-8187,1,0,1
736445,675,0,436,10580,1,0,1
736446,903,0,3235,10394,1,0,1
736447,65535,255,5127,10760,0,0,0
736448,65535,255,5306,-8500,0,0,0
736449,574,0,3411,-8260,1,0,1
736450,65535,255,615,-7829,0,0,0
736451,761,0,2390,10306,1,0,1
736452,881,0,4589,10642,1,0,1
736453,664,0,5773,-8615,1,0,1
736454,583,0,4145,-8330,1,0,1
736455,714,0,1640,-8161,1,0,1
736456,685,0,1442,10210,1,0,1
736457,65535,255,3956,10507,0,0,0
736458,65535,255,5584,10820,0,0,0
736459,65535,255,4773,-8407,0,0,0
736460,65535,255,2580,-8089,0,0,1
736461,65535,255,418,10039,0,0,1
736462,65535,255,3222,10486,0,0,0
736463,1007,0,5121,10739,1,0,1
736464,933,0,5314,-8487,1,0,1
736465,842,0,3424,-8244,1,0,1
736466,446,0,633,-7886,1,0,1
736467,65535,255,2376,10331,0,0,0
736468,65535,255,4578,10659,0,0,0
736469,149,2,5778,-8629,1,0,1
736470,65535,255,4156,-8372,0,0,0
736471,65535,255,1651,-7963,0,0,1
736472,65535,255,1431,10244,0,0,0
736473,65535,255,3949,10573,0,0,0
736474,65535,255,5581,10797,0,0,0
736475,65535,255,4780,-8385,0,0,0
736476,537,0,2591,-8054,1,0,1
736477,65535,255,412,9961,0,0,0
736478,375,0,3212,10487,1,0,1
736479,65535,255,5116,10743,0,0,0
736480,845,0,5317,-8497,1,0,1
736481,574,0,3428,-8271,1,0,1
736482,667,0,638,-8096,1,0,1
736483,65535,255,2371,10398,0,0,0
736484,65535,255,4575,10603,0,0,0
736485,251,2,5781,-8595,1,0,1
736486,581,0,4155,-8317,1,0,1
736487,65535,255,1657,-8161,0,0,0
736488,446,0,1424,10279,1,0,1
736489,65535,255,3945,10543,0,0,0
736490,993,0,5577,10851,1,0,1
736491,910,0,4783,-8455,1,0,1
736492,345,0,2596,-8226,1,0,1
736493,573,0,406,9876,1,0,1
736494,816,0,3213,10487,1,0,1
736495,65535,255,5113,10748,0,0,0
736496,65535,255,5317,-8502,0,0,0
736497,65535,255,3429,-8288,0,0,0
736498,0,0,0,0,0,0,0
736499,217,0,2371,10238,1,0,1
736500,65535,255,4575,10628,0,0,0
736501,65535,255,5778,-8616,0,0,0
736502,65535,255,4156,-8365,0,0,0
736503,471,0,1651,-7982,1,0,1
736504,553,0,1426,10091,1,0,1
736505,597,0,3946,10492,1,0,0
736506,1177,0,5577,10824,1,0,1
736507,65535,255,4780,-8432,0,0,0
736508,481,0,2591,-8176,1,0,1
736509,65535,255,414,9561,0,0,0
736510,65535,255,3213,10469,0,0,0
736511,65535,255,5114,10738,0,0,0
736512,261,0,5315,-8501,1,0,1
736513,492,0,3427,-8244,1,0,1
736514,65535,255,639,-8175,0,0,0
736515,65535,255,2376,10265,0,0,0
736516,65535,255,4576,10646,0,0,0
736517,65535,255,5777,-8633,0,0,0
736518,65535,255,4149,-8282,0,0,0
736519,65535,255,1646,-8081,0,0,0
736520,65535,255,1430,10232,0,0,0
736521,65535,255,3949,10543,0,0,0
736522,1182,0,5577,10856,1,0,1
736523,643,0,4774,-8385,1,0,1
736524,661,0,2581,-8089,1,0,1
736525,235,0,418,10360,1,0,1
736526,65535,255,3217,10411,0,0,0
736527,766,0,5119,10714,1,0,1
736528,65535,255,5310,-8506,0,0,0
736529,65535,255,3420,-8270,0,0,0
736530,0,0,0,0,0,0,0
736531,478,0,2381,10253,1,0,1
736532,65535,255,4579,10641,0,0,0
736533,437,0,5772,-8636,1,0,1
736534,502,0,4145,-8295,1,0,1
736535,618,0,1641,-8141,1,0,1
736536,519,0,1442,10304,1,0,0
736537,65535,255,3953,10567,0,0,0
736538,795,0,5585,10812,1,0,1
736539,493,0,4768,-8424,1,0,1
736540,65535,255,2576,-8175,0,0,0
736541,65535,255,430,9739,0,0,0
736542,65535,255,3226,10492,0,0,0
736543,65535,255,5122,10761,0,0,0
736544,67,0,5305,-8528,1,0,1
736545,65535,255,3407,-8224,0,0,0
736546,690,0,616,-7935,1,0,1
736547,555,2,2391,10414,1,0,1
736548,65535,255,4589,10624,0,0,0
736549,757,0,5767,-8626,1,0,1
736550,873,2,4135,-8279,1,0,1
736551,65535,255,1624,-8121,0,0,0
736552,518,0,1453,10304,1,0,1
736553,65535,255,3964,10576,0,0,0
736554,1031,0,5592,10818,1,0,1
736555,65535,255,4761,-8434,0,0,0
736556,409,0,2561,-8074,1,0,1
736557,555,0,447,10348,1,0,1
736558,65535,255,3244,10434,0,0,0
736559,1123,0,5132,10732,1,0,1
736560,65535,255,5299,-8508,0,0,0
736561,552,0,3395,-8195,1,0,1
736562,461,0,592,-7821,1,0,0
736563,65535,255,2410,10389,0,0,0
736564,65535,255,4602,10620,0,0,0
736565,722,0,5759,-8624,1,0,1
736566,410,0,4123,-8291,1,0,1
736567,852,0,1607,-8160,1,0,1
736568,65535,255,1476,10373,0,0,0
736569,65535,255,3983,10490,0,0,0
736570,1125,0,5602,10839,1,0,1
736571,65535,255,4747,-8379,0,0,0
736572,485,2,2541,-8096,1,0,1
736573,81,0,465,10555,1,0,1
736574,65535,255,3257,10474,0,0,0
736575,65535,255,5144,10759,0,0,0
736576,341,0,5287,-8534,1,0,1
736577,65535,255,3382,-8256,0,0,0
736578,656,0,575,-8220,1,0,1
736579,65535,255,2430,10286,0,0,0
736580,892,0,4617,10642,1,0,1
736581,65535,255,5751,-8604,0,0,0
736582,140,0,4108,-8336,1,0,1
736583,394,0,1580,-8097,1,0,1
736584,65535,255,1503,10328,0,0,0
736585,65535,255,4002,10486,0,0,0
736586,65535,255,5614,10842,0,0,0
736587,65535,255,4737,-8383,0,0,0
736588,270,0,2526,-8132,1,0,1
736589,65535,255,483,9649,0,0,0
736590,65535,255,3267,10452,0,0,0
736591,265,0,5150,10704,1,0,1
736592,1255,1,5287,-8480,1,0,1
736593,65535,255,3383,-8196,0,0,0
736594,65535,255,581,-7647,0,0,0
736595,306,0,2420,10377,1,0,0
736596,65535,255,4606,10627,0,0,0
736597,65535,255,5761,-8633,0,0,0
736598,65535,255,4126,-8319,0,0,0
736599,65535,255,1613,-7956,0,0,0
736600,748,0,1464,10191,1,0,1
736601,65535,255,3971,10562,0,0,0
736602,65535,255,5594,10819,0,0,0
736603,65535,255,4757,-8383,0,0,0
736604,761,2,2561,-8201,1,0,1
736605,65535,255,448,10569,0,0,0
736606,65535,255,3244,10384,0,0,0
736607,705,0,5130,10749,1,0,1
736608,65535,255,5303,-8507,0,0,0
736609,65535,255,3407,-8217,0,0,0
736610,473,0,611,-7557,1,0,0
736611,65535,255,2393,10304,0,0,0
736612,65535,255,4589,10597,0,0,0
736613,955,0,5774,-8638,1,0,1
736614,65535,255,4145,-8372,0,0,0
736615,387,0,1641,-7923,1,0,1
736616,783,0,1436,10302,1,0,1
736617,815,0,3953,10528,1,0,1
736618,65535,255,5582,10828,0,0,0
736619,498,0,4777,-8410,1,0,1
736620,65535,255,2591,-8080,0,0,0
736621,628,0,406,9956,1,0,1
736622,762,0,3213,10467,1,0,1
736623,65535,255,5113,10721,0,0,0
736624,65535,255,5320,-8538,0,0,0
736625,65535,255,3433,-8193,0,0,1
736626,65535,255,651,-8245,0,0,0
736627,65535,255,2361,10423,0,0,0
736628,0,0,0,0,0,0,0
736629,65535,255,5784,-8614,0,0,1
736630,629,0,4163,-8285,1,0,1
736631,607,2,1668,-8025,1,0,1
736632,65535,255,1409,10062,0,0,0
736633,716,0,3931,10563,1,0,0
736634,1464,0,5567,10793,1,0,1
736635,545,0,4793,-8459,1,0,1
736636,644,0,2616,-8205,1,0,1
736637,65535,255,385,9510,0,0,0
736638,570,0,3191,10436,1,0,1
736639,65535,255,5099,10708,0,0,0
736640,65535,255,5331,-8535,0,0,0
736641,65535,255,3450,-8196,0,0,0
736642,65535,255,675,-7599,0,0,1
736643,65535,255,2341,10258,0,0,0
736644,939,0,4552,10623,1,0,1
736645,65535,255,5794,-8608,0,0,0
736646,65535,255,4182,-8335,0,0,0
736647,65535,255,1696,-8184,0,0,0
736648,614,0,1385,10276,1,0,1
736649,804,0,3916,10538,1,0,1
736650,1087,0,5557,10846,1,0,1
736651,65535,255,4807,-8443,0,0,0
736652,65535,255,2631,-8182,0,0,0
736653,670,0,362,9467,1,0,0
736654,1035,0,3173,10443,1,0,1
736655,65535,255,5088,10717,0,0,0
736656,65535,255,5339,-8546,0,0,0
736657,720,0,3467,-8233,1,0,1
736658,865,0,691,-7848,1,0,1
736659,65535,255,2325,10340,0,0,0
736660,65535,255,4545,10579,0,0,0
736661,65535,255,5801,-8644,0,0,0
736662,65535,255,4189,-8296,0,0,0
736663,403,2,1706,-8087,1,0,0
736664,65535,255,1368,10201,0,0,0
736665,707,0,3904,10522,1,0,1
736666,983,0,5551,10840,1,0,1
736667,856,0,4813,-8443,1,0,1
736668,65535,255,2645,-8194,0,0,0
736669,65535,255,349,9636,0,0,0
736670,829,0,3163,10472,1,0,1
736671,65535,255,5082,10736,0,0,0
736672,795,0,5345,-8498,1,0,1
736673,65535,255,3475,-8285,0,0,0
736674,65535,255,703,-8183,0,0,0
736675,617,0,2320,10242,1,0,1
736676,65535,255,4538,10634,0,0,0
736677,65535,255,5805,-8618,0,0,0
736678,65535,255,4199,-8365,0,0,0
736679,631,0,1712,-8010,1,0,1
736680,65535,255,1363,10127,0,0,0
736681,701,0,3904,10507,1,0,1
736682,1073,0,5551,10835,1,0,1
736683,65535,255,4818,-8443,0,0,0
736684,925,0,2650,-8206,1,0,1
736685,65535,255,346,9338,0,0,0
736686,65535,255,3163,10462,0,0,0
736687,65535,255,5084,10737,0,0,0
736688,489,0,5347,-8498,1,0,1
736689,669,0,3478,-8280,1,0,1
736690,65535,255,704,-7569,0,0,0
736691,65535,255,2315,10283,0,0,0
736692,65535,255,4537,10658,0,0,0
736693,840,0,5807,-8643,1,0,0
736694,65535,255,4199,-8303,0,0,0
736695,65535,255,1718,-8164,0,0,0
736696,65535,255,1362,10324,0,0,0
736697,65535,255,3905,10532,0,0,0
736698,65535,255,5553,10813,0,0,0
736699,65535,255,4815,-8420,0,0,0
736700,680,0,2645,-8169,1,0,1
736701,589,0,349,9637,1,0,1
736702,65535,255,3167,10492,0,0,0
736703,65535,255,5087,10741,0,0,0
736704,65535,255,5347,-8522,0,0,0
736705,65535,255,3475,-8215,0,0,0
736706,65535,255,696,-7849,0,0,0
736707,65535,255,2319,10382,0,0,0
736708,1142,0,4544,10610,1,0,1
736709,65535,255,5804,-8613,0,0,0
736710,65535,255,4195,-8363,0,0,1
736711,65535,255,1706,-8048,0,0,0
736712,925,0,1374,10203,1,0,0
736713,666,0,3911,10546,1,0,1
736714,65535,255,5558,10796,0,0,0
736715,65535,255,4812,-8403,0,0,0
736716,745,0,2640,-8145,1,0,1
736717,65535,255,362,9473,0,0,0
736718,65535,255,3176,10483,0,0,0
736719,65535,255,5090,10754,0,0,0
736720,162,2,5344,-8525,1,0,1
736721,218,2,3466,-8222,1,0,0
736722,639,0,685,-7942,1,0,1
736723,824,0,2330,10411,1,0,1
736724,782,0,4551,10630,1,0,1
736725,60,2,5799,-8628,1,0,0
736726,65535,255,4185,-8293,0,0,0
736727,65535,255,1695,-8144,0,0,0
736728,775,0,1385,10349,1,0,1
736729,739,0,3922,10481,1,0,1
736730,65535,255,5563,10830,0,0,0
736731,65535,255,4803,-8452,0,0,0
736732,284,0,2625,-8070,1,0,1
736733,637,0,372,10380,1,0,1
736734,65535,255,3185,10436,0,0,0
736735,65535,255,5098,10735,0,0,0
736736,795,0,5333,-8509,1,0,1
736737,65535,255,3454,-8203,0,0,0
736738,339,0,668,-7890,1,0,1
736739,386,0,2346,10399,1,0,1
736740,669,0,4562,10626,1,0,1
736741,152,2,5790,-8631,1,0,0
736742,784,0,4170,-8298,1,0,1
736743,65535,255,1676,-8081,0,0,0
736744,884,0,1406,10194,1,0,1
736745,805,0,3934,10498,1,0,1
736746,1103,0,5569,10845,1,0,1
736747,1151,0,4790,-8386,1,0,1
736748,666,0,2606,-8116,1,0,1
736749,68,2,397,9450,1,0,0
736750,415,0,3199,10487,1,0,1
736751,792,0,5109,10708,1,0,1
736752,1070,0,5323,-8541,1,0,1
736753,618,0,3433,-8262,1,0,1
736754,517,0,645,-8248,1,0,1
736755,960,0,2366,10305,1,0,1
736756,110,2,4572,10591,1,0,0
736757,1047,0,5779,-8607,1,0,1
736758,449,2,4156,-8379,1,0,1
736759,679,2,1652,-8102,1,0,1
736760,674,0,1431,10327,1,0,1
736761,875,0,3949,10485,1,0,1
736762,1092,0,5579,10839,1,0,1
736763,1031,0,4774,-8384,1,0,1
736764,454,0,2580,-8126,1,0,0
736765,65535,255,426,9576,0,0,0
736766,755,0,3224,10427,1,0,1
736767,549,0,5122,10700,1,0,0
736768,869,0,5304,-8484,1,0,1
736769,692,0,3409,-8216,1,0,1
736770,65535,255,616,-7666,0,0,0
736771,863,0,2391,10374,1,0,1
736772,850,0,4590,10625,1,0,1
736773,878,0,5764,-8638,1,0,1
736774,65535,255,4131,-8320,0,0,0
736775,65535,255,1619,-7958,0,0,0
736776,845,0,1459,10191,1,0,1
736777,1049,0,3968,10555,1,0,1
736778,0,0,0,0,0,0,0
736779,65535,255,4754,-8450,0,0,0
736780,830,0,2551,-8084,1,0,1
736781,689,0,454,10638,1,0,1
736782,610,0,3249,10493,1,0,1
736783,65535,255,5137,10729,0,0,0
736784,65535,255,5293,-8535,0,0,0
736785,863,0,3390,-8167,1,0,1
736786,85,2,592,-8042,1,0,1
736787,735,0,2410,10324,1,0,1
736788,804,0,4600,10639,1,0,1
736789,65535,255,5759,-8602,0,0,0
736790,476,0,4124,-8297,1,0,1
736791,838,0,1613,-8017,1,0,1
736792,809,0,1465,10375,1,0,1
736793,65535,255,3972,10548,0,0,0
736794,65535,255,5592,10834,0,0,0
736795,226,0,4757,-8415,1,0,1
736796,735,0,2556,-8072,1,0,1
736797,656,0,447,9829,1,0,1
736798,633,0,3240,10435,1,0,1
736799,689,0,5133,10697,1,0,1
736800,65535,255,5299,-8511,0,0,0
736801,349,0,3403,-8275,1,0,0
736802,65535,255,604,-7880,0,0,0
736803,65535,255,2401,10309,0,0,0
736804,65535,255,4592,10632,0,0,0
736805,65535,255,5764,-8603,0,0,0
736806,65535,255,4134,-8313,0,0,0
736807,432,0,1623,-8078,1,0,1
736808,530,2,1460,10099,1,0,0
736809,65535,255,3964,10577,0,0,0
736810,959,0,5589,10860,1,0,1
736811,65535,255,4764,-8451,0,0,0
736812,65535,255,2566,-8173,0,0,0
736813,362,0,435,10431,1,0,1
736814,65535,255,3235,10386,0,0,0
736815,65535,255,5127,10752,0,0,0
736816,700,0,5304,-8492,1,0,1
736817,368,0,3407,-8249,1,0,1
736818,909,0,609,-7826,1,0,1
736819,65535,255,2396,10309,0,0,0
736820,65535,255,4592,10644,0,0,0
736821,1039,0,5768,-8612,1,0,1
736822,562,0,4138,-8334,1,0,1
736823,224,0,1629,-8159,1,0,1
736824,781,0,1453,10236,1,0,1
736825,857,0,3968,10511,1,0,0
736826,65535,255,5592,10824,0,0,0
736827,297,0,4763,-8409,1,0,1
736828,687,0,2565,-8097,1,0,1
736829,745,0,435,10047,1,0,1
736830,972,0,3235,10491,1,0,1
736831,65535,255,5130,10737,0,0,0
736832,0,0,0,0,0,0,0
736833,65535,255,3407,-8240,0,0,0
736834,65535,255,604,-7822,0,0,0
736835,488,0,2400,10323,1,0,1
736836,955,0,4592,10651,1,0,1
736837,65535,255,5768,-8625,0,0,0
736838,822,0,4137,-8361,1,0,1
736839,145,2,1624,-7936,1,0,1
736840,65535,255,1459,10352,0,0,0
736841,825,0,3968,10555,1,0,1
736842,65535,255,5591,10856,0,0,0
736843,980,0,4763,-8456,1,0,1
736844,65535,255,2566,-8209,0,0,0
736845,65535,255,448,9683,0,0,0
736846,652,2,3239,10454,1,0,1
736847,367,2,5133,10722,1,0,1
736848,138,2,5301,-8545,1,0,0
736849,644,0,3398,-8230,1,0,1
736850,65535,255,598,-7766,0,0,0
736851,482,0,2405,10323,1,0,1
736852,489,0,4599,10658,1,0,1
736853,840,0,5763,-8632,1,0,1
736854,355,0,4128,-8336,1,0,0
736855,676,0,1613,-7996,1,0,0
736856,757,0,1471,10080,1,0,1
736857,222,0,3975,10495,1,0,1
736858,976,0,5597,10808,1,0,1
736859,748,0,4754,-8402,1,0,1
736860,65535,255,2551,-8096,0,0,0
736861,65535,255,452,10202,0,0,0
736862,656,0,3254,10380,1,0,1
736863,182,2,5138,10765,1,0,0
736864,1142,0,5293,-8514,1,0,1
736865,623,0,3386,-8175,1,0,1
736866,532,0,584,-7838,1,0,1
736867,659,0,2420,10260,1,0,1
736868,65535,255,4606,10635,0,0,0
736869,65535,255,5757,-8618,0,0,0
736870,65535,255,4120,-8359,0,0,1
736871,219,0,1596,-7952,1,0,1
736872,336,0,1482,10233,1,0,0
736873,65535,255,3983,10587,0,0,0
736874,65535,255,5603,10809,0,0,1
736875,362,0,4744,-8406,1,0,1
736876,682,0,2536,-8106,1,0,1
736877,65535,255,470,10340,0,0,0
736878,766,0,3262,10400,1,0,0
736879,65535,255,5145,10700,0,0,0
736880,65535,255,5285,-8533,0,0,0
736881,681,0,3373,-8209,1,0,1
736882,598,0,569,-7696,1,0,1
736883,665,0,2430,10327,1,0,1
736884,65535,255,4613,10667,0,0,0
736885,1262,0,5747,-8577,1,0,1
736886,662,0,4104,-8293,1,0,1
736887,571,0,1580,-8095,1,0,1
736888,65535,255,1498,10219,0,0,0
736889,65535,255,3995,10530,0,0,0
736890,1433,1,5608,10847,1,0,1
736891,65535,255,4733,-8414,0,0,0
736892,65535,255,2517,-8042,0,0,0
736893,65535,255,493,9998,0,0,0
736894,65535,255,3275,10411,0,0,0
736895,677,0,5153,10758,1,0,1
736896,645,0,5275,-8536,1,0,1
736897,760,0,3365,-8280,1,0,1
736898,695,0,558,-7569,1,0,0
736899,529,0,2435,10366,1,0,1
736900,781,0,4617,10625,1,0,1
736901,320,0,5746,-8608,1,0,1
736902,667,0,4105,-8322,1,0,1
736903,65535,255,1585,-7972,0,0,0
736904,0,0,0,0,0,0,0
736905,636,2,3987,10573,1,0,0
736906,65535,255,5603,10828,0,0,0
736907,926,0,4742,-8411,1,0,1
736908,701,0,2536,-8119,1,0,1
736909,65535,255,472,9707,0,0,0
736910,65535,255,3258,10380,0,0,0
736911,65535,255,5139,10720,0,0,0
736912,65535,255,5288,-8504,0,0,0
736913,65535,255,3386,-8210,0,0,0
736914,65535,255,587,-8098,0,0,0
736915,368,0,2411,10285,1,0,1
736916,65535,255,4600,10591,0,0,0
736917,917,0,5759,-8614,1,0,1
736918,65535,255,4123,-8289,0,0,0
736919,214,0,1613,-7894,1,0,1
736920,65535,255,1465,10147,0,0,0
736921,1153,0,3968,10549,1,0,1
736922,729,0,5592,10816,1,0,1
736923,915,2,4761,-8450,1,0,1
736924,550,0,2561,-8110,1,0,0
736925,65535,255,442,9677,0,0,0
736926,556,0,3236,10378,1,0,1
736927,65535,255,5128,10722,0,0,0
736928,994,0,5304,-8511,1,0,1
736929,65535,255,3407,-8231,0,0,0
736930,281,0,616,-8256,1,0,1
736931,480,0,2390,10336,1,0,1
736932,340,2,4586,10619,1,0,0
736933,65535,255,5771,-8638,0,0,0
736934,65535,255,4145,-8334,0,0,0
736935,162,0,1640,-8139,1,0,1
736936,616,0,1443,10073,1,0,1
736937,710,0,3956,10540,1,0,1
736938,1212,1,5584,10814,1,0,1
736939,65535,255,4773,-8452,0,0,0
736940,65535,255,2581,-8111,0,0,0
736941,65535,255,419,9726,0,0,0
736942,65535,255,3222,10404,0,0,0
736943,517,0,5118,10736,1,0,1
736944,599,0,5314,-8528,1,0,1
736945,65535,255,3428,-8269,0,0,0
736946,508,0,633,-7725,1,0,1
736947,579,0,2371,10427,1,0,1
736948,909,0,4575,10661,1,0,1
736949,65535,255,5780,-8605,0,0,0
736950,168,0,4156,-8294,1,0,0
736951,65535,255,1651,-7940,0,0,0
736952,340,0,1425,10235,1,0,1
736953,65535,255,3946,10479,0,0,0
736954,1080,0,5577,10853,1,0,1
736955,65535,255,4783,-8418,0,0,0
736956,468,0,2596,-8051,1,0,1
736957,530,2,404,10202,1,0,0
736958,65535,255,3208,10374,0,0,0
736959,65535,255,5110,10729,0,0,0
736960,65535,255,5322,-8529,0,0,0
736961,65535,255,3437,-8278,0,0,0
736962,551,0,650,-7783,1,0,1
736963,617,0,2366,10253,1,0,1
736964,65535,255,4572,10592,0,0,0
736965,1068,0,5785,-8627,1,0,1
736966,65535,255,4163,-8329,0,0,1
736967,0,0,0,0,0,0,0
736968,601,0,1431,10230,1,0,1
736969,396,0,3949,10512,1,0,1
736970,1070,0,5579,10822,1,0,1
736971,749,0,4783,-8410,1,0,1
736972,65535,255,2595,-8092,0,0,0
736973,65535,255,400,10115,0,0,0
736974,65535,255,3206,10431,0,0,0
736975,826,0,5110,10741,1,0,1
736976,65535,255,5323,-8514,0,0,0
736977,399,0,3441,-8247,1,0,1
736978,645,0,656,-7839,1,0,1
736979,532,0,2356,10328,1,0,1
736980,903,0,4565,10655,1,0,1
736981,389,2,5790,-8628,1,0,1
736982,544,0,4170,-8369,1,0,1
736983,550,2,1673,-7968,1,0,1
736984,643,0,1404,10319,1,0,1
736985,661,0,3930,10569,1,0,1
736986,65535,255,5569,10798,0,0,0
736987,767,0,4797,-8423,1,0,1
736988,105,2,2617,-8113,1,0,1
736989,168,0,377,9849,1,0,1
736990,148,2,3186,10483,1,0,1
736991,65535,255,5099,10739,0,0,0
736992,0,0,0,0,0,0,0
736993,65535,255,3458,-8258,0,0,0
736994,596,2,673,-7991,1,0,1
736995,65535,255,2336,10382,0,0,0
736996,803,0,4555,10592,1,0,1
736997,65535,255,5795,-8613,0,0,0
736998,813,0,4181,-8308,1,0,1
736999,65535,255,1695,-8125,0,0,0
737000,303,0,1385,10250,1,0,1
737001,65535,255,3916,10531,0,0,0
737002,1151,0,5557,10846,1,0,1
737003,740,0,4806,-8454,1,0,1
737004,65535,255,2636,-8218,0,0,0
737005,310,0,360,9744,1,0,1
737006,246,0,3172,10482,1,0,1
737007,805,0,5091,10743,1,0,1
737008,65535,255,5339,-8502,0,0,0
737009,65535,255,3467,-8293,0,0,0
737010,622,0,692,-8234,1,0,1
737011,663,0,2331,10243,1,0,1
737012,730,0,4545,10634,1,0,1
737013,1143,0,5800,-8622,1,0,1
737014,65535,255,4188,-8370,0,0,0
737015,130,2,1700,-8028,1,0,0
737016,630,0,1375,10129,1,0,1
737017,672,0,3908,10508,1,0,1
737018,973,0,5554,10836,1,0,1
737019,65535,255,4810,-8443,0,0,0
737020,810,0,2640,-8206,1,0,1
737021,65535,255,354,9827,0,0,1
737022,65535,255,3172,10374,0,0,0
737023,808,2,5085,10747,1,0,0
737024,65535,255,5342,-8517,0,0,0
737025,65535,255,3467,-8197,0,0,0
737026,665,0,691,-7752,1,0,1
737027,712,0,2320,10340,1,0,1
737028,592,0,4545,10585,1,0,1
737029,65535,255,5800,-8596,0,0,0
737030,65535,255,4188,-8337,0,0,0
737031,65535,255,1706,-7934,0,0,0
737032,65535,255,1375,10057,0,0,0
737033,736,0,3908,10493,1,0,1
737034,815,0,5554,10832,1,0,1
737035,626,0,4810,-8443,1,0,1
737036,65535,255,2640,-8218,0,0,0
737037,274,0,354,10015,1,0,1
737038,612,0,3173,10376,1,0,1
737039,154,0,5088,10696,1,0,0
737040,65535,255,5342,-8546,0,0,0
737041,570,2,3467,-8249,1,0,1
737042,65535,255,691,-8088,0,0,0
737043,682,0,2325,10243,1,0,1
737044,737,0,4545,10641,1,0,1
737045,831,0,5800,-8638,1,0,1
737046,774,2,4188,-8301,1,0,0
737047,65535,255,1701,-8163,0,0,0
737048,65535,255,1374,10373,0,0,0
737049,568,0,3916,10472,1,0,1
737050,1146,0,5556,10824,1,0,1
737051,65535,255,4806,-8442,0,0,0
737052,65535,255,2633,-8176,0,0,0
737053,65535,255,360,10110,0,0,1
737054,571,0,3177,10397,1,0,1
737055,835,0,5093,10718,1,0,1
737056,0,0,0,0,0,0,0
737057,65535,255,3463,-8301,0,0,0
737058,570,0,680,-7649,1,0,0
737059,671,0,2335,10328,1,0,1
737060,733,0,4555,10593,1,0,1
737061,146,2,5794,-8606,1,0,0
737062,65535,255,4181,-8362,0,0,0
737063,687,0,1689,-8065,1,0,1
737064,708,0,1391,10253,1,0,1
737065,65535,255,3923,10563,0,0,0
737066,65535,255,5564,10812,0,0,0
737067,65535,255,4799,-8429,0,0,0
737068,65535,255,2621,-8216,0,0,0
737069,725,0,377,10113,1,0,1
737070,768,0,3190,10408,1,0,1
737071,65535,255,5102,10720,0,0,0
737072,65535,255,5331,-8499,0,0,0
737073,65535,255,3449,-8185,0,0,0
737074,445,0,662,-7789,1,0,1
737075,703,0,2351,10383,1,0,1
737076,670,0,4565,10620,1,0,1
737077,856,0,5790,-8630,1,0,1
737078,620,0,4170,-8298,1,0,1
737079,496,2,1671,-8037,1,0,1
737080,65535,255,1414,10066,0,0,0
737081,780,0,3937,10505,1,0,1
737082,415,2,5573,10850,1,0,0
737083,736,0,4789,-8398,1,0,1
737084,501,0,2600,-8140,1,0,1
737085,564,2,401,9704,1,0,0
737086,65535,255,3208,10362,0,0,0
737087,809,0,5112,10701,1,0,1
737088,654,0,5319,-8502,1,0,1
737089,65535,255,3431,-8259,0,0,0
737090,65535,255,638,-7886,0,0,0
737091,621,0,2371,10425,1,0,1
737092,562,0,4578,10641,1,0,1
737093,882,0,5779,-8613,1,0,1
737094,650,0,4155,-8330,1,0,1
737095,402,0,1646,-7981,1,0,0
737096,65535,255,1436,10211,0,0,0
737097,727,0,3953,10560,1,0,1
737098,65535,255,5584,10817,0,0,0
737099,65535,255,4773,-8441,0,0,0
737100,548,0,2576,-8063,1,0,1
737101,642,0,424,10436,1,0,1
737102,65535,255,3226,10461,0,0,0
737103,786,0,5124,10756,1,0,1
737104,65535,255,5306,-8523,0,0,0
737105,615,0,3411,-8232,1,0,1
737106,405,0,610,-8151,1,0,1
737107,688,0,2395,10295,1,0,1
737108,736,0,4596,10589,1,0,1
737109,65535,255,5766,-8612,0,0,0
737110,492,0,4130,-8278,1,0,1
737111,65535,255,1618,-8160,0,0,0
737112,65535,255,1465,10143,0,0,0
737113,65535,255,3976,10519,0,0,0
737114,65535,255,5595,10861,0,0,0
737115,65535,255,4753,-8421,0,0,0
737116,592,0,2551,-8209,1,0,1
737117,562,0,458,10198,1,0,1
737118,662,0,3253,10436,1,0,1
737119,429,0,5142,10750,1,0,0
737120,914,0,5290,-8480,1,0,1
737121,611,0,3390,-8203,1,0,1
737122,458,0,587,-8154,1,0,1
737123,341,0,2415,10351,1,0,1
737124,793,0,4603,10640,1,0,1
737125,802,0,5759,-8598,1,0,1
737126,641,0,4123,-8282,1,0,1
737127,521,0,1607,-7955,1,0,1
737128,684,0,1464,10260,1,0,1
737129,644,0,3972,10504,1,0,1
737130,96,0,5595,10802,1,0,0
737131,412,0,4757,-8450,1,0,1
737132,664,0,2561,-8148,1,0,1
737133,215,2,441,10126,1,0,0
737134,458,0,3240,10463,1,0,1
737135,65535,255,5131,10707,0,0,0
737136,869,0,5302,-8512,1,0,1
737137,533,0,3403,-8267,1,0,1
737138,407,0,610,-7769,1,0,1
737139,833,0,2396,10257,1,0,1
737140,708,0,4590,10601,1,0,1
737141,65535,255,5766,-8627,0,0,0
737142,65535,255,4138,-8362,0,0,0
737143,0,0,0,0,0,0,0
737144,792,0,1448,10212,1,0,0
737145,799,0,3961,10488,1,0,1
737146,65535,255,5586,10823,0,0,0
737147,235,0,4767,-8452,1,0,0
737148,567,0,2572,-8148,1,0,1
737149,484,0,429,10279,1,0,1
737150,65535,255,3227,10491,0,0,0
737151,701,0,5122,10721,1,0,1
737152,341,0,5307,-8528,1,0,0
737153,379,0,3412,-8161,1,0,0
737154,493,0,621,-8040,1,0,1
737155,193,0,2381,10334,1,0,1
737156,65535,255,4582,10643,0,0,0
737157,653,0,5771,-8609,1,0,1
737158,65535,255,4145,-8314,0,0,0
737159,774,0,1640,-8060,1,0,1
737160,65535,255,1443,10073,0,0,0
737161,65535,255,3949,10567,0,0,0
737162,1070,0,5580,10849,1,0,1
737163,65535,255,4774,-8429,0,0,0
737164,65535,255,2581,-8124,0,0,0
737165,515,2,418,10122,1,0,1
737166,65535,255,3217,10480,0,0,1
737167,902,0,5116,10725,1,0,1
737168,65535,255,5312,-8538,0,0,0
737169,815,0,3420,-8188,1,0,1
737170,65535,255,633,-8249,0,0,0
737171,788,0,2376,10401,1,0,1
737172,65535,255,4579,10587,0,0,0
737173,65535,255,5776,-8636,0,0,0
737174,65535,255,4149,-8369,0,0,0
737175,787,0,1646,-7940,1,0,1
737176,323,0,1431,10305,1,0,1
737177,798,0,3949,10531,1,0,1
737178,65535,255,5579,10831,0,0,0
737179,921,0,4776,-8418,1,0,1
737180,845,0,2586,-8100,1,0,1
737181,65535,255,412,10042,0,0,0
737182,756,0,3217,10490,1,0,1
737183,65535,255,5116,10730,0,0,0
737184,896,0,5315,-8548,1,0,1
737185,719,0,3424,-8215,1,0,1
737186,65535,255,628,-7618,0,0,0
737187,65535,255,2381,10254,0,0,0
737188,819,0,4579,10618,1,0,1
737189,65535,255,5775,-8596,0,0,0
737190,65535,255,4148,-8307,0,0,0
737191,417,2,1646,-8099,1,0,1
737192,324,0,1436,10165,1,0,1
737193,764,0,3954,10495,1,0,1
737194,233,2,5582,10813,1,0,0
737195,65535,255,4776,-8400,0,0,0
737196,243,2,2581,-8074,1,0,1
737197,180,0,418,9964,1,0,1
737198,614,0,3222,10481,1,0,1
737199,171,2,5121,10736,1,0,0
737200,65535,255,5311,-8493,0,0,0
737201,160,2,3420,-8241,1,0,0
737202,346,0,627,-7777,1,0,1
737203,216,0,2386,10321,1,0,1
737204,316,0,4582,10650,1,0,0
737205,1126,1,5775,-8626,1,0,1
737206,65535,255,4149,-8362,0,0,0
737207,65535,255,1640,-7959,0,0,0
737208,65535,255,1442,10375,0,0,0
737209,65535,255,3957,10569,0,0,0
737210,507,0,5584,10840,1,0,0
737211,470,0,4770,-8393,1,0,1
737212,625,0,2576,-8060,1,0,1
737213,494,0,430,9817,1,0,1
737214,618,0,3230,10472,1,0,1
737215,222,0,5127,10737,1,0,1
737216,835,0,5306,-8487,1,0,1
737217,65535,255,3411,-8258,0,0,0
737218,65535,255,615,-7934,0,0,0
737219,348,0,2390,10362,1,0,1
737220,685,0,4591,10597,1,0,1
737221,574,0,5768,-8581,1,0,1
737222,65535,255,4137,-8298,0,0,0
737223,281,0,1629,-8098,1,0,1
737224,330,0,1453,10192,1,0,1
737225,631,0,3968,10519,1,0,1
737226,702,0,5592,10834,1,0,1
737227,65535,255,4763,-8432,0,0,0
737228,338,0,2565,-8171,1,0,1
737229,448,0,447,9861,1,0,1
737230,65535,255,3240,10445,0,0,0
737231,698,0,5133,10718,1,0,1
737232,840,0,5299,-8514,1,0,1
737233,556,0,3398,-8238,1,0,1
737234,253,0,598,-7931,1,0,1
737235,257,0,2406,10363,1,0,1
737236,377,0,4599,10591,1,0,0
737237,65535,255,5761,-8588,0,0,0
737238,614,0,4126,-8310,1,0,0
737239,369,0,1613,-8138,1,0,1
737240,65535,255,1470,10262,0,0,0
737241,488,0,3976,10543,1,0,1
737242,945,0,5597,10854,1,0,1
737243,65535,255,4751,-8410,0,0,0
737244,65535,255,2546,-8045,0,0,0
737245,65535,255,464,9985,0,0,0
737246,65535,255,3255,10457,0,0,0
737247,65535,255,5142,10761,0,0,0
737248,65535,255,5287,-8518,0,0,1
737249,65535,255,3382,-8183,0,0,1
737250,473,0,575,-7581,1,0,1
737251,344,2,2425,10287,1,0,0
737252,65535,255,4610,10654,0,0,0
737253,208,2,5752,-8634,1,0,1
737254,578,0,4108,-8279,1,0,1
737255,65535,255,1591,-8075,0,0,0
737256,65535,255,1493,10197,0,0,0
737257,779,0,3991,10523,1,0,1
737258,674,0,5605,10842,1,0,1
737259,675,0,4738,-8405,1,0,1
737260,65535,255,2531,-8194,0,0,0
737261,595,0,476,10269,1,0,1
737262,65535,255,3262,10457,0,0,0
737263,890,0,5145,10767,1,0,1
737264,65535,255,5282,-8478,0,0,0
737265,561,0,3378,-8174,1,0,1
737266,311,0,575,-7927,1,0,1
737267,668,0,2426,10261,1,0,0
737268,805,0,4607,10645,1,0,1
737269,65535,255,5754,-8617,0,0,0
737270,65535,255,4115,-8301,0,0,0
737271,65535,255,1596,-7952,0,0,0
737272,700,0,1476,10216,1,0,1
737273,671,0,3976,10580,1,0,1
737274,65535,255,5598,10840,0,0,0
737275,390,0,4751,-8401,1,0,1
737276,65535,255,2551,-8195,0,0,0
737277,65535,255,458,10273,0,0,0
737278,65535,255,3245,10465,0,0,0
737279,65535,255,5137,10693,0,0,0
737280,913,0,5293,-8490,1,0,1
737281,65535,255,3394,-8202,0,0,0
737282,65535,255,598,-8094,0,0,0
737283,462,0,2406,10311,1,0,1
737284,804,0,4596,10615,1,0,1
737285,952,0,5762,-8636,1,0,1
737286,65535,255,4127,-8338,0,0,0
737287,617,0,1618,-8076,1,0,1
737288,65535,255,1459,10375,0,0,0
737289,65535,255,3969,10527,0,0,0
737290,65535,255,5591,10812,0,0,0
737291,535,0,4761,-8455,1,0,1
737292,65535,255,2561,-8134,0,0,0
737293,65535,255,441,9896,0,0,1
737294,618,0,3236,10425,1,0,1
737295,904,0,5128,10759,1,0,1
737296,714,0,5301,-8514,1,0,1
737297,768,0,3403,-8185,1,0,1
737298,433,0,609,-8038,1,0,1
737299,659,0,2396,10310,1,0,1
737300,831,0,4590,10614,1,0,1
737301,65535,255,5767,-8609,0,0,0
737302,0,0,0,0,0,0,0
737303,370,0,1629,-8117,1,0,1
737304,65535,255,1448,10097,0,0,0
737305,185,0,3961,10555,1,0,1
737306,899,0,5587,10829,1,0,1
737307,837,0,4767,-8392,1,0,1
737308,65535,255,2576,-8197,0,0,0
737309,65535,255,430,10430,0,0,0
737310,614,0,3226,10491,1,0,1
737311,732,0,5125,10717,1,0,1
737312,159,2,5307,-8516,1,0,1
737313,644,0,3415,-8266,1,0,1
737314,65535,255,621,-7772,0,0,0
737315,663,0,2386,10242,1,0,0
737316,772,0,4586,10595,1,0,1
737317,65535,255,5773,-8629,0,0,0
737318,824,0,4145,-8340,1,0,1
737319,618,0,1640,-8097,1,0,1
737320,65535,255,1443,10096,0,0,0
737321,649,0,3957,10555,1,0,1
737322,1062,0,5585,10837,1,0,1
737323,600,0,4773,-8404,1,0,1
737324,779,0,2576,-8048,1,0,1
737325,490,0,426,9499,1,0,0
737326,774,0,3226,10396,1,0,1
737327,909,0,5122,10747,1,0,1
737328,1029,0,5310,-8518,1,0,1
737329,65535,255,3419,-8196,0,0,0
737330,65535,255,627,-8197,0,0,0
737331,609,0,2396,10424,1,0,0
737332,254,0,4596,10610,1,0,1
737333,939,0,5768,-8598,1,0,1
737334,65535,255,4137,-8323,0,0,0
737335,65535,255,1629,-8162,0,0,0
737336,137,2,1453,10279,1,0,1
737337,671,0,3964,10536,1,0,1
737338,912,0,5589,10847,1,0,1
737339,783,0,4770,-8455,1,0,1
737340,65535,255,2575,-8214,0,0,0
737341,65535,255,430,9732,0,0,0
737342,595,0,3226,10477,1,0,0
737343,902,0,5124,10738,1,0,1
737344,1036,0,5311,-8492,1,0,1
737345,818,0,3420,-8271,1,0,1
737346,771,0,627,-8094,1,0,1
737347,65535,255,2380,10410,0,0,0
737348,65535,255,4582,10609,0,0,0
737349,65535,255,5775,-8604,0,0,0
737350,65535,255,4152,-8339,0,0,0
737351,567,0,1646,-7904,1,0,1
737352,65535,255,1431,10371,0,0,0
737353,682,0,3949,10579,1,0,1
737354,703,0,5581,10805,1,0,1
737355,649,0,4780,-8404,1,0,1
737356,606,0,2590,-8116,1,0,1
737357,716,0,407,10526,1,0,1
737358,597,0,3217,10419,1,0,1
737359,335,0,5116,10716,1,0,0
737360,588,0,5319,-8552,1,0,1
737361,626,0,3432,-8246,1,0,1
737362,627,0,638,-7834,1,0,1
737363,626,0,2366,10316,1,0,0
737364,881,0,4572,10644,1,0,1
737365,65535,255,5782,-8614,0,0,0
737366,404,0,4163,-8340,1,0,1
737367,65535,255,1667,-8151,0,0,0
737368,65535,255,1414,10253,0,0,0
737369,65535,255,3938,10526,0,0,0
737370,359,0,5572,10830,1,0,1
737371,778,0,4789,-8422,1,0,1
737372,592,0,2610,-8118,1,0,1
737373,592,0,383,10286,1,0,0
737374,640,0,3200,10370,1,0,1
737375,861,0,5102,10755,1,0,1
737376,65535,255,5328,-8500,0,0,0
737377,65535,255,3449,-8265,0,0,0
737378,65535,255,667,-7991,0,0,1
737379,65535,255,2346,10356,0,0,1
737380,521,0,4559,10575,1,0,1
737381,979,0,5792,-8637,1,0,1
737382,775,0,4176,-8353,1,0,1
737383,65535,255,1684,-8007,0,0,0
737384,65535,255,1398,10084,0,0,0
737385,65535,255,3924,10473,0,0,0
737386,65535,255,5562,10806,0,0,0
737387,306,0,4799,-8395,1,0,1
737388,299,0,2625,-8071,1,0,0
737389,823,0,365,10020,1,0,1
737390,65535,255,3181,10361,0,0,0
737391,65535,255,5091,10744,0,0,0
737392,85,2,5336,-8496,1,0,1
737393,112,2,3462,-8275,1,0,0
737394,660,0,685,-8040,1,0,1
737395,65535,255,2331,10396,0,0,0
737396,988,0,4548,10598,1,0,1
737397,155,2,5798,-8591,1,0,1
737398,788,0,4185,-8315,1,0,1
737399,701,0,1701,-8125,1,0,1
737400,65535,255,1380,10251,0,0,0
737401,65535,255,3912,10531,0,0,0
737402,65535,255,5554,10841,0,0,0
737403,235,2,4809,-8449,1,0,0
737404,711,0,2641,-8194,1,0,1
737405,65535,255,356,9549,0,0,0
737406,0,0,0,0,0,0,0
737407,65535,255,5088,10733,0,0,0
737408,65535,255,5343,-8512,0,0,0
737409,65535,255,3471,-8259,0,0,0
737410,627,0,696,-8039,1,0,1
737411,190,0,2320,10396,1,0,0
737412,0,0,0,0,0,0,0
737413,840,0,5800,-8600,1,0,1
737414,144,2,4192,-8330,1,0,0
737415,470,0,1706,-7913,1,0,1
737416,622,0,1369,10348,1,0,1
737417,704,0,3904,10575,1,0,1
737418,842,0,5551,10800,1,0,1
737419,708,0,4813,-8398,1,0,1
737420,409,0,2640,-8097,1,0,1
737421,0,0,0,0,0,0,0
737422,65535,255,3168,10405,0,0,0
737423,65535,255,5085,10701,0,0,0
737424,65535,255,5344,-8541,0,0,0
737425,709,0,3471,-8232,1,0,1
737426,341,2,697,-7896,1,0,1
737427,666,0,2320,10368,1,0,1
737428,917,0,4542,10597,1,0,1
737429,65535,255,5802,-8600,0,0,0
737430,447,2,4195,-8336,1,0,1
737431,343,2,1707,-7913,1,0,1
737432,65535,255,1369,10347,0,0,0
737433,805,0,3908,10471,1,0,1
737434,1046,0,5554,10814,1,0,1
737435,65535,255,4813,-8420,0,0,0
737436,649,0,2645,-8157,1,0,1
737437,556,0,352,9351,1,0,1
737438,696,0,3168,10463,1,0,1
737439,839,0,5085,10738,1,0,1
737440,65535,255,5344,-8502,0,0,0
737441,65535,255,3474,-8269,0,0,0
737442,65535,255,693,-7734,0,0,0
737443,438,0,2320,10284,1,0,1
737444,662,0,4541,10653,1,0,1
737445,246,0,5804,-8643,1,0,0
737446,448,0,4191,-8301,1,0,0
737447,656,0,1708,-7994,1,0,1
737448,672,0,1374,10374,1,0,1
737449,802,0,3912,10472,1,0,1
737450,65535,255,5556,10819,0,0,0
737451,65535,255,4812,-8425,0,0,0
737452,65535,255,2640,-8181,0,0,0
737453,711,0,361,9653,1,0,1
737454,765,0,3173,10472,1,0,1
737455,614,0,5090,10759,1,0,1
737456,808,0,5341,-8520,1,0,1
737457,691,0,3466,-8231,1,0,1
737458,740,0,685,-7942,1,0,1
737459,65535,255,2330,10397,0,0,0
737460,109,2,4548,10617,1,0,0
737461,862,0,5799,-8615,1,0,1
737462,65535,255,4188,-8376,0,0,0
737463,81,2,1695,-8066,1,0,0
737464,65535,255,1385,10229,0,0,0
737465,641,0,3919,10547,1,0,1
737466,800,0,5561,10793,1,0,1
737467,635,0,4805,-8401,1,0,1
737468,65535,255,2630,-8143,0,0,0
737469,647,0,374,9402,1,0,1
737470,65535,255,3186,10475,0,0,0
737471,683,0,5095,10750,1,0,0
737472,1047,0,5335,-8519,1,0,1
737473,65535,255,3458,-8212,0,0,0
737474,709,0,673,-7893,1,0,1
737475,543,0,2341,10398,1,0,1
737476,798,0,4558,10619,1,0,1
737477,272,0,5794,-8618,1,0,0
737478,286,0,4175,-8351,1,0,0
737479,639,0,1684,-8103,1,0,1
737480,771,0,1397,10277,1,0,1
737481,770,0,3926,10571,1,0,1
737482,1041,0,5569,10813,1,0,1
737483,806,0,4796,-8428,1,0,1
737484,65535,255,2616,-8202,0,0,0
737485,662,0,389,9947,1,0,1
737486,603,0,3199,10390,1,0,1
737487,65535,255,5107,10706,0,0,0
737488,65535,255,5326,-8513,0,0,0
737489,65535,255,3441,-8289,0,0,0
737490,621,0,651,-7529,1,0,0
737491,65535,255,2361,10318,0,0,0
737492,65535,255,4569,10584,0,0,0
737493,65535,255,5783,-8603,0,0,0
737494,180,2,4163,-8358,1,0,1
737495,733,0,1662,-8043,1,0,1
737496,730,0,1419,10233,1,0,1
737497,65535,255,3942,10558,0,0,0
737498,844,0,5577,10807,1,0,1
737499,725,0,4780,-8425,1,0,1
737500,648,0,2595,-8200,1,0,1
737501,385,0,412,10041,1,0,1
737502,65535,255,3217,10402,0,0,0
737503,196,0,5116,10719,1,0,1
737504,294,0,5312,-8494,1,0,1
737505,65535,255,3420,-8171,0,0,0
737506,65535,255,627,-7724,0,0,0
737507,65535,255,2381,10360,0,0,0
737508,687,0,4583,10612,1,0,1
737509,999,0,5773,-8622,1,0,1
737510,769,0,4141,-8293,1,0,1
737511,65535,255,1635,-8159,0,0,0
737512,65535,255,1448,10241,0,0,0
737513,65535,255,3961,10503,0,0,0
737514,65535,255,5587,10846,0,0,0
737515,290,2,4763,-8393,1,0,0
737516,553,0,2566,-8135,1,0,1
737517,65535,255,442,9675,0,0,0
737518,65535,255,3240,10368,0,0,0
737519,924,0,5131,10702,1,0,1
737520,65535,255,5298,-8482,0,0,0
737521,649,0,3394,-8176,1,0,1
737522,732,0,592,-7652,1,0,1
737523,65535,255,2406,10363,0,0,0
737524,65535,255,4600,10621,0,0,1
737525,414,2,5996,10921,1,0,0
737526,700,0,4123,-8325,1,0,1
737527,0,0,0,0,0,0,0
737528,767,0,1465,10306,1,0,1
737529,706,0,3972,10497,1,0,1
737530,65535,255,5592,10861,0,0,0
737531,65535,255,4757,-8427,0,0,0
737532,65535,255,2561,-8061,0,0,0
737533,675,0,443,10648,1,0,1
737534,659,0,3240,10359,1,0,1
737535,65535,255,5128,10717,0,0,0
737536,65535,255,5301,-8512,0,0,0
737537,680,0,3407,-8240,1,0,1
737538,65535,255,611,-7499,0,0,0
737539,784,0,2391,10375,1,0,1
737540,816,0,4586,10644,1,0,1
737541,1115,0,5769,-8595,1,0,1
737542,191,0,4141,-8314,1,0,1
737543,609,0,1635,-7899,1,0,1
737544,797,0,1442,10166,1,0,1
737545,65535,255,3953,10576,0,0,0
737546,1073,0,5582,10841,1,0,0
737547,65535,255,4773,-8406,0,0,0
737548,65535,255,2586,-8211,0,0,0
737549,170,0,418,10517,1,0,1
737550,484,2,3218,10442,1,0,0
737551,284,2,5116,10720,1,0,0
737552,65535,255,5315,-8519,0,0,0
737553,748,2,3424,-8260,1,0,0
737554,65535,255,633,-7675,0,0,0
737555,730,2,2372,10383,1,0,1
737556,865,2,4574,10625,1,0,1
737557,115,2,5778,-8619,1,0,0
737558,856,0,4156,-8315,1,0,1
737559,359,0,1656,-8042,1,0,0
737560,488,0,1419,10350,1,0,0
737561,734,0,3942,10530,1,0,1
737562,1168,0,5574,10816,1,0,1
737563,65535,255,4784,-8420,0,0,0
737564,65535,255,2601,-8163,0,0,0
737565,65535,255,395,10285,0,0,0
737566,784,0,3204,10479,1,0,1
737567,983,0,5110,10713,1,0,1
737568,65535,255,5322,-8515,0,0,0
737569,658,0,3437,-8261,1,0,1
737570,65535,255,651,-7732,0,0,0
737571,65535,255,2362,10252,0,0,0
737572,341,0,4569,10597,1,0,1
737573,65535,255,5787,-8633,0,0,0
737574,65535,255,4166,-8351,0,0,0
737575,336,0,1673,-8140,1,0,1
737576,228,2,1409,10137,1,0,1
737577,402,2,3931,10580,1,0,0
737578,65535,255,5569,10851,0,0,0
737579,314,2,4793,-8426,1,0,0
737580,173,0,2610,-8091,1,0,1
737581,312,0,390,9777,1,0,1
737582,410,2,3195,10430,1,0,0
737583,865,0,5104,10695,1,0,1
737584,769,0,5328,-8497,1,0,1
737585,65535,255,3445,-8236,0,0,0
737586,691,0,662,-7637,1,0,1
737587,65535,255,2349,10296,0,0,0
737588,209,0,4562,10590,1,0,1
737589,65535,255,5790,-8629,0,0,0
737590,406,0,4173,-8352,1,0,1
737591,65535,255,1684,-8160,0,0,0
737592,370,0,1403,10184,1,0,1
737593,65535,255,3931,10476,0,0,0
737594,834,0,5566,10804,1,0,1
737595,672,0,4799,-8444,1,0,1
737596,498,0,2620,-8141,1,0,1
737597,483,0,377,10205,1,0,1
737598,575,0,3190,10487,1,0,1
737599,237,0,5099,10721,1,0,0
737600,65535,255,5333,-8532,0,0,0
737601,652,0,3450,-8214,1,0,1
737602,637,0,673,-8038,1,0,1
737603,726,0,2341,10344,1,0,1
737604,65535,255,4558,10651,0,0,0
737605,298,2,5792,-8608,1,0,1
737606,1051,0,4177,-8318,1,0,1
737607,860,0,1684,-8083,1,0,1
737608,487,0,1397,10088,1,0,1
737609,841,2,3923,10572,1,0,1
737610,846,0,5564,10854,1,0,1
737611,735,0,4799,-8432,1,0,1
737612,65535,255,2620,-8128,0,0,0
737613,65535,255,371,10202,0,0,0
737614,634,0,3186,10486,1,0,1
737615,65535,255,5099,10726,0,0,0
737616,670,0,5333,-8537,1,0,1
737617,65535,255,3454,-8184,0,0,0
737618,695,0,674,-8186,1,0,0
737619,477,0,2341,10399,1,0,1
737620,65535,255,4558,10597,0,0,0
737621,244,0,5795,-8630,1,0,1
737622,343,0,4177,-8352,1,0,0
737623,339,0,1685,-7908,1,0,1
737624,65535,255,1392,10252,0,0,0
737625,750,0,3924,10512,1,0,1
737626,1083,0,5563,10818,1,0,1
737627,895,0,4798,-8397,1,0,1
737628,65535,255,2620,-8054,0,0,0
737629,406,0,373,9662,1,0,1
737630,700,0,3187,10438,1,0,1
737631,65535,255,5097,10700,0,0,0
737632,122,2,5332,-8516,1,0,1
737633,342,2,3453,-8288,1,0,1
737634,65535,255,672,-8034,0,0,0
737635,290,2,2342,10357,1,0,1
737636,735,0,4553,10663,1,0,1
737637,197,2,5794,-8625,1,0,1
737638,372,2,4176,-8344,1,0,1
737639,260,2,1686,-8050,1,0,1
737640,245,0,1392,10228,1,0,1
737641,65535,255,3924,10512,0,0,0
737642,923,2,5563,10818,1,0,0
737643,65535,255,4795,-8402,0,0,0
737644,65535,255,2619,-8066,0,0,0
737645,611,0,379,9845,1,0,1
737646,675,0,3187,10467,1,0,1
737647,65535,255,5097,10716,0,0,0
737648,170,2,5330,-8535,1,0,1
737649,485,0,3449,-8191,1,0,1
737650,329,0,669,-7791,1,0,1
737651,632,0,2345,10311,1,0,1
737652,65535,255,4556,10602,0,0,0
737653,200,0,5789,-8585,1,0,1
737654,65535,255,4173,-8289,0,0,0
737655,490,0,1678,-8040,1,0,1
737656,363,0,1404,10087,1,0,1
737657,65535,255,3925,10548,0,0,0
737658,65535,255,5565,10796,0,0,0
737659,836,0,4795,-8451,1,0,1
737660,584,0,2615,-8200,1,0,0
737661,578,0,386,9507,1,0,1
737662,596,0,3191,10429,1,0,1
737663,907,0,5103,10707,1,0,1
737664,65535,255,5327,-8529,0,0,0
737665,138,0,3444,-8182,1,0,1
737666,666,0,662,-8283,1,0,1
737667,720,0,2350,10294,1,0,1
737668,65535,255,4563,10609,0,0,0
737669,92,2,5785,-8592,1,0,1
737670,65535,255,4166,-8301,0,0,0
737671,800,0,1672,-8078,1,0,1
737672,366,2,1409,10159,1,0,1
737673,185,2,3935,10492,1,0,0
737674,179,2,5570,10816,1,0,1
737675,65535,255,4786,-8406,0,0,1
737676,715,0,2605,-8088,1,0,1
737677,65535,255,395,10109,0,0,0
737678,643,0,3203,10385,1,0,1
737679,770,0,5106,10744,1,0,1
737680,405,0,5322,-8494,1,0,1
737681,725,0,3436,-8268,1,0,1
737682,65535,255,649,-7981,0,0,0
737683,65535,255,2362,10373,0,0,0
737684,253,0,4569,10586,1,0,1
737685,913,0,5781,-8622,1,0,1
737686,854,0,4159,-8293,1,0,1
737687,486,0,1661,-8058,1,0,1
737688,65535,255,1420,10161,0,0,0
737689,530,0,3943,10501,1,0,0
737690,65535,255,5578,10827,0,0,0
737691,850,0,4779,-8422,1,0,1
737692,307,0,2590,-8135,1,0,1
737693,709,0,408,10519,1,0,1
737694,581,0,3214,10413,1,0,1
737695,65535,255,5126,10707,0,0,0
737696,851,0,5308,-8540,1,0,1
737697,215,0,3415,-8216,1,0,1
737698,484,0,621,-7771,1,0,1
737699,65535,255,2382,10343,0,0,0
737700,818,0,4585,10624,1,0,1
737701,193,2,5773,-8613,1,0,0
737702,749,2,4147,-8302,1,0,1
737703,65535,255,1645,-8141,0,0,0
737704,65535,255,1437,10254,0,0,0
737705,65535,255,3954,10550,0,0,0
737706,65535,255,5582,10836,0,0,1
737707,78,2,4776,-8384,1,0,1
737708,65535,255,2585,-8077,0,0,0
737709,729,0,413,10191,1,0,1
737710,707,0,3218,10390,1,0,1
737711,65535,255,5120,10696,0,0,0
737712,165,2,5316,-8535,1,0,1
737713,65535,255,3427,-8226,0,0,0
737714,660,0,638,-7883,1,0,1
737715,591,0,2371,10370,1,0,1
737716,327,0,4579,10596,1,0,1
737717,589,0,5780,-8600,1,0,1
737718,323,0,4159,-8339,1,0,1
737719,185,2,1651,-7944,1,0,1
737720,662,0,1426,10066,1,0,1
737721,830,0,3946,10490,1,0,1
737722,782,0,5577,10827,1,0,1
737723,783,0,4782,-8439,1,0,0
737724,574,0,2596,-8202,1,0,1
737725,468,2,407,9873,1,0,0
737726,581,0,3213,10361,1,0,1
737727,810,0,5113,10690,1,0,1
737728,1114,0,5322,-8533,1,0,1
737729,680,0,3432,-8246,1,0,1
737730,65535,255,644,-8042,0,0,0
737731,65535,255,2366,10296,0,0,0
737732,777,0,4572,10632,1,0,1
737733,814,0,5782,-8626,1,0,1
737734,65535,255,4159,-8284,0,0,0
737735,639,0,1662,-8123,1,0,1
737736,550,0,1420,10301,1,0,1
737737,65535,255,3941,10571,0,0,0
737738,514,0,5577,10813,1,0,1
737739,854,0,4786,-8422,1,0,1
737740,604,0,2600,-8177,1,0,1
737741,705,0,401,9787,1,0,1
737742,396,0,3209,10361,1,0,1
737743,65535,255,5113,10691,0,0,0
737744,852,0,5322,-8542,1,0,1
737745,492,0,3433,-8254,1,0,1
737746,65535,255,644,-8144,0,0,0
737747,786,0,2366,10249,1,0,1
737748,845,0,4572,10651,1,0,1
737749,891,0,5782,-8632,1,0,0
737750,271,0,4159,-8318,1,0,1
737751,65535,255,1657,-7925,0,0,0
737752,624,0,1426,10091,1,0,1
737753,668,0,3946,10513,1,0,1
737754,331,2,5577,10850,1,0,0
737755,685,0,4783,-8386,1,0,1
737756,824,0,2595,-8116,1,0,1
737757,460,2,405,10010,1,0,0
737758,65535,255,3213,10477,0,0,0
737759,711,0,5113,10758,1,0,1
737760,65535,255,5317,-8531,0,0,0
737761,235,2,3428,-8245,1,0,0
737762,611,0,639,-8146,1,0,1
737763,709,0,2376,10265,1,0,1
737764,65535,255,4575,10664,0,0,0
737765,917,0,5776,-8594,1,0,1
737766,297,0,4152,-8345,1,0,0
737767,713,0,1646,-8022,1,0,1
737768,65535,255,1431,10232,0,0,0
737769,279,0,3950,10558,1,0,0
737770,182,0,5579,10811,1,0,0
737771,65535,255,4777,-8437,0,0,0
737772,65535,255,2583,-8121,0,0,1
737773,65535,255,418,10277,0,0,0
737774,747,0,3222,10431,1,0,1
737775,526,0,5120,10738,1,0,1
737776,608,0,5309,-8514,1,0,1
737777,65535,255,3416,-8226,0,0,0
737778,803,0,621,-8042,1,0,1
737779,65535,255,2386,10253,0,0,0
737780,347,2,4583,10660,1,0,1
737781,193,2,5771,-8593,1,0,0
737782,655,2,4141,-8356,1,0,1
737783,753,0,1634,-8060,1,0,1
737784,326,2,1448,10280,1,0,0
737785,638,2,3958,10546,1,0,0
737786,769,0,5587,10831,1,0,1
737787,735,0,4765,-8427,1,0,1
737788,622,0,2566,-8099,1,0,1
737789,65535,255,441,9999,0,0,0
737790,850,0,3235,10490,1,0,1
737791,985,0,5131,10695,1,0,1
737792,995,0,5299,-8502,1,0,1
737793,786,0,3401,-8227,1,0,1
737794,65535,255,599,-7657,0,0,0
737795,65535,255,2401,10387,0,0,0
737796,98,2,4596,10632,1,0,1
737797,65535,255,5761,-8616,0,0,0
737798,65535,255,6915,11247,0,0,1
737799,663,0,1608,-7895,1,0,1
737800,606,0,1471,10126,1,0,1
737801,187,0,3976,10534,1,0,0
737802,871,0,5598,10803,1,0,1
737803,576,0,4753,-8433,1,0,1
737804,539,0,2546,-8048,1,0,1
737805,163,2,459,10423,1,0,0
737806,659,0,3253,10465,1,0,1
737807,698,0,5142,10760,1,0,1
737808,65535,255,5288,-8545,0,0,0
737809,65535,255,3381,-8281,0,0,0
737810,319,2,575,-7705,1,0,0
737811,696,0,2425,10392,1,0,1
737812,0,0,0,0,0,0,0
737813,1022,0,5751,-8601,1,0,1
737814,497,0,4112,-8289,1,0,1
737815,679,0,1596,-7976,1,0,1
737816,750,0,1482,10308,1,0,1
737817,65535,255,3984,10514,0,0,0
737818,65535,255,5600,10813,0,0,0
737819,693,0,4750,-8380,1,0,1
737820,469,0,2546,-8172,1,0,1
737821,65535,255,459,10349,0,0,0
737822,65535,255,3249,10480,0,0,0
737823,958,0,5139,10729,1,0,1
737824,951,0,5295,-8531,1,0,1
737825,712,2,3394,-8169,1,0,1
737826,648,0,592,-8048,1,0,1
737827,65535,255,2406,10324,0,0,0
737828,653,0,4600,10639,1,0,0
737829,65535,255,5763,-8599,0,0,0
737830,65535,255,4130,-8293,0,0,0
737831,645,0,1618,-8000,1,0,1
737832,277,0,1459,10354,1,0,1
737833,763,0,3968,10534,1,0,1
737834,1011,0,5592,10829,1,0,1
737835,204,0,4763,-8400,1,0,0
737836,186,2,2566,-8051,1,0,0
737837,690,0,443,9609,1,0,1
737838,795,0,3235,10415,1,0,1
737839,65535,255,5127,10762,0,0,0
737840,86,2,5306,-8494,1,0,0
737841,160,2,3411,-8242,1,0,0
737842,712,0,616,-7670,1,0,1
737843,592,0,2391,10243,1,0,1
737844,65535,255,4589,10607,0,0,0
737845,65535,255,5771,-8611,0,0,0
737846,162,2,4144,-8377,1,0,0
737847,484,0,1635,-7922,1,0,1
737848,65535,255,1442,10283,0,0,0
737849,219,2,3957,10517,1,0,1
737850,866,0,5584,10818,1,0,1
737851,65535,255,4773,-8396,0,0,0
737852,279,2,2582,-8123,1,0,1
737853,65535,255,426,9583,0,0,0
737854,0,0,0,0,0,0,0
737855,65535,255,5120,10718,0,0,0
737856,76,2,5314,-8505,1,0,1
737857,771,0,3424,-8261,1,0,1
737858,678,0,632,-7837,1,0,1
737859,753,0,2376,10294,1,0,1
737860,738,0,4579,10630,1,0,1
737861,1138,0,5777,-8598,1,0,1
737862,839,0,4152,-8302,1,0,1
737863,676,0,1651,-8043,1,0,1
737864,447,0,1432,10049,1,0,1
737865,701,0,3945,10567,1,0,1
737866,771,0,5579,10849,1,0,1
737867,915,0,4780,-8438,1,0,1
737868,65535,255,2590,-8139,0,0,0
737869,595,0,406,10293,1,0,1
737870,190,2,3213,10364,1,0,0
737871,631,2,5114,10740,1,0,1
737872,65535,255,5317,-8518,0,0,0
737873,864,0,3428,-8226,1,0,1
737874,411,2,639,-7681,1,0,0
737875,452,2,2371,10253,1,0,1
737876,427,2,4572,10617,1,0,0
737877,65535,255,5780,-8594,0,0,0
737878,854,0,4155,-8302,1,0,1
737879,542,2,1656,-8062,1,0,0
737880,451,0,1426,10094,1,0,0
737881,839,0,3944,10525,1,0,1
737882,65535,255,5577,10798,0,0,0
737883,528,0,4782,-8435,1,0,1
737884,65535,255,2596,-8201,0,0,0
737885,65535,255,409,9554,0,0,0
737886,569,0,3208,10431,1,0,1
737887,235,0,5111,10703,1,0,0
737888,65535,255,5319,-8525,0,0,0
737889,662,0,3432,-8173,1,0,1
737890,65535,255,645,-8197,0,0,0
737891,65535,255,2361,10413,0,0,0
737892,508,0,4573,10598,1,0,1
737893,65535,255,5780,-8590,0,0,0
737894,464,0,4156,-8288,1,0,1
737895,65535,255,1656,-8043,0,0,0
737896,65535,255,1426,10118,0,0,0
737897,831,0,3943,10478,1,0,1
737898,240,2,5574,10807,1,0,0
737899,65535,255,4780,-8390,0,0,0
737900,0,0,0,0,0,0,0
737901,709,0,401,9878,1,0,1
737902,745,0,3209,10480,1,0,1
737903,872,0,5111,10734,1,0,1
737904,118,2,5317,-8503,1,0,0
737905,785,0,3428,-8242,1,0,1
737906,65535,255,638,-7835,0,0,0
737907,730,0,2366,10333,1,0,1
737908,1063,0,4572,10661,1,0,1
737909,65535,255,5778,-8631,0,0,0
737910,65535,255,4155,-8362,0,0,0
737911,0,0,0,0,0,0,0
737912,65535,255,1426,10071,0,0,0
737913,159,2,3946,10479,1,0,1
737914,614,0,5577,10808,1,0,1
737915,989,0,4777,-8401,1,0,1
737916,65535,255,2590,-8102,0,0,0
737917,65535,255,412,10208,0,0,0
737918,863,0,3218,10375,1,0,0
737919,718,0,5114,10761,1,0,0
737920,859,0,5315,-8514,1,0,1
737921,624,0,3424,-8172,1,0,1
737922,65535,255,633,-8253,0,0,0
737923,65535,255,2377,10242,0,0,0
737924,300,0,4579,10625,1,0,1
737925,1046,0,5775,-8614,1,0,1
737926,891,0,4148,-8350,1,0,1
737927,657,0,1640,-7940,1,0,1
737928,783,0,1437,10290,1,0,1
737929,807,0,3953,10541,1,0,1
737930,65535,255,5582,10810,0,0,0
737931,65535,255,4773,-8406,0,0,0
737932,150,0,2581,-8113,1,0,1
737933,315,2,424,10363,1,0,0
737934,228,0,3227,10405,1,0,1
737935,956,0,5122,10701,1,0,1
737936,797,0,5309,-8537,1,0,0
737937,727,0,3411,-8223,1,0,1
737938,586,0,615,-7774,1,0,1
737939,728,0,2391,10337,1,0,1
737940,1048,0,4588,10628,1,0,1
737941,65535,255,5768,-8586,0,0,0
737942,65535,255,4137,-8314,0,0,0
737943,291,0,1629,-8159,1,0,1
737944,65535,255,1454,10307,0,0,0
737945,368,0,3965,10556,1,0,1
737946,65535,255,5590,10835,0,0,0
737947,522,0,4763,-8392,1,0,0
737948,326,0,2560,-8098,1,0,1
737949,554,0,441,10356,1,0,1
737950,929,0,3240,10407,1,0,1
737951,65535,255,5134,10708,0,0,0
737952,1107,0,5298,-8544,1,0,1
737953,679,0,3398,-8239,1,0,1
737954,65535,255,598,-7988,0,0,0
737955,65535,255,2406,10391,0,0,0
737956,843,0,4603,10610,1,0,1
737957,65535,255,5761,-8606,0,0,1
737958,349,0,4126,-8352,1,0,1
737959,767,0,1607,-7975,1,0,1
737960,706,0,1476,10103,1,0,1
737961,65535,255,3980,10499,0,0,0
737962,715,0,5600,10832,1,0,1
737963,694,0,4750,-8448,1,0,1
737964,65535,255,2544,-8179,0,0,0
737965,274,0,464,9990,1,0,1
737966,487,2,3263,10363,1,0,1
737967,885,0,5145,10726,1,0,1
737968,65535,255,5290,-8518,0,0,1
737969,703,0,3386,-8264,1,0,1
737970,681,0,581,-7645,1,0,1
737971,756,0,2416,10417,1,0,1
737972,65535,255,4606,10666,0,0,0
737973,65535,255,5758,-8609,0,0,0
737974,65535,255,4122,-8296,0,0,0
737975,331,0,1607,-7955,1,0,1
737976,398,0,1471,10263,1,0,1
737977,439,0,3979,10492,1,0,1
737978,287,0,5597,10858,1,0,1
737979,545,0,4757,-8426,1,0,0
737980,582,0,2551,-8071,1,0,1
737981,65535,255,455,9619,0,0,0
737982,551,0,3249,10389,1,0,1
737983,65535,255,5136,10740,0,0,0
737984,194,2,5298,-8535,1,0,0
737985,670,0,3398,-8226,1,0,0
737986,696,2,597,-7878,1,0,1
737987,655,0,2406,10272,1,0,1
737988,735,0,4596,10603,1,0,1
737989,935,0,5764,-8636,1,0,1
737990,65535,255,4132,-8346,0,0,0
737991,599,0,1622,-8098,1,0,1
737992,480,0,1461,10078,1,0,1
737993,345,0,3965,10548,1,0,1
737994,236,0,5591,10825,1,0,1
737995,268,2,4762,-8390,1,0,1
737996,65535,255,2565,-8196,0,0,0
737997,65535,255,436,10351,0,0,0
737998,139,2,3232,10492,1,0,1
737999,189,0,5129,10717,1,0,0
738000,65535,255,5302,-8521,0,0,0
738001,343,0,3410,-8267,1,0,1
738002,748,0,609,-7766,1,0,1
738003,65535,255,2397,10244,0,0,0
738004,869,0,4591,10596,1,0,1
738005,65535,255,5770,-8628,0,0,0
738006,734,0,4140,-8340,1,0,1
738007,376,0,1633,-8117,1,0,1
738008,234,0,1450,10097,1,0,1
738009,65535,255,3958,10555,0,0,0
738010,65535,255,5586,10838,0,0,0
738011,65535,255,4769,-8404,0,0,0
738012,593,0,2575,-8036,1,0,1
738013,630,0,429,10028,1,0,1
738014,65535,255,3228,10386,0,0,0
738015,65535,255,5120,10742,0,0,0
738016,919,0,5308,-8546,1,0,1
738017,472,2,3414,-8187,1,0,0
738018,65535,255,620,-8144,0,0,0
738019,639,0,2382,10348,1,0,1
738020,65535,255,4583,10645,0,0,0
738021,65535,255,5772,-8599,0,0,0
738022,65535,255,4144,-8291,0,0,0
738023,391,0,1639,-7977,1,0,1
738024,65535,255,1438,10328,0,0,0
738025,447,0,3954,10517,1,0,1
738026,749,0,5581,10815,1,0,1
738027,543,0,4772,-8382,1,0,1
738028,512,0,2585,-8198,1,0,1
738029,65535,255,420,10516,0,0,0
738030,518,0,3223,10366,1,0,1
738031,1019,0,5118,10736,1,0,1
738032,851,0,5311,-8541,1,0,1
738033,364,0,3419,-8187,1,0,1
738034,461,0,626,-8142,1,0,1
738035,65535,255,2377,10361,0,0,0
738036,65535,255,4577,10650,0,0,0
738037,922,0,5775,-8612,1,0,1
738038,65535,255,4148,-8319,0,0,0
738039,506,0,1645,-8057,1,0,1
738040,672,0,1438,10073,1,0,1
738041,872,0,3951,10561,1,0,1
738042,65535,255,5578,10846,0,0,0
738043,761,0,4775,-8428,1,0,1
738044,65535,255,2585,-8098,0,0,0
738045,65535,255,419,9960,0,0,0
738046,65535,255,3219,10461,0,0,0
738047,884,0,5117,10711,1,0,1
738048,880,2,5311,-8521,1,0,1
738049,704,0,3421,-8250,1,0,1
738050,65535,255,632,-7984,0,0,0
738051,65535,255,2377,10334,0,0,0
738052,65535,255,4580,10644,0,0,0
738053,65535,255,5775,-8612,0,0,0
738054,263,0,4147,-8319,1,0,0
738055,663,0,1645,-8097,1,0,1
738056,519,0,1437,10119,1,0,1
738057,228,0,3951,10538,1,0,0
738058,65535,255,5580,10843,0,0,0
738059,65535,255,4763,-8389,0,0,0
738060,65535,255,2570,-8101,0,0,0
738061,579,0,436,10345,1,0,1
738062,754,0,3232,10421,1,0,1
738063,65535,255,5126,10718,0,0,0
738064,620,0,5305,-8497,1,0,1
738065,793,0,3411,-8269,1,0,1
738066,721,0,615,-8204,1,0,1
738067,639,0,2392,10253,1,0,1
738068,65535,255,4587,10641,0,0,0
738069,336,0,5772,-8633,1,0,1
738070,65535,255,4140,-8295,0,0,0
738071,65535,255,1634,-8120,0,0,0
738072,65535,255,1443,10301,0,0,0
738073,384,2,3957,10566,1,0,1
738074,65535,255,5588,10811,0,0,0
738075,667,0,4769,-8419,1,0,1
738076,65535,255,2580,-8175,0,0,0
738077,216,2,431,9736,1,0,1
738078,670,0,3227,10450,1,0,0
738079,89,2,5123,10725,1,0,1
738080,65535,255,5311,-8534,0,0,0
738081,62,2,3415,-8234,1,0,1
738082,696,0,620,-8040,1,0,1
738083,674,0,2385,10278,1,0,1
738084,800,0,4586,10635,1,0,1
738085,926,0,5774,-8632,1,0,1
738086,65535,255,4144,-8301,0,0,0
738087,65535,255,1640,-8163,0,0,0
738088,65535,255,1442,10373,0,0,0
738089,765,0,3961,10485,1,0,1
738090,65535,255,5587,10834,0,0,0
738091,844,0,4773,-8455,1,0,1
738092,506,0,2576,-8065,1,0,1
738093,65535,255,424,10365,0,0,0
738094,219,0,3226,10440,1,0,1
738095,161,0,5124,10739,1,0,1
738096,65535,255,5311,-8512,0,0,0
738097,667,0,3415,-8209,1,0,1
738098,594,0,620,-7887,1,0,1
738099,284,0,2386,10412,1,0,1
738100,307,0,4586,10635,1,0,1
738101,113,2,5772,-8637,1,0,1
738102,712,0,4144,-8317,1,0,1
738103,651,0,1635,-7922,1,0,1
738104,65535,255,1448,10119,0,0,0
738105,708,2,3961,10530,1,0,0
738106,881,0,5588,10827,1,0,1
738107,65535,255,4770,-8413,0,0,0
738108,361,2,2575,-8188,1,0,1
738109,659,0,436,9976,1,0,1
738110,566,0,3236,10404,1,0,1
738111,704,0,5128,10720,1,0,1
738112,911,0,5306,-8505,1,0,1
738113,65535,255,3407,-8199,0,0,0
738114,65535,255,609,-7938,0,0,0
738115,65535,255,2397,10355,0,0,0
738116,65535,255,4593,10649,0,0,0
738117,65535,255,5765,-8588,0,0,0
738118,65535,255,4134,-8350,0,0,0
738119,751,0,1623,-8042,1,0,1
738120,528,0,1459,10260,1,0,1
738121,818,0,3969,10548,1,0,1
738122,65535,255,5592,10832,0,0,0
738123,65535,255,4759,-8383,0,0,0
738124,727,0,2561,-8125,1,0,1
738125,65535,255,449,9683,0,0,0
738126,560,0,3245,10368,1,0,1
738127,864,0,5137,10712,1,0,1
738128,634,0,5295,-8498,1,0,1
738129,65535,255,3394,-8205,0,0,0
738130,663,0,592,-7991,1,0,1
738131,65535,255,2416,10258,0,0,0
738132,65535,255,4603,10652,0,0,0
738133,440,0,5758,-8608,1,0,0
738134,185,2,4119,-8277,1,0,0
738135,745,0,1602,-8065,1,0,1
738136,638,0,1476,10238,1,0,1
738137,65535,255,3980,10511,0,0,0
738138,935,0,5598,10816,1,0,1
738139,680,0,4754,-8393,1,0,1
738140,215,2,2551,-8049,1,0,1
738141,65535,255,454,9690,0,0,0
738142,65535,255,3244,10434,0,0,0
738143,679,0,5134,10701,1,0,1
738144,867,0,5298,-8517,1,0,1
738145,665,0,3399,-8286,1,0,1
738146,65535,255,598,-8047,0,0,0
738147,169,0,2401,10348,1,0,1
738148,114,0,4593,10663,1,0,0
738149,907,0,5764,-8626,1,0,1
738150,841,0,4134,-8349,1,0,1
738151,65535,255,1619,-7938,0,0,0
738152,375,0,1454,10259,1,0,1
738153,703,0,3965,10517,1,0,1
738154,918,0,5587,10827,1,0,0
738155,65535,255,4763,-8412,0,0,0
738156,65535,255,2571,-8087,0,0,0
738157,622,0,430,10048,1,0,1
738158,65535,255,3227,10480,0,0,0
738159,65535,255,5125,10731,0,0,0
738160,65535,255,5307,-8548,0,0,0
738161,114,2,3411,-8225,1,0,1
738162,649,0,616,-7668,1,0,1
738163,668,0,2386,10268,1,0,1
738164,817,0,4586,10630,1,0,1
738165,582,0,5771,-8606,1,0,0
738166,65535,255,4141,-8322,0,0,0
738167,65535,255,1640,-8142,0,0,0
738168,772,0,1442,10212,1,0,1
738169,787,0,3954,10509,1,0,1
738170,839,2,5583,10822,1,0,0
738171,791,0,4773,-8413,1,0,1
738172,697,0,2581,-8103,1,0,1
738173,652,2,417,10122,1,0,1
738174,414,0,3221,10379,1,0,1
738175,340,2,5118,10744,1,0,0
738176,1065,0,5310,-8492,1,0,1
738177,737,0,3421,-8262,1,0,1
738178,584,2,627,-7939,1,0,0
738179,660,0,2375,10345,1,0,1
738180,841,0,4579,10665,1,0,1
738181,65535,255,5777,-8634,0,0,0
738182,280,0,4152,-8353,1,0,0
738183,65535,255,1646,-8003,0,0,0
738184,65535,255,1431,10070,0,0,0
738185,188,2,3946,10530,1,0,1
738186,197,2,5579,10802,1,0,0
738187,741,0,4778,-8385,1,0,1
738188,286,0,2586,-8053,1,0,1
738189,252,0,412,9880,1,0,1
738190,765,0,3217,10488,1,0,1
738191,65535,255,5115,10738,0,0,0
738192,860,0,5315,-8491,1,0,1
738193,380,0,3425,-8262,1,0,1
738194,271,2,633,-7991,1,0,1
738195,65535,255,2370,10371,0,0,0
738196,832,0,4579,10585,1,0,1
738197,1034,0,5778,-8624,1,0,1
738198,65535,255,4153,-8296,0,0,0
738199,661,0,1652,-8081,1,0,1
738200,489,0,1430,10164,1,0,1
738201,543,2,3949,10507,1,0,0
738202,65535,255,5578,10828,0,0,0
738203,65535,255,4780,-8426,0,0,0
738204,780,0,2591,-8152,1,0,1
738205,835,0,413,10600,1,0,1
738206,65535,255,3217,10421,0,0,0
738207,220,2,5118,10708,1,0,0
738208,249,2,5318,-8540,1,0,0
738209,65535,255,3424,-8217,0,0,0
738210,65535,255,634,-7781,0,0,0
738211,523,0,2375,10318,1,0,1
738212,815,0,4578,10665,1,0,1
738213,65535,255,5778,-8641,0,0,0
738214,783,0,4152,-8289,1,0,1
738215,550,0,1652,-8083,1,0,0
738216,65535,255,1430,10186,0,0,0
738217,230,0,3952,10515,1,0,0
738218,938,0,5581,10838,1,0,1
738219,522,0,4778,-8442,1,0,1
738220,329,0,2586,-8200,1,0,0
738221,612,0,418,9724,1,0,1
738222,65535,255,3221,10469,0,0,0
738223,745,2,5121,10739,1,0,1
738224,357,2,5315,-8496,1,0,0
738225,821,2,3425,-8287,1,0,1
738226,629,2,628,-8201,1,0,0
738227,733,0,2380,10239,1,0,1
738228,847,0,4581,10629,1,0,1
738229,1024,0,5776,-8619,1,0,1
738230,98,2,4149,-8363,1,0,0
738231,693,0,1641,-7999,1,0,1
738232,713,0,1442,10117,1,0,1
738233,747,0,3956,10500,1,0,1
738234,791,0,5586,10831,1,0,1
738235,65535,255,4774,-8441,0,0,0
738236,65535,255,2581,-8199,0,0,0
738237,65535,255,429,9738,0,0,0
738238,193,0,3225,10489,1,0,0
738239,65535,255,5124,10750,0,0,0
738240,65535,255,5307,-8513,0,0,0
738241,65535,255,3412,-8189,0,0,0
738242,639,0,617,-7664,1,0,0
738243,774,0,2394,10322,1,0,1
738244,762,0,4589,10646,1,0,1
738245,287,0,5769,-8587,1,0,0
738246,830,0,4139,-8320,1,0,1
738247,516,0,1625,-7877,1,0,1
738248,693,0,1453,10373,1,0,1
738249,746,0,3966,10508,1,0,1
738250,124,0,5591,10819,1,0,0
738251,646,0,4761,-8428,1,0,1
738252,292,2,2562,-8185,1,0,0
738253,448,2,447,9827,1,0,0
738254,65535,255,3240,10469,0,0,0
738255,213,0,5132,10763,1,0,1
738256,65535,255,5299,-8526,0,0,0
738257,65535,255,3395,-8222,0,0,0
738258,570,0,593,-7876,1,0,1
738259,65535,255,2409,10389,0,0,0
738260,860,0,4602,10615,1,0,1
738261,849,0,5760,-8616,1,0,1
738262,322,2,4123,-8327,1,0,1
738263,406,0,1603,-8056,1,0,1
738264,164,2,1475,10238,1,0,1
738265,65535,255,3978,10549,0,0,0
738266,65535,255,5601,10820,0,0,0
738267,65535,255,4748,-8414,0,0,1
738268,227,0,2542,-8158,1,0,1
738269,65535,255,471,9710,0,0,1
738270,705,0,3258,10494,1,0,1
738271,544,0,5142,10767,1,0,1
738272,404,0,5285,-8538,1,0,1
738273,807,0,3377,-8246,1,0,1
738274,633,0,569,-8108,1,0,1
738275,65535,255,2436,10250,0,0,0
738276,889,0,4613,10674,1,0,1
738277,856,0,5749,-8604,1,0,1
738278,557,0,4111,-8274,1,0,1
738279,65535,255,1596,-8180,0,0,0
738280,568,0,1488,10087,1,0,1
738281,696,0,3984,10536,1,0,0
738282,978,0,5601,10809,1,0,1
738283,65535,255,4747,-8437,0,0,0
738284,65535,255,2546,-8071,0,0,1
738285,711,0,460,10510,1,0,1
738286,65535,255,3250,10462,0,0,0
738287,853,2,5136,10709,1,0,1
738288,771,0,5293,-8500,1,0,1
738289,648,0,3394,-8212,1,0,1
738290,65535,255,598,-8098,0,0,0
738291,684,0,2406,10299,1,0,1
738292,65535,255,4596,10603,0,0,0
738293,414,2,5761,-8628,1,0,1
738294,769,0,4130,-8319,1,0,1
738295,65535,255,1618,-7998,0,0,0
738296,567,0,1459,10284,1,0,1
738297,691,0,3965,10490,1,0,1
738298,959,0,5588,10852,1,0,1
738299,65535,255,4763,-8416,0,0,0
738300,65535,255,2568,-8120,0,0,0
738301,571,0,430,10510,1,0,1
738302,620,0,3231,10492,1,0,1
738303,346,0,5125,10707,1,0,1
738304,214,0,5304,-8502,1,0,1
738305,685,0,3411,-8223,1,0,1
738306,675,0,622,-8255,1,0,1
738307,65535,255,2386,10350,0,0,0
738308,776,0,4583,10631,1,0,0
738309,65535,255,5771,-8583,0,0,0
738310,65535,255,4145,-8362,0,0,0
738311,501,0,1640,-8140,1,0,1
738312,428,0,1437,10096,1,0,1
738313,65535,255,3950,10554,0,0,0
738314,859,0,5580,10828,1,0,1
738315,65535,255,4773,-8382,0,0,0
738316,65535,255,2585,-8174,0,0,0
738317,563,2,412,10205,1,0,1
738318,65535,255,3213,10461,0,0,0
738319,280,2,5115,10726,1,0,1
738320,368,2,5317,-8549,1,0,1
738321,684,0,3428,-8261,1,0,1
738322,65535,255,638,-7782,0,0,0
738323,65535,255,2367,10413,0,0,0
738324,780,2,4572,10648,1,0,1
738325,88,2,5781,-8589,1,0,0
738326,681,0,4163,-8358,1,0,1
738327,673,0,1662,-8101,1,0,1
738328,729,0,1414,10377,1,0,1
738329,0,0,0,0,0,0,0
738330,295,0,5571,10814,1,0,0
738331,65535,255,4789,-8420,0,0,0
738332,427,0,2607,-8127,1,0,1
738333,65535,255,383,10469,0,0,0
738334,728,0,3195,10479,1,0,1
738335,843,0,5105,10697,1,0,1
738336,794,0,5328,-8487,1,0,1
738337,518,0,3449,-8184,1,0,1
738338,630,0,667,-7991,1,0,1
738339,334,0,2347,10262,1,0,1
738340,749,0,4559,10590,1,0,1
738341,823,0,5792,-8617,1,0,1
738342,65535,255,4177,-8304,0,0,0
738343,282,2,1684,-7967,1,0,0
738344,642,0,1391,10231,1,0,1
738345,519,2,3923,10468,1,0,1
738346,691,2,5561,10845,1,0,1
738347,242,2,4802,-8399,1,0,0
738348,65535,255,2630,-8191,0,0,0
738349,619,0,366,10299,1,0,1
738350,65535,255,3177,10466,0,0,0
738351,65535,255,5093,10690,0,0,1
738352,65535,255,5339,-8513,0,0,0
738353,505,0,3462,-8194,1,0,1
738354,65535,255,690,-8034,0,0,0
738355,65535,255,2326,10301,0,0,0
738356,65535,255,4546,10606,0,0,0
738357,760,0,5801,-8631,1,0,1
738358,480,0,4190,-8333,1,0,1
738359,65535,255,1705,-8043,0,0,0
738360,714,0,1370,10351,1,0,1
738361,65535,255,3909,10511,0,0,0
738362,850,0,5555,10803,1,0,1
738363,65535,255,4814,-8439,0,0,0
738364,0,0,0,0,0,0,0
738365,0,0,0,0,0,0,0
738366,0,0,0,0,0,0,0
738367,0,0,0,0,0,0,0
738368,0,0,0,0,0,0,0
738369,0,0,0,0,0,0,0
738370,0,0,0,0,0,0,0
738371,0,0,0,0,0,0,0
738372,0,0,0,0,0,0,0
738373,115,2,5808,-8633,1,0,1
738374,0,0,0,0,0,0,0
738375,0,0,0,0,0,0,0
738376,583,0,1357,10124,1,0,1
738377,528,0,3897,10539,1,0,1
738378,0,0,0,0,0,0,0
738379,0,0,0,0,0,0,0
738380,0,0,0,0,0,0,0
738381,0,0,0,0,0,0,0
738382,0,0,0,0,0,0,0
738383,0,0,0,0,0,0,0
738384,336,0,5354,-8506,1,0,1
738385,0,0,0,0,0,0,0
738386,0,0,0,0,0,0,0
738387,0,0,0,0,0,0,0
738388,0,0,0,0,0,0,0
738389,0,0,0,0,0,0,0
738390,0,0,0,0,0,0,0
738391,0,0,0,0,0,0,0
738392,0,0,0,0,0,0,0
738393,0,0,0,0,0,0,0
738394,0,0,0,0,0,0,0
738395,0,0,0,0,0,0,0
738396,0,0,0,0,0,0,0
738397,65535,255,320,10409,0,0,0
738398,65535,255,3143,10461,0,0,0
738399,65535,255,5072,10716,0,0,0
738400,845,0,5356,-8521,1,0,1
738401,65535,255,3495,-8275,0,0,0
738402,65535,255,725,-7851,0,0,0
738403,65535,255,2294,10269,0,0,0
738404,302,0,4522,10609,1,0,1
738405,192,2,5816,-8642,1,0,0
738406,294,2,4213,-8369,1,0,1
738407,65535,255,1739,-7953,0,0,0
738408,65535,255,1341,10201,0,0,0
738409,65535,255,3885,10484,0,0,0
738410,65535,255,5538,10795,0,0,0
738411,65535,255,4829,-8447,0,0,0
738412,65535,255,2669,-8144,0,0,0
738413,562,0,314,10204,1,0,1
738414,589,0,3142,10492,1,0,1
738415,787,0,5069,10722,1,0,1
738416,773,0,5360,-8531,1,0,1
738417,65535,255,3495,-8233,0,0,0
738418,65535,255,730,-8034,0,0,0
738419,297,0,2289,10339,1,0,1
738420,319,0,4522,10647,1,0,1
738421,769,0,5816,-8608,1,0,1
738422,809,0,4213,-8315,1,0,1
738423,441,0,1738,-8065,1,0,0
738424,244,0,1342,10076,1,0,1
738425,697,0,3881,10569,1,0,1
738426,873,0,5537,10850,1,0,1
738427,65535,255,4829,-8436,0,0,0
738428,65535,255,2669,-8132,0,0,0
738429,65535,255,314,10211,0,0,0
738430,440,2,3144,10409,1,0,0
738431,228,2,5069,10733,1,0,1
738432,600,0,5360,-8545,1,0,1
738433,65535,255,3491,-8204,0,0,0
738434,631,0,727,-7724,1,0,1
738435,65535,255,2293,10252,0,0,0
738436,667,0,4525,10599,1,0,1
738437,65535,255,5816,-8646,0,0,0
738438,65535,255,4209,-8280,0,0,0
738439,530,0,1733,-7988,1,0,1
738440,621,0,1341,10402,1,0,1
738441,578,0,3889,10562,1,0,1
738442,65535,255,5542,10852,0,0,0
738443,632,0,4826,-8407,1,0,0
738444,65535,255,2669,-8120,0,0,0
738445,340,0,315,10632,1,0,1
738446,418,0,3142,10426,1,0,1
738447,397,0,5068,10722,1,0,1
738448,759,0,5365,-8555,1,0,1
738449,65535,255,3508,-8258,0,0,0
738450,65535,255,748,-8081,0,0,0
738451,65535,255,2279,10226,0,0,0
738452,104,2,4511,10627,1,0,1
738453,65535,255,5826,-8620,0,0,1
738454,785,0,4231,-8372,1,0,1
738455,643,0,1767,-8052,1,0,1
738456,661,0,1307,10198,1,0,1
738457,533,0,3864,10536,1,0,1
738458,735,0,5526,10788,1,0,1
738459,749,0,4852,-8441,1,0,1
738460,578,0,2704,-8102,1,0,1
738461,670,0,269,10720,1,0,1
738462,65535,255,3105,10440,0,0,0
738463,63,2,5046,10734,1,0,0
738464,843,2,5384,-8501,1,0,1
738465,738,0,3536,-8242,1,0,1
738466,68,2,784,-7699,1,0,1
738467,207,2,2241,10337,1,0,1
738468,613,0,4490,10599,1,0,1
738469,65535,255,5842,-8601,0,0,0
738470,442,0,4257,-8355,1,0,1
738471,65535,255,1805,-8037,0,0,0
738472,65535,255,1272,10221,0,0,0
738473,453,0,3836,10548,1,0,1
738474,65535,255,5511,10803,0,0,0
738475,319,0,4871,-8415,1,0,1
738476,222,0,2738,-8175,1,0,1
738477,598,0,238,9666,1,0,1
738478,65535,255,3083,10367,0,0,0
738479,65535,255,5046,10708,0,0,0
738480,132,2,5384,-8502,1,0,1
738481,680,0,3534,-8224,1,0,1
738482,65535,255,778,-8129,0,0,0
738483,65535,255,2251,10332,0,0,0
738484,65535,255,4500,10620,0,0,0
738485,65535,255,5835,-8642,0,0,0
738486,702,0,4242,-8345,1,0,1
738487,65535,255,1777,-8094,0,0,0
738488,659,0,1304,10199,1,0,1
738489,580,0,3864,10523,1,0,1
738490,808,0,5526,10810,1,0,1
738491,65535,255,4850,-8455,0,0,0
738492,355,2,2694,-8128,1,0,0
738493,394,0,291,9878,1,0,1
738494,675,0,3123,10428,1,0,1
738495,65535,255,5059,10716,0,0,0
738496,65535,255,5374,-8552,0,0,0
738497,639,0,3513,-8195,1,0,1
738498,65535,255,749,-8040,0,0,0
738499,65535,255,2278,10307,0,0,0
738500,326,2,4515,10622,1,0,0
738501,999,0,5823,-8649,1,0,1
738502,737,0,4221,-8368,1,0,1
738503,65535,255,1750,-8167,0,0,0
738504,697,0,1335,10148,1,0,1
738505,737,0,3882,10509,1,0,1
738506,1005,0,5538,10842,1,0,1
738507,65535,255,4830,-8413,0,0,0
738508,356,0,2665,-8066,1,0,0
738509,566,0,328,9305,1,0,0
738510,498,0,3150,10383,1,0,1
738511,218,0,5074,10740,1,0,0
738512,495,0,5357,-8544,1,0,0
738513,747,0,3483,-8182,1,0,1
738514,65535,255,714,-8042,0,0,0
738515,315,0,2309,10325,1,0,0
738516,248,0,4535,10633,1,0,0
738517,831,0,5806,-8598,1,0,1
738518,665,0,4195,-8296,1,0,1
738519,638,2,1712,-7993,1,0,1
738520,761,0,1368,10325,1,0,1
738521,65535,255,3908,10523,0,0,0
