sdate,line_t,line_tmq,line_tvza,line_tvaa,line_tm2,line_QFDNB,line_tm_buf
735235,65535,255,4518,9812,0,0,1
735236,485,0,6296,9803,1,0,1
735237,65535,255,5719,-8027,0,0,0
735238,453,0,3512,-8122,1,0,1
735239,65535,255,109,9786,0,0,1
735240,65535,255,3667,9836,0,0,1
735241,422,0,5813,9823,1,0,1
735242,240,0,6213,-7988,1,0,1
735243,410,0,4385,-8042,1,0,1
735244,65535,255,1209,-8289,0,0,0
735245,455,0,2643,9920,1,0,1
735246,433,0,5237,9782,1,0,1
735247,299,0,6631,-7963,1,0,0
735248,404,0,5105,-8006,1,0,1
735249,341,0,2424,-8098,1,0,1
735250,382,0,1451,10019,1,0,1
735251,65535,255,4538,9774,0,0,0
735252,349,0,6305,9780,1,0,0
735253,321,0,5707,-7997,1,0,1
735254,427,0,3495,-8053,1,0,1
735255,579,0,125,7614,1,0,1
735256,65535,255,3668,9771,0,0,1
735257,65535,255,5812,9789,0,0,0
735258,65535,255,6215,-8007,0,0,1
735259,65535,255,4395,-8073,0,0,0
735260,65535,255,1231,-7989,0,0,0
735261,0,0,0,0,0,0,0
735262,65535,255,5221,9803,0,0,1
735263,65535,255,6642,-7969,0,0,0
735264,65535,255,5127,-8016,0,0,1
735265,65535,255,2468,-8110,0,0,1
735266,65535,255,1394,9834,0,0,1
735267,65535,255,4501,9831,0,0,1
735268,65535,255,6284,9790,0,0,1
735269,65535,255,5732,-8044,0,0,1
735270,65535,255,3537,-8027,0,0,0
735271,397,0,66,12857,1,0,1
735272,65535,255,3622,9875,0,0,0
735273,0,0,0,0,0,0,0
735274,65535,255,6234,-8013,0,0,0
735275,65535,255,4425,-8091,0,0,0
735276,65535,255,1282,-8096,0,0,0
735277,483,0,2574,9836,1,0,0
735278,65535,255,5192,9829,0,0,0
735279,65535,255,6657,-7991,0,0,1
735280,1012,0,5151,-8056,1,0,1
735281,65535,255,2508,-8033,0,0,0
735282,65535,255,1349,9710,0,0,0
735283,542,0,4471,9806,1,0,0
735284,722,0,6266,9807,1,0,0
735285,777,0,5749,-8038,1,0,0
735286,522,0,3568,-8018,1,0,1
735287,65535,255,35,17110,0,0,0
735288,437,0,3593,9778,1,0,1
735289,65535,255,5770,9799,0,0,0
735290,65535,255,6247,-8020,0,0,0
735291,65535,255,4447,-8034,0,0,0
735292,65535,255,1321,-8095,0,0,0
735293,65535,255,2534,9824,0,0,1
735294,529,0,5170,9819,1,0,1
735295,65535,255,6668,-7980,0,0,1
735296,65535,255,5173,-8035,0,0,0
735297,65535,255,2553,-8158,0,0,0
735298,65535,255,1304,9936,0,0,0
735299,525,0,4444,9857,1,0,0
735300,0,0,0,0,0,0,0
735301,65535,255,5766,-7999,0,0,0
735302,65535,255,3601,-8068,0,0,0
735303,65535,255,43,-3480,0,0,0
735304,65535,255,3559,9804,0,0,0
735305,825,0,5750,9812,1,0,1
735306,577,0,6262,-7978,1,0,1
735307,65535,255,4477,-8032,0,0,0
735308,65535,255,1367,-8241,0,0,0
735309,65535,255,2495,9926,0,0,0
735310,741,0,5150,9789,1,0,1
735311,65535,255,6663,9793,0,0,1
735312,768,0,5191,-8024,1,0,1
735313,65535,255,2582,-8145,0,0,0
735314,0,0,0,0,0,0,0
735315,0,0,0,0,0,0,0
735316,0,0,0,0,0,0,0
735317,0,0,0,0,0,0,0
735318,518,0,3627,-8002,1,0,1
735319,65535,255,75,-10221,0,0,0
735320,65535,255,3537,9773,0,0,0
735321,65535,255,5738,9800,0,0,0
735322,0,0,0,0,0,0,0
735323,65535,255,4493,-8038,0,0,1
735324,65535,255,1390,-7927,0,0,0
735325,65535,255,2475,9786,0,0,0
735326,500,0,5138,9820,1,0,1
735327,65535,255,6657,9770,0,0,0
735328,65535,255,5205,-8027,0,0,1
735329,65535,255,2607,-8094,0,0,0
735330,65535,255,1241,9887,0,0,0
735331,65535,255,4407,9845,0,0,0
735332,65535,255,6232,9797,0,0,0
735333,65535,255,5794,-8036,0,0,0
735334,65535,255,3642,-8051,0,0,0
735335,65535,255,91,-6528,0,0,0
735336,546,0,3525,9847,1,0,1
735337,65535,255,5733,9783,0,0,0
735338,366,0,6280,-7978,1,0,1
735339,563,0,4506,-8038,1,0,1
735340,367,0,1406,-8000,1,0,0
735341,65535,255,2460,9850,0,0,0
735342,490,2,5135,9779,1,0,0
735343,65535,255,6653,9801,0,0,0
735344,65535,255,5213,-8049,0,0,0
735345,65535,255,2612,-8070,0,0,0
735346,65535,255,1236,9887,0,0,0
735347,65535,255,4406,9782,0,0,0
735348,733,0,6231,9813,1,0,1
735349,65535,255,5796,-7998,0,0,1
735350,65535,255,3650,-8116,0,0,1
735351,65535,255,99,-10052,0,0,0
735352,65535,255,3524,9813,0,0,1
735353,65535,255,5735,9770,0,0,0
735354,65535,255,6282,-7998,0,0,0
735355,65535,255,4506,-8050,0,0,1
735356,0,0,0,0,0,0,0
735357,65535,255,2459,9902,0,0,0
735358,509,0,5134,9810,1,0,1
735359,0,0,0,0,0,0,0
735360,65535,255,5210,-8023,0,0,0
735361,65535,255,2612,-8033,0,0,0
735362,65535,255,1241,9889,0,0,0
735363,65535,255,4413,9796,0,0,0
735364,65535,255,6235,9768,0,0,0
735365,65535,255,5794,-8023,0,0,0
735366,65535,255,3642,-8051,0,0,0
735367,65535,255,82,-8397,0,0,0
735368,65535,255,3533,9788,0,0,0
735369,877,0,5739,9788,1,0,1
735370,65535,255,6277,-7973,0,0,0
735371,65535,255,4499,-8076,0,0,0
735372,65535,255,1395,-8239,0,0,0
735373,65535,255,2480,9826,0,0,0
735374,65535,255,5143,9790,0,0,0
735375,65535,255,6661,9771,0,0,0
735376,65535,255,5201,-8028,0,0,0
735377,65535,255,2592,-8083,0,0,0
735378,65535,255,1259,10020,0,0,0
735379,315,0,4423,9846,1,0,0
735380,0,0,0,0,0,0,0
735381,0,0,0,0,0,0,0
735382,0,0,0,0,0,0,0
735383,0,0,0,0,0,0,0
735384,65535,255,3550,9822,0,0,0
735385,65535,255,5749,9796,0,0,0
735386,65535,255,6267,-8000,0,0,0
735387,65535,255,4479,-8039,0,0,0
735388,65535,255,1361,-8145,0,0,0
735389,65535,255,2505,9800,0,0,0
735390,65535,255,5158,9795,0,0,0
735391,65535,255,6671,9780,0,0,0
735392,785,0,5185,-8049,1,0,0
735393,648,0,2562,-8157,1,0,1
735394,65535,255,1298,9810,0,0,0
735395,65535,255,4447,9802,0,0,0
735396,65535,255,6254,9790,0,0,0
735397,371,2,5763,-7999,1,0,0
735398,65535,255,3593,-8034,0,0,0
735399,678,0,20,-13304,1,0,0
735400,530,0,3580,9839,1,0,0
735401,126,2,5764,9809,1,0,0
735402,103,2,6251,-8011,1,0,0
735403,902,0,4452,-8083,1,0,1
735404,65535,255,1316,-7943,0,0,0
735405,65535,255,2539,9913,0,0,0
735406,65535,255,5178,9846,0,0,0
735407,65535,255,6662,-7993,0,0,0
735408,65535,255,5160,-8040,0,0,0
735409,65535,255,2523,-8133,0,0,1
735410,65535,255,1343,9836,0,0,0
735411,65535,255,4471,9814,0,0,1
735412,539,0,6269,9801,1,0,1
735413,65535,255,5744,-8016,0,0,1
735414,65535,255,3555,-8086,0,0,0
735415,65535,255,50,6139,0,0,0
735416,65535,255,3614,9779,0,0,0
735417,65535,255,5786,9787,0,0,0
735418,65535,255,6232,-8009,0,0,0
735419,65535,255,4419,-8071,0,0,0
735420,65535,255,1265,-7937,0,0,0
735421,65535,255,2584,9924,0,0,0
735422,956,0,5207,9779,1,0,1
735423,65535,255,6644,-7952,0,0,0
735424,65535,255,5134,-8066,0,0,0
735425,65535,255,2468,-8020,0,0,0
735426,677,0,1394,10004,1,0,0
735427,65535,255,4505,9835,0,0,0
735428,65535,255,6291,9782,0,0,0
735429,825,2,5718,-8000,1,0,0
735430,65535,255,3512,-8060,0,0,0
735431,65535,255,112,7666,0,0,0
735432,65535,255,3656,9870,0,0,0
735433,65535,255,5805,9829,0,0,1
735434,65535,255,6215,-7979,0,0,0
735435,65535,255,4395,-8014,0,0,0
735436,65535,255,1237,-8095,0,0,0
735437,65535,255,2613,9801,0,0,0
735438,65535,255,5215,9804,0,0,0
735439,65535,255,6641,-7962,0,0,0
735440,65535,255,5128,-7994,0,0,0
735441,65535,255,2469,-8046,0,0,0
735442,65535,255,1390,9887,0,0,1
735443,65535,255,4500,9801,0,0,0
735444,65535,255,6284,9778,0,0,0
735445,65535,255,5730,-7991,0,0,0
735446,65535,255,3538,-8035,0,0,0
735447,567,2,66,12900,1,0,1
735448,548,0,3623,9872,1,0,1
735449,304,2,5791,9774,1,0,0
735450,30,2,6232,-7990,1,0,0
735451,242,2,4422,-8046,1,0,0
735452,65535,255,1282,-8252,0,0,0
735453,65535,255,2573,9900,0,0,0
735454,65535,255,5195,9846,0,0,0
735455,65535,255,6657,-7996,0,0,1
735456,1195,0,5150,-8055,1,0,1
735457,1048,0,2503,-8007,1,0,1
735458,108,2,1349,9984,1,0,0
735459,124,2,4477,9841,1,0,0
735460,282,0,6273,9782,1,0,0
735461,445,2,5748,-7999,1,0,1
735462,65535,255,3567,-8068,0,0,0
735463,65535,255,38,4517,0,0,0
735464,65535,255,3601,9796,0,0,1
735465,843,0,5775,9804,1,0,1
735466,65535,255,6245,-7988,0,0,1
735467,65535,255,4442,-8014,0,0,0
735468,65535,255,1310,-8147,0,0,0
735469,65535,255,2549,9876,0,0,1
735470,65535,255,5180,9846,0,0,0
735471,65535,255,6665,-7996,0,0,0
735472,65535,255,5167,-8065,0,0,0
735473,65535,255,2533,-8058,0,0,1
735474,65535,255,1326,9761,0,0,0
735475,65535,255,4463,9821,0,0,1
735476,65535,255,6263,9816,0,0,0
735477,0,0,0,0,0,0,0
735478,65535,255,3584,-8042,0,0,0
735479,442,2,42,774,1,0,0
735480,161,2,3588,9797,1,0,0
735481,76,2,5768,9809,1,0,0
735482,112,2,6253,-7978,1,0,0
735483,65535,255,4459,-8039,0,0,0
735484,65535,255,1327,-7919,0,0,0
735485,680,0,2534,9763,1,0,1
735486,65535,255,5174,9811,0,0,0
735487,65535,255,6671,-7982,0,0,0
735488,107,2,5176,-8049,1,0,0
735489,75,2,2548,-8020,1,0,0
735490,65535,255,1315,9735,0,0,0
735491,783,2,4453,9821,1,0,1
735492,65535,255,6258,9792,0,0,0
735493,65535,255,5764,-7994,0,0,1
735494,65535,255,3593,-8084,0,0,1
735495,65535,255,14,-5080,0,0,1
735496,424,0,3575,9856,1,0,1
735497,65535,255,5763,9783,0,0,1
735498,65535,255,6257,-8019,0,0,0
735499,65535,255,4462,-8019,0,0,0
735500,65535,255,1339,-8269,0,0,0
735501,65535,255,2525,9763,0,0,0
735502,65535,255,5169,9816,0,0,0
735503,65535,255,6672,-7992,0,0,1
735504,65535,255,5177,-8021,0,0,1
735505,65535,255,2552,-8107,0,0,0
735506,296,0,1303,9938,1,0,0
735507,904,0,4450,9783,1,0,0
735508,256,2,6256,9806,1,0,1
735509,205,0,5763,-7985,1,0,0
735510,555,2,3593,-8075,1,0,0
735511,65535,255,12,-7406,0,0,0
735512,1074,2,3576,9882,1,0,0
735513,356,0,5761,9801,1,0,1
735514,148,2,6253,-7980,1,0,0
735515,893,0,4459,-8069,1,0,1
735516,65535,255,1333,-8095,0,0,0
735517,65535,255,2524,9902,0,0,0
735518,1307,0,5172,9801,1,0,1
735519,65535,255,6669,-7988,0,0,0
735520,65535,255,5171,-7997,0,0,0
735521,716,0,2542,-8145,1,0,1
735522,65535,255,1317,9882,0,0,0
735523,214,0,4454,9828,1,0,0
735524,65535,255,6261,9779,0,0,1
735525,65535,255,5758,-8028,0,0,0
735526,65535,255,3580,-8050,0,0,0
735527,623,0,2,-1677,1,0,0
735528,65535,255,3584,9899,0,0,1
735529,65535,255,5767,9818,0,0,0
735530,65535,255,6248,-8007,0,0,0
735531,65535,255,4446,-8025,0,0,0
735532,65535,255,1310,-7992,0,0,0
735533,65535,255,2544,9877,0,0,0
735534,65535,255,5181,9806,0,0,0
735535,65535,255,6661,-7967,0,0,0
735536,65535,255,5157,-8028,0,0,0
735537,162,2,2518,-8045,1,0,0
735538,65535,255,1343,9936,0,0,0
735539,65535,255,4471,9809,0,0,0
735540,436,0,6269,9783,1,0,0
735541,65535,255,5745,-8041,0,0,0
735542,65535,255,3559,-8101,0,0,0
735543,65535,255,60,5915,0,0,0
735544,687,0,3610,9857,1,0,0
735545,316,0,5781,9805,1,0,0
735546,1169,0,6235,-8007,1,0,1
735547,408,0,4423,-8044,1,0,0
735548,556,0,1276,-8148,1,0,1
735549,856,0,2584,9802,1,0,0
735550,790,0,5201,9786,1,0,0
735551,65535,255,6647,-7989,0,0,0
735552,538,0,5134,-8039,1,0,0
735553,65535,255,2478,-8121,0,0,0
735554,794,0,1394,9767,1,0,0
735555,65535,255,4501,9790,0,0,0
735556,65535,255,6287,9780,0,0,1
735557,65535,255,5720,-7990,0,0,1
735558,65535,255,3520,-8093,0,0,1
735559,65535,255,89,12459,0,0,0
735560,65535,255,3640,9847,0,0,0
735561,65535,255,5798,9801,0,0,0
735562,65535,255,6224,-7996,0,0,0
735563,65535,255,4409,-8019,0,0,0
735564,65535,255,1259,-8042,0,0,0
735565,65535,255,2588,9925,0,0,0
735566,791,0,5204,9837,1,0,0
735567,65535,255,6651,-7972,0,0,0
735568,444,0,5139,-7997,1,0,1
735569,514,0,2493,-7993,1,0,0
735570,798,0,1366,9886,1,0,1
735571,281,0,4484,9816,1,0,0
735572,0,0,0,0,0,0,0
735573,65535,255,5741,-7989,0,0,0
735574,65535,255,3555,-8007,0,0,0
735575,578,0,35,8669,1,0,1
735576,65535,255,3610,9806,0,0,0
735577,65535,255,5781,9793,0,0,0
735578,476,2,6241,-7999,1,0,0
735579,65535,255,4436,-8044,0,0,0
735580,65535,255,1304,-8196,0,0,0
735581,598,0,2554,9852,1,0,1
735582,65535,255,5186,9817,0,0,0
735583,65535,255,6661,-7972,0,0,0
735584,65535,255,5159,-8007,0,0,1
735585,65535,255,2522,-8068,0,0,0
735586,65535,255,1338,9689,0,0,0
735587,633,0,4467,9791,1,0,1
735588,65535,255,6267,9788,0,0,0
735589,506,0,5755,-8001,1,0,1
735590,65535,255,3576,-8066,0,0,1
735591,65535,255,43,2383,0,0,1
735592,65535,255,3593,9773,0,0,1
735593,65535,255,5773,9789,0,0,1
735594,960,0,6249,-8010,1,0,1
735595,65535,255,4452,-8081,0,0,0
735596,581,0,1316,-8018,1,0,1
735597,65535,255,2544,9790,0,0,0
735598,439,2,5180,9807,1,0,1
735599,65535,255,6666,-7975,0,0,0
735600,359,2,5167,-8027,1,0,0
735601,65535,255,2538,-8144,0,0,0
735602,65535,255,1326,9913,0,0,0
735603,632,0,4460,9854,1,0,1
735604,536,0,6263,9777,1,0,1
735605,65535,255,5758,-8001,0,0,0
735606,644,0,3580,-8083,1,0,1
735607,187,0,20,2385,1,0,0
735608,529,0,3588,9832,1,0,1
735609,255,0,5768,9828,1,0,0
735610,65535,255,6249,-7995,0,0,0
735611,65535,255,4452,-8068,0,0,1
735612,65535,255,1315,-8042,0,0,0
735613,432,0,2544,9828,1,0,0
735614,608,0,5180,9838,1,0,1
735615,65535,255,6665,-7952,0,0,0
735616,65535,255,5164,-8001,0,0,1
735617,501,0,2528,-8106,1,0,1
735618,65535,255,1332,9887,0,0,0
735619,65535,255,4463,9867,0,0,1
735620,65535,255,6267,9792,0,0,1
735621,65535,255,5753,-8022,0,0,0
735622,65535,255,3576,-8100,0,0,1
735623,492,0,22,3827,1,0,0
735624,735,0,3597,9807,1,0,1
735625,65535,255,5771,9802,0,0,0
735626,1152,0,6248,-8017,1,0,1
735627,554,0,4449,-8093,1,0,1
735628,720,0,1316,-8043,1,0,1
735629,65535,255,2544,9803,0,0,0
735630,65535,255,5180,9808,0,0,0
735631,65535,255,6665,-7971,0,0,0
735632,65535,255,5162,-8021,0,0,0
735633,570,0,2533,-8119,1,0,1
735634,65535,255,1332,9863,0,0,0
735635,328,0,4460,9855,1,0,0
735636,598,0,6264,9785,1,0,1
735637,498,0,5753,-8009,1,0,1
735638,65535,255,3576,-8091,0,0,0
735639,65535,255,17,4873,0,0,0
735640,65535,255,3593,9841,0,0,0
735641,65535,255,5771,9832,0,0,0
735642,65535,255,6246,-7998,0,0,1
735643,65535,255,4446,-8074,0,0,1
735644,65535,255,1310,-8041,0,0,0
735645,65535,255,2549,9828,0,0,0
735646,65535,255,5181,9833,0,0,0
735647,65535,255,6660,-7961,0,0,0
735648,65535,255,5157,-7996,0,0,0
735649,65535,255,2518,-8093,0,0,1
735650,65535,255,1343,9863,0,0,1
735651,648,0,4467,9861,1,0,1
735652,65535,255,6268,9789,0,0,0
735653,65535,255,5747,-8026,0,0,0
735654,65535,255,3559,-8023,0,0,0
735655,488,2,51,4260,1,0,0
735656,65535,255,3606,9816,0,0,0
735657,801,2,5779,9832,1,0,0
735658,65535,255,6237,-8009,0,0,0
735659,65535,255,4426,-8011,0,0,0
735660,655,0,1282,-7884,1,0,0
735661,65535,255,2574,9804,0,0,0
735662,65535,255,5195,9843,0,0,0
735663,65535,255,6650,-7965,0,0,0
735664,657,0,5142,-8042,1,0,0
735665,65535,255,2488,-8068,0,0,0
735666,565,0,1377,9912,1,0,0
735667,65535,255,4494,9798,0,0,0
735668,65535,255,6282,9769,0,0,0
735669,65535,255,5728,-8018,0,0,0
735670,65535,255,3529,-8040,0,0,0
735671,65535,255,79,12830,0,0,1
735672,65535,255,3633,9831,0,0,0
735673,65535,255,5791,9794,0,0,0
735674,65535,255,6230,-8017,0,0,0
735675,65535,255,4419,-8005,0,0,0
735676,65535,255,1276,-8171,0,0,0
735677,65535,255,2569,9878,0,0,0
735678,65535,255,5190,9817,0,0,1
735679,65535,255,6656,-7958,0,0,0
735680,648,0,5153,-8011,1,0,1
735681,65535,255,2518,-8131,0,0,0
735682,65535,255,1337,9964,0,0,0
735683,65535,255,4464,9785,0,0,0
735684,65535,255,6262,9804,0,0,0
735685,65535,255,5756,-8038,0,0,0
735686,65535,255,3580,-8048,0,0,0
735687,65535,255,20,-991,0,0,0
735688,950,0,3580,9859,1,0,1
735689,1112,0,5762,9786,1,0,1
735690,0,0,0,0,0,0,0
735691,599,0,4463,-8048,1,0,1
735692,65535,255,1344,-8017,0,0,0
735693,65535,255,2514,9866,0,0,0
735694,340,0,5161,9793,1,0,1
735695,65535,255,6670,9767,0,0,0
735696,563,0,5182,-7989,1,0,1
735697,65535,255,2567,-8142,0,0,0
735698,65535,255,1288,9682,0,0,0
735699,876,0,4433,9836,1,0,1
735700,65535,255,6245,9793,0,0,0
735701,65535,255,5776,-8014,0,0,0
735702,65535,255,3618,-8089,0,0,1
735703,0,0,0,0,0,0,0
735704,65535,255,3546,9817,0,0,1
735705,65535,255,5745,9787,0,0,0
735706,913,0,6269,-7981,1,0,1
735707,65535,255,4490,-8091,0,0,0
735708,0,0,0,0,0,0,0
735709,834,0,2485,9854,1,0,1
735710,0,0,0,0,0,0,0
735711,65535,255,6662,9781,0,0,0
735712,65535,255,5201,-8040,0,0,0
735713,65535,255,2597,-8116,0,0,0
735714,65535,255,1259,9706,0,0,0
735715,65535,255,4416,9869,0,0,0
735716,0,0,0,0,0,0,0
735717,651,2,5789,-8029,1,0,0
735718,536,0,3634,-8088,1,0,1
735719,65535,255,82,-5001,0,0,0
735720,65535,255,3533,9885,0,0,0
735721,65535,255,5737,9830,0,0,0
735722,65535,255,6275,-7973,0,0,0
735723,65535,255,4497,-8009,0,0,0
735724,0,0,0,0,0,0,0
735725,65535,255,2470,9945,0,0,0
735726,65535,255,5138,9850,0,0,0
735727,65535,255,6659,9767,0,0,0
735728,0,0,0,0,0,0,0
735729,65535,255,2601,-8128,0,0,0
735730,65535,255,1247,9811,0,0,0
735731,65535,255,4413,9812,0,0,0
735732,65535,255,6236,9798,0,0,0
735733,0,0,0,0,0,0,0
735734,626,0,3638,-8071,1,0,0
735735,65535,255,87,-5216,0,0,0
735736,65535,255,3530,9843,0,0,1
735737,65535,255,5739,9787,0,0,0
735738,65535,255,6275,-8003,0,0,0
735739,65535,255,4496,-8066,0,0,0
735740,65535,255,1389,-7947,0,0,0
735741,65535,255,2475,9932,0,0,0
735742,783,0,5143,9783,1,0,1
735743,65535,255,6660,9784,0,0,0
735744,65535,255,5199,-7994,0,0,0
735745,65535,255,2591,-8054,0,0,0
735746,0,0,0,0,0,0,0
735747,0,0,0,0,0,0,0
735748,65535,255,6239,9798,0,0,0
735749,65535,255,5784,-8020,0,0,0
735750,1020,0,3626,-8104,1,0,1
735751,428,2,65,-7458,1,0,0
735752,65535,255,3542,9834,0,0,0
735753,1048,0,5742,9825,1,0,1
735754,65535,255,6270,-7985,0,0,0
735755,0,0,0,0,0,0,0
735756,65535,255,1373,-7897,0,0,0
735757,65535,255,2490,9944,0,0,0
735758,65535,255,5150,9793,0,0,0
735759,65535,255,6664,9794,0,0,1
735760,65535,255,5190,-8020,0,0,0
735761,65535,255,2577,-8128,0,0,0
735762,65535,255,1275,9891,0,0,0
735763,65535,255,4430,9856,0,0,1
735764,65535,255,6246,9782,0,0,0
735765,65535,255,5773,-8007,0,0,0
735766,65535,255,3610,-8089,0,0,0
735767,65535,255,36,-6903,0,0,0
735768,65535,255,3559,9851,0,0,0
735769,65535,255,5753,9814,0,0,0
735770,65535,255,6260,-8004,0,0,0
735771,65535,255,4470,-8085,0,0,0
735772,65535,255,1344,-8092,0,0,0
735773,65535,255,2515,9867,0,0,0
735774,65535,255,5164,9850,0,0,0
735775,65535,255,6671,-7956,0,0,0
735776,65535,255,5173,-8010,0,0,0
735777,65535,255,2548,-8129,0,0,0
735778,65535,255,1309,9916,0,0,0
735779,65535,255,4450,9868,0,0,0
735780,65535,255,6259,9794,0,0,0
735781,65535,255,5759,-8025,0,0,0
735782,65535,255,3585,-8115,0,0,0
735783,65535,255,36,794,0,0,0
735784,65535,255,3581,9876,0,0,0
735785,65535,255,5762,9821,0,0,0
735786,65535,255,6252,-8016,0,0,0
735787,65535,255,4456,-8060,0,0,0
735788,65535,255,1333,-8216,0,0,0
735789,65535,255,2530,9829,0,0,0
735790,65535,255,5170,9798,0,0,0
735791,65535,255,6667,-7950,0,0,0
735792,65535,255,5171,-8041,0,0,0
735793,339,0,2548,-8117,1,0,1
735794,65535,255,1310,9737,0,0,0
735795,65535,255,4450,9792,0,0,0
735796,404,0,6256,9771,1,0,1
735797,65535,255,5763,-8037,0,0,0
735798,65535,255,3593,-8106,0,0,0
735799,65535,255,33,-1276,0,0,0
735800,614,0,3572,9902,1,0,0
735801,65535,255,5759,9817,0,0,0
735802,65535,255,6254,-7981,0,0,0
735803,65535,255,4460,-8010,0,0,0
735804,65535,255,1338,-8042,0,0,0
735805,65535,255,2523,9801,0,0,0
735806,65535,255,5166,9845,0,0,0
735807,65535,255,6670,-7988,0,0,0
735808,65535,255,5174,-8030,0,0,0
735809,343,2,2547,-8104,1,0,0
735810,65535,255,1310,9737,0,0,0
735811,65535,255,4447,9816,0,0,0
735812,65535,255,6258,9796,0,0,0
735813,65535,255,5756,-8014,0,0,0
735814,322,2,3572,-8075,1,0,0
735815,404,0,51,4278,1,0,1
735816,65535,255,3611,9855,0,0,0
735817,65535,255,5788,9780,0,0,0
735818,65535,255,6228,-8003,0,0,0
735819,104,2,4409,-8063,1,0,0
735820,65535,255,1248,-8147,0,0,0
735821,527,0,2604,9778,1,0,0
735822,674,0,5209,9847,1,0,1
735823,836,0,6647,-7975,1,0,1
735824,65535,255,5133,-7997,0,0,0
735825,495,0,2478,-7979,1,0,1
735826,581,0,1383,9814,1,0,1
735827,665,0,4494,9791,1,0,1
735828,65535,255,6282,9773,0,0,0
735829,65535,255,5736,-8027,0,0,0
735830,635,0,3546,-8075,1,0,1
735831,65535,255,53,12949,0,0,0
735832,65535,255,3623,9840,0,0,0
735833,831,0,5788,9801,1,0,0
735834,385,0,6237,-7999,1,0,1
735835,65535,255,4429,-8031,0,0,0
735836,305,2,1287,-8067,1,0,0
735837,135,2,2574,9753,1,0,0
735838,65535,255,5191,9848,0,0,0
735839,65535,255,6659,-7981,0,0,1
735840,308,2,5153,-8012,1,0,0
735841,65,2,2512,-8043,1,0,0
735842,65535,255,1343,9962,0,0,0
735843,448,2,4473,9835,1,0,1
735844,65535,255,6269,9803,0,0,0
735845,65535,255,5751,-8005,0,0,0
735846,621,0,3571,-8049,1,0,1
735847,65535,255,27,15138,0,0,0
735848,65535,255,3597,9840,0,0,0
735849,65535,255,5773,9811,0,0,0
735850,65535,255,6247,-8013,0,0,0
735851,65535,255,4449,-8068,0,0,0
735852,365,0,1315,-8202,1,0,0
735853,684,0,2544,9913,1,0,1
735854,640,0,5180,9809,1,0,1
735855,65535,255,6668,-7997,0,0,1
735856,105,2,5167,-8014,1,0,0
735857,614,0,2532,-8009,1,0,1
735858,322,0,1326,9809,1,0,1
735859,65535,255,4463,9851,0,0,0
735860,65535,255,6265,9812,0,0,0
735861,65535,255,5755,-8000,0,0,0
735862,390,2,3575,-8009,1,0,0
735863,65535,255,32,2887,0,0,0
735864,65535,255,3593,9863,0,0,0
735865,1167,0,5773,9808,1,0,1
735866,65535,255,6249,-8001,0,0,0
735867,65535,255,4445,-8021,0,0,0
735868,65535,255,1310,-8019,0,0,0
735869,65535,255,2549,9763,0,0,0
735870,65535,255,5181,9845,0,0,0
735871,65535,255,6663,-7977,0,0,0
735872,65535,255,5162,-8061,0,0,0
735873,346,2,2532,-8159,1,0,1
735874,651,0,1326,9810,1,0,0
735875,1048,0,4460,9801,1,0,1
735876,788,0,6262,9786,1,0,0
735877,65535,255,5760,-7986,0,0,0
735878,123,2,3588,-8009,1,0,0
735879,774,0,18,-7601,1,0,0
735880,356,0,3572,9813,1,0,0
735881,65535,255,5759,9796,0,0,0
735882,176,2,6260,-8019,1,0,0
735883,534,0,4472,-8082,1,0,0
735884,65535,255,1355,-7972,0,0,0
735885,65535,255,2504,9927,0,0,0
735886,65535,255,5156,9806,0,0,0
735887,65535,255,6667,9771,0,0,0
735888,175,2,5188,-8018,1,0,0
735889,560,0,2567,-8088,1,0,1
735890,288,2,1293,9701,1,0,1
735891,405,2,4444,9784,1,0,0
735892,65535,255,6255,9781,0,0,0
735893,65535,255,5763,-7999,0,0,0
735894,482,2,3589,-8047,1,0,0
735895,744,0,34,-15958,1,0,1
735896,465,2,3584,9876,1,0,1
735897,999,0,5771,9774,1,0,1
735898,65535,255,6245,-8002,0,0,0
735899,65535,255,4443,-8057,0,0,0
735900,775,0,1300,-7920,1,0,0
735901,97,2,2561,9824,1,0,0
735902,65535,255,5192,9790,0,0,0
735903,65535,255,6656,-7992,0,0,0
735904,652,0,5148,-8029,1,0,1
735905,204,0,2504,-8088,1,0,0
735906,476,0,1360,9685,1,0,0
735907,65535,255,4475,9837,0,0,0
735908,65535,255,6272,9766,0,0,0
735909,65535,255,5747,-8038,0,0,0
735910,615,0,3564,-8115,1,0,0
735911,447,0,34,6439,1,0,0
735912,65535,255,3605,9792,0,0,0
735913,566,0,5776,9791,1,0,1
735914,65535,255,6242,-8005,0,0,0
735915,65535,255,4440,-8063,0,0,0
735916,65535,255,1294,-7924,0,0,0
735917,65535,255,2556,9852,0,0,0
735918,712,0,5186,9787,1,0,0
735919,65535,255,6661,-7962,0,0,1
735920,65535,255,5159,-8007,0,0,0
735921,65535,255,2528,-8103,0,0,0
735922,65535,255,1332,9827,0,0,0
735923,155,2,4461,9838,1,0,1
735924,865,0,6263,9771,1,0,1
735925,529,2,5758,-7998,1,0,0
735926,65535,255,3584,-8075,0,0,0
735927,700,0,15,-1688,1,0,1
735928,563,0,3580,9840,1,0,1
735929,65535,255,5764,9771,0,0,0
735930,325,0,6256,-8008,1,0,0
735931,65535,255,4462,-8097,0,0,0
735932,65535,255,1338,-8177,0,0,0
735933,578,0,2520,9918,1,0,0
735934,694,0,5167,9798,1,0,1
735935,65535,255,6673,-7984,0,0,0
735936,766,0,5179,-8062,1,0,0
735937,406,0,2557,-8091,1,0,0
735938,494,0,1298,9905,1,0,1
735939,865,0,4447,9788,1,0,1
735940,274,0,6254,9809,1,0,0
735941,691,0,5770,-7997,1,0,1
735942,772,0,3606,-8108,1,0,1
735943,543,0,40,-12348,1,0,0
735944,691,0,3567,9772,1,0,1
735945,460,0,5756,9814,1,0,0
735946,65535,255,6262,-8007,0,0,0
735947,65535,255,4469,-8021,0,0,0
735948,65535,255,1350,-7953,0,0,0
735949,581,0,2514,9856,1,0,1
735950,65535,255,5163,9793,0,0,0
735951,65535,255,6674,9766,0,0,0
735952,65535,255,5184,-8015,0,0,0
735953,428,0,2562,-8028,1,0,0
735954,65535,255,1292,9879,0,0,0
735955,574,0,4443,9801,1,0,0
735956,65535,255,6255,9775,0,0,0
735957,679,0,5771,-8040,1,0,1
735958,546,0,3601,-8100,1,0,1
735959,658,0,48,-2074,1,0,0
735960,522,0,3571,9866,1,0,1
735961,818,0,5761,9818,1,0,1
735962,814,0,6259,-8023,1,0,1
735963,537,0,4466,-8077,1,0,1
735964,556,0,1337,-8169,1,0,0
735965,65535,255,2529,9868,0,0,0
735966,65535,255,5172,9818,0,0,0
735967,65535,255,6672,-7971,0,0,1
735968,595,0,5174,-8040,1,0,1
735969,530,0,2542,-8027,1,0,1
735970,660,0,1315,9955,1,0,1
735971,535,0,4460,9839,1,0,1
735972,65535,255,6263,9809,0,0,0
735973,288,0,5759,-8027,1,0,1
735974,353,0,3579,-8092,1,0,1
735975,554,0,33,2833,1,0,1
735976,422,0,3597,9773,1,0,1
735977,527,0,5775,9780,1,0,1
735978,477,0,6247,-8004,1,0,1
735979,375,0,4442,-8059,1,0,0
735980,65535,255,1304,-8236,0,0,0
735981,65535,255,2559,9893,0,0,0
735982,526,0,5192,9822,1,0,1
735983,65535,255,6661,-7997,0,0,0
735984,465,0,5153,-8052,1,0,1
735985,578,0,2503,-7989,1,0,1
735986,684,0,1360,9951,1,0,1
735987,528,0,4487,9851,1,0,1
735988,422,2,6281,9768,1,0,0
735989,574,0,5738,-8007,1,0,0
735990,65535,255,3542,-8041,0,0,0
735991,65535,255,66,12864,0,0,0
735992,65535,255,3631,9882,0,0,0
735993,715,0,5797,9780,1,0,1
735994,703,0,6229,-8008,1,0,1
735995,577,0,4412,-8078,1,0,1
735996,664,0,1248,-8023,1,0,0
735997,65535,255,2608,9794,0,0,0
735998,319,0,5220,9808,1,0,0
735999,65535,255,6643,-7982,0,0,0
736000,267,0,5122,-8006,1,0,0
736001,65535,255,2458,-8077,0,0,0
736002,65535,255,1405,9758,0,0,0
736003,65535,255,4511,9807,0,0,0
736004,211,0,6289,9801,1,0,1
736005,704,0,5727,-8028,1,0,1
736006,65535,255,3529,-8119,0,0,0
736007,0,0,0,0,0,0,0
736008,675,0,3639,9848,1,0,0
736009,513,0,5798,9767,1,0,1
736010,768,0,6228,-7997,1,0,1
736011,583,0,4415,-8065,1,0,0
736012,650,0,1259,-7969,1,0,0
736013,691,2,2594,9782,1,0,1
736014,65535,255,5207,9808,0,0,0
736015,65535,255,6650,-7981,0,0,0
736016,65535,255,5139,-8041,0,0,0
736017,65535,255,2483,-8001,0,0,0
736018,65535,255,1375,9830,0,0,0
736019,65535,255,4491,9795,0,0,0
736020,65535,255,6280,9805,0,0,0
736021,65535,255,5739,-8040,0,0,0
736022,65535,255,3546,-8032,0,0,0
736023,65535,255,67,5971,0,0,0
736024,65535,255,3623,9798,0,0,0
736025,65535,255,5786,9814,0,0,0
736026,362,0,6234,-7993,1,0,1
736027,65535,255,4425,-8071,0,0,0
736028,656,0,1276,-8049,1,0,1
736029,65535,255,2574,9856,0,0,0
736030,447,0,5198,9773,1,0,1
736031,65535,255,6654,-7964,0,0,1
736032,65535,255,5145,-8031,0,0,0
736033,65535,255,2498,-8000,0,0,0
736034,65535,255,1366,9707,0,0,0
736035,617,0,4484,9826,1,0,1
736036,65535,255,6276,9776,0,0,0
736037,848,0,5739,-8014,1,0,1
736038,65535,255,3551,-8045,0,0,0
736039,65535,255,66,5270,0,0,0
736040,65535,255,3619,9815,0,0,0
736041,479,0,5786,9767,1,0,0
736042,65535,255,6236,-8015,0,0,0
736043,698,0,4425,-8026,1,0,1
736044,65535,255,1276,-7945,0,0,0
736045,65535,255,2579,9831,0,0,0
736046,65535,255,5201,9773,0,0,0
736047,65535,255,6652,-7977,0,0,0
736048,65535,255,5145,-8056,0,0,0
736049,65535,255,2493,-8103,0,0,0
736050,65535,255,1371,9976,0,0,0
736051,687,0,4488,9807,1,0,1
736052,65535,255,6281,9772,0,0,0
736053,65535,255,5737,-8027,0,0,0
736054,65535,255,3542,-8049,0,0,0
736055,65535,255,57,9709,0,0,0
736056,65535,255,3632,9773,0,0,0
736057,65535,255,5791,9823,0,0,0
736058,65535,255,6230,-8019,0,0,0
736059,65535,255,4415,-8052,0,0,0
736060,65535,255,1259,-8128,0,0,0
736061,65535,255,2599,9758,0,0,0
736062,65535,255,5209,9839,0,0,0
736063,65535,255,6646,-7974,0,0,0
736064,752,0,5133,-8072,1,0,1
736065,65535,255,2473,-8167,0,0,0
736066,0,0,0,0,0,0,0
736067,601,0,4508,9783,1,0,1
736068,65535,255,6292,9768,0,0,0
736069,441,0,5724,-8031,1,0,0
736070,65535,255,3520,-8084,0,0,0
736071,583,0,100,12151,1,0,1
736072,65535,255,3655,9856,0,0,0
736073,272,0,5807,9810,1,0,0
736074,764,2,6217,-8019,1,0,1
736075,65535,255,4391,-8071,0,0,0
736076,65535,255,1220,-8293,0,0,0
736077,65535,255,2633,9868,0,0,0
736078,65535,255,5232,9819,0,0,0
736079,817,0,6634,-7974,1,0,1
736080,604,0,5107,-8005,1,0,1
736081,65535,255,2429,-8051,0,0,0
736082,543,0,1447,9888,1,0,0
736083,65535,255,4539,9835,0,0,0
736084,65535,255,6310,9769,0,0,0
736085,277,0,5703,-8019,1,0,0
736086,65535,255,3486,-8058,0,0,0
736087,65535,255,134,10545,0,0,0
736088,65535,255,3680,9816,0,0,0
736089,992,0,5819,9789,1,0,1
736090,65535,255,6211,-7993,0,0,0
736091,785,0,4385,-8020,1,0,1
736092,608,0,1213,-8020,1,0,1
736093,790,0,2630,9865,1,0,1
736094,887,0,5229,9839,1,0,1
736095,65535,255,6639,-7981,0,0,0
736096,887,0,5121,-8010,1,0,1
736097,65535,255,2453,-8051,0,0,0
736098,65535,255,1411,9997,0,0,0
736099,0,0,0,0,0,0,0
736100,65535,255,6294,9783,0,0,0
736101,65535,255,5726,-8027,0,0,0
736102,65535,255,3524,-8092,0,0,0
736103,65535,255,94,7587,0,0,0
736104,645,0,3645,9831,1,0,1
736105,0,0,0,0,0,0,0
736106,1101,0,6226,-7988,1,0,1
736107,65535,255,4411,-8026,0,0,0
736108,65535,255,1259,-8153,0,0,0
736109,65535,255,2598,9832,0,0,0
736110,65535,255,5209,9809,0,0,0
736111,65535,255,6650,-7970,0,0,0
736112,65535,255,5138,-8005,0,0,0
736113,0,0,0,0,0,0,0
736114,65535,255,1378,9685,0,0,0
736115,899,0,4494,9777,1,0,1
736116,65535,255,6281,9780,0,0,0
736117,0,0,0,0,0,0,0
736118,0,0,0,0,0,0,0
736119,65535,255,53,12958,0,0,0
736120,65535,255,3618,9866,0,0,0
736121,65535,255,5787,9769,0,0,0
736122,65535,255,6237,-7988,0,0,0
736123,65535,255,4429,-8039,0,0,0
736124,65535,255,1287,-8204,0,0,0
736125,0,0,0,0,0,0,0
736126,797,0,5192,9835,1,0,1
736127,65535,255,6659,-7993,0,0,0
736128,65535,255,5153,-8050,0,0,0
736129,65535,255,2508,-7987,0,0,0
736130,0,0,0,0,0,0,0
736131,65535,255,4473,9865,0,0,0
736132,65535,255,6272,9780,0,0,0
736133,65535,255,5748,-8000,0,0,0
736134,65535,255,3563,-8065,0,0,0
736135,65535,255,46,4703,0,0,0
736136,65535,255,3606,9791,0,0,0
736137,65535,255,5776,9803,0,0,0
736138,65535,255,6243,-8022,0,0,0
736139,65535,255,4439,-8013,0,0,0
736140,756,2,1304,-8177,1,0,1
736141,65535,255,2554,9882,0,0,0
736142,65535,255,5185,9799,0,0,0
736143,65535,255,6662,-8000,0,0,0
736144,65535,255,5160,-8044,0,0,0
736145,65535,255,2522,-8076,0,0,0
736146,65535,255,1338,9805,0,0,0
736147,65535,255,4467,9827,0,0,0
736148,65535,255,6267,9762,0,0,0
736149,65535,255,5752,-8022,0,0,0
736150,376,0,3571,-8048,1,0,1
736151,250,0,40,3404,1,0,0
736152,307,0,3598,9799,1,0,0
736153,889,0,5772,9811,1,0,1
736154,1095,0,6244,-7984,1,0,0
736155,65535,255,4446,-8051,0,0,0
736156,65535,255,1310,-7948,0,0,0
736157,523,2,2550,9770,1,0,0
736158,65535,255,5181,9810,0,0,0
736159,65535,255,6662,-7986,0,0,0
736160,61,2,5162,-8055,1,0,0
736161,65535,255,2522,-8038,0,0,0
736162,669,0,1333,9729,1,0,1
736163,430,2,4464,9821,1,0,1
736164,65535,255,6267,9765,0,0,0
736165,65535,255,5751,-7996,0,0,0
736166,65535,255,3571,-8082,0,0,0
736167,216,2,13,6463,1,0,0
736168,65535,255,3593,9850,0,0,0
736169,720,0,5772,9777,1,0,1
736170,1101,0,6246,-8014,1,0,1
736171,65535,255,4443,-8007,0,0,1
736172,632,0,1310,-8202,1,0,1
736173,65535,255,2545,9920,0,0,0
736174,65535,255,5184,9799,0,0,0
736175,65535,255,6662,-7982,0,0,1
736176,730,0,5159,-8050,1,0,1
736177,575,0,2522,-8051,1,0,1
736178,65535,255,1338,9781,0,0,0
736179,65535,255,4467,9840,0,0,0
736180,65535,255,6267,9777,0,0,0
736181,65535,255,5751,-8017,0,0,0
736182,65535,255,3572,-8133,0,0,0
736183,440,0,37,16204,1,0,0
736184,62,2,3602,9791,1,0,0
736185,65535,255,5776,9815,0,0,0
736186,892,2,6242,-7995,1,0,1
736187,65535,255,4439,-8089,0,0,0
736188,65535,255,1298,-8152,0,0,0
736189,599,0,2559,9907,1,0,1
736190,65535,255,5189,9799,0,0,0
736191,65535,255,6659,-7985,0,0,0
736192,65535,255,5156,-8060,0,0,0
736193,65535,255,2512,-8089,0,0,0
736194,513,2,1349,9908,1,0,0
736195,83,2,4478,9777,1,0,0
736196,181,2,6272,9803,1,0,1
736197,65535,255,5744,-8020,0,0,0
736198,65535,255,3558,-8082,0,0,0
736199,596,0,35,10539,1,0,1
736200,628,0,3611,9846,1,0,1
736201,65535,255,5783,9807,0,0,0
736202,732,0,6237,-7991,1,0,1
736203,190,0,4429,-8089,1,0,0
736204,550,0,1282,-8179,1,0,1
736205,495,0,2576,9830,1,0,0
736206,598,0,5200,9815,1,0,1
736207,65535,255,6656,-7999,0,0,1
736208,725,0,5144,-8014,1,0,1
736209,207,0,2496,-8118,1,0,0
736210,420,0,1377,9710,1,0,1
736211,547,0,4494,9840,1,0,1
736212,262,0,6283,9788,1,0,1
736213,65535,255,5738,-8039,0,0,0
736214,188,0,3541,-8065,1,0,0
736215,233,2,64,9707,1,0,0
736216,702,0,3632,9836,1,0,1
736217,187,2,5797,9811,1,0,1
736218,828,0,6228,-8003,1,0,1
736219,65535,255,4411,-8013,0,0,0
736220,65535,255,1248,-7913,0,0,0
736221,650,0,2604,9832,1,0,0
736222,65535,255,5217,9779,0,0,0
736223,65535,255,6646,-7979,0,0,0
736224,65535,255,5132,-8066,0,0,0
736225,199,2,2468,-8128,1,0,0
736226,174,2,1409,9789,1,0,0
736227,416,0,4514,9827,1,0,1
736228,597,0,6295,9788,1,0,1
736229,75,0,5724,-8044,1,0,0
736230,251,2,3516,-8083,1,0,0
736231,530,0,98,10116,1,0,0
736232,65535,255,3655,9840,0,0,0
736233,249,0,5807,9823,1,0,0
736234,97,0,6221,-7982,1,0,0
736235,128,0,4401,-8027,1,0,1
736236,65535,255,1242,-8209,0,0,0
736237,434,0,2608,9868,1,0,0
736238,65535,255,5218,9839,0,0,0
736239,989,1,6647,-7994,1,0,1
736240,571,0,5133,-8057,1,0,1
736241,65535,255,2468,-8013,0,0,0
736242,755,1,1394,9971,1,0,1
736243,753,1,4508,9783,1,0,1
736244,170,0,6287,9791,1,0,1
736245,65535,255,5730,-8014,0,0,0
736246,403,0,3533,-8101,1,0,0
736247,65535,255,70,9264,0,0,0
736248,264,0,3636,9841,1,0,1
736249,1176,0,5796,9795,1,0,1
736250,1280,0,6229,-7996,1,0,1
736251,139,2,4415,-8058,1,0,0
736252,65535,255,1259,-7970,0,0,0
736253,617,2,2594,9783,1,0,0
736254,65535,255,5206,9809,0,0,0
736255,65535,255,6650,-7980,0,0,0
736256,153,2,5141,-8041,1,0,1
736257,65535,255,2488,-8000,0,0,0
736258,65535,255,1374,9866,0,0,0
736259,65535,255,4494,9795,0,0,0
736260,65535,255,6280,9802,0,0,0
736261,655,0,5736,-8040,1,0,0
736262,161,2,3541,-8031,1,0,0
736263,65535,255,75,5899,0,0,0
736264,829,0,3627,9799,1,0,1
736265,65535,255,5788,9811,0,0,0
736266,313,0,6233,-7988,1,0,0
736267,65535,255,4422,-8058,0,0,0
736268,337,0,1270,-7996,1,0,0
736269,65535,255,2584,9819,0,0,0
736270,65535,255,5198,9835,0,0,0
736271,65535,255,6652,-8001,0,0,0
736272,65535,255,5142,-8010,0,0,0
736273,331,0,2493,-8140,1,0,1
736274,308,2,1372,9953,1,0,0
736275,685,0,4484,9845,1,0,0
736276,65535,255,6278,9784,0,0,0
736277,393,0,5739,-8026,1,0,1
736278,65535,255,3554,-8100,0,0,0
736279,65535,255,51,6165,0,0,0
736280,65535,255,3615,9783,0,0,0
736281,722,0,5782,9786,1,0,0
736282,235,0,6238,-8003,1,0,1
736283,65535,255,4432,-8051,0,0,0
736284,760,0,1299,-8255,1,0,1
736285,740,0,2559,9882,1,0,0
736286,773,0,5187,9835,1,0,0
736287,65535,255,6660,-7989,0,0,1
736288,605,0,5156,-8040,1,0,1
736289,65535,255,2522,-8151,0,0,0
736290,65535,255,1338,9880,0,0,0
736291,65535,255,4468,9834,0,0,0
736292,65535,255,6266,9780,0,0,0
736293,998,0,5751,-8038,1,0,1
736294,263,0,3573,-8037,1,0,1
736295,65535,255,15,14079,0,0,0
736296,845,0,3589,9850,1,0,1
736297,526,0,5770,9815,1,0,0
736298,1371,0,6246,-7991,1,0,0
736299,773,0,4449,-8044,1,0,0
736300,405,0,1321,-8277,1,0,0
736301,451,0,2540,9908,1,0,0
736302,65535,255,5179,9779,0,0,0
736303,65535,255,6665,-7959,0,0,0
736304,234,0,5165,-8016,1,0,0
736305,65535,255,2533,-8075,0,0,0
736306,65535,255,1321,9754,0,0,0
736307,550,0,4457,9815,1,0,1
736308,456,0,6260,9811,1,0,1
736309,660,0,5758,-8042,1,0,1
736310,659,0,3584,-8022,1,0,1
736311,65535,255,33,-16010,0,0,0
736312,65535,255,3583,9826,0,0,0
736313,427,0,5767,9791,1,0,0
736314,531,0,6252,-8021,1,0,0
736315,566,0,4452,-8006,1,0,1
736316,500,0,1326,-8150,1,0,1
736317,696,0,2530,9883,1,0,1
736318,65535,255,5175,9774,0,0,0
736319,0,0,0,0,0,0,0
736320,65535,255,5170,-8008,0,0,0
736321,502,0,2542,-8125,1,0,1
736322,65535,255,1315,9906,0,0,0
736323,65535,255,4453,9866,0,0,0
736324,65535,255,6260,9785,0,0,0
736325,65535,255,5760,-8021,0,0,0
736326,65535,255,3587,-8116,0,0,0
736327,534,0,28,-15873,1,0,1
736328,523,0,3589,9766,1,0,1
736329,644,0,5768,9799,1,0,1
736330,614,0,6251,-7979,1,0,1
736331,65535,255,4455,-8044,0,0,0
736332,538,0,1321,-7974,1,0,0
736333,65535,255,2539,9808,0,0,0
736334,65535,255,5178,9831,0,0,0
736335,65535,255,6669,-8001,0,0,0
736336,65535,255,5167,-8003,0,0,0
736337,65535,255,2537,-8125,0,0,0
736338,65535,255,1326,9957,0,0,0
736339,65535,255,4464,9784,0,0,0
736340,716,0,6265,9804,1,0,1
736341,849,0,5757,-8046,1,0,1
736342,538,0,3579,-8055,1,0,1
736343,468,0,22,3974,1,0,1
736344,611,0,3597,9851,1,0,1
736345,480,0,5775,9782,1,0,1
736346,894,0,6248,-8024,1,0,1
736347,572,0,4445,-8037,1,0,1
736348,548,0,1304,-7947,1,0,0
736349,567,0,2554,9808,1,0,0
736350,65535,255,5186,9841,0,0,0
736351,65535,255,6662,-7962,0,0,0
736352,695,0,5158,-8028,1,0,1
736353,555,0,2517,-7999,1,0,1
736354,524,0,1349,9733,1,0,1
736355,584,0,4477,9835,1,0,1
736356,389,0,6275,9782,1,0,1
736357,291,0,5748,-8025,1,0,1
736358,405,0,3558,-8030,1,0,1
736359,499,0,46,5699,1,0,1
736360,412,0,3614,9842,1,0,1
736361,282,0,5787,9782,1,0,1
736362,352,0,6238,-8007,1,0,1
736363,530,0,4428,-8050,1,0,1
736364,460,0,1281,-8047,1,0,1
736365,412,0,2579,9870,1,0,1
736366,362,0,5203,9790,1,0,1
736367,65535,255,6655,-7985,0,0,0
736368,65535,255,5144,-8070,0,0,0
736369,439,0,2493,-8126,1,0,1
736370,583,0,1377,10001,1,0,1
736371,685,0,4498,9816,1,0,1
736372,472,2,6285,9774,1,0,1
736373,721,0,5733,-8021,1,0,1
736374,447,2,3533,-8030,1,0,0
736375,65535,255,77,8447,0,0,0
736376,65535,255,3639,9866,0,0,0
736377,463,0,5800,9803,1,0,1
736378,446,0,6225,-7995,1,0,1
736379,560,0,4408,-8101,1,0,1
736380,620,0,1243,-8287,1,0,0
736381,555,0,2613,9809,1,0,1
736382,65535,255,5221,9770,0,0,0
736383,65535,255,6641,-7979,0,0,0
736384,65535,255,5122,-8065,0,0,0
736385,65535,255,2453,-8101,0,0,0
736386,65535,255,1417,9856,0,0,0
736387,496,0,4518,9853,1,0,1
736388,65535,255,6296,9781,0,0,0
736389,592,0,5717,-8012,1,0,1
736390,65535,255,3507,-8116,0,0,0
736391,493,0,104,10418,1,0,0
736392,656,0,3660,9874,1,0,1
736393,482,0,5810,9786,1,0,1
736394,760,0,6214,-8025,1,0,1
736395,65535,255,4385,-8025,0,0,0
736396,65535,255,1220,-8264,0,0,0
736397,65535,255,2634,9748,0,0,0
736398,65535,255,5230,9805,0,0,0
736399,65535,255,6633,-7986,0,0,0
736400,65535,255,5110,-8055,0,0,0
736401,65535,255,2434,-8049,0,0,0
736402,65535,255,1439,9810,0,0,0
736403,65535,255,4528,9841,0,0,0
736404,65535,255,6303,9781,0,0,0
736405,1039,0,5705,-8017,1,0,1
736406,65535,255,3491,-8134,0,0,0
736407,0,0,0,0,0,0,0
736408,65535,255,3680,9785,0,0,0
736409,253,0,5820,9812,1,0,0
736410,65535,255,6202,-7995,0,0,0
736411,65535,255,4372,-8082,0,0,0
736412,698,0,1186,-8127,1,0,0
736413,65535,255,2653,9893,0,0,0
736414,65535,255,5242,9812,0,0,0
736415,2095,1,6624,-7973,1,0,1
736416,65535,255,5099,-8055,0,0,0
736417,65535,255,2424,-8114,0,0,0
736418,65535,255,1445,9995,0,0,0
736419,65535,255,4532,9822,0,0,0
736420,65535,255,6303,9785,0,0,0
736421,65535,255,5708,-8038,0,0,0
736422,65535,255,3495,-8073,0,0,0
736423,65535,255,117,10638,0,0,0
736424,492,2,3668,9801,1,0,1
736425,484,0,5813,9774,1,0,1
736426,65535,255,6212,-8002,0,0,0
736427,682,2,4388,-8063,1,0,1
736428,626,0,1225,-8180,1,0,0
736429,65535,255,2624,9773,0,0,0
736430,65535,255,5221,9841,0,0,0
736431,65535,255,6638,-7972,0,0,0
736432,904,2,5122,-8065,1,0,0
736433,65535,255,2458,-8152,0,0,0
736434,715,0,1412,9738,1,0,1
736435,65535,255,4508,9860,0,0,0
736436,65535,255,6289,9808,0,0,0
736437,65535,255,5722,-8008,0,0,0
736438,537,0,3520,-8021,1,0,0
736439,590,0,82,8943,1,0,1
736440,535,0,3640,9826,1,0,1
736441,267,0,5798,9791,1,0,1
736442,1504,1,6224,-7994,1,0,1
736443,984,0,4408,-8011,1,0,1
736444,620,0,1253,-7992,1,0,0
736445,739,0,2594,9895,1,0,0
736446,65535,255,5210,9821,0,0,0
736447,65535,255,6648,-7965,0,0,0
736448,696,0,5138,-8059,1,0,1
736449,65535,255,2486,-8145,0,0,0
736450,606,0,1383,9760,1,0,0
736451,418,0,4498,9773,1,0,1
736452,65535,255,6282,9763,0,0,0
736453,65535,255,5736,-8024,0,0,0
736454,0,0,0,0,0,0,0
736455,529,0,61,13116,1,0,0
736456,65535,255,3623,9843,0,0,0
736457,65535,255,5790,9805,0,0,0
736458,672,2,6235,-8008,1,0,1
736459,853,2,4425,-8043,1,0,1
736460,65535,255,1276,-8150,0,0,0
736461,65535,255,2579,9797,0,0,0
736462,685,2,5201,9786,1,0,0
736463,0,0,0,0,0,0,0
736464,65535,255,5146,-8038,0,0,0
736465,65535,255,2502,-8112,0,0,0
736466,752,0,1367,9734,1,0,0
736467,65535,255,4487,9779,0,0,0
736468,0,0,0,0,0,0,0
736469,65535,255,5743,-8037,0,0,0
736470,576,0,3558,-8106,1,0,0
736471,65535,255,51,6183,0,0,0
736472,65535,255,3617,9808,0,0,0
736473,65535,255,5785,9771,0,0,0
736474,65535,255,6238,-7986,0,0,0
736475,65535,255,4432,-8017,0,0,0
736476,65535,255,1287,-8048,0,0,0
736477,703,0,2569,9773,1,0,0
736478,741,0,5195,9781,1,0,1
736479,65535,255,6660,-7997,0,0,0
736480,653,0,5152,-8043,1,0,0
736481,65535,255,2512,-8138,0,0,0
736482,65535,255,1355,9809,0,0,0
736483,65535,255,4481,9804,0,0,0
736484,65535,255,6276,9790,0,0,1
736485,1158,2,5745,-8002,1,0,1
736486,743,0,3558,-8046,1,0,1
736487,65535,255,35,13568,0,0,0
736488,743,0,3610,9852,1,0,1
736489,65535,255,5783,9818,0,0,0
736490,0,0,0,0,0,0,0
736491,0,0,0,0,0,0,0
736492,65535,255,1293,-7996,0,0,0
736493,0,0,0,0,0,0,0
736494,65535,255,5195,9781,0,0,0
736495,0,0,0,0,0,0,0
736496,65535,255,5155,-8053,0,0,0
736497,65535,255,2513,-8175,0,0,0
736498,65535,255,1354,9882,0,0,0
736499,65535,255,4480,9830,0,0,0
736500,572,0,6274,9809,1,0,1
736501,65535,255,5745,-8024,0,0,0
736502,65535,255,3558,-8097,0,0,0
736503,555,0,43,6303,1,0,1
736504,65535,255,3615,9785,0,0,0
736505,65535,255,5784,9788,0,0,0
736506,65535,255,6239,-8008,0,0,0
736507,694,0,4431,-8068,1,0,1
736508,641,0,1287,-7918,1,0,1
736509,624,0,2564,9909,1,0,1
736510,554,0,5194,9807,1,0,1
736511,65535,255,6658,-7997,0,0,1
736512,637,0,5150,-8053,1,0,1
736513,566,0,2504,-8062,1,0,1
736514,65535,255,1360,9931,0,0,0
736515,65535,255,4481,9842,0,0,0
736516,65535,255,6275,9784,0,0,0
736517,767,0,5743,-8041,1,0,1
736518,451,0,3550,-8030,1,0,0
736519,65535,255,40,10441,0,0,0
736520,743,0,3615,9835,1,0,1
736521,65535,255,5784,9818,0,0,0
736522,65535,255,6234,-7978,0,0,0
736523,65535,255,4425,-8017,0,0,0
736524,583,0,1281,-8125,1,0,1
736525,65535,255,2574,9835,0,0,0
736526,65535,255,5198,9822,0,0,0
736527,65535,255,6653,-7980,0,0,1
736528,65535,255,5142,-8033,0,0,0
736529,809,0,2498,-8137,1,0,0
736530,311,0,1372,9856,1,0,0
736531,65535,255,4488,9836,0,0,0
736532,445,0,6277,9794,1,0,1
736533,65535,255,5737,-8041,0,0,0
736534,65535,255,3542,-8012,0,0,0
736535,65535,255,54,11575,0,0,0
736536,649,0,3623,9860,1,0,1
736537,65535,255,5790,9781,0,0,0
736538,65535,255,6230,-7993,0,0,0
736539,65535,255,4415,-8056,0,0,0
736540,65535,255,1260,-7887,0,0,0
736541,65535,255,2584,9933,0,0,0
736542,65535,255,5207,9786,0,0,0
736543,745,0,6647,-7961,1,0,1
736544,747,0,5134,-7997,1,0,1
736545,222,2,2478,-8074,1,0,0
736546,65535,255,1389,9761,0,0,0
736547,495,2,4498,9811,1,0,0
736548,566,0,6283,9805,1,0,1
736549,65535,255,5729,-8028,0,0,0
736550,121,2,3529,-8132,1,0,0
736551,387,0,75,10628,1,0,1
736552,759,2,3636,9852,1,0,1
736553,65535,255,5798,9778,0,0,0
736554,569,0,6223,-7997,1,0,1
736555,401,0,4405,-8062,1,0,1
736556,364,0,1242,-8072,1,0,0
736557,65535,255,2609,9822,0,0,0
736558,622,0,5216,9827,1,0,1
736559,390,0,6641,-7990,1,0,1
736560,193,0,5125,-8049,1,0,0
736561,65535,255,2458,-8010,0,0,0
736562,65535,255,1409,9788,0,0,0
736563,65535,255,4515,9792,0,0,0
736564,179,0,6292,9797,1,0,0
736565,117,2,5719,-8025,1,0,0
736566,471,0,3512,-8132,1,0,0
736567,310,0,100,10773,1,0,0
736568,65535,255,3656,9875,0,0,0
736569,65535,255,5810,9779,0,0,0
736570,65535,255,6215,-8013,0,0,0
736571,241,2,4388,-8094,1,0,0
736572,515,0,1214,-8098,1,0,0
736573,65535,255,2633,9846,0,0,0
736574,65535,255,5229,9837,0,0,0
736575,65535,255,6634,-8002,0,0,0
736576,295,0,5112,-8071,1,0,1
736577,65535,255,2433,-8074,0,0,0
736578,65535,255,1440,9811,0,0,0
736579,65535,255,4532,9835,0,0,0
736580,272,2,6307,9771,1,0,1
736581,65535,255,5705,-7999,0,0,0
736582,65535,255,3486,-8081,0,0,0
736583,65535,255,133,9311,0,0,0
736584,65535,255,3683,9843,0,0,0
736585,65535,255,5827,9770,0,0,0
736586,78,2,6203,-8009,1,0,0
736587,65535,255,4367,-8049,0,0,0
736588,65535,255,1186,-7931,0,0,0
736589,337,0,2653,9786,1,0,0
736590,65535,255,5239,9821,0,0,0
736591,65535,255,6632,-7988,0,0,0
736592,248,0,5110,-8054,1,0,0
736593,648,0,2433,-8047,1,0,0
736594,315,0,1434,9765,1,0,1
736595,65535,255,4525,9829,0,0,0
736596,53,2,6300,9771,1,0,0
736597,65535,255,5716,-7999,0,0,0
736598,181,0,3511,-8089,1,0,0
736599,372,2,98,9770,1,0,0
736600,190,0,3652,9859,1,0,1
736601,365,0,5807,9784,1,0,0
736602,65535,255,6223,-8019,0,0,0
736603,714,0,4404,-8026,1,0,1
736604,65535,255,1247,-8020,0,0,0
736605,442,0,2603,9894,1,0,1
736606,65535,255,5212,9815,0,0,0
736607,669,2,6648,-7960,1,0,1
736608,52,2,5138,-8040,1,0,0
736609,528,0,2487,-8088,1,0,0
736610,65535,255,1377,10001,0,0,0
736611,65535,255,4494,9834,0,0,0
736612,65535,255,6282,9796,0,0,0
736613,65535,255,5740,-7991,0,0,0
736614,570,0,3554,-8124,1,0,1
736615,65535,255,55,6510,0,0,0
736616,778,0,3614,9876,1,0,1
736617,653,0,5785,9816,1,0,0
736618,65535,255,6240,-8017,0,0,0
736619,65535,255,4435,-8056,0,0,0
736620,65535,255,1293,-8178,0,0,0
736621,715,0,2564,9796,1,0,0
736622,65535,255,5189,9780,0,0,0
736623,65535,255,6662,-7988,0,0,1
736624,841,0,5158,-8018,1,0,0
736625,65535,255,2522,-8050,0,0,0
736626,418,0,1338,9955,1,0,0
736627,842,0,4467,9828,1,0,1
736628,65535,255,6266,9797,0,0,0
736629,65535,255,5755,-7999,0,0,0
736630,65535,255,3575,-8022,0,0,0
736631,65535,255,9,4409,0,0,0
736632,680,0,3589,9792,1,0,1
736633,896,0,5769,9778,1,0,1
736634,65535,255,6251,-7986,0,0,0
736635,829,0,4455,-8012,1,0,1
736636,480,0,1327,-8023,1,0,0
736637,461,0,2531,9887,1,0,1
736638,65535,255,5170,9842,0,0,0
736639,65535,255,6671,-7984,0,0,1
736640,768,2,5173,-8018,1,0,1
736641,864,0,2547,-8062,1,0,0
736642,674,0,1305,10010,1,0,0
736643,810,2,4447,9848,1,0,1
736644,65535,255,6253,9812,0,0,0
736645,545,0,5767,-8024,1,0,0
736646,65535,255,3597,-8080,0,0,0
736647,290,0,52,-4043,1,0,0
736648,65535,255,3563,9869,0,0,0
736649,65535,255,5755,9826,0,0,0
736650,360,0,6259,-7974,1,0,0
736651,770,0,4469,-8093,1,0,1
736652,65535,255,1349,-7975,0,0,0
736653,650,0,2505,9923,1,0,0
736654,65535,255,5156,9848,0,0,0
736655,65535,255,6669,9764,0,0,0
736656,65535,255,5184,-8027,0,0,0
736657,65535,255,2567,-8111,0,0,0
736658,65535,255,1288,9727,0,0,0
736659,65535,255,4434,9785,0,0,0
736660,65535,255,6247,9782,0,0,0
736661,65535,255,5772,-7989,0,0,0
736662,273,0,3610,-8029,1,0,1
736663,65535,255,48,-9305,0,0,0
736664,778,0,3551,9835,1,0,1
736665,804,0,5748,9809,1,0,0
736666,100,0,6266,-8022,1,0,0
736667,700,2,4479,-8086,1,0,0
736668,65535,255,1366,-8001,0,0,0
736669,366,0,2498,9838,1,0,0
736670,727,0,5153,9776,1,0,0
736671,65535,255,6666,9774,0,0,1
736672,501,0,5191,-8047,1,0,0
736673,65535,255,2582,-8173,0,0,0
736674,620,0,1270,9883,1,0,0
736675,65535,255,4427,9830,0,0,0
736676,65535,255,6243,9809,0,0,0
736677,65535,255,5777,-8031,0,0,0
736678,65535,255,3618,-8112,0,0,0
736679,65535,255,56,-6113,0,0,0
736680,65535,255,3551,9801,0,0,0
736681,846,0,5746,9797,1,0,1
736682,218,0,6268,-8014,1,0,0
736683,545,0,4483,-8079,1,0,1
736684,536,0,1372,-8001,1,0,1
736685,542,0,2490,9898,1,0,1
736686,65535,255,5150,9843,0,0,0
736687,65535,255,6666,9767,0,0,0
736688,532,0,5193,-8047,1,0,1
736689,65535,255,2579,-8093,0,0,0
736690,582,0,1270,9936,1,0,1
736691,65535,255,4427,9849,0,0,0
736692,65535,255,6246,9764,0,0,0
736693,207,2,5779,-8048,1,0,0
736694,438,0,3618,-8020,1,0,1
736695,0,0,0,0,0,0,0
736696,470,0,3550,9862,1,0,1
736697,502,0,5748,9800,1,0,1
736698,381,0,6267,-7992,1,0,1
736699,533,0,4482,-8048,1,0,1
736700,674,0,1372,-8268,1,0,1
736701,598,0,2495,9911,1,0,1
736702,65535,255,5154,9775,0,0,0
736703,65535,255,6668,9777,0,0,0
736704,65535,255,5192,-8067,0,0,0
736705,483,0,2571,-8036,1,0,1
736706,663,0,1282,9649,1,0,1
736707,65535,255,4437,9786,0,0,0
736708,328,0,6248,9791,1,0,1
736709,634,0,5776,-8014,1,0,1
736710,65535,255,3614,-8087,0,0,0
736711,460,0,45,-5635,1,0,1
736712,467,0,3563,9810,1,0,1
736713,607,0,5754,9810,1,0,1
736714,431,0,6264,-7973,1,0,1
736715,408,0,4475,-8023,1,0,0
736716,395,0,1355,-8172,1,0,1
736717,65535,255,2510,9873,0,0,0
736718,65535,255,5161,9843,0,0,0
736719,65535,255,6674,9774,0,0,0
736720,65535,255,5187,-8062,0,0,0
736721,545,0,2562,-8036,1,0,0
736722,506,0,1299,9678,1,0,1
736723,657,0,4447,9799,1,0,1
736724,730,0,6255,9798,1,0,1
736725,804,0,5769,-8027,1,0,1
736726,65535,255,3601,-8121,0,0,0
736727,516,2,26,-10393,1,0,0
736728,65535,255,3576,9861,0,0,0
736729,687,0,5764,9771,1,0,1
736730,535,0,6258,-8003,1,0,1
736731,65535,255,4465,-8073,0,0,0
736732,370,0,1332,-8022,1,0,1
736733,466,0,2530,9810,1,0,1
736734,487,0,5172,9817,1,0,0
736735,65535,255,6672,-7986,0,0,0
736736,451,0,5175,-8047,1,0,1
736737,65535,255,2542,-8010,0,0,0
736738,65535,255,1318,9865,0,0,0
736739,65535,255,4460,9792,0,0,0
736740,65535,255,6263,9798,0,0,0
736741,654,0,5759,-8027,1,0,1
736742,65535,255,3581,-8059,0,0,0
736743,65535,255,22,17414,0,0,0
736744,0,0,0,0,0,0,0
736745,65535,255,5774,9784,0,0,0
736746,701,0,6248,-8015,1,0,1
736747,436,0,4447,-8063,1,0,1
736748,460,0,1310,-8149,1,0,1
736749,65535,255,2554,9872,0,0,0
736750,65535,255,5187,9826,0,0,0
736751,65535,255,6660,-7957,0,0,0
736752,65535,255,5155,-8001,0,0,0
736753,65535,255,2517,-8098,0,0,0
736754,65535,255,1349,9858,0,0,0
736755,65535,255,4478,9849,0,0,0
736756,65535,255,6274,9776,0,0,0
736757,65535,255,5743,-8006,0,0,0
736758,611,2,3554,-8097,1,0,0
736759,0,0,0,0,0,0,0
736760,65535,255,3614,9861,0,0,0
736761,65535,255,5786,9775,0,0,0
736762,65535,255,6235,-8011,0,0,0
736763,703,0,4424,-8078,1,0,1
736764,65535,255,1270,-8151,0,0,0
736765,607,0,2584,9884,1,0,0
736766,662,0,5205,9776,1,0,1
736767,65535,255,6649,-7964,0,0,0
736768,65535,255,5136,-8022,0,0,0
736769,65535,255,2483,-8162,0,0,0
736770,703,0,1389,9978,1,0,1
736771,65535,255,4502,9786,0,0,0
736772,1327,1,6287,9798,1,0,1
736773,909,0,5726,-8037,1,0,1
736774,0,0,0,0,0,0,0
736775,65535,255,97,7299,0,0,0
736776,65535,255,3648,9803,0,0,0
736777,65535,255,5801,9818,0,0,0
736778,65535,255,6217,-7993,0,0,0
736779,65535,255,4395,-8074,0,0,0
736780,65535,255,1225,-8070,0,0,0
736781,65535,255,2624,9859,0,0,0
736782,65535,255,5226,9802,0,0,0
736783,65535,255,6635,-8001,0,0,0
736784,65535,255,5116,-8027,0,0,0
736785,65535,255,2443,-8034,0,0,0
736786,65535,255,1417,9881,0,0,0
736787,65535,255,4519,9798,0,0,0
736788,993,0,6296,9771,1,0,1
736789,0,0,0,0,0,0,0
736790,65535,255,3512,-8054,0,0,0
736791,65535,255,98,10106,0,0,0
736792,65535,255,3652,9795,0,0,0
736793,65535,255,5806,9771,0,0,0
736794,65535,255,6217,-7999,0,0,0
736795,65535,255,4395,-8068,0,0,0
736796,489,0,1236,-8178,1,0,0
736797,65535,255,2614,9786,0,0,0
736798,65535,255,5217,9797,0,0,0
736799,65535,255,6640,-7980,0,0,0
736800,717,0,5122,-7996,1,0,0
736801,65535,255,2460,-8046,0,0,0
736802,65535,255,1406,9811,0,0,0
736803,455,0,4508,9780,1,0,1
736804,65535,255,6291,9764,0,0,0
736805,65535,255,5722,-8023,0,0,0
736806,65535,255,3520,-8054,0,0,0
736807,65535,255,83,10961,0,0,0
736808,65535,255,3645,9811,0,0,0
736809,654,0,5801,9784,1,0,1
736810,65535,255,6221,-7985,0,0,0
736811,65535,255,4402,-8024,0,0,0
736812,65535,255,1242,-7936,0,0,0
736813,65535,255,2604,9885,0,0,0
736814,385,2,5216,9818,1,0,0
736815,65535,255,6643,-7961,0,0,0
736816,65535,255,5127,-8053,0,0,0
736817,65535,255,2468,-8138,0,0,0
736818,65535,255,1401,9739,0,0,0
736819,0,0,0,0,0,0,0
736820,65535,255,6291,9764,0,0,0
736821,65535,255,5726,-8027,0,0,0
736822,610,0,3524,-8080,1,0,0
736823,65535,255,87,12083,0,0,0
736824,478,0,3644,9844,1,0,0
736825,65535,255,5801,9806,0,0,0
736826,785,0,6223,-8007,1,0,0
736827,65535,255,4404,-8048,0,0,0
736828,65535,255,1247,-8177,0,0,0
736829,613,0,2609,9799,1,0,1
736830,0,0,0,0,0,0,0
736831,65535,255,6644,-7996,0,0,0
736832,65535,255,5129,-8037,0,0,0
736833,65535,255,2467,-8111,0,0,0
736834,388,0,1406,9715,1,0,0
736835,823,0,4509,9833,1,0,1
736836,65535,255,6292,9768,0,0,0
736837,1096,0,5726,-8032,1,0,1
736838,616,0,3524,-8096,1,0,0
736839,553,2,94,7603,1,0,0
736840,448,0,3648,9885,1,0,0
736841,65535,255,5802,9827,0,0,0
736842,65535,255,6220,-7973,0,0,0
736843,665,0,4404,-8099,1,0,0
736844,65535,255,1236,-7963,0,0,0
736845,167,0,2614,9921,1,0,1
736846,65535,255,5221,9843,0,0,0
736847,65535,255,6642,-7983,0,0,0
736848,65535,255,5124,-8022,0,0,0
736849,65535,255,2457,-8073,0,0,0
736850,65535,255,1418,9693,0,0,0
736851,65535,255,4515,9868,0,0,0
736852,65535,255,6296,9768,0,0,0
736853,65535,255,5721,-8036,0,0,1
736854,394,0,3516,-8114,1,0,0
736855,65535,255,101,8463,0,0,0
736856,427,0,3660,9779,1,0,0
736857,0,0,0,0,0,0,0
736858,65535,255,6216,-7992,0,0,0
736859,65535,255,4391,-8035,0,0,0
736860,65535,255,1225,-8152,0,0,0
736861,65535,255,2628,9811,0,0,0
736862,65535,255,5229,9802,0,0,0
736863,65535,255,6636,-7961,0,0,0
736864,65535,255,5118,-8068,0,0,0
736865,65535,255,2443,-7995,0,0,0
736866,65535,255,1428,9928,0,0,0
736867,65535,255,4524,9836,0,0,0
736868,920,2,6300,9810,1,0,1
736869,65535,255,5714,-8023,0,0,0
736870,65535,255,3498,-8088,0,0,0
736871,264,2,127,8212,1,0,0
736872,65535,255,3676,9771,0,0,0
736873,65535,255,5817,9776,0,0,0
736874,65535,255,6210,-7993,0,0,0
736875,65535,255,4381,-8036,0,0,0
736876,65535,255,1202,-8180,0,0,0
736877,499,0,2643,9835,1,0,0
736878,65535,255,5238,9812,0,0,0
736879,65535,255,6630,-7970,0,0,0
736880,65535,255,5104,-8006,0,0,0
736881,65535,255,2423,-8060,0,0,0
736882,65535,255,1451,9714,0,0,0
736883,65535,255,4537,9805,0,0,0
736884,238,0,6309,9776,1,0,0
736885,802,0,5700,-8003,1,0,1
736886,65535,255,3478,-8019,0,0,0
736887,608,0,139,10279,1,0,1
736888,623,0,3688,9835,1,0,1
736889,65535,255,5825,9814,0,0,1
736890,948,0,6199,-7996,1,0,1
736891,636,0,4363,-8067,1,0,1
736892,65535,255,1174,-8041,0,0,0
736893,65535,255,2668,9788,0,0,0
736894,650,0,5250,9797,1,0,1
736895,65535,255,6620,-7961,0,0,0
736896,438,2,5090,-8048,1,0,0
736897,414,0,2404,-8034,1,0,0
736898,356,0,1469,9767,1,0,1
736899,65535,255,4542,9836,0,0,0
736900,496,0,6311,9773,1,0,1
736901,65535,255,5698,-8006,0,0,0
736902,65535,255,3482,-8106,0,0,0
736903,285,2,139,10289,1,0,0
736904,65535,255,3680,9884,0,0,0
736905,65535,255,5820,9797,0,0,0
736906,383,2,6204,-7974,1,0,1
736907,257,0,4375,-8042,1,0,1
736908,148,2,1197,-7931,1,0,1
736909,65535,255,2644,9811,0,0,0
736910,65535,255,5233,9833,0,0,0
736911,65535,255,6631,-7994,0,0,0
736912,581,0,5107,-8006,1,0,1
736913,65535,255,2438,-8138,0,0,0
736914,309,0,1428,9951,1,0,0
736915,460,0,4522,9793,1,0,1
736916,65535,255,6296,9806,0,0,0
736917,167,0,5715,-8049,1,0,1
736918,65535,255,3507,-8062,0,0,0
736919,65535,255,105,9149,0,0,0
736920,511,0,3652,9852,1,0,0
736921,65535,255,5806,9785,0,0,0
736922,65535,255,6218,-8022,0,0,0
736923,65535,255,4395,-8029,0,0,0
736924,65535,255,1231,-7907,0,0,0
736925,65535,255,2614,9799,0,0,0
736926,65535,255,5216,9833,0,0,0
736927,1074,0,6641,-7982,1,0,0
736928,65535,255,5125,-8011,0,0,0
736929,65535,255,2468,-8163,0,0,0
736930,538,0,1395,10026,1,0,1
736931,552,0,4502,9812,1,0,1
736932,424,2,6286,9772,1,0,0
736933,65535,255,5727,-8001,0,0,0
736934,65535,255,3533,-8105,0,0,0
736935,553,0,81,6768,1,0,1
736936,603,0,3636,9828,1,0,1
736937,327,2,5794,9772,1,0,0
736938,65535,255,6228,-8015,0,0,0
736939,143,0,4415,-8022,1,0,0
736940,330,0,1259,-7885,1,0,1
736941,523,0,2589,9799,1,0,0
736942,681,0,5204,9839,1,0,1
736943,146,0,6649,-7959,1,0,1
736944,422,0,5138,-8026,1,0,0
736945,294,0,2488,-7996,1,0,0
736946,65535,255,1372,9761,0,0,0
736947,335,0,4488,9844,1,0,1
736948,560,0,6279,9788,1,0,0
736949,100,0,5738,-8031,1,0,0
736950,65535,255,3549,-8044,0,0,0
736951,0,0,0,0,0,0,0
736952,65535,255,3619,9870,0,0,0
736953,136,0,5786,9798,1,0,0
736954,55,2,6235,-7984,1,0,1
736955,162,2,4428,-8079,1,0,1
736956,353,0,1281,-8148,1,0,1
736957,571,0,2570,9883,1,0,1
736958,216,2,5196,9819,1,0,0
736959,65535,255,6656,-7989,0,0,0
736960,65535,255,5150,-8020,0,0,0
736961,65535,255,2503,-7996,0,0,0
736962,65535,255,1361,9761,0,0,0
736963,65535,255,4477,9857,0,0,0
736964,244,2,6274,9800,1,0,0
736965,65535,255,5746,-8027,0,0,0
736966,318,0,3562,-8087,1,0,0
736967,65535,255,40,14218,0,0,0
736968,65535,255,3606,9850,0,0,0
736969,188,0,5779,9803,1,0,0
736970,65535,255,6244,-8009,0,0,0
736971,65535,255,4442,-8050,0,0,0
736972,65535,255,1309,-8150,0,0,0
736973,65535,255,2555,9796,0,0,0
736974,65535,255,5184,9790,0,0,0
736975,65535,255,6665,-7997,0,0,0
736976,65535,255,5164,-8039,0,0,0
736977,65535,255,2531,-8112,0,0,0
736978,618,0,1333,9731,1,0,0
736979,65535,255,4464,9778,0,0,0
736980,65535,255,6264,9770,0,0,0
736981,65535,255,5759,-8037,0,0,0
736982,508,0,3588,-8106,1,0,1
736983,65535,255,30,819,0,0,0
736984,65535,255,3583,9827,0,0,0
736985,722,2,5769,9770,1,0,0
736986,65535,255,6254,-7982,0,0,0
736987,669,0,4458,-8012,1,0,1
736988,65535,255,1332,-8049,0,0,0
736989,210,2,2530,9758,1,0,0
736990,214,0,5172,9780,1,0,0
736991,65535,255,6673,-7996,0,0,1
736992,65535,255,5178,-8038,0,0,0
736993,65535,255,2557,-8124,0,0,0
736994,394,0,1304,9779,1,0,0
736995,814,2,4447,9797,1,0,1
736996,65535,255,6256,9786,0,0,0
736997,138,2,5769,-7994,1,0,1
736998,425,0,3601,-8038,1,0,1
736999,352,0,33,-10911,1,0,0
737000,522,0,3568,9843,1,0,1
737001,0,0,0,0,0,0,0
737002,65535,255,6261,-7997,0,0,0
737003,551,0,4472,-8093,1,0,0
737004,310,0,1349,-8000,1,0,0
737005,65535,255,2515,9746,0,0,0
737006,65535,255,5161,9781,0,0,0
737007,65535,255,6672,9773,0,0,0
737008,65535,255,5187,-8053,0,0,0
737009,278,0,2566,-8155,1,0,0
737010,556,0,1287,9909,1,0,1
737011,622,0,4437,9836,1,0,1
737012,65535,255,6248,9813,0,0,0
737013,65535,255,5774,-8032,0,0,0
737014,265,0,3609,-8113,1,0,0
737015,65535,255,37,-6007,0,0,0
737016,65535,255,3560,9801,0,0,0
737017,65535,255,5753,9800,0,0,0
737018,493,0,6263,-8015,1,0,1
737019,65535,255,4476,-8080,0,0,0
737020,65535,255,1360,-8000,0,0,0
737021,65535,255,2505,9758,0,0,0
737022,65535,255,5156,9786,0,0,0
737023,65535,255,6669,9783,0,0,0
737024,65535,255,5187,-8068,0,0,0
737025,528,2,2567,-8036,1,0,0
737026,372,2,1284,9866,1,0,0
737027,65535,255,4438,9779,0,0,0
737028,747,1,6247,9783,1,0,0
737029,65535,255,5772,-8002,0,0,0
737030,606,0,3609,-8063,1,0,0
737031,484,0,54,-3065,1,0,1
737032,65535,255,3560,9776,0,0,0
737033,65535,255,5751,9788,0,0,0
737034,65535,255,6264,-8011,0,0,0
737035,619,1,4476,-8079,1,0,1
737036,431,0,1355,-7999,1,0,0
737037,65535,255,2505,9771,0,0,0
737038,65535,255,5159,9802,0,0,0
737039,65535,255,6669,9793,0,0,1
737040,360,0,5184,-8016,1,0,1
737041,445,0,2567,-8111,1,0,1
737042,65535,255,1287,9805,0,0,0
737043,299,0,4437,9823,1,0,0
737044,435,0,6249,9813,1,0,1
737045,65535,255,5772,-8040,0,0,0
737046,65535,255,3601,-8020,0,0,0
737047,65535,255,41,-11272,0,0,0
737048,628,2,3564,9878,1,0,1
737049,65535,255,5756,9775,0,0,0
737050,65535,255,6259,-8003,0,0,0
737051,65535,255,4469,-8073,0,0,0
737052,65535,255,1344,-7998,0,0,0
737053,638,0,2515,9784,1,0,1
737054,679,0,5164,9807,1,0,1
737055,65535,255,6672,9803,0,0,1
737056,661,0,5178,-8032,1,0,1
737057,568,0,2557,-8161,1,0,1
737058,543,0,1298,9935,1,0,1
737059,587,0,4444,9862,1,0,1
737060,536,0,6255,9783,1,0,1
737061,469,0,5765,-8006,1,0,1
737062,464,0,3592,-8088,1,0,1
737063,545,0,17,-3199,1,0,1
737064,388,0,3577,9827,1,0,0
737065,313,0,5763,9822,1,0,0
737066,240,0,6253,-7988,1,0,0
737067,520,0,4459,-8054,1,0,1
737068,472,0,1327,-7947,1,0,1
737069,65535,255,2535,9759,0,0,0
737070,364,0,5176,9802,1,0,1
737071,65535,255,6668,-7977,0,0,1
737072,642,0,5169,-8037,1,0,1
737073,565,0,2533,-8046,1,0,1
737074,641,0,1321,10009,1,0,1
737075,634,0,4465,9786,1,0,1
737076,65535,255,6265,9794,0,0,0
737077,65535,255,5755,-8027,0,0,0
737078,402,0,3577,-8077,1,0,1
737079,433,0,24,16099,1,0,1
737080,665,0,3593,9886,1,0,1
737081,791,0,5776,9788,1,0,1
737082,590,0,6246,-8019,1,0,1
737083,400,0,4441,-8010,1,0,1
737084,308,0,1304,-8175,1,0,0
737085,65535,255,2559,9885,0,0,0
737086,266,2,5192,9776,1,0,0
737087,65535,255,6660,-7964,0,0,1
737088,65535,255,5155,-8017,0,0,0
737089,374,0,2512,-8137,1,0,1
737090,65535,255,1356,9926,0,0,0
737091,65535,255,4481,9799,0,0,0
737092,522,0,6276,9806,1,0,1
737093,436,0,5743,-8041,1,0,1
737094,65535,255,3550,-8037,0,0,0
737095,448,0,62,5644,1,0,1
737096,435,0,3623,9802,1,0,1
737097,614,0,5790,9814,1,0,1
737098,459,0,6234,-7985,1,0,0
737099,367,0,4421,-8055,1,0,0
737100,65535,255,1264,-7993,0,0,0
737101,522,2,2589,9810,1,0,0
737102,65535,255,5206,9827,0,0,0
737103,65535,255,6650,-7999,0,0,0
737104,654,0,5136,-8031,1,0,1
737105,65535,255,2478,-8048,0,0,0
737106,65535,255,1394,9762,0,0,0
737107,65535,255,4504,9830,0,0,0
737108,65535,255,6290,9772,0,0,0
737109,65535,255,5725,-8002,0,0,0
737110,481,0,3524,-8097,1,0,1
737111,65535,255,87,10149,0,0,0
737112,65535,255,3648,9876,0,0,0
737113,65535,255,5808,9788,0,0,0
737114,771,0,6219,-8007,1,0,0
737115,65535,255,4394,-8030,0,0,0
737116,65535,255,1225,-7880,0,0,0
737117,65535,255,2629,9774,0,0,0
737118,0,0,0,0,0,0,0
737119,65535,255,6637,-7994,0,0,0
737120,65535,255,5115,-8048,0,0,0
737121,65535,255,2443,-8086,0,0,0
737122,521,0,1423,9928,1,0,1
737123,65535,255,4521,9805,0,0,0
737124,65535,255,6298,9771,0,0,0
737125,65535,255,5719,-8020,0,0,0
737126,678,0,3511,-8028,1,0,0
737127,65535,255,100,8787,0,0,0
737128,384,0,3656,9876,1,0,0
737129,65535,255,5807,9809,0,0,0
737130,798,0,6219,-8000,1,0,1
737131,682,0,4398,-8011,1,0,1
737132,65535,255,1237,-7935,0,0,0
737133,674,0,2614,9847,1,0,0
737134,800,0,5219,9787,1,0,1
737135,65535,255,6642,-7987,0,0,0
737136,65535,255,5127,-8001,0,0,0
737137,685,0,2468,-8176,1,0,0
737138,645,0,1401,9762,1,0,0
737139,616,2,4505,9861,1,0,1
737140,1056,0,6289,9806,1,0,1
737141,693,0,5726,-7998,1,0,1
737142,65535,255,3529,-8131,0,0,0
737143,65535,255,84,7303,0,0,0
737144,65535,255,3636,9852,0,0,0
737145,65535,255,5796,9801,0,0,0
737146,65535,255,6225,-7996,0,0,0
737147,645,0,4408,-8010,1,0,1
737148,455,0,1253,-7937,1,0,1
737149,65535,255,2594,9860,0,0,0
737150,65535,255,5210,9802,0,0,0
737151,65535,255,6648,-7996,0,0,0
737152,65535,255,5136,-8021,0,0,0
737153,65535,255,2478,-8034,0,0,0
737154,65535,255,1384,9882,0,0,0
737155,65535,255,4495,9799,0,0,0
737156,676,0,6283,9772,1,0,0
737157,65535,255,5732,-8027,0,0,0
737158,496,0,3537,-8070,1,0,0
737159,65535,255,60,11391,0,0,0
737160,65535,255,3628,9811,0,0,0
737161,1044,2,5792,9780,1,0,1
737162,65535,255,6230,-7981,0,0,0
737163,671,0,4418,-8086,1,0,1
737164,65535,255,1268,-8156,0,0,0
737165,65535,255,2584,9835,0,0,0
737166,65535,255,5202,9792,0,0,0
737167,65535,255,6650,-7995,0,0,0
737168,65535,255,5138,-8027,0,0,0
737169,65535,255,2487,-8060,0,0,0
737170,65535,255,1372,9955,0,0,0
737171,0,0,0,0,0,0,0
737172,787,0,6279,9791,1,0,0
737173,802,2,5734,-7988,1,0,0
737174,665,0,3545,-8126,1,0,1
737175,65535,255,58,7331,0,0,0
737176,65535,255,3623,9887,0,0,0
737177,65535,255,5787,9823,0,0,0
737178,1203,0,6231,-8022,1,0,1
737179,612,0,4421,-8067,1,0,0
737180,65535,255,1270,-8229,0,0,0
737181,65535,255,2584,9824,0,0,0
737182,65535,255,5201,9793,0,0,0
737183,65535,255,6651,-7999,0,0,0
737184,65535,255,5141,-8031,0,0,0
737185,613,0,2487,-8086,1,0,1
737186,65535,255,1373,9970,0,0,0
737187,65535,255,4488,9849,0,0,0
737188,65535,255,6279,9806,0,0,0
737189,0,0,0,0,0,0,0
737190,398,2,3541,-8045,1,0,0
737191,0,0,0,0,0,0,0
737192,468,2,3628,9819,1,0,0
737193,65535,255,5791,9797,0,0,0
737194,757,0,6231,-8003,1,0,1
737195,65535,255,4418,-8041,0,0,0
737196,65535,255,1264,-8123,0,0,0
737197,65535,255,2589,9786,0,0,0
737198,0,0,0,0,0,0,0
737199,827,2,6650,-7995,1,0,1
737200,65535,255,5138,-8036,0,0,0
737201,65535,255,2482,-8098,0,0,0
737202,65535,255,1384,9714,0,0,0
737203,65535,255,4496,9810,0,0,0
737204,65535,255,6284,9769,0,0,0
737205,65535,255,5733,-8035,0,0,0
737206,65535,255,3537,-8105,0,0,0
737207,0,0,0,0,0,0,0
737208,425,0,3632,9879,1,0,0
737209,1051,0,5795,9780,1,0,1
737210,65535,255,6228,-7980,0,0,0
737211,65535,255,4411,-8009,0,0,0
737212,65535,255,1253,-8044,0,0,0
737213,457,0,2599,9750,1,0,0
737214,65535,255,5213,9777,0,0,0
737215,65535,255,6647,-7992,0,0,0
737216,868,0,5132,-8037,1,0,1
737217,328,0,2472,-8124,1,0,0
737218,65535,255,1395,9763,0,0,0
737219,65535,255,4508,9793,0,0,0
737220,370,0,6290,9780,1,0,1
737221,65535,255,5726,-7989,0,0,0
737222,65535,255,3524,-8019,0,0,0
737223,65535,255,81,10168,0,0,0
737224,485,0,3648,9820,1,0,0
737225,233,0,5803,9802,1,0,0
737226,65535,255,6222,-8015,0,0,0
737227,683,0,4404,-8067,1,0,1
737228,0,0,0,0,0,0,0
737229,65535,255,2614,9884,0,0,0
737230,65535,255,5221,9833,0,0,0
737231,0,0,0,0,0,0,0
737232,65535,255,5124,-8021,0,0,0
737233,426,0,2458,-8099,1,0,0
737234,65535,255,1417,9741,0,0,0
737235,65535,255,4521,9787,0,0,0
737236,805,0,6298,9784,1,0,0
737237,65535,255,5716,-7993,0,0,0
737238,65535,255,3507,-8027,0,0,0
737239,65535,255,105,10736,0,0,0
737240,65535,255,3664,9844,0,0,0
737241,65535,255,5812,9815,0,0,0
737242,0,0,0,0,0,0,0
737243,65535,255,4387,-8088,0,0,0
737244,65535,255,1213,-8014,0,0,0
737245,65535,255,2639,9775,0,0,0
737246,65535,255,5235,9787,0,0,0
737247,65535,255,6633,-7956,0,0,0
737248,65535,255,5112,-8068,0,0,0
737249,65535,255,2428,-8007,0,0,0
737250,65535,255,1440,9951,0,0,0
737251,65535,255,4532,9849,0,0,0
737252,65535,255,6307,9766,0,0,0
737253,65535,255,5706,-8041,0,0,0
737254,65535,255,3489,-8110,0,0,0
737255,451,2,133,9796,1,0,0
737256,252,2,3684,9820,1,0,0
737257,65535,255,5822,9806,0,0,0
737258,65535,255,6205,-8023,0,0,0
737259,65535,255,4371,-8068,0,0,0
737260,65535,255,1190,-8096,0,0,0
737261,65535,255,2654,9883,0,0,0
737262,65535,255,5242,9792,0,0,0
737263,612,2,6629,-7977,1,0,1
737264,400,0,5104,-8053,1,0,1
737265,489,0,2423,-8072,1,0,0
737266,65535,255,1445,9858,0,0,0
737267,65535,255,4534,9803,0,0,0
737268,812,0,6303,9802,1,0,1
737269,1055,0,5707,-8045,1,0,1
737270,65535,255,3494,-8070,0,0,0
737271,419,0,122,9521,1,0,1
737272,673,0,3668,9876,1,0,1
737273,848,0,5813,9797,1,0,1
737274,846,0,6209,-7981,1,0,1
737275,173,0,4384,-8067,1,0,1
737276,65535,255,1213,-8096,0,0,0
737277,181,0,2629,9884,1,0,0
737278,1203,0,5230,9797,1,0,1
737279,1197,0,6636,-7983,1,0,1
737280,722,2,5116,-8068,1,0,0
737281,749,0,2443,-8111,1,0,1
737282,653,0,1418,9952,1,0,1
737283,830,0,4519,9799,1,0,1
737284,532,0,6294,9784,1,0,0
737285,808,0,5715,-8001,1,0,1
737286,65535,255,3511,-8113,0,0,0
737287,621,0,98,11814,1,0,0
737288,453,0,3657,9803,1,0,1
737289,405,0,5804,9806,1,0,0
737290,434,2,6217,-8011,1,0,1
737291,65535,255,4395,-8022,0,0,0
737292,65535,255,1231,-7934,0,0,0
737293,558,0,2614,9835,1,0,0
737294,65535,255,5219,9777,0,0,1
737295,65535,255,6639,-7973,0,0,0
737296,391,0,5125,-8052,1,0,0
737297,65535,255,2463,-8085,0,0,0
737298,65535,255,1401,9905,0,0,0
737299,347,0,4509,9793,1,0,0
737300,821,0,6288,9785,1,0,1
737301,65535,255,5722,-8001,0,0,0
737302,65535,255,3524,-8130,0,0,0
737303,65535,255,93,7113,0,0,0
737304,0,0,0,0,0,0,0
737305,65535,255,5799,9776,0,0,0
737306,65535,255,6222,-7997,0,0,0
737307,65535,255,4405,-8053,0,0,0
737308,65535,255,1247,-8070,0,0,0
737309,65535,255,2600,9897,0,0,0
737310,386,2,5211,9808,1,0,0
737311,65535,255,6644,-7995,0,0,0
737312,65535,255,5130,-8010,0,0,0
737313,65535,255,2468,-7981,0,0,0
737314,65535,255,1395,9763,0,0,0
737315,65535,255,4498,9856,0,0,0
737316,65535,255,6285,9799,0,0,0
737317,65535,255,5727,-7988,0,0,0
737318,756,0,3533,-8104,1,0,1
737319,65535,255,77,12394,0,0,0
737320,550,0,3636,9811,1,0,1
737321,65535,255,5796,9776,0,0,0
737322,65535,255,6225,-7983,0,0,0
737323,65535,255,4411,-8059,0,0,0
737324,197,0,1253,-8122,1,0,0
737325,65535,255,2596,9847,0,0,0
737326,65535,255,5207,9829,0,0,0
737327,65535,255,6646,-7959,0,0,0
737328,65535,255,5136,-8041,0,0,0
737329,65535,255,2478,-8071,0,0,0
737330,290,0,1389,9955,1,0,0
737331,65535,255,4498,9821,0,0,0
737332,65535,255,6283,9796,0,0,0
737333,115,2,5733,-8004,1,0,0
737334,710,0,3541,-8047,1,0,1
737335,485,0,64,12375,1,0,1
737336,393,0,3628,9850,1,0,1
737337,65535,255,5791,9816,0,0,0
737338,65535,255,6234,-8020,0,0,0
737339,427,0,4425,-8094,1,0,0
737340,65535,255,1275,-7994,0,0,0
737341,589,0,2582,9848,1,0,0
737342,527,2,5201,9774,1,0,0
737343,65535,255,6655,-7994,0,0,0
737344,65535,255,5149,-8039,0,0,0
737345,674,0,2502,-8138,1,0,0
737346,65535,255,1361,9806,0,0,0
737347,65535,255,4484,9809,0,0,0
737348,804,0,6276,9796,1,0,1
737349,65535,255,5745,-8008,0,0,0
737350,65535,255,3558,-8064,0,0,0
737351,564,2,51,11815,1,0,0
737352,280,0,3610,9884,1,0,1
737353,739,0,5784,9769,1,0,0
737354,988,0,6240,-7990,1,0,1
737355,65535,255,4434,-8031,0,0,0
737356,65535,255,1298,-8177,0,0,0
737357,594,0,2564,9846,1,0,0
737358,0,0,0,0,0,0,0
737359,65535,255,6660,-7978,0,0,0
737360,65535,255,5155,-8018,0,0,0
737361,686,0,2517,-8100,1,0,0
737362,65535,255,1350,9732,0,0,0
737363,65535,255,4475,9772,0,0,0
737364,65535,255,6271,9766,0,0,0
737365,220,0,5752,-8029,1,0,0
737366,436,0,3575,-8081,1,0,1
737367,65535,255,40,17205,0,0,0
737368,65535,255,3593,9859,0,0,0
737369,65535,255,5772,9812,0,0,0
737370,82,0,6250,-8016,1,0,0
737371,65535,255,4451,-8062,0,0,0
737372,507,2,1321,-8225,1,0,0
737373,65535,255,2540,9834,0,0,0
737374,65535,255,5179,9801,0,0,0
737375,65535,255,6668,-7958,0,0,1
737376,277,0,5172,-8053,1,0,0
737377,456,0,2541,-8149,1,0,0
737378,95,2,1316,9805,1,0,0
737379,526,0,4454,9797,1,0,1
737380,969,2,6261,9782,1,0,1
737381,65535,255,5763,-8022,0,0,0
737382,65535,255,3593,-8087,0,0,0
737383,65535,255,18,-3126,0,0,0
737384,65535,255,3577,9792,0,0,0
737385,65535,255,5762,9783,0,0,0
737386,65535,255,6256,-7993,0,0,0
737387,65535,255,4465,-8030,0,0,0
737388,65535,255,1343,-8123,0,0,0
737389,65535,255,2520,9796,0,0,0
737390,65535,255,5165,9791,0,0,0
737391,65535,255,6674,9780,0,0,0
737392,65535,255,5181,-8053,0,0,0
737393,65535,255,2562,-8161,0,0,0
737394,65535,255,1298,9831,0,0,0
737395,814,0,4444,9810,1,0,1
737396,65535,255,6252,9794,0,0,0
737397,65535,255,5769,-8002,0,0,0
737398,601,0,3605,-8046,1,0,1
737399,65535,255,41,-11263,0,0,0
737400,553,0,3564,9852,1,0,0
737401,65535,255,5753,9814,0,0,0
737402,65535,255,6261,-7995,0,0,0
737403,555,0,4476,-8092,1,0,1
737404,65535,255,1355,-7975,0,0,0
737405,65535,255,2505,9936,0,0,0
737406,455,0,5157,9803,1,0,1
737407,65535,255,6669,9767,0,0,1
737408,65535,255,5187,-8037,0,0,0
737409,553,0,2571,-8135,1,0,1
737410,536,0,1282,9804,1,0,1
737411,65535,255,4434,9811,0,0,0
737412,633,0,6247,9798,1,0,1
737413,65535,255,5774,-8010,0,0,0
737414,65535,255,3609,-8071,0,0,0
737415,65535,255,63,-3133,0,0,0
737416,65535,255,3551,9887,0,0,0
737417,602,0,5751,9771,1,0,1
737418,330,0,6264,-7992,1,0,1
737419,453,0,4476,-8035,1,0,1
737420,452,0,1366,-8172,1,0,1
737421,383,0,2500,9835,1,0,1
737422,417,0,5153,9817,1,0,1
737423,65535,255,6666,9800,0,0,1
737424,421,0,5187,-8017,1,0,1
737425,488,0,2572,-8085,1,0,1
737426,447,2,1282,9727,1,0,1
737427,229,0,4434,9792,1,0,0
737428,659,0,6247,9791,1,0,1
737429,531,0,5774,-8005,1,0,1
737430,484,0,3614,-8062,1,0,1
737431,65535,255,63,-3149,0,0,0
737432,65535,255,3551,9883,0,0,0
737433,425,2,5751,9780,1,0,0
737434,736,0,6263,-7999,1,0,1
737435,65535,255,4475,-8054,0,0,0
737436,65535,255,1366,-8269,0,0,0
737437,65535,255,2500,9898,0,0,0
737438,65535,255,5153,9843,0,0,0
737439,65535,255,6669,9768,0,0,1
737440,542,0,5187,-8047,1,0,1
737441,483,0,2569,-8088,1,0,1
737442,65535,255,1282,9935,0,0,0
737443,65535,255,4434,9849,0,0,0
737444,65535,255,6249,9764,0,0,0
737445,553,0,5774,-8048,1,0,0
737446,564,0,3605,-8020,1,0,1
737447,521,0,52,-12036,1,0,1
737448,540,0,3560,9879,1,0,1
737449,65535,255,5755,9776,0,0,0
737450,65535,255,6261,-7999,0,0,0
737451,382,0,4472,-8054,1,0,0
737452,65535,255,1350,-7900,0,0,0
737453,65535,255,2510,9923,0,0,0
737454,594,0,5161,9777,1,0,1
737455,65535,255,6671,9777,0,0,0
737456,65535,255,5184,-8067,0,0,0
737457,65535,255,2561,-8036,0,0,0
737458,65535,255,1299,9703,0,0,0
737459,65535,255,4444,9799,0,0,0
737460,553,0,6254,9795,1,0,1
737461,597,0,5769,-8018,1,0,0
737462,477,2,3600,-8104,1,0,1
737463,65535,255,27,-5128,0,0,0
737464,65535,255,3572,9819,0,0,0
737465,302,0,5760,9810,1,0,0
737466,65535,255,6256,-7976,0,0,0
737467,528,0,4462,-8023,1,0,0
737468,65535,255,1338,-8173,0,0,0
737469,65535,255,2524,9873,0,0,0
737470,337,0,5169,9843,1,0,0
737471,65535,255,6672,-7998,0,0,1
737472,308,0,5175,-8062,1,0,1
737473,399,0,2542,-8023,1,0,1
737474,65535,255,1316,9655,0,0,0
737475,408,0,4457,9786,1,0,1
737476,0,0,0,0,0,0,0
737477,65535,255,5762,-8018,0,0,0
737478,65535,255,3587,-8104,0,0,0
737479,447,0,8,1038,1,0,1
737480,617,0,3589,9836,1,0,1
737481,705,0,5769,9823,1,0,1
737482,65535,255,6250,-7988,0,0,0
737483,733,0,4451,-8048,1,0,1
737484,65535,255,1315,-7920,0,0,0
737485,65535,255,2548,9783,0,0,0
737486,65535,255,5184,9792,0,0,0
737487,65535,255,6665,-7970,0,0,1
737488,257,0,5163,-8021,1,0,0
737489,513,0,2527,-8136,1,0,0
737490,65535,255,1338,9883,0,0,0
737491,65535,255,4471,9849,0,0,0
737492,65535,255,6272,9776,0,0,0
737493,65535,255,5749,-7997,0,0,0
737494,65535,255,3566,-8071,0,0,0
737495,395,2,38,5808,1,0,0
737496,550,0,3610,9819,1,0,1
737497,862,0,5781,9814,1,0,1
737498,588,0,6240,-7985,1,0,0
737499,65535,255,4431,-8048,0,0,0
737500,65535,255,1281,-7916,0,0,0
737501,65535,255,2575,9761,0,0,0
737502,65535,255,5198,9802,0,0,0
737503,65535,255,6655,-7976,0,0,1
737504,603,0,5147,-8032,1,0,0
737505,65535,255,2498,-8174,0,0,0
737506,0,0,0,0,0,0,0
737507,65535,255,4495,9780,0,0,0
737508,65535,255,6282,9791,0,0,0
737509,65535,255,5735,-8023,0,0,0
737510,658,0,3541,-8122,1,0,1
737511,65535,255,66,11237,0,0,0
737512,65535,255,3632,9877,0,0,0
737513,546,0,5798,9784,1,0,0
737514,65535,255,6227,-8019,0,0,0
737515,65535,255,4408,-8010,0,0,0
737516,65535,255,1247,-8177,0,0,0
737517,65535,255,2604,9896,0,0,0
737518,0,0,0,0,0,0,0
737519,65535,255,6642,-7967,0,0,0
737520,65535,255,5124,-8022,0,0,0
737521,0,0,0,0,0,0,0
737522,65535,255,1412,9952,0,0,0
737523,0,0,0,0,0,0,0
737524,65535,255,6295,9794,0,0,0
737525,606,2,5717,-8032,1,0,0
737526,593,0,3507,-8105,1,0,1
737527,0,0,0,0,0,0,0
737528,65535,255,3657,9779,0,0,0
737529,65535,255,5806,9814,0,0,0
737530,65535,255,6217,-7996,0,0,0
737531,881,0,4398,-8093,1,0,1
737532,0,0,0,0,0,0,0
737533,65535,255,2615,9750,0,0,0
737534,620,0,5216,9817,1,0,0
737535,498,0,6642,-7999,1,0,1
737536,736,0,5127,-8006,1,0,0
737537,65535,255,2468,-8163,0,0,0
737538,65535,255,1401,9691,0,0,0
737539,65535,255,4502,9830,0,0,0
737540,65535,255,6286,9780,0,0,0
737541,858,0,5729,-8023,1,0,0
737542,65535,255,3532,-8028,0,0,0
737543,655,0,74,7927,1,0,0
737544,699,0,3632,9852,1,0,0
737545,649,2,5792,9793,1,0,0
737546,65535,255,6227,-7977,0,0,0
737547,65535,255,4418,-8067,0,0,0
737548,65535,255,1264,-8124,0,0,0
737549,0,0,0,0,0,0,0
737550,65535,255,5202,9813,0,0,0
737551,65535,255,6651,-7995,0,0,0
737552,815,0,5141,-8011,1,0,1
737553,0,0,0,0,0,0,0
737554,65535,255,1373,9737,0,0,0
737555,65535,255,4485,9849,0,0,0
737556,1031,0,6275,9795,1,0,1
737557,65535,255,5741,-8044,0,0,0
737558,718,0,3549,-8079,1,0,1
737559,65535,255,43,11992,0,0,0
737560,65535,255,3615,9786,0,0,0
737561,65535,255,5782,9827,0,0,0
737562,65535,255,6237,-8014,0,0,0
737563,65535,255,4431,-8035,0,0,0
737564,65535,255,1287,-7992,0,0,0
737565,65535,255,2564,9873,0,0,0
737566,721,0,5190,9798,1,0,1
737567,65535,255,6658,-7988,0,0,0
737568,65535,255,5153,-8005,0,0,0
737569,65535,255,2509,-8047,0,0,0
737570,65535,255,1350,9759,0,0,0
737571,0,0,0,0,0,0,0
737572,415,0,6269,9803,1,0,1
737573,65535,255,5748,-7988,0,0,0
737574,664,0,3567,-8113,1,0,0
737575,0,0,0,0,0,0,0
737576,65535,255,3602,9828,0,0,0
737577,0,0,0,0,0,0,0
737578,65535,255,6243,-7980,0,0,0
737579,797,0,4441,-8078,1,0,1
737580,65535,255,1309,-8199,0,0,0
737581,65535,255,2555,9786,0,0,0
737582,65535,255,5181,9844,0,0,0
737583,65535,255,6662,-7972,0,0,0
737584,314,0,5161,-8062,1,0,0
737585,672,0,2527,-8122,1,0,0
737586,65535,255,1338,9704,0,0,0
737587,65535,255,4464,9837,0,0,0
737588,65535,255,6266,9795,0,0,0
737589,1040,0,5752,-7992,1,0,1
737590,617,0,3575,-8104,1,0,1
737591,65535,255,41,-13371,0,0,0
737592,65535,255,3594,9837,0,0,0
737593,595,0,5772,9794,1,0,1
737594,1031,0,6248,-7987,1,0,1
737595,790,0,4450,-8088,1,0,0
737596,307,0,1315,-7893,1,0,0
737597,417,0,2545,9836,1,0,0
737598,217,0,5181,9793,1,0,1
737599,65535,255,6667,-7991,0,0,0
737600,65535,255,5166,-8015,0,0,0
737601,65535,255,2532,-8022,0,0,0
737602,65535,255,1327,9858,0,0,0
737603,65535,255,4464,9793,0,0,0
737604,297,2,6264,9773,1,0,0
737605,65535,255,5759,-8026,0,0,0
737606,65535,255,3579,-8061,0,0,0
737607,515,0,16,-17080,1,0,1
737608,613,0,3589,9803,1,0,1
737609,65535,255,5771,9777,0,0,0
737610,65535,255,6250,-7980,0,0,0
737611,65535,255,4455,-8085,0,0,0
737612,611,0,1327,-8272,1,0,1
737613,65535,255,2540,9836,0,0,0
737614,528,0,5178,9793,1,0,0
737615,65535,255,6668,-7994,0,0,0
737616,65535,255,5169,-8021,0,0,0
737617,534,2,2537,-8047,1,0,0
737618,65535,255,1321,9935,0,0,0
737619,65535,255,4460,9819,0,0,0
737620,167,0,6264,9784,1,0,0
737621,65535,255,5758,-8040,0,0,0
737622,65535,255,3584,-8104,0,0,0
737623,65535,255,43,1649,0,0,0
737624,657,0,3586,9861,1,0,0
737625,367,0,5768,9810,1,0,1
737626,65535,255,6251,-8006,0,0,0
737627,65535,255,4451,-8040,0,0,0
737628,542,0,1319,-8094,1,0,0
737629,539,0,2541,9759,1,0,1
737630,582,0,5177,9843,1,0,1
737631,65535,255,6667,-7978,0,0,1
737632,893,0,5166,-8000,1,0,0
737633,224,0,2531,-7996,1,0,0
737634,685,0,1322,9857,1,0,0
737635,65535,255,4462,9799,0,0,0
737636,65535,255,6264,9776,0,0,0
737637,65535,255,5759,-8039,0,0,0
737638,65535,255,3582,-8095,0,0,0
737639,65535,255,49,1707,0,0,0
737640,65535,255,3590,9861,0,0,0
737641,201,2,5768,9810,1,0,0
737642,65535,255,6250,-8009,0,0,0
737643,65535,255,4450,-8047,0,0,0
737644,175,0,1319,-8145,1,0,0
737645,405,0,2546,9784,1,0,1
737646,65535,255,5180,9777,0,0,0
737647,65535,255,6666,-7988,0,0,1
737648,65535,255,5165,-8020,0,0,0
737649,385,0,2531,-8058,1,0,1
737650,425,0,1328,9981,1,0,0
737651,405,0,4462,9837,1,0,0
737652,65535,255,6264,9803,0,0,0
737653,342,0,5754,-8004,1,0,0
737654,65535,255,3574,-8027,0,0,0
737655,65535,255,13,8783,0,0,0
737656,602,0,3595,9802,1,0,1
737657,65535,255,5774,9785,0,0,0
737658,126,2,6246,-7990,1,0,0
737659,65535,255,4444,-8016,0,0,0
737660,65535,255,1308,-8043,0,0,0
737661,134,2,2546,9916,1,0,0
737662,65535,255,5182,9839,0,0,0
737663,65535,255,6661,-7982,0,0,0
737664,40,2,5157,-8010,1,0,0
737665,451,2,2521,-8033,1,0,0
737666,218,2,1339,9956,1,0,1
737667,674,0,4469,9836,1,0,1
737668,59,2,6268,9803,1,0,0
737669,65535,255,5747,-8008,0,0,0
737670,65535,255,3565,-8043,0,0,0
737671,451,0,24,13807,1,0,0
737672,694,0,3603,9827,1,0,0
737673,908,0,5776,9797,1,0,1
737674,65535,255,6240,-8006,0,0,0
737675,65535,255,4437,-8046,0,0,0
737676,65535,255,1297,-8171,0,0,0
737677,539,0,2561,9822,1,0,0
737678,65535,255,5189,9797,0,0,0
737679,65535,255,6657,-7956,0,0,0
737680,65535,255,5151,-8051,0,0,0
737681,295,0,2511,-8159,1,0,1
737682,65535,255,1356,9807,0,0,0
737683,65535,255,4479,9799,0,0,0
737684,65535,255,6273,9788,0,0,0
737685,363,0,5740,-7991,1,0,1
737686,65535,255,3553,-8018,0,0,0
737687,65535,255,42,10345,0,0,0
737688,65535,255,3616,9819,0,0,0
737689,65535,255,5786,9798,0,0,0
737690,65535,255,6234,-8009,0,0,0
737691,65535,255,4424,-8059,0,0,0
737692,319,2,1280,-8250,1,0,0
737693,221,2,2581,9872,1,0,1
737694,65535,255,5200,9823,0,0,0
737695,65535,255,6653,-7975,0,0,0
737696,0,0,0,0,0,0,0
737697,65535,255,2496,-8074,0,0,0
737698,395,2,1368,9682,1,0,0
737699,65535,255,4486,9777,0,0,0
737700,1027,0,6276,9777,1,0,1
737701,917,0,5739,-7990,1,0,1
737702,65535,255,3553,-8030,0,0,0
737703,65535,255,39,12153,0,0,0
737704,404,0,3611,9850,1,0,0
737705,952,0,5782,9821,1,0,1
737706,65535,255,6237,-7975,0,0,0
737707,65535,255,4430,-8011,0,0,0
737708,65535,255,1291,-8097,0,0,0
737709,65535,255,2566,9807,0,0,0
737710,65535,255,5191,9805,0,0,0
737711,65535,255,6659,-7969,0,0,0
737712,65535,255,5153,-8003,0,0,0
737713,65535,255,2511,-8062,0,0,0
737714,65535,255,1351,9706,0,0,0
737715,668,0,4476,9784,1,0,1
737716,65535,255,6272,9785,0,0,0
737717,65535,255,5748,-8003,0,0,0
737718,0,0,0,0,0,0,0
737719,65535,255,53,3450,0,0,0
737720,406,0,3606,9789,1,0,0
737721,65535,255,5779,9782,0,0,0
737722,65535,255,6244,-8005,0,0,0
737723,65535,255,4442,-8068,0,0,0
737724,65535,255,1298,-7946,0,0,0
737725,65535,255,2560,9747,0,0,0
737726,1105,0,5187,9786,1,0,1
737727,65535,255,6662,-7962,0,0,0
737728,982,0,5158,-8021,1,0,1
737729,65535,255,2522,-8062,0,0,0
737730,591,0,1344,9781,1,0,0
737731,578,0,4471,9810,1,0,1
737732,65535,255,6268,9804,0,0,0
737733,1016,0,5752,-8029,1,0,0
737734,65535,255,3571,-8123,0,0,0
737735,427,0,18,11165,1,0,0
737736,594,0,3602,9842,1,0,1
737737,967,0,5776,9825,1,0,1
737738,1118,0,6244,-7990,1,0,0
737739,65535,255,4441,-8050,0,0,0
737740,65535,255,1307,-8118,0,0,0
737741,65535,255,2555,9921,0,0,0
737742,418,0,5187,9786,1,0,0
737743,65535,255,6661,-7961,0,0,0
737744,0,0,0,0,0,0,0
737745,361,0,2522,-8087,1,0,1
737746,65535,255,1344,9781,0,0,0
737747,503,0,4471,9822,1,0,0
737748,768,0,6270,9795,1,0,0
737749,683,0,5752,-8046,1,0,1
737750,65535,255,3566,-8030,0,0,0
737751,464,2,40,15334,1,0,0
737752,610,0,3605,9807,1,0,1
737753,537,0,5779,9791,1,0,0
737754,752,2,6244,-8020,1,0,0
737755,756,0,4438,-8005,1,0,1
737756,639,2,1298,-8150,1,0,0
737757,669,2,2559,9859,1,0,0
737758,887,0,5190,9842,1,0,1
737759,65535,255,6660,-8001,0,0,1
737760,867,0,5154,-8052,1,0,0
737761,65535,255,2512,-8074,0,0,0
737762,243,0,1356,9782,1,0,0
737763,65535,255,4478,9829,0,0,0
737764,65535,255,6275,9763,0,0,0
737765,65535,255,5743,-7990,0,0,0
737766,618,0,3558,-8064,1,0,0
737767,65535,255,51,6170,0,0,0
737768,620,0,3615,9818,1,0,0
737769,814,0,5784,9821,1,0,1
737770,65535,255,6236,-7990,0,0,0
737771,554,0,4428,-8062,1,0,1
737772,576,0,1281,-7968,1,0,0
737773,65535,255,2579,9797,0,0,0
737774,65535,255,5199,9816,0,0,0
737775,65535,255,6654,-7991,0,0,0
737776,692,0,5144,-8059,1,0,0
737777,499,0,2492,-8048,1,0,1
737778,638,0,1372,9759,1,0,0
737779,670,0,4491,9823,1,0,0
737780,180,0,6281,9763,1,0,1
737781,273,0,5733,-7994,1,0,0
737782,653,0,3541,-8071,1,0,1
737783,443,0,61,8067,1,0,0
737784,618,0,3628,9835,1,0,1
737785,819,0,5793,9786,1,0,1
737786,637,0,6229,-8005,1,0,1
737787,723,0,4415,-8087,1,0,1
737788,458,0,1258,-8098,1,0,1
737789,605,0,2594,9871,1,0,1
737790,424,0,5212,9787,1,0,1
737791,65535,255,6644,-7962,0,0,0
737792,474,0,5130,-8018,1,0,0
737793,686,0,2473,-8151,1,0,1
737794,463,0,1395,9952,1,0,1
737795,758,0,4508,9786,1,0,1
737796,65535,255,6289,9802,0,0,0
737797,423,0,5724,-8037,1,0,1
737798,466,0,3516,-8038,1,0,1
737799,509,0,91,11602,1,0,1
737800,506,0,3652,9778,1,0,1
737801,307,0,5806,9805,1,0,0
737802,65535,255,6216,-7983,0,0,0
737803,537,0,4394,-8050,1,0,1
737804,482,0,1225,-7967,1,0,1
737805,583,0,2624,9812,1,0,1
737806,706,0,5225,9832,1,0,1
737807,592,0,6635,-7992,1,0,1
737808,583,0,5113,-8008,1,0,1
737809,519,0,2438,-8140,1,0,1
737810,539,0,1429,9952,1,0,0
737811,495,0,4529,9786,1,0,0
737812,65535,255,6301,9802,0,0,0
737813,65535,255,5709,-8025,0,0,0
737814,459,0,3494,-8047,1,0,1
737815,441,0,116,9526,1,0,1
737816,436,0,3666,9833,1,0,0
737817,506,0,5813,9818,1,0,1
737818,65535,255,6213,-8009,0,0,0
737819,65535,255,4387,-8024,0,0,0
737820,370,0,1219,-7992,1,0,1
737821,548,0,2624,9884,1,0,1
737822,594,0,5225,9807,1,0,0
737823,519,0,6639,-7997,1,0,0
737824,601,0,5118,-8018,1,0,1
737825,640,0,2453,-8023,1,0,1
737826,527,0,1412,9859,1,0,1
737827,680,0,4516,9792,1,0,1
737828,624,0,6293,9768,1,0,1
737829,588,0,5722,-8020,1,0,1
737830,489,0,3519,-8038,1,0,1
737831,65535,255,87,9422,0,0,0
737832,65535,255,3649,9779,0,0,0
737833,65535,255,5801,9827,0,0,0
737834,285,0,6224,-8016,1,0,0
737835,65535,255,4404,-8050,0,0,0
737836,328,0,1247,-8101,1,0,1
737837,439,0,2602,9821,1,0,1
737838,541,0,5213,9833,1,0,0
737839,440,0,6646,-7968,1,0,1
737840,449,0,5135,-8059,1,0,1
737841,65535,255,2477,-8125,0,0,0
737842,538,0,1390,9691,1,0,1
737843,65535,255,4498,9849,0,0,0
737844,65535,255,6284,9803,0,0,0
737845,0,0,0,0,0,0,0
737846,65535,255,3539,-8083,0,0,0
737847,65535,255,70,7363,0,0,0
737848,260,0,3628,9870,1,0,1
737849,591,0,5791,9814,1,0,0
737850,65535,255,6232,-8008,0,0,0
737851,618,0,4417,-8037,1,0,1
737852,537,0,1269,-8075,1,0,0
737853,598,2,2585,9935,1,0,0
737854,65535,255,5201,9833,0,0,0
737855,65535,255,6653,-7971,0,0,0
737856,65535,255,5144,-8064,0,0,0
737857,65535,255,2497,-8151,0,0,0
737858,65535,255,1373,9739,0,0,0
737859,812,0,4488,9868,1,0,1
737860,65535,255,6279,9814,0,0,0
737861,65535,255,5740,-8015,0,0,0
737862,596,0,3549,-8038,1,0,1
737863,65535,255,47,9723,0,0,0
737864,445,0,3619,9794,1,0,1
737865,0,0,0,0,0,0,0
737866,65535,255,6236,-7977,0,0,0
737867,854,0,4431,-8087,1,0,1
737868,65535,255,1283,-8043,0,0,0
737869,65535,255,2574,9849,0,0,0
737870,65535,255,5196,9803,0,0,0
737871,65535,255,6656,-7983,0,0,1
737872,65535,255,5149,-8038,0,0,0
737873,0,0,0,0,0,0,0
737874,0,0,0,0,0,0,0
737875,0,0,0,0,0,0,0
737876,65535,255,6275,9807,0,0,0
737877,65535,255,5744,-8010,0,0,0
737878,590,0,3553,-8037,1,0,0
737879,519,0,35,10557,1,0,1
737880,65535,255,3615,9802,0,0,0
737881,493,0,5784,9784,1,0,0
737882,65535,255,6238,-7988,0,0,0
737883,0,0,0,0,0,0,0
737884,65535,255,1286,-8020,0,0,0
737885,65535,255,2564,9923,0,0,0
737886,65535,255,5193,9839,0,0,0
737887,65535,255,6658,-7976,0,0,0
737888,65535,255,5149,-8002,0,0,0
737889,651,0,2507,-8022,1,0,1
737890,65535,255,1355,9909,0,0,0
737891,885,0,4481,9825,1,0,1
737892,65535,255,6275,9795,0,0,0
737893,65535,255,5742,-7997,0,0,0
737894,501,0,3554,-8019,1,0,1
737895,65535,255,35,9641,0,0,0
737896,65535,255,3611,9803,0,0,0
737897,0,0,0,0,0,0,0
737898,65535,255,6239,-7996,0,0,0
737899,65535,255,4431,-8029,0,0,0
737900,451,2,1286,-8100,1,0,0
737901,65535,255,2570,9787,0,0,0
737902,65535,255,5196,9782,0,0,0
737903,65535,255,6657,-7996,0,0,0
737904,65535,255,5149,-8037,0,0,0
737905,65535,255,2502,-8124,0,0,0
737906,65535,255,1361,9738,0,0,0
737907,65535,255,4485,9781,0,0,0
737908,65535,255,6275,9776,0,0,0
737909,1049,0,5743,-8044,1,0,1
737910,65535,255,3554,-8131,0,0,0
737911,65535,255,43,8111,0,0,0
737912,65535,255,3620,9794,0,0,0
737913,434,0,5785,9784,1,0,0
737914,65535,255,6235,-7999,0,0,0
737915,65535,255,4424,-8041,0,0,0
737916,65535,255,1281,-8177,0,0,0
737917,65535,255,2580,9824,0,0,0
737918,452,0,5199,9803,1,0,0
737919,65535,255,6652,-7963,0,0,0
737920,65535,255,5144,-8068,0,0,0
737921,533,0,2492,-8009,1,0,0
737922,65535,255,1372,9933,0,0,0
737923,65535,255,4488,9837,0,0,0
737924,1128,0,6279,9810,1,0,1
737925,1223,0,5736,-8023,1,0,1
737926,640,0,3541,-8096,1,0,1
737927,65535,255,69,6717,0,0,0
737928,551,0,3629,9769,1,0,1
737929,0,0,0,0,0,0,0
737930,65535,255,6229,-7996,0,0,0
737931,65535,255,4415,-8041,0,0,0
737932,449,2,1264,-8204,1,0,0
737933,650,2,2594,9849,1,0,0
737934,829,0,5207,9818,1,0,1
737935,1315,0,6647,-7973,1,0,1
737936,827,0,5132,-8011,1,0,1
737937,65535,255,2477,-8073,0,0,0
737938,65535,255,1396,9692,0,0,0
737939,65535,255,4502,9781,0,0,0
737940,0,0,0,0,0,0,0
737941,65535,255,5726,-7993,0,0,0
737942,65535,255,3524,-8037,0,0,0
737943,65535,255,80,11872,0,0,0
737944,0,0,0,0,0,0,0
737945,65535,255,5799,9828,0,0,0
737946,774,0,6221,-7985,1,0,1
737947,328,0,4401,-8023,1,0,0
737948,65535,255,1236,-8153,0,0,0
737949,0,0,0,0,0,0,0
737950,868,0,5219,9813,1,0,1
737951,1324,0,6640,-7973,1,0,1
737952,809,0,5121,-8017,1,0,1
737953,65535,255,2452,-8098,0,0,0
737954,233,0,1418,9765,1,0,0
737955,65535,255,4519,9799,0,0,0
737956,65535,255,6295,9795,0,0,0
737957,65535,255,5716,-8011,0,0,0
737958,65535,255,3507,-8080,0,0,0
737959,65535,255,116,8064,0,0,0
737960,65535,255,3669,9787,0,0,0
737961,65535,255,5813,9789,0,0,0
737962,773,0,6212,-8011,1,0,0
737963,65535,255,4384,-8080,0,0,0
737964,65535,255,1208,-7961,0,0,0
737965,547,2,2644,9764,1,0,0
737966,313,2,5236,9788,1,0,0
737967,904,0,6632,-7997,1,0,1
737968,65535,255,5109,-8012,0,0,0
737969,65535,255,2436,-8108,0,0,0
737970,65535,255,1440,9720,0,0,0
737971,65535,255,4528,9837,0,0,0
737972,65535,255,6303,9787,0,0,0
737973,65535,255,5714,-8032,0,0,0
737974,65535,255,3503,-8054,0,0,0
737975,65535,255,111,9496,0,0,0
737976,227,0,3664,9876,1,0,0
737977,0,0,0,0,0,0,0
737978,65535,255,6214,-7989,0,0,0
737979,65535,255,4391,-8086,0,0,0
737980,65535,255,1224,-8207,0,0,0
737981,65535,255,2629,9763,0,0,0
737982,65535,255,5227,9828,0,0,0
737983,65535,255,6638,-7957,0,0,0
737984,65535,255,5121,-8026,0,0,0
737985,65535,255,2453,-8022,0,0,0
737986,65535,255,1417,9812,0,0,0
737987,556,0,4516,9839,1,0,1
737988,624,2,6294,9807,1,0,0
737989,684,2,5720,-7989,1,0,1
737990,0,0,0,0,0,0,0
737991,65535,255,94,11923,0,0,0
737992,645,0,3653,9811,1,0,1
737993,419,0,5807,9771,1,0,0
737994,65535,255,6221,-8019,0,0,0
737995,65535,255,4399,-8042,0,0,0
737996,65535,255,1240,-8042,0,0,0
737997,151,2,2610,9884,1,0,0
737998,959,0,5217,9802,1,0,1
737999,536,0,6645,-7993,1,0,1
738000,65535,255,5128,-8006,0,0,0
738001,65535,255,2467,-7983,0,0,0
738002,65535,255,1402,9761,0,0,0
738003,314,0,4506,9855,1,0,0
738004,65535,255,6288,9799,0,0,0
738005,807,0,5725,-7988,1,0,1
738006,553,0,3527,-8105,1,0,1
738007,737,0,83,12180,1,0,1
738008,687,0,3642,9819,1,0,1
738009,841,0,5800,9776,1,0,1
738010,874,0,6225,-7991,1,0,1
738011,119,2,4410,-8060,1,0,0
738012,248,0,1252,-8123,1,0,0
738013,225,0,2596,9880,1,0,0
738014,603,0,5209,9827,1,0,0
738015,65535,255,6646,-7960,0,0,0
738016,687,0,5134,-8036,1,0,1
738017,65535,255,2476,-8059,0,0,0
738018,65535,255,1384,9930,0,0,0
738019,225,2,4499,9806,1,0,0
738020,640,0,6284,9772,1,0,0
738021,65535,255,5732,-8022,0,0,0
738022,65535,255,3536,-8044,0,0,0
738023,436,0,65,9685,1,0,0
738024,503,0,3631,9803,1,0,1
738025,398,0,5793,9819,1,0,0
738026,54,2,6230,-8010,1,0,1
738027,287,2,4413,-8035,1,0,1
738028,65535,255,1263,-8043,0,0,0
738029,599,0,2591,9909,1,0,1
738030,772,0,5206,9817,1,0,1
738031,65535,255,6647,-7956,0,0,0
738032,65535,255,5137,-8036,0,0,0
738033,65535,255,2481,-8059,0,0,0
738034,65535,255,1379,9929,0,0,0
738035,646,0,4493,9812,1,0,1
738036,454,0,6283,9776,1,0,0
738037,114,2,5734,-8035,1,0,0
738038,65535,255,3540,-8069,0,0,0
738039,65535,255,61,11336,0,0,0
738040,218,0,3629,9811,1,0,0
738041,209,0,5791,9781,1,0,0
738042,38,2,6229,-7976,1,0,1
738043,104,2,4417,-8079,1,0,1
738044,65535,255,1269,-8253,0,0,0
738045,449,0,2586,9811,1,0,1
738046,694,0,5206,9782,1,0,1
738047,65535,255,6649,-7988,0,0,0
738048,65535,255,5137,-8010,0,0,0
738049,257,0,2482,-8007,1,0,0
738050,65535,255,1379,9858,0,0,0
738051,65535,255,4493,9793,0,0,0
738052,394,0,6282,9773,1,0,0
738053,795,0,5732,-8031,1,0,1
738054,65535,255,3536,-8078,0,0,0
738055,65535,255,65,12304,0,0,0
738056,474,0,3630,9819,1,0,1
738057,227,2,5791,9789,1,0,0
738058,171,0,6228,-7991,1,0,0
738059,65535,255,4417,-8019,0,0,0
738060,364,0,1269,-8151,1,0,0
738061,443,0,2585,9832,1,0,0
738062,468,0,5203,9820,1,0,0
738063,65535,255,6651,-7982,0,0,0
738064,65535,255,5140,-8029,0,0,0
738065,65535,255,2491,-8138,0,0,0
738066,65535,255,1373,9855,0,0,1
738067,504,0,4489,9828,1,0,1
738068,601,0,6279,9784,1,0,1
738069,850,0,5737,-8038,1,0,1
738070,65535,255,3544,-8004,0,0,0
738071,65535,255,49,11002,0,0,0
738072,65535,255,3620,9850,0,0,0
738073,171,0,5787,9797,1,0,0
738074,65535,255,6233,-7990,0,0,0
738075,65535,255,4424,-8051,0,0,0
738076,566,2,1278,-8192,1,0,0
738077,65535,255,2576,9919,0,0,0
738078,595,0,5200,9780,1,0,1
738079,65535,255,6653,-7959,0,0,0
738080,65535,255,5142,-7998,0,0,0
738081,65535,255,2496,-8074,0,0,0
738082,65535,255,1368,9758,0,0,0
738083,477,0,4486,9809,1,0,1
738084,65535,255,6278,9808,0,0,0
738085,65535,255,5741,-8033,0,0,0
738086,723,0,3548,-8004,1,0,1
738087,272,2,49,11770,1,0,0
738088,573,0,3619,9868,1,0,0
738089,638,0,5789,9778,1,0,0
738090,65535,255,6234,-8006,0,0,0
738091,65535,255,4424,-8083,0,0,0
738092,65535,255,1275,-8049,0,0,0
738093,65535,255,2579,9810,0,0,0
738094,723,0,5201,9821,1,0,1
738095,65535,255,6654,-7988,0,0,0
738096,328,0,5146,-8049,1,0,1
738097,65535,255,2492,-8012,0,0,0
738098,65535,255,1373,9663,0,0,0
738099,438,0,4492,9798,1,0,0
738100,325,0,6281,9801,1,0,0
738101,65535,255,5738,-8034,0,0,0
738102,65535,255,3545,-8014,0,0,0
738103,576,0,62,13108,1,0,0
738104,65535,255,3628,9775,0,0,0
738105,65535,255,5793,9795,0,0,0
738106,65535,255,6232,-7997,0,0,0
738107,65535,255,4417,-8031,0,0,0
738108,65535,255,1270,-8257,0,0,0
738109,335,2,2590,9886,1,0,0
738110,65535,255,5207,9796,0,0,0
738111,811,0,6649,-7975,1,0,1
738112,65535,255,5138,-8040,0,0,0
738113,65535,255,2482,-7998,0,0,0
738114,65535,255,1388,9736,0,0,0
738115,65535,255,4501,9804,0,0,0
738116,65535,255,6286,9808,0,0,0
738117,0,0,0,0,0,0,0
738118,488,0,3532,-8047,1,0,1
738119,65535,255,82,7706,0,0,0
738120,65535,255,3640,9826,0,0,0
738121,65535,255,5798,9826,0,0,0
738122,658,0,6226,-8002,1,0,0
738123,650,0,4407,-8088,1,0,1
738124,440,0,1247,-8128,1,0,0
738125,574,0,2609,9883,1,0,1
738126,396,0,5219,9781,1,0,1
738127,65535,255,6643,-7969,0,0,0
738128,822,0,5126,-8034,1,0,1
738129,474,0,2458,-7997,1,0,1
738130,530,0,1412,9692,1,0,1
738131,739,0,4515,9817,1,0,1
738132,746,0,6297,9767,1,0,0
738133,806,0,5718,-8000,1,0,1
738134,430,0,3511,-8099,1,0,1
738135,65535,255,99,10454,0,0,0
738136,496,0,3660,9859,1,0,1
738137,65535,255,5808,9809,0,0,0
738138,65535,255,6219,-8008,0,0,0
738139,406,0,4394,-8037,1,0,1
738140,65535,255,1230,-8099,0,0,0
738141,65535,255,2620,9761,0,0,0
738142,65535,255,5219,9842,0,0,0
738143,1083,0,6642,-7978,1,0,1
738144,743,0,5123,-8000,1,0,1
738145,65535,255,2462,-7997,0,0,0
738146,65535,255,1400,9858,0,0,0
738147,392,0,4509,9798,1,0,0
738148,65535,255,6289,9779,0,0,0
738149,805,0,5728,-8042,1,0,1
738150,65535,255,3528,-8099,0,0,0
738151,65535,255,91,7163,0,0,0
738152,660,0,3641,9867,1,0,1
738153,735,0,5796,9813,1,0,1
738154,65535,255,6226,-8016,0,0,0
738155,563,0,4411,-8056,1,0,1
738156,298,0,1258,-8205,1,0,0
738157,65535,255,2595,9810,0,0,0
738158,65535,255,5208,9791,0,0,0
738159,905,0,6649,-7997,1,0,1
738160,679,0,5135,-8033,1,0,1
738161,65535,255,2482,-8100,0,0,0
738162,65535,255,1384,9689,0,0,0
738163,65535,255,4492,9855,0,0,0
738164,65535,255,6282,9786,0,0,0
738165,589,0,5733,-8021,1,0,1
738166,317,0,3541,-8072,1,0,1
738167,631,0,62,13128,1,0,0
738168,65535,255,3623,9844,0,0,0
738169,65535,255,5789,9805,0,0,0
738170,963,0,6231,-8011,1,0,1
738171,660,0,4421,-8055,1,0,1
738172,65535,255,1271,-8205,0,0,0
738173,65535,255,2583,9822,0,0,0
738174,65535,255,5200,9801,0,0,0
738175,386,0,6650,-7966,1,0,1
738176,65535,255,5143,-8049,0,0,0
738177,510,0,2494,-8150,1,0,1
738178,360,0,1371,9784,1,0,1
738179,394,0,4487,9792,1,0,1
738180,65535,255,6278,9779,0,0,0
738181,482,0,5738,-8026,1,0,1
738182,410,0,3549,-8087,1,0,1
738183,462,0,47,8246,1,0,1
738184,507,0,3618,9793,1,0,1
738185,462,0,5785,9784,1,0,0
738186,65535,255,6235,-7992,0,0,0
738187,460,0,4426,-8029,1,0,1
738188,531,0,1282,-8099,1,0,1
738189,546,0,2574,9786,1,0,1
738190,445,0,5198,9786,1,0,1
738191,65535,255,6655,-8000,0,0,1
738192,503,0,5145,-8043,1,0,1
738193,596,0,2503,-8138,1,0,0
738194,420,0,1365,9785,1,0,0
738195,492,0,4484,9798,1,0,0
738196,65535,255,6276,9787,0,0,0
738197,442,0,5740,-7994,1,0,1
738198,537,0,3551,-8020,1,0,1
738199,65535,255,40,10463,0,0,0
738200,647,0,3614,9819,1,0,1
738201,759,0,5785,9801,1,0,1
738202,65535,255,6237,-8011,0,0,0
738203,65535,255,4429,-8067,0,0,0
738204,65535,255,1282,-8252,0,0,0
738205,65535,255,2573,9871,0,0,0
738206,65535,255,5197,9827,0,0,0
738207,65535,255,6654,-7977,0,0,0
738208,65535,255,5145,-8011,0,0,0
738209,65535,255,2498,-8074,0,0,0
738210,405,0,1366,9662,1,0,1
738211,425,0,4485,9814,1,0,1
738212,519,0,6277,9772,1,0,0
738213,65535,255,5742,-8049,0,0,0
738214,354,0,3547,-8002,1,0,1
738215,443,0,45,9665,1,0,0
738216,65535,255,3622,9819,0,0,0
738217,592,0,5787,9801,1,0,1
738218,65535,255,6236,-8015,0,0,0
738219,487,0,4426,-8080,1,0,1
738220,65535,255,1277,-7941,0,0,0
738221,65535,255,2578,9921,0,0,0
738222,587,0,5201,9812,1,0,1
738223,65535,255,6653,-7996,0,0,0
738224,65535,255,5145,-8043,0,0,0
738225,65535,255,2494,-8162,0,0,0
738226,65535,255,1371,9858,0,0,0
738227,0,0,0,0,0,0,0
738228,0,0,0,0,0,0,0
738229,0,0,0,0,0,0,0
738230,0,0,0,0,0,0,0
738231,65535,255,62,7515,0,0,0
738232,65535,255,3631,9785,0,0,0
738233,0,0,0,0,0,0,0
738234,65535,255,6232,-8007,0,0,0
738235,65535,255,4419,-8067,0,0,0
738236,65535,255,1260,-7912,0,0,0
738237,65535,255,2593,9921,0,0,0
738238,65535,255,5211,9777,0,0,0
738239,65535,255,6650,-7999,0,0,0
738240,65535,255,5136,-8057,0,0,0
738241,568,0,2479,-8008,1,0,1
738242,65535,255,1388,9978,0,0,0
738243,65535,255,4500,9862,0,0,0
738244,65535,255,6289,9772,0,0,0
738245,575,0,5727,-7989,1,0,1
738246,65535,255,3529,-8036,0,0,0
738247,396,0,79,11876,1,0,0
738248,65535,255,3643,9876,0,0,0
738249,65535,255,5804,9772,0,0,0
738250,417,0,6224,-7996,1,0,1
738251,625,0,4405,-8054,1,0,0
738252,431,0,1237,-7881,1,0,1
738253,490,0,2613,9921,1,0,1
738254,638,0,5223,9782,1,0,0
738255,65535,255,6641,-7957,0,0,0
738256,65535,255,5123,-8042,0,0,0
738257,65535,255,2454,-8048,0,0,0
738258,65535,255,1416,9716,0,0,0
738259,65535,255,4520,9793,0,0,0
738260,65535,255,6297,9795,0,0,0
738261,65535,255,5717,-8019,0,0,0
738262,518,0,3508,-8105,1,0,1
738263,0,0,0,0,0,0,0
738264,65535,255,3667,9827,0,0,0
738265,65535,255,5814,9818,0,0,0
738266,65535,255,6212,-7981,0,0,0
738267,592,0,4382,-8035,1,0,1
738268,603,0,1209,-8263,1,0,0
738269,65535,255,2639,9909,0,0,0
738270,65535,255,5236,9777,0,0,0
738271,65535,255,6630,-7960,0,0,0
738272,351,0,5104,-8002,1,0,1
738273,65535,255,2423,-8087,0,0,0
738274,65535,255,1451,9790,0,0,0
738275,0,0,0,0,0,0,0
738276,65535,255,6307,9798,0,0,0
738277,997,0,5705,-8037,1,0,0
738278,65535,255,3486,-8037,0,0,0
738279,65535,255,137,8592,0,0,0
738280,0,0,0,0,0,0,0
738281,65535,255,5818,9772,0,0,0
738282,0,0,0,0,0,0,0
738283,0,0,0,0,0,0,0
738284,65535,255,1214,-8263,0,0,0
738285,65535,255,2634,9764,0,0,0
738286,65535,255,5230,9818,0,0,0
738287,1624,0,6635,-7993,1,0,1
738288,458,0,5113,-7996,1,0,1
738289,512,0,2448,-8125,1,0,1
738290,65535,255,1418,9953,0,0,0
738291,519,0,4519,9793,1,0,1
738292,65535,255,6294,9814,0,0,0
738293,65535,255,5717,-7989,0,0,0
738294,492,0,3515,-8088,1,0,1
738295,65535,255,93,10494,0,0,0
738296,321,0,3651,9805,1,0,1
738297,65535,255,5801,9810,0,0,0
738298,527,0,6221,-7992,1,0,0
738299,65535,255,4401,-8080,0,0,0
738300,240,2,1242,-8153,1,0,0
738301,65535,255,2605,9922,0,0,0
738302,65535,255,5214,9808,0,0,0
738303,683,0,6644,-7992,1,0,1
738304,65535,255,5127,-7996,0,0,0
738305,65535,255,2473,-8137,0,0,0
738306,65535,255,1389,10004,0,0,0
738307,65535,255,4499,9812,0,0,0
738308,65535,255,6286,9773,0,0,0
738309,65535,255,5731,-8010,0,0,0
738310,65535,255,3532,-8011,0,0,0
738311,65535,255,76,6563,0,0,0
738312,65535,255,3628,9828,0,0,0
738313,65535,255,5792,9781,0,0,0
738314,786,2,6230,-7995,1,0,1
738315,65535,255,4418,-8047,0,0,0
738316,65535,255,1269,-8020,0,0,0
738317,0,0,0,0,0,0,0
738318,0,0,0,0,0,0,0
738319,65535,255,6651,-7982,0,0,0
738320,65535,255,5144,-8052,0,0,0
738321,65535,255,2492,-8048,0,0,0
738322,596,2,1367,9811,1,0,0
738323,65535,255,4481,9850,0,0,0
738324,65535,255,6275,9785,0,0,0
738325,951,0,5743,-8018,1,0,1
738326,65535,255,3554,-8010,0,0,0
738327,65535,255,52,11635,0,0,0
738328,0,0,0,0,0,0,0
738329,1069,0,5780,9824,1,0,1
738330,65535,255,6240,-7999,0,0,0
738331,296,0,4438,-8092,1,0,1
738332,65535,255,1298,-8175,0,0,0
738333,65535,255,2555,9912,0,0,0
738334,664,0,5187,9804,1,0,1
738335,65535,255,6662,-7982,0,0,0
738336,596,0,5161,-8062,1,0,0
738337,65535,255,2526,-8085,0,0,0
738338,65535,255,1333,9885,0,0,0
738339,0,0,0,0,0,0,0
738340,0,0,0,0,0,0,0
738341,65535,255,5757,-8044,0,0,0
738342,584,0,3579,-8070,1,0,0
738343,65535,255,7,928,0,0,0
738344,396,2,3585,9871,1,0,0
738345,65535,255,5767,9798,0,0,0
738346,65535,255,6250,-7979,0,0,0
738347,175,2,4455,-8059,1,0,0
738348,431,0,1326,-8073,1,0,1
738349,65535,255,2530,9875,0,0,0
738350,65535,255,5173,9788,0,0,0
738351,65535,255,6670,-7978,0,0,0
738352,65535,255,5175,-8056,0,0,0
738353,65535,255,2551,-8085,0,0,0
738354,0,0,0,0,0,0,0
738355,65535,255,4449,9787,0,0,0
738356,849,0,6255,9811,1,0,1
738357,65535,255,5765,-7992,0,0,0
738358,456,0,3599,-8095,1,0,0
738359,545,0,32,-11017,1,0,1
738360,688,0,3570,9785,1,0,1
738361,417,0,5759,9819,1,0,0
738362,821,0,6261,-8002,1,0,1
738363,821,0,4470,-8002,1,0,1
738364,0,0,0,0,0,0,0
738365,0,0,0,0,0,0,0
738366,0,0,0,0,0,0,0
738367,0,0,0,0,0,0,0
738368,0,0,0,0,0,0,0
738369,0,0,0,0,0,0,0
738370,0,0,0,0,0,0,0
738371,0,0,0,0,0,0,0
738372,0,0,0,0,0,0,0
738373,65535,255,5775,-7991,0,0,0
738374,0,0,0,0,0,0,0
738375,0,0,0,0,0,0,0
738376,385,0,3556,9803,1,0,1
738377,0,0,0,0,0,0,0
738378,0,0,0,0,0,0,0
738379,0,0,0,0,0,0,0
738380,0,0,0,0,0,0,0
738381,0,0,0,0,0,0,0
738382,0,0,0,0,0,0,0
738383,0,0,0,0,0,0,0
738384,0,0,0,0,0,0,0
738385,0,0,0,0,0,0,0
738386,0,0,0,0,0,0,0
738387,0,0,0,0,0,0,0
738388,0,0,0,0,0,0,0
738389,0,0,0,0,0,0,0
738390,0,0,0,0,0,0,0
738391,0,0,0,0,0,0,0
738392,0,0,0,0,0,0,0
738393,0,0,0,0,0,0,0
738394,0,0,0,0,0,0,0
738395,0,0,0,0,0,0,0
738396,0,0,0,0,0,0,0
738397,65535,255,2482,9874,0,0,0
738398,65535,255,5146,9798,0,0,0
738399,65535,255,6662,9769,0,0,0
738400,65535,255,5199,-8014,0,0,0
738401,395,0,2590,-8010,1,0,1
738402,65535,255,1260,9806,0,0,0
738403,65535,255,4419,9843,0,0,0
738404,65535,255,6238,9811,0,0,0
738405,584,2,5784,-8003,1,0,1
738406,65535,255,3629,-8002,0,0,0
738407,65535,255,75,-5677,0,0,0
738408,387,0,3535,9863,1,0,1
738409,65535,255,5740,9803,0,0,0
738410,732,2,6274,-7996,1,0,1
738411,527,2,4491,-8008,1,0,0
738412,525,0,1388,-7950,1,0,1
738413,65535,255,2477,9862,0,0,0
738414,65535,255,5140,9799,0,0,0
738415,65535,255,6659,9769,0,0,0
738416,152,2,5200,-8019,1,0,0
738417,232,2,2595,-8034,1,0,0
738418,65535,255,1254,9885,0,0,0
738419,65535,255,4419,9801,0,0,0
738420,511,0,6239,9774,1,0,0
738421,65535,255,5785,-8029,0,0,0
738422,65535,255,3629,-8067,0,0,0
738423,65535,255,70,-9375,0,0,0
738424,65535,255,3535,9812,0,0,0
738425,65535,255,5740,9782,0,0,0
738426,0,0,0,0,0,0,0
738427,65535,255,4491,-8089,0,0,0
738428,65535,255,1382,-7901,0,0,0
738429,65535,255,2482,9850,0,0,0
738430,791,0,5143,9799,1,0,0
738431,65535,255,6660,9776,0,0,0
738432,65535,255,5197,-8034,0,0,0
738433,65535,255,2590,-8083,0,0,0
738434,624,0,1260,10017,1,0,0
738435,544,2,4418,9839,1,0,1
738436,65535,255,6238,9801,0,0,0
738437,65535,255,5780,-7998,0,0,0
738438,619,2,3625,-8018,1,0,1
738439,65535,255,64,-6893,0,0,0
738440,65535,255,3544,9778,0,0,0
738441,65535,255,5745,9769,0,0,0
738442,65535,255,6267,-7978,0,0,0
738443,844,0,4485,-8095,1,0,1
738444,476,0,1376,-8046,1,0,0
738445,514,0,2487,9773,1,0,0
738446,843,0,5143,9795,1,0,1
738447,65535,255,6659,9787,0,0,0
738448,65535,255,5203,-8022,0,0,0
738449,65535,255,2600,-8033,0,0,0
738450,65535,255,1240,9910,0,0,0
738451,65535,255,4409,9776,0,0,0
738452,1089,0,6231,9782,1,0,0
738453,65535,255,5793,-7994,0,0,0
738454,65535,255,3650,-8052,0,0,0
738455,65535,255,110,-9361,0,0,0
738456,65535,255,3509,9891,0,0,0
738457,1114,0,5725,9783,1,0,1
738458,65535,255,6287,-8003,0,0,0
738459,65535,255,4519,-8070,0,0,0
738460,65535,255,1433,-7980,0,0,0
738461,65535,255,2436,9760,0,0,0
738462,767,0,5117,9795,1,0,1
738463,1159,0,6644,9791,1,0,0
738464,803,0,5229,-8008,1,0,1
738465,65535,255,2645,-8094,0,0,0
738466,65535,255,1191,9779,0,0,0
738467,380,0,4377,9822,1,0,1
738468,65535,255,6214,9814,0,0,0
738469,913,0,5815,-8040,1,0,1
738470,65535,255,3685,-8019,0,0,0
738471,495,0,153,-9154,1,0,0
738472,65535,255,3475,9892,0,0,0
738473,414,0,5706,9784,1,0,1
738474,65535,255,6303,-8009,0,0,0
738475,720,0,4546,-8087,1,0,1
738476,65535,255,1472,-8096,0,0,0
738477,65535,255,2402,9839,0,0,0
738478,950,0,5096,9832,1,0,1
738479,65535,255,6634,9787,0,0,0
738480,65535,255,5243,-8032,0,0,0
738481,220,0,2665,-8014,1,0,0
738482,65535,255,1181,9745,0,0,0
738483,65535,255,4370,9843,0,0,0
738484,499,0,6212,9783,1,0,0
738485,1126,0,5817,-8030,1,0,1
738486,578,0,3685,-8038,1,0,0
738487,65535,255,141,-7120,0,0,0
738488,65535,255,3487,9862,0,0,0
738489,65535,255,5714,9788,0,0,0
738490,65535,255,6295,-7978,0,0,0
738491,586,0,4532,-8060,1,0,1
738492,65535,255,1445,-8099,0,0,0
738493,279,0,2426,9900,1,0,0
738494,728,0,5116,9802,1,0,1
738495,766,2,6646,9764,1,0,0
738496,65535,255,5226,-8001,0,0,0
738497,562,0,2641,-8158,1,0,0
738498,65535,255,1215,9666,0,0,0
738499,65535,255,4394,9830,0,0,0
738500,700,0,6226,9783,1,0,0
738501,283,0,5802,-8036,1,0,0
738502,572,0,3658,-8062,1,0,0
738503,65535,255,105,-8039,0,0,0
738504,481,0,3517,9874,1,0,1
738505,65535,255,5731,9814,0,0,0
738506,65535,255,6282,-8003,0,0,0
738507,604,0,4506,-8017,1,0,1
738508,574,0,1406,-7933,1,0,0
738509,65535,255,2465,9823,0,0,0
738510,65535,255,5139,9776,0,0,0
738511,65535,255,6659,9778,0,0,0
738512,542,0,5206,-8068,1,0,1
738513,592,0,2601,-8136,1,0,1
738514,65535,255,1260,9647,0,0,0
738515,515,0,4420,9837,1,0,1
738516,263,0,6242,9790,1,0,0
738517,714,0,5782,-8033,1,0,1
738518,65535,255,3621,-8096,0,0,0
738519,65535,255,61,-11372,0,0,0
738520,65535,255,3555,9819,0,0,0
738521,504,0,5753,9784,1,0,0
