sdate,line_t,line_tmq,line_tvza,line_tvaa,line_tm2,line_QFDNB,line_tm_buf
735235,1006,0,3096,9834,1,0,1
735236,65535,255,4943,9498,0,0,0
735237,865,0,4774,-7018,1,0,1
735238,65535,255,2962,-7433,0,0,0
735239,774,0,412,-7761,1,0,1
735240,658,0,2316,9868,1,0,0
735241,65535,255,4414,9617,0,0,0
735242,233,2,5227,-6930,1,0,0
735243,96,2,3640,-7193,1,0,0
735244,65535,255,1316,-7463,0,0,0
735245,820,0,1463,9922,1,0,1
735246,357,2,3808,9780,1,0,0
735247,65535,255,5419,9397,0,0,0
735248,65535,255,4237,-7146,0,0,0
735249,615,2,2162,-7393,1,0,0
735250,975,0,552,9675,1,0,1
735251,677,0,3114,9782,1,0,1
735252,864,0,4953,9503,1,0,1
735253,65535,255,4766,-7031,0,0,0
735254,65535,255,2952,-7349,0,0,0
735255,65535,255,402,-7104,0,0,1
735256,65535,255,2316,9967,0,0,0
735257,65535,255,4411,9662,0,0,0
735258,65535,255,5227,-6879,0,0,0
735259,857,0,3648,-7241,1,0,1
735260,65535,255,1333,-7588,0,0,0
735261,1020,0,1440,10016,1,0,1
735262,65535,255,3793,9688,0,0,0
735263,65535,255,5406,9415,0,0,0
735264,65535,255,4259,-7162,0,0,0
735265,882,0,2194,-7405,1,0,1
735266,961,0,509,10160,1,0,1
735267,65535,255,3082,9866,0,0,0
735268,1119,0,4930,9523,1,0,1
735269,65535,255,4786,-7009,0,0,1
735270,65535,255,2981,-7324,0,0,0
735271,700,0,444,-7081,1,0,1
735272,65535,255,2279,9972,0,0,0
735273,993,0,4387,9667,1,0,1
735274,893,0,5242,-6894,1,0,1
735275,784,0,3676,-7268,1,0,1
735276,65535,255,1367,-7681,0,0,0
735277,65535,255,1406,10162,0,0,0
735278,1091,0,3765,9740,1,0,1
735279,1133,0,5387,9376,1,0,1
735280,873,0,4277,-7117,1,0,1
735281,1018,0,2226,-7562,1,0,1
735282,792,0,475,9883,1,0,1
735283,65535,255,3054,9840,0,0,0
735284,1050,0,4913,9510,1,0,1
735285,792,0,4800,-7005,1,0,1
735286,65535,255,3005,-7320,0,0,0
735287,65535,255,472,-7187,0,0,0
735288,1017,0,2253,9990,1,0,1
735289,65535,255,4371,9587,0,0,0
735290,65535,255,5256,-6906,0,0,0
735291,65535,255,3692,-7280,0,0,0
735292,780,0,1395,-7700,1,0,1
735293,65535,255,1378,10142,0,0,0
735294,65535,255,3745,9727,0,0,0
735295,906,0,5371,9438,1,0,1
735296,789,0,4292,-7093,1,0,1
735297,854,0,2252,-7484,1,0,1
735298,65535,255,441,10613,0,0,0
735299,0,0,0,0,0,0,0
735300,65535,255,4896,9558,0,0,0
735301,65535,255,4818,-7040,0,0,0
735302,562,2,3028,-7389,1,0,1
735303,648,0,505,-7545,1,0,1
735304,65535,255,2226,10052,0,0,0
735305,65535,255,4350,9610,0,0,0
735306,322,2,5270,-6926,1,0,1
735307,65535,255,3712,-7196,0,0,0
735308,1107,0,1418,-7482,1,0,1
735309,1197,0,1350,9950,1,0,1
735310,65535,255,3721,9778,0,0,0
735311,65535,255,5358,9417,0,0,0
735312,956,0,4310,-7130,1,0,1
735313,65535,255,2274,-7467,0,0,0
735314,1007,0,418,10722,1,0,1
735315,792,0,3008,9795,1,0,1
735316,65535,255,4884,9494,0,0,0
735317,65535,255,4827,-6987,0,0,0
735318,65535,255,3047,-7303,0,0,0
735319,65535,255,524,-7167,0,0,0
735320,65535,255,2205,9997,0,0,0
735321,65535,255,4335,9593,0,0,0
735322,65535,255,5278,-6918,0,0,0
735323,65535,255,3724,-7202,0,0,0
735324,786,0,1440,-7550,1,0,1
735325,1195,0,1327,10051,1,0,0
735326,65535,255,3709,9725,0,0,0
735327,991,0,5350,9425,1,0,1
735328,65535,255,4321,-7135,0,0,0
735329,65535,255,2289,-7408,0,0,0
735330,590,2,400,10497,1,0,0
735331,65535,255,2998,9786,0,0,0
735332,65535,255,4875,9497,0,0,0
735333,684,2,4836,-7002,1,0,0
735334,920,0,3056,-7353,1,0,1
735335,873,2,539,-7609,1,0,1
735336,65535,255,2195,9881,0,0,0
735337,826,0,4327,9661,1,0,1
735338,951,0,5286,-6907,1,0,1
735339,1016,0,3732,-7201,1,0,1
735340,65535,255,1452,-7595,0,0,0
735341,65535,255,1321,10153,0,0,0
735342,951,0,3705,9775,1,0,1
735343,783,0,5347,9421,1,0,1
735344,65535,255,4324,-7107,0,0,0
735345,433,0,2294,-7366,1,0,0
735346,65535,255,394,10421,0,0,0
735347,65535,255,2993,9797,0,0,0
735348,65535,255,4874,9514,0,0,0
735349,954,0,4839,-7034,1,0,1
735350,65535,255,3059,-7392,0,0,0
735351,65535,255,542,-7246,0,0,0
735352,65535,255,2194,10044,0,0,0
735353,65535,255,4330,9641,0,0,0
735354,65535,255,5285,-6902,0,0,0
735355,65535,255,3736,-7201,0,0,0
735356,796,0,1452,-7642,1,0,1
735357,919,0,1321,10001,1,0,1
735358,65535,255,3708,9703,0,0,0
735359,1143,0,5352,9381,1,0,1
735360,65535,255,4328,-7173,0,0,0
735361,883,0,2294,-7549,1,0,1
735362,618,0,399,10336,1,0,1
735363,65535,255,2997,9809,0,0,0
735364,65535,255,4879,9530,0,0,0
735365,743,0,6131,9210,1,0,1
735366,1030,0,3056,-7343,1,0,1
735367,1100,0,534,-7798,1,0,1
735368,1001,0,2205,9999,1,0,1
735369,65535,255,4338,9634,0,0,0
735370,65535,255,5771,9283,0,0,0
735371,65535,255,6745,8977,0,0,0
735372,957,2,1435,-7436,1,0,1
735373,65535,255,1332,10102,0,0,0
735374,1023,0,3716,9790,1,0,1
735375,65535,255,5356,9448,0,0,0
735376,722,0,6458,9104,1,0,1
735377,65535,255,-32768,-32768,0,65535,1
735378,65535,255,418,10610,0,0,0
735379,65535,255,3011,9890,0,0,0
735380,917,0,4889,9501,1,0,1
735381,1048,0,6138,9197,1,0,1
735382,0,0,0,0,0,0,0
735383,65535,255,-32768,-32768,0,65535,0
735384,65535,255,2221,10055,0,0,0
735385,1196,0,4349,9671,1,0,1
735386,65535,255,5777,9315,0,0,0
735387,65535,255,6752,8961,0,0,1
735388,65535,255,-32768,-32768,0,65535,1
735389,65535,255,-32768,-32768,0,65535,0
735390,882,0,3732,9803,1,0,1
735391,940,0,5370,9387,1,0,1
735392,706,0,6468,9064,1,0,0
735393,0,0,0,0,0,0,0
735394,65535,255,-32768,-32768,0,65535,1
735395,65535,255,3035,9825,0,0,0
735396,896,0,4902,9519,1,0,1
735397,862,0,6149,9189,1,0,1
735398,65535,255,7014,8871,0,0,1
735399,65535,255,-32768,-32768,0,65535,1
735400,65535,255,-32768,-32768,0,65535,1
735401,764,0,4367,9601,1,0,1
735402,65535,255,5791,9273,0,0,0
735403,65535,255,6758,8984,0,0,1
735404,0,0,0,0,0,0,0
735405,65535,255,-32768,-32768,0,65535,1
735406,853,0,3753,9759,1,0,1
735407,65535,255,5382,9410,0,0,0
735408,599,0,6476,9061,1,0,1
735409,0,0,0,0,0,0,0
735410,65535,255,-32768,-32768,0,65535,1
735411,674,0,3059,9852,1,0,0
735412,65535,255,4919,9500,0,0,0
735413,65535,255,6159,9208,0,0,0
735414,65535,255,7022,8846,0,0,1
735415,65535,255,-32768,-32768,0,65535,1
735416,1058,0,2279,10002,1,0,1
735417,867,0,4388,9675,1,0,1
735418,65535,255,5803,9310,0,0,0
735419,65535,255,6769,8976,0,0,1
735420,65535,255,-32768,-32768,0,65535,1
735421,758,0,1423,9973,1,0,1
735422,65535,255,3781,9786,0,0,0
735423,65535,255,5401,9393,0,0,0
735424,648,0,6487,9078,1,0,1
735425,65535,255,-32768,-32768,0,65535,1
735426,65535,255,523,9719,0,0,0
735427,797,0,3092,9788,1,0,1
735428,720,2,4940,9494,1,0,1
735429,577,0,6173,9196,1,0,1
735430,65535,255,-32768,-32768,0,65535,1
735431,743,0,407,-7359,1,0,1
735432,65535,255,2316,9941,0,0,0
735433,65535,255,4408,9632,0,0,0
735434,65535,255,5815,9299,0,0,0
735435,65535,255,6776,8954,0,0,1
735436,971,0,1328,-7715,3,0,1
735437,708,0,1440,10110,1,0,1
735438,65535,255,3789,9698,0,0,0
735439,65535,255,5404,9412,0,0,0
735440,742,0,6487,9088,1,0,1
735441,784,0,2195,-7580,1,0,1
735442,926,0,517,9779,1,0,1
735443,65535,255,3083,9789,0,0,0
735444,761,0,4931,9538,1,0,1
735445,848,0,6167,9190,1,0,1
735446,838,0,2976,-7344,1,0,1
735447,924,0,438,-7076,3,0,1
735448,746,0,2284,9944,1,0,1
735449,853,0,4391,9642,1,0,1
735450,672,0,5803,9311,1,0,1
735451,859,0,3664,-7211,1,0,1
735452,962,0,1356,-7462,1,0,1
735453,65535,255,1418,9902,0,0,0
735454,65535,255,3769,9765,0,0,0
735455,65535,255,5393,9386,0,0,0
735456,1093,0,4270,-7111,1,0,1
735457,1156,0,2216,-7518,1,0,1
735458,958,0,485,9974,1,0,1
735459,891,0,3064,9779,1,0,1
735460,65535,255,4919,9560,0,0,0
735461,65535,255,4796,-7039,0,0,0
735462,1064,0,2995,-7373,1,0,1
735463,65535,255,459,-7390,0,0,0
735464,943,0,2263,10020,1,0,1
735465,65535,255,4377,9588,0,0,1
735466,500,0,5251,-6906,1,0,0
735467,738,0,3684,-7289,1,0,0
735468,894,0,1379,-7751,1,0,1
735469,65535,255,1388,10191,0,0,0
735470,65535,255,3757,9751,0,0,0
735471,859,0,5384,9384,1,0,1
735472,928,0,4284,-7121,1,0,1
735473,756,0,2236,-7544,1,0,1
735474,935,0,464,9953,1,0,1
735475,826,0,3049,9854,1,0,1
735476,65535,255,4909,9519,0,0,0
735477,787,0,4806,-7008,1,0,1
735478,839,0,3009,-7339,1,0,1
735479,65535,255,477,-7261,0,0,0
735480,1232,0,2253,10007,1,0,1
735481,801,0,4370,9596,1,0,1
735482,65535,255,5258,-6918,0,0,0
735483,830,0,3691,-7199,1,0,1
735484,847,0,1390,-7508,1,0,1
735485,65535,255,1383,9999,0,0,0
735486,761,0,3749,9698,1,0,1
735487,1109,2,5378,9429,1,0,1
735488,710,0,4291,-7099,1,0,1
735489,1239,0,2247,-7527,1,0,1
735490,65535,255,458,9878,0,0,0
735491,717,0,3040,9855,1,0,1
735492,65535,255,4907,9525,0,0,0
735493,894,0,4812,-7024,1,0,1
735494,1239,0,3018,-7379,1,0,1
735495,65535,255,481,-7676,0,0,0
735496,915,0,2248,9892,1,0,1
735497,884,0,4367,9656,1,0,1
735498,822,0,5261,-6893,1,0,1
735499,65535,255,3700,-7293,0,0,0
735500,872,0,1395,-7459,1,0,1
735501,797,0,1377,10001,1,0,1
735502,65535,255,3749,9706,0,0,0
735503,1102,0,5376,9444,1,0,1
735504,65535,255,4295,-7132,0,0,0
735505,65535,255,2247,-7398,0,0,0
735506,65535,255,452,10461,0,0,0
735507,65535,255,3040,9794,0,0,0
735508,65535,255,4906,9504,0,0,0
735509,353,2,4812,-7012,1,0,0
735510,65535,255,3018,-7378,0,0,0
735511,65535,255,482,-7812,0,0,0
735512,65535,255,2247,9936,0,0,0
735513,65535,255,4367,9628,0,0,0
735514,65535,255,5259,-6927,0,0,0
735515,65535,255,3696,-7230,0,0,0
735516,859,0,1395,-7698,1,0,1
735517,65535,255,1384,9879,0,0,0
735518,892,0,3749,9690,1,0,1
735519,65535,255,5379,9444,0,0,0
735520,65535,255,4288,-7140,0,0,0
735521,65535,255,2242,-7455,0,0,0
735522,805,0,465,9740,1,0,1
735523,897,0,3045,9865,1,0,1
735524,890,0,4910,9558,1,0,1
735525,65535,255,4803,-6990,0,0,0
735526,761,0,3004,-7359,1,0,0
735527,65535,255,470,-7818,0,0,0
735528,65535,255,2258,9978,0,0,0
735529,65535,255,4374,9615,0,0,0
735530,65535,255,5251,-6885,0,0,0
735531,767,0,3680,-7183,1,0,1
735532,65535,255,1378,-7605,0,0,0
735533,999,0,1397,10107,1,0,1
735534,65535,255,3761,9704,0,0,0
735535,65535,255,5388,9389,0,0,0
735536,787,0,4275,-7124,1,0,0
735537,842,0,2221,-7364,1,0,1
735538,65535,255,481,10512,0,0,0
735539,834,0,3064,9852,1,0,1
735540,65535,255,4920,9527,0,0,0
735541,65535,255,4790,-7010,0,0,0
735542,792,0,2986,-7425,1,0,1
735543,879,0,442,-7306,1,0,1
735544,65535,255,2285,9904,0,0,0
735545,1004,0,4391,9600,1,0,1
735546,65535,255,5237,-6887,0,0,0
735547,65535,255,3661,-7210,0,0,0
735548,1015,0,1347,-7515,1,0,0
735549,998,0,1423,10091,1,0,1
735550,1105,0,3781,9750,1,0,1
735551,1267,0,5401,9385,1,0,1
735552,65535,255,4252,-7098,0,0,0
735553,65535,255,2189,-7447,0,0,0
735554,65535,255,521,10100,0,0,0
735555,65535,255,3092,9819,0,0,0
735556,65535,255,4941,9516,0,0,1
735557,0,0,0,0,0,0,0
735558,65535,255,2957,-7419,0,0,0
735559,65535,255,408,-7195,0,0,0
735560,65535,255,2311,9901,0,0,0
735561,65535,255,4405,9591,0,0,0
735562,65535,255,5226,-6874,0,0,0
735563,820,0,3651,-7293,1,0,1
735564,1024,0,1333,-7660,1,0,1
735565,929,0,1434,9974,1,0,1
735566,1001,0,3785,9748,1,0,1
735567,730,0,5398,9430,1,0,1
735568,65535,255,4259,-7144,0,0,0
735569,847,0,2200,-7519,1,0,1
735570,65535,255,504,10365,0,0,0
735571,877,0,3078,9851,1,0,1
735572,1170,0,4929,9483,1,0,1
735573,797,0,4784,-7028,1,0,1
735574,792,0,2981,-7309,1,0,1
735575,809,0,441,-7828,1,0,1
735576,977,0,2279,10034,1,0,1
735577,819,0,4384,9672,1,0,1
735578,881,0,5240,-6876,1,0,1
735579,759,0,3672,-7208,1,0,1
735580,838,0,1362,-7409,1,0,1
735581,830,0,1406,10165,1,0,1
735582,1019,0,3765,9712,1,0,1
735583,695,0,5387,9424,1,0,1
735584,743,0,4274,-7154,1,0,1
735585,787,0,2221,-7369,1,0,1
735586,884,0,481,9824,1,0,1
735587,846,0,3064,9802,1,0,0
735588,65535,255,4917,9514,0,0,0
735589,65535,255,4796,-7042,0,0,0
735590,718,0,2995,-7370,1,0,1
735591,65535,255,459,-7315,0,0,0
735592,65535,255,2268,9978,0,0,0
735593,65535,255,4378,9667,0,0,0
735594,65535,255,5248,-6884,0,0,0
735595,710,0,3680,-7247,1,0,1
735596,65535,255,1372,-7604,0,0,0
735597,65535,255,1394,10049,0,0,0
735598,832,0,3761,9698,1,0,1
735599,663,2,5387,9424,1,0,0
735600,971,0,4281,-7173,1,0,1
735601,65535,255,2226,-7441,0,0,0
735602,65535,255,475,10379,0,0,0
735603,0,0,0,0,0,0,0
735604,65535,255,4915,9548,0,0,0
735605,65535,255,4799,-7036,0,0,0
735606,1011,2,3000,-7379,1,0,1
735607,732,2,464,-7604,1,0,1
735608,65535,255,2268,9865,0,0,0
735609,419,0,4380,9622,1,0,0
735610,65535,255,5250,-6864,0,0,0
735611,1056,0,3680,-7230,1,0,1
735612,327,0,1373,-7628,1,0,0
735613,65535,255,1400,10120,0,0,1
735614,848,0,3764,9745,1,0,1
735615,65535,255,5389,9386,0,0,0
735616,65535,255,4277,-7140,0,0,0
735617,356,0,2220,-7413,1,0,1
735618,65535,255,481,10379,0,0,0
735619,65535,255,3061,9860,0,0,0
735620,65535,255,4922,9486,0,0,0
735621,1153,0,4793,-6974,1,0,1
735622,65535,255,2995,-7411,0,0,0
735623,1049,0,453,-7530,1,0,1
735624,1208,0,2268,10022,1,0,1
735625,1022,0,4383,9590,1,0,1
735626,65535,255,5247,-6894,0,0,0
735627,927,0,3680,-7262,1,0,1
735628,65535,255,1373,-7627,0,0,0
735629,65535,255,1400,10073,0,0,0
735630,553,0,3765,9698,1,0,1
735631,811,0,5389,9419,1,0,1
735632,65535,255,4277,-7166,0,0,0
735633,65535,255,2220,-7427,0,0,0
735634,65535,255,481,10240,0,0,0
735635,65535,255,3064,9783,0,0,0
735636,590,0,4919,9564,1,0,0
735637,65535,255,4796,-7048,0,0,0
735638,827,0,2995,-7401,1,0,1
735639,65535,255,458,-7675,0,0,0
735640,0,0,0,0,0,0,0
735641,865,0,4381,9629,1,0,1
735642,65535,255,5245,-6869,0,0,0
735643,65535,255,3676,-7238,0,0,0
735644,908,0,1367,-7629,1,0,1
735645,65535,255,1406,10143,0,0,0
735646,65535,255,3769,9745,0,0,0
735647,65535,255,5393,9385,0,0,0
735648,173,2,4270,-7140,1,0,0
735649,65535,255,2215,-7398,0,0,0
735650,884,0,492,10371,1,0,1
735651,65535,255,3068,9867,0,0,0
735652,1061,0,4925,9485,1,0,1
735653,875,0,4787,-6991,1,0,1
735654,65535,255,2981,-7319,0,0,0
735655,65535,255,442,-7303,0,0,0
735656,65535,255,2284,9964,0,0,0
735657,65535,255,4391,9633,0,0,0
735658,674,2,5236,-6890,1,0,1
735659,65535,255,3664,-7297,0,0,0
735660,65535,255,1344,-7508,0,0,0
735661,65535,255,1429,10093,0,0,0
735662,65535,255,3781,9759,0,0,0
735663,65535,255,5401,9411,0,0,0
735664,1010,2,4252,-7103,1,0,1
735665,1486,0,2189,-7371,1,0,1
735666,65535,255,516,10487,0,0,0
735667,1124,0,3092,9831,1,0,1
735668,980,0,4940,9542,1,0,1
735669,65535,255,4771,-6983,0,0,0
735670,876,0,2957,-7353,1,0,1
735671,1001,0,408,-7192,1,0,1
735672,1397,0,2306,9988,1,0,1
735673,1368,0,4405,9580,1,0,1
735674,896,0,5228,-6902,1,0,1
735675,1083,0,3652,-7290,1,0,1
735676,1037,0,1339,-7432,1,0,1
735677,65535,255,1427,10000,0,0,0
735678,878,0,3777,9783,1,0,1
735679,65535,255,5396,9408,0,0,0
735680,65535,255,4263,-7161,0,0,0
735681,65535,255,2210,-7456,0,0,0
735682,65535,255,487,10576,0,0,0
735683,1024,0,3064,9804,1,0,0
735684,231,2,4920,9509,1,0,0
735685,65535,255,4793,-7007,0,0,0
735686,1136,0,2995,-7358,1,0,1
735687,1360,0,464,-7605,1,0,1
735688,65535,255,2264,9908,0,0,0
735689,65535,255,4371,9670,0,0,0
735690,712,2,5251,-6911,1,0,0
735691,65535,255,3684,-7211,0,0,0
735692,65535,255,1384,-7625,0,0,0
735693,65535,255,1383,10220,0,0,0
735694,800,2,3745,9780,1,0,0
735695,65535,255,5373,9443,0,0,0
735696,959,0,4288,-7136,1,0,1
735697,65535,255,2247,-7452,0,0,0
735698,1411,0,453,9734,1,0,1
735699,65535,255,3035,9891,0,0,0
735700,1125,0,4901,9502,1,0,1
735701,65535,255,4812,-7007,0,0,0
735702,65535,255,3023,-7395,0,0,0
735703,980,0,499,-7952,1,0,1
735704,840,0,2232,10072,1,0,1
735705,979,0,4353,9661,1,0,1
735706,674,0,5267,-6926,1,0,1
735707,799,0,3708,-7264,1,0,1
735708,65535,255,1412,-7503,0,0,0
735709,602,0,1355,10178,1,0,1
735710,65535,255,3733,9688,0,0,0
735711,65535,255,5365,9392,0,0,0
735712,65535,255,4303,-7093,0,0,0
735713,964,0,2262,-7420,1,0,1
735714,65535,255,429,9787,0,0,0
735715,877,0,3018,9864,1,0,1
735716,65535,255,4892,9532,0,0,0
735717,65535,255,4820,-6989,0,0,0
735718,65535,255,3037,-7403,0,0,0
735719,891,2,506,-7344,1,0,1
735720,962,0,2226,9942,1,0,1
735721,65535,255,4349,9623,0,0,0
735722,65535,255,5778,9285,0,0,0
735723,1385,0,3716,-7263,1,0,1
735724,1216,0,1423,-7571,1,0,1
735725,65535,255,1349,9956,0,0,0
735726,65535,255,3724,9761,0,0,0
735727,65535,255,5362,9447,0,0,0
735728,65535,255,6461,9087,0,0,0
735729,951,0,2268,-7434,1,0,1
735730,1038,0,429,10096,1,0,1
735731,65535,255,3017,9831,0,0,0
735732,717,0,4892,9494,1,0,1
735733,767,0,6140,9205,1,0,1
735734,65535,255,7007,8865,0,0,1
735735,855,0,512,-7346,1,0,1
735736,917,0,2221,9972,1,0,1
735737,714,0,4349,9663,1,0,1
735738,939,0,5778,9320,1,0,1
735739,65535,255,6751,8973,0,0,0
735740,0,0,0,0,0,0,0
735741,65535,255,1355,9955,0,0,0
735742,65535,255,3728,9784,0,0,0
735743,715,2,5365,9398,1,0,1
735744,65535,255,6464,9081,0,0,0
735745,65535,255,-32768,-32768,0,65535,1
735746,65535,255,-32768,-32768,0,65535,0
735747,65535,255,3026,9809,0,0,0
735748,65535,255,4895,9493,0,0,0
735749,65535,255,6143,9211,0,0,0
735750,65535,255,7011,8851,0,0,0
735751,65535,255,-32768,-32768,0,65535,0
735752,65535,255,2237,9869,0,0,0
735753,65535,255,4356,9622,0,0,0
735754,65535,255,5783,9301,0,0,0
735755,65535,255,6754,8966,0,0,0
735756,0,0,0,0,0,0,0
735757,65535,255,-32768,-32768,0,65535,1
735758,1087,0,3737,9799,1,0,1
735759,704,0,5370,9416,1,0,1
735760,711,0,6468,9101,1,0,1
735761,0,0,0,0,0,0,0
735762,65535,255,-32768,-32768,0,65535,1
735763,65535,255,-32768,-32768,0,65535,0
735764,65535,255,4904,9558,0,0,0
735765,65535,255,6149,9201,0,0,0
735766,0,0,0,0,0,0,0
735767,65535,255,-32768,-32768,0,65535,0
735768,65535,255,-32768,-32768,0,65535,0
735769,827,0,4367,9646,1,0,1
735770,771,0,5788,9325,1,0,1
735771,65535,255,6758,8989,0,0,1
735772,0,0,0,0,0,0,0
735773,0,0,0,0,0,0,0
735774,65535,255,3753,9764,0,0,0
735775,65535,255,5382,9398,0,0,0
735776,65535,255,6474,9095,0,0,0
735777,0,0,0,0,0,0,0
735778,65535,255,-32768,-32768,0,65535,1
735779,65535,255,-32768,-32768,0,65535,0
735780,969,0,4916,9489,1,0,1
735781,65535,255,6156,9209,0,0,0
735782,0,0,0,0,0,0,0
735783,65535,255,-32768,-32768,0,65535,0
735784,65535,255,-32768,-32768,0,65535,0
735785,65535,255,4378,9618,0,0,0
735786,1018,0,5796,9276,1,0,1
735787,65535,255,6762,8977,0,0,1
735788,65535,255,-32768,-32768,0,65535,1
735789,65535,255,-32768,-32768,0,65535,1
735790,65535,255,3757,9693,0,0,0
735791,1021,0,5384,9393,1,0,1
735792,65535,255,6476,9069,0,0,0
735793,65535,255,-32768,-32768,0,65535,1
735794,65535,255,475,10033,0,0,0
735795,915,0,3055,9796,1,0,1
735796,960,0,4913,9544,1,0,1
735797,933,0,6154,9173,1,0,1
735798,65535,255,7017,8856,0,0,1
735799,730,0,464,-7531,1,0,1
735800,65535,255,2258,9982,0,0,0
735801,789,0,4374,9644,1,0,1
735802,65535,255,5793,9298,0,0,0
735803,65535,255,6760,8953,0,0,0
735804,65535,255,1378,-7649,0,0,0
735805,647,2,1394,10003,1,0,0
735806,65535,255,3757,9772,0,0,0
735807,711,0,5382,9416,1,0,1
735808,65535,255,6474,9076,0,0,0
735809,707,2,2226,-7424,1,0,1
735810,854,0,470,9960,1,0,1
735811,1189,0,3045,9846,1,0,1
735812,65535,255,4911,9498,0,0,0
735813,65535,255,6155,9204,0,0,0
735814,65535,255,2990,-7391,0,0,0
735815,843,0,447,-7380,1,0,1
735816,1131,0,2284,9976,1,0,1
735817,825,0,4395,9657,1,0,1
735818,65535,255,5812,9316,0,0,0
735819,804,2,3644,-7228,1,0,1
735820,65535,255,1322,-7620,0,0,0
735821,65535,255,1445,10044,0,0,0
735822,65535,255,3793,9763,0,0,0
735823,65535,255,5406,9433,0,0,0
735824,65535,255,4249,-7139,0,0,0
735825,855,0,2189,-7505,1,0,1
735826,65535,255,515,10166,0,0,0
735827,646,0,3087,9811,3,0,1
735828,680,0,4935,9543,1,0,1
735829,65535,255,4777,-6989,0,0,0
735830,65535,255,2972,-7384,0,0,0
735831,65535,255,431,-8046,0,0,0
735832,1062,0,2295,9862,1,0,0
735833,65535,255,4395,9581,0,0,0
735834,65535,255,5237,-6871,0,0,0
735835,1021,0,3661,-7219,1,0,1
735836,65535,255,1350,-7681,0,0,0
735837,65535,255,1422,9999,0,0,0
735838,65535,255,3777,9759,0,0,0
735839,909,0,5395,9437,1,0,1
735840,666,2,4267,-7155,1,0,1
735841,733,0,2216,-7559,1,0,1
735842,65535,255,493,10572,0,0,0
735843,1116,0,3068,9874,1,0,1
735844,1100,0,4925,9502,1,0,1
735845,663,0,4793,-7049,1,0,1
735846,65535,255,2990,-7350,0,0,0
735847,65535,255,453,-8040,0,0,0
735848,65535,255,2274,9863,0,0,0
735849,65535,255,4384,9596,0,0,0
735850,688,0,5247,-6889,1,0,1
735851,65535,255,3676,-7223,0,0,0
735852,767,0,1367,-7457,1,0,0
735853,65535,255,1384,9902,0,0,0
735854,65535,255,3753,9695,0,0,0
735855,955,0,5381,9378,1,0,1
735856,812,0,4288,-7162,1,0,1
735857,65535,255,2241,-7515,0,0,0
735858,65535,255,463,10096,0,0,0
735859,65535,255,3047,9831,0,0,0
735860,65535,255,4909,9512,0,0,0
735861,65535,255,4806,-7038,0,0,0
735862,65535,255,3009,-7288,0,0,0
735863,949,0,476,-7401,1,0,1
735864,1196,0,2258,9904,1,0,1
735865,65535,255,4374,9588,0,0,0
735866,65535,255,5255,-6872,0,0,0
735867,65535,255,3692,-7297,0,0,0
735868,1247,0,1383,-7582,1,0,1
735869,861,0,1389,9998,1,0,1
735870,835,0,3757,9751,1,0,1
735871,699,0,5384,9421,1,0,1
735872,65535,255,4284,-7116,0,0,0
735873,65535,255,2236,-7473,0,0,0
735874,835,0,463,10167,1,0,1
735875,672,2,3044,9822,1,0,1
735876,65535,255,4907,9557,0,0,0
735877,65535,255,4811,-7019,0,0,0
735878,65535,255,3018,-7297,0,0,0
735879,65535,255,487,-7744,0,0,0
735880,65535,255,2237,10052,0,0,0
735881,744,0,4360,9657,1,0,1
735882,65535,255,5266,-6898,0,0,0
735883,65535,255,3708,-7253,0,0,0
735884,65535,255,1412,-7554,0,0,0
735885,65535,255,1361,9951,0,0,0
735886,555,0,3729,9772,1,0,1
735887,65535,255,5365,9393,0,0,0
735888,65535,255,4321,-7168,0,0,0
735889,65535,255,2284,-7388,0,0,0
735890,65535,255,417,9847,0,0,0
735891,65535,255,3012,9800,0,0,0
735892,863,0,4886,9555,1,0,0
735893,65535,255,4826,-7039,0,0,0
735894,1038,0,3038,-7352,1,0,1
735895,1168,0,507,-7162,1,0,1
735896,913,0,2231,9945,1,0,1
735897,875,0,4356,9644,1,0,1
735898,65535,255,5264,-6875,0,0,0
735899,65535,255,3700,-7228,0,0,0
735900,65535,255,1395,-7539,0,0,0
735901,1204,0,1383,9968,1,0,1
735902,1004,0,3752,9695,1,0,1
735903,1006,0,5382,9373,1,0,1
735904,65535,255,4289,-7181,0,0,0
735905,1123,0,2237,-7392,1,0,1
735906,1039,0,464,9801,1,0,0
735907,65535,255,3045,9776,0,0,0
735908,65535,255,4907,9540,0,0,0
735909,65535,255,4806,-7009,0,0,0
735910,856,0,3011,-7346,1,0,1
735911,854,0,482,-7683,1,0,1
735912,943,0,2247,10030,1,0,1
735913,65535,255,4365,9630,0,0,0
735914,65535,255,5259,-6885,0,0,0
735915,65535,255,3696,-7236,0,0,0
735916,571,0,1412,-7541,1,0,0
735917,1039,0,1361,9964,1,0,1
735918,65535,255,3731,9731,0,0,0
735919,769,0,5365,9406,1,0,1
735920,65535,255,4307,-7161,0,0,0
735921,625,0,2268,-7421,1,0,1
735922,1165,0,422,10237,1,0,1
735923,65535,255,3012,9889,0,0,0
735924,1064,0,4886,9540,1,0,1
735925,859,0,4827,-7042,1,0,1
735926,65535,255,3047,-7396,0,0,0
735927,826,2,522,-7685,1,0,0
735928,65535,255,2211,9884,0,0,0
735929,65535,255,4339,9642,0,0,0
735930,65535,255,5278,-6890,0,0,0
735931,65535,255,3728,-7276,0,0,0
735932,65535,255,1435,-7399,0,0,1
735933,0,0,0,0,0,0,0
735934,65535,255,3714,9691,0,0,0
735935,65535,255,5352,9438,0,0,0
735936,65535,255,4321,-7125,0,0,0
735937,65535,255,2289,-7405,0,0,0
735938,65535,255,400,10487,0,0,0
735939,65535,255,2998,9798,0,0,0
735940,65535,255,4877,9515,0,0,0
735941,65535,255,4839,-7034,0,0,0
735942,65535,255,3056,-7425,0,0,0
735943,902,0,541,-8114,1,0,1
735944,65535,255,2200,9989,0,0,0
735945,829,0,4331,9611,1,0,1
735946,65535,255,5285,-6883,0,0,0
735947,65535,255,3736,-7298,0,0,0
735948,65535,255,1446,-7561,0,0,0
735949,65535,255,1321,10195,0,0,0
735950,729,0,3707,9722,1,0,1
735951,772,0,5350,9400,1,0,1
735952,839,0,4325,-7164,1,0,0
735953,1153,0,2294,-7531,1,0,1
735954,65535,255,399,10328,0,0,0
735955,65535,255,2997,9819,0,0,0
735956,683,0,4877,9548,1,0,1
735957,65535,255,4835,-7007,0,0,0
735958,824,0,3056,-7414,1,0,1
735959,1119,0,529,-7307,1,0,1
735960,869,0,2205,9915,1,0,1
735961,1218,0,4338,9603,1,0,1
735962,871,0,5282,-6904,1,0,1
735963,893,0,3728,-7243,1,0,1
735964,846,0,1434,-7492,1,0,1
735965,1020,0,1332,10192,1,0,1
735966,1043,0,3721,9707,1,0,1
735967,65535,255,5360,9408,0,0,0
735968,921,0,4317,-7139,1,0,1
735969,952,0,2279,-7533,1,0,1
735970,795,0,417,10559,1,0,1
735971,65535,255,3016,9880,0,0,0
735972,65535,255,4892,9507,0,0,0
735973,724,0,4826,-6981,1,0,0
735974,65535,255,3042,-7397,0,0,0
735975,829,0,511,-7427,1,0,1
735976,1198,0,2227,9971,1,0,1
735977,721,0,4352,9654,1,0,1
735978,977,0,5271,-6873,1,0,0
735979,830,0,3712,-7214,1,0,1
735980,65535,255,1412,-7470,0,0,0
735981,65535,255,1365,9984,0,0,0
735982,755,0,3740,9752,1,0,1
735983,65535,255,5376,9371,0,0,0
735984,65535,255,4298,-7102,0,0,0
735985,804,0,2252,-7494,1,0,1
735986,65535,255,452,10526,0,0,0
735987,899,0,3040,9897,1,0,1
735988,1078,0,4910,9531,1,0,1
735989,762,0,4808,-7024,1,0,1
735990,929,0,3009,-7339,1,0,1
735991,65535,255,475,-7913,0,0,0
735992,1044,0,2258,9939,1,0,1
735993,0,0,0,0,0,0,0
735994,65535,255,5253,-6882,0,0,0
735995,1088,0,3683,-7243,1,0,0
735996,1243,0,1372,-7592,1,0,1
735997,1041,0,1406,10059,1,0,1
735998,938,0,3769,9700,1,0,1
735999,65535,255,5392,9425,0,0,0
736000,65535,255,4273,-7154,0,0,0
736001,65535,255,2215,-7382,0,0,0
736002,65535,255,487,9953,0,0,0
736003,621,0,3064,9832,1,0,0
736004,1058,0,4922,9496,1,0,1
736005,862,0,4797,-7041,1,0,1
736006,866,0,3000,-7435,3,0,1
736007,1046,0,459,-7831,3,0,0
736008,902,0,2268,9881,3,0,1
736009,65535,255,4381,9629,0,0,0
736010,65535,255,5256,-6944,0,0,0
736011,65535,255,3687,-7226,0,0,0
736012,65535,255,1378,-7567,0,0,0
736013,992,0,1394,10037,1,0,1
736014,892,0,3757,9702,1,0,1
736015,918,0,5384,9432,1,0,1
736016,755,2,4284,-7097,1,0,1
736017,65535,255,2236,-7510,0,0,0
736018,1239,0,471,9665,1,0,1
736019,65535,255,3049,9813,0,0,0
736020,65535,255,4910,9503,0,0,0
736021,943,0,4806,-7007,1,0,1
736022,65535,255,3009,-7338,0,0,0
736023,65535,255,477,-7342,0,0,0
736024,65535,255,2253,10040,0,0,0
736025,986,0,4371,9612,1,0,1
736026,1022,0,5259,-6943,1,0,1
736027,967,0,3696,-7240,1,0,1
736028,65535,255,1390,-7662,0,0,0
736029,977,0,1377,10184,1,0,1
736030,1252,0,3749,9767,1,0,1
736031,993,0,5379,9409,1,0,1
736032,1100,0,4292,-7183,1,0,0
736033,988,0,2241,-7524,1,0,1
736034,65535,255,458,9871,0,0,0
736035,830,0,3040,9877,1,0,1
736036,908,0,4907,9548,1,0,1
736037,65535,255,4809,-7062,0,0,0
736038,65535,255,3014,-7306,0,0,0
736039,65535,255,483,-7274,0,0,0
736040,65535,255,2250,9926,0,0,0
736041,589,2,4368,9639,1,0,1
736042,65535,255,5259,-6898,0,0,0
736043,65535,255,3694,-7253,0,0,0
736044,65535,255,1389,-7566,0,0,0
736045,0,0,0,0,0,0,0
736046,65535,255,3749,9775,0,0,0
736047,65535,255,5379,9424,0,0,0
736048,0,0,0,0,0,0,0
736049,65535,255,2236,-7409,0,0,0
736050,1079,0,464,10655,1,0,1
736051,981,0,3045,9845,1,0,1
736052,986,0,4910,9548,1,0,1
736053,921,0,4803,-6989,1,0,1
736054,65535,255,3005,-7359,0,0,0
736055,1095,0,470,-7827,1,0,1
736056,1204,0,2258,9982,1,0,1
736057,926,0,4375,9624,1,0,1
736058,65535,255,5251,-6900,0,0,0
736059,65535,255,3684,-7217,0,0,0
736060,65535,255,1378,-7711,0,0,0
736061,984,0,1400,10013,1,0,1
736062,931,0,3761,9750,1,0,1
736063,1019,0,5387,9422,1,0,1
736064,1137,0,4277,-7132,1,0,1
736065,65535,255,2220,-7483,0,0,0
736066,1253,0,486,10089,1,0,1
736067,1268,0,3064,9791,1,0,1
736068,65535,255,4922,9534,0,0,0
736069,893,0,4790,-6998,1,0,1
736070,873,0,2986,-7404,1,0,1
736071,65535,255,443,-7164,0,0,0
736072,65535,255,2284,9909,0,0,0
736073,65535,255,4391,9602,0,0,0
736074,753,0,5239,-6903,1,0,1
736075,1004,0,3664,-7237,1,0,1
736076,1107,0,1344,-7470,1,0,1
736077,65535,255,1429,10198,0,0,0
736078,1244,0,3785,9714,1,0,1
736079,65535,255,5403,9418,0,0,0
736080,65535,255,4259,-7155,0,0,0
736081,0,0,0,0,0,0,0
736082,65535,255,523,9710,0,0,0
736083,65535,255,3096,9768,0,0,0
736084,65535,255,4943,9536,0,0,0
736085,0,0,0,0,0,0,0
736086,65535,255,2962,-7355,0,0,0
736087,0,0,0,0,0,0,0
736088,0,0,0,0,0,0,0
736089,65535,255,4405,9619,0,0,0
736090,65535,255,5812,9305,0,0,0
736091,869,0,3660,-7294,1,0,1
736092,880,0,1344,-7619,1,0,1
736093,1111,0,1429,9941,1,0,1
736094,899,0,3781,9747,1,0,1
736095,636,0,5398,9430,1,0,1
736096,886,0,6487,9065,1,0,1
736097,65535,255,2210,-7558,0,0,0
736098,865,0,494,10625,1,0,1
736099,65535,255,3073,9893,0,0,0
736100,65535,255,4928,9517,0,0,0
736101,840,0,6166,9153,1,0,0
736102,65535,255,-32768,-32768,0,256,1
736103,893,2,448,-7319,1,0,1
736104,65535,255,2274,9953,0,0,0
736105,65535,255,4384,9636,0,0,0
736106,65535,255,5802,9301,0,0,0
736107,65535,255,6767,8954,0,0,1
736108,65535,255,-32768,-32768,0,65535,0
736109,65535,255,1400,10109,0,0,0
736110,65535,255,3765,9695,0,0,0
736111,907,0,5387,9408,1,0,1
736112,1098,0,6478,9085,1,0,1
736113,65535,255,-32768,-32768,0,65535,1
736114,65535,255,-32768,-32768,0,65535,1
736115,775,0,3054,9783,1,0,1
736116,65535,255,4913,9548,0,0,0
736117,65535,255,6157,9182,0,0,0
736118,65535,255,7020,8831,0,0,1
736119,65535,255,-32768,-32768,0,65535,1
736120,65535,255,-32768,-32768,0,65535,1
736121,949,0,4371,9626,1,0,1
736122,65535,255,5792,9299,0,0,0
736123,0,0,0,0,0,0,0
736124,65535,255,-32768,-32768,0,65535,0
736125,65535,255,-32768,-32768,0,65535,1
736126,761,0,3749,9745,1,0,1
736127,65535,255,5379,9367,0,0,0
736128,65535,255,6472,9062,0,0,0
736129,0,0,0,0,0,0,0
736130,65535,255,-32768,-32768,0,65535,1
736131,65535,255,-32768,-32768,0,65535,1
736132,65535,255,4904,9550,0,0,0
736133,65535,255,6149,9193,0,0,0
736134,65535,255,7016,8836,0,0,1
736135,65535,255,-32768,-32768,0,65535,1
736136,65535,255,-32768,-32768,0,65535,1
736137,842,0,4364,9588,1,0,1
736138,65535,255,5785,9279,0,0,0
736139,65535,255,6755,8949,0,0,1
736140,0,0,0,0,0,0,0
736141,65535,255,-32768,-32768,0,65535,1
736142,65535,255,3737,9762,0,0,0
736143,851,0,5371,9388,1,0,0
736144,65535,255,6468,9084,0,0,0
736145,0,0,0,0,0,0,0
736146,65535,255,-32768,-32768,0,65535,1
736147,65535,255,3030,9869,0,0,1
736148,65535,255,4898,9530,0,0,0
736149,65535,255,6145,9182,0,0,0
736150,65535,255,7012,8831,0,0,1
736151,65535,255,-32768,-32768,0,65535,1
736152,936,0,2232,10031,1,0,1
736153,936,0,4356,9602,1,0,1
736154,639,0,5781,9297,1,0,1
736155,65535,255,6752,8967,0,0,1
736156,65535,255,-32768,-32768,0,65535,1
736157,845,0,1360,10041,1,0,0
736158,822,0,3737,9714,1,0,1
736159,1132,0,5368,9437,1,0,1
736160,539,0,6465,9071,1,0,1
736161,65535,255,-32768,-32768,0,65535,1
736162,65535,255,440,10017,0,0,0
736163,823,0,3026,9869,1,0,1
736164,693,0,4895,9536,3,0,1
736165,767,0,6144,9190,1,0,1
736166,65535,255,7010,8843,0,0,1
736167,963,0,499,-7752,1,0,1
736168,908,2,2232,9900,1,0,0
736169,65535,255,4353,9655,0,0,0
736170,797,2,5782,9267,1,0,1
736171,65535,255,6753,8949,0,0,1
736172,994,0,1407,-7443,1,0,1
736173,950,0,1367,9967,1,0,1
736174,1073,0,3738,9689,1,0,1
736175,65535,255,5369,9431,0,0,0
736176,710,0,6465,9067,1,0,1
736177,65535,255,2256,-7513,0,0,0
736178,847,0,446,10158,1,0,1
736179,810,0,3031,9900,1,0,1
736180,707,0,4898,9557,1,0,1
736181,717,0,4814,-7053,1,0,1
736182,65535,255,3019,-7304,0,0,0
736183,779,0,489,-7212,1,0,1
736184,1182,0,2237,10015,1,0,1
736185,65535,255,4361,9614,0,0,0
736186,65535,255,5261,-6872,0,0,0
736187,65535,255,3700,-7262,0,0,0
736188,774,0,1401,-7754,1,0,1
736189,791,0,1373,9918,1,0,1
736190,792,0,3745,9689,1,0,0
736191,820,0,5374,9436,1,0,1
736192,65535,255,4292,-7128,0,0,0
736193,1187,0,2247,-7392,1,0,1
736194,598,2,452,10453,1,0,0
736195,65535,255,3041,9795,0,0,0
736196,699,0,4904,9506,1,0,1
736197,65535,255,4809,-7021,0,0,0
736198,65535,255,3014,-7398,0,0,0
736199,65535,255,482,-7892,0,0,0
736200,65535,255,2247,9970,0,0,0
736201,710,0,4368,9594,1,0,0
736202,709,0,5259,-6941,1,0,1
736203,1140,2,3692,-7255,1,0,1
736204,939,0,1385,-7529,1,0,1
736205,865,0,1389,9966,1,0,1
736206,843,0,3753,9713,1,0,1
736207,752,0,5382,9381,1,0,1
736208,65535,255,4285,-7162,0,0,0
736209,65535,255,2236,-7494,0,0,0
736210,665,0,470,9876,1,0,0
736211,771,0,3054,9887,1,0,1
736212,65535,255,4917,9476,0,0,0
736213,65535,255,4799,-7000,0,0,0
736214,789,0,2999,-7369,1,0,1
736215,1226,0,464,-7759,1,0,1
736216,65535,255,2269,9953,0,0,0
736217,65535,255,4384,9598,0,0,0
736218,65535,255,5247,-6887,0,0,0
736219,65535,255,3679,-7289,0,0,0
736220,65535,255,1367,-7493,0,0,0
736221,65535,255,1406,10109,0,0,0
736222,65535,255,3769,9774,0,0,0
736223,65535,255,5392,9423,0,0,0
736224,65535,255,4273,-7118,0,0,0
736225,65535,255,2215,-7424,0,0,0
736226,847,0,500,9695,1,0,1
736227,895,0,3073,9863,1,0,1
736228,728,0,4931,9474,1,0,1
736229,65535,255,4789,-7003,0,0,0
736230,65535,255,2980,-7383,0,0,0
736231,821,0,447,-7837,1,0,1
736232,743,0,2285,9865,1,0,1
736233,1048,0,4391,9608,1,0,1
736234,65535,255,5247,-6922,0,0,1
736235,65535,255,3675,-7308,0,0,0
736236,65535,255,1365,-7641,0,0,0
736237,753,0,1406,10202,1,0,1
736238,65535,255,3769,9740,0,0,0
736239,65535,255,5392,9373,0,0,0
736240,65535,255,4277,-7106,0,0,0
736241,835,0,2225,-7511,1,0,1
736242,65535,255,483,9607,0,0,0
736243,65535,255,3063,9791,0,0,0
736244,65535,255,4922,9479,0,0,0
736245,65535,255,4802,-7059,0,0,0
736246,65535,255,3004,-7412,0,0,0
736247,65535,255,464,-7687,0,0,0
736248,844,0,2269,9867,1,0,1
736249,635,2,4381,9624,1,0,0
736250,65535,255,5255,-6939,0,0,0
736251,65535,255,3688,-7217,0,0,0
736252,65535,255,1378,-7541,0,0,0
736253,65535,255,1395,10013,0,0,0
736254,1009,2,3761,9694,1,0,1
736255,65535,255,5384,9428,0,0,0
736256,785,0,4284,-7100,1,0,1
736257,65535,255,2236,-7510,0,0,0
736258,65535,255,471,9665,0,0,0
736259,862,0,3054,9813,1,0,1
736260,794,0,4916,9503,1,0,1
736261,815,0,4805,-7001,1,0,1
736262,802,0,3009,-7327,1,0,1
736263,771,0,471,-7266,1,0,1
736264,705,0,2258,10026,1,0,1
736265,65535,255,4374,9606,0,0,0
736266,65535,255,5256,-6933,0,0,0
736267,504,0,3688,-7225,1,0,1
736268,794,0,1384,-7614,1,0,1
736269,775,0,1389,10135,1,0,1
736270,1016,0,3753,9743,1,0,1
736271,65535,255,5382,9391,0,0,0
736272,909,0,4288,-7156,1,0,1
736273,939,0,2236,-7451,1,0,1
736274,65535,255,464,10588,0,0,0
736275,790,0,3050,9896,1,0,1
736276,771,0,4910,9521,1,0,1
736277,952,0,4806,-6989,1,0,1
736278,724,0,3014,-7420,1,0,1
736279,65535,255,476,-7546,0,0,0
736280,1112,0,2248,9999,1,0,1
736281,675,0,4364,9667,1,0,1
736282,65535,255,5259,-6878,0,0,0
736283,65535,255,3696,-7222,0,0,0
736284,65535,255,1395,-7468,0,0,0
736285,65535,255,1372,9908,0,0,0
736286,65535,255,3741,9753,0,0,0
736287,65535,255,5373,9391,0,0,0
736288,65535,255,4296,-7094,0,0,0
736289,65535,255,2252,-7477,0,0,0
736290,1136,0,446,10383,1,0,1
736291,65535,255,3031,9889,0,0,0
736292,1095,0,4899,9524,1,0,1
736293,65535,255,4815,-7008,0,0,0
736294,765,0,3024,-7313,1,0,1
736295,835,0,499,-8014,1,0,1
736296,1154,0,2232,9900,1,0,1
736297,65535,255,4353,9636,0,0,0
736298,723,0,5267,-6943,1,0,1
736299,866,0,3708,-7212,1,0,1
736300,1035,0,1412,-7490,1,0,1
736301,65535,255,1361,9943,0,0,0
736302,659,0,3729,9788,1,0,1
736303,65535,255,5366,9399,0,0,0
736304,65535,255,4303,-7151,0,0,0
736305,65535,255,2263,-7389,0,0,0
736306,65535,255,434,10086,0,0,0
736307,65535,255,3022,9860,0,0,0
736308,65535,255,4893,9520,0,0,0
736309,65535,255,4818,-7013,0,0,0
736310,773,0,3033,-7332,1,0,1
736311,65535,255,506,-7224,0,0,0
736312,65535,255,2227,9973,0,0,0
736313,749,0,4350,9625,1,0,1
736314,65535,255,5270,-6903,0,0,0
736315,730,0,3712,-7291,1,0,1
736316,65535,255,1415,-7566,0,0,0
736317,819,0,1352,10079,1,0,1
736318,772,0,3725,9773,1,0,1
736319,683,0,5363,9400,1,0,1
736320,951,0,4306,-7157,1,0,1
736321,922,0,2263,-7432,1,0,0
736322,65535,255,429,10471,0,0,0
736323,65535,255,3021,9792,0,0,0
736324,719,0,4893,9482,1,0,1
736325,908,0,4821,-6978,1,0,1
736326,813,0,3033,-7291,1,0,1
736327,710,0,506,-8142,1,0,1
736328,783,0,2227,9974,1,0,1
736329,65535,255,4353,9584,0,0,0
736330,143,2,5269,-6923,1,0,0
736331,65535,255,3708,-7211,0,0,0
736332,65535,255,1412,-7560,0,0,0
736333,0,0,0,0,0,0,0
736334,65535,255,3733,9732,0,0,0
736335,65535,255,5369,9385,0,0,0
736336,65535,255,4303,-7145,0,0,0
736337,585,0,2262,-7433,1,0,1
736338,65535,255,441,10536,0,0,0
736339,65535,255,3031,9797,0,0,0
736340,65535,255,4898,9503,0,0,0
736341,1001,2,4818,-7007,1,0,1
736342,689,0,3028,-7364,1,0,1
736343,757,0,493,-7617,1,0,1
736344,740,0,2237,9886,1,0,1
736345,65535,255,4360,9656,0,0,0
736346,767,0,5266,-6904,1,0,1
736347,892,0,3704,-7214,1,0,1
736348,760,0,1401,-7537,1,0,1
736349,727,0,1372,10090,1,0,1
736350,795,0,3745,9746,1,0,1
736351,726,0,5376,9398,1,0,1
736352,65535,255,4295,-7173,0,0,0
736353,841,0,2246,-7506,1,0,1
736354,759,0,458,9872,1,0,1
736355,991,0,3044,9868,1,0,1
736356,657,0,4907,9552,1,0,1
736357,65535,255,4809,-7023,0,0,0
736358,65535,255,3013,-7314,0,0,0
736359,628,0,476,-7404,1,0,1
736360,65535,255,2259,9856,0,0,0
736361,65535,255,4374,9647,0,0,0
736362,65535,255,5258,-6907,0,0,0
736363,226,2,3691,-7206,1,0,0
736364,850,0,1384,-7612,1,0,1
736365,956,0,1389,10184,1,0,1
736366,65535,255,3761,9776,0,0,0
736367,65535,255,5387,9430,0,0,0
736368,520,0,4280,-7129,1,0,0
736369,652,0,2225,-7421,1,0,1
736370,759,2,476,10648,1,0,1
736371,811,0,3063,9835,1,0,1
736372,65535,255,4921,9537,0,0,0
736373,578,0,4799,-7063,1,0,0
736374,65535,255,2995,-7327,0,0,0
736375,65535,255,453,-7541,0,0,0
736376,65535,255,2279,9911,0,0,0
736377,65535,255,4391,9586,0,0,0
736378,65535,255,5247,-6940,0,0,0
736379,858,0,3672,-7266,1,0,1
736380,810,0,1356,-7467,1,0,1
736381,774,0,1423,10083,1,0,1
736382,65535,255,3781,9765,0,0,0
736383,65535,255,5400,9422,0,0,0
736384,65535,255,4262,-7119,0,0,0
736385,65535,255,2199,-7395,0,0,0
736386,704,0,510,10285,1,0,1
736387,65535,255,3082,9902,0,0,0
736388,0,0,0,0,0,0,0
736389,65535,255,4783,-7055,0,0,0
736390,500,0,2971,-7425,1,0,1
736391,65535,255,430,-7994,0,0,0
736392,806,0,2300,9937,1,0,1
736393,835,0,4401,9647,1,0,1
736394,65535,255,5233,-6907,0,0,0
736395,293,2,3656,-7308,1,0,1
736396,728,0,1333,-7468,1,0,1
736397,791,0,1440,9989,1,0,1
736398,752,0,3793,9700,1,0,1
736399,65535,255,5407,9397,0,0,0
736400,709,0,4252,-7113,3,0,0
736401,65535,255,2189,-7587,0,0,0
736402,65535,255,527,10155,0,0,0
736403,65535,255,3096,9890,0,0,0
736404,65535,255,4946,9471,0,0,0
736405,65535,255,4774,-7062,0,0,0
736406,65535,255,2957,-7289,0,0,0
736407,818,0,409,-7040,1,0,1
736408,772,0,2316,10019,1,0,1
736409,975,0,4415,9607,1,0,1
736410,827,0,5224,-6945,1,0,1
736411,719,0,3640,-7254,1,0,1
736412,65535,255,1316,-7722,0,0,0
736413,886,0,1463,9895,1,0,1
736414,65535,255,3805,9769,0,0,0
736415,837,0,5415,9423,1,0,1
736416,65535,255,4241,-7115,0,0,0
736417,65535,255,2173,-7426,0,0,0
736418,738,0,535,9721,1,0,1
736419,65535,255,3101,9869,0,0,0
736420,65535,255,4944,9477,0,0,0
736421,65535,255,4770,-7005,0,0,0
736422,65535,255,2962,-7394,0,0,0
736423,65535,255,419,-8162,0,0,0
736424,65535,255,2301,10050,0,0,0
736425,65535,255,4402,9648,0,0,0
736426,502,2,5230,-6917,1,0,1
736427,953,0,3652,-7235,1,0,1
736428,566,2,1334,-7476,1,0,1
736429,65535,255,1434,10037,0,0,0
736430,698,0,3786,9764,1,0,1
736431,857,0,5401,9422,1,0,1
736432,749,2,4259,-7131,1,0,1
736433,65535,255,2199,-7467,0,0,0
736434,917,0,504,9960,1,0,1
736435,65535,255,3079,9772,0,0,1
736436,65535,255,4929,9514,0,0,0
736437,65535,255,4787,-7053,0,0,0
736438,808,0,2981,-7328,1,0,1
736439,65535,255,441,-7762,0,0,0
736440,65535,255,2285,9869,0,0,0
736441,65535,255,4392,9574,0,0,0
736442,65535,255,5242,-6944,0,0,0
736443,65535,255,3672,-7296,0,0,0
736444,765,0,1355,-7590,1,0,1
736445,837,0,1412,9897,1,0,1
736446,927,0,3770,9720,1,0,1
736447,628,0,5390,9410,1,0,1
736448,65535,255,4270,-7116,0,0,0
736449,711,0,2215,-7451,1,0,1
736450,65535,255,487,10022,0,0,0
736451,65535,255,3064,9784,0,0,0
736452,499,0,4919,9533,1,0,1
736453,612,0,4793,-6988,1,0,1
736454,588,0,2995,-7388,1,0,1
736455,937,0,457,-7645,1,0,1
736456,953,2,2269,9870,1,0,1
736457,65535,255,4382,9588,0,0,0
736458,65535,255,5798,9301,0,0,0
736459,65535,255,3679,-7206,0,0,0
736460,0,0,0,0,0,0,0
736461,0,0,0,0,0,0,0
736462,65535,255,3761,9792,0,0,0
736463,65535,255,5387,9382,0,0,0
736464,65535,255,6478,9059,0,0,0
736465,984,0,2231,-7405,1,0,1
736466,677,0,475,9885,1,0,1
736467,65535,255,3055,9775,0,0,0
736468,65535,255,4916,9534,0,0,0
736469,65535,255,6158,9166,0,0,0
736470,65535,255,7019,8849,0,0,1
736471,645,0,464,-7468,1,0,0
736472,579,0,2263,9971,1,0,1
736473,65535,255,4377,9636,0,0,0
736474,830,0,5795,9293,1,0,1
736475,65535,255,6762,8949,0,0,1
736476,65535,255,-32768,-32768,0,65535,1
736477,712,0,1389,9993,1,0,1
736478,576,0,3757,9778,1,0,1
736479,65535,255,5385,9378,0,0,0
736480,65535,255,6476,9060,0,0,0
736481,65535,255,-32768,-32768,0,65535,1
736482,65535,255,-32768,-32768,0,65535,0
736483,65535,255,3050,9828,0,0,0
736484,65535,255,4913,9480,0,0,0
736485,65535,255,6155,9190,0,0,0
736486,65535,255,7019,8855,0,0,1
736487,65535,255,-32768,-32768,0,65535,0
736488,65535,255,-32768,-32768,0,65535,0
736489,65535,255,4374,9603,0,0,0
736490,65535,255,5795,9276,0,0,0
736491,65535,255,6762,8963,0,0,1
736492,65535,255,-32768,-32768,0,65535,0
736493,65535,255,-32768,-32768,0,65535,0
736494,65535,255,3756,9770,0,0,0
736495,895,0,5384,9379,1,0,1
736496,871,0,6477,9063,1,0,1
736497,0,0,0,0,0,0,0
736498,65535,255,-32768,-32768,0,65535,1
736499,687,0,3049,9861,1,0,1
736500,65535,255,4913,9507,0,0,0
736501,760,0,6155,9186,1,0,1
736502,0,0,0,0,0,0,0
736503,65535,255,-32768,-32768,0,65535,1
736504,65535,255,-32768,-32768,0,65535,1
736505,595,0,4374,9667,1,0,1
736506,714,0,5795,9318,1,0,1
736507,65535,255,6763,8972,0,0,1
736508,65535,255,-32768,-32768,0,65535,1
736509,65535,255,-32768,-32768,0,65535,1
736510,65535,255,3757,9762,0,0,0
736511,559,2,5384,9379,1,0,0
736512,725,0,6478,9066,1,0,1
736513,65535,255,-32768,-32768,0,65535,1
736514,65535,255,-32768,-32768,0,65535,1
736515,65535,255,3054,9889,0,0,0
736516,685,0,4916,9523,1,0,1
736517,586,0,6158,9170,1,0,1
736518,65535,255,7020,8861,0,0,1
736519,65535,255,-32768,-32768,0,65535,0
736520,560,0,2268,9869,1,0,1
736521,587,2,4378,9615,1,0,1
736522,600,0,5796,9288,1,0,1
736523,65535,255,6764,8951,0,0,0
736524,65535,255,-32768,-32768,0,65535,1
736525,659,0,1394,10160,1,0,1
736526,824,0,3761,9722,1,0,1
736527,661,0,5384,9432,1,0,1
736528,609,0,6478,9055,1,0,1
736529,65535,255,-32768,-32768,0,65535,1
736530,620,0,481,10368,1,0,0
736531,549,0,3059,9888,1,0,1
736532,65535,255,4919,9528,0,0,0
736533,65535,255,6160,9173,0,0,0
736534,65535,255,7022,8865,0,0,1
736535,568,0,459,-8115,1,0,0
736536,618,0,2274,9927,1,0,1
736537,65535,255,4381,9640,0,0,0
736538,577,0,5798,9313,1,0,1
736539,666,0,3676,-7223,1,0,1
736540,586,0,1361,-7539,1,0,0
736541,687,0,1406,9968,1,0,1
736542,65535,255,3769,9743,0,0,0
736543,65535,255,5390,9401,0,0,0
736544,65535,255,4270,-7149,0,0,0
736545,65535,255,2210,-7377,0,0,0
736546,521,2,492,10027,1,0,0
736547,65535,255,3069,9846,0,0,0
736548,602,0,4926,9510,1,0,1
736549,687,0,4786,-6994,1,0,1
736550,588,0,2981,-7295,1,0,1
736551,761,0,441,-7984,1,0,1
736552,65535,255,2285,9912,0,0,0
736553,65535,255,4391,9644,0,0,0
736554,65535,255,5237,-6901,0,0,0
736555,657,0,3664,-7240,1,0,1
736556,637,0,1350,-7688,1,0,1
736557,769,0,1423,10132,1,0,1
736558,65535,255,3778,9735,0,0,0
736559,692,0,5399,9370,1,0,1
736560,607,0,4259,-7111,1,0,1
736561,554,0,2199,-7540,1,0,0
736562,65535,255,512,9763,0,0,0
736563,65535,255,3082,9814,0,0,0
736564,653,0,4935,9497,1,0,1
736565,568,0,4777,-6990,1,0,1
736566,933,0,2967,-7287,1,0,1
736567,608,0,425,-8078,1,0,1
736568,65535,255,2301,9938,0,0,0
736569,65535,255,4402,9654,0,0,0
736570,545,0,5228,-6891,1,0,1
736571,738,0,3652,-7267,1,0,1
736572,65535,255,1333,-7717,0,0,0
736573,65535,255,1440,10176,0,0,0
736574,727,0,3793,9748,1,0,1
736575,578,0,5409,9387,1,0,1
736576,450,2,4248,-7139,1,0,0
736577,623,0,2178,-7380,1,0,1
736578,656,0,533,10156,1,0,1
736579,593,0,3101,9881,1,0,1
736580,65535,255,4946,9539,0,0,0
736581,65535,255,4767,-7039,0,0,0
736582,65535,255,2952,-7394,0,0,0
736583,751,0,400,-7685,1,0,1
736584,616,0,2327,9880,1,0,1
736585,65535,255,4418,9640,0,0,0
736586,525,0,5219,-6884,1,0,1
736587,555,0,3632,-7213,1,0,1
736588,65535,255,1311,-7545,0,0,0
736589,65535,255,1457,10035,0,0,0
736590,646,0,3805,9715,3,0,1
736591,65535,255,5415,9367,0,0,0
736592,65535,255,4244,-7113,0,0,0
736593,637,0,2184,-7572,1,0,1
736594,65535,255,527,9968,0,0,0
736595,746,0,3096,9862,1,0,1
736596,65535,255,4940,9535,0,0,0
736597,65535,255,4776,-7031,0,0,0
736598,571,0,2966,-7392,1,0,1
736599,65535,255,423,-7765,0,0,0
736600,65535,255,2300,9911,0,0,0
736601,665,0,4398,9656,1,0,1
736602,580,0,5235,-6894,1,0,1
736603,65535,255,3675,-7306,0,0,0
736604,888,2,1361,-7591,1,0,1
736605,65535,255,1412,9872,0,0,0
736606,572,0,3769,9710,1,0,1
736607,685,0,5392,9394,1,0,1
736608,665,0,4278,-7144,1,0,1
736609,65535,255,2226,-7379,0,0,0
736610,65535,255,476,10646,0,0,0
736611,65535,255,3059,9866,0,0,0
736612,65535,255,4919,9482,0,0,0
736613,65535,255,4802,-7022,0,0,0
736614,65535,255,3009,-7440,0,0,0
736615,599,0,470,-7405,1,0,1
736616,0,0,0,0,0,0,0
736617,65535,255,4374,9608,0,0,0
736618,65535,255,5258,-6892,0,0,0
736619,676,0,3695,-7214,1,0,1
736620,0,0,0,0,0,0,0
736621,65535,255,1378,10041,0,0,0
736622,65535,255,3745,9770,0,0,0
736623,65535,255,5376,9431,0,0,0
736624,65535,255,4298,-7159,0,0,0
736625,65535,255,2252,-7562,0,0,0
736626,65535,255,447,10532,0,0,0
736627,65535,255,3035,9859,0,0,0
736628,0,0,0,0,0,0,0
736629,447,0,4817,-7035,1,0,1
736630,65535,255,3028,-7312,0,0,0
736631,65535,255,499,-7749,0,0,0
736632,65535,255,2232,10003,0,0,0
736633,751,0,4356,9651,1,0,1
736634,661,0,5272,-6932,1,0,1
736635,65535,255,3712,-7291,0,0,0
736636,65535,255,1417,-7608,0,0,0
736637,828,0,1356,9945,1,0,0
736638,65535,255,3729,9757,0,0,0
736639,65535,255,5365,9435,0,0,0
736640,65535,255,4309,-7163,0,0,0
736641,845,0,2269,-7433,1,0,1
736642,744,0,431,9548,1,0,1
736643,678,0,3017,9904,1,0,1
736644,848,0,4889,9516,1,0,1
736645,697,0,4826,-6982,1,0,1
736646,801,0,3042,-7392,1,0,1
736647,65535,255,517,-7297,0,0,0
736648,65535,255,2216,9933,0,0,0
736649,65535,255,4346,9626,0,0,0
736650,65535,255,5277,-6915,0,0,0
736651,65535,255,3720,-7272,0,0,0
736652,601,0,1429,-7605,1,0,0
736653,65535,255,1344,9946,0,0,0
736654,65535,255,3717,9759,0,0,0
736655,65535,255,5355,9437,0,0,0
736656,65535,255,4313,-7081,0,0,0
736657,0,0,0,0,0,0,0
736658,65535,255,412,10003,0,0,0
736659,0,0,0,0,0,0,0
736660,65535,255,4881,9562,0,0,0
736661,602,0,4830,-7031,1,0,1
736662,65535,255,3047,-7329,0,0,0
736663,65535,255,529,-7992,0,0,0
736664,770,0,2206,9875,1,0,1
736665,653,0,4335,9608,1,0,1
736666,788,0,5280,-6908,1,0,1
736667,65535,255,3728,-7270,0,0,0
736668,65535,255,1440,-7602,0,0,0
736669,65535,255,1333,9996,0,0,0
736670,665,0,3709,9785,1,0,1
736671,773,0,5353,9385,1,0,1
736672,611,0,4317,-7113,1,0,1
736673,716,0,2289,-7498,1,0,1
736674,733,0,406,10489,1,0,1
736675,798,0,2998,9887,1,0,1
736676,668,0,4878,9519,1,0,0
736677,65535,255,4833,-6996,0,0,0
736678,65535,255,3049,-7360,0,0,0
736679,557,0,528,-7680,1,0,1
736680,65535,255,2201,10053,0,0,0
736681,585,0,4336,9588,1,0,1
736682,796,0,5280,-6898,1,0,1
736683,65535,255,3728,-7262,0,0,0
736684,65535,255,1440,-7602,0,0,0
736685,65535,255,1333,9896,0,0,0
736686,533,0,3710,9761,1,0,1
736687,829,0,5352,9389,1,0,1
736688,65535,255,4317,-7106,0,0,0
736689,65535,255,2289,-7498,0,0,0
736690,694,0,406,10573,1,0,1
736691,613,0,2998,9908,1,0,1
736692,671,0,4878,9536,1,0,1
736693,613,0,4833,-7018,1,0,1
736694,65535,255,3047,-7328,0,0,0
736695,556,0,529,-8053,1,0,1
736696,593,0,2206,9920,1,0,1
736697,65535,255,4335,9636,0,0,0
736698,559,0,5277,-6866,1,0,1
736699,709,0,3724,-7206,1,0,1
736700,662,0,1435,-7486,1,0,1
736701,714,0,1339,9896,1,0,1
736702,777,0,3713,9769,1,0,1
736703,984,0,5355,9385,1,0,1
736704,696,0,4317,-7126,1,0,1
736705,65535,255,2284,-7555,0,0,0
736706,65535,255,419,9691,0,0,0
736707,65535,255,3008,9802,0,0,0
736708,65535,255,4887,9480,0,0,0
736709,811,0,4829,-7052,1,0,1
736710,677,0,3047,-7400,1,0,1
736711,967,0,522,-7550,3,0,1
736712,65535,255,2211,10051,0,0,0
736713,65535,255,4346,9594,0,0,0
736714,65535,255,5277,-6914,0,0,0
736715,880,0,3724,-7295,1,0,1
736716,743,0,1426,-7538,1,0,1
736717,601,0,1344,10221,1,0,1
736718,65535,255,3725,9752,0,0,0
736719,674,0,5363,9379,1,0,1
736720,65535,255,4310,-7121,0,0,0
736721,65535,255,2273,-7543,0,0,0
736722,65535,255,430,9703,0,0,0
736723,65535,255,3022,9811,0,0,0
736724,65535,255,4892,9490,0,0,0
736725,331,2,4823,-6981,1,0,0
736726,573,0,3035,-7369,1,0,1
736727,65535,255,510,-7872,0,0,0
736728,65535,255,2226,9890,0,0,0
736729,65535,255,4353,9633,0,0,0
736730,65535,255,5271,-6872,0,0,0
736731,65535,255,3711,-7233,0,0,0
736732,65535,255,1412,-7606,0,0,0
736733,593,0,1361,10069,1,0,1
736734,65535,255,3737,9710,0,0,0
736735,65535,255,5371,9436,0,0,0
736736,65535,255,4302,-7096,0,0,0
736737,65535,255,2257,-7502,0,0,0
736738,65535,255,449,9573,0,0,0
736739,65535,255,3035,9799,0,0,0
736740,65535,255,4904,9488,0,0,0
736741,582,0,4814,-6984,1,0,1
736742,797,0,3018,-7280,1,0,1
736743,517,0,488,-8018,1,0,1
736744,559,0,2247,9931,1,0,1
736745,307,0,4367,9657,1,0,0
736746,65535,255,5261,-6889,0,0,0
736747,65535,255,3699,-7267,0,0,0
736748,750,0,1395,-7704,1,0,1
736749,65535,255,1378,10189,0,0,0
736750,65535,255,3753,9756,0,0,0
736751,795,0,5381,9390,1,0,1
736752,664,0,4287,-7145,1,0,1
736753,65535,255,2236,-7403,0,0,0
736754,65535,255,469,10231,0,0,0
736755,814,0,3054,9890,1,0,1
736756,628,0,4916,9546,1,0,1
736757,65535,255,4802,-7048,0,0,0
736758,65535,255,3004,-7407,0,0,0
736759,65535,255,464,-7823,0,0,0
736760,65535,255,2269,9900,0,0,0
736761,65535,255,4381,9647,0,0,0
736762,962,0,5250,-6886,1,0,1
736763,988,0,3679,-7270,1,0,1
736764,760,0,1367,-7733,1,0,1
736765,705,0,1408,10085,1,0,1
736766,65535,255,3769,9777,0,0,0
736767,756,0,5393,9406,1,0,1
736768,597,0,4270,-7175,1,0,1
736769,756,0,2210,-7464,1,0,0
736770,670,0,494,10631,1,0,1
736771,619,0,3078,9805,1,0,1
736772,65535,255,4932,9499,0,0,0
736773,65535,255,4786,-6999,0,0,0
736774,540,0,2975,-7337,1,0,1
736775,65535,255,430,-7299,0,0,0
736776,65535,255,2295,10038,0,0,0
736777,566,2,4398,9618,1,0,1
736778,65535,255,5233,-6945,0,0,0
736779,65535,255,3656,-7249,0,0,0
736780,65535,255,1339,-7690,0,0,0
736781,65535,255,1440,10200,0,0,0
736782,618,0,3793,9773,1,0,1
736783,607,0,5407,9393,1,0,1
736784,698,0,4252,-7185,1,0,1
736785,943,0,2189,-7570,1,0,1
736786,65535,255,521,10413,0,0,0
736787,65535,255,3092,9823,0,0,0
736788,490,0,4938,9546,1,0,0
736789,585,0,4774,-6990,1,0,1
736790,65535,255,2966,-7370,0,0,0
736791,65535,255,424,-7998,0,0,0
736792,578,0,2301,10023,1,0,1
736793,670,0,4402,9643,1,0,1
736794,538,0,5231,-6915,1,0,1
736795,767,0,3656,-7241,1,0,1
736796,542,0,1333,-7415,1,0,1
736797,788,0,1435,10061,1,0,1
736798,591,0,3785,9774,1,0,1
736799,743,0,5402,9433,1,0,1
736800,65535,255,4255,-7144,0,0,0
736801,608,0,2194,-7510,1,0,1
736802,886,0,510,10159,1,0,1
736803,526,0,3083,9805,1,0,1
736804,576,0,4932,9537,1,0,1
736805,785,0,4780,-6996,1,0,1
736806,623,0,2971,-7369,1,0,1
736807,761,0,430,-8070,1,0,1
736808,693,0,2292,9956,1,0,1
736809,65535,255,4395,9664,0,0,0
736810,65535,255,5233,-6934,0,0,0
736811,65535,255,3660,-7280,0,0,0
736812,65535,255,1344,-7564,0,0,0
736813,65535,255,1429,9911,0,0,0
736814,561,0,3782,9719,1,0,1
736815,65535,255,5399,9405,0,0,0
736816,65535,255,4259,-7116,0,0,0
736817,582,0,2199,-7451,1,0,1
736818,65535,255,510,10028,0,0,0
736819,65535,255,3083,9785,0,0,0
736820,585,0,4931,9532,1,0,1
736821,65535,255,4780,-6988,0,0,0
736822,590,0,2976,-7390,1,0,1
736823,65535,255,432,-7068,0,0,0
736824,65535,255,2296,9883,0,0,0
736825,65535,255,4399,9593,0,0,0
736826,65535,255,5809,9298,0,0,0
736827,722,0,3659,-7208,1,0,1
736828,502,0,1344,-7702,1,0,1
736829,538,0,1429,10086,1,0,1
736830,599,0,3783,9745,1,0,1
736831,614,0,5401,9381,1,0,1
736832,650,0,6488,9057,1,0,1
736833,65535,255,2199,-7406,0,0,0
736834,65535,255,511,9837,0,0,0
736835,65535,255,3083,9775,0,0,0
736836,580,0,4934,9532,1,0,1
736837,767,0,6170,9163,1,0,1
736838,65535,255,-32768,-32768,0,65535,1
736839,519,0,424,-7295,1,0,1
736840,65535,255,2300,9940,0,0,0
736841,65535,255,4402,9625,0,0,0
736842,669,0,5813,9285,1,0,1
736843,65535,255,6775,8939,0,0,0
736844,65535,255,-32768,-32768,0,65535,0
736845,597,0,1435,9921,1,0,1
736846,937,0,3789,9743,1,0,1
736847,560,0,5403,9433,1,0,1
736848,653,0,6492,9053,1,0,1
736849,0,0,0,0,0,0,0
736850,65535,255,-32768,-32768,0,65535,0
736851,65535,255,3092,9765,0,0,0
736852,65535,255,4940,9531,0,0,0
736853,867,0,6175,9166,1,0,1
736854,0,0,0,0,0,0,0
736855,0,0,0,0,0,0,0
736856,65535,255,-32768,-32768,0,65535,0
736857,580,0,4408,9649,1,0,1
736858,529,0,5816,9305,1,0,1
736859,65535,255,6779,8957,0,0,1
736860,0,0,0,0,0,0,0
736861,65535,255,-32768,-32768,0,65535,1
736862,65535,255,3797,9686,0,0,0
736863,65535,255,5411,9398,0,0,0
736864,633,0,6496,9075,1,0,1
736865,0,0,0,0,0,0,0
736866,65535,255,-32768,-32768,0,65535,1
736867,65535,255,3101,9873,0,0,0
736868,65535,255,4949,9507,0,0,0
736869,634,0,6180,9153,1,0,1
736870,65535,255,-32768,-32768,0,65535,1
736871,65535,255,-32768,-32768,0,65535,0
736872,65535,255,-32768,-32768,0,65535,1
736873,65535,255,4418,9648,0,0,0
736874,237,0,5824,9303,1,0,0
736875,65535,255,6782,8959,0,0,0
736876,65535,255,-32768,-32768,0,65535,1
736877,65535,255,-32768,-32768,0,65535,1
736878,543,0,3809,9708,1,0,1
736879,660,0,5417,9415,1,0,1
736880,569,0,6499,9088,1,0,1
736881,65535,255,-32768,-32768,0,65535,1
736882,65535,255,-32768,-32768,0,65535,0
736883,602,0,3114,9782,1,0,1
736884,649,0,4955,9544,1,0,1
736885,65535,255,6184,9179,0,0,0
736886,65535,255,-32768,-32768,0,65535,1
736887,65535,255,-32768,-32768,0,65535,1
736888,491,0,2338,9880,3,0,1
736889,488,0,4428,9607,1,0,1
736890,65535,255,5829,9280,0,0,0
736891,65535,255,6788,8943,0,0,1
736892,65535,255,-32768,-32768,0,65535,1
736893,65535,255,1474,10034,0,0,0
736894,499,0,3821,9682,1,0,0
736895,393,0,5425,9404,1,0,1
736896,65535,255,6506,9068,0,0,0
736897,505,0,2157,-7575,1,0,1
736898,507,0,556,10098,1,0,1
736899,624,0,3118,9880,1,0,1
736900,864,0,4958,9543,3,0,1
736901,724,0,6185,9201,3,0,1
736902,675,0,2943,-7426,1,0,1
736903,65535,255,389,-8109,0,0,0
736904,623,0,2327,9964,1,0,1
736905,601,0,4422,9583,1,0,1
736906,584,0,5825,9290,1,0,1
736907,65535,255,3636,-7203,0,0,0
736908,551,2,1310,-7567,1,0,1
736909,539,0,1457,10105,1,0,1
736910,606,0,3802,9748,1,0,1
736911,65535,255,5412,9393,0,0,0
736912,527,0,4244,-7159,1,0,1
736913,65535,255,2174,-7456,0,0,0
736914,606,0,530,10465,1,0,0
736915,65535,255,3101,9813,0,0,0
736916,65535,255,4944,9513,0,0,0
736917,478,0,4770,-7019,1,0,1
736918,65535,255,2957,-7381,0,0,0
736919,597,0,412,-7686,1,0,1
736920,599,0,2306,9911,1,0,1
736921,65535,255,4402,9663,0,0,0
736922,606,0,5228,-6905,1,0,1
736923,65535,255,3652,-7203,0,0,0
736924,498,0,1332,-7540,1,0,1
736925,595,0,1435,10085,1,0,1
736926,65535,255,3786,9743,0,0,0
736927,498,0,5402,9395,1,0,1
736928,587,0,4256,-7163,1,0,1
736929,518,0,2194,-7480,1,0,1
736930,626,0,511,9770,1,0,1
736931,534,0,3083,9845,1,0,1
736932,65535,255,4932,9532,0,0,0
736933,506,2,4784,-7045,1,0,1
736934,596,0,2976,-7431,3,0,1
736935,529,2,435,-7377,1,0,1
736936,426,0,2291,9856,1,0,0
736937,65535,255,4392,9646,0,0,0
736938,65535,255,5239,-6896,0,0,0
736939,896,0,3668,-7302,1,0,1
736940,65535,255,1355,-7512,0,0,0
736941,524,0,1418,10088,1,0,1
736942,65535,255,3773,9746,0,0,0
736943,65535,255,5394,9402,0,0,0
736944,590,0,4270,-7180,1,0,1
736945,764,0,2215,-7520,1,0,1
736946,65535,255,493,10029,0,0,0
736947,65535,255,3064,9900,0,0,0
736948,65535,255,4923,9480,0,0,0
736949,491,0,4790,-6997,1,0,0
736950,65535,255,2990,-7355,0,0,0
736951,630,0,452,-7683,1,0,1
736952,575,0,2274,9930,1,0,1
736953,579,0,4385,9584,1,0,1
736954,490,0,5245,-6930,1,0,1
736955,65535,255,3676,-7244,0,0,1
736956,65535,255,1366,-7719,0,0,0
736957,479,0,1407,9971,1,0,1
736958,688,0,3765,9716,1,0,1
736959,516,0,5388,9390,1,0,1
736960,712,0,4277,-7165,1,0,1
736961,65535,255,2225,-7518,0,0,0
736962,65535,255,481,10027,0,0,0
736963,533,2,3059,9912,1,0,1
736964,65535,255,4919,9492,0,0,0
736965,65535,255,4796,-7013,0,0,0
736966,648,0,2999,-7395,1,0,1
736967,65535,255,483,-8163,0,0,0
736968,65535,255,2248,9885,0,0,0
736969,65535,255,4368,9588,0,0,0
736970,65535,255,5261,-6881,0,0,0
736971,65535,255,3700,-7205,0,0,0
736972,777,0,1401,-7729,1,0,1
736973,598,0,1372,10065,1,0,1
736974,65535,255,3741,9787,0,0,0
736975,686,0,5374,9379,1,0,1
736976,713,0,4299,-7085,1,0,1
736977,543,0,2257,-7418,1,0,1
736978,586,0,441,9861,1,0,1
736979,633,0,3031,9777,1,0,1
736980,65535,255,4898,9536,0,0,0
736981,806,0,4820,-6996,1,0,1
736982,621,0,3032,-7415,1,0,1
736983,875,0,505,-7419,1,0,1
736984,698,0,2227,9959,1,0,1
736985,618,0,4353,9637,1,0,1
736986,489,0,5272,-6927,1,0,1
736987,690,0,3716,-7282,1,0,1
736988,588,2,1417,-7631,1,0,1
736989,65535,255,1355,9994,0,0,0
736990,65535,255,3729,9773,0,0,0
736991,671,0,5366,9377,1,0,1
736992,633,0,4309,-7090,1,0,1
736993,570,0,2272,-7430,1,0,1
736994,678,0,423,10007,1,0,1
736995,717,0,3017,9810,1,0,1
736996,599,0,4889,9544,1,0,1
736997,65535,255,4829,-7032,0,0,0
736998,557,0,3042,-7331,1,0,1
736999,65535,255,517,-8001,0,0,0
737000,586,0,2216,9874,1,0,0
737001,65535,255,4346,9606,0,0,0
737002,595,0,5277,-6906,1,0,1
737003,65535,255,3723,-7264,0,0,0
737004,65535,255,1429,-7604,0,0,0
737005,65535,255,1344,9969,0,0,0
737006,65535,255,3721,9775,0,0,0
737007,65535,255,5360,9384,0,0,0
737008,65535,255,4317,-7108,0,0,0
737009,404,0,2278,-7487,1,0,1
737010,65535,255,417,10399,0,0,0
737011,65535,255,3007,9874,0,0,0
737012,798,0,4886,9512,1,0,1
737013,65535,255,4832,-6992,0,0,0
737014,1031,0,3051,-7421,1,0,1
737015,553,0,522,-7680,1,0,1
737016,659,0,2211,10036,1,0,1
737017,895,0,4341,9608,1,0,1
737018,65535,255,5280,-6894,0,0,0
737019,623,0,3724,-7255,1,0,1
737020,974,0,1434,-7581,1,0,1
737021,65535,255,1338,9996,0,0,0
737022,65535,255,3717,9792,0,0,0
737023,595,0,5358,9398,1,0,1
737024,65535,255,4317,-7134,0,0,0
737025,681,0,2284,-7556,1,0,1
737026,577,0,419,9690,1,0,1
737027,65535,255,3008,9791,0,0,0
737028,65535,255,4881,9563,0,0,0
737029,890,0,4832,-7041,1,0,1
737030,917,0,3047,-7370,1,0,1
737031,65535,255,523,-7361,0,0,0
737032,955,0,2211,9992,1,0,0
737033,720,0,4339,9674,1,0,0
737034,680,0,5277,-6894,1,0,1
737035,718,0,3724,-7255,3,0,1
737036,667,0,1429,-7627,3,0,1
737037,65535,255,1338,10046,0,0,0
737038,984,0,3721,9688,3,0,1
737039,724,0,5358,9418,3,0,1
737040,0,0,0,0,0,0,0
737041,907,0,2278,-7429,3,0,0
737042,818,0,417,10241,3,0,0
737043,65535,255,3012,9874,0,0,0
737044,978,2,4887,9523,3,0,1
737045,65535,255,4827,-7009,0,0,0
737046,935,0,3042,-7318,3,0,1
737047,952,0,518,-8126,3,0,1
737048,723,0,2216,9948,3,0,0
737049,818,0,4343,9654,3,0,1
737050,579,0,5272,-6885,3,0,1
737051,65535,255,3716,-7248,0,0,0
737052,834,2,1423,-7605,3,0,1
737053,733,0,1350,10070,3,0,1
737054,692,0,3725,9703,3,0,1
737055,65535,255,5361,9427,0,0,0
737056,0,0,0,0,0,0,0
737057,65535,255,2268,-7487,0,0,0
737058,695,0,430,10624,3,0,1
737059,0,0,0,0,0,0,0
737060,676,0,4890,9554,3,0,1
737061,65535,255,4821,-7054,0,0,0
737062,776,0,3032,-7403,3,0,1
737063,65535,255,504,-7678,0,0,0
737064,65535,255,2233,9860,0,0,0
737065,65535,255,4353,9619,0,0,0
737066,65535,255,5267,-6940,0,0,0
737067,65535,255,3704,-7218,0,0,0
737068,65535,255,1406,-7559,0,0,0
737069,65535,255,1366,10019,0,0,0
737070,65535,255,3738,9694,0,0,0
737071,65535,255,5369,9426,0,0,0
737072,65535,255,4295,-7090,0,0,0
737073,630,0,2252,-7503,1,0,1
737074,709,0,452,9909,1,0,1
737075,65535,255,3036,9799,0,0,0
737076,65535,255,4902,9488,0,0,0
737077,65535,255,4811,-6984,0,0,0
737078,739,0,3014,-7290,1,0,1
737079,1046,0,488,-8019,1,0,1
737080,744,0,2247,9945,1,0,1
737081,577,0,4364,9664,3,0,1
737082,639,0,5258,-6899,1,0,1
737083,725,2,3695,-7283,1,0,1
737084,708,0,1388,-7660,1,0,1
737085,797,0,1384,10048,1,0,1
737086,0,0,0,0,0,0,0
737087,65535,255,5382,9403,0,0,0
737088,553,0,4284,-7166,1,0,1
737089,525,0,2231,-7448,1,0,1
737090,701,0,471,9668,1,0,1
737091,65535,255,3055,9818,0,0,0
737092,0,0,0,0,0,0,0
737093,65535,255,4799,-7003,0,0,0
737094,760,0,2999,-7334,1,0,1
737095,615,0,459,-7249,1,0,0
737096,65535,255,2269,10014,0,0,0
737097,65535,255,4384,9602,0,0,0
737098,65535,255,5247,-6932,0,0,0
737099,790,0,3675,-7214,1,0,1
737100,65535,255,1366,-7587,0,0,0
737101,65535,255,1412,10087,0,0,0
737102,721,0,3773,9728,1,0,1
737103,806,0,5395,9376,1,0,1
737104,739,0,4269,-7135,1,0,1
737105,65535,255,2210,-7552,0,0,0
737106,65535,255,498,10026,0,0,0
737107,65535,255,3078,9866,0,0,0
737108,65535,255,4931,9537,0,0,0
737109,65535,255,4786,-7040,0,0,0
737110,65535,255,2976,-7412,0,0,0
737111,65535,255,429,-7838,0,0,0
737112,65535,255,2295,9926,0,0,0
737113,65535,255,4401,9662,0,0,0
737114,65535,255,5236,-6905,0,0,0
737115,65535,255,3660,-7306,0,0,0
737116,65535,255,1332,-7491,0,0,0
737117,65535,255,1440,10014,0,0,0
737118,65535,255,3797,9709,0,0,0
737119,806,0,5411,9368,1,0,1
737120,65535,255,4251,-7098,0,0,0
737121,850,0,2183,-7365,1,0,1
737122,65535,255,522,10477,0,0,0
737123,65535,255,3096,9823,0,0,0
737124,65535,255,4943,9535,0,0,0
737125,65535,255,4779,-7059,0,0,0
737126,65535,255,2966,-7328,0,0,1
737127,583,0,423,-7604,1,0,1
737128,727,0,2301,9939,1,0,1
737129,65535,255,4405,9598,0,0,0
737130,65535,255,5235,-6940,0,0,0
737131,65535,255,3660,-7290,0,0,0
737132,608,0,1338,-7541,1,0,1
737133,635,0,1429,10155,1,0,1
737134,65535,255,3785,9763,0,0,0
737135,624,2,5402,9399,1,0,1
737136,65535,255,4262,-7143,0,0,0
737137,65535,255,2199,-7480,0,0,0
737138,65535,255,510,9966,0,0,0
737139,65535,255,3080,9838,0,0,0
737140,65535,255,4935,9504,0,0,0
737141,65535,255,4786,-7034,0,0,0
737142,781,0,2977,-7317,1,0,1
737143,700,0,435,-7379,1,0,1
737144,65535,255,2290,9898,0,0,0
737145,674,0,4395,9587,1,0,1
737146,644,0,5241,-6942,1,0,1
737147,776,0,3668,-7288,1,0,1
737148,65535,255,1355,-7563,0,0,0
737149,65535,255,1418,10205,0,0,0
737150,65535,255,3777,9689,0,0,0
737151,65535,255,5396,9382,0,0,0
737152,620,0,4266,-7176,1,0,1
737153,65535,255,2210,-7566,0,0,0
737154,65535,255,493,10363,0,0,0
737155,65535,255,3074,9825,0,0,0
737156,813,0,4925,9544,1,0,1
737157,65535,255,4789,-6992,0,0,0
737158,65535,255,2985,-7377,0,0,0
737159,65535,255,447,-8051,0,0,0
737160,65535,255,2280,10055,0,0,0
737161,65535,255,4385,9659,0,0,0
737162,65535,255,5242,-6927,0,0,0
737163,65535,255,3671,-7262,0,0,0
737164,65535,255,1361,-7488,0,0,0
737165,65535,255,1412,10159,0,0,0
737166,665,2,3770,9682,1,0,1
737167,728,0,5394,9382,1,0,1
737168,537,0,4270,-7181,1,0,0
737169,800,0,2210,-7361,1,0,1
737170,688,0,488,10637,1,0,1
737171,867,0,3064,9868,1,0,1
737172,685,0,4922,9490,1,0,1
737173,530,0,4790,-7032,1,0,1
737174,639,0,2985,-7293,1,0,1
737175,771,0,447,-7535,1,0,1
737176,65535,255,2274,9971,0,0,0
737177,65535,255,4385,9628,0,0,0
737178,65535,255,5242,-6906,0,0,0
737179,501,0,3672,-7238,3,0,1
737180,819,0,1361,-7440,1,0,1
737181,705,0,1407,10135,1,0,1
737182,65535,255,3770,9682,0,0,0
737183,65535,255,5391,9383,0,0,0
737184,65535,255,4270,-7134,0,0,0
737185,65535,255,2215,-7390,0,0,0
737186,65535,255,494,9757,0,0,0
737187,65535,255,3064,9909,0,0,0
737188,65535,255,4923,9512,0,0,0
737189,65535,255,6161,9204,0,0,0
737190,65535,255,2985,-7356,0,0,0
737191,812,2,447,-8053,1,0,1
737192,606,0,2280,9857,1,0,1
737193,65535,255,4389,9582,0,0,0
737194,65535,255,5801,9318,0,0,0
737195,65535,255,6768,8961,0,0,0
737196,653,2,1361,-7734,1,0,0
737197,65535,255,1412,10065,0,0,0
737198,65535,255,3773,9792,0,0,0
737199,65535,255,5393,9378,0,0,0
737200,65535,255,6482,9059,0,0,0
737201,65535,255,-32768,-32768,0,65535,1
737202,65535,255,499,9895,0,0,0
737203,65535,255,3074,9785,0,0,0
737204,65535,255,4926,9539,0,0,0
737205,808,0,6165,9165,1,0,1
737206,65535,255,7025,8851,0,0,1
737207,65535,255,-32768,-32768,0,65535,1
737208,65535,255,2285,9970,0,0,0
737209,65535,255,4392,9639,0,0,0
737210,65535,255,5806,9295,0,0,0
737211,65535,255,6771,8947,0,0,0
737212,65535,255,-32768,-32768,0,65535,1
737213,533,0,1423,9993,1,0,1
737214,65535,255,3781,9768,0,0,0
737215,65535,255,5401,9372,0,0,0
737216,65535,255,6487,9057,0,0,0
737217,0,0,0,0,0,0,0
737218,65535,255,-32768,-32768,0,65535,0
737219,65535,255,3083,9806,0,0,0
737220,532,0,4934,9515,1,0,1
737221,582,0,6170,9183,1,0,1
737222,65535,255,-32768,-32768,0,65535,1
737223,65535,255,-32768,-32768,0,65535,1
737224,65535,255,-32768,-32768,0,0,0
737225,65535,255,4402,9587,0,0,0
737226,699,0,5813,9264,1,0,1
737227,65535,255,6775,8975,0,0,1
737228,65535,255,-32768,-32768,0,65535,0
737229,65535,255,-32768,-32768,0,0,0
737230,598,0,3789,9735,1,0,1
737231,65535,255,5406,9428,0,0,0
737232,65535,255,6493,9046,0,0,0
737233,0,0,0,0,0,0,0
737234,65535,255,-32768,-32768,0,65535,0
737235,65535,255,3096,9794,0,0,0
737236,65535,255,4943,9521,0,0,0
737237,65535,255,6176,9185,0,0,0
737238,65535,255,-32768,-32768,0,65535,1
737239,65535,255,-32768,-32768,0,65535,0
737240,65535,255,-32768,-32768,0,65535,0
737241,623,0,4415,9604,1,0,1
737242,721,0,5822,9279,1,0,1
737243,65535,255,6781,8941,0,0,0
737244,65535,255,-32768,-32768,0,65535,0
737245,65535,255,-32768,-32768,0,65535,0
737246,65535,255,3801,9766,0,0,0
737247,705,0,5417,9392,1,0,1
737248,491,0,6498,9075,1,0,1
737249,65535,255,-32768,-32768,0,65535,1
737250,65535,255,-32768,-32768,0,65535,1
737251,65535,255,3109,9901,0,0,0
737252,503,0,4955,9528,1,0,1
737253,65535,255,6184,9167,0,0,0
737254,65535,255,-32768,-32768,0,65535,1
737255,65535,255,388,-7771,0,0,0
737256,612,2,2332,9872,1,0,1
737257,65535,255,4425,9596,0,0,0
737258,65535,255,5830,9272,0,0,0
737259,65535,255,6786,8947,0,0,1
737260,65535,255,1304,-7670,0,0,0
737261,570,2,1469,10006,1,0,0
737262,65535,255,3814,9676,0,0,0
737263,65535,255,5420,9429,0,0,0
737264,459,0,6500,9071,1,0,1
737265,65535,255,2168,-7400,0,0,0
737266,65535,255,546,10325,0,0,0
737267,763,0,3110,9782,1,0,1
737268,65535,255,4952,9501,0,0,0
737269,492,0,6181,9176,1,0,1
737270,65535,255,2952,-7371,0,0,0
737271,661,0,400,-7764,1,0,1
737272,544,0,2322,9937,1,0,1
737273,65535,255,4415,9584,0,0,0
737274,65535,255,5820,9296,0,0,0
737275,65535,255,3643,-7234,0,0,0
737276,65535,255,1322,-7692,0,0,0
737277,539,0,1452,9898,1,0,1
737278,495,0,3802,9685,1,0,1
737279,65535,255,5410,9392,0,0,0
737280,65535,255,4248,-7131,0,0,0
737281,593,0,2183,-7422,1,0,1
737282,709,0,528,10533,1,0,1
737283,614,0,3097,9823,1,0,0
737284,474,0,4943,9530,1,0,1
737285,65535,255,4773,-7042,0,0,0
737286,450,2,2962,-7444,1,0,1
737287,65535,255,414,-7039,0,0,0
737288,747,0,2306,10038,1,0,1
737289,65535,255,4405,9637,0,0,0
737290,530,0,5230,-6894,1,0,1
737291,506,0,3652,-7313,1,0,1
737292,526,2,1332,-7563,1,0,1
737293,500,0,1435,10155,1,0,0
737294,689,0,3786,9774,1,0,1
737295,522,0,5404,9423,1,0,1
737296,722,0,4255,-7109,1,0,1
737297,65535,255,2189,-7392,0,0,0
737298,474,0,516,10478,1,0,1
737299,870,0,3088,9815,1,0,1
737300,672,0,4935,9526,1,0,1
737301,767,0,4780,-7045,1,0,1
737302,441,0,2966,-7294,1,0,1
737303,65535,255,425,-7211,0,0,0
737304,562,0,2296,9855,1,0,0
737305,65535,255,4398,9657,0,0,0
737306,415,0,5234,-6913,1,0,1
737307,504,0,3656,-7223,1,0,1
737308,564,0,1344,-7686,1,0,1
737309,560,0,1430,9921,1,0,1
737310,484,0,3782,9704,1,0,1
737311,642,0,5399,9381,1,0,1
737312,65535,255,4259,-7162,0,0,0
737313,65535,255,2199,-7508,0,0,0
737314,497,0,510,10093,1,0,1
737315,585,0,3081,9850,1,0,1
737316,65535,255,4932,9500,0,0,0
737317,466,0,4780,-7027,1,0,1
737318,605,0,2976,-7420,1,0,0
737319,65535,255,432,-7064,0,0,0
737320,65535,255,2291,9918,0,0,0
737321,65535,255,4395,9652,0,0,0
737322,658,0,5236,-6912,1,0,1
737323,494,0,3660,-7231,1,0,1
737324,645,0,1350,-7734,1,0,1
737325,65535,255,1424,9990,0,0,0
737326,472,0,3782,9736,1,0,1
737327,489,0,5399,9406,1,0,1
737328,65535,255,4259,-7094,0,0,0
737329,65535,255,2199,-7375,0,0,0
737330,537,0,505,10551,1,0,1
737331,678,0,3060,9854,1,0,1
737332,477,0,4920,9497,1,0,1
737333,784,0,4799,-7046,1,0,1
737334,65535,255,2999,-7358,0,0,0
737335,484,0,465,-8180,1,0,1
737336,564,0,2264,9897,1,0,1
737337,548,0,4378,9612,1,0,1
737338,640,0,5253,-6908,1,0,1
737339,65535,255,3688,-7263,0,0,0
737340,513,0,1377,-7589,1,0,1
737341,65535,255,1395,9966,0,0,0
737342,653,0,3754,9768,1,0,1
737343,507,2,5383,9376,1,0,0
737344,65535,255,4284,-7088,0,0,0
737345,65535,255,2236,-7449,0,0,0
737346,525,0,464,10158,1,0,1
737347,526,2,3050,9835,1,0,1
737348,65535,255,4911,9489,0,0,0
737349,65535,255,4808,-7048,0,0,0
737350,65535,255,3009,-7367,0,0,0
737351,65535,255,477,-7197,0,0,0
737352,497,0,2253,9942,1,0,1
737353,775,0,4368,9634,1,0,1
737354,602,0,5261,-6935,1,0,1
737355,65535,255,3695,-7228,0,0,0
737356,603,0,1393,-7639,1,0,1
737357,65535,255,1378,10161,0,0,0
737358,570,0,3749,9714,1,0,1
737359,65535,255,5376,9422,0,0,0
737360,65535,255,4295,-7166,0,0,0
737361,65535,255,2246,-7390,0,0,0
737362,65535,255,458,9871,0,0,0
737363,65535,255,3041,9776,0,0,0
737364,0,0,0,0,0,0,0
737365,65535,255,4814,-6986,0,0,0
737366,65535,255,3023,-7386,0,0,0
737367,65535,255,489,-7139,0,0,0
737368,65535,255,2243,9885,0,0,0
737369,65535,255,4361,9596,0,0,0
737370,65535,255,5265,-6889,0,0,0
737371,65535,255,3707,-7219,0,0,0
737372,65535,255,1406,-7418,0,0,0
737373,65535,255,1361,10141,0,0,0
737374,65535,255,3738,9685,0,0,0
737375,65535,255,5371,9395,0,0,0
737376,65535,255,4302,-7104,0,0,0
737377,0,0,0,0,0,0,0
737378,591,0,434,10087,1,0,1
737379,65535,255,3026,9809,0,0,0
737380,65535,255,4895,9554,0,0,0
737381,65535,255,4823,-7016,0,0,0
737382,65535,255,3032,-7290,0,0,0
737383,695,0,510,-7682,1,0,1
737384,65535,255,2221,10005,0,0,0
737385,492,0,4349,9659,1,0,1
737386,364,0,5273,-6918,1,0,1
737387,65535,255,3715,-7185,0,0,0
737388,65535,255,1423,-7700,0,0,1
737389,534,0,1350,10069,1,0,1
737390,65535,255,3725,9798,0,0,0
737391,742,0,5363,9388,1,0,1
737392,660,0,4313,-7108,1,0,1
737393,65535,255,2272,-7472,0,0,0
737394,65535,255,423,10242,0,0,0
737395,65535,255,3012,9842,0,0,0
737396,647,0,4889,9484,1,0,1
737397,527,0,4829,-7042,1,0,1
737398,395,0,3042,-7351,1,0,1
737399,671,0,523,-8058,1,0,1
737400,65535,255,2217,9890,0,0,0
737401,65535,255,4342,9607,0,0,0
737402,568,0,5277,-6910,1,0,1
737403,649,0,3723,-7263,1,0,1
737404,567,0,1428,-7581,1,0,1
737405,786,0,1339,9946,1,0,1
737406,667,0,3717,9768,1,0,1
737407,65535,255,5358,9391,0,0,0
737408,65535,255,4313,-7094,0,0,0
737409,534,0,2278,-7457,1,0,1
737410,65535,255,411,10164,0,0,0
737411,65535,255,3007,9843,0,0,0
737412,65535,255,4884,9496,0,0,0
737413,65535,255,4832,-7058,0,0,0
737414,65535,255,3047,-7380,0,0,0
737415,65535,255,523,-7360,0,0,0
737416,0,0,0,0,0,0,0
737417,481,0,4339,9648,1,0,1
737418,65535,255,5277,-6874,0,0,0
737419,472,0,3724,-7199,1,0,1
737420,430,0,1429,-7417,1,0,1
737421,633,0,1333,10171,1,0,1
737422,460,0,3718,9720,1,0,1
737423,65535,255,5355,9424,0,0,0
737424,65535,255,4317,-7166,0,0,0
737425,440,0,2278,-7400,1,0,1
737426,685,0,412,9924,1,0,1
737427,458,0,3008,9822,1,0,1
737428,536,0,4884,9485,1,0,1
737429,520,0,4829,-7052,1,0,1
737430,543,0,3047,-7380,1,0,1
737431,540,0,522,-7361,1,0,1
737432,454,0,2211,9978,1,0,1
737433,65535,255,4339,9655,0,0,0
737434,704,0,5277,-6875,1,0,1
737435,660,0,3724,-7223,1,0,1
737436,801,0,1429,-7487,1,0,1
737437,659,0,1339,9897,1,0,1
737438,65535,255,3718,9760,0,0,0
737439,565,0,5359,9379,1,0,1
737440,628,0,4314,-7107,3,0,1
737441,599,0,2278,-7499,1,0,1
737442,607,0,418,10560,1,0,1
737443,532,0,3007,9906,1,0,1
737444,65535,255,4884,9535,0,0,0
737445,65535,255,4827,-7014,0,0,0
737446,641,0,3042,-7318,1,0,1
737447,667,0,518,-7168,1,0,1
737448,65535,255,2216,9949,0,0,0
737449,65535,255,4342,9648,0,0,0
737450,637,0,5272,-6875,1,0,1
737451,681,0,3716,-7224,1,0,1
737452,65535,255,1423,-7510,0,0,0
737453,730,0,1345,9921,3,0,1
737454,662,0,3721,9776,3,0,1
737455,65535,255,5361,9389,0,0,0
737456,65535,255,4309,-7127,0,0,0
737457,65535,255,2273,-7557,0,0,0
737458,65535,255,429,9856,0,0,0
737459,65535,255,3017,9822,0,0,0
737460,65535,255,4893,9490,0,0,0
737461,615,0,4821,-6976,1,0,1
737462,757,0,3037,-7412,1,0,1
737463,592,0,504,-7677,3,0,0
737464,575,0,2227,10028,3,0,1
737465,65535,255,4353,9600,0,0,0
737466,0,0,0,0,0,0,0
737467,619,2,3712,-7304,3,0,1
737468,748,0,1412,-7406,3,0,1
737469,696,0,1356,10216,1,0,1
737470,660,0,3733,9750,3,0,1
737471,787,0,5369,9378,1,0,1
737472,674,0,4302,-7116,1,0,1
737473,701,0,2263,-7544,1,0,1
737474,639,0,442,9711,1,0,1
737475,655,0,3031,9800,1,0,1
737476,547,0,4902,9488,1,0,1
737477,651,0,4816,-7039,1,0,1
737478,640,0,3023,-7414,1,0,1
737479,586,0,493,-7747,1,0,1
737480,687,0,2243,9859,1,0,0
737481,571,0,4364,9618,1,0,1
737482,812,0,5263,-6932,1,0,1
737483,571,0,3699,-7210,1,0,1
737484,586,0,1395,-7512,1,0,1
737485,572,0,1378,9971,1,0,1
737486,677,0,3746,9751,1,0,1
737487,807,0,5376,9410,1,0,1
737488,65535,255,4291,-7165,0,0,0
737489,65535,255,2241,-7432,0,0,0
737490,886,0,458,10306,1,0,1
737491,65535,255,3045,9902,0,0,0
737492,65535,255,4910,9542,0,0,0
737493,634,0,4805,-7035,1,0,1
737494,691,2,3009,-7375,1,0,1
737495,751,0,470,-7469,1,0,1
737496,648,0,2259,10044,1,0,1
737497,65535,255,4378,9603,0,0,0
737498,607,0,5255,-6929,1,0,1
737499,608,0,3683,-7205,1,0,1
737500,65535,255,1378,-7512,0,0,0
737501,65535,255,1401,9969,0,0,0
737502,623,0,3766,9682,1,0,1
737503,684,0,5390,9417,1,0,1
737504,633,0,4277,-7181,1,0,1
737505,583,0,2220,-7477,3,0,1
737506,602,0,488,10568,1,0,1
737507,564,0,3069,9785,1,0,1
737508,670,0,4925,9484,1,0,1
737509,566,0,4792,-7059,1,0,1
737510,684,0,2989,-7410,1,0,1
737511,701,0,447,-7980,1,0,1
737512,883,0,2285,9926,1,0,1
737513,737,0,4391,9658,3,0,1
737514,551,0,5241,-6898,1,0,1
737515,552,0,3667,-7288,1,0,1
737516,668,0,1350,-7603,1,0,1
737517,580,0,1430,9898,1,0,1
737518,65535,255,3781,9783,0,0,0
737519,65535,255,5403,9409,0,0,0
737520,423,0,4258,-7171,1,0,1
737521,65535,255,2194,-7466,0,0,0
737522,65535,255,516,10544,0,0,0
737523,511,2,3092,9794,1,0,1
737524,593,0,4940,9491,1,0,1
737525,566,2,4776,-6990,1,0,1
737526,65535,255,2966,-7413,0,0,0
737527,65535,255,418,-8079,0,0,0
737528,65535,255,2301,9995,0,0,0
737529,65535,255,4405,9611,0,0,0
737530,65535,255,5233,-6946,0,0,0
737531,65535,255,3655,-7266,0,0,0
737532,576,0,1339,-7416,1,0,1
737533,535,0,1435,9991,1,0,1
737534,576,0,3785,9719,1,0,1
737535,607,0,5401,9385,1,0,1
737536,65535,255,4262,-7156,0,0,0
737537,65535,255,2199,-7480,0,0,0
737538,0,0,0,0,0,0,0
737539,259,0,3079,9876,1,0,0
737540,65535,255,4929,9526,0,0,0
737541,65535,255,4786,-7000,0,0,0
737542,65535,255,2980,-7336,0,0,1
737543,670,0,441,-7531,1,0,1
737544,559,0,2285,9913,1,0,1
737545,652,0,4390,9617,1,0,1
737546,65535,255,5242,-6922,0,0,0
737547,695,0,3671,-7238,1,0,1
737548,65535,255,1361,-7733,0,0,0
737549,65535,255,1413,9945,0,0,0
737550,65535,255,3769,9714,0,0,0
737551,65535,255,5391,9383,0,0,0
737552,739,0,4273,-7160,1,0,1
737553,0,0,0,0,0,0,0
737554,65535,255,487,10024,0,0,0
737555,65535,255,3060,9910,0,0,0
737556,787,0,4920,9491,1,0,1
737557,65535,255,6158,9178,0,0,0
737558,65535,255,2994,-7397,0,0,0
737559,628,0,459,-8040,1,0,1
737560,65535,255,2264,10015,0,0,0
737561,652,0,4378,9629,1,0,1
737562,65535,255,5796,9267,0,0,0
737563,0,0,0,0,0,0,0
737564,65535,255,1372,-7610,0,0,0
737565,340,0,1395,10234,1,0,0
737566,65535,255,3762,9684,0,0,0
737567,65535,255,5386,9375,0,0,0
737568,65535,255,6475,9093,0,0,0
737569,65535,255,-32768,-32768,0,65535,1
737570,65535,255,470,10022,0,0,0
737571,65535,255,3050,9902,0,0,0
737572,65535,255,4911,9503,0,0,0
737573,65535,255,6154,9187,0,0,0
737574,65535,255,7018,8854,0,0,1
737575,65535,255,-32768,-32768,0,65535,1
737576,924,0,2259,9858,1,0,1
737577,528,0,4372,9669,1,0,1
737578,668,0,5791,9295,3,0,1
737579,65535,255,6759,8984,0,0,1
737580,65535,255,-32768,-32768,0,65535,0
737581,65535,255,-32768,-32768,0,65535,1
737582,608,0,3749,9757,1,0,1
737583,65535,255,5380,9420,0,0,0
737584,632,0,6473,9073,1,0,1
737585,0,0,0,0,0,0,0
737586,65535,255,-32768,-32768,0,65535,0
737587,547,0,3041,9882,1,0,1
737588,65535,255,4908,9488,0,0,0
737589,604,0,6150,9181,1,0,1
737590,65535,255,7016,8852,0,0,0
737591,65535,255,-32768,-32768,0,65535,0
737592,65535,255,-32768,-32768,0,65535,1
737593,606,0,4364,9672,1,0,1
737594,452,0,5789,9305,1,0,1
737595,65535,255,6758,8943,0,0,1
737596,0,0,0,0,0,0,0
737597,65535,255,-32768,-32768,0,65535,0
737598,436,0,3745,9782,1,0,0
737599,648,0,5377,9407,1,0,1
737600,65535,255,6470,9096,0,0,0
737601,0,0,0,0,0,0,0
737602,65535,255,-32768,-32768,0,65535,0
737603,572,0,3040,9810,1,0,1
737604,554,0,4905,9538,1,0,1
737605,65535,255,6150,9189,0,0,0
737606,65535,255,7015,8835,0,0,1
737607,65535,255,-32768,-32768,0,65535,1
737608,65535,255,2248,10032,0,0,0
737609,485,0,4364,9652,1,0,1
737610,65535,255,5789,9292,0,0,0
737611,65535,255,6758,8982,0,0,1
737612,65535,255,-32768,-32768,0,65535,1
737613,648,0,1372,10118,1,0,0
737614,65535,255,3745,9790,0,0,0
737615,65535,255,5376,9390,0,0,0
737616,557,0,6471,9095,1,0,1
737617,65535,255,-32768,-32768,0,65535,1
737618,575,0,452,10456,1,0,1
737619,610,0,3040,9842,1,0,1
737620,408,0,4907,9472,1,0,0
737621,65535,255,6150,9173,0,0,0
737622,65535,255,7015,8850,0,0,1
737623,604,0,482,-7268,1,0,1
737624,500,0,2249,9901,3,0,1
737625,65535,255,4368,9591,0,0,0
737626,425,0,5787,9322,1,0,1
737627,65535,255,6758,8961,0,0,0
737628,615,0,1400,-7676,1,0,1
737629,65535,255,1379,9969,0,0,0
737630,623,0,3746,9748,1,0,1
737631,65535,255,5377,9425,0,0,0
737632,659,0,6471,9084,1,0,1
737633,490,0,2246,-7502,1,0,1
737634,65535,255,452,10228,0,0,0
737635,539,0,3041,9819,1,0,1
737636,471,0,4904,9548,1,0,1
737637,542,0,6152,9169,1,0,1
737638,533,2,3018,-7403,1,0,1
737639,481,0,482,-7259,1,0,0
737640,503,0,2249,9901,1,0,1
737641,466,2,4369,9597,1,0,1
737642,65535,255,5789,9325,0,0,0
737643,463,2,3695,-7209,1,0,1
737644,65535,255,1395,-7725,0,0,0
737645,65535,255,1378,10042,0,0,0
737646,538,0,3746,9780,1,0,1
737647,65535,255,5377,9417,0,0,0
737648,515,2,4291,-7170,1,0,1
737649,429,0,2243,-7446,1,0,0
737650,502,0,459,10666,1,0,1
737651,627,0,3041,9881,1,0,1
737652,515,0,4908,9498,1,0,1
737653,561,0,4808,-7044,1,0,1
737654,65535,255,3013,-7331,0,0,0
737655,621,0,475,-7813,1,0,1
737656,555,0,2254,10030,1,0,1
737657,65535,255,4368,9664,0,0,0
737658,496,0,5257,-6937,1,0,0
737659,65535,255,3695,-7298,0,0,0
737660,617,0,1388,-7630,1,0,1
737661,570,0,1384,9969,1,0,1
737662,65535,255,3750,9756,0,0,1
737663,468,0,5380,9433,1,0,1
737664,65535,255,4287,-7157,0,0,0
737665,65535,255,2235,-7561,0,0,0
737666,700,0,465,10581,1,0,0
737667,538,0,3051,9879,1,0,1
737668,65535,255,4911,9502,0,0,0
737669,473,0,4802,-7052,1,0,1
737670,65535,255,3003,-7352,0,0,1
737671,618,0,470,-8024,1,0,1
737672,592,0,2260,9857,1,0,1
737673,65535,255,4376,9584,0,0,0
737674,65535,255,5252,-6884,0,0,0
737675,496,0,3683,-7211,1,0,1
737676,65535,255,1378,-7388,0,0,0
737677,613,0,1395,10112,1,0,1
737678,65535,255,3759,9691,0,0,0
737679,65535,255,5386,9398,0,0,0
737680,544,0,4276,-7112,1,0,1
737681,521,0,2224,-7474,1,0,1
737682,659,0,476,10225,1,0,1
737683,65535,255,3060,9827,0,0,0
737684,535,0,4921,9479,1,0,1
737685,782,0,4795,-7030,1,0,1
737686,65535,255,2994,-7322,0,0,0
737687,65535,255,458,-7963,0,0,1
737688,65535,255,2276,9842,0,0,0
737689,65535,255,4383,9589,0,0,0
737690,65535,255,5244,-6890,0,0,0
737691,65535,255,3671,-7228,0,0,0
737692,455,0,1360,-7485,1,0,1
737693,883,0,1407,10205,1,0,1
737694,65535,255,3771,9729,0,0,0
737695,65535,255,5381,9424,0,0,0
737696,65535,255,4283,-7162,0,0,0
737697,421,0,2230,-7377,1,0,0
737698,65535,255,471,9871,0,0,0
737699,536,0,3051,9793,1,0,1
737700,65535,255,4909,9527,0,0,0
737701,599,0,4804,-7027,1,0,1
737702,841,0,3008,-7325,1,0,1
737703,522,0,475,-8099,1,0,1
737704,570,0,2254,9896,1,0,1
737705,65535,255,4369,9619,0,0,0
737706,557,0,5257,-6921,1,0,1
737707,65535,255,3695,-7294,0,0,0
737708,65535,255,1389,-7706,0,0,0
737709,604,0,1379,10086,1,0,1
737710,513,0,3751,9696,1,0,1
737711,65535,255,5378,9410,0,0,0
737712,65535,255,4291,-7154,0,0,0
737713,65535,255,2240,-7362,0,0,0
737714,633,0,460,9791,1,0,1
737715,501,0,3042,9805,1,0,1
737716,65535,255,4906,9478,0,0,0
737717,0,0,0,0,0,0,0
737718,65535,255,3018,-7366,0,0,0
737719,65535,255,482,-7273,0,0,0
737720,65535,255,2243,9972,0,0,0
737721,65535,255,4364,9661,0,0,0
737722,65535,255,5261,-6881,0,0,0
737723,65535,255,3699,-7236,0,0,0
737724,632,0,1394,-7539,1,0,1
737725,532,0,1379,9967,1,0,1
737726,65535,255,3745,9786,0,0,0
737727,65535,255,5377,9398,0,0,0
737728,65535,255,4295,-7139,0,0,0
737729,65535,255,2249,-7471,0,0,0
737730,65535,255,452,10015,0,0,0
737731,65535,255,3040,9838,0,0,0
737732,65535,255,4905,9502,0,0,0
737733,65535,255,4811,-6987,0,0,0
737734,65535,255,3018,-7368,0,0,0
737735,543,0,487,-7815,1,0,1
737736,65535,255,2248,9871,0,0,0
737737,65535,255,4364,9623,0,0,0
737738,65535,255,5263,-6934,0,0,0
737739,65535,255,3700,-7204,0,0,0
737740,480,0,1395,-7489,1,0,1
737741,65535,255,1379,9919,0,0,0
737742,632,0,3745,9779,1,0,1
737743,635,0,5377,9398,1,0,1
737744,65535,255,4295,-7145,0,0,0
737745,65535,255,2247,-7375,0,0,0
737746,65535,255,452,10015,0,0,0
737747,65535,255,3040,9859,0,0,0
737748,65535,255,4907,9518,0,0,0
737749,65535,255,4811,-7008,0,0,0
737750,65535,255,3013,-7324,0,0,0
737751,65535,255,483,-7238,0,0,0
737752,65535,255,2248,9972,0,0,0
737753,65535,255,4368,9668,0,0,0
737754,65535,255,5260,-6896,0,0,0
737755,65535,255,3695,-7277,0,0,0
737756,65535,255,1389,-7730,0,0,0
737757,65535,255,1384,10186,0,0,0
737758,476,0,3753,9754,1,0,1
737759,588,0,5382,9383,1,0,1
737760,65535,255,4287,-7132,0,0,0
737761,359,2,2236,-7376,1,0,0
737762,65535,255,463,10089,0,0,0
737763,65535,255,3050,9868,0,0,0
737764,508,0,4913,9529,1,0,1
737765,566,0,4805,-7027,1,0,1
737766,65535,255,3009,-7366,0,0,0
737767,65535,255,470,-7473,0,0,0
737768,65535,255,2259,10028,0,0,0
737769,647,0,4375,9615,1,0,1
737770,632,0,5255,-6936,1,0,1
737771,65535,255,3683,-7222,0,0,0
737772,65535,255,1378,-7587,0,0,0
737773,65535,255,1395,10065,0,0,0
737774,840,0,3762,9713,1,0,1
737775,65535,255,5386,9399,0,0,0
737776,65535,255,4280,-7114,0,0,0
737777,65535,255,2225,-7566,0,0,0
737778,65535,255,481,9954,0,0,0
737779,65535,255,3059,9857,0,0,0
737780,519,0,4920,9527,1,0,0
737781,65535,255,4796,-7028,0,0,0
737782,738,0,2994,-7378,1,0,1
737783,686,0,452,-7611,1,0,1
737784,770,0,2275,9870,1,0,1
737785,801,0,4385,9632,1,0,1
737786,851,2,5245,-6878,1,0,1
737787,587,0,3672,-7264,1,0,1
737788,650,2,1361,-7712,1,0,1
737789,65535,255,1412,10205,0,0,0
737790,65535,255,3773,9767,0,0,0
737791,983,0,5396,9399,1,0,1
737792,510,0,4266,-7170,1,0,1
737793,65535,255,2204,-7465,0,0,0
737794,539,0,499,10623,1,0,1
737795,485,0,3079,9803,1,0,1
737796,568,0,4932,9503,1,0,1
737797,65535,255,4783,-7007,0,0,0
737798,630,0,2976,-7339,1,0,1
737799,575,0,431,-8003,1,0,1
737800,65535,255,2296,9995,0,0,0
737801,600,0,4402,9592,1,0,1
737802,817,0,5233,-6926,1,0,1
737803,598,0,3655,-7219,1,0,1
737804,611,0,1338,-7593,1,0,0
737805,599,0,1434,10108,3,0,1
737806,649,0,3790,9741,1,0,1
737807,840,0,5407,9387,1,0,1
737808,65535,255,4251,-7154,0,0,0
737809,698,0,2183,-7441,1,0,1
737810,65535,255,523,10542,0,0,0
737811,65535,255,3097,9802,0,0,0
737812,65535,255,4944,9506,0,0,0
737813,565,0,4769,-7048,3,0,1
737814,65535,255,2957,-7353,0,0,0
737815,65535,255,411,-7775,0,0,0
737816,533,0,2312,9981,1,0,1
737817,514,0,4409,9616,1,0,1
737818,219,2,5228,-6886,1,0,0
737819,650,2,3652,-7316,1,0,1
737820,582,0,1332,-7619,1,0,1
737821,65535,255,1438,10014,0,0,0
737822,65535,255,3790,9695,0,0,0
737823,65535,255,5405,9384,0,0,0
737824,469,0,4255,-7173,1,0,1
737825,536,0,2194,-7557,1,0,1
737826,808,0,510,10295,1,0,1
737827,589,0,3084,9814,1,0,1
737828,575,0,4935,9536,1,0,1
737829,692,0,4783,-7065,1,0,0
737830,760,0,2975,-7340,1,0,1
737831,0,0,0,0,0,0,0
737832,769,0,2290,9984,1,0,1
737833,587,0,4395,9625,1,0,1
737834,576,0,5236,-6899,1,0,1
737835,834,0,3663,-7209,1,0,1
737836,552,0,1350,-7715,1,0,1
737837,755,0,1423,9970,1,0,1
737838,65535,255,3777,9737,0,0,0
737839,538,0,5396,9415,1,0,1
737840,599,0,4266,-7117,1,0,1
737841,620,0,2209,-7437,1,0,1
737842,544,0,500,9837,1,0,1
737843,711,0,3069,9899,1,0,1
737844,645,2,4926,9500,1,0,1
737845,554,0,4789,-7034,1,0,1
737846,65535,255,2985,-7295,0,0,0
737847,652,0,446,-7467,1,0,1
737848,751,0,2280,9928,3,0,1
737849,790,0,4388,9602,1,0,1
737850,65535,255,5244,-6882,0,0,0
737851,65535,255,3671,-7191,0,0,0
737852,692,2,1366,-7664,1,0,1
737853,65535,255,1407,9948,0,0,0
737854,700,0,3766,9738,1,0,1
737855,862,0,5390,9412,1,0,1
737856,65535,255,4273,-7122,0,0,0
737857,772,0,2220,-7451,1,0,1
737858,760,0,481,9961,1,0,1
737859,65535,255,3063,9805,0,0,0
737860,713,0,4919,9518,1,0,1
737861,555,0,4795,-7056,1,0,1
737862,614,0,2994,-7336,1,0,1
737863,65535,255,458,-7834,0,0,0
737864,851,0,2269,10002,1,0,1
737865,65535,255,4381,9641,0,0,0
737866,65535,255,5250,-6916,0,0,0
737867,679,0,3683,-7254,1,0,1
737868,616,0,1372,-7492,1,0,1
737869,700,0,1395,10164,1,0,1
737870,656,0,3762,9691,1,0,1
737871,655,0,5388,9388,1,0,1
737872,65535,255,4280,-7087,0,0,0
737873,65535,255,2225,-7392,0,0,0
737874,65535,255,477,9678,0,0,0
737875,624,0,3055,9901,1,0,1
737876,65535,255,4917,9508,0,0,0
737877,65535,255,4799,-7048,0,0,0
737878,65535,255,2999,-7334,0,0,0
737879,65535,255,464,-7899,0,0,0
737880,65535,255,2264,10030,0,0,0
737881,65535,255,4378,9661,0,0,0
737882,65535,255,5252,-6935,0,0,0
737883,435,0,3687,-7293,1,0,1
737884,655,0,1378,-7612,1,0,1
737885,932,0,1395,9923,1,0,1
737886,530,0,3761,9747,1,0,1
737887,780,0,5385,9423,1,0,1
737888,615,0,4280,-7146,1,0,1
737889,674,0,2230,-7536,1,0,1
737890,586,0,476,10442,1,0,1
737891,642,0,3055,9860,1,0,1
737892,490,0,4917,9491,1,0,1
737893,567,0,4799,-7037,1,0,1
737894,65535,255,2999,-7324,0,0,0
737895,65535,255,463,-7827,0,0,0
737896,65535,255,2264,10030,0,0,0
737897,485,0,4378,9668,1,0,1
737898,566,0,5252,-6923,1,0,1
737899,65535,255,3683,-7249,0,0,0
737900,65535,255,1378,-7707,0,0,0
737901,65535,255,1395,10043,0,0,0
737902,0,0,0,0,0,0,0
737903,65535,255,5388,9380,0,0,0
737904,551,0,4276,-7092,1,0,1
737905,807,0,2225,-7420,1,0,1
737906,692,0,481,9958,1,0,1
737907,564,0,3060,9798,1,0,0
737908,65535,255,4917,9547,0,0,0
737909,65535,255,4796,-7015,0,0,0
737910,65535,255,2994,-7292,0,0,0
737911,65535,255,458,-7684,0,0,0
737912,65535,255,2269,10015,0,0,0
737913,65535,255,4382,9667,0,0,0
737914,849,0,5247,-6870,1,0,1
737915,65535,255,3675,-7205,0,0,0
737916,575,0,1367,-7462,1,0,0
737917,65535,255,1406,10137,0,0,0
737918,65535,255,3770,9698,0,0,0
737919,65535,255,5391,9408,0,0,0
737920,65535,255,6481,9081,0,0,0
737921,65535,255,2215,-7523,0,0,0
737922,0,0,0,0,0,0,0
737923,65535,255,3064,9890,0,0,0
737924,65535,255,4923,9518,0,0,0
737925,576,0,6163,9159,1,0,1
737926,65535,255,7024,8845,0,0,1
737927,65535,255,446,-7462,0,0,0
737928,65535,255,2280,9985,0,0,0
737929,495,0,4388,9659,1,0,1
737930,65535,255,5804,9313,0,0,0
737931,65535,255,6768,8964,0,0,1
737932,65535,255,1355,-7417,0,0,0
737933,523,0,1418,10182,1,0,1
737934,65535,255,3778,9721,0,0,0
737935,612,0,5396,9421,1,0,1
737936,691,0,6485,9085,1,0,1
737937,65535,255,-32768,-32768,0,65535,1
737938,65535,255,505,9837,0,0,0
737939,559,0,3079,9795,1,0,1
737940,65535,255,4930,9504,0,0,0
737941,65535,255,6167,9188,0,0,0
737942,65535,255,-32768,-32768,0,256,1
737943,65535,255,-32768,-32768,0,65535,1
737944,770,0,2296,9912,1,0,1
737945,433,0,4399,9632,1,0,1
737946,65535,255,5811,9298,0,0,0
737947,65535,255,6773,8955,0,0,0
737948,65535,255,-32768,-32768,0,65535,1
737949,65535,255,-32768,-32768,0,65535,0
737950,488,0,3790,9711,1,0,0
737951,65535,255,5404,9424,0,0,0
737952,65535,255,6491,9063,0,0,0
737953,0,0,0,0,0,0,0
737954,65535,255,-32768,-32768,0,65535,0
737955,65535,255,3092,9824,0,0,0
737956,65535,255,4944,9491,0,0,0
737957,65535,255,6175,9204,0,0,0
737958,0,0,0,0,0,0,0
737959,65535,255,-32768,-32768,0,65535,0
737960,65535,255,-32768,-32768,0,65535,1
737961,510,0,4412,9604,1,0,1
737962,706,0,5820,9262,1,0,1
737963,65535,255,6780,8954,0,0,1
737964,65535,255,-32768,-32768,0,65535,1
737965,65535,255,-32768,-32768,0,65535,1
737966,646,0,3805,9681,1,0,1
737967,434,2,5415,9387,1,0,0
737968,362,0,6497,9044,1,0,0
737969,0,0,0,0,0,0,0
737970,65535,255,-32768,-32768,0,65535,1
737971,65535,255,3101,9883,0,0,0
737972,583,0,4947,9480,1,0,1
737973,530,0,6179,9164,1,0,1
737974,0,0,0,0,0,0,0
737975,65535,255,-32768,-32768,0,65535,1
737976,365,0,2317,9939,1,0,1
737977,453,0,4412,9592,1,0,1
737978,503,0,5818,9305,1,0,1
737979,65535,255,6778,8938,0,0,1
737980,65535,255,-32768,-32768,0,0,0
737981,690,0,1446,9992,1,0,1
737982,594,0,3793,9726,1,0,1
737983,65535,255,5409,9394,0,0,0
737984,497,0,6493,9053,1,0,1
737985,65535,255,-32768,-32768,0,65535,1
737986,65535,255,522,10161,0,0,0
737987,483,0,3092,9775,1,0,1
737988,633,0,4941,9503,1,0,1
737989,601,0,6173,9185,1,0,1
737990,65535,255,-32768,-32768,0,65535,1
737991,622,0,424,-8227,1,0,1
737992,568,2,2301,10037,1,0,1
737993,586,0,4402,9637,1,0,1
737994,570,2,5814,9271,1,0,1
737995,65535,255,6775,8964,0,0,1
737996,65535,255,1337,-7614,0,0,0
737997,542,0,1432,10101,1,0,1
737998,65535,255,3786,9687,0,0,0
737999,491,0,5404,9375,1,0,1
738000,598,0,6489,9091,1,0,1
738001,482,0,2198,-7494,1,0,1
738002,640,0,511,9963,1,0,1
738003,723,0,3084,9904,1,0,1
738004,430,0,4935,9498,1,0,1
738005,691,0,4782,-7018,1,0,0
738006,504,0,2975,-7411,1,0,1
738007,65535,255,435,-7997,0,0,0
738008,498,0,2291,10030,1,0,1
738009,433,0,4396,9651,1,0,1
738010,711,0,5237,-6908,1,0,1
738011,491,0,3662,-7224,1,0,1
738012,678,0,1349,-7711,1,0,1
738013,502,0,1424,9967,1,0,1
738014,468,0,3782,9727,1,0,1
738015,493,0,5399,9400,1,0,1
738016,65535,255,4265,-7119,0,0,0
738017,675,0,2205,-7438,1,0,1
738018,545,0,500,10487,1,0,1
738019,65535,255,3079,9825,0,0,0
738020,65535,255,4929,9544,0,0,0
738021,65535,255,4785,-7003,0,0,0
738022,622,0,2980,-7347,1,0,1
738023,65535,255,440,-7754,0,0,0
738024,65535,255,2286,9983,0,0,0
738025,520,0,4392,9620,1,0,1
738026,65535,255,5241,-6892,0,0,0
738027,65535,255,3667,-7198,0,0,0
738028,638,0,1354,-7637,1,0,1
738029,914,0,1419,9897,1,0,1
738030,598,0,3775,9713,1,0,1
738031,65535,255,5397,9396,0,0,0
738032,65535,255,4267,-7142,0,0,0
738033,65535,255,2209,-7361,0,0,0
738034,65535,255,494,10494,0,0,0
738035,455,0,3074,9845,1,0,1
738036,65535,255,4927,9554,0,0,0
738037,446,0,4785,-6998,1,0,1
738038,601,0,2984,-7387,1,0,1
738039,700,0,447,-8120,1,0,1
738040,525,0,2280,10055,1,0,1
738041,65535,255,4389,9658,0,0,0
738042,562,0,5241,-6922,1,0,1
738043,536,0,3667,-7254,1,0,1
738044,65535,255,1355,-7462,0,0,0
738045,65535,255,1413,10111,0,0,0
738046,443,0,3774,9791,1,0,1
738047,489,0,5394,9372,3,0,1
738048,583,0,4269,-7161,1,0,1
738049,614,0,2209,-7536,1,0,1
738050,804,2,494,10291,1,0,1
738051,491,0,3075,9826,1,0,1
738052,508,0,4927,9544,1,0,1
738053,65535,255,4785,-6992,0,0,0
738054,65535,255,2980,-7388,0,0,0
738055,65535,255,441,-8205,0,0,0
738056,65535,255,2287,9856,0,0,0
738057,65535,255,4390,9639,0,0,0
738058,65535,255,5240,-6942,0,0,0
738059,588,2,3683,-7305,1,0,1
738060,579,0,1377,-7759,1,0,1
738061,713,0,1396,10156,1,0,1
738062,541,0,3758,9727,1,0,1
738063,517,0,5384,9433,1,0,1
738064,696,0,4280,-7183,1,0,1
738065,65535,255,2230,-7451,0,0,0
738066,0,0,0,0,0,0,0
738067,65535,255,3056,9875,0,0,0
738068,572,0,4915,9520,1,0,1
738069,65535,255,4798,-7005,0,0,0
738070,460,0,2998,-7307,1,0,1
738071,0,0,0,0,0,0,0
738072,674,0,2260,9911,1,0,1
738073,65535,255,4373,9632,0,0,0
738074,439,0,5252,-6943,1,0,1
738075,65535,255,3683,-7215,0,0,0
738076,673,0,1377,-7491,1,0,1
738077,584,0,1391,9941,1,0,1
738078,65535,255,3755,9783,0,0,0
738079,65535,255,5384,9400,0,0,0
738080,65535,255,4283,-7142,0,0,0
738081,506,0,2230,-7377,1,0,1
738082,541,0,470,10018,1,0,1
738083,65535,255,3051,9846,0,0,0
738084,65535,255,4915,9510,0,0,0
738085,0,0,0,0,0,0,0
738086,65535,255,3003,-7305,0,0,0
738087,0,0,0,0,0,0,0
738088,481,2,2264,9927,1,0,0
738089,65535,255,4375,9652,0,0,0
738090,65535,255,5253,-6883,0,0,0
738091,65535,255,3683,-7248,0,0,0
738092,572,0,1377,-7637,1,0,1
738093,65535,255,1395,10087,0,0,0
738094,499,0,3762,9720,1,0,0
738095,539,0,5385,9408,1,0,1
738096,650,0,4280,-7102,1,0,0
738097,65535,255,2231,-7538,0,0,0
738098,65535,255,477,9746,0,0,0
738099,65535,255,3060,9815,0,0,0
738100,576,0,4917,9500,1,0,1
738101,646,0,4799,-6994,1,0,1
738102,737,0,2999,-7306,1,0,1
738103,65535,255,464,-8079,0,0,0
738104,669,0,2269,9969,1,0,1
738105,754,0,4382,9575,1,0,1
738106,768,0,5250,-6909,1,0,1
738107,65535,255,3683,-7305,0,0,0
738108,65535,255,1366,-7443,0,0,0
738109,670,0,1407,9944,1,0,1
738110,512,0,3770,9680,1,0,1
738111,65535,255,5390,9420,0,0,0
738112,638,0,4275,-7164,1,0,1
738113,65535,255,2219,-7510,0,0,0
738114,629,0,489,9687,1,0,1
738115,442,0,3069,9825,1,0,1
738116,539,0,4926,9509,1,0,1
738117,507,0,4792,-7012,1,0,1
738118,607,0,2989,-7349,1,0,1
738119,65535,255,447,-7391,0,0,0
738120,662,0,2283,9915,1,0,1
738121,501,0,4391,9625,1,0,1
738122,541,0,5242,-6912,3,0,1
738123,65535,255,3667,-7257,0,0,0
738124,65535,255,1355,-7714,0,0,0
738125,534,0,1418,10227,1,0,1
738126,65535,255,3777,9774,0,0,0
738127,65535,255,5398,9408,0,0,0
738128,65535,255,4266,-7185,0,0,0
738129,65535,255,2204,-7512,0,0,0
738130,65535,255,511,9837,0,0,0
738131,65535,255,3083,9843,0,0,0
738132,65535,255,4934,9530,0,0,0
738133,65535,255,4783,-7037,0,0,0
738134,65535,255,2975,-7413,0,0,0
738135,65535,255,424,-8003,0,0,0
738136,518,0,2301,9910,1,0,1
738137,65535,255,4402,9597,0,0,0
738138,670,0,5235,-6881,1,0,1
738139,627,0,3659,-7194,1,0,1
738140,636,2,1344,-7691,1,0,1
738141,65535,255,1429,9992,0,0,0
738142,65535,255,3786,9749,0,0,0
738143,559,0,5401,9428,1,0,1
738144,65535,255,4262,-7144,0,0,0
738145,65535,255,2204,-7511,0,0,0
738146,65535,255,504,10225,0,0,0
738147,65535,255,3078,9824,0,0,0
738148,65535,255,4929,9548,0,0,0
738149,65535,255,4786,-7008,0,0,0
738150,65535,255,2985,-7412,0,0,0
738151,65535,255,441,-7311,0,0,0
738152,920,0,2285,9912,1,0,1
738153,65535,255,4392,9606,0,0,0
738154,672,0,5241,-6894,1,0,1
738155,65535,255,3671,-7224,0,0,0
738156,751,0,1356,-7392,1,0,1
738157,65535,255,1412,10112,0,0,0
738158,65535,255,3773,9684,0,0,0
738159,65535,255,5393,9381,0,0,0
738160,65535,255,4271,-7152,0,0,0
738161,65535,255,2215,-7406,0,0,0
738162,65535,255,493,9829,0,0,0
738163,489,0,3066,9849,1,0,1
738164,630,2,4923,9522,1,0,1
738165,65535,255,4794,-7019,0,0,0
738166,65535,255,2990,-7378,0,0,0
738167,762,0,454,-7105,1,0,1
738168,893,0,2274,9885,3,0,1
738169,520,0,4385,9601,1,0,1
738170,628,0,5247,-6892,3,0,1
738171,65535,255,3675,-7223,0,0,0
738172,874,0,1368,-7416,1,0,1
738173,644,0,1400,10137,1,0,1
738174,666,0,3765,9691,1,0,1
738175,561,0,5389,9397,1,0,1
738176,746,0,4274,-7108,1,0,1
738177,65535,255,2221,-7463,0,0,0
738178,65535,255,480,10164,0,0,0
738179,65535,255,3058,9817,0,0,0
738180,516,0,4917,9520,1,0,1
738181,65535,255,4797,-7020,0,0,0
738182,695,0,2996,-7303,1,0,1
738183,65535,255,459,-7757,0,0,0
738184,65535,255,2268,10015,0,0,0
738185,65535,255,4377,9660,0,0,0
738186,623,0,5248,-6935,3,0,1
738187,65535,255,3678,-7223,0,0,0
738188,65535,255,1374,-7707,0,0,0
738189,592,0,1399,10065,1,0,1
738190,65535,255,3760,9764,0,0,0
738191,65535,255,5387,9388,0,0,0
738192,65535,255,4278,-7099,0,0,0
738193,65535,255,2226,-7462,0,0,0
738194,65535,255,474,10161,0,0,0
738195,434,2,3058,9828,1,0,1
738196,634,0,4916,9480,1,0,1
738197,65535,255,4797,-7031,0,0,0
738198,631,0,2995,-7324,1,0,1
738199,65535,255,460,-7971,0,0,0
738200,65535,255,2269,9857,0,0,0
738201,609,0,4378,9590,1,0,1
738202,569,2,5249,-6895,1,0,1
738203,649,0,3680,-7236,1,0,1
738204,726,0,1373,-7487,3,0,1
738205,552,0,1396,10099,1,0,1
738206,65535,255,3761,9731,0,0,0
738207,612,0,5384,9427,1,0,1
738208,65535,255,4278,-7166,0,0,0
738209,65535,255,2226,-7375,0,0,0
738210,669,0,482,9749,1,0,1
738211,755,0,3059,9776,1,0,1
738212,739,0,4915,9541,1,0,1
738213,740,0,4797,-7014,1,0,1
738214,635,0,2996,-7301,1,0,0
738215,65535,255,459,-7825,0,0,0
738216,729,0,2270,9976,1,0,1
738217,625,0,4381,9590,1,0,1
738218,65535,255,5249,-6895,0,0,0
738219,578,0,3677,-7244,1,0,0
738220,686,0,1367,-7537,1,0,1
738221,65535,255,1406,9922,0,0,0
738222,65535,255,3764,9762,0,0,0
738223,755,0,5389,9374,1,0,1
738224,65535,255,4274,-7099,0,0,0
738225,739,0,2221,-7462,1,0,1
738226,0,0,0,0,0,0,0
738227,723,0,3063,9858,1,0,1
738228,603,0,4922,9507,1,0,1
738229,692,0,4792,-7027,1,0,1
738230,692,0,2991,-7407,1,0,1
738231,843,0,448,-7459,1,0,1
738232,721,0,2279,10000,1,0,1
738233,65535,255,4387,9666,0,0,0
738234,65535,255,5242,-6886,0,0,0
738235,822,0,3672,-7229,1,0,1
738236,804,0,1356,-7512,1,0,1
738237,65535,255,1417,9921,0,0,0
738238,745,0,3773,9769,1,0,1
738239,714,0,5397,9382,1,0,1
738240,588,0,4266,-7114,1,0,1
738241,855,0,2210,-7507,1,0,1
738242,671,0,499,10558,3,0,1
738243,65535,255,3078,9918,0,0,0
738244,620,0,4930,9539,1,0,1
738245,648,0,4787,-7021,1,0,1
738246,733,0,2976,-7326,1,0,1
738247,654,0,437,-8214,1,0,1
738248,599,0,2295,9927,1,0,1
738249,721,0,4397,9639,1,0,1
738250,65535,255,5239,-6944,0,0,0
738251,539,2,3660,-7216,1,0,1
738252,752,0,1344,-7489,1,0,1
738253,908,0,1434,9923,1,0,1
738254,611,0,3789,9775,1,0,1
738255,767,2,5406,9389,1,0,0
738256,65535,255,4255,-7130,0,0,0
738257,65535,255,2194,-7568,0,0,0
738258,65535,255,522,9841,0,0,0
738259,885,0,3095,9805,1,0,1
738260,632,0,4943,9487,1,0,1
738261,65535,255,4776,-7063,0,0,0
738262,65535,255,2962,-7412,0,0,0
738263,619,2,412,-7684,1,0,1
738264,806,2,2316,9840,1,0,0
738265,65535,255,4411,9611,0,0,0
738266,65535,255,5227,-6925,0,0,0
738267,65535,255,3646,-7262,0,0,0
738268,506,0,1316,-7440,1,0,1
738269,813,0,1458,9899,1,0,1
738270,638,0,3806,9772,1,0,1
738271,523,0,5418,9396,1,0,1
738272,65535,255,4240,-7147,0,0,0
738273,65535,255,2167,-7381,0,0,0
738274,65535,255,545,10098,0,0,0
738275,65535,255,3114,9861,0,0,0
738276,65535,255,4956,9499,0,0,0
738277,65535,255,4763,-6999,0,0,0
738278,65535,255,2947,-7342,0,0,0
738279,524,0,394,-7438,1,0,0
738280,643,0,2322,9868,1,0,1
738281,65535,255,4416,9641,0,0,0
738282,682,2,5823,9264,1,0,1
738283,65535,255,3643,-7292,0,0,0
738284,65535,255,1321,-7467,0,0,0
738285,65535,255,1451,10015,0,0,0
738286,65535,255,3798,9718,0,0,0
738287,0,0,0,0,0,0,0
738288,654,0,6494,9086,1,0,1
738289,65535,255,2183,-7438,0,0,0
738290,860,0,523,10543,1,0,1
738291,668,0,3097,9814,1,0,1
738292,520,2,4940,9519,1,0,1
738293,631,0,6173,9189,1,0,1
738294,65535,255,-32768,-32768,0,65535,1
738295,707,0,424,-8000,1,0,1
738296,497,0,2301,9982,1,0,1
738297,65535,255,4402,9600,0,0,0
738298,65535,255,5810,9307,0,0,0
738299,65535,255,6773,8937,0,0,0
738300,65535,255,-32768,-32768,0,0,0
738301,65535,255,1429,9947,0,0,1
738302,597,0,3782,9705,1,0,1
738303,65535,255,5402,9376,0,0,0
738304,65535,255,6486,9087,0,0,0
738305,65535,255,-32768,-32768,0,65535,1
738306,65535,255,-32768,-32768,0,65535,0
738307,65535,255,3079,9846,0,0,0
738308,499,0,4929,9544,1,0,1
738309,65535,255,6165,9207,0,0,0
738310,65535,255,7025,8866,0,0,1
738311,65535,255,-32768,-32768,0,65535,0
738312,483,0,2286,9871,1,0,1
738313,455,0,4388,9653,1,0,0
738314,65535,255,5803,9283,0,0,0
738315,65535,255,6768,8967,0,0,0
738316,65535,255,-32768,-32768,0,65535,1
738317,65535,255,-32768,-32768,0,65535,1
738318,65535,255,3770,9690,0,0,0
738319,516,0,5391,9437,1,0,1
738320,497,0,6481,9074,1,0,1
738321,0,0,0,0,0,0,0
738322,65535,255,-32768,-32768,0,65535,0
738323,634,0,3060,9901,1,0,1
738324,65535,255,4920,9475,0,0,0
738325,491,0,6157,9182,1,0,1
738326,65535,255,7020,8865,0,0,1
738327,65535,255,-32768,-32768,0,65535,0
738328,65535,255,-32768,-32768,0,65535,1
738329,286,0,4375,9624,1,0,0
738330,468,0,5795,9319,1,0,1
738331,65535,255,6762,8941,0,0,1
738332,65535,255,-32768,-32768,0,0,1
738333,65535,255,-32768,-32768,0,65535,1
738334,65535,255,3754,9693,0,0,0
738335,65535,255,5380,9439,0,0,0
738336,65535,255,6473,9077,0,0,0
738337,0,0,0,0,0,0,0
738338,65535,255,-32768,-32768,0,65535,1
738339,65535,255,3046,9789,0,0,0
738340,65535,255,4908,9505,0,0,0
738341,65535,255,6151,9178,0,0,0
738342,65535,255,7014,8841,0,0,0
738343,65535,255,-32768,-32768,0,65535,1
738344,65535,255,2243,9933,0,0,0
738345,484,2,4363,9613,1,0,0
738346,595,0,5786,9293,1,0,1
738347,65535,255,6755,8973,0,0,1
738348,65535,255,-32768,-32768,0,65535,1
738349,762,2,1367,10218,1,0,1
738350,65535,255,3738,9799,0,0,0
738351,65535,255,5371,9428,0,0,0
738352,0,0,0,0,0,0,0
738353,65535,255,-32768,-32768,0,65535,1
738354,65535,255,442,10463,0,0,0
738355,474,0,3032,9799,1,0,1
738356,65535,255,4896,9512,0,0,1
738357,460,0,6144,9187,1,0,0
738358,65535,255,7010,8848,0,0,1
738359,585,0,504,-8004,1,0,1
738360,606,0,2227,9992,1,0,1
738361,65535,255,4354,9614,0,0,0
738362,65535,255,5780,9316,0,0,0
738363,65535,255,6752,8945,0,0,0
738364,65535,255,1417,-7461,0,0,0
738365,65535,255,1356,10045,0,0,0
738366,65535,255,3730,9743,0,0,0
738367,458,0,5364,9399,1,0,0
738368,65535,255,4308,-7128,0,0,0
738369,65535,255,2272,-7541,0,0,0
738370,65535,255,424,10163,0,0,0
738371,574,0,3015,9841,1,0,1
738372,0,0,0,0,0,0,0
738373,65535,255,4825,-7024,0,0,0
738374,542,0,3041,-7410,1,0,1
738375,494,2,516,-8060,1,0,1
738376,532,0,2217,10022,1,0,1
738377,497,0,4347,9629,1,0,1
738378,486,0,5276,-6892,1,0,1
738379,492,0,3719,-7189,1,0,1
738380,550,0,1428,-7578,1,0,1
738381,821,2,1339,10171,1,0,1
738382,570,0,3718,9793,1,0,1
738383,473,0,5358,9435,1,0,1
738384,643,0,4316,-7132,1,0,1
738385,603,0,2282,-7453,3,0,1
738386,511,0,420,9689,1,0,1
738387,65535,255,3008,9877,0,0,0
738388,65535,255,4884,9548,0,0,0
738389,525,0,4831,-7000,1,0,1
738390,65535,255,3051,-7377,0,0,0
738391,667,0,527,-7862,1,0,1
738392,65535,255,2207,9994,0,0,0
738393,734,0,4339,9616,1,0,1
738394,661,0,5281,-6886,1,0,1
738395,608,0,3727,-7188,1,0,1
738396,65535,255,1439,-7599,0,0,0
738397,580,0,1334,10223,1,0,1
738398,733,0,3715,9682,1,0,1
738399,65535,255,5354,9417,0,0,0
738400,65535,255,4319,-7157,0,0,0
738401,722,0,2288,-7510,1,0,1
738402,65535,255,406,10079,0,0,0
738403,65535,255,3004,9772,0,0,0
738404,65535,255,4882,9516,0,0,0
738405,65535,255,4834,-7043,0,0,0
738406,65535,255,3051,-7294,0,0,0
738407,65535,255,533,-7486,0,0,0
738408,65535,255,2207,9907,0,0,0
738409,65535,255,4336,9584,0,0,0
738410,65535,255,5281,-6871,0,0,0
738411,410,0,3731,-7291,1,0,0
738412,548,0,1439,-7553,1,0,1
738413,564,2,1328,10199,1,0,1
738414,65535,255,3711,9683,0,0,0
738415,65535,255,5353,9394,0,0,0
738416,734,0,4323,-7169,1,0,1
738417,681,0,2288,-7552,1,0,1
738418,65535,255,407,10402,0,0,0
738419,549,0,3004,9825,1,0,1
738420,677,0,4879,9544,1,0,0
738421,506,0,4831,-6994,1,0,1
738422,65535,255,3050,-7376,0,0,0
738423,636,0,534,-8045,1,0,1
738424,65535,255,2201,10054,0,0,0
738425,65535,255,4336,9658,0,0,0
738426,509,0,5281,-6929,1,0,1
738427,513,0,3727,-7267,1,0,1
738428,837,0,1439,-7507,1,0,0
738429,799,0,1328,10173,1,0,1
738430,65535,255,3715,9691,0,0,0
738431,65535,255,5354,9387,0,0,0
738432,496,0,4316,-7090,1,0,1
738433,65535,255,2283,-7382,0,0,0
738434,65535,255,415,9524,0,0,0
738435,65535,255,3004,9888,0,0,0
738436,545,0,4882,9500,1,0,1
738437,815,0,4831,-7038,1,0,0
738438,65535,255,3046,-7315,0,0,0
738439,65535,255,520,-7739,0,0,0
738440,501,0,2212,10009,1,0,1
738441,581,0,4340,9643,1,0,1
738442,584,0,5276,-6925,1,0,1
738443,674,2,3723,-7268,1,0,0
738444,609,0,1433,-7646,1,0,1
738445,714,0,1334,10049,1,0,1
738446,706,0,3714,9705,1,0,1
738447,499,0,5352,9408,1,0,0
738448,758,0,4319,-7136,1,0,1
738449,611,0,2291,-7520,1,0,1
738450,600,0,403,9673,1,0,0
738451,947,0,2995,9786,1,0,1
738452,706,0,4873,9558,1,0,1
738453,65535,255,4839,-7035,0,0,0
738454,65535,255,3061,-7364,0,0,0
738455,65535,255,546,-7314,0,0,0
738456,613,0,2185,9971,1,0,1
738457,479,0,4321,9662,1,0,1
738458,65535,255,5290,-6882,0,0,0
738459,65535,255,3747,-7238,0,0,0
738460,65535,255,1468,-7573,0,0,0
738461,65535,255,1299,10003,0,0,0
738462,65535,255,3686,9810,0,0,0
738463,65535,255,5337,9413,0,0,0
738464,444,2,4343,-7157,1,0,1
738465,698,0,2320,-7405,1,0,1
738466,784,0,365,10084,1,0,1
738467,646,0,2965,9865,1,0,1
738468,724,0,4854,9518,1,0,1
738469,65535,255,4856,-7003,0,0,0
738470,65535,255,3087,-7319,0,0,0
738471,65535,255,581,-8070,0,0,0
738472,65535,255,2158,9960,0,0,0
738473,536,0,4302,9666,1,0,1
738474,65535,255,5304,-6887,0,0,0
738475,65535,255,3768,-7259,0,0,0
738476,65535,255,1495,-7656,0,0,0
738477,65535,255,1271,10137,0,0,0
738478,65535,255,3670,9733,0,0,0
738479,65535,255,5317,9403,0,0,0
738480,65535,255,4363,-7080,0,0,0
738481,65535,255,2355,-7530,0,0,0
738482,65535,255,331,9870,0,0,0
738483,65535,255,2941,9885,0,0,0
738484,560,0,4839,9561,1,0,1
738485,65535,255,4871,-6989,0,0,0
738486,65535,255,3105,-7342,0,0,0
738487,543,0,597,-7565,1,0,1
738488,470,0,2148,9896,1,0,1
738489,835,0,4295,9662,1,0,0
738490,564,0,5312,-6921,1,0,1
738491,673,0,3771,-7224,1,0,1
738492,65535,255,1495,-7662,0,0,0
738493,719,0,1277,10010,1,0,1
738494,65535,255,3673,9741,0,0,0
738495,617,0,5328,9445,1,0,1
738496,859,0,4353,-7140,1,0,1
738497,645,0,2330,-7466,1,0,1
738498,0,0,0,0,0,0,0
738499,65535,255,2965,9871,0,0,0
738500,65535,255,4857,9557,0,0,0
738501,892,0,4855,-6993,1,0,1
738502,1051,0,3083,-7355,1,0,1
738503,853,0,568,-7736,3,0,1
738504,721,0,2174,9953,3,0,1
738505,65535,255,4317,9599,0,0,0
738506,620,0,5295,-6877,3,0,1
738507,553,0,3751,-7291,3,0,1
738508,715,0,1462,-7509,3,0,1
738509,549,0,1305,10126,3,0,1
738510,825,0,3697,9772,3,0,1
738511,65535,255,5344,9427,0,0,0
738512,65535,255,4331,-7131,0,0,0
738513,65535,255,2299,-7441,0,0,0
738514,65535,255,396,9667,0,0,0
738515,65535,255,2993,9877,0,0,0
738516,65535,255,4876,9512,0,0,0
738517,515,0,4838,-7013,1,0,1
738518,65535,255,3056,-7410,0,0,0
738519,506,2,533,-7889,1,0,1
738520,441,0,2206,10067,1,0,1
738521,65535,255,4338,9655,0,0,0
